# W => 2.0e6
# method => lookup
# mantle temperature => 1573.0
# melting plot interval => 6.3e13
# max step => -1
# nx => 101
# lithosphere thickness => 90000.11
# marky => 12
# plot interval field => 1.575e14
# plot interval marker => 1.575e15
# H => 2.85e6
# g => 10.0
# ny => 143
# Tcmb => 3098.5489127396577
# max time => 9.135e15
# output directory => /nfs/peloton/waltz/rudolphlab/mpi-io-DOES-NOT-WORK-ON-HIVE/qxl51/plume-melt/plume_150000.7_450.0_90000.11
# eclogite frac => 0.25
# markx => 6
1	0.000000e+00	0.000000e+00	0.000000e+00	0.000000e+00
2	1.000000e+10	0.000000e+00	0.000000e+00	0.000000e+00
3	2.200000e+10	0.000000e+00	0.000000e+00	0.000000e+00
4	3.640000e+10	0.000000e+00	0.000000e+00	0.000000e+00
5	5.368000e+10	0.000000e+00	0.000000e+00	0.000000e+00
6	7.441600e+10	0.000000e+00	0.000000e+00	0.000000e+00
7	9.929920e+10	0.000000e+00	0.000000e+00	0.000000e+00
8	1.291590e+11	0.000000e+00	0.000000e+00	0.000000e+00
9	1.649908e+11	0.000000e+00	0.000000e+00	0.000000e+00
10	2.079890e+11	0.000000e+00	0.000000e+00	0.000000e+00
11	2.595868e+11	0.000000e+00	0.000000e+00	0.000000e+00
12	3.215042e+11	0.000000e+00	0.000000e+00	0.000000e+00
13	3.958050e+11	0.000000e+00	0.000000e+00	0.000000e+00
14	4.849660e+11	0.000000e+00	0.000000e+00	0.000000e+00
15	5.919592e+11	0.000000e+00	0.000000e+00	0.000000e+00
16	7.203511e+11	0.000000e+00	0.000000e+00	0.000000e+00
17	8.744213e+11	0.000000e+00	0.000000e+00	0.000000e+00
18	1.059306e+12	0.000000e+00	0.000000e+00	0.000000e+00
19	1.281167e+12	0.000000e+00	0.000000e+00	0.000000e+00
20	1.547400e+12	0.000000e+00	0.000000e+00	0.000000e+00
21	1.866880e+12	0.000000e+00	0.000000e+00	0.000000e+00
22	2.250256e+12	0.000000e+00	0.000000e+00	0.000000e+00
23	2.710307e+12	0.000000e+00	0.000000e+00	0.000000e+00
24	3.262369e+12	0.000000e+00	0.000000e+00	0.000000e+00
25	3.924842e+12	0.000000e+00	0.000000e+00	0.000000e+00
26	4.719811e+12	0.000000e+00	0.000000e+00	0.000000e+00
27	5.673773e+12	0.000000e+00	0.000000e+00	0.000000e+00
28	6.818528e+12	0.000000e+00	0.000000e+00	0.000000e+00
29	8.192233e+12	0.000000e+00	0.000000e+00	0.000000e+00
30	9.840680e+12	0.000000e+00	0.000000e+00	0.000000e+00
31	1.181882e+13	0.000000e+00	0.000000e+00	0.000000e+00
32	1.419258e+13	0.000000e+00	0.000000e+00	0.000000e+00
33	1.704109e+13	0.000000e+00	0.000000e+00	0.000000e+00
34	2.045931e+13	0.000000e+00	0.000000e+00	0.000000e+00
35	2.456118e+13	0.000000e+00	0.000000e+00	0.000000e+00
36	2.948341e+13	0.000000e+00	0.000000e+00	0.000000e+00
37	3.539009e+13	0.000000e+00	0.000000e+00	0.000000e+00
38	4.247811e+13	0.000000e+00	0.000000e+00	0.000000e+00
39	5.098373e+13	0.000000e+00	0.000000e+00	0.000000e+00
40	6.119048e+13	0.000000e+00	0.000000e+00	0.000000e+00
41	7.343858e+13	0.000000e+00	0.000000e+00	0.000000e+00
42	8.813629e+13	0.000000e+00	0.000000e+00	0.000000e+00
43	1.057736e+14	0.000000e+00	0.000000e+00	0.000000e+00
44	1.269383e+14	0.000000e+00	0.000000e+00	0.000000e+00
45	1.523359e+14	0.000000e+00	0.000000e+00	0.000000e+00
46	1.828131e+14	0.000000e+00	0.000000e+00	0.000000e+00
47	2.193857e+14	0.000000e+00	0.000000e+00	0.000000e+00
48	2.587562e+14	0.000000e+00	0.000000e+00	0.000000e+00
49	2.982561e+14	0.000000e+00	0.000000e+00	0.000000e+00
50	3.377619e+14	0.000000e+00	0.000000e+00	0.000000e+00
51	3.772680e+14	0.000000e+00	0.000000e+00	0.000000e+00
52	4.167742e+14	0.000000e+00	0.000000e+00	0.000000e+00
53	4.562803e+14	0.000000e+00	0.000000e+00	0.000000e+00
54	4.957864e+14	0.000000e+00	0.000000e+00	0.000000e+00
55	5.352925e+14	0.000000e+00	0.000000e+00	0.000000e+00
56	5.747294e+14	0.000000e+00	0.000000e+00	0.000000e+00
57	6.119778e+14	0.000000e+00	0.000000e+00	0.000000e+00
58	6.424876e+14	0.000000e+00	0.000000e+00	0.000000e+00
59	6.705672e+14	0.000000e+00	0.000000e+00	0.000000e+00
60	6.953729e+14	0.000000e+00	0.000000e+00	0.000000e+00
61	7.180137e+14	0.000000e+00	0.000000e+00	0.000000e+00
62	7.389027e+14	0.000000e+00	0.000000e+00	0.000000e+00
63	7.589725e+14	0.000000e+00	0.000000e+00	0.000000e+00
64	7.784232e+14	0.000000e+00	0.000000e+00	0.000000e+00
65	7.966944e+14	0.000000e+00	0.000000e+00	0.000000e+00
66	8.153847e+14	0.000000e+00	0.000000e+00	0.000000e+00
67	8.336831e+14	0.000000e+00	0.000000e+00	0.000000e+00
68	8.515420e+14	0.000000e+00	0.000000e+00	0.000000e+00
69	8.696313e+14	0.000000e+00	0.000000e+00	0.000000e+00
70	8.875788e+14	0.000000e+00	0.000000e+00	0.000000e+00
71	9.047817e+14	0.000000e+00	0.000000e+00	0.000000e+00
72	9.231213e+14	0.000000e+00	0.000000e+00	0.000000e+00
73	9.406917e+14	0.000000e+00	0.000000e+00	0.000000e+00
74	9.580058e+14	0.000000e+00	0.000000e+00	0.000000e+00
75	9.756194e+14	0.000000e+00	0.000000e+00	0.000000e+00
76	9.929156e+14	0.000000e+00	0.000000e+00	0.000000e+00
77	1.010464e+15	0.000000e+00	0.000000e+00	0.000000e+00
78	1.027407e+15	0.000000e+00	0.000000e+00	0.000000e+00
79	1.045122e+15	0.000000e+00	0.000000e+00	0.000000e+00
80	1.062833e+15	0.000000e+00	0.000000e+00	0.000000e+00
81	1.079671e+15	0.000000e+00	0.000000e+00	0.000000e+00
82	1.097446e+15	0.000000e+00	0.000000e+00	0.000000e+00
83	1.114915e+15	0.000000e+00	0.000000e+00	0.000000e+00
84	1.131980e+15	0.000000e+00	0.000000e+00	0.000000e+00
85	1.149488e+15	0.000000e+00	0.000000e+00	0.000000e+00
86	1.166959e+15	0.000000e+00	0.000000e+00	0.000000e+00
87	1.184007e+15	0.000000e+00	0.000000e+00	0.000000e+00
88	1.201582e+15	0.000000e+00	0.000000e+00	0.000000e+00
89	1.218916e+15	0.000000e+00	0.000000e+00	0.000000e+00
90	1.236291e+15	0.000000e+00	0.000000e+00	0.000000e+00
91	1.253854e+15	0.000000e+00	0.000000e+00	0.000000e+00
92	1.270708e+15	0.000000e+00	0.000000e+00	0.000000e+00
93	1.288582e+15	0.000000e+00	0.000000e+00	0.000000e+00
94	1.306767e+15	0.000000e+00	0.000000e+00	0.000000e+00
95	1.324293e+15	0.000000e+00	0.000000e+00	0.000000e+00
96	1.342072e+15	0.000000e+00	0.000000e+00	0.000000e+00
97	1.360394e+15	0.000000e+00	0.000000e+00	0.000000e+00
98	1.378708e+15	0.000000e+00	0.000000e+00	0.000000e+00
99	1.396705e+15	0.000000e+00	0.000000e+00	0.000000e+00
100	1.414449e+15	0.000000e+00	0.000000e+00	0.000000e+00
101	1.432174e+15	0.000000e+00	0.000000e+00	0.000000e+00
102	1.449848e+15	0.000000e+00	0.000000e+00	0.000000e+00
103	1.467361e+15	0.000000e+00	0.000000e+00	0.000000e+00
104	1.484789e+15	0.000000e+00	0.000000e+00	0.000000e+00
105	1.502139e+15	0.000000e+00	0.000000e+00	0.000000e+00
106	1.519748e+15	0.000000e+00	0.000000e+00	0.000000e+00
107	1.537073e+15	0.000000e+00	0.000000e+00	0.000000e+00
108	1.554768e+15	0.000000e+00	0.000000e+00	0.000000e+00
109	1.572392e+15	0.000000e+00	0.000000e+00	0.000000e+00
110	1.589792e+15	0.000000e+00	0.000000e+00	0.000000e+00
111	1.607667e+15	0.000000e+00	0.000000e+00	0.000000e+00
112	1.625484e+15	0.000000e+00	0.000000e+00	0.000000e+00
113	1.643071e+15	0.000000e+00	0.000000e+00	0.000000e+00
114	1.660454e+15	0.000000e+00	0.000000e+00	0.000000e+00
115	1.677762e+15	0.000000e+00	0.000000e+00	0.000000e+00
116	1.694930e+15	0.000000e+00	0.000000e+00	0.000000e+00
117	1.711886e+15	0.000000e+00	0.000000e+00	0.000000e+00
118	1.728786e+15	0.000000e+00	0.000000e+00	0.000000e+00
119	1.745676e+15	0.000000e+00	0.000000e+00	0.000000e+00
120	1.762646e+15	0.000000e+00	0.000000e+00	0.000000e+00
121	1.779518e+15	0.000000e+00	0.000000e+00	0.000000e+00
122	1.796215e+15	0.000000e+00	0.000000e+00	0.000000e+00
123	1.812974e+15	0.000000e+00	0.000000e+00	0.000000e+00
124	1.829930e+15	0.000000e+00	0.000000e+00	0.000000e+00
125	1.846718e+15	0.000000e+00	0.000000e+00	0.000000e+00
126	1.863618e+15	0.000000e+00	0.000000e+00	0.000000e+00
127	1.880983e+15	0.000000e+00	0.000000e+00	0.000000e+00
128	1.897971e+15	0.000000e+00	0.000000e+00	0.000000e+00
129	1.915283e+15	0.000000e+00	0.000000e+00	0.000000e+00
130	1.932715e+15	0.000000e+00	0.000000e+00	0.000000e+00
131	1.950312e+15	0.000000e+00	0.000000e+00	0.000000e+00
132	1.968063e+15	0.000000e+00	0.000000e+00	0.000000e+00
133	1.985695e+15	0.000000e+00	0.000000e+00	0.000000e+00
134	2.003459e+15	0.000000e+00	0.000000e+00	0.000000e+00
135	2.021122e+15	0.000000e+00	0.000000e+00	0.000000e+00
136	2.039157e+15	0.000000e+00	0.000000e+00	0.000000e+00
137	2.057491e+15	0.000000e+00	0.000000e+00	0.000000e+00
138	2.075599e+15	0.000000e+00	0.000000e+00	0.000000e+00
139	2.093753e+15	0.000000e+00	0.000000e+00	0.000000e+00
140	2.111974e+15	0.000000e+00	0.000000e+00	0.000000e+00
141	2.130333e+15	0.000000e+00	0.000000e+00	0.000000e+00
142	2.148904e+15	0.000000e+00	0.000000e+00	0.000000e+00
143	2.167389e+15	0.000000e+00	0.000000e+00	0.000000e+00
144	2.186076e+15	0.000000e+00	0.000000e+00	0.000000e+00
145	2.204932e+15	0.000000e+00	0.000000e+00	0.000000e+00
146	2.223402e+15	0.000000e+00	0.000000e+00	0.000000e+00
147	2.242437e+15	0.000000e+00	0.000000e+00	0.000000e+00
148	2.261497e+15	0.000000e+00	0.000000e+00	0.000000e+00
149	2.280632e+15	0.000000e+00	0.000000e+00	0.000000e+00
150	2.299499e+15	0.000000e+00	0.000000e+00	0.000000e+00
151	2.318414e+15	0.000000e+00	0.000000e+00	0.000000e+00
152	2.337655e+15	0.000000e+00	0.000000e+00	0.000000e+00
153	2.356865e+15	0.000000e+00	0.000000e+00	0.000000e+00
154	2.376175e+15	0.000000e+00	0.000000e+00	0.000000e+00
155	2.395224e+15	0.000000e+00	0.000000e+00	0.000000e+00
156	2.414252e+15	0.000000e+00	0.000000e+00	0.000000e+00
157	2.433522e+15	0.000000e+00	0.000000e+00	0.000000e+00
158	2.453050e+15	0.000000e+00	0.000000e+00	0.000000e+00
159	2.472305e+15	0.000000e+00	0.000000e+00	0.000000e+00
160	2.491023e+15	0.000000e+00	0.000000e+00	0.000000e+00
161	2.509918e+15	0.000000e+00	0.000000e+00	0.000000e+00
162	2.528571e+15	0.000000e+00	0.000000e+00	0.000000e+00
163	2.546927e+15	0.000000e+00	0.000000e+00	0.000000e+00
164	2.565268e+15	0.000000e+00	0.000000e+00	0.000000e+00
165	2.583369e+15	0.000000e+00	0.000000e+00	0.000000e+00
166	2.601242e+15	0.000000e+00	0.000000e+00	0.000000e+00
167	2.619112e+15	0.000000e+00	0.000000e+00	0.000000e+00
168	2.636868e+15	0.000000e+00	0.000000e+00	0.000000e+00
169	2.654209e+15	0.000000e+00	0.000000e+00	0.000000e+00
170	2.671749e+15	0.000000e+00	0.000000e+00	0.000000e+00
171	2.688967e+15	0.000000e+00	0.000000e+00	0.000000e+00
172	2.706165e+15	0.000000e+00	0.000000e+00	0.000000e+00
173	2.723532e+15	0.000000e+00	0.000000e+00	0.000000e+00
174	2.740610e+15	0.000000e+00	0.000000e+00	0.000000e+00
175	2.757642e+15	0.000000e+00	0.000000e+00	0.000000e+00
176	2.775156e+15	0.000000e+00	0.000000e+00	0.000000e+00
177	2.792316e+15	0.000000e+00	0.000000e+00	0.000000e+00
178	2.809593e+15	0.000000e+00	0.000000e+00	0.000000e+00
179	2.826693e+15	0.000000e+00	0.000000e+00	0.000000e+00
180	2.843439e+15	0.000000e+00	0.000000e+00	0.000000e+00
181	2.860039e+15	0.000000e+00	0.000000e+00	0.000000e+00
182	2.876128e+15	0.000000e+00	0.000000e+00	0.000000e+00
183	2.892450e+15	0.000000e+00	0.000000e+00	0.000000e+00
184	2.908762e+15	0.000000e+00	0.000000e+00	0.000000e+00
185	2.924709e+15	0.000000e+00	0.000000e+00	0.000000e+00
186	2.940753e+15	0.000000e+00	0.000000e+00	0.000000e+00
187	2.956623e+15	0.000000e+00	0.000000e+00	0.000000e+00
188	2.972982e+15	0.000000e+00	0.000000e+00	0.000000e+00
189	2.989251e+15	0.000000e+00	0.000000e+00	0.000000e+00
190	3.005632e+15	0.000000e+00	0.000000e+00	0.000000e+00
191	3.022049e+15	0.000000e+00	0.000000e+00	0.000000e+00
192	3.038408e+15	0.000000e+00	0.000000e+00	0.000000e+00
193	3.054529e+15	0.000000e+00	0.000000e+00	0.000000e+00
194	3.070856e+15	0.000000e+00	0.000000e+00	0.000000e+00
195	3.087243e+15	0.000000e+00	0.000000e+00	0.000000e+00
196	3.103503e+15	0.000000e+00	0.000000e+00	0.000000e+00
197	3.120423e+15	0.000000e+00	0.000000e+00	0.000000e+00
198	3.136871e+15	0.000000e+00	0.000000e+00	0.000000e+00
199	3.153274e+15	0.000000e+00	0.000000e+00	0.000000e+00
200	3.169741e+15	0.000000e+00	0.000000e+00	0.000000e+00
201	3.186099e+15	0.000000e+00	0.000000e+00	0.000000e+00
202	3.202620e+15	0.000000e+00	0.000000e+00	0.000000e+00
203	3.218981e+15	0.000000e+00	0.000000e+00	0.000000e+00
204	3.235262e+15	0.000000e+00	0.000000e+00	0.000000e+00
205	3.251657e+15	0.000000e+00	0.000000e+00	0.000000e+00
206	3.267855e+15	0.000000e+00	0.000000e+00	0.000000e+00
207	3.283875e+15	0.000000e+00	0.000000e+00	0.000000e+00
208	3.299939e+15	0.000000e+00	0.000000e+00	0.000000e+00
209	3.316101e+15	0.000000e+00	0.000000e+00	0.000000e+00
210	3.332306e+15	0.000000e+00	0.000000e+00	0.000000e+00
211	3.348526e+15	0.000000e+00	0.000000e+00	0.000000e+00
212	3.364487e+15	0.000000e+00	0.000000e+00	0.000000e+00
213	3.380254e+15	0.000000e+00	0.000000e+00	0.000000e+00
214	3.395753e+15	0.000000e+00	0.000000e+00	0.000000e+00
215	3.410671e+15	0.000000e+00	0.000000e+00	0.000000e+00
216	3.425732e+15	0.000000e+00	0.000000e+00	0.000000e+00
217	3.440670e+15	0.000000e+00	0.000000e+00	0.000000e+00
218	3.455975e+15	0.000000e+00	0.000000e+00	0.000000e+00
219	3.470327e+15	0.000000e+00	0.000000e+00	0.000000e+00
220	3.484956e+15	0.000000e+00	0.000000e+00	0.000000e+00
221	3.499295e+15	0.000000e+00	0.000000e+00	0.000000e+00
222	3.513459e+15	0.000000e+00	0.000000e+00	0.000000e+00
223	3.527679e+15	0.000000e+00	0.000000e+00	0.000000e+00
224	3.541681e+15	0.000000e+00	0.000000e+00	0.000000e+00
225	3.555554e+15	0.000000e+00	0.000000e+00	0.000000e+00
226	3.569059e+15	0.000000e+00	0.000000e+00	0.000000e+00
227	3.582602e+15	0.000000e+00	0.000000e+00	0.000000e+00
228	3.596240e+15	0.000000e+00	0.000000e+00	0.000000e+00
229	3.609698e+15	0.000000e+00	0.000000e+00	0.000000e+00
230	3.622707e+15	0.000000e+00	0.000000e+00	0.000000e+00
231	3.636213e+15	0.000000e+00	0.000000e+00	0.000000e+00
232	3.649618e+15	0.000000e+00	0.000000e+00	0.000000e+00
233	3.662612e+15	0.000000e+00	0.000000e+00	0.000000e+00
234	3.675694e+15	0.000000e+00	0.000000e+00	0.000000e+00
235	3.688412e+15	0.000000e+00	0.000000e+00	0.000000e+00
236	3.701456e+15	0.000000e+00	0.000000e+00	0.000000e+00
237	3.714203e+15	0.000000e+00	0.000000e+00	0.000000e+00
238	3.726746e+15	0.000000e+00	0.000000e+00	0.000000e+00
239	3.739648e+15	0.000000e+00	0.000000e+00	0.000000e+00
240	3.751987e+15	0.000000e+00	0.000000e+00	0.000000e+00
241	3.764658e+15	0.000000e+00	0.000000e+00	0.000000e+00
242	3.777166e+15	0.000000e+00	0.000000e+00	0.000000e+00
243	3.789568e+15	0.000000e+00	0.000000e+00	0.000000e+00
244	3.802024e+15	0.000000e+00	0.000000e+00	0.000000e+00
245	3.814625e+15	0.000000e+00	0.000000e+00	0.000000e+00
246	3.827048e+15	0.000000e+00	0.000000e+00	0.000000e+00
247	3.839295e+15	0.000000e+00	0.000000e+00	0.000000e+00
248	3.851872e+15	0.000000e+00	0.000000e+00	0.000000e+00
249	3.863841e+15	0.000000e+00	0.000000e+00	0.000000e+00
250	3.876185e+15	0.000000e+00	0.000000e+00	0.000000e+00
251	3.888735e+15	0.000000e+00	0.000000e+00	0.000000e+00
252	3.901271e+15	0.000000e+00	0.000000e+00	0.000000e+00
253	3.913780e+15	0.000000e+00	0.000000e+00	0.000000e+00
254	3.926537e+15	0.000000e+00	0.000000e+00	0.000000e+00
255	3.938977e+15	0.000000e+00	0.000000e+00	0.000000e+00
256	3.951402e+15	0.000000e+00	0.000000e+00	0.000000e+00
257	3.964233e+15	0.000000e+00	0.000000e+00	0.000000e+00
258	3.976633e+15	0.000000e+00	0.000000e+00	0.000000e+00
259	3.989276e+15	0.000000e+00	0.000000e+00	0.000000e+00
260	4.001934e+15	0.000000e+00	0.000000e+00	0.000000e+00
261	4.014631e+15	0.000000e+00	0.000000e+00	0.000000e+00
262	4.027896e+15	0.000000e+00	0.000000e+00	0.000000e+00
263	4.040829e+15	0.000000e+00	0.000000e+00	0.000000e+00
264	4.053976e+15	0.000000e+00	0.000000e+00	0.000000e+00
265	4.067506e+15	0.000000e+00	0.000000e+00	0.000000e+00
266	4.081167e+15	0.000000e+00	0.000000e+00	0.000000e+00
267	4.094586e+15	0.000000e+00	0.000000e+00	0.000000e+00
268	4.108594e+15	0.000000e+00	0.000000e+00	0.000000e+00
269	4.122759e+15	0.000000e+00	0.000000e+00	0.000000e+00
270	4.137623e+15	0.000000e+00	0.000000e+00	0.000000e+00
271	4.152638e+15	0.000000e+00	0.000000e+00	0.000000e+00
272	4.167659e+15	0.000000e+00	0.000000e+00	0.000000e+00
273	4.183262e+15	0.000000e+00	0.000000e+00	0.000000e+00
274	4.199146e+15	0.000000e+00	0.000000e+00	0.000000e+00
275	4.215349e+15	0.000000e+00	0.000000e+00	0.000000e+00
276	4.232224e+15	0.000000e+00	0.000000e+00	0.000000e+00
277	4.249238e+15	0.000000e+00	0.000000e+00	0.000000e+00
278	4.266839e+15	0.000000e+00	0.000000e+00	0.000000e+00
279	4.284471e+15	0.000000e+00	0.000000e+00	0.000000e+00
280	4.302188e+15	0.000000e+00	0.000000e+00	0.000000e+00
281	4.319737e+15	0.000000e+00	0.000000e+00	0.000000e+00
282	4.337080e+15	0.000000e+00	0.000000e+00	0.000000e+00
283	4.354590e+15	0.000000e+00	0.000000e+00	0.000000e+00
284	4.372172e+15	0.000000e+00	0.000000e+00	0.000000e+00
285	4.389407e+15	0.000000e+00	0.000000e+00	0.000000e+00
286	4.406313e+15	0.000000e+00	0.000000e+00	0.000000e+00
287	4.422898e+15	0.000000e+00	0.000000e+00	0.000000e+00
288	4.439182e+15	0.000000e+00	0.000000e+00	0.000000e+00
289	4.455174e+15	0.000000e+00	0.000000e+00	0.000000e+00
290	4.470889e+15	0.000000e+00	0.000000e+00	0.000000e+00
291	4.486339e+15	0.000000e+00	0.000000e+00	0.000000e+00
292	4.501529e+15	0.000000e+00	0.000000e+00	0.000000e+00
293	4.516469e+15	0.000000e+00	0.000000e+00	0.000000e+00
294	4.531162e+15	0.000000e+00	0.000000e+00	0.000000e+00
295	4.545623e+15	0.000000e+00	0.000000e+00	0.000000e+00
296	4.559852e+15	0.000000e+00	0.000000e+00	0.000000e+00
297	4.573867e+15	0.000000e+00	0.000000e+00	0.000000e+00
298	4.587665e+15	0.000000e+00	0.000000e+00	0.000000e+00
299	4.601260e+15	0.000000e+00	0.000000e+00	0.000000e+00
300	4.614655e+15	0.000000e+00	0.000000e+00	0.000000e+00
301	4.627858e+15	0.000000e+00	0.000000e+00	0.000000e+00
302	4.640872e+15	0.000000e+00	0.000000e+00	0.000000e+00
303	4.653708e+15	0.000000e+00	0.000000e+00	0.000000e+00
304	4.666369e+15	0.000000e+00	0.000000e+00	0.000000e+00
305	4.678859e+15	0.000000e+00	0.000000e+00	0.000000e+00
306	4.691194e+15	0.000000e+00	0.000000e+00	0.000000e+00
307	4.703367e+15	0.000000e+00	0.000000e+00	0.000000e+00
308	4.715391e+15	0.000000e+00	0.000000e+00	0.000000e+00
309	4.727265e+15	0.000000e+00	0.000000e+00	0.000000e+00
310	4.738989e+15	0.000000e+00	0.000000e+00	0.000000e+00
311	4.750572e+15	0.000000e+00	0.000000e+00	0.000000e+00
312	4.762019e+15	0.000000e+00	0.000000e+00	0.000000e+00
313	4.773328e+15	0.000000e+00	0.000000e+00	0.000000e+00
314	4.784512e+15	0.000000e+00	0.000000e+00	0.000000e+00
315	4.795570e+15	0.000000e+00	0.000000e+00	0.000000e+00
316	4.806509e+15	0.000000e+00	0.000000e+00	0.000000e+00
317	4.817327e+15	0.000000e+00	0.000000e+00	0.000000e+00
318	4.828027e+15	0.000000e+00	0.000000e+00	0.000000e+00
319	4.838612e+15	0.000000e+00	0.000000e+00	0.000000e+00
320	4.849087e+15	0.000000e+00	0.000000e+00	0.000000e+00
321	4.859456e+15	0.000000e+00	0.000000e+00	0.000000e+00
322	4.869720e+15	0.000000e+00	0.000000e+00	0.000000e+00
323	4.879884e+15	0.000000e+00	0.000000e+00	0.000000e+00
324	4.889949e+15	0.000000e+00	0.000000e+00	0.000000e+00
325	4.899920e+15	0.000000e+00	0.000000e+00	0.000000e+00
326	4.909800e+15	0.000000e+00	0.000000e+00	0.000000e+00
327	4.919587e+15	0.000000e+00	0.000000e+00	0.000000e+00
328	4.929285e+15	0.000000e+00	0.000000e+00	0.000000e+00
329	4.938895e+15	0.000000e+00	0.000000e+00	0.000000e+00
330	4.948421e+15	0.000000e+00	0.000000e+00	0.000000e+00
331	4.957862e+15	0.000000e+00	0.000000e+00	0.000000e+00
332	4.967218e+15	0.000000e+00	0.000000e+00	0.000000e+00
333	4.976497e+15	0.000000e+00	0.000000e+00	0.000000e+00
334	4.985694e+15	0.000000e+00	0.000000e+00	0.000000e+00
335	4.994820e+15	0.000000e+00	0.000000e+00	0.000000e+00
336	5.003870e+15	0.000000e+00	0.000000e+00	0.000000e+00
337	5.012847e+15	0.000000e+00	0.000000e+00	0.000000e+00
338	5.021754e+15	0.000000e+00	0.000000e+00	0.000000e+00
339	5.030591e+15	0.000000e+00	0.000000e+00	0.000000e+00
340	5.039360e+15	0.000000e+00	0.000000e+00	0.000000e+00
341	5.048066e+15	0.000000e+00	0.000000e+00	0.000000e+00
342	5.056708e+15	0.000000e+00	0.000000e+00	0.000000e+00
343	5.065287e+15	0.000000e+00	0.000000e+00	0.000000e+00
344	5.073805e+15	0.000000e+00	0.000000e+00	0.000000e+00
345	5.082258e+15	0.000000e+00	0.000000e+00	0.000000e+00
346	5.090653e+15	0.000000e+00	0.000000e+00	0.000000e+00
347	5.098989e+15	0.000000e+00	0.000000e+00	0.000000e+00
348	5.107265e+15	0.000000e+00	0.000000e+00	0.000000e+00
349	5.115484e+15	0.000000e+00	0.000000e+00	0.000000e+00
350	5.123644e+15	0.000000e+00	0.000000e+00	0.000000e+00
351	5.131745e+15	0.000000e+00	0.000000e+00	0.000000e+00
352	5.139795e+15	0.000000e+00	0.000000e+00	0.000000e+00
353	5.147788e+15	0.000000e+00	0.000000e+00	0.000000e+00
354	5.155733e+15	0.000000e+00	0.000000e+00	0.000000e+00
355	5.163621e+15	0.000000e+00	0.000000e+00	0.000000e+00
356	5.171466e+15	0.000000e+00	0.000000e+00	0.000000e+00
357	5.179254e+15	0.000000e+00	0.000000e+00	0.000000e+00
358	5.186998e+15	0.000000e+00	0.000000e+00	0.000000e+00
359	5.194692e+15	0.000000e+00	0.000000e+00	0.000000e+00
360	5.202341e+15	0.000000e+00	0.000000e+00	0.000000e+00
361	5.209944e+15	0.000000e+00	0.000000e+00	0.000000e+00
362	5.217503e+15	0.000000e+00	0.000000e+00	0.000000e+00
363	5.225016e+15	0.000000e+00	0.000000e+00	0.000000e+00
364	5.232487e+15	0.000000e+00	0.000000e+00	0.000000e+00
365	5.239921e+15	0.000000e+00	0.000000e+00	0.000000e+00
366	5.247311e+15	0.000000e+00	0.000000e+00	0.000000e+00
367	5.254667e+15	0.000000e+00	0.000000e+00	0.000000e+00
368	5.261980e+15	0.000000e+00	0.000000e+00	0.000000e+00
369	5.269252e+15	0.000000e+00	0.000000e+00	0.000000e+00
370	5.276485e+15	0.000000e+00	0.000000e+00	0.000000e+00
371	5.283678e+15	0.000000e+00	0.000000e+00	0.000000e+00
372	5.290833e+15	0.000000e+00	0.000000e+00	0.000000e+00
373	5.297950e+15	0.000000e+00	0.000000e+00	0.000000e+00
374	5.305034e+15	0.000000e+00	0.000000e+00	0.000000e+00
375	5.312077e+15	0.000000e+00	0.000000e+00	0.000000e+00
376	5.319094e+15	0.000000e+00	0.000000e+00	0.000000e+00
377	5.326068e+15	0.000000e+00	0.000000e+00	0.000000e+00
378	5.333016e+15	0.000000e+00	0.000000e+00	0.000000e+00
379	5.339924e+15	0.000000e+00	0.000000e+00	0.000000e+00
380	5.346804e+15	0.000000e+00	0.000000e+00	0.000000e+00
381	5.353653e+15	0.000000e+00	0.000000e+00	0.000000e+00
382	5.360472e+15	0.000000e+00	0.000000e+00	0.000000e+00
383	5.367260e+15	0.000000e+00	0.000000e+00	0.000000e+00
384	5.374016e+15	0.000000e+00	0.000000e+00	0.000000e+00
385	5.380743e+15	0.000000e+00	0.000000e+00	0.000000e+00
386	5.387439e+15	0.000000e+00	0.000000e+00	0.000000e+00
387	5.394108e+15	0.000000e+00	0.000000e+00	0.000000e+00
388	5.400745e+15	0.000000e+00	0.000000e+00	0.000000e+00
389	5.407357e+15	0.000000e+00	0.000000e+00	0.000000e+00
390	5.413939e+15	0.000000e+00	0.000000e+00	0.000000e+00
391	5.420496e+15	0.000000e+00	0.000000e+00	0.000000e+00
392	5.427024e+15	0.000000e+00	0.000000e+00	0.000000e+00
393	5.433528e+15	0.000000e+00	0.000000e+00	0.000000e+00
394	5.440003e+15	0.000000e+00	0.000000e+00	0.000000e+00
395	5.446453e+15	0.000000e+00	0.000000e+00	0.000000e+00
396	5.452881e+15	0.000000e+00	0.000000e+00	0.000000e+00
397	5.459281e+15	0.000000e+00	0.000000e+00	0.000000e+00
398	5.465659e+15	0.000000e+00	0.000000e+00	0.000000e+00
399	5.472013e+15	0.000000e+00	0.000000e+00	0.000000e+00
400	5.478338e+15	0.000000e+00	0.000000e+00	0.000000e+00
401	5.484642e+15	0.000000e+00	0.000000e+00	0.000000e+00
402	5.490923e+15	0.000000e+00	0.000000e+00	0.000000e+00
403	5.497179e+15	0.000000e+00	0.000000e+00	0.000000e+00
404	5.503419e+15	0.000000e+00	0.000000e+00	0.000000e+00
405	5.509631e+15	0.000000e+00	0.000000e+00	0.000000e+00
406	5.515828e+15	0.000000e+00	0.000000e+00	0.000000e+00
407	5.521997e+15	0.000000e+00	0.000000e+00	0.000000e+00
408	5.528150e+15	0.000000e+00	0.000000e+00	0.000000e+00
409	5.534280e+15	0.000000e+00	0.000000e+00	0.000000e+00
410	5.540386e+15	0.000000e+00	0.000000e+00	0.000000e+00
411	5.546472e+15	0.000000e+00	0.000000e+00	0.000000e+00
412	5.552539e+15	0.000000e+00	0.000000e+00	0.000000e+00
413	5.558585e+15	0.000000e+00	0.000000e+00	0.000000e+00
414	5.564613e+15	0.000000e+00	0.000000e+00	0.000000e+00
415	5.570626e+15	0.000000e+00	0.000000e+00	0.000000e+00
416	5.576616e+15	0.000000e+00	0.000000e+00	0.000000e+00
417	5.582592e+15	0.000000e+00	0.000000e+00	0.000000e+00
418	5.588548e+15	0.000000e+00	0.000000e+00	0.000000e+00
419	5.594488e+15	0.000000e+00	0.000000e+00	0.000000e+00
420	5.600408e+15	0.000000e+00	0.000000e+00	0.000000e+00
421	5.606314e+15	0.000000e+00	0.000000e+00	0.000000e+00
422	5.612198e+15	0.000000e+00	0.000000e+00	0.000000e+00
423	5.618067e+15	0.000000e+00	0.000000e+00	0.000000e+00
424	5.623916e+15	0.000000e+00	0.000000e+00	0.000000e+00
425	5.629753e+15	0.000000e+00	0.000000e+00	0.000000e+00
426	5.635571e+15	0.000000e+00	0.000000e+00	0.000000e+00
427	5.641376e+15	0.000000e+00	0.000000e+00	0.000000e+00
428	5.647167e+15	0.000000e+00	0.000000e+00	0.000000e+00
429	5.652941e+15	0.000000e+00	0.000000e+00	0.000000e+00
430	5.658700e+15	0.000000e+00	0.000000e+00	0.000000e+00
431	5.664443e+15	0.000000e+00	0.000000e+00	0.000000e+00
432	5.670174e+15	0.000000e+00	0.000000e+00	0.000000e+00
433	5.675888e+15	0.000000e+00	0.000000e+00	0.000000e+00
434	5.681590e+15	0.000000e+00	0.000000e+00	0.000000e+00
435	5.687278e+15	0.000000e+00	0.000000e+00	0.000000e+00
436	5.692952e+15	0.000000e+00	0.000000e+00	0.000000e+00
437	5.698613e+15	0.000000e+00	0.000000e+00	0.000000e+00
438	5.704257e+15	0.000000e+00	0.000000e+00	0.000000e+00
439	5.709888e+15	0.000000e+00	0.000000e+00	0.000000e+00
440	5.715504e+15	0.000000e+00	0.000000e+00	0.000000e+00
441	5.721111e+15	0.000000e+00	0.000000e+00	0.000000e+00
442	5.726701e+15	0.000000e+00	0.000000e+00	0.000000e+00
443	5.732281e+15	0.000000e+00	0.000000e+00	0.000000e+00
444	5.737847e+15	0.000000e+00	0.000000e+00	0.000000e+00
445	5.743400e+15	0.000000e+00	0.000000e+00	0.000000e+00
446	5.748941e+15	0.000000e+00	0.000000e+00	0.000000e+00
447	5.754470e+15	0.000000e+00	0.000000e+00	0.000000e+00
448	5.759985e+15	0.000000e+00	0.000000e+00	0.000000e+00
449	5.765488e+15	0.000000e+00	0.000000e+00	0.000000e+00
450	5.770978e+15	0.000000e+00	0.000000e+00	0.000000e+00
451	5.776459e+15	0.000000e+00	0.000000e+00	0.000000e+00
452	5.781927e+15	0.000000e+00	0.000000e+00	0.000000e+00
453	5.787385e+15	0.000000e+00	0.000000e+00	0.000000e+00
454	5.792830e+15	0.000000e+00	0.000000e+00	0.000000e+00
455	5.798266e+15	0.000000e+00	0.000000e+00	0.000000e+00
456	5.803688e+15	0.000000e+00	0.000000e+00	0.000000e+00
457	5.809101e+15	0.000000e+00	0.000000e+00	0.000000e+00
458	5.814504e+15	0.000000e+00	0.000000e+00	0.000000e+00
459	5.819895e+15	0.000000e+00	0.000000e+00	0.000000e+00
460	5.825277e+15	0.000000e+00	0.000000e+00	0.000000e+00
461	5.830649e+15	0.000000e+00	0.000000e+00	0.000000e+00
462	5.836014e+15	0.000000e+00	0.000000e+00	0.000000e+00
463	5.841366e+15	0.000000e+00	0.000000e+00	0.000000e+00
464	5.846711e+15	0.000000e+00	0.000000e+00	0.000000e+00
465	5.852046e+15	0.000000e+00	0.000000e+00	0.000000e+00
466	5.857371e+15	0.000000e+00	0.000000e+00	0.000000e+00
467	5.862689e+15	0.000000e+00	0.000000e+00	0.000000e+00
468	5.867997e+15	0.000000e+00	0.000000e+00	0.000000e+00
469	5.873295e+15	0.000000e+00	0.000000e+00	0.000000e+00
470	5.878586e+15	0.000000e+00	0.000000e+00	0.000000e+00
471	5.883869e+15	0.000000e+00	0.000000e+00	0.000000e+00
472	5.889144e+15	0.000000e+00	0.000000e+00	0.000000e+00
473	5.894409e+15	0.000000e+00	0.000000e+00	0.000000e+00
474	5.899667e+15	0.000000e+00	0.000000e+00	0.000000e+00
475	5.904917e+15	0.000000e+00	0.000000e+00	0.000000e+00
476	5.910162e+15	0.000000e+00	0.000000e+00	0.000000e+00
477	5.915397e+15	0.000000e+00	0.000000e+00	0.000000e+00
478	5.920623e+15	0.000000e+00	0.000000e+00	0.000000e+00
479	5.925844e+15	0.000000e+00	0.000000e+00	0.000000e+00
480	5.931052e+15	0.000000e+00	0.000000e+00	0.000000e+00
481	5.936254e+15	0.000000e+00	0.000000e+00	0.000000e+00
482	5.941446e+15	0.000000e+00	0.000000e+00	0.000000e+00
483	5.946630e+15	0.000000e+00	0.000000e+00	0.000000e+00
484	5.951809e+15	0.000000e+00	0.000000e+00	0.000000e+00
485	5.956978e+15	0.000000e+00	0.000000e+00	0.000000e+00
486	5.962141e+15	0.000000e+00	0.000000e+00	0.000000e+00
487	5.967298e+15	0.000000e+00	0.000000e+00	0.000000e+00
488	5.972443e+15	0.000000e+00	0.000000e+00	0.000000e+00
489	5.977588e+15	0.000000e+00	0.000000e+00	0.000000e+00
490	5.982720e+15	0.000000e+00	0.000000e+00	0.000000e+00
491	5.987851e+15	0.000000e+00	0.000000e+00	0.000000e+00
492	5.992973e+15	0.000000e+00	0.000000e+00	0.000000e+00
493	5.998091e+15	0.000000e+00	0.000000e+00	0.000000e+00
494	6.003201e+15	0.000000e+00	0.000000e+00	0.000000e+00
495	6.008308e+15	0.000000e+00	0.000000e+00	0.000000e+00
496	6.013407e+15	0.000000e+00	0.000000e+00	0.000000e+00
497	6.018502e+15	0.000000e+00	0.000000e+00	0.000000e+00
498	6.023586e+15	0.000000e+00	0.000000e+00	0.000000e+00
499	6.028665e+15	0.000000e+00	0.000000e+00	0.000000e+00
500	6.033734e+15	0.000000e+00	0.000000e+00	0.000000e+00
501	6.038799e+15	0.000000e+00	0.000000e+00	0.000000e+00
502	6.043856e+15	0.000000e+00	0.000000e+00	0.000000e+00
503	6.048908e+15	0.000000e+00	0.000000e+00	0.000000e+00
504	6.053954e+15	0.000000e+00	0.000000e+00	0.000000e+00
505	6.058994e+15	0.000000e+00	0.000000e+00	0.000000e+00
506	6.064029e+15	0.000000e+00	0.000000e+00	0.000000e+00
507	6.069060e+15	0.000000e+00	0.000000e+00	0.000000e+00
508	6.074083e+15	0.000000e+00	0.000000e+00	0.000000e+00
509	6.079100e+15	0.000000e+00	0.000000e+00	0.000000e+00
510	6.084112e+15	0.000000e+00	0.000000e+00	0.000000e+00
511	6.089119e+15	0.000000e+00	0.000000e+00	0.000000e+00
512	6.094120e+15	0.000000e+00	0.000000e+00	0.000000e+00
513	6.099116e+15	0.000000e+00	0.000000e+00	0.000000e+00
514	6.104105e+15	0.000000e+00	0.000000e+00	0.000000e+00
515	6.109091e+15	0.000000e+00	0.000000e+00	0.000000e+00
516	6.114072e+15	0.000000e+00	0.000000e+00	0.000000e+00
517	6.119047e+15	0.000000e+00	0.000000e+00	0.000000e+00
518	6.124017e+15	0.000000e+00	0.000000e+00	0.000000e+00
519	6.128985e+15	0.000000e+00	0.000000e+00	0.000000e+00
520	6.133945e+15	0.000000e+00	0.000000e+00	0.000000e+00
521	6.138903e+15	0.000000e+00	0.000000e+00	0.000000e+00
522	6.143853e+15	0.000000e+00	0.000000e+00	0.000000e+00
523	6.148797e+15	0.000000e+00	0.000000e+00	0.000000e+00
524	6.153734e+15	0.000000e+00	0.000000e+00	0.000000e+00
525	6.158665e+15	0.000000e+00	0.000000e+00	0.000000e+00
526	6.163593e+15	0.000000e+00	0.000000e+00	0.000000e+00
527	6.168518e+15	0.000000e+00	0.000000e+00	0.000000e+00
528	6.173437e+15	0.000000e+00	0.000000e+00	0.000000e+00
529	6.178352e+15	0.000000e+00	0.000000e+00	0.000000e+00
530	6.183259e+15	0.000000e+00	0.000000e+00	0.000000e+00
531	6.188163e+15	0.000000e+00	0.000000e+00	0.000000e+00
532	6.193061e+15	0.000000e+00	0.000000e+00	0.000000e+00
533	6.197955e+15	0.000000e+00	0.000000e+00	0.000000e+00
534	6.202845e+15	0.000000e+00	0.000000e+00	0.000000e+00
535	6.207730e+15	0.000000e+00	0.000000e+00	0.000000e+00
536	6.212610e+15	0.000000e+00	0.000000e+00	0.000000e+00
537	6.217483e+15	0.000000e+00	0.000000e+00	0.000000e+00
538	6.222353e+15	0.000000e+00	0.000000e+00	0.000000e+00
539	6.227217e+15	0.000000e+00	0.000000e+00	0.000000e+00
540	6.232078e+15	0.000000e+00	0.000000e+00	0.000000e+00
541	6.236934e+15	0.000000e+00	0.000000e+00	0.000000e+00
542	6.241786e+15	0.000000e+00	0.000000e+00	0.000000e+00
543	6.246634e+15	0.000000e+00	0.000000e+00	0.000000e+00
544	6.251475e+15	0.000000e+00	0.000000e+00	0.000000e+00
545	6.256313e+15	0.000000e+00	0.000000e+00	0.000000e+00
546	6.261146e+15	0.000000e+00	0.000000e+00	0.000000e+00
547	6.265973e+15	0.000000e+00	0.000000e+00	0.000000e+00
548	6.270794e+15	0.000000e+00	0.000000e+00	0.000000e+00
549	6.275609e+15	0.000000e+00	0.000000e+00	0.000000e+00
550	6.280417e+15	0.000000e+00	0.000000e+00	0.000000e+00
551	6.285221e+15	0.000000e+00	0.000000e+00	0.000000e+00
552	6.290023e+15	0.000000e+00	0.000000e+00	0.000000e+00
553	6.294820e+15	0.000000e+00	0.000000e+00	0.000000e+00
554	6.299616e+15	0.000000e+00	0.000000e+00	0.000000e+00
555	6.304404e+15	0.000000e+00	0.000000e+00	0.000000e+00
556	6.309187e+15	0.000000e+00	0.000000e+00	0.000000e+00
557	6.313963e+15	0.000000e+00	0.000000e+00	0.000000e+00
558	6.318736e+15	0.000000e+00	0.000000e+00	0.000000e+00
559	6.323504e+15	0.000000e+00	0.000000e+00	0.000000e+00
560	6.328271e+15	0.000000e+00	0.000000e+00	0.000000e+00
561	6.333032e+15	0.000000e+00	0.000000e+00	0.000000e+00
562	6.337788e+15	0.000000e+00	0.000000e+00	0.000000e+00
563	6.342539e+15	0.000000e+00	0.000000e+00	0.000000e+00
564	6.347284e+15	0.000000e+00	0.000000e+00	0.000000e+00
565	6.352025e+15	0.000000e+00	0.000000e+00	0.000000e+00
566	6.356761e+15	0.000000e+00	0.000000e+00	0.000000e+00
567	6.361492e+15	0.000000e+00	0.000000e+00	0.000000e+00
568	6.366211e+15	0.000000e+00	0.000000e+00	0.000000e+00
569	6.370928e+15	0.000000e+00	0.000000e+00	0.000000e+00
570	6.375637e+15	0.000000e+00	0.000000e+00	0.000000e+00
571	6.380338e+15	0.000000e+00	0.000000e+00	0.000000e+00
572	6.385031e+15	0.000000e+00	0.000000e+00	0.000000e+00
573	6.389715e+15	0.000000e+00	0.000000e+00	0.000000e+00
574	6.394390e+15	0.000000e+00	0.000000e+00	0.000000e+00
575	6.399055e+15	0.000000e+00	0.000000e+00	0.000000e+00
576	6.403703e+15	0.000000e+00	0.000000e+00	0.000000e+00
577	6.408338e+15	0.000000e+00	0.000000e+00	0.000000e+00
578	6.412952e+15	0.000000e+00	0.000000e+00	0.000000e+00
579	6.415178e+15	0.000000e+00	0.000000e+00	0.000000e+00
580	6.417850e+15	0.000000e+00	0.000000e+00	0.000000e+00
581	6.421055e+15	0.000000e+00	0.000000e+00	0.000000e+00
582	6.424480e+15	0.000000e+00	0.000000e+00	0.000000e+00
583	6.428249e+15	0.000000e+00	0.000000e+00	0.000000e+00
584	6.432733e+15	0.000000e+00	0.000000e+00	0.000000e+00
585	6.436466e+15	0.000000e+00	0.000000e+00	0.000000e+00
586	6.440318e+15	0.000000e+00	0.000000e+00	0.000000e+00
587	6.443946e+15	0.000000e+00	0.000000e+00	0.000000e+00
588	6.446685e+15	0.000000e+00	0.000000e+00	0.000000e+00
589	6.449679e+15	0.000000e+00	0.000000e+00	0.000000e+00
590	6.452375e+15	0.000000e+00	0.000000e+00	0.000000e+00
591	6.454229e+15	0.000000e+00	0.000000e+00	0.000000e+00
592	6.455194e+15	0.000000e+00	0.000000e+00	0.000000e+00
593	6.456351e+15	0.000000e+00	0.000000e+00	0.000000e+00
594	6.457740e+15	0.000000e+00	0.000000e+00	0.000000e+00
595	6.459408e+15	0.000000e+00	0.000000e+00	0.000000e+00
596	6.460471e+15	0.000000e+00	0.000000e+00	0.000000e+00
597	6.461746e+15	0.000000e+00	0.000000e+00	0.000000e+00
598	6.463277e+15	0.000000e+00	0.000000e+00	0.000000e+00
599	6.465114e+15	0.000000e+00	0.000000e+00	0.000000e+00
600	6.466937e+15	0.000000e+00	0.000000e+00	0.000000e+00
601	6.468658e+15	0.000000e+00	0.000000e+00	0.000000e+00
602	6.470369e+15	0.000000e+00	0.000000e+00	0.000000e+00
603	6.472029e+15	0.000000e+00	0.000000e+00	0.000000e+00
604	6.473697e+15	0.000000e+00	0.000000e+00	0.000000e+00
605	6.475163e+15	0.000000e+00	0.000000e+00	0.000000e+00
606	6.476748e+15	0.000000e+00	0.000000e+00	0.000000e+00
607	6.478270e+15	0.000000e+00	0.000000e+00	0.000000e+00
608	6.479835e+15	0.000000e+00	0.000000e+00	0.000000e+00
609	6.481248e+15	0.000000e+00	0.000000e+00	0.000000e+00
610	6.482567e+15	0.000000e+00	0.000000e+00	0.000000e+00
611	6.484116e+15	0.000000e+00	0.000000e+00	0.000000e+00
612	6.485463e+15	0.000000e+00	0.000000e+00	0.000000e+00
613	6.486756e+15	0.000000e+00	0.000000e+00	0.000000e+00
614	6.488172e+15	0.000000e+00	0.000000e+00	0.000000e+00
615	6.489534e+15	0.000000e+00	0.000000e+00	0.000000e+00
616	6.490818e+15	0.000000e+00	0.000000e+00	0.000000e+00
617	6.492173e+15	0.000000e+00	0.000000e+00	0.000000e+00
618	6.493553e+15	0.000000e+00	0.000000e+00	0.000000e+00
619	6.494743e+15	0.000000e+00	0.000000e+00	0.000000e+00
620	6.495942e+15	0.000000e+00	0.000000e+00	0.000000e+00
621	6.497290e+15	0.000000e+00	0.000000e+00	0.000000e+00
622	6.498596e+15	0.000000e+00	0.000000e+00	0.000000e+00
623	6.499809e+15	0.000000e+00	0.000000e+00	0.000000e+00
624	6.501055e+15	0.000000e+00	0.000000e+00	0.000000e+00
625	6.502304e+15	0.000000e+00	0.000000e+00	0.000000e+00
626	6.503506e+15	0.000000e+00	0.000000e+00	0.000000e+00
627	6.504772e+15	0.000000e+00	0.000000e+00	0.000000e+00
628	6.505980e+15	0.000000e+00	0.000000e+00	0.000000e+00
629	6.507227e+15	0.000000e+00	0.000000e+00	0.000000e+00
630	6.508410e+15	0.000000e+00	0.000000e+00	0.000000e+00
631	6.509506e+15	0.000000e+00	0.000000e+00	0.000000e+00
632	6.510595e+15	0.000000e+00	0.000000e+00	0.000000e+00
633	6.511179e+15	0.000000e+00	0.000000e+00	0.000000e+00
634	6.511787e+15	0.000000e+00	0.000000e+00	0.000000e+00
635	6.512425e+15	0.000000e+00	0.000000e+00	0.000000e+00
636	6.513124e+15	0.000000e+00	0.000000e+00	0.000000e+00
637	6.513926e+15	0.000000e+00	0.000000e+00	0.000000e+00
638	6.514687e+15	0.000000e+00	0.000000e+00	0.000000e+00
639	6.515457e+15	0.000000e+00	0.000000e+00	0.000000e+00
640	6.516380e+15	0.000000e+00	0.000000e+00	0.000000e+00
641	6.517438e+15	0.000000e+00	0.000000e+00	0.000000e+00
642	6.518109e+15	0.000000e+00	0.000000e+00	0.000000e+00
643	6.518915e+15	0.000000e+00	0.000000e+00	0.000000e+00
644	6.519750e+15	0.000000e+00	0.000000e+00	0.000000e+00
645	6.520415e+15	0.000000e+00	0.000000e+00	0.000000e+00
646	6.521213e+15	0.000000e+00	0.000000e+00	0.000000e+00
647	6.522139e+15	0.000000e+00	0.000000e+00	0.000000e+00
648	6.522944e+15	0.000000e+00	0.000000e+00	0.000000e+00
649	6.523793e+15	0.000000e+00	0.000000e+00	0.000000e+00
650	6.524672e+15	0.000000e+00	0.000000e+00	0.000000e+00
651	6.525372e+15	0.000000e+00	0.000000e+00	0.000000e+00
652	6.526140e+15	0.000000e+00	0.000000e+00	0.000000e+00
653	6.526807e+15	0.000000e+00	0.000000e+00	0.000000e+00
654	6.527608e+15	0.000000e+00	0.000000e+00	0.000000e+00
655	6.528568e+15	0.000000e+00	0.000000e+00	0.000000e+00
656	6.529524e+15	0.000000e+00	0.000000e+00	0.000000e+00
657	6.530438e+15	0.000000e+00	0.000000e+00	0.000000e+00
658	6.531381e+15	0.000000e+00	0.000000e+00	0.000000e+00
659	6.532261e+15	0.000000e+00	0.000000e+00	0.000000e+00
660	6.533317e+15	0.000000e+00	0.000000e+00	0.000000e+00
661	6.534431e+15	0.000000e+00	0.000000e+00	0.000000e+00
662	6.535355e+15	0.000000e+00	0.000000e+00	0.000000e+00
663	6.536404e+15	0.000000e+00	0.000000e+00	0.000000e+00
664	6.537521e+15	0.000000e+00	0.000000e+00	0.000000e+00
665	6.538577e+15	0.000000e+00	0.000000e+00	0.000000e+00
666	6.539540e+15	0.000000e+00	0.000000e+00	0.000000e+00
667	6.540661e+15	0.000000e+00	0.000000e+00	0.000000e+00
668	6.541556e+15	0.000000e+00	0.000000e+00	0.000000e+00
669	6.542628e+15	0.000000e+00	0.000000e+00	0.000000e+00
670	6.543792e+15	0.000000e+00	0.000000e+00	0.000000e+00
671	6.544915e+15	0.000000e+00	0.000000e+00	0.000000e+00
672	6.546066e+15	0.000000e+00	0.000000e+00	0.000000e+00
673	6.547298e+15	0.000000e+00	0.000000e+00	0.000000e+00
674	6.548464e+15	0.000000e+00	0.000000e+00	0.000000e+00
675	6.549584e+15	0.000000e+00	0.000000e+00	0.000000e+00
676	6.550641e+15	0.000000e+00	0.000000e+00	0.000000e+00
677	6.551886e+15	0.000000e+00	0.000000e+00	0.000000e+00
678	6.552999e+15	0.000000e+00	0.000000e+00	0.000000e+00
679	6.554143e+15	0.000000e+00	0.000000e+00	0.000000e+00
680	6.555202e+15	0.000000e+00	0.000000e+00	0.000000e+00
681	6.556397e+15	0.000000e+00	0.000000e+00	0.000000e+00
682	6.557615e+15	0.000000e+00	0.000000e+00	0.000000e+00
683	6.558886e+15	0.000000e+00	4.499988e-03	0.000000e+00
684	6.559981e+15	0.000000e+00	1.512086e-02	0.000000e+00
685	6.561222e+15	0.000000e+00	3.665702e-02	0.000000e+00
686	6.562548e+15	0.000000e+00	1.562091e-01	0.000000e+00
687	6.563741e+15	0.000000e+00	1.776634e-01	0.000000e+00
688	6.565030e+15	0.000000e+00	3.006932e-01	3.177396e+14
689	6.566232e+15	0.000000e+00	3.490838e-01	6.547260e+14
690	6.567464e+15	0.000000e+00	4.205474e-01	1.815507e+15
691	6.568695e+15	0.000000e+00	3.144066e-01	1.852104e+15
692	6.569964e+15	0.000000e+00	5.974026e-01	9.062265e+15
693	6.571098e+15	0.000000e+00	6.042541e-01	2.385963e+16
694	6.572321e+15	0.000000e+00	1.114454e+00	1.324736e+16
695	6.573430e+15	0.000000e+00	9.206797e-01	1.463805e+16
696	6.574719e+15	0.000000e+00	1.372017e+00	5.582227e+16
697	6.576046e+15	0.000000e+00	2.154454e+00	4.921655e+16
698	6.577243e+15	0.000000e+00	1.435893e+00	2.049503e+16
699	6.578555e+15	0.000000e+00	1.466713e+00	2.989494e+16
700	6.579944e+15	0.000000e+00	1.578295e+00	3.537578e+16
701	6.581271e+15	0.000000e+00	1.112963e+00	2.066324e+16
702	6.582534e+15	0.000000e+00	1.021056e+00	1.643532e+16
703	6.583679e+15	0.000000e+00	5.844472e-01	9.107746e+15
704	6.585052e+15	0.000000e+00	1.307987e+00	2.007513e+16
705	6.586303e+15	0.000000e+00	1.046423e+00	1.991023e+16
706	6.587480e+15	0.000000e+00	8.033537e-01	1.417246e+16
707	6.588829e+15	0.000000e+00	1.070095e+00	1.528219e+16
708	6.590212e+15	0.000000e+00	1.272846e+00	1.228492e+16
709	6.591554e+15	0.000000e+00	1.343322e+00	3.332905e+16
710	6.592851e+15	0.000000e+00	1.397789e+00	1.682573e+16
711	6.594175e+15	0.000000e+00	1.934932e+00	1.984018e+16
712	6.595311e+15	0.000000e+00	1.094682e+00	1.949619e+16
713	6.596675e+15	0.000000e+00	1.825076e+00	4.316105e+16
714	6.597980e+15	0.000000e+00	2.289928e+00	2.610305e+16
715	6.599217e+15	0.000000e+00	1.749665e+00	5.794079e+16
716	6.600580e+15	0.000000e+00	2.820739e+00	9.233312e+16
717	6.601835e+15	0.000000e+00	1.789077e+00	3.138579e+16
718	6.603203e+15	0.000000e+00	2.043943e+00	4.258530e+16
719	6.604636e+15	0.000000e+00	1.865200e+00	4.842875e+16
720	6.606168e+15	0.000000e+00	2.778950e+00	6.579423e+16
721	6.607473e+15	0.000000e+00	2.394821e+00	5.579871e+16
722	6.608744e+15	0.000000e+00	2.215031e+00	5.695463e+16
723	6.610153e+15	0.000000e+00	3.743081e+00	5.334892e+16
724	6.611323e+15	0.000000e+00	2.333925e+00	2.350987e+16
725	6.612512e+15	0.000000e+00	1.740130e+00	3.847134e+16
726	6.613938e+15	0.000000e+00	2.506189e+00	4.549414e+16
727	6.615378e+15	0.000000e+00	2.757905e+00	5.249224e+16
728	6.616765e+15	0.000000e+00	3.376468e+00	6.196797e+16
729	6.617778e+15	0.000000e+00	1.348581e+00	3.366307e+16
730	6.618994e+15	0.000000e+00	1.613651e+00	3.702947e+16
731	6.620268e+15	0.000000e+00	1.666920e+00	5.206205e+16
732	6.621633e+15	0.000000e+00	2.069508e+00	5.827952e+16
733	6.622982e+15	0.000000e+00	1.863416e+00	3.604393e+16
734	6.624528e+15	0.000000e+00	3.718445e+00	5.341081e+16
735	6.625781e+15	0.000000e+00	4.065844e+00	6.954947e+16
736	6.626811e+15	0.000000e+00	2.320463e+00	3.981773e+16
737	6.627960e+15	0.000000e+00	2.141607e+00	6.261246e+16
738	6.629286e+15	0.000000e+00	2.170755e+00	5.286709e+16
739	6.630750e+15	0.000000e+00	2.454673e+00	4.633152e+16
740	6.632189e+15	0.000000e+00	2.921109e+00	6.724021e+16
741	6.633489e+15	0.000000e+00	2.310847e+00	4.965749e+16
742	6.634727e+15	0.000000e+00	3.020938e+00	2.625070e+16
743	6.635690e+15	0.000000e+00	1.312039e+00	2.840082e+16
744	6.636846e+15	0.000000e+00	1.338114e+00	3.368898e+16
745	6.638233e+15	0.000000e+00	2.289225e+00	6.048315e+16
746	6.639535e+15	0.000000e+00	3.381850e+00	6.439142e+16
747	6.640509e+15	0.000000e+00	2.369192e+00	2.969116e+16
748	6.641406e+15	0.000000e+00	1.282515e+00	1.776642e+16
749	6.642481e+15	0.000000e+00	1.127118e+00	2.229435e+16
750	6.643772e+15	0.000000e+00	1.556041e+00	3.250283e+16
751	6.645248e+15	0.000000e+00	3.766974e+00	5.304482e+16
752	6.646314e+15	0.000000e+00	1.593416e+00	3.550479e+16
753	6.647539e+15	0.000000e+00	1.712207e+00	4.035320e+16
754	6.648927e+15	0.000000e+00	2.540076e+00	5.379301e+16
755	6.650294e+15	0.000000e+00	3.600983e+00	5.077198e+16
756	6.651419e+15	0.000000e+00	2.260055e+00	1.518647e+16
757	6.652666e+15	0.000000e+00	2.258929e+00	2.802201e+16
758	6.654054e+15	0.000000e+00	2.552325e+00	5.114463e+16
759	6.655559e+15	0.000000e+00	6.323191e+00	6.843678e+16
760	6.656492e+15	0.000000e+00	1.787868e+00	2.962339e+16
761	6.657612e+15	0.000000e+00	1.756170e+00	2.820059e+16
762	6.658956e+15	0.000000e+00	2.691527e+00	2.451338e+16
763	6.660330e+15	0.000000e+00	3.227190e+00	3.387162e+16
764	6.661545e+15	0.000000e+00	3.173512e+00	3.420269e+16
765	6.662700e+15	0.000000e+00	3.708788e+00	3.887911e+16
766	6.663683e+15	0.000000e+00	2.822503e+00	3.997316e+16
767	6.664653e+15	0.000000e+00	1.872121e+00	2.643841e+16
768	6.665817e+15	0.000000e+00	2.170194e+00	3.566420e+16
769	6.667214e+15	0.000000e+00	3.665274e+00	4.055909e+16
770	6.668603e+15	0.000000e+00	3.146230e+00	5.478548e+16
771	6.670135e+15	0.000000e+00	4.303623e+00	6.037482e+16
772	6.671581e+15	0.000000e+00	2.985771e+00	4.015759e+16
773	6.673169e+15	0.000000e+00	6.462344e+00	5.003934e+16
774	6.674232e+15	0.000000e+00	2.893139e+00	2.361420e+16
775	6.675259e+15	0.000000e+00	1.518210e+00	1.238827e+16
776	6.676493e+15	0.000000e+00	1.671124e+00	1.437825e+16
777	6.677915e+15	0.000000e+00	3.795631e+00	4.360954e+16
778	6.678993e+15	0.000000e+00	1.341291e+00	1.329358e+16
779	6.680286e+15	0.000000e+00	1.389806e+00	1.202933e+16
780	6.681839e+15	0.000000e+00	2.544561e+00	4.831955e+16
781	6.683227e+15	0.000000e+00	2.816627e+00	1.545896e+16
782	6.684382e+15	0.000000e+00	2.385794e+00	1.806826e+16
783	6.685487e+15	0.000000e+00	3.307052e+00	1.058145e+16
784	6.686395e+15	0.000000e+00	1.383442e+00	2.389243e+16
785	6.687486e+15	0.000000e+00	1.402491e+00	9.880012e+15
786	6.688794e+15	0.000000e+00	2.074670e+00	2.544445e+16
787	6.690018e+15	0.000000e+00	2.064120e+00	3.694701e+16
788	6.691034e+15	0.000000e+00	1.071372e+00	1.064220e+16
789	6.692254e+15	0.000000e+00	1.830802e+00	4.210982e+16
790	6.693336e+15	0.000000e+00	9.678456e-01	1.845731e+16
791	6.694635e+15	0.000000e+00	2.143624e+00	3.574035e+16
792	6.695700e+15	0.000000e+00	9.045492e-01	1.033823e+16
793	6.696809e+15	0.000000e+00	7.491048e-01	2.848194e+16
794	6.698022e+15	0.000000e+00	6.138763e-01	5.028680e+15
795	6.699309e+15	0.000000e+00	9.080014e-01	1.346594e+16
796	6.700487e+15	0.000000e+00	4.804723e-01	1.318811e+16
797	6.701902e+15	0.000000e+00	6.733024e-01	1.227246e+16
798	6.703460e+15	0.000000e+00	1.707321e+00	1.829088e+16
799	6.704713e+15	0.000000e+00	9.162494e-01	1.211510e+16
800	6.706153e+15	0.000000e+00	1.466183e+00	2.323412e+16
801	6.707526e+15	0.000000e+00	1.950510e+00	2.003534e+16
802	6.708649e+15	0.000000e+00	1.184023e+00	2.386880e+16
803	6.709802e+15	0.000000e+00	7.351896e-01	8.529826e+15
804	6.711185e+15	0.000000e+00	1.434002e+00	1.985370e+16
805	6.712317e+15	0.000000e+00	7.987017e-01	1.099420e+16
806	6.713549e+15	0.000000e+00	1.169423e+00	1.180019e+16
807	6.714674e+15	0.000000e+00	1.362037e+00	2.383945e+16
808	6.715842e+15	0.000000e+00	1.067381e+00	1.574442e+16
809	6.717165e+15	0.000000e+00	1.171363e+00	1.966268e+16
810	6.718591e+15	0.000000e+00	1.523072e+00	2.317847e+16
811	6.720044e+15	0.000000e+00	2.254529e+00	1.719200e+16
812	6.721316e+15	0.000000e+00	2.156309e+00	1.691596e+16
813	6.722730e+15	0.000000e+00	3.125828e+00	3.199658e+16
814	6.724003e+15	0.000000e+00	1.910819e+00	3.656771e+16
815	6.725531e+15	0.000000e+00	3.670729e+00	6.433633e+16
816	6.726859e+15	0.000000e+00	3.162046e+00	4.978852e+16
817	6.728121e+15	0.000000e+00	2.366032e+00	2.773015e+16
818	6.729635e+15	0.000000e+00	3.643614e+00	2.424894e+16
819	6.731021e+15	0.000000e+00	4.155857e+00	3.348705e+16
820	6.732109e+15	0.000000e+00	2.505818e+00	1.405650e+16
821	6.733282e+15	0.000000e+00	1.889656e+00	7.424141e+15
822	6.734691e+15	0.000000e+00	1.756491e+00	2.171013e+16
823	6.736355e+15	0.000000e+00	3.671980e+00	3.485827e+16
824	6.737711e+15	0.000000e+00	2.815055e+00	4.228764e+16
825	6.739093e+15	0.000000e+00	1.798248e+00	3.735172e+16
826	6.740536e+15	0.000000e+00	1.610260e+00	1.716885e+16
827	6.742003e+15	0.000000e+00	1.496291e+00	2.461263e+16
828	6.743484e+15	0.000000e+00	1.222381e+00	1.236567e+16
829	6.744949e+15	0.000000e+00	1.398380e+00	1.729875e+16
830	6.746232e+15	0.000000e+00	9.393212e-01	1.048214e+16
831	6.747507e+15	0.000000e+00	6.705396e-01	4.797608e+15
832	6.749038e+15	0.000000e+00	6.988753e-01	4.821230e+15
833	6.750874e+15	0.000000e+00	2.398196e+00	1.998798e+16
834	6.752124e+15	0.000000e+00	9.235495e-01	1.325971e+16
835	6.753624e+15	0.000000e+00	8.156718e-01	7.409192e+15
836	6.755424e+15	0.000000e+00	1.395121e+00	5.264442e+15
837	6.757024e+15	0.000000e+00	7.073350e-01	5.612599e+15
838	6.758823e+15	0.000000e+00	1.747785e+00	1.997054e+16
839	6.760187e+15	0.000000e+00	6.402081e-01	1.147742e+16
840	6.761822e+15	0.000000e+00	1.670075e+00	2.637392e+16
841	6.763103e+15	0.000000e+00	4.862506e-01	7.854135e+15
842	6.764639e+15	0.000000e+00	6.851772e-01	6.976081e+15
843	6.766196e+15	0.000000e+00	9.145348e-01	4.577711e+15
844	6.767562e+15	0.000000e+00	4.672487e-01	6.789525e+15
845	6.769069e+15	0.000000e+00	4.018950e-01	9.054776e+15
846	6.770789e+15	0.000000e+00	1.916107e+00	6.779572e+15
847	6.771685e+15	0.000000e+00	2.564347e-01	2.246979e+15
848	6.772760e+15	0.000000e+00	2.662718e-01	0.000000e+00
849	6.774050e+15	0.000000e+00	2.380269e-01	4.390020e+15
850	6.775598e+15	0.000000e+00	3.598335e-01	6.517268e+15
851	6.777202e+15	0.000000e+00	3.008577e-01	4.297476e+15
852	6.778939e+15	0.000000e+00	4.587159e-01	1.002179e+16
853	6.780541e+15	0.000000e+00	6.288122e-01	8.881464e+15
854	6.781916e+15	0.000000e+00	4.480157e-01	4.410853e+15
855	6.783370e+15	0.000000e+00	1.076037e+00	4.320911e+15
856	6.784413e+15	0.000000e+00	3.952538e-01	1.171142e+16
857	6.785665e+15	0.000000e+00	4.762377e-01	1.661810e+16
858	6.787068e+15	0.000000e+00	1.043568e+00	1.219898e+16
859	6.788222e+15	0.000000e+00	4.919321e-01	4.993357e+15
860	6.789607e+15	0.000000e+00	8.352600e-01	0.000000e+00
861	6.790939e+15	0.000000e+00	6.871908e-01	2.234925e+15
862	6.792369e+15	0.000000e+00	1.175834e+00	0.000000e+00
863	6.793531e+15	0.000000e+00	6.271276e-01	0.000000e+00
864	6.794926e+15	0.000000e+00	6.705736e-01	2.208230e+15
865	6.796599e+15	0.000000e+00	1.600469e+00	4.602481e+15
866	6.797810e+15	0.000000e+00	7.575045e-01	2.254083e+15
867	6.799257e+15	0.000000e+00	2.456710e+00	2.266366e+15
868	6.800136e+15	0.000000e+00	8.894911e-01	2.245397e+15
869	6.801192e+15	0.000000e+00	9.142031e-01	7.006598e+15
870	6.802458e+15	0.000000e+00	2.344179e+00	6.705502e+15
871	6.803319e+15	0.000000e+00	9.455568e-01	0.000000e+00
872	6.804352e+15	0.000000e+00	9.646776e-01	0.000000e+00
873	6.805591e+15	0.000000e+00	1.714442e+00	4.632314e+15
874	6.806670e+15	0.000000e+00	1.002634e+00	0.000000e+00
875	6.807964e+15	0.000000e+00	1.242504e+00	7.086551e+15
876	6.809373e+15	0.000000e+00	1.371333e+00	7.090302e+15
877	6.810821e+15	0.000000e+00	2.424869e+00	0.000000e+00
878	6.811868e+15	0.000000e+00	1.072469e+00	0.000000e+00
879	6.813125e+15	0.000000e+00	1.091179e+00	2.516508e+15
880	6.814632e+15	0.000000e+00	1.716651e+00	0.000000e+00
881	6.816050e+15	0.000000e+00	1.310470e+00	0.000000e+00
882	6.817632e+15	9.327870e-04	1.363946e+00	0.000000e+00
883	6.819385e+15	1.341489e-02	4.796762e+00	5.045112e+15
884	6.820202e+15	7.412484e-03	1.194495e+00	2.473523e+15
885	6.821181e+15	1.032934e-02	1.208161e+00	0.000000e+00
886	6.822357e+15	1.935395e-02	1.175439e+00	0.000000e+00
887	6.823768e+15	3.203631e-02	1.173762e+00	0.000000e+00
888	6.825460e+15	5.722436e-02	2.053320e+00	0.000000e+00
889	6.826918e+15	6.342190e-02	2.330231e+00	0.000000e+00
890	6.828075e+15	3.362578e-02	1.115622e+00	0.000000e+00
891	6.829465e+15	3.711199e-02	1.116047e+00	0.000000e+00
892	6.831132e+15	9.125183e-02	2.637793e+00	0.000000e+00
893	6.832344e+15	5.538906e-02	1.195191e+00	0.000000e+00
894	6.833732e+15	4.451901e-02	1.110801e+00	0.000000e+00
895	6.835398e+15	9.050769e-02	3.479094e+00	5.143729e+15
896	6.836427e+15	3.852525e-02	1.172066e+00	2.624634e+15
897	6.837663e+15	5.939092e-02	1.509265e+00	0.000000e+00
898	6.838983e+15	5.787384e-02	1.312615e+00	0.000000e+00
899	6.840507e+15	2.154685e-01	6.465106e+00	2.560123e+15
900	6.841109e+15	5.452140e-02	1.219535e+00	0.000000e+00
901	6.841831e+15	4.784067e-02	1.221020e+00	0.000000e+00
902	6.842698e+15	3.902586e-02	1.234628e+00	2.583641e+15
903	6.843738e+15	4.224485e-02	1.235195e+00	0.000000e+00
904	6.844986e+15	7.679594e-02	2.612026e+00	2.566566e+15
905	6.846002e+15	3.741353e-02	1.279364e+00	2.575003e+16
906	6.847220e+15	6.081651e-02	1.939094e+00	4.445131e+16
907	6.848426e+15	9.291548e-02	2.935727e+00	2.326311e+16
908	6.849366e+15	4.860328e-02	1.366026e+00	9.306182e+15
909	6.850495e+15	5.308441e-02	1.396302e+00	2.378590e+16
910	6.851849e+15	4.916990e-02	1.426029e+00	4.570765e+15
911	6.853473e+15	1.406951e-01	4.465310e+00	5.848386e+16
912	6.854510e+15	1.139417e-01	3.326344e+00	2.577983e+16
913	6.855357e+15	6.430754e-02	1.569167e+00	5.002497e+15
914	6.856373e+15	5.391319e-02	2.011406e+00	2.378379e+16
915	6.857592e+15	1.738094e-01	8.740483e+00	3.865348e+16
916	6.858165e+15	3.619779e-02	2.134678e+00	1.455159e+16
917	6.858854e+15	3.735307e-02	2.139068e+00	9.848860e+15
918	6.859679e+15	3.814840e-02	2.378998e+00	2.448333e+16
919	6.860627e+15	3.844293e-02	2.512376e+00	1.525386e+16
920	6.861695e+15	6.271489e-02	4.173524e+00	5.029849e+16
921	6.862605e+15	3.427620e-02	2.378032e+00	3.029000e+16
922	6.863698e+15	3.276884e-02	2.708506e+00	2.622159e+16
923	6.864943e+15	7.492434e-02	6.359713e+00	3.535536e+16
924	6.865797e+15	2.942398e-02	2.673788e+00	1.222421e+16
925	6.866821e+15	5.876202e-02	5.649576e+00	3.634255e+16
926	6.867611e+15	2.238349e-02	2.739490e+00	3.783257e+16
927	6.868560e+15	4.138858e-02	4.395761e+00	2.114011e+16
928	6.869403e+15	4.718461e-02	5.305346e+00	3.723159e+16
929	6.870076e+15	2.255207e-02	2.570679e+00	9.921969e+15
930	6.870884e+15	2.158557e-02	2.548098e+00	2.194512e+16
931	6.871854e+15	6.082271e-02	6.702085e+00	2.496625e+16
932	6.872518e+15	2.441704e-02	2.599698e+00	1.062592e+16
933	6.873315e+15	2.162021e-02	2.578829e+00	1.065328e+16
934	6.874271e+15	2.162701e-02	2.528175e+00	5.097025e+16
935	6.875419e+15	6.115453e-02	6.730302e+00	5.829858e+15
936	6.876188e+15	2.353580e-02	2.429734e+00	8.754315e+15
937	6.877111e+15	6.295131e-02	8.450687e+00	1.503351e+16
938	6.877633e+15	2.042159e-02	2.427696e+00	4.804829e+15
939	6.878259e+15	2.017562e-02	2.405847e+00	2.241499e+16
940	6.879011e+15	2.125689e-02	2.371328e+00	1.643230e+16
941	6.879912e+15	3.109275e-02	4.078459e+00	3.228207e+16
942	6.880721e+15	2.285205e-02	2.917909e+00	7.568197e+15
943	6.881578e+15	1.542981e-02	2.199114e+00	0.000000e+00
944	6.882607e+15	1.265964e-02	2.244894e+00	1.108325e+16
945	6.883825e+15	9.598725e-03	2.101956e+00	5.334247e+15
946	6.885286e+15	6.449333e-02	9.765686e+00	3.926977e+16
947	6.885952e+15	1.727599e-02	2.689810e+00	1.043722e+16
948	6.886655e+15	1.518863e-02	2.059170e+00	5.100940e+15
949	6.887499e+15	1.554946e-02	2.061115e+00	2.022256e+16
950	6.888512e+15	1.166621e-02	2.086739e+00	2.095962e+16
951	6.889727e+15	2.103017e-02	4.004012e+00	5.234707e+15
952	6.890715e+15	1.910806e-02	4.619470e+00	1.086379e+16
953	6.891448e+15	2.858478e-03	1.936886e+00	3.136192e+16
954	6.892328e+15	3.135237e-03	1.882015e+00	1.566953e+16
955	6.893384e+15	5.089881e-03	2.745374e+00	2.070646e+16
956	6.894415e+15	3.565413e-03	1.688787e+00	5.014154e+15
957	6.895652e+15	4.534710e-03	1.587522e+00	1.240852e+16
958	6.897137e+15	1.127661e-02	5.159108e+00	1.963520e+16
959	6.897981e+15	4.020414e-03	1.257209e+00	1.410395e+16
960	6.898994e+15	7.055842e-03	2.358613e+00	4.803814e+15
961	6.899866e+15	4.981073e-03	1.212809e+00	1.245118e+16
962	6.900913e+15	4.924777e-03	1.200527e+00	0.000000e+00
963	6.902170e+15	1.471218e-02	3.891451e+00	2.588127e+16
964	6.902942e+15	6.232038e-03	1.643474e+00	4.772186e+15
965	6.903707e+15	3.944876e-03	1.236603e+00	4.773857e+15
966	6.904625e+15	3.267686e-03	1.431427e+00	0.000000e+00
967	6.905727e+15	6.453469e-03	3.025602e+00	2.656430e+16
968	6.906595e+15	2.676146e-03	1.955340e+00	5.346278e+15
969	6.907470e+15	1.687543e-03	1.398189e+00	5.068424e+15
970	6.908520e+15	4.796687e-03	4.492318e+00	1.471634e+16
971	6.909132e+15	8.293834e-04	1.398175e+00	4.836246e+15
972	6.909867e+15	1.087872e-03	1.388110e+00	0.000000e+00
973	6.910749e+15	1.029739e-03	1.612586e+00	0.000000e+00
974	6.911735e+15	9.148910e-04	1.418600e+00	9.729564e+15
975	6.912917e+15	6.446494e-04	1.421996e+00	9.940865e+15
976	6.914335e+15	4.050784e-04	2.298214e+00	5.051186e+15
977	6.915736e+15	1.237943e-03	4.450351e+00	1.448441e+16
978	6.916654e+15	7.554913e-04	1.665059e+00	9.508850e+15
979	6.917757e+15	4.921362e-04	1.829958e+00	4.891315e+15
980	6.919019e+15	8.277494e-04	5.077450e+00	1.455729e+16
981	6.919765e+15	1.059826e-04	1.750753e+00	4.771437e+15
982	6.920661e+15	1.399442e-04	1.737883e+00	0.000000e+00
983	6.921736e+15	1.152911e-04	3.382201e+00	9.614134e+15
984	6.922611e+15	0.000000e+00	1.725356e+00	4.797263e+15
985	6.923663e+15	0.000000e+00	1.727311e+00	0.000000e+00
986	6.924924e+15	0.000000e+00	2.651992e+00	4.897364e+15
987	6.926104e+15	3.593020e-04	1.664538e+00	4.786263e+15
988	6.927516e+15	1.288546e-03	6.345538e+00	1.462812e+16
989	6.928233e+15	5.960998e-04	1.632035e+00	0.000000e+00
990	6.929093e+15	3.211025e-03	1.648578e+00	0.000000e+00
991	6.930126e+15	1.299673e-02	3.131087e+00	9.767455e+15
992	6.930997e+15	6.611153e-03	1.605892e+00	9.817126e+15
993	6.932043e+15	1.050608e-02	2.546175e+00	4.932632e+15
994	6.933025e+15	9.629480e-03	2.391623e+00	0.000000e+00
995	6.933969e+15	1.427413e-02	1.608286e+00	0.000000e+00
996	6.935081e+15	1.609539e-02	1.546027e+00	0.000000e+00
997	6.936416e+15	3.710437e-02	4.754025e+00	4.817692e+15
998	6.937234e+15	1.234003e-02	1.541315e+00	4.827552e+15
999	6.938215e+15	1.751661e-02	1.872303e+00	4.824862e+15
1000	6.939286e+15	3.588036e-02	3.018539e+00	4.829942e+15
1001	6.940175e+15	2.636077e-02	2.223257e+00	9.869030e+15
1002	6.941061e+15	1.759062e-02	1.568131e+00	0.000000e+00
1003	6.942125e+15	3.989392e-02	4.657355e+00	9.897026e+15
1004	6.942784e+15	1.101977e-02	1.592056e+00	0.000000e+00
1005	6.943576e+15	7.955377e-03	1.613495e+00	1.977224e+16
1006	6.944526e+15	7.924988e-03	2.580348e+00	0.000000e+00
1007	6.945410e+15	9.082512e-03	3.518757e+00	0.000000e+00
1008	6.946088e+15	9.843514e-03	1.639331e+00	0.000000e+00
1009	6.946902e+15	1.356340e-02	1.654334e+00	0.000000e+00
1010	6.947879e+15	2.157970e-02	1.951596e+00	0.000000e+00
1011	6.948953e+15	1.848683e-02	1.662123e+00	0.000000e+00
1012	6.950243e+15	2.497449e-02	1.679153e+00	0.000000e+00
1013	6.951791e+15	1.174564e-01	7.537995e+00	4.952307e+15
1014	6.952471e+15	2.767359e-02	1.721338e+00	0.000000e+00
1015	6.953286e+15	3.505838e-02	1.937794e+00	0.000000e+00
1016	6.954220e+15	4.626686e-02	1.765824e+00	0.000000e+00
1017	6.955339e+15	5.363337e-02	2.230121e+00	0.000000e+00
1018	6.956524e+15	1.033519e-01	4.609189e+00	4.831148e+15
1019	6.957306e+15	4.910126e-02	1.809150e+00	0.000000e+00
1020	6.958246e+15	5.042117e-02	1.961025e+00	0.000000e+00
1021	6.959334e+15	6.369974e-02	2.386272e+00	9.718292e+15
1022	6.960473e+15	6.237109e-02	2.302278e+00	4.767096e+15
1023	6.961704e+15	8.301870e-02	3.163431e+00	0.000000e+00
1024	6.962817e+15	8.513232e-02	3.146050e+00	4.796939e+15
1025	6.963835e+15	5.542057e-02	2.135136e+00	4.717408e+15
1026	6.965013e+15	7.127622e-02	3.240960e+00	4.770496e+15
1027	6.966077e+15	5.988986e-02	2.150881e+00	9.403642e+15
1028	6.967321e+15	7.385552e-02	2.880867e+00	4.680884e+15
1029	6.968562e+15	7.185614e-02	3.293817e+00	9.447389e+15
1030	6.969709e+15	6.011123e-02	3.198486e+00	4.723053e+15
1031	6.970798e+15	7.368144e-02	4.473656e+00	0.000000e+00
1032	6.971632e+15	2.822080e-02	2.185921e+00	0.000000e+00
1033	6.972634e+15	2.731246e-02	2.263535e+00	1.409318e+16
1034	6.973813e+15	4.195491e-02	3.335759e+00	1.889625e+16
1035	6.974901e+15	2.671781e-02	2.327282e+00	7.398973e+15
1036	6.976153e+15	3.814162e-02	3.511690e+00	0.000000e+00
1037	6.977294e+15	2.388770e-02	2.221327e+00	4.664699e+15
1038	6.978663e+15	5.051191e-02	4.570974e+00	1.800999e+16
1039	6.979711e+15	3.551512e-02	3.901850e+00	4.637249e+15
1040	6.980612e+15	1.660669e-02	2.239956e+00	4.470835e+15
1041	6.981694e+15	2.669578e-02	3.642247e+00	0.000000e+00
1042	6.982654e+15	2.691841e-02	3.176762e+00	1.416369e+16
1043	6.983572e+15	1.784180e-02	2.163106e+00	4.705278e+15
1044	6.984674e+15	1.248160e-02	2.136595e+00	4.727438e+15
1045	6.985997e+15	3.057054e-02	6.135389e+00	0.000000e+00
1046	6.986776e+15	6.514981e-03	2.028636e+00	0.000000e+00
1047	6.987711e+15	6.777324e-03	2.181642e+00	9.416280e+15
1048	6.988781e+15	6.066854e-03	1.958571e+00	0.000000e+00
1049	6.990064e+15	1.728345e-02	5.375072e+00	1.421999e+16
1050	6.990855e+15	7.240202e-03	2.093418e+00	0.000000e+00
1051	6.991745e+15	5.972943e-03	2.229882e+00	0.000000e+00
1052	6.992705e+15	6.725190e-03	3.087718e+00	0.000000e+00
1053	6.993546e+15	4.269816e-03	1.755889e+00	0.000000e+00
1054	6.994555e+15	7.181211e-03	2.679361e+00	9.600480e+15
1055	6.995507e+15	1.109276e-02	4.527369e+00	4.754725e+15
1056	6.996135e+15	3.411169e-03	1.699591e+00	0.000000e+00
1057	6.996888e+15	3.747382e-03	1.684495e+00	0.000000e+00
1058	6.997792e+15	5.330847e-03	2.392630e+00	9.687375e+15
1059	6.998675e+15	2.998803e-03	1.629124e+00	0.000000e+00
1060	6.999734e+15	3.444317e-03	2.724216e+00	0.000000e+00
1061	7.000667e+15	2.001589e-03	2.460540e+00	0.000000e+00
1062	7.001536e+15	5.814984e-04	1.518659e+00	0.000000e+00
1063	7.002578e+15	7.844091e-04	1.911471e+00	0.000000e+00
1064	7.003681e+15	1.666967e-03	1.701753e+00	4.701868e+15
1065	7.004909e+15	6.390470e-03	4.819269e+00	0.000000e+00
1066	7.005618e+15	2.189741e-03	1.458560e+00	0.000000e+00
1067	7.006469e+15	1.401233e-03	1.450801e+00	0.000000e+00
1068	7.007491e+15	3.441508e-03	2.800151e+00	0.000000e+00
1069	7.008349e+15	3.006729e-03	2.335885e+00	9.700965e+15
1070	7.009152e+15	1.499217e-03	1.752930e+00	0.000000e+00
1071	7.010018e+15	1.087248e-03	1.770210e+00	9.407119e+15
1072	7.010937e+15	1.258949e-03	1.432557e+00	0.000000e+00
1073	7.012003e+15	2.012173e-03	3.137972e+00	4.833295e+15
1074	7.012800e+15	1.337163e-03	2.992161e+00	4.767061e+15
1075	7.013404e+15	3.786673e-04	1.234002e+00	0.000000e+00
1076	7.014129e+15	4.143632e-04	1.221726e+00	0.000000e+00
1077	7.014999e+15	5.475631e-04	1.213059e+00	0.000000e+00
1078	7.016043e+15	5.613376e-04	1.197865e+00	0.000000e+00
1079	7.017296e+15	8.699656e-04	4.424465e+00	9.386805e+15
1080	7.017994e+15	1.933311e-04	2.119751e+00	0.000000e+00
1081	7.018618e+15	0.000000e+00	1.121243e+00	4.675709e+15
1082	7.019366e+15	0.000000e+00	1.113526e+00	4.727546e+15
1083	7.020264e+15	0.000000e+00	1.061666e+00	4.709466e+15
1084	7.021341e+15	0.000000e+00	1.684503e+00	0.000000e+00
1085	7.022393e+15	0.000000e+00	1.077343e+00	0.000000e+00
1086	7.023654e+15	0.000000e+00	1.083274e+00	0.000000e+00
1087	7.025169e+15	0.000000e+00	1.909965e+00	0.000000e+00
1088	7.026558e+15	0.000000e+00	2.387335e+00	4.690844e+15
1089	7.027694e+15	0.000000e+00	1.200882e+00	0.000000e+00
1090	7.029056e+15	0.000000e+00	3.829534e+00	0.000000e+00
1091	7.029985e+15	0.000000e+00	1.399014e+00	4.634906e+15
1092	7.031099e+15	0.000000e+00	1.527400e+00	0.000000e+00
1093	7.032436e+15	0.000000e+00	1.627996e+00	0.000000e+00
1094	7.034041e+15	0.000000e+00	5.671000e+00	1.296923e+16
1095	7.034991e+15	0.000000e+00	1.537804e+00	2.574994e+15
1096	7.036130e+15	0.000000e+00	3.922198e+00	3.090585e+16
1097	7.036968e+15	0.000000e+00	1.450507e+00	9.966710e+15
1098	7.037972e+15	0.000000e+00	1.291660e+00	1.036332e+16
1099	7.039177e+15	0.000000e+00	1.155771e+00	3.146048e+16
1100	7.040624e+15	0.000000e+00	2.271263e+00	4.889508e+16
1101	7.041882e+15	0.000000e+00	2.738494e+00	5.209917e+16
1102	7.042842e+15	0.000000e+00	8.607340e-01	2.510561e+16
1103	7.043994e+15	0.000000e+00	8.338812e-01	2.142788e+16
1104	7.045377e+15	0.000000e+00	1.611080e+00	4.527021e+16
1105	7.046690e+15	0.000000e+00	8.713389e-01	1.376365e+16
1106	7.048266e+15	0.000000e+00	5.963454e+00	6.893503e+16
1107	7.049022e+15	0.000000e+00	1.129930e+00	2.278584e+16
1108	7.049930e+15	0.000000e+00	1.164966e+00	2.000202e+16
1109	7.051020e+15	0.000000e+00	1.229422e+00	3.308132e+16
1110	7.052327e+15	0.000000e+00	1.281078e+00	2.594891e+16
1111	7.053896e+15	0.000000e+00	2.694271e+00	4.109009e+16
1112	7.055260e+15	0.000000e+00	1.329923e+00	1.956942e+16
1113	7.056897e+15	0.000000e+00	1.435594e+00	1.828628e+16
1114	7.058829e+15	0.000000e+00	2.911151e+00	6.048425e+16
1115	7.060418e+15	0.000000e+00	3.526478e+00	5.934126e+16
1116	7.061496e+15	0.000000e+00	8.915852e-01	1.835385e+16
1117	7.062789e+15	0.000000e+00	1.171866e+00	3.444353e+16
1118	7.064183e+15	0.000000e+00	7.490577e-01	1.159136e+16
1119	7.065857e+15	0.000000e+00	1.417892e+00	5.134986e+16
1120	7.067602e+15	0.000000e+00	1.752556e+00	6.621743e+16
1121	7.069401e+15	0.000000e+00	2.011089e+00	4.543867e+16
1122	7.071157e+15	0.000000e+00	4.452877e+00	4.735777e+16
1123	7.072252e+15	0.000000e+00	1.078848e+00	1.776783e+16
1124	7.073566e+15	0.000000e+00	1.410390e+00	1.077964e+16
1125	7.074921e+15	0.000000e+00	8.666827e-01	2.148396e+16
1126	7.076546e+15	0.000000e+00	9.162915e-01	1.229842e+16
1127	7.078265e+15	0.000000e+00	1.776136e+00	1.790426e+16
1128	7.079559e+15	0.000000e+00	4.163836e-01	1.453001e+16
1129	7.081112e+15	0.000000e+00	5.381773e-01	2.072937e+16
1130	7.082595e+15	0.000000e+00	6.110510e-01	1.352957e+16
1131	7.083947e+15	0.000000e+00	4.685086e-01	6.805665e+15
1132	7.085290e+15	0.000000e+00	2.640831e-01	4.636575e+15
1133	7.086903e+15	0.000000e+00	1.626608e+00	2.578503e+16
1134	7.087886e+15	0.000000e+00	2.568479e-01	2.114279e+15
1135	7.089067e+15	0.000000e+00	2.977663e-01	2.090754e+16
1136	7.090483e+15	0.000000e+00	1.030937e+00	3.185197e+16
1137	7.091650e+15	0.000000e+00	3.858083e-01	6.687089e+15
1138	7.093051e+15	0.000000e+00	1.425428e+00	3.592119e+16
1139	7.094120e+15	0.000000e+00	4.891408e-01	8.360810e+15
1140	7.095404e+15	0.000000e+00	4.956111e-01	1.920761e+16
1141	7.096944e+15	0.000000e+00	1.007754e+00	3.437004e+16
1142	7.098354e+15	0.000000e+00	7.907251e-01	1.667695e+16
1143	7.099738e+15	0.000000e+00	4.956221e-01	1.118626e+16
1144	7.101281e+15	0.000000e+00	3.752871e-01	1.298028e+16
1145	7.103133e+15	0.000000e+00	1.273602e+00	2.460568e+16
1146	7.104533e+15	0.000000e+00	1.224528e+00	2.334638e+16
1147	7.105594e+15	0.000000e+00	3.302433e-01	6.756827e+15
1148	7.106868e+15	0.000000e+00	6.777971e-01	1.608817e+16
1149	7.108116e+15	0.000000e+00	6.735053e-01	1.417747e+16
1150	7.109295e+15	0.000000e+00	2.815761e-01	8.929568e+15
1151	7.110709e+15	0.000000e+00	3.987821e-01	2.490915e+15
1152	7.112121e+15	0.000000e+00	2.898447e-01	2.134608e+15
1153	7.113585e+15	0.000000e+00	8.169330e-01	9.163927e+15
1154	7.114538e+15	0.000000e+00	1.461573e-01	4.996384e+15
1155	7.115682e+15	0.000000e+00	1.544375e-01	2.233284e+15
1156	7.117055e+15	0.000000e+00	3.595348e-01	6.662269e+15
1157	7.118283e+15	0.000000e+00	1.336341e-01	2.234525e+15
1158	7.119756e+15	0.000000e+00	2.848904e-01	6.828586e+15
1159	7.121157e+15	0.000000e+00	1.993456e-01	0.000000e+00
1160	7.122716e+15	0.000000e+00	2.479697e-01	6.601270e+15
1161	7.124379e+15	0.000000e+00	3.282420e-01	2.112086e+15
1162	7.125988e+15	0.000000e+00	9.472137e-01	8.715250e+15
1163	7.126903e+15	0.000000e+00	8.398025e-02	2.815218e+15
1164	7.128000e+15	0.000000e+00	6.208380e-02	2.252487e+15
1165	7.129318e+15	0.000000e+00	5.367900e-02	0.000000e+00
1166	7.130866e+15	0.000000e+00	6.816502e-02	0.000000e+00
1167	7.132469e+15	0.000000e+00	2.557612e-01	2.175856e+15
1168	7.133437e+15	0.000000e+00	8.406743e-02	0.000000e+00
1169	7.134598e+15	0.000000e+00	8.463404e-02	0.000000e+00
1170	7.135991e+15	0.000000e+00	8.509750e-02	6.233115e+15
1171	7.137663e+15	0.000000e+00	1.552251e-01	0.000000e+00
1172	7.139181e+15	0.000000e+00	1.965524e-01	0.000000e+00
1173	7.140397e+15	0.000000e+00	8.227440e-02	0.000000e+00
1174	7.141856e+15	0.000000e+00	3.021586e-01	0.000000e+00
1175	7.142861e+15	0.000000e+00	1.747149e-01	0.000000e+00
1176	7.143954e+15	0.000000e+00	1.406882e-01	0.000000e+00
1177	7.145266e+15	0.000000e+00	2.504347e-01	7.049209e+15
1178	7.146771e+15	0.000000e+00	3.025748e-01	0.000000e+00
1179	7.148577e+15	0.000000e+00	1.661187e+00	2.121261e+16
1180	7.149464e+15	0.000000e+00	5.741166e-01	0.000000e+00
1181	7.150528e+15	0.000000e+00	8.892621e-01	7.040897e+15
1182	7.151583e+15	0.000000e+00	6.662101e-01	1.409897e+16
1183	7.152849e+15	0.000000e+00	7.598654e-01	1.402747e+16
1184	7.154369e+15	0.000000e+00	2.974459e+00	6.991887e+15
1185	7.155227e+15	0.000000e+00	1.007251e+00	0.000000e+00
1186	7.156258e+15	0.000000e+00	1.027288e+00	6.909985e+15
1187	7.157494e+15	0.000000e+00	1.277309e+00	6.894744e+15
1188	7.158851e+15	0.000000e+00	1.085860e+00	6.840117e+15
1189	7.160480e+15	0.000000e+00	4.779634e+00	3.387694e+16
1190	7.161253e+15	0.000000e+00	1.079501e+00	1.727633e+15
1191	7.162180e+15	0.000000e+00	1.103180e+00	8.536995e+15
1192	7.163293e+15	0.000000e+00	1.613416e+00	1.687908e+15
1193	7.164410e+15	0.000000e+00	1.572695e+00	8.525088e+15
1194	7.165524e+15	0.000000e+00	1.066626e+00	6.698439e+15
1195	7.166862e+15	0.000000e+00	1.548745e+00	1.534471e+16
1196	7.168186e+15	0.000000e+00	1.963641e+00	5.360884e+15
1197	7.169321e+15	0.000000e+00	1.374738e+00	8.646354e+15
1198	7.170501e+15	0.000000e+00	1.869370e+00	1.555235e+16
1199	7.171544e+15	0.000000e+00	1.052771e+00	5.065883e+15
1200	7.172795e+15	0.000000e+00	1.700591e+00	0.000000e+00
1201	7.173967e+15	0.000000e+00	1.069890e+00	3.533304e+15
1202	7.175372e+15	0.000000e+00	2.247825e+00	3.490937e+16
1203	7.176516e+15	0.000000e+00	1.113567e+00	1.841822e+15
1204	7.177889e+15	0.000000e+00	1.660245e+00	1.019777e+16
1205	7.179244e+15	0.000000e+00	3.937141e+00	1.066566e+16
1206	7.180031e+15	0.000000e+00	1.095174e+00	0.000000e+00
1207	7.180975e+15	0.000000e+00	1.648085e+00	3.612793e+15
1208	7.181900e+15	0.000000e+00	1.083884e+00	0.000000e+00
1209	7.183009e+15	0.000000e+00	1.076977e+00	0.000000e+00
1210	7.184340e+15	0.000000e+00	2.453509e+00	3.285393e+15
1211	7.185374e+15	0.000000e+00	1.110222e+00	0.000000e+00
1212	7.186614e+15	0.000000e+00	1.749140e+00	1.625116e+15
1213	7.187835e+15	0.000000e+00	1.186155e+00	3.255830e+15
1214	7.189300e+15	0.000000e+00	2.170708e+00	1.060321e+16
1215	7.190622e+15	0.000000e+00	2.794523e+00	6.946731e+15
1216	7.191674e+15	0.000000e+00	1.177218e+00	4.936565e+15
1217	7.192936e+15	1.109759e-04	2.027011e+00	8.630669e+15
1218	7.194123e+15	9.975068e-04	2.684831e+00	2.612312e+16
1219	7.195089e+15	2.857163e-04	1.155672e+00	8.685516e+15
1220	7.196247e+15	8.284322e-04	2.154966e+00	1.011180e+16
1221	7.197285e+15	2.156536e-03	1.612575e+00	1.724391e+16
1222	7.198347e+15	2.692432e-03	1.087092e+00	5.372959e+15
1223	7.199620e+15	2.686926e-03	1.365103e+00	3.354305e+16
1224	7.201001e+15	2.255571e-03	1.040533e+00	1.816320e+16
1225	7.202657e+15	2.476381e-03	2.248685e+00	4.204541e+16
1226	7.204061e+15	1.327210e-03	1.367101e+00	2.326946e+16
1227	7.205565e+15	4.426967e-03	2.006833e+00	1.486917e+16
1228	7.206906e+15	4.679631e-03	1.353066e+00	1.634122e+16
1229	7.208323e+15	2.321281e-03	9.469496e-01	1.114490e+16
1230	7.210024e+15	3.071687e-03	2.718822e+00	2.739184e+16
1231	7.211262e+15	3.931243e-04	9.148243e-01	4.012015e+15
1232	7.212747e+15	3.313999e-05	1.771753e+00	2.212066e+16
1233	7.214129e+15	0.000000e+00	1.294506e+00	8.083941e+15
1234	7.215623e+15	0.000000e+00	2.617587e+00	1.659575e+16
1235	7.216748e+15	6.304209e-05	8.603578e-01	7.049818e+15
1236	7.218098e+15	1.105024e-05	8.097583e-01	1.138724e+16
1237	7.219719e+15	0.000000e+00	1.133957e+00	2.039619e+16
1238	7.221430e+15	0.000000e+00	2.055621e+00	1.749152e+16
1239	7.222783e+15	0.000000e+00	1.904996e+00	1.029753e+16
1240	7.223853e+15	0.000000e+00	8.672311e-01	9.735746e+15
1241	7.225002e+15	0.000000e+00	5.746846e-01	4.804837e+15
1242	7.226380e+15	0.000000e+00	1.439557e+00	6.099503e+15
1243	7.227583e+15	0.000000e+00	9.279748e-01	0.000000e+00
1244	7.228812e+15	0.000000e+00	4.527716e-01	1.915267e+16
1245	7.230286e+15	0.000000e+00	5.581462e-01	3.230780e+15
1246	7.231932e+15	0.000000e+00	9.881637e-01	5.336097e+15
1247	7.233443e+15	0.000000e+00	1.655432e+00	1.039300e+16
1248	7.234563e+15	0.000000e+00	3.909456e-01	0.000000e+00
1249	7.235907e+15	0.000000e+00	7.142980e-01	3.424299e+15
1250	7.237281e+15	0.000000e+00	4.570851e-01	0.000000e+00
1251	7.238847e+15	0.000000e+00	1.365627e+00	3.469917e+15
1252	7.240054e+15	0.000000e+00	1.196815e+00	1.642969e+15
1253	7.241052e+15	0.000000e+00	3.240104e-01	0.000000e+00
1254	7.242249e+15	0.000000e+00	3.118558e-01	0.000000e+00
1255	7.243686e+15	0.000000e+00	5.536948e-01	6.941331e+15
1256	7.245144e+15	0.000000e+00	2.681996e-01	0.000000e+00
1257	7.246893e+15	0.000000e+00	1.045089e+00	0.000000e+00
1258	7.248269e+15	0.000000e+00	4.335490e-01	8.838546e+15
1259	7.249713e+15	0.000000e+00	6.989660e-01	0.000000e+00
1260	7.251015e+15	0.000000e+00	3.226623e-01	0.000000e+00
1261	7.252502e+15	0.000000e+00	4.497340e-01	6.978679e+15
1262	7.254018e+15	0.000000e+00	7.726118e-01	0.000000e+00
1263	7.255231e+15	0.000000e+00	2.596025e-01	6.737847e+15
1264	7.256686e+15	0.000000e+00	4.783264e-01	0.000000e+00
1265	7.258068e+15	0.000000e+00	3.706193e-01	0.000000e+00
1266	7.259494e+15	0.000000e+00	4.280960e-01	0.000000e+00
1267	7.260858e+15	0.000000e+00	2.253997e-01	0.000000e+00
1268	7.262496e+15	0.000000e+00	4.913175e-01	0.000000e+00
1269	7.263914e+15	0.000000e+00	4.984575e-01	0.000000e+00
1270	7.265136e+15	0.000000e+00	2.449451e-01	0.000000e+00
1271	7.266546e+15	0.000000e+00	3.032763e-01	0.000000e+00
1272	7.268040e+15	0.000000e+00	5.914743e-01	0.000000e+00
1273	7.269202e+15	0.000000e+00	2.133957e-01	0.000000e+00
1274	7.270596e+15	0.000000e+00	5.782016e-01	0.000000e+00
1275	7.271646e+15	0.000000e+00	1.934998e-01	0.000000e+00
1276	7.272905e+15	0.000000e+00	1.958223e-01	0.000000e+00
1277	7.274417e+15	0.000000e+00	5.082875e-01	6.721647e+15
1278	7.275598e+15	0.000000e+00	1.926715e-01	0.000000e+00
1279	7.277016e+15	0.000000e+00	2.217516e-01	0.000000e+00
1280	7.278611e+15	0.000000e+00	3.579747e-01	0.000000e+00
1281	7.280094e+15	0.000000e+00	1.827917e-01	0.000000e+00
1282	7.281874e+15	0.000000e+00	4.828556e-01	0.000000e+00
1283	7.283246e+15	0.000000e+00	2.042078e-01	0.000000e+00
1284	7.284774e+15	0.000000e+00	3.135676e-01	0.000000e+00
1285	7.286166e+15	0.000000e+00	1.624888e-01	0.000000e+00
1286	7.287782e+15	0.000000e+00	3.005669e-01	0.000000e+00
1287	7.289243e+15	0.000000e+00	3.206550e-01	0.000000e+00
1288	7.290534e+15	0.000000e+00	1.430000e-01	0.000000e+00
1289	7.292082e+15	0.000000e+00	3.868950e-01	0.000000e+00
1290	7.293242e+15	0.000000e+00	1.383023e-01	5.934548e+15
1291	7.294634e+15	0.000000e+00	1.822955e-01	5.930672e+15
1292	7.296204e+15	0.000000e+00	1.623766e-01	0.000000e+00
1293	7.298015e+15	0.000000e+00	2.601064e-01	5.920876e+15
1294	7.299794e+15	0.000000e+00	5.126938e-01	5.930828e+15
1295	7.301067e+15	0.000000e+00	1.913960e-01	0.000000e+00
1296	7.302531e+15	0.000000e+00	5.276722e-01	0.000000e+00
1297	7.303536e+15	0.000000e+00	1.772229e-01	0.000000e+00
1298	7.304743e+15	0.000000e+00	1.944055e-01	0.000000e+00
1299	7.306156e+15	0.000000e+00	1.858023e-01	0.000000e+00
1300	7.307852e+15	0.000000e+00	3.432870e-01	0.000000e+00
1301	7.309382e+15	0.000000e+00	3.582812e-01	0.000000e+00
1302	7.310720e+15	0.000000e+00	2.006480e-01	0.000000e+00
1303	7.312300e+15	0.000000e+00	4.700285e-01	0.000000e+00
1304	7.313601e+15	0.000000e+00	4.153039e-01	6.230257e+15
1305	7.314788e+15	0.000000e+00	2.980244e-01	0.000000e+00
1306	7.316073e+15	0.000000e+00	3.420536e-01	0.000000e+00
1307	7.317367e+15	0.000000e+00	3.345826e-01	0.000000e+00
1308	7.318811e+15	0.000000e+00	4.769301e-01	6.034492e+15
1309	7.320213e+15	0.000000e+00	6.557792e-01	0.000000e+00
1310	7.321387e+15	0.000000e+00	3.940005e-01	0.000000e+00
1311	7.322682e+15	0.000000e+00	4.631841e-01	1.671933e+16
1312	7.323991e+15	0.000000e+00	3.581425e-01	0.000000e+00
1313	7.325561e+15	0.000000e+00	4.950982e-01	1.205027e+16
1314	7.327151e+15	0.000000e+00	5.689093e-01	0.000000e+00
1315	7.328599e+15	0.000000e+00	4.585125e-01	0.000000e+00
1316	7.330029e+15	0.000000e+00	6.588465e-01	0.000000e+00
1317	7.331157e+15	0.000000e+00	6.055826e-01	0.000000e+00
1318	7.332137e+15	0.000000e+00	3.261435e-01	0.000000e+00
1319	7.333312e+15	0.000000e+00	5.792510e-01	0.000000e+00
1320	7.334408e+15	0.000000e+00	3.263983e-01	0.000000e+00
1321	7.335723e+15	0.000000e+00	5.947124e-01	0.000000e+00
1322	7.336887e+15	0.000000e+00	3.619584e-01	6.276074e+15
1323	7.338184e+15	0.000000e+00	4.071753e-01	6.311718e+15
1324	7.339551e+15	0.000000e+00	3.703730e-01	0.000000e+00
1325	7.341054e+15	0.000000e+00	7.573820e-01	0.000000e+00
1326	7.342207e+15	0.000000e+00	2.889823e-01	0.000000e+00
1327	7.343589e+15	0.000000e+00	3.797169e-01	0.000000e+00
1328	7.345082e+15	0.000000e+00	7.016921e-01	6.382606e+15
1329	7.346249e+15	0.000000e+00	4.714376e-01	0.000000e+00
1330	7.347402e+15	0.000000e+00	3.299323e-01	6.462858e+15
1331	7.348785e+15	0.000000e+00	3.806243e-01	0.000000e+00
1332	7.350384e+15	0.000000e+00	7.261199e-01	6.423317e+15
1333	7.351744e+15	0.000000e+00	7.534699e-01	6.344082e+15
1334	7.352842e+15	0.000000e+00	3.212818e-01	0.000000e+00
1335	7.354161e+15	0.000000e+00	7.227752e-01	0.000000e+00
1336	7.355258e+15	0.000000e+00	3.495848e-01	0.000000e+00
1337	7.356576e+15	0.000000e+00	4.774910e-01	6.435360e+15
1338	7.357978e+15	0.000000e+00	5.398614e-01	0.000000e+00
1339	7.359427e+15	0.000000e+00	6.453039e-01	1.289075e+16
1340	7.360898e+15	0.000000e+00	8.529231e-01	6.597638e+15
1341	7.362201e+15	0.000000e+00	8.123889e-01	1.281764e+16
1342	7.363426e+15	0.000000e+00	5.605547e-01	0.000000e+00
1343	7.364793e+15	0.000000e+00	5.371855e-01	0.000000e+00
1344	7.366384e+15	0.000000e+00	7.283648e-01	6.524410e+15
1345	7.367910e+15	0.000000e+00	1.226216e+00	1.117028e+16
1346	7.368982e+15	0.000000e+00	4.970748e-01	0.000000e+00
1347	7.370267e+15	0.000000e+00	5.007361e-01	6.726752e+15
1348	7.371810e+15	0.000000e+00	9.344028e-01	0.000000e+00
1349	7.373077e+15	0.000000e+00	4.906036e-01	0.000000e+00
1350	7.374597e+15	0.000000e+00	6.383327e-01	0.000000e+00
1351	7.376145e+15	0.000000e+00	7.719527e-01	0.000000e+00
1352	7.377507e+15	0.000000e+00	6.841242e-01	0.000000e+00
1353	7.378789e+15	0.000000e+00	6.721359e-01	0.000000e+00
1354	7.380035e+15	0.000000e+00	6.220531e-01	0.000000e+00
1355	7.381480e+15	0.000000e+00	1.033774e+00	0.000000e+00
1356	7.382684e+15	0.000000e+00	5.511800e-01	7.537620e+15
1357	7.384129e+15	0.000000e+00	7.013770e-01	0.000000e+00
1358	7.385609e+15	0.000000e+00	6.611231e-01	0.000000e+00
1359	7.387142e+15	0.000000e+00	7.502255e-01	0.000000e+00
1360	7.388696e+15	0.000000e+00	1.405847e+00	4.767866e+15
1361	7.389892e+15	0.000000e+00	1.166639e+00	0.000000e+00
1362	7.391160e+15	0.000000e+00	1.424692e+00	1.533570e+16
1363	7.392373e+15	0.000000e+00	1.430089e+00	2.264180e+16
1364	7.393571e+15	0.000000e+00	1.249292e+00	0.000000e+00
1365	7.394874e+15	0.000000e+00	1.032031e+00	0.000000e+00
1366	7.396438e+15	0.000000e+00	1.185429e+00	0.000000e+00
1367	7.398283e+15	0.000000e+00	1.573885e+00	0.000000e+00
1368	7.400094e+15	0.000000e+00	2.630559e+00	0.000000e+00
1369	7.401340e+15	0.000000e+00	1.332156e+00	0.000000e+00
1370	7.402763e+15	0.000000e+00	1.796132e+00	7.390760e+15
1371	7.404089e+15	0.000000e+00	1.399082e+00	0.000000e+00
1372	7.405614e+15	0.000000e+00	1.689701e+00	0.000000e+00
1373	7.407210e+15	0.000000e+00	2.165013e+00	7.550268e+15
1374	7.408595e+15	0.000000e+00	1.819250e+00	0.000000e+00
1375	7.409995e+15	0.000000e+00	1.386594e+00	7.521845e+15
1376	7.411657e+15	0.000000e+00	2.278587e+00	0.000000e+00
1377	7.413019e+15	0.000000e+00	1.348695e+00	0.000000e+00
1378	7.414588e+15	0.000000e+00	2.138884e+00	0.000000e+00
1379	7.415901e+15	0.000000e+00	1.271047e+00	0.000000e+00
1380	7.417477e+15	0.000000e+00	1.534466e+00	0.000000e+00
1381	7.419105e+15	0.000000e+00	1.816757e+00	4.862670e+15
1382	7.420563e+15	0.000000e+00	1.940773e+00	6.893378e+15
1383	7.421832e+15	0.000000e+00	1.237356e+00	0.000000e+00
1384	7.423355e+15	0.000000e+00	1.518526e+00	0.000000e+00
1385	7.424921e+15	0.000000e+00	1.241436e+00	7.260240e+15
1386	7.426715e+15	0.000000e+00	2.346369e+00	0.000000e+00
1387	7.427990e+15	0.000000e+00	1.108761e+00	0.000000e+00
1388	7.429520e+15	0.000000e+00	1.670402e+00	7.386039e+15
1389	7.430867e+15	0.000000e+00	1.015814e+00	0.000000e+00
1390	7.432484e+15	0.000000e+00	1.594803e+00	0.000000e+00
1391	7.433855e+15	0.000000e+00	9.233435e-01	0.000000e+00
1392	7.435500e+15	0.000000e+00	1.353511e+00	0.000000e+00
1393	7.437055e+15	0.000000e+00	1.947556e+00	1.353324e+16
1394	7.438251e+15	0.000000e+00	1.146161e+00	6.743198e+15
1395	7.439639e+15	0.000000e+00	1.032556e+00	6.698400e+15
1396	7.441305e+15	0.000000e+00	1.308667e+00	7.373118e+15
1397	7.442999e+15	0.000000e+00	1.892885e+00	0.000000e+00
1398	7.444296e+15	0.000000e+00	1.397946e+00	0.000000e+00
1399	7.445541e+15	0.000000e+00	9.521224e-01	0.000000e+00
1400	7.447035e+15	0.000000e+00	8.989459e-01	0.000000e+00
1401	7.448828e+15	0.000000e+00	1.973533e+00	0.000000e+00
1402	7.450037e+15	0.000000e+00	7.792753e-01	0.000000e+00
1403	7.451487e+15	0.000000e+00	8.959688e-01	0.000000e+00
1404	7.453216e+15	0.000000e+00	1.782840e+00	0.000000e+00
1405	7.454906e+15	0.000000e+00	3.217417e+00	7.382429e+16
1406	7.456479e+15	0.000000e+00	3.936054e+00	8.692480e+16
1407	7.458082e+15	0.000000e+00	3.815977e+00	8.430274e+16
1408	7.459972e+15	0.000000e+00	5.121004e+00	7.819062e+16
1409	7.462042e+15	0.000000e+00	9.934751e+00	1.498242e+17
1410	7.463770e+15	0.000000e+00	7.524179e+00	1.179160e+17
1411	7.465694e+15	0.000000e+00	1.189124e+01	1.141218e+17
1412	7.467414e+15	0.000000e+00	1.203253e+01	5.680363e+16
1413	7.469013e+15	0.000000e+00	1.472964e+01	6.870015e+16
1414	7.470376e+15	0.000000e+00	8.793856e+00	5.063807e+16
1415	7.472013e+15	0.000000e+00	1.439779e+01	3.988276e+16
1416	7.473493e+15	0.000000e+00	1.342537e+01	3.395025e+16
1417	7.474926e+15	0.000000e+00	1.642388e+01	3.924895e+16
1418	7.476170e+15	0.000000e+00	1.047866e+01	2.220491e+16
1419	7.477663e+15	0.000000e+00	2.416098e+01	4.484851e+16
1420	7.478721e+15	0.000000e+00	1.164015e+01	2.257469e+16
1421	7.479991e+15	0.000000e+00	1.181056e+01	2.886964e+16
1422	7.481515e+15	0.000000e+00	1.594132e+01	4.478512e+16
1423	7.483028e+15	0.000000e+00	1.162573e+01	3.303700e+16
1424	7.484843e+15	0.000000e+00	2.738061e+01	2.265173e+16
1425	7.486078e+15	0.000000e+00	1.647315e+01	1.166046e+17
1426	7.487559e+15	0.000000e+00	2.647120e+01	2.974117e+17
1427	7.489019e+15	1.452191e-03	2.304984e+01	2.161983e+17
1428	7.490772e+15	4.009521e-02	3.528312e+01	2.205416e+17
1429	7.492474e+15	4.701613e-02	3.802973e+01	2.406247e+17
1430	7.494214e+15	9.623096e-03	5.654997e+01	2.498839e+17
1431	7.495666e+15	1.880541e-01	3.701989e+01	1.378294e+17
1432	7.497408e+15	3.627097e-01	7.022856e+01	2.616385e+17
1433	7.498808e+15	4.756379e-01	4.271627e+01	9.825088e+16
1434	7.500487e+15	5.418012e-01	5.511295e+01	1.615375e+17
1435	7.502238e+15	2.397714e-01	5.354865e+01	1.520997e+17
1436	7.504167e+15	3.870883e-01	7.994091e+01	1.432881e+17
1437	7.505760e+15	2.504760e-01	6.848271e+01	1.064321e+17
1438	7.507214e+15	9.895630e-02	4.627669e+01	8.171751e+16
1439	7.508958e+15	9.591854e-02	5.535291e+01	1.526814e+17
1440	7.510784e+15	2.130307e-01	7.335265e+01	1.150752e+17
1441	7.512273e+15	2.644224e-01	5.655786e+01	6.253734e+16
1442	7.513677e+15	3.187637e-01	3.741900e+01	3.923429e+16
1443	7.515363e+15	5.175078e-01	3.536130e+01	6.577568e+16
1444	7.517386e+15	1.280643e+00	7.064833e+01	8.723687e+16
1445	7.518788e+15	6.985791e-01	2.997958e+01	6.088863e+16
1446	7.520471e+15	6.861242e-01	2.934733e+01	7.692821e+16
1447	7.522443e+15	9.695960e-01	3.443930e+01	1.172976e+17
1448	7.524411e+15	1.550552e+00	4.148857e+01	1.300751e+17
1449	7.526062e+15	1.290657e+00	2.352014e+01	9.053688e+16
1450	7.528043e+15	1.713909e+00	2.942407e+01	1.219995e+17
1451	7.530066e+15	1.423023e+00	2.175669e+01	7.942393e+16
1452	7.532488e+15	1.858572e+00	2.996146e+01	9.070891e+16
1453	7.534799e+15	2.512974e+00	4.287462e+01	5.879866e+16
1454	7.536449e+15	1.214517e+00	2.180230e+01	5.804481e+16
1455	7.538252e+15	8.645382e-01	1.760697e+01	5.754573e+16
1456	7.540416e+15	1.357053e+00	2.702296e+01	7.441937e+16
1457	7.542334e+15	8.796491e-01	2.017436e+01	4.915947e+16
1458	7.544357e+15	9.472361e-01	2.177025e+01	6.408235e+16
1459	7.546382e+15	8.003854e-01	2.124326e+01	2.763592e+16
1460	7.548444e+15	1.073281e+00	3.222976e+01	5.373703e+16
1461	7.550003e+15	4.605272e-01	1.663822e+01	6.665663e+16
1462	7.551809e+15	4.396340e-01	1.686065e+01	2.920498e+16
1463	7.553847e+15	1.275527e+00	4.603813e+01	5.427041e+16
1464	7.554951e+15	3.449218e-01	1.356752e+01	1.800506e+16
1465	7.556276e+15	3.055731e-01	1.302636e+01	1.215279e+16
1466	7.557852e+15	3.004877e-01	1.430101e+01	3.596104e+16
1467	7.559574e+15	3.535902e-01	1.799022e+01	2.451605e+16
1468	7.561156e+15	1.652955e-01	1.072474e+01	1.791698e+16
1469	7.563054e+15	3.586515e-01	2.517716e+01	4.184951e+16
1470	7.564378e+15	1.180961e-01	1.003840e+01	1.210688e+16
1471	7.565967e+15	1.767262e-01	1.357663e+01	3.003521e+16
1472	7.567583e+15	2.077530e-01	1.674202e+01	4.771315e+16
1473	7.569035e+15	1.010869e-01	1.015121e+01	2.371638e+16
1474	7.570777e+15	7.326465e-02	1.386298e+01	1.807980e+16
1475	7.572539e+15	1.519497e-01	2.137530e+01	4.236164e+16
1476	7.573900e+15	9.183766e-02	1.217701e+01	3.639320e+16
1477	7.575387e+15	9.683090e-02	1.409248e+01	2.356103e+16
1478	7.576870e+15	6.175745e-02	1.085342e+01	6.218558e+15
1479	7.578564e+15	5.297081e-02	1.410211e+01	1.200288e+16
1480	7.580206e+15	2.321414e-02	1.350159e+01	1.193142e+16
1481	7.581828e+15	1.705256e-02	1.535936e+01	5.999177e+15
1482	7.583290e+15	1.124050e-02	1.127981e+01	1.793573e+16
1483	7.584846e+15	6.724525e-03	8.754438e+00	2.358808e+16
1484	7.586713e+15	2.200957e-02	1.506782e+01	6.026686e+15
1485	7.588329e+15	1.930925e-02	1.147802e+01	2.391545e+16
1486	7.589952e+15	9.032946e-03	8.018209e+00	6.062562e+15
1487	7.591894e+15	6.655633e-03	1.014279e+01	1.209398e+16
1488	7.593930e+15	1.001900e-02	1.315699e+01	1.311225e+17
1489	7.595943e+15	1.063692e-01	2.364721e+01	2.405715e+17
1490	7.597452e+15	1.227809e-01	1.153141e+01	7.445197e+16
1491	7.599263e+15	1.523875e-01	1.350528e+01	9.629376e+16
1492	7.601208e+15	1.668945e-01	1.643499e+01	9.089159e+16
1493	7.603036e+15	9.550969e-02	1.088650e+01	6.080039e+16
1494	7.605224e+15	2.020318e-01	2.538248e+01	1.396024e+17
1495	7.606816e+15	7.163729e-02	1.138768e+01	5.676968e+16
1496	7.608726e+15	6.689919e-02	1.135957e+01	9.131384e+16
1497	7.610974e+15	1.050053e-01	2.402087e+01	3.559967e+16
1498	7.612655e+15	7.620969e-03	1.179453e+01	3.351233e+16
1499	7.614673e+15	1.775353e-02	1.630913e+01	3.064201e+16
1500	7.616666e+15	8.442342e-03	1.802171e+01	1.049226e+16
1501	7.618528e+15	3.213701e-04	1.724336e+01	2.614389e+16
1502	7.620289e+15	4.005294e-04	1.639620e+01	1.274821e+16
1503	7.621951e+15	6.651940e-04	1.602091e+01	1.949382e+16
1504	7.623530e+15	3.247086e-03	1.468277e+01	2.040384e+16
1505	7.625042e+15	1.073040e-01	1.280609e+01	1.301848e+16
1506	7.626514e+15	2.230337e-01	1.289288e+01	2.034578e+16
1507	7.627862e+15	3.021515e-01	9.528075e+00	6.880825e+15
1508	7.629243e+15	1.436655e-01	8.466095e+00	7.729709e+15
1509	7.630645e+15	2.363302e-01	9.281179e+00	5.408914e+16
1510	7.632060e+15	4.311326e-01	1.172981e+01	5.555493e+16
1511	7.633468e+15	1.018626e+00	1.596507e+01	9.180834e+16
1512	7.634846e+15	6.140689e-01	1.820346e+01	8.330025e+16
1513	7.636288e+15	6.078801e-01	2.915132e+01	1.069574e+17
1514	7.637422e+15	1.445109e-01	1.768451e+01	4.644427e+16
1515	7.638782e+15	5.537710e-02	2.110820e+01	1.585459e+17
1516	7.640379e+15	8.466130e-02	3.160699e+01	1.926907e+17
1517	7.641852e+15	7.600835e-02	2.280836e+01	7.822930e+16
1518	7.643618e+15	1.645473e-01	4.264045e+01	7.954128e+16
1519	7.644937e+15	9.329723e-02	2.195487e+01	5.638743e+16
1520	7.646520e+15	2.044945e-01	2.140292e+01	7.141177e+16
1521	7.648411e+15	2.235576e-01	2.437388e+01	6.732637e+16
1522	7.650497e+15	2.739145e-01	3.077712e+01	1.087182e+17
1523	7.652364e+15	1.759673e-01	1.858009e+01	4.215451e+16
1524	7.654604e+15	6.172451e-01	5.660000e+01	1.283228e+17
1525	7.655695e+15	2.343052e-01	1.594403e+01	7.932697e+15
1526	7.657004e+15	2.405745e-01	1.564557e+01	1.440907e+16
1527	7.658574e+15	2.712846e-01	1.590659e+01	2.170024e+16
1528	7.660459e+15	2.757914e-01	1.575445e+01	8.748952e+16
1529	7.662720e+15	6.638755e-01	3.758510e+01	5.621617e+16
1530	7.664164e+15	2.660186e-01	1.572749e+01	3.219786e+16
1531	7.665897e+15	2.666639e-01	1.640587e+01	3.330002e+16
1532	7.667906e+15	2.451100e-01	1.606602e+01	8.062265e+16
1533	7.670249e+15	2.586165e-01	1.914259e+01	1.282136e+17
1534	7.672607e+15	2.073606e-01	1.734232e+01	9.520650e+16
1535	7.675135e+15	2.778748e-01	2.403547e+01	6.482080e+16
1536	7.677280e+15	1.767063e-01	1.501292e+01	8.236857e+16
1537	7.679778e+15	1.885565e-01	1.960243e+01	8.532982e+16
1538	7.682204e+15	1.676838e-01	1.854302e+01	6.334211e+16
1539	7.684575e+15	3.605919e-01	2.647007e+01	5.430525e+16
1540	7.686294e+15	2.390959e-01	1.255632e+01	1.408206e+16
1541	7.688356e+15	2.788982e-01	1.404309e+01	6.383115e+16
1542	7.690651e+15	4.797264e-01	2.751928e+01	8.667626e+16
1543	7.692166e+15	1.691520e-01	1.146754e+01	5.244771e+16
1544	7.693984e+15	1.490102e-01	1.108033e+01	6.214670e+16
1545	7.696165e+15	1.662538e-01	1.516986e+01	7.061181e+16
1546	7.698283e+15	1.278395e-01	1.191636e+01	5.739734e+16
1547	7.700648e+15	1.714904e-01	1.419630e+01	8.118777e+16
1548	7.702906e+15	1.393019e-01	1.169705e+01	4.743220e+16
1549	7.705215e+15	1.336544e-01	1.057209e+01	4.786120e+16
1550	7.707594e+15	1.814731e-01	1.076575e+01	4.874196e+16
1551	7.709775e+15	1.571723e-01	8.301423e+00	6.828741e+16
1552	7.712053e+15	1.213547e-01	7.963999e+00	3.695525e+16
1553	7.714457e+15	3.812618e-01	1.736431e+01	4.682894e+16
1554	7.715824e+15	1.498688e-01	5.656082e+00	1.285870e+16
1555	7.717465e+15	2.138090e-01	6.720605e+00	3.156885e+16
1556	7.719191e+15	2.153307e-01	5.232689e+00	3.015965e+16
1557	7.721262e+15	2.046143e-01	5.638901e+00	5.321504e+16
1558	7.723591e+15	2.195750e-01	6.618254e+00	4.510496e+16
1559	7.725879e+15	1.518595e-01	6.195001e+00	4.993401e+16
1560	7.728168e+15	1.320863e-01	8.725056e+00	3.902007e+16
1561	7.730011e+15	4.897675e-02	5.710595e+00	8.817625e+16
1562	7.732222e+15	7.020242e-02	9.967639e+00	1.066398e+17
1563	7.734272e+15	4.996185e-02	9.059593e+00	1.520080e+17
1564	7.736511e+15	4.777183e-02	1.035879e+01	8.569789e+16
1565	7.738801e+15	8.948750e-02	2.664051e+01	1.062385e+17
1566	7.739964e+15	1.738382e-02	8.822926e+00	2.509424e+16
1567	7.741359e+15	2.250699e-02	8.664571e+00	2.862508e+16
1568	7.743033e+15	2.004781e-02	8.747611e+00	0.000000e+00
1569	7.745009e+15	3.953823e-02	8.989349e+00	4.500851e+16
1570	7.747238e+15	1.056623e-01	1.129767e+01	3.519011e+16
1571	7.749271e+15	1.135494e-01	6.880565e+00	6.923835e+15
1572	7.751710e+15	1.851005e-01	1.036069e+01	2.816917e+16
1573	7.753715e+15	1.363261e-01	7.655165e+00	2.580006e+16
1574	7.755556e+15	8.943218e-02	4.697410e+00	2.660404e+16
1575	7.757765e+15	8.214903e-02	5.220206e+00	3.264222e+16
1576	7.760154e+15	1.006016e-01	5.725700e+00	4.255593e+16
1577	7.762479e+15	1.062611e-01	5.715091e+00	8.559252e+16
1578	7.764766e+15	1.013297e-01	5.400040e+00	1.504611e+17
1579	7.767070e+15	8.802990e-02	5.808925e+00	9.975919e+16
1580	7.769201e+15	7.264935e-02	4.742780e+00	4.601571e+16
1581	7.771391e+15	1.454924e-01	7.401752e+00	5.150275e+16
1582	7.773145e+15	2.043674e-01	1.011949e+01	5.734115e+16
1583	7.774320e+15	1.100431e-01	4.978689e+00	1.034832e+16
1584	7.775731e+15	1.124431e-01	5.935601e+00	1.059981e+17
1585	7.777423e+15	9.956945e-02	6.670290e+00	8.890398e+16
1586	7.779455e+15	1.880563e-01	1.302212e+01	1.325499e+17
1587	7.781183e+15	1.749853e-01	1.092660e+01	9.150918e+16
1588	7.783086e+15	2.599809e-01	1.316236e+01	8.083853e+16
1589	7.784934e+15	3.298346e-01	1.291944e+01	5.453745e+16
1590	7.786811e+15	3.811900e-01	1.351286e+01	3.130742e+16
1591	7.788738e+15	7.723666e-01	1.912002e+01	4.415796e+16
1592	7.790274e+15	4.860152e-01	1.104052e+01	3.216897e+16
1593	7.792118e+15	6.175854e-01	1.166704e+01	1.271356e+16
1594	7.794188e+15	6.846887e-01	9.933787e+00	3.366618e+16
1595	7.796673e+15	9.381725e-01	9.568800e+00	3.556161e+16
1596	7.799654e+15	1.997999e+00	1.311991e+01	7.613762e+16
1597	7.802191e+15	2.735336e+00	1.210644e+01	7.078088e+16
1598	7.804177e+15	1.204335e+00	6.076905e+00	3.190902e+16
1599	7.806561e+15	1.529889e+00	7.809885e+00	6.231727e+16
1600	7.808842e+15	2.935212e+00	1.307400e+01	3.558752e+16
1601	7.810236e+15	1.153223e+00	4.925685e+00	1.331223e+16
1602	7.811910e+15	1.013161e+00	4.787728e+00	2.183511e+16
1603	7.813919e+15	9.191585e-01	4.711006e+00	3.186628e+16
1604	7.816329e+15	2.669503e+00	1.493222e+01	4.347827e+16
1605	7.817571e+15	7.039038e-01	4.780427e+00	2.310866e+16
1606	7.819062e+15	5.912368e-01	4.655025e+00	4.590217e+16
1607	7.820850e+15	4.502273e-01	4.502674e+00	4.810308e+16
1608	7.822997e+15	3.353240e-01	4.656550e+00	1.463205e+16
1609	7.825499e+15	5.290605e-01	8.132970e+00	4.958295e+16
1610	7.827488e+15	1.776401e-01	5.159070e+00	4.067757e+16
1611	7.829642e+15	2.151584e-01	7.410455e+00	7.390147e+16
1612	7.831471e+15	7.256911e-02	4.407878e+00	5.868763e+16
1613	7.833666e+15	9.731747e-02	4.738631e+00	4.066371e+16
1614	7.836135e+15	1.715326e-01	5.871283e+00	4.127272e+16
1615	7.838478e+15	3.856970e-01	1.009648e+01	4.080777e+16
1616	7.839934e+15	1.778142e-01	4.197799e+00	1.686803e+16
1617	7.841681e+15	3.918149e-01	9.399187e+00	2.725095e+16
1618	7.842881e+15	2.633277e-01	4.577375e+00	4.833515e+15
1619	7.844322e+15	3.979672e-01	5.219888e+00	2.550187e+16
1620	7.846051e+15	5.952565e-01	9.150121e+00	6.093853e+16
1621	7.847532e+15	3.821762e-01	7.551470e+00	6.707407e+16
1622	7.849082e+15	3.701069e-01	9.362605e+00	6.495109e+16
1623	7.850544e+15	2.830286e-01	9.547861e+00	4.405741e+16
1624	7.851963e+15	2.302696e-01	9.497587e+00	1.647859e+16
1625	7.853375e+15	3.050295e-01	1.132533e+01	3.945789e+16
1626	7.854604e+15	2.405690e-01	7.248319e+00	3.234485e+16
1627	7.856080e+15	3.591113e-01	8.738104e+00	1.951973e+16
1628	7.857650e+15	5.213661e-01	8.097464e+00	5.887692e+15
1629	7.859401e+15	6.921346e-01	8.229581e+00	2.299231e+16
1630	7.861307e+15	1.518013e+00	1.279065e+01	0.000000e+00
1631	7.862714e+15	9.560362e-01	6.128476e+00	6.896267e+15
1632	7.864402e+15	1.822380e+00	8.253382e+00	0.000000e+00
1633	7.865952e+15	1.315273e+00	4.910263e+00	1.099332e+16
1634	7.867811e+15	1.722238e+00	5.779400e+00	3.481455e+16
1635	7.869640e+15	2.115263e+00	6.013442e+00	2.326845e+16
1636	7.871272e+15	1.326785e+00	3.464128e+00	1.074333e+16
1637	7.873230e+15	1.549738e+00	4.339625e+00	4.295085e+16
1638	7.875167e+15	1.600511e+00	4.592109e+00	3.076878e+16
1639	7.876906e+15	8.163106e-01	2.694637e+00	4.298420e+16
1640	7.878992e+15	8.906016e-01	3.456923e+00	2.431119e+16
1641	7.881096e+15	1.273411e+00	6.233442e+00	5.430761e+16
1642	7.882458e+15	2.717155e-01	2.260482e+00	1.495711e+16
1643	7.884093e+15	4.810166e-01	4.098453e+00	1.801044e+16
1644	7.885409e+15	1.819034e-01	2.010081e+00	2.106801e+16
1645	7.886989e+15	1.709197e-01	2.032368e+00	2.235836e+16
1646	7.888885e+15	2.495185e-01	3.268381e+00	2.071068e+16
1647	7.890632e+15	1.449420e-01	1.945011e+00	3.406123e+16
1648	7.892728e+15	3.332101e-01	4.814789e+00	2.011618e+16
1649	7.894099e+15	1.288626e-01	1.695107e+00	6.913299e+15
1650	7.895745e+15	1.219418e-01	1.831577e+00	2.770141e+16
1651	7.897600e+15	9.548504e-02	1.662330e+00	1.383419e+16
1652	7.899826e+15	4.015018e-01	6.863690e+00	4.438377e+16
1653	7.900894e+15	1.103189e-01	2.293193e+00	1.228989e+16
1654	7.902175e+15	1.080673e-01	2.651078e+00	2.168395e+16
1655	7.903712e+15	1.663957e-01	4.516298e+00	3.789216e+16
1656	7.905171e+15	1.173531e-01	3.993881e+00	5.749939e+16
1657	7.906922e+15	1.886244e-01	7.824146e+00	1.483258e+17
1658	7.908480e+15	2.538706e-01	1.229025e+01	2.493981e+17
1659	7.909674e+15	1.333692e-01	7.969501e+00	1.870042e+17
1660	7.911108e+15	2.101309e-01	1.542397e+01	2.109067e+17
1661	7.912315e+15	1.326895e-01	1.142283e+01	1.920891e+17
1662	7.913764e+15	1.391160e-01	1.329929e+01	2.038489e+17
1663	7.915502e+15	1.216076e-01	1.577382e+01	2.715849e+17
1664	7.917589e+15	1.866128e-01	2.580300e+01	2.848065e+17
1665	7.919551e+15	2.160751e-01	3.544341e+01	2.476215e+17
1666	7.921298e+15	1.619090e-01	3.188110e+01	2.516960e+17
1667	7.923217e+15	1.693633e-01	4.057415e+01	1.818924e+17
1668	7.925018e+15	1.410772e-01	4.292363e+01	9.804840e+16
1669	7.926740e+15	1.355067e-01	4.715835e+01	5.087684e+16
1670	7.928330e+15	1.418497e-01	4.735369e+01	4.242523e+16
1671	7.929800e+15	2.796003e-01	5.225410e+01	4.410047e+16
1672	7.931103e+15	3.732586e-01	4.845862e+01	5.516559e+16
1673	7.932340e+15	5.392538e-01	4.527809e+01	1.986017e+16
1674	7.933543e+15	6.782955e-01	4.428203e+01	6.216387e+15
1675	7.934707e+15	9.073078e-01	4.132940e+01	4.091497e+16
1676	7.935847e+15	1.456295e+00	3.831031e+01	7.329178e+16
1677	7.936981e+15	1.944125e+00	3.520549e+01	5.588850e+16
1678	7.938139e+15	2.812667e+00	3.380560e+01	1.211982e+17
1679	7.939336e+15	2.239615e+00	3.140484e+01	7.249018e+16
1680	7.940593e+15	1.970354e+00	3.132761e+01	4.302725e+16
1681	7.941923e+15	1.681538e+00	3.055610e+01	8.233153e+16
1682	7.943349e+15	1.926578e+00	2.996339e+01	4.285046e+16
1683	7.944879e+15	2.056484e+00	2.875002e+01	3.836302e+16
1684	7.946514e+15	1.862576e+00	2.592703e+01	7.334433e+16
1685	7.948297e+15	1.774899e+00	2.472796e+01	6.176604e+16
1686	7.950190e+15	1.656366e+00	2.334087e+01	6.815699e+16
1687	7.952170e+15	1.591205e+00	2.245080e+01	3.416767e+16
1688	7.954215e+15	1.379120e+00	2.128522e+01	4.304695e+16
1689	7.956299e+15	1.267671e+00	1.971830e+01	1.076339e+17
1690	7.958417e+15	1.261016e+00	1.796852e+01	1.025217e+17
1691	7.960634e+15	1.190927e+00	1.645100e+01	1.321732e+17
1692	7.962982e+15	1.421386e+00	1.647802e+01	1.045635e+17
1693	7.965294e+15	2.021382e+00	1.884337e+01	1.595566e+17
1694	7.967263e+15	1.319119e+00	1.067492e+01	5.506176e+16
1695	7.969625e+15	2.158069e+00	1.562302e+01	1.121255e+17
1696	7.971672e+15	1.632105e+00	1.047532e+01	6.505397e+16
1697	7.973858e+15	2.226613e+00	1.460675e+01	1.136092e+17
1698	7.975637e+15	1.285137e+00	9.063639e+00	7.093611e+16
1699	7.977508e+15	1.498027e+00	1.142115e+01	8.293397e+16
1700	7.979106e+15	7.698551e-01	6.510905e+00	4.225302e+16
1701	7.981025e+15	1.082218e+00	9.226896e+00	6.931508e+16
1702	7.982941e+15	1.027192e+00	7.715228e+00	7.746299e+16
1703	7.985241e+15	1.341305e+00	1.029753e+01	9.333153e+16
1704	7.987628e+15	3.467179e+00	2.583109e+01	1.545624e+17
1705	7.988978e+15	1.177907e+00	9.841948e+00	4.475147e+16
1706	7.990597e+15	1.089484e+00	1.049709e+01	5.647128e+16
1707	7.992539e+15	1.038161e+00	1.167620e+01	1.755273e+17
1708	7.994871e+15	1.247016e+00	1.351548e+01	1.138197e+17
1709	7.997369e+15	9.353691e-01	1.120227e+01	9.818251e+16
1710	8.000210e+15	1.422996e+00	1.786774e+01	1.240713e+17
1711	8.002504e+15	9.797209e-01	1.145873e+01	6.861619e+16
1712	8.004902e+15	2.678214e+00	2.799421e+01	7.800375e+16
1713	8.006143e+15	7.687266e-01	8.488094e+00	3.115887e+16
1714	8.007631e+15	7.185519e-01	8.729010e+00	3.830714e+16
1715	8.009413e+15	1.068546e+00	1.156587e+01	3.695078e+16
1716	8.011186e+15	8.678537e-01	9.166688e+00	5.727390e+16
1717	8.013204e+15	8.312702e-01	8.494229e+00	5.792257e+16
1718	8.015627e+15	1.738040e+00	1.819631e+01	1.209400e+17
1719	8.017466e+15	9.024062e-01	9.997155e+00	4.641066e+16
1720	8.019673e+15	1.102516e+00	1.130692e+01	6.722785e+16
1721	8.022179e+15	1.627529e+00	1.682175e+01	1.647684e+17
1722	8.024407e+15	9.684028e-01	1.077677e+01	1.014835e+17
1723	8.027081e+15	1.149551e+00	1.204869e+01	1.555742e+17
1724	8.030056e+15	3.949601e+00	3.458961e+01	2.764567e+17
1725	8.031521e+15	1.709066e+00	1.306653e+01	6.623344e+16
1726	8.032975e+15	1.175770e+00	9.934589e+00	1.012817e+17
1727	8.034719e+15	9.764498e-01	1.037880e+01	8.358372e+16
1728	8.036812e+15	1.246286e+00	1.741278e+01	1.108945e+17
1729	8.038680e+15	7.174080e-01	1.583106e+01	1.083652e+17
1730	8.040558e+15	3.893153e-01	1.275509e+01	6.342472e+16
1731	8.042812e+15	1.029089e+00	2.934871e+01	1.154379e+17
1732	8.044370e+15	6.564915e-01	1.987249e+01	8.222547e+16
1733	8.045906e+15	6.190082e-01	1.610219e+01	6.850530e+16
1734	8.047749e+15	6.727425e-01	1.700998e+01	1.088502e+17
1735	8.049961e+15	7.832835e-01	1.823979e+01	1.016696e+17
1736	8.052498e+15	1.520244e+00	3.131578e+01	8.256955e+16
1737	8.054450e+15	9.238639e-01	1.740581e+01	8.199544e+16
1738	8.056793e+15	1.167096e+00	2.048489e+01	1.462022e+17
1739	8.059210e+15	1.034483e+00	1.722778e+01	1.181692e+17
1740	8.061715e+15	8.481533e-01	1.656694e+01	1.577773e+17
1741	8.064235e+15	9.422789e-01	2.015841e+01	1.131499e+17
1742	8.066340e+15	9.334611e-01	2.297067e+01	1.121167e+17
1743	8.067863e+15	3.931071e-01	1.049149e+01	4.189013e+16
1744	8.069691e+15	3.478288e-01	9.951585e+00	4.907643e+16
1745	8.071884e+15	3.363316e-01	9.611721e+00	7.457526e+16
1746	8.074459e+15	1.012119e+00	2.677132e+01	5.849700e+16
1747	8.075833e+15	3.131030e-01	8.525152e+00	5.387403e+16
1748	8.077482e+15	3.163523e-01	8.282833e+00	6.551221e+16
1749	8.079460e+15	5.482467e-01	1.053542e+01	5.553467e+16
1750	8.081391e+15	5.651899e-01	7.599965e+00	4.729460e+16
1751	8.083708e+15	8.559681e-01	8.187792e+00	7.186577e+16
1752	8.086297e+15	1.247064e+00	8.743429e+00	7.833109e+16
1753	8.088990e+15	2.968796e+00	1.722284e+01	1.009312e+17
1754	8.090600e+15	1.368211e+00	6.683875e+00	5.892142e+16
1755	8.092534e+15	2.416514e+00	1.060189e+01	6.127730e+16
1756	8.094093e+15	1.398483e+00	5.773421e+00	3.764201e+16
1757	8.095965e+15	1.511118e+00	5.967197e+00	9.071102e+16
1758	8.098211e+15	2.556393e+00	8.627022e+00	1.224917e+17
1759	8.100237e+15	2.356575e+00	7.195990e+00	8.478144e+16
1760	8.102183e+15	1.649514e+00	4.896814e+00	4.744387e+16
1761	8.104518e+15	4.891301e+00	1.341015e+01	9.399285e+16
1762	8.105781e+15	1.465747e+00	4.776485e+00	4.996867e+16
1763	8.107297e+15	1.286454e+00	4.892534e+00	5.886500e+16
1764	8.109116e+15	1.353892e+00	6.140418e+00	7.144996e+16
1765	8.111015e+15	8.548328e-01	5.179765e+00	6.468770e+16
1766	8.113293e+15	6.760102e-01	5.750570e+00	6.763741e+16
1767	8.116004e+15	6.583369e-01	7.632292e+00	1.321974e+17
1768	8.118651e+15	8.010588e-01	9.965319e+00	1.015012e+17
1769	8.120797e+15	4.473532e-01	7.401038e+00	7.403141e+16
1770	8.122971e+15	1.081361e+00	1.378303e+01	9.525221e+16
1771	8.124330e+15	5.426549e-01	6.062104e+00	2.756999e+16
1772	8.125960e+15	8.857546e-01	8.982300e+00	8.675619e+16
1773	8.127479e+15	6.559347e-01	6.285943e+00	5.590269e+16
1774	8.129302e+15	8.112743e-01	6.342193e+00	8.283641e+16
1775	8.131490e+15	7.534394e-01	5.789510e+00	6.965722e+16
1776	8.134115e+15	1.173388e+00	8.974529e+00	6.480460e+16
1777	8.136351e+15	1.214576e+00	9.500432e+00	1.149887e+17
1778	8.138154e+15	5.346428e-01	4.930581e+00	5.187935e+16
1779	8.140318e+15	5.785170e-01	5.956347e+00	6.262052e+16
1780	8.142456e+15	4.861063e-01	5.773561e+00	7.449171e+16
1781	8.144517e+15	2.406612e-01	4.149553e+00	2.434631e+16
1782	8.146991e+15	6.095326e-01	1.195739e+01	9.373078e+16
1783	8.148372e+15	1.367236e-01	4.169219e+00	2.727025e+16
1784	8.150029e+15	1.211706e-01	3.970278e+00	6.145826e+16
1785	8.152018e+15	9.343174e-02	3.755907e+00	4.374265e+16
1786	8.154404e+15	3.312792e-01	1.066340e+01	4.943631e+16
1787	8.155864e+15	1.272889e-01	4.147456e+00	4.546534e+16
1788	8.157616e+15	1.913739e-01	4.074726e+00	3.284959e+16
1789	8.159718e+15	3.054675e-01	3.933770e+00	2.146558e+16
1790	8.162241e+15	5.053775e-01	4.833333e+00	2.052827e+16
1791	8.164880e+15	1.087227e+00	5.844900e+00	5.935388e+16
1792	8.167285e+15	1.608490e+00	6.630417e+00	7.487278e+16
1793	8.169351e+15	1.137629e+00	5.087091e+00	4.647557e+16
1794	8.171547e+15	1.334950e+00	6.175268e+00	4.404323e+16
1795	8.173636e+15	1.054540e+00	4.868203e+00	3.353309e+16
1796	8.175914e+15	1.448032e+00	6.776002e+00	3.825895e+16
1797	8.177852e+15	7.561152e-01	3.958047e+00	1.704197e+16
1798	8.180130e+15	1.299045e+00	6.933339e+00	5.804936e+16
1799	8.182097e+15	7.483494e-01	4.293939e+00	3.392364e+16
1800	8.184457e+15	1.353381e+00	1.159706e+01	1.003960e+17
1801	8.186269e+15	6.267893e-01	8.232612e+00	2.515533e+17
1802	8.188444e+15	5.687710e-01	1.050828e+01	2.652221e+17
1803	8.191054e+15	8.988888e-01	2.333427e+01	3.772137e+17
1804	8.193175e+15	4.320028e-01	1.428638e+01	1.544841e+17
1805	8.195720e+15	1.125628e+00	2.680378e+01	1.160225e+17
1806	8.197634e+15	6.106339e-01	1.375285e+01	4.564331e+16
1807	8.199931e+15	1.102833e+00	2.215816e+01	3.886141e+16
1808	8.202047e+15	1.151930e+00	2.002379e+01	1.331146e+16
1809	8.204183e+15	1.104674e+00	2.259120e+01	3.087641e+16
1810	8.206118e+15	9.760466e-01	2.047898e+01	1.047081e+16
1811	8.207985e+15	9.257004e-01	2.101733e+01	4.446296e+16
1812	8.209778e+15	9.540716e-01	2.801073e+01	9.499351e+16
1813	8.211299e+15	4.607561e-01	2.328065e+01	1.097203e+17
1814	8.212931e+15	4.101621e-01	2.609966e+01	4.871856e+16
1815	8.214587e+15	3.709976e-01	2.825682e+01	1.174896e+17
1816	8.216275e+15	3.553944e-01	2.997430e+01	1.101826e+17
1817	8.217964e+15	2.933197e-01	2.815552e+01	7.905312e+16
1818	8.219770e+15	3.579409e-01	2.653970e+01	1.358318e+17
1819	8.221753e+15	5.842564e-01	2.988617e+01	4.429215e+16
1820	8.223646e+15	6.484345e-01	2.041664e+01	5.751812e+16
1821	8.225834e+15	8.564802e-01	1.722596e+01	3.885627e+16
1822	8.228460e+15	2.073908e+00	2.071905e+01	3.088289e+16
1823	8.230911e+15	3.911038e+00	1.816603e+01	1.040847e+17
1824	8.232972e+15	4.096857e+00	1.068894e+01	4.675622e+16
1825	8.235077e+15	3.121629e+00	7.276793e+00	8.685444e+16
1826	8.237552e+15	6.968944e+00	9.452223e+00	6.902370e+16
1827	8.239870e+15	8.652055e+00	8.715709e+00	1.097109e+17
1828	8.241959e+15	6.252410e+00	5.183582e+00	8.719221e+16
1829	8.244465e+15	8.692320e+00	9.489281e+00	1.047469e+17
1830	8.246686e+15	7.287987e+00	9.371949e+00	1.118122e+17
1831	8.248721e+15	4.247535e+00	5.986683e+00	6.342830e+16
1832	8.251162e+15	4.835310e+00	8.768937e+00	1.074740e+17
1833	8.253535e+15	5.044684e+00	1.005004e+01	7.990514e+16
1834	8.255793e+15	3.767707e+00	9.985185e+00	7.256987e+16
1835	8.258199e+15	5.724177e+00	1.992046e+01	1.131828e+17
1836	8.259866e+15	2.185445e+00	9.220891e+00	1.253876e+17
1837	8.261867e+15	2.178228e+00	1.147795e+01	5.883125e+16
1838	8.263995e+15	1.343197e+00	9.352526e+00	1.195590e+17
1839	8.266548e+15	1.045889e+00	9.553740e+00	8.503576e+16
1840	8.269466e+15	1.367284e+00	1.462787e+01	1.340407e+17
1841	8.271861e+15	7.033748e-01	9.292323e+00	2.666259e+16
1842	8.274324e+15	9.943155e-01	1.301754e+01	5.233697e+16
1843	8.276243e+15	3.614266e-01	6.026945e+00	3.097524e+16
1844	8.278497e+15	3.913256e-01	7.946092e+00	5.247872e+16
1845	8.280677e+15	1.859069e-01	5.308676e+00	4.975859e+16
1846	8.283293e+15	2.398694e-01	6.838114e+00	9.321154e+16
1847	8.285888e+15	2.354508e-01	7.535598e+00	4.483645e+16
1848	8.288301e+15	1.146270e-01	5.398715e+00	9.458337e+16
1849	8.291196e+15	3.972478e-01	1.616588e+01	5.673554e+16
1850	8.292872e+15	1.074985e-01	6.213908e+00	4.114179e+16
1851	8.294763e+15	1.230888e-01	7.185019e+00	5.767129e+16
1852	8.296640e+15	6.797263e-02	4.599630e+00	4.328779e+16
1853	8.298893e+15	9.631557e-02	6.885241e+00	2.789071e+16
1854	8.300817e+15	4.326555e-02	3.721582e+00	2.812572e+16
1855	8.303125e+15	3.669037e-02	3.370636e+00	2.922168e+16
1856	8.305892e+15	7.253628e-02	6.612661e+00	1.544002e+16
1857	8.307857e+15	1.864705e-02	2.555267e+00	3.824043e+16
1858	8.310214e+15	1.504960e-02	7.758588e+00	2.428269e+16
1859	8.311480e+15	1.463067e-03	2.768089e+00	6.494904e+15
1860	8.312999e+15	1.278564e-02	3.084908e+00	7.040748e+15
1861	8.314822e+15	1.353136e-01	3.390278e+00	0.000000e+00
1862	8.317009e+15	4.085944e-01	4.134180e+00	5.013050e+16
1863	8.319634e+15	5.691254e-01	5.207969e+00	6.009155e+16
1864	8.322688e+15	1.421722e+00	8.586985e+00	1.583007e+17
1865	8.325495e+15	2.924367e+00	1.046951e+01	1.048257e+17
1866	8.327742e+15	3.168213e+00	8.786586e+00	1.134470e+17
1867	8.329759e+15	2.091315e+00	5.920748e+00	9.770478e+16
1868	8.332180e+15	2.355998e+00	7.198598e+00	9.726404e+16
1869	8.334736e+15	2.271158e+00	8.076878e+00	1.007859e+17
1870	8.337164e+15	1.792899e+00	6.702841e+00	7.278430e+16
1871	8.339543e+15	2.354237e+00	8.307850e+00	9.508507e+16
1872	8.341231e+15	7.333338e-01	3.140187e+00	1.142575e+16
1873	8.343256e+15	6.343221e-01	3.445154e+00	7.703590e+16
1874	8.345686e+15	1.751577e+00	1.192010e+01	9.052359e+16
1875	8.347062e+15	4.070660e-01	4.104317e+00	5.395554e+16
1876	8.348713e+15	3.731774e-01	5.489208e+00	3.752920e+16
1877	8.350695e+15	3.769773e-01	7.327313e+00	1.665275e+17
1878	8.353073e+15	7.547505e-01	1.853704e+01	5.469556e+17
1879	8.354981e+15	6.901259e-01	2.241721e+01	3.200295e+17
1880	8.356577e+15	3.589671e-01	1.666923e+01	2.091243e+17
1881	8.358393e+15	5.203411e-01	2.632374e+01	4.408137e+17
1882	8.360002e+15	2.853106e-01	1.784807e+01	2.284547e+17
1883	8.361933e+15	2.408320e-01	1.860835e+01	2.293640e+17
1884	8.364250e+15	1.810682e-01	1.694692e+01	2.329682e+17
1885	8.367030e+15	3.363229e-01	2.974810e+01	2.795083e+17
1886	8.369480e+15	2.221460e-01	1.845809e+01	8.609905e+16
1887	8.372224e+15	3.650958e-01	3.293462e+01	1.471126e+17
1888	8.374313e+15	1.630466e-01	1.775286e+01	1.206444e+17
1889	8.376690e+15	2.776203e-01	2.908612e+01	6.027440e+16
1890	8.378506e+15	1.522559e-01	1.572486e+01	0.000000e+00
1891	8.380566e+15	2.183290e-01	1.962807e+01	7.983438e+16
1892	8.382550e+15	2.077813e-01	2.003261e+01	1.447131e+16
1893	8.384407e+15	1.508314e-01	1.765292e+01	6.374424e+15
1894	8.386212e+15	2.244460e-01	1.868542e+01	9.143725e+16
1895	8.388015e+15	2.155790e-01	1.986815e+01	8.565409e+16
1896	8.389860e+15	2.201038e-01	2.236040e+01	1.464595e+17
1897	8.391715e+15	7.710928e-01	2.078223e+01	4.088516e+16
1898	8.393607e+15	1.106128e+00	2.097588e+01	1.693873e+17
1899	8.395611e+15	1.497745e+00	2.154238e+01	1.257291e+17
1900	8.397773e+15	1.170802e+00	2.173160e+01	9.622601e+16
1901	8.400171e+15	1.041265e+00	2.643368e+01	9.377568e+16
1902	8.402428e+15	1.172709e+00	3.178167e+01	5.470736e+16
1903	8.404175e+15	5.550024e-01	1.582438e+01	3.402236e+16
1904	8.406272e+15	8.027318e-01	1.737124e+01	4.920704e+16
1905	8.408532e+15	1.258876e+00	1.579165e+01	2.501482e+16
1906	8.410981e+15	4.202258e+00	3.210497e+01	6.608582e+16
1907	8.412429e+15	2.425670e+00	9.558966e+00	3.391281e+16
1908	8.414166e+15	2.826755e+00	8.514781e+00	2.076597e+16
1909	8.416251e+15	4.144095e+00	1.150357e+01	5.188347e+16
1910	8.418256e+15	2.588532e+00	6.765608e+00	3.351544e+16
1911	8.420661e+15	3.142583e+00	7.283944e+00	4.217766e+16
1912	8.423295e+15	3.106705e+00	7.678093e+00	3.159565e+16
1913	8.425925e+15	3.363744e+00	8.134469e+00	2.162834e+16
1914	8.428298e+15	3.874152e+00	8.112822e+00	4.975688e+16
1915	8.430223e+15	2.047796e+00	3.260670e+00	1.150221e+16
1916	8.432473e+15	2.092886e+00	3.126418e+00	2.382968e+16
1917	8.434957e+15	2.614706e+00	3.882511e+00	7.681197e+15
1918	8.437215e+15	1.997576e+00	2.565868e+00	7.620147e+15
1919	8.439521e+15	2.118104e+00	3.290920e+00	2.668023e+16
1920	8.441532e+15	8.882164e-01	1.513031e+00	3.713675e+15
1921	8.443946e+15	8.597319e-01	1.579268e+00	1.843626e+16
1922	8.446604e+15	2.263163e+00	5.054777e+00	3.677592e+15
1923	8.448122e+15	4.602779e-01	9.675958e-01	0.000000e+00
1924	8.449944e+15	4.732212e-01	9.132740e-01	0.000000e+00
1925	8.452130e+15	4.707428e-01	8.095968e-01	6.573818e+15
1926	8.454754e+15	1.531588e+00	3.603906e+00	3.608191e+15
1927	8.456196e+15	5.316981e-01	5.483005e-01	2.966386e+15
1928	8.457925e+15	4.984781e-01	4.864813e-01	3.687105e+15
1929	8.460001e+15	9.468886e-01	1.274841e+00	3.613922e+15
1930	8.461586e+15	4.616361e-01	4.658842e-01	0.000000e+00
1931	8.463489e+15	3.857229e-01	4.570573e-01	3.656270e+15
1932	8.465772e+15	4.514795e-01	8.619271e-01	0.000000e+00
1933	8.468023e+15	4.763585e-01	1.023882e+00	3.678018e+15
1934	8.470129e+15	6.991193e-01	1.685781e+00	0.000000e+00
1935	8.471641e+15	2.918253e-01	5.104581e-01	0.000000e+00
1936	8.473456e+15	2.506808e-01	4.676067e-01	0.000000e+00
1937	8.475633e+15	2.138048e-01	4.296374e-01	0.000000e+00
1938	8.478246e+15	7.191984e-01	2.058674e+00	7.229671e+15
1939	8.479515e+15	1.702014e-01	3.162122e-01	0.000000e+00
1940	8.481037e+15	1.445467e-01	3.203909e-01	0.000000e+00
1941	8.482865e+15	1.200306e-01	3.292769e-01	0.000000e+00
1942	8.485058e+15	1.890417e-01	7.229686e-01	0.000000e+00
1943	8.486949e+15	1.069963e-01	4.052175e-01	0.000000e+00
1944	8.489218e+15	1.273464e-01	1.081362e+00	0.000000e+00
1945	8.491375e+15	1.156126e-01	1.174621e+00	0.000000e+00
1946	8.493417e+15	9.076774e-02	1.205935e+00	3.121571e+16
1947	8.495851e+15	1.116457e-01	2.432234e+00	6.816945e+16
1948	8.498078e+15	7.387903e-02	1.864337e+00	6.265264e+16
1949	8.500751e+15	1.630785e-01	5.206858e+00	1.167640e+17
1950	8.502786e+15	8.075576e-02	3.541627e+00	6.947879e+16
1951	8.505099e+15	9.711086e-02	5.716986e+00	1.376689e+17
1952	8.507327e+15	7.316721e-02	4.767197e+00	6.177939e+16
1953	8.509826e+15	6.929863e-02	5.744899e+00	1.310752e+17
1954	8.512481e+15	7.869762e-02	6.625353e+00	1.227815e+17
1955	8.515033e+15	9.812064e-02	8.136043e+00	1.369269e+17
1956	8.517101e+15	6.206274e-02	4.929683e+00	1.575677e+16
1957	8.519345e+15	4.311422e-02	3.987702e+00	8.250641e+15
1958	8.522038e+15	1.058737e-01	1.365265e+01	6.384351e+16
1959	8.523523e+15	3.156983e-02	4.588423e+00	3.135302e+16
1960	8.525304e+15	2.641474e-02	4.551496e+00	3.071297e+16
1961	8.527442e+15	4.279739e-02	7.894486e+00	3.922279e+16
1962	8.529221e+15	2.853163e-02	4.709349e+00	1.509933e+16
1963	8.531356e+15	5.772815e-02	7.443568e+00	7.097383e+16
1964	8.533339e+15	5.039904e-02	6.771047e+00	7.807354e+15
1965	8.535355e+15	3.911434e-02	5.320201e+00	4.655886e+16
1966	8.537775e+15	7.269841e-02	9.502594e+00	8.355868e+16
1967	8.539967e+15	1.042651e-01	1.430497e+01	4.263285e+16
1968	8.541702e+15	8.906325e-02	1.242553e+01	4.144009e+16
1969	8.543384e+15	7.035094e-02	9.559225e+00	3.284657e+16
1970	8.545403e+15	1.042953e-01	1.312536e+01	4.012276e+16
1971	8.547346e+15	1.237998e-01	8.913586e+00	3.323365e+16
1972	8.549667e+15	8.632986e-02	1.191782e+01	2.440154e+16
1973	8.551955e+15	1.206185e-01	1.882574e+01	1.695654e+16
1974	8.553557e+15	3.713380e-02	8.730059e+00	1.662201e+16
1975	8.555481e+15	1.126649e-01	9.830495e+00	1.714530e+16
1976	8.557647e+15	3.374465e-01	1.125671e+01	2.571575e+16
1977	8.559991e+15	6.030421e-01	1.022216e+01	2.624322e+16
1978	8.562730e+15	1.556838e+00	1.533926e+01	5.363778e+16
1979	8.565098e+15	2.669123e+00	2.372983e+01	3.474133e+16
1980	8.566473e+15	1.239421e+00	8.318982e+00	1.182516e+16
1981	8.568124e+15	1.205112e+00	8.346219e+00	0.000000e+00
1982	8.570051e+15	2.069397e+00	1.547013e+01	7.768291e+15
1983	8.571447e+15	8.759899e-01	7.067337e+00	1.659371e+16
1984	8.573122e+15	1.278103e+00	1.111871e+01	8.966156e+15
1985	8.574546e+15	6.529235e-01	6.469732e+00	1.274255e+16
1986	8.576255e+15	5.627061e-01	6.143149e+00	1.661191e+16
1987	8.578306e+15	5.432510e-01	6.793173e+00	0.000000e+00
1988	8.580526e+15	5.240498e-01	6.807232e+00	2.084610e+16
1989	8.582866e+15	6.310638e-01	8.936975e+00	1.237522e+16
1990	8.584823e+15	2.549078e-01	5.171363e+00	0.000000e+00
1991	8.587086e+15	1.317368e-01	4.755816e+00	0.000000e+00
1992	8.589801e+15	2.401718e-01	9.524548e+00	1.045606e+16
1993	8.591734e+15	1.226360e-01	4.636739e+00	2.081366e+16
1994	8.594054e+15	1.914965e-01	7.887626e+00	6.790006e+15
1995	8.596007e+15	2.011320e-01	6.038724e+00	0.000000e+00
1996	8.598076e+15	1.602864e-01	5.646096e+00	0.000000e+00
1997	8.600558e+15	2.994809e-01	9.335005e+00	4.619382e+16
1998	8.602801e+15	4.271032e-01	8.740346e+00	6.309522e+16
1999	8.605027e+15	1.157668e+00	1.665489e+01	3.207508e+16
2000	8.606357e+15	6.076145e-01	6.099118e+00	6.911114e+15
2001	8.607953e+15	8.154031e-01	7.629776e+00	1.391589e+16
2002	8.609554e+15	6.355051e-01	5.588678e+00	7.100276e+15
2003	8.611475e+15	7.462637e-01	5.416438e+00	2.790519e+16
2004	8.613781e+15	1.492292e+00	9.307622e+00	1.085532e+16
2005	8.615527e+15	8.745111e-01	4.495563e+00	3.625908e+15
2006	8.617623e+15	8.650205e-01	4.112417e+00	0.000000e+00
2007	8.620138e+15	9.402532e-01	3.743067e+00	0.000000e+00
2008	8.623113e+15	2.961631e+00	6.822983e+00	3.946952e+15
2009	8.625056e+15	2.149370e+00	2.476708e+00	2.990755e+16
2010	8.627325e+15	3.501725e+00	3.760674e+00	8.614405e+16
2011	8.629148e+15	1.435747e+00	1.820302e+00	4.223029e+15
2012	8.631336e+15	1.652530e+00	1.686774e+00	4.400653e+16
2013	8.633961e+15	1.740092e+00	1.749853e+00	4.851735e+16
2014	8.636773e+15	2.392520e+00	2.244094e+00	6.276859e+16
2015	8.639290e+15	3.088065e+00	3.936066e+00	1.153298e+16
2016	8.641042e+15	1.248424e+00	1.813196e+00	6.110063e+16
2017	8.643144e+15	1.661264e+00	2.919593e+00	3.678795e+16
2018	8.645143e+15	8.985024e-01	2.164242e+00	3.989186e+16
2019	8.647542e+15	8.791845e-01	2.942301e+00	4.780174e+16
2020	8.650087e+15	1.501034e+00	6.543709e+00	7.633438e+16
2021	8.651812e+15	4.720852e-01	2.761247e+00	2.930243e+16
2022	8.653881e+15	3.794044e-01	2.853442e+00	1.821094e+16
2023	8.656364e+15	1.421316e+00	1.153453e+01	4.401737e+16
2024	8.657522e+15	2.800323e-01	3.080227e+00	7.632951e+15
2025	8.658912e+15	2.606851e-01	3.316937e+00	3.066719e+16
2026	8.660580e+15	2.252469e-01	3.499881e+00	2.616011e+16
2027	8.662582e+15	2.395139e-01	4.081901e+00	1.132633e+16
2028	8.664776e+15	2.586059e-01	4.668309e+00	7.457719e+15
2029	8.666946e+15	3.838946e-01	7.272323e+00	7.514223e+15
2030	8.668475e+15	1.505342e-01	3.074260e+00	0.000000e+00
2031	8.670311e+15	1.977006e-01	4.514650e+00	2.972741e+16
2032	8.672068e+15	1.175731e-01	3.089700e+00	7.471652e+15
2033	8.674175e+15	9.061897e-02	3.084057e+00	0.000000e+00
2034	8.676705e+15	1.718681e-01	6.545842e+00	7.318109e+15
2035	8.678553e+15	1.576004e-01	7.561560e+00	1.442626e+16
2036	8.679785e+15	6.259990e-02	3.161572e+00	0.000000e+00
2037	8.681263e+15	6.228338e-02	3.042859e+00	0.000000e+00
2038	8.683036e+15	4.928053e-02	2.878870e+00	0.000000e+00
2039	8.685165e+15	5.388197e-02	4.542815e+00	5.288072e+16
2040	8.687271e+15	7.609886e-02	5.554443e+00	5.325598e+16
2041	8.689564e+15	5.965318e-02	8.201229e+00	1.971252e+17
2042	8.691919e+15	1.303965e-01	1.113500e+01	2.059852e+17
2043	8.694054e+15	1.902521e-02	7.285632e+00	1.503580e+17
2044	8.696616e+15	1.163128e-01	1.445197e+01	1.109527e+17
2045	8.698421e+15	2.921358e-02	5.723892e+00	5.145690e+16
2046	8.700587e+15	1.512912e-02	4.760553e+00	8.277843e+15
2047	8.703171e+15	5.275239e-02	7.110058e+00	4.706275e+16
2048	8.705386e+15	2.341950e-02	4.535170e+00	3.305502e+16
2049	8.708024e+15	2.309416e-02	8.767837e+00	8.809442e+16
2050	8.710173e+15	8.499906e-03	7.349349e+00	5.262525e+16
2051	8.712261e+15	9.347472e-03	5.785065e+00	1.029969e+17
2052	8.714701e+15	2.756795e-02	6.806119e+00	9.272017e+16
2053	8.717101e+15	6.396366e-02	6.571566e+00	6.996423e+16
2054	8.719530e+15	9.411911e-02	6.116872e+00	6.095594e+16
2055	8.722128e+15	9.681720e-02	7.068365e+00	7.384590e+16
2056	8.724786e+15	7.095100e-02	7.913026e+00	1.004463e+17
2057	8.727524e+15	1.326055e-01	1.515310e+01	1.542919e+17
2058	8.729343e+15	9.767097e-02	9.263713e+00	8.359539e+16
2059	8.731031e+15	9.038565e-02	5.603650e+00	7.037346e+16
2060	8.733057e+15	2.390615e-01	1.128461e+01	5.465132e+16
2061	8.734487e+15	1.169469e-01	4.891790e+00	1.729510e+16
2062	8.736202e+15	1.136086e-01	5.118972e+00	6.949778e+15
2063	8.738261e+15	1.337273e-01	5.871111e+00	7.394434e+16
2064	8.740605e+15	1.150165e-01	7.417115e+00	5.566008e+16
2065	8.742989e+15	1.702472e-01	9.598781e+00	3.991768e+16
2066	8.744952e+15	1.792220e-01	7.010749e+00	3.384721e+16
2067	8.746825e+15	3.968083e-01	5.325816e+00	4.198930e+16
2068	8.748930e+15	8.909388e-01	6.503603e+00	4.220924e+16
2069	8.750920e+15	8.401314e-01	4.682996e+00	4.219450e+16
2070	8.753202e+15	1.150973e+00	5.233293e+00	1.962546e+16
2071	8.755476e+15	1.173961e+00	5.737213e+00	0.000000e+00
2072	8.757812e+15	1.237646e+00	7.348246e+00	2.264696e+17
2073	8.760328e+15	1.965006e+00	1.547927e+01	3.691358e+17
2074	8.762159e+15	9.320589e-01	8.299863e+00	1.608948e+17
2075	8.764356e+15	1.186339e+00	1.439227e+01	1.135470e+17
2076	8.766360e+15	6.591009e-01	1.095839e+01	1.629916e+17
2077	8.768764e+15	6.981986e-01	1.555872e+01	1.437950e+17
2078	8.771178e+15	7.802188e-01	2.042284e+01	2.013474e+17
2079	8.773217e+15	4.978596e-01	1.454358e+01	1.153779e+17
2080	8.775491e+15	4.490354e-01	1.495131e+01	8.453523e+16
2081	8.778069e+15	6.155069e-01	2.281897e+01	8.705562e+16
2082	8.780367e+15	5.636114e-01	2.362013e+01	3.356447e+16
2083	8.782361e+15	4.892449e-01	2.101327e+01	2.159804e+16
2084	8.784256e+15	3.458167e-01	1.685891e+01	2.015465e+16
2085	8.786364e+15	2.726345e-01	1.444580e+01	3.431449e+15
2086	8.788892e+15	4.767711e-01	2.428803e+01	7.514363e+15
2087	8.790900e+15	4.520243e-01	2.569983e+01	3.300038e+15
2088	8.792449e+15	1.777805e-01	1.385367e+01	0.000000e+00
2089	8.794307e+15	1.679208e-01	1.523684e+01	0.000000e+00
2090	8.796432e+15	3.206627e-01	3.088880e+01	2.005900e+17
2091	8.797987e+15	1.379310e-01	1.828449e+01	9.034024e+16
2092	8.799766e+15	2.207488e-01	3.055483e+01	1.656544e+17
2093	8.801242e+15	1.559088e-01	1.963666e+01	9.118438e+16
2094	8.803013e+15	4.255090e-01	2.165250e+01	7.728026e+16
2095	8.805053e+15	5.271317e-01	2.782023e+01	6.729440e+16
2096	8.807049e+15	8.160159e-01	2.442246e+01	7.094888e+16
2097	8.809148e+15	4.455122e-01	2.024649e+01	8.593541e+16
2098	8.811612e+15	5.876859e-01	2.073569e+01	9.538035e+16
2099	8.814337e+15	4.303267e-01	1.971202e+01	6.733047e+16
2100	8.817190e+15	8.654099e-01	2.653010e+01	9.890275e+16
2101	8.819371e+15	7.541727e-01	1.756866e+01	8.285950e+16
2102	8.821440e+15	5.283593e-01	1.151426e+01	5.990166e+16
2103	8.823876e+15	7.572210e-01	2.350673e+01	7.888607e+16
2104	8.825552e+15	2.775289e-01	1.046850e+01	2.906685e+16
2105	8.827564e+15	2.690121e-01	1.357379e+01	5.192309e+16
2106	8.829639e+15	1.777750e-01	1.150964e+01	1.095849e+17
2107	8.832130e+15	3.506334e-01	2.228369e+01	9.286499e+16
2108	8.834058e+15	2.690743e-01	1.902160e+01	1.017715e+17
2109	8.835756e+15	2.127552e-01	1.196939e+01	4.028234e+16
2110	8.837792e+15	3.245339e-01	1.427631e+01	5.785526e+16
2111	8.839956e+15	4.658941e-01	1.998019e+01	4.729094e+16
2112	8.841708e+15	3.243748e-01	1.044885e+01	3.231412e+16
2113	8.843810e+15	4.934652e-01	1.482278e+01	4.996358e+16
2114	8.845792e+15	5.065083e-01	1.437000e+01	4.534899e+16
2115	8.847754e+15	3.629716e-01	1.126660e+01	3.290101e+16
2116	8.850109e+15	3.086481e-01	1.339412e+01	9.498758e+16
2117	8.852673e+15	4.039432e-01	2.156613e+01	5.191275e+16
2118	8.854681e+15	2.237900e-01	1.361578e+01	3.253482e+16
2119	8.856803e+15	1.814670e-01	1.142902e+01	5.343985e+16
2120	8.859267e+15	2.512891e-01	1.606230e+01	3.970084e+16
2121	8.861537e+15	2.186910e-01	1.556491e+01	1.779311e+16
2122	8.863687e+15	3.307577e-01	2.120074e+01	4.670511e+16
2123	8.865328e+15	1.571016e-01	1.129303e+01	1.185162e+16
2124	8.867298e+15	1.482931e-01	1.161034e+01	1.816635e+16
2125	8.869662e+15	3.508651e-01	2.365427e+01	2.424683e+16
2126	8.871393e+15	2.759510e-01	1.823988e+01	1.603042e+16
2127	8.872904e+15	1.669627e-01	1.089301e+01	9.759854e+15
2128	8.874717e+15	2.295856e-01	1.259372e+01	2.280354e+16
2129	8.876678e+15	3.756800e-01	1.873840e+01	6.442740e+15
2130	8.878277e+15	2.574029e-01	1.029994e+01	9.757475e+15
2131	8.880196e+15	2.943347e-01	1.155027e+01	4.555083e+16
2132	8.882339e+15	4.721879e-01	1.553063e+01	2.730583e+16
2133	8.884305e+15	5.795528e-01	1.700486e+01	5.213730e+16
2134	8.885954e+15	3.775281e-01	9.494952e+00	2.936167e+16
2135	8.887933e+15	6.018252e-01	1.269418e+01	3.265400e+16
2136	8.889843e+15	4.522267e-01	8.214626e+00	1.931669e+16
2137	8.892136e+15	8.033864e-01	1.364765e+01	1.656569e+16
2138	8.894044e+15	4.005549e-01	7.400706e+00	2.633938e+16
2139	8.896333e+15	8.393851e-01	1.491212e+01	2.434308e+16
2140	8.898058e+15	6.611893e-01	9.843957e+00	5.748714e+16
2141	8.899781e+15	6.496024e-01	8.635767e+00	2.713823e+16
2142	8.901634e+15	6.272459e-01	7.028996e+00	3.839719e+16
2143	8.903857e+15	7.913211e-01	9.474868e+00	3.657364e+16
2144	8.906106e+15	1.100183e+00	1.246365e+01	5.863864e+16
2145	8.907956e+15	7.205779e-01	6.520747e+00	3.072782e+16
2146	8.910176e+15	1.035575e+00	8.303228e+00	5.278120e+16
2147	8.912468e+15	8.303331e-01	6.157219e+00	4.589073e+16
2148	8.915218e+15	1.191365e+00	9.681468e+00	7.886521e+16
2149	8.917623e+15	1.044850e+00	8.826698e+00	5.709711e+16
2150	8.919835e+15	1.094294e+00	9.449991e+00	6.005415e+16
2151	8.921826e+15	7.560136e-01	6.069085e+00	5.455951e+16
2152	8.924215e+15	7.366513e-01	6.186445e+00	5.681444e+16
2153	8.927082e+15	1.304425e+00	9.553207e+00	1.041435e+17
2154	8.929665e+15	2.606196e+00	1.555775e+01	7.689274e+16
2155	8.931214e+15	1.081602e+00	5.341828e+00	6.408646e+16
2156	8.933033e+15	9.999134e-01	5.180069e+00	1.105804e+16
2157	8.935171e+15	7.557830e-01	5.459956e+00	1.426323e+16
2158	8.937602e+15	9.458453e-01	8.860194e+00	8.072535e+15
2159	8.939611e+15	5.114785e-01	6.836676e+00	3.529754e+16
2160	8.941661e+15	6.970235e-01	1.062880e+01	2.324452e+16
2161	8.943275e+15	2.433619e-01	5.958330e+00	1.027510e+16
2162	8.945211e+15	2.188706e-01	6.834819e+00	8.052465e+16
2163	8.947371e+15	5.321213e-01	1.318741e+01	4.600693e+16
2164	8.948924e+15	3.091669e-01	5.840493e+00	2.153120e+16
2165	8.950787e+15	2.692236e-01	5.680796e+00	2.836763e+16
2166	8.953023e+15	2.176448e-01	5.423285e+00	9.062566e+16
2167	8.955705e+15	5.881228e-01	1.487693e+01	1.112415e+17
2168	8.957292e+15	2.843877e-01	5.181855e+00	6.399034e+16
2169	8.959196e+15	2.839108e-01	5.375088e+00	6.716001e+16
2170	8.961480e+15	2.819087e-01	6.720306e+00	1.078399e+17
2171	8.964012e+15	3.968582e-01	1.102692e+01	1.935271e+17
2172	8.966165e+15	2.806913e-01	9.937929e+00	1.139389e+17
2173	8.968223e+15	2.059573e-01	8.747460e+00	8.267510e+16
2174	8.970474e+15	1.924269e-01	1.036747e+01	3.503184e+16
2175	8.972814e+15	1.440370e-01	9.242324e+00	2.594492e+16
2176	8.975559e+15	1.791540e-01	1.427602e+01	5.162664e+16
2177	8.978052e+15	8.918582e-02	1.010582e+01	0.000000e+00
2178	8.980890e+15	2.874732e-01	2.610893e+01	2.010493e+16
2179	8.982427e+15	8.730766e-02	7.891816e+00	0.000000e+00
2180	8.984271e+15	8.198736e-02	7.189815e+00	0.000000e+00
2181	8.986484e+15	7.206742e-02	6.646545e+00	0.000000e+00
2182	8.989140e+15	1.541072e-01	1.174222e+01	4.467230e+16
2183	8.991249e+15	9.837747e-02	7.407366e+00	2.994949e+16
2184	8.993479e+15	1.293763e-01	8.544542e+00	8.746303e+15
2185	8.995630e+15	1.913522e-01	1.080427e+01	2.341282e+16
2186	8.997379e+15	9.110908e-02	5.882640e+00	0.000000e+00
2187	8.999477e+15	6.855645e-02	5.653539e+00	8.721677e+15
2188	9.001995e+15	1.064151e-01	8.176106e+00	1.674845e+16
2189	9.004226e+15	5.488725e-02	5.301076e+00	1.769483e+16
2190	9.006652e+15	1.073472e-01	1.026272e+01	1.676594e+16
2191	9.008272e+15	3.519911e-02	4.150125e+00	8.156034e+15
2192	9.010215e+15	2.961353e-02	4.813480e+00	4.148505e+16
2193	9.012288e+15	5.487302e-02	8.590523e+00	4.032711e+16
2194	9.013756e+15	4.571721e-02	4.353370e+00	1.614312e+16
2195	9.015337e+15	3.589530e-02	3.389470e+00	0.000000e+00
2196	9.017234e+15	3.144254e-02	3.445947e+00	7.375455e+15
2197	9.019416e+15	6.577390e-02	5.437090e+00	2.290005e+16
2198	9.021182e+15	6.253859e-02	2.740057e+00	7.420512e+15
2199	9.023302e+15	7.917851e-02	3.270751e+00	2.891763e+16
2200	9.025458e+15	7.434387e-02	3.369368e+00	5.177042e+16
2201	9.027511e+15	5.082789e-02	2.911322e+00	7.154970e+15
2202	9.029598e+15	1.002721e-01	4.942274e+00	7.055838e+15
2203	9.031058e+15	4.496179e-02	1.966430e+00	7.088300e+15
2204	9.032810e+15	4.675823e-02	1.881989e+00	4.667363e+16
2205	9.034912e+15	8.034775e-02	3.071901e+00	0.000000e+00
2206	9.036783e+15	6.292387e-02	2.098447e+00	1.392130e+16
2207	9.038769e+15	6.539492e-02	2.515219e+00	1.612416e+16
2208	9.040595e+15	3.393157e-02	1.452151e+00	8.027721e+15
2209	9.042787e+15	4.214054e-02	1.423556e+00	1.828581e+16
2210	9.045416e+15	1.620948e-01	5.124716e+00	7.182742e+15
2211	9.046829e+15	5.937871e-02	1.376116e+00	7.841673e+15
2212	9.048524e+15	1.031259e-01	1.513952e+00	0.000000e+00
2213	9.050451e+15	1.282778e-01	1.604822e+00	6.948108e+15
2214	9.052764e+15	4.016432e-01	3.423374e+00	1.819241e+16
2215	9.054543e+15	2.404711e-01	1.605076e+00	0.000000e+00
2216	9.056669e+15	2.083733e-01	1.963086e+00	9.300781e+15
2217	9.058877e+15	2.637531e-01	3.141401e+00	1.648655e+16
2218	9.060560e+15	8.873593e-02	1.434778e+00	0.000000e+00
2219	9.062578e+15	8.856622e-02	1.636344e+00	1.112414e+16
2220	9.064841e+15	1.045015e-01	1.419599e+00	9.468567e+15
2221	9.067557e+15	1.283693e-01	1.839222e+00	0.000000e+00
2222	9.070412e+15	3.628974e-01	4.912377e+00	2.302858e+16
2223	9.071988e+15	1.708448e-01	1.395784e+00	9.186695e+15
2224	9.073879e+15	3.047741e-01	3.212308e+00	9.305669e+15
2225	9.075287e+15	1.637110e-01	1.416635e+00	9.432791e+15
2226	9.076977e+15	1.712741e-01	1.388292e+00	9.474063e+15
2227	9.079005e+15	1.674915e-01	1.406591e+00	0.000000e+00
2228	9.081438e+15	1.584702e-01	1.875186e+00	2.256136e+16
2229	9.083862e+15	1.100792e-01	1.750988e+00	0.000000e+00
2230	9.086310e+15	8.180759e-02	1.608315e+00	8.756189e+15
2231	9.088865e+15	8.175944e-02	2.078235e+00	2.644439e+16
2232	9.091068e+15	6.434893e-02	2.137753e+00	0.000000e+00
2233	9.092881e+15	3.610768e-02	1.345436e+00	0.000000e+00
2234	9.094900e+15	4.829396e-02	2.545573e+00	0.000000e+00
2235	9.096441e+15	1.768934e-02	1.137393e+00	0.000000e+00
2236	9.098289e+15	1.261936e-02	1.087782e+00	7.932315e+15
2237	9.100507e+15	1.036771e-02	1.008292e+00	9.125352e+15
2238	9.103168e+15	1.663718e-02	1.523001e+00	2.006032e+16
2239	9.105632e+15	1.374954e-02	1.851851e+00	9.414580e+15
2240	9.107571e+15	3.755972e-03	8.254424e-01	0.000000e+00
2241	9.109863e+15	2.604925e-03	1.099610e+00	9.132288e+15
2242	9.112117e+15	2.682486e-03	7.794757e-01	9.733814e+15
2243	9.114632e+15	2.121077e-03	8.938662e-01	1.087980e+16
2244	9.117254e+15	6.105649e-03	9.169087e-01	0.000000e+00
2245	9.119825e+15	5.743868e-03	9.992337e-01	1.055144e+16
2246	9.122136e+15	1.318255e-02	1.806058e+00	8.236086e+15
2247	9.123544e+15	3.969041e-03	5.884984e-01	0.000000e+00
2248	9.125233e+15	2.484760e-03	5.726359e-01	8.000547e+15
2249	9.127260e+15	7.453821e-04	5.364888e-01	1.097391e+16
2250	9.129692e+15	2.953785e-04	5.513346e-01	0.000000e+00
2251	9.132539e+15	1.924597e-03	9.805120e-01	0.000000e+00
2252	9.134803e+15	5.187861e-04	4.735526e-01	0.000000e+00
2253	9.137414e+15	1.089155e-03	8.296631e-01	2.124256e+16
