# W => 2.0e6
# method => lookup
# mantle temperature => 1573.0
# melting plot interval => 6.3e13
# max step => -1
# nx => 101
# lithosphere thickness => 90000.25
# marky => 12
# plot interval field => 1.575e14
# plot interval marker => 1.575e15
# H => 2.85e6
# g => 10.0
# ny => 143
# Tcmb => 3098.5489127396577
# max time => 7.875e15
# output directory => /nfs/peloton/waltz/rudolphlab/mpi-io-DOES-NOT-WORK-ON-HIVE/qxl51/plume-melt/plume_150000.7_450.0_90000.25
# eclogite frac => 0.15
# markx => 6
1	0.000000e+00	0.000000e+00	0.000000e+00	0.000000e+00
2	1.000000e+10	0.000000e+00	0.000000e+00	0.000000e+00
3	2.200000e+10	0.000000e+00	0.000000e+00	0.000000e+00
4	3.640000e+10	0.000000e+00	0.000000e+00	0.000000e+00
5	5.368000e+10	0.000000e+00	0.000000e+00	0.000000e+00
6	7.441600e+10	0.000000e+00	0.000000e+00	0.000000e+00
7	9.929920e+10	0.000000e+00	0.000000e+00	0.000000e+00
8	1.291590e+11	0.000000e+00	0.000000e+00	0.000000e+00
9	1.649908e+11	0.000000e+00	0.000000e+00	0.000000e+00
10	2.079890e+11	0.000000e+00	0.000000e+00	0.000000e+00
11	2.595868e+11	0.000000e+00	0.000000e+00	0.000000e+00
12	3.215042e+11	0.000000e+00	0.000000e+00	0.000000e+00
13	3.958050e+11	0.000000e+00	0.000000e+00	0.000000e+00
14	4.849660e+11	0.000000e+00	0.000000e+00	0.000000e+00
15	5.919592e+11	0.000000e+00	0.000000e+00	0.000000e+00
16	7.203511e+11	0.000000e+00	0.000000e+00	0.000000e+00
17	8.744213e+11	0.000000e+00	0.000000e+00	0.000000e+00
18	1.059306e+12	0.000000e+00	0.000000e+00	0.000000e+00
19	1.281167e+12	0.000000e+00	0.000000e+00	0.000000e+00
20	1.547400e+12	0.000000e+00	0.000000e+00	0.000000e+00
21	1.866880e+12	0.000000e+00	0.000000e+00	0.000000e+00
22	2.250256e+12	0.000000e+00	0.000000e+00	0.000000e+00
23	2.710307e+12	0.000000e+00	0.000000e+00	0.000000e+00
24	3.262369e+12	0.000000e+00	0.000000e+00	0.000000e+00
25	3.924842e+12	0.000000e+00	0.000000e+00	0.000000e+00
26	4.719811e+12	0.000000e+00	0.000000e+00	0.000000e+00
27	5.673773e+12	0.000000e+00	0.000000e+00	0.000000e+00
28	6.818528e+12	0.000000e+00	0.000000e+00	0.000000e+00
29	8.192233e+12	0.000000e+00	0.000000e+00	0.000000e+00
30	9.840680e+12	0.000000e+00	0.000000e+00	0.000000e+00
31	1.181882e+13	0.000000e+00	0.000000e+00	0.000000e+00
32	1.419258e+13	0.000000e+00	0.000000e+00	0.000000e+00
33	1.704109e+13	0.000000e+00	0.000000e+00	0.000000e+00
34	2.045931e+13	0.000000e+00	0.000000e+00	0.000000e+00
35	2.456118e+13	0.000000e+00	0.000000e+00	0.000000e+00
36	2.948341e+13	0.000000e+00	0.000000e+00	0.000000e+00
37	3.539009e+13	0.000000e+00	0.000000e+00	0.000000e+00
38	4.247811e+13	0.000000e+00	0.000000e+00	0.000000e+00
39	5.098373e+13	0.000000e+00	0.000000e+00	0.000000e+00
40	6.119048e+13	0.000000e+00	0.000000e+00	0.000000e+00
41	7.343858e+13	0.000000e+00	0.000000e+00	0.000000e+00
42	8.813629e+13	0.000000e+00	0.000000e+00	0.000000e+00
43	1.057736e+14	0.000000e+00	0.000000e+00	0.000000e+00
44	1.269383e+14	0.000000e+00	0.000000e+00	0.000000e+00
45	1.523359e+14	0.000000e+00	0.000000e+00	0.000000e+00
46	1.828131e+14	0.000000e+00	0.000000e+00	0.000000e+00
47	2.193857e+14	0.000000e+00	0.000000e+00	0.000000e+00
48	2.592979e+14	0.000000e+00	0.000000e+00	0.000000e+00
49	2.993731e+14	0.000000e+00	0.000000e+00	0.000000e+00
50	3.394562e+14	0.000000e+00	0.000000e+00	0.000000e+00
51	3.795397e+14	0.000000e+00	0.000000e+00	0.000000e+00
52	4.196232e+14	0.000000e+00	0.000000e+00	0.000000e+00
53	4.597066e+14	0.000000e+00	0.000000e+00	0.000000e+00
54	4.997901e+14	0.000000e+00	0.000000e+00	0.000000e+00
55	5.398736e+14	0.000000e+00	0.000000e+00	0.000000e+00
56	5.799571e+14	0.000000e+00	0.000000e+00	0.000000e+00
57	6.200405e+14	0.000000e+00	0.000000e+00	0.000000e+00
58	6.601240e+14	0.000000e+00	0.000000e+00	0.000000e+00
59	7.002075e+14	0.000000e+00	0.000000e+00	0.000000e+00
60	7.402909e+14	0.000000e+00	0.000000e+00	0.000000e+00
61	7.803744e+14	0.000000e+00	0.000000e+00	0.000000e+00
62	8.204579e+14	0.000000e+00	0.000000e+00	0.000000e+00
63	8.605413e+14	0.000000e+00	0.000000e+00	0.000000e+00
64	9.006248e+14	0.000000e+00	0.000000e+00	0.000000e+00
65	9.407082e+14	0.000000e+00	0.000000e+00	0.000000e+00
66	9.807917e+14	0.000000e+00	0.000000e+00	0.000000e+00
67	1.020875e+15	0.000000e+00	0.000000e+00	0.000000e+00
68	1.060959e+15	0.000000e+00	0.000000e+00	0.000000e+00
69	1.101042e+15	0.000000e+00	0.000000e+00	0.000000e+00
70	1.141126e+15	0.000000e+00	0.000000e+00	0.000000e+00
71	1.181209e+15	0.000000e+00	0.000000e+00	0.000000e+00
72	1.221292e+15	0.000000e+00	0.000000e+00	0.000000e+00
73	1.261376e+15	0.000000e+00	0.000000e+00	0.000000e+00
74	1.301459e+15	0.000000e+00	0.000000e+00	0.000000e+00
75	1.341543e+15	0.000000e+00	0.000000e+00	0.000000e+00
76	1.381626e+15	0.000000e+00	0.000000e+00	0.000000e+00
77	1.421710e+15	0.000000e+00	0.000000e+00	0.000000e+00
78	1.461793e+15	0.000000e+00	0.000000e+00	0.000000e+00
79	1.501877e+15	0.000000e+00	0.000000e+00	0.000000e+00
80	1.541960e+15	0.000000e+00	0.000000e+00	0.000000e+00
81	1.582044e+15	0.000000e+00	0.000000e+00	0.000000e+00
82	1.621869e+15	0.000000e+00	0.000000e+00	0.000000e+00
83	1.657739e+15	0.000000e+00	0.000000e+00	0.000000e+00
84	1.689509e+15	0.000000e+00	0.000000e+00	0.000000e+00
85	1.717868e+15	0.000000e+00	0.000000e+00	0.000000e+00
86	1.743587e+15	0.000000e+00	0.000000e+00	0.000000e+00
87	1.767340e+15	0.000000e+00	0.000000e+00	0.000000e+00
88	1.788601e+15	0.000000e+00	0.000000e+00	0.000000e+00
89	1.805909e+15	0.000000e+00	0.000000e+00	0.000000e+00
90	1.821510e+15	0.000000e+00	0.000000e+00	0.000000e+00
91	1.837154e+15	0.000000e+00	0.000000e+00	0.000000e+00
92	1.851457e+15	0.000000e+00	0.000000e+00	0.000000e+00
93	1.866045e+15	0.000000e+00	0.000000e+00	0.000000e+00
94	1.881404e+15	0.000000e+00	0.000000e+00	0.000000e+00
95	1.892714e+15	0.000000e+00	0.000000e+00	0.000000e+00
96	1.905894e+15	0.000000e+00	0.000000e+00	0.000000e+00
97	1.915610e+15	0.000000e+00	0.000000e+00	0.000000e+00
98	1.927268e+15	0.000000e+00	0.000000e+00	0.000000e+00
99	1.940353e+15	0.000000e+00	0.000000e+00	0.000000e+00
100	1.952335e+15	0.000000e+00	0.000000e+00	0.000000e+00
101	1.963179e+15	0.000000e+00	0.000000e+00	0.000000e+00
102	1.973066e+15	0.000000e+00	0.000000e+00	0.000000e+00
103	1.984930e+15	0.000000e+00	0.000000e+00	0.000000e+00
104	1.995192e+15	0.000000e+00	0.000000e+00	0.000000e+00
105	2.006386e+15	0.000000e+00	0.000000e+00	0.000000e+00
106	2.018485e+15	0.000000e+00	0.000000e+00	0.000000e+00
107	2.029177e+15	0.000000e+00	0.000000e+00	0.000000e+00
108	2.042008e+15	0.000000e+00	0.000000e+00	0.000000e+00
109	2.051821e+15	0.000000e+00	0.000000e+00	0.000000e+00
110	2.063403e+15	0.000000e+00	0.000000e+00	0.000000e+00
111	2.071596e+15	0.000000e+00	0.000000e+00	0.000000e+00
112	2.081428e+15	0.000000e+00	0.000000e+00	0.000000e+00
113	2.089439e+15	0.000000e+00	0.000000e+00	0.000000e+00
114	2.099053e+15	0.000000e+00	0.000000e+00	0.000000e+00
115	2.109000e+15	0.000000e+00	0.000000e+00	0.000000e+00
116	2.120937e+15	0.000000e+00	0.000000e+00	0.000000e+00
117	2.132336e+15	0.000000e+00	0.000000e+00	0.000000e+00
118	2.141134e+15	0.000000e+00	0.000000e+00	0.000000e+00
119	2.151292e+15	0.000000e+00	0.000000e+00	0.000000e+00
120	2.157431e+15	0.000000e+00	0.000000e+00	0.000000e+00
121	2.164798e+15	0.000000e+00	0.000000e+00	0.000000e+00
122	2.173639e+15	0.000000e+00	0.000000e+00	0.000000e+00
123	2.184248e+15	0.000000e+00	0.000000e+00	0.000000e+00
124	2.193613e+15	0.000000e+00	0.000000e+00	0.000000e+00
125	2.203403e+15	0.000000e+00	0.000000e+00	0.000000e+00
126	2.213238e+15	0.000000e+00	0.000000e+00	0.000000e+00
127	2.225039e+15	0.000000e+00	0.000000e+00	0.000000e+00
128	2.232679e+15	0.000000e+00	0.000000e+00	0.000000e+00
129	2.241846e+15	0.000000e+00	0.000000e+00	0.000000e+00
130	2.252847e+15	0.000000e+00	0.000000e+00	0.000000e+00
131	2.261835e+15	0.000000e+00	0.000000e+00	0.000000e+00
132	2.272621e+15	0.000000e+00	0.000000e+00	0.000000e+00
133	2.282566e+15	0.000000e+00	0.000000e+00	0.000000e+00
134	2.292446e+15	0.000000e+00	0.000000e+00	0.000000e+00
135	2.302779e+15	0.000000e+00	0.000000e+00	0.000000e+00
136	2.315178e+15	0.000000e+00	0.000000e+00	0.000000e+00
137	2.323780e+15	0.000000e+00	0.000000e+00	0.000000e+00
138	2.332656e+15	0.000000e+00	0.000000e+00	0.000000e+00
139	2.343307e+15	0.000000e+00	0.000000e+00	0.000000e+00
140	2.353812e+15	0.000000e+00	0.000000e+00	0.000000e+00
141	2.362466e+15	0.000000e+00	0.000000e+00	0.000000e+00
142	2.372850e+15	0.000000e+00	0.000000e+00	0.000000e+00
143	2.384055e+15	0.000000e+00	0.000000e+00	0.000000e+00
144	2.392471e+15	0.000000e+00	0.000000e+00	0.000000e+00
145	2.402571e+15	0.000000e+00	0.000000e+00	0.000000e+00
146	2.410859e+15	0.000000e+00	0.000000e+00	0.000000e+00
147	2.420803e+15	0.000000e+00	0.000000e+00	0.000000e+00
148	2.429546e+15	0.000000e+00	0.000000e+00	0.000000e+00
149	2.440037e+15	0.000000e+00	0.000000e+00	0.000000e+00
150	2.450195e+15	0.000000e+00	0.000000e+00	0.000000e+00
151	2.458297e+15	0.000000e+00	0.000000e+00	0.000000e+00
152	2.468021e+15	0.000000e+00	0.000000e+00	0.000000e+00
153	2.477531e+15	0.000000e+00	0.000000e+00	0.000000e+00
154	2.487245e+15	0.000000e+00	0.000000e+00	0.000000e+00
155	2.495818e+15	0.000000e+00	0.000000e+00	0.000000e+00
156	2.506106e+15	0.000000e+00	0.000000e+00	0.000000e+00
157	2.518311e+15	0.000000e+00	0.000000e+00	0.000000e+00
158	2.525659e+15	0.000000e+00	0.000000e+00	0.000000e+00
159	2.534478e+15	0.000000e+00	0.000000e+00	0.000000e+00
160	2.542729e+15	0.000000e+00	0.000000e+00	0.000000e+00
161	2.552631e+15	0.000000e+00	0.000000e+00	0.000000e+00
162	2.559549e+15	0.000000e+00	0.000000e+00	0.000000e+00
163	2.567852e+15	0.000000e+00	0.000000e+00	0.000000e+00
164	2.577814e+15	0.000000e+00	0.000000e+00	0.000000e+00
165	2.586815e+15	0.000000e+00	0.000000e+00	0.000000e+00
166	2.597528e+15	0.000000e+00	0.000000e+00	0.000000e+00
167	2.610383e+15	0.000000e+00	0.000000e+00	0.000000e+00
168	2.619929e+15	0.000000e+00	0.000000e+00	0.000000e+00
169	2.629988e+15	0.000000e+00	0.000000e+00	0.000000e+00
170	2.640651e+15	0.000000e+00	0.000000e+00	0.000000e+00
171	2.652222e+15	0.000000e+00	0.000000e+00	0.000000e+00
172	2.663061e+15	0.000000e+00	0.000000e+00	0.000000e+00
173	2.671359e+15	0.000000e+00	0.000000e+00	0.000000e+00
174	2.681316e+15	0.000000e+00	0.000000e+00	0.000000e+00
175	2.692024e+15	0.000000e+00	0.000000e+00	0.000000e+00
176	2.704584e+15	0.000000e+00	0.000000e+00	0.000000e+00
177	2.715737e+15	0.000000e+00	0.000000e+00	0.000000e+00
178	2.723633e+15	0.000000e+00	0.000000e+00	0.000000e+00
179	2.733109e+15	0.000000e+00	0.000000e+00	0.000000e+00
180	2.744481e+15	0.000000e+00	0.000000e+00	0.000000e+00
181	2.755721e+15	0.000000e+00	0.000000e+00	0.000000e+00
182	2.764488e+15	0.000000e+00	0.000000e+00	0.000000e+00
183	2.774113e+15	0.000000e+00	0.000000e+00	0.000000e+00
184	2.785663e+15	0.000000e+00	0.000000e+00	0.000000e+00
185	2.799524e+15	0.000000e+00	0.000000e+00	0.000000e+00
186	2.807411e+15	0.000000e+00	0.000000e+00	0.000000e+00
187	2.816877e+15	0.000000e+00	0.000000e+00	0.000000e+00
188	2.826297e+15	0.000000e+00	0.000000e+00	0.000000e+00
189	2.837602e+15	0.000000e+00	0.000000e+00	0.000000e+00
190	2.846903e+15	0.000000e+00	0.000000e+00	0.000000e+00
191	2.858063e+15	0.000000e+00	0.000000e+00	0.000000e+00
192	2.866373e+15	0.000000e+00	0.000000e+00	0.000000e+00
193	2.876346e+15	0.000000e+00	0.000000e+00	0.000000e+00
194	2.886114e+15	0.000000e+00	0.000000e+00	0.000000e+00
195	2.897835e+15	0.000000e+00	0.000000e+00	0.000000e+00
196	2.911900e+15	0.000000e+00	0.000000e+00	0.000000e+00
197	2.919526e+15	0.000000e+00	0.000000e+00	0.000000e+00
198	2.928677e+15	0.000000e+00	0.000000e+00	0.000000e+00
199	2.939658e+15	0.000000e+00	0.000000e+00	0.000000e+00
200	2.949696e+15	0.000000e+00	0.000000e+00	0.000000e+00
201	2.961741e+15	0.000000e+00	0.000000e+00	0.000000e+00
202	2.969111e+15	0.000000e+00	0.000000e+00	0.000000e+00
203	2.977956e+15	0.000000e+00	0.000000e+00	0.000000e+00
204	2.988569e+15	0.000000e+00	0.000000e+00	0.000000e+00
205	3.000813e+15	0.000000e+00	0.000000e+00	0.000000e+00
206	3.015505e+15	0.000000e+00	0.000000e+00	0.000000e+00
207	3.025414e+15	0.000000e+00	0.000000e+00	0.000000e+00
208	3.037304e+15	0.000000e+00	0.000000e+00	0.000000e+00
209	3.051572e+15	0.000000e+00	0.000000e+00	0.000000e+00
210	3.068693e+15	0.000000e+00	0.000000e+00	0.000000e+00
211	3.081959e+15	0.000000e+00	0.000000e+00	0.000000e+00
212	3.090407e+15	0.000000e+00	0.000000e+00	0.000000e+00
213	3.100544e+15	0.000000e+00	0.000000e+00	0.000000e+00
214	3.111534e+15	0.000000e+00	0.000000e+00	0.000000e+00
215	3.123320e+15	0.000000e+00	0.000000e+00	0.000000e+00
216	3.137463e+15	0.000000e+00	0.000000e+00	0.000000e+00
217	3.145590e+15	0.000000e+00	0.000000e+00	0.000000e+00
218	3.155341e+15	0.000000e+00	0.000000e+00	0.000000e+00
219	3.167044e+15	0.000000e+00	0.000000e+00	0.000000e+00
220	3.178016e+15	0.000000e+00	0.000000e+00	0.000000e+00
221	3.191182e+15	0.000000e+00	0.000000e+00	0.000000e+00
222	3.206342e+15	0.000000e+00	0.000000e+00	0.000000e+00
223	3.216745e+15	0.000000e+00	0.000000e+00	0.000000e+00
224	3.229228e+15	0.000000e+00	0.000000e+00	0.000000e+00
225	3.242023e+15	0.000000e+00	0.000000e+00	0.000000e+00
226	3.254340e+15	0.000000e+00	0.000000e+00	0.000000e+00
227	3.269121e+15	0.000000e+00	0.000000e+00	0.000000e+00
228	3.281022e+15	0.000000e+00	0.000000e+00	0.000000e+00
229	3.293185e+15	0.000000e+00	0.000000e+00	0.000000e+00
230	3.307781e+15	0.000000e+00	0.000000e+00	0.000000e+00
231	3.321167e+15	0.000000e+00	0.000000e+00	0.000000e+00
232	3.337230e+15	0.000000e+00	0.000000e+00	0.000000e+00
233	3.349968e+15	0.000000e+00	0.000000e+00	0.000000e+00
234	3.365254e+15	0.000000e+00	0.000000e+00	0.000000e+00
235	3.373086e+15	0.000000e+00	0.000000e+00	0.000000e+00
236	3.382485e+15	0.000000e+00	0.000000e+00	0.000000e+00
237	3.393764e+15	0.000000e+00	0.000000e+00	0.000000e+00
238	3.405882e+15	0.000000e+00	0.000000e+00	0.000000e+00
239	3.420424e+15	0.000000e+00	0.000000e+00	0.000000e+00
240	3.430412e+15	0.000000e+00	0.000000e+00	0.000000e+00
241	3.442397e+15	0.000000e+00	0.000000e+00	0.000000e+00
242	3.456780e+15	0.000000e+00	0.000000e+00	0.000000e+00
243	3.474039e+15	0.000000e+00	0.000000e+00	0.000000e+00
244	3.481176e+15	0.000000e+00	0.000000e+00	0.000000e+00
245	3.489740e+15	0.000000e+00	0.000000e+00	0.000000e+00
246	3.500018e+15	0.000000e+00	0.000000e+00	0.000000e+00
247	3.510352e+15	0.000000e+00	0.000000e+00	0.000000e+00
248	3.522752e+15	0.000000e+00	0.000000e+00	0.000000e+00
249	3.537633e+15	0.000000e+00	0.000000e+00	0.000000e+00
250	3.547918e+15	0.000000e+00	0.000000e+00	0.000000e+00
251	3.560261e+15	0.000000e+00	0.000000e+00	0.000000e+00
252	3.575072e+15	0.000000e+00	0.000000e+00	0.000000e+00
253	3.585219e+15	0.000000e+00	0.000000e+00	0.000000e+00
254	3.597397e+15	0.000000e+00	0.000000e+00	0.000000e+00
255	3.612010e+15	0.000000e+00	0.000000e+00	0.000000e+00
256	3.627392e+15	0.000000e+00	0.000000e+00	0.000000e+00
257	3.638037e+15	0.000000e+00	0.000000e+00	0.000000e+00
258	3.650812e+15	0.000000e+00	0.000000e+00	0.000000e+00
259	3.665732e+15	0.000000e+00	0.000000e+00	0.000000e+00
260	3.677802e+15	0.000000e+00	0.000000e+00	0.000000e+00
261	3.692159e+15	0.000000e+00	0.000000e+00	0.000000e+00
262	3.706226e+15	0.000000e+00	0.000000e+00	0.000000e+00
263	3.714833e+15	0.000000e+00	0.000000e+00	0.000000e+00
264	3.725161e+15	0.000000e+00	0.000000e+00	0.000000e+00
265	3.737555e+15	0.000000e+00	0.000000e+00	0.000000e+00
266	3.749211e+15	0.000000e+00	0.000000e+00	0.000000e+00
267	3.762179e+15	0.000000e+00	0.000000e+00	0.000000e+00
268	3.774908e+15	0.000000e+00	0.000000e+00	0.000000e+00
269	3.787407e+15	0.000000e+00	0.000000e+00	0.000000e+00
270	3.799686e+15	0.000000e+00	0.000000e+00	0.000000e+00
271	3.811754e+15	0.000000e+00	0.000000e+00	0.000000e+00
272	3.823615e+15	0.000000e+00	0.000000e+00	0.000000e+00
273	3.835121e+15	0.000000e+00	0.000000e+00	0.000000e+00
274	3.846596e+15	0.000000e+00	0.000000e+00	0.000000e+00
275	3.857884e+15	0.000000e+00	0.000000e+00	0.000000e+00
276	3.868989e+15	0.000000e+00	0.000000e+00	0.000000e+00
277	3.879918e+15	0.000000e+00	0.000000e+00	0.000000e+00
278	3.890679e+15	0.000000e+00	0.000000e+00	0.000000e+00
279	3.901278e+15	0.000000e+00	0.000000e+00	0.000000e+00
280	3.911720e+15	0.000000e+00	0.000000e+00	0.000000e+00
281	3.922008e+15	0.000000e+00	0.000000e+00	0.000000e+00
282	3.932149e+15	0.000000e+00	0.000000e+00	0.000000e+00
283	3.942149e+15	0.000000e+00	0.000000e+00	0.000000e+00
284	3.952007e+15	0.000000e+00	0.000000e+00	0.000000e+00
285	3.961729e+15	0.000000e+00	0.000000e+00	0.000000e+00
286	3.971320e+15	0.000000e+00	0.000000e+00	0.000000e+00
287	3.980781e+15	0.000000e+00	0.000000e+00	0.000000e+00
288	3.990121e+15	0.000000e+00	0.000000e+00	0.000000e+00
289	3.999340e+15	0.000000e+00	0.000000e+00	0.000000e+00
290	4.008446e+15	0.000000e+00	0.000000e+00	0.000000e+00
291	4.017437e+15	0.000000e+00	0.000000e+00	0.000000e+00
292	4.026321e+15	0.000000e+00	0.000000e+00	0.000000e+00
293	4.035095e+15	0.000000e+00	0.000000e+00	0.000000e+00
294	4.043767e+15	0.000000e+00	0.000000e+00	0.000000e+00
295	4.052338e+15	0.000000e+00	0.000000e+00	0.000000e+00
296	4.060810e+15	0.000000e+00	0.000000e+00	0.000000e+00
297	4.069184e+15	0.000000e+00	0.000000e+00	0.000000e+00
298	4.077466e+15	0.000000e+00	0.000000e+00	0.000000e+00
299	4.085656e+15	0.000000e+00	0.000000e+00	0.000000e+00
300	4.093760e+15	0.000000e+00	0.000000e+00	0.000000e+00
301	4.101776e+15	0.000000e+00	0.000000e+00	0.000000e+00
302	4.109711e+15	0.000000e+00	0.000000e+00	0.000000e+00
303	4.117559e+15	0.000000e+00	0.000000e+00	0.000000e+00
304	4.125328e+15	0.000000e+00	0.000000e+00	0.000000e+00
305	4.133015e+15	0.000000e+00	0.000000e+00	0.000000e+00
306	4.140627e+15	0.000000e+00	0.000000e+00	0.000000e+00
307	4.148162e+15	0.000000e+00	0.000000e+00	0.000000e+00
308	4.155628e+15	0.000000e+00	0.000000e+00	0.000000e+00
309	4.163022e+15	0.000000e+00	0.000000e+00	0.000000e+00
310	4.170350e+15	0.000000e+00	0.000000e+00	0.000000e+00
311	4.177608e+15	0.000000e+00	0.000000e+00	0.000000e+00
312	4.184801e+15	0.000000e+00	0.000000e+00	0.000000e+00
313	4.191928e+15	0.000000e+00	0.000000e+00	0.000000e+00
314	4.198989e+15	0.000000e+00	0.000000e+00	0.000000e+00
315	4.205989e+15	0.000000e+00	0.000000e+00	0.000000e+00
316	4.212929e+15	0.000000e+00	0.000000e+00	0.000000e+00
317	4.219808e+15	0.000000e+00	0.000000e+00	0.000000e+00
318	4.226632e+15	0.000000e+00	0.000000e+00	0.000000e+00
319	4.233396e+15	0.000000e+00	0.000000e+00	0.000000e+00
320	4.240110e+15	0.000000e+00	0.000000e+00	0.000000e+00
321	4.246766e+15	0.000000e+00	0.000000e+00	0.000000e+00
322	4.253373e+15	0.000000e+00	0.000000e+00	0.000000e+00
323	4.259924e+15	0.000000e+00	0.000000e+00	0.000000e+00
324	4.266426e+15	0.000000e+00	0.000000e+00	0.000000e+00
325	4.272877e+15	0.000000e+00	0.000000e+00	0.000000e+00
326	4.279277e+15	0.000000e+00	0.000000e+00	0.000000e+00
327	4.285628e+15	0.000000e+00	0.000000e+00	0.000000e+00
328	4.291932e+15	0.000000e+00	0.000000e+00	0.000000e+00
329	4.298185e+15	0.000000e+00	0.000000e+00	0.000000e+00
330	4.304397e+15	0.000000e+00	0.000000e+00	0.000000e+00
331	4.310558e+15	0.000000e+00	0.000000e+00	0.000000e+00
332	4.316680e+15	0.000000e+00	0.000000e+00	0.000000e+00
333	4.322757e+15	0.000000e+00	0.000000e+00	0.000000e+00
334	4.328793e+15	0.000000e+00	0.000000e+00	0.000000e+00
335	4.334785e+15	0.000000e+00	0.000000e+00	0.000000e+00
336	4.340738e+15	0.000000e+00	0.000000e+00	0.000000e+00
337	4.346648e+15	0.000000e+00	0.000000e+00	0.000000e+00
338	4.352521e+15	0.000000e+00	0.000000e+00	0.000000e+00
339	4.358352e+15	0.000000e+00	0.000000e+00	0.000000e+00
340	4.364147e+15	0.000000e+00	0.000000e+00	0.000000e+00
341	4.369904e+15	0.000000e+00	0.000000e+00	0.000000e+00
342	4.375623e+15	0.000000e+00	0.000000e+00	0.000000e+00
343	4.381309e+15	0.000000e+00	0.000000e+00	0.000000e+00
344	4.386958e+15	0.000000e+00	0.000000e+00	0.000000e+00
345	4.392576e+15	0.000000e+00	0.000000e+00	0.000000e+00
346	4.398157e+15	0.000000e+00	0.000000e+00	0.000000e+00
347	4.403705e+15	0.000000e+00	0.000000e+00	0.000000e+00
348	4.409217e+15	0.000000e+00	0.000000e+00	0.000000e+00
349	4.414698e+15	0.000000e+00	0.000000e+00	0.000000e+00
350	4.420146e+15	0.000000e+00	0.000000e+00	0.000000e+00
351	4.425565e+15	0.000000e+00	0.000000e+00	0.000000e+00
352	4.430949e+15	0.000000e+00	0.000000e+00	0.000000e+00
353	4.436306e+15	0.000000e+00	0.000000e+00	0.000000e+00
354	4.441632e+15	0.000000e+00	0.000000e+00	0.000000e+00
355	4.446931e+15	0.000000e+00	0.000000e+00	0.000000e+00
356	4.452202e+15	0.000000e+00	0.000000e+00	0.000000e+00
357	4.457445e+15	0.000000e+00	0.000000e+00	0.000000e+00
358	4.462659e+15	0.000000e+00	0.000000e+00	0.000000e+00
359	4.467847e+15	0.000000e+00	0.000000e+00	0.000000e+00
360	4.473006e+15	0.000000e+00	0.000000e+00	0.000000e+00
361	4.478142e+15	0.000000e+00	0.000000e+00	0.000000e+00
362	4.483251e+15	0.000000e+00	0.000000e+00	0.000000e+00
363	4.488335e+15	0.000000e+00	0.000000e+00	0.000000e+00
364	4.493394e+15	0.000000e+00	0.000000e+00	0.000000e+00
365	4.498428e+15	0.000000e+00	0.000000e+00	0.000000e+00
366	4.503436e+15	0.000000e+00	0.000000e+00	0.000000e+00
367	4.508422e+15	0.000000e+00	0.000000e+00	0.000000e+00
368	4.513382e+15	0.000000e+00	0.000000e+00	0.000000e+00
369	4.518320e+15	0.000000e+00	0.000000e+00	0.000000e+00
370	4.523234e+15	0.000000e+00	0.000000e+00	0.000000e+00
371	4.528125e+15	0.000000e+00	0.000000e+00	0.000000e+00
372	4.532995e+15	0.000000e+00	0.000000e+00	0.000000e+00
373	4.537841e+15	0.000000e+00	0.000000e+00	0.000000e+00
374	4.542667e+15	0.000000e+00	0.000000e+00	0.000000e+00
375	4.547469e+15	0.000000e+00	0.000000e+00	0.000000e+00
376	4.552251e+15	0.000000e+00	0.000000e+00	0.000000e+00
377	4.557011e+15	0.000000e+00	0.000000e+00	0.000000e+00
378	4.561751e+15	0.000000e+00	0.000000e+00	0.000000e+00
379	4.566472e+15	0.000000e+00	0.000000e+00	0.000000e+00
380	4.571174e+15	0.000000e+00	0.000000e+00	0.000000e+00
381	4.575855e+15	0.000000e+00	0.000000e+00	0.000000e+00
382	4.580519e+15	0.000000e+00	0.000000e+00	0.000000e+00
383	4.585163e+15	0.000000e+00	0.000000e+00	0.000000e+00
384	4.589789e+15	0.000000e+00	0.000000e+00	0.000000e+00
385	4.594397e+15	0.000000e+00	0.000000e+00	0.000000e+00
386	4.598986e+15	0.000000e+00	0.000000e+00	0.000000e+00
387	4.603560e+15	0.000000e+00	0.000000e+00	0.000000e+00
388	4.608114e+15	0.000000e+00	0.000000e+00	0.000000e+00
389	4.612651e+15	0.000000e+00	0.000000e+00	0.000000e+00
390	4.617171e+15	0.000000e+00	0.000000e+00	0.000000e+00
391	4.621674e+15	0.000000e+00	0.000000e+00	0.000000e+00
392	4.626161e+15	0.000000e+00	0.000000e+00	0.000000e+00
393	4.630631e+15	0.000000e+00	0.000000e+00	0.000000e+00
394	4.635084e+15	0.000000e+00	0.000000e+00	0.000000e+00
395	4.639522e+15	0.000000e+00	0.000000e+00	0.000000e+00
396	4.643946e+15	0.000000e+00	0.000000e+00	0.000000e+00
397	4.648353e+15	0.000000e+00	0.000000e+00	0.000000e+00
398	4.652744e+15	0.000000e+00	0.000000e+00	0.000000e+00
399	4.657121e+15	0.000000e+00	0.000000e+00	0.000000e+00
400	4.661482e+15	0.000000e+00	0.000000e+00	0.000000e+00
401	4.665831e+15	0.000000e+00	0.000000e+00	0.000000e+00
402	4.670163e+15	0.000000e+00	0.000000e+00	0.000000e+00
403	4.674480e+15	0.000000e+00	0.000000e+00	0.000000e+00
404	4.678785e+15	0.000000e+00	0.000000e+00	0.000000e+00
405	4.683076e+15	0.000000e+00	0.000000e+00	0.000000e+00
406	4.687353e+15	0.000000e+00	0.000000e+00	0.000000e+00
407	4.691619e+15	0.000000e+00	0.000000e+00	0.000000e+00
408	4.695869e+15	0.000000e+00	0.000000e+00	0.000000e+00
409	4.700108e+15	0.000000e+00	0.000000e+00	0.000000e+00
410	4.704333e+15	0.000000e+00	0.000000e+00	0.000000e+00
411	4.708545e+15	0.000000e+00	0.000000e+00	0.000000e+00
412	4.712745e+15	0.000000e+00	0.000000e+00	0.000000e+00
413	4.716932e+15	0.000000e+00	0.000000e+00	0.000000e+00
414	4.721106e+15	0.000000e+00	0.000000e+00	0.000000e+00
415	4.725269e+15	0.000000e+00	0.000000e+00	0.000000e+00
416	4.729419e+15	0.000000e+00	0.000000e+00	0.000000e+00
417	4.733559e+15	0.000000e+00	0.000000e+00	0.000000e+00
418	4.737687e+15	0.000000e+00	0.000000e+00	0.000000e+00
419	4.741802e+15	0.000000e+00	0.000000e+00	0.000000e+00
420	4.745906e+15	0.000000e+00	0.000000e+00	0.000000e+00
421	4.749998e+15	0.000000e+00	0.000000e+00	0.000000e+00
422	4.754081e+15	0.000000e+00	0.000000e+00	0.000000e+00
423	4.758153e+15	0.000000e+00	0.000000e+00	0.000000e+00
424	4.762213e+15	0.000000e+00	0.000000e+00	0.000000e+00
425	4.766263e+15	0.000000e+00	0.000000e+00	0.000000e+00
426	4.770301e+15	0.000000e+00	0.000000e+00	0.000000e+00
427	4.774330e+15	0.000000e+00	0.000000e+00	0.000000e+00
428	4.778348e+15	0.000000e+00	0.000000e+00	0.000000e+00
429	4.782358e+15	0.000000e+00	0.000000e+00	0.000000e+00
430	4.786358e+15	0.000000e+00	0.000000e+00	0.000000e+00
431	4.790349e+15	0.000000e+00	0.000000e+00	0.000000e+00
432	4.794331e+15	0.000000e+00	0.000000e+00	0.000000e+00
433	4.798304e+15	0.000000e+00	0.000000e+00	0.000000e+00
434	4.802267e+15	0.000000e+00	0.000000e+00	0.000000e+00
435	4.806222e+15	0.000000e+00	0.000000e+00	0.000000e+00
436	4.810166e+15	0.000000e+00	0.000000e+00	0.000000e+00
437	4.814102e+15	0.000000e+00	0.000000e+00	0.000000e+00
438	4.818027e+15	0.000000e+00	0.000000e+00	0.000000e+00
439	4.821944e+15	0.000000e+00	0.000000e+00	0.000000e+00
440	4.825852e+15	0.000000e+00	0.000000e+00	0.000000e+00
441	4.829753e+15	0.000000e+00	0.000000e+00	0.000000e+00
442	4.833645e+15	0.000000e+00	0.000000e+00	0.000000e+00
443	4.837528e+15	0.000000e+00	0.000000e+00	0.000000e+00
444	4.841405e+15	0.000000e+00	0.000000e+00	0.000000e+00
445	4.845273e+15	0.000000e+00	0.000000e+00	0.000000e+00
446	4.849133e+15	0.000000e+00	0.000000e+00	0.000000e+00
447	4.852986e+15	0.000000e+00	0.000000e+00	0.000000e+00
448	4.856832e+15	0.000000e+00	0.000000e+00	0.000000e+00
449	4.860669e+15	0.000000e+00	0.000000e+00	0.000000e+00
450	4.864499e+15	0.000000e+00	0.000000e+00	0.000000e+00
451	4.868322e+15	0.000000e+00	0.000000e+00	0.000000e+00
452	4.872136e+15	0.000000e+00	0.000000e+00	0.000000e+00
453	4.875944e+15	0.000000e+00	0.000000e+00	0.000000e+00
454	4.879744e+15	0.000000e+00	0.000000e+00	0.000000e+00
455	4.883537e+15	0.000000e+00	0.000000e+00	0.000000e+00
456	4.887322e+15	0.000000e+00	0.000000e+00	0.000000e+00
457	4.891101e+15	0.000000e+00	0.000000e+00	0.000000e+00
458	4.894872e+15	0.000000e+00	0.000000e+00	0.000000e+00
459	4.898636e+15	0.000000e+00	0.000000e+00	0.000000e+00
460	4.902394e+15	0.000000e+00	0.000000e+00	0.000000e+00
461	4.906145e+15	0.000000e+00	0.000000e+00	0.000000e+00
462	4.909888e+15	0.000000e+00	0.000000e+00	0.000000e+00
463	4.913627e+15	0.000000e+00	0.000000e+00	0.000000e+00
464	4.917359e+15	0.000000e+00	0.000000e+00	0.000000e+00
465	4.921084e+15	0.000000e+00	0.000000e+00	0.000000e+00
466	4.924803e+15	0.000000e+00	0.000000e+00	0.000000e+00
467	4.928517e+15	0.000000e+00	0.000000e+00	0.000000e+00
468	4.932225e+15	0.000000e+00	0.000000e+00	0.000000e+00
469	4.935926e+15	0.000000e+00	0.000000e+00	0.000000e+00
470	4.939622e+15	0.000000e+00	0.000000e+00	0.000000e+00
471	4.943313e+15	0.000000e+00	0.000000e+00	0.000000e+00
472	4.946998e+15	0.000000e+00	0.000000e+00	0.000000e+00
473	4.950677e+15	0.000000e+00	0.000000e+00	0.000000e+00
474	4.954351e+15	0.000000e+00	0.000000e+00	0.000000e+00
475	4.958019e+15	0.000000e+00	0.000000e+00	0.000000e+00
476	4.961682e+15	0.000000e+00	0.000000e+00	0.000000e+00
477	4.965339e+15	0.000000e+00	0.000000e+00	0.000000e+00
478	4.968991e+15	0.000000e+00	0.000000e+00	0.000000e+00
479	4.972639e+15	0.000000e+00	0.000000e+00	0.000000e+00
480	4.976281e+15	0.000000e+00	0.000000e+00	0.000000e+00
481	4.979919e+15	0.000000e+00	0.000000e+00	0.000000e+00
482	4.983550e+15	0.000000e+00	0.000000e+00	0.000000e+00
483	4.987176e+15	0.000000e+00	0.000000e+00	0.000000e+00
484	4.990798e+15	0.000000e+00	0.000000e+00	0.000000e+00
485	4.994413e+15	0.000000e+00	0.000000e+00	0.000000e+00
486	4.998025e+15	0.000000e+00	0.000000e+00	0.000000e+00
487	5.001631e+15	0.000000e+00	0.000000e+00	0.000000e+00
488	5.005234e+15	0.000000e+00	0.000000e+00	0.000000e+00
489	5.008832e+15	0.000000e+00	0.000000e+00	0.000000e+00
490	5.012425e+15	0.000000e+00	0.000000e+00	0.000000e+00
491	5.016014e+15	0.000000e+00	0.000000e+00	0.000000e+00
492	5.019598e+15	0.000000e+00	0.000000e+00	0.000000e+00
493	5.023178e+15	0.000000e+00	0.000000e+00	0.000000e+00
494	5.026753e+15	0.000000e+00	0.000000e+00	0.000000e+00
495	5.030324e+15	0.000000e+00	0.000000e+00	0.000000e+00
496	5.033890e+15	0.000000e+00	0.000000e+00	0.000000e+00
497	5.037452e+15	0.000000e+00	0.000000e+00	0.000000e+00
498	5.041010e+15	0.000000e+00	0.000000e+00	0.000000e+00
499	5.044563e+15	0.000000e+00	0.000000e+00	0.000000e+00
500	5.048113e+15	0.000000e+00	0.000000e+00	0.000000e+00
501	5.051657e+15	0.000000e+00	0.000000e+00	0.000000e+00
502	5.055197e+15	0.000000e+00	0.000000e+00	0.000000e+00
503	5.058734e+15	0.000000e+00	0.000000e+00	0.000000e+00
504	5.062266e+15	0.000000e+00	0.000000e+00	0.000000e+00
505	5.065796e+15	0.000000e+00	0.000000e+00	0.000000e+00
506	5.069322e+15	0.000000e+00	0.000000e+00	0.000000e+00
507	5.072844e+15	0.000000e+00	0.000000e+00	0.000000e+00
508	5.076363e+15	0.000000e+00	0.000000e+00	0.000000e+00
509	5.079878e+15	0.000000e+00	0.000000e+00	0.000000e+00
510	5.083389e+15	0.000000e+00	0.000000e+00	0.000000e+00
511	5.086897e+15	0.000000e+00	0.000000e+00	0.000000e+00
512	5.090400e+15	0.000000e+00	0.000000e+00	0.000000e+00
513	5.093899e+15	0.000000e+00	0.000000e+00	0.000000e+00
514	5.097395e+15	0.000000e+00	0.000000e+00	0.000000e+00
515	5.100888e+15	0.000000e+00	0.000000e+00	0.000000e+00
516	5.104376e+15	0.000000e+00	0.000000e+00	0.000000e+00
517	5.107862e+15	0.000000e+00	0.000000e+00	0.000000e+00
518	5.111342e+15	0.000000e+00	0.000000e+00	0.000000e+00
519	5.114821e+15	0.000000e+00	0.000000e+00	0.000000e+00
520	5.118294e+15	0.000000e+00	0.000000e+00	0.000000e+00
521	5.121763e+15	0.000000e+00	0.000000e+00	0.000000e+00
522	5.125228e+15	0.000000e+00	0.000000e+00	0.000000e+00
523	5.128691e+15	0.000000e+00	0.000000e+00	0.000000e+00
524	5.132149e+15	0.000000e+00	0.000000e+00	0.000000e+00
525	5.135604e+15	0.000000e+00	0.000000e+00	0.000000e+00
526	5.139055e+15	0.000000e+00	0.000000e+00	0.000000e+00
527	5.142503e+15	0.000000e+00	0.000000e+00	0.000000e+00
528	5.145949e+15	0.000000e+00	0.000000e+00	0.000000e+00
529	5.149390e+15	0.000000e+00	0.000000e+00	0.000000e+00
530	5.152829e+15	0.000000e+00	0.000000e+00	0.000000e+00
531	5.156263e+15	0.000000e+00	0.000000e+00	0.000000e+00
532	5.159695e+15	0.000000e+00	0.000000e+00	0.000000e+00
533	5.163123e+15	0.000000e+00	0.000000e+00	0.000000e+00
534	5.166548e+15	0.000000e+00	0.000000e+00	0.000000e+00
535	5.169971e+15	0.000000e+00	0.000000e+00	0.000000e+00
536	5.173390e+15	0.000000e+00	0.000000e+00	0.000000e+00
537	5.176805e+15	0.000000e+00	0.000000e+00	0.000000e+00
538	5.180217e+15	0.000000e+00	0.000000e+00	0.000000e+00
539	5.183623e+15	0.000000e+00	0.000000e+00	0.000000e+00
540	5.187026e+15	0.000000e+00	0.000000e+00	0.000000e+00
541	5.190425e+15	0.000000e+00	0.000000e+00	0.000000e+00
542	5.193819e+15	0.000000e+00	0.000000e+00	0.000000e+00
543	5.197211e+15	0.000000e+00	0.000000e+00	0.000000e+00
544	5.200597e+15	0.000000e+00	0.000000e+00	0.000000e+00
545	5.203979e+15	0.000000e+00	0.000000e+00	0.000000e+00
546	5.207357e+15	0.000000e+00	0.000000e+00	0.000000e+00
547	5.210731e+15	0.000000e+00	0.000000e+00	0.000000e+00
548	5.214100e+15	0.000000e+00	0.000000e+00	0.000000e+00
549	5.216432e+15	0.000000e+00	0.000000e+00	0.000000e+00
550	5.219230e+15	0.000000e+00	0.000000e+00	0.000000e+00
551	5.222586e+15	0.000000e+00	0.000000e+00	0.000000e+00
552	5.225938e+15	0.000000e+00	0.000000e+00	0.000000e+00
553	5.229284e+15	0.000000e+00	0.000000e+00	0.000000e+00
554	5.232532e+15	0.000000e+00	0.000000e+00	0.000000e+00
555	5.235866e+15	0.000000e+00	0.000000e+00	0.000000e+00
556	5.239193e+15	0.000000e+00	0.000000e+00	0.000000e+00
557	5.242513e+15	0.000000e+00	0.000000e+00	0.000000e+00
558	5.245826e+15	0.000000e+00	0.000000e+00	0.000000e+00
559	5.249131e+15	0.000000e+00	0.000000e+00	0.000000e+00
560	5.252425e+15	0.000000e+00	0.000000e+00	0.000000e+00
561	5.255709e+15	0.000000e+00	0.000000e+00	0.000000e+00
562	5.258980e+15	0.000000e+00	0.000000e+00	0.000000e+00
563	5.262238e+15	0.000000e+00	0.000000e+00	0.000000e+00
564	5.265482e+15	0.000000e+00	0.000000e+00	0.000000e+00
565	5.268707e+15	0.000000e+00	0.000000e+00	0.000000e+00
566	5.271911e+15	0.000000e+00	0.000000e+00	0.000000e+00
567	5.275038e+15	0.000000e+00	0.000000e+00	0.000000e+00
568	5.277949e+15	0.000000e+00	0.000000e+00	0.000000e+00
569	5.280615e+15	0.000000e+00	0.000000e+00	0.000000e+00
570	5.283063e+15	0.000000e+00	0.000000e+00	0.000000e+00
571	5.285289e+15	0.000000e+00	0.000000e+00	0.000000e+00
572	5.286361e+15	0.000000e+00	0.000000e+00	0.000000e+00
573	5.287648e+15	0.000000e+00	0.000000e+00	0.000000e+00
574	5.289192e+15	0.000000e+00	0.000000e+00	0.000000e+00
575	5.291020e+15	0.000000e+00	0.000000e+00	0.000000e+00
576	5.292561e+15	0.000000e+00	0.000000e+00	0.000000e+00
577	5.294262e+15	0.000000e+00	0.000000e+00	0.000000e+00
578	5.295930e+15	0.000000e+00	0.000000e+00	0.000000e+00
579	5.297468e+15	0.000000e+00	0.000000e+00	0.000000e+00
580	5.298930e+15	0.000000e+00	0.000000e+00	0.000000e+00
581	5.300287e+15	0.000000e+00	0.000000e+00	0.000000e+00
582	5.301664e+15	0.000000e+00	0.000000e+00	0.000000e+00
583	5.303066e+15	0.000000e+00	0.000000e+00	0.000000e+00
584	5.304367e+15	0.000000e+00	0.000000e+00	0.000000e+00
585	5.305690e+15	0.000000e+00	0.000000e+00	0.000000e+00
586	5.306902e+15	0.000000e+00	0.000000e+00	0.000000e+00
587	5.308251e+15	0.000000e+00	0.000000e+00	0.000000e+00
588	5.309507e+15	0.000000e+00	0.000000e+00	0.000000e+00
589	5.310713e+15	0.000000e+00	0.000000e+00	0.000000e+00
590	5.311836e+15	0.000000e+00	0.000000e+00	0.000000e+00
591	5.313020e+15	0.000000e+00	0.000000e+00	0.000000e+00
592	5.314229e+15	0.000000e+00	0.000000e+00	0.000000e+00
593	5.315417e+15	0.000000e+00	0.000000e+00	0.000000e+00
594	5.316483e+15	0.000000e+00	0.000000e+00	0.000000e+00
595	5.317572e+15	0.000000e+00	0.000000e+00	0.000000e+00
596	5.318724e+15	0.000000e+00	0.000000e+00	0.000000e+00
597	5.319870e+15	0.000000e+00	0.000000e+00	0.000000e+00
598	5.321000e+15	0.000000e+00	0.000000e+00	0.000000e+00
599	5.322072e+15	0.000000e+00	0.000000e+00	0.000000e+00
600	5.323110e+15	0.000000e+00	0.000000e+00	0.000000e+00
601	5.324115e+15	0.000000e+00	0.000000e+00	0.000000e+00
602	5.325155e+15	0.000000e+00	0.000000e+00	0.000000e+00
603	5.326188e+15	0.000000e+00	0.000000e+00	0.000000e+00
604	5.327136e+15	0.000000e+00	0.000000e+00	0.000000e+00
605	5.328122e+15	0.000000e+00	0.000000e+00	0.000000e+00
606	5.329040e+15	0.000000e+00	0.000000e+00	0.000000e+00
607	5.329920e+15	0.000000e+00	0.000000e+00	0.000000e+00
608	5.330925e+15	0.000000e+00	0.000000e+00	0.000000e+00
609	5.331868e+15	0.000000e+00	0.000000e+00	0.000000e+00
610	5.332281e+15	0.000000e+00	0.000000e+00	0.000000e+00
611	5.332657e+15	0.000000e+00	0.000000e+00	0.000000e+00
612	5.333064e+15	0.000000e+00	0.000000e+00	0.000000e+00
613	5.333472e+15	0.000000e+00	0.000000e+00	0.000000e+00
614	5.333867e+15	0.000000e+00	0.000000e+00	0.000000e+00
615	5.334232e+15	0.000000e+00	0.000000e+00	0.000000e+00
616	5.334625e+15	0.000000e+00	0.000000e+00	0.000000e+00
617	5.335042e+15	0.000000e+00	0.000000e+00	0.000000e+00
618	5.335430e+15	0.000000e+00	0.000000e+00	0.000000e+00
619	5.335813e+15	0.000000e+00	0.000000e+00	0.000000e+00
620	5.336256e+15	0.000000e+00	0.000000e+00	0.000000e+00
621	5.336616e+15	0.000000e+00	0.000000e+00	0.000000e+00
622	5.337041e+15	0.000000e+00	0.000000e+00	0.000000e+00
623	5.337370e+15	0.000000e+00	0.000000e+00	0.000000e+00
624	5.337766e+15	0.000000e+00	0.000000e+00	0.000000e+00
625	5.338160e+15	0.000000e+00	0.000000e+00	0.000000e+00
626	5.338602e+15	0.000000e+00	0.000000e+00	0.000000e+00
627	5.338979e+15	0.000000e+00	0.000000e+00	0.000000e+00
628	5.339357e+15	0.000000e+00	0.000000e+00	0.000000e+00
629	5.339789e+15	0.000000e+00	0.000000e+00	0.000000e+00
630	5.340171e+15	0.000000e+00	0.000000e+00	0.000000e+00
631	5.340570e+15	0.000000e+00	0.000000e+00	0.000000e+00
632	5.341013e+15	0.000000e+00	0.000000e+00	0.000000e+00
633	5.341423e+15	0.000000e+00	0.000000e+00	0.000000e+00
634	5.341861e+15	0.000000e+00	0.000000e+00	0.000000e+00
635	5.342304e+15	0.000000e+00	0.000000e+00	0.000000e+00
636	5.342703e+15	0.000000e+00	0.000000e+00	0.000000e+00
637	5.343128e+15	0.000000e+00	0.000000e+00	0.000000e+00
638	5.343545e+15	0.000000e+00	0.000000e+00	0.000000e+00
639	5.343938e+15	0.000000e+00	0.000000e+00	0.000000e+00
640	5.344308e+15	0.000000e+00	0.000000e+00	0.000000e+00
641	5.344752e+15	0.000000e+00	0.000000e+00	0.000000e+00
642	5.345090e+15	0.000000e+00	0.000000e+00	0.000000e+00
643	5.345455e+15	0.000000e+00	0.000000e+00	0.000000e+00
644	5.345832e+15	0.000000e+00	0.000000e+00	0.000000e+00
645	5.346223e+15	0.000000e+00	0.000000e+00	0.000000e+00
646	5.346633e+15	0.000000e+00	0.000000e+00	0.000000e+00
647	5.347056e+15	0.000000e+00	0.000000e+00	0.000000e+00
648	5.347467e+15	0.000000e+00	0.000000e+00	0.000000e+00
649	5.347774e+15	0.000000e+00	0.000000e+00	0.000000e+00
650	5.348142e+15	0.000000e+00	0.000000e+00	0.000000e+00
651	5.348583e+15	0.000000e+00	0.000000e+00	0.000000e+00
652	5.348941e+15	0.000000e+00	0.000000e+00	0.000000e+00
653	5.349366e+15	0.000000e+00	0.000000e+00	0.000000e+00
654	5.349818e+15	0.000000e+00	0.000000e+00	0.000000e+00
655	5.350225e+15	0.000000e+00	0.000000e+00	0.000000e+00
656	5.350558e+15	0.000000e+00	4.068932e-04	0.000000e+00
657	5.350928e+15	0.000000e+00	7.959699e-03	0.000000e+00
658	5.351372e+15	0.000000e+00	6.871708e-02	0.000000e+00
659	5.351726e+15	0.000000e+00	1.503651e-01	0.000000e+00
660	5.352091e+15	0.000000e+00	2.415048e-01	4.163518e+13
661	5.352489e+15	0.000000e+00	6.862467e-01	5.397102e+14
662	5.352833e+15	0.000000e+00	7.937044e-01	1.412703e+15
663	5.353225e+15	0.000000e+00	9.813389e-01	3.848700e+15
664	5.353679e+15	0.000000e+00	2.408159e+00	6.341142e+15
665	5.354010e+15	0.000000e+00	1.648223e+00	1.219973e+16
666	5.354406e+15	0.000000e+00	2.714812e+00	1.355495e+16
667	5.354784e+15	0.000000e+00	3.718145e+00	1.513661e+16
668	5.355111e+15	0.000000e+00	2.671153e+00	1.313657e+16
669	5.355503e+15	0.000000e+00	3.000590e+00	1.855224e+16
670	5.355959e+15	0.000000e+00	8.078971e+00	3.410978e+16
671	5.356220e+15	0.000000e+00	3.464359e+00	9.278189e+15
672	5.356533e+15	0.000000e+00	3.773444e+00	1.725581e+16
673	5.356908e+15	0.000000e+00	4.250442e+00	1.305656e+16
674	5.357359e+15	0.000000e+00	9.770389e+00	2.001440e+16
675	5.357677e+15	0.000000e+00	5.300373e+00	1.614949e+16
676	5.358059e+15	0.000000e+00	7.091122e+00	3.020049e+16
677	5.358461e+15	0.000000e+00	1.031105e+01	3.253226e+16
678	5.358809e+15	0.000000e+00	7.106507e+00	2.412748e+16
679	5.359226e+15	0.000000e+00	9.060770e+00	3.531469e+16
680	5.359657e+15	0.000000e+00	9.506336e+00	3.616629e+16
681	5.360100e+15	0.000000e+00	1.603757e+01	3.611260e+16
682	5.360420e+15	0.000000e+00	8.681496e+00	2.478016e+16
683	5.360803e+15	0.000000e+00	1.379983e+01	3.215505e+16
684	5.361136e+15	0.000000e+00	9.116442e+00	2.036175e+16
685	5.361535e+15	0.000000e+00	1.093291e+01	2.366285e+16
686	5.361965e+15	0.000000e+00	1.567244e+01	4.719041e+16
687	5.362334e+15	0.000000e+00	1.492132e+01	2.299186e+16
688	5.362680e+15	0.000000e+00	1.127307e+01	2.592900e+16
689	5.363096e+15	0.000000e+00	1.736485e+01	2.558325e+16
690	5.363478e+15	0.000000e+00	1.390034e+01	3.650036e+16
691	5.363913e+15	0.000000e+00	2.450810e+01	4.390902e+16
692	5.364247e+15	0.000000e+00	1.440810e+01	3.469007e+16
693	5.364649e+15	0.000000e+00	2.274843e+01	5.305508e+16
694	5.365001e+15	0.000000e+00	1.827403e+01	3.772600e+16
695	5.365374e+15	0.000000e+00	1.775075e+01	4.739609e+16
696	5.365786e+15	0.000000e+00	2.990848e+01	5.641187e+16
697	5.366098e+15	0.000000e+00	1.682223e+01	4.152939e+16
698	5.366471e+15	0.000000e+00	2.037529e+01	3.234191e+16
699	5.366869e+15	0.000000e+00	2.345103e+01	4.158491e+16
700	5.367257e+15	0.000000e+00	1.837385e+01	4.099093e+16
701	5.367723e+15	0.000000e+00	3.025934e+01	5.454654e+16
702	5.368113e+15	0.000000e+00	4.424670e+01	4.500896e+16
703	5.368357e+15	0.000000e+00	1.952448e+01	2.583624e+16
704	5.368650e+15	0.000000e+00	1.992802e+01	3.033078e+16
705	5.369001e+15	0.000000e+00	2.061441e+01	1.848661e+16
706	5.369422e+15	0.000000e+00	3.737749e+01	3.975103e+16
707	5.369753e+15	0.000000e+00	2.976557e+01	3.958622e+16
708	5.370077e+15	0.000000e+00	2.301671e+01	3.746938e+16
709	5.370466e+15	0.000000e+00	2.844719e+01	6.603391e+16
710	5.370871e+15	0.000000e+00	4.044916e+01	5.535234e+16
711	5.371198e+15	0.000000e+00	2.481476e+01	3.194808e+16
712	5.371591e+15	0.000000e+00	3.756280e+01	4.981819e+16
713	5.371943e+15	0.000000e+00	2.887630e+01	4.706861e+16
714	5.372334e+15	0.000000e+00	2.607875e+01	5.574683e+16
715	5.372803e+15	0.000000e+00	5.137859e+01	7.898476e+16
716	5.373141e+15	0.000000e+00	2.671007e+01	3.666612e+16
717	5.373546e+15	0.000000e+00	3.681511e+01	5.955278e+16
718	5.373937e+15	0.000000e+00	2.907047e+01	4.670594e+16
719	5.374392e+15	0.000000e+00	4.582182e+01	5.266730e+16
720	5.374778e+15	0.000000e+00	4.940091e+01	4.960402e+16
721	5.375095e+15	0.000000e+00	3.083761e+01	4.190303e+16
722	5.375476e+15	0.000000e+00	3.544124e+01	6.141234e+16
723	5.375902e+15	0.000000e+00	4.853502e+01	7.551124e+16
724	5.376290e+15	0.000000e+00	5.161267e+01	8.572093e+16
725	5.376628e+15	0.000000e+00	3.429538e+01	4.917809e+16
726	5.377029e+15	0.000000e+00	4.231454e+01	8.580798e+16
727	5.377436e+15	0.000000e+00	4.705551e+01	6.881130e+16
728	5.377821e+15	0.000000e+00	4.517213e+01	5.576917e+16
729	5.378202e+15	0.000000e+00	5.247663e+01	5.299102e+16
730	5.378544e+15	0.000000e+00	3.662580e+01	3.920129e+16
731	5.378949e+15	0.000000e+00	5.041033e+01	6.370366e+16
732	5.379330e+15	0.000000e+00	4.570193e+01	5.533987e+16
733	5.379719e+15	0.000000e+00	5.556045e+01	6.295578e+16
734	5.380063e+15	0.000000e+00	4.276832e+01	5.690697e+16
735	5.380441e+15	0.000000e+00	4.197585e+01	5.734610e+16
736	5.380865e+15	0.000000e+00	7.288196e+01	7.859373e+16
737	5.381179e+15	0.000000e+00	4.329957e+01	4.459472e+16
738	5.381527e+15	0.000000e+00	3.946726e+01	4.593316e+16
739	5.381944e+15	0.000000e+00	4.256033e+01	6.045288e+16
740	5.382425e+15	0.000000e+00	7.438348e+01	8.795193e+16
741	5.382785e+15	0.000000e+00	4.591176e+01	3.522679e+16
742	5.383183e+15	0.000000e+00	5.283072e+01	9.451218e+16
743	5.383586e+15	0.000000e+00	6.361082e+01	6.094431e+16
744	5.383948e+15	0.000000e+00	5.039560e+01	7.431935e+16
745	5.384333e+15	0.000000e+00	6.085951e+01	7.128917e+16
746	5.384693e+15	0.000000e+00	5.130164e+01	6.917392e+16
747	5.385080e+15	0.000000e+00	6.049316e+01	6.565048e+16
748	5.385448e+15	0.000000e+00	4.997878e+01	5.303491e+16
749	5.385851e+15	0.000000e+00	6.674895e+01	7.869306e+16
750	5.386206e+15	0.000000e+00	4.457185e+01	5.647439e+16
751	5.386633e+15	0.000000e+00	8.264469e+01	8.765936e+16
752	5.386960e+15	0.000000e+00	4.628350e+01	4.238324e+16
753	5.387353e+15	1.948680e-04	7.040802e+01	7.690134e+16
754	5.387699e+15	1.305997e-03	6.664311e+01	4.692939e+16
755	5.388018e+15	1.519872e-03	5.295799e+01	5.269448e+16
756	5.388366e+15	2.416173e-03	5.130678e+01	5.929360e+16
757	5.388760e+15	5.403944e-03	6.931987e+01	7.036302e+16
758	5.389120e+15	7.494522e-03	6.613450e+01	6.389283e+16
759	5.389459e+15	8.246969e-03	4.832783e+01	4.393396e+16
760	5.389867e+15	1.360293e-02	7.133797e+01	6.687452e+16
761	5.390233e+15	1.222607e-02	4.903375e+01	5.750319e+16
762	5.390667e+15	2.044453e-02	7.695824e+01	9.260551e+16
763	5.391037e+15	2.009035e-02	5.615397e+01	6.464061e+16
764	5.391435e+15	2.681733e-02	6.785455e+01	6.004560e+16
765	5.391811e+15	2.991994e-02	6.895701e+01	6.253186e+16
766	5.392164e+15	3.193871e-02	7.353313e+01	5.321366e+16
767	5.392484e+15	2.511395e-02	5.011818e+01	4.179399e+16
768	5.392868e+15	3.669907e-02	5.569239e+01	3.715165e+16
769	5.393298e+15	6.548987e-02	8.114949e+01	7.941703e+16
770	5.393666e+15	6.848404e-02	5.911763e+01	7.560907e+16
771	5.394071e+15	9.134463e-02	5.575500e+01	7.781550e+16
772	5.394541e+15	1.945625e-01	9.659717e+01	9.985205e+16
773	5.394902e+15	1.698171e-01	5.432897e+01	7.754102e+16
774	5.395334e+15	2.839411e-01	8.307163e+01	9.190613e+16
775	5.395713e+15	2.805807e-01	6.956667e+01	7.069097e+16
776	5.396094e+15	3.271643e-01	6.695467e+01	9.468694e+16
777	5.396488e+15	5.311160e-01	8.798458e+01	8.485858e+16
778	5.396823e+15	3.872309e-01	5.511446e+01	3.405295e+16
779	5.397224e+15	4.951107e-01	6.914709e+01	6.545665e+16
780	5.397634e+15	5.384289e-01	7.404593e+01	6.897574e+16
781	5.398031e+15	5.872102e-01	8.056859e+01	7.448104e+16
782	5.398391e+15	4.189688e-01	5.536083e+01	5.237015e+16
783	5.398823e+15	7.340736e-01	9.710252e+01	9.708630e+16
784	5.399166e+15	5.154014e-01	6.049086e+01	6.627728e+16
785	5.399556e+15	6.032734e-01	7.220807e+01	8.390808e+16
786	5.399947e+15	5.768408e-01	6.312872e+01	7.204562e+16
787	5.400379e+15	8.256439e-01	8.451776e+01	7.552271e+16
788	5.400764e+15	6.330989e-01	5.683223e+01	6.907863e+16
789	5.401226e+15	9.226210e-01	8.055338e+01	7.552685e+16
790	5.401657e+15	8.321121e-01	6.720033e+01	6.828855e+16
791	5.402117e+15	1.277718e+00	9.759440e+01	8.618938e+16
792	5.402488e+15	1.115890e+00	7.231795e+01	7.309920e+16
793	5.402870e+15	1.203029e+00	6.805337e+01	7.232898e+16
794	5.403279e+15	1.547525e+00	8.590889e+01	7.568523e+16
795	5.403649e+15	1.221451e+00	6.060903e+01	6.131832e+16
796	5.404087e+15	1.655451e+00	8.131759e+01	1.010345e+17
797	5.404511e+15	2.109555e+00	1.020256e+02	9.509519e+16
798	5.404856e+15	1.428185e+00	6.356557e+01	6.459776e+16
799	5.405258e+15	1.820864e+00	7.930974e+01	8.034071e+16
800	5.405653e+15	1.923032e+00	7.931392e+01	8.028780e+16
801	5.406040e+15	1.702104e+00	7.098563e+01	8.841207e+16
802	5.406451e+15	2.068149e+00	8.998606e+01	9.038739e+16
803	5.406820e+15	1.467501e+00	6.082653e+01	9.224544e+16
804	5.407262e+15	1.976702e+00	7.950702e+01	7.518673e+16
805	5.407702e+15	2.182475e+00	8.393468e+01	9.339137e+16
806	5.408125e+15	2.346146e+00	8.701112e+01	7.928095e+16
807	5.408523e+15	2.549901e+00	9.100406e+01	6.806841e+16
808	5.408881e+15	1.829406e+00	6.131257e+01	4.970143e+16
809	5.409312e+15	2.402772e+00	7.994932e+01	7.700969e+16
810	5.409735e+15	3.642944e+00	1.167540e+02	7.288275e+16
811	5.410046e+15	2.290729e+00	6.838703e+01	4.609830e+16
812	5.410391e+15	2.157777e+00	6.259793e+01	7.328971e+16
813	5.410803e+15	2.696758e+00	7.844941e+01	1.016685e+17
814	5.411226e+15	3.113131e+00	8.735730e+01	8.124243e+16
815	5.411626e+15	2.445402e+00	6.612601e+01	7.152010e+16
816	5.412091e+15	3.023044e+00	8.142019e+01	7.739548e+16
817	5.412557e+15	4.302609e+00	1.142409e+02	7.802641e+16
818	5.412913e+15	2.686643e+00	6.770233e+01	4.906311e+16
819	5.413317e+15	3.031984e+00	7.434931e+01	9.293630e+16
820	5.413750e+15	3.912907e+00	9.436620e+01	6.619188e+16
821	5.414136e+15	2.753400e+00	6.338218e+01	5.440263e+16
822	5.414599e+15	3.658727e+00	8.116528e+01	7.181085e+16
823	5.415062e+15	4.307013e+00	9.318039e+01	1.064314e+17
824	5.415479e+15	4.137721e+00	8.911182e+01	7.241104e+16
825	5.415869e+15	3.610988e+00	7.793233e+01	5.986512e+16
826	5.416274e+15	5.092194e+00	1.102161e+02	8.918552e+16
827	5.416602e+15	3.265556e+00	6.849825e+01	7.091377e+16
828	5.416982e+15	4.111103e+00	8.599492e+01	6.407964e+16
829	5.417356e+15	3.890599e+00	8.150538e+01	5.606122e+16
830	5.417741e+15	4.043204e+00	8.461224e+01	8.312041e+16
831	5.418126e+15	3.685147e+00	7.689925e+01	1.090102e+17
832	5.418540e+15	3.598957e+00	7.495112e+01	1.018820e+17
833	5.418996e+15	4.951723e+00	1.050457e+02	1.024004e+17
834	5.419387e+15	3.472855e+00	7.461912e+01	6.776841e+16
835	5.419820e+15	4.148618e+00	8.944961e+01	1.057724e+17
836	5.420236e+15	3.364511e+00	7.277928e+01	8.615718e+16
837	5.420703e+15	4.642845e+00	1.021662e+02	1.024371e+17
838	5.421111e+15	3.546022e+00	7.979702e+01	8.475836e+16
839	5.421543e+15	4.685180e+00	1.042741e+02	9.515424e+16
840	5.421916e+15	4.013991e+00	8.770447e+01	8.329839e+16
841	5.422281e+15	3.056249e+00	6.618325e+01	5.427293e+16
842	5.422720e+15	3.581982e+00	7.606602e+01	8.508015e+16
843	5.423195e+15	4.677500e+00	9.404184e+01	9.807242e+16
844	5.423634e+15	4.495875e+00	8.986263e+01	9.265490e+16
845	5.424058e+15	3.852923e+00	7.629319e+01	8.616505e+16
846	5.424524e+15	4.864584e+00	9.715985e+01	7.797971e+16
847	5.424952e+15	5.224466e+00	1.041688e+02	6.870680e+16
848	5.425323e+15	3.483730e+00	6.802871e+01	5.689340e+16
849	5.425769e+15	4.204500e+00	8.175525e+01	9.810610e+16
850	5.426238e+15	5.498791e+00	1.094239e+02	9.606527e+16
851	5.426629e+15	3.860557e+00	7.502565e+01	8.723475e+16
852	5.427066e+15	6.377049e+00	1.211454e+02	1.330974e+17
853	5.427404e+15	3.807157e+00	6.831029e+01	7.349302e+16
854	5.427809e+15	3.847289e+00	6.827874e+01	7.343383e+16
855	5.428295e+15	5.068434e+00	9.042718e+01	1.253479e+17
856	5.428772e+15	5.611741e+00	9.918531e+01	1.195615e+17
857	5.429209e+15	4.474638e+00	7.711702e+01	1.259514e+17
858	5.429697e+15	7.242341e+00	1.249073e+02	1.349903e+17
859	5.430075e+15	5.841398e+00	1.005985e+02	9.569940e+16
860	5.430424e+15	4.091948e+00	7.084097e+01	6.533190e+16
861	5.430842e+15	4.222956e+00	7.123057e+01	5.211144e+16
862	5.431344e+15	6.454007e+00	1.066195e+02	1.100713e+17
863	5.431788e+15	5.117128e+00	8.262717e+01	1.206622e+17
864	5.432265e+15	6.947113e+00	1.120614e+02	1.301818e+17
865	5.432670e+15	4.480453e+00	7.061608e+01	9.364239e+16
866	5.433156e+15	5.139471e+00	8.178910e+01	1.212276e+17
867	5.433682e+15	7.284247e+00	1.155743e+02	1.196007e+17
868	5.434116e+15	5.413453e+00	8.746143e+01	1.065037e+17
869	5.434566e+15	5.722710e+00	9.620756e+01	1.110092e+17
870	5.435000e+15	5.711566e+00	9.716775e+01	1.110253e+17
871	5.435421e+15	5.673441e+00	9.663417e+01	1.306135e+17
872	5.435833e+15	5.367867e+00	8.902056e+01	8.241037e+16
873	5.436267e+15	6.608082e+00	1.064661e+02	7.808326e+16
874	5.436664e+15	4.587961e+00	7.412776e+01	1.135538e+17
875	5.437141e+15	7.957640e+00	1.298249e+02	1.371754e+17
876	5.437514e+15	6.055752e+00	9.825719e+01	7.137704e+16
877	5.437879e+15	4.672169e+00	7.454401e+01	9.666974e+16
878	5.438317e+15	5.436820e+00	8.743595e+01	1.123134e+17
879	5.438783e+15	7.445499e+00	1.188637e+02	1.090245e+17
880	5.439172e+15	6.884383e+00	1.086545e+02	7.836352e+16
881	5.439518e+15	4.891069e+00	7.669879e+01	7.050372e+16
882	5.439920e+15	6.451278e+00	1.026814e+02	1.079117e+17
883	5.440295e+15	4.609214e+00	7.396259e+01	7.226026e+16
884	5.440745e+15	5.753397e+00	9.355388e+01	1.054015e+17
885	5.441200e+15	6.509190e+00	1.025960e+02	8.378951e+16
886	5.441629e+15	6.127500e+00	9.679254e+01	9.796738e+16
887	5.442052e+15	5.141075e+00	8.134934e+01	1.116007e+17
888	5.442527e+15	5.747305e+00	9.199362e+01	1.081672e+17
889	5.443011e+15	8.499099e+00	1.340375e+02	1.248225e+17
890	5.443377e+15	4.944360e+00	7.844194e+01	8.364350e+16
891	5.443798e+15	5.786638e+00	8.935701e+01	9.734727e+16
892	5.444237e+15	6.443336e+00	9.798550e+01	7.907571e+16
893	5.444666e+15	6.884026e+00	1.045851e+02	1.080280e+17
894	5.445066e+15	6.492955e+00	9.540213e+01	7.969278e+16
895	5.445467e+15	7.086471e+00	1.023682e+02	8.044292e+16
896	5.445850e+15	5.479034e+00	7.750212e+01	6.477025e+16
897	5.446301e+15	6.723155e+00	9.391300e+01	6.764567e+16
898	5.446761e+15	6.599157e+00	8.716729e+01	7.674320e+16
899	5.447257e+15	7.205296e+00	9.214213e+01	8.168922e+16
900	5.447772e+15	1.115843e+01	1.412666e+02	8.820065e+16
901	5.448155e+15	8.846647e+00	1.092709e+02	6.965587e+16
902	5.448507e+15	6.372565e+00	7.644886e+01	6.779972e+16
903	5.448931e+15	9.272784e+00	1.119473e+02	1.217487e+17
904	5.449314e+15	6.606645e+00	7.705046e+01	1.126267e+17
905	5.449773e+15	8.999928e+00	1.058211e+02	1.383703e+17
906	5.450207e+15	8.808454e+00	1.004039e+02	1.711066e+17
907	5.450634e+15	8.376424e+00	9.561123e+01	1.027109e+17
908	5.451068e+15	8.128729e+00	9.293204e+01	1.133908e+17
909	5.451518e+15	8.825477e+00	1.002310e+02	1.344145e+17
910	5.451958e+15	8.684111e+00	9.653958e+01	9.154060e+16
911	5.452400e+15	8.710632e+00	9.486028e+01	6.829846e+16
912	5.452849e+15	9.926267e+00	1.058196e+02	8.789396e+16
913	5.453267e+15	1.087516e+01	1.142555e+02	7.420299e+16
914	5.453631e+15	7.540137e+00	7.650203e+01	7.854246e+16
915	5.454060e+15	9.906453e+00	1.011281e+02	5.085264e+16
916	5.454470e+15	1.075646e+01	1.086221e+02	6.688132e+16
917	5.454842e+15	7.626104e+00	7.439626e+01	7.139202e+16
918	5.455287e+15	1.053993e+01	1.012607e+02	8.089607e+16
919	5.455712e+15	1.087269e+01	1.020433e+02	6.324866e+16
920	5.456116e+15	9.227551e+00	8.409820e+01	5.872821e+16
921	5.456554e+15	1.051215e+01	9.596248e+01	4.065149e+16
922	5.456984e+15	1.116222e+01	1.020801e+02	6.232008e+16
923	5.457386e+15	1.077327e+01	9.880065e+01	8.673822e+16
924	5.457774e+15	8.597545e+00	7.859781e+01	7.471808e+16
925	5.458217e+15	1.282655e+01	1.199006e+02	6.849435e+16
926	5.458584e+15	7.785145e+00	7.399856e+01	4.271603e+16
927	5.459024e+15	9.743399e+00	9.454745e+01	5.509204e+16
928	5.459467e+15	1.028543e+01	1.014382e+02	5.557993e+16
929	5.459890e+15	9.585966e+00	9.482925e+01	8.175042e+16
930	5.460319e+15	9.437398e+00	9.447743e+01	9.540617e+16
931	5.460755e+15	1.049088e+01	1.038859e+02	1.095043e+17
932	5.461171e+15	9.341680e+00	9.021303e+01	1.076525e+17
933	5.461612e+15	1.180912e+01	1.116065e+02	9.333538e+16
934	5.462006e+15	9.527839e+00	8.872086e+01	1.052195e+17
935	5.462427e+15	1.042791e+01	9.547059e+01	1.390404e+17
936	5.462849e+15	1.110796e+01	1.022025e+02	1.255840e+17
937	5.463255e+15	8.885922e+00	8.130112e+01	9.590689e+16
938	5.463713e+15	1.263357e+01	1.123640e+02	1.902202e+17
939	5.464115e+15	1.074002e+01	9.362467e+01	9.769565e+16
940	5.464523e+15	1.114489e+01	9.644699e+01	7.066291e+16
941	5.464927e+15	1.337322e+01	1.147873e+02	9.135622e+16
942	5.465277e+15	9.493298e+00	8.173146e+01	5.605770e+16
943	5.465669e+15	1.053433e+01	8.921856e+01	5.358268e+16
944	5.466080e+15	1.153757e+01	9.622095e+01	6.695568e+16
945	5.466485e+15	1.062560e+01	8.741720e+01	7.355308e+16
946	5.466916e+15	1.136785e+01	9.156457e+01	7.707426e+16
947	5.467362e+15	1.270745e+01	1.007688e+02	8.005128e+16
948	5.467787e+15	1.252070e+01	9.815718e+01	7.970529e+16
949	5.468201e+15	1.197090e+01	9.193838e+01	7.450692e+16
950	5.468626e+15	1.203390e+01	9.324071e+01	5.995392e+16
951	5.469055e+15	1.254991e+01	9.693726e+01	6.640539e+16
952	5.469474e+15	1.337085e+01	1.013342e+02	4.715985e+16
953	5.469870e+15	1.030940e+01	7.924906e+01	7.320471e+16
954	5.470326e+15	1.394026e+01	1.085487e+02	7.367468e+16
955	5.470740e+15	1.140347e+01	8.874253e+01	7.316741e+16
956	5.471182e+15	1.254258e+01	9.805302e+01	8.000444e+16
957	5.471622e+15	1.418560e+01	1.111970e+02	7.652220e+16
958	5.472016e+15	1.141489e+01	8.954490e+01	6.908755e+16
959	5.472432e+15	1.210742e+01	9.512913e+01	8.179546e+16
960	5.472848e+15	1.214960e+01	9.568188e+01	1.303967e+17
961	5.473260e+15	1.225939e+01	9.506684e+01	9.323416e+16
962	5.473669e+15	1.181119e+01	9.020163e+01	9.932041e+16
963	5.474091e+15	1.300357e+01	9.606859e+01	8.985683e+16
964	5.474502e+15	1.306550e+01	9.443938e+01	6.739253e+16
965	5.474909e+15	1.255217e+01	8.864238e+01	7.594666e+16
966	5.475334e+15	1.474801e+01	1.002035e+02	6.041334e+16
967	5.475733e+15	1.282409e+01	8.845157e+01	8.181283e+16
968	5.476145e+15	1.242618e+01	8.683199e+01	7.819372e+16
969	5.476575e+15	1.260547e+01	8.688053e+01	6.334315e+16
970	5.477022e+15	1.230307e+01	8.530910e+01	6.840966e+16
971	5.477489e+15	1.421426e+01	9.812958e+01	6.864827e+16
972	5.477928e+15	1.101389e+01	7.715862e+01	7.459917e+16
973	5.478425e+15	1.371406e+01	9.629909e+01	7.944630e+16
974	5.478901e+15	1.358701e+01	9.623279e+01	7.218705e+16
975	5.479362e+15	1.303803e+01	9.130368e+01	7.895111e+16
976	5.479826e+15	1.399837e+01	9.841260e+01	9.091700e+16
977	5.480265e+15	1.199960e+01	8.615651e+01	8.554604e+16
978	5.480725e+15	1.419654e+01	1.004580e+02	7.445356e+16
979	5.481155e+15	1.183738e+01	8.496616e+01	7.317148e+16
980	5.481617e+15	1.472762e+01	1.053425e+02	8.771649e+16
981	5.482036e+15	1.162710e+01	8.355365e+01	8.754475e+16
982	5.482487e+15	1.209880e+01	8.625121e+01	8.167275e+16
983	5.482963e+15	1.294698e+01	9.139349e+01	1.202232e+17
984	5.483441e+15	1.353483e+01	9.353369e+01	9.065201e+16
985	5.483913e+15	1.751391e+01	1.184272e+02	1.104659e+17
986	5.484302e+15	1.048040e+01	7.184820e+01	6.801597e+16
987	5.484769e+15	1.206567e+01	8.281532e+01	8.132683e+16
988	5.485273e+15	1.473651e+01	9.716580e+01	1.254129e+17
989	5.485753e+15	1.603692e+01	1.009535e+02	9.193131e+16
990	5.486194e+15	1.535470e+01	9.659262e+01	8.260938e+16
991	5.486614e+15	1.282838e+01	8.216749e+01	8.560245e+16
992	5.487069e+15	1.519779e+01	9.555867e+01	7.632059e+16
993	5.487509e+15	1.524197e+01	9.531776e+01	8.991198e+16
994	5.487938e+15	1.532592e+01	9.438040e+01	8.751362e+16
995	5.488360e+15	1.690373e+01	1.028889e+02	6.614894e+16
996	5.488749e+15	1.597474e+01	9.629253e+01	6.412526e+16
997	5.489129e+15	1.617359e+01	9.701728e+01	4.808277e+16
998	5.489499e+15	1.378202e+01	8.443361e+01	8.566725e+16
999	5.489903e+15	1.591270e+01	9.616737e+01	1.020813e+17
1000	5.490300e+15	1.659443e+01	9.679203e+01	1.096877e+17
1001	5.490690e+15	1.658456e+01	9.397722e+01	8.417322e+16
1002	5.491078e+15	1.772742e+01	9.928106e+01	7.533361e+16
1003	5.491448e+15	1.618408e+01	9.093023e+01	6.644686e+16
1004	5.491828e+15	1.534904e+01	8.650197e+01	6.759438e+16
1005	5.492227e+15	1.689775e+01	9.376584e+01	7.522075e+16
1006	5.492620e+15	1.718490e+01	9.376233e+01	7.230118e+16
1007	5.493005e+15	1.381833e+01	7.735546e+01	6.986784e+16
1008	5.493446e+15	1.815720e+01	1.006795e+02	6.480895e+16
1009	5.493854e+15	1.383938e+01	7.704188e+01	7.794470e+16
1010	5.494311e+15	1.541473e+01	8.747322e+01	1.164688e+17
1011	5.494777e+15	1.738717e+01	9.875761e+01	1.081539e+17
1012	5.495211e+15	1.736378e+01	9.751234e+01	7.259656e+16
1013	5.495620e+15	1.478331e+01	8.358955e+01	9.250650e+16
1014	5.496057e+15	1.677070e+01	9.523121e+01	9.438774e+16
1015	5.496475e+15	1.644692e+01	9.076545e+01	6.585371e+16
1016	5.496890e+15	1.597217e+01	8.767982e+01	7.367648e+16
1017	5.497311e+15	1.915774e+01	1.055284e+02	7.732030e+16
1018	5.497681e+15	1.309694e+01	7.473732e+01	6.392486e+16
1019	5.498099e+15	1.707432e+01	9.464446e+01	1.210998e+17
1020	5.498493e+15	1.670710e+01	9.017796e+01	7.868546e+16
1021	5.498880e+15	1.381242e+01	7.600520e+01	8.240312e+16
1022	5.499311e+15	1.787069e+01	9.851923e+01	1.310607e+17
1023	5.499703e+15	1.540043e+01	8.421101e+01	8.346309e+16
1024	5.500107e+15	1.580221e+01	8.656565e+01	8.525197e+16
1025	5.500517e+15	1.619849e+01	8.673329e+01	9.065451e+16
1026	5.500931e+15	1.692041e+01	9.161134e+01	8.697602e+16
1027	5.501332e+15	1.623718e+01	8.988044e+01	6.997525e+16
1028	5.501729e+15	1.517248e+01	8.612847e+01	6.918627e+16
1029	5.502139e+15	1.571431e+01	9.147281e+01	7.963706e+16
1030	5.502546e+15	1.539327e+01	9.087809e+01	7.697681e+16
1031	5.502954e+15	1.517933e+01	9.058578e+01	8.822338e+16
1032	5.503368e+15	1.362024e+01	8.324002e+01	1.101810e+17
1033	5.503815e+15	1.673392e+01	9.993473e+01	6.497065e+16
1034	5.504234e+15	1.476912e+01	8.815788e+01	8.492289e+16
1035	5.504668e+15	1.485260e+01	8.824868e+01	7.816713e+16
1036	5.505117e+15	1.785514e+01	1.005257e+02	9.092371e+16
1037	5.505531e+15	1.531632e+01	8.411063e+01	7.574305e+16
1038	5.505966e+15	1.660042e+01	9.152547e+01	7.767883e+16
1039	5.506394e+15	1.438771e+01	7.896930e+01	8.428388e+16
1040	5.506865e+15	2.037318e+01	1.088384e+02	1.089969e+17
1041	5.507268e+15	1.549703e+01	8.302539e+01	6.519400e+16
1042	5.507699e+15	1.801056e+01	9.777708e+01	1.085433e+17
1043	5.508105e+15	1.728237e+01	9.550787e+01	7.982163e+16
1044	5.508497e+15	1.513260e+01	8.520341e+01	1.210919e+17
1045	5.508914e+15	1.633435e+01	9.348718e+01	6.707705e+16
1046	5.509327e+15	1.593144e+01	9.260967e+01	5.623586e+16
1047	5.509739e+15	1.554324e+01	9.318577e+01	8.148445e+16
1048	5.510150e+15	1.503372e+01	9.193817e+01	8.026812e+16
1049	5.510565e+15	1.426504e+01	8.926501e+01	9.014983e+16
1050	5.510996e+15	1.369001e+01	8.875933e+01	8.865482e+16
1051	5.511445e+15	1.415804e+01	9.356280e+01	1.102055e+17
1052	5.511894e+15	1.496390e+01	9.911945e+01	1.149246e+17
1053	5.512322e+15	1.365075e+01	9.159895e+01	7.181385e+16
1054	5.512760e+15	1.360176e+01	9.223006e+01	1.358565e+17
1055	5.513207e+15	1.321272e+01	9.183807e+01	9.673895e+16
1056	5.513666e+15	1.561910e+01	1.075781e+02	1.293558e+17
1057	5.514083e+15	1.145600e+01	8.226666e+01	1.042273e+17
1058	5.514549e+15	1.510295e+01	1.054476e+02	1.629875e+17
1059	5.514984e+15	1.522305e+01	1.040513e+02	1.246289e+17
1060	5.515394e+15	1.463529e+01	9.840858e+01	9.409827e+16
1061	5.515802e+15	1.563382e+01	1.015947e+02	9.900821e+16
1062	5.516202e+15	1.530725e+01	9.803769e+01	1.289292e+17
1063	5.516604e+15	1.628373e+01	1.029895e+02	8.767452e+16
1064	5.516993e+15	1.500679e+01	9.323758e+01	7.851854e+16
1065	5.517400e+15	1.623218e+01	9.959852e+01	9.803880e+16
1066	5.517806e+15	1.853143e+01	1.128468e+02	7.994042e+16
1067	5.518173e+15	1.258439e+01	7.969222e+01	8.031153e+16
1068	5.518608e+15	1.627432e+01	1.004743e+02	1.360351e+17
1069	5.519039e+15	1.760312e+01	1.059336e+02	1.363657e+17
1070	5.519442e+15	1.412500e+01	8.611461e+01	6.398886e+16
1071	5.519888e+15	1.481910e+01	9.044107e+01	8.913367e+16
1072	5.520360e+15	1.577580e+01	9.541779e+01	9.417532e+16
1073	5.520838e+15	1.834031e+01	1.102159e+02	1.219274e+17
1074	5.521273e+15	1.720797e+01	1.050516e+02	1.231626e+17
1075	5.521685e+15	1.637013e+01	9.982566e+01	7.539497e+16
1076	5.522088e+15	1.555852e+01	9.492969e+01	1.025922e+17
1077	5.522503e+15	1.540746e+01	9.410111e+01	1.099254e+17
1078	5.522932e+15	1.652461e+01	9.970874e+01	8.024244e+16
1079	5.523353e+15	1.666204e+01	9.946670e+01	1.242967e+17
1080	5.523771e+15	1.709775e+01	1.004277e+02	1.164770e+17
1081	5.524186e+15	1.602761e+01	9.340056e+01	8.451327e+16
1082	5.524617e+15	1.708111e+01	9.886310e+01	1.055183e+17
1083	5.525046e+15	1.813065e+01	1.040168e+02	7.571519e+16
1084	5.525455e+15	1.827768e+01	1.035605e+02	7.480664e+16
1085	5.525846e+15	1.618281e+01	9.108496e+01	1.038041e+17
1086	5.526262e+15	1.733494e+01	9.770695e+01	7.850782e+16
1087	5.526679e+15	1.858744e+01	1.042051e+02	9.046786e+16
1088	5.527077e+15	1.801022e+01	1.006601e+02	8.654287e+16
1089	5.527468e+15	1.780374e+01	9.967432e+01	6.243643e+16
1090	5.527854e+15	1.658612e+01	9.322005e+01	6.503685e+16
1091	5.528255e+15	1.701627e+01	9.622870e+01	8.566512e+16
1092	5.528655e+15	1.677512e+01	9.564011e+01	7.832010e+16
1093	5.529056e+15	1.578558e+01	9.098172e+01	8.629559e+16
1094	5.529472e+15	1.745214e+01	9.915320e+01	8.124525e+16
1095	5.529870e+15	1.750435e+01	9.884421e+01	8.036207e+16
1096	5.530250e+15	1.571513e+01	8.769094e+01	6.955104e+16
1097	5.530648e+15	1.822011e+01	9.784099e+01	1.060639e+17
1098	5.531025e+15	1.574964e+01	8.390054e+01	6.020551e+16
1099	5.531426e+15	1.711984e+01	8.868451e+01	4.713936e+16
1100	5.531837e+15	1.631458e+01	8.313331e+01	9.116948e+16
1101	5.532275e+15	1.963380e+01	9.617233e+01	7.553230e+16
1102	5.532690e+15	1.818918e+01	8.942122e+01	7.322614e+16
1103	5.533107e+15	1.982084e+01	9.775272e+01	9.220201e+16
1104	5.533497e+15	1.597325e+01	8.135036e+01	6.249086e+16
1105	5.533920e+15	1.683439e+01	8.615061e+01	4.205360e+16
1106	5.534356e+15	1.781433e+01	9.180139e+01	5.395706e+16
1107	5.534779e+15	1.661602e+01	8.752446e+01	5.681830e+16
1108	5.535209e+15	1.728011e+01	9.280499e+01	9.682903e+16
1109	5.535625e+15	1.782787e+01	9.552429e+01	7.248200e+16
1110	5.536017e+15	1.319803e+01	7.299440e+01	5.158632e+16
1111	5.536467e+15	1.609169e+01	8.825351e+01	5.489248e+16
1112	5.536912e+15	1.417050e+01	7.856746e+01	1.069505e+17
1113	5.537390e+15	1.724800e+01	9.508646e+01	6.919717e+16
1114	5.537834e+15	1.587857e+01	8.830569e+01	8.458070e+16
1115	5.538276e+15	1.852445e+01	9.909901e+01	8.293607e+16
1116	5.538682e+15	1.612804e+01	8.455304e+01	6.924892e+16
1117	5.539106e+15	1.530188e+01	7.914517e+01	7.021544e+16
1118	5.539575e+15	1.726102e+01	8.943652e+01	9.390944e+16
1119	5.540047e+15	1.869381e+01	1.001254e+02	9.476148e+16
1120	5.540482e+15	1.800579e+01	9.860647e+01	8.230364e+16
1121	5.540892e+15	1.502796e+01	8.584238e+01	5.652053e+16
1122	5.541322e+15	1.596907e+01	9.159008e+01	6.644263e+16
1123	5.541754e+15	1.714766e+01	9.979733e+01	6.888727e+16
1124	5.542161e+15	1.680992e+01	9.866358e+01	6.174788e+16
1125	5.542549e+15	1.624870e+01	9.434197e+01	8.255472e+16
1126	5.542935e+15	1.505697e+01	8.565291e+01	4.970833e+16
1127	5.543346e+15	1.765355e+01	9.735607e+01	1.124197e+17
1128	5.543742e+15	1.525881e+01	8.351826e+01	6.548929e+16
1129	5.544173e+15	1.676453e+01	9.160555e+01	9.376034e+16
1130	5.544608e+15	1.838330e+01	1.022269e+02	1.138819e+17
1131	5.545013e+15	1.483168e+01	8.505415e+01	5.861981e+16
1132	5.545449e+15	1.640169e+01	9.416662e+01	7.782261e+16
1133	5.545881e+15	1.661948e+01	9.720433e+01	9.001798e+16
1134	5.546298e+15	1.450479e+01	8.615285e+01	1.002181e+17
1135	5.546737e+15	1.618392e+01	9.636906e+01	1.148116e+17
1136	5.547163e+15	1.579995e+01	9.416927e+01	1.053828e+17
1137	5.547585e+15	1.632515e+01	9.692797e+01	1.531811e+17
1138	5.547995e+15	1.521079e+01	8.996806e+01	1.061097e+17
1139	5.548418e+15	1.565769e+01	9.144732e+01	1.256542e+17
1140	5.548850e+15	1.795043e+01	1.008404e+02	1.704917e+17
1141	5.549259e+15	1.705781e+01	9.264072e+01	1.046116e+17
1142	5.549677e+15	1.885820e+01	9.703686e+01	8.052400e+16
1143	5.550092e+15	1.971368e+01	9.865563e+01	8.164861e+16
1144	5.550502e+15	1.861908e+01	9.338895e+01	1.217514e+17
1145	5.550921e+15	1.835919e+01	9.433860e+01	8.803624e+16
1146	5.551346e+15	1.850574e+01	9.825973e+01	6.635159e+16
1147	5.551764e+15	1.833119e+01	9.998306e+01	5.780351e+16
1148	5.552174e+15	1.689955e+01	9.577482e+01	1.128979e+17
1149	5.552589e+15	1.687238e+01	9.911640e+01	6.591553e+16
1150	5.553000e+15	1.610731e+01	9.658510e+01	8.943199e+16
1151	5.553417e+15	1.761981e+01	1.057716e+02	1.117091e+17
1152	5.553811e+15	1.611329e+01	9.753992e+01	7.622409e+16
1153	5.554207e+15	1.598878e+01	9.492168e+01	8.632910e+16
1154	5.554612e+15	1.779484e+01	1.045620e+02	5.749113e+16
1155	5.554997e+15	1.803231e+01	1.040455e+02	8.620178e+16
1156	5.555364e+15	1.745829e+01	9.720780e+01	8.565194e+16
1157	5.555729e+15	1.603535e+01	8.782701e+01	5.977145e+16
1158	5.556123e+15	1.912389e+01	1.007084e+02	8.401309e+16
1159	5.556504e+15	1.654450e+01	8.662891e+01	9.764549e+16
1160	5.556918e+15	1.685122e+01	8.869012e+01	8.439727e+16
1161	5.557353e+15	1.920972e+01	1.003158e+02	1.246740e+17
1162	5.557768e+15	1.954669e+01	1.032714e+02	1.212270e+17
1163	5.558157e+15	1.805924e+01	9.820623e+01	7.590295e+16
1164	5.558536e+15	1.669343e+01	9.387697e+01	7.923924e+16
1165	5.558922e+15	1.541668e+01	8.760585e+01	7.048713e+16
1166	5.559331e+15	1.832822e+01	1.037855e+02	1.476253e+17
1167	5.559711e+15	1.469621e+01	8.674977e+01	7.195546e+16
1168	5.560120e+15	1.583415e+01	9.319960e+01	9.044310e+16
1169	5.560538e+15	1.610675e+01	9.431205e+01	1.073772e+17
1170	5.560962e+15	1.712240e+01	9.776043e+01	7.799042e+16
1171	5.561382e+15	1.703288e+01	9.421064e+01	1.092272e+17
1172	5.561810e+15	1.800545e+01	9.839900e+01	1.391104e+17
1173	5.562239e+15	1.851738e+01	9.845522e+01	1.099780e+17
1174	5.562663e+15	1.714437e+01	9.399524e+01	1.305279e+17
1175	5.563101e+15	1.950614e+01	1.070767e+02	1.375178e+17
1176	5.563507e+15	1.847608e+01	1.036085e+02	5.756392e+16
1177	5.563897e+15	1.695862e+01	9.551327e+01	9.763672e+16
1178	5.564297e+15	1.771746e+01	9.706920e+01	9.596501e+16
1179	5.564702e+15	1.976505e+01	1.047973e+02	8.532251e+16
1180	5.565094e+15	1.941092e+01	1.005153e+02	9.432573e+16
1181	5.565490e+15	1.967667e+01	1.001878e+02	9.412874e+16
1182	5.565892e+15	1.984512e+01	1.033687e+02	9.554060e+16
1183	5.566288e+15	1.859734e+01	9.936418e+01	8.236191e+16
1184	5.566690e+15	2.010684e+01	1.090578e+02	9.688298e+16
1185	5.567072e+15	1.718796e+01	9.664100e+01	8.049008e+16
1186	5.567470e+15	1.587957e+01	9.298836e+01	8.818567e+16
1187	5.567898e+15	1.846872e+01	1.086690e+02	7.302696e+16
1188	5.568303e+15	1.638125e+01	9.961818e+01	8.661734e+16
1189	5.568713e+15	1.565957e+01	9.705936e+01	6.074721e+16
1190	5.569136e+15	1.554625e+01	9.648654e+01	7.858400e+16
1191	5.569568e+15	1.696643e+01	1.019657e+02	1.009910e+17
1192	5.569986e+15	1.552763e+01	9.054057e+01	6.683165e+16
1193	5.570426e+15	1.864715e+01	1.021882e+02	6.855806e+16
1194	5.570845e+15	1.895091e+01	9.901885e+01	9.932661e+16
1195	5.571257e+15	1.759177e+01	9.052595e+01	7.258269e+16
1196	5.571688e+15	1.939146e+01	9.943589e+01	9.112050e+16
1197	5.572107e+15	1.778608e+01	9.206371e+01	1.139596e+17
1198	5.572539e+15	1.860754e+01	9.659614e+01	7.241734e+16
1199	5.572967e+15	1.782458e+01	9.324311e+01	8.375110e+16
1200	5.573399e+15	1.776749e+01	9.225189e+01	7.714428e+16
1201	5.573837e+15	1.777066e+01	9.425031e+01	1.098510e+17
1202	5.574271e+15	1.751205e+01	9.467384e+01	9.535164e+16
1203	5.574702e+15	1.762138e+01	9.779661e+01	6.754454e+16
1204	5.575121e+15	1.732599e+01	9.734240e+01	8.422417e+16
1205	5.575527e+15	1.477570e+01	8.681100e+01	8.008122e+16
1206	5.575961e+15	1.691600e+01	9.604026e+01	8.972092e+16
1207	5.576387e+15	1.779787e+01	1.003395e+02	5.223709e+16
1208	5.576791e+15	1.471768e+01	8.617854e+01	5.043149e+16
1209	5.577221e+15	1.844303e+01	1.031808e+02	8.588178e+16
1210	5.577616e+15	1.787766e+01	1.000881e+02	6.179693e+16
1211	5.577991e+15	1.336830e+01	7.818017e+01	6.844376e+16
1212	5.578421e+15	1.879105e+01	1.036758e+02	5.526971e+16
1213	5.578816e+15	1.446444e+01	8.317756e+01	1.039178e+17
1214	5.579245e+15	1.774962e+01	9.777567e+01	7.794032e+16
1215	5.579652e+15	1.544680e+01	8.862598e+01	6.475970e+16
1216	5.580072e+15	1.557086e+01	9.076917e+01	5.844722e+16
1217	5.580494e+15	1.574206e+01	9.050291e+01	6.128550e+16
1218	5.580914e+15	1.598584e+01	9.181150e+01	7.646596e+16
1219	5.581330e+15	1.652398e+01	9.326451e+01	7.841438e+16
1220	5.581733e+15	1.439949e+01	8.389403e+01	5.274766e+16
1221	5.582160e+15	1.542896e+01	9.024487e+01	5.941395e+16
1222	5.582583e+15	1.575565e+01	9.129342e+01	9.087576e+16
1223	5.582997e+15	1.659378e+01	9.309533e+01	9.687548e+16
1224	5.583397e+15	1.711333e+01	9.643141e+01	7.017474e+16
1225	5.583773e+15	1.668425e+01	9.331353e+01	8.866544e+16
1226	5.584135e+15	1.446792e+01	8.041257e+01	6.584436e+16
1227	5.584526e+15	1.802136e+01	9.481808e+01	7.556066e+16
1228	5.584897e+15	1.838518e+01	9.229527e+01	8.375758e+16
1229	5.585253e+15	1.660687e+01	8.218582e+01	5.943634e+16
1230	5.585628e+15	1.858280e+01	9.281898e+01	7.577708e+16
1231	5.585988e+15	1.614995e+01	8.214609e+01	5.907245e+16
1232	5.586368e+15	1.676985e+01	8.796011e+01	9.168018e+16
1233	5.586749e+15	1.795730e+01	9.596151e+01	7.578059e+16
1234	5.587108e+15	1.555649e+01	8.563476e+01	8.130791e+16
1235	5.587483e+15	1.832937e+01	1.021088e+02	6.643182e+16
1236	5.587824e+15	1.291126e+01	7.534882e+01	5.338366e+16
1237	5.588217e+15	1.825070e+01	1.016457e+02	6.326249e+16
1238	5.588575e+15	1.561468e+01	8.745754e+01	6.720244e+16
1239	5.588945e+15	1.461934e+01	8.159792e+01	6.263900e+16
1240	5.589344e+15	1.616780e+01	8.901409e+01	4.844611e+16
1241	5.589748e+15	1.776884e+01	9.559374e+01	9.222496e+16
1242	5.590133e+15	1.800963e+01	9.454852e+01	1.079993e+17
1243	5.590498e+15	1.746998e+01	8.906191e+01	4.917168e+16
1244	5.590862e+15	1.683282e+01	8.562340e+01	5.831771e+16
1245	5.591231e+15	1.658547e+01	8.385382e+01	5.955528e+16
1246	5.591611e+15	1.711974e+01	8.494533e+01	5.837979e+16
1247	5.591996e+15	1.616266e+01	8.026777e+01	6.838997e+16
1248	5.592400e+15	1.840299e+01	9.020305e+01	6.305395e+16
1249	5.592784e+15	1.510860e+01	7.633496e+01	6.143043e+16
1250	5.593199e+15	1.760507e+01	8.707839e+01	7.708279e+16
1251	5.593601e+15	1.518003e+01	7.631818e+01	7.608411e+16
1252	5.594039e+15	1.587296e+01	8.163612e+01	7.337237e+16
1253	5.594492e+15	1.736293e+01	8.828274e+01	7.591429e+16
1254	5.594931e+15	1.811022e+01	9.298888e+01	7.207580e+16
1255	5.595342e+15	1.889375e+01	9.647574e+01	4.441883e+16
1256	5.595716e+15	1.392630e+01	7.602109e+01	5.814923e+16
1257	5.596127e+15	1.488466e+01	8.197102e+01	6.517931e+16
1258	5.596554e+15	1.835553e+01	9.742499e+01	5.709907e+16
1259	5.596942e+15	1.642073e+01	8.699279e+01	4.477971e+16
1260	5.597332e+15	1.806741e+01	9.671832e+01	8.722191e+16
1261	5.597691e+15	1.539312e+01	8.673241e+01	6.511996e+16
1262	5.598056e+15	1.488027e+01	8.452016e+01	4.881668e+16
1263	5.598434e+15	1.667145e+01	9.498741e+01	9.022097e+16
1264	5.598795e+15	1.418976e+01	8.491597e+01	5.976849e+16
1265	5.599172e+15	1.596675e+01	9.127337e+01	5.351516e+16
1266	5.599542e+15	1.605957e+01	9.040627e+01	6.553866e+16
1267	5.599907e+15	1.473084e+01	8.473627e+01	6.636163e+16
1268	5.600285e+15	1.532847e+01	8.635422e+01	7.850353e+16
1269	5.600666e+15	1.527533e+01	8.611381e+01	4.139644e+16
1270	5.601046e+15	1.440492e+01	8.148658e+01	5.670527e+16
1271	5.601440e+15	1.434530e+01	8.108719e+01	6.675138e+16
1272	5.601845e+15	1.473999e+01	8.045010e+01	5.386071e+16
1273	5.602258e+15	1.528051e+01	7.881008e+01	6.382653e+16
1274	5.602681e+15	1.669593e+01	8.212528e+01	9.154650e+16
1275	5.603095e+15	1.695090e+01	8.083013e+01	4.845743e+16
1276	5.603505e+15	1.455934e+01	6.951463e+01	5.009845e+16
1277	5.603961e+15	1.743580e+01	8.141399e+01	6.297038e+16
1278	5.604405e+15	1.810276e+01	8.436272e+01	1.032619e+17
1279	5.604829e+15	1.563950e+01	7.836246e+01	6.700828e+16
1280	5.605253e+15	1.674666e+01	8.375681e+01	4.381672e+16
1281	5.605654e+15	1.452277e+01	7.356899e+01	6.487923e+16
1282	5.606079e+15	1.540175e+01	7.978926e+01	7.313594e+16
1283	5.606498e+15	1.717263e+01	8.812860e+01	8.664645e+16
1284	5.606884e+15	1.433354e+01	7.118857e+01	5.700739e+16
1285	5.607300e+15	1.633989e+01	7.875529e+01	6.293466e+16
1286	5.607717e+15	1.673174e+01	8.021038e+01	6.752833e+16
1287	5.608128e+15	1.690571e+01	7.727104e+01	6.472293e+16
1288	5.608540e+15	1.960244e+01	8.613913e+01	6.990589e+16
1289	5.608921e+15	1.744657e+01	7.886195e+01	7.415546e+16
1290	5.609303e+15	1.683096e+01	7.863634e+01	5.531454e+16
1291	5.609686e+15	1.425162e+01	7.174778e+01	6.504289e+16
1292	5.610100e+15	1.571536e+01	7.906787e+01	8.378366e+16
1293	5.610515e+15	1.591937e+01	8.151879e+01	8.949189e+16
1294	5.610920e+15	1.565761e+01	8.368668e+01	6.677881e+16
1295	5.611308e+15	1.297573e+01	7.136625e+01	8.316982e+16
1296	5.611730e+15	1.412823e+01	7.716604e+01	1.024571e+17
1297	5.612164e+15	1.582051e+01	8.480409e+01	7.701658e+16
1298	5.612580e+15	1.515021e+01	8.229235e+01	6.910035e+16
1299	5.612985e+15	1.506227e+01	8.467237e+01	6.713229e+16
1300	5.613376e+15	1.409597e+01	8.019174e+01	7.163735e+16
1301	5.613767e+15	1.516329e+01	8.014391e+01	9.855050e+16
1302	5.614159e+15	1.578893e+01	8.064319e+01	7.875985e+16
1303	5.614549e+15	1.513541e+01	7.559088e+01	6.792473e+16
1304	5.614951e+15	1.579129e+01	7.519651e+01	5.058718e+16
1305	5.615365e+15	1.683897e+01	7.694408e+01	4.697843e+16
1306	5.615780e+15	1.764471e+01	7.924967e+01	8.031924e+16
1307	5.616188e+15	1.643230e+01	7.650936e+01	6.609633e+16
1308	5.616600e+15	1.438959e+01	7.201347e+01	6.952585e+16
1309	5.617040e+15	1.628864e+01	8.269781e+01	8.223202e+16
1310	5.617464e+15	1.600399e+01	8.249859e+01	7.549296e+16
1311	5.617880e+15	1.505638e+01	7.864910e+01	8.876004e+16
1312	5.618303e+15	1.531105e+01	8.089285e+01	5.639766e+16
1313	5.618722e+15	1.570020e+01	8.383221e+01	9.280327e+16
1314	5.619127e+15	1.424234e+01	7.614747e+01	4.917063e+16
1315	5.619552e+15	1.658907e+01	8.360969e+01	1.036404e+17
1316	5.619969e+15	1.736403e+01	8.591390e+01	9.456353e+16
1317	5.620371e+15	1.699962e+01	8.209070e+01	4.865304e+16
1318	5.620774e+15	1.607203e+01	7.911322e+01	8.995465e+16
1319	5.621190e+15	1.617068e+01	8.088360e+01	6.454614e+16
1320	5.621617e+15	1.697435e+01	8.376511e+01	8.205324e+16
1321	5.622043e+15	1.775535e+01	8.600329e+01	8.208755e+16
1322	5.622460e+15	1.784708e+01	8.508374e+01	7.451533e+16
1323	5.622872e+15	1.794393e+01	8.655924e+01	7.057739e+16
1324	5.623274e+15	1.578993e+01	7.755359e+01	9.978234e+16
1325	5.623698e+15	1.748509e+01	8.420987e+01	5.561287e+16
1326	5.624117e+15	1.642303e+01	8.351083e+01	7.208829e+16
1327	5.624532e+15	1.484786e+01	7.759916e+01	5.861275e+16
1328	5.624965e+15	1.573022e+01	7.874245e+01	8.433023e+16
1329	5.625412e+15	1.786533e+01	8.405073e+01	8.688170e+16
1330	5.625850e+15	3.477144e+01	1.556099e+02	9.816369e+16
1331	5.626112e+15	1.796721e+01	8.478368e+01	5.598048e+16
1332	5.626375e+15	1.725783e+01	8.481281e+01	5.513532e+16
1333	5.626641e+15	1.749232e+01	8.579979e+01	4.427743e+16
1334	5.626906e+15	1.766007e+01	8.541005e+01	5.096803e+16
1335	5.627172e+15	1.659898e+01	8.138904e+01	5.118623e+16
1336	5.627444e+15	1.629842e+01	8.246116e+01	2.988537e+16
1337	5.627719e+15	1.710623e+01	8.427808e+01	5.584032e+16
1338	5.627992e+15	1.703754e+01	8.207358e+01	7.178866e+16
1339	5.628269e+15	1.674390e+01	7.853367e+01	3.953548e+16
1340	5.628558e+15	1.760379e+01	7.986255e+01	4.577761e+16
1341	5.628858e+15	1.821264e+01	8.211716e+01	4.675526e+16
1342	5.629160e+15	1.686960e+01	7.657039e+01	5.291375e+16
1343	5.629479e+15	1.656800e+01	7.434487e+01	5.107954e+16
1344	5.629824e+15	1.790553e+01	7.631863e+01	5.544904e+16
1345	5.630183e+15	1.757751e+01	7.610807e+01	8.401275e+16
1346	5.630562e+15	1.767228e+01	7.675310e+01	6.144252e+16
1347	5.630957e+15	1.785458e+01	7.805706e+01	8.708075e+16
1348	5.631368e+15	1.805532e+01	7.821032e+01	6.963922e+16
1349	5.631798e+15	1.853983e+01	8.293124e+01	7.643426e+16
1350	5.632226e+15	1.572856e+01	7.533001e+01	9.130778e+16
1351	5.632686e+15	1.539047e+01	7.915185e+01	8.628170e+16
1352	5.633160e+15	1.717884e+01	8.119606e+01	1.027570e+17
1353	5.633641e+15	1.722367e+01	7.885215e+01	5.564142e+16
1354	5.634138e+15	1.974151e+01	9.276497e+01	1.055557e+17
1355	5.634590e+15	1.611965e+01	8.001706e+01	8.420020e+16
1356	5.635051e+15	1.576728e+01	8.072449e+01	8.103600e+16
1357	5.635518e+15	1.629345e+01	8.453144e+01	6.862628e+16
1358	5.635973e+15	1.552789e+01	8.103644e+01	7.676067e+16
1359	5.636429e+15	1.637066e+01	8.407055e+01	6.960447e+16
1360	5.636868e+15	1.537149e+01	8.016863e+01	9.747678e+16
1361	5.637311e+15	1.526763e+01	8.130029e+01	7.477498e+16
1362	5.637752e+15	1.483831e+01	8.082635e+01	8.118853e+16
1363	5.638195e+15	1.454310e+01	8.020598e+01	7.929793e+16
1364	5.638645e+15	1.457793e+01	8.341285e+01	7.822230e+16
1365	5.639087e+15	1.391407e+01	8.261291e+01	7.874232e+16
1366	5.639526e+15	1.486521e+01	8.266145e+01	6.367011e+16
1367	5.639959e+15	1.611259e+01	8.395948e+01	5.736786e+16
1368	5.640383e+15	1.741495e+01	8.821841e+01	5.983826e+16
1369	5.640785e+15	1.516511e+01	7.566788e+01	5.827249e+16
1370	5.641212e+15	1.630107e+01	8.282988e+01	8.865328e+16
1371	5.641637e+15	1.707717e+01	8.719650e+01	6.501965e+16
1372	5.642046e+15	1.517977e+01	8.010718e+01	8.410926e+16
1373	5.642464e+15	1.641525e+01	8.536862e+01	1.045981e+17
1374	5.642872e+15	1.519387e+01	7.919195e+01	1.045971e+17
1375	5.643293e+15	1.681904e+01	8.885063e+01	9.887248e+16
1376	5.643693e+15	1.425994e+01	7.406733e+01	9.021615e+16
1377	5.644130e+15	1.624026e+01	8.614690e+01	1.016062e+17
1378	5.644555e+15	1.456798e+01	7.942844e+01	7.256671e+16
1379	5.644993e+15	1.687729e+01	9.129264e+01	8.574309e+16
1380	5.645399e+15	1.467924e+01	7.774675e+01	9.158861e+16
1381	5.645827e+15	1.516673e+01	7.787571e+01	9.295341e+16
1382	5.646278e+15	1.678444e+01	8.557000e+01	8.595448e+16
1383	5.646722e+15	1.655899e+01	8.489544e+01	1.138914e+17
1384	5.647162e+15	1.565864e+01	8.221038e+01	1.090991e+17
1385	5.647610e+15	1.392604e+01	7.624948e+01	1.031639e+17
1386	5.648090e+15	1.619664e+01	9.047161e+01	1.135971e+17
1387	5.648539e+15	1.544726e+01	8.484199e+01	1.300755e+17
1388	5.648983e+15	1.591977e+01	8.380317e+01	9.737997e+16
1389	5.649424e+15	1.647513e+01	8.351616e+01	9.965181e+16
1390	5.649865e+15	1.497133e+01	7.756804e+01	8.237689e+16
1391	5.650326e+15	1.620657e+01	8.589178e+01	8.983119e+16
1392	5.650775e+15	1.603746e+01	8.498539e+01	9.775759e+16
1393	5.651219e+15	1.712976e+01	9.059327e+01	6.824984e+16
1394	5.651635e+15	1.435140e+01	7.599898e+01	8.609657e+16
1395	5.652079e+15	1.553610e+01	8.317792e+01	1.084529e+17
1396	5.652521e+15	1.667494e+01	8.601814e+01	5.851346e+16
1397	5.652952e+15	1.612624e+01	8.120407e+01	6.281870e+16
1398	5.653393e+15	1.859238e+01	9.351244e+01	1.013914e+17
1399	5.653800e+15	1.527172e+01	7.747655e+01	8.266290e+16
1400	5.654236e+15	1.606732e+01	8.594059e+01	8.507935e+16
1401	5.654665e+15	1.561599e+01	8.217312e+01	8.520057e+16
1402	5.655103e+15	1.441532e+01	7.722641e+01	8.432003e+16
1403	5.655569e+15	1.670572e+01	9.145642e+01	9.937443e+16
1404	5.656006e+15	1.486105e+01	7.793451e+01	9.793726e+16
1405	5.656469e+15	1.917906e+01	9.427028e+01	8.726522e+16
1406	5.656893e+15	1.402839e+01	7.086179e+01	7.583633e+16
1407	5.657373e+15	1.796361e+01	9.370303e+01	8.011547e+16
1408	5.657809e+15	1.574347e+01	8.557560e+01	8.964059e+16
1409	5.658241e+15	1.460006e+01	8.318917e+01	1.194618e+17
1410	5.658676e+15	1.420414e+01	8.023052e+01	1.003151e+17
1411	5.659125e+15	1.678970e+01	8.978973e+01	1.179962e+17
1412	5.659546e+15	1.540906e+01	7.824392e+01	1.546064e+17
1413	5.659984e+15	1.705152e+01	8.286227e+01	1.533231e+17
1414	5.660413e+15	1.596431e+01	8.254801e+01	1.081777e+17
1415	5.660842e+15	1.616248e+01	8.577573e+01	8.181594e+16
1416	5.661254e+15	1.451796e+01	7.964475e+01	7.814457e+16
1417	5.661671e+15	1.471804e+01	8.473576e+01	9.266119e+16
1418	5.662079e+15	1.377451e+01	8.181064e+01	1.199044e+17
1419	5.662486e+15	1.360477e+01	8.161533e+01	9.736459e+16
1420	5.662892e+15	1.425276e+01	8.167053e+01	8.246531e+16
1421	5.663298e+15	1.470533e+01	8.193950e+01	1.153594e+17
1422	5.663700e+15	1.485994e+01	7.944296e+01	1.066387e+17
1423	5.664106e+15	1.356191e+01	7.100618e+01	9.870789e+16
1424	5.664550e+15	1.597864e+01	8.263819e+01	9.154184e+16
1425	5.664986e+15	1.646441e+01	8.876145e+01	8.657090e+16
1426	5.665389e+15	1.256182e+01	6.888206e+01	1.170672e+17
1427	5.665839e+15	1.519899e+01	8.492286e+01	1.223801e+17
1428	5.666270e+15	1.239915e+01	6.979149e+01	1.283381e+17
1429	5.666746e+15	1.562420e+01	8.796898e+01	1.064144e+17
1430	5.667191e+15	1.895361e+01	1.065262e+02	1.391807e+17
1431	5.667552e+15	1.066786e+01	6.326062e+01	7.792860e+16
1432	5.667986e+15	1.268040e+01	7.467523e+01	1.092623e+17
1433	5.668448e+15	1.368261e+01	8.203541e+01	1.282786e+17
1434	5.668913e+15	1.399167e+01	8.586834e+01	5.780770e+16
1435	5.669371e+15	1.406523e+01	8.378874e+01	6.970179e+16
1436	5.669833e+15	1.543614e+01	8.607504e+01	9.569381e+16
1437	5.670294e+15	1.512428e+01	8.207410e+01	1.857353e+17
1438	5.670775e+15	1.577906e+01	8.936267e+01	1.256121e+17
1439	5.671251e+15	1.469062e+01	8.927148e+01	1.714007e+17
1440	5.671727e+15	1.639929e+01	9.403004e+01	1.226606e+17
1441	5.672186e+15	1.742723e+01	9.422067e+01	1.271417e+17
1442	5.672628e+15	1.509827e+01	8.135745e+01	1.207178e+17
1443	5.673099e+15	1.747085e+01	9.478616e+01	1.412465e+17
1444	5.673542e+15	1.401140e+01	7.727217e+01	1.412951e+17
1445	5.674024e+15	1.748320e+01	9.458370e+01	1.272201e+17
1446	5.674473e+15	1.599537e+01	8.702282e+01	1.307983e+17
1447	5.674919e+15	1.440547e+01	7.537751e+01	1.273414e+17
1448	5.675412e+15	1.706811e+01	8.777339e+01	1.395230e+17
1449	5.675895e+15	1.761903e+01	9.057798e+01	8.253782e+16
1450	5.676356e+15	1.719321e+01	9.307647e+01	1.015612e+17
1451	5.676794e+15	1.556682e+01	8.569722e+01	6.930486e+16
1452	5.677237e+15	1.538948e+01	8.896381e+01	1.189749e+17
1453	5.677675e+15	1.349515e+01	7.832665e+01	8.775793e+16
1454	5.678150e+15	1.499305e+01	8.709755e+01	7.811886e+16
1455	5.678622e+15	1.562127e+01	8.538451e+01	8.046218e+16
1456	5.679099e+15	1.597567e+01	8.522994e+01	9.702548e+16
1457	5.679580e+15	1.585339e+01	8.964488e+01	9.494210e+16
1458	5.680050e+15	1.442007e+01	8.699932e+01	9.728376e+16
1459	5.680516e+15	1.432363e+01	8.962326e+01	7.966857e+16
1460	5.680966e+15	1.390215e+01	8.190578e+01	7.481315e+16
1461	5.681429e+15	1.497614e+01	8.674361e+01	7.444619e+16
1462	5.681881e+15	1.409338e+01	8.482184e+01	1.174778e+17
1463	5.682329e+15	1.281062e+01	8.035986e+01	8.060243e+16
1464	5.682795e+15	1.330738e+01	8.331173e+01	1.243974e+17
1465	5.683264e+15	1.324269e+01	8.510836e+01	8.354852e+16
1466	5.683728e+15	1.316855e+01	8.489597e+01	9.405841e+16
1467	5.684186e+15	1.345975e+01	8.583313e+01	9.670358e+16
1468	5.684635e+15	1.300574e+01	8.334991e+01	8.851580e+16
1469	5.685083e+15	1.302945e+01	8.502844e+01	1.080563e+17
1470	5.685523e+15	1.352131e+01	8.589200e+01	9.395775e+16
1471	5.685956e+15	1.259577e+01	8.028685e+01	1.044178e+17
1472	5.686406e+15	1.287516e+01	8.195992e+01	9.895340e+16
1473	5.686870e+15	1.344803e+01	8.777323e+01	7.449486e+16
1474	5.687326e+15	1.216194e+01	8.285996e+01	1.082414e+17
1475	5.687794e+15	1.313439e+01	8.949001e+01	1.218461e+17
1476	5.688252e+15	1.261646e+01	8.722957e+01	1.145535e+17
1477	5.688708e+15	1.324307e+01	8.654733e+01	1.356759e+17
1478	5.689162e+15	1.424366e+01	8.595251e+01	1.456988e+17
1479	5.689614e+15	1.493388e+01	8.883198e+01	1.653123e+17
1480	5.690051e+15	1.341719e+01	8.410104e+01	1.707287e+17
1481	5.690493e+15	1.119438e+01	7.245473e+01	1.469520e+17
1482	5.690986e+15	1.208192e+01	8.194653e+01	1.672516e+17
1483	5.691484e+15	1.260838e+01	8.343809e+01	2.169443e+17
1484	5.691976e+15	1.323856e+01	8.579646e+01	1.431496e+17
1485	5.692449e+15	1.552231e+01	9.483905e+01	8.709645e+16
1486	5.692870e+15	1.232360e+01	7.750616e+01	7.482535e+16
1487	5.693306e+15	1.250779e+01	8.171852e+01	5.288057e+16
1488	5.693735e+15	1.136531e+01	7.593067e+01	7.236264e+16
1489	5.694180e+15	1.235748e+01	8.177161e+01	7.301871e+16
1490	5.694618e+15	1.248542e+01	8.095539e+01	6.514431e+16
1491	5.695053e+15	1.176440e+01	7.763358e+01	7.196534e+16
1492	5.695503e+15	1.170529e+01	7.719293e+01	8.555017e+16
1493	5.695964e+15	1.311477e+01	8.275239e+01	6.292003e+16
1494	5.696414e+15	1.367475e+01	7.906196e+01	8.783579e+16
1495	5.696871e+15	1.345394e+01	7.602035e+01	7.402725e+16
1496	5.697348e+15	1.516372e+01	8.103192e+01	7.305861e+16
1497	5.697826e+15	1.361257e+01	7.527752e+01	7.886212e+16
1498	5.698333e+15	1.362811e+01	8.192785e+01	8.026198e+16
1499	5.698832e+15	1.350161e+01	8.345631e+01	1.003410e+17
1500	5.699314e+15	1.238886e+01	7.616021e+01	1.029994e+17
1501	5.699816e+15	1.253713e+01	7.969381e+01	7.550020e+16
1502	5.700314e+15	1.342168e+01	8.575365e+01	1.193830e+17
1503	5.700783e+15	1.327482e+01	7.864514e+01	6.962742e+16
1504	5.701252e+15	1.347060e+01	7.915989e+01	8.703581e+16
1505	5.701718e+15	1.266055e+01	8.025336e+01	9.319023e+16
1506	5.702173e+15	9.400557e+00	6.404341e+01	6.441377e+16
1507	5.702699e+15	1.182769e+01	8.470595e+01	7.587126e+16
1508	5.703190e+15	1.074075e+01	7.894046e+01	9.341659e+16
1509	5.703671e+15	1.077858e+01	7.743775e+01	8.430411e+16
1510	5.704150e+15	1.107069e+01	8.093335e+01	1.110773e+17
1511	5.704611e+15	1.126945e+01	8.278413e+01	6.729019e+16
1512	5.705049e+15	1.091926e+01	7.714681e+01	9.641549e+16
1513	5.705489e+15	1.030825e+01	7.462558e+01	1.190876e+17
1514	5.705944e+15	1.092558e+01	8.216775e+01	1.005676e+17
1515	5.706383e+15	1.059506e+01	7.862150e+01	1.178905e+17
1516	5.706825e+15	1.052744e+01	7.759790e+01	1.182703e+17
1517	5.707275e+15	1.104754e+01	8.174868e+01	8.918624e+16
1518	5.707715e+15	9.726142e+00	7.612375e+01	1.089120e+17
1519	5.708170e+15	1.068179e+01	7.882195e+01	1.603176e+17
1520	5.708629e+15	1.158889e+01	8.448986e+01	1.769157e+17
1521	5.709069e+15	1.135649e+01	8.072741e+01	7.668770e+16
1522	5.709507e+15	1.190004e+01	7.896078e+01	1.058929e+17
1523	5.709949e+15	1.203207e+01	7.484198e+01	1.309892e+17
1524	5.710418e+15	1.233240e+01	7.926281e+01	1.136341e+17
1525	5.710894e+15	1.117874e+01	7.365131e+01	1.362105e+17
1526	5.711408e+15	1.264189e+01	8.902449e+01	1.152996e+17
1527	5.711889e+15	1.173236e+01	7.758970e+01	1.285652e+17
1528	5.712388e+15	1.308339e+01	8.195330e+01	1.282222e+17
1529	5.712887e+15	1.549918e+01	1.025194e+02	1.540814e+17
1530	5.713308e+15	1.014488e+01	6.813855e+01	9.636795e+16
1531	5.713789e+15	1.234329e+01	8.487160e+01	1.763549e+17
1532	5.714256e+15	1.230647e+01	8.552282e+01	1.646067e+17
1533	5.714703e+15	1.054763e+01	7.512532e+01	1.016399e+17
1534	5.715174e+15	1.120548e+01	8.573223e+01	1.296437e+17
1535	5.715624e+15	1.011290e+01	8.082407e+01	1.040080e+17
1536	5.716074e+15	1.104118e+01	8.771930e+01	1.311676e+17
1537	5.716499e+15	9.594198e+00	7.486802e+01	8.722689e+16
1538	5.716954e+15	9.699725e+00	7.840140e+01	9.727643e+16
1539	5.717427e+15	9.823466e+00	7.707653e+01	1.041089e+17
1540	5.717925e+15	1.014288e+01	8.695629e+01	9.299806e+16
1541	5.718408e+15	9.781067e+00	8.519618e+01	7.865165e+16
1542	5.718884e+15	1.009757e+01	8.982991e+01	1.184471e+17
1543	5.719332e+15	8.100776e+00	7.411209e+01	1.004486e+17
1544	5.719820e+15	1.182754e+01	9.687443e+01	9.937870e+16
1545	5.720255e+15	9.599267e+00	6.742683e+01	8.012376e+16
1546	5.720771e+15	1.321136e+01	9.491570e+01	1.076001e+17
1547	5.721245e+15	1.183041e+01	8.445023e+01	1.325650e+17
1548	5.721720e+15	1.045537e+01	8.229836e+01	7.114211e+16
1549	5.722205e+15	1.062460e+01	8.640095e+01	1.050048e+17
1550	5.722682e+15	9.899356e+00	8.386664e+01	9.955056e+16
1551	5.723160e+15	1.059220e+01	9.109162e+01	1.575200e+17
1552	5.723611e+15	9.845040e+00	8.326728e+01	1.342397e+17
1553	5.724074e+15	9.086945e+00	7.776748e+01	1.278654e+17
1554	5.724571e+15	9.164565e+00	8.210795e+01	1.065538e+17
1555	5.725079e+15	1.050236e+01	8.844487e+01	1.122793e+17
1556	5.725564e+15	1.117710e+01	8.402625e+01	1.231418e+17
1557	5.726048e+15	1.091557e+01	8.190664e+01	8.412125e+16
1558	5.726545e+15	9.843460e+00	8.087838e+01	9.981797e+16
1559	5.727057e+15	1.039774e+01	8.453403e+01	1.368207e+17
1560	5.727570e+15	1.083960e+01	8.738436e+01	1.570577e+17
1561	5.728071e+15	1.105538e+01	8.934396e+01	9.664613e+16
1562	5.728552e+15	1.003005e+01	8.001435e+01	9.572432e+16
1563	5.729057e+15	1.114481e+01	8.837030e+01	9.122864e+16
1564	5.729548e+15	1.042779e+01	8.528727e+01	1.174511e+17
1565	5.730040e+15	1.049029e+01	8.688568e+01	4.806915e+16
1566	5.730522e+15	1.064309e+01	8.440833e+01	1.176184e+17
1567	5.731008e+15	1.002696e+01	8.022855e+01	6.615268e+16
1568	5.731514e+15	1.070717e+01	8.854608e+01	1.022682e+17
1569	5.731998e+15	9.312799e+00	7.995403e+01	1.387245e+17
1570	5.732499e+15	9.566156e+00	8.443792e+01	5.505750e+16
1571	5.732992e+15	1.026981e+01	8.365450e+01	1.080873e+17
1572	5.733474e+15	1.106145e+01	7.776712e+01	8.289041e+16
1573	5.733968e+15	1.112531e+01	8.051921e+01	8.549938e+16
1574	5.734454e+15	1.093236e+01	7.954641e+01	9.451779e+16
1575	5.734937e+15	1.175351e+01	8.312671e+01	1.009871e+17
1576	5.735399e+15	1.078285e+01	7.018449e+01	9.994886e+16
1577	5.735899e+15	1.343243e+01	8.486435e+01	1.194443e+17
1578	5.736366e+15	1.286107e+01	7.746724e+01	8.786252e+16
1579	5.736838e+15	1.403344e+01	8.395943e+01	6.193762e+16
1580	5.737287e+15	1.249652e+01	7.687955e+01	7.229798e+16
1581	5.737746e+15	1.290200e+01	8.440796e+01	8.735296e+16
1582	5.738178e+15	1.230410e+01	8.139872e+01	7.539394e+16
1583	5.738600e+15	9.586370e+00	6.425652e+01	8.190142e+16
1584	5.739090e+15	1.221767e+01	8.310603e+01	1.210718e+17
1585	5.739556e+15	1.147636e+01	7.905721e+01	1.075538e+17
1586	5.740010e+15	1.101192e+01	7.474191e+01	9.019158e+16
1587	5.740472e+15	1.027396e+01	7.486198e+01	6.333125e+16
1588	5.740942e+15	9.921570e+00	7.899252e+01	1.230427e+17
1589	5.741406e+15	9.110261e+00	7.141713e+01	1.266717e+17
1590	5.741903e+15	1.003057e+01	8.034093e+01	7.869387e+16
1591	5.742392e+15	9.027941e+00	7.210378e+01	1.256378e+17
1592	5.742916e+15	9.888158e+00	7.995486e+01	1.179513e+17
1593	5.743440e+15	9.905304e+00	8.183028e+01	9.861200e+16
1594	5.743952e+15	1.034413e+01	8.324912e+01	1.237902e+17
1595	5.744447e+15	9.762623e+00	8.038541e+01	8.469643e+16
1596	5.744941e+15	1.029279e+01	8.219819e+01	1.317371e+17
1597	5.745427e+15	1.050406e+01	7.708156e+01	8.922763e+16
1598	5.745928e+15	1.173686e+01	8.319866e+01	1.042092e+17
1599	5.746414e+15	1.276280e+01	8.996349e+01	9.292363e+16
1600	5.746864e+15	1.023056e+01	7.705919e+01	8.110900e+16
1601	5.747333e+15	1.098704e+01	8.236889e+01	9.898481e+16
1602	5.747801e+15	1.259060e+01	8.935731e+01	1.271881e+17
1603	5.748238e+15	1.095748e+01	7.519657e+01	1.004368e+17
1604	5.748702e+15	1.114975e+01	7.702710e+01	7.896158e+16
1605	5.749180e+15	1.241769e+01	8.493682e+01	8.885446e+16
1606	5.749638e+15	1.205197e+01	7.974851e+01	8.745379e+16
1607	5.750096e+15	1.198670e+01	7.725375e+01	1.239689e+17
1608	5.750560e+15	1.172965e+01	7.632908e+01	7.291800e+16
1609	5.751035e+15	1.257319e+01	8.174609e+01	7.482049e+16
1610	5.751497e+15	1.190215e+01	7.734811e+01	1.040912e+17
1611	5.751963e+15	1.226050e+01	8.193640e+01	1.155006e+17
1612	5.752420e+15	1.182587e+01	7.737063e+01	8.934897e+16
1613	5.752887e+15	1.270090e+01	8.258257e+01	1.509235e+17
1614	5.753348e+15	1.275987e+01	8.109874e+01	9.915495e+16
1615	5.753808e+15	1.147899e+01	8.050536e+01	1.283584e+17
1616	5.754267e+15	1.161867e+01	7.724318e+01	8.016293e+16
1617	5.754738e+15	1.244965e+01	7.691429e+01	1.331213e+17
1618	5.755222e+15	1.236239e+01	7.627625e+01	1.219130e+17
1619	5.755721e+15	1.296285e+01	8.451774e+01	7.129790e+16
1620	5.756194e+15	1.004283e+01	6.851869e+01	1.335655e+17
1621	5.756718e+15	1.165810e+01	8.280057e+01	1.244885e+17
1622	5.757226e+15	1.088792e+01	8.235920e+01	1.264460e+17
1623	5.757723e+15	1.145813e+01	8.875438e+01	1.405244e+17
1624	5.758181e+15	9.831432e+00	7.843421e+01	7.433244e+16
1625	5.758650e+15	1.024840e+01	7.937294e+01	1.011011e+17
1626	5.759125e+15	1.035457e+01	8.017829e+01	1.310071e+17
1627	5.759607e+15	1.130938e+01	8.675893e+01	1.355023e+17
1628	5.760067e+15	1.103821e+01	8.035449e+01	1.460002e+17
1629	5.760533e+15	1.078425e+01	7.842586e+01	1.069283e+17
1630	5.761013e+15	1.141295e+01	7.996588e+01	1.580564e+17
1631	5.761499e+15	1.178274e+01	8.184372e+01	1.713415e+17
1632	5.761982e+15	1.099694e+01	7.981035e+01	1.711179e+17
1633	5.762468e+15	1.191861e+01	8.172538e+01	1.224745e+17
1634	5.762949e+15	1.234207e+01	8.180123e+01	1.373339e+17
1635	5.763427e+15	1.194464e+01	7.845812e+01	8.423411e+16
1636	5.763918e+15	1.179977e+01	8.069823e+01	9.945840e+16
1637	5.764411e+15	1.324996e+01	8.577456e+01	1.144514e+17
1638	5.764890e+15	1.205789e+01	7.688532e+01	1.350319e+17
1639	5.765398e+15	1.263599e+01	8.405464e+01	1.103828e+17
1640	5.765904e+15	1.281273e+01	8.687585e+01	9.976666e+16
1641	5.766402e+15	1.150042e+01	7.847670e+01	1.399057e+17
1642	5.766930e+15	1.239715e+01	9.018664e+01	1.001954e+17
1643	5.767431e+15	1.164706e+01	8.666484e+01	1.015161e+17
1644	5.767927e+15	1.095835e+01	8.400583e+01	1.115855e+17
1645	5.768429e+15	1.152223e+01	8.653598e+01	1.121837e+17
1646	5.768919e+15	9.695486e+00	7.459616e+01	1.252528e+17
1647	5.769453e+15	1.141621e+01	9.094819e+01	1.191689e+17
1648	5.769951e+15	9.235621e+00	7.453899e+01	1.027269e+17
1649	5.770490e+15	9.829166e+00	8.581389e+01	1.289775e+17
1650	5.771013e+15	9.211393e+00	7.991967e+01	1.152057e+17
1651	5.771551e+15	1.063672e+01	8.849658e+01	1.211347e+17
1652	5.772065e+15	1.033965e+01	8.165375e+01	1.207624e+17
1653	5.772590e+15	1.069533e+01	8.679823e+01	1.035414e+17
1654	5.773105e+15	1.092925e+01	9.158093e+01	1.076208e+17
1655	5.773592e+15	1.006025e+01	8.742211e+01	1.005081e+17
1656	5.774068e+15	1.002562e+01	8.384803e+01	1.378210e+17
1657	5.774551e+15	9.693409e+00	7.998392e+01	9.753320e+16
1658	5.775061e+15	1.051664e+01	8.925936e+01	9.123388e+16
1659	5.775556e+15	1.020484e+01	8.578840e+01	6.737632e+16
1660	5.776047e+15	1.054153e+01	8.559876e+01	9.927389e+16
1661	5.776540e+15	1.173947e+01	9.082928e+01	1.448039e+17
1662	5.777016e+15	1.127770e+01	8.433946e+01	9.012850e+16
1663	5.777507e+15	1.115621e+01	8.811972e+01	1.142768e+17
1664	5.777998e+15	1.132843e+01	8.910466e+01	1.555547e+17
1665	5.778485e+15	1.199610e+01	8.955509e+01	8.979204e+16
1666	5.778972e+15	1.299633e+01	9.423550e+01	1.558543e+17
1667	5.779441e+15	1.203201e+01	8.496069e+01	6.521165e+16
1668	5.779931e+15	1.358327e+01	9.669301e+01	8.878316e+16
1669	5.780395e+15	1.296996e+01	8.903850e+01	1.063968e+17
1670	5.780865e+15	1.327406e+01	8.983266e+01	1.222670e+17
1671	5.781335e+15	1.372624e+01	9.414788e+01	6.820169e+16
1672	5.781786e+15	1.328852e+01	8.963548e+01	1.237048e+17
1673	5.782236e+15	1.279086e+01	8.656485e+01	1.185639e+17
1674	5.782695e+15	1.195238e+01	8.623615e+01	1.015305e+17
1675	5.783166e+15	1.162361e+01	8.768635e+01	1.342536e+17
1676	5.783641e+15	1.103296e+01	8.734518e+01	7.794313e+16
1677	5.784121e+15	1.070719e+01	8.608062e+01	1.013392e+17
1678	5.784614e+15	1.228191e+01	9.516548e+01	1.046738e+17
1679	5.785080e+15	9.506925e+00	7.905145e+01	7.355068e+16
1680	5.785590e+15	9.643574e+00	9.053398e+01	7.599636e+16
1681	5.786091e+15	9.688901e+00	9.407686e+01	9.926724e+16
1682	5.786569e+15	8.476008e+00	8.427431e+01	1.153057e+17
1683	5.787069e+15	1.072606e+01	9.460695e+01	1.135314e+17
1684	5.787548e+15	1.098614e+01	8.294579e+01	1.024703e+17
1685	5.788058e+15	1.312177e+01	9.437064e+01	1.057879e+17
1686	5.788550e+15	1.349063e+01	8.898898e+01	9.979061e+16
1687	5.789045e+15	1.398092e+01	8.572004e+01	9.309530e+16
1688	5.789553e+15	1.319946e+01	8.472661e+01	7.660632e+16
1689	5.790078e+15	1.309348e+01	8.961901e+01	1.393909e+17
1690	5.790595e+15	1.334903e+01	8.811415e+01	1.181464e+17
1691	5.791113e+15	1.389127e+01	9.272825e+01	1.132216e+17
1692	5.791612e+15	1.231081e+01	8.347546e+01	9.634083e+16
1693	5.792136e+15	1.301412e+01	8.886935e+01	1.032995e+17
1694	5.792659e+15	1.322985e+01	9.067997e+01	1.027205e+17
1695	5.793172e+15	1.335717e+01	9.094029e+01	8.311198e+16
1696	5.793680e+15	1.279410e+01	8.975001e+01	1.139738e+17
1697	5.794189e+15	1.289789e+01	9.092967e+01	1.125594e+17
1698	5.794694e+15	1.250266e+01	8.773328e+01	6.087958e+16
1699	5.795212e+15	1.263367e+01	9.487120e+01	8.993284e+16
1700	5.795708e+15	1.216535e+01	9.077198e+01	7.482843e+16
1701	5.796198e+15	1.292371e+01	8.880474e+01	7.985551e+16
1702	5.796691e+15	1.393619e+01	9.521289e+01	5.631169e+16
1703	5.797154e+15	1.229291e+01	8.500900e+01	9.026967e+16
1704	5.797631e+15	1.286330e+01	8.892511e+01	7.628425e+16
1705	5.798103e+15	1.249378e+01	8.588277e+01	7.675398e+16
1706	5.798579e+15	1.217429e+01	8.393796e+01	9.008557e+16
1707	5.799067e+15	1.257891e+01	8.738001e+01	5.937014e+16
1708	5.799548e+15	1.280096e+01	8.571452e+01	5.664748e+16
1709	5.800024e+15	1.239599e+01	7.899027e+01	7.487012e+16
1710	5.800524e+15	1.371838e+01	8.311536e+01	7.446784e+16
1711	5.801027e+15	1.335430e+01	7.976740e+01	6.455928e+16
1712	5.801544e+15	1.449167e+01	8.823029e+01	1.135379e+17
1713	5.802027e+15	1.373197e+01	7.760434e+01	6.749031e+16
1714	5.802527e+15	1.529152e+01	8.220768e+01	5.213312e+16
1715	5.803018e+15	1.473825e+01	7.765651e+01	7.149546e+16
1716	5.803523e+15	1.435468e+01	8.261991e+01	8.156731e+16
1717	5.804018e+15	1.412697e+01	8.114596e+01	1.030361e+17
1718	5.804516e+15	1.268126e+01	8.008973e+01	7.090467e+16
1719	5.805021e+15	1.238352e+01	8.376322e+01	7.153435e+16
1720	5.805511e+15	1.132930e+01	7.802975e+01	7.792044e+16
1721	5.806018e+15	1.168307e+01	8.156574e+01	8.320634e+16
1722	5.806523e+15	1.218901e+01	8.848108e+01	8.583059e+16
1723	5.806993e+15	1.104917e+01	8.120942e+01	9.656750e+16
1724	5.807464e+15	1.044641e+01	7.863299e+01	5.842748e+16
1725	5.807950e+15	1.157181e+01	8.777804e+01	8.218069e+16
1726	5.808412e+15	1.056654e+01	8.227842e+01	1.074405e+17
1727	5.808881e+15	1.024233e+01	7.947557e+01	8.996036e+16
1728	5.809372e+15	1.098403e+01	8.497314e+01	7.799798e+16
1729	5.809857e+15	1.134918e+01	8.426710e+01	1.463349e+17
1730	5.810339e+15	1.141889e+01	8.477304e+01	5.034635e+16
1731	5.810819e+15	1.117515e+01	8.039738e+01	9.906000e+16
1732	5.811318e+15	1.210470e+01	8.483780e+01	9.689675e+16
1733	5.811815e+15	1.269778e+01	8.375078e+01	7.576854e+16
1734	5.812316e+15	1.253067e+01	8.110501e+01	6.872812e+16
1735	5.812836e+15	1.337043e+01	8.623279e+01	7.283395e+16
1736	5.813348e+15	1.375247e+01	8.549914e+01	1.220893e+17
1737	5.813861e+15	1.385317e+01	8.700257e+01	8.447696e+16
1738	5.814368e+15	1.385961e+01	8.369662e+01	1.125047e+17
1739	5.814885e+15	1.436883e+01	8.568083e+01	9.536283e+16
1740	5.815398e+15	1.486830e+01	8.511654e+01	6.727576e+16
1741	5.815910e+15	1.524779e+01	8.800716e+01	1.134614e+17
1742	5.816408e+15	1.455053e+01	8.818911e+01	1.544760e+17
1743	5.816890e+15	1.383001e+01	8.462106e+01	1.281592e+17
1744	5.817380e+15	1.360240e+01	8.325674e+01	8.168410e+16
1745	5.817884e+15	1.289379e+01	8.284599e+01	1.098943e+17
1746	5.818393e+15	1.317146e+01	8.399958e+01	1.074898e+17
1747	5.818901e+15	1.321925e+01	8.077728e+01	9.608837e+16
1748	5.819426e+15	1.412407e+01	8.528699e+01	7.826254e+16
1749	5.819943e+15	1.379489e+01	8.431171e+01	9.288329e+16
1750	5.820456e+15	1.441390e+01	8.762577e+01	9.721494e+16
1751	5.820951e+15	1.294698e+01	7.838059e+01	8.009704e+16
1752	5.821470e+15	1.409741e+01	8.674797e+01	8.938022e+16
1753	5.821971e+15	1.299804e+01	7.812677e+01	7.370727e+16
1754	5.822496e+15	1.380881e+01	8.492164e+01	7.277453e+16
1755	5.823016e+15	1.494151e+01	8.948376e+01	1.010981e+17
1756	5.823509e+15	1.327350e+01	7.896454e+01	7.085774e+16
1757	5.824024e+15	1.398062e+01	7.994455e+01	1.040406e+17
1758	5.824554e+15	1.402054e+01	8.056858e+01	7.651787e+16
1759	5.825094e+15	1.499457e+01	8.117945e+01	7.289505e+16
1760	5.825639e+15	1.661993e+01	8.604489e+01	8.591075e+16
1761	5.826161e+15	1.503112e+01	8.171254e+01	8.293981e+16
1762	5.826676e+15	1.415802e+01	7.986053e+01	6.660525e+16
1763	5.827190e+15	1.310513e+01	7.547874e+01	9.754816e+16
1764	5.827725e+15	1.327901e+01	8.005399e+01	9.839328e+16
1765	5.828251e+15	1.337995e+01	7.802938e+01	5.683611e+16
1766	5.828782e+15	1.395403e+01	7.901624e+01	7.002160e+16
1767	5.829314e+15	1.384780e+01	8.179789e+01	6.720759e+16
1768	5.829836e+15	1.384878e+01	7.784046e+01	4.714378e+16
1769	5.830372e+15	1.418545e+01	7.740949e+01	7.600905e+16
1770	5.830924e+15	1.499923e+01	7.935912e+01	9.691637e+16
1771	5.831479e+15	1.653571e+01	8.748613e+01	5.082346e+16
1772	5.831993e+15	1.478037e+01	7.747958e+01	8.258723e+16
1773	5.832516e+15	1.603145e+01	8.172281e+01	5.935519e+16
1774	5.833029e+15	1.506678e+01	7.704543e+01	7.043605e+16
1775	5.833553e+15	1.513107e+01	8.037723e+01	7.058750e+16
1776	5.834063e+15	1.511535e+01	7.965731e+01	6.220929e+16
1777	5.834563e+15	1.499162e+01	8.129682e+01	8.028936e+16
1778	5.835047e+15	1.341334e+01	7.319613e+01	4.473946e+16
1779	5.835555e+15	1.373880e+01	7.733653e+01	7.109810e+16
1780	5.836057e+15	1.331666e+01	7.675547e+01	5.461791e+16
1781	5.836552e+15	1.236035e+01	7.621068e+01	1.126283e+17
1782	5.837040e+15	1.342053e+01	7.769570e+01	5.376736e+16
1783	5.837519e+15	1.394892e+01	7.542891e+01	5.458614e+16
1784	5.838004e+15	1.392367e+01	7.402818e+01	7.031866e+16
1785	5.838498e+15	1.526400e+01	7.887007e+01	6.905551e+16
1786	5.838981e+15	1.482212e+01	7.457484e+01	4.059698e+16
1787	5.839475e+15	1.380798e+01	6.987817e+01	7.679485e+16
1788	5.839997e+15	1.455334e+01	7.396510e+01	5.412039e+16
1789	5.840516e+15	1.457286e+01	7.421095e+01	3.705331e+16
1790	5.841025e+15	1.468394e+01	7.379395e+01	4.695223e+16
1791	5.841528e+15	1.523310e+01	7.560959e+01	8.755596e+16
1792	5.842015e+15	1.491558e+01	7.196919e+01	8.369051e+16
1793	5.842507e+15	1.435717e+01	6.878530e+01	4.515888e+16
1794	5.843021e+15	1.512187e+01	7.227140e+01	8.573220e+16
1795	5.843530e+15	1.550269e+01	7.198200e+01	7.870037e+16
1796	5.844038e+15	1.533152e+01	7.048047e+01	5.035120e+16
1797	5.844556e+15	1.472863e+01	6.815238e+01	6.700215e+16
1798	5.845088e+15	1.578560e+01	7.336165e+01	5.795586e+16
1799	5.845606e+15	1.420880e+01	6.676132e+01	5.561235e+16
1800	5.846143e+15	1.735124e+01	7.892639e+01	7.220280e+16
1801	5.846626e+15	1.236629e+01	5.554254e+01	5.684533e+16
1802	5.847188e+15	1.594425e+01	7.297533e+01	8.562525e+16
1803	5.847712e+15	1.592861e+01	6.976964e+01	4.927933e+16
1804	5.848219e+15	1.548575e+01	6.858520e+01	5.891355e+16
1805	5.848720e+15	1.457419e+01	6.549419e+01	5.093436e+16
1806	5.849233e+15	1.401619e+01	6.224870e+01	9.194387e+16
1807	5.849772e+15	1.619815e+01	7.247199e+01	8.260197e+16
1808	5.850275e+15	1.451024e+01	6.423688e+01	6.883901e+16
1809	5.850786e+15	1.547418e+01	7.145957e+01	4.901434e+16
1810	5.851264e+15	1.330719e+01	6.287170e+01	5.435976e+16
1811	5.851749e+15	1.412706e+01	6.826005e+01	4.590643e+16
1812	5.852218e+15	1.311427e+01	6.361565e+01	6.713327e+16
1813	5.852690e+15	1.236458e+01	5.919552e+01	5.669008e+16
1814	5.853188e+15	1.337853e+01	6.481329e+01	4.969568e+16
1815	5.853674e+15	1.123225e+01	5.532841e+01	2.755472e+16
1816	5.854195e+15	1.270761e+01	6.302187e+01	3.225803e+16
1817	5.854703e+15	1.265483e+01	6.117640e+01	3.213372e+16
1818	5.855211e+15	1.376743e+01	6.408485e+01	4.292022e+16
1819	5.855706e+15	1.478629e+01	6.110834e+01	4.220123e+16
1820	5.856207e+15	1.425821e+01	5.800112e+01	4.539993e+16
1821	5.856734e+15	1.392728e+01	5.831967e+01	4.861531e+16
1822	5.857280e+15	1.495473e+01	6.376578e+01	5.812783e+16
1823	5.857808e+15	1.523907e+01	6.326066e+01	8.728676e+16
1824	5.858322e+15	1.552702e+01	6.354962e+01	3.379249e+16
1825	5.858821e+15	1.556193e+01	6.171947e+01	8.027551e+16
1826	5.859317e+15	1.577236e+01	6.060923e+01	6.522698e+16
1827	5.859819e+15	1.650504e+01	6.595611e+01	4.535273e+16
1828	5.860301e+15	1.492796e+01	6.381232e+01	5.426779e+16
1829	5.860782e+15	1.355737e+01	5.995148e+01	8.286023e+16
1830	5.861284e+15	1.366161e+01	6.213123e+01	7.758970e+16
1831	5.861793e+15	1.533863e+01	6.579224e+01	5.065271e+16
1832	5.862282e+15	1.410426e+01	5.850312e+01	7.274584e+16
1833	5.862795e+15	1.627412e+01	6.666113e+01	6.682873e+16
1834	5.863275e+15	1.403300e+01	5.784414e+01	5.361809e+16
1835	5.863779e+15	1.471765e+01	6.365099e+01	7.366323e+16
1836	5.864272e+15	1.469699e+01	6.051723e+01	5.138434e+16
1837	5.864773e+15	1.594266e+01	6.614858e+01	5.350248e+16
1838	5.865252e+15	1.625585e+01	6.752147e+01	5.485246e+16
1839	5.865708e+15	1.486744e+01	6.575586e+01	7.715807e+16
1840	5.866157e+15	1.258036e+01	5.641846e+01	3.872017e+16
1841	5.866655e+15	1.328845e+01	6.324617e+01	5.869350e+16
1842	5.867152e+15	1.393884e+01	6.774078e+01	6.078503e+16
1843	5.867621e+15	1.341350e+01	6.264110e+01	6.586911e+16
1844	5.868102e+15	1.453658e+01	6.819102e+01	5.515741e+16
1845	5.868562e+15	1.296831e+01	5.879422e+01	5.623414e+16
1846	5.869056e+15	1.584802e+01	6.645332e+01	8.095408e+16
1847	5.869538e+15	1.553720e+01	6.622093e+01	5.472141e+16
1848	5.870014e+15	1.547432e+01	6.765614e+01	4.958273e+16
1849	5.870481e+15	1.516095e+01	6.385668e+01	1.092874e+17
1850	5.870963e+15	1.449229e+01	6.034012e+01	4.345078e+16
1851	5.871470e+15	1.601820e+01	6.644051e+01	7.723308e+16
1852	5.871960e+15	1.500662e+01	6.159220e+01	8.419486e+16
1853	5.872466e+15	1.710297e+01	7.281349e+01	6.006099e+16
1854	5.872925e+15	1.289704e+01	5.590381e+01	6.584859e+16
1855	5.873446e+15	1.588652e+01	6.757933e+01	9.550107e+16
1856	5.873947e+15	1.509215e+01	6.488478e+01	7.864018e+16
1857	5.874448e+15	1.400528e+01	6.140903e+01	6.364573e+16
1858	5.874973e+15	1.440586e+01	6.449507e+01	7.409068e+16
1859	5.875495e+15	1.260970e+01	5.721654e+01	7.914665e+16
1860	5.876055e+15	1.589798e+01	7.193036e+01	7.110309e+16
1861	5.876555e+15	1.345003e+01	5.581970e+01	5.095243e+16
1862	5.877098e+15	1.529569e+01	6.472942e+01	6.639795e+16
1863	5.877626e+15	1.415485e+01	6.172842e+01	8.625826e+16
1864	5.878160e+15	1.464985e+01	6.552069e+01	1.034035e+17
1865	5.878678e+15	1.710852e+01	7.443790e+01	8.052012e+16
1866	5.879138e+15	1.494922e+01	6.175835e+01	5.212880e+16
1867	5.879617e+15	1.496986e+01	6.202870e+01	8.687103e+16
1868	5.880102e+15	1.390244e+01	6.015683e+01	9.078478e+16
1869	5.880602e+15	1.333306e+01	5.879386e+01	8.078282e+16
1870	5.881118e+15	1.354784e+01	5.851270e+01	6.169890e+16
1871	5.881648e+15	1.433372e+01	6.221157e+01	8.365880e+16
1872	5.882168e+15	1.412520e+01	6.253751e+01	7.599561e+16
1873	5.882677e+15	1.378517e+01	6.213223e+01	7.668952e+16
1874	5.883180e+15	1.241599e+01	5.812326e+01	7.587704e+16
1875	5.883707e+15	1.382141e+01	6.297922e+01	6.836496e+16
1876	5.884219e+15	1.376319e+01	6.006844e+01	8.393116e+16
1877	5.884739e+15	1.407665e+01	6.180683e+01	5.974408e+16
1878	5.885261e+15	1.276275e+01	5.706386e+01	5.680144e+16
1879	5.885815e+15	1.459684e+01	6.330097e+01	7.859165e+16
1880	5.886354e+15	1.415343e+01	6.017927e+01	3.377240e+16
1881	5.886904e+15	1.445232e+01	6.092614e+01	9.518326e+16
1882	5.887468e+15	1.490402e+01	6.762343e+01	5.975085e+16
1883	5.888008e+15	1.401818e+01	6.297421e+01	5.836143e+16
1884	5.888556e+15	1.535190e+01	7.101186e+01	8.118081e+16
1885	5.889063e+15	1.348453e+01	6.078554e+01	6.778348e+16
1886	5.889593e+15	1.386615e+01	6.334143e+01	7.989145e+16
1887	5.890123e+15	1.356841e+01	6.845546e+01	8.254790e+16
1888	5.890626e+15	1.230408e+01	6.501490e+01	7.086040e+16
1889	5.891127e+15	1.212414e+01	6.549208e+01	6.988475e+16
1890	5.891621e+15	1.289806e+01	6.769945e+01	7.342684e+16
1891	5.892102e+15	1.255428e+01	6.677582e+01	9.304673e+16
1892	5.892578e+15	1.262532e+01	6.719560e+01	4.325299e+16
1893	5.893048e+15	1.240276e+01	6.851002e+01	8.326024e+16
1894	5.893511e+15	1.135089e+01	6.411899e+01	7.284838e+16
1895	5.893981e+15	1.098684e+01	6.446399e+01	5.902030e+16
1896	5.894456e+15	1.116521e+01	6.468933e+01	6.965637e+16
1897	5.894936e+15	1.200298e+01	6.664924e+01	5.111360e+16
1898	5.895408e+15	1.257530e+01	6.661574e+01	5.644764e+16
1899	5.895871e+15	1.302381e+01	6.217345e+01	6.377841e+16
1900	5.896350e+15	1.447848e+01	6.683920e+01	6.583898e+16
1901	5.896814e+15	1.270426e+01	5.775523e+01	4.018388e+16
1902	5.897313e+15	1.435705e+01	6.291664e+01	5.984026e+16
1903	5.897808e+15	1.348848e+01	5.846462e+01	7.098362e+16
1904	5.898317e+15	1.578391e+01	6.855625e+01	4.657196e+16
1905	5.898779e+15	1.307924e+01	5.814289e+01	4.267975e+16
1906	5.899253e+15	1.232911e+01	5.650427e+01	7.842638e+16
1907	5.899744e+15	1.104056e+01	5.605468e+01	6.596648e+16
1908	5.900251e+15	1.239483e+01	6.388936e+01	7.302953e+16
1909	5.900738e+15	1.266707e+01	6.468423e+01	8.760724e+16
1910	5.901198e+15	1.091065e+01	5.882379e+01	6.099237e+16
1911	5.901664e+15	1.077205e+01	5.897562e+01	5.217466e+16
1912	5.902129e+15	1.039010e+01	5.319417e+01	7.542082e+16
1913	5.902631e+15	1.154708e+01	6.241167e+01	4.700393e+16
1914	5.903108e+15	1.177234e+01	6.248042e+01	7.413650e+16
1915	5.903561e+15	1.193144e+01	6.275370e+01	5.972757e+16
1916	5.904000e+15	1.022249e+01	5.572345e+01	4.207362e+16
1917	5.904472e+15	1.173196e+01	6.386989e+01	8.878961e+16
1918	5.904931e+15	1.080268e+01	5.691443e+01	9.022870e+16
1919	5.905415e+15	1.207150e+01	6.350905e+01	6.432180e+16
1920	5.905878e+15	1.176707e+01	5.871970e+01	6.466508e+16
1921	5.906352e+15	1.245768e+01	6.429691e+01	1.073787e+17
1922	5.906812e+15	1.124644e+01	6.143269e+01	6.700811e+16
1923	5.907280e+15	1.135323e+01	6.139764e+01	6.389829e+16
1924	5.907757e+15	1.208663e+01	6.315392e+01	9.400687e+16
1925	5.908231e+15	1.179382e+01	6.049437e+01	6.302278e+16
1926	5.908718e+15	1.255261e+01	6.370525e+01	5.214584e+16
1927	5.909205e+15	1.257292e+01	6.097198e+01	5.559636e+16
1928	5.909708e+15	1.348524e+01	6.623958e+01	9.137671e+16
1929	5.910191e+15	1.265170e+01	6.358783e+01	6.696435e+16
1930	5.910682e+15	1.205677e+01	6.174575e+01	8.034905e+16
1931	5.911193e+15	1.294053e+01	6.892133e+01	7.611206e+16
1932	5.911682e+15	9.818380e+00	5.504584e+01	7.688405e+16
1933	5.912228e+15	1.103804e+01	6.160978e+01	7.273405e+16
1934	5.912772e+15	1.122679e+01	6.255727e+01	7.023028e+16
1935	5.913308e+15	1.239070e+01	7.193023e+01	6.642716e+16
1936	5.913785e+15	1.008148e+01	6.801770e+01	8.498994e+16
1937	5.914235e+15	9.167576e+00	6.214098e+01	6.601058e+16
1938	5.914685e+15	9.388937e+00	6.344587e+01	7.388356e+16
1939	5.915132e+15	9.100958e+00	5.936698e+01	5.719688e+16
1940	5.915590e+15	9.709986e+00	5.816615e+01	5.282456e+16
1941	5.916063e+15	9.421970e+00	5.628373e+01	5.917523e+16
1942	5.916563e+15	9.929148e+00	6.260467e+01	7.561773e+16
1943	5.917045e+15	9.822312e+00	5.768370e+01	6.460597e+16
1944	5.917542e+15	1.019869e+01	6.164716e+01	5.355964e+16
1945	5.918025e+15	1.108592e+01	6.618687e+01	8.787480e+16
1946	5.918477e+15	8.867217e+00	4.979303e+01	8.986592e+16
1947	5.919006e+15	1.045824e+01	6.370017e+01	9.137638e+16
1948	5.919515e+15	9.214995e+00	6.078650e+01	8.326825e+16
1949	5.920021e+15	9.839415e+00	6.497683e+01	4.001705e+16
1950	5.920501e+15	1.044004e+01	6.275567e+01	7.180498e+16
1951	5.920968e+15	1.051022e+01	5.791441e+01	8.130801e+16
1952	5.921443e+15	1.028241e+01	5.804870e+01	7.873591e+16
1953	5.921921e+15	1.041460e+01	6.145938e+01	4.287318e+16
1954	5.922390e+15	1.017382e+01	6.409447e+01	6.109726e+16
1955	5.922840e+15	1.058866e+01	6.089468e+01	6.534516e+16
1956	5.923293e+15	1.153709e+01	6.229093e+01	6.748869e+16
1957	5.923742e+15	1.204302e+01	6.213461e+01	6.880886e+16
1958	5.924191e+15	1.154414e+01	5.985975e+01	6.031468e+16
1959	5.924650e+15	1.235719e+01	6.398626e+01	1.039628e+17
1960	5.925096e+15	1.225390e+01	6.209963e+01	6.141583e+16
1961	5.925541e+15	1.244442e+01	5.924051e+01	3.619279e+16
1962	5.926003e+15	1.246125e+01	5.998879e+01	6.910400e+16
1963	5.926470e+15	1.164088e+01	5.819573e+01	4.906525e+16
1964	5.926953e+15	1.102217e+01	5.743392e+01	6.850067e+16
1965	5.927454e+15	1.238193e+01	6.016459e+01	6.007969e+16
1966	5.927948e+15	1.289305e+01	5.600159e+01	4.615198e+16
1967	5.928466e+15	1.311352e+01	5.986838e+01	9.822851e+16
1968	5.928985e+15	1.304818e+01	6.197488e+01	9.369261e+16
1969	5.929493e+15	1.265174e+01	6.177072e+01	5.951763e+16
1970	5.929992e+15	1.349426e+01	6.712944e+01	6.831489e+16
1971	5.930452e+15	1.076566e+01	5.278412e+01	7.134003e+16
1972	5.930963e+15	1.362303e+01	6.541479e+01	5.641031e+16
1973	5.931442e+15	1.280913e+01	6.464214e+01	7.812195e+16
1974	5.931894e+15	1.085591e+01	5.932752e+01	5.746028e+16
1975	5.932354e+15	1.019397e+01	6.017028e+01	7.075455e+16
1976	5.932826e+15	9.844994e+00	6.147698e+01	7.121373e+16
1977	5.933293e+15	1.067412e+01	6.725686e+01	6.883334e+16
1978	5.933715e+15	9.628758e+00	5.883585e+01	8.651229e+16
1979	5.934151e+15	1.047015e+01	5.488567e+01	5.090689e+16
1980	5.934620e+15	1.217601e+01	6.004039e+01	7.403318e+16
1981	5.935080e+15	1.226160e+01	6.074278e+01	5.850759e+16
1982	5.935524e+15	1.177597e+01	5.745048e+01	6.286211e+16
1983	5.935967e+15	1.146915e+01	5.194412e+01	2.721590e+16
1984	5.936437e+15	1.214081e+01	5.498984e+01	5.183690e+16
1985	5.936911e+15	1.262393e+01	5.904822e+01	7.065706e+16
1986	5.937361e+15	1.108487e+01	5.335310e+01	5.387503e+16
1987	5.937827e+15	1.137023e+01	5.690519e+01	5.121372e+16
1988	5.938285e+15	1.147812e+01	5.548206e+01	5.448985e+16
1989	5.938740e+15	1.134177e+01	5.263520e+01	6.585626e+16
1990	5.939207e+15	1.212022e+01	5.843888e+01	7.705214e+16
1991	5.939653e+15	1.228725e+01	5.959604e+01	3.765134e+16
1992	5.940079e+15	1.015290e+01	4.867431e+01	4.213605e+16
1993	5.940555e+15	1.183313e+01	5.705945e+01	3.477692e+16
1994	5.941026e+15	1.133024e+01	5.619459e+01	6.079044e+16
1995	5.941499e+15	1.193982e+01	5.809436e+01	5.112381e+16
1996	5.941960e+15	1.227796e+01	5.873231e+01	3.840336e+16
1997	5.942403e+15	1.124439e+01	5.613735e+01	4.923796e+16
1998	5.942848e+15	9.712781e+00	5.044956e+01	5.422143e+16
1999	5.943337e+15	1.212745e+01	6.433148e+01	6.359158e+16
2000	5.943789e+15	1.001833e+01	5.706230e+01	4.543168e+16
2001	5.944247e+15	1.189552e+01	6.470497e+01	4.631170e+16
2002	5.944670e+15	1.088397e+01	5.534465e+01	4.895000e+16
2003	5.945111e+15	1.102676e+01	5.420365e+01	6.471246e+16
2004	5.945569e+15	1.187515e+01	5.872100e+01	5.497099e+16
2005	5.946021e+15	1.185997e+01	5.781409e+01	5.111984e+16
2006	5.946472e+15	1.178584e+01	5.554182e+01	7.534514e+16
2007	5.946938e+15	1.268330e+01	5.876270e+01	4.831496e+16
2008	5.947389e+15	1.242523e+01	5.711598e+01	6.550872e+16
2009	5.947841e+15	1.121977e+01	5.190813e+01	5.822460e+16
2010	5.948326e+15	1.112073e+01	5.462591e+01	5.154471e+16
2011	5.948814e+15	1.151855e+01	5.399520e+01	3.887539e+16
2012	5.949307e+15	1.168673e+01	5.567883e+01	6.863749e+16
2013	5.949793e+15	1.065986e+01	5.038793e+01	6.224339e+16
2014	5.950304e+15	1.145084e+01	5.587476e+01	5.918708e+16
2015	5.950809e+15	1.165805e+01	5.509016e+01	7.135441e+16
2016	5.951318e+15	1.170127e+01	5.605514e+01	5.571606e+16
2017	5.951819e+15	1.194268e+01	5.694686e+01	7.934689e+16
2018	5.952308e+15	1.142730e+01	5.472817e+01	6.027639e+16
2019	5.952800e+15	1.047866e+01	5.197069e+01	4.926574e+16
2020	5.953309e+15	1.122959e+01	5.410990e+01	6.615705e+16
2021	5.953820e+15	1.107923e+01	5.448530e+01	3.895560e+16
2022	5.954328e+15	9.554291e+00	5.205067e+01	7.324940e+16
2023	5.954843e+15	1.074817e+01	5.585521e+01	5.743928e+16
2024	5.955342e+15	1.111741e+01	5.909200e+01	5.144453e+16
2025	5.955805e+15	1.041590e+01	5.402399e+01	5.631434e+16
2026	5.956263e+15	9.873533e+00	4.947309e+01	5.460451e+16
2027	5.956753e+15	9.365590e+00	5.305176e+01	6.197155e+16
2028	5.957256e+15	9.831352e+00	5.721326e+01	3.749795e+16
2029	5.957740e+15	1.050275e+01	5.834442e+01	9.783806e+16
2030	5.958198e+15	1.012198e+01	5.511328e+01	3.565318e+16
2031	5.958641e+15	8.772619e+00	4.761444e+01	4.633048e+16
2032	5.959115e+15	9.152545e+00	5.200055e+01	4.371787e+16
2033	5.959583e+15	9.191801e+00	4.920725e+01	7.192951e+16
2034	5.960073e+15	8.742180e+00	4.352454e+01	5.447113e+16
2035	5.960628e+15	1.134914e+01	5.381282e+01	6.862822e+16
2036	5.961159e+15	9.716143e+00	4.896521e+01	4.854813e+16
2037	5.961708e+15	9.642806e+00	4.996860e+01	7.985547e+16
2038	5.962271e+15	9.927620e+00	5.802633e+01	1.175790e+17
2039	5.962819e+15	9.472611e+00	5.994675e+01	6.348583e+16
2040	5.963359e+15	9.194851e+00	6.009706e+01	9.172848e+16
2041	5.963911e+15	8.339616e+00	5.664641e+01	8.958430e+16
2042	5.964522e+15	1.037452e+01	7.871620e+01	1.121225e+17
2043	5.965070e+15	8.396535e+00	6.088038e+01	8.338360e+16
2044	5.965696e+15	9.628740e+00	6.832673e+01	9.968696e+16
2045	5.966352e+15	1.185494e+01	8.277967e+01	6.874923e+16
2046	5.966937e+15	1.251218e+01	7.676728e+01	6.654134e+16
2047	5.967492e+15	1.326709e+01	8.194440e+01	3.935777e+16
2048	5.968002e+15	1.177771e+01	6.680137e+01	6.144585e+16
2049	5.968555e+15	1.310531e+01	7.245484e+01	4.083558e+16
2050	5.969115e+15	1.390834e+01	7.557162e+01	6.321707e+16
2051	5.969665e+15	1.518063e+01	7.717816e+01	5.480295e+16
2052	5.970196e+15	1.448303e+01	6.345004e+01	8.366358e+16
2053	5.970798e+15	1.995085e+01	8.387650e+01	7.862445e+16
2054	5.971346e+15	1.908839e+01	7.205133e+01	7.619501e+16
2055	5.971893e+15	2.125749e+01	7.510466e+01	3.868957e+16
2056	5.972403e+15	1.960445e+01	6.293306e+01	3.883399e+16
2057	5.972932e+15	2.141914e+01	6.754726e+01	1.940015e+16
2058	5.973453e+15	2.107588e+01	6.303195e+01	6.678556e+16
2059	5.973978e+15	1.998376e+01	6.031185e+01	5.745979e+16
2060	5.974519e+15	2.268340e+01	6.863227e+01	7.978698e+16
2061	5.975028e+15	2.009014e+01	5.837149e+01	6.643653e+16
2062	5.975571e+15	2.086987e+01	6.283723e+01	9.461840e+16
2063	5.976117e+15	2.104265e+01	6.481565e+01	1.069816e+17
2064	5.976651e+15	1.937699e+01	5.863278e+01	8.826039e+16
2065	5.977211e+15	2.366209e+01	6.918213e+01	8.915314e+16
2066	5.977717e+15	2.247784e+01	6.408586e+01	8.021002e+16
2067	5.978198e+15	2.036822e+01	5.684058e+01	5.357751e+16
2068	5.978692e+15	2.138931e+01	6.058110e+01	5.450693e+16
2069	5.979180e+15	2.097899e+01	6.073371e+01	7.796940e+16
2070	5.979662e+15	1.995924e+01	5.733022e+01	7.893041e+16
2071	5.980145e+15	1.795822e+01	5.243628e+01	6.533046e+16
2072	5.980658e+15	1.803007e+01	5.298637e+01	7.293985e+16
2073	5.981181e+15	1.877660e+01	5.524049e+01	3.766079e+16
2074	5.981697e+15	1.929155e+01	5.795588e+01	6.176488e+16
2075	5.982188e+15	1.876357e+01	5.855450e+01	8.844326e+16
2076	5.982654e+15	1.638048e+01	5.265519e+01	5.896414e+16
2077	5.983131e+15	1.743273e+01	5.649134e+01	4.765320e+16
2078	5.983589e+15	1.445224e+01	4.992003e+01	7.705663e+16
2079	5.984072e+15	1.581468e+01	5.264581e+01	1.997483e+16
2080	5.984552e+15	1.493929e+01	5.105990e+01	5.295279e+16
2081	5.985035e+15	1.355025e+01	4.736537e+01	7.921042e+16
2082	5.985550e+15	1.547246e+01	5.049175e+01	5.027798e+16
2083	5.986056e+15	1.587225e+01	5.387269e+01	6.427087e+16
2084	5.986539e+15	1.380242e+01	4.838596e+01	3.323459e+16
2085	5.987037e+15	1.479857e+01	5.031023e+01	7.170235e+16
2086	5.987534e+15	1.315313e+01	4.462487e+01	7.497782e+16
2087	5.988076e+15	1.535147e+01	5.018065e+01	5.306747e+16
2088	5.988608e+15	1.832871e+01	5.665165e+01	5.833980e+16
2089	5.989091e+15	1.500530e+01	4.535444e+01	3.751093e+16
2090	5.989625e+15	1.705201e+01	4.892793e+01	6.330458e+16
2091	5.990163e+15	1.711652e+01	4.968569e+01	7.280158e+16
2092	5.990694e+15	1.661488e+01	4.964196e+01	6.426469e+16
2093	5.991222e+15	1.830926e+01	5.400960e+01	3.216156e+16
2094	5.991712e+15	1.719490e+01	5.072280e+01	5.883498e+16
2095	5.992196e+15	1.530982e+01	4.672783e+01	3.930053e+16
2096	5.992715e+15	1.685149e+01	5.446435e+01	6.006441e+16
2097	5.993197e+15	1.696312e+01	5.536632e+01	5.594171e+16
2098	5.993644e+15	1.601779e+01	5.080688e+01	4.726669e+16
2099	5.994096e+15	1.598709e+01	5.143434e+01	3.174986e+16
2100	5.994548e+15	1.498614e+01	4.868768e+01	6.621129e+16
2101	5.995016e+15	1.485383e+01	4.866946e+01	5.482101e+16
2102	5.995493e+15	1.465840e+01	4.932746e+01	9.743656e+16
2103	5.995972e+15	1.456468e+01	4.633403e+01	3.845397e+16
2104	5.996473e+15	1.505529e+01	4.980608e+01	3.248089e+16
2105	5.996970e+15	1.401563e+01	4.694433e+01	6.385405e+16
2106	5.997490e+15	1.707487e+01	5.545560e+01	6.719056e+16
2107	5.997970e+15	1.525791e+01	5.138959e+01	5.122889e+16
2108	5.998439e+15	1.335357e+01	4.528532e+01	7.604186e+16
2109	5.998941e+15	1.488695e+01	5.113387e+01	6.240722e+16
2110	5.999433e+15	1.422041e+01	5.195712e+01	5.500397e+16
2111	5.999903e+15	1.441562e+01	5.219756e+01	5.927519e+16
2112	6.000347e+15	1.296403e+01	4.462996e+01	5.196056e+16
2113	6.000819e+15	1.449615e+01	4.828019e+01	4.135084e+16
2114	6.001290e+15	1.559176e+01	5.097920e+01	5.304526e+16
2115	6.001735e+15	1.346027e+01	4.333884e+01	5.239445e+16
2116	6.002213e+15	1.670537e+01	5.042324e+01	7.905724e+16
2117	6.002675e+15	1.543655e+01	4.587932e+01	4.960969e+16
2118	6.003159e+15	1.570210e+01	4.767228e+01	5.307313e+16
2119	6.003650e+15	1.492613e+01	4.756143e+01	6.188875e+16
2120	6.004141e+15	1.548504e+01	5.119937e+01	3.908240e+16
2121	6.004604e+15	1.410965e+01	4.728734e+01	6.487278e+16
2122	6.005072e+15	1.418241e+01	4.688456e+01	3.989923e+16
2123	6.005548e+15	1.531853e+01	4.976916e+01	7.266070e+16
2124	6.006015e+15	1.393232e+01	4.626852e+01	7.218930e+16
2125	6.006500e+15	1.500058e+01	4.880566e+01	6.603342e+16
2126	6.006987e+15	1.512882e+01	4.887197e+01	7.506501e+16
2127	6.007481e+15	1.597235e+01	4.965429e+01	4.198588e+16
2128	6.007975e+15	1.670913e+01	5.140883e+01	7.162801e+16
2129	6.008460e+15	1.667523e+01	5.216195e+01	4.657843e+16
2130	6.008932e+15	1.582749e+01	5.101728e+01	3.278318e+16
2131	6.009400e+15	1.580865e+01	5.250091e+01	7.746152e+16
2132	6.009856e+15	1.540508e+01	5.218323e+01	7.244678e+16
2133	6.010303e+15	1.454756e+01	5.035324e+01	5.990455e+16
2134	6.010751e+15	1.449438e+01	5.177241e+01	5.921638e+16
2135	6.011192e+15	1.345983e+01	4.940912e+01	8.178384e+16
2136	6.011643e+15	1.271042e+01	4.943359e+01	8.440031e+16
2137	6.012106e+15	1.238055e+01	5.118805e+01	6.713881e+16
2138	6.012570e+15	1.172791e+01	5.023047e+01	7.464545e+16
2139	6.013046e+15	1.193282e+01	5.046260e+01	1.448253e+17
2140	6.013528e+15	1.271084e+01	5.100911e+01	1.350738e+17
2141	6.014010e+15	1.308721e+01	5.323610e+01	8.665538e+16
2142	6.014487e+15	1.464217e+01	5.853141e+01	9.408685e+16
2143	6.014933e+15	1.297103e+01	4.979791e+01	6.622955e+16
2144	6.015409e+15	1.226921e+01	4.819941e+01	5.396953e+16
2145	6.015921e+15	1.522571e+01	5.515384e+01	4.979200e+16
2146	6.016412e+15	1.556255e+01	5.317726e+01	5.127124e+16
2147	6.016898e+15	1.456008e+01	5.052174e+01	6.195738e+16
2148	6.017396e+15	1.374151e+01	5.090831e+01	5.794869e+16
2149	6.017899e+15	1.560749e+01	5.636214e+01	5.694292e+16
2150	6.018367e+15	1.479594e+01	5.297039e+01	6.107107e+16
2151	6.018830e+15	1.452902e+01	5.365393e+01	6.430056e+16
2152	6.019287e+15	1.474995e+01	5.370686e+01	5.493772e+16
2153	6.019744e+15	1.418986e+01	5.297616e+01	5.748456e+16
2154	6.020211e+15	1.525664e+01	5.938601e+01	6.668771e+16
2155	6.020649e+15	1.322857e+01	4.978942e+01	2.603649e+16
2156	6.021120e+15	1.444358e+01	5.395368e+01	7.173312e+16
2157	6.021593e+15	1.505166e+01	5.838318e+01	5.727037e+16
2158	6.022046e+15	1.363041e+01	5.204634e+01	4.357491e+16
2159	6.022523e+15	1.488391e+01	5.423839e+01	2.374838e+16
2160	6.022998e+15	1.414069e+01	5.091831e+01	3.121869e+16
2161	6.023493e+15	1.707262e+01	6.017614e+01	5.172845e+16
2162	6.023948e+15	1.521767e+01	5.180384e+01	4.026981e+16
2163	6.024419e+15	1.577631e+01	5.650579e+01	3.819822e+16
2164	6.024862e+15	1.581826e+01	5.442020e+01	3.256297e+16
2165	6.025299e+15	1.609378e+01	5.456048e+01	3.777477e+16
2166	6.025729e+15	1.379412e+01	4.661423e+01	2.690691e+16
2167	6.026205e+15	1.469343e+01	4.954901e+01	4.857479e+16
2168	6.026693e+15	1.618812e+01	5.382247e+01	4.600309e+16
2169	6.027156e+15	1.512759e+01	5.121661e+01	5.244921e+16
2170	6.027626e+15	1.391357e+01	4.894795e+01	8.089827e+16
2171	6.028126e+15	1.473212e+01	5.375568e+01	3.659461e+16
2172	6.028611e+15	1.307797e+01	5.227562e+01	1.021418e+17
2173	6.029091e+15	1.215883e+01	5.101703e+01	5.796748e+16
2174	6.029577e+15	1.247943e+01	5.242694e+01	1.230187e+17
2175	6.030062e+15	1.181990e+01	4.849034e+01	9.424560e+16
2176	6.030566e+15	1.181013e+01	4.627655e+01	6.130022e+16
2177	6.031099e+15	1.310232e+01	4.697646e+01	5.701825e+16
2178	6.031644e+15	1.357553e+01	4.702100e+01	7.612977e+16
2179	6.032182e+15	1.594649e+01	5.369887e+01	5.859845e+16
2180	6.032658e+15	1.306180e+01	4.492256e+01	3.649755e+16
2181	6.033145e+15	1.251511e+01	4.432299e+01	5.068948e+16
2182	6.033640e+15	1.326193e+01	4.594817e+01	6.184365e+16
2183	6.034129e+15	1.302393e+01	4.466394e+01	7.674334e+16
2184	6.034623e+15	1.325207e+01	4.697392e+01	1.068460e+17
2185	6.035101e+15	1.215663e+01	4.597707e+01	4.359192e+16
2186	6.035571e+15	1.201218e+01	4.543303e+01	3.918123e+16
2187	6.036038e+15	1.221154e+01	4.431016e+01	6.315868e+16
2188	6.036520e+15	1.352403e+01	4.696998e+01	5.751885e+16
2189	6.037002e+15	1.419720e+01	4.863525e+01	6.043687e+16
2190	6.037469e+15	1.366182e+01	4.760198e+01	6.927815e+16
2191	6.037934e+15	1.354132e+01	4.966978e+01	6.546055e+16
2192	6.038382e+15	1.140302e+01	4.699644e+01	6.249912e+16
2193	6.038834e+15	1.161606e+01	4.988095e+01	6.431563e+16
2194	6.039273e+15	1.035612e+01	4.535688e+01	6.650074e+16
2195	6.039730e+15	1.138620e+01	4.805084e+01	5.021050e+16
2196	6.040184e+15	1.149201e+01	4.786261e+01	4.143682e+16
2197	6.040637e+15	1.141783e+01	4.616639e+01	5.953575e+16
2198	6.041107e+15	1.182080e+01	4.839110e+01	5.486861e+16
2199	6.041574e+15	1.173032e+01	4.649200e+01	3.713402e+16
2200	6.042051e+15	1.248615e+01	4.644801e+01	7.514827e+16
2201	6.042533e+15	1.204870e+01	4.468042e+01	5.835760e+16
2202	6.043033e+15	1.252380e+01	4.751341e+01	5.508885e+16
2203	6.043526e+15	1.230066e+01	4.620895e+01	5.955355e+16
2204	6.044027e+15	1.257456e+01	4.861600e+01	4.749655e+16
2205	6.044515e+15	1.263818e+01	4.809067e+01	7.395040e+16
2206	6.045000e+15	1.255985e+01	4.483486e+01	4.887165e+16
2207	6.045507e+15	1.297480e+01	4.810616e+01	5.241752e+16
2208	6.046006e+15	1.149032e+01	4.658959e+01	4.654089e+16
2209	6.046503e+15	1.261482e+01	4.911573e+01	6.192333e+16
2210	6.046984e+15	1.379938e+01	4.860682e+01	1.217501e+17
2211	6.047481e+15	1.272652e+01	5.057710e+01	8.757662e+16
2212	6.047990e+15	1.437799e+01	5.544792e+01	1.185835e+17
2213	6.048479e+15	1.449774e+01	5.258191e+01	9.316834e+16
2214	6.048967e+15	1.240540e+01	5.004206e+01	7.536579e+16
2215	6.049455e+15	1.111623e+01	4.937621e+01	8.505529e+16
2216	6.049938e+15	1.071245e+01	4.307126e+01	5.507932e+16
2217	6.050464e+15	1.278272e+01	4.846634e+01	4.877218e+16
2218	6.050973e+15	1.187414e+01	4.111923e+01	4.948563e+16
2219	6.051516e+15	1.467976e+01	4.848489e+01	4.983315e+16
2220	6.052019e+15	1.358792e+01	4.454550e+01	4.901868e+16
2221	6.052515e+15	1.246775e+01	4.492353e+01	4.458727e+16
2222	6.052992e+15	1.244441e+01	4.378005e+01	2.848574e+16
2223	6.053460e+15	1.122046e+01	3.959097e+01	4.001067e+16
2224	6.053946e+15	1.198512e+01	4.046754e+01	4.909308e+16
2225	6.054456e+15	1.249203e+01	4.144821e+01	6.951382e+16
2226	6.054963e+15	1.216106e+01	4.390809e+01	7.336973e+16
2227	6.055459e+15	1.179263e+01	4.538617e+01	6.978819e+16
2228	6.055945e+15	1.164413e+01	4.329371e+01	8.542560e+16
2229	6.056436e+15	1.269743e+01	4.455396e+01	8.778782e+16
2230	6.056928e+15	1.418482e+01	4.750812e+01	1.107236e+17
2231	6.057403e+15	1.424666e+01	4.732310e+01	8.534287e+16
2232	6.057869e+15	1.469564e+01	4.864368e+01	6.601664e+16
2233	6.058324e+15	1.296499e+01	4.297058e+01	8.782420e+16
2234	6.058814e+15	1.294658e+01	4.551130e+01	9.909851e+16
2235	6.059309e+15	1.335365e+01	4.737769e+01	9.619800e+16
2236	6.059797e+15	1.355083e+01	4.770667e+01	9.811737e+16
2237	6.060272e+15	1.153236e+01	4.221552e+01	6.440864e+16
2238	6.060784e+15	1.198076e+01	4.654330e+01	7.169558e+16
2239	6.061286e+15	1.171179e+01	4.375507e+01	1.080973e+17
2240	6.061806e+15	1.218537e+01	4.270783e+01	8.541086e+16
2241	6.062336e+15	1.368668e+01	4.397969e+01	5.982210e+16
2242	6.062859e+15	1.254406e+01	4.081456e+01	6.412767e+16
2243	6.063403e+15	1.287290e+01	4.488700e+01	8.806903e+16
2244	6.063922e+15	1.280450e+01	4.313937e+01	5.968103e+16
2245	6.064435e+15	1.204027e+01	4.182232e+01	6.900415e+16
2246	6.064948e+15	1.208305e+01	3.906544e+01	7.734140e+16
2247	6.065484e+15	1.344554e+01	4.214743e+01	6.011692e+16
2248	6.066008e+15	1.318300e+01	4.293532e+01	6.437638e+16
2249	6.066527e+15	1.205436e+01	4.145591e+01	5.182923e+16
2250	6.067061e+15	1.283290e+01	4.485787e+01	9.143537e+16
2251	6.067581e+15	1.279606e+01	4.490937e+01	6.670082e+16
2252	6.068098e+15	1.317562e+01	4.422114e+01	1.064573e+17
2253	6.068613e+15	1.257775e+01	4.371661e+01	5.326231e+16
2254	6.069130e+15	1.202905e+01	4.212070e+01	4.183289e+16
2255	6.069665e+15	1.246442e+01	4.367692e+01	9.410196e+16
2256	6.070200e+15	1.270158e+01	4.154608e+01	7.603646e+16
2257	6.070757e+15	1.536879e+01	4.668599e+01	1.067416e+17
2258	6.071272e+15	1.348504e+01	3.962276e+01	8.246193e+16
2259	6.071820e+15	1.407545e+01	4.096767e+01	6.241570e+16
2260	6.072380e+15	1.361828e+01	4.104276e+01	5.465805e+16
2261	6.072946e+15	1.334373e+01	4.258581e+01	5.907712e+16
2262	6.073499e+15	1.190856e+01	3.988103e+01	4.204856e+16
2263	6.074068e+15	1.305088e+01	4.467849e+01	8.337179e+16
2264	6.074604e+15	1.363371e+01	4.534057e+01	6.764027e+16
2265	6.075123e+15	1.148359e+01	4.216395e+01	6.011485e+16
2266	6.075663e+15	1.214713e+01	4.505209e+01	3.242295e+16
2267	6.076202e+15	1.303751e+01	4.938404e+01	8.503769e+16
2268	6.076703e+15	1.027930e+01	4.142906e+01	9.194161e+16
2269	6.077251e+15	1.250242e+01	4.870022e+01	6.167674e+16
2270	6.077782e+15	1.140620e+01	4.908599e+01	1.366034e+17
2271	6.078305e+15	1.256398e+01	4.907614e+01	1.030275e+17
2272	6.078827e+15	1.156356e+01	4.422432e+01	7.236808e+16
2273	6.079397e+15	1.142692e+01	4.711257e+01	1.003938e+17
2274	6.079985e+15	1.218074e+01	5.054970e+01	7.385070e+16
2275	6.080557e+15	1.134118e+01	4.927306e+01	9.141632e+16
2276	6.081127e+15	1.182202e+01	4.898040e+01	7.252479e+16
2277	6.081691e+15	1.059955e+01	4.533464e+01	6.806547e+16
2278	6.082279e+15	1.221832e+01	4.843302e+01	5.991069e+16
2279	6.082847e+15	1.219250e+01	4.784815e+01	4.999996e+16
2280	6.083392e+15	1.238709e+01	4.685816e+01	3.317937e+16
2281	6.083910e+15	1.071174e+01	3.943696e+01	6.957831e+16
2282	6.084458e+15	1.061810e+01	3.594735e+01	6.053972e+16
2283	6.085071e+15	1.157055e+01	3.946874e+01	4.621116e+16
2284	6.085701e+15	1.138561e+01	4.117110e+01	6.559275e+16
2285	6.086329e+15	1.323419e+01	4.922393e+01	8.728130e+16
2286	6.086890e+15	1.206641e+01	4.628429e+01	6.233605e+16
2287	6.087430e+15	1.057717e+01	4.040169e+01	5.980278e+16
2288	6.088012e+15	1.040389e+01	4.033382e+01	5.028900e+16
2289	6.088638e+15	1.307636e+01	5.243723e+01	1.005920e+17
2290	6.089187e+15	9.594075e+00	4.017411e+01	5.507772e+16
2291	6.089790e+15	1.188661e+01	5.058568e+01	9.027815e+16
2292	6.090334e+15	1.006275e+01	4.273071e+01	5.220818e+16
2293	6.090908e+15	1.239263e+01	5.089785e+01	5.522746e+16
2294	6.091440e+15	1.220101e+01	4.864154e+01	8.944084e+16
2295	6.091961e+15	1.061814e+01	4.243141e+01	5.609962e+16
2296	6.092537e+15	1.182918e+01	5.054930e+01	1.196801e+17
2297	6.093083e+15	9.736505e+00	4.129235e+01	6.660439e+16
2298	6.093700e+15	1.217926e+01	5.272168e+01	9.249844e+16
2299	6.094268e+15	1.074601e+01	4.661248e+01	8.253019e+16
2300	6.094860e+15	1.377302e+01	5.643152e+01	8.205180e+16
2301	6.095387e+15	1.072386e+01	4.216571e+01	7.721727e+16
2302	6.095990e+15	1.276281e+01	5.064561e+01	8.298168e+16
2303	6.096585e+15	1.200823e+01	4.791021e+01	8.422839e+16
2304	6.097197e+15	1.303598e+01	5.386387e+01	8.706525e+16
2305	6.097788e+15	1.188465e+01	5.001270e+01	1.019952e+17
2306	6.098409e+15	1.289020e+01	5.757360e+01	9.650029e+16
2307	6.098996e+15	1.122009e+01	4.963819e+01	1.660244e+17
2308	6.099621e+15	1.248718e+01	5.692035e+01	1.117549e+17
2309	6.100217e+15	1.195958e+01	5.415989e+01	1.331003e+17
2310	6.100812e+15	1.217566e+01	5.595455e+01	8.588280e+16
2311	6.101392e+15	1.105909e+01	5.104821e+01	7.574203e+16
2312	6.101993e+15	1.176869e+01	4.954407e+01	1.173651e+17
2313	6.102631e+15	1.251759e+01	5.449680e+01	7.286002e+16
2314	6.103253e+15	1.352375e+01	5.756146e+01	1.029163e+17
2315	6.103840e+15	1.317514e+01	5.460130e+01	9.904078e+16
2316	6.104420e+15	1.318625e+01	5.337848e+01	1.044159e+17
2317	6.104996e+15	1.296097e+01	5.235670e+01	5.808385e+16
2318	6.105563e+15	1.209503e+01	4.824050e+01	5.560225e+16
2319	6.106152e+15	1.212342e+01	5.148162e+01	7.034115e+16
2320	6.106729e+15	1.087656e+01	4.789597e+01	7.868013e+16
2321	6.107326e+15	1.107633e+01	4.915018e+01	5.858585e+16
2322	6.107928e+15	1.110821e+01	4.710260e+01	8.124491e+16
2323	6.108556e+15	1.121432e+01	5.001802e+01	8.867716e+16
2324	6.109183e+15	1.153301e+01	5.381920e+01	9.265008e+16
2325	6.109772e+15	1.078605e+01	5.095326e+01	5.941825e+16
2326	6.110362e+15	1.066243e+01	4.999205e+01	8.159569e+16
2327	6.110968e+15	1.056039e+01	5.128717e+01	1.544363e+17
2328	6.111578e+15	1.036942e+01	5.462850e+01	1.407076e+17
2329	6.112176e+15	9.454510e+00	4.924638e+01	8.480054e+16
2330	6.112820e+15	1.155195e+01	5.796814e+01	9.636707e+16
2331	6.113438e+15	1.013564e+01	5.476158e+01	1.106805e+17
2332	6.114064e+15	1.091373e+01	5.837984e+01	1.104213e+17
2333	6.114662e+15	1.138850e+01	5.819981e+01	1.011803e+17
2334	6.115236e+15	1.023132e+01	5.051604e+01	1.145124e+17
2335	6.115851e+15	1.222431e+01	5.892163e+01	4.896658e+16
2336	6.116446e+15	1.216290e+01	5.852005e+01	8.087302e+16
2337	6.117038e+15	1.298607e+01	6.217118e+01	1.059080e+17
2338	6.117607e+15	1.268891e+01	6.050021e+01	8.974369e+16
2339	6.118179e+15	1.172247e+01	5.340785e+01	1.314732e+17
2340	6.118823e+15	1.393694e+01	6.834659e+01	1.004420e+17
2341	6.119437e+15	1.219243e+01	6.582523e+01	1.070235e+17
2342	6.120065e+15	1.251882e+01	6.823438e+01	1.971154e+17
2343	6.120694e+15	1.210456e+01	6.956350e+01	2.010381e+17
2344	6.121332e+15	1.163609e+01	6.992758e+01	1.695282e+17
2345	6.121985e+15	1.077103e+01	6.767937e+01	1.593846e+17
2346	6.122685e+15	1.478012e+01	8.830235e+01	1.837458e+17
2347	6.123280e+15	1.327728e+01	7.548984e+01	1.140090e+17
2348	6.123864e+15	1.259371e+01	7.306803e+01	7.623576e+16
2349	6.124448e+15	1.184055e+01	7.040569e+01	9.954691e+16
2350	6.125055e+15	1.161194e+01	7.008341e+01	1.029469e+17
2351	6.125686e+15	1.249432e+01	7.651220e+01	1.150486e+17
2352	6.126291e+15	1.210151e+01	7.476892e+01	7.104293e+16
2353	6.126881e+15	1.222265e+01	7.568271e+01	1.134000e+17
2354	6.127447e+15	1.086712e+01	6.711242e+01	6.456380e+16
2355	6.128046e+15	1.098796e+01	6.910764e+01	7.010747e+16
2356	6.128653e+15	1.218058e+01	6.963614e+01	7.574369e+16
2357	6.129251e+15	1.250378e+01	6.670621e+01	3.345008e+16
2358	6.129849e+15	1.248820e+01	6.820760e+01	7.520578e+16
2359	6.130429e+15	1.232336e+01	6.586019e+01	8.204384e+16
2360	6.130996e+15	1.140168e+01	5.880834e+01	3.424182e+16
2361	6.131596e+15	1.172402e+01	5.832397e+01	3.706236e+16
2362	6.132216e+15	1.451482e+01	6.756254e+01	5.425194e+16
2363	6.132788e+15	9.921592e+00	4.667762e+01	8.091588e+16
2364	6.133474e+15	1.180438e+01	5.691379e+01	5.716406e+16
2365	6.134160e+15	1.364297e+01	6.436840e+01	6.385559e+16
2366	6.134788e+15	1.103526e+01	5.360896e+01	5.822167e+16
2367	6.135449e+15	1.341627e+01	6.316836e+01	6.190747e+16
2368	6.136053e+15	1.004012e+01	4.974808e+01	8.607866e+16
2369	6.136714e+15	1.129213e+01	5.827751e+01	6.241402e+16
2370	6.137359e+15	1.040207e+01	5.420779e+01	1.215056e+17
2371	6.138016e+15	1.170636e+01	5.954825e+01	1.301384e+17
2372	6.138632e+15	1.048134e+01	5.427762e+01	1.221281e+17
2373	6.139251e+15	1.083140e+01	5.683476e+01	6.664518e+16
2374	6.139854e+15	1.144424e+01	5.690666e+01	8.743872e+16
2375	6.140443e+15	1.208233e+01	5.612483e+01	8.361413e+16
2376	6.141024e+15	1.375051e+01	5.497245e+01	6.234984e+16
2377	6.141601e+15	1.539425e+01	5.608068e+01	1.114840e+17
2378	6.142167e+15	1.509157e+01	5.673931e+01	6.219364e+16
2379	6.142719e+15	1.425376e+01	5.325454e+01	5.722990e+16
2380	6.143290e+15	1.453348e+01	5.266748e+01	6.006790e+16
2381	6.143879e+15	1.471326e+01	5.414102e+01	6.376908e+16
2382	6.144476e+15	1.495839e+01	5.466542e+01	9.867460e+16
2383	6.145075e+15	1.541702e+01	5.790274e+01	7.732142e+16
2384	6.145648e+15	1.528695e+01	5.760543e+01	8.436680e+16
2385	6.146211e+15	1.491556e+01	5.553757e+01	6.932868e+16
2386	6.146786e+15	1.369933e+01	5.204319e+01	8.195189e+16
2387	6.147406e+15	1.447610e+01	5.530145e+01	1.245813e+17
2388	6.148031e+15	1.563471e+01	5.835924e+01	1.250429e+17
2389	6.148643e+15	1.465856e+01	5.619408e+01	1.234013e+17
2390	6.149264e+15	1.555735e+01	6.080347e+01	7.776748e+16
2391	6.149850e+15	1.459881e+01	5.804794e+01	8.313579e+16
2392	6.150434e+15	1.373203e+01	5.670220e+01	7.144840e+16
2393	6.151026e+15	1.393532e+01	5.622830e+01	6.011407e+16
2394	6.151631e+15	1.456735e+01	5.694162e+01	9.742871e+16
2395	6.152238e+15	1.288128e+01	5.301768e+01	7.000513e+16
2396	6.152879e+15	1.235359e+01	5.296926e+01	7.756414e+16
2397	6.153530e+15	1.356204e+01	5.412619e+01	5.610256e+16
2398	6.154165e+15	1.446222e+01	5.446876e+01	5.986405e+16
2399	6.154776e+15	1.451554e+01	5.151611e+01	5.347337e+16
2400	6.155385e+15	1.454366e+01	4.993020e+01	6.704827e+16
2401	6.155992e+15	1.371950e+01	4.843263e+01	6.135437e+16
2402	6.156601e+15	1.304076e+01	4.749368e+01	7.349889e+16
2403	6.157221e+15	1.246568e+01	4.665931e+01	4.012665e+16
2404	6.157844e+15	1.164781e+01	4.424892e+01	4.902330e+16
2405	6.158489e+15	1.206599e+01	4.700602e+01	7.036639e+16
2406	6.159115e+15	1.036581e+01	4.119914e+01	3.793646e+16
2407	6.159791e+15	1.089030e+01	4.502682e+01	3.824503e+16
2408	6.160457e+15	9.255590e+00	4.021249e+01	4.428451e+16
2409	6.161171e+15	9.703205e+00	4.308892e+01	8.595963e+16
2410	6.161884e+15	9.510429e+00	4.154319e+01	8.164129e+16
2411	6.162609e+15	1.055543e+01	4.628517e+01	8.933474e+16
2412	6.163275e+15	8.927896e+00	3.576961e+01	8.273001e+16
2413	6.164002e+15	1.138326e+01	4.561946e+01	8.949988e+16
2414	6.164655e+15	8.635361e+00	3.885706e+01	7.454962e+16
2415	6.165312e+15	9.569973e+00	3.895917e+01	5.955744e+16
2416	6.165975e+15	9.974901e+00	3.825290e+01	9.440082e+16
2417	6.166662e+15	8.983200e+00	3.709226e+01	1.194352e+17
2418	6.167375e+15	9.067684e+00	3.909654e+01	8.960918e+16
2419	6.168086e+15	8.365132e+00	3.633840e+01	7.740306e+16
2420	6.168834e+15	9.305031e+00	4.046298e+01	1.204656e+17
2421	6.169558e+15	9.885846e+00	4.473294e+01	8.818772e+16
2422	6.170216e+15	8.968055e+00	4.191120e+01	7.904090e+16
2423	6.170868e+15	1.123252e+01	4.649676e+01	9.088950e+16
2424	6.171480e+15	9.639063e+00	4.006388e+01	1.159549e+17
2425	6.172137e+15	1.036652e+01	4.571895e+01	1.325907e+17
2426	6.172770e+15	8.849393e+00	4.046115e+01	7.251642e+16
2427	6.173447e+15	8.791698e+00	4.423731e+01	8.218154e+16
2428	6.174121e+15	8.315332e+00	4.306630e+01	1.715698e+17
2429	6.174800e+15	7.861297e+00	4.252206e+01	1.168968e+17
2430	6.175485e+15	8.278105e+00	4.129714e+01	1.168236e+17
2431	6.176178e+15	9.398321e+00	4.132476e+01	1.108625e+17
2432	6.176869e+15	8.911520e+00	4.211063e+01	1.147369e+17
2433	6.177538e+15	8.219781e+00	3.958215e+01	6.779038e+16
2434	6.178217e+15	8.767141e+00	4.163584e+01	6.175078e+16
2435	6.178894e+15	9.494150e+00	4.424455e+01	1.036031e+17
2436	6.179552e+15	9.408791e+00	4.511121e+01	1.582340e+17
2437	6.180203e+15	9.246692e+00	4.440208e+01	1.687890e+17
2438	6.180860e+15	8.727478e+00	4.412428e+01	1.352942e+17
2439	6.181525e+15	7.540261e+00	4.108289e+01	1.301583e+17
2440	6.182233e+15	7.345824e+00	4.247651e+01	1.306735e+17
2441	6.182962e+15	7.365818e+00	4.455909e+01	1.036629e+17
2442	6.183691e+15	6.971804e+00	4.355523e+01	1.367592e+17
2443	6.184438e+15	7.214794e+00	4.823873e+01	1.142766e+17
2444	6.185157e+15	6.891230e+00	4.650619e+01	1.668751e+17
2445	6.185886e+15	7.752093e+00	5.246082e+01	1.426981e+17
2446	6.186562e+15	6.609662e+00	4.455373e+01	8.783695e+16
2447	6.187284e+15	7.023409e+00	4.562080e+01	9.737909e+16
2448	6.188043e+15	6.778688e+00	4.511150e+01	1.260288e+17
2449	6.188842e+15	6.828884e+00	4.801466e+01	1.486447e+17
2450	6.189652e+15	8.106798e+00	5.657109e+01	1.780627e+17
2451	6.190358e+15	5.506696e+00	3.988307e+01	1.087538e+17
2452	6.191173e+15	6.851096e+00	5.497562e+01	1.167623e+17
2453	6.191898e+15	5.180005e+00	4.259350e+01	6.634224e+16
2454	6.192697e+15	4.260113e+00	4.411564e+01	1.029675e+17
2455	6.193543e+15	5.396213e+00	5.234590e+01	1.289167e+17
2456	6.194312e+15	5.942133e+00	4.298104e+01	1.283131e+17
2457	6.195125e+15	5.361133e+00	4.469256e+01	7.189702e+16
2458	6.195937e+15	5.852061e+00	4.707299e+01	6.819768e+16
2459	6.196704e+15	6.083989e+00	4.337169e+01	7.793999e+16
2460	6.197492e+15	5.863179e+00	4.124361e+01	6.310361e+16
2461	6.198327e+15	6.435340e+00	4.519677e+01	8.795538e+16
2462	6.199157e+15	6.272008e+00	4.409058e+01	1.015738e+17
2463	6.200010e+15	6.653403e+00	4.643966e+01	1.010887e+17
2464	6.200860e+15	7.117741e+00	4.947305e+01	7.988568e+16
2465	6.201682e+15	6.723480e+00	4.647900e+01	1.004992e+17
2466	6.202540e+15	7.181742e+00	5.322902e+01	1.533165e+17
2467	6.203369e+15	7.114946e+00	5.332760e+01	1.260839e+17
2468	6.204190e+15	6.886589e+00	5.337490e+01	9.966476e+16
2469	6.205028e+15	7.334522e+00	6.019409e+01	1.282318e+17
2470	6.205831e+15	7.461260e+00	6.271204e+01	1.035461e+17
2471	6.206601e+15	8.482562e+00	6.833967e+01	1.439522e+17
2472	6.207312e+15	9.290571e+00	6.940789e+01	1.118457e+17
2473	6.207971e+15	9.196068e+00	6.366086e+01	1.014199e+17
2474	6.208626e+15	9.195465e+00	6.518543e+01	1.048607e+17
2475	6.209279e+15	9.826688e+00	7.157275e+01	1.121153e+17
2476	6.209904e+15	9.610234e+00	7.283230e+01	8.582041e+16
2477	6.210507e+15	9.134156e+00	7.276664e+01	9.444369e+16
2478	6.211098e+15	9.263308e+00	7.092219e+01	8.232049e+16
2479	6.211697e+15	8.951852e+00	7.104392e+01	4.945762e+16
2480	6.212297e+15	9.788351e+00	7.223227e+01	4.221493e+16
2481	6.212883e+15	9.555006e+00	6.850972e+01	7.071746e+16
2482	6.213480e+15	9.504586e+00	6.976203e+01	5.628774e+16
2483	6.214077e+15	1.144556e+01	7.030737e+01	7.433201e+16
2484	6.214667e+15	1.057495e+01	6.217632e+01	4.994076e+16
2485	6.215293e+15	1.049940e+01	6.644487e+01	2.325675e+16
2486	6.215918e+15	1.028583e+01	6.510050e+01	3.454728e+16
2487	6.216541e+15	9.849233e+00	5.662753e+01	7.228516e+16
2488	6.217220e+15	1.116143e+01	6.004924e+01	2.270258e+16
2489	6.217893e+15	1.104911e+01	5.466444e+01	2.102756e+16
2490	6.218586e+15	1.130831e+01	5.356372e+01	2.751848e+16
2491	6.219282e+15	1.127149e+01	5.068359e+01	2.826141e+16
2492	6.219990e+15	1.088757e+01	5.035479e+01	3.088830e+16
2493	6.220721e+15	1.249620e+01	6.375466e+01	4.056145e+16
2494	6.221368e+15	1.043537e+01	5.306626e+01	6.234229e+16
2495	6.222065e+15	1.163550e+01	6.547013e+01	1.412384e+17
2496	6.222726e+15	1.113293e+01	6.444497e+01	1.015696e+17
2497	6.223389e+15	1.161927e+01	6.659694e+01	1.706364e+17
2498	6.224055e+15	1.217689e+01	7.259513e+01	2.051151e+17
2499	6.224689e+15	1.065816e+01	6.890735e+01	1.938774e+17
2500	6.225345e+15	1.084921e+01	7.676132e+01	1.651987e+17
2501	6.225990e+15	1.081062e+01	7.643764e+01	1.471240e+17
2502	6.226645e+15	1.131887e+01	7.746546e+01	1.731220e+17
2503	6.227302e+15	1.129250e+01	8.081979e+01	4.529804e+16
2504	6.227934e+15	9.612962e+00	7.239489e+01	4.666910e+16
2505	6.228593e+15	8.809371e+00	7.417888e+01	5.439197e+16
2506	6.229243e+15	7.697725e+00	6.708138e+01	3.235667e+16
2507	6.229916e+15	8.714091e+00	6.739889e+01	3.848158e+16
2508	6.230605e+15	9.464534e+00	6.801326e+01	5.873942e+16
2509	6.231296e+15	8.827257e+00	6.501672e+01	4.817512e+16
2510	6.232001e+15	1.028872e+01	6.726052e+01	4.597026e+16
2511	6.232681e+15	1.034865e+01	5.645352e+01	4.737712e+16
2512	6.233406e+15	1.351508e+01	6.479182e+01	3.185264e+16
2513	6.234070e+15	1.259989e+01	5.771409e+01	6.827366e+16
2514	6.234724e+15	1.331018e+01	6.142133e+01	8.167001e+16
2515	6.235338e+15	1.131713e+01	5.532226e+01	4.904245e+16
2516	6.235968e+15	1.126043e+01	5.811384e+01	6.946897e+16
2517	6.236601e+15	1.116019e+01	5.924840e+01	1.178923e+17
2518	6.237223e+15	9.877453e+00	5.618956e+01	1.011394e+17
2519	6.237857e+15	1.042109e+01	6.079717e+01	8.913645e+16
2520	6.238464e+15	9.792593e+00	5.664517e+01	5.248054e+16
2521	6.239071e+15	1.038522e+01	5.622611e+01	6.056402e+16
2522	6.239674e+15	9.034711e+00	5.330748e+01	6.366744e+16
2523	6.240294e+15	9.548804e+00	5.681892e+01	3.914610e+16
2524	6.240891e+15	8.979498e+00	5.147825e+01	4.906058e+16
2525	6.241514e+15	9.131541e+00	5.340162e+01	3.755965e+16
2526	6.242138e+15	9.735310e+00	5.177614e+01	5.510243e+16
2527	6.242769e+15	1.053905e+01	5.371030e+01	4.727801e+16
2528	6.243385e+15	1.016870e+01	5.049991e+01	3.595827e+16
2529	6.244014e+15	1.015467e+01	4.788482e+01	4.044675e+16
2530	6.244679e+15	1.038580e+01	4.722583e+01	4.076292e+16
2531	6.245366e+15	1.117761e+01	4.846935e+01	5.228752e+16
2532	6.246051e+15	1.153830e+01	4.984740e+01	2.863011e+16
2533	6.246715e+15	1.055539e+01	4.631722e+01	5.330253e+16
2534	6.247401e+15	1.043425e+01	4.199491e+01	4.776306e+16
2535	6.248139e+15	1.092558e+01	4.685493e+01	4.297131e+16
2536	6.248847e+15	9.336131e+00	4.115186e+01	4.057341e+16
2537	6.249593e+15	9.581801e+00	4.264409e+01	3.785311e+16
2538	6.250340e+15	1.102044e+01	4.398575e+01	3.824134e+16
2539	6.251060e+15	1.314174e+01	4.683716e+01	3.578631e+16
2540	6.251719e+15	1.087508e+01	3.835238e+01	2.674885e+16
2541	6.252440e+15	1.216751e+01	4.291345e+01	3.670356e+16
2542	6.253151e+15	1.174918e+01	4.341584e+01	3.874986e+16
2543	6.253843e+15	1.182741e+01	4.468555e+01	4.406186e+16
2544	6.254506e+15	1.064624e+01	4.140620e+01	2.359061e+16
2545	6.255185e+15	1.249661e+01	4.713398e+01	3.712214e+16
2546	6.255819e+15	1.060783e+01	3.968547e+01	5.381813e+16
2547	6.256512e+15	1.171260e+01	4.306528e+01	2.365331e+16
2548	6.257201e+15	1.181401e+01	4.403979e+01	3.311294e+16
2549	6.257885e+15	1.297835e+01	4.664731e+01	5.376509e+16
2550	6.258545e+15	1.240387e+01	4.473726e+01	3.792414e+16
2551	6.259213e+15	1.302419e+01	4.559029e+01	2.117629e+16
2552	6.259872e+15	1.169740e+01	4.219732e+01	4.544576e+16
2553	6.260566e+15	1.247117e+01	4.309216e+01	2.902696e+16
2554	6.261278e+15	1.257036e+01	4.460267e+01	3.769668e+16
2555	6.261990e+15	1.234119e+01	4.290262e+01	4.962396e+16
2556	6.262717e+15	1.421070e+01	4.626684e+01	6.684024e+16
2557	6.263393e+15	1.279705e+01	4.168814e+01	2.697853e+16
2558	6.264074e+15	1.175918e+01	3.784847e+01	1.359438e+16
2559	6.264798e+15	1.190698e+01	3.736919e+01	3.131626e+16
2560	6.265548e+15	1.227062e+01	3.758021e+01	3.946202e+16
2561	6.266302e+15	1.195039e+01	3.591698e+01	1.336085e+16
2562	6.267046e+15	1.111928e+01	3.117481e+01	2.049187e+16
2563	6.267844e+15	1.060888e+01	3.056286e+01	2.798028e+16
2564	6.268673e+15	9.980495e+00	2.861223e+01	2.592186e+16
2565	6.269542e+15	8.854409e+00	2.538390e+01	2.934461e+16
2566	6.270516e+15	9.672840e+00	2.841264e+01	1.711967e+16
2567	6.271481e+15	8.505465e+00	2.342688e+01	2.796307e+16
2568	6.272568e+15	9.540070e+00	2.708678e+01	4.228216e+16
2569	6.273660e+15	9.485680e+00	2.745778e+01	4.878750e+16
2570	6.274751e+15	1.026661e+01	3.133889e+01	8.071938e+16
2571	6.275752e+15	1.125200e+01	3.511669e+01	8.666364e+16
2572	6.276593e+15	6.972388e+00	2.127161e+01	5.477186e+16
2573	6.277602e+15	9.986916e+00	3.142252e+01	1.024227e+17
2574	6.278492e+15	9.252336e+00	2.958170e+01	7.069328e+16
2575	6.279313e+15	7.902686e+00	2.503023e+01	3.772536e+16
2576	6.280164e+15	9.222216e+00	2.984376e+01	2.268533e+16
2577	6.280934e+15	8.639430e+00	2.996579e+01	3.622634e+16
2578	6.281656e+15	7.289338e+00	2.540522e+01	2.756887e+16
2579	6.282443e+15	7.949496e+00	2.934340e+01	6.541077e+16
2580	6.283224e+15	7.714579e+00	2.887766e+01	3.644027e+16
2581	6.284007e+15	7.604595e+00	3.054656e+01	4.810243e+16
2582	6.284756e+15	6.817562e+00	2.905402e+01	3.722112e+16
2583	6.285505e+15	7.216009e+00	3.008445e+01	1.764262e+16
2584	6.286244e+15	6.444182e+00	2.847651e+01	3.924897e+16
2585	6.286999e+15	7.395544e+00	3.200534e+01	4.569296e+16
2586	6.287710e+15	7.850679e+00	3.129039e+01	5.408128e+16
2587	6.288421e+15	8.546743e+00	3.178939e+01	3.290870e+16
2588	6.289135e+15	9.301360e+00	3.363712e+01	3.523393e+16
2589	6.289831e+15	9.705902e+00	3.290502e+01	3.116914e+16
2590	6.290535e+15	1.076934e+01	3.561020e+01	1.268573e+16
2591	6.291226e+15	1.141909e+01	3.472797e+01	3.316374e+16
2592	6.291917e+15	1.239982e+01	3.587222e+01	2.261960e+16
2593	6.292603e+15	1.215536e+01	3.695610e+01	4.643514e+16
2594	6.293294e+15	1.235721e+01	3.871424e+01	5.486506e+16
2595	6.293977e+15	1.167314e+01	3.812360e+01	6.229525e+16
2596	6.294681e+15	1.201728e+01	3.994312e+01	7.300777e+16
2597	6.295387e+15	1.195825e+01	4.119603e+01	6.908946e+16
2598	6.296094e+15	1.218723e+01	4.272698e+01	6.603302e+16
2599	6.296800e+15	1.237792e+01	4.313161e+01	7.265517e+16
2600	6.297507e+15	1.218617e+01	4.326541e+01	1.447484e+17
2601	6.298212e+15	1.158268e+01	4.194976e+01	9.374373e+16
2602	6.298935e+15	1.254408e+01	4.276335e+01	7.212231e+16
2603	6.299658e+15	1.264304e+01	4.253624e+01	7.798543e+16
2604	6.300387e+15	1.303703e+01	4.360751e+01	5.825919e+16
2605	6.301114e+15	1.281045e+01	4.425434e+01	1.020375e+17
2606	6.301840e+15	1.197165e+01	4.341658e+01	6.968013e+16
2607	6.302576e+15	1.137608e+01	4.299405e+01	6.351242e+16
2608	6.303333e+15	1.225343e+01	4.524737e+01	1.050749e+17
2609	6.304076e+15	1.204264e+01	4.462934e+01	6.652473e+16
2610	6.304809e+15	1.257163e+01	4.705009e+01	7.687721e+16
2611	6.305498e+15	1.307027e+01	4.867535e+01	6.874828e+16
2612	6.306142e+15	1.029933e+01	3.953859e+01	5.287606e+16
2613	6.306859e+15	1.045248e+01	4.192300e+01	8.086820e+16
2614	6.307625e+15	1.185378e+01	4.927661e+01	7.785637e+16
2615	6.308350e+15	1.077028e+01	4.511533e+01	5.063402e+16
2616	6.309096e+15	1.186900e+01	4.970482e+01	4.729144e+16
2617	6.309791e+15	1.123436e+01	4.637596e+01	5.789110e+16
2618	6.310473e+15	1.132854e+01	4.443181e+01	7.516127e+16
2619	6.311171e+15	1.159745e+01	4.551168e+01	3.618815e+16
2620	6.311860e+15	1.192642e+01	4.613652e+01	3.881462e+16
2621	6.312536e+15	1.143079e+01	4.475438e+01	2.281693e+16
2622	6.313213e+15	1.118266e+01	4.413974e+01	6.137425e+16
2623	6.313890e+15	1.091610e+01	4.141225e+01	3.716525e+16
2624	6.314591e+15	1.185092e+01	4.067289e+01	4.049468e+16
2625	6.315306e+15	1.358208e+01	4.294971e+01	3.627147e+16
2626	6.315987e+15	1.354673e+01	3.969088e+01	3.825024e+16
2627	6.316683e+15	1.372275e+01	3.990179e+01	2.048810e+16
2628	6.317373e+15	1.342965e+01	3.829885e+01	3.965044e+16
2629	6.318075e+15	1.294116e+01	3.704381e+01	4.462929e+16
2630	6.318797e+15	1.383641e+01	3.853669e+01	5.020367e+16
2631	6.319507e+15	1.388822e+01	3.728390e+01	4.726756e+16
2632	6.320217e+15	1.347931e+01	3.526968e+01	6.278744e+16
2633	6.320959e+15	1.257395e+01	3.173462e+01	4.278599e+16
2634	6.321787e+15	1.284987e+01	3.402636e+01	8.442731e+16
2635	6.322675e+15	1.372667e+01	3.757374e+01	6.553300e+16
2636	6.323546e+15	1.114522e+01	3.357250e+01	1.106959e+17
2637	6.324480e+15	1.338627e+01	4.363936e+01	7.936162e+16
2638	6.325297e+15	1.254304e+01	4.156662e+01	6.648782e+16
2639	6.326042e+15	1.194010e+01	4.144050e+01	5.972647e+16
2640	6.326729e+15	9.871401e+00	3.492857e+01	4.244777e+16
2641	6.327463e+15	1.058775e+01	3.782816e+01	5.362694e+16
2642	6.328225e+15	1.238114e+01	4.460784e+01	6.312443e+16
2643	6.328926e+15	1.100068e+01	4.119805e+01	6.464618e+16
2644	6.329630e+15	1.170834e+01	4.464919e+01	4.556515e+16
2645	6.330312e+15	9.659445e+00	3.638439e+01	7.498407e+16
2646	6.331091e+15	1.196974e+01	4.464468e+01	8.849014e+16
2647	6.331841e+15	1.130200e+01	4.065794e+01	5.912337e+16
2648	6.332607e+15	1.354842e+01	4.762862e+01	6.019078e+16
2649	6.333296e+15	1.098233e+01	3.892050e+01	3.704947e+16
2650	6.334025e+15	1.234474e+01	4.310310e+01	4.735906e+16
2651	6.334731e+15	1.404081e+01	4.506653e+01	3.735633e+16
2652	6.335379e+15	1.391999e+01	3.981892e+01	3.426956e+16
2653	6.336036e+15	1.562836e+01	4.350707e+01	4.065050e+16
2654	6.336650e+15	1.411343e+01	3.702894e+01	3.442311e+16
2655	6.337309e+15	1.567392e+01	4.040714e+01	4.102726e+16
2656	6.337965e+15	1.464253e+01	3.645535e+01	4.003167e+16
2657	6.338655e+15	1.497423e+01	3.705546e+01	3.984152e+16
2658	6.339354e+15	1.557791e+01	3.750058e+01	4.053095e+16
2659	6.340041e+15	1.550340e+01	3.673643e+01	1.665262e+16
2660	6.340724e+15	1.517297e+01	3.585060e+01	8.533183e+15
2661	6.341404e+15	1.467530e+01	3.345431e+01	1.784828e+16
2662	6.342109e+15	1.471722e+01	3.364126e+01	1.815634e+16
2663	6.342810e+15	1.456211e+01	3.179800e+01	2.258035e+16
2664	6.343518e+15	1.476773e+01	3.172570e+01	2.217427e+16
2665	6.344228e+15	1.530313e+01	3.208991e+01	2.575582e+16
2666	6.344932e+15	1.423876e+01	2.929127e+01	2.282209e+16
2667	6.345675e+15	1.585407e+01	3.492088e+01	3.753002e+16
2668	6.346373e+15	1.262991e+01	2.934223e+01	1.895063e+16
2669	6.347126e+15	1.367079e+01	3.435633e+01	4.217202e+16
2670	6.347847e+15	1.165688e+01	2.972247e+01	8.299631e+16
2671	6.348613e+15	1.162818e+01	3.090401e+01	7.737414e+16
2672	6.349390e+15	1.070531e+01	3.078363e+01	6.434076e+16
2673	6.350185e+15	1.001611e+01	3.116642e+01	4.914714e+16
2674	6.351004e+15	1.063837e+01	3.378887e+01	7.783941e+16
2675	6.351800e+15	1.155707e+01	3.456054e+01	8.012236e+16
2676	6.352571e+15	1.164474e+01	3.402024e+01	5.283273e+16
2677	6.353334e+15	1.183192e+01	3.417812e+01	2.769674e+16
2678	6.354095e+15	1.127099e+01	3.331838e+01	4.503696e+16
2679	6.354861e+15	1.189830e+01	3.457061e+01	5.250687e+16
2680	6.355611e+15	1.122038e+01	3.111028e+01	4.031553e+16
2681	6.356403e+15	1.061933e+01	3.072354e+01	5.053587e+16
2682	6.357261e+15	1.051022e+01	3.241988e+01	3.560146e+16
2683	6.358143e+15	1.149591e+01	3.501144e+01	5.990856e+16
2684	6.358981e+15	1.084249e+01	3.353925e+01	7.374907e+16
2685	6.359815e+15	1.117967e+01	3.598749e+01	4.003736e+16
2686	6.360602e+15	1.072644e+01	3.740574e+01	5.993694e+16
2687	6.361337e+15	8.735004e+00	3.245777e+01	2.853249e+16
2688	6.362106e+15	9.706347e+00	3.396512e+01	3.702985e+16
2689	6.362878e+15	1.003256e+01	3.434536e+01	4.827454e+16
2690	6.363629e+15	1.024909e+01	3.322953e+01	2.989308e+16
2691	6.364374e+15	1.103808e+01	3.416440e+01	1.893374e+16
2692	6.365089e+15	1.044782e+01	3.327393e+01	2.612818e+16
2693	6.365798e+15	1.113445e+01	3.368938e+01	2.349174e+16
2694	6.366488e+15	1.201381e+01	3.350111e+01	2.354623e+16
2695	6.367156e+15	1.293411e+01	3.203532e+01	7.365103e+16
2696	6.367825e+15	1.401109e+01	3.240486e+01	3.756983e+16
2697	6.368485e+15	1.346247e+01	2.993598e+01	2.859099e+16
2698	6.369174e+15	1.384630e+01	2.997201e+01	2.526625e+16
2699	6.369861e+15	1.348993e+01	2.831242e+01	1.398141e+16
2700	6.370566e+15	1.386088e+01	2.795822e+01	1.129489e+16
2701	6.371290e+15	1.389851e+01	2.914752e+01	2.748799e+16
2702	6.372029e+15	1.334399e+01	2.830272e+01	1.488373e+16
2703	6.372782e+15	1.337998e+01	2.943217e+01	1.687636e+16
2704	6.373535e+15	1.411800e+01	3.073125e+01	1.905640e+16
2705	6.374264e+15	1.280116e+01	2.959352e+01	2.036111e+16
2706	6.375005e+15	1.436309e+01	3.181910e+01	4.873033e+16
2707	6.375722e+15	1.319990e+01	2.992761e+01	8.425319e+16
2708	6.376460e+15	1.376459e+01	3.227869e+01	7.287024e+16
2709	6.377184e+15	1.338006e+01	3.082755e+01	3.766911e+16
2710	6.377909e+15	1.265414e+01	2.849136e+01	1.169090e+17
2711	6.378683e+15	1.335312e+01	3.176286e+01	6.343134e+16
2712	6.379422e+15	1.363339e+01	3.226872e+01	5.234278e+16
2713	6.380121e+15	1.264202e+01	2.860800e+01	4.594072e+16
2714	6.380854e+15	1.297920e+01	3.009565e+01	3.655962e+16
2715	6.381575e+15	1.269813e+01	3.044942e+01	2.583633e+16
2716	6.382276e+15	1.248160e+01	2.935773e+01	5.205162e+16
2717	6.382981e+15	1.188907e+01	2.896729e+01	3.585598e+16
2718	6.383688e+15	1.105310e+01	2.684533e+01	4.052259e+16
2719	6.384434e+15	1.226842e+01	3.049857e+01	3.115549e+16
2720	6.385150e+15	1.069608e+01	2.606728e+01	1.994840e+16
2721	6.385925e+15	1.228894e+01	3.015886e+01	2.597148e+16
2722	6.386675e+15	1.298466e+01	3.154805e+01	4.636403e+16
2723	6.387383e+15	1.197370e+01	3.000824e+01	6.063886e+16
2724	6.388104e+15	1.226526e+01	3.209189e+01	4.622439e+16
2725	6.388813e+15	1.291945e+01	3.335078e+01	6.108471e+16
2726	6.389496e+15	1.276026e+01	3.352424e+01	4.610806e+16
2727	6.390163e+15	1.304019e+01	3.328874e+01	4.330782e+16
2728	6.390834e+15	1.340268e+01	3.510614e+01	5.575758e+16
2729	6.391478e+15	1.192552e+01	3.123370e+01	7.520626e+16
2730	6.392174e+15	1.349763e+01	3.252092e+01	4.518442e+16
2731	6.392863e+15	1.471625e+01	3.311434e+01	8.058864e+16
2732	6.393533e+15	1.449301e+01	3.281966e+01	5.121074e+16
2733	6.394194e+15	1.427223e+01	2.998638e+01	4.155959e+16
2734	6.394871e+15	1.406908e+01	2.968273e+01	3.480938e+16
2735	6.395573e+15	1.488742e+01	3.029214e+01	3.456813e+16
2736	6.396259e+15	1.502117e+01	2.974301e+01	2.991824e+16
2737	6.396935e+15	1.402828e+01	2.656101e+01	3.858756e+16
2738	6.397666e+15	1.380225e+01	2.582748e+01	3.328993e+16
2739	6.398440e+15	1.420938e+01	2.624848e+01	2.520135e+16
2740	6.399219e+15	1.342033e+01	2.377070e+01	2.264310e+16
2741	6.400054e+15	1.326776e+01	2.360461e+01	2.780601e+16
2742	6.400915e+15	1.347157e+01	2.491109e+01	3.052062e+16
2743	6.401763e+15	1.156380e+01	2.181900e+01	2.194400e+16
2744	6.402675e+15	1.178120e+01	2.289973e+01	1.608043e+16
2745	6.403585e+15	1.221069e+01	2.296762e+01	2.001914e+16
2746	6.404474e+15	1.182099e+01	2.180105e+01	1.617418e+16
2747	6.405378e+15	1.273555e+01	2.314987e+01	1.367069e+16
2748	6.406240e+15	1.149792e+01	2.198670e+01	1.751256e+16
2749	6.407107e+15	1.248039e+01	2.230911e+01	1.959816e+16
2750	6.407956e+15	1.285066e+01	2.336460e+01	3.407206e+16
2751	6.408761e+15	1.226714e+01	2.265876e+01	3.795192e+16
2752	6.409561e+15	1.243275e+01	2.401567e+01	5.642009e+16
2753	6.410334e+15	1.048610e+01	2.089684e+01	4.141072e+16
2754	6.411163e+15	1.185096e+01	2.471768e+01	4.440809e+16
2755	6.411944e+15	1.050691e+01	2.288076e+01	3.022524e+16
2756	6.412748e+15	1.112597e+01	2.424640e+01	5.430706e+16
2757	6.413549e+15	1.038379e+01	2.247439e+01	7.174057e+16
2758	6.414395e+15	1.020973e+01	2.300860e+01	5.621671e+16
2759	6.415265e+15	1.095501e+01	2.455250e+01	7.526427e+16
2760	6.416111e+15	1.062999e+01	2.292770e+01	3.457400e+16
2761	6.416977e+15	1.137247e+01	2.405589e+01	4.942428e+16
2762	6.417828e+15	1.138250e+01	2.393746e+01	5.680374e+16
2763	6.418664e+15	1.080807e+01	2.397126e+01	3.679066e+16
2764	6.419473e+15	1.060017e+01	2.360195e+01	3.484619e+16
2765	6.420274e+15	1.089981e+01	2.309712e+01	5.447065e+16
2766	6.421067e+15	1.100331e+01	2.206639e+01	5.654813e+16
2767	6.421864e+15	1.021396e+01	2.031780e+01	5.657746e+16
2768	6.422700e+15	1.099194e+01	2.156094e+01	3.247685e+16
2769	6.423505e+15	1.076869e+01	1.980468e+01	4.069453e+16
2770	6.424332e+15	1.143241e+01	2.011711e+01	3.383084e+16
2771	6.425144e+15	1.102770e+01	1.836408e+01	1.403481e+16
2772	6.425987e+15	1.104584e+01	1.785109e+01	1.691687e+16
2773	6.426832e+15	1.140166e+01	1.948897e+01	3.111527e+16
2774	6.427637e+15	1.156847e+01	2.212993e+01	6.169539e+16
2775	6.428401e+15	1.103874e+01	2.623259e+01	5.581504e+16
2776	6.429161e+15	1.190064e+01	3.260855e+01	1.507378e+17
2777	6.429860e+15	1.030039e+01	3.146917e+01	2.134543e+17
2778	6.430566e+15	1.140471e+01	3.575385e+01	1.447888e+17
2779	6.431229e+15	1.120343e+01	3.391039e+01	7.856220e+16
2780	6.431888e+15	1.135329e+01	3.532637e+01	4.015188e+16
2781	6.432546e+15	1.161979e+01	3.649404e+01	5.254526e+16
2782	6.433191e+15	1.118351e+01	3.759666e+01	6.709312e+16
2783	6.433819e+15	1.038761e+01	3.525572e+01	6.092127e+16
2784	6.434463e+15	1.011114e+01	3.559502e+01	4.314748e+16
2785	6.435120e+15	9.714753e+00	3.636106e+01	5.009728e+16
2786	6.435776e+15	9.746374e+00	3.571517e+01	5.006848e+16
2787	6.436437e+15	9.997267e+00	3.540089e+01	5.495256e+16
2788	6.437110e+15	9.987786e+00	3.446339e+01	5.260263e+16
2789	6.437801e+15	1.030429e+01	3.502411e+01	5.963328e+16
2790	6.438501e+15	1.021330e+01	3.431174e+01	3.535487e+16
2791	6.439219e+15	1.189130e+01	3.717189e+01	2.772105e+16
2792	6.439901e+15	1.165886e+01	3.299932e+01	1.805006e+16
2793	6.440591e+15	1.193694e+01	3.296986e+01	2.332670e+16
2794	6.441284e+15	1.162756e+01	3.347664e+01	2.124993e+16
2795	6.441958e+15	1.177604e+01	3.265961e+01	3.918273e+16
2796	6.442624e+15	1.357613e+01	3.241917e+01	2.435788e+16
2797	6.443276e+15	1.304394e+01	3.128092e+01	2.773688e+16
2798	6.443924e+15	1.259681e+01	2.784315e+01	2.587070e+16
2799	6.444591e+15	1.236141e+01	2.720487e+01	2.453100e+16
2800	6.445289e+15	1.238147e+01	2.813796e+01	5.665005e+16
2801	6.446001e+15	1.260920e+01	3.107334e+01	7.957878e+16
2802	6.446689e+15	1.242840e+01	3.073195e+01	7.743186e+16
2803	6.447377e+15	1.133606e+01	3.090906e+01	6.178514e+16
2804	6.448071e+15	1.137437e+01	3.258590e+01	4.737681e+16
2805	6.448752e+15	1.192859e+01	3.310815e+01	7.301151e+16
2806	6.449419e+15	1.185573e+01	3.216671e+01	8.191062e+16
2807	6.450090e+15	1.185102e+01	3.320655e+01	4.023395e+16
2808	6.450745e+15	1.235159e+01	3.168018e+01	3.188744e+16
2809	6.451401e+15	1.265944e+01	3.029009e+01	3.707804e+16
2810	6.452076e+15	1.221300e+01	2.916703e+01	2.284168e+16
2811	6.452778e+15	1.209486e+01	2.815256e+01	3.082645e+16
2812	6.453505e+15	1.223566e+01	2.838556e+01	2.097660e+16
2813	6.454240e+15	1.206487e+01	2.687329e+01	3.165078e+16
2814	6.454997e+15	1.257257e+01	2.758361e+01	6.082240e+16
2815	6.455750e+15	1.235641e+01	2.755229e+01	3.121249e+16
2816	6.456490e+15	1.203255e+01	2.650526e+01	3.142844e+16
2817	6.457254e+15	1.264582e+01	2.529304e+01	3.321098e+16
2818	6.458047e+15	1.262162e+01	2.627261e+01	3.367649e+16
2819	6.458837e+15	1.159795e+01	2.502017e+01	2.642100e+16
2820	6.459649e+15	1.164101e+01	2.455873e+01	4.012104e+16
2821	6.460484e+15	1.119458e+01	2.399554e+01	1.456641e+16
2822	6.461343e+15	1.046003e+01	2.391480e+01	2.689132e+16
2823	6.462226e+15	8.268847e+00	2.078339e+01	1.262762e+16
2824	6.463220e+15	9.599660e+00	2.470631e+01	4.161511e+16
2825	6.464159e+15	9.046156e+00	2.683111e+01	2.691049e+16
2826	6.465023e+15	7.965755e+00	2.797236e+01	6.444380e+16
2827	6.465810e+15	5.335452e+00	2.429659e+01	3.955834e+16
2828	6.466620e+15	6.536708e+00	2.617623e+01	5.692768e+16
2829	6.467412e+15	5.982886e+00	2.368855e+01	3.683271e+16
2830	6.468232e+15	6.439865e+00	2.493373e+01	1.974571e+16
2831	6.469020e+15	6.679927e+00	2.386102e+01	1.471900e+16
2832	6.469794e+15	7.174251e+00	2.499631e+01	2.849231e+16
2833	6.470521e+15	6.653544e+00	2.450617e+01	4.203504e+16
2834	6.471216e+15	5.947744e+00	2.344707e+01	1.993481e+16
2835	6.471905e+15	5.553644e+00	2.188775e+01	1.094169e+16
2836	6.472618e+15	5.603796e+00	2.202466e+01	2.005317e+16
2837	6.473337e+15	5.999173e+00	2.195772e+01	2.688002e+16
2838	6.474042e+15	6.846336e+00	2.166694e+01	8.288902e+15
2839	6.474724e+15	6.468829e+00	1.804070e+01	1.162515e+16
2840	6.475467e+15	6.705544e+00	2.081244e+01	1.681897e+16
2841	6.476174e+15	6.632639e+00	2.130960e+01	2.355554e+16
2842	6.476849e+15	5.675361e+00	1.735855e+01	1.382728e+16
2843	6.477605e+15	6.745743e+00	1.984699e+01	1.238606e+16
2844	6.478360e+15	6.584289e+00	2.129600e+01	1.048471e+16
2845	6.479109e+15	6.224277e+00	2.416250e+01	3.144180e+16
2846	6.479815e+15	5.680367e+00	2.170921e+01	8.815872e+16
2847	6.480569e+15	6.071456e+00	2.543428e+01	9.168349e+16
2848	6.481287e+15	5.677733e+00	2.521140e+01	6.074231e+16
2849	6.482001e+15	5.976098e+00	2.679421e+01	6.350276e+16
2850	6.482701e+15	5.686935e+00	2.341062e+01	6.689625e+16
2851	6.483454e+15	5.720770e+00	2.584516e+01	4.055901e+16
2852	6.484221e+15	5.727251e+00	2.768515e+01	5.208407e+16
2853	6.484982e+15	5.769377e+00	2.526349e+01	4.604875e+16
2854	6.485795e+15	6.843468e+00	2.961966e+01	7.565751e+16
2855	6.486554e+15	5.807033e+00	2.374414e+01	4.706512e+16
2856	6.487410e+15	6.899395e+00	2.690980e+01	5.174019e+16
2857	6.488253e+15	7.147316e+00	2.498845e+01	4.116474e+16
2858	6.489130e+15	8.159220e+00	2.518592e+01	3.004729e+16
2859	6.490040e+15	9.673776e+00	2.917068e+01	4.725947e+16
2860	6.490872e+15	9.710083e+00	2.816038e+01	6.717212e+16
2861	6.491682e+15	9.199181e+00	2.692293e+01	4.691653e+16
2862	6.492513e+15	9.610995e+00	2.955570e+01	7.441052e+16
2863	6.493316e+15	8.575414e+00	2.644223e+01	4.922853e+16
2864	6.494175e+15	1.042639e+01	3.280907e+01	4.976826e+16
2865	6.494960e+15	8.718683e+00	2.663808e+01	5.352353e+16
2866	6.495821e+15	9.762958e+00	2.852713e+01	4.650486e+16
2867	6.496700e+15	1.048607e+01	2.935464e+01	2.692867e+16
2868	6.497565e+15	1.067925e+01	2.884132e+01	5.042106e+16
2869	6.498419e+15	1.146971e+01	3.008503e+01	2.244143e+16
2870	6.499226e+15	1.115847e+01	2.831852e+01	2.701930e+16
2871	6.500025e+15	1.098437e+01	2.716393e+01	2.896614e+16
2872	6.500832e+15	1.171893e+01	2.755437e+01	2.393442e+16
2873	6.501628e+15	1.125522e+01	2.302392e+01	2.132075e+16
2874	6.502505e+15	1.220644e+01	2.552432e+01	3.548393e+16
2875	6.503366e+15	1.134514e+01	2.366916e+01	1.470059e+16
2876	6.504239e+15	1.127342e+01	2.481282e+01	2.798821e+16
2877	6.505095e+15	1.211061e+01	2.804333e+01	2.863869e+16
2878	6.505846e+15	1.064885e+01	2.622341e+01	3.307589e+16
2879	6.506556e+15	7.802592e+00	2.016180e+01	5.276833e+16
2880	6.507408e+15	1.028640e+01	2.863158e+01	7.156483e+16
2881	6.508202e+15	9.925895e+00	3.070521e+01	5.785578e+16
2882	6.508929e+15	8.528152e+00	2.491452e+01	7.408286e+16
2883	6.509749e+15	1.040173e+01	2.961015e+01	1.131576e+17
2884	6.510561e+15	1.006919e+01	2.876662e+01	7.176661e+16
2885	6.511377e+15	8.743730e+00	3.092913e+01	6.205766e+16
2886	6.512128e+15	8.816790e+00	3.063389e+01	4.075937e+16
2887	6.512843e+15	8.469319e+00	2.943951e+01	2.502087e+16
2888	6.513556e+15	8.669764e+00	2.925444e+01	3.224855e+16
2889	6.514265e+15	8.406891e+00	2.753662e+01	3.824179e+16
2890	6.515003e+15	9.205573e+00	2.790618e+01	3.402170e+16
2891	6.515748e+15	1.013572e+01	2.812893e+01	3.569229e+16
2892	6.516487e+15	1.034071e+01	2.709728e+01	3.013442e+16
2893	6.517228e+15	1.093890e+01	2.675247e+01	1.212359e+16
2894	6.517971e+15	1.136454e+01	2.529713e+01	4.139636e+16
2895	6.518752e+15	1.137969e+01	2.521065e+01	4.050278e+16
2896	6.519546e+15	1.125845e+01	2.523513e+01	6.548890e+16
2897	6.520344e+15	1.168569e+01	2.516803e+01	4.868057e+16
2898	6.521155e+15	1.105816e+01	2.606869e+01	2.807186e+16
2899	6.521962e+15	1.011490e+01	2.526347e+01	5.115784e+16
2900	6.522800e+15	1.205959e+01	2.907921e+01	5.593450e+16
2901	6.523572e+15	1.149670e+01	2.668978e+01	4.494679e+16
2902	6.524373e+15	1.391275e+01	3.019164e+01	3.868635e+16
2903	6.525120e+15	1.368349e+01	2.669512e+01	2.855272e+16
2904	6.525891e+15	1.292797e+01	2.848591e+01	4.034154e+16
2905	6.526631e+15	1.076714e+01	2.546086e+01	3.417139e+16
2906	6.527419e+15	1.205587e+01	2.765545e+01	2.953316e+16
2907	6.528202e+15	1.265612e+01	2.838520e+01	5.492653e+16
2908	6.528984e+15	1.205593e+01	2.720279e+01	4.028104e+16
2909	6.529806e+15	1.323983e+01	2.979910e+01	6.715159e+16
2910	6.530603e+15	1.357225e+01	3.029043e+01	7.106988e+16
2911	6.531363e+15	1.260576e+01	2.813485e+01	1.714765e+16
2912	6.532134e+15	1.365061e+01	2.955500e+01	3.195114e+16
2913	6.532887e+15	1.288219e+01	2.713272e+01	2.606006e+16
2914	6.533663e+15	1.372253e+01	2.870302e+01	3.576611e+16
2915	6.534421e+15	1.281914e+01	2.724933e+01	2.467418e+16
2916	6.535187e+15	1.229724e+01	2.647773e+01	3.682154e+16
2917	6.535981e+15	1.290871e+01	2.716382e+01	3.540010e+16
2918	6.536770e+15	1.149250e+01	2.520731e+01	3.967438e+16
2919	6.537613e+15	1.265680e+01	2.707413e+01	3.446521e+16
2920	6.538435e+15	1.312277e+01	2.575842e+01	2.117574e+16
2921	6.539252e+15	1.262137e+01	2.676024e+01	9.432170e+15
2922	6.540043e+15	1.224095e+01	2.726828e+01	1.441627e+16
2923	6.540819e+15	1.373822e+01	3.233132e+01	4.878046e+16
2924	6.541535e+15	1.155563e+01	3.172910e+01	1.021877e+17
2925	6.542238e+15	1.198660e+01	3.164667e+01	1.132705e+17
2926	6.542959e+15	1.202519e+01	3.052255e+01	7.274348e+16
2927	6.543708e+15	1.288755e+01	3.338255e+01	8.436904e+16
2928	6.544460e+15	1.415881e+01	3.561048e+01	1.239321e+17
2929	6.545193e+15	1.304532e+01	3.388892e+01	6.701289e+16
2930	6.545935e+15	1.356234e+01	3.459778e+01	8.768331e+16
2931	6.546677e+15	1.323798e+01	3.270367e+01	3.087708e+16
2932	6.547449e+15	1.385543e+01	3.597992e+01	4.622743e+16
2933	6.548212e+15	1.377668e+01	3.560945e+01	4.550463e+16
2934	6.548967e+15	1.265895e+01	3.430140e+01	4.926284e+16
2935	6.549740e+15	1.375037e+01	3.746497e+01	3.947605e+16
2936	6.550474e+15	1.338284e+01	3.478043e+01	3.454860e+16
2937	6.551213e+15	1.592913e+01	3.882621e+01	3.338089e+16
2938	6.551899e+15	1.358341e+01	3.368570e+01	3.062777e+16
2939	6.552613e+15	1.283712e+01	3.347056e+01	4.008386e+16
2940	6.553350e+15	1.445436e+01	3.760987e+01	4.220537e+16
2941	6.554031e+15	1.356045e+01	3.277076e+01	5.843176e+16
2942	6.554735e+15	1.444496e+01	3.331967e+01	2.440976e+16
2943	6.555439e+15	1.368557e+01	3.089198e+01	3.450211e+16
2944	6.556177e+15	1.493884e+01	3.385150e+01	3.123991e+16
2945	6.556891e+15	1.651388e+01	3.612340e+01	3.987538e+16
2946	6.557543e+15	1.361013e+01	3.304794e+01	3.796521e+16
2947	6.558197e+15	1.267320e+01	3.149253e+01	3.957957e+16
2948	6.558867e+15	1.405016e+01	3.432413e+01	3.232979e+16
2949	6.559521e+15	1.388169e+01	3.649125e+01	2.897352e+16
2950	6.560146e+15	1.089626e+01	2.892960e+01	2.908816e+16
2951	6.560863e+15	1.328435e+01	3.520196e+01	2.304938e+16
2952	6.561558e+15	1.332774e+01	3.588480e+01	4.388141e+16
2953	6.562212e+15	1.225856e+01	3.269994e+01	3.533093e+16
2954	6.562876e+15	1.269911e+01	3.335063e+01	2.615641e+16
2955	6.563540e+15	1.199573e+01	3.044945e+01	2.370030e+16
2956	6.564244e+15	1.445302e+01	3.507935e+01	4.132364e+16
2957	6.564890e+15	1.376605e+01	3.213729e+01	2.382164e+16
2958	6.565538e+15	1.467239e+01	3.331451e+01	3.726592e+16
2959	6.566172e+15	1.386626e+01	2.880221e+01	4.875750e+16
2960	6.566858e+15	1.623306e+01	3.229109e+01	3.608881e+16
2961	6.567514e+15	1.420977e+01	2.851292e+01	4.954687e+16
2962	6.568218e+15	1.699529e+01	3.122443e+01	4.032066e+16
2963	6.568888e+15	1.615922e+01	2.877631e+01	3.885567e+16
2964	6.569583e+15	1.746150e+01	2.902767e+01	2.302230e+16
2965	6.570290e+15	1.593632e+01	2.752627e+01	4.231879e+16
2966	6.571013e+15	1.557540e+01	2.802462e+01	3.790396e+16
2967	6.571755e+15	1.579246e+01	2.774706e+01	4.446436e+16
2968	6.572502e+15	1.610035e+01	2.662997e+01	3.426132e+16
2969	6.573266e+15	1.693250e+01	2.755175e+01	4.047896e+16
2970	6.574009e+15	1.667425e+01	2.721955e+01	2.708693e+16
2971	6.574746e+15	1.778887e+01	2.708916e+01	2.780419e+16
2972	6.575476e+15	1.660014e+01	2.671870e+01	4.045780e+16
2973	6.576202e+15	1.518452e+01	2.460031e+01	2.539010e+16
2974	6.576973e+15	1.473281e+01	2.281321e+01	2.474738e+16
2975	6.577786e+15	1.477551e+01	2.194307e+01	1.795384e+16
2976	6.578614e+15	1.676012e+01	2.328968e+01	2.566760e+16
2977	6.579402e+15	1.421993e+01	1.947987e+01	3.564889e+16
2978	6.580275e+15	1.499286e+01	2.145807e+01	3.247477e+16
2979	6.581144e+15	1.296125e+01	1.975831e+01	2.850651e+16
2980	6.582073e+15	1.322758e+01	2.199999e+01	4.977666e+16
2981	6.582944e+15	1.180606e+01	2.034806e+01	2.731295e+16
2982	6.583843e+15	1.228255e+01	2.044976e+01	1.724500e+16
2983	6.584739e+15	1.227482e+01	2.078884e+01	3.125586e+16
2984	6.585612e+15	1.111125e+01	1.921444e+01	3.116362e+16
2985	6.586550e+15	1.388536e+01	2.345256e+01	2.604355e+16
2986	6.587402e+15	1.200086e+01	2.170886e+01	3.852812e+16
2987	6.588249e+15	1.066190e+01	2.016534e+01	2.319427e+16
2988	6.589155e+15	1.260537e+01	2.499031e+01	5.331586e+16
2989	6.590003e+15	1.235129e+01	2.742362e+01	3.733256e+16
2990	6.590760e+15	9.019277e+00	2.002301e+01	6.711339e+16
2991	6.591627e+15	1.170565e+01	2.704729e+01	7.595534e+16
2992	6.592453e+15	1.114475e+01	2.684319e+01	3.225985e+16
2993	6.593269e+15	1.154622e+01	2.819576e+01	3.407153e+16
2994	6.594031e+15	1.088864e+01	2.493679e+01	2.718751e+16
2995	6.594824e+15	1.215016e+01	2.776737e+01	9.854777e+15
2996	6.595578e+15	1.069264e+01	2.525821e+01	2.795318e+16
2997	6.596354e+15	1.142344e+01	2.654667e+01	4.537593e+16
2998	6.597110e+15	9.900514e+00	2.352327e+01	1.430493e+16
2999	6.597905e+15	1.193555e+01	2.896384e+01	2.596236e+16
3000	6.598628e+15	1.075307e+01	2.473350e+01	2.349982e+16
3001	6.599367e+15	9.932690e+00	2.171625e+01	2.283231e+16
3002	6.600181e+15	1.312359e+01	2.698335e+01	3.131177e+16
3003	6.600923e+15	1.109915e+01	2.302707e+01	3.037173e+16
3004	6.601700e+15	1.105105e+01	2.364838e+01	1.186818e+16
3005	6.602480e+15	1.043489e+01	2.332476e+01	1.876904e+16
3006	6.603259e+15	1.056165e+01	2.603983e+01	2.422767e+16
3007	6.603993e+15	9.706017e+00	2.482673e+01	4.457401e+16
3008	6.604735e+15	8.710933e+00	2.383027e+01	6.218904e+16
3009	6.605544e+15	1.066979e+01	2.779567e+01	4.691630e+16
3010	6.606320e+15	8.990857e+00	2.307102e+01	2.998330e+16
3011	6.607166e+15	9.501477e+00	2.508051e+01	7.792079e+16
3012	6.608019e+15	1.126463e+01	2.805680e+01	4.751028e+16
3013	6.608805e+15	9.833934e+00	2.393585e+01	4.654603e+16
3014	6.609652e+15	1.206949e+01	2.638771e+01	5.265584e+16
3015	6.610476e+15	1.193769e+01	2.446583e+01	7.465653e+16
3016	6.611319e+15	1.305535e+01	2.492742e+01	6.053122e+16
3017	6.612149e+15	1.214350e+01	2.293680e+01	3.179845e+16
3018	6.613005e+15	1.197825e+01	2.287977e+01	3.923707e+16
3019	6.613868e+15	1.164283e+01	2.185452e+01	3.350877e+16
3020	6.614759e+15	1.138239e+01	2.151637e+01	2.682160e+16
3021	6.615657e+15	9.882029e+00	2.025549e+01	2.000077e+16
3022	6.616598e+15	1.114420e+01	2.337465e+01	2.203740e+16
3023	6.617486e+15	1.077249e+01	2.211587e+01	4.563579e+16
3024	6.618347e+15	8.627423e+00	1.778979e+01	3.985026e+16
3025	6.619325e+15	1.030075e+01	2.076495e+01	2.581441e+16
3026	6.620271e+15	9.425879e+00	1.923299e+01	3.493666e+16
3027	6.621240e+15	1.083614e+01	2.147786e+01	3.159163e+16
3028	6.622128e+15	9.078081e+00	1.969783e+01	4.366138e+16
3029	6.623017e+15	7.875013e+00	1.913985e+01	3.006119e+16
3030	6.623947e+15	8.525510e+00	2.088419e+01	3.102561e+16
3031	6.624861e+15	8.371532e+00	2.148740e+01	2.637044e+16
3032	6.625743e+15	8.672662e+00	2.298525e+01	2.220896e+16
3033	6.626567e+15	8.475888e+00	2.277160e+01	2.634010e+16
3034	6.627361e+15	8.734842e+00	2.297838e+01	3.103421e+16
3035	6.628135e+15	8.500385e+00	2.265667e+01	3.036025e+16
3036	6.628897e+15	9.057842e+00	2.309010e+01	2.259125e+16
3037	6.629638e+15	9.053246e+00	2.203779e+01	1.419550e+16
3038	6.630384e+15	9.533696e+00	2.240205e+01	1.457974e+16
3039	6.631123e+15	1.000041e+01	2.197916e+01	2.347853e+16
3040	6.631861e+15	1.093860e+01	2.270792e+01	2.032326e+16
3041	6.632568e+15	1.139597e+01	2.169407e+01	1.579353e+16
3042	6.633283e+15	1.190212e+01	2.148837e+01	1.608018e+16
3043	6.634008e+15	1.301098e+01	2.248779e+01	2.314341e+16
3044	6.634718e+15	1.283260e+01	2.124793e+01	4.373432e+16
3045	6.635440e+15	1.475227e+01	2.280585e+01	2.686529e+16
3046	6.636138e+15	1.423635e+01	2.116371e+01	2.528284e+16
3047	6.636853e+15	1.506470e+01	2.196284e+01	1.196928e+16
3048	6.637564e+15	1.456346e+01	2.145959e+01	2.213282e+16
3049	6.638285e+15	1.560067e+01	2.289984e+01	2.610638e+16
3050	6.638977e+15	1.522734e+01	2.176143e+01	1.416212e+16
3051	6.639679e+15	1.430588e+01	2.194808e+01	2.341629e+16
3052	6.640402e+15	1.515528e+01	2.186647e+01	4.037997e+16
3053	6.641129e+15	1.615328e+01	2.170761e+01	3.665941e+16
3054	6.641853e+15	1.658630e+01	2.188807e+01	4.947358e+16
3055	6.642578e+15	1.523581e+01	2.112596e+01	3.041158e+16
3056	6.643320e+15	1.548240e+01	2.150500e+01	3.224569e+16
3057	6.644053e+15	1.578874e+01	2.103198e+01	2.004427e+16
3058	6.644771e+15	1.480224e+01	2.001943e+01	8.363684e+15
3059	6.645499e+15	1.468186e+01	1.996732e+01	1.320472e+16
3060	6.646226e+15	1.509849e+01	2.002374e+01	2.316344e+16
3061	6.646947e+15	1.388481e+01	1.869583e+01	1.459595e+16
3062	6.647689e+15	1.470939e+01	1.974156e+01	1.426689e+16
3063	6.648394e+15	1.349804e+01	1.862593e+01	1.025857e+16
3064	6.649107e+15	1.223406e+01	1.721998e+01	2.106697e+16
3065	6.649869e+15	1.386181e+01	1.942876e+01	1.744613e+16
3066	6.650587e+15	1.241366e+01	1.689371e+01	2.353216e+16
3067	6.651336e+15	1.362635e+01	1.943942e+01	1.977171e+16
3068	6.652046e+15	1.239575e+01	1.713007e+01	1.191736e+16
3069	6.652797e+15	1.330189e+01	1.809298e+01	2.625034e+16
3070	6.653552e+15	1.355161e+01	1.713056e+01	2.736975e+16
3071	6.654303e+15	1.268534e+01	1.675580e+01	4.831632e+16
3072	6.655062e+15	1.250418e+01	1.651360e+01	2.557675e+16
3073	6.655831e+15	1.219644e+01	1.590036e+01	1.564234e+16
3074	6.656620e+15	1.288118e+01	1.638358e+01	1.250356e+16
3075	6.657395e+15	1.287371e+01	1.550977e+01	2.708920e+16
3076	6.658194e+15	1.315183e+01	1.573696e+01	3.580065e+16
3077	6.658996e+15	1.281981e+01	1.550277e+01	2.668273e+16
3078	6.659803e+15	1.325535e+01	1.545539e+01	6.162861e+16
3079	6.660614e+15	1.207769e+01	1.451307e+01	4.756884e+16
3080	6.661467e+15	1.260649e+01	1.530197e+01	5.404982e+16
3081	6.662327e+15	1.271852e+01	1.540929e+01	5.187948e+16
3082	6.663180e+15	1.114993e+01	1.305010e+01	4.267317e+16
3083	6.664132e+15	1.222000e+01	1.530855e+01	3.780660e+16
3084	6.665063e+15	1.112535e+01	1.423869e+01	4.085794e+16
3085	6.665993e+15	1.059052e+01	1.426993e+01	3.990002e+16
3086	6.666952e+15	1.369160e+01	1.669837e+01	3.275938e+16
3087	6.667807e+15	1.225363e+01	1.456159e+01	2.263469e+16
3088	6.668680e+15	1.166023e+01	1.439690e+01	4.278246e+16
3089	6.669571e+15	1.225492e+01	1.510500e+01	1.674102e+16
3090	6.670419e+15	1.189725e+01	1.482012e+01	3.855966e+16
3091	6.671259e+15	1.162607e+01	1.483988e+01	2.421448e+16
3092	6.672077e+15	1.312449e+01	1.648033e+01	2.357118e+16
3093	6.672801e+15	1.130697e+01	1.382226e+01	2.210592e+16
3094	6.673561e+15	1.226670e+01	1.486936e+01	2.017435e+16
3095	6.674321e+15	1.200381e+01	1.524128e+01	3.315537e+16
3096	6.675093e+15	1.134878e+01	1.517182e+01	3.360441e+16
3097	6.675878e+15	1.233201e+01	1.606381e+01	2.372210e+16
3098	6.676644e+15	1.216028e+01	1.574074e+01	2.299857e+16
3099	6.677398e+15	1.297617e+01	1.730833e+01	3.611735e+16
3100	6.678113e+15	1.417463e+01	1.719297e+01	2.266948e+16
3101	6.678821e+15	1.529162e+01	1.747194e+01	3.310161e+16
3102	6.679520e+15	1.538386e+01	1.747558e+01	2.468977e+16
3103	6.680220e+15	1.443351e+01	1.700557e+01	2.866926e+16
3104	6.680932e+15	1.311639e+01	1.633223e+01	3.119109e+16
3105	6.681663e+15	1.406186e+01	1.726502e+01	2.282513e+16
3106	6.682379e+15	1.452761e+01	1.529743e+01	2.154490e+16
3107	6.683114e+15	1.550984e+01	1.588874e+01	4.016092e+16
3108	6.683852e+15	1.442492e+01	1.469163e+01	2.303684e+16
3109	6.684652e+15	1.628810e+01	1.651570e+01	2.291768e+16
3110	6.685429e+15	1.556317e+01	1.598715e+01	1.738059e+16
3111	6.686200e+15	1.497987e+01	1.620980e+01	2.308863e+16
3112	6.686957e+15	1.366503e+01	1.574519e+01	2.747924e+16
3113	6.687722e+15	1.254640e+01	1.585500e+01	1.643324e+16
3114	6.688484e+15	1.283027e+01	1.629915e+01	1.709991e+16
3115	6.689217e+15	1.218977e+01	1.508450e+01	2.031510e+16
3116	6.689970e+15	1.339827e+01	1.669133e+01	1.460475e+16
3117	6.690689e+15	1.161961e+01	1.466260e+01	2.225077e+16
3118	6.691447e+15	1.166848e+01	1.386113e+01	8.209506e+15
3119	6.692266e+15	1.280162e+01	1.606489e+01	2.346632e+16
3120	6.693049e+15	1.153129e+01	1.493860e+01	1.663912e+16
3121	6.693880e+15	1.218692e+01	1.674513e+01	4.544107e+16
3122	6.694706e+15	1.282523e+01	1.665278e+01	5.697153e+16
3123	6.695525e+15	1.265041e+01	1.662894e+01	6.072389e+16
3124	6.696356e+15	1.244598e+01	1.657897e+01	2.365122e+16
3125	6.697213e+15	1.220555e+01	1.647530e+01	4.358077e+16
3126	6.698093e+15	1.384965e+01	1.966407e+01	3.874546e+16
3127	6.698897e+15	1.131260e+01	1.656514e+01	2.636719e+16
3128	6.699768e+15	1.288218e+01	2.081553e+01	7.417675e+16
3129	6.700588e+15	1.126247e+01	2.017584e+01	4.897211e+16
3130	6.701402e+15	1.082375e+01	1.994692e+01	4.172699e+16
3131	6.702222e+15	1.072190e+01	2.104089e+01	6.121635e+16
3132	6.703006e+15	1.025770e+01	2.019741e+01	4.162691e+16
3133	6.703795e+15	1.016590e+01	2.005982e+01	4.999140e+16
3134	6.704602e+15	1.268422e+01	2.478767e+01	3.228411e+16
3135	6.705315e+15	9.620670e+00	1.895016e+01	4.086881e+16
3136	6.706115e+15	1.040106e+01	2.140068e+01	2.528755e+16
3137	6.706908e+15	1.082593e+01	2.432247e+01	4.016511e+16
3138	6.707645e+15	8.952691e+00	2.152377e+01	2.678059e+16
3139	6.708405e+15	9.573836e+00	2.241984e+01	2.164100e+16
3140	6.709170e+15	1.035070e+01	2.482849e+01	5.150886e+16
3141	6.709888e+15	9.749339e+00	2.337406e+01	4.538732e+16
3142	6.710614e+15	1.013346e+01	2.407225e+01	3.932252e+16
3143	6.711317e+15	1.106465e+01	2.275873e+01	3.849519e+16
3144	6.712042e+15	1.110234e+01	2.252564e+01	1.425346e+16
3145	6.712782e+15	1.145752e+01	2.201629e+01	2.763400e+16
3146	6.713532e+15	1.179571e+01	2.249666e+01	1.850645e+16
3147	6.714285e+15	1.248413e+01	2.307813e+01	4.580240e+16
3148	6.715031e+15	1.290626e+01	2.299803e+01	2.827529e+16
3149	6.715770e+15	1.298203e+01	2.250570e+01	3.781646e+16
3150	6.716502e+15	1.234813e+01	2.179073e+01	3.372968e+16
3151	6.717247e+15	1.321706e+01	2.262764e+01	5.853971e+16
3152	6.717972e+15	1.357820e+01	2.222568e+01	2.562293e+16
3153	6.718709e+15	1.373961e+01	2.210776e+01	3.486279e+16
3154	6.719454e+15	1.495007e+01	2.326730e+01	2.565570e+16
3155	6.720167e+15	1.215155e+01	2.031201e+01	3.168120e+16
3156	6.720933e+15	1.249856e+01	2.023353e+01	2.524754e+16
3157	6.721710e+15	1.257483e+01	1.989158e+01	2.094621e+16
3158	6.722480e+15	1.298684e+01	1.960762e+01	2.653891e+16
3159	6.723261e+15	1.341666e+01	1.897170e+01	1.707063e+16
3160	6.724072e+15	1.352998e+01	1.902639e+01	4.230474e+16
3161	6.724885e+15	1.324420e+01	1.867359e+01	3.131947e+16
3162	6.725706e+15	1.269274e+01	1.832899e+01	2.617776e+16
3163	6.726540e+15	1.135275e+01	1.770829e+01	2.149421e+16
3164	6.727401e+15	1.146426e+01	1.827890e+01	3.036400e+16
3165	6.728249e+15	1.048918e+01	1.749531e+01	2.478573e+16
3166	6.729114e+15	9.241514e+00	1.789789e+01	3.965772e+16
3167	6.729998e+15	9.521746e+00	1.892536e+01	2.946076e+16
3168	6.730855e+15	9.016290e+00	1.765884e+01	4.078791e+16
3169	6.731709e+15	1.068187e+01	2.012824e+01	3.392700e+16
3170	6.732497e+15	8.209893e+00	1.560949e+01	3.262465e+16
3171	6.733391e+15	9.343266e+00	1.829232e+01	4.554036e+16
3172	6.734269e+15	9.289930e+00	1.719137e+01	3.000273e+16
3173	6.735153e+15	9.917187e+00	1.729184e+01	5.225639e+16
3174	6.736048e+15	9.100320e+00	1.760313e+01	3.717204e+16
3175	6.736945e+15	1.046007e+01	2.005623e+01	4.820920e+16
3176	6.737795e+15	1.052861e+01	1.944086e+01	2.974988e+16
3177	6.738654e+15	1.032654e+01	2.125261e+01	5.832902e+16
3178	6.739485e+15	1.022827e+01	1.964742e+01	5.003447e+16
3179	6.740355e+15	1.139380e+01	2.185132e+01	8.619250e+16
3180	6.741202e+15	1.105464e+01	2.166241e+01	9.470712e+16
3181	6.742048e+15	1.068459e+01	2.137504e+01	8.279415e+16
3182	6.742903e+15	1.091880e+01	2.273311e+01	6.092422e+16
3183	6.743739e+15	1.025462e+01	2.281876e+01	6.001315e+16
3184	6.744567e+15	9.044631e+00	2.207689e+01	5.633666e+16
3185	6.745421e+15	9.783587e+00	2.386766e+01	4.605538e+16
3186	6.746246e+15	9.968195e+00	2.324923e+01	6.214285e+16
3187	6.747072e+15	9.822351e+00	2.369022e+01	8.538337e+16
3188	6.747892e+15	9.839167e+00	2.303432e+01	7.980655e+16
3189	6.748717e+15	1.015105e+01	2.404497e+01	7.509412e+16
3190	6.749525e+15	1.016949e+01	2.350064e+01	4.389891e+16
3191	6.750334e+15	9.736201e+00	2.241959e+01	5.448314e+16
3192	6.751163e+15	9.925159e+00	2.337330e+01	7.110288e+16
3193	6.751972e+15	9.075950e+00	2.212111e+01	4.212967e+16
3194	6.752793e+15	8.746784e+00	2.215976e+01	3.483029e+16
3195	6.753614e+15	8.337366e+00	2.208535e+01	4.504170e+16
3196	6.754433e+15	8.869763e+00	2.354712e+01	3.106618e+16
3197	6.755214e+15	8.485572e+00	2.147644e+01	3.652166e+16
3198	6.756024e+15	9.485588e+00	2.299545e+01	5.007315e+16
3199	6.756822e+15	1.007050e+01	2.218028e+01	3.669658e+16
3200	6.757623e+15	8.937330e+00	2.219364e+01	2.468560e+16
3201	6.758421e+15	9.207913e+00	2.193078e+01	2.745984e+16
3202	6.759221e+15	9.577995e+00	2.307331e+01	2.480769e+16
3203	6.759990e+15	9.231814e+00	2.183836e+01	2.019902e+16
3204	6.760769e+15	9.869765e+00	2.206749e+01	2.633067e+16
3205	6.761538e+15	9.766958e+00	2.023950e+01	2.386151e+16
3206	6.762314e+15	1.025315e+01	1.997603e+01	3.317454e+16
3207	6.763084e+15	1.071615e+01	2.027907e+01	2.210222e+16
3208	6.763827e+15	1.037428e+01	1.851616e+01	2.668805e+16
3209	6.764609e+15	1.127502e+01	1.960216e+01	2.323013e+16
3210	6.765384e+15	1.082003e+01	1.895703e+01	3.014719e+16
3211	6.766164e+15	1.183406e+01	1.996932e+01	3.374668e+16
3212	6.766919e+15	9.563556e+00	1.671829e+01	3.746552e+16
3213	6.767753e+15	9.584235e+00	1.813628e+01	2.565337e+16
3214	6.768597e+15	1.019190e+01	1.814046e+01	2.032509e+16
3215	6.769434e+15	1.026236e+01	1.661071e+01	2.209820e+16
3216	6.770311e+15	1.058620e+01	1.840523e+01	3.259755e+16
3217	6.771129e+15	8.883974e+00	1.747381e+01	1.808169e+16
3218	6.771945e+15	8.350203e+00	1.821817e+01	1.787181e+16
3219	6.772743e+15	8.517530e+00	1.780156e+01	2.845419e+16
3220	6.773563e+15	8.157776e+00	1.845686e+01	2.461692e+16
3221	6.774384e+15	8.301500e+00	2.026597e+01	3.307564e+16
3222	6.775158e+15	9.259379e+00	2.055437e+01	4.763659e+16
3223	6.775925e+15	9.281310e+00	2.081660e+01	3.977681e+16
3224	6.776698e+15	9.347722e+00	2.149515e+01	6.488664e+16
3225	6.777453e+15	9.763724e+00	2.137465e+01	7.699315e+16
3226	6.778203e+15	1.057312e+01	2.217194e+01	6.547617e+16
3227	6.778927e+15	1.076361e+01	2.063781e+01	2.163774e+16
3228	6.779671e+15	1.121027e+01	2.227928e+01	6.667671e+16
3229	6.780403e+15	1.087883e+01	2.115240e+01	5.994761e+16
3230	6.781166e+15	1.188539e+01	2.134955e+01	5.564912e+16
3231	6.781928e+15	1.279406e+01	2.176092e+01	4.116584e+16
3232	6.782666e+15	1.210079e+01	2.080554e+01	4.122523e+16
3233	6.783426e+15	1.373196e+01	2.271337e+01	3.400287e+16
3234	6.784159e+15	1.309173e+01	2.099387e+01	5.498835e+16
3235	6.784904e+15	1.262371e+01	2.135198e+01	4.881886e+16
3236	6.785648e+15	1.199939e+01	1.992833e+01	3.335399e+16
3237	6.786420e+15	1.363357e+01	2.168495e+01	4.665655e+16
3238	6.787174e+15	1.331849e+01	2.133648e+01	2.241223e+16
3239	6.787930e+15	1.275944e+01	2.082165e+01	3.514721e+16
3240	6.788707e+15	1.352305e+01	2.256800e+01	2.620195e+16
3241	6.789460e+15	1.178824e+01	2.019685e+01	5.342755e+16
3242	6.790283e+15	1.280619e+01	2.207156e+01	8.139152e+16
3243	6.791111e+15	1.207829e+01	2.066158e+01	8.849379e+16
3244	6.791990e+15	1.318727e+01	2.351237e+01	8.628081e+16
3245	6.792838e+15	1.284419e+01	2.328654e+01	5.473933e+16
3246	6.793678e+15	1.355823e+01	2.460155e+01	3.585399e+16
3247	6.794488e+15	1.393375e+01	2.391885e+01	5.621051e+16
3248	6.795294e+15	1.403692e+01	2.367365e+01	7.309209e+16
3249	6.796104e+15	1.457736e+01	2.417987e+01	2.492905e+16
3250	6.796891e+15	1.373623e+01	2.348683e+01	2.142060e+16
3251	6.797686e+15	1.315880e+01	2.259063e+01	3.111478e+16
3252	6.798504e+15	1.337247e+01	2.340836e+01	2.276479e+16
3253	6.799298e+15	1.263524e+01	2.291072e+01	3.408734e+16
3254	6.800089e+15	1.296865e+01	2.375532e+01	2.231591e+16
3255	6.800863e+15	1.170767e+01	2.212204e+01	3.032854e+16
3256	6.801674e+15	1.253564e+01	2.356331e+01	3.057977e+16
3257	6.802466e+15	1.246279e+01	2.423130e+01	3.566516e+16
3258	6.803242e+15	1.146034e+01	2.310663e+01	1.750700e+16
3259	6.804048e+15	1.078803e+01	2.366767e+01	2.144203e+16
3260	6.804865e+15	9.272750e+00	2.142174e+01	2.485292e+16
3261	6.805755e+15	1.046582e+01	2.410720e+01	3.072849e+16
3262	6.806600e+15	9.045310e+00	2.105681e+01	3.403317e+16
3263	6.807517e+15	1.111329e+01	2.440876e+01	1.908911e+16
3264	6.808395e+15	1.215408e+01	2.469751e+01	3.591697e+16
3265	6.809212e+15	1.008314e+01	1.913255e+01	2.995603e+16
3266	6.810129e+15	1.288851e+01	2.515748e+01	2.858301e+16
3267	6.810929e+15	1.206358e+01	2.154886e+01	3.320637e+16
3268	6.811720e+15	1.024464e+01	1.831084e+01	2.935931e+16
3269	6.812573e+15	1.007572e+01	1.826731e+01	2.662364e+16
3270	6.813509e+15	1.255348e+01	2.325056e+01	2.300148e+16
3271	6.814337e+15	8.846757e+00	1.740076e+01	1.640152e+16
3272	6.815265e+15	1.129720e+01	2.211994e+01	3.803807e+16
3273	6.816132e+15	9.545706e+00	1.947581e+01	2.326174e+16
3274	6.817018e+15	1.059221e+01	2.185607e+01	4.090501e+16
3275	6.817837e+15	9.200537e+00	1.990227e+01	1.825229e+16
3276	6.818655e+15	1.024814e+01	2.101413e+01	1.371349e+16
3277	6.819441e+15	9.963625e+00	1.969045e+01	1.054885e+16
3278	6.820248e+15	1.097644e+01	2.036169e+01	1.905579e+16
3279	6.821045e+15	1.078451e+01	2.016163e+01	3.982723e+16
3280	6.821829e+15	1.139574e+01	1.975468e+01	1.728889e+16
3281	6.822614e+15	1.233922e+01	2.001003e+01	7.684530e+15
3282	6.823380e+15	1.118693e+01	1.788563e+01	1.075670e+16
3283	6.824170e+15	1.236301e+01	1.841638e+01	2.327977e+16
3284	6.824957e+15	1.272252e+01	1.854218e+01	2.371135e+16
3285	6.825731e+15	1.125942e+01	1.728934e+01	2.762544e+16
3286	6.826570e+15	1.304860e+01	2.040627e+01	2.747337e+16
3287	6.827381e+15	1.045255e+01	1.780708e+01	6.814797e+16
3288	6.828274e+15	1.084656e+01	2.006872e+01	8.000920e+16
3289	6.829181e+15	1.117496e+01	2.094274e+01	7.368117e+16
3290	6.830085e+15	1.148829e+01	2.369761e+01	7.820938e+16
3291	6.830933e+15	8.624102e+00	2.235188e+01	7.070910e+16
3292	6.831781e+15	9.519069e+00	2.480200e+01	8.392768e+16
3293	6.832589e+15	9.301264e+00	2.461686e+01	7.994614e+16
3294	6.833376e+15	8.617679e+00	2.426272e+01	6.899140e+16
3295	6.834158e+15	9.351839e+00	2.526499e+01	3.508852e+16
3296	6.834921e+15	8.844216e+00	2.296101e+01	4.725395e+16
3297	6.835713e+15	9.937254e+00	2.515270e+01	2.710551e+16
3298	6.836474e+15	1.141771e+01	2.697492e+01	2.870779e+16
3299	6.837174e+15	1.179047e+01	2.253427e+01	2.414053e+16
3300	6.837939e+15	1.390558e+01	2.629094e+01	6.224762e+16
3301	6.838677e+15	1.181424e+01	2.407350e+01	4.219075e+16
3302	6.839450e+15	1.256395e+01	2.548960e+01	7.112374e+16
3303	6.840223e+15	1.246238e+01	2.699140e+01	4.046443e+16
3304	6.840963e+15	1.030200e+01	2.210323e+01	4.381164e+16
3305	6.841813e+15	1.233191e+01	2.682942e+01	2.590287e+16
3306	6.842618e+15	1.209253e+01	2.607326e+01	4.069935e+16
3307	6.843416e+15	1.283398e+01	2.716183e+01	5.929497e+16
3308	6.844201e+15	1.138609e+01	2.466473e+01	6.511853e+16
3309	6.845020e+15	1.115261e+01	2.470062e+01	6.108993e+16
3310	6.845861e+15	9.961602e+00	2.373047e+01	2.001303e+16
3311	6.846728e+15	1.104056e+01	2.271009e+01	2.250983e+16
3312	6.847617e+15	1.011329e+01	2.411066e+01	3.337884e+16
3313	6.848461e+15	8.708626e+00	2.190312e+01	2.985603e+16
3314	6.849327e+15	1.020713e+01	2.416635e+01	1.808145e+16
3315	6.850145e+15	9.415276e+00	2.208900e+01	1.449258e+16
3316	6.850966e+15	8.822737e+00	2.239349e+01	2.721446e+16
3317	6.851770e+15	9.177731e+00	2.124198e+01	2.549758e+16
3318	6.852586e+15	1.002669e+01	2.081982e+01	2.032782e+16
3319	6.853434e+15	1.063461e+01	2.247990e+01	3.133895e+16
3320	6.854255e+15	1.025018e+01	2.132578e+01	2.658870e+16
3321	6.855108e+15	1.175347e+01	2.326469e+01	2.105867e+16
3322	6.855886e+15	1.085354e+01	1.911999e+01	2.449538e+16
3323	6.856735e+15	1.230506e+01	2.198184e+01	1.658499e+16
3324	6.857542e+15	1.172212e+01	2.089875e+01	1.211142e+16
3325	6.858338e+15	1.082156e+01	2.022207e+01	1.964725e+16
3326	6.859137e+15	1.220335e+01	2.155592e+01	1.188492e+16
3327	6.859886e+15	1.117822e+01	1.968946e+01	1.988941e+16
3328	6.860646e+15	1.330262e+01	2.254331e+01	1.510177e+16
3329	6.861347e+15	1.336626e+01	2.049129e+01	1.680504e+16
3330	6.862071e+15	1.500646e+01	2.220205e+01	1.737944e+16
3331	6.862768e+15	1.407359e+01	1.981213e+01	1.809212e+16
3332	6.863491e+15	1.459877e+01	2.079675e+01	5.305979e+16
3333	6.864215e+15	1.373310e+01	2.001632e+01	4.064233e+16
3334	6.864966e+15	1.422586e+01	2.156178e+01	4.007744e+16
3335	6.865709e+15	1.480123e+01	2.164297e+01	4.999598e+16
3336	6.866450e+15	1.374925e+01	2.004517e+01	5.779368e+16
3337	6.867248e+15	1.434197e+01	2.237963e+01	8.308026e+16
3338	6.868045e+15	1.339238e+01	2.261213e+01	8.252189e+16
3339	6.868851e+15	1.385391e+01	2.466768e+01	9.014785e+16
3340	6.869634e+15	1.416233e+01	2.518531e+01	7.831224e+16
3341	6.870390e+15	1.194627e+01	2.195193e+01	4.430054e+16
3342	6.871197e+15	1.185181e+01	2.170659e+01	5.715598e+16
3343	6.872068e+15	1.297209e+01	2.286059e+01	5.800956e+16
3344	6.872950e+15	1.361326e+01	2.437628e+01	4.219549e+16
3345	6.873807e+15	1.292891e+01	2.492587e+01	4.957100e+16
3346	6.874637e+15	1.155251e+01	2.355622e+01	3.836391e+16
3347	6.875481e+15	1.167793e+01	2.384172e+01	3.946421e+16
3348	6.876340e+15	1.310736e+01	2.780454e+01	5.628265e+16
3349	6.877132e+15	1.263773e+01	2.888767e+01	7.297177e+16
3350	6.877884e+15	1.413712e+01	3.312928e+01	5.920446e+16
3351	6.878537e+15	1.044689e+01	2.424867e+01	8.259481e+16
3352	6.879273e+15	1.169930e+01	2.788997e+01	7.492291e+16
3353	6.880016e+15	1.210509e+01	2.778982e+01	3.092839e+16
3354	6.880767e+15	1.243382e+01	2.739199e+01	3.248137e+16
3355	6.881512e+15	1.197834e+01	2.667952e+01	6.419583e+16
3356	6.882266e+15	1.289776e+01	2.747131e+01	2.651290e+16
3357	6.883010e+15	1.312303e+01	2.853212e+01	3.762793e+16
3358	6.883720e+15	1.076165e+01	2.522205e+01	4.018630e+16
3359	6.884482e+15	1.214217e+01	2.797891e+01	3.053978e+16
3360	6.885218e+15	1.302080e+01	2.717949e+01	2.416138e+16
3361	6.885938e+15	1.297207e+01	2.703983e+01	3.328696e+16
3362	6.886637e+15	1.286470e+01	2.497940e+01	2.349702e+16
3363	6.887349e+15	1.445146e+01	2.537647e+01	1.822645e+16
3364	6.888055e+15	1.454776e+01	2.346193e+01	1.589052e+16
3365	6.888779e+15	1.604585e+01	2.541213e+01	3.418888e+16
3366	6.889474e+15	1.464198e+01	2.191827e+01	1.353743e+16
3367	6.890233e+15	1.453928e+01	2.285465e+01	1.737676e+16
3368	6.890990e+15	1.461964e+01	2.365918e+01	9.483295e+15
3369	6.891722e+15	1.336879e+01	2.197856e+01	2.822276e+16
3370	6.892464e+15	1.501834e+01	2.425849e+01	2.005508e+16
3371	6.893152e+15	1.433466e+01	2.056481e+01	1.880623e+16
3372	6.893883e+15	1.473426e+01	2.130372e+01	2.202404e+16
3373	6.894638e+15	1.398109e+01	1.955316e+01	2.718025e+16
3374	6.895432e+15	1.331330e+01	1.891111e+01	2.427554e+16
3375	6.896257e+15	1.274881e+01	1.916706e+01	2.167128e+16
3376	6.897087e+15	1.340477e+01	2.088247e+01	2.141323e+16
3377	6.897872e+15	1.383331e+01	1.899842e+01	2.708580e+16
3378	6.898650e+15	1.187363e+01	1.656220e+01	1.998816e+16
3379	6.899497e+15	1.198144e+01	1.684365e+01	1.410064e+16
3380	6.900391e+15	1.151171e+01	1.701384e+01	1.121638e+16
3381	6.901310e+15	1.193508e+01	1.821480e+01	2.809053e+16
3382	6.902220e+15	1.188612e+01	1.868945e+01	3.974805e+16
3383	6.903124e+15	1.306111e+01	2.148134e+01	5.407224e+16
3384	6.903966e+15	1.120670e+01	2.125159e+01	7.135478e+16
3385	6.904798e+15	1.179200e+01	2.256929e+01	7.271165e+16
3386	6.905610e+15	1.228455e+01	2.490705e+01	5.832733e+16
3387	6.906361e+15	1.018143e+01	2.307384e+01	6.216088e+16
3388	6.907125e+15	1.181407e+01	2.398869e+01	7.096486e+16
3389	6.907874e+15	1.076451e+01	2.125976e+01	7.651423e+16
3390	6.908662e+15	1.276264e+01	2.352070e+01	3.821113e+16
3391	6.909405e+15	1.211917e+01	2.027539e+01	3.681520e+16
3392	6.910194e+15	1.296172e+01	2.009869e+01	4.161472e+16
3393	6.911038e+15	1.413998e+01	2.285256e+01	5.430854e+16
3394	6.911839e+15	1.370802e+01	2.271451e+01	4.831951e+16
3395	6.912604e+15	1.324973e+01	2.106637e+01	2.534021e+16
3396	6.913371e+15	1.281526e+01	1.983150e+01	1.926394e+16
3397	6.914166e+15	1.448301e+01	2.232811e+01	2.845010e+16
3398	6.914920e+15	1.454644e+01	2.029336e+01	2.375985e+16
3399	6.915709e+15	1.502343e+01	2.271781e+01	3.594800e+16
3400	6.916453e+15	1.316917e+01	1.987909e+01	3.964600e+16
3401	6.917237e+15	1.397662e+01	2.174801e+01	1.620268e+16
3402	6.917992e+15	1.280847e+01	2.029160e+01	3.585837e+16
3403	6.918758e+15	1.339476e+01	2.152895e+01	3.121987e+16
3404	6.919515e+15	1.342546e+01	2.038512e+01	2.444428e+16
3405	6.920295e+15	1.367265e+01	2.187743e+01	3.685937e+16
3406	6.921038e+15	1.256278e+01	2.093479e+01	2.761084e+16
3407	6.921770e+15	1.155449e+01	2.053939e+01	1.949040e+16
3408	6.922514e+15	1.269739e+01	2.131834e+01	2.205798e+16
3409	6.923253e+15	1.255206e+01	1.983012e+01	3.650105e+16
3410	6.924019e+15	1.321750e+01	1.973190e+01	2.232045e+16
3411	6.924788e+15	1.297794e+01	1.859716e+01	4.847295e+16
3412	6.925605e+15	1.365864e+01	1.896090e+01	1.861224e+16
3413	6.926425e+15	1.313756e+01	1.770788e+01	3.641884e+16
3414	6.927285e+15	1.380936e+01	1.838905e+01	3.541687e+16
3415	6.928149e+15	1.349823e+01	1.848045e+01	2.594111e+16
3416	6.929025e+15	1.336703e+01	1.756370e+01	3.144966e+16
3417	6.929936e+15	1.329006e+01	1.839026e+01	2.457244e+16
3418	6.930835e+15	1.163161e+01	1.716022e+01	3.197694e+16
3419	6.931770e+15	1.302167e+01	1.894830e+01	3.460213e+16
3420	6.932643e+15	1.262085e+01	1.720181e+01	2.611012e+16
3421	6.933547e+15	1.380553e+01	1.902996e+01	3.892424e+16
3422	6.934403e+15	1.148577e+01	1.653382e+01	2.016420e+16
3423	6.935306e+15	1.299679e+01	1.899167e+01	2.688035e+16
3424	6.936151e+15	1.291465e+01	1.786253e+01	2.289511e+16
3425	6.936989e+15	1.552197e+01	2.157420e+01	1.799158e+16
3426	6.937712e+15	1.002209e+01	1.461225e+01	1.533683e+16
3427	6.938574e+15	1.196569e+01	1.987288e+01	1.482737e+16
3428	6.939386e+15	9.153296e+00	1.798286e+01	3.052345e+16
3429	6.940219e+15	9.907026e+00	2.001975e+01	2.004634e+16
3430	6.941000e+15	8.839644e+00	1.861496e+01	1.093997e+16
3431	6.941799e+15	8.944264e+00	1.912544e+01	1.903584e+16
3432	6.942618e+15	1.015127e+01	2.004462e+01	2.261260e+16
3433	6.943436e+15	9.485927e+00	2.090881e+01	6.538956e+16
3434	6.944235e+15	9.077004e+00	1.968892e+01	7.355158e+16
3435	6.945060e+15	1.023556e+01	2.261485e+01	8.468217e+16
3436	6.945823e+15	8.346594e+00	1.749813e+01	5.289307e+16
3437	6.946687e+15	1.000544e+01	2.138169e+01	4.430068e+16
3438	6.947503e+15	1.142968e+01	2.141864e+01	4.173343e+16
3439	6.948282e+15	1.302720e+01	2.388955e+01	4.726565e+16
3440	6.948990e+15	9.406601e+00	1.761352e+01	4.150561e+16
3441	6.949791e+15	1.107132e+01	1.996033e+01	4.434843e+16
3442	6.950602e+15	1.422417e+01	2.328806e+01	4.577043e+16
3443	6.951350e+15	1.208128e+01	1.902301e+01	7.847232e+16
3444	6.952193e+15	1.361667e+01	2.526991e+01	7.980839e+16
3445	6.952934e+15	1.413297e+01	2.446521e+01	5.669529e+16
3446	6.953646e+15	1.251442e+01	2.267140e+01	6.391476e+16
3447	6.954373e+15	1.202146e+01	2.440722e+01	5.568689e+16
3448	6.955068e+15	9.476331e+00	1.995495e+01	4.100582e+16
3449	6.955831e+15	1.027481e+01	2.192800e+01	3.693869e+16
3450	6.956614e+15	9.526839e+00	2.190677e+01	3.710881e+16
3451	6.957417e+15	1.033044e+01	2.399590e+01	1.272222e+16
3452	6.958179e+15	1.100862e+01	2.219661e+01	2.255338e+16
3453	6.958955e+15	1.195127e+01	2.348599e+01	1.489080e+16
3454	6.959714e+15	9.103292e+00	1.776495e+01	2.721619e+16
3455	6.960581e+15	1.349022e+01	2.377724e+01	1.957320e+16
3456	6.961351e+15	1.222825e+01	2.099129e+01	2.731710e+16
3457	6.962126e+15	1.253291e+01	2.186776e+01	1.486244e+16
3458	6.962872e+15	1.126173e+01	1.734877e+01	2.113869e+16
3459	6.963667e+15	1.314024e+01	1.982527e+01	1.882619e+16
3460	6.964454e+15	1.367998e+01	2.222702e+01	2.521753e+16
3461	6.965174e+15	1.613979e+01	2.393049e+01	3.159120e+16
3462	6.965784e+15	1.543911e+01	2.310432e+01	1.842741e+16
3463	6.966298e+15	1.643514e+01	2.400807e+01	1.206992e+16
3464	6.966731e+15	1.377809e+01	2.092070e+01	1.574323e+16
3465	6.967145e+15	1.366056e+01	2.175459e+01	1.183839e+16
3466	6.967525e+15	1.207357e+01	2.039203e+01	1.620083e+16
3467	6.967909e+15	1.085741e+01	1.968107e+01	1.377867e+16
3468	6.968315e+15	1.231840e+01	2.284894e+01	2.153319e+16
3469	6.968713e+15	1.190514e+01	2.140693e+01	1.222231e+16
3470	6.969140e+15	1.342564e+01	2.457209e+01	1.030219e+16
3471	6.969551e+15	1.230050e+01	2.307899e+01	9.737150e+15
3472	6.969970e+15	1.336760e+01	2.431097e+01	2.122080e+16
3473	6.970390e+15	1.337840e+01	2.408278e+01	1.178434e+16
3474	6.970820e+15	1.372547e+01	2.520906e+01	2.549762e+16
3475	6.971243e+15	1.438724e+01	2.564300e+01	1.784156e+16
3476	6.971665e+15	1.455746e+01	2.483524e+01	2.032314e+16
3477	6.972099e+15	1.548930e+01	2.553427e+01	1.260214e+16
3478	6.972537e+15	1.653426e+01	2.508083e+01	1.644268e+16
3479	6.972976e+15	1.864741e+01	2.700915e+01	1.699436e+16
3480	6.973393e+15	1.709015e+01	2.346907e+01	1.010355e+16
3481	6.973837e+15	2.018513e+01	2.576058e+01	3.443150e+16
3482	6.974266e+15	2.108752e+01	2.399976e+01	3.853309e+16
3483	6.974699e+15	2.254969e+01	2.136418e+01	2.983411e+16
3484	6.975155e+15	2.343670e+01	2.241363e+01	1.692227e+16
3485	6.975627e+15	2.085283e+01	2.127109e+01	2.587042e+16
3486	6.976135e+15	2.003528e+01	2.028052e+01	2.226609e+16
3487	6.976673e+15	2.058557e+01	1.932090e+01	1.158603e+16
3488	6.977239e+15	2.899657e+01	2.688464e+01	2.324975e+16
3489	6.977666e+15	2.108462e+01	2.167293e+01	1.961298e+16
3490	6.978123e+15	2.321672e+01	2.400911e+01	1.416592e+16
3491	6.978556e+15	2.042780e+01	2.075370e+01	2.369440e+16
3492	6.979015e+15	2.217170e+01	2.292999e+01	1.974283e+16
3493	6.979465e+15	1.878989e+01	1.916336e+01	3.010758e+16
3494	6.979957e+15	2.048917e+01	2.064324e+01	2.282052e+16
3495	6.980439e+15	1.943933e+01	1.775016e+01	2.341070e+16
3496	6.980940e+15	2.068086e+01	1.858318e+01	1.472099e+16
3497	6.981442e+15	2.043865e+01	1.719269e+01	1.233323e+16
3498	6.981968e+15	1.912450e+01	1.533996e+01	1.873287e+16
3499	6.982548e+15	1.932430e+01	1.524784e+01	1.213766e+16
3500	6.983143e+15	1.606199e+01	1.354266e+01	2.244524e+16
3501	6.983834e+15	1.446743e+01	1.285421e+01	1.561139e+16
3502	6.984629e+15	1.208603e+01	1.112962e+01	3.994216e+16
3503	6.985583e+15	9.565469e+00	1.060696e+01	2.046091e+16
3504	6.986728e+15	9.412591e+00	1.196128e+01	3.942360e+16
3505	6.987958e+15	1.119359e+01	1.506856e+01	2.325483e+16
3506	6.989078e+15	8.171688e+00	1.444286e+01	3.075408e+16
3507	6.990090e+15	7.681120e+00	1.521534e+01	2.881995e+16
3508	6.990950e+15	5.088588e+00	9.966910e+00	1.221289e+16
3509	6.991983e+15	8.231324e+00	1.541155e+01	1.903137e+16
3510	6.992928e+15	8.555750e+00	1.630071e+01	4.030500e+16
3511	6.993817e+15	8.132723e+00	1.586148e+01	4.318844e+16
3512	6.994678e+15	8.310751e+00	1.527822e+01	3.920944e+16
3513	6.995548e+15	9.014996e+00	1.649397e+01	4.120933e+16
3514	6.996385e+15	8.264606e+00	1.444944e+01	5.567023e+16
3515	6.997317e+15	1.072985e+01	1.852363e+01	3.001130e+16
3516	6.998174e+15	7.727696e+00	1.398130e+01	2.747755e+16
3517	6.999127e+15	9.870652e+00	1.760189e+01	3.687677e+16
3518	7.000020e+15	8.138766e+00	1.576082e+01	3.893679e+16
3519	7.000914e+15	8.205508e+00	1.634797e+01	3.770502e+16
3520	7.001791e+15	7.694098e+00	1.629128e+01	3.160103e+16
3521	7.002650e+15	8.609382e+00	1.738532e+01	3.168375e+16
3522	7.003462e+15	9.861707e+00	1.601250e+01	1.325787e+16
3523	7.004292e+15	1.031972e+01	1.727029e+01	2.625059e+16
3524	7.005074e+15	1.138208e+01	1.680606e+01	2.027892e+16
3525	7.005843e+15	1.070154e+01	1.521007e+01	2.293641e+16
3526	7.006662e+15	1.247231e+01	1.650726e+01	1.915873e+16
3527	7.007447e+15	1.128441e+01	1.352447e+01	3.210383e+16
3528	7.008293e+15	1.015363e+01	1.265373e+01	2.419284e+16
3529	7.009253e+15	1.326874e+01	1.725714e+01	1.305400e+16
3530	7.010089e+15	1.038609e+01	1.297207e+01	1.068512e+16
3531	7.011011e+15	1.271798e+01	1.595496e+01	1.822964e+16
3532	7.011860e+15	1.116391e+01	1.303871e+01	9.731936e+15
3533	7.012759e+15	1.208047e+01	1.495118e+01	2.669434e+16
3534	7.013608e+15	1.186606e+01	1.362015e+01	1.952025e+16
3535	7.014481e+15	1.262997e+01	1.454581e+01	2.469801e+16
3536	7.015345e+15	1.210662e+01	1.460029e+01	2.198068e+16
3537	7.016194e+15	1.083742e+01	1.366478e+01	1.350773e+16
3538	7.017093e+15	9.671177e+00	1.454377e+01	2.690928e+16
3539	7.018016e+15	1.097024e+01	1.583800e+01	3.186695e+16
3540	7.018904e+15	1.055001e+01	1.592660e+01	3.275838e+16
3541	7.019772e+15	9.979924e+00	1.577837e+01	2.864325e+16
3542	7.020652e+15	1.029735e+01	1.707177e+01	1.976264e+16
3543	7.021461e+15	1.030582e+01	1.797842e+01	3.805677e+16
3544	7.022215e+15	8.990075e+00	1.557747e+01	3.089063e+16
3545	7.023009e+15	1.095499e+01	1.870403e+01	2.165565e+16
3546	7.023738e+15	8.730102e+00	1.497524e+01	3.156560e+16
3547	7.024554e+15	1.016394e+01	1.815905e+01	2.110663e+16
3548	7.025305e+15	9.614199e+00	1.627963e+01	2.924140e+16
3549	7.026077e+15	1.007401e+01	1.608546e+01	2.912153e+16
3550	7.026863e+15	1.209883e+01	1.823685e+01	3.320506e+16
3551	7.027570e+15	1.063431e+01	1.429566e+01	2.204072e+16
3552	7.028390e+15	1.318116e+01	1.779896e+01	2.961647e+16
3553	7.029163e+15	1.249272e+01	1.652071e+01	2.852961e+16
3554	7.029955e+15	1.218118e+01	1.548801e+01	2.328142e+16
3555	7.030798e+15	1.282775e+01	1.659374e+01	3.184092e+16
3556	7.031621e+15	1.251135e+01	1.733122e+01	5.079519e+16
3557	7.032407e+15	1.318047e+01	1.696645e+01	2.555412e+16
3558	7.033209e+15	1.103666e+01	1.394862e+01	2.810310e+16
3559	7.034116e+15	1.241759e+01	1.554908e+01	2.534310e+16
3560	7.034970e+15	1.363510e+01	1.514931e+01	1.765745e+16
3561	7.035816e+15	1.311810e+01	1.368519e+01	3.071246e+16
3562	7.036741e+15	1.261010e+01	1.478365e+01	3.219070e+16
3563	7.037677e+15	1.179858e+01	1.455287e+01	2.717136e+16
3564	7.038633e+15	1.142318e+01	1.502945e+01	2.736667e+16
3565	7.039579e+15	1.288109e+01	1.582317e+01	4.833541e+16
3566	7.040434e+15	1.308839e+01	1.599043e+01	3.451403e+16
3567	7.041245e+15	1.125717e+01	1.397317e+01	3.223902e+16
3568	7.042112e+15	1.184177e+01	1.457416e+01	4.075444e+16
3569	7.042955e+15	1.153499e+01	1.576321e+01	3.314311e+16
3570	7.043766e+15	9.906401e+00	1.388328e+01	3.279751e+16
3571	7.044627e+15	1.060423e+01	1.452761e+01	3.450108e+16
3572	7.045549e+15	1.164615e+01	1.667887e+01	4.626796e+16
3573	7.046407e+15	9.917269e+00	1.556907e+01	2.964621e+16
3574	7.047270e+15	9.227981e+00	1.375182e+01	4.208047e+16
3575	7.048236e+15	1.198828e+01	1.657631e+01	4.044216e+16
3576	7.049139e+15	1.164518e+01	1.612888e+01	4.302689e+16
3577	7.050005e+15	9.534053e+00	1.416566e+01	3.904806e+16
3578	7.050946e+15	1.060559e+01	1.611357e+01	4.179241e+16
3579	7.051843e+15	9.685909e+00	1.558189e+01	2.501865e+16
3580	7.052717e+15	1.093408e+01	1.562552e+01	1.627146e+16
3581	7.053588e+15	1.120411e+01	1.479366e+01	4.033952e+16
3582	7.054495e+15	1.176681e+01	1.549445e+01	3.830091e+16
3583	7.055429e+15	1.340794e+01	1.760109e+01	2.608991e+16
3584	7.056305e+15	1.234099e+01	1.600594e+01	2.070814e+16
3585	7.057206e+15	1.345936e+01	1.694993e+01	4.671585e+16
3586	7.058075e+15	1.374559e+01	1.630497e+01	2.929989e+16
3587	7.058937e+15	1.373529e+01	1.719419e+01	4.199341e+16
3588	7.059765e+15	1.376788e+01	1.786167e+01	3.843754e+16
3589	7.060566e+15	1.292687e+01	1.721833e+01	5.086293e+16
3590	7.061383e+15	1.315780e+01	1.715704e+01	4.808549e+16
3591	7.062199e+15	1.228313e+01	1.620870e+01	6.628163e+16
3592	7.063042e+15	1.360087e+01	1.700520e+01	4.259413e+16
3593	7.063855e+15	1.325076e+01	1.420240e+01	4.535634e+16
3594	7.064761e+15	1.513056e+01	1.734711e+01	7.135571e+16
3595	7.065640e+15	1.309318e+01	1.456435e+01	5.659346e+16
3596	7.066607e+15	1.354488e+01	1.646399e+01	4.644334e+16
3597	7.067541e+15	1.356100e+01	1.637506e+01	4.723204e+16
3598	7.068466e+15	1.239540e+01	1.536562e+01	8.178172e+16
3599	7.069413e+15	1.290007e+01	1.691387e+01	6.232487e+16
3600	7.070309e+15	1.282410e+01	1.416506e+01	4.164414e+16
3601	7.071260e+15	1.341299e+01	1.505677e+01	4.700370e+16
3602	7.072196e+15	1.239497e+01	1.441965e+01	6.283162e+16
3603	7.073174e+15	1.110800e+01	1.296845e+01	4.523455e+16
3604	7.074223e+15	1.223807e+01	1.454855e+01	2.965034e+16
3605	7.075235e+15	1.178162e+01	1.659064e+01	6.247743e+16
3606	7.076113e+15	9.695390e+00	1.373788e+01	5.437738e+16
3607	7.077034e+15	1.130338e+01	1.497023e+01	3.558390e+16
3608	7.077908e+15	1.093325e+01	1.538288e+01	5.234117e+16
3609	7.078748e+15	9.641425e+00	1.364546e+01	3.493954e+16
3610	7.079625e+15	1.133517e+01	1.527334e+01	4.441818e+16
3611	7.080489e+15	1.140402e+01	1.471485e+01	4.564133e+16
3612	7.081380e+15	1.077277e+01	1.499563e+01	1.709587e+16
3613	7.082265e+15	1.046052e+01	1.493775e+01	4.816482e+16
3614	7.083134e+15	1.094218e+01	1.540082e+01	3.210478e+16
3615	7.083997e+15	1.102624e+01	1.602947e+01	2.377178e+16
3616	7.084842e+15	1.018382e+01	1.651168e+01	2.971125e+16
3617	7.085674e+15	9.452840e+00	1.557971e+01	3.836036e+16
3618	7.086534e+15	1.026372e+01	1.644624e+01	3.635482e+16
3619	7.087384e+15	1.113626e+01	1.722259e+01	5.170077e+16
3620	7.088207e+15	1.064864e+01	1.627740e+01	2.780954e+16
3621	7.089086e+15	1.290524e+01	1.832813e+01	4.545960e+16
3622	7.089902e+15	1.203595e+01	1.708481e+01	2.943450e+16
3623	7.090740e+15	1.328195e+01	1.837669e+01	2.400932e+16
3624	7.091556e+15	1.162646e+01	1.642099e+01	1.943369e+16
3625	7.092391e+15	1.202181e+01	1.670623e+01	1.801419e+16
3626	7.093228e+15	1.170213e+01	1.582439e+01	2.859005e+16
3627	7.094095e+15	1.301121e+01	1.509659e+01	1.305065e+16
3628	7.094982e+15	1.363120e+01	1.512413e+01	1.692751e+16
3629	7.095875e+15	1.517808e+01	1.739537e+01	3.049925e+16
3630	7.096679e+15	1.537067e+01	1.779546e+01	1.534687e+16
3631	7.097420e+15	1.072569e+01	1.336294e+01	2.037348e+16
3632	7.098286e+15	1.353630e+01	1.780186e+01	2.766577e+16
3633	7.099090e+15	1.035921e+01	1.466123e+01	2.063311e+16
3634	7.099978e+15	1.332604e+01	1.680100e+01	2.337717e+16
3635	7.100779e+15	1.193616e+01	1.702791e+01	1.758875e+16
3636	7.101541e+15	1.058290e+01	1.560868e+01	2.383748e+16
3637	7.102328e+15	1.035508e+01	1.512735e+01	2.906884e+16
3638	7.103147e+15	1.087262e+01	1.519855e+01	1.512934e+16
3639	7.103966e+15	1.187994e+01	1.508689e+01	1.899882e+16
3640	7.104770e+15	1.278648e+01	1.477488e+01	1.240982e+16
3641	7.105562e+15	1.253124e+01	1.501832e+01	1.765985e+16
3642	7.106369e+15	1.274866e+01	1.427468e+01	1.624740e+16
3643	7.107193e+15	1.308260e+01	1.403690e+01	1.088493e+16
3644	7.108025e+15	1.242560e+01	1.349922e+01	8.234794e+15
3645	7.108890e+15	1.216191e+01	1.343626e+01	1.432533e+16
3646	7.109773e+15	1.271460e+01	1.345759e+01	1.395378e+16
3647	7.110660e+15	1.290608e+01	1.326380e+01	1.001515e+16
3648	7.111556e+15	1.351795e+01	1.420318e+01	2.307174e+16
3649	7.112416e+15	1.297925e+01	1.361275e+01	1.827128e+16
3650	7.113291e+15	1.407368e+01	1.451038e+01	1.759439e+16
3651	7.114137e+15	1.203707e+01	1.211115e+01	2.282625e+16
3652	7.115114e+15	1.431762e+01	1.443828e+01	2.619988e+16
3653	7.116031e+15	1.101699e+01	1.284404e+01	5.012150e+16
3654	7.117026e+15	1.368761e+01	1.478674e+01	6.097325e+16
3655	7.117958e+15	1.237248e+01	1.459417e+01	6.912513e+16
3656	7.118879e+15	1.081021e+01	1.320394e+01	4.637118e+16
3657	7.119850e+15	1.349343e+01	1.657208e+01	6.846052e+16
3658	7.120709e+15	9.380411e+00	1.295596e+01	4.981227e+16
3659	7.121651e+15	1.007738e+01	1.499271e+01	5.771264e+16
3660	7.122565e+15	1.009912e+01	1.358692e+01	6.584495e+16
3661	7.123519e+15	1.176743e+01	1.628636e+01	9.912860e+16
3662	7.124389e+15	1.089104e+01	1.566191e+01	4.758876e+16
3663	7.125251e+15	1.005540e+01	1.493440e+01	4.536323e+16
3664	7.126133e+15	1.125449e+01	1.574056e+01	6.334317e+16
3665	7.127002e+15	1.007870e+01	1.469119e+01	2.121460e+16
3666	7.127894e+15	1.058498e+01	1.464755e+01	1.361940e+16
3667	7.128789e+15	1.105248e+01	1.452481e+01	4.244100e+16
3668	7.129667e+15	1.014752e+01	1.397906e+01	3.025852e+16
3669	7.130595e+15	1.078635e+01	1.428448e+01	3.735374e+16
3670	7.131531e+15	1.141290e+01	1.351597e+01	2.533842e+16
3671	7.132473e+15	1.116557e+01	1.349349e+01	2.946685e+16
3672	7.133423e+15	9.969404e+00	1.294838e+01	4.353618e+16
3673	7.134404e+15	8.943292e+00	1.189965e+01	2.641002e+16
3674	7.135423e+15	1.139218e+01	1.724173e+01	4.001223e+16
3675	7.136278e+15	6.513811e+00	1.113938e+01	1.794260e+16
3676	7.137276e+15	8.543134e+00	1.451519e+01	2.576948e+16
3677	7.138252e+15	8.340714e+00	1.396074e+01	3.846120e+16
3678	7.139266e+15	9.695179e+00	1.745140e+01	3.668939e+16
3679	7.140137e+15	7.373643e+00	1.319721e+01	3.278305e+16
3680	7.141046e+15	7.066899e+00	1.247527e+01	5.168067e+16
3681	7.142052e+15	9.582772e+00	1.576902e+01	2.682149e+16
3682	7.142984e+15	7.629153e+00	1.301125e+01	2.999180e+16
3683	7.144017e+15	7.689901e+00	1.482446e+01	3.701029e+16
3684	7.145004e+15	7.146508e+00	1.350751e+01	3.023061e+16
3685	7.146057e+15	9.530357e+00	1.856044e+01	4.114358e+16
3686	7.146917e+15	6.583939e+00	1.242917e+01	3.018804e+16
3687	7.147917e+15	9.003474e+00	1.630779e+01	3.983806e+16
3688	7.148871e+15	8.432887e+00	1.602821e+01	1.880230e+16
3689	7.149762e+15	7.819627e+00	1.423916e+01	2.699207e+16
3690	7.150709e+15	9.428250e+00	1.559821e+01	2.438018e+16
3691	7.151673e+15	1.082360e+01	1.676541e+01	2.446668e+16
3692	7.152582e+15	1.268708e+01	1.887877e+01	2.844692e+16
3693	7.153356e+15	9.047377e+00	1.277613e+01	2.332272e+16
3694	7.154286e+15	1.144089e+01	1.543828e+01	2.844327e+16
3695	7.155193e+15	1.197840e+01	1.645351e+01	4.415884e+16
3696	7.156073e+15	1.349596e+01	1.753756e+01	3.204662e+16
3697	7.156895e+15	1.097489e+01	1.425357e+01	1.774957e+16
3698	7.157796e+15	1.142667e+01	1.424551e+01	1.145973e+16
3699	7.158730e+15	1.079397e+01	1.383434e+01	3.281307e+16
3700	7.159715e+15	1.219775e+01	1.471522e+01	2.506055e+16
3701	7.160661e+15	1.321643e+01	1.520771e+01	3.279265e+16
3702	7.161562e+15	1.211801e+01	1.402017e+01	1.736049e+16
3703	7.162506e+15	1.293012e+01	1.571890e+01	3.297217e+16
3704	7.163404e+15	1.086991e+01	1.483642e+01	2.691895e+16
3705	7.164343e+15	1.149735e+01	1.516211e+01	3.291017e+16
3706	7.165298e+15	1.173158e+01	1.387917e+01	2.453139e+16
3707	7.166279e+15	1.193049e+01	1.354556e+01	6.154392e+16
3708	7.167267e+15	1.309708e+01	1.408894e+01	6.167581e+16
3709	7.168220e+15	1.333919e+01	1.380750e+01	5.532652e+16
3710	7.169147e+15	1.336192e+01	1.361441e+01	3.956506e+16
3711	7.170076e+15	1.265734e+01	1.374200e+01	3.197949e+16
3712	7.171008e+15	1.336129e+01	1.452692e+01	3.427617e+16
3713	7.171920e+15	1.227635e+01	1.378743e+01	4.188283e+16
3714	7.172865e+15	1.307822e+01	1.503805e+01	5.874862e+16
3715	7.173797e+15	1.416540e+01	1.541524e+01	5.406905e+16
3716	7.174698e+15	1.342338e+01	1.441860e+01	7.272140e+16
3717	7.175638e+15	1.467637e+01	1.582039e+01	7.323975e+16
3718	7.176565e+15	1.388187e+01	1.654278e+01	8.974552e+16
3719	7.177476e+15	1.417348e+01	1.754263e+01	6.794670e+16
3720	7.178345e+15	1.131668e+01	1.425102e+01	4.956252e+16
3721	7.179316e+15	1.458944e+01	2.058897e+01	6.173196e+16
3722	7.180178e+15	1.111884e+01	1.715128e+01	6.196571e+16
3723	7.181029e+15	1.162770e+01	1.541206e+01	3.662714e+16
3724	7.181930e+15	1.065518e+01	1.462371e+01	4.754909e+16
3725	7.182905e+15	9.246119e+00	1.352262e+01	4.930557e+16
3726	7.183942e+15	1.323536e+01	1.762569e+01	2.364223e+16
3727	7.184845e+15	1.117583e+01	1.469122e+01	1.980677e+16
3728	7.185778e+15	1.206040e+01	1.571423e+01	2.019575e+16
3729	7.186672e+15	1.100805e+01	1.453092e+01	3.052079e+16
3730	7.187626e+15	1.073632e+01	1.484507e+01	2.065181e+16
3731	7.188615e+15	8.968931e+00	1.396718e+01	2.676831e+16
3732	7.189659e+15	9.977852e+00	1.613448e+01	4.531390e+16
3733	7.190634e+15	1.040783e+01	1.550431e+01	2.763915e+16
3734	7.191593e+15	1.178671e+01	1.553052e+01	3.596381e+16
3735	7.192537e+15	1.159481e+01	1.536474e+01	3.168232e+16
3736	7.193458e+15	1.087538e+01	1.500517e+01	2.279816e+16
3737	7.194397e+15	1.227226e+01	1.611193e+01	4.179669e+16
3738	7.195299e+15	1.226062e+01	1.594115e+01	2.311083e+16
3739	7.196204e+15	1.245053e+01	1.608493e+01	3.698198e+16
3740	7.197113e+15	1.203589e+01	1.580988e+01	1.361495e+16
3741	7.198032e+15	1.357021e+01	1.627965e+01	3.487993e+16
3742	7.198943e+15	1.193589e+01	1.355334e+01	3.451259e+16
3743	7.199955e+15	1.383035e+01	1.721790e+01	7.650497e+16
3744	7.200924e+15	1.248019e+01	1.496355e+01	6.847370e+16
3745	7.201907e+15	1.110674e+01	1.371575e+01	3.266576e+16
3746	7.203006e+15	1.333982e+01	1.712331e+01	6.950888e+16
3747	7.204030e+15	1.189285e+01	1.671982e+01	5.000785e+16
3748	7.205007e+15	1.079384e+01	1.575313e+01	5.629723e+16
3749	7.206034e+15	1.081458e+01	1.621079e+01	4.864326e+16
3750	7.207086e+15	1.055164e+01	1.619866e+01	9.613009e+16
3751	7.208146e+15	1.162048e+01	1.681070e+01	5.838157e+16
3752	7.209195e+15	1.095388e+01	1.667041e+01	5.814573e+16
3753	7.210237e+15	1.019341e+01	1.684049e+01	3.321520e+16
3754	7.211231e+15	1.040733e+01	1.658119e+01	2.281924e+16
3755	7.212232e+15	1.312939e+01	2.004042e+01	3.215471e+16
3756	7.213099e+15	1.142943e+01	1.740662e+01	3.572591e+16
3757	7.213949e+15	1.143480e+01	1.761053e+01	1.856626e+16
3758	7.214787e+15	1.181517e+01	1.912182e+01	3.363999e+16
3759	7.215593e+15	1.131535e+01	1.881353e+01	3.149128e+16
3760	7.216368e+15	9.088091e+00	1.691543e+01	3.219736e+16
3761	7.217217e+15	9.673800e+00	1.746929e+01	1.686183e+16
3762	7.218120e+15	1.156024e+01	2.068930e+01	2.874331e+16
3763	7.218948e+15	9.977313e+00	1.823587e+01	3.402014e+16
3764	7.219791e+15	1.158774e+01	2.052956e+01	3.993236e+16
3765	7.220590e+15	1.215819e+01	2.107040e+01	2.025766e+16
3766	7.221347e+15	1.089238e+01	1.908180e+01	4.141299e+16
3767	7.222151e+15	9.989820e+00	1.578493e+01	2.084291e+16
3768	7.223021e+15	1.309557e+01	1.945348e+01	2.201548e+16
3769	7.223840e+15	1.504425e+01	2.036896e+01	3.238140e+16
3770	7.224608e+15	1.200113e+01	1.540134e+01	2.153686e+16
3771	7.225490e+15	1.394117e+01	1.803459e+01	2.885474e+16
3772	7.226340e+15	1.229431e+01	1.580859e+01	1.369961e+16
3773	7.227248e+15	1.374498e+01	1.632248e+01	1.732064e+16
3774	7.228143e+15	1.394063e+01	1.585356e+01	1.122174e+16
3775	7.229033e+15	1.446945e+01	1.554181e+01	5.016641e+15
3776	7.229912e+15	1.485107e+01	1.494512e+01	1.465930e+16
3777	7.230800e+15	1.404857e+01	1.478165e+01	1.581293e+16
3778	7.231723e+15	1.478917e+01	1.588302e+01	3.070648e+16
3779	7.232613e+15	1.469451e+01	1.595997e+01	1.562728e+16
3780	7.233475e+15	1.429349e+01	1.485571e+01	3.524863e+16
3781	7.234385e+15	1.425055e+01	1.511433e+01	6.121426e+16
3782	7.235312e+15	1.504206e+01	1.592726e+01	2.876438e+16
3783	7.236213e+15	1.263870e+01	1.370800e+01	3.168881e+16
3784	7.237231e+15	1.394032e+01	1.582951e+01	5.795175e+16
3785	7.238204e+15	1.121431e+01	1.251405e+01	5.193148e+16
3786	7.239290e+15	1.355435e+01	1.544764e+01	3.972856e+16
3787	7.240280e+15	1.169505e+01	1.335818e+01	2.184484e+16
3788	7.241331e+15	9.660764e+00	1.161778e+01	5.907481e+16
3789	7.242529e+15	1.122707e+01	1.496302e+01	5.709423e+16
3790	7.243637e+15	1.073315e+01	1.510277e+01	2.727316e+16
3791	7.244664e+15	1.073389e+01	1.525036e+01	1.942569e+16
3792	7.245604e+15	1.135218e+01	1.572025e+01	3.318559e+16
3793	7.246481e+15	9.857161e+00	1.335756e+01	1.873147e+16
3794	7.247389e+15	8.254536e+00	1.095286e+01	1.477222e+16
3795	7.248472e+15	1.182717e+01	1.500475e+01	2.421252e+16
3796	7.249469e+15	1.046842e+01	1.335716e+01	3.323593e+16
3797	7.250481e+15	1.205175e+01	1.529330e+01	9.496946e+15
3798	7.251399e+15	9.942860e+00	1.181815e+01	1.070409e+16
3799	7.252425e+15	1.172847e+01	1.348755e+01	2.090619e+16
3800	7.253415e+15	1.013503e+01	1.145603e+01	1.110315e+16
3801	7.254476e+15	1.183836e+01	1.319278e+01	8.972519e+15
3802	7.255496e+15	1.008371e+01	1.255335e+01	1.993788e+16
3803	7.256538e+15	1.148938e+01	1.538973e+01	4.534368e+16
3804	7.257519e+15	9.473757e+00	1.222949e+01	3.289773e+16
3805	7.258546e+15	9.465738e+00	1.303377e+01	7.367454e+16
3806	7.259651e+15	1.091697e+01	1.526174e+01	6.581693e+16
3807	7.260698e+15	1.363086e+01	1.827496e+01	6.630218e+16
3808	7.261560e+15	8.799108e+00	1.119791e+01	4.276578e+16
3809	7.262595e+15	1.182773e+01	1.489905e+01	3.920217e+16
3810	7.263590e+15	9.879428e+00	1.213013e+01	2.213178e+16
3811	7.264654e+15	1.217265e+01	1.376928e+01	3.854663e+16
3812	7.265656e+15	1.119422e+01	1.096840e+01	2.309960e+16
3813	7.266680e+15	1.121541e+01	1.263010e+01	2.868500e+16
3814	7.267670e+15	8.979234e+00	1.171633e+01	3.122838e+16
3815	7.268706e+15	1.032404e+01	1.507897e+01	3.965795e+16
3816	7.269595e+15	8.751379e+00	1.314457e+01	3.665070e+16
3817	7.270484e+15	1.027672e+01	1.557545e+01	2.337629e+16
3818	7.271307e+15	8.954315e+00	1.341270e+01	3.037368e+16
3819	7.272173e+15	8.546106e+00	1.223387e+01	1.660243e+16
3820	7.273122e+15	9.460305e+00	1.347581e+01	2.020881e+16
3821	7.274093e+15	8.500620e+00	1.346625e+01	3.420236e+16
3822	7.275062e+15	8.392913e+00	1.458851e+01	1.500987e+16
3823	7.275956e+15	8.588202e+00	1.429536e+01	1.427199e+16
3824	7.276841e+15	9.391963e+00	1.557021e+01	2.356949e+16
3825	7.277701e+15	8.648040e+00	1.497431e+01	2.271858e+16
3826	7.278577e+15	9.680315e+00	1.654074e+01	1.726295e+16
3827	7.279417e+15	8.420039e+00	1.506402e+01	1.887653e+16
3828	7.280310e+15	8.232689e+00	1.548959e+01	2.406925e+16
3829	7.281189e+15	8.518575e+00	1.595961e+01	3.485883e+16
3830	7.282041e+15	9.649222e+00	1.641385e+01	2.147351e+16
3831	7.282871e+15	1.045512e+01	1.633020e+01	2.510451e+16
3832	7.283688e+15	1.116122e+01	1.696497e+01	1.644467e+16
3833	7.284471e+15	1.094243e+01	1.517123e+01	2.140745e+16
3834	7.285314e+15	1.244988e+01	1.645752e+01	1.950705e+16
3835	7.286142e+15	1.145555e+01	1.500943e+01	1.563320e+16
3836	7.287004e+15	1.035774e+01	1.470203e+01	1.283578e+16
3837	7.287907e+15	1.208012e+01	1.624405e+01	2.417750e+16
3838	7.288783e+15	1.104389e+01	1.330301e+01	2.936260e+16
3839	7.289786e+15	1.331583e+01	1.687810e+01	2.479381e+16
3840	7.290691e+15	1.106584e+01	1.381584e+01	1.836160e+16
3841	7.291696e+15	1.286896e+01	1.655331e+01	1.861722e+16
3842	7.292648e+15	1.044355e+01	1.367963e+01	1.320778e+16
3843	7.293669e+15	1.168629e+01	1.502040e+01	1.689998e+16
3844	7.294644e+15	1.039212e+01	1.332164e+01	2.101468e+16
3845	7.295637e+15	1.216530e+01	1.550241e+01	2.605877e+16
3846	7.296543e+15	1.186957e+01	1.227952e+01	1.563320e+16
3847	7.297560e+15	1.102861e+01	1.180939e+01	1.551748e+16
3848	7.298689e+15	1.339604e+01	1.579258e+01	2.459239e+16
3849	7.299684e+15	9.960468e+00	1.257038e+01	1.469139e+16
3850	7.300798e+15	1.171938e+01	1.688039e+01	1.138184e+16
3851	7.301790e+15	1.034541e+01	1.537336e+01	5.586971e+16
3852	7.302769e+15	1.006556e+01	1.376474e+01	2.718245e+16
3853	7.303870e+15	1.178518e+01	1.656556e+01	3.276124e+16
3854	7.304904e+15	1.058045e+01	1.585230e+01	6.112638e+16
3855	7.305980e+15	1.140367e+01	1.899400e+01	5.001131e+16
3856	7.306977e+15	1.058047e+01	1.776339e+01	5.669795e+16
3857	7.307972e+15	1.272311e+01	2.170603e+01	7.853394e+16
3858	7.308868e+15	1.299001e+01	2.177216e+01	1.266855e+17
3859	7.309726e+15	1.110424e+01	2.111225e+01	1.085953e+17
3860	7.310631e+15	1.135792e+01	2.295196e+01	1.393428e+17
3861	7.311543e+15	1.199999e+01	2.548179e+01	1.346451e+17
3862	7.312402e+15	1.074016e+01	2.314866e+01	6.656705e+16
3863	7.313320e+15	1.070952e+01	2.527271e+01	1.431500e+17
3864	7.314237e+15	1.097867e+01	2.678975e+01	1.060805e+17
3865	7.315123e+15	1.019365e+01	2.631124e+01	1.033525e+17
3866	7.315994e+15	1.107056e+01	2.726953e+01	6.569706e+16
3867	7.316844e+15	1.187566e+01	2.588078e+01	8.051523e+16
3868	7.317720e+15	1.207210e+01	2.520383e+01	6.021574e+16
3869	7.318624e+15	1.178523e+01	2.431245e+01	6.716208e+16
3870	7.319564e+15	1.198767e+01	2.520493e+01	4.324918e+16
3871	7.320486e+15	1.283830e+01	2.848885e+01	4.574136e+16
3872	7.321296e+15	9.379262e+00	2.008327e+01	3.157964e+16
3873	7.322224e+15	1.253107e+01	2.625407e+01	4.453358e+16
3874	7.323074e+15	1.055006e+01	2.259422e+01	5.884736e+16
3875	7.323967e+15	1.044964e+01	2.245722e+01	5.917972e+16
3876	7.324893e+15	1.284757e+01	2.614434e+01	3.438008e+16
3877	7.325773e+15	1.080831e+01	2.290794e+01	2.762078e+16
3878	7.326698e+15	1.073291e+01	2.279409e+01	3.774129e+16
3879	7.327644e+15	1.141037e+01	2.196243e+01	3.222834e+16
3880	7.328643e+15	1.165530e+01	2.395413e+01	6.386366e+16
3881	7.329587e+15	1.146062e+01	2.243110e+01	3.872698e+16
