# W => 2.0e6
# method => lookup
# mantle temperature => 1573.0
# melting plot interval => 6.3e13
# max step => -1
# nx => 101
# lithosphere thickness => 150000.32
# marky => 12
# plot interval field => 1.575e14
# plot interval marker => 1.575e15
# H => 2.85e6
# g => 10.0
# ny => 143
# Tcmb => 3098.5489127396577
# max time => 7.875e15
# output directory => /nfs/peloton/waltz/rudolphlab/mpi-io-DOES-NOT-WORK-ON-HIVE/qxl51/plume-melt/plume_150000.7_450.0_150000.32
# eclogite frac => 0.15
# markx => 6
1	0.000000e+00	0.000000e+00	0.000000e+00	0.000000e+00
2	1.000000e+10	0.000000e+00	0.000000e+00	0.000000e+00
3	2.200000e+10	0.000000e+00	0.000000e+00	0.000000e+00
4	3.640000e+10	0.000000e+00	0.000000e+00	0.000000e+00
5	5.368000e+10	0.000000e+00	0.000000e+00	0.000000e+00
6	7.441600e+10	0.000000e+00	0.000000e+00	0.000000e+00
7	9.929920e+10	0.000000e+00	0.000000e+00	0.000000e+00
8	1.291590e+11	0.000000e+00	0.000000e+00	0.000000e+00
9	1.649908e+11	0.000000e+00	0.000000e+00	0.000000e+00
10	2.079890e+11	0.000000e+00	0.000000e+00	0.000000e+00
11	2.595868e+11	0.000000e+00	0.000000e+00	0.000000e+00
12	3.215042e+11	0.000000e+00	0.000000e+00	0.000000e+00
13	3.958050e+11	0.000000e+00	0.000000e+00	0.000000e+00
14	4.849660e+11	0.000000e+00	0.000000e+00	0.000000e+00
15	5.919592e+11	0.000000e+00	0.000000e+00	0.000000e+00
16	7.203511e+11	0.000000e+00	0.000000e+00	0.000000e+00
17	8.744213e+11	0.000000e+00	0.000000e+00	0.000000e+00
18	1.059306e+12	0.000000e+00	0.000000e+00	0.000000e+00
19	1.281167e+12	0.000000e+00	0.000000e+00	0.000000e+00
20	1.547400e+12	0.000000e+00	0.000000e+00	0.000000e+00
21	1.866880e+12	0.000000e+00	0.000000e+00	0.000000e+00
22	2.250256e+12	0.000000e+00	0.000000e+00	0.000000e+00
23	2.710307e+12	0.000000e+00	0.000000e+00	0.000000e+00
24	3.262369e+12	0.000000e+00	0.000000e+00	0.000000e+00
25	3.924842e+12	0.000000e+00	0.000000e+00	0.000000e+00
26	4.719811e+12	0.000000e+00	0.000000e+00	0.000000e+00
27	5.673773e+12	0.000000e+00	0.000000e+00	0.000000e+00
28	6.818528e+12	0.000000e+00	0.000000e+00	0.000000e+00
29	8.192233e+12	0.000000e+00	0.000000e+00	0.000000e+00
30	9.840680e+12	0.000000e+00	0.000000e+00	0.000000e+00
31	1.181882e+13	0.000000e+00	0.000000e+00	0.000000e+00
32	1.419258e+13	0.000000e+00	0.000000e+00	0.000000e+00
33	1.704109e+13	0.000000e+00	0.000000e+00	0.000000e+00
34	2.045931e+13	0.000000e+00	0.000000e+00	0.000000e+00
35	2.456118e+13	0.000000e+00	0.000000e+00	0.000000e+00
36	2.948341e+13	0.000000e+00	0.000000e+00	0.000000e+00
37	3.539009e+13	0.000000e+00	0.000000e+00	0.000000e+00
38	4.247811e+13	0.000000e+00	0.000000e+00	0.000000e+00
39	5.098373e+13	0.000000e+00	0.000000e+00	0.000000e+00
40	6.119048e+13	0.000000e+00	0.000000e+00	0.000000e+00
41	7.343858e+13	0.000000e+00	0.000000e+00	0.000000e+00
42	8.813629e+13	0.000000e+00	0.000000e+00	0.000000e+00
43	1.057736e+14	0.000000e+00	0.000000e+00	0.000000e+00
44	1.269383e+14	0.000000e+00	0.000000e+00	0.000000e+00
45	1.523359e+14	0.000000e+00	0.000000e+00	0.000000e+00
46	1.828131e+14	0.000000e+00	0.000000e+00	0.000000e+00
47	2.193857e+14	0.000000e+00	0.000000e+00	0.000000e+00
48	2.632729e+14	0.000000e+00	0.000000e+00	0.000000e+00
49	3.159374e+14	0.000000e+00	0.000000e+00	0.000000e+00
50	3.791349e+14	0.000000e+00	0.000000e+00	0.000000e+00
51	4.549719e+14	0.000000e+00	0.000000e+00	0.000000e+00
52	5.394617e+14	0.000000e+00	0.000000e+00	0.000000e+00
53	6.252898e+14	0.000000e+00	0.000000e+00	0.000000e+00
54	7.113234e+14	0.000000e+00	0.000000e+00	0.000000e+00
55	7.973886e+14	0.000000e+00	0.000000e+00	0.000000e+00
56	8.834586e+14	0.000000e+00	0.000000e+00	0.000000e+00
57	9.695293e+14	0.000000e+00	0.000000e+00	0.000000e+00
58	1.055600e+15	0.000000e+00	0.000000e+00	0.000000e+00
59	1.140388e+15	0.000000e+00	0.000000e+00	0.000000e+00
60	1.209929e+15	0.000000e+00	0.000000e+00	0.000000e+00
61	1.266292e+15	0.000000e+00	0.000000e+00	0.000000e+00
62	1.315267e+15	0.000000e+00	0.000000e+00	0.000000e+00
63	1.359894e+15	0.000000e+00	0.000000e+00	0.000000e+00
64	1.401632e+15	0.000000e+00	0.000000e+00	0.000000e+00
65	1.441822e+15	0.000000e+00	0.000000e+00	0.000000e+00
66	1.480495e+15	0.000000e+00	0.000000e+00	0.000000e+00
67	1.514269e+15	0.000000e+00	0.000000e+00	0.000000e+00
68	1.538609e+15	0.000000e+00	0.000000e+00	0.000000e+00
69	1.562939e+15	0.000000e+00	0.000000e+00	0.000000e+00
70	1.587786e+15	0.000000e+00	0.000000e+00	0.000000e+00
71	1.617338e+15	0.000000e+00	0.000000e+00	0.000000e+00
72	1.645166e+15	0.000000e+00	0.000000e+00	0.000000e+00
73	1.673147e+15	0.000000e+00	0.000000e+00	0.000000e+00
74	1.705374e+15	0.000000e+00	0.000000e+00	0.000000e+00
75	1.737384e+15	0.000000e+00	0.000000e+00	0.000000e+00
76	1.769110e+15	0.000000e+00	0.000000e+00	0.000000e+00
77	1.800308e+15	0.000000e+00	0.000000e+00	0.000000e+00
78	1.831209e+15	0.000000e+00	0.000000e+00	0.000000e+00
79	1.860127e+15	0.000000e+00	0.000000e+00	0.000000e+00
80	1.891190e+15	0.000000e+00	0.000000e+00	0.000000e+00
81	1.922683e+15	0.000000e+00	0.000000e+00	0.000000e+00
82	1.954153e+15	0.000000e+00	0.000000e+00	0.000000e+00
83	1.986027e+15	0.000000e+00	0.000000e+00	0.000000e+00
84	2.017476e+15	0.000000e+00	0.000000e+00	0.000000e+00
85	2.050050e+15	0.000000e+00	0.000000e+00	0.000000e+00
86	2.083073e+15	0.000000e+00	0.000000e+00	0.000000e+00
87	2.115921e+15	0.000000e+00	0.000000e+00	0.000000e+00
88	2.148679e+15	0.000000e+00	0.000000e+00	0.000000e+00
89	2.181110e+15	0.000000e+00	0.000000e+00	0.000000e+00
90	2.212766e+15	0.000000e+00	0.000000e+00	0.000000e+00
91	2.243552e+15	0.000000e+00	0.000000e+00	0.000000e+00
92	2.273963e+15	0.000000e+00	0.000000e+00	0.000000e+00
93	2.303776e+15	0.000000e+00	0.000000e+00	0.000000e+00
94	2.333310e+15	0.000000e+00	0.000000e+00	0.000000e+00
95	2.362431e+15	0.000000e+00	0.000000e+00	0.000000e+00
96	2.391472e+15	0.000000e+00	0.000000e+00	0.000000e+00
97	2.420479e+15	0.000000e+00	0.000000e+00	0.000000e+00
98	2.449031e+15	0.000000e+00	0.000000e+00	0.000000e+00
99	2.477500e+15	0.000000e+00	0.000000e+00	0.000000e+00
100	2.505708e+15	0.000000e+00	0.000000e+00	0.000000e+00
101	2.533769e+15	0.000000e+00	0.000000e+00	0.000000e+00
102	2.561647e+15	0.000000e+00	0.000000e+00	0.000000e+00
103	2.589327e+15	0.000000e+00	0.000000e+00	0.000000e+00
104	2.617015e+15	0.000000e+00	0.000000e+00	0.000000e+00
105	2.644665e+15	0.000000e+00	0.000000e+00	0.000000e+00
106	2.672106e+15	0.000000e+00	0.000000e+00	0.000000e+00
107	2.699521e+15	0.000000e+00	0.000000e+00	0.000000e+00
108	2.726801e+15	0.000000e+00	0.000000e+00	0.000000e+00
109	2.753868e+15	0.000000e+00	0.000000e+00	0.000000e+00
110	2.780876e+15	0.000000e+00	0.000000e+00	0.000000e+00
111	2.807940e+15	0.000000e+00	0.000000e+00	0.000000e+00
112	2.834937e+15	0.000000e+00	0.000000e+00	0.000000e+00
113	2.861966e+15	0.000000e+00	0.000000e+00	0.000000e+00
114	2.888835e+15	0.000000e+00	0.000000e+00	0.000000e+00
115	2.915850e+15	0.000000e+00	0.000000e+00	0.000000e+00
116	2.942965e+15	0.000000e+00	0.000000e+00	0.000000e+00
117	2.970018e+15	0.000000e+00	0.000000e+00	0.000000e+00
118	2.996692e+15	0.000000e+00	0.000000e+00	0.000000e+00
119	3.022790e+15	0.000000e+00	0.000000e+00	0.000000e+00
120	3.048411e+15	0.000000e+00	0.000000e+00	0.000000e+00
121	3.073583e+15	0.000000e+00	0.000000e+00	0.000000e+00
122	3.098488e+15	0.000000e+00	0.000000e+00	0.000000e+00
123	3.123068e+15	0.000000e+00	0.000000e+00	0.000000e+00
124	3.147026e+15	0.000000e+00	0.000000e+00	0.000000e+00
125	3.170582e+15	0.000000e+00	0.000000e+00	0.000000e+00
126	3.193857e+15	0.000000e+00	0.000000e+00	0.000000e+00
127	3.216959e+15	0.000000e+00	0.000000e+00	0.000000e+00
128	3.239886e+15	0.000000e+00	0.000000e+00	0.000000e+00
129	3.262557e+15	0.000000e+00	0.000000e+00	0.000000e+00
130	3.285165e+15	0.000000e+00	0.000000e+00	0.000000e+00
131	3.307688e+15	0.000000e+00	0.000000e+00	0.000000e+00
132	3.330135e+15	0.000000e+00	0.000000e+00	0.000000e+00
133	3.352568e+15	0.000000e+00	0.000000e+00	0.000000e+00
134	3.374939e+15	0.000000e+00	0.000000e+00	0.000000e+00
135	3.396663e+15	0.000000e+00	0.000000e+00	0.000000e+00
136	3.417778e+15	0.000000e+00	0.000000e+00	0.000000e+00
137	3.438310e+15	0.000000e+00	0.000000e+00	0.000000e+00
138	3.458292e+15	0.000000e+00	0.000000e+00	0.000000e+00
139	3.477744e+15	0.000000e+00	0.000000e+00	0.000000e+00
140	3.496685e+15	0.000000e+00	0.000000e+00	0.000000e+00
141	3.515140e+15	0.000000e+00	0.000000e+00	0.000000e+00
142	3.533129e+15	0.000000e+00	0.000000e+00	0.000000e+00
143	3.550674e+15	0.000000e+00	0.000000e+00	0.000000e+00
144	3.567799e+15	0.000000e+00	0.000000e+00	0.000000e+00
145	3.584520e+15	0.000000e+00	0.000000e+00	0.000000e+00
146	3.600856e+15	0.000000e+00	0.000000e+00	0.000000e+00
147	3.616825e+15	0.000000e+00	0.000000e+00	0.000000e+00
148	3.632434e+15	0.000000e+00	0.000000e+00	0.000000e+00
149	3.647696e+15	0.000000e+00	0.000000e+00	0.000000e+00
150	3.662628e+15	0.000000e+00	0.000000e+00	0.000000e+00
151	3.677242e+15	0.000000e+00	0.000000e+00	0.000000e+00
152	3.691556e+15	0.000000e+00	0.000000e+00	0.000000e+00
153	3.705579e+15	0.000000e+00	0.000000e+00	0.000000e+00
154	3.719325e+15	0.000000e+00	0.000000e+00	0.000000e+00
155	3.732805e+15	0.000000e+00	0.000000e+00	0.000000e+00
156	3.746031e+15	0.000000e+00	0.000000e+00	0.000000e+00
157	3.759007e+15	0.000000e+00	0.000000e+00	0.000000e+00
158	3.771740e+15	0.000000e+00	0.000000e+00	0.000000e+00
159	3.784237e+15	0.000000e+00	0.000000e+00	0.000000e+00
160	3.796511e+15	0.000000e+00	0.000000e+00	0.000000e+00
161	3.808568e+15	0.000000e+00	0.000000e+00	0.000000e+00
162	3.820421e+15	0.000000e+00	0.000000e+00	0.000000e+00
163	3.832075e+15	0.000000e+00	0.000000e+00	0.000000e+00
164	3.843538e+15	0.000000e+00	0.000000e+00	0.000000e+00
165	3.854814e+15	0.000000e+00	0.000000e+00	0.000000e+00
166	3.865905e+15	0.000000e+00	0.000000e+00	0.000000e+00
167	3.876819e+15	0.000000e+00	0.000000e+00	0.000000e+00
168	3.887561e+15	0.000000e+00	0.000000e+00	0.000000e+00
169	3.898138e+15	0.000000e+00	0.000000e+00	0.000000e+00
170	3.908560e+15	0.000000e+00	0.000000e+00	0.000000e+00
171	3.918826e+15	0.000000e+00	0.000000e+00	0.000000e+00
172	3.928946e+15	0.000000e+00	0.000000e+00	0.000000e+00
173	3.938920e+15	0.000000e+00	0.000000e+00	0.000000e+00
174	3.948751e+15	0.000000e+00	0.000000e+00	0.000000e+00
175	3.958445e+15	0.000000e+00	0.000000e+00	0.000000e+00
176	3.968008e+15	0.000000e+00	0.000000e+00	0.000000e+00
177	3.977441e+15	0.000000e+00	0.000000e+00	0.000000e+00
178	3.986751e+15	0.000000e+00	0.000000e+00	0.000000e+00
179	3.995942e+15	0.000000e+00	0.000000e+00	0.000000e+00
180	4.005015e+15	0.000000e+00	0.000000e+00	0.000000e+00
181	4.013976e+15	0.000000e+00	0.000000e+00	0.000000e+00
182	4.022826e+15	0.000000e+00	0.000000e+00	0.000000e+00
183	4.031566e+15	0.000000e+00	0.000000e+00	0.000000e+00
184	4.040202e+15	0.000000e+00	0.000000e+00	0.000000e+00
185	4.048734e+15	0.000000e+00	0.000000e+00	0.000000e+00
186	4.057170e+15	0.000000e+00	0.000000e+00	0.000000e+00
187	4.065504e+15	0.000000e+00	0.000000e+00	0.000000e+00
188	4.073748e+15	0.000000e+00	0.000000e+00	0.000000e+00
189	4.081898e+15	0.000000e+00	0.000000e+00	0.000000e+00
190	4.089960e+15	0.000000e+00	0.000000e+00	0.000000e+00
191	4.097937e+15	0.000000e+00	0.000000e+00	0.000000e+00
192	4.105829e+15	0.000000e+00	0.000000e+00	0.000000e+00
193	4.113638e+15	0.000000e+00	0.000000e+00	0.000000e+00
194	4.121366e+15	0.000000e+00	0.000000e+00	0.000000e+00
195	4.129016e+15	0.000000e+00	0.000000e+00	0.000000e+00
196	4.136586e+15	0.000000e+00	0.000000e+00	0.000000e+00
197	4.144084e+15	0.000000e+00	0.000000e+00	0.000000e+00
198	4.151507e+15	0.000000e+00	0.000000e+00	0.000000e+00
199	4.158858e+15	0.000000e+00	0.000000e+00	0.000000e+00
200	4.166142e+15	0.000000e+00	0.000000e+00	0.000000e+00
201	4.173354e+15	0.000000e+00	0.000000e+00	0.000000e+00
202	4.180501e+15	0.000000e+00	0.000000e+00	0.000000e+00
203	4.187580e+15	0.000000e+00	0.000000e+00	0.000000e+00
204	4.194595e+15	0.000000e+00	0.000000e+00	0.000000e+00
205	4.201548e+15	0.000000e+00	0.000000e+00	0.000000e+00
206	4.208440e+15	0.000000e+00	0.000000e+00	0.000000e+00
207	4.215274e+15	0.000000e+00	0.000000e+00	0.000000e+00
208	4.222049e+15	0.000000e+00	0.000000e+00	0.000000e+00
209	4.228769e+15	0.000000e+00	0.000000e+00	0.000000e+00
210	4.235433e+15	0.000000e+00	0.000000e+00	0.000000e+00
211	4.242042e+15	0.000000e+00	0.000000e+00	0.000000e+00
212	4.248598e+15	0.000000e+00	0.000000e+00	0.000000e+00
213	4.255098e+15	0.000000e+00	0.000000e+00	0.000000e+00
214	4.261547e+15	0.000000e+00	0.000000e+00	0.000000e+00
215	4.267944e+15	0.000000e+00	0.000000e+00	0.000000e+00
216	4.274291e+15	0.000000e+00	0.000000e+00	0.000000e+00
217	4.280589e+15	0.000000e+00	0.000000e+00	0.000000e+00
218	4.286839e+15	0.000000e+00	0.000000e+00	0.000000e+00
219	4.293044e+15	0.000000e+00	0.000000e+00	0.000000e+00
220	4.299200e+15	0.000000e+00	0.000000e+00	0.000000e+00
221	4.305315e+15	0.000000e+00	0.000000e+00	0.000000e+00
222	4.311380e+15	0.000000e+00	0.000000e+00	0.000000e+00
223	4.317406e+15	0.000000e+00	0.000000e+00	0.000000e+00
224	4.323383e+15	0.000000e+00	0.000000e+00	0.000000e+00
225	4.329323e+15	0.000000e+00	0.000000e+00	0.000000e+00
226	4.335217e+15	0.000000e+00	0.000000e+00	0.000000e+00
227	4.341074e+15	0.000000e+00	0.000000e+00	0.000000e+00
228	4.346888e+15	0.000000e+00	0.000000e+00	0.000000e+00
229	4.352667e+15	0.000000e+00	0.000000e+00	0.000000e+00
230	4.358404e+15	0.000000e+00	0.000000e+00	0.000000e+00
231	4.364107e+15	0.000000e+00	0.000000e+00	0.000000e+00
232	4.369771e+15	0.000000e+00	0.000000e+00	0.000000e+00
233	4.375401e+15	0.000000e+00	0.000000e+00	0.000000e+00
234	4.380994e+15	0.000000e+00	0.000000e+00	0.000000e+00
235	4.386551e+15	0.000000e+00	0.000000e+00	0.000000e+00
236	4.392075e+15	0.000000e+00	0.000000e+00	0.000000e+00
237	4.397565e+15	0.000000e+00	0.000000e+00	0.000000e+00
238	4.403022e+15	0.000000e+00	0.000000e+00	0.000000e+00
239	4.408446e+15	0.000000e+00	0.000000e+00	0.000000e+00
240	4.413838e+15	0.000000e+00	0.000000e+00	0.000000e+00
241	4.419197e+15	0.000000e+00	0.000000e+00	0.000000e+00
242	4.424526e+15	0.000000e+00	0.000000e+00	0.000000e+00
243	4.429825e+15	0.000000e+00	0.000000e+00	0.000000e+00
244	4.435095e+15	0.000000e+00	0.000000e+00	0.000000e+00
245	4.440334e+15	0.000000e+00	0.000000e+00	0.000000e+00
246	4.445548e+15	0.000000e+00	0.000000e+00	0.000000e+00
247	4.450730e+15	0.000000e+00	0.000000e+00	0.000000e+00
248	4.455887e+15	0.000000e+00	0.000000e+00	0.000000e+00
249	4.461013e+15	0.000000e+00	0.000000e+00	0.000000e+00
250	4.466113e+15	0.000000e+00	0.000000e+00	0.000000e+00
251	4.471185e+15	0.000000e+00	0.000000e+00	0.000000e+00
252	4.476230e+15	0.000000e+00	0.000000e+00	0.000000e+00
253	4.481251e+15	0.000000e+00	0.000000e+00	0.000000e+00
254	4.486245e+15	0.000000e+00	0.000000e+00	0.000000e+00
255	4.491217e+15	0.000000e+00	0.000000e+00	0.000000e+00
256	4.496162e+15	0.000000e+00	0.000000e+00	0.000000e+00
257	4.501084e+15	0.000000e+00	0.000000e+00	0.000000e+00
258	4.505982e+15	0.000000e+00	0.000000e+00	0.000000e+00
259	4.510857e+15	0.000000e+00	0.000000e+00	0.000000e+00
260	4.515708e+15	0.000000e+00	0.000000e+00	0.000000e+00
261	4.520537e+15	0.000000e+00	0.000000e+00	0.000000e+00
262	4.525343e+15	0.000000e+00	0.000000e+00	0.000000e+00
263	4.530125e+15	0.000000e+00	0.000000e+00	0.000000e+00
264	4.534886e+15	0.000000e+00	0.000000e+00	0.000000e+00
265	4.539625e+15	0.000000e+00	0.000000e+00	0.000000e+00
266	4.544340e+15	0.000000e+00	0.000000e+00	0.000000e+00
267	4.549036e+15	0.000000e+00	0.000000e+00	0.000000e+00
268	4.553709e+15	0.000000e+00	0.000000e+00	0.000000e+00
269	4.558365e+15	0.000000e+00	0.000000e+00	0.000000e+00
270	4.562997e+15	0.000000e+00	0.000000e+00	0.000000e+00
271	4.567612e+15	0.000000e+00	0.000000e+00	0.000000e+00
272	4.572206e+15	0.000000e+00	0.000000e+00	0.000000e+00
273	4.576782e+15	0.000000e+00	0.000000e+00	0.000000e+00
274	4.581339e+15	0.000000e+00	0.000000e+00	0.000000e+00
275	4.585878e+15	0.000000e+00	0.000000e+00	0.000000e+00
276	4.590398e+15	0.000000e+00	0.000000e+00	0.000000e+00
277	4.594901e+15	0.000000e+00	0.000000e+00	0.000000e+00
278	4.599384e+15	0.000000e+00	0.000000e+00	0.000000e+00
279	4.603851e+15	0.000000e+00	0.000000e+00	0.000000e+00
280	4.608299e+15	0.000000e+00	0.000000e+00	0.000000e+00
281	4.612730e+15	0.000000e+00	0.000000e+00	0.000000e+00
282	4.617144e+15	0.000000e+00	0.000000e+00	0.000000e+00
283	4.621542e+15	0.000000e+00	0.000000e+00	0.000000e+00
284	4.625922e+15	0.000000e+00	0.000000e+00	0.000000e+00
285	4.630287e+15	0.000000e+00	0.000000e+00	0.000000e+00
286	4.634636e+15	0.000000e+00	0.000000e+00	0.000000e+00
287	4.638970e+15	0.000000e+00	0.000000e+00	0.000000e+00
288	4.643289e+15	0.000000e+00	0.000000e+00	0.000000e+00
289	4.647595e+15	0.000000e+00	0.000000e+00	0.000000e+00
290	4.651885e+15	0.000000e+00	0.000000e+00	0.000000e+00
291	4.656160e+15	0.000000e+00	0.000000e+00	0.000000e+00
292	4.660422e+15	0.000000e+00	0.000000e+00	0.000000e+00
293	4.664670e+15	0.000000e+00	0.000000e+00	0.000000e+00
294	4.668904e+15	0.000000e+00	0.000000e+00	0.000000e+00
295	4.673124e+15	0.000000e+00	0.000000e+00	0.000000e+00
296	4.677332e+15	0.000000e+00	0.000000e+00	0.000000e+00
297	4.681525e+15	0.000000e+00	0.000000e+00	0.000000e+00
298	4.685706e+15	0.000000e+00	0.000000e+00	0.000000e+00
299	4.689873e+15	0.000000e+00	0.000000e+00	0.000000e+00
300	4.694029e+15	0.000000e+00	0.000000e+00	0.000000e+00
301	4.698169e+15	0.000000e+00	0.000000e+00	0.000000e+00
302	4.702299e+15	0.000000e+00	0.000000e+00	0.000000e+00
303	4.706416e+15	0.000000e+00	0.000000e+00	0.000000e+00
304	4.710521e+15	0.000000e+00	0.000000e+00	0.000000e+00
305	4.714614e+15	0.000000e+00	0.000000e+00	0.000000e+00
306	4.718693e+15	0.000000e+00	0.000000e+00	0.000000e+00
307	4.722763e+15	0.000000e+00	0.000000e+00	0.000000e+00
308	4.726819e+15	0.000000e+00	0.000000e+00	0.000000e+00
309	4.730865e+15	0.000000e+00	0.000000e+00	0.000000e+00
310	4.734900e+15	0.000000e+00	0.000000e+00	0.000000e+00
311	4.738925e+15	0.000000e+00	0.000000e+00	0.000000e+00
312	4.742938e+15	0.000000e+00	0.000000e+00	0.000000e+00
313	4.746940e+15	0.000000e+00	0.000000e+00	0.000000e+00
314	4.750932e+15	0.000000e+00	0.000000e+00	0.000000e+00
315	4.754914e+15	0.000000e+00	0.000000e+00	0.000000e+00
316	4.758886e+15	0.000000e+00	0.000000e+00	0.000000e+00
317	4.762847e+15	0.000000e+00	0.000000e+00	0.000000e+00
318	4.766800e+15	0.000000e+00	0.000000e+00	0.000000e+00
319	4.770742e+15	0.000000e+00	0.000000e+00	0.000000e+00
320	4.774675e+15	0.000000e+00	0.000000e+00	0.000000e+00
321	4.778595e+15	0.000000e+00	0.000000e+00	0.000000e+00
322	4.782507e+15	0.000000e+00	0.000000e+00	0.000000e+00
323	4.786407e+15	0.000000e+00	0.000000e+00	0.000000e+00
324	4.790298e+15	0.000000e+00	0.000000e+00	0.000000e+00
325	4.794179e+15	0.000000e+00	0.000000e+00	0.000000e+00
326	4.798051e+15	0.000000e+00	0.000000e+00	0.000000e+00
327	4.801914e+15	0.000000e+00	0.000000e+00	0.000000e+00
328	4.805767e+15	0.000000e+00	0.000000e+00	0.000000e+00
329	4.809612e+15	0.000000e+00	0.000000e+00	0.000000e+00
330	4.813448e+15	0.000000e+00	0.000000e+00	0.000000e+00
331	4.817276e+15	0.000000e+00	0.000000e+00	0.000000e+00
332	4.821094e+15	0.000000e+00	0.000000e+00	0.000000e+00
333	4.824903e+15	0.000000e+00	0.000000e+00	0.000000e+00
334	4.828704e+15	0.000000e+00	0.000000e+00	0.000000e+00
335	4.832497e+15	0.000000e+00	0.000000e+00	0.000000e+00
336	4.836280e+15	0.000000e+00	0.000000e+00	0.000000e+00
337	4.840057e+15	0.000000e+00	0.000000e+00	0.000000e+00
338	4.843825e+15	0.000000e+00	0.000000e+00	0.000000e+00
339	4.847586e+15	0.000000e+00	0.000000e+00	0.000000e+00
340	4.851339e+15	0.000000e+00	0.000000e+00	0.000000e+00
341	4.855083e+15	0.000000e+00	0.000000e+00	0.000000e+00
342	4.858820e+15	0.000000e+00	0.000000e+00	0.000000e+00
343	4.862549e+15	0.000000e+00	0.000000e+00	0.000000e+00
344	4.866271e+15	0.000000e+00	0.000000e+00	0.000000e+00
345	4.869986e+15	0.000000e+00	0.000000e+00	0.000000e+00
346	4.873692e+15	0.000000e+00	0.000000e+00	0.000000e+00
347	4.877393e+15	0.000000e+00	0.000000e+00	0.000000e+00
348	4.881085e+15	0.000000e+00	0.000000e+00	0.000000e+00
349	4.884775e+15	0.000000e+00	0.000000e+00	0.000000e+00
350	4.888455e+15	0.000000e+00	0.000000e+00	0.000000e+00
351	4.892132e+15	0.000000e+00	0.000000e+00	0.000000e+00
352	4.895802e+15	0.000000e+00	0.000000e+00	0.000000e+00
353	4.899464e+15	0.000000e+00	0.000000e+00	0.000000e+00
354	4.903121e+15	0.000000e+00	0.000000e+00	0.000000e+00
355	4.906770e+15	0.000000e+00	0.000000e+00	0.000000e+00
356	4.910414e+15	0.000000e+00	0.000000e+00	0.000000e+00
357	4.914048e+15	0.000000e+00	0.000000e+00	0.000000e+00
358	4.917680e+15	0.000000e+00	0.000000e+00	0.000000e+00
359	4.921303e+15	0.000000e+00	0.000000e+00	0.000000e+00
360	4.924920e+15	0.000000e+00	0.000000e+00	0.000000e+00
361	4.928532e+15	0.000000e+00	0.000000e+00	0.000000e+00
362	4.932135e+15	0.000000e+00	0.000000e+00	0.000000e+00
363	4.935734e+15	0.000000e+00	0.000000e+00	0.000000e+00
364	4.939325e+15	0.000000e+00	0.000000e+00	0.000000e+00
365	4.942912e+15	0.000000e+00	0.000000e+00	0.000000e+00
366	4.946491e+15	0.000000e+00	0.000000e+00	0.000000e+00
367	4.950066e+15	0.000000e+00	0.000000e+00	0.000000e+00
368	4.953634e+15	0.000000e+00	0.000000e+00	0.000000e+00
369	4.957199e+15	0.000000e+00	0.000000e+00	0.000000e+00
370	4.960757e+15	0.000000e+00	0.000000e+00	0.000000e+00
371	4.964310e+15	0.000000e+00	0.000000e+00	0.000000e+00
372	4.967860e+15	0.000000e+00	0.000000e+00	0.000000e+00
373	4.971401e+15	0.000000e+00	0.000000e+00	0.000000e+00
374	4.974940e+15	0.000000e+00	0.000000e+00	0.000000e+00
375	4.978471e+15	0.000000e+00	0.000000e+00	0.000000e+00
376	4.981998e+15	0.000000e+00	0.000000e+00	0.000000e+00
377	4.985519e+15	0.000000e+00	0.000000e+00	0.000000e+00
378	4.989037e+15	0.000000e+00	0.000000e+00	0.000000e+00
379	4.992548e+15	0.000000e+00	0.000000e+00	0.000000e+00
380	4.996055e+15	0.000000e+00	0.000000e+00	0.000000e+00
381	4.999556e+15	0.000000e+00	0.000000e+00	0.000000e+00
382	5.003052e+15	0.000000e+00	0.000000e+00	0.000000e+00
383	5.006543e+15	0.000000e+00	0.000000e+00	0.000000e+00
384	5.010030e+15	0.000000e+00	0.000000e+00	0.000000e+00
385	5.013511e+15	0.000000e+00	0.000000e+00	0.000000e+00
386	5.016988e+15	0.000000e+00	0.000000e+00	0.000000e+00
387	5.020461e+15	0.000000e+00	0.000000e+00	0.000000e+00
388	5.023929e+15	0.000000e+00	0.000000e+00	0.000000e+00
389	5.027392e+15	0.000000e+00	0.000000e+00	0.000000e+00
390	5.030851e+15	0.000000e+00	0.000000e+00	0.000000e+00
391	5.034306e+15	0.000000e+00	0.000000e+00	0.000000e+00
392	5.037755e+15	0.000000e+00	0.000000e+00	0.000000e+00
393	5.041201e+15	0.000000e+00	0.000000e+00	0.000000e+00
394	5.044642e+15	0.000000e+00	0.000000e+00	0.000000e+00
395	5.048078e+15	0.000000e+00	0.000000e+00	0.000000e+00
396	5.051511e+15	0.000000e+00	0.000000e+00	0.000000e+00
397	5.054941e+15	0.000000e+00	0.000000e+00	0.000000e+00
398	5.058365e+15	0.000000e+00	0.000000e+00	0.000000e+00
399	5.061785e+15	0.000000e+00	0.000000e+00	0.000000e+00
400	5.065200e+15	0.000000e+00	0.000000e+00	0.000000e+00
401	5.068610e+15	0.000000e+00	0.000000e+00	0.000000e+00
402	5.072018e+15	0.000000e+00	0.000000e+00	0.000000e+00
403	5.075420e+15	0.000000e+00	0.000000e+00	0.000000e+00
404	5.078820e+15	0.000000e+00	0.000000e+00	0.000000e+00
405	5.082215e+15	0.000000e+00	0.000000e+00	0.000000e+00
406	5.085606e+15	0.000000e+00	0.000000e+00	0.000000e+00
407	5.088993e+15	0.000000e+00	0.000000e+00	0.000000e+00
408	5.092376e+15	0.000000e+00	0.000000e+00	0.000000e+00
409	5.095753e+15	0.000000e+00	0.000000e+00	0.000000e+00
410	5.099126e+15	0.000000e+00	0.000000e+00	0.000000e+00
411	5.102494e+15	0.000000e+00	0.000000e+00	0.000000e+00
412	5.105860e+15	0.000000e+00	0.000000e+00	0.000000e+00
413	5.109222e+15	0.000000e+00	0.000000e+00	0.000000e+00
414	5.112580e+15	0.000000e+00	0.000000e+00	0.000000e+00
415	5.115933e+15	0.000000e+00	0.000000e+00	0.000000e+00
416	5.119282e+15	0.000000e+00	0.000000e+00	0.000000e+00
417	5.122626e+15	0.000000e+00	0.000000e+00	0.000000e+00
418	5.125966e+15	0.000000e+00	0.000000e+00	0.000000e+00
419	5.129299e+15	0.000000e+00	0.000000e+00	0.000000e+00
420	5.132629e+15	0.000000e+00	0.000000e+00	0.000000e+00
421	5.135954e+15	0.000000e+00	0.000000e+00	0.000000e+00
422	5.139272e+15	0.000000e+00	0.000000e+00	0.000000e+00
423	5.142587e+15	0.000000e+00	0.000000e+00	0.000000e+00
424	5.145897e+15	0.000000e+00	0.000000e+00	0.000000e+00
425	5.149203e+15	0.000000e+00	0.000000e+00	0.000000e+00
426	5.152503e+15	0.000000e+00	0.000000e+00	0.000000e+00
427	5.155799e+15	0.000000e+00	0.000000e+00	0.000000e+00
428	5.159089e+15	0.000000e+00	0.000000e+00	0.000000e+00
429	5.162373e+15	0.000000e+00	0.000000e+00	0.000000e+00
430	5.165650e+15	0.000000e+00	0.000000e+00	0.000000e+00
431	5.168920e+15	0.000000e+00	0.000000e+00	0.000000e+00
432	5.171037e+15	0.000000e+00	0.000000e+00	0.000000e+00
433	5.173578e+15	0.000000e+00	0.000000e+00	0.000000e+00
434	5.176626e+15	0.000000e+00	0.000000e+00	0.000000e+00
435	5.179873e+15	0.000000e+00	0.000000e+00	0.000000e+00
436	5.183112e+15	0.000000e+00	0.000000e+00	0.000000e+00
437	5.186011e+15	0.000000e+00	0.000000e+00	0.000000e+00
438	5.189231e+15	0.000000e+00	0.000000e+00	0.000000e+00
439	5.192442e+15	0.000000e+00	0.000000e+00	0.000000e+00
440	5.195641e+15	0.000000e+00	0.000000e+00	0.000000e+00
441	5.198828e+15	0.000000e+00	0.000000e+00	0.000000e+00
442	5.201999e+15	0.000000e+00	0.000000e+00	0.000000e+00
443	5.204990e+15	0.000000e+00	0.000000e+00	0.000000e+00
444	5.208130e+15	0.000000e+00	0.000000e+00	0.000000e+00
445	5.211249e+15	0.000000e+00	0.000000e+00	0.000000e+00
446	5.214341e+15	0.000000e+00	0.000000e+00	0.000000e+00
447	5.217211e+15	0.000000e+00	0.000000e+00	0.000000e+00
448	5.219879e+15	0.000000e+00	0.000000e+00	0.000000e+00
449	5.222372e+15	0.000000e+00	0.000000e+00	0.000000e+00
450	5.224632e+15	0.000000e+00	0.000000e+00	0.000000e+00
451	5.225624e+15	0.000000e+00	0.000000e+00	0.000000e+00
452	5.226814e+15	0.000000e+00	0.000000e+00	0.000000e+00
453	5.228242e+15	0.000000e+00	0.000000e+00	0.000000e+00
454	5.229955e+15	0.000000e+00	0.000000e+00	0.000000e+00
455	5.231718e+15	0.000000e+00	0.000000e+00	0.000000e+00
456	5.233445e+15	0.000000e+00	0.000000e+00	0.000000e+00
457	5.235122e+15	0.000000e+00	0.000000e+00	0.000000e+00
458	5.236759e+15	0.000000e+00	0.000000e+00	0.000000e+00
459	5.238325e+15	0.000000e+00	0.000000e+00	0.000000e+00
460	5.239624e+15	0.000000e+00	0.000000e+00	0.000000e+00
461	5.241002e+15	0.000000e+00	0.000000e+00	0.000000e+00
462	5.242376e+15	0.000000e+00	0.000000e+00	0.000000e+00
463	5.243642e+15	0.000000e+00	0.000000e+00	0.000000e+00
464	5.244945e+15	0.000000e+00	0.000000e+00	0.000000e+00
465	5.246201e+15	0.000000e+00	0.000000e+00	0.000000e+00
466	5.247463e+15	0.000000e+00	0.000000e+00	0.000000e+00
467	5.248738e+15	0.000000e+00	0.000000e+00	0.000000e+00
468	5.249933e+15	0.000000e+00	0.000000e+00	0.000000e+00
469	5.251115e+15	0.000000e+00	0.000000e+00	0.000000e+00
470	5.252395e+15	0.000000e+00	0.000000e+00	0.000000e+00
471	5.253606e+15	0.000000e+00	0.000000e+00	0.000000e+00
472	5.254731e+15	0.000000e+00	0.000000e+00	0.000000e+00
473	5.255959e+15	0.000000e+00	0.000000e+00	0.000000e+00
474	5.257103e+15	0.000000e+00	0.000000e+00	0.000000e+00
475	5.258245e+15	0.000000e+00	0.000000e+00	0.000000e+00
476	5.259307e+15	0.000000e+00	0.000000e+00	0.000000e+00
477	5.260394e+15	0.000000e+00	0.000000e+00	0.000000e+00
478	5.261538e+15	0.000000e+00	0.000000e+00	0.000000e+00
479	5.262629e+15	0.000000e+00	0.000000e+00	0.000000e+00
480	5.263652e+15	0.000000e+00	0.000000e+00	0.000000e+00
481	5.264772e+15	0.000000e+00	0.000000e+00	0.000000e+00
482	5.265854e+15	0.000000e+00	0.000000e+00	0.000000e+00
483	5.266943e+15	0.000000e+00	0.000000e+00	0.000000e+00
484	5.268000e+15	0.000000e+00	0.000000e+00	0.000000e+00
485	5.269058e+15	0.000000e+00	0.000000e+00	0.000000e+00
486	5.270193e+15	0.000000e+00	0.000000e+00	0.000000e+00
487	5.271195e+15	0.000000e+00	0.000000e+00	0.000000e+00
488	5.272261e+15	0.000000e+00	0.000000e+00	0.000000e+00
489	5.273362e+15	0.000000e+00	0.000000e+00	0.000000e+00
490	5.274387e+15	0.000000e+00	0.000000e+00	0.000000e+00
491	5.275368e+15	0.000000e+00	0.000000e+00	0.000000e+00
492	5.276387e+15	0.000000e+00	0.000000e+00	0.000000e+00
493	5.277364e+15	0.000000e+00	0.000000e+00	0.000000e+00
494	5.277973e+15	0.000000e+00	0.000000e+00	0.000000e+00
495	5.278551e+15	0.000000e+00	0.000000e+00	0.000000e+00
496	5.279184e+15	0.000000e+00	0.000000e+00	0.000000e+00
497	5.279726e+15	0.000000e+00	0.000000e+00	0.000000e+00
498	5.280376e+15	0.000000e+00	0.000000e+00	0.000000e+00
499	5.280982e+15	0.000000e+00	0.000000e+00	0.000000e+00
500	5.281554e+15	0.000000e+00	0.000000e+00	0.000000e+00
501	5.282165e+15	0.000000e+00	0.000000e+00	0.000000e+00
502	5.282754e+15	0.000000e+00	0.000000e+00	0.000000e+00
503	5.283275e+15	0.000000e+00	0.000000e+00	0.000000e+00
504	5.283901e+15	0.000000e+00	0.000000e+00	0.000000e+00
505	5.284481e+15	0.000000e+00	0.000000e+00	0.000000e+00
506	5.285109e+15	0.000000e+00	0.000000e+00	0.000000e+00
507	5.285750e+15	0.000000e+00	0.000000e+00	0.000000e+00
508	5.286332e+15	0.000000e+00	0.000000e+00	0.000000e+00
509	5.286838e+15	0.000000e+00	0.000000e+00	0.000000e+00
510	5.287399e+15	0.000000e+00	0.000000e+00	0.000000e+00
511	5.287883e+15	0.000000e+00	0.000000e+00	0.000000e+00
512	5.288424e+15	0.000000e+00	0.000000e+00	0.000000e+00
513	5.289055e+15	0.000000e+00	0.000000e+00	0.000000e+00
514	5.289579e+15	0.000000e+00	0.000000e+00	0.000000e+00
515	5.290073e+15	0.000000e+00	0.000000e+00	0.000000e+00
516	5.290605e+15	0.000000e+00	0.000000e+00	0.000000e+00
517	5.291211e+15	0.000000e+00	0.000000e+00	0.000000e+00
518	5.291806e+15	0.000000e+00	0.000000e+00	0.000000e+00
519	5.292393e+15	0.000000e+00	0.000000e+00	0.000000e+00
520	5.292904e+15	0.000000e+00	0.000000e+00	0.000000e+00
521	5.293429e+15	0.000000e+00	0.000000e+00	0.000000e+00
522	5.293951e+15	0.000000e+00	0.000000e+00	0.000000e+00
523	5.294499e+15	0.000000e+00	0.000000e+00	0.000000e+00
524	5.294919e+15	0.000000e+00	0.000000e+00	0.000000e+00
525	5.295424e+15	0.000000e+00	0.000000e+00	0.000000e+00
526	5.295853e+15	0.000000e+00	0.000000e+00	0.000000e+00
527	5.296368e+15	0.000000e+00	0.000000e+00	0.000000e+00
528	5.296985e+15	0.000000e+00	0.000000e+00	0.000000e+00
529	5.297479e+15	0.000000e+00	0.000000e+00	0.000000e+00
530	5.298003e+15	0.000000e+00	0.000000e+00	0.000000e+00
531	5.298628e+15	0.000000e+00	8.113664e-02	0.000000e+00
532	5.299102e+15	0.000000e+00	2.416282e-01	0.000000e+00
533	5.299648e+15	0.000000e+00	9.837316e-01	6.619938e+14
534	5.300114e+15	0.000000e+00	9.630052e-01	4.225124e+15
535	5.300674e+15	0.000000e+00	2.272147e+00	2.035221e+16
536	5.301126e+15	0.000000e+00	1.894459e+00	1.154427e+16
537	5.301649e+15	0.000000e+00	3.517442e+00	1.897327e+16
538	5.302109e+15	0.000000e+00	4.038763e+00	1.997058e+16
539	5.302527e+15	0.000000e+00	3.388552e+00	1.487319e+16
540	5.303021e+15	0.000000e+00	4.069130e+00	2.484136e+16
541	5.303601e+15	0.000000e+00	6.801196e+00	4.104452e+16
542	5.304126e+15	0.000000e+00	9.119652e+00	3.702915e+16
543	5.304537e+15	0.000000e+00	5.531431e+00	2.671884e+16
544	5.305030e+15	0.000000e+00	5.798344e+00	3.363563e+16
545	5.305623e+15	0.000000e+00	9.496335e+00	3.684543e+16
546	5.306137e+15	0.000000e+00	8.617407e+00	2.487563e+16
547	5.306652e+15	0.000000e+00	8.922104e+00	2.938401e+16
548	5.307186e+15	0.000000e+00	1.316959e+01	2.630358e+16
549	5.307611e+15	0.000000e+00	8.367316e+00	2.402128e+16
550	5.308121e+15	0.000000e+00	1.268379e+01	3.914268e+16
551	5.308597e+15	0.000000e+00	1.050968e+01	4.417420e+16
552	5.309147e+15	0.000000e+00	1.439008e+01	5.265537e+16
553	5.309669e+15	0.000000e+00	1.954468e+01	5.110725e+16
554	5.310074e+15	0.000000e+00	1.189340e+01	3.580883e+16
555	5.310561e+15	0.000000e+00	1.428274e+01	4.599514e+16
556	5.311097e+15	0.000000e+00	2.419422e+01	6.787196e+16
557	5.311504e+15	0.000000e+00	1.370400e+01	3.691019e+16
558	5.311992e+15	0.000000e+00	2.288238e+01	4.538865e+16
559	5.312399e+15	0.000000e+00	1.445973e+01	3.184843e+16
560	5.312887e+15	0.000000e+00	1.921347e+01	5.007294e+16
561	5.313374e+15	0.000000e+00	1.763354e+01	4.837230e+16
562	5.313918e+15	0.000000e+00	2.017812e+01	6.211173e+16
563	5.314488e+15	0.000000e+00	2.660770e+01	6.916104e+16
564	5.314981e+15	0.000000e+00	2.565384e+01	6.364513e+16
565	5.315434e+15	0.000000e+00	2.775359e+01	4.837088e+16
566	5.315835e+15	0.000000e+00	1.887043e+01	4.111050e+16
567	5.316310e+15	0.000000e+00	2.059736e+01	4.731452e+16
568	5.316848e+15	0.000000e+00	2.561738e+01	6.147060e+16
569	5.317378e+15	0.000000e+00	2.563331e+01	5.702453e+16
570	5.317915e+15	0.000000e+00	2.480824e+01	6.530602e+16
571	5.318490e+15	0.000000e+00	4.090238e+01	8.120632e+16
572	5.318915e+15	0.000000e+00	2.253862e+01	4.851030e+16
573	5.319411e+15	0.000000e+00	2.623201e+01	5.031902e+16
574	5.319937e+15	0.000000e+00	2.790085e+01	4.927725e+16
575	5.320481e+15	0.000000e+00	3.597278e+01	7.494517e+16
576	5.320953e+15	0.000000e+00	2.416597e+01	5.683636e+16
577	5.321519e+15	0.000000e+00	3.426164e+01	8.860371e+16
578	5.322054e+15	0.000000e+00	3.881211e+01	7.449824e+16
579	5.322514e+15	0.000000e+00	2.949852e+01	5.601668e+16
580	5.323012e+15	0.000000e+00	4.235563e+01	7.835763e+16
581	5.323426e+15	0.000000e+00	2.687159e+01	5.497903e+16
582	5.323923e+15	0.000000e+00	3.074003e+01	6.423953e+16
583	5.324473e+15	0.000000e+00	3.276630e+01	6.941568e+16
584	5.325055e+15	0.000000e+00	5.385559e+01	8.915425e+16
585	5.325473e+15	0.000000e+00	3.006073e+01	4.888019e+16
586	5.325947e+15	0.000000e+00	3.177805e+01	5.329792e+16
587	5.326476e+15	0.000000e+00	4.120173e+01	7.615909e+16
588	5.326970e+15	0.000000e+00	3.123553e+01	7.669445e+16
589	5.327542e+15	0.000000e+00	5.564296e+01	8.854355e+16
590	5.327972e+15	0.000000e+00	3.697289e+01	4.835921e+16
591	5.328421e+15	0.000000e+00	3.140165e+01	5.539130e+16
592	5.328953e+15	0.000000e+00	5.192154e+01	7.854615e+16
593	5.329388e+15	0.000000e+00	3.184657e+01	5.659124e+16
594	5.329904e+15	0.000000e+00	3.800761e+01	7.322026e+16
595	5.330441e+15	0.000000e+00	3.878929e+01	7.643435e+16
596	5.330990e+15	0.000000e+00	4.552271e+01	5.945904e+16
597	5.331488e+15	0.000000e+00	3.566519e+01	5.249873e+16
598	5.332031e+15	0.000000e+00	4.810478e+01	6.526745e+16
599	5.332506e+15	0.000000e+00	4.259978e+01	5.916602e+16
600	5.332966e+15	0.000000e+00	3.576581e+01	6.404079e+16
601	5.333476e+15	0.000000e+00	3.919046e+01	8.012596e+16
602	5.334014e+15	0.000000e+00	6.274881e+01	8.938170e+16
603	5.334415e+15	0.000000e+00	3.424910e+01	6.543684e+16
604	5.334893e+15	0.000000e+00	4.716141e+01	9.110550e+16
605	5.335349e+15	0.000000e+00	4.628387e+01	7.209587e+16
606	5.335787e+15	0.000000e+00	3.410298e+01	5.156275e+16
607	5.336313e+15	0.000000e+00	4.641632e+01	7.132509e+16
608	5.336824e+15	0.000000e+00	4.403594e+01	8.289339e+16
609	5.337341e+15	0.000000e+00	4.052762e+01	7.328251e+16
610	5.337899e+15	0.000000e+00	4.369595e+01	8.135841e+16
611	5.338473e+15	0.000000e+00	5.388161e+01	8.325261e+16
612	5.338974e+15	0.000000e+00	4.705267e+01	7.371667e+16
613	5.339463e+15	0.000000e+00	4.872756e+01	6.809952e+16
614	5.339938e+15	0.000000e+00	4.167183e+01	7.961831e+16
615	5.340460e+15	0.000000e+00	5.307333e+01	8.626869e+16
616	5.340945e+15	0.000000e+00	4.854265e+01	9.538812e+16
617	5.341425e+15	0.000000e+00	5.424145e+01	8.540241e+16
618	5.341868e+15	0.000000e+00	4.306446e+01	6.670158e+16
619	5.342357e+15	0.000000e+00	4.969881e+01	8.769811e+16
620	5.342843e+15	0.000000e+00	4.119265e+01	7.542676e+16
621	5.343393e+15	0.000000e+00	5.725336e+01	9.748473e+16
622	5.343886e+15	0.000000e+00	4.988456e+01	7.036161e+16
623	5.344372e+15	0.000000e+00	4.478705e+01	6.454931e+16
624	5.344892e+15	0.000000e+00	5.717109e+01	7.622599e+16
625	5.345355e+15	0.000000e+00	6.105893e+01	8.064338e+16
626	5.345748e+15	0.000000e+00	3.852972e+01	5.635253e+16
627	5.346219e+15	0.000000e+00	3.942434e+01	5.530309e+16
628	5.346785e+15	0.000000e+00	5.618678e+01	1.085269e+17
629	5.347314e+15	0.000000e+00	6.327636e+01	7.784254e+16
630	5.347773e+15	0.000000e+00	5.277974e+01	1.033070e+17
631	5.348235e+15	0.000000e+00	4.276240e+01	6.539871e+16
632	5.348774e+15	0.000000e+00	5.611552e+01	8.764623e+16
633	5.349295e+15	0.000000e+00	5.100859e+01	1.014095e+17
634	5.349831e+15	0.000000e+00	5.845718e+01	9.821715e+16
635	5.350334e+15	0.000000e+00	4.775077e+01	6.832175e+16
636	5.350884e+15	0.000000e+00	7.453383e+01	8.863776e+16
637	5.351316e+15	0.000000e+00	4.848726e+01	7.498899e+16
638	5.351779e+15	0.000000e+00	5.648508e+01	8.863673e+16
639	5.352221e+15	0.000000e+00	4.069010e+01	4.697003e+16
640	5.352752e+15	0.000000e+00	5.950573e+01	7.477319e+16
641	5.353236e+15	0.000000e+00	4.163577e+01	8.762754e+16
642	5.353817e+15	0.000000e+00	6.440717e+01	8.236977e+16
643	5.354328e+15	0.000000e+00	6.882076e+01	8.826661e+16
644	5.354756e+15	0.000000e+00	4.173427e+01	5.477224e+16
645	5.355269e+15	0.000000e+00	5.464362e+01	8.647242e+16
646	5.355781e+15	0.000000e+00	4.729036e+01	6.729884e+16
647	5.356352e+15	0.000000e+00	6.073899e+01	1.082483e+17
648	5.356882e+15	0.000000e+00	5.720831e+01	1.144519e+17
649	5.357398e+15	0.000000e+00	6.712121e+01	7.973505e+16
650	5.357848e+15	0.000000e+00	4.356071e+01	8.701120e+16
651	5.358387e+15	0.000000e+00	6.359731e+01	9.070365e+16
652	5.358878e+15	0.000000e+00	4.967617e+01	1.022470e+17
653	5.359412e+15	0.000000e+00	5.013230e+01	7.306337e+16
654	5.359992e+15	0.000000e+00	7.241633e+01	1.151024e+17
655	5.360474e+15	0.000000e+00	5.890005e+01	7.422386e+16
656	5.360951e+15	0.000000e+00	5.146973e+01	7.694828e+16
657	5.361476e+15	0.000000e+00	5.238631e+01	1.116340e+17
658	5.362043e+15	0.000000e+00	5.567236e+01	1.228092e+17
659	5.362627e+15	0.000000e+00	5.549196e+01	1.024594e+17
660	5.363235e+15	0.000000e+00	7.078712e+01	1.188087e+17
661	5.363764e+15	0.000000e+00	6.531897e+01	1.289323e+17
662	5.364259e+15	0.000000e+00	5.712164e+01	1.177027e+17
663	5.364767e+15	0.000000e+00	5.963357e+01	8.827564e+16
664	5.365270e+15	0.000000e+00	6.080137e+01	1.020406e+17
665	5.365760e+15	0.000000e+00	4.514271e+01	1.021513e+17
666	5.366347e+15	0.000000e+00	7.001221e+01	9.817095e+16
667	5.366865e+15	0.000000e+00	7.339459e+01	9.312002e+16
668	5.367309e+15	0.000000e+00	5.544611e+01	8.655347e+16
669	5.367780e+15	0.000000e+00	5.805188e+01	9.686969e+16
670	5.368267e+15	0.000000e+00	6.017124e+01	8.322777e+16
671	5.368760e+15	0.000000e+00	5.223181e+01	7.068800e+16
672	5.369315e+15	0.000000e+00	7.547198e+01	9.132043e+16
673	5.369788e+15	0.000000e+00	5.928286e+01	7.336579e+16
674	5.370274e+15	0.000000e+00	6.067864e+01	8.411300e+16
675	5.370764e+15	0.000000e+00	5.198728e+01	1.187689e+17
676	5.371317e+15	0.000000e+00	6.091844e+01	1.118806e+17
677	5.371875e+15	0.000000e+00	6.289951e+01	1.019643e+17
678	5.372426e+15	0.000000e+00	8.382726e+01	1.114766e+17
679	5.372860e+15	0.000000e+00	4.717156e+01	7.965192e+16
680	5.373381e+15	0.000000e+00	5.126731e+01	7.161156e+16
681	5.373973e+15	1.872228e-06	7.291863e+01	1.025713e+17
682	5.374489e+15	8.447400e-06	6.029940e+01	1.183625e+17
683	5.375008e+15	2.497718e-05	6.430199e+01	9.996558e+16
684	5.375512e+15	3.127077e-05	5.181776e+01	9.411721e+16
685	5.376086e+15	6.539835e-05	7.828877e+01	1.072618e+17
686	5.376571e+15	1.190385e-04	6.000512e+01	9.958284e+16
687	5.377074e+15	1.996601e-04	5.931000e+01	7.500475e+16
688	5.377607e+15	2.526016e-04	6.783164e+01	1.066316e+17
689	5.378114e+15	3.091740e-04	7.900485e+01	1.200027e+17
690	5.378546e+15	2.348207e-04	4.983164e+01	6.617243e+16
691	5.379063e+15	2.688725e-04	5.574547e+01	1.022284e+17
692	5.379641e+15	4.817716e-04	1.164855e+02	1.513369e+17
693	5.380007e+15	2.227374e-04	5.107168e+01	5.855632e+16
694	5.380447e+15	2.578328e-04	5.108726e+01	1.080293e+17
695	5.380974e+15	3.738846e-04	5.314543e+01	8.429682e+16
696	5.381587e+15	8.646006e-04	8.720536e+01	1.213835e+17
697	5.382079e+15	6.752906e-04	5.973584e+01	9.367122e+16
698	5.382606e+15	7.726812e-04	6.842834e+01	1.118171e+17
699	5.383117e+15	1.001365e-03	7.028022e+01	7.136355e+16
700	5.383606e+15	1.029490e-03	6.200402e+01	8.680872e+16
701	5.384120e+15	1.124959e-03	5.401202e+01	1.025625e+17
702	5.384719e+15	1.691146e-03	6.597076e+01	1.587218e+17
703	5.385317e+15	2.731807e-03	1.016989e+02	1.325421e+17
704	5.385742e+15	1.639177e-03	5.265561e+01	1.027628e+17
705	5.386241e+15	2.172197e-03	6.329648e+01	1.163790e+17
706	5.386754e+15	3.690323e-03	8.093293e+01	9.939412e+16
707	5.387196e+15	3.568317e-03	6.411772e+01	7.881609e+16
708	5.387655e+15	3.408919e-03	5.238171e+01	8.369014e+16
709	5.388205e+15	4.444279e-03	7.615628e+01	9.015334e+16
710	5.388709e+15	3.265076e-03	6.113772e+01	7.828063e+16
711	5.389252e+15	3.855489e-03	7.788597e+01	9.854066e+16
712	5.389741e+15	3.757037e-03	7.488116e+01	8.232248e+16
713	5.390197e+15	3.131118e-03	5.322636e+01	8.776326e+16
714	5.390738e+15	4.695565e-03	6.579312e+01	9.769281e+16
715	5.391288e+15	8.252504e-03	7.471442e+01	1.020322e+17
716	5.391794e+15	6.624519e-03	5.265650e+01	8.332908e+16
717	5.392391e+15	9.719156e-03	8.939919e+01	1.019608e+17
718	5.392863e+15	7.713935e-03	5.996415e+01	7.591740e+16
719	5.393372e+15	9.236152e-03	6.403354e+01	1.117436e+17
720	5.393895e+15	8.348256e-03	5.185001e+01	7.374458e+16
721	5.394523e+15	1.624734e-02	9.099211e+01	1.692768e+17
722	5.395015e+15	1.428233e-02	6.709124e+01	8.603999e+16
723	5.395500e+15	1.394285e-02	6.210723e+01	1.104850e+17
724	5.396007e+15	1.499103e-02	5.142882e+01	7.151776e+16
725	5.396615e+15	2.743575e-02	8.578665e+01	9.500767e+16
726	5.397117e+15	2.777487e-02	8.131298e+01	1.129140e+17
727	5.397552e+15	2.038513e-02	5.222825e+01	1.066046e+17
728	5.398073e+15	2.312027e-02	5.834442e+01	7.050473e+16
729	5.398653e+15	2.656092e-02	6.629913e+01	1.362911e+17
730	5.399245e+15	3.641476e-02	9.087337e+01	1.017917e+17
731	5.399721e+15	2.542515e-02	5.348206e+01	1.212008e+17
732	5.400291e+15	3.219810e-02	6.734526e+01	1.073604e+17
733	5.400872e+15	5.396186e-02	1.060531e+02	1.382997e+17
734	5.401288e+15	2.969494e-02	5.982090e+01	1.037035e+17
735	5.401752e+15	2.753159e-02	5.409294e+01	1.197615e+17
736	5.402308e+15	4.660224e-02	8.819150e+01	1.040722e+17
737	5.402773e+15	5.879843e-02	1.026854e+02	1.304556e+17
738	5.403114e+15	2.887199e-02	5.367390e+01	6.312809e+16
739	5.403524e+15	2.969293e-02	5.359767e+01	7.527417e+16
740	5.404015e+15	3.035765e-02	5.778957e+01	1.133048e+17
741	5.404572e+15	3.490713e-02	7.117917e+01	1.063523e+17
742	5.405108e+15	4.553598e-02	9.298965e+01	1.408013e+17
743	5.405531e+15	2.378599e-02	5.281532e+01	3.996071e+16
744	5.406038e+15	2.336706e-02	5.467664e+01	9.932565e+16
745	5.406635e+15	4.137864e-02	9.539783e+01	1.021921e+17
746	5.407099e+15	2.953183e-02	7.152636e+01	8.815374e+16
747	5.407550e+15	2.061693e-02	5.339547e+01	8.807906e+16
748	5.408091e+15	2.315813e-02	6.099728e+01	8.659004e+16
749	5.408686e+15	4.744182e-02	1.019465e+02	1.164561e+17
750	5.409131e+15	4.616492e-02	5.835360e+01	8.567613e+16
751	5.409642e+15	8.983678e-02	6.374088e+01	1.148794e+17
752	5.410192e+15	1.516035e-01	7.483048e+01	9.288196e+16
753	5.410715e+15	1.388408e-01	5.651427e+01	9.720559e+16
754	5.411324e+15	1.636261e-01	6.170552e+01	8.805520e+16
755	5.411979e+15	2.519244e-01	8.943203e+01	1.400424e+17
756	5.412508e+15	2.622665e-01	7.692829e+01	8.928731e+16
757	5.412989e+15	2.150436e-01	5.299231e+01	9.883174e+16
758	5.413566e+15	2.949485e-01	7.839614e+01	9.638636e+16
759	5.414083e+15	2.061236e-01	5.539058e+01	1.081595e+17
760	5.414680e+15	3.136118e-01	8.598417e+01	1.252751e+17
761	5.415180e+15	2.349718e-01	5.468304e+01	1.133538e+17
762	5.415766e+15	3.086470e-01	7.005675e+01	9.487097e+16
763	5.416339e+15	3.106604e-01	7.177815e+01	1.239313e+17
764	5.416891e+15	3.325290e-01	7.462198e+01	9.054235e+16
765	5.417402e+15	3.096129e-01	6.442520e+01	6.239356e+16
766	5.417934e+15	3.269918e-01	6.739491e+01	9.816446e+16
767	5.418464e+15	2.713241e-01	5.507156e+01	6.942174e+16
768	5.419072e+15	3.581771e-01	6.776878e+01	1.157529e+17
769	5.419672e+15	4.743561e-01	7.754918e+01	8.455158e+16
770	5.420207e+15	3.441668e-01	5.171498e+01	8.251610e+16
771	5.420849e+15	6.923855e-01	9.431544e+01	9.372027e+16
772	5.421342e+15	5.413724e-01	6.087929e+01	1.143516e+17
773	5.421874e+15	5.854805e-01	6.061616e+01	9.658710e+16
774	5.422453e+15	5.511008e-01	5.334519e+01	1.097426e+17
775	5.423149e+15	1.259420e+00	1.261337e+02	1.769331e+17
776	5.423579e+15	5.555750e-01	5.385780e+01	7.073950e+16
777	5.424094e+15	5.677382e-01	5.363399e+01	1.486704e+17
778	5.424713e+15	6.885205e-01	7.072228e+01	9.263881e+16
779	5.425315e+15	7.149553e-01	7.669161e+01	1.140288e+17
780	5.425860e+15	5.954283e-01	6.214937e+01	1.334025e+17
781	5.426439e+15	7.453449e-01	7.486886e+01	1.269973e+17
782	5.426976e+15	6.806282e-01	6.684540e+01	1.199421e+17
783	5.427514e+15	5.713014e-01	5.510359e+01	1.058332e+17
784	5.428132e+15	7.823315e-01	7.546357e+01	1.194920e+17
785	5.428697e+15	7.635161e-01	7.277671e+01	1.098324e+17
786	5.429229e+15	6.662548e-01	6.696305e+01	1.191103e+17
787	5.429767e+15	5.301576e-01	5.344565e+01	1.216277e+17
788	5.430414e+15	8.045316e-01	7.928584e+01	1.668147e+17
789	5.430993e+15	6.637869e-01	6.568855e+01	1.056711e+17
790	5.431594e+15	6.168624e-01	6.265105e+01	1.607464e+17
791	5.432236e+15	8.582896e-01	9.151360e+01	1.509251e+17
792	5.432750e+15	5.120948e-01	5.409125e+01	1.446101e+17
793	5.433368e+15	7.495806e-01	8.154660e+01	1.213586e+17
794	5.433912e+15	5.617730e-01	6.069240e+01	1.420097e+17
795	5.434514e+15	8.076323e-01	8.753524e+01	1.248186e+17
796	5.435019e+15	4.983991e-01	5.410593e+01	1.327517e+17
797	5.435625e+15	7.027739e-01	8.041410e+01	1.388571e+17
798	5.436166e+15	4.783691e-01	5.511150e+01	1.153341e+17
799	5.436806e+15	6.410466e-01	7.905168e+01	1.193411e+17
800	5.437389e+15	4.960979e-01	6.329458e+01	1.393222e+17
801	5.438021e+15	7.826443e-01	1.114072e+02	1.418897e+17
802	5.438468e+15	4.203075e-01	5.556164e+01	1.217366e+17
803	5.439004e+15	4.181132e-01	6.257242e+01	1.410685e+17
804	5.439593e+15	4.622379e-01	7.464506e+01	1.135735e+17
805	5.440163e+15	3.344280e-01	5.581366e+01	7.963378e+16
806	5.440847e+15	4.166278e-01	6.711842e+01	1.574414e+17
807	5.441563e+15	5.137427e-01	8.559118e+01	1.697192e+17
808	5.442187e+15	3.472415e-01	5.715703e+01	1.202289e+17
809	5.442923e+15	4.552774e-01	7.993710e+01	1.402059e+17
810	5.443597e+15	3.747284e-01	6.527840e+01	1.372778e+17
811	5.444313e+15	4.653327e-01	8.064361e+01	1.091023e+17
812	5.444959e+15	5.146120e-01	9.101354e+01	1.349391e+17
813	5.445492e+15	3.277211e-01	5.539934e+01	1.115848e+17
814	5.446132e+15	3.523904e-01	5.496522e+01	1.882891e+17
815	5.446900e+15	5.961902e-01	8.048073e+01	1.324661e+17
816	5.447594e+15	7.626649e-01	8.326975e+01	1.651002e+17
817	5.448203e+15	9.183342e-01	7.658751e+01	1.103613e+17
818	5.448772e+15	9.760946e-01	6.978940e+01	1.286341e+17
819	5.449346e+15	8.614786e-01	5.532496e+01	1.429704e+17
820	5.450034e+15	1.235278e+00	7.829605e+01	1.743778e+17
821	5.450672e+15	1.432765e+00	9.124298e+01	1.365904e+17
822	5.451198e+15	8.920955e-01	5.494237e+01	1.002433e+17
823	5.451828e+15	1.108170e+00	7.324589e+01	1.260937e+17
824	5.452436e+15	9.515378e-01	6.116434e+01	9.519255e+16
825	5.453107e+15	1.257494e+00	8.300743e+01	1.104991e+17
826	5.453696e+15	1.114844e+00	7.330328e+01	1.300659e+17
827	5.454260e+15	8.788597e-01	5.874999e+01	9.030086e+16
828	5.454892e+15	1.054097e+00	7.608120e+01	1.134211e+17
829	5.455475e+15	9.391640e-01	6.389286e+01	9.599099e+16
830	5.456085e+15	9.671806e-01	6.203166e+01	9.980700e+16
831	5.456740e+15	1.078538e+00	7.105261e+01	1.252606e+17
832	5.457378e+15	1.190474e+00	8.057676e+01	1.216157e+17
833	5.457942e+15	8.680565e-01	5.357897e+01	6.501564e+16
834	5.458620e+15	1.262310e+00	7.493754e+01	1.265416e+17
835	5.459253e+15	1.200149e+00	7.216592e+01	1.154732e+17
836	5.459864e+15	1.335643e+00	8.602324e+01	1.236678e+17
837	5.460381e+15	9.130486e-01	5.333793e+01	9.133218e+16
838	5.461001e+15	1.239340e+00	7.351119e+01	1.398270e+17
839	5.461587e+15	1.073831e+00	6.042961e+01	1.150853e+17
840	5.462228e+15	9.567118e-01	5.298157e+01	1.496229e+17
841	5.462997e+15	1.281257e+00	7.380620e+01	1.803080e+17
842	5.463720e+15	1.751777e+00	9.959323e+01	1.847383e+17
843	5.464254e+15	9.883954e-01	5.288940e+01	8.387894e+16
844	5.464894e+15	1.682304e+00	9.995760e+01	1.500869e+17
845	5.465370e+15	9.295076e-01	5.325058e+01	1.206228e+17
846	5.465941e+15	9.538487e-01	5.630714e+01	1.537564e+17
847	5.466603e+15	1.274361e+00	7.888198e+01	1.252442e+17
848	5.467200e+15	1.527357e+00	9.670047e+01	1.531333e+17
849	5.467661e+15	8.392742e-01	5.453628e+01	1.019109e+17
850	5.468213e+15	9.446375e-01	5.454718e+01	1.331286e+17
851	5.468872e+15	1.335486e+00	7.764067e+01	1.036779e+17
852	5.469479e+15	1.084170e+00	6.454832e+01	1.672444e+17
853	5.470123e+15	1.084430e+00	7.272554e+01	1.239807e+17
854	5.470742e+15	9.226486e-01	6.312088e+01	1.097829e+17
855	5.471403e+15	1.134898e+00	8.059203e+01	1.714095e+17
856	5.471991e+15	9.125854e-01	6.219588e+01	7.530033e+16
857	5.472633e+15	8.332639e-01	5.857604e+01	1.363094e+17
858	5.473361e+15	1.206520e+00	9.094112e+01	1.579086e+17
859	5.473956e+15	1.017252e+00	7.660608e+01	1.182748e+17
860	5.474514e+15	8.118326e-01	5.448275e+01	8.601505e+16
861	5.475183e+15	1.335297e+00	9.041495e+01	1.066642e+17
862	5.475730e+15	8.232075e-01	5.345176e+01	1.302067e+17
863	5.476387e+15	8.757441e-01	6.113844e+01	1.013919e+17
864	5.477105e+15	1.164870e+00	8.552293e+01	1.193898e+17
865	5.477713e+15	8.992631e-01	5.681456e+01	1.111778e+17
866	5.478414e+15	1.273439e+00	7.929758e+01	1.419007e+17
867	5.479044e+15	1.034955e+00	6.438859e+01	1.074158e+17
868	5.479709e+15	1.392107e+00	8.729870e+01	1.186107e+17
869	5.480263e+15	1.040038e+00	5.522854e+01	8.872347e+16
870	5.480917e+15	1.373887e+00	6.374489e+01	1.474103e+17
871	5.481615e+15	1.661532e+00	7.263322e+01	1.657466e+17
872	5.482287e+15	1.341175e+00	5.982023e+01	1.385063e+17
873	5.483034e+15	2.349287e+00	1.186224e+02	1.677783e+17
874	5.483525e+15	1.412475e+00	6.646535e+01	9.610250e+16
875	5.484033e+15	1.197775e+00	5.455247e+01	8.438037e+16
876	5.484642e+15	1.226190e+00	5.878382e+01	1.310112e+17
877	5.485335e+15	1.307872e+00	6.565298e+01	1.823524e+17
878	5.486061e+15	1.341941e+00	6.925074e+01	1.385540e+17
879	5.486799e+15	1.717469e+00	9.958493e+01	1.753106e+17
880	5.487369e+15	1.168888e+00	6.554253e+01	1.125822e+17
881	5.487978e+15	1.145873e+00	6.499708e+01	1.264387e+17
882	5.488633e+15	1.370947e+00	8.260709e+01	1.007901e+17
883	5.489222e+15	1.139516e+00	6.519199e+01	1.138195e+17
884	5.489856e+15	1.558533e+00	7.611916e+01	1.220221e+17
885	5.490464e+15	1.393943e+00	5.602663e+01	1.094287e+17
886	5.491190e+15	2.290806e+00	8.330563e+01	1.877145e+17
887	5.491833e+15	1.844779e+00	5.549498e+01	1.469115e+17
888	5.492605e+15	2.560428e+00	7.469720e+01	1.511760e+17
889	5.493349e+15	3.069443e+00	9.383359e+01	1.508614e+17
890	5.493946e+15	2.148245e+00	6.338504e+01	1.421175e+17
891	5.494589e+15	2.294493e+00	6.973298e+01	9.849567e+16
892	5.495236e+15	2.270620e+00	7.481181e+01	1.419625e+17
893	5.495857e+15	1.604001e+00	5.522047e+01	1.167334e+17
894	5.496596e+15	1.805588e+00	6.601711e+01	1.631976e+17
895	5.497373e+15	2.311035e+00	9.417789e+01	1.635801e+17
896	5.497997e+15	2.285039e+00	9.649996e+01	1.230961e+17
897	5.498489e+15	1.299267e+00	5.536262e+01	1.087328e+17
898	5.499080e+15	1.191008e+00	5.539139e+01	1.090142e+17
899	5.499789e+15	1.809767e+00	9.703775e+01	1.803961e+17
900	5.500349e+15	1.123103e+00	5.713006e+01	1.027491e+17
901	5.501007e+15	1.235743e+00	6.919271e+01	1.090752e+17
902	5.501683e+15	1.242996e+00	7.209648e+01	1.372303e+17
903	5.502356e+15	9.332257e-01	5.549560e+01	1.419824e+17
904	5.503164e+15	1.399110e+00	8.821043e+01	1.949886e+17
905	5.503851e+15	1.632884e+00	9.264787e+01	9.762882e+16
906	5.504414e+15	1.627965e+00	8.312802e+01	1.253275e+17
907	5.504914e+15	1.204912e+00	5.486830e+01	1.019402e+17
908	5.505514e+15	1.739735e+00	7.910913e+01	1.076103e+17
909	5.506065e+15	1.766082e+00	8.208224e+01	1.307313e+17
910	5.506558e+15	1.250784e+00	5.701346e+01	7.783591e+16
911	5.507134e+15	1.153690e+00	5.487259e+01	9.597266e+16
912	5.507826e+15	1.521509e+00	7.297944e+01	1.150640e+17
913	5.508500e+15	1.993782e+00	8.303334e+01	1.667805e+17
914	5.509097e+15	1.921360e+00	7.006414e+01	1.127989e+17
915	5.509694e+15	1.725001e+00	5.834461e+01	1.117630e+17
916	5.510363e+15	2.216381e+00	7.788929e+01	1.118982e+17
917	5.510968e+15	2.143722e+00	7.625397e+01	7.315189e+16
918	5.511520e+15	1.541995e+00	5.190927e+01	9.768844e+16
919	5.512182e+15	2.055961e+00	7.707857e+01	1.148288e+17
920	5.512776e+15	1.543107e+00	5.779925e+01	1.348368e+17
921	5.513436e+15	2.183841e+00	9.093716e+01	9.906446e+16
922	5.513962e+15	1.546221e+00	6.737366e+01	6.612128e+16
923	5.514487e+15	1.137092e+00	5.185023e+01	8.546143e+16
924	5.515118e+15	1.452837e+00	7.458981e+01	1.333842e+17
925	5.515700e+15	1.119638e+00	5.140623e+01	9.781508e+16
926	5.516397e+15	1.638364e+00	7.104286e+01	1.124986e+17
927	5.517063e+15	2.134562e+00	7.846645e+01	1.449776e+17
928	5.517651e+15	1.629053e+00	5.136952e+01	1.190853e+17
929	5.518357e+15	1.803382e+00	5.917524e+01	1.410229e+17
930	5.519124e+15	2.143710e+00	8.160245e+01	1.988480e+17
931	5.519781e+15	2.134782e+00	8.246500e+01	1.048197e+17
932	5.520337e+15	1.465655e+00	5.121283e+01	1.134916e+17
933	5.521003e+15	1.425575e+00	5.320839e+01	1.051831e+17
934	5.521779e+15	2.125883e+00	8.527518e+01	1.357864e+17
935	5.522414e+15	1.746516e+00	6.121549e+01	1.279966e+17
936	5.523082e+15	2.212720e+00	7.222849e+01	7.694841e+16
937	5.523704e+15	1.810766e+00	5.044943e+01	1.085110e+17
938	5.524451e+15	2.591637e+00	6.426867e+01	1.422072e+17
939	5.525203e+15	3.523569e+00	9.122357e+01	1.778131e+17
940	5.525782e+15	2.286476e+00	5.455714e+01	1.032619e+17
941	5.526424e+15	2.553900e+00	6.558818e+01	1.236444e+17
942	5.527044e+15	2.445054e+00	6.599911e+01	1.020551e+17
943	5.527638e+15	2.104738e+00	6.151471e+01	9.779781e+16
944	5.528234e+15	1.851743e+00	5.169507e+01	7.102585e+16
945	5.528907e+15	1.909883e+00	5.277577e+01	1.428184e+17
946	5.529654e+15	2.093158e+00	6.867516e+01	1.167127e+17
947	5.530338e+15	1.537530e+00	5.347834e+01	9.436612e+16
948	5.531091e+15	1.869361e+00	6.845041e+01	1.118909e+17
949	5.531784e+15	1.608703e+00	6.010896e+01	1.400326e+17
950	5.532491e+15	1.694633e+00	6.853150e+01	1.339419e+17
951	5.533151e+15	2.343065e+00	1.098890e+02	1.195622e+17
952	5.533579e+15	1.032834e+00	4.906484e+01	6.343281e+16
953	5.534092e+15	1.108513e+00	4.871025e+01	9.067719e+16
954	5.534708e+15	1.529062e+00	7.604589e+01	1.395672e+17
955	5.535241e+15	9.471262e-01	4.832213e+01	9.654719e+16
956	5.535880e+15	9.919008e-01	5.596185e+01	8.060572e+16
957	5.536571e+15	1.241286e+00	7.310170e+01	1.559027e+17
958	5.537186e+15	1.239729e+00	6.170409e+01	9.314093e+16
959	5.537818e+15	1.663962e+00	6.196163e+01	1.166592e+17
960	5.538470e+15	2.937952e+00	8.781796e+01	1.121835e+17
961	5.538986e+15	2.363903e+00	5.290157e+01	8.434608e+16
962	5.539584e+15	2.671710e+00	5.508645e+01	1.008691e+17
963	5.540258e+15	2.493465e+00	4.971280e+01	1.502170e+17
964	5.541065e+15	4.648539e+00	1.062920e+02	1.372662e+17
965	5.541608e+15	2.399247e+00	4.968646e+01	1.074145e+17
966	5.542259e+15	3.102660e+00	7.235792e+01	1.247579e+17
967	5.542855e+15	2.613866e+00	6.359274e+01	1.270314e+17
968	5.543456e+15	3.127311e+00	8.109137e+01	1.231764e+17
969	5.543960e+15	1.980387e+00	4.956706e+01	6.867604e+16
970	5.544565e+15	1.914616e+00	4.963289e+01	9.541514e+16
971	5.545290e+15	2.514659e+00	7.506007e+01	8.999256e+16
972	5.545928e+15	1.716998e+00	5.164847e+01	1.143528e+17
973	5.546658e+15	1.886070e+00	5.900602e+01	1.387104e+17
974	5.547417e+15	2.233924e+00	8.224718e+01	1.438942e+17
975	5.548031e+15	1.346003e+00	4.781086e+01	9.843874e+16
976	5.548767e+15	1.559040e+00	5.858905e+01	1.413887e+17
977	5.549529e+15	1.634633e+00	6.542563e+01	1.859030e+17
978	5.550256e+15	1.759149e+00	6.961409e+01	1.427797e+17
979	5.550917e+15	1.890356e+00	6.764066e+01	9.207726e+16
980	5.551533e+15	1.695748e+00	5.256091e+01	1.284265e+17
981	5.552228e+15	1.985656e+00	6.142172e+01	1.570689e+17
982	5.552928e+15	2.336407e+00	6.563620e+01	9.508567e+16
983	5.553604e+15	2.419299e+00	6.655796e+01	9.623394e+16
984	5.554246e+15	2.566792e+00	6.800572e+01	9.059769e+16
985	5.554851e+15	2.900215e+00	7.473769e+01	1.198496e+17
986	5.555384e+15	2.000486e+00	4.856313e+01	7.358554e+16
987	5.556024e+15	2.177033e+00	5.460816e+01	1.191110e+17
988	5.556726e+15	2.295879e+00	5.614631e+01	9.194858e+16
989	5.557474e+15	2.902294e+00	7.133778e+01	8.988954e+16
990	5.558138e+15	2.375382e+00	5.280663e+01	1.306086e+17
991	5.558870e+15	2.639698e+00	5.999960e+01	1.256741e+17
992	5.559595e+15	3.169036e+00	6.915755e+01	1.070366e+17
993	5.560238e+15	2.695464e+00	4.833405e+01	6.558004e+16
994	5.560972e+15	3.565669e+00	6.577902e+01	9.004069e+16
995	5.561634e+15	2.921928e+00	4.732922e+01	9.856117e+16
996	5.562387e+15	3.620757e+00	6.376268e+01	1.268279e+17
997	5.563071e+15	3.051634e+00	5.270875e+01	9.522088e+16
998	5.563779e+15	2.838619e+00	5.264922e+01	7.306022e+16
999	5.564507e+15	2.959085e+00	6.586344e+01	1.222825e+17
1000	5.565137e+15	2.304867e+00	4.448734e+01	9.466690e+16
1001	5.565852e+15	2.876513e+00	6.170650e+01	1.115137e+17
1002	5.566494e+15	1.999283e+00	4.069944e+01	7.946136e+16
1003	5.567264e+15	3.261681e+00	6.813895e+01	1.304571e+17
1004	5.567898e+15	2.193294e+00	4.359810e+01	7.650146e+16
1005	5.568621e+15	2.555564e+00	5.335296e+01	1.352964e+17
1006	5.569335e+15	2.385087e+00	5.047672e+01	9.224986e+16
1007	5.570057e+15	3.073435e+00	7.004250e+01	1.194266e+17
1008	5.570629e+15	1.704440e+00	3.882428e+01	1.073761e+17
1009	5.571315e+15	1.833430e+00	4.172076e+01	1.080765e+17
1010	5.572086e+15	3.188937e+00	7.839924e+01	1.299723e+17
1011	5.572617e+15	1.729473e+00	3.729902e+01	5.417297e+16
1012	5.573241e+15	1.645010e+00	3.629495e+01	6.630801e+16
1013	5.573991e+15	2.637289e+00	6.378117e+01	1.341246e+17
1014	5.574585e+15	2.077303e+00	4.593067e+01	9.441454e+16
1015	5.575183e+15	1.650085e+00	3.599436e+01	8.033140e+16
1016	5.575902e+15	2.406808e+00	5.526385e+01	1.079221e+17
1017	5.576535e+15	1.970277e+00	4.246172e+01	9.711090e+16
1018	5.577207e+15	2.204933e+00	4.712753e+01	8.516760e+16
1019	5.577878e+15	2.265891e+00	4.539445e+01	8.417688e+16
1020	5.578554e+15	2.713932e+00	5.479714e+01	1.123079e+17
1021	5.579151e+15	2.076924e+00	3.963533e+01	6.368943e+16
1022	5.579816e+15	2.617149e+00	5.075234e+01	8.582098e+16
1023	5.580431e+15	2.039579e+00	4.139800e+01	8.772288e+16
1024	5.581082e+15	1.942267e+00	4.067983e+01	9.031554e+16
1025	5.581786e+15	2.358962e+00	4.431569e+01	6.789680e+16
1026	5.582494e+15	2.650624e+00	4.249557e+01	1.041752e+17
1027	5.583227e+15	2.842042e+00	4.494152e+01	1.194185e+17
1028	5.583960e+15	3.012392e+00	4.611614e+01	8.434872e+16
1029	5.584686e+15	3.197567e+00	6.137146e+01	8.288353e+16
1030	5.585273e+15	3.231513e+00	7.168243e+01	1.306360e+17
1031	5.585702e+15	1.598180e+00	3.713705e+01	8.170836e+16
1032	5.586217e+15	1.571230e+00	3.736942e+01	5.551740e+16
1033	5.586835e+15	1.673411e+00	4.071503e+01	7.768900e+16
1034	5.587540e+15	2.032120e+00	4.655302e+01	1.090340e+17
1035	5.588278e+15	2.183536e+00	5.090840e+01	1.033648e+17
1036	5.589005e+15	2.172825e+00	5.130021e+01	1.338503e+17
1037	5.589725e+15	2.576596e+00	6.960208e+01	1.400555e+17
1038	5.590300e+15	1.931187e+00	5.657606e+01	6.931447e+16
1039	5.590844e+15	1.427883e+00	4.073895e+01	1.121218e+17
1040	5.591497e+15	1.587240e+00	4.834408e+01	1.357279e+17
1041	5.592197e+15	1.564299e+00	5.144281e+01	1.483967e+17
1042	5.592915e+15	1.552896e+00	5.147181e+01	1.115948e+17
1043	5.593648e+15	1.729982e+00	5.731425e+01	1.566519e+17
1044	5.594337e+15	2.271364e+00	7.448946e+01	1.820786e+17
1045	5.594869e+15	1.515636e+00	4.136793e+01	9.262692e+16
1046	5.595506e+15	2.159200e+00	5.799306e+01	1.935745e+17
1047	5.596111e+15	2.027382e+00	4.300729e+01	1.263920e+17
1048	5.596837e+15	2.589560e+00	5.619951e+01	1.858872e+17
1049	5.597560e+15	2.911887e+00	5.941617e+01	1.499766e+17
1050	5.598255e+15	2.864062e+00	5.778665e+01	1.363282e+17
1051	5.598943e+15	2.795184e+00	5.914834e+01	1.339694e+17
1052	5.599621e+15	3.634625e+00	7.563143e+01	1.095604e+17
1053	5.600179e+15	2.321419e+00	4.633392e+01	1.057589e+17
1054	5.600848e+15	2.719509e+00	5.827708e+01	1.595046e+17
1055	5.601534e+15	3.838305e+00	8.638740e+01	1.709296e+17
1056	5.602055e+15	2.200791e+00	4.775903e+01	1.205102e+17
1057	5.602680e+15	3.487330e+00	8.499048e+01	1.370360e+17
1058	5.603166e+15	2.128380e+00	4.879535e+01	5.605147e+16
1059	5.603749e+15	2.618601e+00	5.150815e+01	1.024288e+17
1060	5.604422e+15	3.661671e+00	5.832315e+01	1.511254e+17
1061	5.605136e+15	4.744268e+00	8.029298e+01	1.618028e+17
1062	5.605727e+15	3.434282e+00	6.051081e+01	1.043462e+17
1063	5.606333e+15	3.384902e+00	5.780494e+01	1.028279e+17
1064	5.606973e+15	3.132336e+00	5.354799e+01	1.057931e+17
1065	5.607691e+15	3.627396e+00	6.333229e+01	1.641671e+17
1066	5.608402e+15	3.375651e+00	6.111175e+01	1.640776e+17
1067	5.609120e+15	3.810832e+00	8.001723e+01	1.665485e+17
1068	5.609708e+15	3.146331e+00	6.468785e+01	1.204993e+17
1069	5.610272e+15	2.541754e+00	4.795015e+01	1.048513e+17
1070	5.610947e+15	3.378961e+00	6.561923e+01	1.810253e+17
1071	5.611598e+15	2.974178e+00	5.741196e+01	1.516073e+17
1072	5.612299e+15	4.276435e+00	8.137749e+01	1.172677e+17
1073	5.612883e+15	2.896346e+00	5.047177e+01	1.390953e+17
1074	5.613582e+15	3.267007e+00	6.464448e+01	1.296695e+17
1075	5.614290e+15	3.045581e+00	6.266188e+01	1.425811e+17
1076	5.615024e+15	6.246353e+00	1.300584e+02	1.996150e+17
1077	5.615451e+15	2.776418e+00	5.287528e+01	6.580852e+16
1078	5.615964e+15	2.753850e+00	5.738732e+01	1.012500e+17
1079	5.616545e+15	2.416842e+00	5.320310e+01	1.233262e+17
1080	5.617242e+15	3.065737e+00	7.069945e+01	1.203987e+17
1081	5.617925e+15	2.542379e+00	6.365475e+01	1.086771e+17
1082	5.618644e+15	2.791977e+00	7.674701e+01	1.606797e+17
1083	5.619301e+15	2.319255e+00	6.380131e+01	9.597963e+16
1084	5.619995e+15	2.536864e+00	7.555458e+01	1.421883e+17
1085	5.620640e+15	3.083664e+00	8.725877e+01	1.484541e+17
1086	5.621182e+15	2.105606e+00	5.388831e+01	1.345286e+17
1087	5.621834e+15	2.409427e+00	6.306552e+01	1.407327e+17
1088	5.622530e+15	2.919992e+00	7.386561e+01	1.348966e+17
1089	5.623188e+15	3.166853e+00	6.884641e+01	1.722945e+17
1090	5.623845e+15	3.023283e+00	5.870806e+01	1.639037e+17
1091	5.624581e+15	3.806552e+00	7.902200e+01	1.795247e+17
1092	5.625240e+15	5.167048e+00	1.203315e+02	1.500538e+17
1093	5.625659e+15	2.536043e+00	5.255470e+01	1.568966e+17
1094	5.626163e+15	2.488739e+00	5.258930e+01	1.482033e+17
1095	5.626766e+15	4.797361e+00	1.224811e+02	2.128176e+17
1096	5.627144e+15	2.449091e+00	5.306597e+01	7.123614e+16
1097	5.627597e+15	2.372870e+00	5.283060e+01	1.207045e+17
1098	5.628140e+15	2.252217e+00	5.571268e+01	2.023102e+17
1099	5.628764e+15	2.695869e+00	6.910912e+01	1.397416e+17
1100	5.629375e+15	2.817462e+00	6.153481e+01	1.326920e+17
1101	5.630027e+15	3.255624e+00	6.594196e+01	1.129973e+17
1102	5.630687e+15	2.923040e+00	6.159570e+01	1.064966e+17
1103	5.631391e+15	3.193779e+00	7.420599e+01	1.510164e+17
1104	5.632045e+15	2.920776e+00	6.284277e+01	1.276083e+17
1105	5.632733e+15	2.633946e+00	5.980231e+01	1.056579e+17
1106	5.633486e+15	3.052564e+00	7.361673e+01	1.481473e+17
1107	5.634195e+15	3.502055e+00	6.789989e+01	1.510531e+17
1108	5.634912e+15	4.390825e+00	7.667555e+01	1.537127e+17
1109	5.635587e+15	3.292614e+00	6.946373e+01	1.492040e+17
1110	5.636281e+15	3.020406e+00	7.301243e+01	1.555725e+17
1111	5.636976e+15	2.942276e+00	7.439149e+01	1.754838e+17
1112	5.637671e+15	3.145623e+00	8.218158e+01	1.511315e+17
1113	5.638325e+15	2.588530e+00	7.503070e+01	1.398712e+17
1114	5.638998e+15	2.449445e+00	7.823395e+01	1.983156e+17
1115	5.639682e+15	2.744005e+00	9.359957e+01	2.227119e+17
1116	5.640293e+15	2.130360e+00	7.225390e+01	1.698659e+17
1117	5.640958e+15	3.704562e+00	1.073668e+02	1.902808e+17
1118	5.641499e+15	2.776278e+00	6.464285e+01	1.733319e+17
1119	5.642148e+15	3.193446e+00	8.302391e+01	1.826537e+17
1120	5.642801e+15	3.008371e+00	7.683157e+01	2.759923e+17
1121	5.643496e+15	3.209320e+00	8.539066e+01	2.086487e+17
1122	5.644183e+15	3.175986e+00	8.785705e+01	1.583549e+17
1123	5.644848e+15	3.082620e+00	8.465303e+01	1.328298e+17
1124	5.645514e+15	3.439269e+00	8.377229e+01	1.586435e+17
1125	5.646187e+15	3.602484e+00	8.321820e+01	1.168805e+17
1126	5.646868e+15	3.494103e+00	8.426868e+01	1.464149e+17
1127	5.647559e+15	3.544179e+00	8.875787e+01	1.453126e+17
1128	5.648230e+15	3.530352e+00	8.540658e+01	1.650012e+17
1129	5.648904e+15	3.513102e+00	8.994369e+01	1.532504e+17
1130	5.649560e+15	3.122549e+00	8.739680e+01	1.319397e+17
1131	5.650213e+15	3.187912e+00	8.827003e+01	1.030844e+17
1132	5.650857e+15	3.197664e+00	8.613737e+01	1.989707e+17
1133	5.651510e+15	2.951995e+00	8.455894e+01	1.277740e+17
1134	5.652183e+15	3.050149e+00	8.657730e+01	1.697006e+17
1135	5.652865e+15	2.955732e+00	8.740296e+01	1.429400e+17
1136	5.653550e+15	2.806446e+00	8.528253e+01	1.382174e+17
1137	5.654249e+15	2.737095e+00	8.634311e+01	1.486967e+17
1138	5.654954e+15	2.732912e+00	8.677157e+01	1.470131e+17
1139	5.655661e+15	2.939789e+00	8.421353e+01	1.812434e+17
1140	5.656381e+15	2.937200e+00	8.583135e+01	2.027006e+17
1141	5.657099e+15	2.514532e+00	8.277609e+01	1.706028e+17
1142	5.657829e+15	2.770358e+00	9.163101e+01	1.608492e+17
1143	5.658515e+15	2.171307e+00	7.746600e+01	1.735668e+17
1144	5.659242e+15	2.192266e+00	8.235385e+01	1.201705e+17
1145	5.659981e+15	2.395234e+00	9.179288e+01	1.850326e+17
1146	5.660668e+15	2.146221e+00	7.985465e+01	1.534098e+17
1147	5.661375e+15	2.320864e+00	8.373126e+01	1.547852e+17
1148	5.662079e+15	2.349840e+00	9.104978e+01	1.476781e+17
1149	5.662735e+15	2.280182e+00	7.823329e+01	1.042150e+17
1150	5.663422e+15	2.344632e+00	8.242136e+01	1.514782e+17
1151	5.664112e+15	2.628121e+00	9.281354e+01	1.548529e+17
1152	5.664744e+15	2.527766e+00	8.763751e+01	1.701688e+17
1153	5.665352e+15	2.152486e+00	6.725075e+01	1.077610e+17
1154	5.666051e+15	2.496181e+00	7.877964e+01	1.183700e+17
1155	5.666757e+15	2.447178e+00	7.379412e+01	1.943481e+17
1156	5.667500e+15	2.713548e+00	8.401712e+01	1.843058e+17
1157	5.668204e+15	2.353378e+00	7.068143e+01	1.825829e+17
1158	5.668955e+15	2.631166e+00	7.932825e+01	1.300747e+17
1159	5.669686e+15	2.881532e+00	7.700091e+01	1.725725e+17
1160	5.670410e+15	2.798688e+00	7.681361e+01	1.290606e+17
1161	5.671126e+15	2.884839e+00	7.826683e+01	2.018748e+17
1162	5.671829e+15	2.848740e+00	7.755464e+01	1.830807e+17
1163	5.672523e+15	2.605417e+00	7.806726e+01	1.250739e+17
1164	5.673200e+15	2.303642e+00	7.296331e+01	1.565608e+17
1165	5.673887e+15	2.456982e+00	7.330387e+01	1.619199e+17
1166	5.674579e+15	2.822389e+00	7.376143e+01	1.820264e+17
1167	5.675269e+15	3.039964e+00	7.311166e+01	1.431730e+17
1168	5.675962e+15	3.479821e+00	7.595058e+01	1.691988e+17
1169	5.676635e+15	3.534432e+00	7.427138e+01	1.602797e+17
1170	5.677299e+15	3.602522e+00	6.930760e+01	1.542218e+17
1171	5.677985e+15	3.772205e+00	7.201776e+01	1.717986e+17
1172	5.678671e+15	4.151059e+00	8.143206e+01	1.566851e+17
1173	5.679294e+15	3.204086e+00	6.130936e+01	9.777158e+16
1174	5.679985e+15	3.520906e+00	7.169267e+01	1.526582e+17
1175	5.680657e+15	3.910999e+00	7.586458e+01	1.305304e+17
1176	5.681284e+15	3.505303e+00	6.178192e+01	1.467337e+17
1177	5.681961e+15	4.021624e+00	6.705399e+01	1.292737e+17
1178	5.682649e+15	3.765697e+00	6.729925e+01	1.536935e+17
1179	5.683339e+15	3.315222e+00	6.028806e+01	9.528474e+16
1180	5.684093e+15	3.483628e+00	7.283816e+01	1.346912e+17
1181	5.684805e+15	3.198740e+00	6.798405e+01	1.275027e+17
1182	5.685510e+15	3.003427e+00	6.345323e+01	1.341291e+17
1183	5.686237e+15	3.239332e+00	6.906413e+01	1.593698e+17
1184	5.686936e+15	3.258398e+00	6.492468e+01	1.382094e+17
1185	5.687637e+15	2.986898e+00	6.188203e+01	1.346721e+17
1186	5.688363e+15	3.107241e+00	6.648067e+01	1.724139e+17
1187	5.689073e+15	3.288288e+00	7.157768e+01	1.513605e+17
1188	5.689728e+15	2.541846e+00	5.358187e+01	1.308765e+17
1189	5.690474e+15	3.025939e+00	6.767197e+01	1.102218e+17
1190	5.691190e+15	2.833485e+00	6.584733e+01	8.908414e+16
1191	5.691891e+15	3.235011e+00	6.761421e+01	1.159468e+17
1192	5.692564e+15	3.080187e+00	6.176910e+01	1.229569e+17
1193	5.693251e+15	3.138308e+00	6.386940e+01	1.242004e+17
1194	5.693935e+15	3.191796e+00	6.690548e+01	1.056611e+17
1195	5.694590e+15	2.913500e+00	5.897906e+01	9.199408e+16
1196	5.695272e+15	2.967952e+00	6.275786e+01	1.074397e+17
1197	5.695946e+15	2.813244e+00	6.159058e+01	9.964112e+16
1198	5.696624e+15	2.842367e+00	6.453493e+01	1.031485e+17
1199	5.697278e+15	2.795361e+00	6.053907e+01	1.039733e+17
1200	5.697938e+15	3.226992e+00	6.027603e+01	1.064587e+17
1201	5.698597e+15	3.586607e+00	6.021589e+01	1.222391e+17
1202	5.699255e+15	3.682935e+00	5.893509e+01	1.454741e+17
1203	5.699925e+15	4.046835e+00	6.074920e+01	1.665602e+17
1204	5.700589e+15	4.013393e+00	5.808209e+01	1.081101e+17
1205	5.701267e+15	3.865862e+00	5.863985e+01	1.306950e+17
1206	5.701953e+15	4.297072e+00	6.067373e+01	1.180049e+17
1207	5.702633e+15	3.909462e+00	5.839408e+01	1.567650e+17
1208	5.703326e+15	3.909211e+00	6.177329e+01	1.575331e+17
1209	5.704004e+15	3.924958e+00	5.958963e+01	1.083337e+17
1210	5.704686e+15	3.954579e+00	6.174235e+01	7.241933e+16
1211	5.705360e+15	3.594300e+00	5.955762e+01	1.574125e+17
1212	5.706046e+15	3.790368e+00	6.347384e+01	2.419284e+17
1213	5.706712e+15	3.345087e+00	6.053600e+01	1.704466e+17
1214	5.707384e+15	3.163990e+00	6.040594e+01	1.396362e+17
1215	5.708066e+15	3.117553e+00	6.389058e+01	2.009391e+17
1216	5.708733e+15	3.083470e+00	6.463946e+01	1.334655e+17
1217	5.709382e+15	3.135625e+00	6.017197e+01	1.798697e+17
1218	5.710043e+15	3.151650e+00	6.100195e+01	1.607906e+17
1219	5.710710e+15	3.361929e+00	6.252152e+01	1.243952e+17
1220	5.711373e+15	3.233858e+00	5.568728e+01	1.332110e+17
1221	5.712084e+15	3.677355e+00	6.592723e+01	1.249463e+17
1222	5.712760e+15	3.358527e+00	6.624825e+01	1.270617e+17
1223	5.713401e+15	3.048769e+00	5.975914e+01	1.305941e+17
1224	5.714070e+15	3.088113e+00	6.453098e+01	1.204437e+17
1225	5.714719e+15	2.586805e+00	5.775737e+01	1.270346e+17
1226	5.715405e+15	3.258367e+00	7.529420e+01	1.083246e+17
1227	5.716006e+15	2.666710e+00	5.715231e+01	7.708732e+16
1228	5.716660e+15	2.279534e+00	5.037051e+01	1.811992e+17
1229	5.717438e+15	2.799882e+00	7.362090e+01	1.535258e+17
1230	5.718147e+15	2.638599e+00	6.777486e+01	1.816445e+17
1231	5.718838e+15	2.691231e+00	6.443100e+01	1.666466e+17
1232	5.719544e+15	3.104125e+00	7.294165e+01	1.677024e+17
1233	5.720203e+15	2.932731e+00	6.509335e+01	1.841259e+17
1234	5.720878e+15	2.975423e+00	6.977389e+01	1.486599e+17
1235	5.721534e+15	2.659954e+00	6.574917e+01	1.608049e+17
1236	5.722205e+15	2.448704e+00	6.893290e+01	1.059453e+17
1237	5.722873e+15	1.827153e+00	6.179588e+01	1.313374e+17
1238	5.723601e+15	2.107348e+00	7.983273e+01	1.554800e+17
1239	5.724255e+15	2.021334e+00	6.754770e+01	1.257110e+17
1240	5.724934e+15	2.699535e+00	8.225532e+01	1.344268e+17
1241	5.725543e+15	2.211053e+00	6.111159e+01	1.158116e+17
1242	5.726222e+15	3.111808e+00	7.625657e+01	1.468590e+17
1243	5.726870e+15	3.271785e+00	6.648105e+01	1.373392e+17
1244	5.727558e+15	3.145488e+00	6.642270e+01	9.684066e+16
1245	5.728282e+15	3.246515e+00	7.067106e+01	1.406897e+17
1246	5.729005e+15	3.187696e+00	7.351779e+01	1.354859e+17
1247	5.729708e+15	2.710213e+00	6.577443e+01	1.614951e+17
1248	5.730453e+15	3.397260e+00	7.907737e+01	1.146523e+17
1249	5.731141e+15	2.925672e+00	6.055697e+01	1.602846e+17
1250	5.731916e+15	3.018725e+00	6.995619e+01	1.393076e+17
1251	5.732711e+15	3.075863e+00	8.600427e+01	1.542917e+17
1252	5.733414e+15	2.978002e+00	7.977295e+01	1.746805e+17
1253	5.734079e+15	2.243650e+00	6.473953e+01	1.875827e+17
1254	5.734822e+15	2.727717e+00	8.641675e+01	1.668305e+17
1255	5.735500e+15	2.043757e+00	6.772455e+01	2.049986e+17
1256	5.736253e+15	2.375285e+00	8.004095e+01	1.551870e+17
1257	5.736997e+15	2.368588e+00	7.971955e+01	1.490266e+17
1258	5.737738e+15	2.716378e+00	8.748688e+01	1.667574e+17
1259	5.738425e+15	2.301412e+00	6.951321e+01	1.612006e+17
1260	5.739181e+15	2.716895e+00	8.053263e+01	1.750176e+17
1261	5.739926e+15	2.823485e+00	7.545766e+01	1.499985e+17
1262	5.740700e+15	3.107216e+00	7.630874e+01	1.463353e+17
1263	5.741499e+15	3.294431e+00	8.298955e+01	1.814468e+17
1264	5.742275e+15	3.353299e+00	7.618857e+01	1.595848e+17
1265	5.743081e+15	3.663539e+00	8.610046e+01	1.727959e+17
1266	5.743846e+15	3.799379e+00	8.973718e+01	2.196948e+17
1267	5.744550e+15	3.326630e+00	8.183102e+01	1.327734e+17
1268	5.745247e+15	3.409108e+00	8.041218e+01	1.399769e+17
1269	5.745949e+15	3.390005e+00	7.814298e+01	1.218981e+17
1270	5.746670e+15	3.573690e+00	8.764626e+01	1.109226e+17
1271	5.747352e+15	3.198452e+00	7.745588e+01	1.974306e+17
1272	5.748061e+15	3.064260e+00	8.188158e+01	1.541178e+17
1273	5.748767e+15	2.945905e+00	8.426867e+01	1.519652e+17
1274	5.749451e+15	3.225191e+00	8.571546e+01	9.935068e+16
1275	5.750104e+15	3.449119e+00	7.361733e+01	1.296508e+17
1276	5.750804e+15	4.118479e+00	7.983040e+01	1.168537e+17
1277	5.751507e+15	4.196825e+00	8.254732e+01	1.199997e+17
1278	5.752196e+15	4.329721e+00	8.075615e+01	1.327954e+17
1279	5.752886e+15	3.975281e+00	7.718394e+01	1.259652e+17
1280	5.753601e+15	3.811900e+00	7.893339e+01	1.715399e+17
1281	5.754329e+15	4.328462e+00	9.452226e+01	2.174276e+17
1282	5.754970e+15	3.467771e+00	7.362431e+01	1.185393e+17
1283	5.755655e+15	3.860024e+00	8.351340e+01	1.019557e+17
1284	5.756322e+15	3.514418e+00	8.199241e+01	1.267730e+17
1285	5.756969e+15	3.534529e+00	8.183095e+01	1.200186e+17
1286	5.757602e+15	3.646552e+00	8.381265e+01	1.190664e+17
1287	5.758207e+15	3.188092e+00	7.347522e+01	1.017695e+17
1288	5.758848e+15	3.208439e+00	7.827284e+01	1.481464e+17
1289	5.759498e+15	3.454945e+00	8.872012e+01	1.464805e+17
1290	5.760098e+15	2.936826e+00	7.108158e+01	1.219494e+17
1291	5.760754e+15	3.133230e+00	7.691623e+01	1.154381e+17
1292	5.761436e+15	3.307127e+00	8.440517e+01	1.583061e+17
1293	5.762099e+15	3.361555e+00	8.121291e+01	1.194792e+17
1294	5.762762e+15	3.461681e+00	8.392754e+01	2.029590e+17
1295	5.763411e+15	3.359222e+00	7.982038e+01	1.225988e+17
1296	5.764072e+15	3.271815e+00	6.913147e+01	2.020010e+17
1297	5.764820e+15	4.246427e+00	9.214595e+01	1.253635e+17
1298	5.765505e+15	4.247042e+00	7.738303e+01	1.758917e+17
1299	5.766222e+15	4.262485e+00	7.698730e+01	1.616919e+17
1300	5.766976e+15	4.345793e+00	8.995996e+01	1.709832e+17
1301	5.767685e+15	3.466918e+00	8.695418e+01	2.022243e+17
1302	5.768372e+15	2.902026e+00	8.174795e+01	1.510569e+17
1303	5.769076e+15	3.088228e+00	8.748249e+01	1.622320e+17
1304	5.769763e+15	2.790191e+00	8.668907e+01	1.871793e+17
1305	5.770442e+15	2.444351e+00	7.612484e+01	1.298794e+17
1306	5.771181e+15	2.508801e+00	8.929114e+01	2.152441e+17
1307	5.771899e+15	2.566208e+00	9.285783e+01	1.780589e+17
1308	5.772578e+15	2.220306e+00	7.976945e+01	1.479185e+17
1309	5.773301e+15	2.964343e+00	1.126519e+02	1.890256e+17
1310	5.773891e+15	1.988345e+00	7.018677e+01	1.442231e+17
1311	5.774581e+15	3.324492e+00	1.065263e+02	1.441160e+17
1312	5.775172e+15	2.546046e+00	6.944853e+01	1.707545e+17
1313	5.775872e+15	3.136726e+00	8.607076e+01	1.682110e+17
1314	5.776585e+15	3.503913e+00	8.747372e+01	1.732705e+17
1315	5.777302e+15	3.830258e+00	9.112064e+01	1.719693e+17
1316	5.778002e+15	3.369782e+00	8.409506e+01	1.533589e+17
1317	5.778725e+15	3.500245e+00	8.771222e+01	1.916775e+17
1318	5.779449e+15	3.248563e+00	8.767909e+01	2.018164e+17
1319	5.780176e+15	4.224886e+00	1.210337e+02	1.624495e+17
1320	5.780743e+15	2.246385e+00	6.846240e+01	1.542440e+17
1321	5.781423e+15	2.633038e+00	7.759638e+01	1.475589e+17
1322	5.782169e+15	3.259491e+00	9.472911e+01	2.312333e+17
1323	5.782874e+15	2.892833e+00	8.368622e+01	1.773022e+17
1324	5.783605e+15	3.476125e+00	1.024752e+02	2.249111e+17
1325	5.784257e+15	2.965477e+00	8.626590e+01	1.820660e+17
1326	5.784921e+15	2.275140e+00	7.025101e+01	1.314547e+17
1327	5.785710e+15	3.250538e+00	1.012677e+02	1.973989e+17
1328	5.786427e+15	2.417491e+00	7.791213e+01	1.974403e+17
1329	5.787220e+15	2.625216e+00	9.148742e+01	2.686042e+17
1330	5.787997e+15	2.876519e+00	9.807474e+01	1.651269e+17
1331	5.788714e+15	2.645851e+00	8.364859e+01	2.226295e+17
1332	5.789459e+15	2.897978e+00	9.498552e+01	2.036007e+17
1333	5.790162e+15	2.830959e+00	9.051473e+01	1.451092e+17
1334	5.790855e+15	2.727417e+00	9.323827e+01	1.822160e+17
1335	5.791523e+15	2.768692e+00	8.606159e+01	1.233528e+17
1336	5.792207e+15	2.844089e+00	8.935499e+01	2.412304e+17
1337	5.792886e+15	3.181935e+00	9.096822e+01	1.498027e+17
1338	5.793548e+15	3.920452e+00	9.081206e+01	1.527836e+17
1339	5.794191e+15	3.962106e+00	8.404830e+01	1.496096e+17
1340	5.794856e+15	4.354065e+00	9.281425e+01	1.562858e+17
1341	5.795492e+15	4.409093e+00	9.083714e+01	1.206124e+17
1342	5.796108e+15	4.049192e+00	8.432471e+01	1.505884e+17
1343	5.796737e+15	4.324284e+00	8.982443e+01	1.220280e+17
1344	5.797351e+15	4.053383e+00	8.533183e+01	1.608463e+17
1345	5.797972e+15	3.726457e+00	7.961241e+01	1.503362e+17
1346	5.798633e+15	4.635514e+00	9.484185e+01	1.830752e+17
1347	5.799249e+15	3.948207e+00	7.148225e+01	1.189681e+17
1348	5.799950e+15	3.894327e+00	7.283438e+01	1.548165e+17
1349	5.800734e+15	5.189490e+00	1.054999e+02	2.000678e+17
1350	5.801398e+15	3.945423e+00	8.098830e+01	1.329273e+17
1351	5.802083e+15	3.670619e+00	8.590317e+01	1.336765e+17
1352	5.802765e+15	3.709348e+00	8.932689e+01	1.448751e+17
1353	5.803426e+15	2.785734e+00	7.139762e+01	1.515768e+17
1354	5.804186e+15	3.483531e+00	1.024312e+02	1.303731e+17
1355	5.804857e+15	2.623673e+00	8.849377e+01	1.222691e+17
1356	5.805522e+15	2.485061e+00	8.808310e+01	1.506458e+17
1357	5.806185e+15	2.321072e+00	8.306066e+01	1.385866e+17
1358	5.806873e+15	2.831731e+00	9.616308e+01	1.631474e+17
1359	5.807519e+15	3.006018e+00	8.693033e+01	1.299735e+17
1360	5.808163e+15	3.814995e+00	1.020286e+02	1.607077e+17
1361	5.808734e+15	2.917784e+00	7.639337e+01	1.143163e+17
1362	5.809361e+15	3.094921e+00	8.495583e+01	1.301136e+17
1363	5.810000e+15	2.795041e+00	8.129732e+01	1.452232e+17
1364	5.810668e+15	3.028445e+00	9.002116e+01	1.586864e+17
1365	5.811311e+15	3.042347e+00	8.079235e+01	1.626959e+17
1366	5.811982e+15	3.298137e+00	8.020044e+01	1.590233e+17
1367	5.812683e+15	3.785941e+00	1.017733e+02	1.669351e+17
1368	5.813298e+15	2.550883e+00	7.208755e+01	1.364350e+17
1369	5.813994e+15	3.032058e+00	8.783859e+01	1.730642e+17
1370	5.814677e+15	2.757271e+00	8.728989e+01	1.839232e+17
1371	5.815353e+15	2.459606e+00	8.556263e+01	1.515671e+17
1372	5.816037e+15	2.411773e+00	8.352670e+01	1.396608e+17
1373	5.816740e+15	2.578251e+00	9.866000e+01	2.144350e+17
1374	5.817375e+15	1.976590e+00	7.267336e+01	1.417500e+17
1375	5.818092e+15	2.918070e+00	1.010501e+02	1.049995e+17
1376	5.818725e+15	2.171227e+00	7.130056e+01	1.618782e+17
1377	5.819447e+15	2.913812e+00	9.937295e+01	1.575469e+17
1378	5.820093e+15	3.112606e+00	9.273300e+01	1.070974e+17
1379	5.820697e+15	2.277811e+00	6.509961e+01	8.388899e+16
1380	5.821422e+15	2.944630e+00	8.401552e+01	1.609117e+17
1381	5.822140e+15	3.064895e+00	8.282026e+01	1.812849e+17
1382	5.822853e+15	2.915693e+00	7.772976e+01	1.528319e+17
1383	5.823588e+15	3.173135e+00	8.491002e+01	1.218787e+17
1384	5.824289e+15	2.881137e+00	8.190424e+01	1.125220e+17
1385	5.824975e+15	2.665775e+00	8.123096e+01	1.217271e+17
1386	5.825648e+15	2.445892e+00	7.589096e+01	1.005745e+17
1387	5.826341e+15	2.533228e+00	7.901894e+01	1.532677e+17
1388	5.827028e+15	2.920364e+00	7.719136e+01	1.304539e+17
1389	5.827720e+15	3.348611e+00	8.062246e+01	1.488757e+17
1390	5.828389e+15	3.703415e+00	7.989417e+01	9.239836e+16
1391	5.829027e+15	3.954252e+00	7.729869e+01	1.262708e+17
1392	5.829649e+15	3.980826e+00	7.521032e+01	8.418969e+16
1393	5.830264e+15	3.469243e+00	6.804091e+01	1.246688e+17
1394	5.830912e+15	3.346722e+00	7.045483e+01	1.016033e+17
1395	5.831571e+15	3.049415e+00	7.255025e+01	1.028780e+17
1396	5.832223e+15	2.812580e+00	7.548793e+01	1.163805e+17
1397	5.832853e+15	2.434404e+00	7.064679e+01	1.494058e+17
1398	5.833494e+15	2.278997e+00	7.052185e+01	1.139235e+17
1399	5.834145e+15	2.154988e+00	7.071108e+01	1.243924e+17
1400	5.834800e+15	2.749617e+00	7.297560e+01	7.622773e+16
1401	5.835440e+15	3.290861e+00	6.873787e+01	1.514497e+17
1402	5.836091e+15	3.908577e+00	6.959351e+01	1.316350e+17
1403	5.836743e+15	4.584753e+00	8.287150e+01	9.944432e+16
1404	5.837319e+15	2.811079e+00	5.789832e+01	9.827338e+16
1405	5.837979e+15	3.083875e+00	7.237357e+01	1.067448e+17
1406	5.838627e+15	2.727584e+00	7.000571e+01	9.460769e+16
1407	5.839286e+15	2.446622e+00	7.221540e+01	1.367082e+17
1408	5.839941e+15	2.834760e+00	8.556289e+01	8.933887e+16
1409	5.840514e+15	2.240747e+00	5.978872e+01	9.516202e+16
1410	5.841167e+15	2.553469e+00	6.614161e+01	9.125304e+16
1411	5.841845e+15	3.097517e+00	7.564327e+01	1.055889e+17
1412	5.842478e+15	2.916733e+00	6.329302e+01	1.100435e+17
1413	5.843149e+15	3.219814e+00	6.700335e+01	1.028328e+17
1414	5.843826e+15	3.263533e+00	6.958875e+01	1.219090e+17
1415	5.844487e+15	3.623030e+00	6.437894e+01	9.485598e+16
1416	5.845161e+15	4.041436e+00	6.399435e+01	8.826430e+16
1417	5.845849e+15	3.935499e+00	6.258803e+01	8.251050e+16
1418	5.846556e+15	4.243360e+00	7.065263e+01	1.050005e+17
1419	5.847215e+15	4.365501e+00	7.604435e+01	1.011480e+17
1420	5.847791e+15	2.959067e+00	5.149590e+01	7.929972e+16
1421	5.848456e+15	3.429335e+00	6.252001e+01	9.861344e+16
1422	5.849126e+15	3.394555e+00	6.305798e+01	7.815298e+16
1423	5.849797e+15	3.147547e+00	6.115239e+01	8.253384e+16
1424	5.850483e+15	3.063233e+00	6.280697e+01	9.892936e+16
1425	5.851169e+15	3.858054e+00	7.973241e+01	1.105659e+17
1426	5.851744e+15	2.208731e+00	4.869537e+01	7.716946e+16
1427	5.852435e+15	2.671086e+00	5.672507e+01	8.460804e+16
1428	5.853177e+15	4.521598e+00	9.329828e+01	1.213060e+17
1429	5.853724e+15	2.558073e+00	4.883624e+01	6.024101e+16
1430	5.854380e+15	4.245389e+00	8.612536e+01	1.396010e+17
1431	5.854903e+15	2.500530e+00	4.938170e+01	1.135711e+17
1432	5.855530e+15	3.469100e+00	6.295373e+01	1.390900e+17
1433	5.856163e+15	3.594475e+00	6.745006e+01	8.119630e+16
1434	5.856770e+15	2.562921e+00	5.541263e+01	1.064044e+17
1435	5.857445e+15	3.047012e+00	6.678245e+01	1.121505e+17
1436	5.858103e+15	3.109561e+00	6.580100e+01	9.672939e+16
1437	5.858751e+15	2.722921e+00	5.826027e+01	1.041201e+17
1438	5.859444e+15	3.113142e+00	6.393834e+01	8.699331e+16
1439	5.860133e+15	4.452201e+00	7.624812e+01	1.390809e+17
1440	5.860732e+15	3.367348e+00	4.917772e+01	5.649305e+16
1441	5.861448e+15	4.256689e+00	6.324903e+01	8.413703e+16
1442	5.862166e+15	4.433476e+00	6.694932e+01	1.264855e+17
1443	5.862856e+15	3.705035e+00	6.146552e+01	1.284541e+17
1444	5.863558e+15	3.047191e+00	5.385411e+01	7.964853e+16
1445	5.864341e+15	3.425779e+00	6.660628e+01	1.141611e+17
1446	5.865091e+15	3.175208e+00	6.034522e+01	1.345031e+17
1447	5.865860e+15	3.320260e+00	6.409234e+01	1.271105e+17
1448	5.866616e+15	3.216233e+00	6.637622e+01	9.171639e+16
1449	5.867338e+15	3.135491e+00	6.421893e+01	1.010348e+17
1450	5.868044e+15	3.179728e+00	6.729654e+01	1.097750e+17
1451	5.868712e+15	2.693851e+00	5.137918e+01	1.094015e+17
1452	5.869480e+15	3.152982e+00	6.483036e+01	1.003424e+17
1453	5.870220e+15	3.000577e+00	5.780390e+01	9.423638e+16
1454	5.870990e+15	4.183619e+00	7.347046e+01	1.656207e+17
1455	5.871661e+15	3.534373e+00	5.547848e+01	9.472191e+16
1456	5.872370e+15	3.563521e+00	5.772930e+01	1.131045e+17
1457	5.873101e+15	3.275981e+00	6.239394e+01	1.273116e+17
1458	5.873814e+15	3.190285e+00	6.283308e+01	1.090313e+17
1459	5.874508e+15	2.450963e+00	5.669259e+01	1.282498e+17
1460	5.875239e+15	2.737832e+00	6.276230e+01	8.814034e+16
1461	5.875950e+15	2.441113e+00	5.780145e+01	6.128882e+16
1462	5.876681e+15	2.744169e+00	6.054976e+01	1.112440e+17
1463	5.877409e+15	2.895347e+00	6.234093e+01	9.509464e+16
1464	5.878115e+15	3.159764e+00	6.020607e+01	1.026675e+17
1465	5.878816e+15	3.282422e+00	5.917703e+01	8.215451e+16
1466	5.879514e+15	3.227021e+00	5.793857e+01	8.884025e+16
1467	5.880220e+15	3.379504e+00	6.050239e+01	7.856347e+16
1468	5.880903e+15	3.209270e+00	5.923285e+01	7.801181e+16
1469	5.881575e+15	3.188183e+00	5.820640e+01	1.057818e+17
1470	5.882244e+15	3.458496e+00	5.835797e+01	1.117338e+17
1471	5.882905e+15	3.198595e+00	5.983256e+01	1.094990e+17
1472	5.883542e+15	3.117034e+00	5.673668e+01	9.770807e+16
1473	5.884178e+15	3.241790e+00	5.157616e+01	4.567776e+16
1474	5.884850e+15	3.641996e+00	5.670004e+01	9.020439e+16
1475	5.885506e+15	3.373732e+00	4.778720e+01	8.530008e+16
1476	5.886225e+15	3.294357e+00	5.008947e+01	9.337148e+16
1477	5.886995e+15	3.903216e+00	6.316334e+01	9.210203e+16
1478	5.887692e+15	3.566719e+00	5.481805e+01	9.840114e+16
1479	5.888402e+15	3.084121e+00	5.553137e+01	1.023199e+17
1480	5.889113e+15	3.384859e+00	5.955021e+01	8.946809e+16
1481	5.889790e+15	3.703426e+00	5.285196e+01	8.220533e+16
1482	5.890491e+15	3.748439e+00	5.160678e+01	8.605168e+16
1483	5.891226e+15	3.687558e+00	5.377771e+01	1.031569e+17
1484	5.891964e+15	3.839957e+00	5.791057e+01	7.617417e+16
1485	5.892658e+15	3.928547e+00	5.471268e+01	1.018629e+17
1486	5.893335e+15	3.891130e+00	5.287800e+01	1.037831e+17
1487	5.894014e+15	3.439631e+00	4.920102e+01	1.080323e+17
1488	5.894722e+15	3.354185e+00	5.446580e+01	8.796512e+16
1489	5.895409e+15	3.259892e+00	5.319946e+01	8.948828e+16
1490	5.896086e+15	3.017087e+00	5.217785e+01	8.296343e+16
1491	5.896768e+15	3.664046e+00	6.029243e+01	8.064726e+16
1492	5.897388e+15	3.270534e+00	5.100031e+01	1.002104e+17
1493	5.898027e+15	3.352002e+00	5.323519e+01	1.045239e+17
1494	5.898672e+15	3.680629e+00	5.449732e+01	7.842697e+16
1495	5.899318e+15	3.566754e+00	5.338479e+01	1.142726e+17
1496	5.899981e+15	3.889054e+00	5.441718e+01	1.085652e+17
1497	5.900654e+15	4.387384e+00	5.392185e+01	7.889052e+16
1498	5.901346e+15	4.374232e+00	5.362386e+01	1.116508e+17
1499	5.902061e+15	4.482207e+00	5.809458e+01	1.118595e+17
1500	5.902762e+15	4.023767e+00	5.431396e+01	1.065418e+17
1501	5.903484e+15	3.991660e+00	5.686769e+01	1.204152e+17
1502	5.904203e+15	3.414700e+00	5.765360e+01	9.724616e+16
1503	5.904913e+15	3.007260e+00	5.588036e+01	7.795963e+16
1504	5.905636e+15	3.039357e+00	5.861586e+01	1.113401e+17
1505	5.906346e+15	2.920774e+00	5.863016e+01	1.165057e+17
1506	5.907045e+15	2.773600e+00	5.675896e+01	9.301851e+16
1507	5.907754e+15	3.113255e+00	5.957884e+01	1.133488e+17
1508	5.908449e+15	2.919111e+00	5.218609e+01	9.932873e+16
1509	5.909209e+15	3.356457e+00	6.096874e+01	1.167863e+17
1510	5.909953e+15	3.362545e+00	6.626598e+01	1.286359e+17
1511	5.910638e+15	3.086790e+00	5.956015e+01	1.417229e+17
1512	5.911322e+15	3.047949e+00	6.454083e+01	1.182825e+17
1513	5.911970e+15	2.749837e+00	5.968983e+01	1.374854e+17
1514	5.912624e+15	2.442618e+00	5.929357e+01	1.328213e+17
1515	5.913291e+15	1.983598e+00	5.282340e+01	7.869135e+16
1516	5.914038e+15	2.981056e+00	6.576417e+01	1.130004e+17
1517	5.914755e+15	3.789476e+00	6.508926e+01	1.125495e+17
1518	5.915454e+15	3.637296e+00	5.996314e+01	1.346865e+17
1519	5.916186e+15	3.567668e+00	7.005172e+01	1.258028e+17
1520	5.916887e+15	3.494986e+00	6.928805e+01	1.187469e+17
1521	5.917556e+15	3.047577e+00	6.042032e+01	1.170019e+17
1522	5.918260e+15	3.390684e+00	6.969427e+01	1.578410e+17
1523	5.918930e+15	3.395391e+00	5.976824e+01	9.654959e+16
1524	5.919644e+15	3.114049e+00	5.945955e+01	1.519278e+17
1525	5.920414e+15	3.261926e+00	7.133560e+01	1.486974e+17
1526	5.921144e+15	3.036258e+00	7.165847e+01	1.679171e+17
1527	5.921847e+15	2.189985e+00	5.415533e+01	1.411396e+17
1528	5.922690e+15	2.598433e+00	7.132985e+01	1.284621e+17
1529	5.923516e+15	1.775456e+00	6.098703e+01	1.368366e+17
1530	5.924429e+15	2.242126e+00	7.818733e+01	1.191293e+17
1531	5.925268e+15	2.859279e+00	8.528618e+01	1.137823e+17
1532	5.925992e+15	3.106644e+00	8.962765e+01	1.099425e+17
1533	5.926597e+15	2.072173e+00	5.590480e+01	8.341474e+16
1534	5.927324e+15	2.409953e+00	6.792082e+01	9.003466e+16
1535	5.928079e+15	2.542439e+00	7.163662e+01	9.971925e+16
1536	5.928832e+15	2.563760e+00	6.780917e+01	1.260289e+17
1537	5.929604e+15	2.841311e+00	6.893176e+01	1.081686e+17
1538	5.930370e+15	3.279171e+00	7.764838e+01	8.984234e+16
1539	5.931050e+15	2.233998e+00	5.313825e+01	2.617789e+16
1540	5.931837e+15	3.588438e+00	8.987007e+01	1.161378e+17
1541	5.932447e+15	2.043497e+00	4.978963e+01	6.785682e+16
1542	5.933179e+15	2.187748e+00	5.210786e+01	1.477570e+17
1543	5.934049e+15	2.917174e+00	6.833536e+01	1.440899e+17
1544	5.934874e+15	3.024485e+00	6.725000e+01	7.024655e+16
1545	5.935641e+15	2.715457e+00	6.111810e+01	7.399004e+16
1546	5.936374e+15	2.471834e+00	5.642244e+01	6.514168e+16
1547	5.937070e+15	2.200014e+00	4.970834e+01	2.608032e+16
1548	5.937748e+15	2.185936e+00	4.406905e+01	5.730987e+16
1549	5.938422e+15	2.185602e+00	4.015899e+01	4.238074e+16
1550	5.939101e+15	2.242608e+00	3.628487e+01	6.024203e+16
1551	5.939804e+15	2.322697e+00	3.371042e+01	6.505612e+16
1552	5.940554e+15	3.219524e+00	3.877767e+01	9.645706e+16
1553	5.941280e+15	2.809001e+00	3.210472e+01	1.222695e+17
1554	5.942113e+15	3.445816e+00	4.128994e+01	1.190963e+17
1555	5.942954e+15	5.545535e+00	7.392973e+01	7.069070e+16
1556	5.943514e+15	2.572040e+00	3.392613e+01	1.128225e+17
1557	5.944186e+15	2.618828e+00	3.387185e+01	5.303042e+16
1558	5.944992e+15	4.180695e+00	5.907748e+01	1.096920e+17
1559	5.945637e+15	2.396799e+00	3.488546e+01	9.323524e+16
1560	5.946412e+15	3.106694e+00	5.082085e+01	1.070620e+17
1561	5.947126e+15	2.471909e+00	4.381550e+01	6.429709e+16
1562	5.947854e+15	2.925763e+00	5.285697e+01	9.879632e+16
1563	5.948482e+15	2.243841e+00	3.909765e+01	6.197006e+16
1564	5.949161e+15	2.416560e+00	4.876708e+01	6.551674e+16
1565	5.949789e+15	2.133022e+00	4.361397e+01	6.385152e+16
1566	5.950443e+15	2.338140e+00	5.107556e+01	9.662537e+16
1567	5.951064e+15	2.306477e+00	4.463992e+01	1.085208e+17
1568	5.951722e+15	3.071845e+00	4.878510e+01	7.402394e+16
1569	5.952371e+15	4.356223e+00	4.939668e+01	5.493138e+16
1570	5.952998e+15	4.952867e+00	4.332968e+01	8.571359e+16
1571	5.953657e+15	5.268248e+00	4.660245e+01	7.817859e+16
1572	5.954307e+15	4.647550e+00	4.828288e+01	5.968300e+16
1573	5.954940e+15	4.300818e+00	4.704171e+01	3.818052e+16
1574	5.955579e+15	4.205733e+00	5.146262e+01	7.603831e+16
1575	5.956184e+15	4.197301e+00	4.838655e+01	6.431097e+16
1576	5.956784e+15	4.005232e+00	4.742994e+01	3.447786e+16
1577	5.957379e+15	4.415668e+00	5.111224e+01	4.385877e+16
1578	5.957930e+15	3.889224e+00	4.374111e+01	5.331383e+16
1579	5.958501e+15	3.567291e+00	4.361904e+01	4.343509e+16
1580	5.959089e+15	4.588807e+00	4.944231e+01	7.494926e+16
1581	5.959641e+15	4.672766e+00	3.508113e+01	6.225376e+16
1582	5.960295e+15	6.016826e+00	4.660146e+01	5.648233e+16
1583	5.960922e+15	5.978806e+00	4.913505e+01	8.222102e+16
1584	5.961508e+15	5.568998e+00	4.546879e+01	8.770206e+16
1585	5.962087e+15	5.327139e+00	4.550285e+01	9.059515e+16
1586	5.962655e+15	4.458757e+00	4.100335e+01	5.390411e+16
1587	5.963251e+15	4.267598e+00	4.342305e+01	1.226351e+17
1588	5.963849e+15	3.902144e+00	4.515624e+01	8.397008e+16
1589	5.964437e+15	3.196422e+00	4.136811e+01	7.416226e+16
1590	5.965064e+15	3.412899e+00	4.695780e+01	1.022208e+17
1591	5.965686e+15	3.354228e+00	4.480185e+01	8.298366e+16
1592	5.966320e+15	3.470817e+00	4.757767e+01	1.028420e+17
1593	5.966938e+15	3.585568e+00	4.962034e+01	1.013683e+17
1594	5.967523e+15	3.679128e+00	4.899887e+01	8.181835e+16
1595	5.968080e+15	3.151505e+00	4.412057e+01	8.803961e+16
1596	5.968653e+15	2.685674e+00	3.789491e+01	3.119834e+16
1597	5.969302e+15	2.984190e+00	4.164082e+01	4.224914e+16
1598	5.969984e+15	3.455149e+00	4.654441e+01	8.116414e+16
1599	5.970621e+15	3.093650e+00	3.776380e+01	7.238098e+16
1600	5.971325e+15	3.743674e+00	4.850967e+01	9.174500e+16
1601	5.971970e+15	3.128320e+00	4.110811e+01	7.589890e+16
1602	5.972644e+15	2.873105e+00	4.097697e+01	8.378188e+16
1603	5.973349e+15	3.583618e+00	4.807692e+01	7.950577e+16
1604	5.974000e+15	3.077170e+00	4.178572e+01	6.279984e+16
1605	5.974674e+15	3.636709e+00	4.765567e+01	4.753947e+16
1606	5.975321e+15	3.497790e+00	4.619956e+01	9.018004e+16
1607	5.975975e+15	3.034661e+00	4.707741e+01	1.160283e+17
1608	5.976635e+15	3.765537e+00	5.577197e+01	1.255018e+17
1609	5.977226e+15	5.125578e+00	4.818671e+01	8.179520e+16
1610	5.977823e+15	4.569118e+00	4.551440e+01	1.009750e+17
1611	5.978452e+15	4.879493e+00	5.533346e+01	8.852682e+16
1612	5.979025e+15	3.398759e+00	4.500165e+01	8.686539e+16
1613	5.979634e+15	3.516474e+00	5.071384e+01	9.651515e+16
1614	5.980229e+15	3.613335e+00	4.773052e+01	1.008889e+17
1615	5.980845e+15	3.964314e+00	4.655668e+01	9.237008e+16
1616	5.981492e+15	4.787192e+00	5.138625e+01	7.582755e+16
1617	5.982119e+15	4.698275e+00	4.244436e+01	9.261497e+16
1618	5.982810e+15	4.266979e+00	4.468536e+01	1.036032e+17
1619	5.983549e+15	4.278053e+00	5.494593e+01	8.613256e+16
1620	5.984238e+15	3.670603e+00	4.868469e+01	1.030609e+17
1621	5.984956e+15	3.789255e+00	5.212297e+01	7.518845e+16
1622	5.985662e+15	3.269791e+00	4.993759e+01	6.964247e+16
1623	5.986365e+15	3.010492e+00	4.833182e+01	6.307396e+16
1624	5.987087e+15	2.912736e+00	5.124390e+01	1.291461e+17
1625	5.987811e+15	2.813944e+00	5.157841e+01	8.256418e+16
1626	5.988538e+15	2.927561e+00	5.581385e+01	1.273279e+17
1627	5.989230e+15	3.115982e+00	5.954194e+01	1.356641e+17
1628	5.989871e+15	3.014628e+00	5.193124e+01	1.333626e+17
1629	5.990539e+15	3.524831e+00	5.924308e+01	1.525125e+17
1630	5.991181e+15	3.383733e+00	5.578951e+01	1.611502e+17
1631	5.991830e+15	3.731328e+00	5.412951e+01	1.821033e+17
1632	5.992499e+15	3.691075e+00	5.319757e+01	1.936152e+17
1633	5.993216e+15	4.410293e+00	6.039246e+01	1.758992e+17
1634	5.993922e+15	4.208244e+00	5.445896e+01	2.365616e+17
1635	5.994684e+15	4.785257e+00	6.751057e+01	1.733668e+17
1636	5.995391e+15	4.143243e+00	6.429382e+01	1.370716e+17
1637	5.996080e+15	3.644891e+00	6.392387e+01	1.373596e+17
1638	5.996763e+15	4.209806e+00	8.380284e+01	9.137871e+16
1639	5.997312e+15	2.131376e+00	4.953060e+01	2.643701e+16
1640	5.997972e+15	2.394537e+00	5.870044e+01	7.349067e+16
1641	5.998661e+15	2.105366e+00	6.220347e+01	7.828993e+16
1642	5.999338e+15	1.858117e+00	5.317247e+01	9.213624e+16
1643	6.000073e+15	2.229751e+00	5.972179e+01	6.383230e+16
1644	6.000804e+15	2.921654e+00	6.820506e+01	6.819789e+16
1645	6.001448e+15	2.167273e+00	4.807964e+01	5.703729e+16
1646	6.002173e+15	2.736763e+00	5.808438e+01	8.294634e+16
1647	6.002868e+15	2.613627e+00	5.210780e+01	8.171675e+16
1648	6.003588e+15	3.784547e+00	7.503179e+01	6.848687e+16
1649	6.004139e+15	2.130979e+00	4.182114e+01	3.655536e+16
1650	6.004801e+15	2.624367e+00	4.773393e+01	1.166986e+17
1651	6.005526e+15	3.057057e+00	6.119440e+01	1.740866e+17
1652	6.006217e+15	3.088658e+00	6.429733e+01	2.062052e+17
1653	6.006893e+15	3.056498e+00	6.973462e+01	2.337955e+17
1654	6.007553e+15	3.100959e+00	7.606710e+01	1.401265e+17
1655	6.008189e+15	3.111703e+00	7.487684e+01	2.250431e+17
1656	6.008831e+15	3.538856e+00	7.801693e+01	2.474275e+17
1657	6.009471e+15	3.881611e+00	7.862936e+01	1.759973e+17
1658	6.010108e+15	4.072629e+00	7.747261e+01	1.510207e+17
1659	6.010756e+15	4.666304e+00	8.115479e+01	1.933758e+17
1660	6.011389e+15	4.281091e+00	6.856402e+01	1.406801e+17
1661	6.012090e+15	4.311168e+00	8.142981e+01	1.365552e+17
1662	6.012784e+15	4.535063e+00	8.785602e+01	1.756397e+17
1663	6.013437e+15	3.725154e+00	7.982425e+01	1.803552e+17
1664	6.014112e+15	3.860558e+00	8.539131e+01	2.014375e+17
1665	6.014778e+15	3.686620e+00	7.932499e+01	1.401341e+17
1666	6.015454e+15	3.706036e+00	7.326563e+01	1.160664e+17
1667	6.016164e+15	4.555275e+00	8.349240e+01	1.055663e+17
1668	6.016824e+15	4.196382e+00	7.353435e+01	6.342186e+16
1669	6.017488e+15	3.371280e+00	5.617343e+01	1.243099e+17
1670	6.018286e+15	4.013906e+00	6.783125e+01	1.004510e+17
1671	6.019079e+15	3.962323e+00	6.461233e+01	8.043215e+16
1672	6.019865e+15	3.901929e+00	6.793474e+01	1.236132e+17
1673	6.020578e+15	3.355318e+00	5.729307e+01	1.051810e+17
1674	6.021292e+15	2.983944e+00	5.144748e+01	1.051927e+17
1675	6.022040e+15	2.597785e+00	5.467170e+01	1.544568e+17
1676	6.022779e+15	3.017758e+00	5.976951e+01	1.186351e+17
1677	6.023464e+15	3.114989e+00	5.552350e+01	1.222979e+17
1678	6.024159e+15	3.884015e+00	6.238654e+01	1.347506e+17
1679	6.024828e+15	3.888199e+00	5.699273e+01	1.182358e+17
1680	6.025542e+15	4.566914e+00	6.703288e+01	1.004689e+17
1681	6.026228e+15	4.305999e+00	5.853544e+01	1.229431e+17
1682	6.026981e+15	3.944945e+00	6.121183e+01	1.268086e+17
1683	6.027794e+15	3.515425e+00	7.045913e+01	1.275245e+17
1684	6.028585e+15	3.019822e+00	6.750749e+01	1.333471e+17
1685	6.029392e+15	3.389189e+00	7.125564e+01	1.370001e+17
1686	6.030171e+15	2.807371e+00	5.895737e+01	9.748653e+16
1687	6.031018e+15	2.782596e+00	6.400348e+01	1.361435e+17
1688	6.031905e+15	2.764305e+00	7.883754e+01	1.909159e+17
1689	6.032704e+15	2.578130e+00	6.636137e+01	1.064089e+17
1690	6.033500e+15	2.089120e+00	6.334436e+01	1.251221e+17
1691	6.034319e+15	2.392637e+00	7.636701e+01	1.148941e+17
1692	6.035032e+15	2.449268e+00	5.740955e+01	1.102682e+17
1693	6.035774e+15	3.492307e+00	5.629147e+01	4.812082e+16
1694	6.036531e+15	4.246470e+00	5.766367e+01	5.842215e+16
1695	6.037267e+15	4.137459e+00	5.128104e+01	8.791767e+16
1696	6.038019e+15	4.024792e+00	4.786621e+01	6.349286e+16
1697	6.038830e+15	4.628659e+00	5.160502e+01	1.287429e+17
1698	6.039666e+15	4.099846e+00	5.270862e+01	9.815348e+16
1699	6.040530e+15	4.659013e+00	7.246119e+01	1.451878e+17
1700	6.041261e+15	2.830936e+00	5.256789e+01	1.175366e+17
1701	6.042089e+15	2.947070e+00	6.444203e+01	1.364683e+17
1702	6.042898e+15	2.369449e+00	6.564489e+01	1.297899e+17
1703	6.043692e+15	2.343529e+00	6.489354e+01	1.017993e+17
1704	6.044461e+15	2.492144e+00	6.268261e+01	8.196284e+16
1705	6.045200e+15	2.709247e+00	5.900210e+01	5.771193e+16
1706	6.045926e+15	2.645041e+00	5.516690e+01	6.432298e+16
1707	6.046637e+15	2.489423e+00	5.023449e+01	5.517558e+16
1708	6.047352e+15	2.458107e+00	4.859895e+01	6.741625e+16
1709	6.048065e+15	2.510050e+00	5.442171e+01	4.000348e+16
1710	6.048706e+15	1.615788e+00	3.841149e+01	3.759081e+16
1711	6.049433e+15	1.938132e+00	4.208851e+01	8.356548e+16
1712	6.050131e+15	2.313155e+00	4.381342e+01	5.020897e+16
1713	6.050798e+15	3.077456e+00	3.747396e+01	7.743312e+16
1714	6.051500e+15	3.634382e+00	3.511586e+01	6.237579e+16
1715	6.052234e+15	3.906172e+00	3.453112e+01	8.414415e+16
1716	6.053006e+15	4.568340e+00	3.953408e+01	1.182949e+17
1717	6.053769e+15	4.166852e+00	3.867348e+01	9.152531e+16
1718	6.054571e+15	4.277028e+00	4.109951e+01	1.157930e+17
1719	6.055372e+15	3.850609e+00	4.269301e+01	1.035888e+17
1720	6.056166e+15	3.068030e+00	4.421029e+01	8.212208e+16
1721	6.056962e+15	2.809730e+00	4.485826e+01	1.494132e+17
1722	6.057761e+15	2.506722e+00	4.558158e+01	9.426881e+16
1723	6.058559e+15	2.205748e+00	4.634938e+01	4.837596e+16
1724	6.059367e+15	1.958116e+00	4.444169e+01	8.872857e+16
1725	6.060200e+15	2.030327e+00	4.563110e+01	4.380806e+16
1726	6.061043e+15	2.362207e+00	4.594993e+01	1.134969e+17
1727	6.061878e+15	3.081704e+00	5.384307e+01	6.597025e+16
1728	6.062588e+15	2.009549e+00	3.417889e+01	5.109226e+16
1729	6.063420e+15	2.289631e+00	4.059629e+01	4.394489e+16
1730	6.064296e+15	2.260156e+00	4.222142e+01	4.844432e+16
1731	6.065181e+15	2.600527e+00	4.150443e+01	8.450506e+16
1732	6.066066e+15	2.716078e+00	4.004037e+01	6.794986e+16
1733	6.066979e+15	2.301383e+00	3.771869e+01	7.089439e+16
1734	6.067939e+15	2.505486e+00	3.924550e+01	6.698269e+16
1735	6.068864e+15	2.335800e+00	3.568706e+01	5.578856e+16
1736	6.069786e+15	1.870613e+00	3.608932e+01	8.686110e+16
1737	6.070691e+15	1.858346e+00	3.557697e+01	7.652906e+16
1738	6.071588e+15	2.473921e+00	3.614021e+01	9.951374e+16
1739	6.072492e+15	2.834721e+00	3.961601e+01	1.087243e+17
1740	6.073367e+15	3.089636e+00	4.116254e+01	1.011044e+17
1741	6.074190e+15	2.634535e+00	3.303985e+01	9.761600e+16
1742	6.075073e+15	3.097387e+00	4.160894e+01	8.126223e+16
1743	6.075826e+15	3.132727e+00	3.099143e+01	5.210447e+16
1744	6.076641e+15	3.402886e+00	3.291341e+01	5.237916e+16
1745	6.077486e+15	3.793211e+00	3.823028e+01	4.886072e+16
1746	6.078252e+15	3.143905e+00	3.314171e+01	4.808186e+16
1747	6.079027e+15	3.261806e+00	3.396715e+01	9.772096e+16
1748	6.079799e+15	3.165000e+00	3.161466e+01	6.477425e+16
1749	6.080605e+15	3.472248e+00	3.181044e+01	6.080853e+16
1750	6.081420e+15	3.624212e+00	3.179887e+01	5.569039e+16
1751	6.082242e+15	3.392571e+00	3.416582e+01	5.668288e+16
1752	6.083031e+15	3.567488e+00	3.639603e+01	5.168930e+16
1753	6.083775e+15	3.169354e+00	3.521992e+01	5.098230e+16
1754	6.084501e+15	3.552052e+00	3.412690e+01	5.274629e+16
1755	6.085221e+15	4.217978e+00	3.509849e+01	5.956960e+16
1756	6.085923e+15	3.995767e+00	3.383182e+01	6.863591e+16
1757	6.086632e+15	4.228163e+00	3.620637e+01	5.791775e+16
1758	6.087311e+15	4.042708e+00	3.352507e+01	4.586321e+16
1759	6.087997e+15	3.669886e+00	3.272797e+01	3.413526e+16
1760	6.088706e+15	4.080899e+00	3.611880e+01	5.604960e+16
1761	6.089378e+15	3.224537e+00	3.125188e+01	4.418876e+16
1762	6.090088e+15	3.169380e+00	3.230625e+01	3.997949e+16
1763	6.090815e+15	3.672625e+00	3.691161e+01	3.359699e+16
1764	6.091468e+15	2.865429e+00	2.697321e+01	4.026755e+16
1765	6.092204e+15	3.876665e+00	3.647795e+01	4.350664e+16
1766	6.092832e+15	3.976068e+00	2.711718e+01	1.463833e+16
1767	6.093502e+15	5.044217e+00	2.723050e+01	2.176932e+16
1768	6.094209e+15	5.322339e+00	3.014401e+01	5.219176e+16
1769	6.094891e+15	4.522615e+00	2.798712e+01	5.506079e+16
1770	6.095590e+15	4.775776e+00	3.164658e+01	5.183449e+16
1771	6.096254e+15	3.792097e+00	2.717394e+01	4.945843e+16
1772	6.096969e+15	3.948244e+00	3.060110e+01	5.310536e+16
1773	6.097676e+15	3.576538e+00	3.034907e+01	6.670138e+16
1774	6.098396e+15	3.705519e+00	3.265155e+01	8.820588e+16
1775	6.099085e+15	3.634607e+00	2.885945e+01	7.155307e+16
1776	6.099812e+15	4.425111e+00	3.462388e+01	9.394318e+16
1777	6.100468e+15	4.834302e+00	3.016572e+01	6.672232e+16
1778	6.101136e+15	5.912471e+00	2.827461e+01	5.103293e+16
1779	6.101845e+15	6.144284e+00	3.126449e+01	5.834190e+16
1780	6.102542e+15	5.802581e+00	3.206184e+01	7.761214e+16
1781	6.103218e+15	5.409717e+00	3.057811e+01	7.155965e+16
1782	6.103903e+15	5.075815e+00	3.086202e+01	6.667997e+16
1783	6.104609e+15	5.340093e+00	3.403972e+01	9.884139e+16
1784	6.105304e+15	5.266300e+00	3.489082e+01	1.127220e+17
1785	6.105978e+15	5.055117e+00	3.299266e+01	8.365297e+16
1786	6.106645e+15	5.478624e+00	3.238921e+01	4.685215e+16
1787	6.107311e+15	5.369355e+00	3.307607e+01	4.692859e+16
1788	6.107965e+15	5.385045e+00	3.314641e+01	3.518851e+16
1789	6.108609e+15	5.085026e+00	3.204882e+01	3.610942e+16
1790	6.109270e+15	5.350897e+00	3.431561e+01	7.418542e+16
1791	6.109913e+15	4.445357e+00	3.014852e+01	5.053529e+16
1792	6.110611e+15	4.629091e+00	2.835554e+01	8.472163e+16
1793	6.111389e+15	5.874445e+00	3.815741e+01	6.673960e+16
1794	6.112087e+15	5.176541e+00	3.436955e+01	2.783973e+16
1795	6.112776e+15	4.773043e+00	3.465023e+01	4.031931e+16
1796	6.113462e+15	5.286978e+00	3.965418e+01	6.482528e+16
1797	6.114077e+15	4.021756e+00	3.261132e+01	2.077717e+16
1798	6.114730e+15	3.877289e+00	3.573723e+01	7.442408e+16
1799	6.115371e+15	4.248981e+00	3.506291e+01	7.351451e+16
1800	6.115998e+15	4.909561e+00	3.439334e+01	4.586622e+16
1801	6.116621e+15	5.422239e+00	3.226090e+01	7.193729e+16
1802	6.117254e+15	5.904382e+00	3.335478e+01	7.665650e+16
1803	6.117870e+15	5.878580e+00	3.198681e+01	3.120245e+16
1804	6.118481e+15	6.186269e+00	3.101900e+01	4.661254e+16
1805	6.119098e+15	5.807028e+00	2.725697e+01	5.129555e+16
1806	6.119776e+15	5.934921e+00	2.932026e+01	6.574698e+16
1807	6.120467e+15	5.386118e+00	3.009746e+01	6.235417e+16
1808	6.121153e+15	5.075698e+00	3.254516e+01	5.875325e+16
1809	6.121807e+15	4.160613e+00	2.830867e+01	4.982937e+16
1810	6.122509e+15	4.469539e+00	3.292212e+01	4.547600e+16
1811	6.123169e+15	4.970945e+00	2.902314e+01	5.381552e+16
1812	6.123848e+15	5.461851e+00	2.736311e+01	6.848233e+16
1813	6.124569e+15	5.361435e+00	2.759709e+01	6.249960e+16
1814	6.125319e+15	5.254198e+00	3.284111e+01	6.811589e+16
1815	6.125993e+15	3.769009e+00	2.555052e+01	6.161865e+16
1816	6.126734e+15	3.700028e+00	2.866243e+01	7.042676e+16
1817	6.127484e+15	3.780739e+00	2.995356e+01	5.381931e+16
1818	6.128212e+15	3.532590e+00	2.838167e+01	6.613847e+16
1819	6.128943e+15	3.698110e+00	3.015529e+01	6.238473e+16
1820	6.129639e+15	4.383803e+00	2.912613e+01	7.985975e+16
1821	6.130315e+15	5.048766e+00	2.600455e+01	3.534950e+16
1822	6.131031e+15	5.473428e+00	2.695088e+01	7.521985e+16
1823	6.131762e+15	4.933160e+00	2.757029e+01	5.247955e+16
1824	6.132489e+15	4.611648e+00	2.861695e+01	5.434111e+16
1825	6.133187e+15	3.800676e+00	2.411645e+01	5.203351e+16
1826	6.133951e+15	4.033035e+00	2.743279e+01	7.192825e+16
1827	6.134697e+15	3.285171e+00	2.404099e+01	5.624919e+16
1828	6.135501e+15	3.429578e+00	2.530281e+01	6.359463e+16
1829	6.136327e+15	3.759110e+00	2.891338e+01	6.833232e+16
1830	6.137101e+15	3.545016e+00	2.726930e+01	4.579299e+16
1831	6.137859e+15	4.067116e+00	2.882039e+01	6.665297e+16
1832	6.138578e+15	4.936526e+00	2.723383e+01	5.333435e+16
1833	6.139291e+15	4.844814e+00	2.376129e+01	4.113133e+16
1834	6.140075e+15	5.126310e+00	2.906354e+01	4.598234e+16
1835	6.140809e+15	4.536304e+00	2.829589e+01	5.215702e+16
1836	6.141519e+15	3.967134e+00	2.649352e+01	2.213438e+16
1837	6.142241e+15	3.810983e+00	2.500690e+01	5.405630e+16
1838	6.143006e+15	4.008381e+00	2.563381e+01	6.277391e+16
1839	6.143801e+15	4.270715e+00	2.818863e+01	5.303322e+16
1840	6.144578e+15	4.189628e+00	2.816668e+01	4.298012e+16
1841	6.145331e+15	4.168832e+00	2.615375e+01	4.328864e+16
1842	6.146100e+15	4.463886e+00	2.665155e+01	5.070017e+16
1843	6.146867e+15	4.458834e+00	2.627668e+01	4.010622e+16
1844	6.147634e+15	4.262850e+00	2.638651e+01	3.078798e+16
1845	6.148391e+15	4.602412e+00	2.545152e+01	3.467610e+16
1846	6.149146e+15	4.484856e+00	2.335750e+01	6.178350e+16
1847	6.149945e+15	4.706166e+00	2.558159e+01	6.019258e+16
1848	6.150728e+15	4.076990e+00	2.407875e+01	5.579906e+16
1849	6.151536e+15	4.048054e+00	2.434334e+01	4.606004e+16
1850	6.152367e+15	3.895688e+00	2.489296e+01	4.061255e+16
1851	6.153199e+15	3.424824e+00	2.252397e+01	4.612819e+16
1852	6.154088e+15	3.681691e+00	2.468625e+01	3.668058e+16
1853	6.154958e+15	4.350236e+00	2.633386e+01	5.579151e+16
1854	6.155756e+15	3.581981e+00	2.281390e+01	6.303669e+16
1855	6.156573e+15	3.545489e+00	2.273034e+01	4.061065e+16
1856	6.157385e+15	2.796056e+00	1.861937e+01	5.153580e+16
1857	6.158330e+15	4.091720e+00	2.945415e+01	7.900338e+16
1858	6.159088e+15	3.310363e+00	1.854053e+01	3.560048e+16
1859	6.159986e+15	4.153086e+00	2.387621e+01	7.026551e+16
1860	6.160872e+15	4.057644e+00	2.739192e+01	9.230499e+16
1861	6.161649e+15	3.168081e+00	2.289959e+01	7.109044e+16
1862	6.162431e+15	3.388045e+00	2.495128e+01	5.018582e+16
1863	6.163173e+15	2.428339e+00	1.984084e+01	4.446676e+16
1864	6.164009e+15	2.961479e+00	2.451293e+01	6.177731e+16
1865	6.164784e+15	3.327559e+00	2.099835e+01	5.465276e+16
1866	6.165586e+15	3.823830e+00	1.575255e+01	3.567195e+16
1867	6.166548e+15	4.216124e+00	2.086581e+01	4.903346e+16
1868	6.167471e+15	4.866620e+00	2.409115e+01	6.260423e+16
1869	6.168265e+15	3.647099e+00	1.836054e+01	3.966087e+16
1870	6.169107e+15	4.071876e+00	2.174922e+01	6.219870e+16
1871	6.169898e+15	3.432888e+00	2.125215e+01	4.664322e+16
1872	6.170651e+15	2.960425e+00	2.020046e+01	3.981537e+16
1873	6.171419e+15	2.813370e+00	2.234914e+01	3.538018e+16
1874	6.172182e+15	2.457777e+00	2.160699e+01	6.542497e+16
1875	6.172988e+15	2.459360e+00	2.375628e+01	6.672100e+16
1876	6.173794e+15	2.006989e+00	1.997872e+01	8.553029e+16
1877	6.174728e+15	2.126041e+00	2.266476e+01	8.147298e+16
1878	6.175717e+15	2.220357e+00	2.485823e+01	8.965996e+16
1879	6.176707e+15	1.987606e+00	2.298547e+01	7.784975e+16
1880	6.177779e+15	2.027890e+00	2.549480e+01	8.100266e+16
1881	6.178849e+15	1.781581e+00	2.398273e+01	1.227288e+17
1882	6.179963e+15	2.107778e+00	2.695983e+01	5.912335e+16
1883	6.181016e+15	2.125489e+00	2.597244e+01	6.079251e+16
1884	6.182052e+15	2.337878e+00	2.634946e+01	5.010923e+16
1885	6.183092e+15	2.587781e+00	2.976698e+01	5.424738e+16
1886	6.184060e+15	2.640929e+00	2.736718e+01	5.585265e+16
1887	6.185022e+15	2.529237e+00	2.673375e+01	6.840734e+16
1888	6.185976e+15	2.654268e+00	2.776105e+01	4.528754e+16
1889	6.186889e+15	2.589501e+00	2.802129e+01	3.849730e+16
1890	6.187770e+15	2.743689e+00	2.850417e+01	6.113286e+16
1891	6.188625e+15	2.641262e+00	2.678858e+01	5.962909e+16
1892	6.189487e+15	2.947655e+00	2.788088e+01	7.625294e+16
1893	6.190315e+15	2.768861e+00	2.461901e+01	7.529612e+16
1894	6.191161e+15	3.198492e+00	2.513385e+01	6.862659e+16
1895	6.191992e+15	3.515161e+00	2.497478e+01	3.800859e+16
1896	6.192807e+15	3.409717e+00	2.401206e+01	2.781896e+16
1897	6.193619e+15	3.535070e+00	2.425639e+01	4.057091e+16
1898	6.194423e+15	3.768266e+00	2.485119e+01	4.240509e+16
1899	6.195197e+15	3.034688e+00	2.133515e+01	3.711528e+16
1900	6.196030e+15	3.697475e+00	2.529564e+01	3.537031e+16
1901	6.196817e+15	3.916683e+00	2.373434e+01	4.483575e+16
1902	6.197601e+15	3.964016e+00	2.310447e+01	6.707225e+16
1903	6.198408e+15	4.176153e+00	2.550546e+01	7.114447e+16
1904	6.199184e+15	3.884697e+00	2.410507e+01	5.079618e+16
1905	6.199980e+15	3.733501e+00	2.560334e+01	4.266129e+16
1906	6.200769e+15	3.577422e+00	2.475739e+01	7.351664e+16
1907	6.201575e+15	3.940858e+00	2.660676e+01	5.496978e+16
1908	6.202348e+15	3.598125e+00	2.338793e+01	7.935095e+16
1909	6.203175e+15	3.780956e+00	2.446369e+01	6.595845e+16
1910	6.204021e+15	3.842303e+00	2.617817e+01	6.651277e+16
1911	6.204843e+15	3.256033e+00	2.300868e+01	3.814423e+16
1912	6.205732e+15	3.463033e+00	2.594947e+01	7.117379e+16
1913	6.206616e+15	3.881975e+00	3.050797e+01	7.392196e+16
1914	6.207388e+15	2.504217e+00	2.200973e+01	4.663547e+16
1915	6.208266e+15	3.155376e+00	2.847166e+01	5.314702e+16
1916	6.209073e+15	3.739355e+00	2.685869e+01	5.597135e+16
1917	6.209846e+15	3.947294e+00	2.121930e+01	5.096894e+16
1918	6.210724e+15	4.426276e+00	2.536097e+01	6.858485e+16
1919	6.211589e+15	4.384725e+00	2.651143e+01	4.858399e+16
1920	6.212410e+15	3.997895e+00	2.579192e+01	4.523745e+16
1921	6.213197e+15	2.655194e+00	2.000610e+01	4.982858e+16
1922	6.214136e+15	3.946170e+00	3.136372e+01	5.326410e+16
1923	6.214925e+15	3.543666e+00	2.326710e+01	4.235507e+16
1924	6.215768e+15	4.119728e+00	2.315047e+01	5.014079e+16
1925	6.216677e+15	4.108787e+00	2.802611e+01	5.755588e+16
1926	6.217524e+15	3.532795e+00	2.603090e+01	3.326335e+16
1927	6.218401e+15	3.163128e+00	2.519832e+01	7.289461e+16
1928	6.219331e+15	2.947021e+00	2.661043e+01	4.716047e+16
1929	6.220287e+15	2.870297e+00	2.695332e+01	1.020196e+17
1930	6.221274e+15	3.640153e+00	3.739404e+01	1.068732e+17
1931	6.222053e+15	2.781114e+00	2.432277e+01	1.185309e+17
1932	6.222916e+15	3.310606e+00	2.559535e+01	6.581622e+16
1933	6.223832e+15	3.628158e+00	3.030166e+01	8.186763e+16
1934	6.224699e+15	3.606601e+00	3.127318e+01	8.520140e+16
1935	6.225507e+15	2.568283e+00	2.529068e+01	5.964326e+16
1936	6.226392e+15	2.642297e+00	3.004351e+01	8.844793e+16
1937	6.227222e+15	2.628108e+00	2.707958e+01	5.716618e+16
1938	6.228066e+15	2.986700e+00	2.560353e+01	4.848584e+16
1939	6.228949e+15	3.587078e+00	2.705718e+01	5.932207e+16
1940	6.229824e+15	3.789127e+00	2.789477e+01	5.568884e+16
1941	6.230662e+15	3.168191e+00	2.439098e+01	4.263214e+16
1942	6.231536e+15	2.973167e+00	2.371558e+01	6.675112e+16
1943	6.232458e+15	3.330109e+00	2.639285e+01	4.313676e+16
1944	6.233346e+15	3.151560e+00	2.310737e+01	5.556562e+16
1945	6.234301e+15	3.187489e+00	2.642414e+01	6.411347e+16
1946	6.235214e+15	3.108554e+00	2.506970e+01	3.780094e+16
1947	6.236106e+15	2.602830e+00	2.263257e+01	5.757023e+16
1948	6.237039e+15	2.966437e+00	2.332538e+01	6.605669e+16
1949	6.237977e+15	3.267273e+00	2.437919e+01	5.467951e+16
1950	6.238877e+15	3.201918e+00	2.422573e+01	5.402603e+16
1951	6.239743e+15	3.039618e+00	2.438061e+01	4.767937e+16
1952	6.240564e+15	2.589748e+00	2.030421e+01	5.751596e+16
1953	6.241449e+15	2.908315e+00	2.257660e+01	5.872196e+16
1954	6.242327e+15	3.070491e+00	2.220701e+01	2.741915e+16
1955	6.243193e+15	2.507937e+00	2.037149e+01	6.531660e+16
1956	6.244121e+15	3.423899e+00	2.624790e+01	5.045969e+16
1957	6.244947e+15	2.987003e+00	2.148676e+01	3.834267e+16
1958	6.245821e+15	2.788346e+00	2.329989e+01	5.947810e+16
1959	6.246698e+15	3.744088e+00	2.874439e+01	6.984502e+16
1960	6.247467e+15	3.709207e+00	2.061582e+01	4.272940e+16
1961	6.248360e+15	3.872260e+00	2.613429e+01	5.440688e+16
1962	6.249247e+15	3.883187e+00	2.938155e+01	6.213487e+16
1963	6.250068e+15	3.435241e+00	2.539225e+01	7.221312e+16
1964	6.250920e+15	3.276960e+00	2.485277e+01	6.802849e+16
1965	6.251809e+15	3.504203e+00	2.655764e+01	7.526786e+16
1966	6.252692e+15	3.695486e+00	2.677075e+01	6.903499e+16
1967	6.253569e+15	3.650796e+00	2.760038e+01	5.211973e+16
1968	6.254424e+15	3.390588e+00	2.640628e+01	4.598107e+16
1969	6.255289e+15	3.206139e+00	2.432142e+01	7.055825e+16
1970	6.256180e+15	3.197786e+00	2.354357e+01	8.225953e+16
1971	6.257103e+15	3.353198e+00	2.448565e+01	4.143060e+16
1972	6.258023e+15	3.190854e+00	2.145612e+01	5.542062e+16
1973	6.259030e+15	3.954251e+00	2.677984e+01	5.891705e+16
1974	6.259953e+15	3.771677e+00	2.563345e+01	4.275862e+16
1975	6.260826e+15	3.290587e+00	2.418275e+01	2.200454e+16
1976	6.261694e+15	3.574036e+00	2.558195e+01	1.928510e+16
1977	6.262511e+15	2.797338e+00	2.084979e+01	2.014143e+16
1978	6.263393e+15	3.469582e+00	2.562807e+01	3.708728e+16
1979	6.264187e+15	3.486193e+00	2.005695e+01	4.602232e+16
1980	6.265028e+15	3.867313e+00	1.760313e+01	4.967554e+16
1981	6.265958e+15	3.424799e+00	1.922065e+01	6.316452e+16
1982	6.266946e+15	4.109438e+00	2.650918e+01	4.954850e+16
1983	6.267758e+15	2.802878e+00	1.679459e+01	5.769886e+16
1984	6.268722e+15	3.178770e+00	2.365500e+01	7.911134e+16
1985	6.269611e+15	2.483043e+00	2.058771e+01	7.478658e+16
1986	6.270525e+15	2.673062e+00	2.079199e+01	6.177302e+16
1987	6.271466e+15	2.977441e+00	2.417941e+01	5.793289e+16
1988	6.272323e+15	2.636097e+00	2.438379e+01	4.767068e+16
1989	6.273120e+15	2.871002e+00	2.527110e+01	7.132475e+16
1990	6.273865e+15	2.267485e+00	2.284071e+01	4.757778e+16
1991	6.274619e+15	2.390352e+00	2.216272e+01	6.940647e+16
1992	6.275411e+15	3.068302e+00	2.473798e+01	8.103328e+16
1993	6.276170e+15	3.409159e+00	2.288370e+01	7.236547e+16
1994	6.276934e+15	3.882351e+00	2.289816e+01	5.981865e+16
1995	6.277699e+15	3.960181e+00	2.057174e+01	4.940799e+16
1996	6.278535e+15	4.555440e+00	2.457332e+01	5.244849e+16
1997	6.279343e+15	3.838098e+00	2.041770e+01	5.605731e+16
1998	6.280255e+15	3.598108e+00	2.067878e+01	5.993598e+16
1999	6.281272e+15	4.090068e+00	2.766400e+01	6.728018e+16
2000	6.282195e+15	3.476573e+00	2.788131e+01	7.351785e+16
2001	6.283031e+15	3.241133e+00	2.505638e+01	4.673564e+16
2002	6.283854e+15	3.538104e+00	2.292167e+01	6.743876e+16
2003	6.284726e+15	3.731807e+00	2.497086e+01	8.386334e+16
2004	6.285587e+15	3.487633e+00	2.670644e+01	7.786796e+16
2005	6.286401e+15	3.292021e+00	2.625309e+01	4.503016e+16
2006	6.287192e+15	3.140074e+00	2.431973e+01	6.836917e+16
2007	6.287997e+15	3.080154e+00	2.419072e+01	6.177659e+16
2008	6.288804e+15	3.192665e+00	2.242124e+01	4.670581e+16
2009	6.289646e+15	3.768300e+00	2.325362e+01	6.052448e+16
2010	6.290497e+15	3.923256e+00	2.235765e+01	8.199078e+16
2011	6.291391e+15	4.152665e+00	2.260867e+01	5.131943e+16
2012	6.292318e+15	3.329168e+00	1.875900e+01	6.300329e+16
2013	6.293389e+15	4.277677e+00	2.687182e+01	6.939605e+16
2014	6.294341e+15	4.015745e+00	2.666786e+01	5.428219e+16
2015	6.295183e+15	3.647214e+00	2.079256e+01	4.316316e+16
2016	6.296088e+15	3.764176e+00	2.419605e+01	5.069402e+16
2017	6.296942e+15	3.610497e+00	2.471004e+01	5.577607e+16
2018	6.297741e+15	3.339118e+00	2.368823e+01	4.063036e+16
2019	6.298529e+15	3.330201e+00	2.272786e+01	3.058521e+16
2020	6.299339e+15	3.920671e+00	2.258095e+01	3.262604e+16
2021	6.300158e+15	3.968669e+00	2.152980e+01	3.428023e+16
2022	6.301006e+15	4.092623e+00	2.328962e+01	3.759180e+16
2023	6.301833e+15	4.078936e+00	2.351698e+01	5.093184e+16
2024	6.302625e+15	3.558023e+00	2.074256e+01	3.164056e+16
2025	6.303457e+15	3.614942e+00	2.310280e+01	4.471455e+16
2026	6.304265e+15	3.303709e+00	2.216936e+01	6.065907e+16
2027	6.305076e+15	3.375011e+00	2.187051e+01	2.787085e+16
2028	6.305883e+15	3.178761e+00	2.051227e+01	4.568707e+16
2029	6.306711e+15	3.238131e+00	1.975842e+01	6.623945e+16
2030	6.307575e+15	3.023688e+00	2.057810e+01	4.482812e+16
2031	6.308446e+15	3.020031e+00	2.026829e+01	4.292058e+16
2032	6.309332e+15	2.782373e+00	1.774483e+01	5.933784e+16
2033	6.310310e+15	2.781244e+00	1.834515e+01	8.171712e+16
2034	6.311376e+15	3.267080e+00	2.345690e+01	7.835168e+16
2035	6.312358e+15	2.617906e+00	1.951916e+01	6.611911e+16
2036	6.313399e+15	2.706607e+00	2.176160e+01	6.591239e+16
2037	6.314404e+15	2.996694e+00	2.353598e+01	4.779585e+16
2038	6.315324e+15	2.736874e+00	2.088823e+01	7.358398e+16
2039	6.316270e+15	3.039796e+00	2.303844e+01	5.515721e+16
2040	6.317179e+15	2.999680e+00	2.288396e+01	3.626464e+16
2041	6.318062e+15	2.692617e+00	2.146447e+01	4.955302e+16
2042	6.318950e+15	2.888289e+00	2.268634e+01	7.142499e+16
2043	6.319790e+15	2.975107e+00	1.922076e+01	3.588423e+16
2044	6.320686e+15	3.833678e+00	2.151227e+01	5.194291e+16
2045	6.321573e+15	4.287963e+00	2.192293e+01	4.596400e+16
2046	6.322428e+15	4.192009e+00	1.957235e+01	5.315069e+16
2047	6.323298e+15	4.222153e+00	1.962816e+01	6.078889e+16
2048	6.324158e+15	3.770051e+00	1.847566e+01	4.512336e+16
2049	6.325023e+15	3.610582e+00	1.777136e+01	4.061312e+16
2050	6.325901e+15	4.160472e+00	1.871645e+01	4.166199e+16
2051	6.326752e+15	3.688591e+00	1.560251e+01	6.303034e+16
2052	6.327659e+15	2.841058e+00	1.255069e+01	6.560370e+16
2053	6.328748e+15	3.217974e+00	1.627716e+01	9.433299e+16
2054	6.329824e+15	3.882801e+00	2.045358e+01	6.682662e+16
2055	6.330717e+15	3.036768e+00	1.554608e+01	4.396631e+16
2056	6.331638e+15	3.662237e+00	2.027439e+01	5.513640e+16
2057	6.332432e+15	2.543108e+00	1.486244e+01	3.794683e+16
2058	6.333301e+15	2.617154e+00	1.803598e+01	3.522177e+16
2059	6.334151e+15	2.766390e+00	1.931956e+01	4.325027e+16
2060	6.334934e+15	2.937809e+00	1.573247e+01	6.210983e+16
2061	6.335790e+15	3.758026e+00	2.093083e+01	7.552157e+16
2062	6.336553e+15	3.464444e+00	1.902975e+01	6.189792e+16
2063	6.337303e+15	3.010520e+00	1.871464e+01	7.082909e+16
2064	6.338063e+15	2.960078e+00	2.085095e+01	9.342113e+16
2065	6.338787e+15	2.514573e+00	1.789726e+01	8.831189e+16
2066	6.339562e+15	2.614978e+00	1.851307e+01	7.770469e+16
2067	6.340369e+15	2.970339e+00	1.890841e+01	4.491180e+16
2068	6.341187e+15	2.859055e+00	1.675075e+01	3.950322e+16
2069	6.342108e+15	3.433127e+00	2.067291e+01	4.616304e+16
2070	6.343003e+15	2.909926e+00	1.909041e+01	3.503595e+16
2071	6.343930e+15	2.882928e+00	2.155301e+01	6.739313e+16
2072	6.344808e+15	2.836556e+00	2.101553e+01	3.476680e+16
2073	6.345649e+15	3.145747e+00	2.058991e+01	3.536724e+16
2074	6.346465e+15	3.488128e+00	2.060465e+01	2.937720e+16
2075	6.347246e+15	3.714901e+00	1.907575e+01	5.046868e+16
2076	6.348027e+15	4.137232e+00	1.849934e+01	2.429226e+16
2077	6.348807e+15	4.296787e+00	1.917886e+01	3.256449e+16
2078	6.349565e+15	4.065764e+00	1.788112e+01	3.278641e+16
2079	6.350343e+15	4.169181e+00	1.782022e+01	2.283226e+16
2080	6.351138e+15	4.434318e+00	1.801615e+01	8.471128e+15
2081	6.351926e+15	4.272328e+00	1.646386e+01	3.103896e+16
2082	6.352759e+15	4.493488e+00	1.710297e+01	2.075432e+16
2083	6.353606e+15	4.192436e+00	1.771365e+01	2.141633e+16
2084	6.354471e+15	4.167842e+00	1.806524e+01	3.184613e+16
2085	6.355363e+15	3.956479e+00	1.850060e+01	4.226437e+16
2086	6.356274e+15	4.306339e+00	1.965506e+01	9.379403e+16
2087	6.357158e+15	4.817661e+00	2.410164e+01	3.859488e+16
2088	6.357914e+15	3.227950e+00	1.721385e+01	3.445256e+16
2089	6.358760e+15	3.684136e+00	2.212455e+01	4.758786e+16
2090	6.359564e+15	3.407616e+00	2.110220e+01	6.946031e+16
2091	6.360368e+15	3.189420e+00	2.093818e+01	6.670769e+16
2092	6.361178e+15	3.312611e+00	2.064514e+01	6.455870e+16
2093	6.362017e+15	3.666984e+00	2.311818e+01	1.068582e+17
2094	6.362808e+15	4.266288e+00	2.258862e+01	1.056418e+17
2095	6.363592e+15	4.410297e+00	2.326848e+01	5.328167e+16
2096	6.364377e+15	4.450918e+00	2.692533e+01	7.139264e+16
2097	6.365101e+15	4.023200e+00	2.520421e+01	3.888121e+16
2098	6.365823e+15	3.907251e+00	2.545720e+01	4.809009e+16
2099	6.366541e+15	3.942427e+00	2.597972e+01	6.629745e+16
2100	6.367252e+15	4.763299e+00	2.759102e+01	8.481347e+16
2101	6.367940e+15	4.896075e+00	2.771334e+01	5.615542e+16
2102	6.368608e+15	4.899970e+00	2.626484e+01	6.693407e+16
2103	6.369285e+15	4.899091e+00	2.495859e+01	6.882448e+16
2104	6.369986e+15	5.067366e+00	2.498612e+01	3.805008e+16
2105	6.370694e+15	5.251222e+00	2.459479e+01	4.168879e+16
2106	6.371399e+15	4.683693e+00	2.162134e+01	3.014580e+16
2107	6.372163e+15	4.389378e+00	2.188084e+01	5.834904e+16
2108	6.372980e+15	3.671441e+00	2.350093e+01	2.371748e+16
2109	6.373808e+15	3.366686e+00	2.322584e+01	1.831503e+16
2110	6.374629e+15	3.538755e+00	2.282420e+01	4.031240e+16
2111	6.375428e+15	3.716043e+00	2.029412e+01	4.555470e+16
2112	6.376242e+15	3.897355e+00	2.021628e+01	5.433757e+16
2113	6.377043e+15	3.023491e+00	1.612253e+01	1.747990e+16
2114	6.377935e+15	3.179497e+00	1.950850e+01	5.243528e+16
2115	6.378789e+15	3.118809e+00	1.819299e+01	6.757149e+16
2116	6.379637e+15	2.556484e+00	1.513832e+01	5.663671e+16
2117	6.380588e+15	3.440444e+00	1.998242e+01	7.215903e+16
2118	6.381442e+15	3.059951e+00	1.746264e+01	4.507468e+16
2119	6.382280e+15	2.967348e+00	1.601880e+01	2.150762e+16
2120	6.383138e+15	3.507704e+00	1.747823e+01	3.109550e+16
2121	6.383943e+15	3.040710e+00	1.457690e+01	3.028115e+16
2122	6.384782e+15	3.333690e+00	1.492274e+01	2.707675e+16
2123	6.385618e+15	4.171613e+00	1.446905e+01	5.255037e+16
2124	6.386459e+15	4.671707e+00	1.385372e+01	4.378387e+16
2125	6.387339e+15	4.698389e+00	1.619871e+01	2.935344e+16
2126	6.388181e+15	4.613907e+00	1.646056e+01	6.351272e+16
2127	6.388999e+15	4.031576e+00	1.479016e+01	4.118636e+16
2128	6.389851e+15	4.303106e+00	1.599062e+01	4.208963e+16
2129	6.390676e+15	4.445487e+00	1.616570e+01	2.929513e+16
2130	6.391466e+15	4.681497e+00	1.553217e+01	5.944192e+16
2131	6.392258e+15	4.898465e+00	1.735135e+01	5.816151e+16
2132	6.393008e+15	4.919503e+00	1.817170e+01	6.210207e+16
2133	6.393700e+15	3.749418e+00	1.501295e+01	3.757494e+16
2134	6.394451e+15	4.150000e+00	1.813981e+01	4.814691e+16
2135	6.395161e+15	3.159741e+00	1.306690e+01	3.433733e+16
2136	6.396003e+15	3.690285e+00	1.700983e+01	6.205930e+16
2137	6.396861e+15	4.628111e+00	2.197897e+01	3.200230e+16
2138	6.397588e+15	3.478498e+00	1.592409e+01	4.114803e+16
2139	6.398413e+15	3.762433e+00	2.143167e+01	4.912968e+16
2140	6.399161e+15	3.928150e+00	1.772122e+01	4.227166e+16
2141	6.399949e+15	4.434080e+00	1.776321e+01	3.999252e+16
2142	6.400780e+15	4.729408e+00	2.138755e+01	4.104165e+16
2143	6.401551e+15	3.977452e+00	1.932058e+01	2.819808e+16
2144	6.402353e+15	3.796771e+00	2.041027e+01	3.758425e+16
2145	6.403172e+15	3.765118e+00	2.243192e+01	2.674134e+16
2146	6.403961e+15	3.658546e+00	2.143349e+01	4.260871e+16
2147	6.404761e+15	4.059709e+00	2.262632e+01	3.745738e+16
2148	6.405553e+15	4.273687e+00	2.187057e+01	6.371475e+16
2149	6.406362e+15	4.380467e+00	2.304928e+01	6.512019e+16
2150	6.407162e+15	3.795215e+00	2.195745e+01	9.339744e+16
2151	6.407987e+15	3.684706e+00	2.346174e+01	5.845297e+16
2152	6.408805e+15	3.793705e+00	2.347004e+01	4.817640e+16
2153	6.409614e+15	3.519223e+00	2.080967e+01	3.877687e+16
2154	6.410485e+15	4.513986e+00	2.505992e+01	4.593488e+16
2155	6.411299e+15	3.911935e+00	2.325140e+01	4.258215e+16
2156	6.412111e+15	3.973197e+00	2.400207e+01	4.466506e+16
2157	6.412897e+15	4.335014e+00	2.393345e+01	7.190400e+16
2158	6.413651e+15	4.115364e+00	2.365455e+01	4.399921e+16
2159	6.414381e+15	4.663344e+00	2.409413e+01	4.170579e+16
2160	6.415080e+15	4.575997e+00	2.313971e+01	4.855048e+16
2161	6.415769e+15	5.193253e+00	2.334339e+01	4.747144e+16
2162	6.416439e+15	5.085033e+00	2.085295e+01	3.659963e+16
2163	6.417136e+15	5.721248e+00	2.080717e+01	3.756435e+16
2164	6.417848e+15	5.797762e+00	2.129284e+01	3.189993e+16
2165	6.418554e+15	5.586287e+00	2.027563e+01	5.077176e+16
2166	6.419282e+15	5.226354e+00	1.923969e+01	4.473307e+16
2167	6.420056e+15	4.975473e+00	1.990288e+01	4.599291e+16
2168	6.420847e+15	5.140932e+00	2.044690e+01	5.884285e+16
2169	6.421634e+15	4.975910e+00	1.867712e+01	4.254145e+16
2170	6.422471e+15	5.553259e+00	2.203656e+01	4.251429e+16
2171	6.423250e+15	4.316084e+00	1.843531e+01	2.852600e+16
2172	6.424093e+15	4.022977e+00	1.975612e+01	4.599378e+16
2173	6.424956e+15	4.324970e+00	2.123702e+01	4.928400e+16
2174	6.425782e+15	3.492403e+00	1.876616e+01	3.270616e+16
2175	6.426650e+15	3.665004e+00	2.077990e+01	5.802724e+16
2176	6.427505e+15	3.531907e+00	2.184129e+01	5.637320e+16
2177	6.428327e+15	3.372184e+00	2.249591e+01	3.415949e+16
2178	6.429115e+15	3.774038e+00	2.135384e+01	4.463471e+16
2179	6.429902e+15	4.201327e+00	2.247423e+01	6.554703e+16
2180	6.430653e+15	4.526427e+00	2.248854e+01	5.723333e+16
2181	6.431369e+15	4.705525e+00	2.080686e+01	4.760374e+16
2182	6.432101e+15	5.200133e+00	2.209656e+01	3.809349e+16
2183	6.432813e+15	5.169007e+00	2.103760e+01	5.249365e+16
2184	6.433534e+15	5.400819e+00	2.098470e+01	4.563243e+16
2185	6.434272e+15	5.332887e+00	2.143049e+01	1.678256e+16
2186	6.435013e+15	5.114986e+00	1.992171e+01	4.367464e+16
2187	6.435795e+15	5.193401e+00	2.103831e+01	5.832318e+16
2188	6.436587e+15	5.027334e+00	2.090709e+01	4.751329e+16
2189	6.437384e+15	4.767956e+00	2.100863e+01	6.741238e+16
2190	6.438183e+15	4.906957e+00	2.136323e+01	4.359259e+16
2191	6.438976e+15	4.562293e+00	2.054778e+01	4.096418e+16
2192	6.439785e+15	4.755544e+00	2.146236e+01	3.637945e+16
2193	6.440588e+15	4.263446e+00	1.928613e+01	4.879389e+16
2194	6.441458e+15	4.523332e+00	2.165165e+01	4.078965e+16
2195	6.442327e+15	4.292002e+00	2.240869e+01	6.582557e+16
2196	6.443181e+15	3.926058e+00	2.150855e+01	4.489407e+16
2197	6.444048e+15	3.756902e+00	2.133759e+01	5.017095e+16
2198	6.444908e+15	3.018630e+00	2.063202e+01	5.538281e+16
2199	6.445786e+15	3.529050e+00	2.350052e+01	4.320419e+16
2200	6.446597e+15	3.225183e+00	2.204526e+01	3.803811e+16
2201	6.447402e+15	3.299636e+00	2.489290e+01	3.822029e+16
2202	6.448145e+15	2.991412e+00	2.194774e+01	2.895645e+16
2203	6.448902e+15	2.678786e+00	1.905879e+01	3.941852e+16
2204	6.449765e+15	3.475258e+00	2.372479e+01	3.767470e+16
2205	6.450597e+15	3.618799e+00	2.376771e+01	5.177684e+16
2206	6.451409e+15	3.760632e+00	2.025827e+01	5.142133e+16
2207	6.452322e+15	4.608303e+00	2.481934e+01	6.387961e+16
2208	6.453199e+15	3.440391e+00	2.013061e+01	4.656849e+16
2209	6.454163e+15	3.959351e+00	2.860144e+01	6.744256e+16
2210	6.454954e+15	3.286015e+00	2.215974e+01	5.304827e+16
2211	6.455762e+15	3.787088e+00	2.482527e+01	5.075575e+16
2212	6.456519e+15	3.961325e+00	2.464572e+01	4.521440e+16
2213	6.457241e+15	4.039802e+00	2.463593e+01	3.466745e+16
2214	6.457937e+15	3.485859e+00	2.201648e+01	4.052953e+16
2215	6.458671e+15	3.679800e+00	2.359408e+01	2.474942e+16
2216	6.459397e+15	4.018664e+00	2.378476e+01	2.406025e+16
2217	6.460111e+15	4.241584e+00	2.389588e+01	4.879981e+16
2218	6.460812e+15	4.629711e+00	2.499918e+01	3.059983e+16
2219	6.461479e+15	4.661793e+00	2.462185e+01	4.102116e+16
2220	6.462128e+15	4.348700e+00	2.369403e+01	4.873921e+16
2221	6.462778e+15	4.654035e+00	2.346573e+01	3.926606e+16
2222	6.463429e+15	4.338676e+00	2.197567e+01	4.376852e+16
2223	6.464104e+15	4.168920e+00	2.138270e+01	5.799918e+16
2224	6.464810e+15	4.279015e+00	2.379653e+01	4.477113e+16
2225	6.465480e+15	3.551678e+00	1.982580e+01	3.727729e+16
2226	6.466229e+15	3.903076e+00	2.189338e+01	4.923072e+16
2227	6.467004e+15	4.074155e+00	2.276411e+01	4.207115e+16
2228	6.467756e+15	3.135882e+00	2.048861e+01	4.593856e+16
2229	6.468566e+15	3.518204e+00	2.582522e+01	5.910616e+16
2230	6.469300e+15	2.560666e+00	2.032615e+01	5.185800e+16
2231	6.470121e+15	3.017076e+00	2.543526e+01	5.348180e+16
2232	6.470911e+15	3.048412e+00	2.712963e+01	6.520585e+16
2233	6.471656e+15	2.938529e+00	2.469830e+01	6.409129e+16
2234	6.472422e+15	3.044389e+00	2.415934e+01	5.452724e+16
2235	6.473211e+15	3.489594e+00	2.580027e+01	7.078746e+16
2236	6.473984e+15	3.864135e+00	2.451983e+01	4.817733e+16
2237	6.474767e+15	4.302309e+00	2.674712e+01	6.187828e+16
2238	6.475526e+15	4.371578e+00	2.696148e+01	4.794272e+16
2239	6.476277e+15	4.137515e+00	2.586442e+01	6.111367e+16
2240	6.477054e+15	4.276190e+00	2.636725e+01	5.849598e+16
2241	6.477850e+15	4.977295e+00	2.893622e+01	7.019858e+16
2242	6.478607e+15	4.376222e+00	2.696572e+01	3.550816e+16
2243	6.479377e+15	4.683462e+00	2.722405e+01	7.082105e+16
2244	6.480159e+15	4.999691e+00	2.885939e+01	7.099948e+16
2245	6.480918e+15	4.715294e+00	2.789315e+01	4.674629e+16
2246	6.481680e+15	5.045693e+00	2.750790e+01	4.973945e+16
2247	6.482460e+15	4.310761e+00	2.609707e+01	5.265369e+16
2248	6.483297e+15	5.233648e+00	3.336401e+01	5.264372e+16
2249	6.484031e+15	4.193319e+00	2.566756e+01	5.527270e+16
2250	6.484824e+15	5.166741e+00	3.294528e+01	3.340003e+16
2251	6.485531e+15	4.750892e+00	2.662501e+01	3.718654e+16
2252	6.486279e+15	4.998101e+00	2.395458e+01	7.984798e+16
2253	6.487125e+15	4.710559e+00	2.741005e+01	4.255842e+16
2254	6.487987e+15	5.279577e+00	3.082317e+01	5.040206e+16
2255	6.488783e+15	4.529101e+00	2.388837e+01	4.707336e+16
2256	6.489694e+15	3.733887e+00	2.687466e+01	5.924302e+16
2257	6.490669e+15	4.220836e+00	3.238642e+01	7.817593e+16
2258	6.491558e+15	4.467929e+00	3.198144e+01	3.053216e+16
2259	6.492388e+15	4.203464e+00	2.899991e+01	5.806372e+16
2260	6.493242e+15	4.749892e+00	3.303814e+01	6.219902e+16
2261	6.494034e+15	3.684445e+00	2.755806e+01	3.613572e+16
2262	6.494882e+15	4.188663e+00	3.165300e+01	4.339747e+16
2263	6.495693e+15	4.155740e+00	2.940395e+01	5.380733e+16
2264	6.496502e+15	4.477496e+00	2.676376e+01	4.326720e+16
2265	6.497365e+15	4.943842e+00	3.027844e+01	5.150990e+16
2266	6.498196e+15	4.709227e+00	2.835075e+01	2.083604e+16
2267	6.499026e+15	4.779779e+00	2.814968e+01	4.323979e+16
2268	6.499849e+15	4.475674e+00	2.624015e+01	4.848896e+16
2269	6.500717e+15	4.759012e+00	2.729174e+01	3.293696e+16
2270	6.501596e+15	4.947066e+00	2.736606e+01	4.812395e+16
2271	6.502473e+15	4.853151e+00	2.496604e+01	2.398458e+16
2272	6.503407e+15	6.081924e+00	3.000312e+01	4.112644e+16
2273	6.504247e+15	5.642894e+00	2.777719e+01	2.980379e+16
2274	6.505042e+15	5.092517e+00	2.669717e+01	4.594576e+16
2275	6.505818e+15	4.903672e+00	2.559634e+01	3.490872e+16
2276	6.506593e+15	4.707118e+00	2.625803e+01	3.504242e+16
2277	6.507352e+15	4.735949e+00	2.440139e+01	5.437868e+16
2278	6.508102e+15	4.628787e+00	1.997752e+01	4.112157e+16
2279	6.508976e+15	6.259317e+00	2.851569e+01	4.091919e+16
2280	6.509730e+15	4.785730e+00	2.164472e+01	2.844673e+16
2281	6.510521e+15	4.622612e+00	2.505145e+01	3.358809e+16
2282	6.511278e+15	3.931680e+00	2.393422e+01	2.356533e+16
2283	6.512045e+15	3.579687e+00	2.375338e+01	3.536162e+16
2284	6.512825e+15	4.294311e+00	2.750664e+01	3.977841e+16
2285	6.513544e+15	4.300982e+00	2.216293e+01	2.534546e+16
2286	6.514327e+15	4.820433e+00	2.285474e+01	2.924421e+16
2287	6.515135e+15	5.456893e+00	2.587108e+01	3.893109e+16
2288	6.515869e+15	4.370735e+00	2.030135e+01	4.006294e+16
2289	6.516676e+15	4.493685e+00	2.185390e+01	4.214957e+16
2290	6.517514e+15	4.695177e+00	2.403635e+01	3.466587e+16
2291	6.518334e+15	4.054566e+00	2.149788e+01	5.812141e+16
2292	6.519224e+15	4.590812e+00	2.449332e+01	3.998889e+16
2293	6.520079e+15	4.243376e+00	2.206728e+01	7.187659e+16
2294	6.520945e+15	4.475010e+00	2.344255e+01	4.367134e+16
2295	6.521769e+15	4.466870e+00	2.293283e+01	6.749561e+16
2296	6.522583e+15	4.133363e+00	2.320215e+01	5.784065e+16
2297	6.523381e+15	3.966887e+00	2.210097e+01	3.975533e+16
2298	6.524197e+15	4.145730e+00	2.196930e+01	7.296595e+16
2299	6.525045e+15	4.553612e+00	2.419863e+01	4.624156e+16
2300	6.525871e+15	4.266928e+00	2.357686e+01	4.730978e+16
2301	6.526701e+15	4.357362e+00	2.496152e+01	3.548223e+16
2302	6.527505e+15	3.907517e+00	2.402391e+01	2.973183e+16
2303	6.528313e+15	4.225467e+00	2.623143e+01	5.137546e+16
2304	6.529076e+15	3.878377e+00	2.212151e+01	3.148989e+16
2305	6.529888e+15	4.395138e+00	2.245888e+01	3.371743e+16
2306	6.530738e+15	4.738456e+00	2.404228e+01	3.881622e+16
2307	6.531571e+15	4.157103e+00	2.238391e+01	2.769082e+16
2308	6.532441e+15	4.633229e+00	2.434066e+01	3.020168e+16
2309	6.533309e+15	4.543034e+00	2.561245e+01	3.870538e+16
2310	6.534145e+15	3.859994e+00	2.259432e+01	3.556036e+16
2311	6.535036e+15	4.267494e+00	2.464482e+01	7.340461e+16
2312	6.535926e+15	3.742637e+00	2.472182e+01	4.994417e+16
2313	6.536837e+15	3.598057e+00	2.370070e+01	3.185373e+16
2314	6.537775e+15	4.262560e+00	2.838466e+01	4.790702e+16
2315	6.538609e+15	5.050960e+00	2.595965e+01	3.862301e+16
2316	6.539407e+15	4.708667e+00	2.444220e+01	2.876843e+16
2317	6.540200e+15	4.819227e+00	2.619127e+01	3.092727e+16
2318	6.540941e+15	4.172978e+00	2.332927e+01	4.140963e+16
2319	6.541694e+15	3.627399e+00	2.138910e+01	1.847481e+16
2320	6.542523e+15	4.569568e+00	2.464927e+01	4.168546e+16
2321	6.543335e+15	5.532057e+00	2.459379e+01	3.714968e+16
2322	6.544138e+15	5.701618e+00	2.567076e+01	3.374775e+16
2323	6.544911e+15	5.667151e+00	2.683551e+01	2.859610e+16
2324	6.545633e+15	5.277563e+00	2.480006e+01	3.610599e+16
2325	6.546354e+15	5.441571e+00	2.498157e+01	3.553843e+16
2326	6.547068e+15	5.226729e+00	2.280389e+01	2.867682e+16
2327	6.547816e+15	5.644433e+00	2.366351e+01	4.877066e+16
2328	6.548574e+15	6.419955e+00	2.603392e+01	3.656512e+16
2329	6.549285e+15	5.611666e+00	2.193977e+01	2.357867e+16
2330	6.550049e+15	5.964010e+00	2.495061e+01	2.862227e+16
2331	6.550796e+15	5.165996e+00	2.185607e+01	3.402999e+16
2332	6.551599e+15	5.377783e+00	2.209645e+01	4.449081e+16
2333	6.552442e+15	6.234220e+00	2.573836e+01	4.445471e+16
2334	6.553227e+15	5.543986e+00	2.351577e+01	3.472935e+16
2335	6.553999e+15	5.418748e+00	2.322180e+01	4.592127e+16
2336	6.554750e+15	5.726844e+00	2.433861e+01	2.281274e+16
2337	6.555454e+15	5.148432e+00	2.293528e+01	2.735525e+16
2338	6.556151e+15	4.571875e+00	2.193718e+01	3.311272e+16
2339	6.556862e+15	4.444406e+00	2.338272e+01	4.366747e+16
2340	6.557545e+15	3.766622e+00	1.959933e+01	3.133006e+16
2341	6.558296e+15	4.254900e+00	2.170197e+01	3.563921e+16
2342	6.559059e+15	4.199087e+00	2.046285e+01	2.137414e+16
2343	6.559858e+15	3.288403e+00	1.773957e+01	3.112850e+16
2344	6.560787e+15	3.217633e+00	2.019567e+01	3.834256e+16
2345	6.561752e+15	3.073321e+00	2.121984e+01	4.411273e+16
2346	6.562718e+15	3.701744e+00	2.252204e+01	6.544235e+16
2347	6.563642e+15	3.392921e+00	2.179065e+01	3.075873e+16
2348	6.564539e+15	2.834452e+00	2.073484e+01	3.554952e+16
2349	6.565445e+15	3.058499e+00	2.090289e+01	3.290218e+16
2350	6.566351e+15	3.294306e+00	2.120804e+01	3.362683e+16
2351	6.567230e+15	3.525466e+00	2.071920e+01	3.875885e+16
2352	6.568104e+15	3.788419e+00	1.908382e+01	4.607852e+16
2353	6.568995e+15	3.756817e+00	1.985879e+01	3.025804e+16
2354	6.569864e+15	3.634585e+00	2.010934e+01	7.262738e+16
2355	6.570726e+15	3.804512e+00	2.038938e+01	5.442392e+16
2356	6.571568e+15	3.966994e+00	2.091621e+01	3.516219e+16
2357	6.572381e+15	4.048686e+00	2.050029e+01	4.834820e+16
2358	6.573177e+15	3.775995e+00	2.021823e+01	3.311477e+16
2359	6.573959e+15	3.897949e+00	1.980458e+01	3.576678e+16
2360	6.574720e+15	4.243684e+00	1.914854e+01	3.517002e+16
2361	6.575475e+15	4.958907e+00	2.008704e+01	4.677808e+16
2362	6.576201e+15	5.212929e+00	1.909867e+01	3.392832e+16
2363	6.576919e+15	4.702892e+00	1.557272e+01	3.488856e+16
2364	6.577724e+15	5.151707e+00	1.828175e+01	1.942753e+16
2365	6.578520e+15	5.059609e+00	1.777246e+01	2.506503e+16
2366	6.579329e+15	4.634303e+00	1.727132e+01	2.151612e+16
2367	6.580175e+15	5.024444e+00	2.011531e+01	1.437609e+16
2368	6.580965e+15	5.229070e+00	2.070472e+01	3.761121e+16
2369	6.581681e+15	4.576663e+00	1.797850e+01	9.791109e+15
2370	6.582398e+15	5.311774e+00	1.948396e+01	2.133538e+16
2371	6.583063e+15	4.822505e+00	1.602282e+01	3.395893e+16
2372	6.583767e+15	5.356813e+00	1.732582e+01	1.238448e+16
2373	6.584439e+15	4.000022e+00	1.348354e+01	1.556640e+16
2374	6.585195e+15	4.056349e+00	1.461067e+01	2.666574e+16
2375	6.585994e+15	4.458979e+00	1.746374e+01	2.807921e+16
2376	6.586736e+15	4.146905e+00	1.695571e+01	3.004225e+16
2377	6.587451e+15	3.732796e+00	1.710643e+01	3.968227e+16
2378	6.588206e+15	3.087794e+00	1.665164e+01	5.380082e+16
2379	6.589043e+15	2.878305e+00	1.816419e+01	6.174653e+16
2380	6.589922e+15	3.253138e+00	2.116362e+01	4.244498e+16
2381	6.590743e+15	2.996045e+00	1.753612e+01	7.254547e+16
2382	6.591676e+15	3.373412e+00	2.090794e+01	7.149859e+16
2383	6.592570e+15	3.578405e+00	2.234322e+01	6.774744e+16
2384	6.593368e+15	2.950389e+00	1.847944e+01	4.682543e+16
2385	6.594199e+15	3.509395e+00	2.112192e+01	3.106396e+16
2386	6.594986e+15	3.401619e+00	1.925281e+01	4.307379e+16
2387	6.595782e+15	3.999011e+00	1.908221e+01	4.483185e+16
2388	6.596584e+15	4.856946e+00	1.931812e+01	3.125361e+16
2389	6.597366e+15	5.292504e+00	2.028805e+01	4.786425e+16
2390	6.598106e+15	5.424553e+00	2.027377e+01	2.854650e+16
2391	6.598817e+15	5.104321e+00	1.817775e+01	2.298976e+16
2392	6.599555e+15	4.248174e+00	1.698468e+01	4.318430e+16
2393	6.600372e+15	4.642557e+00	1.813677e+01	4.882616e+16
2394	6.601180e+15	4.481687e+00	1.940504e+01	3.405262e+16
2395	6.601966e+15	4.230013e+00	1.760801e+01	3.539857e+16
2396	6.602810e+15	4.792137e+00	1.945815e+01	3.466012e+16
2397	6.603645e+15	4.102859e+00	1.797301e+01	2.964873e+16
2398	6.604555e+15	5.129947e+00	2.351410e+01	2.830951e+16
2399	6.605360e+15	3.500164e+00	1.670931e+01	3.960642e+16
2400	6.606309e+15	5.054387e+00	2.574277e+01	5.357560e+16
2401	6.607103e+15	4.194437e+00	2.111006e+01	3.192197e+16
2402	6.607876e+15	3.557234e+00	1.927782e+01	3.965788e+16
2403	6.608715e+15	3.826793e+00	2.392310e+01	7.130500e+16
2404	6.609466e+15	3.656716e+00	1.919555e+01	3.358633e+16
2405	6.610267e+15	3.341012e+00	1.666620e+01	3.939246e+16
2406	6.611179e+15	3.774711e+00	2.158801e+01	3.316282e+16
2407	6.611999e+15	3.399116e+00	1.814194e+01	2.542156e+16
2408	6.612851e+15	3.368724e+00	1.446120e+01	2.775159e+16
2409	6.613872e+15	3.231038e+00	1.831669e+01	4.950943e+16
2410	6.614899e+15	3.032356e+00	1.806804e+01	3.728682e+16
2411	6.615951e+15	3.442964e+00	2.172782e+01	5.938808e+16
2412	6.616890e+15	3.987738e+00	2.369817e+01	3.092031e+16
2413	6.617721e+15	3.927127e+00	2.028731e+01	2.729133e+16
2414	6.618582e+15	3.757011e+00	2.104076e+01	2.355114e+16
2415	6.619431e+15	3.638689e+00	2.253261e+01	6.343935e+16
2416	6.620217e+15	3.381818e+00	2.028069e+01	3.861236e+16
2417	6.621030e+15	4.079970e+00	2.194700e+01	3.296076e+16
2418	6.621813e+15	4.675221e+00	2.033118e+01	2.669314e+16
2419	6.622611e+15	5.385323e+00	2.062431e+01	4.123297e+16
2420	6.623414e+15	5.999182e+00	2.223188e+01	4.069772e+16
2421	6.624182e+15	5.516143e+00	2.141188e+01	1.882542e+16
2422	6.624949e+15	5.703747e+00	2.248374e+01	6.549482e+16
2423	6.625706e+15	5.552060e+00	2.148917e+01	4.070661e+16
2424	6.626483e+15	5.959197e+00	2.233824e+01	3.470025e+16
2425	6.627249e+15	5.693330e+00	2.282933e+01	5.024873e+16
2426	6.627988e+15	5.451113e+00	2.166131e+01	3.967097e+16
2427	6.628733e+15	5.703620e+00	2.261193e+01	3.801404e+16
2428	6.629470e+15	5.448691e+00	2.195966e+01	3.891677e+16
2429	6.630213e+15	4.882959e+00	1.847500e+01	4.455066e+16
2430	6.631044e+15	5.262771e+00	2.025013e+01	3.608508e+16
2431	6.631907e+15	6.017639e+00	2.362537e+01	4.555375e+16
2432	6.632697e+15	5.414140e+00	2.137420e+01	5.018844e+16
2433	6.633481e+15	5.679167e+00	2.355310e+01	4.782435e+16
2434	6.634209e+15	5.071011e+00	2.074175e+01	2.894304e+16
2435	6.634964e+15	5.516972e+00	2.369400e+01	3.544141e+16
2436	6.635673e+15	5.444700e+00	2.323372e+01	3.913221e+16
2437	6.636347e+15	4.413863e+00	1.813216e+01	3.764869e+16
2438	6.637124e+15	5.533501e+00	2.391039e+01	4.138996e+16
2439	6.637840e+15	5.478783e+00	2.304418e+01	4.400780e+16
2440	6.638518e+15	4.976830e+00	1.997287e+01	3.157765e+16
2441	6.639231e+15	4.911778e+00	2.217176e+01	4.243591e+16
2442	6.639909e+15	4.370773e+00	2.072480e+01	2.813189e+16
2443	6.640584e+15	4.207723e+00	2.071983e+01	2.349957e+16
2444	6.641258e+15	4.570586e+00	2.230024e+01	3.504680e+16
2445	6.641901e+15	3.624796e+00	1.662731e+01	2.267794e+16
2446	6.642671e+15	4.454694e+00	2.177134e+01	2.645741e+16
2447	6.643429e+15	4.540002e+00	2.377227e+01	4.435845e+16
2448	6.644126e+15	3.426051e+00	1.908904e+01	1.495891e+16
2449	6.644893e+15	4.967803e+00	2.518976e+01	3.046704e+16
2450	6.645557e+15	4.638195e+00	1.810448e+01	2.349702e+16
2451	6.646294e+15	5.516257e+00	2.041834e+01	3.178034e+16
2452	6.647030e+15	5.594290e+00	2.167400e+01	4.573743e+16
2453	6.647738e+15	4.993496e+00	1.805003e+01	3.469067e+16
2454	6.648522e+15	5.652713e+00	2.063024e+01	5.498616e+16
2455	6.649298e+15	5.414269e+00	1.969843e+01	4.138005e+16
2456	6.650087e+15	5.642453e+00	1.953695e+01	2.459772e+16
2457	6.650884e+15	5.619679e+00	1.888826e+01	4.856702e+16
2458	6.651695e+15	5.727760e+00	1.883413e+01	3.018042e+16
2459	6.652511e+15	5.546245e+00	1.937878e+01	3.509019e+16
2460	6.653303e+15	4.378209e+00	1.692994e+01	2.199690e+16
2461	6.654152e+15	5.190382e+00	1.937764e+01	1.353664e+16
2462	6.654964e+15	4.989166e+00	1.851129e+01	2.085959e+16
2463	6.655750e+15	4.378040e+00	1.649265e+01	1.686721e+16
2464	6.656567e+15	4.532733e+00	1.748060e+01	9.466845e+15
2465	6.657374e+15	4.366724e+00	1.792122e+01	2.577484e+16
2466	6.658156e+15	4.349013e+00	1.651735e+01	2.472244e+16
2467	6.658960e+15	4.557838e+00	1.610417e+01	2.545221e+16
2468	6.659782e+15	4.926190e+00	1.692401e+01	1.317476e+16
2469	6.660581e+15	4.745398e+00	1.695732e+01	2.541287e+16
2470	6.661361e+15	4.079134e+00	1.431953e+01	2.210330e+16
2471	6.662222e+15	4.535716e+00	1.717159e+01	2.289307e+16
2472	6.663071e+15	4.374950e+00	1.678597e+01	2.725652e+16
2473	6.663908e+15	4.992033e+00	1.755181e+01	3.305159e+16
2474	6.664726e+15	4.962996e+00	1.811983e+01	4.782271e+16
2475	6.665519e+15	4.515105e+00	1.705674e+01	3.199381e+16
2476	6.666318e+15	5.011098e+00	1.903079e+01	3.467127e+16
2477	6.667065e+15	4.396859e+00	1.483276e+01	5.485533e+16
2478	6.667904e+15	4.814466e+00	1.780186e+01	4.826572e+16
2479	6.668731e+15	5.291864e+00	2.018329e+01	4.678197e+16
2480	6.669466e+15	4.139155e+00	1.652791e+01	4.217393e+16
2481	6.670258e+15	5.660621e+00	2.277601e+01	4.755150e+16
2482	6.670943e+15	4.459616e+00	1.838478e+01	5.126418e+16
2483	6.671672e+15	4.803886e+00	1.983361e+01	3.623929e+16
2484	6.672417e+15	5.504181e+00	2.093932e+01	4.044440e+16
2485	6.673144e+15	5.584032e+00	1.924667e+01	5.991240e+16
2486	6.673910e+15	5.674468e+00	1.922648e+01	3.323012e+16
2487	6.674714e+15	5.376748e+00	1.767256e+01	5.114147e+16
2488	6.675601e+15	6.016235e+00	2.108499e+01	4.371996e+16
2489	6.676464e+15	6.114053e+00	2.296678e+01	6.370796e+16
2490	6.677271e+15	5.670242e+00	2.348452e+01	6.021456e+16
2491	6.678029e+15	4.511200e+00	2.035372e+01	4.504432e+16
2492	6.678845e+15	4.940757e+00	2.385274e+01	6.552685e+16
2493	6.679638e+15	4.999723e+00	2.534267e+01	3.363586e+16
2494	6.680375e+15	4.797938e+00	2.326653e+01	4.406243e+16
2495	6.681113e+15	5.115353e+00	2.410168e+01	5.076367e+16
2496	6.681824e+15	5.260290e+00	2.186350e+01	6.052674e+16
2497	6.682544e+15	4.912949e+00	2.061377e+01	6.067672e+16
2498	6.683305e+15	6.280046e+00	2.537729e+01	3.825891e+16
2499	6.683987e+15	5.232833e+00	1.964769e+01	4.653693e+16
2500	6.684725e+15	6.505132e+00	2.522311e+01	4.091715e+16
2501	6.685375e+15	4.994108e+00	1.874825e+01	3.728180e+16
2502	6.686096e+15	4.795028e+00	1.880080e+01	4.032600e+16
2503	6.686891e+15	6.262863e+00	2.584966e+01	3.795062e+16
2504	6.687574e+15	4.951066e+00	1.871319e+01	3.105201e+16
2505	6.688345e+15	4.503885e+00	1.853268e+01	2.106880e+16
2506	6.689209e+15	5.069611e+00	2.185282e+01	3.630881e+16
2507	6.690027e+15	4.469176e+00	1.987228e+01	3.197254e+16
2508	6.690843e+15	4.540252e+00	1.873351e+01	2.767784e+16
2509	6.691690e+15	4.694521e+00	1.995948e+01	2.608855e+16
2510	6.692526e+15	4.590687e+00	1.992302e+01	2.740087e+16
2511	6.693344e+15	4.274960e+00	1.771312e+01	2.213603e+16
2512	6.694217e+15	5.050488e+00	1.984317e+01	4.233243e+16
2513	6.695072e+15	5.082910e+00	1.915567e+01	3.971774e+16
2514	6.695938e+15	5.541503e+00	2.101785e+01	5.319418e+16
2515	6.696765e+15	5.468849e+00	2.163126e+01	4.862234e+16
2516	6.697540e+15	5.006010e+00	2.075856e+01	5.457251e+16
2517	6.698300e+15	5.167627e+00	2.157459e+01	4.439809e+16
2518	6.699022e+15	5.324514e+00	2.082411e+01	5.394621e+16
2519	6.699728e+15	5.134289e+00	1.902810e+01	4.682991e+16
2520	6.700473e+15	5.871635e+00	2.009543e+01	4.940678e+16
2521	6.701217e+15	6.164502e+00	2.053312e+01	3.028080e+16
2522	6.701963e+15	6.067365e+00	2.186722e+01	5.450337e+16
2523	6.702694e+15	5.984914e+00	2.161799e+01	4.081138e+16
2524	6.703421e+15	5.201338e+00	1.908234e+01	5.216501e+16
2525	6.704219e+15	5.701398e+00	2.208195e+01	4.739892e+16
2526	6.705003e+15	6.293728e+00	2.391621e+01	4.759303e+16
2527	6.705728e+15	4.911857e+00	1.961323e+01	3.724384e+16
2528	6.706518e+15	5.768010e+00	2.368107e+01	4.105788e+16
2529	6.707262e+15	5.451855e+00	2.411449e+01	4.298307e+16
2530	6.707964e+15	4.089142e+00	1.837851e+01	1.841809e+16
2531	6.708795e+15	5.477873e+00	2.341942e+01	4.901174e+16
2532	6.709595e+15	4.504294e+00	1.777464e+01	4.227479e+16
2533	6.710555e+15	5.597376e+00	2.573827e+01	7.082188e+16
2534	6.711422e+15	5.224821e+00	2.414124e+01	5.859215e+16
2535	6.712266e+15	4.614097e+00	2.331214e+01	5.731450e+16
2536	6.713120e+15	4.743481e+00	2.653243e+01	3.286704e+16
2537	6.713886e+15	4.919885e+00	2.328831e+01	2.910585e+16
2538	6.714649e+15	5.587441e+00	2.508135e+01	2.588566e+16
2539	6.715346e+15	4.811596e+00	2.171308e+01	2.999303e+16
2540	6.716060e+15	4.856206e+00	2.425213e+01	4.182087e+16
2541	6.716727e+15	3.509113e+00	1.997995e+01	2.688575e+16
2542	6.717461e+15	3.782486e+00	2.158145e+01	1.349307e+16
2543	6.718220e+15	4.506068e+00	2.359719e+01	3.365696e+16
2544	6.718951e+15	3.978628e+00	1.998587e+01	3.223167e+16
2545	6.719774e+15	3.829198e+00	2.107930e+01	3.821403e+16
2546	6.720663e+15	3.559744e+00	2.175603e+01	4.271050e+16
2547	6.721587e+15	4.082446e+00	2.373352e+01	3.891600e+16
2548	6.722473e+15	3.972269e+00	2.832329e+01	3.710579e+16
2549	6.723198e+15	2.454906e+00	1.963428e+01	5.174460e+16
2550	6.724015e+15	2.899788e+00	2.308230e+01	4.203136e+16
2551	6.724799e+15	2.942439e+00	2.239635e+01	4.956689e+16
2552	6.725563e+15	3.125571e+00	2.045389e+01	3.096954e+16
2553	6.726374e+15	3.185148e+00	1.961583e+01	4.272521e+16
2554	6.727246e+15	3.827283e+00	2.005483e+01	4.492823e+16
2555	6.728135e+15	4.525118e+00	2.099431e+01	2.812933e+16
2556	6.729017e+15	4.878779e+00	2.210614e+01	3.292259e+16
2557	6.729870e+15	4.623017e+00	2.367143e+01	3.512136e+16
2558	6.730658e+15	4.143082e+00	2.172627e+01	5.132536e+16
2559	6.731451e+15	3.819845e+00	2.215586e+01	5.554651e+16
2560	6.732233e+15	4.607742e+00	2.407798e+01	2.678915e+16
2561	6.732957e+15	4.917292e+00	2.271906e+01	3.379301e+16
2562	6.733670e+15	5.219364e+00	2.305705e+01	3.414207e+16
2563	6.734366e+15	5.334430e+00	2.209955e+01	2.818459e+16
2564	6.735058e+15	5.478966e+00	2.160121e+01	3.206044e+16
2565	6.735754e+15	6.112834e+00	2.132532e+01	1.896728e+16
2566	6.736470e+15	7.088957e+00	2.330211e+01	3.693600e+16
2567	6.737173e+15	7.282205e+00	2.487947e+01	2.181157e+16
2568	6.737852e+15	6.974505e+00	2.457762e+01	3.207266e+16
2569	6.738526e+15	6.613888e+00	2.597684e+01	3.906098e+16
2570	6.739173e+15	6.244488e+00	2.577627e+01	3.732648e+16
2571	6.739791e+15	6.410268e+00	2.331633e+01	1.808499e+16
2572	6.740427e+15	6.968804e+00	2.335142e+01	2.681282e+16
2573	6.741071e+15	6.656393e+00	2.275477e+01	3.240680e+16
2574	6.741727e+15	5.505233e+00	2.055462e+01	2.658263e+16
2575	6.742456e+15	5.348509e+00	2.122533e+01	2.672460e+16
2576	6.743236e+15	5.382086e+00	2.676946e+01	3.877894e+16
2577	6.743952e+15	5.750794e+00	2.518847e+01	4.130546e+16
2578	6.744653e+15	6.477257e+00	2.661636e+01	2.525234e+16
2579	6.745322e+15	6.506759e+00	2.713361e+01	3.304949e+16
2580	6.745962e+15	5.649738e+00	2.601038e+01	2.984475e+16
2581	6.746594e+15	5.537378e+00	2.259538e+01	3.600152e+16
2582	6.747283e+15	6.546909e+00	2.629292e+01	3.252609e+16
2583	6.747950e+15	5.617417e+00	2.412443e+01	2.135153e+16
2584	6.748654e+15	6.704731e+00	2.784362e+01	2.884663e+16
2585	6.749317e+15	6.099923e+00	2.074012e+01	2.649757e+16
2586	6.750096e+15	6.733555e+00	2.626894e+01	4.531553e+16
2587	6.750843e+15	7.082722e+00	2.835984e+01	3.201267e+16
2588	6.751527e+15	6.460535e+00	2.410372e+01	2.853613e+16
2589	6.752247e+15	6.073991e+00	2.766744e+01	2.984366e+16
2590	6.752913e+15	6.015510e+00	2.598008e+01	2.310505e+16
2591	6.753554e+15	6.866232e+00	2.590390e+01	2.504550e+16
2592	6.754165e+15	5.877179e+00	1.861337e+01	3.206636e+16
2593	6.754898e+15	5.891709e+00	2.133354e+01	2.970743e+16
2594	6.755673e+15	5.703827e+00	2.571714e+01	3.199415e+16
2595	6.756404e+15	5.081126e+00	2.362488e+01	1.745611e+16
2596	6.757133e+15	5.094530e+00	2.250835e+01	3.139275e+16
2597	6.757861e+15	5.808008e+00	2.538613e+01	2.686820e+16
2598	6.758515e+15	5.140901e+00	2.255823e+01	3.312180e+16
2599	6.759164e+15	5.368424e+00	2.187900e+01	2.030445e+16
2600	6.759817e+15	5.387952e+00	1.627777e+01	1.948612e+16
2601	6.760600e+15	4.794884e+00	1.964466e+01	2.744825e+16
2602	6.761429e+15	6.365730e+00	2.554215e+01	3.429822e+16
2603	6.762153e+15	4.488374e+00	1.842057e+01	3.843220e+16
2604	6.762991e+15	4.792811e+00	2.371473e+01	3.146677e+16
2605	6.763770e+15	5.583623e+00	2.187307e+01	1.401512e+16
2606	6.764546e+15	5.239187e+00	2.182074e+01	2.888809e+16
2607	6.765314e+15	5.107375e+00	2.326179e+01	2.747341e+16
2608	6.766027e+15	3.936070e+00	1.726935e+01	2.667415e+16
2609	6.766844e+15	4.136485e+00	2.063536e+01	4.099468e+16
2610	6.767654e+15	4.752694e+00	2.165287e+01	2.451479e+16
2611	6.768420e+15	5.424786e+00	2.084776e+01	3.188381e+16
2612	6.769161e+15	6.263668e+00	2.371794e+01	4.713877e+16
2613	6.769812e+15	4.792261e+00	1.883561e+01	9.609655e+15
2614	6.770511e+15	5.134150e+00	2.203394e+01	2.370830e+16
2615	6.771165e+15	4.641309e+00	1.996214e+01	2.280453e+16
2616	6.771829e+15	4.360213e+00	1.882690e+01	2.927724e+16
2617	6.772541e+15	4.957549e+00	2.139454e+01	3.344123e+16
2618	6.773226e+15	4.598616e+00	1.857389e+01	1.359434e+16
2619	6.773957e+15	5.082598e+00	1.874454e+01	3.460881e+16
2620	6.774731e+15	5.360334e+00	1.882705e+01	3.168384e+16
2621	6.775535e+15	5.590855e+00	2.151731e+01	2.312556e+16
2622	6.776266e+15	4.718838e+00	2.059090e+01	2.411168e+16
2623	6.776985e+15	5.017248e+00	2.270579e+01	2.192528e+16
2624	6.777651e+15	5.178762e+00	1.914373e+01	3.301628e+16
2625	6.778363e+15	5.679619e+00	2.004429e+01	2.976127e+16
2626	6.779085e+15	4.966595e+00	1.781202e+01	3.672403e+16
2627	6.779873e+15	5.239303e+00	2.101317e+01	4.174155e+16
2628	6.780625e+15	6.090144e+00	2.184412e+01	4.934067e+16
2629	6.781322e+15	5.039607e+00	1.793442e+01	3.422747e+16
2630	6.782077e+15	5.990033e+00	2.197066e+01	2.290346e+16
2631	6.782770e+15	6.031305e+00	1.803324e+01	3.965448e+16
2632	6.783505e+15	5.906112e+00	1.718359e+01	3.302680e+16
2633	6.784301e+15	6.055400e+00	1.998543e+01	5.045063e+16
2634	6.785049e+15	5.155948e+00	1.966083e+01	3.878150e+16
2635	6.785838e+15	4.963905e+00	2.193132e+01	2.975970e+16
2636	6.786591e+15	5.050750e+00	2.071613e+01	4.064807e+16
2637	6.787330e+15	6.119960e+00	2.353914e+01	4.512198e+16
2638	6.787990e+15	5.368352e+00	2.036609e+01	2.047873e+16
2639	6.788667e+15	5.199017e+00	2.050803e+01	4.717744e+16
2640	6.789359e+15	5.151915e+00	1.954054e+01	3.881572e+16
2641	6.790082e+15	5.470141e+00	2.032211e+01	4.482677e+16
2642	6.790820e+15	5.641822e+00	2.025555e+01	3.221815e+16
2643	6.791570e+15	5.079658e+00	1.619687e+01	3.825377e+16
2644	6.792424e+15	5.419120e+00	1.894781e+01	4.741598e+16
2645	6.793297e+15	3.880168e+00	1.575665e+01	6.643287e+16
2646	6.794296e+15	3.873149e+00	1.776458e+01	5.425451e+16
2647	6.795304e+15	3.687563e+00	1.924388e+01	3.849271e+16
2648	6.796282e+15	3.072987e+00	1.779467e+01	5.245920e+16
2649	6.797320e+15	3.838017e+00	2.247121e+01	4.911776e+16
2650	6.798268e+15	4.412151e+00	2.313892e+01	4.781127e+16
2651	6.799156e+15	3.597446e+00	2.304706e+01	5.814924e+16
2652	6.800009e+15	3.627059e+00	2.436431e+01	4.555137e+16
2653	6.800810e+15	4.049758e+00	2.471206e+01	3.472759e+16
2654	6.801581e+15	4.504234e+00	2.500324e+01	4.897358e+16
2655	6.802325e+15	4.764469e+00	2.304802e+01	4.818840e+16
2656	6.803093e+15	5.508716e+00	2.603826e+01	3.792922e+16
2657	6.803839e+15	5.841464e+00	2.624484e+01	4.348710e+16
2658	6.804575e+15	6.068431e+00	2.653028e+01	7.534205e+16
2659	6.805309e+15	6.246892e+00	2.776079e+01	3.650668e+16
2660	6.806014e+15	6.226215e+00	2.610236e+01	3.540515e+16
2661	6.806721e+15	6.089579e+00	2.681646e+01	5.099621e+16
2662	6.807413e+15	6.202513e+00	2.525325e+01	4.374010e+16
2663	6.808121e+15	6.473722e+00	2.419987e+01	3.742101e+16
2664	6.808862e+15	6.476481e+00	2.541118e+01	2.870138e+16
2665	6.809609e+15	6.118523e+00	2.461711e+01	3.598130e+16
2666	6.810382e+15	6.187716e+00	2.587140e+01	3.367995e+16
2667	6.811156e+15	6.692284e+00	2.748861e+01	3.689246e+16
2668	6.811892e+15	6.358084e+00	2.656943e+01	3.188554e+16
2669	6.812609e+15	6.111766e+00	2.580112e+01	4.319299e+16
2670	6.813319e+15	6.619479e+00	2.752404e+01	2.030106e+16
2671	6.813991e+15	6.121070e+00	2.518356e+01	3.137785e+16
2672	6.814669e+15	6.739222e+00	2.541030e+01	4.246448e+16
2673	6.815338e+15	6.919441e+00	2.554196e+01	4.259959e+16
2674	6.815994e+15	7.062647e+00	2.429805e+01	2.268673e+16
2675	6.816663e+15	7.381741e+00	2.543209e+01	2.500516e+16
2676	6.817321e+15	7.160361e+00	2.373392e+01	1.740016e+16
2677	6.817997e+15	7.417898e+00	2.433842e+01	3.861148e+16
2678	6.818671e+15	7.173876e+00	2.316496e+01	3.353274e+16
2679	6.819362e+15	7.400117e+00	2.479610e+01	5.078219e+16
2680	6.820025e+15	7.041226e+00	2.186686e+01	2.923987e+16
2681	6.820723e+15	7.427390e+00	2.365995e+01	2.746068e+16
2682	6.821410e+15	6.892204e+00	2.397708e+01	4.305913e+16
2683	6.822075e+15	6.537200e+00	2.297615e+01	7.893747e+15
2684	6.822739e+15	6.868253e+00	2.392269e+01	2.337426e+16
2685	6.823382e+15	6.391708e+00	1.915195e+01	3.644490e+16
2686	6.824082e+15	7.293954e+00	2.108644e+01	2.779964e+16
2687	6.824795e+15	8.703002e+00	2.532512e+01	1.269025e+16
2688	6.825426e+15	7.056456e+00	2.042264e+01	2.880416e+16
2689	6.826101e+15	7.517162e+00	2.533504e+01	4.345818e+16
2690	6.826708e+15	6.298951e+00	2.091559e+01	4.184814e+16
2691	6.827360e+15	6.920657e+00	2.361738e+01	4.210442e+16
2692	6.828010e+15	6.978767e+00	2.409300e+01	4.819490e+16
2693	6.828639e+15	6.245026e+00	2.141961e+01	5.294495e+16
2694	6.829325e+15	7.414602e+00	2.401724e+01	6.921190e+16
2695	6.830002e+15	6.364696e+00	1.926034e+01	3.158533e+16
2696	6.830779e+15	7.181143e+00	2.287509e+01	7.387404e+16
2697	6.831587e+15	6.770004e+00	2.386368e+01	5.833071e+16
2698	6.832367e+15	5.005054e+00	2.149109e+01	4.966459e+16
2699	6.833179e+15	5.296657e+00	2.584291e+01	4.913657e+16
2700	6.833918e+15	5.279135e+00	2.257144e+01	4.838676e+16
2701	6.834668e+15	5.849535e+00	2.277271e+01	3.232101e+16
2702	6.835444e+15	6.033210e+00	2.512448e+01	3.543723e+16
2703	6.836184e+15	5.801012e+00	2.382220e+01	3.409948e+16
2704	6.836923e+15	5.771962e+00	2.331663e+01	2.835437e+16
2705	6.837652e+15	5.751166e+00	2.217460e+01	3.206046e+16
2706	6.838402e+15	6.470476e+00	2.419500e+01	4.310075e+16
2707	6.839124e+15	6.047040e+00	2.396391e+01	3.184099e+16
2708	6.839838e+15	5.723293e+00	2.353256e+01	3.378926e+16
2709	6.840563e+15	5.473387e+00	2.116461e+01	2.779550e+16
2710	6.841339e+15	5.770669e+00	2.196753e+01	3.901154e+16
2711	6.842143e+15	5.765893e+00	2.222283e+01	5.861240e+16
2712	6.842939e+15	5.615201e+00	2.143527e+01	3.841919e+16
2713	6.843738e+15	6.262544e+00	2.294622e+01	3.026687e+16
2714	6.844507e+15	5.234050e+00	1.729323e+01	5.590995e+16
2715	6.845387e+15	6.990373e+00	2.247781e+01	4.361013e+16
2716	6.846188e+15	6.613046e+00	2.383118e+01	3.338840e+16
2717	6.846879e+15	4.403344e+00	1.708815e+01	3.801274e+16
2718	6.847660e+15	5.316583e+00	2.278135e+01	3.573872e+16
2719	6.848365e+15	5.088303e+00	2.161458e+01	2.760216e+16
2720	6.849039e+15	4.343754e+00	1.954746e+01	2.360661e+16
2721	6.849741e+15	4.772379e+00	2.091837e+01	4.445438e+16
2722	6.850438e+15	4.658502e+00	1.745474e+01	3.097716e+16
2723	6.851178e+15	4.429193e+00	1.557634e+01	2.930144e+16
2724	6.852024e+15	5.070448e+00	2.007201e+01	8.072443e+16
2725	6.852790e+15	4.488008e+00	1.757251e+01	3.036131e+16
2726	6.853578e+15	4.006996e+00	1.846435e+01	4.343018e+16
2727	6.854391e+15	4.828115e+00	2.165534e+01	4.150416e+16
2728	6.855137e+15	5.290925e+00	2.087231e+01	4.050651e+16
2729	6.855871e+15	4.773962e+00	2.086470e+01	3.286592e+16
2730	6.856603e+15	5.062600e+00	2.316270e+01	3.997737e+16
2731	6.857267e+15	4.297462e+00	1.699770e+01	3.874104e+16
2732	6.857995e+15	5.072127e+00	2.065664e+01	4.870785e+16
2733	6.858691e+15	5.400076e+00	1.969024e+01	3.449038e+16
2734	6.859395e+15	5.533171e+00	1.929858e+01	3.425638e+16
2735	6.860125e+15	5.953841e+00	2.287693e+01	4.173765e+16
2736	6.860815e+15	4.731027e+00	1.959229e+01	3.405577e+16
2737	6.861547e+15	3.948533e+00	1.652478e+01	2.659872e+16
2738	6.862426e+15	5.562286e+00	2.363917e+01	2.806023e+16
2739	6.863252e+15	5.200233e+00	2.440657e+01	5.405275e+16
2740	6.864024e+15	4.897280e+00	2.443752e+01	2.923673e+16
2741	6.864740e+15	5.080155e+00	2.388724e+01	3.823681e+16
2742	6.865424e+15	4.964282e+00	2.271761e+01	3.288019e+16
2743	6.866104e+15	4.644513e+00	2.249809e+01	3.929067e+16
2744	6.866795e+15	5.648135e+00	2.463345e+01	4.183136e+16
2745	6.867446e+15	4.839096e+00	1.940400e+01	4.284532e+16
2746	6.868187e+15	5.856652e+00	2.412608e+01	3.254417e+16
2747	6.868903e+15	5.311095e+00	2.133052e+01	4.106899e+16
2748	6.869679e+15	5.330263e+00	2.177406e+01	5.232877e+16
2749	6.870501e+15	6.073104e+00	2.445172e+01	5.107609e+16
2750	6.871310e+15	5.812728e+00	2.562003e+01	4.777753e+16
2751	6.872105e+15	5.231641e+00	2.518172e+01	5.245492e+16
2752	6.872901e+15	5.285073e+00	2.625216e+01	5.324145e+16
2753	6.873676e+15	5.246011e+00	2.623967e+01	6.092250e+16
2754	6.874444e+15	4.891057e+00	2.686210e+01	4.986120e+16
2755	6.875203e+15	4.965820e+00	2.668269e+01	5.527132e+16
2756	6.875953e+15	5.173068e+00	2.718078e+01	3.881168e+16
2757	6.876674e+15	5.153587e+00	2.702614e+01	3.282775e+16
2758	6.877378e+15	5.825881e+00	2.702632e+01	3.479741e+16
2759	6.878064e+15	6.348852e+00	2.795360e+01	5.971336e+16
2760	6.878729e+15	6.607674e+00	2.752437e+01	5.610939e+16
2761	6.879386e+15	7.075169e+00	2.750961e+01	2.364397e+16
2762	6.880024e+15	7.001484e+00	2.576704e+01	5.148409e+16
2763	6.880681e+15	7.463337e+00	2.784572e+01	3.651441e+16
2764	6.881310e+15	7.230222e+00	2.560767e+01	2.745734e+16
2765	6.881957e+15	7.351703e+00	2.665426e+01	4.013974e+16
2766	6.882598e+15	7.456735e+00	2.821415e+01	3.642472e+16
2767	6.883205e+15	6.050915e+00	2.331776e+01	2.434164e+16
2768	6.883870e+15	6.656979e+00	2.453913e+01	2.610781e+16
2769	6.884563e+15	6.857520e+00	2.426364e+01	3.294120e+16
2770	6.885273e+15	6.965456e+00	2.362834e+01	3.731628e+16
2771	6.886011e+15	6.526235e+00	2.375986e+01	3.333161e+16
2772	6.886786e+15	5.811237e+00	2.243212e+01	6.227563e+16
2773	6.887631e+15	7.095099e+00	2.694347e+01	4.251156e+16
2774	6.888425e+15	6.452379e+00	2.547561e+01	3.629876e+16
2775	6.889202e+15	6.870617e+00	2.661208e+01	3.473260e+16
2776	6.889931e+15	5.810495e+00	2.472976e+01	3.978617e+16
2777	6.890662e+15	6.323381e+00	2.624587e+01	3.531257e+16
2778	6.891355e+15	5.938337e+00	2.080059e+01	1.413943e+16
2779	6.892130e+15	6.858837e+00	2.543965e+01	2.332532e+16
2780	6.892864e+15	6.602200e+00	2.614003e+01	3.472439e+16
2781	6.893552e+15	5.767032e+00	2.342390e+01	2.572013e+16
2782	6.894288e+15	5.611419e+00	2.701319e+01	4.994610e+16
2783	6.894990e+15	6.017776e+00	2.534927e+01	3.266376e+16
2784	6.895676e+15	6.009742e+00	2.287051e+01	3.746929e+16
2785	6.896416e+15	8.086288e+00	3.171687e+01	6.675260e+16
2786	6.897041e+15	4.816678e+00	2.045647e+01	3.799129e+16
2787	6.897790e+15	5.821368e+00	2.842334e+01	2.371050e+16
2788	6.898476e+15	5.737005e+00	2.290826e+01	5.003149e+16
2789	6.899224e+15	6.013295e+00	2.384662e+01	4.643582e+16
2790	6.900002e+15	8.022126e+00	3.248972e+01	4.545567e+16
2791	6.900639e+15	7.669439e+00	2.785468e+01	2.570595e+16
2792	6.901248e+15	7.370461e+00	2.523946e+01	2.764532e+16
2793	6.901886e+15	7.328185e+00	2.191515e+01	3.641241e+16
2794	6.902577e+15	7.203172e+00	2.189031e+01	4.173050e+16
2795	6.903327e+15	8.162496e+00	2.847916e+01	3.309398e+16
2796	6.903992e+15	6.925070e+00	2.419013e+01	3.370807e+16
2797	6.904664e+15	6.499206e+00	2.646421e+01	4.237177e+16
2798	6.905302e+15	5.251818e+00	2.249965e+01	3.215261e+16
2799	6.906001e+15	5.651271e+00	2.747601e+01	3.166429e+16
2800	6.906655e+15	4.998508e+00	2.356283e+01	2.873273e+16
2801	6.907343e+15	4.972621e+00	2.411025e+01	4.382122e+16
2802	6.908059e+15	4.618365e+00	2.523207e+01	3.147963e+16
2803	6.908779e+15	3.854413e+00	2.217189e+01	4.162497e+16
2804	6.909562e+15	4.475902e+00	2.496692e+01	2.709078e+16
2805	6.910315e+15	4.993064e+00	2.478547e+01	3.176070e+16
2806	6.911046e+15	4.544895e+00	2.181937e+01	1.965790e+16
2807	6.911837e+15	5.321361e+00	2.533946e+01	3.760460e+16
2808	6.912601e+15	5.463838e+00	2.524368e+01	3.508424e+16
2809	6.913349e+15	5.677653e+00	2.305230e+01	2.917981e+16
2810	6.914125e+15	6.091319e+00	2.557529e+01	4.603511e+16
2811	6.914850e+15	5.371627e+00	2.285730e+01	4.122077e+16
2812	6.915583e+15	6.243057e+00	2.438194e+01	3.496309e+16
2813	6.916288e+15	6.480918e+00	2.422721e+01	3.894326e+16
2814	6.916971e+15	6.365565e+00	2.354593e+01	2.912697e+16
2815	6.917648e+15	7.082241e+00	2.392435e+01	1.617498e+16
2816	6.918316e+15	6.687406e+00	2.214128e+01	3.748938e+16
2817	6.919016e+15	6.661310e+00	2.225998e+01	5.081774e+16
2818	6.919733e+15	6.770011e+00	2.180386e+01	3.211925e+16
2819	6.920464e+15	6.595531e+00	2.184314e+01	4.037806e+16
2820	6.921211e+15	6.602349e+00	2.305613e+01	5.827815e+16
2821	6.921941e+15	6.697626e+00	2.367797e+01	4.963352e+16
2822	6.922641e+15	6.457095e+00	2.247929e+01	2.448589e+16
2823	6.923349e+15	6.059307e+00	2.136754e+01	3.668074e+16
2824	6.924078e+15	6.077450e+00	2.174379e+01	2.154753e+16
2825	6.924806e+15	7.009251e+00	2.321284e+01	4.825889e+16
2826	6.925491e+15	6.305022e+00	2.322278e+01	4.388318e+16
2827	6.926161e+15	6.576608e+00	2.394685e+01	2.503477e+16
2828	6.926799e+15	6.351098e+00	2.269077e+01	2.361645e+16
2829	6.927420e+15	6.740638e+00	2.169353e+01	2.933115e+16
2830	6.928050e+15	6.892635e+00	2.026602e+01	2.755504e+16
2831	6.928731e+15	6.476890e+00	2.018453e+01	2.844160e+16
2832	6.929441e+15	6.350985e+00	2.210719e+01	2.869269e+16
2833	6.930140e+15	5.392829e+00	1.882598e+01	2.255986e+16
2834	6.930940e+15	5.408484e+00	2.096927e+01	2.754162e+16
2835	6.931750e+15	6.381627e+00	2.241820e+01	5.140859e+16
2836	6.932535e+15	6.600590e+00	2.190232e+01	3.971626e+16
2837	6.933335e+15	5.791987e+00	2.207394e+01	2.046238e+16
2838	6.934131e+15	5.681419e+00	2.271686e+01	4.704044e+16
2839	6.934896e+15	5.647200e+00	2.037027e+01	3.358237e+16
2840	6.935706e+15	6.523873e+00	2.291598e+01	3.142901e+16
2841	6.936478e+15	6.351904e+00	2.084049e+01	3.114512e+16
2842	6.937261e+15	7.049226e+00	2.175242e+01	2.472555e+16
2843	6.938035e+15	6.686908e+00	2.221089e+01	3.531575e+16
2844	6.938793e+15	6.206899e+00	2.119055e+01	2.774214e+16
2845	6.939553e+15	6.374285e+00	2.175100e+01	3.816871e+16
2846	6.940306e+15	6.839998e+00	2.110333e+01	4.955587e+16
2847	6.941070e+15	6.654232e+00	2.152659e+01	3.488288e+16
2848	6.941841e+15	6.815587e+00	2.184707e+01	4.266529e+16
2849	6.942607e+15	6.170735e+00	2.023931e+01	3.984366e+16
2850	6.943411e+15	6.387412e+00	2.115638e+01	3.858374e+16
2851	6.944221e+15	6.115868e+00	2.104667e+01	4.010613e+16
2852	6.945032e+15	5.373581e+00	1.983758e+01	5.117162e+16
2853	6.945878e+15	5.241834e+00	2.060376e+01	2.261872e+16
2854	6.946740e+15	5.012191e+00	2.018980e+01	3.628173e+16
2855	6.947623e+15	5.634357e+00	2.123573e+01	3.299213e+16
2856	6.948504e+15	5.105886e+00	2.178887e+01	5.078363e+16
2857	6.949373e+15	4.721037e+00	2.114811e+01	3.376499e+16
2858	6.950244e+15	5.375004e+00	2.335576e+01	4.176739e+16
2859	6.951053e+15	5.043183e+00	2.242780e+01	4.760383e+16
2860	6.951833e+15	5.077875e+00	2.330280e+01	2.814075e+16
2861	6.952560e+15	5.205505e+00	2.344769e+01	3.767149e+16
2862	6.953252e+15	5.488401e+00	2.353288e+01	3.533085e+16
2863	6.953916e+15	6.043864e+00	2.412949e+01	2.206474e+16
2864	6.954541e+15	6.101839e+00	2.173260e+01	1.788078e+16
2865	6.955183e+15	7.090342e+00	2.364200e+01	2.072521e+16
2866	6.955797e+15	7.112552e+00	2.170066e+01	1.493310e+16
2867	6.956421e+15	7.033393e+00	1.985785e+01	2.968331e+16
2868	6.957104e+15	7.528930e+00	2.219102e+01	1.559101e+16
2869	6.957774e+15	6.589243e+00	1.981303e+01	2.680030e+16
2870	6.958502e+15	6.904746e+00	2.161859e+01	2.739970e+16
2871	6.959243e+15	6.753141e+00	2.274056e+01	4.958947e+16
2872	6.959975e+15	5.365146e+00	2.260197e+01	2.185270e+16
2873	6.960712e+15	6.005951e+00	2.510708e+01	2.189545e+16
2874	6.961376e+15	4.757780e+00	1.862071e+01	3.028902e+16
2875	6.962137e+15	5.163791e+00	2.224054e+01	3.496798e+16
2876	6.962887e+15	5.539756e+00	2.479772e+01	2.546431e+16
2877	6.963569e+15	5.369370e+00	2.079524e+01	3.844255e+16
2878	6.964288e+15	6.585965e+00	2.311522e+01	2.418178e+16
2879	6.964975e+15	7.145926e+00	2.301168e+01	2.685084e+16
2880	6.965636e+15	6.777424e+00	2.181571e+01	2.961305e+16
2881	6.966313e+15	6.932977e+00	2.199018e+01	2.210827e+16
2882	6.966994e+15	5.537860e+00	1.772562e+01	2.748877e+16
2883	6.967771e+15	6.103574e+00	2.184375e+01	2.945632e+16
2884	6.968517e+15	5.649009e+00	2.026275e+01	2.486393e+16
2885	6.969292e+15	5.499796e+00	1.934783e+01	2.918978e+16
2886	6.970129e+15	6.268605e+00	2.226751e+01	4.519823e+16
2887	6.970924e+15	5.603088e+00	2.201788e+01	3.077464e+16
2888	6.971697e+15	5.384560e+00	2.123167e+01	2.439080e+16
2889	6.972475e+15	4.935254e+00	2.037173e+01	2.595631e+16
2890	6.973267e+15	4.665283e+00	2.070148e+01	1.627507e+16
2891	6.974047e+15	4.827875e+00	1.966500e+01	2.405977e+16
2892	6.974855e+15	4.812395e+00	1.876423e+01	2.455292e+16
2893	6.975702e+15	4.495437e+00	1.751347e+01	1.744549e+16
2894	6.976606e+15	6.246547e+00	2.452701e+01	2.851495e+16
2895	6.977338e+15	4.270224e+00	1.487743e+01	2.541030e+16
2896	6.978216e+15	5.322579e+00	1.967892e+01	3.846310e+16
2897	6.979062e+15	5.990453e+00	1.969402e+01	2.989972e+16
2898	6.979883e+15	6.359167e+00	1.842262e+01	2.811619e+16
2899	6.980716e+15	6.578611e+00	1.987405e+01	2.766591e+16
2900	6.981505e+15	6.901242e+00	2.084040e+01	2.493571e+16
2901	6.982247e+15	6.423325e+00	2.018748e+01	4.258850e+16
2902	6.982973e+15	5.774302e+00	2.056444e+01	2.895153e+16
2903	6.983680e+15	5.068648e+00	2.048713e+01	3.845128e+16
2904	6.984381e+15	4.104762e+00	1.795170e+01	3.764936e+16
2905	6.985145e+15	4.338177e+00	2.069313e+01	3.898750e+16
2906	6.985905e+15	4.620547e+00	2.197306e+01	3.946407e+16
2907	6.986628e+15	4.372508e+00	2.015951e+01	4.737295e+16
2908	6.987364e+15	4.275222e+00	1.944227e+01	3.502674e+16
2909	6.988135e+15	5.245689e+00	2.158315e+01	4.268748e+16
2910	6.988877e+15	5.318373e+00	2.071612e+01	3.893684e+16
2911	6.989611e+15	5.217022e+00	1.909078e+01	3.765261e+16
2912	6.990381e+15	5.265046e+00	1.889522e+01	6.399082e+16
2913	6.991196e+15	5.956928e+00	2.112037e+01	5.196114e+16
2914	6.991968e+15	4.754724e+00	2.024286e+01	3.710632e+16
2915	6.992762e+15	6.125356e+00	2.564164e+01	7.139937e+16
2916	6.993455e+15	5.104347e+00	1.796218e+01	4.994620e+16
2917	6.994260e+15	5.715100e+00	2.289460e+01	7.159854e+16
2918	6.995040e+15	5.827555e+00	2.423499e+01	5.023817e+16
2919	6.995768e+15	5.557260e+00	2.102644e+01	4.472752e+16
2920	6.996553e+15	6.623036e+00	2.454292e+01	5.277412e+16
2921	6.997316e+15	6.067587e+00	2.451406e+01	6.518456e+16
2922	6.998061e+15	6.448664e+00	2.545221e+01	6.136065e+16
2923	6.998769e+15	6.572688e+00	2.645489e+01	4.998397e+16
2924	6.999436e+15	6.391671e+00	2.490800e+01	3.484834e+16
2925	7.000103e+15	6.047150e+00	2.312928e+01	6.110624e+16
2926	7.000802e+15	6.200044e+00	2.413477e+01	4.022627e+16
2927	7.001500e+15	5.879719e+00	2.254557e+01	3.669976e+16
2928	7.002231e+15	6.088953e+00	2.270651e+01	3.776901e+16
2929	7.002985e+15	6.070615e+00	2.190274e+01	4.615616e+16
2930	7.003778e+15	5.855827e+00	2.071373e+01	2.229163e+16
2931	7.004638e+15	6.117967e+00	2.342348e+01	3.348855e+16
2932	7.005487e+15	5.913481e+00	2.434316e+01	3.090465e+16
2933	7.006308e+15	5.116318e+00	2.418302e+01	2.948557e+16
2934	7.007110e+15	4.971135e+00	2.501671e+01	3.457074e+16
2935	7.007877e+15	5.026558e+00	2.472691e+01	3.820177e+16
2936	7.008616e+15	5.262431e+00	2.487660e+01	4.230537e+16
2937	7.009319e+15	5.479874e+00	2.373201e+01	2.775488e+16
2938	7.010007e+15	5.755476e+00	2.283725e+01	3.094528e+16
2939	7.010687e+15	6.425164e+00	2.244327e+01	2.416852e+16
2940	7.011363e+15	6.252926e+00	2.103922e+01	1.517890e+16
2941	7.012060e+15	7.186990e+00	2.129071e+01	2.855798e+16
2942	7.012754e+15	6.542658e+00	1.883726e+01	2.363473e+16
2943	7.013506e+15	7.297933e+00	2.178301e+01	3.217369e+16
2944	7.014238e+15	6.686292e+00	2.110873e+01	2.774414e+16
2945	7.014973e+15	6.299851e+00	2.104257e+01	3.802073e+16
2946	7.015713e+15	6.209426e+00	2.152999e+01	3.414758e+16
2947	7.016439e+15	6.338038e+00	2.220006e+01	3.468323e+16
2948	7.017135e+15	6.084292e+00	2.009247e+01	3.274360e+16
2949	7.017840e+15	6.043652e+00	2.034347e+01	1.196294e+16
2950	7.018541e+15	6.472055e+00	2.026026e+01	3.217020e+16
2951	7.019219e+15	6.360398e+00	1.949182e+01	3.237016e+16
2952	7.019888e+15	6.096975e+00	1.699195e+01	1.075907e+16
2953	7.020625e+15	5.916308e+00	1.806977e+01	2.762760e+16
2954	7.021417e+15	5.330716e+00	1.691474e+01	1.290604e+16
2955	7.022288e+15	6.235990e+00	2.000154e+01	5.161465e+16
2956	7.023118e+15	5.286233e+00	1.778126e+01	5.481261e+16
2957	7.024018e+15	4.904331e+00	1.948791e+01	5.578328e+16
2958	7.024958e+15	5.795687e+00	2.383718e+01	5.893813e+16
2959	7.025797e+15	4.850937e+00	2.103808e+01	3.403381e+16
2960	7.026642e+15	5.146291e+00	2.293276e+01	5.634018e+16
2961	7.027440e+15	4.212304e+00	2.065028e+01	5.630807e+16
2962	7.028262e+15	5.145894e+00	2.456920e+01	6.306944e+16
2963	7.029002e+15	5.418368e+00	2.009159e+01	3.116879e+16
2964	7.029790e+15	6.043698e+00	2.097416e+01	8.743493e+16
2965	7.030597e+15	7.434425e+00	2.602208e+01	8.930591e+16
2966	7.031302e+15	7.122372e+00	2.269988e+01	5.580212e+16
2967	7.032015e+15	7.286854e+00	2.244953e+01	5.695007e+16
2968	7.032749e+15	7.105663e+00	2.321582e+01	3.795424e+16
2969	7.033461e+15	6.844281e+00	2.212164e+01	5.209427e+16
2970	7.034171e+15	6.432347e+00	2.096525e+01	2.576653e+16
2971	7.034901e+15	6.493912e+00	2.289446e+01	4.195129e+16
2972	7.035595e+15	4.727752e+00	1.925977e+01	3.521391e+16
2973	7.036377e+15	5.644220e+00	2.515061e+01	4.693823e+16
2974	7.037083e+15	4.974911e+00	1.924770e+01	2.202720e+16
2975	7.037874e+15	5.344941e+00	2.227308e+01	3.331362e+16
2976	7.038668e+15	5.463711e+00	2.431667e+01	4.638012e+16
2977	7.039422e+15	4.946837e+00	2.147401e+01	4.925088e+16
2978	7.040220e+15	4.818886e+00	2.280801e+01	2.529349e+16
2979	7.041027e+15	5.368460e+00	2.459371e+01	5.846925e+16
2980	7.041794e+15	4.942095e+00	2.308775e+01	5.593173e+16
2981	7.042546e+15	4.751745e+00	2.148604e+01	3.193193e+16
2982	7.043317e+15	4.655794e+00	2.295231e+01	5.581828e+16
2983	7.044074e+15	4.267138e+00	2.103532e+01	4.742587e+16
2984	7.044865e+15	4.149948e+00	2.221396e+01	5.578644e+16
2985	7.045654e+15	4.192502e+00	2.353364e+01	6.680971e+16
2986	7.046404e+15	4.594778e+00	2.231974e+01	3.390970e+16
2987	7.047148e+15	5.155919e+00	2.386302e+01	3.512762e+16
2988	7.047852e+15	5.180959e+00	2.261508e+01	3.584087e+16
2989	7.048556e+15	5.500929e+00	2.379996e+01	6.324574e+16
2990	7.049238e+15	5.856272e+00	2.328171e+01	1.630634e+16
2991	7.049907e+15	5.959409e+00	2.166153e+01	5.097937e+16
2992	7.050596e+15	6.569401e+00	2.189580e+01	3.121785e+16
2993	7.051298e+15	6.882417e+00	2.169609e+01	4.785857e+16
2994	7.052006e+15	6.600967e+00	2.249436e+01	6.244689e+16
2995	7.052713e+15	6.512306e+00	2.087474e+01	3.417695e+16
2996	7.053467e+15	5.642396e+00	1.839044e+01	2.692310e+16
2997	7.054327e+15	6.826137e+00	2.435893e+01	2.511354e+16
2998	7.055119e+15	5.201234e+00	1.840865e+01	3.266412e+16
2999	7.056033e+15	5.271108e+00	2.139650e+01	2.700396e+16
3000	7.056972e+15	5.506228e+00	2.307110e+01	3.408408e+16
3001	7.057881e+15	4.913661e+00	2.311841e+01	4.456483e+16
3002	7.058773e+15	4.884663e+00	2.392907e+01	3.628643e+16
3003	7.059612e+15	4.397177e+00	2.259067e+01	3.183742e+16
3004	7.060427e+15	4.538247e+00	2.244646e+01	4.330111e+16
3005	7.061220e+15	4.740816e+00	2.332866e+01	3.178081e+16
3006	7.061963e+15	4.751172e+00	2.140677e+01	3.089929e+16
3007	7.062723e+15	5.173094e+00	2.201171e+01	2.609953e+16
3008	7.063478e+15	5.096871e+00	2.081054e+01	3.476062e+16
3009	7.064250e+15	5.526325e+00	2.361953e+01	3.142359e+16
3010	7.064973e+15	5.140801e+00	1.843749e+01	2.303367e+16
3011	7.065780e+15	6.005234e+00	2.080286e+01	3.636856e+16
3012	7.066573e+15	5.814621e+00	2.016029e+01	1.634991e+16
3013	7.067369e+15	6.136552e+00	2.024467e+01	2.381267e+16
3014	7.068173e+15	5.966864e+00	2.004987e+01	2.547136e+16
3015	7.068997e+15	6.629009e+00	2.206937e+01	3.839287e+16
3016	7.069777e+15	6.316963e+00	2.155035e+01	3.241400e+16
3017	7.070519e+15	5.189307e+00	1.800291e+01	1.818408e+16
3018	7.071340e+15	5.644196e+00	1.948166e+01	1.450444e+16
3019	7.072180e+15	6.189017e+00	2.347074e+01	2.063814e+16
3020	7.072926e+15	5.518220e+00	1.963517e+01	2.548303e+16
3021	7.073702e+15	6.625024e+00	2.194945e+01	2.826107e+16
3022	7.074445e+15	6.756919e+00	2.239584e+01	3.017586e+16
3023	7.075158e+15	7.014781e+00	2.303553e+01	2.052365e+16
3024	7.075844e+15	6.685859e+00	2.086561e+01	3.478563e+16
3025	7.076559e+15	7.051260e+00	2.237456e+01	2.256815e+16
3026	7.077264e+15	6.850460e+00	2.305264e+01	2.382209e+16
3027	7.077950e+15	6.958204e+00	2.244183e+01	2.093761e+16
3028	7.078629e+15	7.059366e+00	2.258257e+01	9.485912e+15
3029	7.079297e+15	6.997568e+00	2.227208e+01	4.203435e+16
3030	7.079968e+15	7.413124e+00	2.365095e+01	2.138959e+16
3031	7.080613e+15	6.883074e+00	2.233536e+01	3.174843e+16
3032	7.081261e+15	6.922324e+00	2.156251e+01	2.485882e+16
3033	7.081924e+15	7.256162e+00	2.248040e+01	1.532396e+16
3034	7.082575e+15	7.008166e+00	2.192743e+01	2.049484e+16
3035	7.083230e+15	7.144016e+00	2.174028e+01	1.394248e+16
3036	7.083893e+15	7.416957e+00	2.148741e+01	3.330081e+16
3037	7.084569e+15	7.596790e+00	2.127850e+01	3.030424e+16
3038	7.085250e+15	7.377887e+00	2.117461e+01	3.448404e+16
3039	7.085939e+15	7.226942e+00	2.048572e+01	2.173218e+16
3040	7.086648e+15	7.431361e+00	2.086030e+01	4.295829e+16
3041	7.087370e+15	7.190173e+00	1.986007e+01	3.024607e+16
3042	7.088118e+15	6.485072e+00	1.885509e+01	3.865172e+16
3043	7.088932e+15	6.979880e+00	2.209476e+01	5.394466e+16
3044	7.089719e+15	5.721212e+00	1.971035e+01	2.443402e+16
3045	7.090552e+15	5.409419e+00	1.966126e+01	3.242973e+16
3046	7.091404e+15	5.028357e+00	2.174616e+01	5.530349e+16
3047	7.092258e+15	4.337782e+00	2.326585e+01	2.947425e+16
3048	7.093068e+15	4.789559e+00	2.350820e+01	3.012537e+16
3049	7.093833e+15	4.912811e+00	2.157429e+01	3.883262e+16
3050	7.094620e+15	5.040240e+00	2.321554e+01	4.380239e+16
3051	7.095408e+15	5.111783e+00	2.617238e+01	3.830001e+16
3052	7.096117e+15	4.719532e+00	2.341301e+01	4.182053e+16
3053	7.096817e+15	5.258177e+00	2.624777e+01	3.539952e+16
3054	7.097446e+15	5.132230e+00	2.266323e+01	3.280719e+16
3055	7.098097e+15	6.155073e+00	2.527318e+01	2.195675e+16
3056	7.098711e+15	6.974863e+00	2.440942e+01	3.485148e+16
3057	7.099302e+15	7.732613e+00	2.070852e+01	3.431737e+16
3058	7.099949e+15	7.922789e+00	2.164742e+01	2.399126e+16
3059	7.100611e+15	8.577339e+00	2.337838e+01	1.858001e+16
3060	7.101245e+15	8.694950e+00	2.052592e+01	4.519125e+16
3061	7.101922e+15	8.466821e+00	2.006290e+01	3.130265e+16
3062	7.102656e+15	8.653524e+00	2.198123e+01	3.628071e+16
3063	7.103393e+15	8.275245e+00	2.213622e+01	1.734987e+16
3064	7.104129e+15	7.241047e+00	2.136936e+01	2.756170e+16
3065	7.104898e+15	6.834636e+00	2.168276e+01	1.538679e+16
3066	7.105684e+15	6.090865e+00	2.028698e+01	1.258627e+16
3067	7.106521e+15	4.848773e+00	1.688929e+01	2.578500e+16
3068	7.107510e+15	5.846965e+00	2.192125e+01	4.733420e+16
3069	7.108465e+15	5.582113e+00	2.166403e+01	3.543316e+16
3070	7.109412e+15	5.547898e+00	2.387555e+01	3.818792e+16
3071	7.110309e+15	5.797936e+00	2.625844e+01	5.537026e+16
3072	7.111110e+15	4.769748e+00	2.206776e+01	4.707181e+16
3073	7.111942e+15	5.907781e+00	2.915212e+01	5.030067e+16
3074	7.112639e+15	5.303328e+00	2.328394e+01	3.526696e+16
3075	7.113359e+15	6.555379e+00	2.591491e+01	2.955277e+16
3076	7.114038e+15	5.530026e+00	2.474205e+01	2.226992e+16
3077	7.114698e+15	4.804139e+00	2.381541e+01	1.607749e+16
3078	7.115359e+15	5.577464e+00	2.331280e+01	2.360809e+16
3079	7.116018e+15	5.248245e+00	2.233236e+01	2.102125e+16
3080	7.116711e+15	5.424769e+00	2.040667e+01	3.165576e+16
3081	7.117454e+15	5.609270e+00	2.056452e+01	2.755356e+16
3082	7.118242e+15	6.275126e+00	2.123544e+01	2.076438e+16
3083	7.119057e+15	6.716065e+00	2.346165e+01	2.121055e+16
3084	7.119850e+15	6.579072e+00	2.230191e+01	2.022354e+16
3085	7.120671e+15	5.927258e+00	2.220780e+01	3.607950e+16
3086	7.121516e+15	6.212191e+00	2.685022e+01	1.662745e+16
3087	7.122263e+15	6.213656e+00	2.458504e+01	2.136279e+16
3088	7.122989e+15	5.944613e+00	2.208038e+01	1.029732e+16
3089	7.123744e+15	5.945624e+00	2.517745e+01	2.312347e+16
3090	7.124428e+15	4.423692e+00	1.872039e+01	7.853760e+15
3091	7.125184e+15	4.949278e+00	2.370061e+01	2.042003e+16
3092	7.125909e+15	4.963770e+00	1.959205e+01	1.883695e+16
3093	7.126689e+15	5.934997e+00	2.344920e+01	2.186436e+16
3094	7.127408e+15	6.392840e+00	2.229440e+01	1.225565e+16
3095	7.128097e+15	5.972735e+00	2.123179e+01	3.012794e+16
3096	7.128783e+15	5.482209e+00	2.122819e+01	2.789047e+16
3097	7.129455e+15	6.291783e+00	2.173038e+01	3.138420e+16
3098	7.130099e+15	5.774651e+00	1.857231e+01	1.604509e+16
3099	7.130783e+15	5.476446e+00	1.711848e+01	2.726819e+16
3100	7.131547e+15	5.915636e+00	1.901889e+01	4.610940e+16
3101	7.132326e+15	5.433780e+00	1.645992e+01	3.532628e+16
3102	7.133205e+15	5.931807e+00	1.829221e+01	3.203362e+16
3103	7.134126e+15	5.850489e+00	1.836700e+01	5.824933e+16
3104	7.135100e+15	6.257703e+00	2.393202e+01	5.411386e+16
3105	7.135915e+15	4.266481e+00	2.026043e+01	4.706166e+16
3106	7.136706e+15	4.079716e+00	2.151874e+01	2.202551e+16
3107	7.137461e+15	4.243985e+00	2.234095e+01	4.288242e+16
3108	7.138162e+15	3.551598e+00	2.098280e+01	2.942474e+16
3109	7.138872e+15	3.867629e+00	2.176002e+01	2.389912e+16
3110	7.139556e+15	4.015860e+00	1.963164e+01	2.935327e+16
3111	7.140255e+15	4.774328e+00	2.170095e+01	2.908889e+16
3112	7.140924e+15	4.359976e+00	1.913100e+01	2.895654e+16
3113	7.141639e+15	5.143275e+00	1.957932e+01	3.298159e+16
3114	7.142362e+15	6.008805e+00	2.031707e+01	2.387684e+16
3115	7.143072e+15	5.877675e+00	1.887682e+01	1.450189e+16
3116	7.143839e+15	5.998923e+00	2.081622e+01	4.585551e+16
3117	7.144559e+15	5.129051e+00	1.723001e+01	3.499459e+16
3118	7.145316e+15	5.691524e+00	1.560103e+01	2.058982e+16
3119	7.146114e+15	6.205118e+00	1.751684e+01	4.398713e+16
3120	7.146895e+15	6.421140e+00	1.755990e+01	3.831639e+16
3121	7.147679e+15	6.850550e+00	1.709782e+01	4.803453e+16
3122	7.148486e+15	6.439891e+00	1.634090e+01	3.065874e+16
3123	7.149337e+15	5.531395e+00	1.882426e+01	4.868575e+16
3124	7.150158e+15	4.754549e+00	1.754340e+01	1.551770e+16
3125	7.151016e+15	5.497706e+00	2.005427e+01	5.120542e+16
3126	7.151820e+15	5.149859e+00	1.806515e+01	2.563586e+16
3127	7.152647e+15	4.786564e+00	1.865505e+01	4.254745e+16
3128	7.153480e+15	4.352148e+00	1.816538e+01	3.191095e+16
3129	7.154315e+15	4.579870e+00	1.845006e+01	3.193843e+16
3130	7.155150e+15	4.555704e+00	2.008484e+01	3.648822e+16
3131	7.155952e+15	4.801535e+00	2.121718e+01	3.206951e+16
3132	7.156719e+15	5.062234e+00	2.077271e+01	2.725456e+16
3133	7.157475e+15	5.873244e+00	2.152415e+01	4.107914e+16
3134	7.158212e+15	6.152271e+00	2.066057e+01	2.608301e+16
3135	7.158950e+15	6.455374e+00	2.077865e+01	3.390267e+16
3136	7.159670e+15	7.044800e+00	2.132417e+01	2.959997e+16
3137	7.160361e+15	7.661783e+00	2.027952e+01	2.919208e+16
3138	7.161053e+15	8.399132e+00	2.037229e+01	4.678962e+16
3139	7.161741e+15	8.463721e+00	2.043674e+01	1.777984e+16
3140	7.162429e+15	8.588994e+00	2.035787e+01	2.093569e+16
3141	7.163113e+15	8.536527e+00	1.996677e+01	2.211306e+16
3142	7.163797e+15	7.677427e+00	1.911484e+01	3.446980e+16
3143	7.164502e+15	7.888014e+00	2.023081e+01	3.431784e+16
3144	7.165181e+15	6.895270e+00	1.756592e+01	1.629938e+16
3145	7.165896e+15	7.033920e+00	1.817506e+01	3.169644e+16
3146	7.166623e+15	7.153395e+00	1.895371e+01	3.921430e+16
3147	7.167322e+15	6.965861e+00	1.790434e+01	3.324061e+16
3148	7.168022e+15	6.616685e+00	1.371914e+01	3.701562e+16
3149	7.168803e+15	6.613557e+00	1.605493e+01	3.626451e+16
3150	7.169570e+15	6.842520e+00	1.577566e+01	2.112394e+16
3151	7.170327e+15	6.926231e+00	1.619401e+01	2.837084e+16
3152	7.171074e+15	6.043613e+00	1.284016e+01	1.394396e+16
3153	7.171899e+15	5.465060e+00	1.378246e+01	3.867257e+16
3154	7.172766e+15	5.568575e+00	1.554930e+01	2.899406e+16
3155	7.173583e+15	5.875392e+00	1.483068e+01	3.248390e+16
3156	7.174382e+15	5.152404e+00	1.480471e+01	3.869022e+16
3157	7.175200e+15	4.851749e+00	1.635169e+01	3.341730e+16
3158	7.175977e+15	4.504786e+00	1.554783e+01	3.981702e+16
3159	7.176741e+15	4.685132e+00	1.527978e+01	2.546894e+16
3160	7.177518e+15	4.730794e+00	1.635391e+01	2.382138e+16
3161	7.178269e+15	4.920752e+00	1.526549e+01	3.354232e+16
3162	7.179055e+15	5.594600e+00	1.671670e+01	2.848424e+16
3163	7.179840e+15	5.254770e+00	1.682407e+01	2.783330e+16
3164	7.180632e+15	5.052641e+00	1.705473e+01	2.218307e+16
3165	7.181424e+15	4.714332e+00	1.719877e+01	2.756584e+16
3166	7.182222e+15	4.863285e+00	1.797671e+01	2.451512e+16
3167	7.182998e+15	4.398344e+00	1.424338e+01	2.712235e+16
3168	7.183843e+15	4.493478e+00	1.603358e+01	2.879185e+16
3169	7.184682e+15	4.444952e+00	1.747783e+01	4.499449e+16
3170	7.185477e+15	4.199380e+00	1.658369e+01	4.050311e+16
3171	7.186273e+15	4.625612e+00	1.721289e+01	4.724335e+16
3172	7.187048e+15	3.991087e+00	1.370268e+01	2.389383e+16
3173	7.187946e+15	4.343002e+00	1.677678e+01	4.271599e+16
3174	7.188846e+15	5.343709e+00	2.039208e+01	4.921691e+16
3175	7.189624e+15	4.172844e+00	1.710523e+01	3.788942e+16
3176	7.190433e+15	4.890863e+00	2.086678e+01	2.960856e+16
3177	7.191155e+15	3.877215e+00	1.711774e+01	2.106645e+16
3178	7.191929e+15	4.262881e+00	2.044108e+01	2.486330e+16
3179	7.192641e+15	4.811496e+00	2.057353e+01	3.623508e+16
3180	7.193302e+15	4.655727e+00	1.701544e+01	2.743409e+16
3181	7.194030e+15	5.222612e+00	1.949150e+01	3.344905e+16
3182	7.194749e+15	5.612176e+00	2.199276e+01	2.350384e+16
3183	7.195408e+15	5.382121e+00	1.820269e+01	4.210197e+16
3184	7.196126e+15	6.346769e+00	2.029253e+01	1.738054e+16
3185	7.196845e+15	6.932004e+00	2.043390e+01	3.650802e+16
3186	7.197555e+15	6.336062e+00	1.927944e+01	2.740696e+16
3187	7.198287e+15	6.806945e+00	2.111933e+01	4.021542e+16
3188	7.198994e+15	6.586944e+00	2.012076e+01	2.870217e+16
3189	7.199710e+15	5.953776e+00	1.986557e+01	3.173444e+16
3190	7.200461e+15	6.401879e+00	2.290326e+01	6.044869e+16
3191	7.201169e+15	6.042607e+00	2.244381e+01	2.917605e+16
3192	7.201864e+15	5.046583e+00	1.942815e+01	4.049310e+16
3193	7.202636e+15	6.019032e+00	2.525971e+01	2.921763e+16
3194	7.203328e+15	4.741861e+00	1.978237e+01	3.333310e+16
3195	7.204085e+15	6.245845e+00	2.436095e+01	3.774518e+16
3196	7.204797e+15	5.851851e+00	2.227543e+01	3.409996e+16
3197	7.205507e+15	5.258330e+00	2.104383e+01	3.902648e+16
3198	7.206232e+15	6.031657e+00	2.321134e+01	2.702597e+16
3199	7.206913e+15	4.974429e+00	1.908783e+01	2.758805e+16
3200	7.207669e+15	5.919926e+00	2.057115e+01	4.379608e+16
3201	7.208449e+15	6.687081e+00	2.265673e+01	2.477681e+16
3202	7.209196e+15	6.134228e+00	1.817761e+01	4.465544e+16
3203	7.210026e+15	6.830620e+00	2.205828e+01	3.660693e+16
3204	7.210828e+15	6.523122e+00	2.197886e+01	3.830472e+16
3205	7.211618e+15	6.391119e+00	2.082273e+01	2.358040e+16
3206	7.212445e+15	6.660214e+00	2.443538e+01	5.252312e+16
3207	7.213215e+15	6.392151e+00	2.518851e+01	3.890278e+16
3208	7.213908e+15	5.947322e+00	2.347079e+01	2.677790e+16
3209	7.214578e+15	5.495848e+00	2.104157e+01	1.986453e+16
3210	7.215294e+15	4.838217e+00	2.064920e+01	4.760691e+16
3211	7.216066e+15	6.382804e+00	2.717256e+01	4.118073e+16
3212	7.216716e+15	5.945763e+00	1.961855e+01	2.808699e+16
3213	7.217380e+15	6.219470e+00	2.123128e+01	4.103393e+16
3214	7.218034e+15	6.476126e+00	2.251733e+01	2.747547e+16
3215	7.218662e+15	6.042319e+00	2.115889e+01	3.656003e+16
3216	7.219294e+15	6.062785e+00	1.798014e+01	1.618773e+16
3217	7.220009e+15	6.302637e+00	2.103414e+01	3.502155e+16
3218	7.220747e+15	5.714107e+00	1.998840e+01	2.246077e+16
3219	7.221494e+15	6.130967e+00	2.262481e+01	2.314710e+16
3220	7.222206e+15	6.328144e+00	2.217255e+01	2.315556e+16
3221	7.222916e+15	5.991745e+00	2.256069e+01	2.968891e+16
3222	7.223614e+15	6.012016e+00	2.410090e+01	3.583722e+16
3223	7.224277e+15	5.501528e+00	2.159221e+01	3.293068e+16
3224	7.224967e+15	5.519009e+00	2.357672e+01	2.491918e+16
3225	7.225641e+15	5.661149e+00	2.543026e+01	3.294501e+16
3226	7.226256e+15	5.130388e+00	2.119920e+01	3.388019e+16
3227	7.226903e+15	5.241027e+00	2.106098e+01	3.642451e+16
3228	7.227580e+15	6.029471e+00	2.241959e+01	2.883635e+16
3229	7.228237e+15	6.106308e+00	2.233713e+01	3.508153e+16
3230	7.228898e+15	7.427171e+00	2.410956e+01	2.360926e+16
3231	7.229523e+15	6.136330e+00	1.882995e+01	2.678032e+16
3232	7.230221e+15	6.104086e+00	2.093045e+01	2.214904e+16
3233	7.230915e+15	6.972121e+00	2.181806e+01	3.837821e+16
3234	7.231580e+15	7.786329e+00	1.806811e+01	2.635353e+16
3235	7.232322e+15	8.970695e+00	2.021851e+01	2.789760e+16
3236	7.233067e+15	8.582738e+00	1.892984e+01	3.152225e+16
3237	7.233791e+15	6.778608e+00	1.846652e+01	3.557089e+16
3238	7.234530e+15	5.545028e+00	1.814239e+01	4.305052e+16
3239	7.235292e+15	5.967691e+00	2.134272e+01	4.640061e+16
3240	7.235987e+15	5.030833e+00	1.758781e+01	2.336472e+16
3241	7.236740e+15	4.354221e+00	1.595282e+01	4.483463e+16
3242	7.237630e+15	5.542683e+00	2.304407e+01	6.155644e+16
3243	7.238436e+15	5.368102e+00	2.147861e+01	4.854464e+16
3244	7.239249e+15	5.949675e+00	2.311817e+01	3.328069e+16
3245	7.240019e+15	5.324596e+00	2.301288e+01	4.535042e+16
3246	7.240755e+15	5.156120e+00	2.327051e+01	3.877373e+16
3247	7.241466e+15	4.678600e+00	2.142089e+01	2.736434e+16
3248	7.242192e+15	6.214288e+00	2.358953e+01	3.952584e+16
3249	7.242872e+15	4.749837e+00	1.732156e+01	2.658586e+16
3250	7.243689e+15	4.956663e+00	2.144381e+01	4.944757e+16
3251	7.244482e+15	5.540887e+00	2.188312e+01	3.917671e+16
3252	7.245197e+15	5.624514e+00	1.668555e+01	3.407635e+16
3253	7.245989e+15	5.362432e+00	1.737013e+01	4.472394e+16
3254	7.246804e+15	5.519347e+00	1.869985e+01	3.645344e+16
3255	7.247573e+15	5.773964e+00	1.856892e+01	3.607789e+16
3256	7.248305e+15	5.487593e+00	1.688764e+01	4.258946e+16
3257	7.249052e+15	5.093622e+00	1.683784e+01	3.247601e+16
3258	7.249805e+15	5.615101e+00	1.746148e+01	1.946919e+16
3259	7.250525e+15	5.313159e+00	1.557386e+01	4.258614e+16
3260	7.251260e+15	5.354797e+00	1.527781e+01	5.713780e+16
3261	7.252025e+15	6.129441e+00	1.740661e+01	3.291325e+16
3262	7.252762e+15	5.825793e+00	1.656032e+01	3.432429e+16
3263	7.253519e+15	5.032009e+00	1.648659e+01	4.299378e+16
3264	7.254312e+15	4.873557e+00	1.835825e+01	4.155893e+16
3265	7.255085e+15	4.814098e+00	1.881287e+01	5.246499e+16
3266	7.255842e+15	4.703741e+00	1.748563e+01	4.770000e+16
3267	7.256648e+15	4.652510e+00	2.086210e+01	3.696055e+16
3268	7.257401e+15	3.646089e+00	1.937383e+01	5.866687e+16
3269	7.258155e+15	3.269401e+00	1.771496e+01	7.101477e+16
3270	7.258975e+15	4.211710e+00	2.247194e+01	2.839262e+16
3271	7.259712e+15	3.906450e+00	1.960064e+01	4.331661e+16
3272	7.260474e+15	4.104408e+00	2.027555e+01	4.833422e+16
3273	7.261273e+15	4.516584e+00	2.298843e+01	6.841396e+16
3274	7.262040e+15	5.045552e+00	2.318410e+01	5.302650e+16
3275	7.262774e+15	5.090401e+00	2.206116e+01	5.262321e+16
3276	7.263525e+15	5.172590e+00	2.155743e+01	2.701550e+16
3277	7.264297e+15	5.172441e+00	2.237950e+01	4.555211e+16
3278	7.265066e+15	5.238787e+00	2.259220e+01	5.996846e+16
3279	7.265835e+15	5.573904e+00	2.239263e+01	6.632423e+16
3280	7.266625e+15	5.960896e+00	2.245829e+01	7.355000e+16
3281	7.267449e+15	6.893474e+00	2.623375e+01	5.517106e+16
3282	7.268212e+15	5.810493e+00	2.251549e+01	6.542858e+16
3283	7.269008e+15	5.602125e+00	2.522653e+01	5.442991e+16
3284	7.269740e+15	5.034815e+00	2.230018e+01	4.626041e+16
3285	7.270492e+15	5.595046e+00	2.359340e+01	4.635226e+16
3286	7.271227e+15	5.021706e+00	1.905291e+01	4.939397e+16
3287	7.272058e+15	6.404232e+00	2.535508e+01	5.432104e+16
3288	7.272822e+15	6.903727e+00	2.457960e+01	5.067622e+16
3289	7.273560e+15	6.926297e+00	2.100775e+01	3.067375e+16
3290	7.274372e+15	7.952587e+00	2.532429e+01	4.022996e+16
3291	7.275133e+15	6.673311e+00	2.427115e+01	7.469006e+16
3292	7.275885e+15	7.205121e+00	2.544738e+01	2.991321e+16
3293	7.276601e+15	6.540720e+00	2.331533e+01	3.580368e+16
3294	7.277339e+15	5.106927e+00	1.904799e+01	4.762098e+16
3295	7.278225e+15	6.455314e+00	2.857283e+01	5.924932e+16
3296	7.278993e+15	6.143819e+00	2.509128e+01	4.519185e+16
3297	7.279749e+15	6.608778e+00	2.506873e+01	3.469928e+16
3298	7.280496e+15	6.874019e+00	2.689764e+01	3.136044e+16
3299	7.281192e+15	6.385348e+00	2.612409e+01	4.515454e+16
3300	7.281858e+15	5.838511e+00	2.466094e+01	1.967784e+16
3301	7.282525e+15	6.992728e+00	2.503965e+01	3.936399e+16
3302	7.283177e+15	6.831735e+00	2.237418e+01	1.362714e+16
3303	7.283868e+15	6.954760e+00	2.441182e+01	3.329924e+16
3304	7.284560e+15	7.989308e+00	2.612875e+01	4.053237e+16
3305	7.285221e+15	7.548423e+00	2.113078e+01	2.245559e+16
3306	7.285961e+15	8.426540e+00	2.446536e+01	6.108724e+16
3307	7.286690e+15	8.685816e+00	2.614310e+01	2.787146e+16
3308	7.287378e+15	7.061945e+00	2.314047e+01	4.471882e+16
3309	7.288104e+15	7.408981e+00	2.443844e+01	3.631530e+16
3310	7.288835e+15	6.541217e+00	2.169112e+01	4.746556e+16
3311	7.289621e+15	6.939561e+00	2.388219e+01	3.217759e+16
3312	7.290391e+15	6.126333e+00	2.215609e+01	5.653850e+16
3313	7.291182e+15	6.457823e+00	2.227939e+01	2.832179e+16
3314	7.291975e+15	6.504240e+00	2.284195e+01	6.820684e+16
3315	7.292759e+15	5.811901e+00	2.022153e+01	2.783857e+16
3316	7.293595e+15	4.805279e+00	1.735565e+01	4.228554e+16
3317	7.294600e+15	5.577737e+00	2.216769e+01	5.143137e+16
3318	7.295588e+15	6.473568e+00	2.693848e+01	4.570573e+16
3319	7.296417e+15	5.501080e+00	2.150809e+01	4.692824e+16
3320	7.297265e+15	5.676768e+00	2.477985e+01	4.802878e+16
3321	7.298035e+15	4.914554e+00	2.267481e+01	2.869776e+16
3322	7.298787e+15	5.674274e+00	2.443172e+01	2.172099e+16
3323	7.299485e+15	5.595731e+00	2.380159e+01	3.070998e+16
3324	7.300153e+15	4.663213e+00	1.976389e+01	4.324253e+16
3325	7.300884e+15	5.085185e+00	2.299839e+01	3.105806e+16
3326	7.301573e+15	5.473091e+00	2.279035e+01	2.115683e+16
3327	7.302220e+15	4.621409e+00	1.762141e+01	1.412336e+16
3328	7.302960e+15	4.697153e+00	1.725138e+01	3.216780e+16
3329	7.303818e+15	5.945280e+00	2.332484e+01	3.674299e+16
3330	7.304589e+15	5.452849e+00	2.121039e+01	4.398705e+16
3331	7.305334e+15	5.500638e+00	2.146935e+01	4.423331e+16
3332	7.306058e+15	5.618104e+00	2.185481e+01	3.437032e+16
3333	7.306756e+15	4.992039e+00	2.037457e+01	3.951427e+16
3334	7.307464e+15	5.725491e+00	2.334534e+01	2.878875e+16
3335	7.308109e+15	5.224047e+00	1.749969e+01	3.192548e+16
3336	7.308849e+15	5.866765e+00	2.089654e+01	2.449515e+16
3337	7.309578e+15	5.700725e+00	2.071240e+01	5.751535e+16
3338	7.310296e+15	6.190448e+00	1.952537e+01	4.270392e+16
3339	7.311039e+15	5.862770e+00	1.749338e+01	5.393192e+16
3340	7.311869e+15	6.415452e+00	2.028696e+01	3.064350e+16
3341	7.312702e+15	6.359786e+00	2.075316e+01	2.664249e+16
3342	7.313482e+15	5.159008e+00	1.869115e+01	4.427904e+16
3343	7.314294e+15	5.327080e+00	2.272514e+01	5.269404e+16
3344	7.315032e+15	4.185220e+00	1.949914e+01	4.062382e+16
3345	7.315819e+15	3.501231e+00	1.869097e+01	4.535224e+16
3346	7.316689e+15	4.772268e+00	2.743558e+01	6.360191e+16
3347	7.317414e+15	3.663262e+00	2.050263e+01	3.108578e+16
3348	7.318200e+15	3.916506e+00	2.208989e+01	6.030842e+16
3349	7.318999e+15	3.728188e+00	2.258923e+01	6.633498e+16
3350	7.319799e+15	4.088357e+00	2.441885e+01	5.110276e+16
3351	7.320554e+15	4.046030e+00	2.307271e+01	3.814310e+16
3352	7.321289e+15	3.982923e+00	2.071143e+01	3.574145e+16
3353	7.322063e+15	4.507874e+00	2.422446e+01	3.198487e+16
3354	7.322777e+15	4.149844e+00	2.144805e+01	4.569946e+16
3355	7.323496e+15	4.802247e+00	2.186527e+01	3.817218e+16
3356	7.324206e+15	5.398875e+00	2.181846e+01	3.663010e+16
3357	7.324906e+15	6.046407e+00	2.131493e+01	4.437593e+16
3358	7.325592e+15	6.697962e+00	2.185362e+01	2.382433e+16
3359	7.326265e+15	6.403017e+00	2.161088e+01	3.811394e+16
3360	7.326935e+15	6.646931e+00	2.126063e+01	3.213746e+16
3361	7.327611e+15	6.715532e+00	2.109899e+01	2.931951e+16
3362	7.328296e+15	7.018402e+00	2.170989e+01	4.255605e+16
3363	7.328981e+15	6.708163e+00	2.091619e+01	6.469933e+16
3364	7.329683e+15	6.413094e+00	2.083845e+01	2.944638e+16
3365	7.330398e+15	6.869356e+00	2.197889e+01	6.439379e+16
3366	7.331105e+15	6.411939e+00	2.049014e+01	7.503785e+16
3367	7.331847e+15	7.466717e+00	2.292103e+01	4.406469e+16
3368	7.332565e+15	7.479496e+00	2.279185e+01	5.347703e+16
3369	7.333276e+15	6.811475e+00	2.247520e+01	3.671519e+16
3370	7.333986e+15	7.172950e+00	2.281549e+01	5.447966e+16
3371	7.334691e+15	7.003198e+00	2.325894e+01	2.841307e+16
3372	7.335386e+15	6.892734e+00	2.160358e+01	2.839256e+16
3373	7.336104e+15	6.815568e+00	2.214382e+01	3.500669e+16
3374	7.336831e+15	6.468688e+00	2.074966e+01	3.763014e+16
3375	7.337593e+15	6.410250e+00	2.008395e+01	4.275095e+16
3376	7.338411e+15	7.166039e+00	2.261801e+01	4.718027e+16
3377	7.339201e+15	6.705981e+00	2.176597e+01	3.911475e+16
3378	7.339995e+15	5.494971e+00	2.004036e+01	3.960754e+16
3379	7.340835e+15	6.448765e+00	2.329360e+01	5.322148e+16
3380	7.341621e+15	5.536320e+00	2.027244e+01	3.547965e+16
3381	7.342453e+15	6.089091e+00	2.313630e+01	5.560760e+16
3382	7.343247e+15	6.556795e+00	2.297638e+01	4.138021e+16
3383	7.344012e+15	5.579119e+00	1.845387e+01	2.093083e+16
3384	7.344867e+15	5.627632e+00	2.032649e+01	2.337000e+16
3385	7.345783e+15	6.966422e+00	2.626016e+01	5.402655e+16
3386	7.346604e+15	5.877185e+00	2.165425e+01	4.302043e+16
3387	7.347443e+15	6.439562e+00	2.604213e+01	3.673253e+16
3388	7.348189e+15	4.735310e+00	1.944739e+01	2.527679e+16
3389	7.349030e+15	6.611257e+00	2.866215e+01	4.959709e+16
3390	7.349719e+15	5.743041e+00	2.010889e+01	2.760454e+16
3391	7.350479e+15	6.467173e+00	2.097244e+01	4.287749e+16
3392	7.351274e+15	7.744867e+00	2.605732e+01	2.516889e+16
3393	7.351975e+15	7.701086e+00	2.251208e+01	1.368737e+16
3394	7.352694e+15	6.879831e+00	2.062559e+01	3.164215e+16
3395	7.353462e+15	6.873343e+00	2.333196e+01	2.617937e+16
3396	7.354200e+15	6.775388e+00	2.278545e+01	3.137316e+16
3397	7.354931e+15	5.860679e+00	2.129692e+01	2.182665e+16
3398	7.355684e+15	5.813981e+00	2.196211e+01	3.283266e+16
3399	7.356427e+15	6.106067e+00	2.202187e+01	2.239461e+16
3400	7.357156e+15	6.307058e+00	2.027348e+01	3.303251e+16
3401	7.357924e+15	7.031824e+00	2.221944e+01	2.152791e+16
3402	7.358680e+15	6.806406e+00	2.252719e+01	3.126714e+16
3403	7.359416e+15	6.602738e+00	2.110217e+01	4.399118e+16
3404	7.360160e+15	6.641646e+00	2.097432e+01	1.151795e+16
3405	7.360912e+15	6.187207e+00	2.028705e+01	3.584607e+16
3406	7.361699e+15	5.913848e+00	1.933038e+01	5.122404e+16
3407	7.362548e+15	6.647159e+00	2.053349e+01	4.110444e+16
3408	7.363382e+15	6.050626e+00	2.034262e+01	4.235358e+16
3409	7.364213e+15	6.781945e+00	2.261194e+01	5.008356e+16
3410	7.364954e+15	5.577932e+00	1.932703e+01	5.192654e+16
3411	7.365719e+15	6.862684e+00	2.285312e+01	6.002398e+16
3412	7.366416e+15	6.046841e+00	2.079238e+01	6.438046e+16
3413	7.367125e+15	7.065140e+00	2.289222e+01	6.426966e+16
3414	7.367793e+15	6.199877e+00	1.958203e+01	4.908670e+16
3415	7.368498e+15	6.415167e+00	2.130925e+01	4.453873e+16
3416	7.369200e+15	6.532254e+00	2.209133e+01	3.488537e+16
3417	7.369883e+15	6.253708e+00	1.767834e+01	6.210658e+16
3418	7.370666e+15	7.153270e+00	2.170735e+01	8.645895e+16
3419	7.371423e+15	7.184326e+00	2.181333e+01	3.847583e+16
3420	7.372157e+15	6.575437e+00	2.064427e+01	4.998519e+16
3421	7.372904e+15	6.235760e+00	2.069035e+01	3.604002e+16
3422	7.373668e+15	5.403610e+00	1.984589e+01	4.444103e+16
3423	7.374462e+15	5.283234e+00	2.042443e+01	4.920473e+16
3424	7.375278e+15	5.801015e+00	2.293650e+01	3.556451e+16
3425	7.376057e+15	6.276989e+00	2.222761e+01	3.010864e+16
3426	7.376823e+15	5.758419e+00	1.982480e+01	5.109200e+16
3427	7.377645e+15	6.224190e+00	2.207771e+01	6.300555e+16
3428	7.378466e+15	5.874098e+00	2.082968e+01	5.269314e+16
3429	7.379295e+15	5.766459e+00	1.953945e+01	4.196605e+16
3430	7.380162e+15	7.484833e+00	2.434939e+01	3.306220e+16
3431	7.380926e+15	6.112960e+00	1.937322e+01	5.018304e+16
3432	7.381726e+15	7.665239e+00	2.579202e+01	3.861401e+16
3433	7.382417e+15	6.840137e+00	2.021251e+01	2.467358e+16
3434	7.383131e+15	7.711048e+00	2.330630e+01	3.778520e+16
3435	7.383791e+15	7.529168e+00	2.287126e+01	4.573273e+16
3436	7.384412e+15	7.412576e+00	2.192374e+01	3.268339e+16
3437	7.385024e+15	7.842277e+00	2.062472e+01	3.804300e+16
3438	7.385641e+15	7.407942e+00	1.744998e+01	3.997558e+16
3439	7.386333e+15	8.310650e+00	2.195151e+01	2.637566e+16
3440	7.386996e+15	8.279005e+00	1.941668e+01	2.773174e+16
3441	7.387676e+15	6.524038e+00	1.551262e+01	2.289361e+16
3442	7.388460e+15	7.962499e+00	2.024733e+01	3.403894e+16
3443	7.389193e+15	7.342686e+00	1.748820e+01	2.532790e+16
3444	7.389951e+15	7.186126e+00	1.784678e+01	2.322967e+16
3445	7.390700e+15	6.770703e+00	1.852494e+01	1.738388e+16
3446	7.391394e+15	5.225512e+00	1.430981e+01	1.888243e+16
3447	7.392188e+15	7.051590e+00	1.964992e+01	3.969272e+16
3448	7.392869e+15	6.403023e+00	1.725123e+01	2.874085e+16
3449	7.393546e+15	5.986858e+00	1.672380e+01	3.559622e+16
3450	7.394244e+15	5.739940e+00	1.726063e+01	3.380668e+16
3451	7.394937e+15	5.315264e+00	1.597966e+01	2.151089e+16
3452	7.395657e+15	6.300900e+00	1.695709e+01	3.074605e+16
3453	7.396354e+15	5.741370e+00	1.399743e+01	2.387102e+16
3454	7.397129e+15	6.151282e+00	1.424513e+01	1.656979e+16
3455	7.397967e+15	6.764950e+00	1.613385e+01	3.539764e+16
3456	7.398786e+15	6.401170e+00	1.674404e+01	3.854065e+16
3457	7.399581e+15	6.048675e+00	1.716197e+01	1.819426e+16
3458	7.400365e+15	5.654381e+00	1.689556e+01	3.617196e+16
3459	7.401152e+15	5.160079e+00	1.641263e+01	2.387354e+16
3460	7.401943e+15	5.265762e+00	1.704982e+01	2.715262e+16
3461	7.402697e+15	5.379336e+00	1.716611e+01	2.918113e+16
3462	7.403423e+15	6.273939e+00	1.711588e+01	2.277925e+16
3463	7.404123e+15	6.588483e+00	1.614564e+01	1.914803e+16
3464	7.404835e+15	7.204113e+00	1.716180e+01	2.519593e+16
3465	7.405533e+15	6.995758e+00	1.575232e+01	2.240253e+16
3466	7.406259e+15	6.953326e+00	1.582885e+01	2.384522e+16
3467	7.407010e+15	7.836415e+00	1.697059e+01	2.234122e+16
3468	7.407751e+15	6.908239e+00	1.529605e+01	5.051626e+16
3469	7.408536e+15	6.492902e+00	1.593650e+01	3.368735e+16
3470	7.409334e+15	6.539961e+00	1.717944e+01	3.206498e+16
3471	7.410098e+15	5.965020e+00	1.663788e+01	3.845487e+16
3472	7.410857e+15	6.061364e+00	1.680232e+01	1.636586e+16
3473	7.411606e+15	5.679570e+00	1.683237e+01	1.447657e+16
3474	7.412341e+15	4.560167e+00	1.345107e+01	2.195089e+16
3475	7.413177e+15	5.060178e+00	1.685570e+01	4.037610e+16
3476	7.413996e+15	5.582546e+00	1.682957e+01	2.067228e+16
3477	7.414801e+15	5.876602e+00	1.784232e+01	2.497095e+16
3478	7.415574e+15	5.783017e+00	1.840702e+01	2.616928e+16
3479	7.416305e+15	4.649369e+00	1.406589e+01	1.601921e+16
3480	7.417161e+15	5.785440e+00	1.945944e+01	3.402003e+16
3481	7.417951e+15	6.113113e+00	1.856632e+01	2.031459e+16
3482	7.418701e+15	5.473665e+00	1.589655e+01	1.779319e+16
3483	7.419502e+15	6.427767e+00	2.140145e+01	2.442294e+16
3484	7.420178e+15	5.513507e+00	1.612972e+01	2.498052e+16
3485	7.420894e+15	6.613416e+00	1.857627e+01	3.591709e+16
3486	7.421581e+15	6.857630e+00	1.655273e+01	2.914599e+16
3487	7.422294e+15	5.564836e+00	1.322771e+01	1.163655e+16
3488	7.423135e+15	6.493850e+00	1.898287e+01	3.432532e+16
3489	7.423919e+15	6.283310e+00	1.776472e+01	3.052925e+16
3490	7.424707e+15	5.937294e+00	1.847451e+01	2.894139e+16
3491	7.425482e+15	6.481094e+00	2.116052e+01	2.081003e+16
3492	7.426189e+15	5.453132e+00	1.809755e+01	2.953515e+16
3493	7.426936e+15	4.880163e+00	1.787987e+01	2.465496e+16
3494	7.427718e+15	5.039377e+00	1.992143e+01	3.780840e+16
3495	7.428462e+15	5.351378e+00	1.744851e+01	2.449167e+16
3496	7.429255e+15	6.485902e+00	1.858305e+01	4.935549e+16
3497	7.430069e+15	6.911036e+00	2.041583e+01	3.809313e+16
3498	7.430849e+15	6.489456e+00	1.953254e+01	3.775673e+16
3499	7.431631e+15	6.168732e+00	1.886725e+01	3.583545e+16
3500	7.432417e+15	5.585397e+00	1.865108e+01	3.807997e+16
3501	7.433217e+15	6.125646e+00	2.065111e+01	2.686147e+16
3502	7.433980e+15	6.795804e+00	2.098158e+01	5.856674e+16
3503	7.434707e+15	7.352296e+00	2.105015e+01	5.820708e+16
3504	7.435411e+15	7.176501e+00	2.188489e+01	2.554913e+16
3505	7.436079e+15	7.423740e+00	2.058612e+01	3.787678e+16
3506	7.436737e+15	7.996600e+00	2.100568e+01	3.437982e+16
3507	7.437375e+15	8.448653e+00	2.025883e+01	4.311194e+16
3508	7.438001e+15	8.297784e+00	1.840452e+01	3.057828e+16
3509	7.438649e+15	8.806296e+00	1.965119e+01	3.173787e+16
3510	7.439281e+15	8.222330e+00	1.739341e+01	2.925067e+16
3511	7.439956e+15	9.365465e+00	1.848834e+01	3.965015e+16
3512	7.440640e+15	8.380866e+00	1.790310e+01	3.410527e+16
3513	7.441353e+15	8.339066e+00	1.846685e+01	4.246176e+16
3514	7.442093e+15	7.778431e+00	1.868351e+01	4.530985e+16
3515	7.442859e+15	7.289520e+00	1.892291e+01	5.192328e+16
3516	7.443639e+15	7.014778e+00	1.966996e+01	4.905868e+16
3517	7.444409e+15	6.438150e+00	1.879418e+01	3.231769e+16
3518	7.445178e+15	6.903326e+00	1.988163e+01	2.761424e+16
3519	7.445903e+15	6.723784e+00	1.909864e+01	3.786234e+16
3520	7.446615e+15	6.722886e+00	1.878326e+01	4.269500e+16
3521	7.447323e+15	6.455182e+00	1.612977e+01	2.968680e+16
3522	7.448107e+15	7.681776e+00	2.040225e+01	2.584200e+16
3523	7.448841e+15	7.370224e+00	2.035583e+01	2.459516e+16
3524	7.449541e+15	6.885841e+00	2.045830e+01	2.347440e+16
3525	7.450228e+15	6.093868e+00	1.918479e+01	3.168079e+16
3526	7.450935e+15	6.666485e+00	2.095071e+01	4.525853e+16
3527	7.451635e+15	7.084578e+00	2.197630e+01	3.875211e+16
3528	7.452299e+15	6.588362e+00	2.176846e+01	4.201956e+16
3529	7.452947e+15	6.824982e+00	2.328707e+01	2.080742e+16
3530	7.453549e+15	5.969715e+00	1.732421e+01	3.532797e+16
3531	7.454252e+15	7.484907e+00	2.163704e+01	5.419348e+16
3532	7.454946e+15	9.118772e+00	2.543141e+01	3.474980e+16
3533	7.455553e+15	7.502948e+00	1.978549e+01	2.851498e+16
3534	7.456210e+15	8.689844e+00	2.307267e+01	4.453742e+16
3535	7.456830e+15	7.282543e+00	1.635825e+01	3.845772e+16
3536	7.457558e+15	8.679954e+00	2.090341e+01	4.092460e+16
3537	7.458279e+15	9.484128e+00	2.414354e+01	3.601871e+16
3538	7.458922e+15	7.106662e+00	1.789967e+01	3.597400e+16
3539	7.459651e+15	8.609917e+00	2.526793e+01	4.553495e+16
3540	7.460279e+15	6.889637e+00	1.969750e+01	2.116612e+16
3541	7.460944e+15	7.014398e+00	2.108660e+01	3.887532e+16
3542	7.461613e+15	6.407335e+00	2.122516e+01	2.817317e+16
3543	7.462284e+15	5.466723e+00	1.954826e+01	1.576972e+16
3544	7.463005e+15	5.630327e+00	2.086542e+01	2.289589e+16
3545	7.463733e+15	5.713804e+00	2.078448e+01	3.212173e+16
3546	7.464461e+15	5.510626e+00	1.909571e+01	4.859580e+16
3547	7.465239e+15	6.603106e+00	2.134942e+01	5.177444e+16
3548	7.465994e+15	6.097381e+00	1.990610e+01	2.537755e+16
3549	7.466785e+15	6.191439e+00	2.018710e+01	3.547065e+16
3550	7.467581e+15	6.655140e+00	2.134535e+01	1.774702e+16
3551	7.468358e+15	6.634913e+00	2.046936e+01	2.358135e+16
3552	7.469149e+15	6.937253e+00	2.369718e+01	3.672601e+16
3553	7.469879e+15	6.470712e+00	2.309695e+01	4.518249e+16
3554	7.470580e+15	6.302836e+00	2.239590e+01	2.782146e+16
3555	7.471281e+15	6.232206e+00	2.303807e+01	2.709187e+16
3556	7.471969e+15	5.745956e+00	2.150483e+01	4.989834e+16
3557	7.472685e+15	5.828619e+00	2.268743e+01	3.457816e+16
3558	7.473403e+15	5.692258e+00	2.229936e+01	2.112861e+16
3559	7.474143e+15	6.284006e+00	2.455934e+01	3.436318e+16
3560	7.474859e+15	6.308507e+00	2.208308e+01	3.591091e+16
3561	7.475613e+15	7.385517e+00	2.695077e+01	4.654712e+16
3562	7.476293e+15	6.747311e+00	2.380042e+01	2.994093e+16
3563	7.476985e+15	7.344408e+00	2.801084e+01	3.764156e+16
3564	7.477612e+15	6.470633e+00	2.404557e+01	3.944243e+16
3565	7.478266e+15	7.495905e+00	2.684479e+01	5.875802e+16
3566	7.478885e+15	6.218691e+00	2.237893e+01	3.276206e+16
3567	7.479546e+15	6.166446e+00	2.345304e+01	5.388255e+16
3568	7.480228e+15	6.824447e+00	2.604779e+01	3.534571e+16
3569	7.480875e+15	7.102335e+00	2.314037e+01	5.083057e+16
3570	7.481552e+15	7.113102e+00	2.434463e+01	6.000308e+16
3571	7.482236e+15	7.214101e+00	2.512508e+01	2.953871e+16
3572	7.482914e+15	6.784388e+00	2.442046e+01	3.676322e+16
3573	7.483609e+15	5.958901e+00	2.263787e+01	4.320046e+16
3574	7.484359e+15	5.986928e+00	2.535697e+01	6.949046e+16
3575	7.485119e+15	7.592332e+00	2.984635e+01	6.325551e+16
3576	7.485799e+15	6.296403e+00	2.513158e+01	4.071854e+16
3577	7.486498e+15	7.191997e+00	2.788145e+01	4.862169e+16
3578	7.487157e+15	6.474083e+00	2.343479e+01	4.396238e+16
3579	7.487873e+15	5.858561e+00	2.033592e+01	3.842514e+16
3580	7.488719e+15	7.585815e+00	3.191673e+01	3.961017e+16
3581	7.489406e+15	7.274918e+00	2.180830e+01	1.361536e+16
3582	7.490175e+15	9.085735e+00	2.639403e+01	3.668556e+16
3583	7.490903e+15	6.507330e+00	1.973082e+01	3.693759e+16
3584	7.491737e+15	8.377940e+00	2.864539e+01	5.113364e+16
3585	7.492460e+15	6.511969e+00	2.278432e+01	2.802230e+16
3586	7.493210e+15	6.102570e+00	2.346494e+01	4.535925e+16
3587	7.493967e+15	6.755375e+00	2.759696e+01	2.909497e+16
3588	7.494628e+15	6.371319e+00	2.158772e+01	3.437430e+16
3589	7.495319e+15	7.669905e+00	2.364402e+01	3.265476e+16
3590	7.495988e+15	8.224454e+00	2.357859e+01	2.428993e+16
3591	7.496640e+15	7.320395e+00	2.191929e+01	3.063944e+16
3592	7.497319e+15	7.091701e+00	2.307470e+01	2.242553e+16
3593	7.497994e+15	6.318484e+00	2.168554e+01	3.570134e+16
3594	7.498704e+15	6.352206e+00	2.314007e+01	4.507742e+16
3595	7.499418e+15	6.410540e+00	2.302619e+01	1.658464e+16
3596	7.500148e+15	6.741000e+00	2.332740e+01	2.961311e+16
3597	7.500898e+15	6.428992e+00	2.474168e+01	2.497995e+16
3598	7.501643e+15	6.674388e+00	2.420697e+01	2.553398e+16
3599	7.502410e+15	5.811784e+00	2.104328e+01	2.694826e+16
3600	7.503258e+15	6.479109e+00	2.648710e+01	3.440008e+16
3601	7.504055e+15	6.601589e+00	2.576079e+01	3.723871e+16
3602	7.504824e+15	6.595499e+00	2.551038e+01	2.599965e+16
3603	7.505575e+15	7.367531e+00	2.812495e+01	3.437150e+16
3604	7.506259e+15	5.637292e+00	2.165626e+01	2.560088e+16
3605	7.507036e+15	6.089486e+00	2.776925e+01	3.033561e+16
3606	7.507752e+15	5.745812e+00	2.653905e+01	3.515243e+16
3607	7.508456e+15	6.082647e+00	2.676982e+01	3.658993e+16
3608	7.509152e+15	6.868511e+00	2.729069e+01	3.904062e+16
3609	7.509830e+15	7.865140e+00	2.804751e+01	3.636215e+16
3610	7.510480e+15	8.080365e+00	2.695870e+01	2.473551e+16
3611	7.511115e+15	8.144441e+00	2.711210e+01	3.773950e+16
3612	7.511738e+15	7.777306e+00	2.637011e+01	6.586542e+16
3613	7.512362e+15	7.290376e+00	2.339519e+01	7.480409e+16
3614	7.513034e+15	8.937819e+00	2.812451e+01	6.462731e+16
3615	7.513656e+15	7.295956e+00	2.139013e+01	4.143000e+16
3616	7.514361e+15	7.766969e+00	2.335501e+01	5.594479e+16
3617	7.515097e+15	9.813646e+00	2.973266e+01	7.138833e+16
3618	7.515733e+15	6.580578e+00	2.064153e+01	5.373008e+16
3619	7.516457e+15	8.028345e+00	2.702097e+01	6.145843e+16
3620	7.517117e+15	7.360973e+00	2.254323e+01	3.625018e+16
3621	7.517822e+15	7.652662e+00	2.226200e+01	5.094507e+16
3622	7.518580e+15	8.135327e+00	2.752860e+01	4.614927e+16
3623	7.519272e+15	8.104366e+00	2.624674e+01	3.530819e+16
3624	7.519932e+15	6.286793e+00	2.055783e+01	3.078649e+16
3625	7.520679e+15	7.191328e+00	2.636675e+01	2.913316e+16
3626	7.521357e+15	5.851642e+00	1.974879e+01	4.293450e+16
3627	7.522117e+15	8.377685e+00	2.352616e+01	2.756316e+16
3628	7.522856e+15	8.200708e+00	1.992764e+01	2.830529e+16
3629	7.523650e+15	8.726300e+00	2.179923e+01	3.078154e+16
3630	7.524425e+15	8.042382e+00	2.144008e+01	4.909429e+16
3631	7.525206e+15	7.287962e+00	2.162600e+01	3.522918e+16
3632	7.525969e+15	6.441818e+00	2.074915e+01	2.286551e+16
3633	7.526721e+15	6.914640e+00	2.240219e+01	3.190589e+16
3634	7.527426e+15	5.883322e+00	1.703356e+01	2.643568e+16
3635	7.528233e+15	6.898310e+00	2.147030e+01	4.813763e+16
3636	7.528994e+15	6.704497e+00	2.021853e+01	3.936617e+16
3637	7.529744e+15	6.198724e+00	1.638878e+01	2.910491e+16
3638	7.530631e+15	8.254614e+00	2.164749e+01	2.644817e+16
3639	7.531492e+15	7.665173e+00	2.217152e+01	3.761403e+16
3640	7.532312e+15	6.987842e+00	2.232342e+01	5.283321e+16
3641	7.533095e+15	5.779288e+00	2.113418e+01	3.186404e+16
3642	7.533860e+15	5.221074e+00	2.082223e+01	3.871130e+16
3643	7.534599e+15	5.498132e+00	2.219119e+01	2.819468e+16
3644	7.535283e+15	5.796321e+00	2.021036e+01	3.420275e+16
3645	7.535971e+15	6.818134e+00	2.228775e+01	2.615693e+16
3646	7.536608e+15	7.775797e+00	2.211927e+01	4.096818e+16
3647	7.537206e+15	8.328512e+00	2.017103e+01	3.346481e+16
3648	7.537825e+15	8.994948e+00	1.962146e+01	3.748113e+16
3649	7.538475e+15	9.359469e+00	1.957065e+01	2.134139e+16
3650	7.539151e+15	8.773667e+00	2.008600e+01	2.621209e+16
3651	7.539840e+15	8.962673e+00	2.084527e+01	5.785165e+16
3652	7.540536e+15	8.533816e+00	2.182290e+01	4.129128e+16
3653	7.541218e+15	8.281842e+00	2.135419e+01	2.549268e+16
3654	7.541899e+15	8.077873e+00	2.139472e+01	4.269498e+16
3655	7.542577e+15	6.671009e+00	2.050360e+01	2.953086e+16
3656	7.543265e+15	6.391861e+00	1.969867e+01	3.673800e+16
3657	7.543972e+15	7.247598e+00	2.135641e+01	3.697825e+16
3658	7.544661e+15	7.381349e+00	2.066794e+01	3.642960e+16
3659	7.545361e+15	7.679354e+00	2.031614e+01	2.165802e+16
3660	7.546068e+15	8.196717e+00	2.175257e+01	1.560648e+16
3661	7.546754e+15	7.679989e+00	2.172999e+01	3.974523e+16
3662	7.547436e+15	6.685527e+00	2.091364e+01	2.734971e+16
3663	7.548125e+15	6.798666e+00	2.085266e+01	3.142317e+16
3664	7.548808e+15	6.847163e+00	1.967496e+01	2.071953e+16
3665	7.549497e+15	6.963852e+00	2.024161e+01	3.874443e+16
3666	7.550188e+15	6.807324e+00	1.847748e+01	2.411957e+16
3667	7.550933e+15	8.280926e+00	2.092352e+01	3.433301e+16
3668	7.551637e+15	6.840813e+00	1.434792e+01	1.552386e+16
3669	7.552453e+15	7.905115e+00	1.766359e+01	3.503700e+16
3670	7.553266e+15	9.198111e+00	1.958949e+01	3.340346e+16
3671	7.554010e+15	7.572672e+00	1.776971e+01	1.677446e+16
3672	7.554758e+15	7.096254e+00	1.955198e+01	3.360525e+16
3673	7.555457e+15	6.514255e+00	1.941754e+01	1.758597e+16
3674	7.556121e+15	6.825109e+00	1.961327e+01	2.554136e+16
3675	7.556749e+15	6.193040e+00	1.672013e+01	1.670424e+16
3676	7.557420e+15	6.255530e+00	1.843436e+01	4.358162e+16
3677	7.558091e+15	6.366920e+00	1.931891e+01	9.662100e+15
3678	7.558738e+15	6.516621e+00	1.567856e+01	1.967536e+16
3679	7.559464e+15	6.505880e+00	1.402264e+01	2.842353e+16
3680	7.560336e+15	7.030598e+00	1.715929e+01	3.176297e+16
3681	7.561270e+15	9.179453e+00	2.489947e+01	2.861219e+16
3682	7.562026e+15	6.307108e+00	1.852096e+01	4.488484e+16
3683	7.562841e+15	7.994066e+00	2.394578e+01	2.020961e+16
3684	7.563545e+15	6.299562e+00	1.818575e+01	2.254272e+16
3685	7.564295e+15	7.739417e+00	2.247230e+01	2.235266e+16
3686	7.564968e+15	7.385279e+00	1.930809e+01	3.656584e+16
3687	7.565635e+15	7.771033e+00	1.904050e+01	3.939208e+16
3688	7.566294e+15	7.136651e+00	1.680092e+01	5.622246e+15
3689	7.567004e+15	7.658772e+00	1.799301e+01	3.080575e+16
3690	7.567709e+15	7.107546e+00	1.723968e+01	4.954825e+15
3691	7.568395e+15	6.314950e+00	1.733818e+01	2.251647e+16
3692	7.569122e+15	6.662939e+00	1.950338e+01	3.170162e+16
3693	7.569823e+15	5.979287e+00	1.772874e+01	2.764543e+16
3694	7.570543e+15	6.193832e+00	1.867593e+01	3.059964e+16
3695	7.571247e+15	5.778317e+00	1.720684e+01	2.525389e+16
3696	7.571981e+15	6.117061e+00	1.638228e+01	2.581965e+16
3697	7.572755e+15	6.609745e+00	1.655646e+01	1.803812e+16
3698	7.573539e+15	7.574245e+00	1.888518e+01	2.799007e+16
3699	7.574276e+15	6.286865e+00	1.642631e+01	2.815488e+16
3700	7.575058e+15	6.161609e+00	1.770472e+01	3.221907e+16
3701	7.575839e+15	6.247665e+00	1.864090e+01	2.947809e+16
3702	7.576586e+15	5.517593e+00	1.425229e+01	2.270757e+16
3703	7.577390e+15	5.496378e+00	1.590101e+01	2.128391e+16
3704	7.578209e+15	5.429425e+00	1.727198e+01	2.256959e+16
3705	7.578991e+15	5.774210e+00	1.698505e+01	2.576395e+16
3706	7.579745e+15	6.031766e+00	1.730401e+01	1.817948e+16
3707	7.580491e+15	6.292023e+00	1.796221e+01	2.050545e+16
3708	7.581221e+15	6.441762e+00	1.838005e+01	2.148680e+16
3709	7.581921e+15	6.890658e+00	1.850240e+01	2.808645e+16
3710	7.582593e+15	7.551816e+00	1.801223e+01	2.681838e+16
3711	7.583262e+15	8.184015e+00	1.763722e+01	2.371752e+16
3712	7.583928e+15	8.147705e+00	1.782074e+01	2.265073e+16
3713	7.584584e+15	6.681693e+00	1.476071e+01	2.407296e+16
3714	7.585339e+15	7.652620e+00	1.821785e+01	2.669822e+16
3715	7.586073e+15	8.014461e+00	1.943385e+01	3.215059e+16
3716	7.586764e+15	6.422491e+00	1.703917e+01	3.841019e+16
3717	7.587491e+15	7.927465e+00	2.163113e+01	2.156301e+16
3718	7.588114e+15	6.769877e+00	1.615523e+01	2.149686e+16
3719	7.588801e+15	6.986490e+00	1.760645e+01	2.767591e+16
3720	7.589496e+15	6.785289e+00	1.905446e+01	2.340843e+16
3721	7.590152e+15	6.239799e+00	1.541647e+01	1.574792e+16
3722	7.590886e+15	8.335480e+00	1.773448e+01	2.731829e+16
3723	7.591605e+15	7.443083e+00	1.598731e+01	2.595787e+16
3724	7.592366e+15	7.409786e+00	1.737652e+01	2.215615e+16
3725	7.593119e+15	6.564851e+00	1.722438e+01	4.013879e+16
3726	7.593879e+15	5.899640e+00	1.665129e+01	3.152862e+16
3727	7.594666e+15	6.096284e+00	1.817340e+01	2.451038e+16
3728	7.595422e+15	6.343029e+00	1.755865e+01	3.621701e+16
3729	7.596167e+15	6.340057e+00	1.776692e+01	2.883366e+16
3730	7.596892e+15	6.871823e+00	1.744134e+01	4.753981e+16
3731	7.597608e+15	7.287390e+00	1.774929e+01	3.369124e+16
3732	7.598308e+15	7.213733e+00	1.784871e+01	2.246467e+16
3733	7.598993e+15	7.076807e+00	1.687177e+01	2.104649e+16
3734	7.599697e+15	7.487577e+00	1.752301e+01	3.327727e+16
3735	7.600413e+15	8.428444e+00	1.952575e+01	2.659203e+16
3736	7.601096e+15	7.207562e+00	1.858012e+01	2.290013e+16
3737	7.601778e+15	8.123783e+00	2.042342e+01	1.938328e+16
3738	7.602402e+15	7.367428e+00	1.732943e+01	1.086322e+16
3739	7.603045e+15	6.731806e+00	1.648318e+01	2.226546e+16
3740	7.603712e+15	7.247347e+00	1.793830e+01	1.862576e+16
3741	7.604351e+15	7.346259e+00	1.583174e+01	3.363618e+16
3742	7.605037e+15	8.905873e+00	1.858622e+01	2.028583e+16
3743	7.605693e+15	7.372521e+00	1.708490e+01	2.171045e+16
3744	7.606390e+15	8.626256e+00	2.177975e+01	2.960081e+16
3745	7.607000e+15	6.798809e+00	1.608085e+01	2.266860e+16
3746	7.607687e+15	5.985089e+00	1.519567e+01	1.373647e+16
3747	7.608436e+15	6.498998e+00	1.833551e+01	3.161006e+16
3748	7.609158e+15	6.806509e+00	1.523096e+01	1.655723e+16
3749	7.609968e+15	8.479278e+00	1.789619e+01	3.238275e+16
3750	7.610784e+15	8.817919e+00	2.084914e+01	2.119132e+16
3751	7.611531e+15	6.788778e+00	1.766878e+01	2.549547e+16
3752	7.612309e+15	7.261009e+00	2.046011e+01	2.444436e+16
3753	7.613001e+15	6.499303e+00	1.701698e+01	4.421177e+16
3754	7.613718e+15	6.688767e+00	1.699865e+01	1.364164e+16
3755	7.614447e+15	6.886411e+00	1.817006e+01	2.203735e+16
3756	7.615141e+15	7.290880e+00	1.612818e+01	2.224271e+16
3757	7.615859e+15	8.583837e+00	1.571848e+01	2.299402e+16
3758	7.616615e+15	8.486520e+00	1.473378e+01	2.236396e+16
3759	7.617441e+15	8.176068e+00	1.659942e+01	2.328990e+16
3760	7.618270e+15	7.090191e+00	1.712405e+01	2.653310e+16
3761	7.619097e+15	6.204683e+00	1.751891e+01	2.817110e+16
3762	7.619895e+15	5.875802e+00	1.618080e+01	3.233265e+16
3763	7.620713e+15	5.849073e+00	1.779079e+01	1.582826e+16
3764	7.621495e+15	5.867796e+00	1.741156e+01	2.315386e+16
3765	7.622245e+15	7.122362e+00	1.845534e+01	3.226784e+16
3766	7.622935e+15	7.579204e+00	1.630496e+01	1.651592e+16
3767	7.623630e+15	7.440545e+00	1.763876e+01	2.100938e+16
3768	7.624308e+15	7.624804e+00	1.687336e+01	1.639488e+16
3769	7.624989e+15	8.046536e+00	1.571026e+01	2.580199e+16
3770	7.625690e+15	8.074841e+00	1.553978e+01	1.660242e+16
3771	7.626433e+15	8.596930e+00	1.663678e+01	1.563165e+16
3772	7.627167e+15	8.018828e+00	1.541934e+01	3.433797e+16
3773	7.627927e+15	7.464183e+00	1.550877e+01	2.142267e+16
3774	7.628717e+15	8.036444e+00	1.885251e+01	2.750018e+16
3775	7.629404e+15	7.701113e+00	1.539648e+01	1.549223e+16
3776	7.630105e+15	8.855131e+00	1.590580e+01	1.954520e+16
3777	7.630797e+15	9.389973e+00	1.677312e+01	1.516793e+16
3778	7.631444e+15	8.481290e+00	1.499013e+01	1.407916e+16
3779	7.632116e+15	8.652839e+00	1.577132e+01	1.560996e+16
3780	7.632774e+15	7.756478e+00	1.359999e+01	2.199608e+16
3781	7.633470e+15	8.118610e+00	1.636127e+01	2.145996e+16
3782	7.634147e+15	7.226235e+00	1.483728e+01	1.647620e+16
3783	7.634862e+15	7.487494e+00	1.547087e+01	1.948172e+16
3784	7.635576e+15	8.518134e+00	1.767723e+01	2.556106e+16
3785	7.636234e+15	6.073138e+00	1.352726e+01	2.144039e+16
3786	7.637023e+15	7.126383e+00	1.606156e+01	1.524469e+16
3787	7.637811e+15	7.761525e+00	1.633735e+01	1.625238e+16
3788	7.638571e+15	7.021649e+00	1.587342e+01	1.781266e+16
3789	7.639327e+15	7.937478e+00	1.739414e+01	2.481278e+16
3790	7.640029e+15	7.260032e+00	1.642837e+01	2.219588e+16
3791	7.640727e+15	7.739581e+00	1.822555e+01	3.292440e+16
3792	7.641387e+15	8.122235e+00	1.745372e+01	1.528856e+16
3793	7.642031e+15	6.832122e+00	1.399450e+01	1.642142e+16
3794	7.642744e+15	6.907578e+00	1.635376e+01	1.501024e+16
3795	7.643401e+15	8.129367e+00	1.550907e+01	2.202377e+16
3796	7.644049e+15	9.268409e+00	1.373091e+01	2.012843e+16
3797	7.644768e+15	1.066103e+01	1.509908e+01	1.649212e+16
3798	7.645473e+15	9.436552e+00	1.517222e+01	1.964971e+16
3799	7.646182e+15	8.740582e+00	1.533246e+01	1.675808e+16
3800	7.646896e+15	8.284216e+00	1.466523e+01	2.744149e+16
3801	7.647639e+15	8.248523e+00	1.503968e+01	1.382609e+16
3802	7.648365e+15	6.346526e+00	1.265263e+01	2.338055e+16
3803	7.649159e+15	7.063188e+00	1.519761e+01	2.130218e+16
3804	7.649920e+15	8.131403e+00	1.651722e+01	1.144122e+16
3805	7.650601e+15	6.983642e+00	1.436681e+01	1.723024e+16
3806	7.651315e+15	7.842904e+00	1.769082e+01	1.464522e+16
3807	7.651945e+15	6.133579e+00	1.242344e+01	1.365480e+16
3808	7.652701e+15	7.838024e+00	1.654096e+01	2.488165e+16
3809	7.653384e+15	7.408958e+00	1.509274e+01	1.992832e+16
3810	7.654057e+15	7.094805e+00	1.182998e+01	1.617218e+16
3811	7.654864e+15	9.094088e+00	1.584128e+01	2.919169e+16
3812	7.655605e+15	8.563440e+00	1.483071e+01	1.730939e+16
3813	7.656332e+15	8.130892e+00	1.603641e+01	2.105461e+16
3814	7.657013e+15	7.620097e+00	1.563116e+01	2.575939e+16
3815	7.657669e+15	7.242733e+00	1.546381e+01	2.031572e+16
3816	7.658309e+15	7.248898e+00	1.622363e+01	9.848160e+15
3817	7.658916e+15	6.538493e+00	1.458003e+01	2.064847e+16
3818	7.659540e+15	7.260029e+00	1.496894e+01	1.150175e+16
3819	7.660157e+15	7.377455e+00	1.312117e+01	1.954919e+16
3820	7.660807e+15	7.541255e+00	1.283004e+01	1.126108e+16
3821	7.661518e+15	9.690397e+00	1.552917e+01	1.925551e+16
3822	7.662178e+15	7.572738e+00	1.173080e+01	2.209510e+16
3823	7.662971e+15	9.124053e+00	1.548378e+01	2.916120e+16
3824	7.663728e+15	8.337424e+00	1.491388e+01	2.437124e+16
3825	7.664460e+15	6.249319e+00	1.381581e+01	2.439308e+16
3826	7.665218e+15	7.581696e+00	1.616854e+01	2.167572e+16
3827	7.665912e+15	6.709682e+00	1.314275e+01	1.288138e+16
3828	7.666667e+15	7.780638e+00	1.567304e+01	1.168579e+16
3829	7.667357e+15	7.838524e+00	1.465151e+01	2.232352e+16
3830	7.668039e+15	8.363825e+00	1.378168e+01	7.272313e+15
3831	7.668768e+15	8.791876e+00	1.568396e+01	1.379121e+16
3832	7.669470e+15	8.288489e+00	1.599220e+01	2.030958e+16
3833	7.670159e+15	7.170231e+00	1.558741e+01	1.241672e+16
3834	7.670870e+15	6.890934e+00	1.665767e+01	3.147352e+16
3835	7.671561e+15	6.726310e+00	1.598424e+01	1.007122e+16
3836	7.672260e+15	6.706727e+00	1.626250e+01	1.722641e+16
3837	7.672952e+15	6.668826e+00	1.604429e+01	1.540333e+16
3838	7.673644e+15	6.798647e+00	1.581961e+01	1.645066e+16
3839	7.674350e+15	7.830012e+00	1.689106e+01	1.699199e+16
3840	7.675030e+15	7.472992e+00	1.487774e+01	1.885866e+16
3841	7.675775e+15	9.102094e+00	1.756332e+01	1.925834e+16
3842	7.676495e+15	9.380793e+00	1.638175e+01	2.823756e+16
3843	7.677240e+15	9.438003e+00	1.710280e+01	2.010055e+16
3844	7.677984e+15	1.059682e+01	1.943867e+01	1.498993e+16
3845	7.678648e+15	9.113921e+00	1.634030e+01	2.262829e+16
3846	7.679350e+15	8.784432e+00	1.624814e+01	2.203442e+16
3847	7.680097e+15	8.853650e+00	1.779855e+01	1.467892e+16
3848	7.680843e+15	7.155103e+00	1.705269e+01	2.765161e+16
3849	7.681642e+15	7.046905e+00	1.812852e+01	1.651726e+16
3850	7.682462e+15	7.109533e+00	1.929372e+01	1.379678e+16
3851	7.683253e+15	7.046074e+00	1.887084e+01	1.647944e+16
3852	7.684037e+15	6.775204e+00	1.961502e+01	3.109926e+16
3853	7.684799e+15	8.005402e+00	2.074673e+01	2.344996e+16
3854	7.685513e+15	8.370446e+00	2.051320e+01	1.649310e+16
3855	7.686202e+15	7.121613e+00	1.674120e+01	1.378881e+16
3856	7.686956e+15	7.505841e+00	1.965901e+01	2.209310e+16
3857	7.687692e+15	6.808868e+00	1.809660e+01	3.266461e+16
3858	7.688449e+15	7.633199e+00	1.845681e+01	3.630163e+16
3859	7.689200e+15	6.932453e+00	1.656654e+01	2.861815e+16
3860	7.690010e+15	7.552481e+00	1.918422e+01	2.668578e+16
3861	7.690819e+15	8.353280e+00	2.139365e+01	2.153441e+16
3862	7.691559e+15	6.354491e+00	1.969284e+01	2.841054e+16
3863	7.692305e+15	7.228542e+00	2.339417e+01	2.225604e+16
3864	7.692983e+15	6.478368e+00	2.086020e+01	4.173606e+16
3865	7.693668e+15	5.891233e+00	2.012238e+01	4.012310e+16
3866	7.694374e+15	6.747560e+00	2.290873e+01	2.759439e+16
3867	7.695024e+15	6.817285e+00	2.008434e+01	2.047030e+16
3868	7.695693e+15	8.214051e+00	1.974927e+01	2.380592e+16
3869	7.696390e+15	1.017202e+01	2.204672e+01	3.357405e+16
3870	7.697046e+15	8.797802e+00	1.862919e+01	2.500342e+16
3871	7.697756e+15	9.647460e+00	2.081810e+01	2.408099e+16
3872	7.698456e+15	9.604730e+00	2.154871e+01	2.515348e+16
3873	7.699134e+15	8.577373e+00	1.918551e+01	2.551309e+16
3874	7.699859e+15	8.997945e+00	2.039562e+01	2.014157e+16
3875	7.700585e+15	8.864998e+00	2.099270e+01	3.683641e+16
3876	7.701298e+15	8.079215e+00	2.015842e+01	2.908922e+16
3877	7.702029e+15	7.876375e+00	1.994186e+01	4.671145e+16
3878	7.702778e+15	8.195303e+00	2.127908e+01	3.269466e+16
3879	7.703512e+15	7.565289e+00	2.053855e+01	2.439081e+16
3880	7.704256e+15	7.574080e+00	2.140240e+01	4.734132e+16
3881	7.704996e+15	8.156651e+00	2.229423e+01	5.750405e+16
3882	7.705717e+15	7.517093e+00	2.139966e+01	4.254745e+16
3883	7.706456e+15	7.901723e+00	2.316489e+01	2.972230e+16
3884	7.707176e+15	7.830717e+00	2.436643e+01	4.012229e+16
3885	7.707861e+15	8.097981e+00	2.466000e+01	5.562938e+16
3886	7.708535e+15	8.079309e+00	2.416042e+01	4.474035e+16
3887	7.709215e+15	7.518417e+00	2.347739e+01	7.650108e+16
3888	7.709926e+15	7.386869e+00	2.484072e+01	5.048225e+16
3889	7.710642e+15	7.392870e+00	2.371872e+01	6.502098e+16
3890	7.711388e+15	8.554511e+00	2.532441e+01	5.832200e+16
3891	7.712128e+15	8.494151e+00	2.616511e+01	4.794329e+16
3892	7.712865e+15	8.460406e+00	2.631253e+01	5.598921e+16
3893	7.713598e+15	8.252844e+00	2.748241e+01	4.932099e+16
3894	7.714289e+15	7.539624e+00	2.375446e+01	5.139188e+16
3895	7.715008e+15	7.590457e+00	2.531843e+01	4.845483e+16
3896	7.715707e+15	7.240241e+00	2.401729e+01	3.282690e+16
3897	7.716409e+15	8.516329e+00	2.403191e+01	2.735367e+16
3898	7.717107e+15	9.377858e+00	2.409664e+01	3.166205e+16
3899	7.717793e+15	9.963289e+00	2.505817e+01	3.731191e+16
3900	7.718441e+15	8.140381e+00	2.119328e+01	3.888577e+16
3901	7.719139e+15	8.449265e+00	2.354463e+01	3.205675e+16
3902	7.719821e+15	7.341830e+00	2.125209e+01	3.692876e+16
3903	7.720543e+15	7.193588e+00	2.345020e+01	2.679198e+16
3904	7.721261e+15	7.100936e+00	2.340278e+01	3.406090e+16
3905	7.721984e+15	6.062911e+00	2.370305e+01	2.201946e+16
3906	7.722690e+15	6.218919e+00	2.421424e+01	2.305576e+16
3907	7.723369e+15	6.264301e+00	2.355153e+01	4.047175e+16
3908	7.724035e+15	5.060048e+00	1.905431e+01	3.325172e+16
3909	7.724777e+15	5.758035e+00	2.155514e+01	3.013007e+16
3910	7.725531e+15	6.101395e+00	2.156537e+01	3.362023e+16
3911	7.726299e+15	6.485969e+00	1.936971e+01	2.277840e+16
3912	7.727127e+15	8.349987e+00	2.399819e+01	4.361710e+16
3913	7.727891e+15	7.494641e+00	2.157505e+01	3.365494e+16
3914	7.728656e+15	7.327302e+00	2.197368e+01	3.023112e+16
3915	7.729391e+15	7.584380e+00	2.164953e+01	4.104766e+16
3916	7.730115e+15	7.678455e+00	2.299895e+01	3.408495e+16
3917	7.730789e+15	7.749788e+00	2.250611e+01	3.315721e+16
3918	7.731431e+15	7.686864e+00	2.044522e+01	3.658096e+16
3919	7.732097e+15	7.643460e+00	2.092148e+01	2.984755e+16
3920	7.732772e+15	7.345092e+00	2.022074e+01	3.376138e+16
3921	7.733466e+15	7.031881e+00	2.046322e+01	3.292073e+16
3922	7.734199e+15	7.232601e+00	2.227469e+01	4.187949e+16
3923	7.734905e+15	7.206591e+00	2.203042e+01	4.721921e+16
3924	7.735590e+15	7.379584e+00	2.227951e+01	4.694885e+16
3925	7.736261e+15	6.822017e+00	2.090666e+01	3.488508e+16
3926	7.736952e+15	7.755292e+00	2.267742e+01	3.512736e+16
3927	7.737616e+15	7.750697e+00	2.220427e+01	3.211965e+16
3928	7.738272e+15	7.821209e+00	2.212074e+01	5.010581e+16
3929	7.738917e+15	8.273419e+00	2.177698e+01	2.984391e+16
3930	7.739550e+15	8.423057e+00	2.026121e+01	4.330348e+16
3931	7.740206e+15	9.380284e+00	2.072279e+01	3.005302e+16
3932	7.740861e+15	8.950124e+00	2.002568e+01	3.698377e+16
3933	7.741530e+15	7.679575e+00	1.530726e+01	3.118059e+16
3934	7.742310e+15	7.392066e+00	1.700862e+01	2.918392e+16
3935	7.743140e+15	8.034068e+00	2.004869e+01	4.267562e+16
3936	7.743891e+15	8.575197e+00	1.945070e+01	3.694295e+16
3937	7.744591e+15	8.111442e+00	1.830181e+01	3.817804e+16
3938	7.745282e+15	8.632452e+00	2.007996e+01	5.110297e+16
3939	7.745921e+15	7.535416e+00	1.764816e+01	3.371454e+16
3940	7.746577e+15	7.575471e+00	1.864636e+01	4.383571e+16
3941	7.747257e+15	8.171143e+00	2.260660e+01	2.062855e+16
3942	7.747870e+15	6.794327e+00	1.883096e+01	3.499655e+16
3943	7.748516e+15	8.912351e+00	2.058757e+01	2.470624e+16
3944	7.749130e+15	8.193504e+00	1.834534e+01	2.808999e+16
3945	7.749793e+15	9.314656e+00	2.037204e+01	2.713598e+16
3946	7.750460e+15	9.499932e+00	2.121920e+01	3.810433e+16
3947	7.751096e+15	8.486239e+00	1.810342e+01	3.143466e+16
3948	7.751805e+15	8.727252e+00	2.053350e+01	2.660399e+16
3949	7.752514e+15	9.433544e+00	2.175947e+01	2.335491e+16
3950	7.753182e+15	7.570801e+00	1.917821e+01	3.095542e+16
3951	7.753884e+15	7.878453e+00	2.019740e+01	3.437983e+16
3952	7.754594e+15	8.274822e+00	2.070222e+01	2.733243e+16
3953	7.755274e+15	8.160196e+00	1.901508e+01	3.792122e+16
3954	7.755968e+15	1.005938e+01	2.106829e+01	3.666216e+16
3955	7.756629e+15	9.270073e+00	1.842376e+01	3.054544e+16
3956	7.757341e+15	9.646287e+00	2.078411e+01	3.804451e+16
3957	7.758040e+15	9.047916e+00	1.982449e+01	3.336215e+16
3958	7.758736e+15	8.169219e+00	1.958158e+01	3.224853e+16
3959	7.759427e+15	8.547008e+00	2.038393e+01	4.178394e+16
3960	7.760091e+15	7.842545e+00	1.885138e+01	3.158941e+16
3961	7.760763e+15	7.151564e+00	1.858685e+01	3.533008e+16
3962	7.761453e+15	7.528876e+00	1.865581e+01	4.608028e+16
3963	7.762153e+15	8.209680e+00	1.927864e+01	2.917710e+16
3964	7.762838e+15	8.164755e+00	1.809175e+01	3.426171e+16
3965	7.763547e+15	8.582708e+00	1.922822e+01	2.675269e+16
3966	7.764254e+15	7.579229e+00	1.882214e+01	3.002702e+16
3967	7.764970e+15	7.460855e+00	1.901290e+01	3.162206e+16
3968	7.765691e+15	7.677362e+00	1.908683e+01	2.974858e+16
3969	7.766420e+15	7.592103e+00	1.898215e+01	5.039337e+16
3970	7.767159e+15	8.304603e+00	1.915000e+01	4.673231e+16
3971	7.767913e+15	8.338486e+00	1.903032e+01	3.817902e+16
3972	7.768680e+15	8.720320e+00	1.955334e+01	2.712683e+16
3973	7.769459e+15	8.185744e+00	2.008756e+01	3.432747e+16
3974	7.770231e+15	7.760387e+00	1.989185e+01	3.821019e+16
3975	7.770997e+15	7.723764e+00	2.075327e+01	2.611298e+16
3976	7.771724e+15	6.774146e+00	1.880159e+01	3.104854e+16
3977	7.772452e+15	7.162010e+00	1.978419e+01	3.591420e+16
3978	7.773142e+15	8.019019e+00	1.876138e+01	2.871908e+16
3979	7.773827e+15	8.631030e+00	1.864695e+01	2.644003e+16
3980	7.774497e+15	9.360909e+00	1.922524e+01	2.831309e+16
3981	7.775141e+15	9.134831e+00	1.934541e+01	2.507049e+16
3982	7.775763e+15	7.590633e+00	1.519937e+01	2.875985e+16
3983	7.776454e+15	8.615593e+00	1.769139e+01	2.033919e+16
3984	7.777141e+15	8.667654e+00	1.851782e+01	2.860148e+16
3985	7.777786e+15	7.337539e+00	1.648083e+01	3.164667e+16
3986	7.778450e+15	7.595855e+00	1.803222e+01	1.835600e+16
3987	7.779077e+15	5.909222e+00	1.284636e+01	2.369645e+16
3988	7.779830e+15	7.525775e+00	1.783271e+01	1.971850e+16
3989	7.780542e+15	7.326707e+00	1.861091e+01	2.266971e+16
3990	7.781212e+15	5.935072e+00	1.716942e+01	2.703232e+16
3991	7.781910e+15	6.573084e+00	1.939803e+01	1.725540e+16
3992	7.782561e+15	6.649473e+00	1.693692e+01	3.205145e+16
3993	7.783243e+15	6.970179e+00	1.692587e+01	2.847328e+16
3994	7.783932e+15	7.549006e+00	1.631943e+01	1.334091e+16
3995	7.784633e+15	9.329568e+00	1.667463e+01	1.946499e+16
3996	7.785305e+15	8.710740e+00	1.589275e+01	2.552977e+16
3997	7.785980e+15	8.338356e+00	1.762787e+01	4.028448e+16
3998	7.786620e+15	6.091791e+00	1.468627e+01	3.852875e+16
3999	7.787338e+15	6.065463e+00	1.723054e+01	1.832791e+16
4000	7.788045e+15	6.609793e+00	1.866202e+01	1.828480e+16
4001	7.788719e+15	6.630160e+00	1.734385e+01	1.147938e+16
4002	7.789422e+15	6.696466e+00	1.830036e+01	2.357228e+16
4003	7.790155e+15	7.356605e+00	2.051439e+01	1.449044e+16
4004	7.790857e+15	7.430806e+00	2.023965e+01	2.699256e+16
4005	7.791550e+15	8.005359e+00	2.045563e+01	2.486617e+16
4006	7.792239e+15	9.064816e+00	2.141768e+01	3.503165e+16
4007	7.792899e+15	8.243922e+00	1.877910e+01	2.806540e+16
4008	7.793595e+15	9.182202e+00	1.977169e+01	5.887626e+16
4009	7.794291e+15	8.425329e+00	1.825834e+01	3.776265e+16
4010	7.795039e+15	8.522630e+00	1.931251e+01	6.920176e+16
4011	7.795814e+15	9.345957e+00	2.122118e+01	6.757241e+16
4012	7.796580e+15	8.576573e+00	2.275877e+01	4.451201e+16
4013	7.797298e+15	8.122360e+00	2.270836e+01	6.637439e+16
4014	7.797989e+15	7.911197e+00	2.299945e+01	5.570309e+16
4015	7.798648e+15	8.287832e+00	2.297666e+01	2.781202e+16
4016	7.799280e+15	7.788250e+00	2.052668e+01	4.177239e+16
4017	7.799936e+15	8.656549e+00	2.147584e+01	4.654530e+16
4018	7.800565e+15	9.792019e+00	1.967406e+01	3.583647e+16
4019	7.801200e+15	1.095610e+01	1.900800e+01	3.246321e+16
4020	7.801859e+15	1.109508e+01	1.994545e+01	5.035101e+16
4021	7.802511e+15	9.945655e+00	1.902652e+01	4.808308e+16
4022	7.803164e+15	9.468116e+00	1.914355e+01	2.496809e+16
4023	7.803816e+15	7.248213e+00	1.452311e+01	2.564965e+16
4024	7.804598e+15	7.926402e+00	1.830095e+01	4.727124e+16
4025	7.805401e+15	1.056268e+01	2.418245e+01	2.358983e+16
4026	7.806076e+15	8.104424e+00	1.982582e+01	3.840526e+16
4027	7.806758e+15	8.570958e+00	2.177669e+01	2.824989e+16
4028	7.807391e+15	8.260124e+00	1.834697e+01	1.817165e+16
4029	7.808060e+15	9.983925e+00	2.043962e+01	2.971861e+16
4030	7.808695e+15	9.252579e+00	1.669005e+01	2.939014e+16
4031	7.809376e+15	9.225701e+00	1.673205e+01	3.298934e+16
4032	7.810100e+15	9.105029e+00	1.783214e+01	2.792856e+16
4033	7.810815e+15	8.089140e+00	1.690045e+01	2.951395e+16
4034	7.811524e+15	7.150119e+00	1.631655e+01	4.270358e+16
4035	7.812241e+15	7.079208e+00	1.676326e+01	2.076747e+16
4036	7.812964e+15	6.513444e+00	1.553318e+01	2.643404e+16
4037	7.813743e+15	6.659263e+00	1.629796e+01	2.690182e+16
4038	7.814546e+15	6.391580e+00	1.639707e+01	3.624818e+16
4039	7.815381e+15	7.684807e+00	1.908512e+01	1.655879e+16
4040	7.816155e+15	7.405999e+00	1.938766e+01	1.944392e+16
4041	7.816879e+15	7.235997e+00	1.922699e+01	5.744349e+16
4042	7.817582e+15	7.379995e+00	1.939337e+01	4.075238e+16
4043	7.818257e+15	8.472047e+00	2.096256e+01	3.105363e+16
4044	7.818886e+15	7.971333e+00	1.926921e+01	3.444602e+16
4045	7.819521e+15	7.353419e+00	1.868532e+01	1.556115e+16
4046	7.820173e+15	7.906336e+00	1.939702e+01	1.953641e+16
4047	7.820803e+15	6.703289e+00	1.624809e+01	1.406515e+16
4048	7.821499e+15	8.029997e+00	2.010070e+01	3.329851e+16
4049	7.822168e+15	7.302954e+00	1.870894e+01	2.666422e+16
4050	7.822867e+15	6.870265e+00	1.927946e+01	5.234373e+16
4051	7.823569e+15	6.851072e+00	1.901068e+01	3.569980e+16
4052	7.824267e+15	6.088221e+00	1.725495e+01	1.265638e+16
4053	7.824992e+15	6.609175e+00	1.826390e+01	2.669863e+16
4054	7.825677e+15	5.794219e+00	1.738995e+01	2.047641e+16
4055	7.826377e+15	7.539250e+00	2.027491e+01	2.205675e+16
4056	7.827019e+15	6.448770e+00	1.518538e+01	2.665775e+16
4057	7.827758e+15	7.584391e+00	2.016192e+01	3.451442e+16
4058	7.828438e+15	8.099836e+00	1.892473e+01	2.583831e+16
4059	7.829115e+15	8.185026e+00	1.614885e+01	2.451649e+16
4060	7.829899e+15	9.637124e+00	2.047169e+01	4.429978e+16
4061	7.830647e+15	7.958287e+00	1.815742e+01	3.191657e+16
4062	7.831426e+15	7.942606e+00	1.917622e+01	2.364969e+16
4063	7.832196e+15	7.851829e+00	2.011253e+01	3.721562e+16
4064	7.832930e+15	7.728457e+00	1.931833e+01	2.581192e+16
4065	7.833659e+15	8.665407e+00	2.204535e+01	3.955478e+16
4066	7.834322e+15	8.016881e+00	1.960012e+01	2.395745e+16
4067	7.834993e+15	8.111452e+00	2.008740e+01	2.498422e+16
4068	7.835649e+15	7.861122e+00	1.908509e+01	2.490108e+16
4069	7.836324e+15	9.114337e+00	1.926257e+01	1.899978e+16
4070	7.837002e+15	1.028142e+01	1.898700e+01	2.830837e+16
4071	7.837694e+15	1.064142e+01	1.904906e+01	2.938802e+16
4072	7.838407e+15	9.444912e+00	1.841940e+01	2.078931e+16
4073	7.839136e+15	8.485922e+00	1.829647e+01	3.141312e+16
4074	7.839888e+15	8.302749e+00	1.889541e+01	3.426916e+16
4075	7.840646e+15	7.089896e+00	1.803763e+01	3.608439e+16
4076	7.841440e+15	8.146648e+00	1.985115e+01	4.992480e+16
4077	7.842205e+15	9.003410e+00	2.031811e+01	3.940737e+16
4078	7.842936e+15	8.929753e+00	2.009433e+01	2.310086e+16
4079	7.843647e+15	8.648097e+00	2.053842e+01	2.405055e+16
4080	7.844325e+15	8.235602e+00	2.077054e+01	2.943863e+16
4081	7.844972e+15	8.391404e+00	1.959208e+01	1.811364e+16
4082	7.845618e+15	8.930977e+00	1.946985e+01	2.730723e+16
4083	7.846251e+15	8.999091e+00	1.862947e+01	2.570067e+16
4084	7.846902e+15	9.784426e+00	1.929289e+01	2.495668e+16
4085	7.847547e+15	9.933672e+00	1.751562e+01	1.887595e+16
4086	7.848221e+15	1.022481e+01	1.772239e+01	2.858816e+16
4087	7.848917e+15	1.040142e+01	1.837379e+01	9.376455e+15
4088	7.849605e+15	8.595858e+00	1.595016e+01	2.947406e+16
4089	7.850340e+15	8.347337e+00	1.827571e+01	2.519858e+16
4090	7.851076e+15	8.857715e+00	2.061993e+01	2.695142e+16
4091	7.851740e+15	7.517355e+00	1.885871e+01	2.179508e+16
4092	7.852405e+15	9.371395e+00	2.206924e+01	4.704384e+16
4093	7.852991e+15	8.129023e+00	1.754321e+01	3.391531e+16
4094	7.853618e+15	8.221112e+00	1.610426e+01	8.102285e+15
4095	7.854283e+15	8.935205e+00	1.709297e+01	2.862151e+16
4096	7.854940e+15	8.935384e+00	1.479113e+01	1.301502e+16
4097	7.855667e+15	9.350835e+00	1.474916e+01	3.600155e+16
4098	7.856477e+15	9.819403e+00	1.837608e+01	3.315675e+16
4099	7.857242e+15	8.756063e+00	1.982920e+01	2.319787e+16
4100	7.857950e+15	7.098634e+00	1.944897e+01	1.600550e+16
4101	7.858644e+15	6.542945e+00	1.921463e+01	2.803198e+16
4102	7.859331e+15	5.064618e+00	1.730757e+01	4.009812e+16
4103	7.860064e+15	5.855014e+00	1.952333e+01	2.074871e+16
4104	7.860763e+15	6.685810e+00	2.057386e+01	3.243591e+16
4105	7.861413e+15	6.053314e+00	1.756206e+01	2.778681e+16
4106	7.862115e+15	6.443614e+00	1.807786e+01	5.448309e+16
4107	7.862851e+15	7.453151e+00	2.019352e+01	2.284797e+16
4108	7.863559e+15	6.594919e+00	1.700514e+01	1.876187e+16
4109	7.864336e+15	6.648494e+00	1.876673e+01	3.423261e+16
4110	7.865121e+15	7.204082e+00	1.947719e+01	3.796279e+16
4111	7.865885e+15	7.618172e+00	1.947042e+01	2.868031e+16
4112	7.866627e+15	8.592788e+00	2.116189e+01	3.991554e+16
4113	7.867314e+15	8.313103e+00	2.038208e+01	2.344953e+16
4114	7.867979e+15	8.719522e+00	2.017167e+01	2.231157e+16
4115	7.868622e+15	8.441887e+00	1.805140e+01	1.679072e+16
4116	7.869294e+15	8.231822e+00	1.896050e+01	1.582359e+16
4117	7.869988e+15	9.375382e+00	2.169088e+01	2.019213e+16
4118	7.870631e+15	9.172431e+00	2.005266e+01	2.562957e+16
4119	7.871275e+15	9.701916e+00	2.069449e+01	2.722775e+16
4120	7.871903e+15	9.529469e+00	1.928378e+01	1.233899e+16
4121	7.872550e+15	9.463590e+00	2.016261e+01	1.364627e+16
4122	7.873195e+15	8.626333e+00	1.858033e+01	2.699337e+16
4123	7.873859e+15	8.278752e+00	1.763495e+01	1.757462e+16
4124	7.874569e+15	8.750368e+00	1.884590e+01	2.349679e+16
4125	7.875276e+15	8.044996e+00	1.952903e+01	2.690836e+16
