# W => 2.0e6
# method => lookup
# mantle temperature => 1573.0
# melting plot interval => 6.3e13
# max step => -1
# nx => 101
# lithosphere thickness => 120000.2
# marky => 12
# plot interval field => 1.575e14
# plot interval marker => 1.575e15
# H => 2.85e6
# g => 10.0
# ny => 143
# Tcmb => 3298.5489127396577
# max time => 6.3e15
# output directory => /nfs/peloton/waltz/rudolphlab/mpi-io-DOES-NOT-WORK-ON-HIVE/qxl51/plume-melt/plume_150000.8_650.0_120000.2
# eclogite frac => 0.2
# markx => 6
1	0.000000e+00	0.000000e+00	0.000000e+00	0.000000e+00
2	1.000000e+10	0.000000e+00	0.000000e+00	0.000000e+00
3	2.200000e+10	0.000000e+00	0.000000e+00	0.000000e+00
4	3.640000e+10	0.000000e+00	0.000000e+00	0.000000e+00
5	5.368000e+10	0.000000e+00	0.000000e+00	0.000000e+00
6	7.441600e+10	0.000000e+00	0.000000e+00	0.000000e+00
7	9.929920e+10	0.000000e+00	0.000000e+00	0.000000e+00
8	1.291590e+11	0.000000e+00	0.000000e+00	0.000000e+00
9	1.649908e+11	0.000000e+00	0.000000e+00	0.000000e+00
10	2.079890e+11	0.000000e+00	0.000000e+00	0.000000e+00
11	2.595868e+11	0.000000e+00	0.000000e+00	0.000000e+00
12	3.215042e+11	0.000000e+00	0.000000e+00	0.000000e+00
13	3.958050e+11	0.000000e+00	0.000000e+00	0.000000e+00
14	4.849660e+11	0.000000e+00	0.000000e+00	0.000000e+00
15	5.919592e+11	0.000000e+00	0.000000e+00	0.000000e+00
16	7.203511e+11	0.000000e+00	0.000000e+00	0.000000e+00
17	8.744213e+11	0.000000e+00	0.000000e+00	0.000000e+00
18	1.059306e+12	0.000000e+00	0.000000e+00	0.000000e+00
19	1.281167e+12	0.000000e+00	0.000000e+00	0.000000e+00
20	1.547400e+12	0.000000e+00	0.000000e+00	0.000000e+00
21	1.866880e+12	0.000000e+00	0.000000e+00	0.000000e+00
22	2.250256e+12	0.000000e+00	0.000000e+00	0.000000e+00
23	2.710307e+12	0.000000e+00	0.000000e+00	0.000000e+00
24	3.262369e+12	0.000000e+00	0.000000e+00	0.000000e+00
25	3.924842e+12	0.000000e+00	0.000000e+00	0.000000e+00
26	4.719811e+12	0.000000e+00	0.000000e+00	0.000000e+00
27	5.673773e+12	0.000000e+00	0.000000e+00	0.000000e+00
28	6.818528e+12	0.000000e+00	0.000000e+00	0.000000e+00
29	8.192233e+12	0.000000e+00	0.000000e+00	0.000000e+00
30	9.840680e+12	0.000000e+00	0.000000e+00	0.000000e+00
31	1.181882e+13	0.000000e+00	0.000000e+00	0.000000e+00
32	1.419258e+13	0.000000e+00	0.000000e+00	0.000000e+00
33	1.704109e+13	0.000000e+00	0.000000e+00	0.000000e+00
34	2.045931e+13	0.000000e+00	0.000000e+00	0.000000e+00
35	2.456118e+13	0.000000e+00	0.000000e+00	0.000000e+00
36	2.948341e+13	0.000000e+00	0.000000e+00	0.000000e+00
37	3.539009e+13	0.000000e+00	0.000000e+00	0.000000e+00
38	4.247811e+13	0.000000e+00	0.000000e+00	0.000000e+00
39	5.098373e+13	0.000000e+00	0.000000e+00	0.000000e+00
40	6.119048e+13	0.000000e+00	0.000000e+00	0.000000e+00
41	7.343858e+13	0.000000e+00	0.000000e+00	0.000000e+00
42	8.813629e+13	0.000000e+00	0.000000e+00	0.000000e+00
43	1.057736e+14	0.000000e+00	0.000000e+00	0.000000e+00
44	1.269383e+14	0.000000e+00	0.000000e+00	0.000000e+00
45	1.523359e+14	0.000000e+00	0.000000e+00	0.000000e+00
46	1.828131e+14	0.000000e+00	0.000000e+00	0.000000e+00
47	2.193857e+14	0.000000e+00	0.000000e+00	0.000000e+00
48	2.632729e+14	0.000000e+00	0.000000e+00	0.000000e+00
49	3.159374e+14	0.000000e+00	0.000000e+00	0.000000e+00
50	3.791349e+14	0.000000e+00	0.000000e+00	0.000000e+00
51	4.549719e+14	0.000000e+00	0.000000e+00	0.000000e+00
52	5.146964e+14	0.000000e+00	0.000000e+00	0.000000e+00
53	5.538088e+14	0.000000e+00	0.000000e+00	0.000000e+00
54	5.836016e+14	0.000000e+00	0.000000e+00	0.000000e+00
55	6.081042e+14	0.000000e+00	0.000000e+00	0.000000e+00
56	6.294989e+14	0.000000e+00	0.000000e+00	0.000000e+00
57	6.487833e+14	0.000000e+00	0.000000e+00	0.000000e+00
58	6.665866e+14	0.000000e+00	0.000000e+00	0.000000e+00
59	6.834014e+14	0.000000e+00	0.000000e+00	0.000000e+00
60	6.995469e+14	0.000000e+00	0.000000e+00	0.000000e+00
61	7.149533e+14	0.000000e+00	0.000000e+00	0.000000e+00
62	7.297843e+14	0.000000e+00	0.000000e+00	0.000000e+00
63	7.442473e+14	0.000000e+00	0.000000e+00	0.000000e+00
64	7.584213e+14	0.000000e+00	0.000000e+00	0.000000e+00
65	7.724438e+14	0.000000e+00	0.000000e+00	0.000000e+00
66	7.864219e+14	0.000000e+00	0.000000e+00	0.000000e+00
67	8.003403e+14	0.000000e+00	0.000000e+00	0.000000e+00
68	8.140772e+14	0.000000e+00	0.000000e+00	0.000000e+00
69	8.276721e+14	0.000000e+00	0.000000e+00	0.000000e+00
70	8.412618e+14	0.000000e+00	0.000000e+00	0.000000e+00
71	8.549753e+14	0.000000e+00	0.000000e+00	0.000000e+00
72	8.688323e+14	0.000000e+00	0.000000e+00	0.000000e+00
73	8.828907e+14	0.000000e+00	0.000000e+00	0.000000e+00
74	8.972396e+14	0.000000e+00	0.000000e+00	0.000000e+00
75	9.117315e+14	0.000000e+00	0.000000e+00	0.000000e+00
76	9.266146e+14	0.000000e+00	0.000000e+00	0.000000e+00
77	9.420617e+14	0.000000e+00	0.000000e+00	0.000000e+00
78	9.578199e+14	0.000000e+00	0.000000e+00	0.000000e+00
79	9.733269e+14	0.000000e+00	0.000000e+00	0.000000e+00
80	9.885105e+14	0.000000e+00	0.000000e+00	0.000000e+00
81	1.003404e+15	0.000000e+00	0.000000e+00	0.000000e+00
82	1.017962e+15	0.000000e+00	0.000000e+00	0.000000e+00
83	1.032319e+15	0.000000e+00	0.000000e+00	0.000000e+00
84	1.046470e+15	0.000000e+00	0.000000e+00	0.000000e+00
85	1.060422e+15	0.000000e+00	0.000000e+00	0.000000e+00
86	1.074153e+15	0.000000e+00	0.000000e+00	0.000000e+00
87	1.087854e+15	0.000000e+00	0.000000e+00	0.000000e+00
88	1.101401e+15	0.000000e+00	0.000000e+00	0.000000e+00
89	1.114719e+15	0.000000e+00	0.000000e+00	0.000000e+00
90	1.128045e+15	0.000000e+00	0.000000e+00	0.000000e+00
91	1.141254e+15	0.000000e+00	0.000000e+00	0.000000e+00
92	1.154450e+15	0.000000e+00	0.000000e+00	0.000000e+00
93	1.167597e+15	0.000000e+00	0.000000e+00	0.000000e+00
94	1.180719e+15	0.000000e+00	0.000000e+00	0.000000e+00
95	1.193840e+15	0.000000e+00	0.000000e+00	0.000000e+00
96	1.206975e+15	0.000000e+00	0.000000e+00	0.000000e+00
97	1.220041e+15	0.000000e+00	0.000000e+00	0.000000e+00
98	1.233187e+15	0.000000e+00	0.000000e+00	0.000000e+00
99	1.246333e+15	0.000000e+00	0.000000e+00	0.000000e+00
100	1.259535e+15	0.000000e+00	0.000000e+00	0.000000e+00
101	1.272753e+15	0.000000e+00	0.000000e+00	0.000000e+00
102	1.285969e+15	0.000000e+00	0.000000e+00	0.000000e+00
103	1.299195e+15	0.000000e+00	0.000000e+00	0.000000e+00
104	1.312506e+15	0.000000e+00	0.000000e+00	0.000000e+00
105	1.325848e+15	0.000000e+00	0.000000e+00	0.000000e+00
106	1.339267e+15	0.000000e+00	0.000000e+00	0.000000e+00
107	1.352718e+15	0.000000e+00	0.000000e+00	0.000000e+00
108	1.366267e+15	0.000000e+00	0.000000e+00	0.000000e+00
109	1.379842e+15	0.000000e+00	0.000000e+00	0.000000e+00
110	1.393477e+15	0.000000e+00	0.000000e+00	0.000000e+00
111	1.407240e+15	0.000000e+00	0.000000e+00	0.000000e+00
112	1.421010e+15	0.000000e+00	0.000000e+00	0.000000e+00
113	1.434947e+15	0.000000e+00	0.000000e+00	0.000000e+00
114	1.448852e+15	0.000000e+00	0.000000e+00	0.000000e+00
115	1.462825e+15	0.000000e+00	0.000000e+00	0.000000e+00
116	1.476843e+15	0.000000e+00	0.000000e+00	0.000000e+00
117	1.490832e+15	0.000000e+00	0.000000e+00	0.000000e+00
118	1.504913e+15	0.000000e+00	0.000000e+00	0.000000e+00
119	1.518879e+15	0.000000e+00	0.000000e+00	0.000000e+00
120	1.532888e+15	0.000000e+00	0.000000e+00	0.000000e+00
121	1.546967e+15	0.000000e+00	0.000000e+00	0.000000e+00
122	1.560992e+15	0.000000e+00	0.000000e+00	0.000000e+00
123	1.575081e+15	0.000000e+00	0.000000e+00	0.000000e+00
124	1.589192e+15	0.000000e+00	0.000000e+00	0.000000e+00
125	1.603337e+15	0.000000e+00	0.000000e+00	0.000000e+00
126	1.617524e+15	0.000000e+00	0.000000e+00	0.000000e+00
127	1.631789e+15	0.000000e+00	0.000000e+00	0.000000e+00
128	1.646135e+15	0.000000e+00	0.000000e+00	0.000000e+00
129	1.660648e+15	0.000000e+00	0.000000e+00	0.000000e+00
130	1.675220e+15	0.000000e+00	0.000000e+00	0.000000e+00
131	1.689851e+15	0.000000e+00	0.000000e+00	0.000000e+00
132	1.704659e+15	0.000000e+00	0.000000e+00	0.000000e+00
133	1.719547e+15	0.000000e+00	0.000000e+00	0.000000e+00
134	1.734493e+15	0.000000e+00	0.000000e+00	0.000000e+00
135	1.749457e+15	0.000000e+00	0.000000e+00	0.000000e+00
136	1.764492e+15	0.000000e+00	0.000000e+00	0.000000e+00
137	1.779497e+15	0.000000e+00	0.000000e+00	0.000000e+00
138	1.794474e+15	0.000000e+00	0.000000e+00	0.000000e+00
139	1.809487e+15	0.000000e+00	0.000000e+00	0.000000e+00
140	1.824517e+15	0.000000e+00	0.000000e+00	0.000000e+00
141	1.839529e+15	0.000000e+00	0.000000e+00	0.000000e+00
142	1.854576e+15	0.000000e+00	0.000000e+00	0.000000e+00
143	1.869593e+15	0.000000e+00	0.000000e+00	0.000000e+00
144	1.884642e+15	0.000000e+00	0.000000e+00	0.000000e+00
145	1.899359e+15	0.000000e+00	0.000000e+00	0.000000e+00
146	1.913537e+15	0.000000e+00	0.000000e+00	0.000000e+00
147	1.927210e+15	0.000000e+00	0.000000e+00	0.000000e+00
148	1.940408e+15	0.000000e+00	0.000000e+00	0.000000e+00
149	1.953159e+15	0.000000e+00	0.000000e+00	0.000000e+00
150	1.965483e+15	0.000000e+00	0.000000e+00	0.000000e+00
151	1.977405e+15	0.000000e+00	0.000000e+00	0.000000e+00
152	1.988946e+15	0.000000e+00	0.000000e+00	0.000000e+00
153	2.000127e+15	0.000000e+00	0.000000e+00	0.000000e+00
154	2.010971e+15	0.000000e+00	0.000000e+00	0.000000e+00
155	2.021496e+15	0.000000e+00	0.000000e+00	0.000000e+00
156	2.031720e+15	0.000000e+00	0.000000e+00	0.000000e+00
157	2.041659e+15	0.000000e+00	0.000000e+00	0.000000e+00
158	2.051328e+15	0.000000e+00	0.000000e+00	0.000000e+00
159	2.060741e+15	0.000000e+00	0.000000e+00	0.000000e+00
160	2.069903e+15	0.000000e+00	0.000000e+00	0.000000e+00
161	2.078831e+15	0.000000e+00	0.000000e+00	0.000000e+00
162	2.087533e+15	0.000000e+00	0.000000e+00	0.000000e+00
163	2.096022e+15	0.000000e+00	0.000000e+00	0.000000e+00
164	2.104310e+15	0.000000e+00	0.000000e+00	0.000000e+00
165	2.112405e+15	0.000000e+00	0.000000e+00	0.000000e+00
166	2.120319e+15	0.000000e+00	0.000000e+00	0.000000e+00
167	2.128059e+15	0.000000e+00	0.000000e+00	0.000000e+00
168	2.135631e+15	0.000000e+00	0.000000e+00	0.000000e+00
169	2.143040e+15	0.000000e+00	0.000000e+00	0.000000e+00
170	2.150293e+15	0.000000e+00	0.000000e+00	0.000000e+00
171	2.157398e+15	0.000000e+00	0.000000e+00	0.000000e+00
172	2.164363e+15	0.000000e+00	0.000000e+00	0.000000e+00
173	2.171190e+15	0.000000e+00	0.000000e+00	0.000000e+00
174	2.177889e+15	0.000000e+00	0.000000e+00	0.000000e+00
175	2.184464e+15	0.000000e+00	0.000000e+00	0.000000e+00
176	2.190919e+15	0.000000e+00	0.000000e+00	0.000000e+00
177	2.197261e+15	0.000000e+00	0.000000e+00	0.000000e+00
178	2.203487e+15	0.000000e+00	0.000000e+00	0.000000e+00
179	2.209608e+15	0.000000e+00	0.000000e+00	0.000000e+00
180	2.215623e+15	0.000000e+00	0.000000e+00	0.000000e+00
181	2.221540e+15	0.000000e+00	0.000000e+00	0.000000e+00
182	2.227361e+15	0.000000e+00	0.000000e+00	0.000000e+00
183	2.233091e+15	0.000000e+00	0.000000e+00	0.000000e+00
184	2.238732e+15	0.000000e+00	0.000000e+00	0.000000e+00
185	2.244289e+15	0.000000e+00	0.000000e+00	0.000000e+00
186	2.249764e+15	0.000000e+00	0.000000e+00	0.000000e+00
187	2.255157e+15	0.000000e+00	0.000000e+00	0.000000e+00
188	2.260473e+15	0.000000e+00	0.000000e+00	0.000000e+00
189	2.265712e+15	0.000000e+00	0.000000e+00	0.000000e+00
190	2.270881e+15	0.000000e+00	0.000000e+00	0.000000e+00
191	2.275978e+15	0.000000e+00	0.000000e+00	0.000000e+00
192	2.281009e+15	0.000000e+00	0.000000e+00	0.000000e+00
193	2.285972e+15	0.000000e+00	0.000000e+00	0.000000e+00
194	2.290875e+15	0.000000e+00	0.000000e+00	0.000000e+00
195	2.295715e+15	0.000000e+00	0.000000e+00	0.000000e+00
196	2.300497e+15	0.000000e+00	0.000000e+00	0.000000e+00
197	2.305218e+15	0.000000e+00	0.000000e+00	0.000000e+00
198	2.309883e+15	0.000000e+00	0.000000e+00	0.000000e+00
199	2.314494e+15	0.000000e+00	0.000000e+00	0.000000e+00
200	2.319048e+15	0.000000e+00	0.000000e+00	0.000000e+00
201	2.323555e+15	0.000000e+00	0.000000e+00	0.000000e+00
202	2.328010e+15	0.000000e+00	0.000000e+00	0.000000e+00
203	2.332418e+15	0.000000e+00	0.000000e+00	0.000000e+00
204	2.336779e+15	0.000000e+00	0.000000e+00	0.000000e+00
205	2.341094e+15	0.000000e+00	0.000000e+00	0.000000e+00
206	2.345365e+15	0.000000e+00	0.000000e+00	0.000000e+00
207	2.349591e+15	0.000000e+00	0.000000e+00	0.000000e+00
208	2.353776e+15	0.000000e+00	0.000000e+00	0.000000e+00
209	2.357916e+15	0.000000e+00	0.000000e+00	0.000000e+00
210	2.362016e+15	0.000000e+00	0.000000e+00	0.000000e+00
211	2.366073e+15	0.000000e+00	0.000000e+00	0.000000e+00
212	2.370092e+15	0.000000e+00	0.000000e+00	0.000000e+00
213	2.374071e+15	0.000000e+00	0.000000e+00	0.000000e+00
214	2.378015e+15	0.000000e+00	0.000000e+00	0.000000e+00
215	2.381920e+15	0.000000e+00	0.000000e+00	0.000000e+00
216	2.385792e+15	0.000000e+00	0.000000e+00	0.000000e+00
217	2.389629e+15	0.000000e+00	0.000000e+00	0.000000e+00
218	2.393433e+15	0.000000e+00	0.000000e+00	0.000000e+00
219	2.397204e+15	0.000000e+00	0.000000e+00	0.000000e+00
220	2.400944e+15	0.000000e+00	0.000000e+00	0.000000e+00
221	2.404651e+15	0.000000e+00	0.000000e+00	0.000000e+00
222	2.408327e+15	0.000000e+00	0.000000e+00	0.000000e+00
223	2.411973e+15	0.000000e+00	0.000000e+00	0.000000e+00
224	2.415589e+15	0.000000e+00	0.000000e+00	0.000000e+00
225	2.419176e+15	0.000000e+00	0.000000e+00	0.000000e+00
226	2.422733e+15	0.000000e+00	0.000000e+00	0.000000e+00
227	2.426263e+15	0.000000e+00	0.000000e+00	0.000000e+00
228	2.429765e+15	0.000000e+00	0.000000e+00	0.000000e+00
229	2.433241e+15	0.000000e+00	0.000000e+00	0.000000e+00
230	2.436692e+15	0.000000e+00	0.000000e+00	0.000000e+00
231	2.440120e+15	0.000000e+00	0.000000e+00	0.000000e+00
232	2.443521e+15	0.000000e+00	0.000000e+00	0.000000e+00
233	2.446900e+15	0.000000e+00	0.000000e+00	0.000000e+00
234	2.450253e+15	0.000000e+00	0.000000e+00	0.000000e+00
235	2.453583e+15	0.000000e+00	0.000000e+00	0.000000e+00
236	2.456889e+15	0.000000e+00	0.000000e+00	0.000000e+00
237	2.460171e+15	0.000000e+00	0.000000e+00	0.000000e+00
238	2.463432e+15	0.000000e+00	0.000000e+00	0.000000e+00
239	2.466669e+15	0.000000e+00	0.000000e+00	0.000000e+00
240	2.469886e+15	0.000000e+00	0.000000e+00	0.000000e+00
241	2.473081e+15	0.000000e+00	0.000000e+00	0.000000e+00
242	2.476255e+15	0.000000e+00	0.000000e+00	0.000000e+00
243	2.479410e+15	0.000000e+00	0.000000e+00	0.000000e+00
244	2.482544e+15	0.000000e+00	0.000000e+00	0.000000e+00
245	2.485659e+15	0.000000e+00	0.000000e+00	0.000000e+00
246	2.488754e+15	0.000000e+00	0.000000e+00	0.000000e+00
247	2.491833e+15	0.000000e+00	0.000000e+00	0.000000e+00
248	2.494890e+15	0.000000e+00	0.000000e+00	0.000000e+00
249	2.497931e+15	0.000000e+00	0.000000e+00	0.000000e+00
250	2.500953e+15	0.000000e+00	0.000000e+00	0.000000e+00
251	2.503957e+15	0.000000e+00	0.000000e+00	0.000000e+00
252	2.506943e+15	0.000000e+00	0.000000e+00	0.000000e+00
253	2.509913e+15	0.000000e+00	0.000000e+00	0.000000e+00
254	2.512866e+15	0.000000e+00	0.000000e+00	0.000000e+00
255	2.515802e+15	0.000000e+00	0.000000e+00	0.000000e+00
256	2.518723e+15	0.000000e+00	0.000000e+00	0.000000e+00
257	2.521627e+15	0.000000e+00	0.000000e+00	0.000000e+00
258	2.524516e+15	0.000000e+00	0.000000e+00	0.000000e+00
259	2.527389e+15	0.000000e+00	0.000000e+00	0.000000e+00
260	2.530247e+15	0.000000e+00	0.000000e+00	0.000000e+00
261	2.533092e+15	0.000000e+00	0.000000e+00	0.000000e+00
262	2.535920e+15	0.000000e+00	0.000000e+00	0.000000e+00
263	2.538736e+15	0.000000e+00	0.000000e+00	0.000000e+00
264	2.541535e+15	0.000000e+00	0.000000e+00	0.000000e+00
265	2.544322e+15	0.000000e+00	0.000000e+00	0.000000e+00
266	2.547092e+15	0.000000e+00	0.000000e+00	0.000000e+00
267	2.549850e+15	0.000000e+00	0.000000e+00	0.000000e+00
268	2.552593e+15	0.000000e+00	0.000000e+00	0.000000e+00
269	2.555324e+15	0.000000e+00	0.000000e+00	0.000000e+00
270	2.558042e+15	0.000000e+00	0.000000e+00	0.000000e+00
271	2.560746e+15	0.000000e+00	0.000000e+00	0.000000e+00
272	2.563438e+15	0.000000e+00	0.000000e+00	0.000000e+00
273	2.566118e+15	0.000000e+00	0.000000e+00	0.000000e+00
274	2.568785e+15	0.000000e+00	0.000000e+00	0.000000e+00
275	2.571441e+15	0.000000e+00	0.000000e+00	0.000000e+00
276	2.574084e+15	0.000000e+00	0.000000e+00	0.000000e+00
277	2.576718e+15	0.000000e+00	0.000000e+00	0.000000e+00
278	2.579338e+15	0.000000e+00	0.000000e+00	0.000000e+00
279	2.581948e+15	0.000000e+00	0.000000e+00	0.000000e+00
280	2.584546e+15	0.000000e+00	0.000000e+00	0.000000e+00
281	2.587133e+15	0.000000e+00	0.000000e+00	0.000000e+00
282	2.589709e+15	0.000000e+00	0.000000e+00	0.000000e+00
283	2.592273e+15	0.000000e+00	0.000000e+00	0.000000e+00
284	2.594828e+15	0.000000e+00	0.000000e+00	0.000000e+00
285	2.597370e+15	0.000000e+00	0.000000e+00	0.000000e+00
286	2.599904e+15	0.000000e+00	0.000000e+00	0.000000e+00
287	2.602426e+15	0.000000e+00	0.000000e+00	0.000000e+00
288	2.604938e+15	0.000000e+00	0.000000e+00	0.000000e+00
289	2.607440e+15	0.000000e+00	0.000000e+00	0.000000e+00
290	2.609931e+15	0.000000e+00	0.000000e+00	0.000000e+00
291	2.612414e+15	0.000000e+00	0.000000e+00	0.000000e+00
292	2.614886e+15	0.000000e+00	0.000000e+00	0.000000e+00
293	2.617349e+15	0.000000e+00	0.000000e+00	0.000000e+00
294	2.619802e+15	0.000000e+00	0.000000e+00	0.000000e+00
295	2.622246e+15	0.000000e+00	0.000000e+00	0.000000e+00
296	2.624680e+15	0.000000e+00	0.000000e+00	0.000000e+00
297	2.627105e+15	0.000000e+00	0.000000e+00	0.000000e+00
298	2.629521e+15	0.000000e+00	0.000000e+00	0.000000e+00
299	2.631928e+15	0.000000e+00	0.000000e+00	0.000000e+00
300	2.634328e+15	0.000000e+00	0.000000e+00	0.000000e+00
301	2.636718e+15	0.000000e+00	0.000000e+00	0.000000e+00
302	2.639099e+15	0.000000e+00	0.000000e+00	0.000000e+00
303	2.641474e+15	0.000000e+00	0.000000e+00	0.000000e+00
304	2.643839e+15	0.000000e+00	0.000000e+00	0.000000e+00
305	2.646196e+15	0.000000e+00	0.000000e+00	0.000000e+00
306	2.648545e+15	0.000000e+00	0.000000e+00	0.000000e+00
307	2.650885e+15	0.000000e+00	0.000000e+00	0.000000e+00
308	2.653218e+15	0.000000e+00	0.000000e+00	0.000000e+00
309	2.655543e+15	0.000000e+00	0.000000e+00	0.000000e+00
310	2.657859e+15	0.000000e+00	0.000000e+00	0.000000e+00
311	2.660168e+15	0.000000e+00	0.000000e+00	0.000000e+00
312	2.662469e+15	0.000000e+00	0.000000e+00	0.000000e+00
313	2.664763e+15	0.000000e+00	0.000000e+00	0.000000e+00
314	2.667050e+15	0.000000e+00	0.000000e+00	0.000000e+00
315	2.669330e+15	0.000000e+00	0.000000e+00	0.000000e+00
316	2.671602e+15	0.000000e+00	0.000000e+00	0.000000e+00
317	2.673867e+15	0.000000e+00	0.000000e+00	0.000000e+00
318	2.676126e+15	0.000000e+00	0.000000e+00	0.000000e+00
319	2.678377e+15	0.000000e+00	0.000000e+00	0.000000e+00
320	2.680622e+15	0.000000e+00	0.000000e+00	0.000000e+00
321	2.682859e+15	0.000000e+00	0.000000e+00	0.000000e+00
322	2.685090e+15	0.000000e+00	0.000000e+00	0.000000e+00
323	2.687314e+15	0.000000e+00	0.000000e+00	0.000000e+00
324	2.689532e+15	0.000000e+00	0.000000e+00	0.000000e+00
325	2.691743e+15	0.000000e+00	0.000000e+00	0.000000e+00
326	2.693950e+15	0.000000e+00	0.000000e+00	0.000000e+00
327	2.696149e+15	0.000000e+00	0.000000e+00	0.000000e+00
328	2.698341e+15	0.000000e+00	0.000000e+00	0.000000e+00
329	2.700528e+15	0.000000e+00	0.000000e+00	0.000000e+00
330	2.702709e+15	0.000000e+00	0.000000e+00	0.000000e+00
331	2.704883e+15	0.000000e+00	0.000000e+00	0.000000e+00
332	2.707051e+15	0.000000e+00	0.000000e+00	0.000000e+00
333	2.709214e+15	0.000000e+00	0.000000e+00	0.000000e+00
334	2.711369e+15	0.000000e+00	0.000000e+00	0.000000e+00
335	2.713520e+15	0.000000e+00	0.000000e+00	0.000000e+00
336	2.715664e+15	0.000000e+00	0.000000e+00	0.000000e+00
337	2.717804e+15	0.000000e+00	0.000000e+00	0.000000e+00
338	2.719938e+15	0.000000e+00	0.000000e+00	0.000000e+00
339	2.722066e+15	0.000000e+00	0.000000e+00	0.000000e+00
340	2.724189e+15	0.000000e+00	0.000000e+00	0.000000e+00
341	2.726307e+15	0.000000e+00	0.000000e+00	0.000000e+00
342	2.728419e+15	0.000000e+00	0.000000e+00	0.000000e+00
343	2.730526e+15	0.000000e+00	0.000000e+00	0.000000e+00
344	2.732627e+15	0.000000e+00	0.000000e+00	0.000000e+00
345	2.734723e+15	0.000000e+00	0.000000e+00	0.000000e+00
346	2.736814e+15	0.000000e+00	0.000000e+00	0.000000e+00
347	2.738900e+15	0.000000e+00	0.000000e+00	0.000000e+00
348	2.740982e+15	0.000000e+00	0.000000e+00	0.000000e+00
349	2.743058e+15	0.000000e+00	0.000000e+00	0.000000e+00
350	2.745130e+15	0.000000e+00	0.000000e+00	0.000000e+00
351	2.747196e+15	0.000000e+00	0.000000e+00	0.000000e+00
352	2.749258e+15	0.000000e+00	0.000000e+00	0.000000e+00
353	2.751315e+15	0.000000e+00	0.000000e+00	0.000000e+00
354	2.753367e+15	0.000000e+00	0.000000e+00	0.000000e+00
355	2.755416e+15	0.000000e+00	0.000000e+00	0.000000e+00
356	2.757459e+15	0.000000e+00	0.000000e+00	0.000000e+00
357	2.759499e+15	0.000000e+00	0.000000e+00	0.000000e+00
358	2.761533e+15	0.000000e+00	0.000000e+00	0.000000e+00
359	2.763563e+15	0.000000e+00	0.000000e+00	0.000000e+00
360	2.765589e+15	0.000000e+00	0.000000e+00	0.000000e+00
361	2.767609e+15	0.000000e+00	0.000000e+00	0.000000e+00
362	2.769626e+15	0.000000e+00	0.000000e+00	0.000000e+00
363	2.771639e+15	0.000000e+00	0.000000e+00	0.000000e+00
364	2.773647e+15	0.000000e+00	0.000000e+00	0.000000e+00
365	2.775652e+15	0.000000e+00	0.000000e+00	0.000000e+00
366	2.777653e+15	0.000000e+00	0.000000e+00	0.000000e+00
367	2.779648e+15	0.000000e+00	0.000000e+00	0.000000e+00
368	2.781641e+15	0.000000e+00	0.000000e+00	0.000000e+00
369	2.783629e+15	0.000000e+00	0.000000e+00	0.000000e+00
370	2.785613e+15	0.000000e+00	0.000000e+00	0.000000e+00
371	2.787593e+15	0.000000e+00	0.000000e+00	0.000000e+00
372	2.789569e+15	0.000000e+00	0.000000e+00	0.000000e+00
373	2.791541e+15	0.000000e+00	0.000000e+00	0.000000e+00
374	2.793510e+15	0.000000e+00	0.000000e+00	0.000000e+00
375	2.795475e+15	0.000000e+00	0.000000e+00	0.000000e+00
376	2.797436e+15	0.000000e+00	0.000000e+00	0.000000e+00
377	2.799392e+15	0.000000e+00	0.000000e+00	0.000000e+00
378	2.801345e+15	0.000000e+00	0.000000e+00	0.000000e+00
379	2.803294e+15	0.000000e+00	0.000000e+00	0.000000e+00
380	2.805240e+15	0.000000e+00	0.000000e+00	0.000000e+00
381	2.807182e+15	0.000000e+00	0.000000e+00	0.000000e+00
382	2.809122e+15	0.000000e+00	0.000000e+00	0.000000e+00
383	2.811057e+15	0.000000e+00	0.000000e+00	0.000000e+00
384	2.812990e+15	0.000000e+00	0.000000e+00	0.000000e+00
385	2.814919e+15	0.000000e+00	0.000000e+00	0.000000e+00
386	2.816845e+15	0.000000e+00	0.000000e+00	0.000000e+00
387	2.818767e+15	0.000000e+00	0.000000e+00	0.000000e+00
388	2.820687e+15	0.000000e+00	0.000000e+00	0.000000e+00
389	2.822603e+15	0.000000e+00	0.000000e+00	0.000000e+00
390	2.824517e+15	0.000000e+00	0.000000e+00	0.000000e+00
391	2.826427e+15	0.000000e+00	0.000000e+00	0.000000e+00
392	2.828334e+15	0.000000e+00	0.000000e+00	0.000000e+00
393	2.830237e+15	0.000000e+00	0.000000e+00	0.000000e+00
394	2.832138e+15	0.000000e+00	0.000000e+00	0.000000e+00
395	2.834035e+15	0.000000e+00	0.000000e+00	0.000000e+00
396	2.835930e+15	0.000000e+00	0.000000e+00	0.000000e+00
397	2.837821e+15	0.000000e+00	0.000000e+00	0.000000e+00
398	2.839710e+15	0.000000e+00	0.000000e+00	0.000000e+00
399	2.841595e+15	0.000000e+00	0.000000e+00	0.000000e+00
400	2.843478e+15	0.000000e+00	0.000000e+00	0.000000e+00
401	2.845357e+15	0.000000e+00	0.000000e+00	0.000000e+00
402	2.847233e+15	0.000000e+00	0.000000e+00	0.000000e+00
403	2.849108e+15	0.000000e+00	0.000000e+00	0.000000e+00
404	2.850979e+15	0.000000e+00	0.000000e+00	0.000000e+00
405	2.852847e+15	0.000000e+00	0.000000e+00	0.000000e+00
406	2.854712e+15	0.000000e+00	0.000000e+00	0.000000e+00
407	2.856575e+15	0.000000e+00	0.000000e+00	0.000000e+00
408	2.858436e+15	0.000000e+00	0.000000e+00	0.000000e+00
409	2.860293e+15	0.000000e+00	0.000000e+00	0.000000e+00
410	2.862149e+15	0.000000e+00	0.000000e+00	0.000000e+00
411	2.864001e+15	0.000000e+00	0.000000e+00	0.000000e+00
412	2.865852e+15	0.000000e+00	0.000000e+00	0.000000e+00
413	2.867700e+15	0.000000e+00	0.000000e+00	0.000000e+00
414	2.869545e+15	0.000000e+00	0.000000e+00	0.000000e+00
415	2.871388e+15	0.000000e+00	0.000000e+00	0.000000e+00
416	2.873229e+15	0.000000e+00	0.000000e+00	0.000000e+00
417	2.875067e+15	0.000000e+00	0.000000e+00	0.000000e+00
418	2.876903e+15	0.000000e+00	0.000000e+00	0.000000e+00
419	2.878737e+15	0.000000e+00	0.000000e+00	0.000000e+00
420	2.880569e+15	0.000000e+00	0.000000e+00	0.000000e+00
421	2.882399e+15	0.000000e+00	0.000000e+00	0.000000e+00
422	2.884226e+15	0.000000e+00	0.000000e+00	0.000000e+00
423	2.886052e+15	0.000000e+00	0.000000e+00	0.000000e+00
424	2.887875e+15	0.000000e+00	0.000000e+00	0.000000e+00
425	2.889697e+15	0.000000e+00	0.000000e+00	0.000000e+00
426	2.891516e+15	0.000000e+00	0.000000e+00	0.000000e+00
427	2.893334e+15	0.000000e+00	0.000000e+00	0.000000e+00
428	2.895149e+15	0.000000e+00	0.000000e+00	0.000000e+00
429	2.896962e+15	0.000000e+00	0.000000e+00	0.000000e+00
430	2.898773e+15	0.000000e+00	0.000000e+00	0.000000e+00
431	2.900581e+15	0.000000e+00	0.000000e+00	0.000000e+00
432	2.902388e+15	0.000000e+00	0.000000e+00	0.000000e+00
433	2.904192e+15	0.000000e+00	0.000000e+00	0.000000e+00
434	2.905995e+15	0.000000e+00	0.000000e+00	0.000000e+00
435	2.907795e+15	0.000000e+00	0.000000e+00	0.000000e+00
436	2.909594e+15	0.000000e+00	0.000000e+00	0.000000e+00
437	2.911391e+15	0.000000e+00	0.000000e+00	0.000000e+00
438	2.913186e+15	0.000000e+00	0.000000e+00	0.000000e+00
439	2.914979e+15	0.000000e+00	0.000000e+00	0.000000e+00
440	2.916770e+15	0.000000e+00	0.000000e+00	0.000000e+00
441	2.918560e+15	0.000000e+00	0.000000e+00	0.000000e+00
442	2.920347e+15	0.000000e+00	0.000000e+00	0.000000e+00
443	2.922133e+15	0.000000e+00	0.000000e+00	0.000000e+00
444	2.923917e+15	0.000000e+00	0.000000e+00	0.000000e+00
445	2.925698e+15	0.000000e+00	0.000000e+00	0.000000e+00
446	2.927478e+15	0.000000e+00	0.000000e+00	0.000000e+00
447	2.929257e+15	0.000000e+00	0.000000e+00	0.000000e+00
448	2.931033e+15	0.000000e+00	0.000000e+00	0.000000e+00
449	2.932808e+15	0.000000e+00	0.000000e+00	0.000000e+00
450	2.934582e+15	0.000000e+00	0.000000e+00	0.000000e+00
451	2.936353e+15	0.000000e+00	0.000000e+00	0.000000e+00
452	2.938123e+15	0.000000e+00	0.000000e+00	0.000000e+00
453	2.939892e+15	0.000000e+00	0.000000e+00	0.000000e+00
454	2.941660e+15	0.000000e+00	0.000000e+00	0.000000e+00
455	2.943426e+15	0.000000e+00	0.000000e+00	0.000000e+00
456	2.945190e+15	0.000000e+00	0.000000e+00	0.000000e+00
457	2.946953e+15	0.000000e+00	0.000000e+00	0.000000e+00
458	2.948715e+15	0.000000e+00	0.000000e+00	0.000000e+00
459	2.950475e+15	0.000000e+00	0.000000e+00	0.000000e+00
460	2.952233e+15	0.000000e+00	0.000000e+00	0.000000e+00
461	2.953991e+15	0.000000e+00	0.000000e+00	0.000000e+00
462	2.955746e+15	0.000000e+00	0.000000e+00	0.000000e+00
463	2.957500e+15	0.000000e+00	0.000000e+00	0.000000e+00
464	2.959252e+15	0.000000e+00	0.000000e+00	0.000000e+00
465	2.961003e+15	0.000000e+00	0.000000e+00	0.000000e+00
466	2.962752e+15	0.000000e+00	0.000000e+00	0.000000e+00
467	2.964500e+15	0.000000e+00	0.000000e+00	0.000000e+00
468	2.966246e+15	0.000000e+00	0.000000e+00	0.000000e+00
469	2.967992e+15	0.000000e+00	0.000000e+00	0.000000e+00
470	2.969737e+15	0.000000e+00	0.000000e+00	0.000000e+00
471	2.971480e+15	0.000000e+00	0.000000e+00	0.000000e+00
472	2.973221e+15	0.000000e+00	0.000000e+00	0.000000e+00
473	2.974962e+15	0.000000e+00	0.000000e+00	0.000000e+00
474	2.976701e+15	0.000000e+00	0.000000e+00	0.000000e+00
475	2.978439e+15	0.000000e+00	0.000000e+00	0.000000e+00
476	2.980175e+15	0.000000e+00	0.000000e+00	0.000000e+00
477	2.981911e+15	0.000000e+00	0.000000e+00	0.000000e+00
478	2.983645e+15	0.000000e+00	0.000000e+00	0.000000e+00
479	2.985378e+15	0.000000e+00	0.000000e+00	0.000000e+00
480	2.987111e+15	0.000000e+00	0.000000e+00	0.000000e+00
481	2.988841e+15	0.000000e+00	0.000000e+00	0.000000e+00
482	2.990571e+15	0.000000e+00	0.000000e+00	0.000000e+00
483	2.992300e+15	0.000000e+00	0.000000e+00	0.000000e+00
484	2.994027e+15	0.000000e+00	0.000000e+00	0.000000e+00
485	2.995753e+15	0.000000e+00	0.000000e+00	0.000000e+00
486	2.997478e+15	0.000000e+00	0.000000e+00	0.000000e+00
487	2.999201e+15	0.000000e+00	0.000000e+00	0.000000e+00
488	3.000924e+15	0.000000e+00	0.000000e+00	0.000000e+00
489	3.002646e+15	0.000000e+00	0.000000e+00	0.000000e+00
490	3.004366e+15	0.000000e+00	0.000000e+00	0.000000e+00
491	3.006086e+15	0.000000e+00	0.000000e+00	0.000000e+00
492	3.007804e+15	0.000000e+00	0.000000e+00	0.000000e+00
493	3.009521e+15	0.000000e+00	0.000000e+00	0.000000e+00
494	3.011237e+15	0.000000e+00	0.000000e+00	0.000000e+00
495	3.012952e+15	0.000000e+00	0.000000e+00	0.000000e+00
496	3.014665e+15	0.000000e+00	0.000000e+00	0.000000e+00
497	3.016377e+15	0.000000e+00	0.000000e+00	0.000000e+00
498	3.018088e+15	0.000000e+00	0.000000e+00	0.000000e+00
499	3.019798e+15	0.000000e+00	0.000000e+00	0.000000e+00
500	3.021507e+15	0.000000e+00	0.000000e+00	0.000000e+00
501	3.023215e+15	0.000000e+00	0.000000e+00	0.000000e+00
502	3.024922e+15	0.000000e+00	0.000000e+00	0.000000e+00
503	3.026628e+15	0.000000e+00	0.000000e+00	0.000000e+00
504	3.028333e+15	0.000000e+00	0.000000e+00	0.000000e+00
505	3.030037e+15	0.000000e+00	0.000000e+00	0.000000e+00
506	3.031741e+15	0.000000e+00	0.000000e+00	0.000000e+00
507	3.033443e+15	0.000000e+00	0.000000e+00	0.000000e+00
508	3.035144e+15	0.000000e+00	0.000000e+00	0.000000e+00
509	3.036844e+15	0.000000e+00	0.000000e+00	0.000000e+00
510	3.038543e+15	0.000000e+00	0.000000e+00	0.000000e+00
511	3.040240e+15	0.000000e+00	0.000000e+00	0.000000e+00
512	3.041936e+15	0.000000e+00	0.000000e+00	0.000000e+00
513	3.043631e+15	0.000000e+00	0.000000e+00	0.000000e+00
514	3.045325e+15	0.000000e+00	0.000000e+00	0.000000e+00
515	3.047017e+15	0.000000e+00	0.000000e+00	0.000000e+00
516	3.048709e+15	0.000000e+00	0.000000e+00	0.000000e+00
517	3.050399e+15	0.000000e+00	0.000000e+00	0.000000e+00
518	3.052088e+15	0.000000e+00	0.000000e+00	0.000000e+00
519	3.053775e+15	0.000000e+00	0.000000e+00	0.000000e+00
520	3.055462e+15	0.000000e+00	0.000000e+00	0.000000e+00
521	3.057148e+15	0.000000e+00	0.000000e+00	0.000000e+00
522	3.058832e+15	0.000000e+00	0.000000e+00	0.000000e+00
523	3.060514e+15	0.000000e+00	0.000000e+00	0.000000e+00
524	3.062196e+15	0.000000e+00	0.000000e+00	0.000000e+00
525	3.063875e+15	0.000000e+00	0.000000e+00	0.000000e+00
526	3.065554e+15	0.000000e+00	0.000000e+00	0.000000e+00
527	3.067230e+15	0.000000e+00	0.000000e+00	0.000000e+00
528	3.068906e+15	0.000000e+00	0.000000e+00	0.000000e+00
529	3.070579e+15	0.000000e+00	0.000000e+00	0.000000e+00
530	3.072252e+15	0.000000e+00	0.000000e+00	0.000000e+00
531	3.073922e+15	0.000000e+00	0.000000e+00	0.000000e+00
532	3.075591e+15	0.000000e+00	0.000000e+00	0.000000e+00
533	3.077258e+15	0.000000e+00	0.000000e+00	0.000000e+00
534	3.078924e+15	0.000000e+00	0.000000e+00	0.000000e+00
535	3.080587e+15	0.000000e+00	0.000000e+00	0.000000e+00
536	3.082249e+15	0.000000e+00	0.000000e+00	0.000000e+00
537	3.083908e+15	0.000000e+00	0.000000e+00	0.000000e+00
538	3.085566e+15	0.000000e+00	0.000000e+00	0.000000e+00
539	3.087222e+15	0.000000e+00	0.000000e+00	0.000000e+00
540	3.088876e+15	0.000000e+00	0.000000e+00	0.000000e+00
541	3.090526e+15	0.000000e+00	0.000000e+00	0.000000e+00
542	3.092174e+15	0.000000e+00	0.000000e+00	0.000000e+00
543	3.093820e+15	0.000000e+00	0.000000e+00	0.000000e+00
544	3.095462e+15	0.000000e+00	0.000000e+00	0.000000e+00
545	3.097100e+15	0.000000e+00	0.000000e+00	0.000000e+00
546	3.098735e+15	0.000000e+00	0.000000e+00	0.000000e+00
547	3.100364e+15	0.000000e+00	0.000000e+00	0.000000e+00
548	3.101989e+15	0.000000e+00	0.000000e+00	0.000000e+00
549	3.103609e+15	0.000000e+00	0.000000e+00	0.000000e+00
550	3.105224e+15	0.000000e+00	0.000000e+00	0.000000e+00
551	3.106831e+15	0.000000e+00	0.000000e+00	0.000000e+00
552	3.108430e+15	0.000000e+00	0.000000e+00	0.000000e+00
553	3.110010e+15	0.000000e+00	0.000000e+00	0.000000e+00
554	3.111447e+15	0.000000e+00	0.000000e+00	0.000000e+00
555	3.112732e+15	0.000000e+00	0.000000e+00	0.000000e+00
556	3.113867e+15	0.000000e+00	0.000000e+00	0.000000e+00
557	3.114550e+15	0.000000e+00	0.000000e+00	0.000000e+00
558	3.115224e+15	0.000000e+00	0.000000e+00	0.000000e+00
559	3.115637e+15	0.000000e+00	0.000000e+00	0.000000e+00
560	3.116048e+15	0.000000e+00	0.000000e+00	0.000000e+00
561	3.116542e+15	0.000000e+00	0.000000e+00	0.000000e+00
562	3.117135e+15	0.000000e+00	0.000000e+00	0.000000e+00
563	3.117597e+15	0.000000e+00	0.000000e+00	0.000000e+00
564	3.117966e+15	0.000000e+00	0.000000e+00	0.000000e+00
565	3.118334e+15	0.000000e+00	0.000000e+00	0.000000e+00
566	3.118649e+15	0.000000e+00	0.000000e+00	0.000000e+00
567	3.118949e+15	0.000000e+00	0.000000e+00	0.000000e+00
568	3.119230e+15	0.000000e+00	0.000000e+00	0.000000e+00
569	3.119477e+15	0.000000e+00	0.000000e+00	0.000000e+00
570	3.119714e+15	0.000000e+00	0.000000e+00	0.000000e+00
571	3.119957e+15	0.000000e+00	0.000000e+00	0.000000e+00
572	3.120219e+15	0.000000e+00	0.000000e+00	0.000000e+00
573	3.120491e+15	0.000000e+00	0.000000e+00	0.000000e+00
574	3.120770e+15	0.000000e+00	0.000000e+00	0.000000e+00
575	3.121052e+15	0.000000e+00	0.000000e+00	0.000000e+00
576	3.121325e+15	0.000000e+00	0.000000e+00	0.000000e+00
577	3.121597e+15	0.000000e+00	0.000000e+00	0.000000e+00
578	3.121858e+15	0.000000e+00	0.000000e+00	0.000000e+00
579	3.122111e+15	0.000000e+00	0.000000e+00	0.000000e+00
580	3.122356e+15	0.000000e+00	0.000000e+00	0.000000e+00
581	3.122598e+15	0.000000e+00	0.000000e+00	0.000000e+00
582	3.122841e+15	0.000000e+00	0.000000e+00	0.000000e+00
583	3.123086e+15	0.000000e+00	0.000000e+00	0.000000e+00
584	3.123320e+15	0.000000e+00	0.000000e+00	0.000000e+00
585	3.123534e+15	0.000000e+00	0.000000e+00	0.000000e+00
586	3.123739e+15	0.000000e+00	0.000000e+00	0.000000e+00
587	3.123960e+15	0.000000e+00	0.000000e+00	0.000000e+00
588	3.124198e+15	0.000000e+00	0.000000e+00	0.000000e+00
589	3.124432e+15	0.000000e+00	0.000000e+00	0.000000e+00
590	3.124653e+15	0.000000e+00	0.000000e+00	0.000000e+00
591	3.124867e+15	0.000000e+00	0.000000e+00	0.000000e+00
592	3.125094e+15	0.000000e+00	0.000000e+00	0.000000e+00
593	3.125320e+15	0.000000e+00	0.000000e+00	0.000000e+00
594	3.125542e+15	0.000000e+00	0.000000e+00	0.000000e+00
595	3.125769e+15	0.000000e+00	0.000000e+00	0.000000e+00
596	3.125989e+15	0.000000e+00	0.000000e+00	0.000000e+00
597	3.126197e+15	0.000000e+00	0.000000e+00	0.000000e+00
598	3.126392e+15	0.000000e+00	0.000000e+00	0.000000e+00
599	3.126573e+15	0.000000e+00	0.000000e+00	0.000000e+00
600	3.126767e+15	0.000000e+00	0.000000e+00	0.000000e+00
601	3.126976e+15	0.000000e+00	0.000000e+00	0.000000e+00
602	3.127188e+15	0.000000e+00	0.000000e+00	0.000000e+00
603	3.127409e+15	0.000000e+00	0.000000e+00	0.000000e+00
604	3.127628e+15	0.000000e+00	0.000000e+00	0.000000e+00
605	3.127844e+15	0.000000e+00	0.000000e+00	0.000000e+00
606	3.128049e+15	0.000000e+00	0.000000e+00	0.000000e+00
607	3.128254e+15	0.000000e+00	0.000000e+00	0.000000e+00
608	3.128455e+15	0.000000e+00	0.000000e+00	0.000000e+00
609	3.128648e+15	0.000000e+00	0.000000e+00	0.000000e+00
610	3.128849e+15	0.000000e+00	0.000000e+00	0.000000e+00
611	3.129039e+15	0.000000e+00	0.000000e+00	0.000000e+00
612	3.129215e+15	0.000000e+00	0.000000e+00	0.000000e+00
613	3.129400e+15	0.000000e+00	0.000000e+00	0.000000e+00
614	3.129588e+15	0.000000e+00	0.000000e+00	0.000000e+00
615	3.129787e+15	0.000000e+00	0.000000e+00	0.000000e+00
616	3.130001e+15	0.000000e+00	0.000000e+00	0.000000e+00
617	3.130200e+15	0.000000e+00	0.000000e+00	0.000000e+00
618	3.130395e+15	0.000000e+00	0.000000e+00	0.000000e+00
619	3.130587e+15	0.000000e+00	0.000000e+00	0.000000e+00
620	3.130775e+15	0.000000e+00	0.000000e+00	0.000000e+00
621	3.130966e+15	0.000000e+00	0.000000e+00	0.000000e+00
622	3.131158e+15	0.000000e+00	0.000000e+00	0.000000e+00
623	3.131348e+15	0.000000e+00	0.000000e+00	0.000000e+00
624	3.131540e+15	0.000000e+00	0.000000e+00	0.000000e+00
625	3.131735e+15	0.000000e+00	0.000000e+00	0.000000e+00
626	3.131934e+15	0.000000e+00	0.000000e+00	0.000000e+00
627	3.132130e+15	0.000000e+00	0.000000e+00	0.000000e+00
628	3.132319e+15	0.000000e+00	0.000000e+00	0.000000e+00
629	3.132504e+15	0.000000e+00	0.000000e+00	0.000000e+00
630	3.132686e+15	0.000000e+00	0.000000e+00	0.000000e+00
631	3.132867e+15	0.000000e+00	0.000000e+00	0.000000e+00
632	3.133051e+15	0.000000e+00	2.105281e-02	0.000000e+00
633	3.133245e+15	0.000000e+00	1.906213e-01	0.000000e+00
634	3.133436e+15	0.000000e+00	5.896861e-01	4.178793e+14
635	3.133622e+15	0.000000e+00	1.378374e+00	1.898998e+15
636	3.133806e+15	0.000000e+00	2.722345e+00	4.260735e+15
637	3.133985e+15	0.000000e+00	4.160494e+00	1.111271e+16
638	3.134164e+15	0.000000e+00	5.636230e+00	1.714650e+16
639	3.134347e+15	0.000000e+00	6.674621e+00	1.878166e+16
640	3.134540e+15	0.000000e+00	8.162686e+00	2.342107e+16
641	3.134727e+15	0.000000e+00	9.251767e+00	1.984118e+16
642	3.134904e+15	0.000000e+00	8.618525e+00	2.126315e+16
643	3.135086e+15	0.000000e+00	9.770315e+00	1.875645e+16
644	3.135265e+15	0.000000e+00	1.204794e+01	2.042382e+16
645	3.135433e+15	0.000000e+00	1.205192e+01	2.350045e+16
646	3.135598e+15	0.000000e+00	1.121759e+01	2.134656e+16
647	3.135765e+15	0.000000e+00	1.007744e+01	2.307140e+16
648	3.135946e+15	0.000000e+00	1.316456e+01	2.689693e+16
649	3.136124e+15	0.000000e+00	1.433483e+01	3.345227e+16
650	3.136302e+15	0.000000e+00	1.578020e+01	4.006355e+16
651	3.136479e+15	0.000000e+00	1.665076e+01	3.482554e+16
652	3.136654e+15	0.000000e+00	1.574346e+01	3.390148e+16
653	3.136842e+15	0.000000e+00	1.964614e+01	3.507203e+16
654	3.137027e+15	0.000000e+00	2.178758e+01	3.028275e+16
655	3.137216e+15	0.000000e+00	3.169876e+01	3.426436e+16
656	3.137391e+15	0.000000e+00	3.259745e+01	5.502910e+16
657	3.137566e+15	0.000000e+00	3.887318e+01	4.467667e+16
658	3.137737e+15	0.000000e+00	3.862432e+01	5.430293e+16
659	3.137913e+15	0.000000e+00	4.383618e+01	6.326402e+16
660	3.138093e+15	0.000000e+00	5.477774e+01	5.370170e+16
661	3.138268e+15	0.000000e+00	5.959153e+01	6.135269e+16
662	3.138438e+15	0.000000e+00	6.476020e+01	5.430469e+16
663	3.138601e+15	0.000000e+00	6.295838e+01	2.917874e+16
664	3.138760e+15	0.000000e+00	6.700643e+01	4.731599e+16
665	3.138918e+15	0.000000e+00	6.876966e+01	5.749882e+16
666	3.139076e+15	0.000000e+00	6.470586e+01	5.322735e+16
667	3.139243e+15	0.000000e+00	7.788979e+01	5.313651e+16
668	3.139413e+15	0.000000e+00	8.758050e+01	6.187239e+16
669	3.139582e+15	0.000000e+00	1.013486e+02	5.987151e+16
670	3.139746e+15	0.000000e+00	1.030848e+02	7.497028e+16
671	3.139915e+15	0.000000e+00	1.063063e+02	6.360662e+16
672	3.140091e+15	0.000000e+00	1.140424e+02	7.130193e+16
673	3.140267e+15	0.000000e+00	1.256319e+02	6.154221e+16
674	3.140440e+15	0.000000e+00	1.344227e+02	7.316516e+16
675	3.140607e+15	0.000000e+00	1.474990e+02	7.345228e+16
676	3.140769e+15	0.000000e+00	1.483924e+02	6.169792e+16
677	3.140930e+15	0.000000e+00	1.457724e+02	6.735484e+16
678	3.141095e+15	0.000000e+00	1.672945e+02	6.589369e+16
679	3.141260e+15	0.000000e+00	1.681681e+02	6.499688e+16
680	3.141428e+15	0.000000e+00	1.816479e+02	8.818424e+16
681	3.141597e+15	0.000000e+00	2.001367e+02	7.481676e+16
682	3.141764e+15	0.000000e+00	2.076787e+02	8.314240e+16
683	3.141926e+15	0.000000e+00	2.077111e+02	8.457710e+16
684	3.142087e+15	0.000000e+00	2.669756e+02	8.105774e+16
685	3.142228e+15	0.000000e+00	1.631753e+02	5.816315e+16
686	3.142397e+15	0.000000e+00	2.113807e+02	6.197468e+16
687	3.142573e+15	0.000000e+00	2.287199e+02	4.395658e+16
688	3.142750e+15	0.000000e+00	2.457401e+02	7.246324e+16
689	3.142922e+15	0.000000e+00	2.542043e+02	6.032009e+16
690	3.143086e+15	0.000000e+00	2.485624e+02	5.097644e+16
691	3.143247e+15	0.000000e+00	3.411475e+02	7.801015e+16
692	3.143378e+15	0.000000e+00	1.985123e+02	3.532804e+16
693	3.143536e+15	0.000000e+00	2.570833e+02	7.324596e+16
694	3.143698e+15	0.000000e+00	3.022445e+02	8.256101e+16
695	3.143849e+15	0.000000e+00	2.686714e+02	6.456875e+16
696	3.144002e+15	0.000000e+00	2.855798e+02	8.082154e+16
697	3.144155e+15	0.000000e+00	2.974265e+02	6.970265e+16
698	3.144305e+15	0.000000e+00	2.894269e+02	6.464534e+16
699	3.144454e+15	0.000000e+00	2.901561e+02	8.114986e+16
700	3.144605e+15	0.000000e+00	2.905698e+02	6.891759e+16
701	3.144757e+15	0.000000e+00	2.828733e+02	6.644052e+16
702	3.144915e+15	0.000000e+00	3.060335e+02	5.633772e+16
703	3.145072e+15	0.000000e+00	2.917399e+02	5.889613e+16
704	3.145233e+15	0.000000e+00	3.058508e+02	8.989620e+16
705	3.145396e+15	0.000000e+00	3.261599e+02	1.134693e+17
706	3.145557e+15	0.000000e+00	3.200035e+02	1.088958e+17
707	3.145719e+15	0.000000e+00	3.443932e+02	1.104783e+17
708	3.145875e+15	0.000000e+00	3.322668e+02	9.180193e+16
709	3.146032e+15	0.000000e+00	3.093734e+02	9.642664e+16
710	3.146199e+15	0.000000e+00	3.244685e+02	1.022479e+17
711	3.146374e+15	0.000000e+00	3.695410e+02	1.054441e+17
712	3.146543e+15	0.000000e+00	3.770450e+02	1.213233e+17
713	3.146704e+15	0.000000e+00	4.081424e+02	9.239870e+16
714	3.146848e+15	0.000000e+00	4.005631e+02	9.887616e+16
715	3.146981e+15	0.000000e+00	2.867584e+02	7.124168e+16
716	3.147136e+15	0.000000e+00	4.034243e+02	9.844068e+16
717	3.147281e+15	0.000000e+00	3.296078e+02	8.464274e+16
718	3.147441e+15	0.000000e+00	3.938410e+02	1.107015e+17
719	3.147598e+15	0.000000e+00	3.857122e+02	1.127782e+17
720	3.147754e+15	0.000000e+00	3.338133e+02	7.624061e+16
721	3.147925e+15	0.000000e+00	3.801698e+02	9.019132e+16
722	3.148097e+15	0.000000e+00	4.147102e+02	1.167833e+17
723	3.148261e+15	0.000000e+00	4.095169e+02	1.299563e+17
724	3.148422e+15	0.000000e+00	4.123160e+02	7.003432e+16
725	3.148578e+15	0.000000e+00	4.056777e+02	9.874408e+16
726	3.148731e+15	0.000000e+00	4.193271e+02	9.781727e+16
727	3.148881e+15	0.000000e+00	4.016226e+02	9.947517e+16
728	3.149033e+15	0.000000e+00	3.753360e+02	9.782032e+16
729	3.149194e+15	0.000000e+00	3.875976e+02	1.145523e+17
730	3.149364e+15	0.000000e+00	4.507682e+02	1.006673e+17
731	3.149524e+15	0.000000e+00	4.281434e+02	1.215803e+17
732	3.149682e+15	0.000000e+00	3.810819e+02	9.297467e+16
733	3.149851e+15	0.000000e+00	4.397150e+02	1.102059e+17
734	3.150017e+15	5.484982e-03	4.288821e+02	1.459721e+17
735	3.150180e+15	1.158081e-01	3.956462e+02	1.064453e+17
736	3.150351e+15	3.319227e-01	5.013352e+02	1.274018e+17
737	3.150505e+15	4.572292e-01	4.019900e+02	1.075288e+17
738	3.150667e+15	7.703402e-01	5.187670e+02	1.545519e+17
739	3.150812e+15	9.041088e-01	3.985864e+02	9.214751e+16
740	3.150966e+15	1.125890e+00	3.807662e+02	1.066255e+17
741	3.151139e+15	1.954621e+00	6.062311e+02	1.590900e+17
742	3.151278e+15	1.607767e+00	3.699365e+02	9.732001e+16
743	3.151437e+15	2.177856e+00	4.684681e+02	1.184889e+17
744	3.151593e+15	4.681622e+00	4.651923e+02	1.026353e+17
745	3.151749e+15	7.548033e+00	4.176435e+02	9.155241e+16
746	3.151915e+15	1.760075e+01	7.425477e+02	1.564702e+17
747	3.152031e+15	1.349170e+01	3.526787e+02	6.555016e+16
748	3.152170e+15	1.893602e+01	3.968389e+02	1.120283e+17
749	3.152325e+15	2.218832e+01	3.695379e+02	1.168843e+17
750	3.152504e+15	4.067353e+01	6.327205e+02	1.448858e+17
751	3.152647e+15	3.449078e+01	3.908448e+02	8.379818e+16
752	3.152808e+15	4.365209e+01	4.591204e+02	1.135614e+17
753	3.152972e+15	5.060347e+01	4.981618e+02	1.028382e+17
754	3.153131e+15	5.434987e+01	4.881727e+02	1.413300e+17
755	3.153287e+15	5.788713e+01	4.639660e+02	1.129561e+17
756	3.153446e+15	7.780217e+01	5.618225e+02	1.194609e+17
757	3.153588e+15	7.130430e+01	4.254557e+02	8.580785e+16
758	3.153741e+15	9.230913e+01	5.287696e+02	1.389861e+17
759	3.153885e+15	9.211459e+01	4.620103e+02	9.608332e+16
760	3.154034e+15	1.033729e+02	4.641056e+02	1.234428e+17
761	3.154189e+15	1.008974e+02	4.061173e+02	1.199740e+17
762	3.154367e+15	1.216772e+02	4.727995e+02	1.126888e+17
763	3.154551e+15	1.509526e+02	5.608243e+02	1.326115e+17
764	3.154720e+15	1.522140e+02	5.203806e+02	1.257796e+17
765	3.154884e+15	1.528802e+02	4.929023e+02	1.352725e+17
766	3.155050e+15	1.578487e+02	4.792708e+02	1.332493e+17
767	3.155223e+15	1.689532e+02	4.873102e+02	1.176417e+17
768	3.155398e+15	2.333702e+02	7.177845e+02	1.435466e+17
769	3.155534e+15	1.520638e+02	3.875290e+02	1.106174e+17
770	3.155697e+15	1.877740e+02	4.964762e+02	1.317052e+17
771	3.155864e+15	2.431364e+02	6.690021e+02	1.398233e+17
772	3.156002e+15	1.711737e+02	3.976993e+02	9.069868e+16
773	3.156167e+15	2.142246e+02	5.141800e+02	1.103526e+17
774	3.156333e+15	2.310837e+02	5.393170e+02	1.128625e+17
775	3.156493e+15	2.454832e+02	5.526232e+02	1.257820e+17
776	3.156646e+15	2.112835e+02	4.346224e+02	1.065995e+17
777	3.156818e+15	2.780488e+02	5.983058e+02	1.158819e+17
778	3.156971e+15	2.688512e+02	5.704724e+02	1.166860e+17
779	3.157115e+15	2.243496e+02	4.528050e+02	1.096422e+17
780	3.157273e+15	2.559586e+02	5.410711e+02	1.242278e+17
781	3.157426e+15	2.092002e+02	3.982568e+02	1.008469e+17
782	3.157609e+15	2.656254e+02	5.591015e+02	1.315078e+17
783	3.157785e+15	2.967364e+02	6.320857e+02	1.591256e+17
784	3.157938e+15	2.524882e+02	5.055707e+02	1.403977e+17
785	3.158095e+15	2.475126e+02	4.912227e+02	1.091450e+17
786	3.158261e+15	2.996097e+02	6.179533e+02	1.544150e+17
787	3.158409e+15	2.416847e+02	4.683871e+02	1.245162e+17
788	3.158572e+15	2.780628e+02	5.633050e+02	1.398796e+17
789	3.158731e+15	2.608069e+02	4.979849e+02	1.474806e+17
790	3.158900e+15	3.407589e+02	7.011866e+02	1.086337e+17
791	3.159040e+15	2.390223e+02	4.215335e+02	1.034300e+17
792	3.159207e+15	2.789558e+02	5.162107e+02	1.501189e+17
793	3.159381e+15	3.116631e+02	5.782541e+02	1.124664e+17
794	3.159549e+15	2.921322e+02	5.302407e+02	1.308557e+17
795	3.159721e+15	3.424417e+02	6.431593e+02	1.759711e+17
796	3.159875e+15	3.420827e+02	6.523140e+02	1.279622e+17
797	3.160014e+15	2.608021e+02	4.436953e+02	9.519395e+16
798	3.160175e+15	3.064536e+02	5.500042e+02	1.744350e+17
799	3.160339e+15	3.872519e+02	7.298632e+02	2.052721e+17
800	3.160474e+15	2.766560e+02	4.636903e+02	1.173096e+17
801	3.160626e+15	2.833343e+02	4.989397e+02	1.251395e+17
802	3.160794e+15	3.258742e+02	5.961510e+02	1.948512e+17
803	3.160956e+15	3.141686e+02	5.573283e+02	1.705117e+17
804	3.161120e+15	3.838736e+02	7.289878e+02	1.674829e+17
805	3.161256e+15	3.357364e+02	6.020460e+02	1.237171e+17
806	3.161385e+15	2.677046e+02	4.379957e+02	7.930045e+16
807	3.161536e+15	3.752920e+02	6.820287e+02	1.853420e+17
808	3.161668e+15	2.925877e+02	4.760070e+02	8.786599e+16
809	3.161818e+15	2.814110e+02	4.499790e+02	1.114687e+17
810	3.161995e+15	3.723348e+02	6.529180e+02	1.596270e+17
811	3.162157e+15	4.196062e+02	7.524036e+02	1.867900e+17
812	3.162290e+15	3.843553e+02	6.631478e+02	1.299224e+17
813	3.162410e+15	2.866915e+02	4.360724e+02	8.452026e+16
814	3.162553e+15	3.144994e+02	4.898893e+02	1.049927e+17
815	3.162712e+15	4.854706e+02	8.735069e+02	1.959834e+17
816	3.162830e+15	2.946264e+02	4.472849e+02	7.971352e+16
817	3.162969e+15	3.155667e+02	4.981102e+02	1.124241e+17
818	3.163124e+15	3.945870e+02	6.690168e+02	1.594579e+17
819	3.163265e+15	3.564455e+02	5.775196e+02	1.086737e+17
820	3.163406e+15	4.021164e+02	6.889639e+02	1.247607e+17
821	3.163532e+15	3.248505e+02	5.108815e+02	9.869433e+16
822	3.163671e+15	3.442427e+02	5.583686e+02	1.067182e+17
823	3.163817e+15	3.806450e+02	6.466798e+02	1.354297e+17
824	3.163957e+15	3.018912e+02	4.570936e+02	1.181075e+17
825	3.164125e+15	3.517454e+02	5.526782e+02	1.239810e+17
826	3.164300e+15	3.649033e+02	5.894700e+02	1.892966e+17
827	3.164477e+15	4.317539e+02	7.611860e+02	1.604678e+17
828	3.164628e+15	3.310455e+02	5.376934e+02	1.079434e+17
829	3.164793e+15	4.924800e+02	8.850667e+02	1.771220e+17
830	3.164917e+15	3.542055e+02	5.797567e+02	1.041000e+17
831	3.165045e+15	3.321867e+02	5.441596e+02	1.106093e+17
832	3.165185e+15	3.030744e+02	4.698734e+02	1.175093e+17
833	3.165353e+15	3.975486e+02	6.780712e+02	1.578625e+17
834	3.165509e+15	4.586266e+02	8.209010e+02	1.553405e+17
835	3.165637e+15	3.317545e+02	5.286814e+02	1.422367e+17
836	3.165779e+15	3.687366e+02	6.049004e+02	1.267628e+17
837	3.165923e+15	3.137739e+02	4.650935e+02	1.056413e+17
838	3.166093e+15	3.916599e+02	6.398221e+02	1.705846e+17
839	3.166258e+15	5.208789e+02	9.272345e+02	1.638205e+17
840	3.166380e+15	3.095281e+02	4.554692e+02	8.854179e+16
841	3.166526e+15	3.120975e+02	4.593530e+02	1.189733e+17
842	3.166701e+15	4.287008e+02	7.135070e+02	2.000408e+17
843	3.166857e+15	4.054755e+02	6.551477e+02	1.483477e+17
844	3.167006e+15	3.772378e+02	6.006505e+02	1.658945e+17
845	3.167156e+15	4.119938e+02	6.951071e+02	1.314448e+17
846	3.167297e+15	3.396087e+02	5.199958e+02	9.198237e+16
847	3.167455e+15	3.856375e+02	6.375530e+02	1.535538e+17
848	3.167609e+15	3.788880e+02	6.037530e+02	8.707488e+16
849	3.167762e+15	4.213910e+02	6.675529e+02	1.006576e+17
850	3.167901e+15	3.871196e+02	5.983790e+02	9.761266e+16
851	3.168038e+15	3.729827e+02	5.630108e+02	8.874954e+16
852	3.168181e+15	4.061133e+02	6.335749e+02	1.401037e+17
853	3.168317e+15	3.775758e+02	5.632126e+02	9.441812e+16
854	3.168457e+15	4.819758e+02	7.806974e+02	1.165766e+17
855	3.168572e+15	3.503310e+02	4.861660e+02	9.331802e+16
856	3.168701e+15	3.770365e+02	5.318611e+02	9.037029e+16
857	3.168835e+15	3.286770e+02	4.321994e+02	8.281936e+16
858	3.168997e+15	3.438872e+02	4.617579e+02	1.094102e+17
859	3.169186e+15	4.051835e+02	5.664765e+02	1.763696e+17
860	3.169376e+15	6.421752e+02	1.046879e+03	1.785199e+17
861	3.169497e+15	3.305015e+02	4.146217e+02	7.103397e+16
862	3.169643e+15	4.140141e+02	5.643785e+02	1.192385e+17
863	3.169785e+15	3.909754e+02	5.216087e+02	6.522984e+16
864	3.169931e+15	4.109038e+02	5.630375e+02	9.061306e+16
865	3.170074e+15	3.888965e+02	5.315120e+02	7.929087e+16
866	3.170223e+15	4.183359e+02	5.759519e+02	1.204837e+17
867	3.170368e+15	3.998153e+02	5.457886e+02	7.702827e+16
868	3.170513e+15	5.472086e+02	8.220339e+02	1.158079e+17
869	3.170624e+15	3.356910e+02	4.117366e+02	4.717115e+16
870	3.170757e+15	3.340958e+02	4.074266e+02	5.714465e+16
871	3.170916e+15	4.036572e+02	5.304326e+02	1.098144e+17
872	3.171075e+15	3.524083e+02	4.340994e+02	6.343270e+16
873	3.171259e+15	5.405247e+02	7.321279e+02	6.987573e+16
874	3.171400e+15	4.795380e+02	6.265807e+02	6.906313e+16
875	3.171522e+15	4.745830e+02	6.161373e+02	5.347192e+16
876	3.171629e+15	4.648387e+02	5.991775e+02	5.167085e+16
877	3.171725e+15	3.404004e+02	3.839695e+02	3.213413e+16
878	3.171840e+15	3.396509e+02	3.855528e+02	6.847116e+16
879	3.171979e+15	3.709550e+02	4.353490e+02	7.257640e+16
880	3.172132e+15	5.307712e+02	6.871089e+02	8.881354e+16
881	3.172253e+15	3.404342e+02	3.717367e+02	7.229777e+16
882	3.172398e+15	4.037503e+02	4.628478e+02	5.625078e+16
883	3.172547e+15	3.405882e+02	3.663119e+02	6.152932e+16
884	3.172725e+15	5.322242e+02	6.425801e+02	9.287017e+16
885	3.172865e+15	4.023357e+02	4.429551e+02	3.770238e+16
886	3.173006e+15	4.315955e+02	4.867024e+02	6.674382e+16
887	3.173139e+15	4.809649e+02	5.578442e+02	7.302231e+16
888	3.173252e+15	3.322821e+02	3.462091e+02	8.987708e+16
889	3.173387e+15	3.332070e+02	3.490504e+02	6.630013e+16
890	3.173550e+15	3.922605e+02	4.237567e+02	9.975270e+16
891	3.173719e+15	5.409116e+02	6.185290e+02	1.363306e+17
892	3.173849e+15	4.151345e+02	4.411974e+02	7.251481e+16
893	3.173975e+15	4.513401e+02	4.843524e+02	5.690749e+16
894	3.174089e+15	3.305991e+02	3.249369e+02	7.819141e+16
895	3.174226e+15	4.187737e+02	4.467007e+02	7.554413e+16
896	3.174357e+15	4.264400e+02	4.557100e+02	8.194415e+16
897	3.174480e+15	3.244748e+02	3.204234e+02	4.715946e+16
898	3.174627e+15	3.641072e+02	3.707644e+02	7.148784e+16
899	3.174785e+15	4.916523e+02	5.391288e+02	1.023072e+17
900	3.174912e+15	3.789702e+02	3.798444e+02	6.983980e+16
901	3.175043e+15	3.902542e+02	3.954548e+02	6.933074e+16
902	3.175176e+15	3.593062e+02	3.529374e+02	6.842242e+16
903	3.175322e+15	3.727991e+02	3.683467e+02	8.599790e+16
904	3.175478e+15	4.220800e+02	4.278611e+02	9.945971e+16
905	3.175630e+15	3.894491e+02	3.818657e+02	9.117542e+16
906	3.175787e+15	3.719998e+02	3.572714e+02	1.006280e+17
907	3.175958e+15	5.818029e+02	6.252514e+02	1.149373e+17
908	3.176081e+15	3.830945e+02	3.705238e+02	7.237432e+16
909	3.176213e+15	3.378670e+02	3.152440e+02	9.900021e+16
910	3.176372e+15	4.082445e+02	3.970430e+02	1.168019e+17
911	3.176531e+15	5.629286e+02	5.917665e+02	1.121158e+17
912	3.176651e+15	3.409101e+02	3.137336e+02	8.956309e+16
913	3.176794e+15	4.021116e+02	3.942027e+02	1.194589e+17
914	3.176942e+15	4.941477e+02	5.113598e+02	1.154287e+17
915	3.177066e+15	3.418014e+02	3.106450e+02	7.457852e+16
916	3.177215e+15	4.871929e+02	4.800728e+02	8.852843e+16
917	3.177344e+15	3.452490e+02	3.059299e+02	6.841357e+16
918	3.177499e+15	4.669927e+02	4.538346e+02	8.907295e+16
919	3.177640e+15	4.154338e+02	3.887291e+02	9.600408e+16
920	3.177783e+15	3.544334e+02	3.072768e+02	8.678431e+16
921	3.177955e+15	4.770615e+02	4.442915e+02	7.639222e+16
922	3.178113e+15	5.979803e+02	5.927651e+02	9.488186e+16
923	3.178231e+15	3.691291e+02	3.181096e+02	6.588382e+16
924	3.178373e+15	4.151613e+02	3.796028e+02	1.302920e+17
925	3.178525e+15	4.792374e+02	4.569692e+02	1.158175e+17
926	3.178668e+15	3.646786e+02	3.177493e+02	9.745464e+16
927	3.178839e+15	5.195064e+02	5.035966e+02	1.729070e+17
928	3.178986e+15	3.952009e+02	3.544961e+02	9.849078e+16
929	3.179150e+15	5.382093e+02	5.308447e+02	1.229426e+17
930	3.179287e+15	4.544752e+02	4.221493e+02	6.356485e+16
931	3.179421e+15	4.241230e+02	3.909003e+02	9.350092e+16
932	3.179561e+15	6.034968e+02	6.146265e+02	6.386172e+16
933	3.179665e+15	4.139049e+02	3.777898e+02	5.440803e+16
934	3.179776e+15	3.643449e+02	3.186777e+02	8.288812e+16
935	3.179909e+15	3.967218e+02	3.536607e+02	7.802179e+16
936	3.180058e+15	4.438993e+02	4.123908e+02	1.032137e+17
937	3.180206e+15	5.189665e+02	5.194669e+02	9.257744e+16
938	3.180332e+15	4.715262e+02	4.661592e+02	8.936941e+16
939	3.180449e+15	3.807173e+02	3.507136e+02	7.087846e+16
940	3.180582e+15	4.051788e+02	3.829374e+02	1.091804e+17
941	3.180724e+15	3.589036e+02	3.250248e+02	9.257638e+16
942	3.180893e+15	5.573781e+02	5.744779e+02	1.081296e+17
943	3.181029e+15	4.225352e+02	4.040313e+02	9.882762e+16
944	3.181169e+15	4.286890e+02	4.119917e+02	9.678178e+16
945	3.181314e+15	4.526094e+02	4.376385e+02	1.148629e+17
946	3.181456e+15	4.381024e+02	4.153218e+02	8.149196e+16
947	3.181599e+15	3.947051e+02	3.872165e+02	5.747190e+16
948	3.181752e+15	4.147568e+02	4.190871e+02	8.851222e+16
949	3.181905e+15	3.916296e+02	3.967534e+02	1.047488e+17
950	3.182066e+15	5.690866e+02	6.122863e+02	8.786612e+16
951	3.182184e+15	3.353273e+02	3.152650e+02	5.538708e+16
952	3.182325e+15	3.482562e+02	3.384100e+02	9.362079e+16
953	3.182489e+15	3.575387e+02	3.482714e+02	1.139064e+17
954	3.182674e+15	4.605732e+02	4.799404e+02	1.585674e+17
955	3.182843e+15	3.824991e+02	3.782245e+02	1.322410e+17
956	3.183027e+15	5.086315e+02	5.316507e+02	1.169503e+17
957	3.183183e+15	5.171249e+02	5.285587e+02	1.002076e+17
958	3.183317e+15	3.627455e+02	3.351998e+02	8.480123e+16
959	3.183477e+15	4.958256e+02	5.016211e+02	1.047449e+17
960	3.183623e+15	6.725909e+02	7.290708e+02	1.054851e+17
961	3.183720e+15	3.637616e+02	3.382726e+02	5.501166e+16
962	3.183838e+15	3.668662e+02	3.356400e+02	8.693824e+16
963	3.183979e+15	5.045973e+02	4.990132e+02	6.636851e+16
964	3.184105e+15	4.907898e+02	4.842693e+02	6.368900e+16
965	3.184220e+15	4.132865e+02	3.847728e+02	4.235153e+16
966	3.184344e+15	3.672566e+02	3.255387e+02	5.025703e+16
967	3.184492e+15	5.507975e+02	5.585737e+02	6.214560e+16
968	3.184613e+15	3.818711e+02	3.493427e+02	6.901865e+16
969	3.184752e+15	4.565792e+02	4.285001e+02	5.075351e+16
970	3.184887e+15	4.694425e+02	4.493644e+02	5.113826e+16
971	3.185015e+15	3.593845e+02	3.280424e+02	6.935226e+16
972	3.185168e+15	4.824356e+02	4.747419e+02	8.761715e+16
973	3.185307e+15	3.624711e+02	3.236528e+02	4.000392e+16
974	3.185475e+15	6.016255e+02	6.139839e+02	1.154912e+17
975	3.185600e+15	3.837663e+02	3.508540e+02	7.164832e+16
976	3.185743e+15	3.770118e+02	3.459822e+02	6.591402e+16
977	3.185910e+15	4.596046e+02	4.501471e+02	9.684396e+16
978	3.186072e+15	5.003035e+02	4.994510e+02	1.145951e+17
979	3.186216e+15	4.090419e+02	3.886718e+02	7.958464e+16
980	3.186372e+15	4.528295e+02	4.473228e+02	7.086271e+16
981	3.186525e+15	4.998845e+02	4.845772e+02	7.766273e+16
982	3.186661e+15	5.012837e+02	4.843318e+02	3.509118e+16
983	3.186781e+15	3.624883e+02	3.111418e+02	4.816042e+16
984	3.186926e+15	3.965109e+02	3.461679e+02	3.356412e+16
985	3.187085e+15	4.922593e+02	4.491440e+02	5.861413e+16
986	3.187228e+15	3.677258e+02	3.110002e+02	6.194170e+16
987	3.187394e+15	3.607009e+02	3.027065e+02	7.619841e+16
988	3.187591e+15	6.365643e+02	6.170761e+02	1.463592e+17
989	3.187726e+15	3.741600e+02	3.164778e+02	8.841157e+16
990	3.187880e+15	4.308108e+02	3.809092e+02	9.034513e+16
991	3.188034e+15	3.617653e+02	3.009266e+02	8.728033e+16
992	3.188218e+15	4.406529e+02	3.951172e+02	1.155502e+17
993	3.188400e+15	5.722515e+02	5.467714e+02	1.118659e+17
994	3.188541e+15	4.732637e+02	4.297304e+02	9.626770e+16
995	3.188671e+15	3.591849e+02	2.956839e+02	8.444910e+16
996	3.188827e+15	3.774088e+02	3.187156e+02	7.346717e+16
997	3.189006e+15	4.638709e+02	4.170522e+02	1.342354e+17
998	3.189173e+15	4.547828e+02	4.081690e+02	1.086804e+17
999	3.189333e+15	4.293647e+02	3.843306e+02	8.774499e+16
1000	3.189490e+15	3.704905e+02	3.168284e+02	7.531977e+16
1001	3.189667e+15	4.219110e+02	3.687392e+02	9.060790e+16
1002	3.189844e+15	4.713507e+02	4.228339e+02	1.169871e+17
1003	3.190003e+15	4.272734e+02	3.834218e+02	7.296295e+16
1004	3.190158e+15	4.349702e+02	4.010416e+02	1.406783e+17
1005	3.190305e+15	4.165317e+02	3.758356e+02	8.552254e+16
1006	3.190449e+15	3.497579e+02	2.971612e+02	5.551730e+16
1007	3.190618e+15	3.794536e+02	3.348289e+02	7.986821e+16
1008	3.190801e+15	4.976112e+02	4.781938e+02	1.406075e+17
1009	3.190954e+15	4.320140e+02	3.873329e+02	9.788386e+16
1010	3.191103e+15	5.025590e+02	4.668273e+02	1.022085e+17
1011	3.191229e+15	3.495071e+02	2.934333e+02	8.393980e+16
1012	3.191381e+15	3.498880e+02	2.963888e+02	1.035755e+17
1013	3.191563e+15	4.233658e+02	3.811079e+02	1.366142e+17
1014	3.191746e+15	5.821509e+02	5.631414e+02	1.286292e+17
1015	3.191883e+15	3.573803e+02	2.932504e+02	5.758040e+16
1016	3.192047e+15	6.013931e+02	5.701616e+02	9.573029e+16
1017	3.192167e+15	3.732956e+02	3.119251e+02	4.619956e+16
1018	3.192306e+15	3.611055e+02	2.972684e+02	1.084763e+17
1019	3.192473e+15	5.582687e+02	5.201710e+02	9.226010e+16
1020	3.192605e+15	3.749113e+02	3.008409e+02	7.423441e+16
1021	3.192758e+15	4.144513e+02	3.442879e+02	6.909692e+16
1022	3.192919e+15	4.649307e+02	3.999869e+02	9.015229e+16
1023	3.193072e+15	3.639627e+02	2.887998e+02	7.371107e+16
1024	3.193255e+15	4.572512e+02	3.859916e+02	9.057383e+16
1025	3.193434e+15	5.630379e+02	5.001699e+02	1.118910e+17
1026	3.193577e+15	3.725930e+02	2.864714e+02	4.815602e+16
1027	3.193749e+15	5.429234e+02	4.598268e+02	8.116834e+16
1028	3.193894e+15	3.775718e+02	2.824847e+02	5.240447e+16
1029	3.194069e+15	5.344221e+02	4.443111e+02	9.626814e+16
1030	3.194220e+15	3.909115e+02	2.930931e+02	9.132408e+16
1031	3.194397e+15	3.965738e+02	3.079204e+02	9.350956e+16
1032	3.194601e+15	5.920159e+02	5.171442e+02	1.354747e+17
1033	3.194760e+15	4.239183e+02	3.361447e+02	1.061907e+17
1034	3.194934e+15	5.195318e+02	4.311594e+02	1.535565e+17
1035	3.195092e+15	3.900117e+02	2.904878e+02	1.072314e+17
1036	3.195282e+15	4.830995e+02	3.845045e+02	1.177816e+17
1037	3.195469e+15	6.144496e+02	5.286566e+02	9.927825e+16
1038	3.195617e+15	4.838457e+02	3.929348e+02	9.676603e+16
1039	3.195765e+15	4.030375e+02	3.004143e+02	9.012047e+16
1040	3.195943e+15	4.874988e+02	3.800673e+02	1.209451e+17
1041	3.196124e+15	5.867574e+02	4.783919e+02	1.077940e+17
1042	3.196282e+15	5.565853e+02	4.468523e+02	8.310844e+16
1043	3.196427e+15	4.842139e+02	3.671970e+02	1.283650e+17
1044	3.196583e+15	4.487455e+02	3.281780e+02	1.008251e+17
1045	3.196760e+15	7.198338e+02	5.856913e+02	8.338120e+16
1046	3.196891e+15	5.144096e+02	3.816005e+02	9.017460e+16
1047	3.197024e+15	4.358875e+02	3.073318e+02	7.096904e+16
1048	3.197184e+15	5.166422e+02	3.807367e+02	8.644240e+16
1049	3.197348e+15	5.687002e+02	4.223033e+02	9.297256e+16
1050	3.197504e+15	4.478749e+02	2.997377e+02	8.278977e+16
1051	3.197690e+15	5.761906e+02	4.120771e+02	1.113674e+17
1052	3.197867e+15	4.953961e+02	3.353943e+02	8.626126e+16
1053	3.198062e+15	7.024334e+02	5.235827e+02	1.313769e+17
1054	3.198218e+15	5.869938e+02	4.103137e+02	1.124235e+17
1055	3.198368e+15	4.675650e+02	3.005094e+02	8.407195e+16
1056	3.198547e+15	6.119406e+02	4.259795e+02	8.809199e+16
1057	3.198716e+15	7.011266e+02	5.000800e+02	1.168915e+17
1058	3.198855e+15	4.773062e+02	3.016738e+02	7.677713e+16
1059	3.199021e+15	4.792694e+02	3.038470e+02	9.220393e+16
1060	3.199221e+15	7.346856e+02	5.247981e+02	1.119564e+17
1061	3.199382e+15	4.871643e+02	3.088599e+02	9.597254e+16
1062	3.199572e+15	5.137468e+02	3.277046e+02	9.355686e+16
1063	3.199786e+15	7.190921e+02	5.019123e+02	1.171249e+17
1064	3.199961e+15	5.970698e+02	3.958988e+02	1.184658e+17
1065	3.200132e+15	5.841814e+02	3.886329e+02	1.100238e+17
1066	3.200302e+15	5.165817e+02	3.306820e+02	6.208147e+16
1067	3.200493e+15	6.774142e+02	4.662099e+02	1.422178e+17
1068	3.200661e+15	4.841835e+02	3.024369e+02	7.640222e+16
1069	3.200863e+15	7.348791e+02	5.157961e+02	1.312209e+17
1070	3.201024e+15	5.111940e+02	3.251188e+02	9.637798e+16
1071	3.201205e+15	6.110498e+02	4.023426e+02	1.152281e+17
1072	3.201379e+15	4.697305e+02	3.010934e+02	8.698690e+16
1073	3.201588e+15	7.728839e+02	5.668669e+02	1.838214e+17
1074	3.201744e+15	5.299237e+02	3.532210e+02	1.354067e+17
1075	3.201911e+15	4.673613e+02	2.964383e+02	6.958253e+16
1076	3.202112e+15	5.949182e+02	4.079052e+02	9.218290e+16
1077	3.202302e+15	4.611797e+02	2.946884e+02	8.657671e+16
1078	3.202530e+15	7.269256e+02	5.269755e+02	1.393338e+17
1079	3.202707e+15	5.288464e+02	3.460742e+02	1.243725e+17
1080	3.202895e+15	5.116746e+02	3.284507e+02	7.865060e+16
1081	3.203100e+15	6.906009e+02	4.748820e+02	1.172620e+17
1082	3.203269e+15	6.358857e+02	4.220300e+02	1.204084e+17
1083	3.203420e+15	5.689479e+02	3.678758e+02	5.563377e+16
1084	3.203570e+15	4.667714e+02	2.856521e+02	9.064680e+16
1085	3.203750e+15	7.680974e+02	5.406662e+02	1.328432e+17
1086	3.203886e+15	5.195349e+02	3.335832e+02	7.058428e+16
1087	3.204033e+15	5.317824e+02	3.462516e+02	6.290261e+16
1088	3.204191e+15	6.020879e+02	4.037714e+02	8.591971e+16
1089	3.204340e+15	6.203796e+02	4.184281e+02	8.289061e+16
1090	3.204477e+15	4.693508e+02	2.880948e+02	8.581649e+16
1091	3.204641e+15	5.854351e+02	3.729505e+02	8.669177e+16
1092	3.204805e+15	4.830348e+02	2.877535e+02	7.555210e+16
1093	3.205001e+15	6.210971e+02	4.034093e+02	1.157420e+17
1094	3.205189e+15	4.875687e+02	2.945502e+02	1.276818e+17
1095	3.205414e+15	6.383249e+02	4.200660e+02	1.072915e+17
1096	3.205623e+15	7.728916e+02	5.273958e+02	1.098928e+17
1097	3.205785e+15	6.251611e+02	4.044857e+02	9.282517e+16
1098	3.205938e+15	4.879951e+02	2.941346e+02	8.937543e+16
1099	3.206121e+15	5.544732e+02	3.533380e+02	1.015409e+17
1100	3.206315e+15	7.004570e+02	4.829651e+02	1.323222e+17
1101	3.206480e+15	5.714833e+02	3.735784e+02	7.862147e+16
1102	3.206649e+15	4.892759e+02	3.054052e+02	8.124474e+16
1103	3.206853e+15	6.033043e+02	4.015878e+02	1.439414e+17
1104	3.207052e+15	5.781493e+02	3.768688e+02	1.335438e+17
1105	3.207254e+15	7.760812e+02	5.458425e+02	1.676697e+17
1106	3.207408e+15	5.378505e+02	3.446286e+02	9.430681e+16
1107	3.207572e+15	5.760752e+02	3.747150e+02	8.543112e+16
1108	3.207740e+15	5.298078e+02	3.363009e+02	6.092663e+16
1109	3.207925e+15	4.885173e+02	2.974005e+02	9.561932e+16
1110	3.208146e+15	6.413881e+02	4.184688e+02	1.616269e+17
1111	3.208355e+15	7.237049e+02	4.841447e+02	1.238329e+17
1112	3.208530e+15	5.249120e+02	3.212839e+02	9.004806e+16
1113	3.208730e+15	5.068614e+02	3.032985e+02	1.115171e+17
1114	3.208968e+15	7.190579e+02	4.692870e+02	1.169311e+17
1115	3.209171e+15	5.361375e+02	3.225509e+02	8.303656e+16
1116	3.209397e+15	8.301268e+02	5.644792e+02	1.363088e+17
1117	3.209562e+15	5.397390e+02	3.313875e+02	1.063079e+17
1118	3.209740e+15	5.804612e+02	3.657346e+02	1.015411e+17
1119	3.209921e+15	7.620690e+02	5.096678e+02	1.246747e+17
1120	3.210063e+15	4.927829e+02	2.877418e+02	7.101334e+16
1121	3.210234e+15	5.314634e+02	3.087943e+02	1.227721e+17
1122	3.210430e+15	5.396648e+02	3.207966e+02	1.195847e+17
1123	3.210648e+15	8.569226e+02	5.841008e+02	1.753463e+17
1124	3.210806e+15	7.372481e+02	4.876854e+02	1.093299e+17
1125	3.210938e+15	4.936138e+02	2.946865e+02	7.492539e+16
1126	3.211096e+15	4.899116e+02	2.918299e+02	6.293395e+16
1127	3.211286e+15	6.214469e+02	4.060444e+02	1.063271e+17
1128	3.211466e+15	4.886575e+02	3.036358e+02	6.398416e+16
1129	3.211676e+15	6.740830e+02	4.659380e+02	1.420477e+17
1130	3.211855e+15	5.220113e+02	3.405037e+02	7.700283e+16
1131	3.212049e+15	4.567447e+02	2.996185e+02	1.382632e+17
1132	3.212282e+15	7.722959e+02	5.924286e+02	1.930730e+17
1133	3.212451e+15	4.477809e+02	3.027339e+02	9.183649e+16
1134	3.212654e+15	4.512432e+02	3.038956e+02	1.544112e+17
1135	3.212898e+15	6.748172e+02	5.028718e+02	1.555866e+17
1136	3.213098e+15	5.963266e+02	4.335497e+02	1.214811e+17
1137	3.213281e+15	4.438336e+02	2.970793e+02	8.147152e+16
1138	3.213500e+15	4.961511e+02	3.434104e+02	1.048016e+17
1139	3.213735e+15	4.761035e+02	3.359742e+02	8.237190e+16
1140	3.213992e+15	5.705817e+02	4.389684e+02	1.734443e+17
1141	3.214224e+15	6.916992e+02	5.628860e+02	1.565047e+17
1142	3.214397e+15	4.150114e+02	2.935271e+02	1.072284e+17
1143	3.214604e+15	5.133323e+02	3.894086e+02	1.062770e+17
1144	3.214807e+15	4.166075e+02	2.976747e+02	1.244068e+17
1145	3.215050e+15	7.324320e+02	6.023143e+02	1.499485e+17
1146	3.215220e+15	4.624881e+02	3.430390e+02	1.035823e+17
1147	3.215402e+15	4.690469e+02	3.530486e+02	1.016088e+17
1148	3.215593e+15	5.427167e+02	4.281193e+02	1.048240e+17
1149	3.215767e+15	4.015510e+02	2.908931e+02	9.230654e+16
1150	3.215976e+15	4.972799e+02	3.781883e+02	1.135979e+17
1151	3.216182e+15	5.014108e+02	3.774764e+02	1.255426e+17
1152	3.216386e+15	4.071386e+02	2.956259e+02	7.194729e+16
1153	3.216631e+15	6.668908e+02	5.540574e+02	1.752304e+17
1154	3.216816e+15	4.413681e+02	3.341857e+02	9.104382e+16
1155	3.217018e+15	5.123527e+02	3.975029e+02	1.040044e+17
1156	3.217211e+15	5.671431e+02	4.535718e+02	1.318158e+17
1157	3.217378e+15	3.947149e+02	2.902228e+02	9.213635e+16
1158	3.217578e+15	3.914037e+02	2.841131e+02	1.003007e+17
1159	3.217818e+15	4.603197e+02	3.565150e+02	1.152367e+17
1160	3.218064e+15	4.929708e+02	3.805794e+02	1.508368e+17
1161	3.218306e+15	5.837596e+02	4.664116e+02	1.291928e+17
1162	3.218511e+15	4.335670e+02	3.213805e+02	7.541631e+16
1163	3.218741e+15	4.850390e+02	3.689531e+02	1.186610e+17
1164	3.218972e+15	5.276972e+02	4.081035e+02	1.378278e+17
1165	3.219185e+15	4.410647e+02	3.311230e+02	9.754913e+16
1166	3.219412e+15	4.365335e+02	3.215438e+02	1.081103e+17
1167	3.219659e+15	5.699047e+02	4.451681e+02	1.599051e+17
1168	3.219870e+15	5.624349e+02	4.338748e+02	1.161763e+17
1169	3.220056e+15	5.051301e+02	3.743572e+02	1.099170e+17
1170	3.220237e+15	5.890096e+02	4.488555e+02	9.858282e+16
1171	3.220391e+15	5.426227e+02	3.841458e+02	9.021944e+16
1172	3.220540e+15	4.324702e+02	2.812538e+02	8.151722e+16
1173	3.220717e+15	4.368673e+02	2.806763e+02	4.957994e+16
1174	3.220931e+15	6.610451e+02	4.704639e+02	1.150682e+17
1175	3.221104e+15	5.539498e+02	3.712670e+02	1.002700e+17
1176	3.221271e+15	4.361595e+02	2.698938e+02	4.954116e+16
1177	3.221471e+15	5.227874e+02	3.400775e+02	8.721941e+16
1178	3.221673e+15	6.409497e+02	4.302595e+02	9.761892e+16
1179	3.221843e+15	4.826846e+02	2.888853e+02	5.287468e+16
1180	3.222034e+15	4.526125e+02	2.616210e+02	7.989854e+16
1181	3.222263e+15	6.033255e+02	3.793328e+02	1.309854e+17
1182	3.222472e+15	6.973099e+02	4.535215e+02	8.821642e+16
1183	3.222639e+15	5.749815e+02	3.626672e+02	1.083289e+17
1184	3.222799e+15	5.000525e+02	3.045270e+02	3.844825e+16
1185	3.222973e+15	4.411093e+02	2.669863e+02	8.627519e+16
1186	3.223182e+15	4.566261e+02	2.779310e+02	1.033050e+17
1187	3.223423e+15	6.130364e+02	4.010645e+02	1.422727e+17
1188	3.223634e+15	5.745695e+02	3.684507e+02	1.524514e+17
1189	3.223830e+15	5.839152e+02	3.811960e+02	1.027249e+17
1190	3.224006e+15	4.985666e+02	3.117662e+02	1.146805e+17
1191	3.224190e+15	4.321852e+02	2.555872e+02	1.215822e+17
1192	3.224411e+15	5.113790e+02	3.133581e+02	1.298227e+17
1193	3.224640e+15	6.115321e+02	3.891409e+02	1.127217e+17
1194	3.224840e+15	6.142645e+02	3.877790e+02	9.903715e+16
1195	3.225016e+15	5.842377e+02	3.581339e+02	7.659831e+16
1196	3.225179e+15	4.521929e+02	2.490698e+02	1.398793e+17
1197	3.225376e+15	6.608946e+02	4.011205e+02	1.095580e+17
1198	3.225543e+15	4.560846e+02	2.529931e+02	6.156674e+16
1199	3.225742e+15	5.188761e+02	3.054071e+02	9.485818e+16
1200	3.225954e+15	5.327645e+02	3.192935e+02	1.283381e+17
1201	3.226171e+15	5.295131e+02	3.136710e+02	8.490227e+16
1202	3.226395e+15	7.082042e+02	4.373631e+02	1.162285e+17
1203	3.226573e+15	4.873512e+02	2.741915e+02	7.205433e+16
1204	3.226775e+15	5.670059e+02	3.352837e+02	1.183765e+17
1205	3.226976e+15	6.991316e+02	4.376412e+02	8.335259e+16
1206	3.227139e+15	4.646474e+02	2.625370e+02	6.854476e+16
1207	3.227335e+15	4.899528e+02	2.873423e+02	8.782323e+16
1208	3.227557e+15	5.782028e+02	3.671077e+02	1.249193e+17
1209	3.227768e+15	5.476630e+02	3.487654e+02	8.259428e+16
1210	3.227976e+15	7.379740e+02	5.095734e+02	1.385719e+17
1211	3.228128e+15	4.325662e+02	2.650210e+02	7.513499e+16
1212	3.228310e+15	4.962228e+02	3.112823e+02	8.642219e+16
1213	3.228509e+15	5.152107e+02	3.200490e+02	1.321213e+17
1214	3.228719e+15	5.442515e+02	3.391607e+02	1.524349e+17
1215	3.228932e+15	5.600068e+02	3.412121e+02	1.545879e+17
1216	3.229143e+15	5.596735e+02	3.329740e+02	1.285083e+17
1217	3.229352e+15	5.470998e+02	3.223373e+02	1.129202e+17
1218	3.229565e+15	5.949961e+02	3.642440e+02	9.341841e+16
1219	3.229760e+15	6.687654e+02	4.218786e+02	8.700091e+16
1220	3.229922e+15	4.496032e+02	2.546805e+02	6.794676e+16
1221	3.230116e+15	5.117167e+02	3.009084e+02	6.953705e+16
1222	3.230322e+15	5.654538e+02	3.383970e+02	1.353546e+17
1223	3.230523e+15	5.592444e+02	3.301881e+02	8.433489e+16
1224	3.230720e+15	5.368721e+02	3.141371e+02	6.724252e+16
1225	3.230917e+15	5.371419e+02	3.100792e+02	7.369680e+16
1226	3.231113e+15	5.211790e+02	3.060871e+02	9.285309e+16
1227	3.231307e+15	7.185933e+02	4.637321e+02	1.001987e+17
1228	3.231449e+15	4.175477e+02	2.369007e+02	9.516188e+16
1229	3.231618e+15	4.434289e+02	2.605266e+02	1.037229e+17
1230	3.231808e+15	5.008740e+02	3.121645e+02	5.705386e+16
1231	3.231997e+15	4.776559e+02	3.023531e+02	8.477570e+16
1232	3.232189e+15	4.917352e+02	3.242655e+02	1.127971e+17
1233	3.232377e+15	4.641619e+02	3.101700e+02	9.211306e+16
1234	3.232566e+15	4.562602e+02	3.090664e+02	9.902943e+16
1235	3.232755e+15	4.857007e+02	3.341954e+02	8.346474e+16
1236	3.232933e+15	4.384307e+02	2.908793e+02	9.374778e+16
1237	3.233120e+15	4.481914e+02	3.061452e+02	8.350520e+16
1238	3.233307e+15	4.479274e+02	3.188620e+02	1.108049e+17
1239	3.233491e+15	4.260169e+02	3.093752e+02	9.424831e+16
1240	3.233680e+15	4.415208e+02	3.332340e+02	1.064584e+17
1241	3.233865e+15	4.229182e+02	3.138975e+02	1.028530e+17
1242	3.234055e+15	4.340062e+02	3.270131e+02	1.004525e+17
1243	3.234242e+15	5.130914e+02	3.765388e+02	1.066399e+17
1244	3.234407e+15	4.001367e+02	2.758375e+02	4.850823e+16
1245	3.234592e+15	4.569203e+02	3.281095e+02	8.572651e+16
1246	3.234776e+15	4.891969e+02	3.543440e+02	1.244439e+17
1247	3.234948e+15	4.431130e+02	3.100191e+02	1.194132e+17
1248	3.235125e+15	4.604239e+02	3.265254e+02	7.883407e+16
1249	3.235303e+15	4.706883e+02	3.303009e+02	8.134839e+16
1250	3.235479e+15	4.625135e+02	3.279500e+02	9.895003e+16
1251	3.235655e+15	4.571336e+02	3.239089e+02	1.042195e+17
1252	3.235833e+15	4.784020e+02	3.427585e+02	9.908615e+16
1253	3.236005e+15	4.557847e+02	3.233992e+02	1.045200e+17
1254	3.236179e+15	4.854563e+02	3.480583e+02	1.350729e+17
1255	3.236347e+15	4.667689e+02	3.241402e+02	9.404030e+16
1256	3.236516e+15	4.886528e+02	3.451679e+02	8.482570e+16
1257	3.236682e+15	4.812981e+02	3.422437e+02	7.554915e+16
1258	3.236847e+15	4.787613e+02	3.350452e+02	7.091111e+16
1259	3.237011e+15	4.741180e+02	3.254729e+02	6.475817e+16
1260	3.237177e+15	4.668534e+02	3.184071e+02	8.709863e+16
1261	3.237346e+15	4.855989e+02	3.346618e+02	7.221769e+16
1262	3.237511e+15	4.730037e+02	3.328733e+02	8.535691e+16
1263	3.237674e+15	4.757495e+02	3.377076e+02	6.363032e+16
1264	3.237834e+15	4.612680e+02	3.205667e+02	6.599595e+16
1265	3.237994e+15	4.712936e+02	3.324881e+02	6.721094e+16
1266	3.238151e+15	4.506270e+02	3.171138e+02	8.344894e+16
1267	3.238312e+15	4.584229e+02	3.337815e+02	5.093861e+16
1268	3.238472e+15	4.476780e+02	3.203354e+02	5.923394e+16
1269	3.238635e+15	4.569538e+02	3.302908e+02	7.991782e+16
1270	3.238795e+15	4.350526e+02	3.060738e+02	1.053109e+17
1271	3.238958e+15	4.482879e+02	3.154223e+02	1.002414e+17
1272	3.239119e+15	4.283645e+02	3.003920e+02	7.573668e+16
1273	3.239286e+15	4.481078e+02	3.242215e+02	9.220062e+16
1274	3.239449e+15	4.303248e+02	3.073215e+02	6.568634e+16
1275	3.239615e+15	4.392422e+02	3.165512e+02	7.397055e+16
1276	3.239783e+15	4.547973e+02	3.332904e+02	8.967186e+16
1277	3.239946e+15	4.467770e+02	3.285263e+02	1.303845e+17
1278	3.240109e+15	4.362730e+02	3.201939e+02	8.380268e+16
1279	3.240272e+15	4.336929e+02	3.160348e+02	6.826809e+16
1280	3.240438e+15	4.471529e+02	3.256427e+02	8.343185e+16
1281	3.240601e+15	4.450916e+02	3.173148e+02	1.346233e+17
1282	3.240765e+15	4.594710e+02	3.230947e+02	8.837337e+16
1283	3.240926e+15	4.576990e+02	3.173467e+02	9.394729e+16
1284	3.241087e+15	4.537685e+02	3.160757e+02	8.305193e+16
1285	3.241248e+15	4.550424e+02	3.140737e+02	7.211891e+16
1286	3.241411e+15	4.674841e+02	3.216784e+02	5.220144e+16
1287	3.241572e+15	4.641492e+02	3.160914e+02	8.340713e+16
1288	3.241731e+15	4.565146e+02	3.156053e+02	8.399680e+16
1289	3.241889e+15	4.411503e+02	3.144084e+02	5.423656e+16
1290	3.242045e+15	4.373412e+02	3.059380e+02	8.241225e+16
1291	3.242203e+15	4.480760e+02	3.058406e+02	8.379813e+16
1292	3.242360e+15	4.166278e+02	2.896361e+02	7.300837e+16
1293	3.242524e+15	4.378196e+02	3.199500e+02	8.215238e+16
1294	3.242683e+15	4.185866e+02	3.037846e+02	5.637629e+16
1295	3.242842e+15	4.249114e+02	3.142005e+02	8.583457e+16
1296	3.242998e+15	4.254322e+02	3.083822e+02	6.719913e+16
1297	3.243152e+15	4.030213e+02	2.911307e+02	6.289838e+16
1298	3.243309e+15	4.179309e+02	3.091615e+02	7.243713e+16
1299	3.243462e+15	3.942938e+02	2.905041e+02	6.379769e+16
1300	3.243619e+15	4.121976e+02	3.151465e+02	8.456774e+16
1301	3.243772e+15	3.941125e+02	2.968949e+02	4.670897e+16
1302	3.243928e+15	4.008047e+02	3.017800e+02	7.162522e+16
1303	3.244084e+15	3.985357e+02	3.034615e+02	1.000061e+17
1304	3.244239e+15	3.853024e+02	2.947357e+02	8.453934e+16
1305	3.244397e+15	3.958103e+02	3.082469e+02	7.129318e+16
1306	3.244553e+15	3.940132e+02	3.024313e+02	8.464088e+16
1307	3.244708e+15	3.987172e+02	2.975852e+02	1.200373e+17
1308	3.244864e+15	4.063769e+02	2.980596e+02	9.292763e+16
1309	3.245022e+15	4.076713e+02	3.010979e+02	5.602150e+16
1310	3.245180e+15	4.131484e+02	3.061736e+02	8.549601e+16
1311	3.245338e+15	4.126776e+02	3.051752e+02	1.009617e+17
1312	3.245496e+15	4.137777e+02	3.008191e+02	1.069101e+17
1313	3.245653e+15	4.121636e+02	3.034462e+02	9.078030e+16
1314	3.245808e+15	4.090977e+02	3.047494e+02	9.185781e+16
1315	3.245962e+15	4.002159e+02	3.017040e+02	5.779793e+16
1316	3.246115e+15	3.937440e+02	2.950547e+02	4.744706e+16
1317	3.246269e+15	4.060662e+02	3.071675e+02	9.495730e+16
1318	3.246421e+15	3.991767e+02	3.032225e+02	8.571306e+16
1319	3.246574e+15	4.027688e+02	3.071488e+02	1.116012e+17
1320	3.246729e+15	4.019955e+02	3.070911e+02	9.497377e+16
1321	3.246884e+15	4.125025e+02	3.095037e+02	6.721440e+16
1322	3.247037e+15	4.091566e+02	3.018302e+02	7.564810e+16
1323	3.247192e+15	4.177431e+02	3.089542e+02	9.636192e+16
1324	3.247347e+15	4.187590e+02	3.018661e+02	9.994105e+16
1325	3.247503e+15	4.230474e+02	3.011473e+02	8.729435e+16
1326	3.247661e+15	4.314792e+02	3.123091e+02	1.463493e+17
1327	3.247817e+15	4.277820e+02	3.155113e+02	6.682081e+16
1328	3.247970e+15	4.181941e+02	3.041056e+02	9.691931e+16
1329	3.248125e+15	4.299200e+02	3.172748e+02	6.722607e+16
1330	3.248277e+15	4.214410e+02	3.159363e+02	7.574420e+16
1331	3.248429e+15	4.254058e+02	3.223552e+02	5.688684e+16
1332	3.248577e+15	4.033032e+02	3.068983e+02	1.058084e+17
1333	3.248729e+15	4.147141e+02	3.194250e+02	7.732336e+16
1334	3.248878e+15	4.000536e+02	3.007110e+02	1.012852e+17
1335	3.249031e+15	4.143062e+02	3.105203e+02	6.884717e+16
1336	3.249182e+15	4.170445e+02	3.145132e+02	5.782367e+16
1337	3.249330e+15	4.103682e+02	2.991216e+02	9.452538e+16
1338	3.249480e+15	4.197618e+02	3.054668e+02	9.040186e+16
1339	3.249628e+15	4.200104e+02	2.992646e+02	6.685158e+16
1340	3.249776e+15	4.237906e+02	2.948840e+02	6.733361e+16
1341	3.249926e+15	4.228956e+02	2.875232e+02	6.190473e+16
1342	3.250082e+15	4.505087e+02	3.154529e+02	5.500227e+16
1343	3.250236e+15	4.220291e+02	2.954646e+02	7.862433e+16
1344	3.250394e+15	4.346226e+02	3.135493e+02	8.187852e+16
1345	3.250550e+15	4.217266e+02	3.158507e+02	3.926441e+16
1346	3.250704e+15	4.185326e+02	3.185780e+02	7.734146e+16
1347	3.250857e+15	4.142129e+02	3.124582e+02	7.438545e+16
1348	3.251011e+15	4.282289e+02	3.254759e+02	1.139433e+17
1349	3.251161e+15	4.071640e+02	3.061132e+02	8.178184e+16
1350	3.251313e+15	4.326998e+02	3.306978e+02	6.066666e+16
1351	3.251461e+15	4.199935e+02	3.135781e+02	6.784124e+16
1352	3.251609e+15	4.156000e+02	3.098149e+02	8.713351e+16
1353	3.251759e+15	4.214947e+02	3.147879e+02	5.652518e+16
1354	3.251908e+15	4.189285e+02	3.073223e+02	7.733236e+16
1355	3.252059e+15	4.202531e+02	3.022191e+02	8.866116e+16
1356	3.252213e+15	4.349986e+02	3.136317e+02	6.240673e+16
1357	3.252368e+15	4.312995e+02	3.114816e+02	6.536950e+16
1358	3.252523e+15	4.299554e+02	3.166500e+02	7.382127e+16
1359	3.252676e+15	4.215327e+02	3.166362e+02	5.580095e+16
1360	3.252827e+15	3.990659e+02	3.066680e+02	7.945736e+16
1361	3.252980e+15	3.962188e+02	3.137891e+02	7.855772e+16
1362	3.253134e+15	4.002988e+02	3.204432e+02	6.630160e+16
1363	3.253285e+15	3.929805e+02	3.113897e+02	9.945926e+16
1364	3.253437e+15	3.953300e+02	3.143110e+02	1.378803e+17
1365	3.253588e+15	3.993717e+02	3.119692e+02	6.086237e+16
1366	3.253740e+15	3.943840e+02	3.086155e+02	4.151992e+16
1367	3.253892e+15	4.046263e+02	3.102769e+02	7.790909e+16
1368	3.254043e+15	4.204345e+02	3.169355e+02	6.894565e+16
1369	3.254193e+15	4.211379e+02	3.132266e+02	5.142583e+16
1370	3.254344e+15	4.332225e+02	3.147854e+02	6.754147e+16
1371	3.254495e+15	4.426654e+02	3.180960e+02	1.016900e+17
1372	3.254645e+15	4.342585e+02	3.155130e+02	7.689696e+16
1373	3.254795e+15	4.379699e+02	3.191859e+02	6.202714e+16
1374	3.254945e+15	4.466509e+02	3.172011e+02	9.789350e+16
1375	3.255095e+15	4.457758e+02	3.156600e+02	8.668564e+16
1376	3.255246e+15	4.530524e+02	3.151405e+02	6.742643e+16
1377	3.255398e+15	4.554395e+02	3.169086e+02	9.874221e+16
1378	3.255550e+15	4.561375e+02	3.107391e+02	7.531011e+16
1379	3.255701e+15	4.498488e+02	2.996213e+02	7.825004e+16
1380	3.255853e+15	4.499372e+02	3.049417e+02	5.277475e+16
1381	3.256004e+15	4.455620e+02	3.100228e+02	5.421863e+16
1382	3.256154e+15	4.376156e+02	3.061394e+02	5.797574e+16
1383	3.256305e+15	4.389219e+02	3.097682e+02	7.209962e+16
1384	3.256456e+15	4.336302e+02	3.121391e+02	9.479108e+16
1385	3.256607e+15	4.199125e+02	3.045677e+02	7.608369e+16
1386	3.256759e+15	4.219707e+02	3.117014e+02	6.123418e+16
1387	3.256910e+15	4.118908e+02	3.050419e+02	9.885318e+16
1388	3.257062e+15	4.134045e+02	3.106295e+02	7.513873e+16
1389	3.257214e+15	4.099565e+02	3.122655e+02	7.375344e+16
1390	3.257365e+15	4.002222e+02	3.016661e+02	7.386463e+16
1391	3.257518e+15	3.984748e+02	3.018708e+02	8.381357e+16
1392	3.257670e+15	4.058544e+02	3.102170e+02	7.407648e+16
1393	3.257820e+15	3.788632e+02	2.853021e+02	3.074996e+16
1394	3.257975e+15	3.941865e+02	3.048637e+02	5.214250e+16
1395	3.258128e+15	3.826599e+02	2.955567e+02	4.869704e+16
1396	3.258282e+15	3.832339e+02	2.999037e+02	5.980172e+16
1397	3.258436e+15	3.836759e+02	2.997402e+02	6.813051e+16
1398	3.258590e+15	3.896128e+02	3.050432e+02	3.216293e+16
1399	3.258742e+15	3.924310e+02	3.026840e+02	7.090166e+16
1400	3.258895e+15	3.992675e+02	3.105876e+02	5.254087e+16
1401	3.259045e+15	3.832384e+02	2.854558e+02	4.288980e+16
1402	3.259202e+15	4.214944e+02	3.104543e+02	1.106376e+17
1403	3.259356e+15	4.106466e+02	3.027511e+02	5.857763e+16
1404	3.259507e+15	4.100800e+02	3.003713e+02	6.894138e+16
1405	3.259658e+15	4.110417e+02	2.868068e+02	8.119944e+16
1406	3.259808e+15	3.998870e+02	2.798492e+02	3.759345e+16
1407	3.259960e+15	4.071889e+02	2.903825e+02	1.092990e+17
1408	3.260109e+15	3.956513e+02	2.810032e+02	4.280614e+16
1409	3.260257e+15	3.993151e+02	2.830054e+02	7.083620e+16
1410	3.260405e+15	4.022095e+02	2.857765e+02	8.286787e+16
1411	3.260549e+15	3.958418e+02	2.784528e+02	6.010520e+16
1412	3.260695e+15	3.990688e+02	2.852094e+02	5.037896e+16
1413	3.260839e+15	3.760455e+02	2.701633e+02	4.271775e+16
1414	3.260987e+15	3.916423e+02	2.879261e+02	6.019624e+16
1415	3.261134e+15	3.795417e+02	2.711004e+02	6.885494e+16
1416	3.261283e+15	3.959495e+02	2.864659e+02	6.099272e+16
1417	3.261430e+15	3.897289e+02	2.805974e+02	8.045657e+16
1418	3.261576e+15	3.912926e+02	2.768126e+02	3.610902e+16
1419	3.261722e+15	3.961710e+02	2.788063e+02	6.280249e+16
1420	3.261868e+15	3.987484e+02	2.856840e+02	5.727048e+16
1421	3.262011e+15	3.842251e+02	2.715394e+02	8.015720e+16
1422	3.262157e+15	3.984187e+02	2.861444e+02	8.840881e+16
1423	3.262300e+15	3.823880e+02	2.762732e+02	5.378985e+16
1424	3.262446e+15	3.823935e+02	2.810590e+02	5.347931e+16
1425	3.262593e+15	3.836959e+02	2.898332e+02	5.781725e+16
1426	3.262739e+15	3.743177e+02	2.797524e+02	6.896368e+16
1427	3.262887e+15	3.790652e+02	2.881504e+02	1.107018e+17
1428	3.263034e+15	3.842249e+02	2.865585e+02	4.500735e+16
1429	3.263179e+15	3.854714e+02	2.855274e+02	4.402019e+16
1430	3.263324e+15	3.940510e+02	2.846009e+02	8.180575e+16
1431	3.263469e+15	3.973908e+02	2.866647e+02	6.512975e+16
1432	3.263612e+15	3.963253e+02	2.880187e+02	5.215921e+16
1433	3.263755e+15	3.965689e+02	2.851841e+02	6.267660e+16
1434	3.263899e+15	3.941323e+02	2.880044e+02	7.258849e+16
1435	3.264044e+15	3.995273e+02	2.893862e+02	6.886530e+16
1436	3.264189e+15	4.021669e+02	2.842596e+02	5.579788e+16
1437	3.264335e+15	4.031146e+02	2.876332e+02	6.471249e+16
1438	3.264481e+15	4.133427e+02	2.912063e+02	3.846201e+16
1439	3.264626e+15	4.042713e+02	2.765324e+02	5.625695e+16
1440	3.264775e+15	4.306133e+02	2.968312e+02	6.969880e+16
1441	3.264919e+15	4.084157e+02	2.806554e+02	7.774415e+16
1442	3.265066e+15	4.117646e+02	2.826057e+02	6.838872e+16
1443	3.265214e+15	4.064140e+02	2.811132e+02	4.570745e+16
1444	3.265362e+15	4.066296e+02	2.796735e+02	5.032432e+16
1445	3.265511e+15	4.034002e+02	2.788157e+02	4.100198e+16
1446	3.265661e+15	4.063775e+02	2.799278e+02	6.825543e+16
1447	3.265811e+15	4.056438e+02	2.828051e+02	3.168785e+16
1448	3.265961e+15	4.026825e+02	2.804035e+02	7.253390e+16
1449	3.266111e+15	4.029064e+02	2.802422e+02	5.948613e+16
1450	3.266261e+15	3.942077e+02	2.744646e+02	5.445983e+16
1451	3.266414e+15	3.926697e+02	2.802518e+02	4.971083e+16
1452	3.266566e+15	3.847738e+02	2.754156e+02	8.703636e+16
1453	3.266719e+15	3.852065e+02	2.756164e+02	8.357137e+16
1454	3.266873e+15	3.808732e+02	2.750576e+02	6.745879e+16
1455	3.267027e+15	3.768224e+02	2.741736e+02	7.604151e+16
1456	3.267183e+15	3.833199e+02	2.769650e+02	5.417597e+16
1457	3.267337e+15	3.812994e+02	2.809985e+02	6.384275e+16
1458	3.267491e+15	3.897450e+02	2.853376e+02	6.772392e+16
1459	3.267642e+15	3.903264e+02	2.816692e+02	6.325629e+16
1460	3.267792e+15	3.955646e+02	2.809711e+02	7.427391e+16
1461	3.267941e+15	3.932723e+02	2.722133e+02	7.182493e+16
1462	3.268090e+15	3.971645e+02	2.770684e+02	2.487271e+16
1463	3.268237e+15	3.938689e+02	2.703461e+02	9.320703e+16
1464	3.268385e+15	3.973935e+02	2.679548e+02	9.048897e+16
1465	3.268533e+15	4.032957e+02	2.671641e+02	6.992555e+16
1466	3.268682e+15	4.059610e+02	2.672262e+02	3.351123e+16
1467	3.268831e+15	4.180515e+02	2.713624e+02	3.661395e+16
1468	3.268982e+15	4.204598e+02	2.703699e+02	5.410415e+16
1469	3.269133e+15	4.231030e+02	2.696846e+02	8.281789e+16
1470	3.269286e+15	4.202623e+02	2.752613e+02	6.638474e+16
1471	3.269438e+15	4.200936e+02	2.712896e+02	6.827509e+16
1472	3.269592e+15	4.230438e+02	2.735083e+02	2.854695e+16
1473	3.269746e+15	4.251600e+02	2.747086e+02	8.489795e+16
1474	3.269899e+15	4.185913e+02	2.698569e+02	6.319592e+16
1475	3.270053e+15	4.206768e+02	2.751438e+02	7.528908e+16
1476	3.270208e+15	4.167710e+02	2.719058e+02	5.583561e+16
1477	3.270363e+15	4.222219e+02	2.742119e+02	4.664231e+16
1478	3.270517e+15	4.136115e+02	2.701316e+02	7.049820e+16
1479	3.270669e+15	4.245504e+02	2.775475e+02	7.819052e+16
1480	3.270819e+15	4.177988e+02	2.670379e+02	8.238325e+16
1481	3.270969e+15	4.192323e+02	2.684615e+02	4.961448e+16
1482	3.271120e+15	4.111897e+02	2.621673e+02	3.935241e+16
1483	3.271272e+15	4.154105e+02	2.669715e+02	4.128253e+16
1484	3.271424e+15	4.064974e+02	2.678206e+02	7.812339e+16
1485	3.271575e+15	4.022707e+02	2.711282e+02	6.033210e+16
1486	3.271726e+15	3.978978e+02	2.674933e+02	3.429064e+16
1487	3.271877e+15	3.978984e+02	2.695564e+02	8.336453e+16
1488	3.272029e+15	4.061472e+02	2.687636e+02	6.265489e+16
1489	3.272182e+15	4.059773e+02	2.721973e+02	5.454999e+16
1490	3.272334e+15	3.916265e+02	2.552292e+02	5.579683e+16
1491	3.272493e+15	4.280548e+02	2.789509e+02	6.078709e+16
1492	3.272646e+15	4.204583e+02	2.643387e+02	5.669763e+16
1493	3.272800e+15	4.208604e+02	2.633817e+02	5.881628e+16
1494	3.272955e+15	4.236842e+02	2.652165e+02	6.808456e+16
1495	3.273108e+15	4.176126e+02	2.556853e+02	6.458714e+16
1496	3.273264e+15	4.308502e+02	2.748102e+02	7.008509e+16
1497	3.273417e+15	4.168325e+02	2.631163e+02	5.717980e+16
1498	3.273573e+15	4.227454e+02	2.669834e+02	6.956520e+16
1499	3.273728e+15	4.173493e+02	2.690322e+02	4.965752e+16
1500	3.273883e+15	4.141882e+02	2.671937e+02	5.705108e+16
1501	3.274037e+15	4.095871e+02	2.666728e+02	9.719259e+16
1502	3.274191e+15	4.084751e+02	2.699552e+02	5.905147e+16
1503	3.274346e+15	4.195345e+02	2.705548e+02	5.329333e+16
1504	3.274499e+15	4.290579e+02	2.695057e+02	7.045247e+16
1505	3.274650e+15	4.390988e+02	2.659682e+02	6.995032e+16
1506	3.274800e+15	4.461979e+02	2.646953e+02	8.596561e+16
1507	3.274951e+15	4.374798e+02	2.575699e+02	6.926746e+16
1508	3.275105e+15	4.568519e+02	2.719422e+02	9.231752e+16
1509	3.275257e+15	4.452358e+02	2.587534e+02	5.362425e+16
1510	3.275413e+15	4.485919e+02	2.662191e+02	6.227091e+16
1511	3.275569e+15	4.544106e+02	2.721378e+02	6.025140e+16
1512	3.275726e+15	4.551303e+02	2.674232e+02	7.614310e+16
1513	3.275883e+15	4.719456e+02	2.742990e+02	7.972198e+16
1514	3.276039e+15	4.808012e+02	2.793059e+02	6.815987e+16
1515	3.276190e+15	4.549871e+02	2.610657e+02	7.605563e+16
1516	3.276344e+15	4.633908e+02	2.735201e+02	8.887318e+16
1517	3.276496e+15	4.414095e+02	2.694914e+02	8.519752e+16
1518	3.276649e+15	4.327492e+02	2.681319e+02	5.616809e+16
1519	3.276803e+15	4.272101e+02	2.692013e+02	6.261143e+16
1520	3.276958e+15	4.160766e+02	2.594299e+02	7.894145e+16
1521	3.277117e+15	4.519558e+02	2.815770e+02	6.667497e+16
1522	3.277272e+15	4.465485e+02	2.656604e+02	6.220642e+16
1523	3.277429e+15	4.643166e+02	2.736202e+02	8.397016e+16
1524	3.277586e+15	4.677699e+02	2.829671e+02	4.640261e+16
1525	3.277739e+15	4.468980e+02	2.770984e+02	6.298539e+16
1526	3.277891e+15	4.339554e+02	2.809182e+02	4.817634e+16
1527	3.278040e+15	4.254162e+02	2.787986e+02	9.138284e+16
1528	3.278187e+15	4.119212e+02	2.700325e+02	5.728251e+16
1529	3.278334e+15	4.097517e+02	2.666809e+02	6.228767e+16
1530	3.278483e+15	4.133875e+02	2.712251e+02	8.565191e+16
1531	3.278632e+15	4.180412e+02	2.739746e+02	8.713564e+16
1532	3.278780e+15	4.300443e+02	2.709605e+02	7.371910e+16
1533	3.278929e+15	4.438077e+02	2.660146e+02	3.685102e+16
1534	3.279080e+15	4.524789e+02	2.597389e+02	6.107076e+16
1535	3.279232e+15	4.527731e+02	2.633114e+02	6.812853e+16
1536	3.279386e+15	4.547600e+02	2.671063e+02	9.624322e+16
1537	3.279538e+15	4.408408e+02	2.620281e+02	5.192454e+16
1538	3.279690e+15	4.375353e+02	2.614394e+02	4.950214e+16
1539	3.279842e+15	4.323316e+02	2.590911e+02	7.970523e+16
1540	3.279996e+15	4.316704e+02	2.627061e+02	8.330425e+16
1541	3.280150e+15	4.198564e+02	2.668865e+02	8.499168e+16
1542	3.280303e+15	4.146852e+02	2.698349e+02	4.307052e+16
1543	3.280455e+15	4.163677e+02	2.681895e+02	7.255754e+16
1544	3.280606e+15	4.084568e+02	2.673520e+02	1.002650e+17
1545	3.280758e+15	4.036487e+02	2.630245e+02	9.682402e+16
1546	3.280913e+15	4.084328e+02	2.680724e+02	8.238960e+16
1547	3.281068e+15	4.139638e+02	2.710107e+02	5.307146e+16
1548	3.281223e+15	4.110748e+02	2.644242e+02	6.028711e+16
1549	3.281381e+15	4.213049e+02	2.725435e+02	6.689959e+16
1550	3.281537e+15	4.241591e+02	2.728403e+02	6.406349e+16
1551	3.281691e+15	4.194515e+02	2.693591e+02	7.305682e+16
1552	3.281846e+15	3.977896e+02	2.583314e+02	8.010609e+16
1553	3.282002e+15	4.041807e+02	2.751824e+02	5.361564e+16
1554	3.282156e+15	3.850204e+02	2.679006e+02	5.143730e+16
1555	3.282310e+15	3.732814e+02	2.648565e+02	6.646376e+16
1556	3.282466e+15	3.751091e+02	2.801742e+02	6.402302e+16
1557	3.282619e+15	3.513216e+02	2.589630e+02	7.108824e+16
1558	3.282777e+15	3.776056e+02	2.854335e+02	2.903219e+16
1559	3.282928e+15	3.571378e+02	2.692448e+02	7.740932e+16
1560	3.283082e+15	3.775935e+02	2.845917e+02	7.060048e+16
1561	3.283232e+15	3.615025e+02	2.679271e+02	6.234906e+16
1562	3.283384e+15	3.681643e+02	2.798555e+02	6.247546e+16
1563	3.283535e+15	3.606914e+02	2.752864e+02	4.975354e+16
1564	3.283686e+15	3.507920e+02	2.713913e+02	6.758733e+16
1565	3.283839e+15	3.639355e+02	2.824880e+02	3.806240e+16
1566	3.283988e+15	3.658066e+02	2.694707e+02	4.633964e+16
1567	3.284139e+15	4.010521e+02	2.836886e+02	6.433730e+16
1568	3.284285e+15	3.866971e+02	2.662468e+02	7.192156e+16
1569	3.284433e+15	3.794567e+02	2.696325e+02	6.514934e+16
1570	3.284581e+15	3.700494e+02	2.764079e+02	6.119587e+16
1571	3.284727e+15	3.447774e+02	2.628632e+02	5.163979e+16
1572	3.284876e+15	3.601584e+02	2.787110e+02	1.076938e+17
1573	3.285023e+15	3.652037e+02	2.701406e+02	3.955322e+16
1574	3.285169e+15	3.727532e+02	2.639315e+02	4.093989e+16
1575	3.285317e+15	3.883298e+02	2.765893e+02	5.357844e+16
1576	3.285462e+15	3.754237e+02	2.720280e+02	4.082914e+16
1577	3.285607e+15	3.610726e+02	2.726083e+02	7.354598e+16
1578	3.285752e+15	3.469931e+02	2.738927e+02	6.264731e+16
1579	3.285896e+15	3.361819e+02	2.657193e+02	7.075759e+16
1580	3.286041e+15	3.356213e+02	2.679475e+02	4.741629e+16
1581	3.286187e+15	3.512419e+02	2.756491e+02	3.995938e+16
1582	3.286331e+15	3.512675e+02	2.627426e+02	8.526377e+16
1583	3.286478e+15	3.643602e+02	2.667088e+02	6.340257e+16
1584	3.286624e+15	3.743215e+02	2.689615e+02	5.127901e+16
1585	3.286770e+15	3.606255e+02	2.570530e+02	1.015171e+17
1586	3.286919e+15	3.842314e+02	2.802518e+02	3.449007e+16
1587	3.287063e+15	3.490738e+02	2.508934e+02	7.197949e+16
1588	3.287212e+15	3.694181e+02	2.740376e+02	6.040978e+16
1589	3.287359e+15	3.575684e+02	2.649757e+02	5.563715e+16
1590	3.287505e+15	3.543905e+02	2.641886e+02	4.873271e+16
1591	3.287652e+15	3.658358e+02	2.676040e+02	7.495144e+16
1592	3.287797e+15	3.756669e+02	2.592521e+02	5.669775e+16
1593	3.287943e+15	3.905000e+02	2.536063e+02	7.979331e+16
1594	3.288090e+15	3.882724e+02	2.542155e+02	5.791814e+16
1595	3.288236e+15	3.851754e+02	2.580920e+02	4.763412e+16
1596	3.288380e+15	3.640943e+02	2.506037e+02	3.524050e+16
1597	3.288524e+15	3.618557e+02	2.531282e+02	3.534378e+16
1598	3.288666e+15	3.523500e+02	2.441742e+02	5.303690e+16
1599	3.288810e+15	3.529586e+02	2.465616e+02	1.821687e+16
1600	3.288956e+15	3.540974e+02	2.451973e+02	4.335507e+16
1601	3.289103e+15	3.597169e+02	2.467696e+02	5.756741e+16
1602	3.289251e+15	3.572456e+02	2.401861e+02	5.794723e+16
1603	3.289400e+15	3.609257e+02	2.412343e+02	6.919524e+16
1604	3.289550e+15	3.809307e+02	2.519041e+02	8.272330e+16
1605	3.289695e+15	3.771786e+02	2.361964e+02	7.828252e+16
1606	3.289843e+15	3.805180e+02	2.407749e+02	4.019191e+16
1607	3.289991e+15	3.857733e+02	2.488779e+02	5.261618e+16
1608	3.290137e+15	3.649382e+02	2.396634e+02	5.245696e+16
1609	3.290284e+15	3.823287e+02	2.534719e+02	5.718131e+16
1610	3.290425e+15	3.439158e+02	2.195329e+02	3.391977e+16
1611	3.290575e+15	3.834959e+02	2.453157e+02	8.202285e+16
1612	3.290719e+15	3.709593e+02	2.243750e+02	2.843231e+16
1613	3.290867e+15	3.926820e+02	2.334269e+02	5.580872e+16
1614	3.291012e+15	4.041661e+02	2.329670e+02	6.639432e+16
1615	3.291154e+15	3.907818e+02	2.263502e+02	5.351381e+16
1616	3.291296e+15	3.831431e+02	2.204913e+02	2.992380e+16
1617	3.291441e+15	3.924052e+02	2.188553e+02	5.069514e+16
1618	3.291589e+15	4.047843e+02	2.217217e+02	5.349785e+16
1619	3.291738e+15	4.133327e+02	2.254221e+02	7.593825e+16
1620	3.291886e+15	3.995140e+02	2.254091e+02	6.131055e+16
1621	3.292034e+15	3.874240e+02	2.238026e+02	6.233725e+16
1622	3.292183e+15	4.067580e+02	2.271500e+02	6.468898e+16
1623	3.292331e+15	3.996204e+02	2.130848e+02	4.759427e+16
1624	3.292485e+15	4.167775e+02	2.272953e+02	7.516269e+16
1625	3.292636e+15	3.980280e+02	2.214670e+02	5.233681e+16
1626	3.292787e+15	3.702989e+02	2.163973e+02	5.292479e+16
1627	3.292942e+15	3.759543e+02	2.230911e+02	5.976529e+16
1628	3.293096e+15	3.791982e+02	2.208612e+02	4.938095e+16
1629	3.293249e+15	3.835295e+02	2.195162e+02	6.350397e+16
1630	3.293405e+15	4.011660e+02	2.367426e+02	5.019517e+16
1631	3.293553e+15	3.636327e+02	2.138792e+02	3.155695e+16
1632	3.293704e+15	3.755983e+02	2.280181e+02	8.091658e+16
1633	3.293852e+15	3.564865e+02	2.147836e+02	7.146164e+16
1634	3.294002e+15	3.731613e+02	2.277498e+02	5.838010e+16
1635	3.294151e+15	3.638489e+02	2.213762e+02	4.832876e+16
1636	3.294300e+15	3.704774e+02	2.225172e+02	3.816459e+16
1637	3.294449e+15	3.858779e+02	2.283249e+02	3.213408e+16
1638	3.294595e+15	3.977703e+02	2.246348e+02	3.505775e+16
1639	3.294742e+15	4.074228e+02	2.237933e+02	5.734500e+16
1640	3.294890e+15	4.082904e+02	2.227608e+02	6.519399e+16
1641	3.295040e+15	3.968357e+02	2.242873e+02	6.639315e+16
1642	3.295192e+15	4.070393e+02	2.342328e+02	6.182963e+16
1643	3.295343e+15	3.999787e+02	2.322228e+02	5.098162e+16
1644	3.295493e+15	3.956079e+02	2.309051e+02	5.569031e+16
1645	3.295646e+15	3.946838e+02	2.381390e+02	5.424153e+16
1646	3.295799e+15	3.973514e+02	2.396616e+02	8.040417e+16
1647	3.295952e+15	3.804711e+02	2.258947e+02	7.691915e+16
1648	3.296108e+15	3.897032e+02	2.364615e+02	5.910992e+16
1649	3.296263e+15	3.860303e+02	2.373876e+02	6.928250e+16
1650	3.296417e+15	3.725858e+02	2.360000e+02	6.006042e+16
1651	3.296572e+15	3.761841e+02	2.416295e+02	4.907738e+16
1652	3.296725e+15	3.640566e+02	2.405866e+02	7.224113e+16
1653	3.296878e+15	3.455852e+02	2.279124e+02	6.709586e+16
1654	3.297036e+15	3.634836e+02	2.483000e+02	3.838471e+16
1655	3.297190e+15	3.440085e+02	2.342084e+02	8.272386e+16
1656	3.297348e+15	3.502631e+02	2.472751e+02	4.721062e+16
1657	3.297504e+15	3.449423e+02	2.413200e+02	6.512243e+16
1658	3.297660e+15	3.492602e+02	2.365850e+02	3.901360e+16
1659	3.297820e+15	3.741870e+02	2.488112e+02	6.447994e+16
1660	3.297977e+15	3.688277e+02	2.376844e+02	6.964920e+16
1661	3.298135e+15	3.785361e+02	2.439640e+02	3.875156e+16
1662	3.298290e+15	3.591611e+02	2.344575e+02	5.746415e+16
1663	3.298447e+15	3.649501e+02	2.407170e+02	4.087331e+16
1664	3.298603e+15	3.602495e+02	2.391665e+02	5.719905e+16
1665	3.298757e+15	3.482130e+02	2.335772e+02	5.880213e+16
1666	3.298913e+15	3.569801e+02	2.461005e+02	8.856215e+16
1667	3.299067e+15	3.511147e+02	2.421690e+02	4.881937e+16
1668	3.299221e+15	3.521118e+02	2.415800e+02	2.244486e+16
1669	3.299373e+15	3.533564e+02	2.421366e+02	6.694168e+16
1670	3.299524e+15	3.488874e+02	2.374314e+02	6.257760e+16
1671	3.299676e+15	3.594573e+02	2.410397e+02	6.489931e+16
1672	3.299827e+15	3.650869e+02	2.403275e+02	7.029000e+16
1673	3.299977e+15	3.717285e+02	2.399160e+02	2.707622e+16
1674	3.300126e+15	3.819333e+02	2.408091e+02	4.264385e+16
1675	3.300276e+15	3.929087e+02	2.437107e+02	6.218085e+16
1676	3.300425e+15	3.959127e+02	2.389599e+02	4.731469e+16
1677	3.300575e+15	4.016838e+02	2.386045e+02	6.302508e+16
1678	3.300725e+15	4.039810e+02	2.384183e+02	5.216275e+16
1679	3.300874e+15	4.038798e+02	2.364964e+02	3.905192e+16
1680	3.301026e+15	4.149591e+02	2.404576e+02	6.864897e+16
1681	3.301179e+15	4.146363e+02	2.387496e+02	8.011418e+16
1682	3.301332e+15	4.097690e+02	2.287567e+02	4.557280e+16
1683	3.301487e+15	4.125509e+02	2.307020e+02	5.302536e+16
1684	3.301644e+15	4.185436e+02	2.376757e+02	4.055064e+16
1685	3.301800e+15	4.046036e+02	2.274900e+02	7.306357e+16
1686	3.301960e+15	4.235713e+02	2.393268e+02	6.781939e+16
1687	3.302117e+15	4.125388e+02	2.378685e+02	6.191895e+16
1688	3.302274e+15	4.083239e+02	2.314686e+02	4.334173e+16
1689	3.302433e+15	4.054044e+02	2.273520e+02	7.705090e+16
1690	3.302594e+15	4.124935e+02	2.386892e+02	8.067282e+16
1691	3.302753e+15	3.851262e+02	2.207502e+02	4.779193e+16
1692	3.302919e+15	4.095536e+02	2.415811e+02	5.691983e+16
1693	3.303082e+15	4.166974e+02	2.389273e+02	4.482686e+16
1694	3.303244e+15	4.481588e+02	2.492040e+02	2.297858e+16
1695	3.303404e+15	4.501891e+02	2.490267e+02	6.639869e+16
1696	3.303561e+15	4.465059e+02	2.474701e+02	6.419029e+16
1697	3.303717e+15	4.379770e+02	2.465584e+02	6.519874e+16
1698	3.303872e+15	4.205524e+02	2.426713e+02	5.358000e+16
1699	3.304027e+15	4.102095e+02	2.405017e+02	6.798501e+16
1700	3.304182e+15	4.118785e+02	2.408228e+02	5.651198e+16
1701	3.304337e+15	4.047427e+02	2.290058e+02	6.117872e+16
1702	3.304496e+15	4.378953e+02	2.420520e+02	6.219214e+16
1703	3.304652e+15	4.432105e+02	2.386708e+02	3.907169e+16
1704	3.304810e+15	4.499062e+02	2.445752e+02	6.993090e+16
1705	3.304966e+15	4.506658e+02	2.482538e+02	8.653477e+16
1706	3.305120e+15	4.435840e+02	2.460985e+02	5.718701e+16
1707	3.305272e+15	4.337376e+02	2.419783e+02	6.060159e+16
1708	3.305424e+15	4.384543e+02	2.449377e+02	6.366806e+16
1709	3.305576e+15	4.327933e+02	2.397866e+02	3.584865e+16
1710	3.305728e+15	4.359923e+02	2.431876e+02	4.021961e+16
1711	3.305879e+15	4.302484e+02	2.360199e+02	8.568847e+16
1712	3.306029e+15	4.319019e+02	2.329840e+02	3.741303e+16
1713	3.306181e+15	4.447478e+02	2.361066e+02	3.336507e+16
1714	3.306330e+15	4.517953e+02	2.320341e+02	2.886076e+16
1715	3.306480e+15	4.628467e+02	2.322335e+02	3.344029e+16
1716	3.306629e+15	4.586130e+02	2.317034e+02	7.270231e+16
1717	3.306780e+15	4.510193e+02	2.323458e+02	6.317364e+16
1718	3.306930e+15	4.457053e+02	2.353724e+02	5.650365e+16
1719	3.307080e+15	4.433039e+02	2.331276e+02	3.378945e+16
1720	3.307229e+15	4.359043e+02	2.295153e+02	4.628741e+16
1721	3.307380e+15	4.480340e+02	2.363976e+02	4.489040e+16
1722	3.307528e+15	4.291802e+02	2.259086e+02	4.827208e+16
1723	3.307679e+15	4.431919e+02	2.346552e+02	4.160883e+16
1724	3.307828e+15	4.297242e+02	2.269670e+02	8.539632e+16
1725	3.307978e+15	4.312290e+02	2.280548e+02	5.114857e+16
1726	3.308129e+15	4.322447e+02	2.317186e+02	6.320454e+16
1727	3.308280e+15	4.273914e+02	2.305441e+02	7.867382e+16
1728	3.308432e+15	4.338887e+02	2.300287e+02	5.694859e+16
1729	3.308584e+15	4.345936e+02	2.281935e+02	6.300670e+16
1730	3.308736e+15	4.327407e+02	2.296688e+02	2.892257e+16
1731	3.308888e+15	4.249274e+02	2.297186e+02	5.387807e+16
1732	3.309041e+15	4.222421e+02	2.318274e+02	3.855825e+16
1733	3.309193e+15	4.147027e+02	2.295321e+02	6.628461e+16
1734	3.309345e+15	4.044776e+02	2.222773e+02	8.344340e+16
1735	3.309498e+15	4.127347e+02	2.256541e+02	3.299569e+16
1736	3.309651e+15	4.077445e+02	2.234304e+02	7.740036e+16
1737	3.309803e+15	4.246071e+02	2.221533e+02	3.852424e+16
1738	3.309956e+15	4.291539e+02	2.190913e+02	4.730469e+16
1739	3.310112e+15	4.364272e+02	2.218423e+02	3.851073e+16
1740	3.310268e+15	4.395070e+02	2.264555e+02	3.695345e+16
1741	3.310422e+15	4.313192e+02	2.224360e+02	4.367286e+16
1742	3.310575e+15	4.140859e+02	2.174132e+02	6.342725e+16
1743	3.310729e+15	4.011877e+02	2.138604e+02	7.580114e+16
1744	3.310885e+15	4.008885e+02	2.223262e+02	6.252849e+16
1745	3.311041e+15	3.833519e+02	2.130391e+02	4.984087e+16
1746	3.311201e+15	3.818867e+02	2.150620e+02	4.027258e+16
1747	3.311365e+15	3.944641e+02	2.223405e+02	6.161857e+16
1748	3.311529e+15	3.978975e+02	2.243513e+02	6.606140e+16
1749	3.311692e+15	4.047392e+02	2.249505e+02	6.645423e+16
1750	3.311855e+15	4.064095e+02	2.238771e+02	4.657240e+16
1751	3.312016e+15	3.962055e+02	2.204293e+02	3.986481e+16
1752	3.312176e+15	3.783147e+02	2.189850e+02	4.855792e+16
1753	3.312337e+15	3.760873e+02	2.210532e+02	5.456370e+16
1754	3.312496e+15	3.615005e+02	2.143406e+02	8.302728e+16
1755	3.312656e+15	3.644137e+02	2.191571e+02	4.486717e+16
1756	3.312814e+15	3.707647e+02	2.219919e+02	2.102217e+16
1757	3.312970e+15	3.784074e+02	2.189184e+02	4.420059e+16
1758	3.313125e+15	3.850736e+02	2.196190e+02	5.447227e+16
1759	3.313278e+15	3.832943e+02	2.127628e+02	2.621147e+16
1760	3.313434e+15	3.990475e+02	2.226556e+02	5.910991e+16
1761	3.313589e+15	3.858660e+02	2.146623e+02	5.298293e+16
1762	3.313746e+15	3.878086e+02	2.193939e+02	5.684174e+16
1763	3.313904e+15	3.974647e+02	2.221159e+02	3.781146e+16
1764	3.314062e+15	4.025288e+02	2.199305e+02	7.195987e+16
1765	3.314221e+15	4.017021e+02	2.205927e+02	3.868768e+16
1766	3.314381e+15	3.961257e+02	2.247840e+02	6.176234e+16
1767	3.314542e+15	3.875683e+02	2.245458e+02	6.660698e+16
1768	3.314704e+15	3.729579e+02	2.211341e+02	5.807487e+16
1769	3.314868e+15	3.658608e+02	2.247286e+02	6.561388e+16
1770	3.315034e+15	3.702529e+02	2.286398e+02	6.897476e+16
1771	3.315200e+15	3.723096e+02	2.348450e+02	7.146842e+16
1772	3.315363e+15	3.614150e+02	2.294501e+02	2.571268e+16
1773	3.315526e+15	3.705634e+02	2.403507e+02	7.289031e+16
1774	3.315686e+15	3.642425e+02	2.366432e+02	9.162348e+16
1775	3.315843e+15	3.685622e+02	2.407787e+02	5.436106e+16
1776	3.315996e+15	3.544443e+02	2.267812e+02	7.818724e+16
1777	3.316150e+15	3.801342e+02	2.381332e+02	5.753091e+16
1778	3.316301e+15	3.567069e+02	2.176221e+02	4.136352e+16
1779	3.316456e+15	3.858256e+02	2.323435e+02	5.936872e+16
1780	3.316609e+15	3.682181e+02	2.225228e+02	5.898101e+16
1781	3.316764e+15	3.718593e+02	2.252835e+02	2.666704e+16
1782	3.316921e+15	3.872270e+02	2.319023e+02	5.094393e+16
1783	3.317074e+15	3.743106e+02	2.067147e+02	7.683131e+16
1784	3.317237e+15	4.051795e+02	2.226395e+02	4.786819e+16
1785	3.317399e+15	4.028048e+02	2.276657e+02	5.953418e+16
1786	3.317558e+15	3.746536e+02	2.197651e+02	5.314990e+16
1787	3.317720e+15	3.823582e+02	2.354247e+02	4.087196e+16
1788	3.317878e+15	3.663632e+02	2.232207e+02	4.478927e+16
1789	3.318037e+15	3.605039e+02	2.233169e+02	4.062396e+16
1790	3.318199e+15	3.747655e+02	2.323804e+02	4.693540e+16
1791	3.318358e+15	3.621515e+02	2.234078e+02	7.101263e+16
1792	3.318519e+15	3.860544e+02	2.324371e+02	4.619357e+16
1793	3.318676e+15	3.984213e+02	2.307776e+02	3.977165e+16
1794	3.318834e+15	4.133864e+02	2.285886e+02	6.425808e+16
1795	3.318991e+15	4.192292e+02	2.326265e+02	5.359467e+16
1796	3.319146e+15	4.004952e+02	2.275696e+02	9.190283e+16
1797	3.319301e+15	3.982494e+02	2.277155e+02	3.252771e+16
1798	3.319455e+15	3.815618e+02	2.230987e+02	5.772241e+16
1799	3.319609e+15	3.786438e+02	2.221890e+02	7.605242e+16
1800	3.319764e+15	3.798142e+02	2.275823e+02	5.204094e+16
1801	3.319917e+15	3.745405e+02	2.229985e+02	6.780341e+16
1802	3.320071e+15	3.867534e+02	2.267575e+02	6.369789e+16
1803	3.320224e+15	3.929498e+02	2.279298e+02	2.617493e+16
1804	3.320377e+15	3.950837e+02	2.275920e+02	7.150349e+16
1805	3.320527e+15	3.956240e+02	2.256848e+02	8.070355e+16
1806	3.320677e+15	3.906657e+02	2.212270e+02	4.305057e+16
1807	3.320827e+15	3.906433e+02	2.214025e+02	4.915985e+16
1808	3.320978e+15	3.934197e+02	2.231730e+02	3.223253e+16
1809	3.321127e+15	3.851680e+02	2.185610e+02	6.757732e+16
1810	3.321278e+15	3.925488e+02	2.222415e+02	7.408797e+16
1811	3.321428e+15	3.988947e+02	2.239183e+02	6.213751e+16
1812	3.321576e+15	3.916119e+02	2.200854e+02	2.425369e+16
1813	3.321725e+15	4.069532e+02	2.226509e+02	3.777409e+16
1814	3.321873e+15	3.970948e+02	2.195152e+02	4.484315e+16
1815	3.322022e+15	3.846058e+02	2.209253e+02	6.447584e+16
1816	3.322172e+15	3.859044e+02	2.285496e+02	5.790641e+16
1817	3.322321e+15	3.579624e+02	2.143189e+02	4.708740e+16
1818	3.322475e+15	3.776477e+02	2.276205e+02	4.232740e+16
1819	3.322630e+15	3.637777e+02	2.137649e+02	4.174643e+16
1820	3.322788e+15	3.711330e+02	2.207880e+02	5.285628e+16
1821	3.322947e+15	3.677224e+02	2.245406e+02	5.428987e+16
1822	3.323104e+15	3.628381e+02	2.210030e+02	6.725843e+16
1823	3.323260e+15	3.540207e+02	2.249270e+02	7.028273e+16
1824	3.323414e+15	3.430221e+02	2.245494e+02	5.918723e+16
1825	3.323564e+15	3.375743e+02	2.242768e+02	8.965707e+16
1826	3.323713e+15	3.282744e+02	2.208270e+02	3.459483e+16
1827	3.323861e+15	3.233647e+02	2.173430e+02	4.726699e+16
1828	3.324007e+15	3.182921e+02	2.180951e+02	4.069923e+16
1829	3.324154e+15	3.160665e+02	2.146734e+02	5.402224e+16
1830	3.324304e+15	3.318808e+02	2.227525e+02	5.952314e+16
1831	3.324452e+15	3.321471e+02	2.165245e+02	4.616292e+16
1832	3.324603e+15	3.497724e+02	2.205662e+02	6.381046e+16
1833	3.324754e+15	3.475011e+02	2.181924e+02	4.257071e+16
1834	3.324906e+15	3.553621e+02	2.191750e+02	7.767182e+16
1835	3.325058e+15	3.420467e+02	2.114840e+02	2.842849e+16
1836	3.325214e+15	3.449029e+02	2.220946e+02	4.242720e+16
1837	3.325368e+15	3.355346e+02	2.219094e+02	5.453877e+16
1838	3.325522e+15	3.304412e+02	2.223174e+02	4.902118e+16
1839	3.325676e+15	3.408049e+02	2.278690e+02	5.676567e+16
1840	3.325826e+15	3.259520e+02	2.159882e+02	3.390847e+16
1841	3.325980e+15	3.368410e+02	2.254877e+02	4.418147e+16
1842	3.326133e+15	3.232851e+02	2.244292e+02	7.649523e+16
1843	3.326284e+15	3.060701e+02	2.154221e+02	6.702065e+16
1844	3.326440e+15	3.329237e+02	2.284299e+02	4.313820e+16
1845	3.326593e+15	3.442090e+02	2.238043e+02	3.367271e+16
1846	3.326745e+15	3.450043e+02	2.158580e+02	5.691989e+16
1847	3.326900e+15	3.431919e+02	2.254099e+02	4.803716e+16
1848	3.327053e+15	3.272824e+02	2.193505e+02	7.219738e+16
1849	3.327205e+15	3.086504e+02	2.118840e+02	4.579440e+16
1850	3.327360e+15	3.173569e+02	2.191235e+02	7.548291e+16
1851	3.327514e+15	2.996030e+02	2.057772e+02	6.798817e+16
1852	3.327673e+15	3.184120e+02	2.204835e+02	3.041457e+16
1853	3.327828e+15	3.143335e+02	2.166488e+02	4.476399e+16
1854	3.327982e+15	3.194620e+02	2.159499e+02	7.494356e+16
1855	3.328134e+15	3.253215e+02	2.180467e+02	4.750426e+16
1856	3.328286e+15	3.201792e+02	2.159529e+02	3.478231e+16
1857	3.328437e+15	3.233008e+02	2.169567e+02	4.559287e+16
1858	3.328588e+15	3.147909e+02	2.067500e+02	5.450671e+16
1859	3.328739e+15	3.073264e+02	2.104507e+02	5.208524e+16
1860	3.328889e+15	3.132666e+02	2.090521e+02	3.498011e+16
1861	3.329041e+15	3.275006e+02	2.133832e+02	2.910419e+16
1862	3.329192e+15	3.324063e+02	2.092975e+02	7.260093e+16
1863	3.329344e+15	3.363773e+02	2.113387e+02	3.728329e+16
1864	3.329497e+15	3.321101e+02	2.095730e+02	3.665956e+16
1865	3.329651e+15	3.245943e+02	2.118215e+02	5.021018e+16
1866	3.329805e+15	3.140826e+02	2.086335e+02	5.530584e+16
1867	3.329961e+15	3.054543e+02	2.004461e+02	3.387448e+16
1868	3.330122e+15	3.191358e+02	2.171925e+02	5.449044e+16
1869	3.330280e+15	2.996604e+02	2.035412e+02	5.025165e+16
1870	3.330443e+15	3.076173e+02	2.168913e+02	4.498530e+16
1871	3.330603e+15	3.043181e+02	2.174628e+02	5.606440e+16
1872	3.330762e+15	3.037660e+02	2.115888e+02	5.236081e+16
1873	3.330921e+15	2.950642e+02	1.964046e+02	4.718327e+16
1874	3.331085e+15	3.101577e+02	2.105762e+02	7.534214e+16
1875	3.331247e+15	3.034049e+02	2.126603e+02	4.007661e+16
1876	3.331407e+15	2.883231e+02	2.026700e+02	6.788744e+16
1877	3.331570e+15	2.990112e+02	2.132626e+02	6.089024e+16
1878	3.331733e+15	2.946574e+02	2.035985e+02	7.362602e+16
1879	3.331898e+15	3.077577e+02	2.136821e+02	6.041631e+16
1880	3.332059e+15	3.101981e+02	2.086322e+02	6.233679e+16
1881	3.332219e+15	3.094265e+02	2.096230e+02	5.113382e+16
1882	3.332379e+15	3.183198e+02	2.145260e+02	4.923165e+16
1883	3.332535e+15	3.161504e+02	2.035244e+02	6.223378e+16
1884	3.332694e+15	3.241815e+02	2.154996e+02	4.688703e+16
1885	3.332850e+15	3.100230e+02	2.069774e+02	3.263237e+16
1886	3.333007e+15	3.038357e+02	2.091093e+02	7.345898e+16
1887	3.333161e+15	2.995550e+02	2.030950e+02	5.685918e+16
1888	3.333316e+15	3.046150e+02	2.014367e+02	6.738574e+16
1889	3.333472e+15	3.089096e+02	1.993783e+02	5.661387e+16
1890	3.333629e+15	3.120379e+02	2.062341e+02	7.309836e+16
1891	3.333783e+15	2.937953e+02	1.986871e+02	4.783115e+16
1892	3.333942e+15	2.959755e+02	2.038559e+02	4.536973e+16
1893	3.334101e+15	2.923066e+02	2.031413e+02	6.442165e+16
1894	3.334261e+15	2.970658e+02	2.076947e+02	4.547047e+16
1895	3.334420e+15	2.980284e+02	2.078670e+02	6.944844e+16
1896	3.334578e+15	2.957352e+02	2.080754e+02	6.222370e+16
1897	3.334735e+15	2.911573e+02	2.061025e+02	4.251125e+16
1898	3.334893e+15	2.857817e+02	2.057463e+02	8.258367e+16
1899	3.335052e+15	2.842037e+02	2.041081e+02	5.544704e+16
1900	3.335212e+15	2.901599e+02	2.019043e+02	6.407441e+16
1901	3.335374e+15	2.929756e+02	1.996342e+02	5.162848e+16
1902	3.335538e+15	3.045367e+02	2.039918e+02	3.496211e+16
1903	3.335701e+15	3.098897e+02	2.014405e+02	6.182417e+16
1904	3.335865e+15	3.094192e+02	2.019284e+02	6.573781e+16
1905	3.336028e+15	2.961223e+02	1.972968e+02	4.178691e+16
1906	3.336193e+15	2.962196e+02	2.048436e+02	3.646545e+16
1907	3.336354e+15	2.823507e+02	1.988671e+02	7.238222e+16
1908	3.336515e+15	2.774120e+02	1.996550e+02	5.282365e+16
1909	3.336673e+15	2.818434e+02	2.020012e+02	5.513299e+16
1910	3.336829e+15	2.797113e+02	1.996005e+02	4.276580e+16
1911	3.336983e+15	2.892032e+02	2.041585e+02	7.954197e+16
1912	3.337136e+15	2.855824e+02	1.978037e+02	5.466249e+16
1913	3.337289e+15	2.906788e+02	2.057832e+02	4.866040e+16
1914	3.337440e+15	2.698077e+02	1.880433e+02	4.421217e+16
1915	3.337597e+15	2.974797e+02	2.077362e+02	2.598618e+16
1916	3.337751e+15	2.943914e+02	2.076041e+02	6.303405e+16
1917	3.337902e+15	2.876466e+02	1.999952e+02	3.746746e+16
1918	3.338054e+15	2.909425e+02	2.024577e+02	8.152367e+16
1919	3.338204e+15	2.786918e+02	1.975010e+02	1.013414e+17
1920	3.338356e+15	2.717958e+02	2.017595e+02	5.987656e+16
1921	3.338508e+15	2.606702e+02	1.929470e+02	4.850441e+16
1922	3.338665e+15	2.650607e+02	1.975370e+02	5.115694e+16
1923	3.338824e+15	2.755181e+02	2.044821e+02	4.033975e+16
1924	3.338981e+15	2.852398e+02	1.968860e+02	4.442097e+16
1925	3.339139e+15	3.030271e+02	2.026001e+02	1.482925e+16
1926	3.339295e+15	2.867654e+02	1.968017e+02	3.834578e+16
1927	3.339451e+15	2.804485e+02	2.072001e+02	6.950094e+16
1928	3.339603e+15	2.507705e+02	1.909174e+02	5.222021e+16
1929	3.339759e+15	2.497456e+02	2.006419e+02	6.653268e+16
1930	3.339915e+15	2.419223e+02	1.991773e+02	4.417204e+16
1931	3.340072e+15	2.365923e+02	1.961412e+02	3.680404e+16
1932	3.340232e+15	2.380510e+02	1.999461e+02	4.887293e+16
1933	3.340390e+15	2.272010e+02	1.876526e+02	4.228965e+16
1934	3.340553e+15	2.403073e+02	2.011159e+02	4.505284e+16
1935	3.340715e+15	2.359117e+02	2.003039e+02	4.333437e+16
1936	3.340876e+15	2.450005e+02	2.070481e+02	6.488099e+16
1937	3.341033e+15	2.421946e+02	2.079397e+02	5.360601e+16
1938	3.341187e+15	2.382566e+02	2.048762e+02	5.173194e+16
1939	3.341340e+15	2.438776e+02	2.044724e+02	5.378176e+16
1940	3.341493e+15	2.499798e+02	2.087015e+02	6.426660e+16
1941	3.341644e+15	2.548025e+02	2.110104e+02	3.815235e+16
1942	3.341794e+15	2.534140e+02	2.070273e+02	5.519577e+16
1943	3.341944e+15	2.564491e+02	2.032173e+02	2.719271e+16
1944	3.342098e+15	2.672916e+02	2.074813e+02	3.755438e+16
1945	3.342253e+15	2.762905e+02	2.053828e+02	4.770271e+16
1946	3.342411e+15	2.922838e+02	2.037866e+02	6.131844e+16
1947	3.342571e+15	2.943168e+02	1.997765e+02	2.920712e+16
1948	3.342735e+15	2.844902e+02	2.052973e+02	4.776512e+16
1949	3.342898e+15	2.740810e+02	2.069984e+02	4.345614e+16
1950	3.343059e+15	2.674427e+02	2.040145e+02	5.951091e+16
1951	3.343219e+15	2.648945e+02	2.038851e+02	4.021726e+16
1952	3.343377e+15	2.762789e+02	2.045732e+02	6.669661e+16
1953	3.343533e+15	2.771073e+02	2.001729e+02	4.932307e+16
1954	3.343690e+15	2.860333e+02	2.059230e+02	4.079969e+16
1955	3.343843e+15	2.810055e+02	2.014883e+02	3.407575e+16
1956	3.343996e+15	2.836468e+02	2.004893e+02	4.454048e+16
1957	3.344150e+15	2.910835e+02	2.020925e+02	5.647967e+16
1958	3.344303e+15	2.962036e+02	1.994252e+02	3.543338e+16
1959	3.344456e+15	3.063951e+02	1.962934e+02	2.779759e+16
1960	3.344611e+15	2.993147e+02	1.949787e+02	5.246554e+16
1961	3.344767e+15	3.028033e+02	1.992337e+02	7.399759e+16
1962	3.344922e+15	3.057049e+02	1.984408e+02	4.204168e+16
1963	3.345079e+15	3.120707e+02	2.007624e+02	2.682063e+16
1964	3.345236e+15	3.167768e+02	2.028386e+02	4.517701e+16
1965	3.345392e+15	3.032978e+02	1.878622e+02	3.740068e+16
1966	3.345553e+15	3.187533e+02	1.965935e+02	6.470687e+16
1967	3.345715e+15	3.136909e+02	1.878887e+02	6.034234e+16
1968	3.345881e+15	3.247741e+02	1.962629e+02	4.652533e+16
1969	3.346046e+15	3.206661e+02	1.947020e+02	5.881219e+16
1970	3.346210e+15	3.067765e+02	1.882971e+02	3.404803e+16
1971	3.346375e+15	3.050914e+02	1.937858e+02	2.919032e+16
1972	3.346540e+15	2.992203e+02	1.892506e+02	3.796104e+16
1973	3.346705e+15	2.995378e+02	1.900587e+02	4.385598e+16
1974	3.346870e+15	3.041363e+02	1.951609e+02	3.635497e+16
1975	3.347032e+15	2.948434e+02	1.864153e+02	5.665146e+16
1976	3.347196e+15	2.989055e+02	1.888101e+02	6.093348e+16
1977	3.347355e+15	2.880678e+02	1.865040e+02	3.875002e+16
1978	3.347514e+15	2.821413e+02	1.896817e+02	5.851243e+16
1979	3.347669e+15	2.822739e+02	1.889425e+02	6.987932e+16
1980	3.347822e+15	2.815501e+02	1.920379e+02	4.542399e+16
1981	3.347972e+15	2.773479e+02	1.836185e+02	7.106423e+16
1982	3.348123e+15	2.887695e+02	1.863290e+02	4.476636e+16
1983	3.348275e+15	2.988587e+02	1.896687e+02	4.719341e+16
1984	3.348426e+15	3.028279e+02	1.858076e+02	4.100435e+16
1985	3.348577e+15	3.141384e+02	1.899100e+02	4.948263e+16
1986	3.348727e+15	3.207230e+02	1.878518e+02	5.491179e+16
1987	3.348877e+15	3.304318e+02	1.866513e+02	4.938908e+16
1988	3.349027e+15	3.263081e+02	1.836476e+02	5.239494e+16
1989	3.349177e+15	3.149974e+02	1.850974e+02	3.954534e+16
1990	3.349328e+15	3.047147e+02	1.885553e+02	3.858711e+16
1991	3.349478e+15	2.889093e+02	1.841070e+02	3.153528e+16
1992	3.349628e+15	2.820284e+02	1.842159e+02	4.124648e+16
1993	3.349778e+15	2.757481e+02	1.869145e+02	4.705090e+16
1994	3.349928e+15	2.671593e+02	1.860253e+02	7.460648e+16
1995	3.350079e+15	2.685722e+02	1.885675e+02	4.293167e+16
1996	3.350229e+15	2.674592e+02	1.869991e+02	5.797738e+16
1997	3.350379e+15	2.755747e+02	1.861632e+02	4.020221e+16
1998	3.350529e+15	2.877082e+02	1.862052e+02	4.599891e+16
1999	3.350679e+15	2.938189e+02	1.816111e+02	4.348214e+16
2000	3.350831e+15	3.043546e+02	1.879753e+02	5.362583e+16
2001	3.350980e+15	2.928983e+02	1.822908e+02	5.219224e+16
2002	3.351131e+15	2.878789e+02	1.856385e+02	7.445592e+16
2003	3.351282e+15	2.768959e+02	1.856952e+02	4.342744e+16
2004	3.351434e+15	2.622467e+02	1.781703e+02	6.245852e+16
2005	3.351590e+15	2.691213e+02	1.863801e+02	5.566503e+16
2006	3.351746e+15	2.711886e+02	1.817138e+02	2.999560e+16
2007	3.351904e+15	2.719272e+02	1.831891e+02	3.093331e+16
2008	3.352064e+15	2.817631e+02	1.965217e+02	7.401284e+16
2009	3.352219e+15	2.644741e+02	1.803915e+02	3.054463e+16
2010	3.352377e+15	2.735646e+02	1.944651e+02	2.127176e+16
2011	3.352531e+15	2.536639e+02	1.804744e+02	6.904671e+16
2012	3.352689e+15	2.591061e+02	1.907014e+02	4.900799e+16
2013	3.352843e+15	2.518353e+02	1.858528e+02	4.779298e+16
2014	3.352999e+15	2.511407e+02	1.860564e+02	2.803563e+16
2015	3.353155e+15	2.722942e+02	1.927050e+02	7.980125e+16
2016	3.353310e+15	2.802166e+02	1.866035e+02	4.340726e+16
2017	3.353465e+15	2.940670e+02	1.899246e+02	5.247886e+16
2018	3.353620e+15	2.909606e+02	1.887237e+02	4.160085e+16
2019	3.353774e+15	2.771041e+02	1.861408e+02	4.179141e+16
2020	3.353929e+15	2.764529e+02	1.891269e+02	5.472863e+16
2021	3.354085e+15	2.757663e+02	1.843092e+02	3.471549e+16
2022	3.354243e+15	2.741738e+02	1.827413e+02	3.571531e+16
2023	3.354402e+15	2.769617e+02	1.836834e+02	2.470739e+16
2024	3.354562e+15	2.807730e+02	1.833797e+02	3.725380e+16
2025	3.354722e+15	2.787517e+02	1.824266e+02	6.143900e+16
2026	3.354883e+15	2.797442e+02	1.858080e+02	5.346446e+16
2027	3.355044e+15	2.845838e+02	1.893604e+02	5.072453e+16
2028	3.355203e+15	2.827636e+02	1.865790e+02	3.023332e+16
2029	3.355360e+15	2.854002e+02	1.851689e+02	4.104157e+16
2030	3.355519e+15	2.788702e+02	1.856608e+02	7.344855e+16
2031	3.355677e+15	2.756714e+02	1.837224e+02	4.163121e+16
2032	3.355837e+15	2.730043e+02	1.839615e+02	6.630563e+16
2033	3.355997e+15	2.670091e+02	1.838355e+02	2.084102e+16
2034	3.356157e+15	2.715753e+02	1.852018e+02	4.829464e+16
2035	3.356316e+15	2.815447e+02	1.831393e+02	5.671594e+16
2036	3.356475e+15	2.861349e+02	1.843470e+02	4.772716e+16
2037	3.356633e+15	2.833539e+02	1.856233e+02	5.678346e+16
2038	3.356790e+15	2.749678e+02	1.794575e+02	3.825462e+16
2039	3.356947e+15	2.689814e+02	1.782996e+02	5.290664e+16
2040	3.357105e+15	2.720202e+02	1.804067e+02	4.176283e+16
2041	3.357261e+15	2.559628e+02	1.711583e+02	5.433765e+16
2042	3.357420e+15	2.646969e+02	1.785873e+02	6.311802e+16
2043	3.357578e+15	2.626380e+02	1.746794e+02	4.888052e+16
2044	3.357737e+15	2.671053e+02	1.743949e+02	7.326640e+16
2045	3.357899e+15	2.763986e+02	1.804192e+02	4.849440e+16
2046	3.358060e+15	2.653401e+02	1.756997e+02	4.038596e+16
2047	3.358222e+15	2.647320e+02	1.784117e+02	3.089618e+16
2048	3.358384e+15	2.577742e+02	1.771402e+02	3.498343e+16
2049	3.358546e+15	2.476234e+02	1.758491e+02	3.779741e+16
2050	3.358709e+15	2.475051e+02	1.776091e+02	3.786849e+16
2051	3.358872e+15	2.413140e+02	1.767531e+02	5.038146e+16
2052	3.359035e+15	2.521934e+02	1.787757e+02	4.820638e+16
2053	3.359198e+15	2.637140e+02	1.792493e+02	3.617200e+16
2054	3.359361e+15	2.683913e+02	1.774422e+02	4.982070e+16
2055	3.359525e+15	2.636743e+02	1.787352e+02	4.955576e+16
2056	3.359689e+15	2.592209e+02	1.821279e+02	5.129285e+16
2057	3.359852e+15	2.493441e+02	1.758497e+02	3.399248e+16
2058	3.360019e+15	2.567772e+02	1.784336e+02	4.873887e+16
2059	3.360190e+15	2.748097e+02	1.922020e+02	5.150377e+16
2060	3.360354e+15	2.616980e+02	1.760756e+02	3.932869e+16
2061	3.360522e+15	2.764773e+02	1.852593e+02	5.085530e+16
2062	3.360688e+15	2.831871e+02	1.913515e+02	2.585017e+16
2063	3.360850e+15	2.709592e+02	1.807867e+02	3.917265e+16
2064	3.361014e+15	2.754727e+02	1.869079e+02	4.548048e+16
2065	3.361174e+15	2.678361e+02	1.793707e+02	6.299120e+16
2066	3.361337e+15	2.601516e+02	1.820666e+02	6.522251e+16
2067	3.361500e+15	2.572984e+02	1.870795e+02	4.810050e+16
2068	3.361661e+15	2.491208e+02	1.819316e+02	3.989889e+16
2069	3.361825e+15	2.537185e+02	1.889324e+02	4.594644e+16
2070	3.361986e+15	2.535755e+02	1.869011e+02	6.409973e+16
2071	3.362146e+15	2.545004e+02	1.859691e+02	6.038224e+16
2072	3.362306e+15	2.586055e+02	1.856886e+02	4.742418e+16
2073	3.362464e+15	2.588358e+02	1.878579e+02	6.217143e+16
2074	3.362620e+15	2.586626e+02	1.844249e+02	6.032348e+16
2075	3.362776e+15	2.560433e+02	1.794237e+02	5.216976e+16
2076	3.362933e+15	2.735316e+02	1.836389e+02	4.271016e+16
2077	3.363089e+15	2.795711e+02	1.817306e+02	6.861751e+16
2078	3.363246e+15	2.835238e+02	1.820098e+02	2.035104e+16
2079	3.363403e+15	2.936614e+02	1.820786e+02	4.511854e+16
2080	3.363561e+15	2.992646e+02	1.805615e+02	4.913479e+16
2081	3.363720e+15	3.119044e+02	1.802463e+02	3.001211e+16
2082	3.363880e+15	3.100138e+02	1.814061e+02	2.294135e+16
2083	3.364039e+15	2.990085e+02	1.781819e+02	5.203546e+16
2084	3.364201e+15	3.013030e+02	1.812512e+02	5.141600e+16
2085	3.364363e+15	2.910662e+02	1.778037e+02	5.291872e+16
2086	3.364528e+15	2.952615e+02	1.822112e+02	4.241848e+16
2087	3.364692e+15	2.885107e+02	1.802908e+02	5.311870e+16
2088	3.364856e+15	2.796225e+02	1.813805e+02	5.993122e+16
2089	3.365021e+15	2.801753e+02	1.818049e+02	6.164975e+16
2090	3.365185e+15	2.813257e+02	1.833297e+02	5.735292e+16
2091	3.365347e+15	2.724349e+02	1.790916e+02	4.086714e+16
2092	3.365511e+15	2.639049e+02	1.804489e+02	6.074213e+16
2093	3.365674e+15	2.527983e+02	1.800411e+02	2.425705e+16
2094	3.365839e+15	2.442774e+02	1.812318e+02	5.177916e+16
2095	3.366003e+15	2.427385e+02	1.773063e+02	3.816955e+16
2096	3.366170e+15	2.479820e+02	1.806091e+02	6.603292e+16
2097	3.366336e+15	2.446376e+02	1.824956e+02	3.883804e+16
2098	3.366501e+15	2.468306e+02	1.839181e+02	3.825973e+16
2099	3.366664e+15	2.488854e+02	1.851278e+02	3.478348e+16
2100	3.366824e+15	2.515647e+02	1.862682e+02	5.279444e+16
2101	3.366983e+15	2.570538e+02	1.841519e+02	5.320871e+16
2102	3.367141e+15	2.580990e+02	1.851580e+02	6.439606e+16
2103	3.367298e+15	2.622002e+02	1.834692e+02	6.480936e+16
2104	3.367455e+15	2.632110e+02	1.823708e+02	5.002921e+16
2105	3.367611e+15	2.623412e+02	1.804563e+02	3.363191e+16
2106	3.367768e+15	2.641119e+02	1.798263e+02	4.988760e+16
2107	3.367925e+15	2.611257e+02	1.795552e+02	4.788857e+16
2108	3.368084e+15	2.600730e+02	1.787149e+02	4.542985e+16
2109	3.368244e+15	2.645311e+02	1.784643e+02	4.241828e+16
2110	3.368405e+15	2.653791e+02	1.843524e+02	5.288072e+16
2111	3.368562e+15	2.663580e+02	1.833879e+02	3.546866e+16
2112	3.368718e+15	2.507395e+02	1.746432e+02	4.089683e+16
2113	3.368878e+15	2.539801e+02	1.794096e+02	3.294652e+16
2114	3.369039e+15	2.556568e+02	1.891141e+02	3.470719e+16
2115	3.369197e+15	2.410970e+02	1.765348e+02	5.362344e+16
2116	3.369358e+15	2.490985e+02	1.820804e+02	5.354746e+16
2117	3.369520e+15	2.722432e+02	1.928465e+02	4.865982e+16
2118	3.369677e+15	2.576295e+02	1.775509e+02	6.215453e+16
2119	3.369837e+15	2.744846e+02	1.953890e+02	4.773465e+16
2120	3.369992e+15	2.495241e+02	1.776863e+02	7.134088e+16
2121	3.370152e+15	2.518145e+02	1.902185e+02	3.842373e+16
2122	3.370308e+15	2.350170e+02	1.854293e+02	6.772099e+16
2123	3.370463e+15	2.232794e+02	1.856559e+02	6.723336e+16
2124	3.370618e+15	2.366267e+02	1.929655e+02	5.097621e+16
2125	3.370770e+15	2.568714e+02	1.874146e+02	4.770861e+16
2126	3.370921e+15	2.665897e+02	1.806366e+02	4.085646e+16
2127	3.371075e+15	2.649935e+02	1.864810e+02	4.219492e+16
2128	3.371227e+15	2.541604e+02	1.850233e+02	3.955041e+16
2129	3.371380e+15	2.438926e+02	1.816139e+02	5.596560e+16
2130	3.371535e+15	2.465819e+02	1.789478e+02	4.197583e+16
2131	3.371692e+15	2.546948e+02	1.766835e+02	6.056059e+16
2132	3.371852e+15	2.665679e+02	1.859566e+02	2.624981e+16
2133	3.372009e+15	2.594385e+02	1.840073e+02	3.164945e+16
2134	3.372163e+15	2.567895e+02	1.861597e+02	4.223442e+16
2135	3.372315e+15	2.401250e+02	1.802844e+02	6.574673e+16
2136	3.372468e+15	2.355794e+02	1.823874e+02	2.701447e+16
2137	3.372619e+15	2.289897e+02	1.801131e+02	5.728550e+16
2138	3.372771e+15	2.301862e+02	1.813194e+02	2.692330e+16
2139	3.372923e+15	2.333736e+02	1.797456e+02	2.840411e+16
2140	3.373073e+15	2.393670e+02	1.765481e+02	4.783245e+16
2141	3.373225e+15	2.608998e+02	1.807462e+02	5.125292e+16
2142	3.373376e+15	2.598923e+02	1.773294e+02	4.048219e+16
2143	3.373528e+15	2.616038e+02	1.758912e+02	4.929145e+16
2144	3.373680e+15	2.591413e+02	1.751019e+02	5.219834e+16
2145	3.373832e+15	2.589902e+02	1.751153e+02	4.639380e+16
2146	3.373985e+15	2.497390e+02	1.699633e+02	2.103305e+16
2147	3.374139e+15	2.438264e+02	1.732213e+02	1.262913e+16
2148	3.374294e+15	2.499194e+02	1.727299e+02	1.814531e+16
2149	3.374449e+15	2.579355e+02	1.691834e+02	4.752422e+16
2150	3.374606e+15	2.662438e+02	1.749316e+02	2.752157e+16
2151	3.374762e+15	2.667737e+02	1.738320e+02	3.174115e+16
2152	3.374920e+15	2.606196e+02	1.733152e+02	4.216011e+16
2153	3.375080e+15	2.559410e+02	1.792916e+02	4.453997e+16
2154	3.375239e+15	2.499526e+02	1.744284e+02	3.450762e+16
2155	3.375400e+15	2.605171e+02	1.824569e+02	6.326349e+16
2156	3.375558e+15	2.529182e+02	1.805424e+02	4.510199e+16
2157	3.375715e+15	2.530519e+02	1.791262e+02	5.765277e+16
2158	3.375871e+15	2.592717e+02	1.812449e+02	7.127545e+16
2159	3.376024e+15	2.497213e+02	1.730590e+02	3.482747e+16
2160	3.376179e+15	2.657975e+02	1.795175e+02	5.855239e+16
2161	3.376332e+15	2.681001e+02	1.750257e+02	3.440961e+16
2162	3.376485e+15	2.514916e+02	1.701935e+02	2.231252e+16
2163	3.376642e+15	2.702720e+02	1.814023e+02	6.004443e+16
2164	3.376795e+15	2.729631e+02	1.687894e+02	4.472847e+16
2165	3.376953e+15	2.860290e+02	1.748097e+02	5.001223e+16
2166	3.377110e+15	2.794056e+02	1.759492e+02	5.397011e+16
2167	3.377266e+15	2.583827e+02	1.655817e+02	5.164814e+16
2168	3.377427e+15	2.609739e+02	1.773828e+02	3.232169e+16
2169	3.377586e+15	2.465833e+02	1.687727e+02	4.324240e+16
2170	3.377748e+15	2.452466e+02	1.706554e+02	6.078164e+16
2171	3.377909e+15	2.495200e+02	1.750168e+02	3.892658e+16
2172	3.378066e+15	2.506561e+02	1.699795e+02	3.208738e+16
2173	3.378224e+15	2.652226e+02	1.770905e+02	2.619545e+16
2174	3.378377e+15	2.721690e+02	1.705251e+02	6.965629e+16
2175	3.378531e+15	2.770527e+02	1.739535e+02	4.359152e+16
2176	3.378685e+15	2.666380e+02	1.716539e+02	2.623550e+16
2177	3.378839e+15	2.567499e+02	1.689556e+02	3.837595e+16
2178	3.378993e+15	2.541423e+02	1.651553e+02	3.418978e+16
2179	3.379148e+15	2.593173e+02	1.670825e+02	2.397883e+16
2180	3.379302e+15	2.575923e+02	1.616514e+02	1.489253e+16
2181	3.379458e+15	2.655949e+02	1.616416e+02	4.432628e+16
2182	3.379616e+15	2.578438e+02	1.634572e+02	3.343422e+16
2183	3.379774e+15	2.384304e+02	1.712444e+02	3.908646e+16
2184	3.379927e+15	2.215276e+02	1.619101e+02	6.072132e+16
2185	3.380083e+15	2.291977e+02	1.663670e+02	2.229901e+16
2186	3.380238e+15	2.295462e+02	1.638418e+02	5.055177e+16
2187	3.380395e+15	2.413676e+02	1.641647e+02	2.164814e+16
2188	3.380551e+15	2.448010e+02	1.624254e+02	4.120372e+16
2189	3.380708e+15	2.387955e+02	1.595494e+02	3.548579e+16
2190	3.380866e+15	2.353128e+02	1.589189e+02	3.936824e+16
2191	3.381025e+15	2.362383e+02	1.636996e+02	3.457497e+16
2192	3.381183e+15	2.275432e+02	1.581121e+02	2.917767e+16
2193	3.381344e+15	2.353886e+02	1.665441e+02	6.584844e+16
2194	3.381501e+15	2.237236e+02	1.576487e+02	3.435952e+16
2195	3.381662e+15	2.332858e+02	1.633049e+02	3.946367e+16
2196	3.381822e+15	2.333204e+02	1.659022e+02	4.904496e+16
2197	3.381981e+15	2.250412e+02	1.634395e+02	6.054756e+16
2198	3.382141e+15	2.303559e+02	1.622369e+02	4.599777e+16
2199	3.382302e+15	2.351950e+02	1.569175e+02	4.703939e+16
2200	3.382466e+15	2.358530e+02	1.608796e+02	4.577975e+16
2201	3.382628e+15	2.147769e+02	1.533071e+02	1.915377e+16
2202	3.382795e+15	2.183950e+02	1.650191e+02	5.701467e+16
2203	3.382957e+15	2.065244e+02	1.524701e+02	4.948339e+16
2204	3.383124e+15	2.291911e+02	1.611094e+02	8.311144e+16
2205	3.383290e+15	2.278676e+02	1.610419e+02	5.283187e+16
2206	3.383455e+15	2.280315e+02	1.641421e+02	3.419995e+16
2207	3.383616e+15	2.152086e+02	1.610316e+02	3.056512e+16
2208	3.383776e+15	2.051932e+02	1.604412e+02	5.648247e+16
2209	3.383935e+15	2.055021e+02	1.551591e+02	4.130595e+16
2210	3.384096e+15	2.137995e+02	1.591004e+02	1.524692e+16
2211	3.384257e+15	2.196765e+02	1.602012e+02	3.966539e+16
2212	3.384419e+15	2.186569e+02	1.570815e+02	4.078380e+16
2213	3.384583e+15	2.278084e+02	1.662659e+02	3.855970e+16
2214	3.384743e+15	2.119644e+02	1.588615e+02	3.689751e+16
2215	3.384904e+15	2.048812e+02	1.616574e+02	6.141291e+16
2216	3.385063e+15	1.896584e+02	1.581537e+02	5.143626e+16
2217	3.385222e+15	1.824313e+02	1.604355e+02	2.073470e+16
2218	3.385381e+15	1.809214e+02	1.618674e+02	6.304556e+16
2219	3.385539e+15	1.838703e+02	1.625468e+02	3.968376e+16
2220	3.385698e+15	1.852152e+02	1.617716e+02	4.185140e+16
2221	3.385858e+15	2.076395e+02	1.656007e+02	5.516665e+16
2222	3.386018e+15	2.214086e+02	1.662426e+02	3.729462e+16
2223	3.386178e+15	2.125395e+02	1.566919e+02	4.689070e+16
2224	3.386343e+15	2.116165e+02	1.694518e+02	4.434948e+16
2225	3.386506e+15	1.941970e+02	1.579995e+02	4.935267e+16
2226	3.386674e+15	1.924017e+02	1.633951e+02	3.247392e+16
2227	3.386845e+15	2.107068e+02	1.758467e+02	3.926346e+16
2228	3.387010e+15	1.994088e+02	1.671010e+02	3.669665e+16
2229	3.387175e+15	1.936087e+02	1.625048e+02	5.676545e+16
2230	3.387341e+15	1.882316e+02	1.676407e+02	4.816927e+16
2231	3.387506e+15	1.894094e+02	1.663836e+02	5.599120e+16
2232	3.387671e+15	1.931585e+02	1.707049e+02	7.382894e+16
2233	3.387833e+15	1.892543e+02	1.698525e+02	6.580395e+16
2234	3.387993e+15	1.848566e+02	1.700061e+02	4.554937e+16
2235	3.388152e+15	1.816461e+02	1.719333e+02	4.535639e+16
2236	3.388308e+15	1.886733e+02	1.690859e+02	5.290737e+16
2237	3.388463e+15	1.943230e+02	1.704110e+02	5.744801e+16
2238	3.388616e+15	1.961688e+02	1.654413e+02	3.338403e+16
2239	3.388768e+15	2.029284e+02	1.667040e+02	3.746762e+16
2240	3.388918e+15	2.059385e+02	1.612030e+02	3.873087e+16
2241	3.389069e+15	2.157916e+02	1.650283e+02	3.237153e+16
2242	3.389217e+15	2.164950e+02	1.512570e+02	3.481214e+16
2243	3.389370e+15	2.245501e+02	1.613676e+02	3.220717e+16
2244	3.389521e+15	2.333405e+02	1.629301e+02	3.301125e+16
2245	3.389670e+15	2.231055e+02	1.614759e+02	1.389546e+16
2246	3.389819e+15	2.164913e+02	1.679516e+02	3.759799e+16
2247	3.389965e+15	1.970986e+02	1.609173e+02	4.525091e+16
2248	3.390113e+15	1.878014e+02	1.638593e+02	1.690516e+16
2249	3.390262e+15	1.786701e+02	1.661455e+02	3.961359e+16
2250	3.390411e+15	1.780635e+02	1.683041e+02	2.828697e+16
2251	3.390559e+15	1.814325e+02	1.656310e+02	4.162982e+16
2252	3.390706e+15	1.953110e+02	1.640115e+02	3.955270e+16
2253	3.390853e+15	2.083962e+02	1.587811e+02	2.042002e+16
2254	3.390999e+15	2.104448e+02	1.570456e+02	4.238758e+16
2255	3.391145e+15	2.190403e+02	1.599290e+02	2.202545e+16
2256	3.391292e+15	2.293349e+02	1.592582e+02	7.812909e+16
2257	3.391440e+15	2.406477e+02	1.589985e+02	4.778171e+16
2258	3.391589e+15	2.401822e+02	1.601630e+02	2.464616e+16
2259	3.391739e+15	2.437851e+02	1.616991e+02	6.895911e+16
2260	3.391891e+15	2.397681e+02	1.618152e+02	4.882830e+16
2261	3.392043e+15	2.360793e+02	1.664445e+02	3.970982e+16
2262	3.392194e+15	2.278042e+02	1.573050e+02	4.728442e+16
2263	3.392349e+15	2.282612e+02	1.609244e+02	3.397667e+16
2264	3.392504e+15	2.308394e+02	1.623675e+02	3.336020e+16
2265	3.392660e+15	2.270402e+02	1.585140e+02	3.100848e+16
2266	3.392819e+15	2.321695e+02	1.659264e+02	4.230673e+16
2267	3.392976e+15	2.352737e+02	1.614405e+02	3.779156e+16
2268	3.393135e+15	2.378212e+02	1.632296e+02	3.627322e+16
2269	3.393296e+15	2.284576e+02	1.643914e+02	3.697579e+16
2270	3.393459e+15	2.244962e+02	1.667941e+02	5.510617e+16
2271	3.393621e+15	2.158997e+02	1.645753e+02	3.407896e+16
2272	3.393783e+15	2.107408e+02	1.608939e+02	4.610664e+16
2273	3.393949e+15	2.287458e+02	1.719019e+02	4.546770e+16
2274	3.394110e+15	2.230107e+02	1.623623e+02	3.028547e+16
2275	3.394273e+15	2.334402e+02	1.698877e+02	4.280885e+16
2276	3.394433e+15	2.227111e+02	1.627562e+02	4.150879e+16
2277	3.394595e+15	2.191137e+02	1.669282e+02	4.498888e+16
2278	3.394757e+15	2.097624e+02	1.648858e+02	2.795759e+16
2279	3.394918e+15	2.090558e+02	1.647949e+02	4.397206e+16
2280	3.395080e+15	2.092643e+02	1.635490e+02	4.180942e+16
2281	3.395241e+15	2.049776e+02	1.590220e+02	4.068114e+16
2282	3.395405e+15	2.081136e+02	1.647666e+02	3.255709e+16
2283	3.395568e+15	2.078126e+02	1.646970e+02	5.972883e+16
2284	3.395732e+15	2.017503e+02	1.641787e+02	4.133374e+16
2285	3.395898e+15	2.036103e+02	1.654447e+02	5.067016e+16
2286	3.396064e+15	2.109054e+02	1.645139e+02	4.448938e+16
2287	3.396232e+15	2.078314e+02	1.643432e+02	3.500246e+16
2288	3.396401e+15	1.956532e+02	1.602935e+02	4.944454e+16
2289	3.396573e+15	2.035363e+02	1.659591e+02	3.712364e+16
2290	3.396743e+15	2.132917e+02	1.637103e+02	5.310240e+16
2291	3.396910e+15	2.241649e+02	1.649407e+02	5.275018e+16
2292	3.397075e+15	2.201140e+02	1.645636e+02	3.235270e+16
2293	3.397237e+15	2.149729e+02	1.629541e+02	2.746266e+16
2294	3.397398e+15	2.064637e+02	1.608065e+02	2.298495e+16
2295	3.397557e+15	2.110206e+02	1.593779e+02	3.306217e+16
2296	3.397716e+15	2.206733e+02	1.581954e+02	3.226434e+16
2297	3.397875e+15	2.296247e+02	1.569877e+02	4.123199e+16
2298	3.398033e+15	2.337936e+02	1.552393e+02	2.744104e+16
2299	3.398191e+15	2.316530e+02	1.548708e+02	4.289168e+16
2300	3.398349e+15	2.246432e+02	1.522144e+02	5.030095e+16
2301	3.398508e+15	2.305618e+02	1.551649e+02	3.313600e+16
2302	3.398666e+15	2.290853e+02	1.535587e+02	4.913122e+16
2303	3.398824e+15	2.276200e+02	1.541635e+02	1.810213e+16
2304	3.398983e+15	2.274408e+02	1.556969e+02	4.115860e+16
2305	3.399140e+15	2.224811e+02	1.534892e+02	2.197749e+16
2306	3.399299e+15	2.220683e+02	1.562798e+02	5.745012e+16
2307	3.399457e+15	2.251604e+02	1.572771e+02	5.057321e+16
2308	3.399614e+15	2.154535e+02	1.498463e+02	3.577824e+16
2309	3.399776e+15	2.301435e+02	1.560448e+02	4.390529e+16
2310	3.399937e+15	2.188529e+02	1.511228e+02	4.415014e+16
2311	3.400102e+15	2.177898e+02	1.465093e+02	2.891689e+16
2312	3.400271e+15	2.164363e+02	1.483108e+02	4.589421e+16
2313	3.400443e+15	2.163118e+02	1.498114e+02	5.254700e+16
2314	3.400617e+15	2.214539e+02	1.583111e+02	1.634732e+16
2315	3.400787e+15	2.066451e+02	1.566382e+02	3.571729e+16
2316	3.400956e+15	2.046103e+02	1.575499e+02	6.093109e+16
2317	3.401122e+15	1.931237e+02	1.536745e+02	5.976547e+16
2318	3.401289e+15	1.950242e+02	1.567031e+02	4.664100e+16
2319	3.401455e+15	1.968324e+02	1.553775e+02	4.429510e+16
2320	3.401620e+15	1.919218e+02	1.489799e+02	2.368246e+16
2321	3.401787e+15	2.006961e+02	1.561887e+02	3.790422e+16
2322	3.401951e+15	1.979451e+02	1.438023e+02	2.545250e+16
2323	3.402119e+15	2.192606e+02	1.503243e+02	4.816735e+16
2324	3.402286e+15	2.189200e+02	1.537413e+02	3.198507e+16
2325	3.402452e+15	2.125854e+02	1.576176e+02	5.329837e+16
2326	3.402613e+15	1.965949e+02	1.504167e+02	4.057800e+16
2327	3.402775e+15	1.871886e+02	1.487867e+02	2.936519e+16
2328	3.402937e+15	1.855210e+02	1.530766e+02	5.627034e+16
2329	3.403098e+15	1.726318e+02	1.504227e+02	3.204616e+16
2330	3.403260e+15	1.786219e+02	1.551930e+02	5.128692e+16
2331	3.403420e+15	1.775942e+02	1.448923e+02	4.738306e+16
2332	3.403586e+15	2.000681e+02	1.542524e+02	3.801337e+16
2333	3.403748e+15	2.067464e+02	1.478656e+02	2.636913e+16
2334	3.403913e+15	2.024585e+02	1.496463e+02	1.913218e+16
2335	3.404077e+15	1.938715e+02	1.501185e+02	6.109980e+16
2336	3.404239e+15	1.768279e+02	1.473140e+02	4.587026e+16
2337	3.404403e+15	1.740482e+02	1.490725e+02	2.456185e+16
2338	3.404568e+15	1.673518e+02	1.470334e+02	4.642025e+16
2339	3.404735e+15	1.715066e+02	1.508596e+02	6.288427e+16
2340	3.404900e+15	1.730808e+02	1.518346e+02	6.514963e+16
2341	3.405064e+15	1.734627e+02	1.494156e+02	4.753782e+16
2342	3.405229e+15	1.701235e+02	1.506689e+02	3.447899e+16
2343	3.405393e+15	1.659023e+02	1.490444e+02	4.137497e+16
2344	3.405558e+15	1.625340e+02	1.446149e+02	4.830153e+16
2345	3.405726e+15	1.638743e+02	1.506502e+02	4.378355e+16
2346	3.405895e+15	1.714401e+02	1.506150e+02	5.402752e+16
2347	3.406065e+15	1.809269e+02	1.480125e+02	6.529354e+16
2348	3.406236e+15	1.827506e+02	1.491594e+02	5.701599e+16
2349	3.406407e+15	1.809822e+02	1.513230e+02	5.158310e+16
2350	3.406578e+15	1.742555e+02	1.468465e+02	4.134378e+16
2351	3.406752e+15	1.760265e+02	1.509611e+02	3.559983e+16
2352	3.406925e+15	1.733050e+02	1.514596e+02	6.135049e+16
2353	3.407098e+15	1.785948e+02	1.632155e+02	4.893293e+16
2354	3.407262e+15	1.587792e+02	1.428600e+02	4.943032e+16
2355	3.407435e+15	1.693602e+02	1.515370e+02	4.203616e+16
2356	3.407611e+15	1.700150e+02	1.606092e+02	4.119516e+16
2357	3.407782e+15	1.662695e+02	1.555837e+02	6.596635e+16
2358	3.407951e+15	1.684800e+02	1.504626e+02	3.036978e+16
2359	3.408121e+15	1.760395e+02	1.537259e+02	6.367659e+16
2360	3.408292e+15	1.910874e+02	1.555330e+02	6.306451e+16
2361	3.408461e+15	1.920305e+02	1.524702e+02	4.900661e+16
2362	3.408632e+15	1.868161e+02	1.537124e+02	3.436432e+16
2363	3.408802e+15	1.892044e+02	1.525888e+02	3.091175e+16
2364	3.408971e+15	2.025358e+02	1.524333e+02	4.220414e+16
2365	3.409139e+15	2.038484e+02	1.506546e+02	3.275164e+16
2366	3.409306e+15	2.020552e+02	1.557055e+02	4.813148e+16
2367	3.409469e+15	1.911744e+02	1.503085e+02	4.795161e+16
2368	3.409632e+15	1.877787e+02	1.530184e+02	4.805620e+16
2369	3.409795e+15	1.934693e+02	1.516435e+02	4.258057e+16
2370	3.409958e+15	2.015670e+02	1.506982e+02	3.531944e+16
2371	3.410120e+15	2.061338e+02	1.479350e+02	5.314603e+16
2372	3.410286e+15	2.021080e+02	1.475931e+02	3.701700e+16
2373	3.410455e+15	2.105912e+02	1.582094e+02	4.080093e+16
2374	3.410618e+15	1.988095e+02	1.424530e+02	2.555348e+16
2375	3.410790e+15	2.165791e+02	1.604606e+02	3.986394e+16
2376	3.410954e+15	1.899757e+02	1.414707e+02	4.389576e+16
2377	3.411124e+15	1.892101e+02	1.533353e+02	6.948982e+16
2378	3.411290e+15	1.897072e+02	1.499443e+02	4.069016e+16
2379	3.411456e+15	1.945238e+02	1.452911e+02	2.224464e+16
2380	3.411626e+15	2.000703e+02	1.576346e+02	5.439217e+16
2381	3.411789e+15	1.770839e+02	1.482672e+02	6.691297e+16
2382	3.411955e+15	1.813769e+02	1.530829e+02	4.496886e+16
2383	3.412117e+15	1.756395e+02	1.480841e+02	4.388213e+16
2384	3.412281e+15	1.867523e+02	1.503888e+02	4.059735e+16
2385	3.412443e+15	1.851330e+02	1.481192e+02	3.362060e+16
2386	3.412607e+15	1.827741e+02	1.472961e+02	4.183984e+16
2387	3.412774e+15	2.000333e+02	1.553652e+02	3.610535e+16
2388	3.412938e+15	2.075031e+02	1.509365e+02	1.646035e+16
2389	3.413105e+15	2.149821e+02	1.555689e+02	4.360694e+16
2390	3.413269e+15	2.004058e+02	1.550312e+02	4.327577e+16
2391	3.413434e+15	1.868874e+02	1.529431e+02	3.368387e+16
2392	3.413601e+15	1.842146e+02	1.560957e+02	4.020405e+16
2393	3.413767e+15	1.817770e+02	1.526242e+02	4.106655e+16
2394	3.413934e+15	1.877730e+02	1.531290e+02	4.259991e+16
2395	3.414102e+15	1.990487e+02	1.554778e+02	2.657519e+16
2396	3.414268e+15	2.079148e+02	1.562410e+02	6.121505e+16
2397	3.414432e+15	1.981215e+02	1.488560e+02	1.767954e+16
2398	3.414597e+15	1.969981e+02	1.520126e+02	4.642086e+16
2399	3.414762e+15	1.994112e+02	1.512316e+02	5.158928e+16
2400	3.414924e+15	2.007523e+02	1.495743e+02	4.424138e+16
2401	3.415086e+15	2.009336e+02	1.488225e+02	4.607989e+16
2402	3.415247e+15	2.029041e+02	1.491413e+02	2.733664e+16
2403	3.415408e+15	2.092527e+02	1.525687e+02	5.294719e+16
2404	3.415568e+15	2.020628e+02	1.478019e+02	3.526311e+16
2405	3.415729e+15	2.041310e+02	1.530695e+02	5.857027e+16
2406	3.415890e+15	1.996836e+02	1.478132e+02	3.702965e+16
2407	3.416052e+15	1.968201e+02	1.479668e+02	4.329670e+16
2408	3.416216e+15	1.988183e+02	1.547681e+02	2.866779e+16
2409	3.416378e+15	1.924741e+02	1.489207e+02	2.568596e+16
2410	3.416543e+15	1.988658e+02	1.543370e+02	3.214757e+16
2411	3.416705e+15	1.892796e+02	1.510603e+02	3.086295e+16
2412	3.416866e+15	1.925141e+02	1.526200e+02	5.139188e+16
2413	3.417024e+15	1.993337e+02	1.527509e+02	4.336831e+16
2414	3.417178e+15	1.895383e+02	1.441473e+02	3.825149e+16
2415	3.417334e+15	1.874951e+02	1.539181e+02	4.466228e+16
2416	3.417485e+15	1.668831e+02	1.442288e+02	2.349845e+16
2417	3.417639e+15	1.641474e+02	1.463385e+02	3.689529e+16
2418	3.417794e+15	1.693302e+02	1.490280e+02	4.488767e+16
2419	3.417947e+15	1.680172e+02	1.357722e+02	3.933197e+16
2420	3.418107e+15	1.997544e+02	1.503110e+02	4.841123e+16
2421	3.418262e+15	2.196946e+02	1.378388e+02	4.414602e+16
2422	3.418420e+15	2.291340e+02	1.409583e+02	2.486748e+16
2423	3.418576e+15	2.145270e+02	1.453483e+02	3.041681e+16
2424	3.418731e+15	1.952221e+02	1.433576e+02	3.009919e+16
2425	3.418887e+15	1.921870e+02	1.458298e+02	1.197336e+16
2426	3.419042e+15	1.867587e+02	1.446237e+02	3.158391e+16
2427	3.419201e+15	1.966614e+02	1.489819e+02	3.855609e+16
2428	3.419361e+15	2.039076e+02	1.478390e+02	5.578865e+16
2429	3.419521e+15	2.106129e+02	1.465604e+02	3.563233e+16
2430	3.419683e+15	2.086050e+02	1.482675e+02	4.373791e+16
2431	3.419847e+15	1.981564e+02	1.493216e+02	4.818801e+16
2432	3.420012e+15	1.888665e+02	1.430123e+02	3.324128e+16
2433	3.420182e+15	1.932134e+02	1.507028e+02	5.826191e+16
2434	3.420351e+15	1.891517e+02	1.433267e+02	3.527121e+16
2435	3.420523e+15	1.982716e+02	1.506351e+02	4.082404e+16
2436	3.420694e+15	1.973719e+02	1.485385e+02	4.359839e+16
2437	3.420866e+15	1.916175e+02	1.504015e+02	4.978645e+16
2438	3.421036e+15	1.892788e+02	1.482031e+02	4.439099e+16
2439	3.421207e+15	1.813593e+02	1.452885e+02	6.300128e+16
2440	3.421380e+15	1.788513e+02	1.493130e+02	2.970445e+16
2441	3.421550e+15	1.794433e+02	1.437283e+02	5.772302e+16
2442	3.421719e+15	1.879139e+02	1.465771e+02	3.779776e+16
2443	3.421887e+15	1.983487e+02	1.481134e+02	3.886139e+16
2444	3.422053e+15	1.992314e+02	1.470291e+02	3.964450e+16
2445	3.422219e+15	1.975451e+02	1.449454e+02	3.378954e+16
2446	3.422385e+15	1.964320e+02	1.469214e+02	4.043308e+16
2447	3.422549e+15	1.863150e+02	1.432604e+02	4.440873e+16
2448	3.422714e+15	1.924316e+02	1.449297e+02	6.088373e+16
2449	3.422878e+15	1.893347e+02	1.446094e+02	5.394906e+16
2450	3.423042e+15	1.910869e+02	1.443519e+02	4.220089e+16
2451	3.423206e+15	2.005297e+02	1.460918e+02	4.830645e+16
2452	3.423368e+15	1.983683e+02	1.440066e+02	4.030189e+16
2453	3.423530e+15	1.986246e+02	1.448417e+02	4.410898e+16
2454	3.423691e+15	1.826269e+02	1.419339e+02	2.996721e+16
2455	3.423853e+15	1.856204e+02	1.448551e+02	3.475812e+16
2456	3.424015e+15	1.841873e+02	1.418353e+02	4.349146e+16
2457	3.424179e+15	1.897203e+02	1.412116e+02	3.336568e+16
2458	3.424346e+15	2.004955e+02	1.448450e+02	5.010625e+16
2459	3.424513e+15	2.016197e+02	1.447868e+02	3.036044e+16
2460	3.424680e+15	1.923519e+02	1.459095e+02	3.455673e+16
2461	3.424847e+15	1.838399e+02	1.470089e+02	3.757772e+16
2462	3.425014e+15	1.713134e+02	1.451497e+02	3.383780e+16
2463	3.425180e+15	1.704609e+02	1.467826e+02	4.209348e+16
2464	3.425346e+15	1.721404e+02	1.469534e+02	4.032137e+16
2465	3.425512e+15	1.691534e+02	1.448356e+02	1.885360e+16
2466	3.425679e+15	1.673516e+02	1.469407e+02	4.316210e+16
2467	3.425846e+15	1.638912e+02	1.484327e+02	7.623459e+16
2468	3.426013e+15	1.649756e+02	1.462898e+02	4.271954e+16
2469	3.426182e+15	1.721110e+02	1.525395e+02	5.857770e+16
2470	3.426348e+15	1.644601e+02	1.476327e+02	2.742496e+16
2471	3.426514e+15	1.659563e+02	1.491401e+02	3.932117e+16
2472	3.426678e+15	1.701165e+02	1.503094e+02	2.976094e+16
2473	3.426841e+15	1.743726e+02	1.508873e+02	3.215952e+16
2474	3.427004e+15	1.728585e+02	1.498465e+02	5.795157e+16
2475	3.427166e+15	1.736784e+02	1.495818e+02	1.250032e+16
2476	3.427329e+15	1.703864e+02	1.469062e+02	3.821686e+16
2477	3.427494e+15	1.810659e+02	1.516889e+02	4.532220e+16
2478	3.427657e+15	1.792029e+02	1.470649e+02	4.168608e+16
2479	3.427821e+15	1.757482e+02	1.468245e+02	3.501563e+16
2480	3.427988e+15	1.723922e+02	1.528718e+02	3.303133e+16
2481	3.428151e+15	1.529255e+02	1.322365e+02	2.656197e+16
2482	3.428325e+15	1.640100e+02	1.458027e+02	3.569317e+16
2483	3.428500e+15	1.731158e+02	1.498615e+02	2.989824e+16
2484	3.428672e+15	1.676127e+02	1.471102e+02	2.541551e+16
2485	3.428845e+15	1.653317e+02	1.519643e+02	2.460318e+16
2486	3.429015e+15	1.552481e+02	1.495818e+02	3.628628e+16
2487	3.429185e+15	1.525694e+02	1.476614e+02	4.818654e+16
2488	3.429354e+15	1.669138e+02	1.508947e+02	4.109894e+16
2489	3.429521e+15	1.740262e+02	1.459298e+02	7.342381e+16
2490	3.429690e+15	1.740055e+02	1.492093e+02	5.120359e+16
2491	3.429859e+15	1.664413e+02	1.483546e+02	2.958250e+16
2492	3.430029e+15	1.608444e+02	1.420329e+02	2.335727e+16
2493	3.430202e+15	1.718349e+02	1.489374e+02	2.454648e+16
2494	3.430375e+15	1.767651e+02	1.521505e+02	3.973080e+16
2495	3.430546e+15	1.610666e+02	1.478823e+02	4.882879e+16
2496	3.430718e+15	1.516136e+02	1.511063e+02	3.314548e+16
2497	3.430889e+15	1.381463e+02	1.468099e+02	2.795975e+16
2498	3.431063e+15	1.330217e+02	1.448462e+02	4.586183e+16
2499	3.431241e+15	1.558562e+02	1.518468e+02	2.819553e+16
2500	3.431416e+15	1.773978e+02	1.505323e+02	3.409619e+16
2501	3.431590e+15	1.861372e+02	1.525958e+02	5.291163e+16
2502	3.431761e+15	1.775163e+02	1.531356e+02	3.125594e+16
2503	3.431930e+15	1.632240e+02	1.541125e+02	3.879741e+16
2504	3.432094e+15	1.485581e+02	1.494870e+02	5.128199e+16
2505	3.432259e+15	1.465244e+02	1.524883e+02	3.920896e+16
2506	3.432422e+15	1.445554e+02	1.478575e+02	3.738041e+16
2507	3.432586e+15	1.558813e+02	1.507201e+02	4.750702e+16
2508	3.432747e+15	1.619075e+02	1.476112e+02	4.287164e+16
2509	3.432908e+15	1.741904e+02	1.462302e+02	4.859596e+16
2510	3.433068e+15	1.819516e+02	1.439162e+02	4.267643e+16
2511	3.433229e+15	1.848656e+02	1.451956e+02	3.441890e+16
2512	3.433389e+15	1.799737e+02	1.458377e+02	4.616795e+16
2513	3.433548e+15	1.679431e+02	1.431659e+02	4.807628e+16
2514	3.433708e+15	1.701055e+02	1.450296e+02	5.001144e+16
2515	3.433867e+15	1.710239e+02	1.438983e+02	1.637798e+16
2516	3.434027e+15	1.685675e+02	1.432141e+02	3.457160e+16
2517	3.434188e+15	1.693737e+02	1.478740e+02	2.336068e+16
2518	3.434348e+15	1.696457e+02	1.427982e+02	3.306150e+16
2519	3.434511e+15	1.750022e+02	1.459339e+02	4.896018e+16
2520	3.434675e+15	1.780403e+02	1.462162e+02	3.779811e+16
2521	3.434837e+15	1.752115e+02	1.432617e+02	4.958793e+16
2522	3.435002e+15	1.801712e+02	1.458615e+02	3.300116e+16
2523	3.435167e+15	1.703546e+02	1.454595e+02	4.219869e+16
2524	3.435334e+15	1.687591e+02	1.430305e+02	2.910518e+16
2525	3.435501e+15	1.689635e+02	1.451073e+02	3.826192e+16
2526	3.435667e+15	1.672010e+02	1.438803e+02	1.155834e+16
2527	3.435834e+15	1.670880e+02	1.436301e+02	5.342418e+16
2528	3.436002e+15	1.682673e+02	1.464846e+02	3.606041e+16
2529	3.436169e+15	1.681894e+02	1.405856e+02	4.723281e+16
2530	3.436338e+15	1.673182e+02	1.438633e+02	6.270103e+16
2531	3.436507e+15	1.636208e+02	1.397247e+02	3.873332e+16
2532	3.436679e+15	1.733427e+02	1.411000e+02	3.919685e+16
2533	3.436851e+15	1.806633e+02	1.377841e+02	5.603745e+16
2534	3.437025e+15	1.840909e+02	1.409730e+02	4.817470e+16
2535	3.437197e+15	1.664147e+02	1.368613e+02	2.676221e+16
2536	3.437375e+15	1.530226e+02	1.338880e+02	4.519412e+16
2537	3.437563e+15	1.613540e+02	1.471939e+02	4.089609e+16
2538	3.437745e+15	1.615976e+02	1.403562e+02	4.916372e+16
2539	3.437929e+15	1.660882e+02	1.422511e+02	6.636838e+16
2540	3.438113e+15	1.574788e+02	1.427798e+02	1.850481e+16
2541	3.438296e+15	1.474417e+02	1.415996e+02	5.587855e+16
2542	3.438480e+15	1.568054e+02	1.529580e+02	4.409620e+16
2543	3.438655e+15	1.409056e+02	1.342483e+02	3.253908e+16
2544	3.438838e+15	1.562191e+02	1.506547e+02	5.713553e+16
2545	3.439013e+15	1.477654e+02	1.365001e+02	9.558458e+16
2546	3.439192e+15	1.588144e+02	1.493809e+02	4.558050e+16
2547	3.439364e+15	1.602739e+02	1.437538e+02	2.835622e+16
2548	3.439534e+15	1.531014e+02	1.408061e+02	5.379839e+16
2549	3.439704e+15	1.586831e+02	1.403134e+02	3.145853e+16
2550	3.439873e+15	1.610818e+02	1.320723e+02	3.019276e+16
2551	3.440047e+15	1.843978e+02	1.486138e+02	2.320392e+16
2552	3.440213e+15	1.655903e+02	1.337023e+02	4.772378e+16
2553	3.440383e+15	1.678694e+02	1.353715e+02	2.766506e+16
2554	3.440551e+15	1.665163e+02	1.313700e+02	4.148336e+16
2555	3.440722e+15	1.741947e+02	1.350899e+02	1.493766e+16
2556	3.440892e+15	1.737649e+02	1.339640e+02	4.672628e+16
2557	3.441063e+15	1.668030e+02	1.380066e+02	3.775435e+16
2558	3.441230e+15	1.509692e+02	1.337511e+02	5.124332e+16
2559	3.441397e+15	1.430925e+02	1.335291e+02	4.548659e+16
2560	3.441563e+15	1.435140e+02	1.351810e+02	2.584155e+16
2561	3.441727e+15	1.424609e+02	1.326970e+02	3.363847e+16
2562	3.441891e+15	1.460358e+02	1.333065e+02	2.927182e+16
2563	3.442055e+15	1.459332e+02	1.297373e+02	4.122957e+16
2564	3.442222e+15	1.615522e+02	1.366946e+02	5.103267e+16
2565	3.442387e+15	1.648008e+02	1.318947e+02	3.761213e+16
2566	3.442554e+15	1.714493e+02	1.395552e+02	2.691615e+16
2567	3.442719e+15	1.548303e+02	1.380359e+02	3.669693e+16
2568	3.442884e+15	1.464334e+02	1.362754e+02	3.607511e+16
2569	3.443050e+15	1.516985e+02	1.372321e+02	1.982863e+16
2570	3.443218e+15	1.632051e+02	1.410826e+02	2.680653e+16
2571	3.443386e+15	1.641308e+02	1.364287e+02	2.010370e+16
2572	3.443554e+15	1.621417e+02	1.370438e+02	3.284581e+16
2573	3.443723e+15	1.655353e+02	1.376014e+02	2.604697e+16
2574	3.443893e+15	1.618774e+02	1.356274e+02	4.562968e+16
2575	3.444062e+15	1.589679e+02	1.338484e+02	4.510768e+16
2576	3.444233e+15	1.621167e+02	1.395609e+02	4.684426e+16
2577	3.444401e+15	1.506038e+02	1.338872e+02	4.304585e+16
2578	3.444570e+15	1.536159e+02	1.342587e+02	6.089061e+16
2579	3.444739e+15	1.566121e+02	1.351568e+02	3.961986e+16
2580	3.444907e+15	1.599478e+02	1.351065e+02	3.216759e+16
2581	3.445076e+15	1.656379e+02	1.352750e+02	4.458728e+16
2582	3.445246e+15	1.710052e+02	1.349108e+02	4.819929e+16
2583	3.445418e+15	1.750849e+02	1.390589e+02	2.517822e+16
2584	3.445588e+15	1.775566e+02	1.362744e+02	3.486089e+16
2585	3.445760e+15	1.732477e+02	1.362583e+02	2.021411e+16
2586	3.445934e+15	1.710176e+02	1.397811e+02	3.016043e+16
2587	3.446108e+15	1.623196e+02	1.364226e+02	3.946611e+16
2588	3.446285e+15	1.686942e+02	1.400866e+02	5.196287e+16
2589	3.446463e+15	1.667710e+02	1.403306e+02	4.355825e+16
2590	3.446640e+15	1.628513e+02	1.384638e+02	2.742234e+16
2591	3.446820e+15	1.602267e+02	1.402449e+02	3.880612e+16
2592	3.446998e+15	1.538396e+02	1.384545e+02	2.473528e+16
2593	3.447177e+15	1.544175e+02	1.408448e+02	3.266870e+16
2594	3.447355e+15	1.524747e+02	1.395505e+02	4.472185e+16
2595	3.447531e+15	1.544349e+02	1.422720e+02	3.208439e+16
2596	3.447705e+15	1.544283e+02	1.437491e+02	2.590527e+16
2597	3.447876e+15	1.490562e+02	1.415902e+02	5.601695e+16
2598	3.448047e+15	1.574574e+02	1.435401e+02	4.259405e+16
2599	3.448217e+15	1.615732e+02	1.420343e+02	3.065948e+16
2600	3.448385e+15	1.645853e+02	1.431827e+02	4.274232e+16
2601	3.448552e+15	1.593042e+02	1.426957e+02	3.780320e+16
2602	3.448717e+15	1.581735e+02	1.425578e+02	3.717655e+16
2603	3.448881e+15	1.534371e+02	1.422502e+02	3.559783e+16
2604	3.449046e+15	1.582169e+02	1.416833e+02	5.854690e+16
2605	3.449211e+15	1.642317e+02	1.415887e+02	5.053757e+16
2606	3.449376e+15	1.705525e+02	1.432365e+02	4.203598e+16
2607	3.449540e+15	1.664781e+02	1.386190e+02	4.368729e+16
2608	3.449706e+15	1.638885e+02	1.429796e+02	5.227800e+16
2609	3.449870e+15	1.463894e+02	1.366207e+02	2.902024e+16
2610	3.450038e+15	1.517850e+02	1.421079e+02	5.749764e+16
2611	3.450207e+15	1.641812e+02	1.447778e+02	2.347074e+16
2612	3.450374e+15	1.694156e+02	1.421098e+02	3.715597e+16
2613	3.450541e+15	1.654916e+02	1.436780e+02	2.105421e+16
2614	3.450709e+15	1.594895e+02	1.422280e+02	4.284584e+16
2615	3.450876e+15	1.544615e+02	1.402451e+02	3.384924e+16
2616	3.451045e+15	1.568293e+02	1.403804e+02	3.272759e+16
2617	3.451214e+15	1.613008e+02	1.412074e+02	3.722237e+16
2618	3.451385e+15	1.671344e+02	1.413411e+02	2.863640e+16
2619	3.451554e+15	1.642797e+02	1.411738e+02	2.009202e+16
2620	3.451723e+15	1.586329e+02	1.392532e+02	2.044394e+16
2621	3.451890e+15	1.551199e+02	1.366699e+02	3.592051e+16
2622	3.452059e+15	1.579043e+02	1.386431e+02	1.749139e+16
2623	3.452227e+15	1.610436e+02	1.394514e+02	1.436246e+16
2624	3.452392e+15	1.600869e+02	1.375806e+02	2.622294e+16
2625	3.452559e+15	1.639422e+02	1.398598e+02	4.405756e+16
2626	3.452723e+15	1.640356e+02	1.375630e+02	4.110831e+16
2627	3.452888e+15	1.672021e+02	1.390216e+02	2.688294e+16
2628	3.453052e+15	1.704615e+02	1.367900e+02	3.190697e+16
2629	3.453216e+15	1.681487e+02	1.356682e+02	3.417999e+16
2630	3.453380e+15	1.706653e+02	1.373043e+02	3.776838e+16
2631	3.453543e+15	1.690744e+02	1.361630e+02	3.770774e+16
2632	3.453707e+15	1.709644e+02	1.415212e+02	2.238081e+16
2633	3.453868e+15	1.717183e+02	1.374771e+02	5.368379e+16
2634	3.454031e+15	1.759699e+02	1.381355e+02	4.443709e+16
2635	3.454195e+15	1.735155e+02	1.398886e+02	4.011373e+16
2636	3.454357e+15	1.645699e+02	1.364151e+02	4.384727e+16
2637	3.454520e+15	1.672076e+02	1.403313e+02	5.006552e+16
2638	3.454683e+15	1.646357e+02	1.404382e+02	3.435122e+16
2639	3.454844e+15	1.678743e+02	1.404902e+02	1.399830e+16
2640	3.455005e+15	1.724006e+02	1.400527e+02	5.029247e+16
2641	3.455165e+15	1.744435e+02	1.434308e+02	3.089935e+16
2642	3.455322e+15	1.649024e+02	1.399102e+02	6.507310e+16
2643	3.455482e+15	1.751183e+02	1.447103e+02	5.029685e+16
2644	3.455641e+15	1.753441e+02	1.407855e+02	4.405773e+16
2645	3.455802e+15	1.789967e+02	1.455524e+02	4.279417e+16
2646	3.455962e+15	1.665557e+02	1.359785e+02	1.518932e+16
2647	3.456127e+15	1.651637e+02	1.431278e+02	5.014400e+16
2648	3.456290e+15	1.730987e+02	1.395164e+02	3.934053e+16
2649	3.456453e+15	1.760676e+02	1.408006e+02	4.158587e+16
2650	3.456617e+15	1.663422e+02	1.390582e+02	6.027997e+16
2651	3.456782e+15	1.599078e+02	1.385834e+02	5.578659e+16
2652	3.456947e+15	1.622771e+02	1.390531e+02	6.568525e+16
2653	3.457112e+15	1.716849e+02	1.414985e+02	3.447340e+16
2654	3.457277e+15	1.594796e+02	1.402913e+02	3.226715e+16
2655	3.457442e+15	1.597058e+02	1.377417e+02	3.496284e+16
2656	3.457607e+15	1.640845e+02	1.386663e+02	4.357880e+16
2657	3.457774e+15	1.635230e+02	1.374856e+02	2.820892e+16
2658	3.457943e+15	1.636717e+02	1.375929e+02	3.534997e+16
2659	3.458112e+15	1.619817e+02	1.328153e+02	3.741010e+16
2660	3.458288e+15	1.631280e+02	1.359174e+02	5.104179e+16
2661	3.458466e+15	1.639564e+02	1.406087e+02	2.548748e+16
2662	3.458644e+15	1.641109e+02	1.406674e+02	3.161571e+16
2663	3.458820e+15	1.544291e+02	1.341686e+02	5.850072e+16
2664	3.458998e+15	1.522799e+02	1.370528e+02	2.508323e+16
2665	3.459176e+15	1.526471e+02	1.340446e+02	4.599941e+16
2666	3.459357e+15	1.638376e+02	1.445513e+02	3.805235e+16
2667	3.459532e+15	1.571400e+02	1.308948e+02	3.700775e+16
2668	3.459714e+15	1.592109e+02	1.340197e+02	3.879801e+16
2669	3.459897e+15	1.702841e+02	1.451573e+02	2.925459e+16
2670	3.460073e+15	1.567393e+02	1.348030e+02	4.347951e+16
2671	3.460251e+15	1.598251e+02	1.417666e+02	2.405443e+16
2672	3.460426e+15	1.729726e+02	1.390840e+02	4.692477e+16
2673	3.460600e+15	1.812273e+02	1.382745e+02	2.249035e+16
2674	3.460774e+15	1.810789e+02	1.385127e+02	7.483249e+16
2675	3.460947e+15	1.655647e+02	1.367675e+02	3.547439e+16
2676	3.461122e+15	1.670392e+02	1.381852e+02	3.603351e+16
2677	3.461294e+15	1.678388e+02	1.352453e+02	5.942124e+15
2678	3.461469e+15	1.667159e+02	1.379036e+02	2.744589e+16
2679	3.461643e+15	1.548921e+02	1.353169e+02	3.854169e+16
2680	3.461818e+15	1.482952e+02	1.345441e+02	2.967575e+16
2681	3.461994e+15	1.463417e+02	1.362254e+02	3.984880e+16
2682	3.462171e+15	1.469811e+02	1.338769e+02	2.632221e+16
2683	3.462350e+15	1.523590e+02	1.379669e+02	5.966352e+16
2684	3.462528e+15	1.557001e+02	1.364134e+02	5.034498e+16
2685	3.462705e+15	1.611741e+02	1.366356e+02	3.646877e+16
2686	3.462882e+15	1.621634e+02	1.393388e+02	2.072766e+16
2687	3.463058e+15	1.513555e+02	1.380675e+02	3.503462e+16
2688	3.463233e+15	1.499484e+02	1.381221e+02	5.228111e+16
2689	3.463409e+15	1.547861e+02	1.397618e+02	5.192246e+16
2690	3.463583e+15	1.523322e+02	1.289865e+02	3.290058e+16
2691	3.463767e+15	1.648062e+02	1.406602e+02	3.739538e+16
2692	3.463949e+15	1.585458e+02	1.423380e+02	4.331481e+16
2693	3.464129e+15	1.616530e+02	1.377794e+02	4.839803e+16
2694	3.464311e+15	1.642307e+02	1.424408e+02	7.930226e+16
2695	3.464488e+15	1.506066e+02	1.291638e+02	3.086662e+16
2696	3.464669e+15	1.567846e+02	1.371721e+02	1.825402e+16
2697	3.464848e+15	1.619240e+02	1.354577e+02	3.707548e+16
2698	3.465027e+15	1.676922e+02	1.336027e+02	4.224746e+16
2699	3.465209e+15	1.654572e+02	1.364305e+02	5.503970e+16
2700	3.465391e+15	1.561359e+02	1.367368e+02	3.955755e+16
2701	3.465572e+15	1.507694e+02	1.360802e+02	5.211084e+16
2702	3.465757e+15	1.508819e+02	1.334003e+02	4.139775e+16
2703	3.465945e+15	1.493696e+02	1.358430e+02	3.697384e+16
2704	3.466135e+15	1.521767e+02	1.361184e+02	5.017391e+16
2705	3.466326e+15	1.525011e+02	1.362728e+02	2.869500e+16
2706	3.466518e+15	1.517931e+02	1.387100e+02	4.245751e+16
2707	3.466709e+15	1.528646e+02	1.427600e+02	7.907866e+16
2708	3.466895e+15	1.477632e+02	1.401363e+02	3.710870e+16
2709	3.467079e+15	1.463910e+02	1.424756e+02	3.792184e+16
2710	3.467259e+15	1.414051e+02	1.386237e+02	2.388481e+16
2711	3.467439e+15	1.456943e+02	1.401432e+02	5.532057e+16
2712	3.467616e+15	1.483208e+02	1.356262e+02	2.361216e+16
2713	3.467792e+15	1.530799e+02	1.358962e+02	2.331259e+16
2714	3.467967e+15	1.527455e+02	1.321813e+02	4.048127e+16
2715	3.468145e+15	1.519128e+02	1.363065e+02	3.141147e+16
2716	3.468324e+15	1.506333e+02	1.341843e+02	3.370586e+16
2717	3.468505e+15	1.611700e+02	1.360575e+02	2.465451e+16
2718	3.468688e+15	1.573147e+02	1.348626e+02	4.756113e+16
2719	3.468876e+15	1.562162e+02	1.421475e+02	4.872222e+16
2720	3.469060e+15	1.455287e+02	1.384317e+02	3.222946e+16
2721	3.469245e+15	1.411282e+02	1.393089e+02	4.496183e+16
2722	3.469428e+15	1.437434e+02	1.381302e+02	2.912426e+16
2723	3.469610e+15	1.455740e+02	1.405205e+02	2.468740e+16
2724	3.469790e+15	1.470288e+02	1.411650e+02	2.644311e+16
2725	3.469968e+15	1.561584e+02	1.405729e+02	5.490970e+16
2726	3.470145e+15	1.604733e+02	1.405712e+02	2.787244e+16
2727	3.470320e+15	1.510058e+02	1.313680e+02	3.523454e+16
2728	3.470501e+15	1.557321e+02	1.332714e+02	4.395948e+16
2729	3.470685e+15	1.638336e+02	1.379128e+02	4.048675e+16
2730	3.470867e+15	1.631523e+02	1.356364e+02	4.028291e+16
2731	3.471050e+15	1.698942e+02	1.392102e+02	4.535863e+16
2732	3.471230e+15	1.708881e+02	1.404640e+02	3.897362e+16
2733	3.471406e+15	1.673832e+02	1.371092e+02	3.297396e+16
2734	3.471580e+15	1.635235e+02	1.369078e+02	4.772907e+16
2735	3.471752e+15	1.555134e+02	1.345856e+02	5.418613e+16
2736	3.471924e+15	1.557487e+02	1.362321e+02	4.127162e+16
2737	3.472093e+15	1.573780e+02	1.323623e+02	4.052374e+16
2738	3.472262e+15	1.667306e+02	1.342840e+02	1.785345e+16
2739	3.472432e+15	1.716063e+02	1.368735e+02	5.511355e+16
2740	3.472600e+15	1.750763e+02	1.336312e+02	3.376796e+16
2741	3.472769e+15	1.732995e+02	1.314150e+02	3.288144e+16
2742	3.472941e+15	1.692215e+02	1.329967e+02	4.124663e+16
2743	3.473115e+15	1.597205e+02	1.270581e+02	3.598721e+16
2744	3.473294e+15	1.558919e+02	1.271733e+02	5.376485e+16
2745	3.473478e+15	1.554874e+02	1.280250e+02	3.616234e+16
2746	3.473664e+15	1.611488e+02	1.330082e+02	4.467954e+16
2747	3.473849e+15	1.465259e+02	1.261193e+02	5.620941e+16
2748	3.474035e+15	1.390290e+02	1.232935e+02	4.201875e+16
2749	3.474228e+15	1.489540e+02	1.347960e+02	4.732396e+16
2750	3.474412e+15	1.407098e+02	1.270220e+02	2.652678e+16
2751	3.474600e+15	1.485968e+02	1.346215e+02	4.799070e+16
2752	3.474785e+15	1.582224e+02	1.375763e+02	4.339068e+16
2753	3.474963e+15	1.508767e+02	1.219310e+02	3.884166e+16
2754	3.475151e+15	1.633104e+02	1.361706e+02	3.249832e+16
2755	3.475333e+15	1.496590e+02	1.253164e+02	5.200112e+16
2756	3.475521e+15	1.567955e+02	1.362407e+02	5.767778e+16
2757	3.475704e+15	1.619018e+02	1.284537e+02	4.244417e+16
2758	3.475889e+15	1.628001e+02	1.333102e+02	1.966606e+16
2759	3.476070e+15	1.511868e+02	1.281287e+02	4.474943e+16
2760	3.476252e+15	1.413800e+02	1.280398e+02	4.085947e+16
2761	3.476433e+15	1.396445e+02	1.242379e+02	3.506901e+16
2762	3.476617e+15	1.499935e+02	1.300784e+02	3.400009e+16
2763	3.476797e+15	1.481053e+02	1.266414e+02	3.318534e+16
2764	3.476976e+15	1.528669e+02	1.242054e+02	3.458378e+16
2765	3.477157e+15	1.608550e+02	1.285462e+02	4.185268e+16
2766	3.477334e+15	1.501841e+02	1.223032e+02	2.699127e+16
2767	3.477515e+15	1.527872e+02	1.305904e+02	3.597399e+16
2768	3.477692e+15	1.500633e+02	1.263512e+02	4.229263e+16
2769	3.477870e+15	1.555962e+02	1.277539e+02	5.976492e+16
2770	3.478049e+15	1.548192e+02	1.284176e+02	5.375867e+16
2771	3.478227e+15	1.498681e+02	1.258461e+02	2.069104e+16
2772	3.478406e+15	1.522838e+02	1.298716e+02	3.054949e+16
2773	3.478584e+15	1.486045e+02	1.282263e+02	3.720713e+16
2774	3.478765e+15	1.490958e+02	1.311319e+02	4.199535e+16
2775	3.478945e+15	1.518874e+02	1.305481e+02	3.661637e+16
2776	3.479125e+15	1.505259e+02	1.284846e+02	4.401182e+16
2777	3.479307e+15	1.512274e+02	1.304923e+02	4.657849e+16
2778	3.479488e+15	1.528983e+02	1.327017e+02	2.274762e+16
2779	3.479667e+15	1.481154e+02	1.305357e+02	3.314481e+16
2780	3.479847e+15	1.410599e+02	1.289315e+02	2.359787e+16
2781	3.480029e+15	1.364360e+02	1.304849e+02	4.180644e+16
2782	3.480211e+15	1.422511e+02	1.299672e+02	3.392913e+16
2783	3.480395e+15	1.414088e+02	1.287090e+02	2.804446e+16
2784	3.480582e+15	1.427731e+02	1.300043e+02	6.178115e+16
2785	3.480770e+15	1.389694e+02	1.263603e+02	3.100749e+16
2786	3.480962e+15	1.430552e+02	1.285220e+02	1.345844e+16
2787	3.481153e+15	1.432958e+02	1.281520e+02	3.646765e+16
2788	3.481345e+15	1.455199e+02	1.291235e+02	2.451945e+16
2789	3.481534e+15	1.448014e+02	1.264299e+02	2.833422e+16
2790	3.481723e+15	1.387853e+02	1.274814e+02	3.297150e+16
2791	3.481911e+15	1.419224e+02	1.315228e+02	3.271927e+16
2792	3.482097e+15	1.443815e+02	1.322209e+02	3.477255e+16
2793	3.482280e+15	1.452691e+02	1.330680e+02	3.546909e+16
2794	3.482461e+15	1.510433e+02	1.355698e+02	3.336674e+16
2795	3.482639e+15	1.430036e+02	1.318473e+02	3.245605e+16
2796	3.482817e+15	1.489973e+02	1.316289e+02	4.555724e+16
2797	3.482996e+15	1.533577e+02	1.302741e+02	4.413378e+16
2798	3.483178e+15	1.617934e+02	1.318279e+02	3.167587e+16
2799	3.483362e+15	1.622267e+02	1.292777e+02	4.379281e+16
2800	3.483549e+15	1.603000e+02	1.337900e+02	2.524883e+16
2801	3.483734e+15	1.554491e+02	1.314141e+02	2.914962e+16
2802	3.483917e+15	1.521899e+02	1.302100e+02	5.831285e+16
2803	3.484099e+15	1.503575e+02	1.317884e+02	4.059191e+16
2804	3.484278e+15	1.390294e+02	1.297243e+02	5.367139e+16
2805	3.484458e+15	1.320960e+02	1.274823e+02	2.975493e+16
2806	3.484639e+15	1.464022e+02	1.294942e+02	4.994257e+16
2807	3.484818e+15	1.606277e+02	1.269015e+02	4.410136e+16
2808	3.484998e+15	1.623053e+02	1.274112e+02	2.724983e+16
2809	3.485178e+15	1.588701e+02	1.295077e+02	5.704536e+16
2810	3.485356e+15	1.473247e+02	1.256511e+02	4.101314e+16
2811	3.485536e+15	1.462626e+02	1.267260e+02	2.596065e+16
2812	3.485716e+15	1.553461e+02	1.240613e+02	3.522913e+16
2813	3.485896e+15	1.539744e+02	1.226932e+02	4.776146e+16
2814	3.486078e+15	1.538733e+02	1.253565e+02	1.817368e+16
2815	3.486261e+15	1.531250e+02	1.255268e+02	4.941635e+16
2816	3.486444e+15	1.489657e+02	1.237212e+02	2.997747e+16
2817	3.486631e+15	1.582259e+02	1.308900e+02	4.813745e+16
2818	3.486813e+15	1.431527e+02	1.224250e+02	6.477212e+16
2819	3.486999e+15	1.414314e+02	1.222996e+02	4.863148e+16
2820	3.487188e+15	1.445648e+02	1.347843e+02	2.506366e+16
2821	3.487370e+15	1.313523e+02	1.248596e+02	4.484427e+16
2822	3.487555e+15	1.327288e+02	1.267213e+02	4.444019e+16
2823	3.487736e+15	1.243408e+02	1.205586e+02	3.457478e+16
2824	3.487921e+15	1.313194e+02	1.267685e+02	7.336751e+16
2825	3.488102e+15	1.311476e+02	1.243535e+02	1.692571e+16
2826	3.488280e+15	1.225603e+02	1.137187e+02	4.293813e+16
2827	3.488466e+15	1.344593e+02	1.230804e+02	3.324100e+16
2828	3.488649e+15	1.282342e+02	1.127478e+02	3.494265e+16
2829	3.488841e+15	1.418273e+02	1.215809e+02	4.815611e+16
2830	3.489032e+15	1.479283e+02	1.184684e+02	5.266341e+16
2831	3.489223e+15	1.552017e+02	1.204262e+02	3.290553e+16
2832	3.489413e+15	1.471638e+02	1.237926e+02	4.672334e+16
2833	3.489600e+15	1.295742e+02	1.193954e+02	3.256357e+16
2834	3.489787e+15	1.351981e+02	1.265483e+02	4.988298e+16
2835	3.489968e+15	1.324384e+02	1.238354e+02	3.283460e+16
2836	3.490150e+15	1.386675e+02	1.317797e+02	5.934361e+16
2837	3.490326e+15	1.311061e+02	1.226570e+02	3.607253e+16
2838	3.490506e+15	1.248423e+02	1.248972e+02	3.905774e+16
2839	3.490688e+15	1.214180e+02	1.265068e+02	2.824025e+16
2840	3.490871e+15	1.195827e+02	1.248121e+02	3.115677e+16
2841	3.491059e+15	1.187236e+02	1.283478e+02	5.172170e+16
2842	3.491247e+15	1.179702e+02	1.278821e+02	5.384114e+16
2843	3.491436e+15	1.168584e+02	1.239500e+02	3.763949e+16
2844	3.491630e+15	1.242212e+02	1.284869e+02	3.801889e+16
2845	3.491823e+15	1.214729e+02	1.261237e+02	3.799674e+16
2846	3.492016e+15	1.260393e+02	1.285572e+02	6.005735e+16
2847	3.492209e+15	1.321662e+02	1.325790e+02	4.257823e+16
2848	3.492400e+15	1.312044e+02	1.314645e+02	5.763507e+16
2849	3.492591e+15	1.345809e+02	1.333379e+02	6.104439e+16
2850	3.492780e+15	1.352598e+02	1.323136e+02	5.886234e+16
2851	3.492966e+15	1.390410e+02	1.304023e+02	4.238036e+16
2852	3.493151e+15	1.404775e+02	1.333069e+02	6.121702e+16
2853	3.493332e+15	1.388244e+02	1.287811e+02	3.723345e+16
2854	3.493514e+15	1.466103e+02	1.272155e+02	3.278650e+16
2855	3.493697e+15	1.488157e+02	1.258553e+02	4.848939e+16
2856	3.493881e+15	1.504756e+02	1.256522e+02	4.443109e+16
2857	3.494067e+15	1.534637e+02	1.291511e+02	3.939400e+16
2858	3.494253e+15	1.529694e+02	1.229023e+02	3.479286e+16
2859	3.494444e+15	1.571272e+02	1.261748e+02	5.811943e+16
2860	3.494640e+15	1.568903e+02	1.338295e+02	5.231253e+16
2861	3.494834e+15	1.476482e+02	1.293266e+02	6.159058e+16
2862	3.495030e+15	1.500408e+02	1.334444e+02	7.424450e+16
2863	3.495224e+15	1.434922e+02	1.288662e+02	2.239825e+16
2864	3.495422e+15	1.468308e+02	1.350661e+02	5.202686e+16
2865	3.495618e+15	1.447528e+02	1.346198e+02	3.121177e+16
2866	3.495815e+15	1.445799e+02	1.373992e+02	4.457833e+16
2867	3.496010e+15	1.492089e+02	1.418155e+02	4.119197e+16
2868	3.496201e+15	1.587412e+02	1.402286e+02	7.045322e+16
2869	3.496392e+15	1.609340e+02	1.416664e+02	3.366726e+16
2870	3.496583e+15	1.568507e+02	1.432573e+02	5.387236e+16
2871	3.496771e+15	1.536369e+02	1.435470e+02	4.208442e+16
2872	3.496959e+15	1.574017e+02	1.428502e+02	2.363957e+16
2873	3.497147e+15	1.444499e+02	1.396792e+02	6.233867e+16
2874	3.497337e+15	1.466917e+02	1.432741e+02	3.660096e+16
2875	3.497527e+15	1.497388e+02	1.436515e+02	7.364193e+16
2876	3.497719e+15	1.539013e+02	1.491887e+02	8.697664e+16
2877	3.497907e+15	1.430757e+02	1.453592e+02	5.456602e+16
2878	3.498095e+15	1.395685e+02	1.456189e+02	4.992514e+16
2879	3.498284e+15	1.412833e+02	1.477428e+02	4.919996e+16
2880	3.498472e+15	1.511935e+02	1.491422e+02	4.705182e+16
2881	3.498659e+15	1.556845e+02	1.498096e+02	4.077626e+16
2882	3.498844e+15	1.563635e+02	1.479254e+02	5.255080e+16
2883	3.499031e+15	1.599816e+02	1.499142e+02	4.287294e+16
2884	3.499218e+15	1.585579e+02	1.525871e+02	6.188832e+16
2885	3.499402e+15	1.572992e+02	1.511356e+02	5.371650e+16
2886	3.499584e+15	1.588924e+02	1.521289e+02	4.597466e+16
2887	3.499766e+15	1.555393e+02	1.526140e+02	6.441608e+16
2888	3.499947e+15	1.486459e+02	1.526127e+02	4.898642e+16
2889	3.500130e+15	1.559365e+02	1.546722e+02	5.644708e+16
2890	3.500313e+15	1.608380e+02	1.537476e+02	5.362483e+16
2891	3.500497e+15	1.630764e+02	1.548018e+02	6.924129e+16
2892	3.500680e+15	1.600521e+02	1.521603e+02	6.121395e+16
2893	3.500867e+15	1.584697e+02	1.524871e+02	4.852925e+16
2894	3.501056e+15	1.607840e+02	1.586957e+02	5.129434e+16
2895	3.501244e+15	1.542813e+02	1.552059e+02	7.529256e+16
2896	3.501435e+15	1.597139e+02	1.618297e+02	5.249030e+16
2897	3.501625e+15	1.504819e+02	1.588588e+02	1.031817e+17
2898	3.501818e+15	1.583649e+02	1.626737e+02	8.276467e+16
2899	3.502011e+15	1.585481e+02	1.631689e+02	6.403492e+16
2900	3.502203e+15	1.564097e+02	1.617284e+02	7.239582e+16
2901	3.502397e+15	1.557075e+02	1.658438e+02	5.913979e+16
2902	3.502589e+15	1.481187e+02	1.622613e+02	6.307426e+16
2903	3.502781e+15	1.448528e+02	1.590713e+02	5.004914e+16
2904	3.502978e+15	1.500408e+02	1.714482e+02	7.145695e+16
2905	3.503170e+15	1.450670e+02	1.677534e+02	6.487215e+16
2906	3.503363e+15	1.554166e+02	1.770004e+02	9.253855e+16
2907	3.503553e+15	1.550664e+02	1.807778e+02	9.947191e+16
2908	3.503740e+15	1.469780e+02	1.839883e+02	8.692822e+16
2909	3.503924e+15	1.458594e+02	1.861882e+02	9.553393e+16
2910	3.504104e+15	1.517832e+02	1.853950e+02	8.602740e+16
2911	3.504281e+15	1.540183e+02	1.808164e+02	6.864762e+16
2912	3.504458e+15	1.518429e+02	1.807653e+02	6.448498e+16
2913	3.504636e+15	1.606011e+02	1.796892e+02	3.459694e+16
2914	3.504815e+15	1.599124e+02	1.766555e+02	5.044572e+16
2915	3.504997e+15	1.661676e+02	1.792928e+02	3.675231e+16
2916	3.505179e+15	1.680727e+02	1.783945e+02	5.140205e+16
2917	3.505361e+15	1.639426e+02	1.739540e+02	7.258739e+16
2918	3.505544e+15	1.507670e+02	1.790032e+02	2.942554e+16
2919	3.505723e+15	1.356474e+02	1.763194e+02	5.274816e+16
2920	3.505904e+15	1.312462e+02	1.757183e+02	3.962308e+16
2921	3.506087e+15	1.496078e+02	1.781665e+02	7.609817e+16
2922	3.506269e+15	1.717686e+02	1.730918e+02	4.811810e+16
2923	3.506454e+15	1.764140e+02	1.675085e+02	5.644558e+16
2924	3.506642e+15	1.658913e+02	1.686736e+02	3.578749e+16
2925	3.506830e+15	1.490746e+02	1.623526e+02	3.923976e+16
2926	3.507018e+15	1.498524e+02	1.688802e+02	4.992881e+16
2927	3.507199e+15	1.449431e+02	1.625917e+02	2.231524e+16
2928	3.507380e+15	1.562909e+02	1.702005e+02	7.663952e+16
2929	3.507553e+15	1.604031e+02	1.670923e+02	3.169485e+16
2930	3.507724e+15	1.703357e+02	1.697077e+02	4.792864e+16
2931	3.507891e+15	1.839216e+02	1.633507e+02	4.630412e+16
2932	3.508056e+15	1.942585e+02	1.610857e+02	3.574861e+16
2933	3.508219e+15	1.947240e+02	1.568356e+02	5.110719e+16
2934	3.508382e+15	1.905623e+02	1.548122e+02	3.909465e+16
2935	3.508543e+15	1.902752e+02	1.564257e+02	2.582163e+16
2936	3.508701e+15	1.798021e+02	1.526693e+02	4.063981e+16
2937	3.508860e+15	1.705917e+02	1.584119e+02	4.959683e+16
2938	3.509015e+15	1.570886e+02	1.565679e+02	4.190207e+16
2939	3.509170e+15	1.466295e+02	1.561698e+02	2.789255e+16
2940	3.509325e+15	1.567812e+02	1.577100e+02	6.921130e+16
2941	3.509477e+15	1.573044e+02	1.550669e+02	7.002024e+16
2942	3.509628e+15	1.550677e+02	1.540368e+02	5.080523e+16
2943	3.509778e+15	1.524474e+02	1.527628e+02	5.669992e+16
2944	3.509927e+15	1.465875e+02	1.546297e+02	3.737334e+16
2945	3.510076e+15	1.384068e+02	1.558488e+02	4.387765e+16
2946	3.510224e+15	1.397497e+02	1.567703e+02	5.812745e+16
2947	3.510371e+15	1.521884e+02	1.582084e+02	4.199450e+16
2948	3.510516e+15	1.570119e+02	1.558249e+02	7.783401e+16
2949	3.510662e+15	1.555966e+02	1.544970e+02	5.611475e+16
2950	3.510809e+15	1.500933e+02	1.548973e+02	3.274492e+16
2951	3.510956e+15	1.504194e+02	1.459322e+02	3.302501e+16
2952	3.511106e+15	1.731509e+02	1.516166e+02	2.972439e+16
2953	3.511255e+15	1.662662e+02	1.509842e+02	5.560798e+16
2954	3.511406e+15	1.556114e+02	1.540590e+02	5.555863e+16
2955	3.511557e+15	1.454218e+02	1.577245e+02	3.342582e+16
2956	3.511707e+15	1.464202e+02	1.565456e+02	4.702662e+16
2957	3.511859e+15	1.437098e+02	1.587195e+02	4.563672e+16
2958	3.512008e+15	1.444551e+02	1.553892e+02	5.114010e+16
2959	3.512155e+15	1.394458e+02	1.533454e+02	6.135787e+16
2960	3.512302e+15	1.375989e+02	1.522352e+02	5.312250e+16
2961	3.512449e+15	1.410573e+02	1.491285e+02	5.983061e+16
2962	3.512595e+15	1.494427e+02	1.452441e+02	4.890796e+16
2963	3.512740e+15	1.536577e+02	1.398911e+02	4.286495e+16
2964	3.512889e+15	1.641657e+02	1.467053e+02	5.079353e+16
2965	3.513036e+15	1.522713e+02	1.453208e+02	4.244934e+16
2966	3.513181e+15	1.460056e+02	1.459938e+02	3.956096e+16
2967	3.513325e+15	1.381425e+02	1.427173e+02	3.921714e+16
2968	3.513470e+15	1.404330e+02	1.420953e+02	3.937133e+16
2969	3.513614e+15	1.526288e+02	1.347395e+02	1.435231e+16
2970	3.513759e+15	1.629732e+02	1.338224e+02	3.370232e+16
2971	3.513903e+15	1.637446e+02	1.325359e+02	6.268741e+16
2972	3.514047e+15	1.642996e+02	1.311098e+02	5.114397e+16
2973	3.514193e+15	1.682014e+02	1.342562e+02	4.706909e+16
2974	3.514338e+15	1.621032e+02	1.300295e+02	4.931821e+16
2975	3.514485e+15	1.586788e+02	1.268946e+02	5.895153e+16
2976	3.514633e+15	1.565699e+02	1.276018e+02	2.116845e+16
2977	3.514781e+15	1.497515e+02	1.274050e+02	2.985238e+16
2978	3.514929e+15	1.468814e+02	1.253832e+02	3.574851e+16
2979	3.515079e+15	1.433379e+02	1.243507e+02	4.548418e+16
2980	3.515229e+15	1.478622e+02	1.254347e+02	3.867831e+16
2981	3.515379e+15	1.429034e+02	1.260715e+02	5.325769e+16
2982	3.515529e+15	1.354597e+02	1.243500e+02	3.956156e+16
2983	3.515680e+15	1.418263e+02	1.292894e+02	4.528574e+16
2984	3.515831e+15	1.398862e+02	1.319830e+02	4.423435e+16
2985	3.515981e+15	1.434874e+02	1.308615e+02	7.206454e+16
2986	3.516133e+15	1.394533e+02	1.338875e+02	4.279767e+16
2987	3.516285e+15	1.310111e+02	1.363194e+02	3.550840e+16
2988	3.516436e+15	1.299297e+02	1.328257e+02	4.932360e+16
2989	3.516591e+15	1.324530e+02	1.375932e+02	3.993832e+16
2990	3.516745e+15	1.295224e+02	1.308148e+02	5.195904e+16
2991	3.516904e+15	1.391845e+02	1.369332e+02	4.232896e+16
2992	3.517064e+15	1.438861e+02	1.361522e+02	4.777067e+16
2993	3.517226e+15	1.469904e+02	1.355616e+02	8.330671e+16
2994	3.517390e+15	1.428209e+02	1.376774e+02	7.522580e+16
2995	3.517557e+15	1.316412e+02	1.424623e+02	7.103167e+16
2996	3.517720e+15	1.396889e+02	1.476738e+02	4.875508e+16
2997	3.517878e+15	1.503753e+02	1.402946e+02	4.663896e+16
2998	3.518038e+15	1.550943e+02	1.453811e+02	4.414340e+16
2999	3.518198e+15	1.411402e+02	1.443865e+02	4.738936e+16
3000	3.518359e+15	1.311035e+02	1.453913e+02	6.647141e+16
3001	3.518519e+15	1.261010e+02	1.421475e+02	4.544572e+16
3002	3.518681e+15	1.251842e+02	1.481044e+02	3.936838e+16
3003	3.518839e+15	1.180714e+02	1.450275e+02	6.012368e+16
3004	3.518995e+15	1.168651e+02	1.417973e+02	4.084287e+16
3005	3.519151e+15	1.192517e+02	1.456961e+02	7.829848e+16
3006	3.519305e+15	1.114045e+02	1.446003e+02	5.096752e+16
3007	3.519459e+15	1.106409e+02	1.470110e+02	7.703974e+16
3008	3.519611e+15	1.204375e+02	1.440286e+02	6.646274e+16
3009	3.519763e+15	1.244342e+02	1.458961e+02	4.132496e+16
3010	3.519914e+15	1.264693e+02	1.454547e+02	2.987601e+16
3011	3.520064e+15	1.283702e+02	1.465954e+02	4.778816e+16
3012	3.520214e+15	1.309653e+02	1.466780e+02	7.206290e+16
3013	3.520363e+15	1.309399e+02	1.475953e+02	3.937021e+16
3014	3.520512e+15	1.253079e+02	1.455597e+02	6.744680e+16
3015	3.520663e+15	1.255935e+02	1.524371e+02	6.420042e+16
3016	3.520811e+15	1.238227e+02	1.520823e+02	6.426728e+16
3017	3.520960e+15	1.312919e+02	1.538847e+02	3.655994e+16
3018	3.521108e+15	1.294524e+02	1.566011e+02	7.128769e+16
3019	3.521254e+15	1.309883e+02	1.529758e+02	7.222540e+16
3020	3.521401e+15	1.337301e+02	1.517114e+02	6.159437e+16
3021	3.521549e+15	1.355997e+02	1.505361e+02	6.189707e+16
3022	3.521697e+15	1.404866e+02	1.492820e+02	6.026265e+16
3023	3.521847e+15	1.380582e+02	1.530063e+02	5.310329e+16
3024	3.521997e+15	1.266632e+02	1.467349e+02	3.724131e+16
3025	3.522150e+15	1.240300e+02	1.537941e+02	4.826118e+16
3026	3.522303e+15	1.308742e+02	1.543954e+02	6.237088e+16
3027	3.522456e+15	1.322022e+02	1.583754e+02	8.324501e+16
3028	3.522607e+15	1.182621e+02	1.562034e+02	4.929955e+16
3029	3.522758e+15	1.129031e+02	1.539236e+02	3.918823e+16
3030	3.522911e+15	1.241445e+02	1.584503e+02	3.884472e+16
3031	3.523061e+15	1.329306e+02	1.557957e+02	3.360832e+16
3032	3.523212e+15	1.386478e+02	1.574675e+02	4.700595e+16
3033	3.523363e+15	1.385011e+02	1.571540e+02	5.510062e+16
3034	3.523514e+15	1.414128e+02	1.605712e+02	6.272110e+16
3035	3.523664e+15	1.389241e+02	1.608485e+02	3.185151e+16
3036	3.523814e+15	1.268934e+02	1.615626e+02	5.111158e+16
3037	3.523965e+15	1.264702e+02	1.619621e+02	5.045367e+16
3038	3.524115e+15	1.319001e+02	1.618193e+02	6.954455e+16
3039	3.524266e+15	1.334770e+02	1.629693e+02	7.118967e+16
3040	3.524418e+15	1.250454e+02	1.619491e+02	7.818271e+16
3041	3.524571e+15	1.288160e+02	1.645449e+02	7.440571e+16
3042	3.524724e+15	1.262138e+02	1.612058e+02	8.106025e+16
3043	3.524877e+15	1.219705e+02	1.603161e+02	4.440963e+16
3044	3.525031e+15	1.181338e+02	1.596587e+02	5.435819e+16
3045	3.525184e+15	1.199041e+02	1.584437e+02	7.142463e+16
3046	3.525340e+15	1.320919e+02	1.663277e+02	3.443309e+16
3047	3.525495e+15	1.223258e+02	1.588677e+02	2.035232e+16
3048	3.525655e+15	1.219457e+02	1.643820e+02	3.818409e+16
3049	3.525814e+15	1.198066e+02	1.619201e+02	6.510223e+16
3050	3.525976e+15	1.212049e+02	1.664595e+02	6.113316e+16
3051	3.526137e+15	1.184893e+02	1.701147e+02	5.638644e+16
3052	3.526298e+15	1.138281e+02	1.678093e+02	4.168128e+16
3053	3.526461e+15	1.140908e+02	1.685751e+02	7.866845e+16
3054	3.526626e+15	1.129797e+02	1.711896e+02	4.848110e+16
3055	3.526790e+15	1.114379e+02	1.705556e+02	5.440050e+16
3056	3.526957e+15	1.170615e+02	1.759257e+02	8.906484e+16
3057	3.527122e+15	1.174487e+02	1.727454e+02	5.277761e+16
3058	3.527288e+15	1.122118e+02	1.709126e+02	5.279562e+16
3059	3.527457e+15	1.099079e+02	1.758421e+02	5.573923e+16
3060	3.527624e+15	1.041664e+02	1.708385e+02	6.433072e+16
3061	3.527794e+15	1.081303e+02	1.754092e+02	4.020897e+16
3062	3.527961e+15	1.122664e+02	1.733732e+02	6.052085e+16
3063	3.528129e+15	1.147769e+02	1.762520e+02	5.794327e+16
3064	3.528294e+15	1.087217e+02	1.716411e+02	4.011291e+16
3065	3.528459e+15	1.072169e+02	1.755708e+02	3.066770e+16
3066	3.528622e+15	1.100889e+02	1.731949e+02	7.213740e+16
3067	3.528784e+15	1.107552e+02	1.725617e+02	7.263038e+16
3068	3.528946e+15	1.122020e+02	1.734232e+02	4.991118e+16
3069	3.529107e+15	1.095993e+02	1.676087e+02	5.201620e+16
3070	3.529268e+15	1.050479e+02	1.654354e+02	3.532391e+16
3071	3.529431e+15	1.023169e+02	1.692621e+02	4.634464e+16
3072	3.529590e+15	1.058155e+02	1.607062e+02	4.889245e+16
3073	3.529753e+15	1.130555e+02	1.683636e+02	2.897406e+16
3074	3.529913e+15	9.981237e+01	1.607914e+02	4.415950e+16
3075	3.530076e+15	9.753917e+01	1.667740e+02	1.971081e+16
3076	3.530237e+15	1.044765e+02	1.649566e+02	5.683507e+16
3077	3.530397e+15	1.144450e+02	1.685676e+02	3.586061e+16
3078	3.530556e+15	1.077774e+02	1.663191e+02	6.182845e+16
3079	3.530714e+15	9.569340e+01	1.619136e+02	4.435823e+16
3080	3.530873e+15	9.656751e+01	1.632872e+02	2.185536e+16
3081	3.531034e+15	9.836033e+01	1.648421e+02	6.523109e+16
3082	3.531195e+15	9.849525e+01	1.596531e+02	6.000120e+16
3083	3.531358e+15	9.813511e+01	1.606326e+02	6.135594e+16
3084	3.531523e+15	1.054532e+02	1.640229e+02	8.943877e+16
3085	3.531686e+15	9.513828e+01	1.600198e+02	7.824503e+16
3086	3.531852e+15	9.257020e+01	1.649121e+02	7.868632e+16
3087	3.532018e+15	9.249086e+01	1.659229e+02	7.594164e+16
3088	3.532182e+15	9.810630e+01	1.680597e+02	6.249931e+16
3089	3.532343e+15	1.076062e+02	1.717468e+02	8.591127e+16
3090	3.532501e+15	1.048569e+02	1.664205e+02	5.356708e+16
3091	3.532659e+15	1.080459e+02	1.706848e+02	6.315107e+16
3092	3.532815e+15	1.094523e+02	1.680515e+02	7.068482e+16
3093	3.532971e+15	1.159952e+02	1.729056e+02	5.945518e+16
3094	3.533125e+15	1.201848e+02	1.670862e+02	5.831456e+16
3095	3.533281e+15	1.228367e+02	1.737553e+02	6.890678e+16
3096	3.533435e+15	1.066601e+02	1.679354e+02	2.712179e+16
3097	3.533591e+15	9.915831e+01	1.690522e+02	4.350042e+16
3098	3.533748e+15	9.924469e+01	1.589989e+02	3.962149e+16
3099	3.533913e+15	1.059741e+02	1.673218e+02	5.240447e+16
3100	3.534079e+15	1.051319e+02	1.696394e+02	7.435927e+16
3101	3.534245e+15	1.049644e+02	1.721187e+02	3.977683e+16
3102	3.534410e+15	1.056944e+02	1.722716e+02	3.998033e+16
3103	3.534575e+15	9.778605e+01	1.716155e+02	5.520482e+16
3104	3.534741e+15	9.358458e+01	1.815281e+02	7.616136e+16
3105	3.534902e+15	8.570135e+01	1.743482e+02	4.034389e+16
3106	3.535065e+15	9.556591e+01	1.882918e+02	4.526050e+16
3107	3.535222e+15	1.122461e+02	1.806505e+02	4.274509e+16
3108	3.535378e+15	1.216020e+02	1.760385e+02	5.395218e+16
3109	3.535536e+15	1.215379e+02	1.792375e+02	6.387872e+16
3110	3.535692e+15	1.110496e+02	1.762468e+02	5.247970e+16
3111	3.535848e+15	9.503531e+01	1.771542e+02	4.428932e+16
3112	3.536004e+15	8.210784e+01	1.773050e+02	6.479659e+16
3113	3.536161e+15	7.547665e+01	1.793723e+02	3.456347e+16
3114	3.536316e+15	7.664320e+01	1.777552e+02	4.384055e+16
3115	3.536471e+15	7.912299e+01	1.784011e+02	5.868066e+16
3116	3.536625e+15	9.188507e+01	1.782639e+02	4.159571e+16
3117	3.536779e+15	9.715279e+01	1.796607e+02	5.186328e+16
3118	3.536930e+15	9.988992e+01	1.781068e+02	4.295731e+16
3119	3.537081e+15	1.052484e+02	1.791199e+02	3.233984e+16
3120	3.537230e+15	1.074287e+02	1.770951e+02	3.570611e+16
3121	3.537379e+15	1.165726e+02	1.736928e+02	4.512212e+16
3122	3.537528e+15	1.213041e+02	1.758826e+02	3.782116e+16
3123	3.537678e+15	1.149400e+02	1.743650e+02	2.989138e+16
3124	3.537829e+15	1.079246e+02	1.778781e+02	3.631794e+16
3125	3.537980e+15	1.130456e+02	1.813769e+02	6.166433e+16
3126	3.538131e+15	1.199554e+02	1.789216e+02	4.616840e+16
3127	3.538284e+15	1.273529e+02	1.793809e+02	3.204114e+16
3128	3.538437e+15	1.231518e+02	1.800312e+02	4.307376e+16
3129	3.538589e+15	1.108261e+02	1.751195e+02	4.406168e+16
3130	3.538743e+15	1.039714e+02	1.807838e+02	4.703913e+16
3131	3.538894e+15	1.013535e+02	1.789304e+02	3.480394e+16
3132	3.539045e+15	1.150461e+02	1.803217e+02	6.244134e+16
3133	3.539194e+15	1.210874e+02	1.787397e+02	5.556080e+16
3134	3.539343e+15	1.131920e+02	1.845359e+02	5.387538e+16
3135	3.539492e+15	1.157383e+02	1.781453e+02	5.998605e+16
3136	3.539642e+15	1.244033e+02	1.837597e+02	3.369185e+16
3137	3.539792e+15	1.369308e+02	1.839039e+02	4.431860e+16
3138	3.539941e+15	1.410260e+02	1.868314e+02	4.848080e+16
3139	3.540090e+15	1.373777e+02	1.909155e+02	7.828432e+16
3140	3.540237e+15	1.169593e+02	1.843432e+02	5.174955e+16
3141	3.540385e+15	1.148907e+02	1.922585e+02	6.443452e+16
3142	3.540531e+15	1.137362e+02	1.819705e+02	6.468230e+16
3143	3.540680e+15	1.216456e+02	1.906059e+02	4.740683e+16
3144	3.540826e+15	1.238476e+02	1.873423e+02	6.927472e+16
3145	3.540972e+15	1.336076e+02	1.861231e+02	4.171366e+16
3146	3.541118e+15	1.313377e+02	1.927454e+02	7.120945e+16
3147	3.541261e+15	1.158893e+02	1.834324e+02	7.248636e+16
3148	3.541407e+15	1.195664e+02	1.921431e+02	6.521948e+16
3149	3.541552e+15	1.191555e+02	1.871055e+02	4.318689e+16
3150	3.541698e+15	1.183415e+02	1.907720e+02	5.676271e+16
3151	3.541847e+15	1.237436e+02	1.967742e+02	6.736340e+16
3152	3.541993e+15	1.248963e+02	1.915177e+02	6.957468e+16
3153	3.542140e+15	1.212210e+02	1.943989e+02	6.668802e+16
3154	3.542285e+15	1.089212e+02	1.941315e+02	6.228692e+16
3155	3.542430e+15	1.128361e+02	1.946066e+02	7.944789e+16
3156	3.542573e+15	1.196386e+02	1.933367e+02	9.007828e+16
3157	3.542715e+15	1.197669e+02	1.905138e+02	7.301220e+16
3158	3.542857e+15	1.245087e+02	1.882730e+02	4.616176e+16
3159	3.542999e+15	1.258704e+02	1.886477e+02	9.959189e+16
3160	3.543141e+15	1.315161e+02	1.874022e+02	5.895909e+16
3161	3.543284e+15	1.353389e+02	1.872805e+02	8.313820e+16
3162	3.543428e+15	1.345340e+02	1.925197e+02	8.234167e+16
3163	3.543572e+15	1.332345e+02	1.912437e+02	7.105939e+16
3164	3.543715e+15	1.350857e+02	1.900021e+02	9.449248e+16
3165	3.543861e+15	1.401999e+02	1.978654e+02	7.698106e+16
3166	3.544005e+15	1.309804e+02	1.957558e+02	1.191892e+17
3167	3.544149e+15	1.274302e+02	1.941358e+02	1.099352e+17
3168	3.544296e+15	1.242761e+02	1.989755e+02	8.377760e+16
3169	3.544444e+15	1.213207e+02	2.028115e+02	1.018752e+17
3170	3.544592e+15	1.238150e+02	1.998231e+02	9.624572e+16
3171	3.544744e+15	1.273949e+02	2.024316e+02	7.409574e+16
3172	3.544897e+15	1.256791e+02	2.024527e+02	7.587839e+16
3173	3.545052e+15	1.152472e+02	2.057593e+02	7.743229e+16
3174	3.545208e+15	1.159081e+02	1.991710e+02	5.644754e+16
3175	3.545368e+15	1.213470e+02	2.064836e+02	7.254508e+16
3176	3.545530e+15	1.155788e+02	2.084027e+02	5.899927e+16
3177	3.545693e+15	1.193303e+02	2.195258e+02	9.244166e+16
3178	3.545852e+15	1.074998e+02	2.230498e+02	4.749165e+16
3179	3.546007e+15	9.680349e+01	2.194722e+02	7.464845e+16
3180	3.546162e+15	9.482079e+01	2.228335e+02	9.065471e+16
3181	3.546317e+15	8.806428e+01	2.249749e+02	7.243743e+16
3182	3.546472e+15	8.280740e+01	2.245887e+02	7.752046e+16
3183	3.546630e+15	8.748562e+01	2.357501e+02	1.119689e+17
3184	3.546787e+15	9.971356e+01	2.337001e+02	1.071115e+17
3185	3.546944e+15	1.087689e+02	2.337976e+02	9.149229e+16
3186	3.547101e+15	1.132578e+02	2.376829e+02	1.065614e+17
3187	3.547255e+15	9.757386e+01	2.313935e+02	7.260785e+16
3188	3.547411e+15	9.400375e+01	2.412439e+02	8.738010e+16
3189	3.547565e+15	9.698410e+01	2.298171e+02	7.567312e+16
3190	3.547723e+15	1.107213e+02	2.384194e+02	7.841116e+16
3191	3.547879e+15	1.264513e+02	2.538469e+02	9.593663e+16
3192	3.548030e+15	1.222370e+02	2.449556e+02	9.200452e+16
3193	3.548181e+15	1.216904e+02	2.610214e+02	8.081592e+16
3194	3.548328e+15	1.185567e+02	2.545257e+02	1.339903e+17
3195	3.548476e+15	1.204215e+02	2.650542e+02	1.237417e+17
3196	3.548621e+15	1.373773e+02	2.642285e+02	1.366234e+17
3197	3.548765e+15	1.619434e+02	2.636328e+02	1.068441e+17
3198	3.548909e+15	1.587197e+02	2.681517e+02	8.745987e+16
3199	3.549050e+15	1.436962e+02	2.564211e+02	6.173756e+16
3200	3.549195e+15	1.400551e+02	2.619256e+02	1.227893e+17
3201	3.549342e+15	1.459827e+02	2.694231e+02	9.953468e+16
3202	3.549489e+15	1.518584e+02	2.728013e+02	7.904138e+16
3203	3.549637e+15	1.702312e+02	2.782370e+02	8.695359e+16
3204	3.549784e+15	1.697755e+02	2.784219e+02	9.212741e+16
3205	3.549929e+15	1.615155e+02	2.839949e+02	9.593923e+16
3206	3.550071e+15	1.431230e+02	2.798575e+02	9.167832e+16
3207	3.550213e+15	1.282154e+02	2.748917e+02	7.042556e+16
3208	3.550356e+15	1.434756e+02	2.876928e+02	7.667892e+16
3209	3.550498e+15	1.564856e+02	2.776062e+02	6.210877e+16
3210	3.550644e+15	1.521106e+02	2.854674e+02	9.696077e+16
3211	3.550790e+15	1.462535e+02	2.933849e+02	9.337385e+16
3212	3.550932e+15	1.371356e+02	2.737046e+02	7.663554e+16
3213	3.551077e+15	1.284858e+02	2.887508e+02	1.030078e+17
3214	3.551218e+15	1.134642e+02	2.753985e+02	7.660862e+16
3215	3.551360e+15	1.087292e+02	2.718129e+02	5.153889e+16
3216	3.551505e+15	1.228755e+02	2.806107e+02	1.189442e+17
3217	3.551647e+15	1.452581e+02	2.722036e+02	6.927701e+16
3218	3.551790e+15	1.582342e+02	2.737869e+02	6.412802e+16
3219	3.551933e+15	1.538416e+02	2.759801e+02	6.323401e+16
3220	3.552076e+15	1.413466e+02	2.776197e+02	5.872850e+16
3221	3.552218e+15	1.391823e+02	2.794590e+02	9.166876e+16
3222	3.552360e+15	1.323798e+02	2.768805e+02	7.197433e+16
3223	3.552503e+15	1.452873e+02	2.759005e+02	7.955268e+16
3224	3.552648e+15	1.484726e+02	2.792700e+02	8.151562e+16
3225	3.552794e+15	1.405808e+02	2.800719e+02	4.764732e+16
3226	3.552942e+15	1.400524e+02	2.761194e+02	7.258603e+16
3227	3.553092e+15	1.479983e+02	2.774517e+02	7.863604e+16
3228	3.553245e+15	1.517673e+02	2.804612e+02	1.485782e+17
3229	3.553397e+15	1.446776e+02	2.880709e+02	1.179382e+17
3230	3.553548e+15	1.295449e+02	2.821268e+02	7.225925e+16
3231	3.553698e+15	1.145850e+02	2.860120e+02	8.267593e+16
3232	3.553848e+15	1.223619e+02	2.924366e+02	1.045921e+17
3233	3.553994e+15	1.348641e+02	2.841645e+02	9.056351e+16
3234	3.554140e+15	1.452285e+02	2.859838e+02	7.612906e+16
3235	3.554283e+15	1.358995e+02	2.780680e+02	7.539283e+16
3236	3.554428e+15	1.364159e+02	2.839546e+02	5.206074e+16
3237	3.554572e+15	1.444805e+02	2.723339e+02	6.933468e+16
3238	3.554716e+15	1.508237e+02	2.720608e+02	6.928131e+16
3239	3.554861e+15	1.512026e+02	2.748276e+02	6.029519e+16
3240	3.555007e+15	1.457614e+02	2.784256e+02	4.274050e+16
3241	3.555153e+15	1.474091e+02	2.828774e+02	8.606910e+16
3242	3.555298e+15	1.494146e+02	2.828782e+02	6.616397e+16
3243	3.555442e+15	1.397077e+02	2.772707e+02	6.519780e+16
3244	3.555590e+15	1.290819e+02	2.828350e+02	9.023291e+16
3245	3.555740e+15	1.350358e+02	2.860972e+02	4.820632e+16
3246	3.555889e+15	1.482351e+02	2.830336e+02	5.732379e+16
3247	3.556039e+15	1.573095e+02	2.934725e+02	8.158312e+16
3248	3.556186e+15	1.420396e+02	2.753001e+02	3.369200e+16
3249	3.556336e+15	1.215092e+02	2.831644e+02	6.248197e+16
3250	3.556485e+15	1.153936e+02	2.798179e+02	4.252826e+16
3251	3.556635e+15	1.135348e+02	2.832391e+02	6.842981e+16
3252	3.556783e+15	1.163041e+02	2.877848e+02	4.735553e+16
3253	3.556929e+15	1.199625e+02	2.868900e+02	5.970102e+16
3254	3.557074e+15	1.100551e+02	2.721550e+02	5.287081e+16
3255	3.557224e+15	1.027459e+02	2.800632e+02	7.681697e+16
3256	3.557375e+15	1.074435e+02	2.915321e+02	6.179764e+16
3257	3.557523e+15	1.150686e+02	2.864492e+02	6.010482e+16
3258	3.557669e+15	1.254288e+02	2.864370e+02	1.010992e+17
3259	3.557813e+15	1.181981e+02	2.807930e+02	5.862311e+16
3260	3.557956e+15	1.128036e+02	2.695044e+02	6.568373e+16
3261	3.558104e+15	1.257938e+02	2.840167e+02	6.628433e+16
3262	3.558250e+15	1.299796e+02	2.746739e+02	1.017535e+17
3263	3.558399e+15	1.371517e+02	2.852380e+02	7.161938e+16
3264	3.558548e+15	1.376282e+02	2.776297e+02	7.114015e+16
3265	3.558701e+15	1.326237e+02	2.838252e+02	5.699496e+16
3266	3.558856e+15	1.151780e+02	3.109566e+02	1.006060e+17
3267	3.559004e+15	9.210864e+01	2.803312e+02	6.478828e+16
3268	3.559157e+15	1.051035e+02	2.964386e+02	7.326907e+16
3269	3.559305e+15	1.320713e+02	2.845720e+02	6.876613e+16
3270	3.559454e+15	1.466331e+02	2.738128e+02	8.127097e+16
3271	3.559604e+15	1.434231e+02	2.747385e+02	6.826127e+16
3272	3.559754e+15	1.279421e+02	2.710996e+02	5.128618e+16
3273	3.559904e+15	1.230660e+02	2.680427e+02	4.778114e+16
3274	3.560056e+15	1.240516e+02	2.696861e+02	5.961702e+16
3275	3.560208e+15	1.237066e+02	2.709578e+02	7.493785e+16
3276	3.560360e+15	1.195305e+02	2.688483e+02	7.510424e+16
3277	3.560514e+15	1.269699e+02	2.805943e+02	5.153227e+16
3278	3.560664e+15	1.308561e+02	2.778108e+02	6.398463e+16
3279	3.560811e+15	1.246594e+02	2.523912e+02	7.026499e+16
3280	3.560965e+15	1.450172e+02	2.688186e+02	5.852363e+16
3281	3.561117e+15	1.401133e+02	2.563985e+02	4.755541e+16
3282	3.561273e+15	1.254543e+02	2.454609e+02	6.852380e+16
3283	3.561434e+15	1.254636e+02	2.442032e+02	5.155815e+16
3284	3.561602e+15	1.302863e+02	2.638390e+02	7.156138e+16
3285	3.561769e+15	1.122870e+02	2.674037e+02	7.498225e+16
3286	3.561931e+15	8.915509e+01	2.519414e+02	7.245545e+16
3287	3.562097e+15	8.769531e+01	2.684928e+02	6.498667e+16
3288	3.562258e+15	9.228088e+01	2.664026e+02	7.682617e+16
3289	3.562417e+15	8.711891e+01	2.649489e+02	8.679731e+16
3290	3.562575e+15	8.454763e+01	2.630110e+02	9.310830e+16
3291	3.562733e+15	9.200076e+01	2.618583e+02	8.658300e+16
3292	3.562890e+15	9.255469e+01	2.667220e+02	9.229971e+16
3293	3.563046e+15	8.724921e+01	2.557106e+02	8.117973e+16
3294	3.563204e+15	9.511298e+01	2.582075e+02	8.015296e+16
3295	3.563362e+15	9.896952e+01	2.524431e+02	6.227851e+16
3296	3.563519e+15	1.015210e+02	2.459488e+02	6.072815e+16
3297	3.563680e+15	1.072156e+02	2.511456e+02	7.078148e+16
3298	3.563840e+15	1.056231e+02	2.496893e+02	5.639159e+16
3299	3.564000e+15	1.043208e+02	2.467932e+02	7.541625e+16
3300	3.564159e+15	1.051048e+02	2.471132e+02	6.069067e+16
3301	3.564318e+15	1.073737e+02	2.516573e+02	5.144107e+16
3302	3.564474e+15	1.124740e+02	2.483738e+02	9.194219e+16
3303	3.564630e+15	1.224824e+02	2.412215e+02	6.611632e+16
3304	3.564788e+15	1.285713e+02	2.429650e+02	6.483266e+16
3305	3.564945e+15	1.268359e+02	2.457936e+02	4.661397e+16
3306	3.565101e+15	1.244845e+02	2.454320e+02	6.771692e+16
3307	3.565257e+15	1.251550e+02	2.428821e+02	7.864723e+16
3308	3.565413e+15	1.262289e+02	2.382544e+02	8.374184e+16
3309	3.565570e+15	1.310175e+02	2.381422e+02	8.472580e+16
3310	3.565727e+15	1.244181e+02	2.384933e+02	4.486198e+16
3311	3.565883e+15	1.110491e+02	2.364023e+02	4.612887e+16
3312	3.566040e+15	1.105423e+02	2.400763e+02	5.710169e+16
3313	3.566198e+15	1.235077e+02	2.488634e+02	4.215518e+16
3314	3.566353e+15	1.216991e+02	2.494705e+02	1.091778e+17
3315	3.566506e+15	1.022979e+02	2.433099e+02	5.468685e+16
3316	3.566662e+15	9.987692e+01	2.411656e+02	9.564921e+16
3317	3.566820e+15	1.129191e+02	2.458325e+02	5.394215e+16
3318	3.566978e+15	1.258155e+02	2.395693e+02	7.595159e+16
3319	3.567136e+15	1.166984e+02	2.398904e+02	6.354995e+16
3320	3.567295e+15	1.012831e+02	2.401547e+02	7.509968e+16
3321	3.567455e+15	1.080861e+02	2.380590e+02	7.360234e+16
3322	3.567614e+15	1.159171e+02	2.348722e+02	7.699575e+16
3323	3.567773e+15	1.116145e+02	2.283496e+02	6.336533e+16
3324	3.567933e+15	1.091741e+02	2.188779e+02	6.658864e+16
3325	3.568097e+15	1.126808e+02	2.206982e+02	8.659115e+16
3326	3.568264e+15	1.142187e+02	2.309979e+02	5.026112e+16
3327	3.568430e+15	1.069401e+02	2.184262e+02	7.317215e+16
3328	3.568602e+15	1.098055e+02	2.246524e+02	5.467832e+16
3329	3.568776e+15	1.095502e+02	2.302274e+02	5.281507e+16
3330	3.568950e+15	1.025591e+02	2.303463e+02	6.118425e+16
3331	3.569124e+15	1.075890e+02	2.330051e+02	8.211261e+16
3332	3.569296e+15	1.176795e+02	2.148346e+02	5.692890e+16
3333	3.569474e+15	1.315133e+02	2.274531e+02	5.839668e+16
3334	3.569652e+15	1.187558e+02	2.238200e+02	5.736021e+16
3335	3.569833e+15	1.104046e+02	2.299873e+02	7.269891e+16
3336	3.570015e+15	1.086291e+02	2.480705e+02	6.600360e+16
3337	3.570192e+15	1.055742e+02	2.532909e+02	5.170604e+16
3338	3.570364e+15	9.901037e+01	2.541129e+02	9.305102e+16
3339	3.570534e+15	1.081716e+02	2.634973e+02	6.671460e+16
3340	3.570700e+15	1.069283e+02	2.608896e+02	3.275587e+16
3341	3.570865e+15	1.011290e+02	2.545986e+02	6.452012e+16
3342	3.571031e+15	9.364275e+01	2.605969e+02	5.568133e+16
3343	3.571196e+15	8.614210e+01	2.501087e+02	5.153880e+16
3344	3.571364e+15	9.029650e+01	2.587261e+02	5.340966e+16
3345	3.571531e+15	9.159806e+01	2.509754e+02	5.255756e+16
3346	3.571702e+15	9.759516e+01	2.587280e+02	5.087678e+16
3347	3.571875e+15	1.050615e+02	2.688983e+02	6.138761e+16
3348	3.572046e+15	1.025842e+02	2.643465e+02	5.589780e+16
3349	3.572218e+15	9.976317e+01	2.496047e+02	4.782665e+16
3350	3.572399e+15	1.078062e+02	2.753499e+02	7.307414e+16
3351	3.572574e+15	1.146123e+02	2.713410e+02	5.335047e+16
3352	3.572745e+15	1.141452e+02	2.649235e+02	7.377269e+16
3353	3.572915e+15	1.173904e+02	2.763431e+02	5.166738e+16
3354	3.573080e+15	1.020200e+02	2.568715e+02	5.584767e+16
3355	3.573252e+15	1.061209e+02	2.767443e+02	6.250916e+16
3356	3.573418e+15	1.268116e+02	2.583143e+02	5.282929e+16
3357	3.573587e+15	1.373892e+02	2.684500e+02	6.460018e+16
3358	3.573754e+15	1.253639e+02	2.614917e+02	5.329004e+16
3359	3.573921e+15	1.122035e+02	2.556187e+02	5.291319e+16
3360	3.574088e+15	1.107113e+02	2.588009e+02	7.604381e+16
3361	3.574256e+15	1.149686e+02	2.672025e+02	6.680654e+16
3362	3.574422e+15	1.254447e+02	2.642952e+02	6.063805e+16
3363	3.574588e+15	1.282688e+02	2.585565e+02	5.426130e+16
3364	3.574756e+15	1.224702e+02	2.581641e+02	8.494779e+16
3365	3.574923e+15	1.213168e+02	2.488589e+02	7.407174e+16
3366	3.575091e+15	1.318329e+02	2.437701e+02	4.526102e+16
3367	3.575259e+15	1.328560e+02	2.392957e+02	5.370870e+16
3368	3.575426e+15	1.187388e+02	2.331371e+02	9.777942e+16
3369	3.575596e+15	1.202840e+02	2.312222e+02	5.357016e+16
3370	3.575767e+15	1.213341e+02	2.150037e+02	6.266159e+16
3371	3.575949e+15	1.212491e+02	2.295298e+02	6.375711e+16
3372	3.576130e+15	1.146584e+02	2.286732e+02	6.414854e+16
3373	3.576310e+15	1.111845e+02	2.241904e+02	5.745476e+16
3374	3.576490e+15	1.123867e+02	2.205298e+02	5.748981e+16
3375	3.576668e+15	1.168041e+02	2.145141e+02	5.450472e+16
3376	3.576846e+15	1.268864e+02	2.081250e+02	7.525757e+16
3377	3.577023e+15	1.323292e+02	2.040646e+02	6.143903e+16
3378	3.577203e+15	1.337490e+02	2.000078e+02	4.277507e+16
3379	3.577380e+15	1.229743e+02	1.920520e+02	7.706920e+16
3380	3.577561e+15	1.245895e+02	2.001433e+02	7.286243e+16
3381	3.577738e+15	1.157782e+02	1.834219e+02	7.995906e+16
3382	3.577919e+15	1.260607e+02	1.986351e+02	6.582951e+16
3383	3.578094e+15	1.238541e+02	1.851113e+02	7.978614e+16
3384	3.578271e+15	1.269130e+02	1.883288e+02	7.721258e+16
3385	3.578446e+15	1.448464e+02	1.903927e+02	8.982810e+16
3386	3.578618e+15	1.525108e+02	1.786048e+02	5.712633e+16
3387	3.578795e+15	1.472178e+02	1.972120e+02	6.406042e+16
3388	3.578965e+15	1.202649e+02	1.804440e+02	7.759036e+16
3389	3.579139e+15	1.246039e+02	1.916066e+02	6.219514e+16
3390	3.579312e+15	1.321286e+02	1.868215e+02	6.471129e+16
3391	3.579493e+15	1.421018e+02	1.993609e+02	8.138395e+16
3392	3.579675e+15	1.333037e+02	2.027583e+02	4.625382e+16
3393	3.579860e+15	1.267445e+02	2.040113e+02	7.997883e+16
3394	3.580051e+15	1.339613e+02	2.235783e+02	8.859241e+16
3395	3.580237e+15	1.226088e+02	2.149893e+02	7.133867e+16
3396	3.580423e+15	1.282321e+02	2.241859e+02	6.938010e+16
3397	3.580608e+15	1.341592e+02	2.314680e+02	7.764458e+16
3398	3.580789e+15	1.325937e+02	2.304019e+02	7.175532e+16
3399	3.580967e+15	1.430111e+02	2.253457e+02	4.069276e+16
3400	3.581145e+15	1.507480e+02	2.273488e+02	4.914460e+16
3401	3.581323e+15	1.404254e+02	2.254272e+02	5.958258e+16
3402	3.581503e+15	1.334190e+02	2.304479e+02	6.902591e+16
3403	3.581683e+15	1.239827e+02	2.287078e+02	5.303512e+16
3404	3.581867e+15	1.290312e+02	2.483171e+02	4.191321e+16
3405	3.582042e+15	1.382099e+02	2.393550e+02	6.459800e+16
3406	3.582216e+15	1.324281e+02	2.422515e+02	4.661325e+16
3407	3.582386e+15	1.133168e+02	2.255232e+02	4.723940e+16
3408	3.582562e+15	1.176138e+02	2.342515e+02	5.840124e+16
3409	3.582737e+15	1.204520e+02	2.183725e+02	6.302064e+16
3410	3.582919e+15	1.301611e+02	2.317988e+02	4.899323e+16
3411	3.583100e+15	1.182704e+02	2.285486e+02	3.868947e+16
3412	3.583281e+15	1.076964e+02	2.237494e+02	3.877697e+16
3413	3.583462e+15	1.061846e+02	2.341106e+02	6.569153e+16
3414	3.583640e+15	1.097094e+02	2.330723e+02	7.429082e+16
3415	3.583814e+15	1.131306e+02	2.289575e+02	8.345243e+16
3416	3.583984e+15	1.273935e+02	2.188654e+02	6.523540e+16
3417	3.584153e+15	1.307287e+02	2.156360e+02	6.572626e+16
3418	3.584323e+15	1.266684e+02	2.127160e+02	4.980807e+16
3419	3.584493e+15	1.300593e+02	2.145706e+02	7.848513e+16
3420	3.584662e+15	1.286757e+02	2.078052e+02	6.471900e+16
3421	3.584835e+15	1.346513e+02	2.207150e+02	8.032284e+16
3422	3.585005e+15	1.173709e+02	2.151563e+02	6.609975e+16
3423	3.585174e+15	1.125699e+02	2.115801e+02	6.167398e+16
3424	3.585344e+15	1.207141e+02	2.140926e+02	5.541766e+16
3425	3.585513e+15	1.214723e+02	2.039522e+02	6.922937e+16
3426	3.585687e+15	1.237793e+02	2.022747e+02	4.812898e+16
3427	3.585865e+15	1.206543e+02	1.973804e+02	4.021591e+16
3428	3.586047e+15	1.096886e+02	1.915885e+02	4.712195e+16
3429	3.586236e+15	1.022146e+02	1.956183e+02	6.048600e+16
3430	3.586426e+15	9.892411e+01	1.846667e+02	4.759259e+16
3431	3.586624e+15	1.108230e+02	1.957136e+02	4.953139e+16
3432	3.586819e+15	1.157064e+02	1.970910e+02	5.728411e+16
3433	3.587013e+15	1.060403e+02	1.942527e+02	5.150103e+16
3434	3.587208e+15	1.075801e+02	2.040616e+02	6.484516e+16
3435	3.587400e+15	1.182230e+02	2.078755e+02	7.485077e+16
3436	3.587589e+15	1.120819e+02	2.086415e+02	4.540721e+16
3437	3.587778e+15	1.120814e+02	2.158091e+02	5.872694e+16
3438	3.587964e+15	1.115719e+02	2.143071e+02	7.965224e+16
3439	3.588150e+15	1.079772e+02	2.183637e+02	7.692915e+16
3440	3.588331e+15	1.025380e+02	2.143876e+02	6.211411e+16
3441	3.588512e+15	1.073222e+02	2.216833e+02	5.294270e+16
3442	3.588689e+15	1.172514e+02	2.203541e+02	6.814017e+16
3443	3.588863e+15	1.162004e+02	2.200567e+02	5.540338e+16
3444	3.589034e+15	1.184366e+02	2.164061e+02	8.021741e+16
3445	3.589203e+15	1.287888e+02	2.144509e+02	5.658241e+16
3446	3.589371e+15	1.266110e+02	2.036367e+02	6.372303e+16
3447	3.589541e+15	1.117610e+02	2.033099e+02	4.157522e+16
3448	3.589714e+15	1.143650e+02	2.111763e+02	4.902348e+16
3449	3.589885e+15	1.276721e+02	1.988632e+02	4.169584e+16
3450	3.590059e+15	1.439497e+02	2.093764e+02	4.194290e+16
3451	3.590229e+15	1.254517e+02	1.895076e+02	6.359864e+16
3452	3.590406e+15	1.188243e+02	1.920630e+02	7.132760e+16
3453	3.590591e+15	1.323067e+02	2.061086e+02	8.017563e+16
3454	3.590775e+15	1.218977e+02	1.989709e+02	6.927444e+16
3455	3.590961e+15	1.184802e+02	1.950969e+02	7.126633e+16
3456	3.591150e+15	1.154254e+02	1.959770e+02	7.540205e+16
3457	3.591342e+15	1.232450e+02	1.916732e+02	4.755885e+16
3458	3.591535e+15	1.282422e+02	1.945583e+02	5.465111e+16
3459	3.591721e+15	1.164405e+02	1.858712e+02	3.705115e+16
3460	3.591907e+15	1.195541e+02	1.892802e+02	6.052836e+16
3461	3.592089e+15	1.192983e+02	1.745577e+02	8.033722e+16
3462	3.592277e+15	1.290975e+02	1.798696e+02	4.767250e+16
3463	3.592467e+15	1.247862e+02	1.816315e+02	6.123176e+16
3464	3.592657e+15	1.089465e+02	1.706282e+02	6.831911e+16
3465	3.592854e+15	1.102724e+02	1.823754e+02	2.920108e+16
3466	3.593048e+15	1.039045e+02	1.775989e+02	6.334768e+16
3467	3.593241e+15	1.080739e+02	1.822255e+02	4.768785e+16
3468	3.593429e+15	1.205973e+02	1.811596e+02	5.827303e+16
3469	3.593614e+15	1.263534e+02	1.724881e+02	6.970735e+16
3470	3.593800e+15	1.257745e+02	1.795425e+02	5.277496e+16
3471	3.593986e+15	1.211226e+02	1.722375e+02	5.801618e+16
3472	3.594172e+15	1.314062e+02	1.796405e+02	5.863436e+16
3473	3.594355e+15	1.249812e+02	1.696829e+02	3.184786e+16
3474	3.594541e+15	1.192067e+02	1.688069e+02	6.070309e+16
3475	3.594730e+15	1.119384e+02	1.693556e+02	4.846190e+16
3476	3.594920e+15	9.843127e+01	1.651799e+02	5.529868e+16
3477	3.595115e+15	1.075816e+02	1.708189e+02	3.654612e+16
3478	3.595310e+15	1.055868e+02	1.633547e+02	6.776626e+16
3479	3.595511e+15	9.843120e+01	1.644597e+02	4.299988e+16
3480	3.595715e+15	9.363705e+01	1.630716e+02	3.883884e+16
3481	3.595921e+15	8.737617e+01	1.603307e+02	4.372212e+16
3482	3.596135e+15	9.904422e+01	1.785431e+02	6.663657e+16
3483	3.596340e+15	8.993854e+01	1.713380e+02	3.679847e+16
3484	3.596543e+15	8.474518e+01	1.489841e+02	4.793640e+16
3485	3.596765e+15	1.067618e+02	1.734454e+02	7.673899e+16
3486	3.596981e+15	1.008469e+02	1.528525e+02	5.149093e+16
3487	3.597205e+15	9.976622e+01	1.584872e+02	4.130547e+16
3488	3.597430e+15	1.047310e+02	1.625065e+02	5.535780e+16
3489	3.597651e+15	9.131378e+01	1.515182e+02	5.630944e+16
3490	3.597879e+15	9.460800e+01	1.651291e+02	8.694183e+16
3491	3.598097e+15	9.088042e+01	1.566883e+02	5.105434e+16
3492	3.598315e+15	1.028873e+02	1.659095e+02	6.314387e+16
3493	3.598527e+15	1.118230e+02	1.581461e+02	6.325269e+16
3494	3.598740e+15	1.126426e+02	1.566747e+02	4.918762e+16
3495	3.598953e+15	1.047723e+02	1.433459e+02	4.979540e+16
3496	3.599178e+15	1.121553e+02	1.621959e+02	8.261078e+16
3497	3.599395e+15	1.069261e+02	1.546868e+02	5.930503e+16
3498	3.599610e+15	1.070949e+02	1.477482e+02	6.418547e+16
3499	3.599826e+15	1.070404e+02	1.440967e+02	5.803350e+16
3500	3.600041e+15	1.166651e+02	1.386874e+02	4.747378e+16
3501	3.600257e+15	1.050894e+02	1.368816e+02	3.498012e+16
3502	3.600475e+15	9.619587e+01	1.293679e+02	7.052891e+16
3503	3.600704e+15	9.627331e+01	1.354095e+02	5.345773e+16
3504	3.600939e+15	9.735096e+01	1.395708e+02	5.033831e+16
3505	3.601176e+15	9.625856e+01	1.404403e+02	5.295473e+16
3506	3.601413e+15	1.027572e+02	1.395815e+02	7.687997e+16
3507	3.601651e+15	1.007299e+02	1.426036e+02	5.292081e+16
3508	3.601885e+15	9.262035e+01	1.358290e+02	5.080239e+16
3509	3.602117e+15	9.463319e+01	1.394695e+02	6.183063e+16
3510	3.602349e+15	9.435683e+01	1.449065e+02	4.764891e+16
3511	3.602578e+15	8.801995e+01	1.482500e+02	5.081260e+16
3512	3.602803e+15	8.960410e+01	1.479996e+02	7.035757e+16
3513	3.603027e+15	9.484053e+01	1.444170e+02	7.029449e+16
3514	3.603251e+15	9.761810e+01	1.474302e+02	5.410685e+16
3515	3.603473e+15	1.030390e+02	1.459063e+02	5.641795e+16
3516	3.603692e+15	1.161104e+02	1.479899e+02	7.806054e+16
3517	3.603908e+15	1.261450e+02	1.522201e+02	5.468465e+16
3518	3.604117e+15	1.345554e+02	1.669948e+02	8.556490e+16
3519	3.604310e+15	1.075108e+02	1.360760e+02	5.155654e+16
3520	3.604517e+15	1.128539e+02	1.530951e+02	7.480069e+16
3521	3.604723e+15	1.152540e+02	1.524068e+02	6.557805e+16
3522	3.604927e+15	1.138626e+02	1.494954e+02	4.375022e+16
3523	3.605131e+15	1.129496e+02	1.499736e+02	4.066328e+16
3524	3.605335e+15	1.126015e+02	1.456876e+02	6.280520e+16
3525	3.605538e+15	1.181787e+02	1.433543e+02	4.256744e+16
3526	3.605740e+15	1.243950e+02	1.466464e+02	5.554563e+16
3527	3.605942e+15	1.215224e+02	1.434877e+02	5.143127e+16
3528	3.606147e+15	1.119313e+02	1.407943e+02	7.767168e+16
3529	3.606355e+15	1.103949e+02	1.405482e+02	5.468464e+16
3530	3.606561e+15	1.087062e+02	1.413315e+02	4.723923e+16
3531	3.606769e+15	1.123539e+02	1.415543e+02	7.775743e+16
3532	3.606979e+15	1.142498e+02	1.424018e+02	4.598872e+16
3533	3.607187e+15	1.179455e+02	1.416061e+02	4.469639e+16
3534	3.607394e+15	1.121803e+02	1.416199e+02	6.803019e+16
3535	3.607603e+15	1.063453e+02	1.423463e+02	5.982121e+16
3536	3.607811e+15	1.018798e+02	1.356387e+02	6.663109e+16
3537	3.608026e+15	1.161687e+02	1.419680e+02	6.212313e+16
3538	3.608242e+15	1.228069e+02	1.432025e+02	5.873982e+16
3539	3.608457e+15	1.125907e+02	1.403374e+02	3.385995e+16
3540	3.608673e+15	1.130590e+02	1.438825e+02	6.294056e+16
3541	3.608883e+15	1.093890e+02	1.441021e+02	5.296610e+16
3542	3.609086e+15	1.115928e+02	1.432100e+02	5.446692e+16
3543	3.609286e+15	1.063223e+02	1.408672e+02	4.358724e+16
3544	3.609486e+15	1.044524e+02	1.473838e+02	5.029977e+16
3545	3.609681e+15	9.686299e+01	1.425391e+02	3.656562e+16
3546	3.609878e+15	9.650995e+01	1.361018e+02	4.238454e+16
3547	3.610078e+15	9.594550e+01	1.268116e+02	3.541495e+16
3548	3.610281e+15	1.022508e+02	1.235095e+02	3.476585e+16
3549	3.610485e+15	1.119179e+02	1.230210e+02	3.066616e+16
3550	3.610685e+15	1.175987e+02	1.222103e+02	2.296888e+16
3551	3.610885e+15	1.180243e+02	1.241666e+02	5.809338e+16
3552	3.611081e+15	1.119954e+02	1.217617e+02	5.780130e+16
3553	3.611278e+15	1.108375e+02	1.212837e+02	5.747441e+16
3554	3.611475e+15	1.132036e+02	1.182513e+02	4.862804e+16
3555	3.611675e+15	1.188642e+02	1.226850e+02	4.187696e+16
3556	3.611871e+15	1.194296e+02	1.108630e+02	3.310979e+16
3557	3.612076e+15	1.289242e+02	1.235180e+02	4.102282e+16
3558	3.612277e+15	1.175382e+02	1.120634e+02	5.626808e+16
3559	3.612486e+15	1.206937e+02	1.156070e+02	2.879282e+16
3560	3.612696e+15	1.078328e+02	1.119333e+02	3.725213e+16
3561	3.612912e+15	1.034572e+02	1.185965e+02	4.636671e+16
3562	3.613127e+15	1.047470e+02	1.206689e+02	5.955354e+16
3563	3.613339e+15	1.029449e+02	1.196769e+02	4.914737e+16
3564	3.613549e+15	9.945760e+01	1.213594e+02	4.335704e+16
3565	3.613755e+15	9.152929e+01	1.163076e+02	4.234250e+16
3566	3.613963e+15	9.888267e+01	1.185691e+02	5.494742e+16
3567	3.614169e+15	1.052903e+02	1.198127e+02	3.963435e+16
3568	3.614373e+15	1.058506e+02	1.203515e+02	4.256584e+16
3569	3.614575e+15	1.050511e+02	1.238670e+02	5.010676e+16
3570	3.614778e+15	1.062964e+02	1.249443e+02	5.734741e+16
3571	3.614979e+15	1.090149e+02	1.244541e+02	4.405738e+16
3572	3.615178e+15	1.108985e+02	1.264851e+02	4.326473e+16
3573	3.615376e+15	1.067636e+02	1.140074e+02	2.508079e+16
3574	3.615580e+15	9.883784e+01	1.084685e+02	3.568882e+16
3575	3.615795e+15	1.001190e+02	1.213118e+02	4.071323e+16
3576	3.616005e+15	9.515490e+01	1.145717e+02	4.003313e+16
3577	3.616217e+15	1.045240e+02	1.225249e+02	5.736685e+16
3578	3.616423e+15	1.123778e+02	1.149844e+02	5.061584e+16
3579	3.616636e+15	1.217158e+02	1.255991e+02	9.020823e+16
3580	3.616844e+15	1.111640e+02	1.214527e+02	5.188686e+16
3581	3.617054e+15	1.016483e+02	1.267727e+02	4.531166e+16
3582	3.617260e+15	8.486463e+01	1.236653e+02	6.726170e+16
3583	3.617467e+15	7.940133e+01	1.275778e+02	5.933793e+16
3584	3.617672e+15	7.977020e+01	1.222584e+02	4.588241e+16
3585	3.617879e+15	9.148170e+01	1.276884e+02	4.435928e+16
3586	3.618082e+15	9.846645e+01	1.269641e+02	3.385672e+16
3587	3.618283e+15	9.783216e+01	1.212686e+02	4.663121e+16
3588	3.618488e+15	1.079558e+02	1.257882e+02	5.308006e+16
3589	3.618696e+15	1.164060e+02	1.326975e+02	6.612607e+16
3590	3.618901e+15	1.127950e+02	1.298209e+02	6.117942e+16
3591	3.619107e+15	1.155987e+02	1.323762e+02	3.899435e+16
3592	3.619309e+15	1.099287e+02	1.305282e+02	5.614512e+16
3593	3.619509e+15	1.016660e+02	1.326003e+02	6.708736e+16
3594	3.619705e+15	1.038808e+02	1.338032e+02	7.002716e+16
3595	3.619896e+15	1.069458e+02	1.319511e+02	3.789076e+16
3596	3.620085e+15	1.156146e+02	1.377654e+02	3.054885e+16
3597	3.620270e+15	1.219719e+02	1.338744e+02	6.129019e+16
3598	3.620457e+15	1.249154e+02	1.316158e+02	4.860395e+16
3599	3.620640e+15	1.256089e+02	1.276351e+02	3.895091e+16
3600	3.620825e+15	1.404306e+02	1.311737e+02	4.231067e+16
3601	3.621005e+15	1.395796e+02	1.223639e+02	5.505783e+16
3602	3.621191e+15	1.459872e+02	1.256679e+02	3.969457e+16
3603	3.621375e+15	1.261899e+02	1.212633e+02	5.836786e+16
3604	3.621565e+15	1.113749e+02	1.173419e+02	5.728921e+16
3605	3.621766e+15	1.206831e+02	1.358340e+02	4.169602e+16
3606	3.621959e+15	1.261150e+02	1.231789e+02	2.806895e+16
3607	3.622154e+15	1.150095e+02	1.271714e+02	4.288382e+16
3608	3.622350e+15	9.820480e+01	1.302328e+02	3.359243e+16
3609	3.622544e+15	8.914060e+01	1.276327e+02	4.485366e+16
3610	3.622739e+15	9.744863e+01	1.299862e+02	4.588842e+16
3611	3.622931e+15	9.655751e+01	1.256536e+02	5.562479e+16
3612	3.623125e+15	9.591757e+01	1.248048e+02	4.521240e+16
3613	3.623320e+15	1.021362e+02	1.271835e+02	3.349330e+16
3614	3.623514e+15	1.129549e+02	1.250584e+02	3.733831e+16
3615	3.623708e+15	1.356909e+02	1.270397e+02	3.173165e+16
3616	3.623895e+15	1.356068e+02	1.205514e+02	4.149314e+16
3617	3.624084e+15	1.328807e+02	1.238371e+02	5.919404e+16
3618	3.624272e+15	1.241921e+02	1.202752e+02	4.164222e+16
3619	3.624460e+15	1.177810e+02	1.267014e+02	5.334743e+16
3620	3.624644e+15	1.156801e+02	1.270362e+02	5.519731e+16
3621	3.624828e+15	1.149918e+02	1.257082e+02	5.321221e+16
3622	3.625014e+15	1.140565e+02	1.273249e+02	4.207072e+16
3623	3.625202e+15	1.177860e+02	1.238683e+02	4.765888e+16
3624	3.625393e+15	1.136736e+02	1.210610e+02	3.819340e+16
3625	3.625588e+15	1.141278e+02	1.219313e+02	3.901063e+16
3626	3.625786e+15	1.151674e+02	1.191307e+02	4.575370e+16
3627	3.625989e+15	1.132886e+02	1.172947e+02	5.363635e+16
3628	3.626195e+15	1.125036e+02	1.180489e+02	2.683338e+16
3629	3.626400e+15	1.041072e+02	1.118992e+02	5.261411e+16
3630	3.626612e+15	1.085494e+02	1.187404e+02	5.388256e+16
3631	3.626820e+15	1.088471e+02	1.135062e+02	6.536990e+16
3632	3.627030e+15	1.100446e+02	1.174559e+02	6.419618e+16
3633	3.627238e+15	9.835336e+01	1.142787e+02	4.571600e+16
3634	3.627448e+15	9.106139e+01	1.153649e+02	4.497829e+16
3635	3.627662e+15	9.384808e+01	1.166590e+02	5.247399e+16
3636	3.627878e+15	9.964019e+01	1.133872e+02	6.716870e+16
3637	3.628103e+15	1.137001e+02	1.218668e+02	6.948811e+16
3638	3.628327e+15	1.164990e+02	1.198189e+02	4.554759e+16
3639	3.628551e+15	1.159446e+02	1.212677e+02	5.547575e+16
3640	3.628777e+15	1.108801e+02	1.218369e+02	4.181494e+16
3641	3.629006e+15	1.021508e+02	1.225616e+02	7.173232e+16
3642	3.629234e+15	9.875651e+01	1.253246e+02	6.630082e+16
3643	3.629455e+15	9.427415e+01	1.269201e+02	6.349952e+16
3644	3.629673e+15	9.790743e+01	1.303076e+02	5.800587e+16
3645	3.629889e+15	1.008662e+02	1.293776e+02	5.953046e+16
3646	3.630101e+15	1.006848e+02	1.266376e+02	3.459670e+16
3647	3.630311e+15	1.010514e+02	1.300070e+02	4.098563e+16
3648	3.630517e+15	9.896071e+01	1.280733e+02	6.974379e+16
3649	3.630724e+15	9.973324e+01	1.329764e+02	7.487764e+16
3650	3.630928e+15	9.545130e+01	1.276218e+02	7.516653e+16
3651	3.631138e+15	1.035575e+02	1.284146e+02	6.457328e+16
3652	3.631344e+15	1.026931e+02	1.294731e+02	5.783089e+16
3653	3.631556e+15	1.077302e+02	1.326929e+02	3.997642e+16
3654	3.631765e+15	1.101059e+02	1.289420e+02	4.055555e+16
3655	3.631976e+15	1.141822e+02	1.323212e+02	6.524680e+16
3656	3.632185e+15	1.138619e+02	1.265035e+02	4.069768e+16
3657	3.632396e+15	1.148679e+02	1.316218e+02	4.130625e+16
3658	3.632601e+15	1.064258e+02	1.272965e+02	5.323377e+16
3659	3.632807e+15	1.058451e+02	1.296663e+02	5.890781e+16
3660	3.633009e+15	1.064293e+02	1.263643e+02	5.965279e+16
3661	3.633208e+15	1.164239e+02	1.260866e+02	3.071583e+16
3662	3.633405e+15	1.186872e+02	1.290918e+02	7.747718e+16
3663	3.633599e+15	1.138959e+02	1.267831e+02	3.061634e+16
3664	3.633792e+15	1.225996e+02	1.315614e+02	6.143134e+16
3665	3.633981e+15	1.173339e+02	1.275848e+02	4.687669e+16
3666	3.634175e+15	1.199321e+02	1.304722e+02	4.427522e+16
3667	3.634373e+15	1.168951e+02	1.302394e+02	7.678896e+16
3668	3.634574e+15	1.174913e+02	1.347160e+02	5.543537e+16
3669	3.634776e+15	1.168842e+02	1.304024e+02	3.458589e+16
3670	3.634984e+15	1.212751e+02	1.342841e+02	7.434956e+16
3671	3.635193e+15	1.239099e+02	1.351996e+02	6.908103e+16
3672	3.635399e+15	1.233531e+02	1.309474e+02	6.422897e+16
3673	3.635604e+15	1.228146e+02	1.231239e+02	5.005511e+16
3674	3.635817e+15	1.234161e+02	1.305614e+02	5.918053e+16
3675	3.636025e+15	1.211052e+02	1.276870e+02	4.473656e+16
3676	3.636231e+15	1.225328e+02	1.298860e+02	3.796805e+16
3677	3.636430e+15	1.199261e+02	1.250259e+02	4.360501e+16
3678	3.636631e+15	1.223413e+02	1.278305e+02	4.648192e+16
3679	3.636833e+15	1.284357e+02	1.314890e+02	5.873019e+16
3680	3.637033e+15	1.276603e+02	1.282876e+02	7.652456e+16
3681	3.637233e+15	1.335415e+02	1.347763e+02	4.851306e+16
3682	3.637427e+15	1.244237e+02	1.277493e+02	5.547543e+16
3683	3.637629e+15	1.383848e+02	1.414137e+02	5.003810e+16
3684	3.637824e+15	1.286485e+02	1.345470e+02	6.483877e+16
3685	3.638023e+15	1.281842e+02	1.462322e+02	4.825161e+16
3686	3.638218e+15	1.120445e+02	1.303700e+02	6.001581e+16
3687	3.638424e+15	1.149519e+02	1.491674e+02	7.156445e+16
3688	3.638626e+15	1.018098e+02	1.488752e+02	6.019741e+16
3689	3.638823e+15	9.582952e+01	1.393663e+02	5.138500e+16
3690	3.639027e+15	1.054683e+02	1.496225e+02	8.036420e+16
3691	3.639224e+15	1.058281e+02	1.400940e+02	5.714703e+16
3692	3.639424e+15	1.148072e+02	1.420265e+02	4.688435e+16
3693	3.639622e+15	1.290180e+02	1.395584e+02	3.941182e+16
3694	3.639821e+15	1.314183e+02	1.423485e+02	6.706599e+16
3695	3.640021e+15	1.274919e+02	1.466340e+02	5.657694e+16
3696	3.640216e+15	1.178454e+02	1.466713e+02	5.080371e+16
3697	3.640407e+15	1.189184e+02	1.472676e+02	5.531858e+16
3698	3.640595e+15	1.224137e+02	1.468525e+02	6.364403e+16
3699	3.640782e+15	1.302280e+02	1.516090e+02	5.547452e+16
3700	3.640961e+15	1.235085e+02	1.392399e+02	3.724473e+16
3701	3.641141e+15	1.283093e+02	1.402970e+02	3.969999e+16
3702	3.641318e+15	1.271445e+02	1.387108e+02	5.464491e+16
3703	3.641495e+15	1.322139e+02	1.408564e+02	4.373931e+16
3704	3.641671e+15	1.333251e+02	1.297257e+02	5.930744e+16
3705	3.641852e+15	1.410077e+02	1.337660e+02	5.691574e+16
3706	3.642033e+15	1.502267e+02	1.352110e+02	4.217902e+16
3707	3.642211e+15	1.618617e+02	1.310299e+02	7.352082e+16
3708	3.642391e+15	1.543949e+02	1.298691e+02	5.760155e+16
3709	3.642570e+15	1.372500e+02	1.260418e+02	5.086343e+16
3710	3.642749e+15	1.289293e+02	1.267018e+02	4.064788e+16
3711	3.642926e+15	1.246243e+02	1.304865e+02	5.021892e+16
3712	3.643100e+15	1.189120e+02	1.288634e+02	6.320171e+16
3713	3.643277e+15	1.365110e+02	1.404577e+02	8.681168e+16
3714	3.643451e+15	1.456722e+02	1.314234e+02	5.883373e+16
3715	3.643628e+15	1.384283e+02	1.310420e+02	6.596485e+16
3716	3.643809e+15	1.255119e+02	1.360148e+02	3.794045e+16
3717	3.643991e+15	1.196089e+02	1.370288e+02	5.418613e+16
3718	3.644173e+15	1.216262e+02	1.379632e+02	7.851230e+16
3719	3.644358e+15	1.238661e+02	1.453137e+02	6.403773e+16
3720	3.644541e+15	1.220497e+02	1.444641e+02	7.211400e+16
3721	3.644726e+15	1.203304e+02	1.307363e+02	6.669699e+16
3722	3.644924e+15	1.398050e+02	1.558921e+02	5.543915e+16
3723	3.645113e+15	1.370179e+02	1.440793e+02	4.259824e+16
3724	3.645304e+15	1.278329e+02	1.384573e+02	3.159906e+16
3725	3.645506e+15	1.247502e+02	1.539198e+02	6.989288e+16
3726	3.645704e+15	1.110090e+02	1.522298e+02	6.962808e+16
3727	3.645901e+15	1.178216e+02	1.563943e+02	7.538472e+16
3728	3.646096e+15	1.172631e+02	1.431490e+02	3.625118e+16
3729	3.646296e+15	1.246255e+02	1.472165e+02	4.900194e+16
3730	3.646493e+15	1.243324e+02	1.447035e+02	5.414206e+16
3731	3.646686e+15	1.237934e+02	1.410067e+02	4.169812e+16
3732	3.646878e+15	1.195894e+02	1.450493e+02	5.591470e+16
3733	3.647067e+15	1.127253e+02	1.415930e+02	5.406493e+16
3734	3.647259e+15	1.109748e+02	1.474923e+02	4.536207e+16
3735	3.647446e+15	1.100002e+02	1.387746e+02	7.220425e+16
3736	3.647637e+15	1.263599e+02	1.449684e+02	4.514012e+16
3737	3.647821e+15	1.261883e+02	1.334949e+02	2.453053e+16
3738	3.648007e+15	1.323087e+02	1.404925e+02	4.818781e+16
3739	3.648189e+15	1.425728e+02	1.353136e+02	8.659824e+16
3740	3.648372e+15	1.505153e+02	1.340988e+02	5.364612e+16
3741	3.648555e+15	1.389537e+02	1.301349e+02	5.131683e+16
3742	3.648739e+15	1.319978e+02	1.312615e+02	4.917350e+16
3743	3.648922e+15	1.372378e+02	1.319424e+02	4.996705e+16
3744	3.649106e+15	1.530513e+02	1.373423e+02	6.455442e+16
3745	3.649288e+15	1.462465e+02	1.362034e+02	6.343522e+16
3746	3.649469e+15	1.414005e+02	1.350418e+02	6.592377e+16
3747	3.649656e+15	1.531739e+02	1.488224e+02	7.062676e+16
3748	3.649837e+15	1.358393e+02	1.374975e+02	3.886025e+16
3749	3.650026e+15	1.378553e+02	1.466365e+02	5.549640e+16
3750	3.650211e+15	1.333713e+02	1.466316e+02	5.172590e+16
3751	3.650395e+15	1.167647e+02	1.432638e+02	5.294468e+16
3752	3.650579e+15	1.129932e+02	1.461272e+02	4.929594e+16
3753	3.650761e+15	9.751096e+01	1.408390e+02	5.241960e+16
3754	3.650948e+15	8.958631e+01	1.443977e+02	4.490382e+16
3755	3.651134e+15	1.077550e+02	1.764295e+02	6.394466e+16
3756	3.651290e+15	1.040571e+02	1.538749e+02	4.820029e+16
3757	3.651441e+15	1.156298e+02	1.512267e+02	5.882868e+16
3758	3.651589e+15	1.280777e+02	1.510472e+02	4.678192e+16
3759	3.651732e+15	1.428047e+02	1.536028e+02	3.194993e+16
3760	3.651871e+15	1.441669e+02	1.475626e+02	3.944156e+16
3761	3.652013e+15	1.519502e+02	1.435508e+02	4.738098e+16
3762	3.652157e+15	1.415272e+02	1.374238e+02	2.176613e+16
3763	3.652307e+15	1.427661e+02	1.465775e+02	5.830340e+16
3764	3.652454e+15	1.302555e+02	1.343462e+02	4.453112e+16
3765	3.652611e+15	1.451858e+02	1.462757e+02	5.551543e+16
3766	3.652767e+15	1.474526e+02	1.323044e+02	5.093931e+16
3767	3.652936e+15	1.556589e+02	1.369742e+02	5.660595e+16
3768	3.653111e+15	1.315868e+02	1.311833e+02	4.866112e+16
3769	3.653298e+15	1.281763e+02	1.532845e+02	3.798250e+16
3770	3.653467e+15	8.276504e+01	1.016581e+02	2.716886e+16
3771	3.653669e+15	9.470780e+01	1.235937e+02	5.045169e+16
3772	3.653877e+15	9.651556e+01	1.320518e+02	5.058718e+16
3773	3.654080e+15	8.790399e+01	1.281627e+02	7.963499e+16
3774	3.654286e+15	9.648923e+01	1.311530e+02	8.030161e+16
3775	3.654493e+15	1.097128e+02	1.449371e+02	7.945665e+16
3776	3.654691e+15	1.040965e+02	1.403736e+02	9.652475e+16
3777	3.654890e+15	9.759924e+01	1.437656e+02	5.817253e+16
3778	3.655087e+15	1.261202e+02	2.040359e+02	5.809748e+16
3779	3.655231e+15	8.837580e+01	1.311432e+02	3.242867e+16
3780	3.655383e+15	1.134800e+02	1.398473e+02	3.432202e+16
3781	3.655531e+15	1.289182e+02	1.233483e+02	3.246300e+16
3782	3.655691e+15	1.360871e+02	1.392350e+02	3.270400e+16
3783	3.655851e+15	1.059726e+02	1.290049e+02	6.999560e+16
3784	3.656019e+15	1.005076e+02	1.309504e+02	4.000125e+16
3785	3.656195e+15	9.241862e+01	1.252388e+02	6.310040e+16
3786	3.656383e+15	1.063457e+02	1.293661e+02	4.509154e+16
3787	3.656580e+15	1.098861e+02	1.398844e+02	5.882037e+16
3788	3.656773e+15	9.717480e+01	1.410299e+02	3.593589e+16
3789	3.656963e+15	9.232095e+01	1.465849e+02	7.454627e+16
3790	3.657146e+15	1.047046e+02	1.495679e+02	5.694250e+16
3791	3.657321e+15	1.141807e+02	1.471995e+02	5.028770e+16
3792	3.657489e+15	1.126007e+02	1.454524e+02	5.200057e+16
3793	3.657649e+15	1.082167e+02	1.420826e+02	4.250303e+16
3794	3.657805e+15	1.192154e+02	1.368501e+02	2.142301e+16
3795	3.657956e+15	1.191536e+02	1.357708e+02	1.963596e+16
3796	3.658100e+15	1.170043e+02	1.298503e+02	2.879757e+16
3797	3.658241e+15	1.223480e+02	1.268015e+02	2.600447e+16
3798	3.658380e+15	1.248219e+02	1.287591e+02	5.262675e+16
3799	3.658514e+15	1.356403e+02	1.265877e+02	5.243257e+16
3800	3.658647e+15	1.571896e+02	1.247901e+02	3.254781e+16
3801	3.658779e+15	1.664433e+02	1.274058e+02	4.740756e+16
3802	3.658908e+15	1.632645e+02	1.226348e+02	2.819793e+16
3803	3.659038e+15	1.697606e+02	1.220897e+02	3.933650e+16
3804	3.659169e+15	1.773616e+02	1.231752e+02	2.567631e+16
3805	3.659302e+15	1.813737e+02	1.235631e+02	6.557764e+16
3806	3.659437e+15	1.905118e+02	1.229292e+02	4.179591e+16
3807	3.659577e+15	1.837671e+02	1.222292e+02	3.202067e+16
3808	3.659723e+15	1.650437e+02	1.239314e+02	3.936819e+16
3809	3.659876e+15	1.367658e+02	1.205747e+02	5.771459e+16
3810	3.660039e+15	1.220721e+02	1.189750e+02	3.595727e+16
3811	3.660216e+15	1.047615e+02	1.174426e+02	6.135580e+16
3812	3.660407e+15	1.002021e+02	1.245110e+02	7.420949e+16
3813	3.660607e+15	1.014647e+02	1.290245e+02	7.174575e+16
3814	3.660811e+15	1.056956e+02	1.328044e+02	3.697348e+16
3815	3.661015e+15	1.062628e+02	1.313507e+02	7.481582e+16
3816	3.661221e+15	1.113244e+02	1.366059e+02	5.643282e+16
3817	3.661428e+15	1.134755e+02	1.364827e+02	7.454151e+16
3818	3.661635e+15	1.197642e+02	1.379258e+02	4.378245e+16
3819	3.661839e+15	1.258561e+02	1.391945e+02	7.303359e+16
3820	3.662039e+15	1.250217e+02	1.358654e+02	5.804272e+16
3821	3.662240e+15	1.251837e+02	1.376242e+02	5.730070e+16
3822	3.662436e+15	1.255917e+02	1.379642e+02	4.966387e+16
3823	3.662626e+15	1.310472e+02	1.368588e+02	4.876580e+16
3824	3.662812e+15	1.294274e+02	1.364168e+02	5.635798e+16
3825	3.662997e+15	1.271367e+02	1.358907e+02	3.879237e+16
3826	3.663179e+15	1.216170e+02	1.305532e+02	4.223353e+16
3827	3.663362e+15	1.293040e+02	1.288974e+02	2.849776e+16
3828	3.663546e+15	1.396343e+02	1.296324e+02	3.997405e+16
3829	3.663727e+15	1.438421e+02	1.242291e+02	5.534930e+16
3830	3.663911e+15	1.542278e+02	1.253274e+02	4.079014e+16
3831	3.664092e+15	1.539945e+02	1.212963e+02	4.388759e+16
3832	3.664272e+15	1.509881e+02	1.161179e+02	3.587741e+16
3833	3.664452e+15	1.486096e+02	1.171274e+02	3.779408e+16
3834	3.664631e+15	1.554247e+02	1.165683e+02	4.783528e+16
3835	3.664808e+15	1.498611e+02	1.117718e+02	4.688339e+16
3836	3.664989e+15	1.439524e+02	1.156923e+02	3.988679e+16
3837	3.665170e+15	1.351581e+02	1.167952e+02	4.890512e+16
3838	3.665351e+15	1.373881e+02	1.209756e+02	6.933992e+16
3839	3.665528e+15	1.274520e+02	1.189345e+02	8.001559e+16
3840	3.665702e+15	1.227017e+02	1.134645e+02	5.562283e+16
3841	3.665878e+15	1.235427e+02	1.186789e+02	4.563531e+16
3842	3.666052e+15	1.187643e+02	1.167503e+02	4.636967e+16
3843	3.666228e+15	1.211097e+02	1.197956e+02	4.805604e+16
3844	3.666403e+15	1.135349e+02	1.133220e+02	2.576153e+16
3845	3.666588e+15	1.336678e+02	1.220921e+02	4.799502e+16
3846	3.666772e+15	1.343411e+02	1.163385e+02	5.500943e+16
3847	3.666962e+15	1.332354e+02	1.225669e+02	4.173352e+16
3848	3.667153e+15	1.249441e+02	1.244294e+02	4.003034e+16
3849	3.667344e+15	1.171228e+02	1.229652e+02	4.145953e+16
3850	3.667533e+15	1.163443e+02	1.228444e+02	3.782344e+16
3851	3.667722e+15	1.240874e+02	1.243306e+02	5.109401e+16
3852	3.667909e+15	1.187656e+02	1.173636e+02	5.839890e+16
3853	3.668102e+15	1.230932e+02	1.255465e+02	7.003587e+16
3854	3.668291e+15	1.330786e+02	1.241815e+02	5.489086e+16
3855	3.668479e+15	1.404818e+02	1.253494e+02	6.408730e+16
3856	3.668665e+15	1.320022e+02	1.255792e+02	5.460239e+16
3857	3.668851e+15	1.166933e+02	1.258339e+02	5.441402e+16
3858	3.669038e+15	1.140564e+02	1.269390e+02	7.356795e+16
3859	3.669226e+15	1.074527e+02	1.268378e+02	4.177669e+16
3860	3.669419e+15	9.701644e+01	1.296851e+02	4.547464e+16
3861	3.669619e+15	9.379464e+01	1.271727e+02	6.712651e+16
3862	3.669831e+15	9.802322e+01	1.389100e+02	7.974391e+16
3863	3.670046e+15	9.301669e+01	1.409516e+02	6.600272e+16
3864	3.670263e+15	9.337595e+01	1.356828e+02	7.942597e+16
3865	3.670489e+15	1.032636e+02	1.377256e+02	6.227011e+16
3866	3.670716e+15	9.385393e+01	1.282919e+02	5.771315e+16
3867	3.670964e+15	1.075681e+02	1.510424e+02	7.462500e+16
3868	3.671202e+15	1.145555e+02	1.425155e+02	8.020165e+16
3869	3.671441e+15	1.173854e+02	1.414349e+02	7.036500e+16
3870	3.671677e+15	1.040215e+02	1.439091e+02	7.716072e+16
3871	3.671907e+15	9.205897e+01	1.414546e+02	5.222067e+16
3872	3.672135e+15	8.543253e+01	1.379504e+02	4.912873e+16
3873	3.672363e+15	8.290406e+01	1.413655e+02	5.487530e+16
3874	3.672586e+15	8.081799e+01	1.364195e+02	8.081430e+16
3875	3.672810e+15	8.863302e+01	1.347531e+02	4.554236e+16
3876	3.673035e+15	9.925585e+01	1.322651e+02	5.169236e+16
3877	3.673258e+15	1.032310e+02	1.363389e+02	6.081251e+16
3878	3.673475e+15	9.350369e+01	1.373774e+02	6.820748e+16
3879	3.673686e+15	8.333437e+01	1.301574e+02	6.922311e+16
3880	3.673896e+15	8.822949e+01	1.345813e+02	6.133502e+16
3881	3.674102e+15	8.838340e+01	1.298607e+02	4.554716e+16
3882	3.674303e+15	9.240665e+01	1.279361e+02	3.582368e+16
3883	3.674499e+15	9.488732e+01	1.234684e+02	3.350147e+16
3884	3.674696e+15	1.030573e+02	1.308939e+02	7.204434e+16
3885	3.674885e+15	1.057774e+02	1.284254e+02	6.610527e+16
3886	3.675072e+15	1.134713e+02	1.271157e+02	7.182746e+16
3887	3.675265e+15	1.226456e+02	1.269502e+02	5.200288e+16
3888	3.675462e+15	1.320776e+02	1.375909e+02	6.320397e+16
3889	3.675650e+15	1.322239e+02	1.327599e+02	7.634017e+16
3890	3.675840e+15	1.330359e+02	1.287827e+02	5.540116e+16
3891	3.676034e+15	1.307139e+02	1.292019e+02	6.655818e+16
3892	3.676229e+15	1.144686e+02	1.216465e+02	4.083932e+16
3893	3.676431e+15	1.133925e+02	1.179404e+02	4.827261e+16
3894	3.676642e+15	1.157561e+02	1.276171e+02	3.767330e+16
3895	3.676852e+15	1.032976e+02	1.236350e+02	4.699230e+16
3896	3.677067e+15	9.361634e+01	1.322108e+02	5.280868e+16
3897	3.677281e+15	8.933374e+01	1.228130e+02	5.726849e+16
3898	3.677501e+15	9.600782e+01	1.277702e+02	5.751707e+16
3899	3.677718e+15	8.400796e+01	1.110301e+02	3.920269e+16
3900	3.677942e+15	9.434924e+01	1.190747e+02	6.664650e+16
3901	3.678161e+15	1.083962e+02	1.205516e+02	6.591315e+16
3902	3.678375e+15	1.098365e+02	1.122098e+02	3.904865e+16
3903	3.678590e+15	1.044212e+02	1.162658e+02	4.062635e+16
3904	3.678800e+15	8.934387e+01	1.099611e+02	5.726109e+16
3905	3.679013e+15	9.291934e+01	1.150470e+02	5.747560e+16
3906	3.679219e+15	9.481518e+01	1.049978e+02	6.778420e+16
3907	3.679435e+15	1.124539e+02	1.199918e+02	6.421454e+16
3908	3.679644e+15	1.062609e+02	1.141755e+02	9.960068e+16
3909	3.679858e+15	1.092187e+02	1.227644e+02	7.101756e+16
3910	3.680069e+15	1.116856e+02	1.190351e+02	7.537019e+16
3911	3.680283e+15	1.109459e+02	1.232251e+02	6.470021e+16
3912	3.680497e+15	1.026330e+02	1.274536e+02	6.991101e+16
3913	3.680710e+15	9.673488e+01	1.283797e+02	6.729768e+16
3914	3.680921e+15	9.605062e+01	1.239294e+02	4.973666e+16
3915	3.681138e+15	9.855730e+01	1.223742e+02	6.617436e+16
3916	3.681364e+15	9.319220e+01	1.281916e+02	7.595413e+16
3917	3.681590e+15	9.159336e+01	1.290649e+02	4.402522e+16
3918	3.681814e+15	9.521779e+01	1.293312e+02	7.543966e+16
3919	3.682037e+15	1.034812e+02	1.318245e+02	6.134243e+16
3920	3.682255e+15	1.025682e+02	1.273816e+02	6.781674e+16
3921	3.682474e+15	1.029931e+02	1.306325e+02	4.410111e+16
3922	3.682684e+15	8.916853e+01	1.207262e+02	5.997349e+16
3923	3.682899e+15	9.452367e+01	1.281932e+02	4.714631e+16
3924	3.683107e+15	9.232414e+01	1.209205e+02	2.514791e+16
3925	3.683316e+15	9.859104e+01	1.232690e+02	4.548222e+16
3926	3.683523e+15	1.069231e+02	1.209085e+02	4.528528e+16
3927	3.683728e+15	1.096516e+02	1.141275e+02	4.449569e+16
3928	3.683937e+15	1.042681e+02	1.156860e+02	3.680798e+16
3929	3.684145e+15	9.261473e+01	1.145825e+02	5.707570e+16
3930	3.684355e+15	9.341591e+01	1.138188e+02	4.387037e+16
3931	3.684562e+15	1.019177e+02	1.156929e+02	5.452511e+16
3932	3.684769e+15	1.014002e+02	1.118817e+02	5.039775e+16
3933	3.684975e+15	1.067450e+02	1.134265e+02	4.568276e+16
3934	3.685182e+15	1.123459e+02	1.134482e+02	5.919107e+16
3935	3.685389e+15	1.129009e+02	1.109874e+02	4.704817e+16
3936	3.685600e+15	1.130545e+02	1.117908e+02	7.566843e+16
3937	3.685815e+15	1.171451e+02	1.134708e+02	4.914454e+16
3938	3.686029e+15	1.254947e+02	1.136431e+02	5.538284e+16
3939	3.686246e+15	1.241975e+02	1.168656e+02	5.155887e+16
3940	3.686463e+15	1.191173e+02	1.195981e+02	4.966246e+16
3941	3.686675e+15	1.122876e+02	1.167090e+02	7.026739e+16
3942	3.686887e+15	1.053511e+02	1.168623e+02	4.033696e+16
3943	3.687099e+15	1.057084e+02	1.184141e+02	5.882044e+16
3944	3.687312e+15	1.042761e+02	1.172140e+02	5.465972e+16
3945	3.687529e+15	1.042530e+02	1.246564e+02	7.850897e+16
3946	3.687744e+15	1.013783e+02	1.248131e+02	6.466714e+16
3947	3.687961e+15	1.088045e+02	1.210107e+02	6.310685e+16
3948	3.688181e+15	1.121379e+02	1.205000e+02	6.468542e+16
3949	3.688403e+15	1.059451e+02	1.186147e+02	6.082222e+16
3950	3.688627e+15	1.015243e+02	1.095987e+02	6.277169e+16
3951	3.688864e+15	1.077727e+02	1.180190e+02	7.191896e+16
3952	3.689105e+15	1.105457e+02	1.265856e+02	7.559935e+16
3953	3.689343e+15	9.900836e+01	1.219529e+02	7.416919e+16
3954	3.689590e+15	1.130683e+02	1.341988e+02	6.614559e+16
3955	3.689828e+15	1.011157e+02	1.296128e+02	5.367504e+16
3956	3.690061e+15	1.008634e+02	1.327590e+02	7.009227e+16
3957	3.690287e+15	1.126309e+02	1.300586e+02	7.916905e+16
3958	3.690507e+15	1.111862e+02	1.261188e+02	6.928173e+16
3959	3.690727e+15	1.063687e+02	1.293853e+02	4.511028e+16
3960	3.690940e+15	9.942492e+01	1.223468e+02	4.935137e+16
3961	3.691155e+15	1.111310e+02	1.244447e+02	5.291696e+16
3962	3.691364e+15	1.182802e+02	1.208823e+02	5.107582e+16
3963	3.691570e+15	1.260936e+02	1.148041e+02	3.361758e+16
3964	3.691779e+15	1.393294e+02	1.168712e+02	6.179078e+16
3965	3.691984e+15	1.330891e+02	1.129232e+02	6.391731e+16
3966	3.692190e+15	1.289873e+02	1.106187e+02	6.328659e+16
3967	3.692396e+15	1.228757e+02	1.087558e+02	4.730438e+16
3968	3.692602e+15	1.235048e+02	1.064259e+02	3.420238e+16
3969	3.692809e+15	1.366716e+02	1.079088e+02	6.278670e+16
3970	3.693015e+15	1.259475e+02	1.101174e+02	6.363535e+16
3971	3.693220e+15	1.277846e+02	1.105174e+02	7.087372e+16
3972	3.693421e+15	1.216344e+02	1.000918e+02	7.305691e+16
3973	3.693626e+15	1.282340e+02	1.076469e+02	5.444174e+16
3974	3.693830e+15	1.258456e+02	1.128063e+02	4.249692e+16
3975	3.694030e+15	1.085934e+02	1.047165e+02	4.312099e+16
3976	3.694236e+15	1.133750e+02	1.113723e+02	5.907741e+16
3977	3.694445e+15	1.190432e+02	1.147408e+02	4.795524e+16
3978	3.694658e+15	1.282506e+02	1.155870e+02	4.531067e+16
3979	3.694875e+15	1.236080e+02	1.128623e+02	5.159561e+16
3980	3.695098e+15	1.256752e+02	1.155982e+02	5.239370e+16
3981	3.695324e+15	1.217142e+02	1.096969e+02	6.271794e+16
3982	3.695564e+15	1.248158e+02	1.160539e+02	6.740488e+16
3983	3.695815e+15	1.261621e+02	1.273564e+02	1.068381e+17
3984	3.696064e+15	1.128196e+02	1.281422e+02	6.629710e+16
3985	3.696307e+15	1.055034e+02	1.311548e+02	6.672322e+16
3986	3.696545e+15	1.039106e+02	1.293085e+02	7.506760e+16
3987	3.696778e+15	1.008859e+02	1.217475e+02	5.369850e+16
3988	3.697011e+15	1.062351e+02	1.225006e+02	6.474678e+16
3989	3.697242e+15	9.628882e+01	1.168792e+02	4.889731e+16
3990	3.697477e+15	9.981450e+01	1.187777e+02	5.367129e+16
3991	3.697709e+15	1.106849e+02	1.195698e+02	5.944529e+16
3992	3.697937e+15	1.169892e+02	1.126651e+02	7.603887e+16
3993	3.698172e+15	1.273255e+02	1.165693e+02	4.691360e+16
3994	3.698405e+15	1.274435e+02	1.161955e+02	7.454003e+16
3995	3.698634e+15	1.224544e+02	1.118080e+02	6.316755e+16
3996	3.698869e+15	1.217894e+02	1.154555e+02	6.435019e+16
3997	3.699101e+15	1.195378e+02	1.159439e+02	4.596461e+16
3998	3.699327e+15	1.123492e+02	1.114014e+02	3.707466e+16
3999	3.699554e+15	1.191810e+02	1.118816e+02	7.221010e+16
4000	3.699781e+15	1.197573e+02	1.154704e+02	6.562644e+16
4001	3.700005e+15	1.202878e+02	1.151131e+02	7.575051e+16
4002	3.700222e+15	1.171741e+02	1.128156e+02	4.672851e+16
4003	3.700440e+15	1.275639e+02	1.179627e+02	6.754420e+16
4004	3.700651e+15	1.254533e+02	1.119654e+02	5.711249e+16
4005	3.700859e+15	1.168292e+02	1.024227e+02	4.768257e+16
4006	3.701073e+15	1.172734e+02	1.028987e+02	5.192936e+16
4007	3.701289e+15	1.243804e+02	1.062773e+02	4.326002e+16
4008	3.701504e+15	1.353896e+02	1.081070e+02	6.322856e+16
4009	3.701714e+15	1.401808e+02	1.094034e+02	4.861052e+16
4010	3.701924e+15	1.353889e+02	1.108238e+02	7.048890e+16
4011	3.702134e+15	1.195634e+02	1.085840e+02	5.673850e+16
4012	3.702349e+15	1.183427e+02	1.094973e+02	8.282238e+16
4013	3.702565e+15	1.161566e+02	1.104894e+02	6.079975e+16
4014	3.702779e+15	1.167316e+02	1.049293e+02	6.609955e+16
4015	3.702997e+15	1.350454e+02	1.133145e+02	4.499750e+16
4016	3.703209e+15	1.252636e+02	1.015757e+02	4.324877e+16
4017	3.703431e+15	1.213262e+02	1.116123e+02	4.143658e+16
4018	3.703651e+15	1.088531e+02	1.077631e+02	6.644362e+16
4019	3.703874e+15	1.057107e+02	1.098086e+02	6.291070e+16
4020	3.704098e+15	1.314609e+02	1.196051e+02	7.269128e+16
4021	3.704308e+15	1.109426e+02	9.816950e+01	4.993876e+16
4022	3.704536e+15	1.060517e+02	1.039928e+02	7.139199e+16
4023	3.704774e+15	1.293876e+02	1.395030e+02	7.208087e+16
4024	3.704968e+15	7.591126e+01	8.477742e+01	4.051578e+16
4025	3.705201e+15	8.965447e+01	1.170428e+02	5.308867e+16
4026	3.705428e+15	8.003654e+01	1.095742e+02	7.530635e+16
4027	3.705662e+15	9.737266e+01	1.169491e+02	5.202334e+16
4028	3.705889e+15	1.166651e+02	1.108945e+02	7.068738e+16
4029	3.706119e+15	1.291445e+02	1.120661e+02	5.642658e+16
4030	3.706347e+15	1.133417e+02	1.100752e+02	6.915215e+16
4031	3.706579e+15	1.178398e+02	1.188504e+02	9.810719e+16
4032	3.706806e+15	1.221563e+02	1.169451e+02	6.193839e+16
4033	3.707030e+15	1.199501e+02	1.113792e+02	5.722844e+16
4034	3.707258e+15	1.224650e+02	1.138620e+02	4.696272e+16
4035	3.707480e+15	1.056853e+02	1.044444e+02	4.753005e+16
4036	3.707705e+15	1.139418e+02	1.072673e+02	5.132824e+16
4037	3.707930e+15	1.183872e+02	1.085189e+02	4.315093e+16
4038	3.708154e+15	1.227858e+02	1.120060e+02	5.633839e+16
4039	3.708368e+15	1.089913e+02	9.497487e+01	3.886540e+16
4040	3.708591e+15	1.111609e+02	1.003924e+02	5.948973e+16
4041	3.708814e+15	1.082724e+02	9.420212e+01	2.880251e+16
4042	3.709038e+15	1.080953e+02	9.391670e+01	3.790858e+16
4043	3.709263e+15	1.091345e+02	9.359407e+01	5.553147e+16
4044	3.709486e+15	1.053673e+02	9.238556e+01	3.678213e+16
4045	3.709708e+15	1.140912e+02	9.053124e+01	3.741702e+16
4046	3.709925e+15	1.203168e+02	9.099832e+01	7.569596e+16
4047	3.710142e+15	1.208244e+02	9.368675e+01	5.215808e+16
4048	3.710354e+15	1.142302e+02	9.245573e+01	6.798940e+16
4049	3.710567e+15	1.142219e+02	9.232362e+01	5.725297e+16
4050	3.710787e+15	1.087509e+02	9.520773e+01	5.660868e+16
4051	3.711008e+15	1.007534e+02	9.162792e+01	3.127183e+16
4052	3.711234e+15	1.106824e+02	9.873534e+01	4.695921e+16
4053	3.711459e+15	9.724250e+01	8.948450e+01	5.053911e+16
4054	3.711690e+15	9.573469e+01	9.032662e+01	4.370570e+16
4055	3.711928e+15	9.263733e+01	9.415591e+01	4.900692e+16
4056	3.712168e+15	9.349182e+01	9.991621e+01	5.100324e+16
4057	3.712402e+15	8.958263e+01	9.627926e+01	6.106485e+16
4058	3.712637e+15	8.687421e+01	1.029724e+02	5.950322e+16
4059	3.712866e+15	9.039714e+01	9.928835e+01	4.437156e+16
4060	3.713093e+15	1.007477e+02	1.005502e+02	5.716963e+16
4061	3.713316e+15	1.018053e+02	1.004439e+02	4.312773e+16
4062	3.713538e+15	1.038597e+02	1.004244e+02	6.230051e+16
4063	3.713768e+15	1.027924e+02	1.030398e+02	6.837754e+16
4064	3.714001e+15	1.104607e+02	1.062806e+02	8.479803e+16
4065	3.714230e+15	1.178727e+02	1.054196e+02	5.877092e+16
4066	3.714455e+15	1.219142e+02	1.023377e+02	5.476994e+16
4067	3.714683e+15	1.231986e+02	1.086926e+02	6.497263e+16
4068	3.714906e+15	1.172985e+02	9.912287e+01	5.033927e+16
4069	3.715137e+15	1.201695e+02	1.049471e+02	6.108173e+16
4070	3.715365e+15	1.079668e+02	9.443815e+01	7.646027e+16
4071	3.715602e+15	1.141063e+02	9.781603e+01	4.530845e+16
4072	3.715840e+15	1.213972e+02	1.000653e+02	6.501304e+16
4073	3.716071e+15	1.238967e+02	9.779995e+01	5.537142e+16
4074	3.716300e+15	1.179513e+02	9.743830e+01	4.537116e+16
4075	3.716523e+15	1.283310e+02	9.708847e+01	4.253236e+16
4076	3.716739e+15	1.383047e+02	9.647203e+01	4.526160e+16
4077	3.716952e+15	1.326069e+02	8.987036e+01	5.118398e+16
4078	3.717167e+15	1.362210e+02	8.812005e+01	6.097362e+16
4079	3.717379e+15	1.361674e+02	8.508670e+01	5.339215e+16
4080	3.717597e+15	1.378846e+02	9.023649e+01	4.763307e+16
4081	3.717810e+15	1.268118e+02	8.452538e+01	5.291694e+16
4082	3.718029e+15	1.295074e+02	8.612672e+01	3.191479e+16
4083	3.718251e+15	1.276683e+02	8.652432e+01	6.835386e+16
4084	3.718475e+15	1.250742e+02	8.532640e+01	4.112527e+16
4085	3.718704e+15	1.186983e+02	8.739558e+01	5.205598e+16
4086	3.718934e+15	1.120868e+02	8.556686e+01	5.351591e+16
4087	3.719169e+15	1.172685e+02	9.040870e+01	5.561930e+16
4088	3.719402e+15	1.110747e+02	8.582780e+01	3.541227e+16
4089	3.719639e+15	1.070663e+02	8.514104e+01	5.489337e+16
4090	3.719880e+15	1.248097e+02	9.605476e+01	4.142472e+16
4091	3.720108e+15	1.129424e+02	8.792982e+01	4.211582e+16
4092	3.720340e+15	1.041044e+02	9.239347e+01	6.199751e+16
4093	3.720569e+15	9.252825e+01	8.995600e+01	4.260373e+16
4094	3.720800e+15	9.073945e+01	8.907428e+01	3.327484e+16
4095	3.721035e+15	1.037925e+02	9.685263e+01	5.056741e+16
4096	3.721265e+15	1.006942e+02	9.066087e+01	3.691937e+16
4097	3.721504e+15	1.097969e+02	1.059218e+02	3.316415e+16
4098	3.721723e+15	1.077054e+02	1.121508e+02	6.164026e+16
4099	3.721915e+15	7.425063e+01	7.203510e+01	2.022457e+16
4100	3.722144e+15	7.935289e+01	7.662617e+01	3.945894e+16
4101	3.722405e+15	8.830062e+01	8.942523e+01	5.526857e+16
4102	3.722666e+15	8.597382e+01	8.711216e+01	4.577817e+16
4103	3.722929e+15	8.405224e+01	8.578486e+01	5.247965e+16
4104	3.723193e+15	8.632697e+01	8.511416e+01	4.560964e+16
4105	3.723456e+15	8.608695e+01	8.089712e+01	6.505831e+16
4106	3.723725e+15	8.576114e+01	8.099079e+01	6.739205e+16
4107	3.723996e+15	1.207693e+02	1.122709e+02	6.088920e+16
4108	3.724209e+15	8.072418e+01	6.991228e+01	4.348008e+16
4109	3.724455e+15	8.679152e+01	8.180068e+01	5.480603e+16
4110	3.724711e+15	9.798283e+01	9.358128e+01	5.267374e+16
4111	3.724952e+15	8.460442e+01	8.006263e+01	5.488125e+16
4112	3.725213e+15	9.353356e+01	8.645205e+01	5.933186e+16
4113	3.725474e+15	9.222149e+01	9.084276e+01	5.106506e+16
4114	3.725733e+15	8.993547e+01	9.151430e+01	4.777288e+16
4115	3.725992e+15	9.120664e+01	9.364741e+01	6.963806e+16
4116	3.726249e+15	9.019334e+01	9.465717e+01	6.778926e+16
4117	3.726506e+15	8.623912e+01	9.394380e+01	5.239209e+16
4118	3.726764e+15	8.603680e+01	9.649353e+01	5.912291e+16
4119	3.727017e+15	8.431609e+01	9.490238e+01	6.393813e+16
4120	3.727270e+15	8.988279e+01	9.641504e+01	4.356632e+16
4121	3.727519e+15	9.220661e+01	9.337033e+01	5.424583e+16
4122	3.727775e+15	1.019837e+02	9.667451e+01	5.265635e+16
4123	3.728021e+15	9.573796e+01	9.524334e+01	5.792304e+16
4124	3.728263e+15	8.778620e+01	9.475299e+01	3.862813e+16
4125	3.728502e+15	8.484108e+01	8.707167e+01	3.534643e+16
4126	3.728753e+15	9.555624e+01	9.528651e+01	4.011781e+16
4127	3.728993e+15	8.208393e+01	7.729652e+01	4.194042e+16
4128	3.729257e+15	7.793284e+01	8.538182e+01	2.420199e+16
4129	3.729524e+15	6.984960e+01	9.142196e+01	4.340767e+16
4130	3.729777e+15	6.436209e+01	9.617407e+01	4.866443e+16
4131	3.730004e+15	6.183564e+01	9.026556e+01	3.057995e+16
4132	3.730218e+15	7.369344e+01	8.724266e+01	4.969879e+16
4133	3.730427e+15	6.611591e+01	6.730042e+01	3.193226e+16
4134	3.730676e+15	9.869383e+01	1.023074e+02	4.547037e+16
4135	3.730887e+15	6.490163e+01	6.713677e+01	4.588511e+16
4136	3.731135e+15	8.273245e+01	8.731743e+01	4.442527e+16
4137	3.731374e+15	9.235562e+01	8.467890e+01	4.856708e+16
4138	3.731613e+15	9.730485e+01	9.143896e+01	3.272713e+16
4139	3.731842e+15	8.916706e+01	8.316657e+01	4.659027e+16
4140	3.732075e+15	1.009636e+02	9.135487e+01	4.865000e+16
4141	3.732301e+15	1.055913e+02	8.537298e+01	4.654671e+16
4142	3.732524e+15	1.113514e+02	8.758578e+01	5.640304e+16
4143	3.732742e+15	1.141920e+02	7.990056e+01	3.047800e+16
4144	3.732960e+15	1.112866e+02	7.652407e+01	4.099511e+16
4145	3.733187e+15	1.136136e+02	8.036200e+01	3.244777e+16
4146	3.733411e+15	1.109016e+02	7.911453e+01	3.409861e+16
4147	3.733636e+15	1.054918e+02	7.680922e+01	4.615018e+16
4148	3.733869e+15	9.814961e+01	7.825353e+01	5.171858e+16
4149	3.734108e+15	9.274390e+01	7.989801e+01	4.135347e+16
4150	3.734348e+15	8.463133e+01	7.833325e+01	4.105283e+16
4151	3.734594e+15	8.190036e+01	7.658038e+01	3.799089e+16
4152	3.734853e+15	1.061820e+02	9.629144e+01	5.792469e+16
4153	3.735076e+15	7.044147e+01	6.167671e+01	2.353882e+16
4154	3.735344e+15	8.861531e+01	7.880175e+01	5.303840e+16
4155	3.735616e+15	9.049642e+01	7.987973e+01	3.676910e+16
4156	3.735887e+15	8.418586e+01	8.014423e+01	5.066856e+16
4157	3.736157e+15	9.340887e+01	8.521027e+01	4.628608e+16
4158	3.736410e+15	8.576439e+01	7.646201e+01	4.185659e+16
4159	3.736669e+15	9.044668e+01	8.200249e+01	2.917618e+16
4160	3.736920e+15	9.399772e+01	8.172095e+01	3.708170e+16
4161	3.737164e+15	9.957729e+01	8.018985e+01	3.856852e+16
4162	3.737401e+15	1.071608e+02	8.764115e+01	3.535804e+16
4163	3.737618e+15	8.134846e+01	6.662982e+01	2.017526e+16
4164	3.737861e+15	8.783128e+01	7.699868e+01	4.940176e+16
4165	3.738106e+15	7.854544e+01	7.680396e+01	3.332660e+16
4166	3.738351e+15	8.513736e+01	8.016788e+01	4.902098e+16
4167	3.738589e+15	8.833289e+01	8.205002e+01	3.821247e+16
4168	3.738819e+15	8.765078e+01	8.326500e+01	3.007314e+16
4169	3.739040e+15	9.083681e+01	8.062204e+01	3.629853e+16
4170	3.739258e+15	9.288266e+01	7.472334e+01	3.045756e+16
4171	3.739480e+15	9.864488e+01	7.894481e+01	5.653970e+16
4172	3.739696e+15	1.037730e+02	7.466347e+01	3.048509e+16
4173	3.739911e+15	1.060023e+02	7.388065e+01	1.802059e+16
4174	3.740127e+15	1.073912e+02	7.837927e+01	3.487662e+16
4175	3.740338e+15	1.081343e+02	6.938128e+01	5.193740e+16
4176	3.740557e+15	1.084834e+02	7.673021e+01	2.905138e+16
4177	3.740770e+15	8.337506e+01	6.821314e+01	3.853162e+16
4178	3.740998e+15	9.672262e+01	7.665348e+01	2.503375e+16
4179	3.741220e+15	9.995313e+01	7.228873e+01	3.718385e+16
4180	3.741446e+15	1.027761e+02	7.362843e+01	3.298085e+16
4181	3.741672e+15	1.087861e+02	7.353956e+01	4.182962e+16
4182	3.741898e+15	9.662525e+01	7.186846e+01	2.471560e+16
4183	3.742132e+15	8.104940e+01	7.025085e+01	4.057680e+16
4184	3.742376e+15	7.861341e+01	7.212193e+01	2.127494e+16
4185	3.742624e+15	8.263896e+01	7.180002e+01	3.094870e+16
4186	3.742879e+15	9.415997e+01	8.650513e+01	4.138896e+16
4187	3.743103e+15	6.607352e+01	6.215487e+01	2.812780e+16
4188	3.743358e+15	7.498489e+01	7.748848e+01	3.758230e+16
4189	3.743606e+15	7.278807e+01	7.654340e+01	6.074460e+16
4190	3.743849e+15	8.843987e+01	7.752526e+01	4.303642e+16
4191	3.744087e+15	9.707219e+01	8.087168e+01	2.999757e+16
4192	3.744315e+15	8.820555e+01	6.941831e+01	7.147327e+16
4193	3.744560e+15	9.987519e+01	7.763063e+01	3.417964e+16
4194	3.744802e+15	9.512672e+01	7.116435e+01	4.663404e+16
4195	3.745047e+15	1.041782e+02	7.495738e+01	4.354900e+16
4196	3.745287e+15	1.021614e+02	7.075675e+01	4.775429e+16
4197	3.745536e+15	1.050982e+02	7.421363e+01	4.058982e+16
4198	3.745787e+15	1.004500e+02	7.779930e+01	5.728984e+16
4199	3.746037e+15	8.405384e+01	7.538280e+01	5.607203e+16
4200	3.746293e+15	7.883776e+01	7.469799e+01	5.575251e+16
4201	3.746558e+15	8.338227e+01	7.811883e+01	3.724161e+16
4202	3.746822e+15	7.418213e+01	7.145465e+01	4.539707e+16
4203	3.747105e+15	6.844517e+01	7.246323e+01	5.023280e+16
4204	3.747402e+15	5.766548e+01	6.605022e+01	3.876981e+16
4205	3.747727e+15	6.633674e+01	7.476240e+01	4.479925e+16
4206	3.748048e+15	1.020764e+02	1.104366e+02	3.885430e+16
4207	3.748282e+15	5.419293e+01	5.873948e+01	2.831825e+16
4208	3.748558e+15	5.640874e+01	6.472986e+01	5.421940e+16
4209	3.748862e+15	6.479038e+01	7.856553e+01	3.959614e+16
4210	3.749154e+15	7.313773e+01	9.244352e+01	4.339746e+16
4211	3.749401e+15	5.253358e+01	6.185372e+01	4.535829e+16
4212	3.749684e+15	6.322328e+01	7.440873e+01	3.908065e+16
4213	3.749962e+15	7.732648e+01	9.626408e+01	2.689548e+16
4214	3.750186e+15	6.031861e+01	7.856687e+01	3.621195e+16
4215	3.750397e+15	4.763644e+01	5.565360e+01	3.549568e+16
4216	3.750651e+15	6.259548e+01	6.813654e+01	3.242439e+16
4217	3.750915e+15	7.045794e+01	7.755797e+01	4.865887e+16
4218	3.751166e+15	6.016306e+01	6.753831e+01	5.226090e+16
4219	3.751433e+15	7.002854e+01	7.601070e+01	4.339285e+16
4220	3.751697e+15	7.062403e+01	7.447511e+01	3.934339e+16
4221	3.751962e+15	6.977578e+01	7.354481e+01	4.326709e+16
4222	3.752231e+15	6.615221e+01	7.504978e+01	6.052045e+16
4223	3.752501e+15	7.312130e+01	9.327797e+01	3.026613e+16
4224	3.752730e+15	6.403926e+01	6.561171e+01	3.489881e+16
4225	3.752981e+15	7.881282e+01	7.379359e+01	3.896649e+16
4226	3.753233e+15	7.925239e+01	7.211064e+01	2.834659e+16
4227	3.753487e+15	6.958374e+01	6.922138e+01	3.436176e+16
4228	3.753754e+15	7.500695e+01	7.811380e+01	2.999807e+16
4229	3.754011e+15	6.879431e+01	7.318014e+01	3.679465e+16
4230	3.754265e+15	7.116041e+01	7.151601e+01	3.695431e+16
4231	3.754519e+15	7.893582e+01	6.997551e+01	5.699228e+16
4232	3.754772e+15	7.667249e+01	6.369473e+01	1.697503e+16
4233	3.755039e+15	7.538441e+01	7.317201e+01	3.694360e+16
4234	3.755300e+15	6.391524e+01	7.962963e+01	5.547996e+16
4235	3.755544e+15	5.349068e+01	6.493398e+01	4.149537e+16
4236	3.755808e+15	6.516261e+01	7.185467e+01	4.993643e+16
4237	3.756082e+15	6.470149e+01	7.258674e+01	5.620336e+16
4238	3.756363e+15	8.460282e+01	1.053732e+02	6.772323e+16
4239	3.756578e+15	5.252151e+01	6.093241e+01	1.360591e+16
4240	3.756828e+15	6.954063e+01	8.498702e+01	4.320390e+16
4241	3.757053e+15	5.057088e+01	5.669931e+01	2.934443e+16
4242	3.757324e+15	6.035765e+01	6.511948e+01	3.343479e+16
4243	3.757616e+15	6.658901e+01	7.318403e+01	2.636513e+16
4244	3.757904e+15	6.273607e+01	7.385282e+01	5.069042e+16
4245	3.758188e+15	9.713896e+01	1.114831e+02	4.107866e+16
4246	3.758384e+15	5.343201e+01	5.387306e+01	1.578859e+16
4247	3.758620e+15	6.915462e+01	6.839694e+01	3.349004e+16
4248	3.758858e+15	6.377294e+01	6.759811e+01	3.818563e+16
4249	3.759106e+15	7.959455e+01	9.643902e+01	6.444138e+16
4250	3.759302e+15	5.171989e+01	5.649340e+01	2.664377e+16
4251	3.759534e+15	7.325652e+01	7.383210e+01	2.722963e+16
4252	3.759759e+15	8.288890e+01	7.181744e+01	2.792738e+16
4253	3.759984e+15	9.047421e+01	7.672991e+01	3.049728e+16
4254	3.760199e+15	8.691952e+01	7.419193e+01	5.229835e+16
4255	3.760411e+15	8.134221e+01	6.712940e+01	1.450703e+16
4256	3.760634e+15	7.818016e+01	6.787079e+01	2.319313e+16
4257	3.760866e+15	7.074782e+01	7.092597e+01	4.656636e+16
4258	3.761102e+15	6.453530e+01	6.918035e+01	4.983123e+16
4259	3.761344e+15	7.602326e+01	8.569215e+01	2.608071e+16
4260	3.761548e+15	5.002508e+01	5.308725e+01	2.988447e+16
4261	3.761792e+15	5.768635e+01	6.111740e+01	3.385803e+16
4262	3.762059e+15	6.573415e+01	6.942818e+01	4.129616e+16
4263	3.762333e+15	6.732317e+01	7.413549e+01	4.759693e+16
4264	3.762605e+15	6.508920e+01	7.042913e+01	4.838146e+16
4265	3.762885e+15	5.985451e+01	6.771113e+01	4.365252e+16
4266	3.763179e+15	4.767155e+01	7.047377e+01	3.199221e+16
4267	3.763472e+15	4.315776e+01	6.762875e+01	5.379319e+16
4268	3.763774e+15	4.490567e+01	7.342944e+01	4.073037e+16
4269	3.764068e+15	5.680189e+01	8.401708e+01	4.499218e+16
4270	3.764331e+15	4.663497e+01	5.887960e+01	3.973029e+16
4271	3.764630e+15	6.771559e+01	8.251482e+01	3.117359e+16
4272	3.764893e+15	5.364299e+01	6.537875e+01	2.283110e+16
4273	3.765171e+15	4.743010e+01	6.472302e+01	5.959118e+16
4274	3.765465e+15	5.137830e+01	7.405818e+01	5.072362e+16
4275	3.765743e+15	5.339906e+01	6.852216e+01	3.741974e+16
4276	3.766024e+15	5.839756e+01	7.119123e+01	4.275079e+16
4277	3.766299e+15	5.593121e+01	6.722702e+01	3.876563e+16
4278	3.766576e+15	5.766106e+01	6.840202e+01	4.498105e+16
4279	3.766846e+15	6.352864e+01	6.927938e+01	5.341891e+16
4280	3.767109e+15	6.384093e+01	6.930669e+01	3.825063e+16
4281	3.767367e+15	6.108656e+01	7.038400e+01	4.265250e+16
4282	3.767619e+15	6.648105e+01	6.800842e+01	4.570894e+16
4283	3.767868e+15	7.713738e+01	7.609651e+01	4.222746e+16
4284	3.768090e+15	5.572951e+01	5.529949e+01	3.420952e+16
4285	3.768341e+15	6.550893e+01	6.686653e+01	3.591012e+16
4286	3.768584e+15	6.592451e+01	6.728257e+01	4.144213e+16
4287	3.768820e+15	6.426093e+01	6.541404e+01	4.395742e+16
4288	3.769055e+15	7.728051e+01	7.001370e+01	3.394844e+16
4289	3.769279e+15	8.163996e+01	6.469658e+01	3.768629e+16
4290	3.769505e+15	8.338375e+01	6.613176e+01	2.793678e+16
4291	3.769731e+15	7.124482e+01	6.364365e+01	3.264261e+16
4292	3.769962e+15	7.591108e+01	6.616058e+01	3.852878e+16
4293	3.770192e+15	7.896958e+01	6.690862e+01	4.397709e+16
4294	3.770420e+15	7.259520e+01	6.299914e+01	3.433343e+16
4295	3.770654e+15	7.583732e+01	6.393303e+01	3.331571e+16
4296	3.770892e+15	7.473106e+01	6.419284e+01	3.487608e+16
4297	3.771129e+15	6.957257e+01	5.992627e+01	2.322734e+16
4298	3.771379e+15	6.793967e+01	6.164360e+01	4.209844e+16
4299	3.771635e+15	7.375079e+01	6.460169e+01	3.992195e+16
4300	3.771889e+15	6.645475e+01	6.060997e+01	2.784745e+16
4301	3.772152e+15	6.606006e+01	6.287116e+01	3.939128e+16
4302	3.772417e+15	6.891672e+01	5.975714e+01	3.731750e+16
4303	3.772693e+15	6.642365e+01	6.347106e+01	3.963262e+16
4304	3.772971e+15	6.179030e+01	6.317312e+01	5.748408e+16
4305	3.773254e+15	6.845806e+01	7.301943e+01	3.395753e+16
4306	3.773511e+15	5.863196e+01	5.956350e+01	4.720924e+16
4307	3.773784e+15	6.762101e+01	6.673005e+01	3.664305e+16
4308	3.774048e+15	7.001259e+01	6.647727e+01	4.348012e+16
4309	3.774304e+15	7.162072e+01	6.537430e+01	3.374867e+16
4310	3.774554e+15	7.334572e+01	6.496011e+01	4.649714e+16
4311	3.774802e+15	7.844451e+01	6.527967e+01	3.992861e+16
4312	3.775050e+15	7.798865e+01	6.482608e+01	6.185911e+16
4313	3.775300e+15	7.593826e+01	6.944578e+01	5.295800e+16
4314	3.775546e+15	7.152413e+01	6.865351e+01	4.468787e+16
4315	3.775790e+15	6.948830e+01	6.929447e+01	4.791765e+16
4316	3.776032e+15	6.650039e+01	6.788796e+01	5.532224e+16
4317	3.776278e+15	6.972898e+01	6.960356e+01	3.339585e+16
4318	3.776520e+15	7.009126e+01	6.807989e+01	3.557879e+16
4319	3.776761e+15	6.779429e+01	6.799631e+01	3.586136e+16
4320	3.777002e+15	7.125332e+01	6.932639e+01	3.570198e+16
4321	3.777241e+15	7.077355e+01	6.867061e+01	2.893155e+16
4322	3.777479e+15	6.991255e+01	6.937172e+01	4.251570e+16
4323	3.777717e+15	6.613303e+01	7.151620e+01	2.904508e+16
4324	3.777952e+15	6.081785e+01	7.112441e+01	3.632893e+16
4325	3.778187e+15	6.951326e+01	7.363342e+01	3.299754e+16
4326	3.778417e+15	7.437881e+01	7.319087e+01	3.501717e+16
4327	3.778642e+15	7.317908e+01	7.055795e+01	2.476017e+16
4328	3.778870e+15	7.991877e+01	7.190126e+01	2.086607e+16
4329	3.779097e+15	7.580246e+01	6.952220e+01	4.304018e+16
4330	3.779329e+15	7.371909e+01	6.954382e+01	2.934317e+16
4331	3.779564e+15	6.997773e+01	7.023705e+01	2.388785e+16
4332	3.779799e+15	6.471383e+01	6.836082e+01	1.383632e+16
4333	3.780036e+15	6.251294e+01	6.680039e+01	2.782694e+16
4334	3.780276e+15	6.234551e+01	6.832353e+01	2.064128e+16
4335	3.780516e+15	6.681316e+01	6.985907e+01	3.941948e+16
4336	3.780754e+15	6.795766e+01	6.755044e+01	2.946940e+16
4337	3.780997e+15	6.958103e+01	6.912610e+01	2.251922e+16
4338	3.781239e+15	6.512799e+01	6.567294e+01	2.633457e+16
4339	3.781489e+15	6.204398e+01	6.579838e+01	2.396493e+16
4340	3.781746e+15	5.386596e+01	6.738006e+01	3.522103e+16
4341	3.782005e+15	4.497718e+01	6.497894e+01	3.103392e+16
4342	3.782272e+15	5.385149e+01	7.098742e+01	3.683782e+16
4343	3.782527e+15	6.019602e+01	6.235030e+01	3.484198e+16
4344	3.782792e+15	8.001393e+01	8.363944e+01	3.193374e+16
4345	3.783010e+15	4.552802e+01	4.830059e+01	2.343177e+16
4346	3.783271e+15	5.161359e+01	5.823316e+01	2.712708e+16
4347	3.783547e+15	5.550119e+01	6.350950e+01	3.712107e+16
4348	3.783821e+15	5.461772e+01	5.918522e+01	5.405712e+16
4349	3.784108e+15	5.812363e+01	6.217571e+01	3.819647e+16
4350	3.784389e+15	5.718582e+01	6.547264e+01	5.261060e+16
4351	3.784657e+15	4.653538e+01	6.110310e+01	5.393127e+16
4352	3.784926e+15	4.836007e+01	6.695319e+01	3.604843e+16
4353	3.785179e+15	4.668034e+01	6.203405e+01	5.187897e+16
4354	3.785434e+15	5.216035e+01	6.346350e+01	3.268591e+16
4355	3.785686e+15	6.323621e+01	7.589600e+01	4.245220e+16
4356	3.785906e+15	4.535267e+01	5.298829e+01	3.632763e+16
4357	3.786158e+15	7.788860e+01	8.563867e+01	2.683898e+16
4358	3.786360e+15	5.462941e+01	5.040311e+01	1.636016e+16
4359	3.786602e+15	6.933859e+01	6.553846e+01	3.506305e+16
4360	3.786846e+15	7.197262e+01	6.880840e+01	3.529332e+16
4361	3.787080e+15	8.248069e+01	6.641289e+01	4.689230e+16
4362	3.787309e+15	8.829042e+01	6.207779e+01	4.094252e+16
4363	3.787539e+15	9.117149e+01	6.260692e+01	2.665104e+16
4364	3.787765e+15	8.562997e+01	6.042887e+01	3.516118e+16
4365	3.787992e+15	9.394335e+01	6.277718e+01	3.994709e+16
4366	3.788213e+15	9.585483e+01	5.940106e+01	3.245053e+16
4367	3.788438e+15	1.050564e+02	7.074088e+01	4.187442e+16
4368	3.788638e+15	7.294365e+01	5.170212e+01	3.894858e+16
4369	3.788867e+15	7.575205e+01	6.140272e+01	3.220824e+16
4370	3.789098e+15	8.935520e+01	6.337376e+01	5.043018e+16
4371	3.789327e+15	9.548359e+01	6.044456e+01	4.225943e+16
4372	3.789559e+15	9.071887e+01	5.906374e+01	4.051607e+16
4373	3.789795e+15	8.659589e+01	5.781145e+01	3.567379e+16
4374	3.790037e+15	8.947301e+01	6.289793e+01	2.487783e+16
4375	3.790265e+15	8.168610e+01	5.720182e+01	2.590408e+16
4376	3.790495e+15	6.903742e+01	4.806705e+01	1.760937e+16
4377	3.790751e+15	1.035167e+02	7.442318e+01	3.568796e+16
4378	3.790958e+15	6.783678e+01	4.588865e+01	2.646094e+16
4379	3.791194e+15	6.181208e+01	4.727837e+01	4.392841e+16
4380	3.791463e+15	6.971039e+01	5.558955e+01	4.272516e+16
4381	3.791737e+15	7.506871e+01	5.693716e+01	6.026511e+16
4382	3.792010e+15	8.117060e+01	5.448637e+01	5.221140e+16
4383	3.792285e+15	8.458685e+01	5.357321e+01	3.864304e+16
4384	3.792560e+15	8.857726e+01	5.284234e+01	3.915931e+16
4385	3.792836e+15	8.473871e+01	5.230850e+01	3.879475e+16
4386	3.793113e+15	8.163343e+01	5.241862e+01	2.904185e+16
4387	3.793388e+15	9.915072e+01	6.703763e+01	3.098546e+16
4388	3.793615e+15	7.528579e+01	4.926552e+01	3.801821e+16
4389	3.793854e+15	7.193810e+01	4.593440e+01	3.460320e+16
4390	3.794126e+15	8.135075e+01	5.402767e+01	3.511223e+16
4391	3.794402e+15	7.332096e+01	5.603624e+01	4.049231e+16
4392	3.794672e+15	6.437162e+01	5.504615e+01	2.707842e+16
4393	3.794941e+15	6.144105e+01	5.544343e+01	5.052321e+16
4394	3.795207e+15	6.195342e+01	5.572262e+01	5.420929e+16
4395	3.795470e+15	6.765546e+01	5.537632e+01	2.857787e+16
4396	3.795731e+15	7.110985e+01	5.724769e+01	1.651972e+16
4397	3.795984e+15	7.184093e+01	5.678195e+01	4.511373e+16
4398	3.796235e+15	7.976943e+01	5.804010e+01	3.382133e+16
4399	3.796478e+15	8.207767e+01	5.500831e+01	4.462319e+16
4400	3.796724e+15	8.524536e+01	5.624539e+01	2.619419e+16
4401	3.796968e+15	9.002013e+01	5.680779e+01	2.677094e+16
4402	3.797215e+15	8.374605e+01	5.679421e+01	4.446330e+16
4403	3.797465e+15	8.180602e+01	5.856330e+01	5.083783e+16
4404	3.797713e+15	7.404670e+01	5.952879e+01	2.627658e+16
4405	3.797962e+15	7.373831e+01	6.174991e+01	4.947758e+16
4406	3.798208e+15	7.333691e+01	5.848804e+01	2.378808e+16
4407	3.798464e+15	7.785425e+01	6.342833e+01	5.091251e+16
4408	3.798718e+15	7.513014e+01	6.289607e+01	3.640285e+16
4409	3.798972e+15	7.360532e+01	6.011638e+01	3.544925e+16
4410	3.799232e+15	7.394955e+01	6.083572e+01	2.361153e+16
4411	3.799491e+15	6.740852e+01	6.097632e+01	2.707301e+16
4412	3.799749e+15	7.029595e+01	5.929939e+01	3.787055e+16
4413	3.800007e+15	7.555192e+01	6.130341e+01	3.795717e+16
4414	3.800260e+15	7.322175e+01	5.675831e+01	3.014853e+16
4415	3.800524e+15	7.927161e+01	6.591977e+01	2.551830e+16
4416	3.800770e+15	6.209167e+01	5.845826e+01	3.109952e+16
4417	3.801022e+15	5.670417e+01	6.266037e+01	2.777082e+16
4418	3.801270e+15	6.450715e+01	6.276916e+01	3.496957e+16
4419	3.801516e+15	6.283056e+01	6.298252e+01	3.158715e+16
4420	3.801757e+15	6.528080e+01	6.322562e+01	2.196704e+16
4421	3.801996e+15	6.095384e+01	6.139084e+01	3.073764e+16
4422	3.802233e+15	6.570284e+01	6.172968e+01	3.185448e+16
4423	3.802466e+15	7.290859e+01	6.099489e+01	2.112844e+16
4424	3.802695e+15	7.709570e+01	6.118370e+01	3.977888e+16
4425	3.802923e+15	8.112935e+01	6.036663e+01	3.114190e+16
4426	3.803151e+15	7.963407e+01	5.834800e+01	2.662602e+16
4427	3.803380e+15	7.885525e+01	5.877806e+01	1.849555e+16
4428	3.803609e+15	7.087351e+01	5.757273e+01	4.425094e+16
4429	3.803842e+15	6.908587e+01	5.746003e+01	2.910243e+16
4430	3.804078e+15	7.157652e+01	5.662637e+01	2.813380e+16
4431	3.804316e+15	7.640758e+01	5.628798e+01	2.896475e+16
4432	3.804557e+15	7.996163e+01	5.590134e+01	3.248278e+16
4433	3.804800e+15	7.274501e+01	5.499144e+01	3.160720e+16
4434	3.805049e+15	7.750283e+01	5.854921e+01	2.534631e+16
4435	3.805292e+15	7.291945e+01	5.674159e+01	2.974645e+16
4436	3.805534e+15	7.317793e+01	5.855465e+01	2.980342e+16
4437	3.805773e+15	7.015632e+01	5.907647e+01	2.112092e+16
4438	3.806007e+15	7.157943e+01	5.637334e+01	4.576876e+16
4439	3.806241e+15	7.952612e+01	5.569832e+01	3.418781e+16
4440	3.806473e+15	7.758073e+01	5.359771e+01	3.524088e+16
4441	3.806708e+15	7.598203e+01	5.390785e+01	2.103695e+16
4442	3.806941e+15	6.826718e+01	5.257895e+01	2.814442e+16
4443	3.807177e+15	7.275867e+01	5.243523e+01	2.485201e+16
4444	3.807414e+15	7.923608e+01	5.194990e+01	2.682645e+16
4445	3.807651e+15	7.316397e+01	5.227030e+01	2.272211e+16
4446	3.807887e+15	7.077000e+01	5.341740e+01	2.673593e+16
4447	3.808124e+15	7.410205e+01	5.365073e+01	5.098013e+16
4448	3.808360e+15	7.526565e+01	5.281208e+01	3.105035e+16
4449	3.808598e+15	7.806293e+01	5.239763e+01	2.756960e+16
4450	3.808838e+15	7.813328e+01	5.342682e+01	2.508637e+16
4451	3.809077e+15	7.184109e+01	5.092963e+01	2.459384e+16
4452	3.809321e+15	7.010706e+01	5.244257e+01	4.326801e+16
4453	3.809568e+15	6.893589e+01	5.317291e+01	1.890412e+16
4454	3.809816e+15	6.741543e+01	5.190638e+01	3.556129e+16
4455	3.810072e+15	6.215163e+01	5.177658e+01	3.720781e+16
4456	3.810331e+15	6.303457e+01	5.702689e+01	3.669642e+16
4457	3.810575e+15	5.213120e+01	4.647543e+01	2.988456e+16
4458	3.810845e+15	6.439588e+01	5.597721e+01	3.296905e+16
4459	3.811102e+15	5.688375e+01	4.740490e+01	4.361274e+16
4460	3.811377e+15	6.042319e+01	5.108814e+01	4.010391e+16
4461	3.811655e+15	6.441024e+01	5.214394e+01	3.285828e+16
4462	3.811930e+15	5.944947e+01	4.788706e+01	2.338677e+16
4463	3.812217e+15	7.638871e+01	6.465599e+01	3.492358e+16
4464	3.812457e+15	5.555527e+01	4.335013e+01	2.901613e+16
4465	3.812729e+15	6.312791e+01	5.372746e+01	3.568182e+16
4466	3.812991e+15	8.351975e+01	5.941029e+01	1.405736e+16
4467	3.813223e+15	7.394202e+01	4.676300e+01	8.787809e+15
4468	3.813468e+15	6.566687e+01	4.570793e+01	3.217513e+16
4469	3.813732e+15	7.741360e+01	5.078311e+01	1.566875e+16
4470	3.813993e+15	7.786273e+01	4.943522e+01	1.963022e+16
4471	3.814252e+15	8.819632e+01	5.843389e+01	3.713623e+16
4472	3.814477e+15	6.689062e+01	4.152043e+01	2.029567e+16
4473	3.814729e+15	7.758518e+01	5.203094e+01	1.791515e+16
4474	3.814975e+15	8.412023e+01	5.123162e+01	3.737222e+16
4475	3.815216e+15	8.273984e+01	5.007086e+01	2.964124e+16
4476	3.815457e+15	7.450809e+01	4.954450e+01	3.167695e+16
4477	3.815700e+15	7.199001e+01	4.903422e+01	3.154092e+16
4478	3.815945e+15	7.728212e+01	5.098619e+01	2.037545e+16
4479	3.816184e+15	7.786799e+01	5.042777e+01	2.510749e+16
4480	3.816421e+15	7.536034e+01	5.156172e+01	1.534430e+16
4481	3.816655e+15	7.982878e+01	5.366978e+01	3.224856e+16
4482	3.816883e+15	8.512199e+01	5.407531e+01	3.051190e+16
4483	3.817109e+15	8.753249e+01	5.327016e+01	3.120975e+16
4484	3.817335e+15	8.716996e+01	5.276781e+01	2.873010e+16
4485	3.817561e+15	8.167390e+01	5.078060e+01	2.121194e+16
4486	3.817792e+15	8.360824e+01	5.350040e+01	3.435427e+16
4487	3.818019e+15	8.192972e+01	4.990651e+01	1.685927e+16
4488	3.818248e+15	8.259946e+01	4.869779e+01	2.046591e+16
4489	3.818481e+15	8.953738e+01	5.055268e+01	1.050652e+16
4490	3.818709e+15	8.320359e+01	4.848063e+01	2.988719e+16
4491	3.818939e+15	8.156858e+01	4.858629e+01	1.955819e+16
4492	3.819173e+15	8.182191e+01	5.004265e+01	1.663161e+16
4493	3.819408e+15	7.336357e+01	4.822998e+01	3.045550e+16
4494	3.819647e+15	8.266013e+01	4.957080e+01	2.240458e+16
4495	3.819887e+15	8.246668e+01	4.882905e+01	3.045649e+16
4496	3.820129e+15	6.855012e+01	4.809988e+01	2.458132e+16
4497	3.820378e+15	6.738756e+01	4.754977e+01	1.812044e+16
4498	3.820631e+15	7.190458e+01	4.553160e+01	2.031240e+16
4499	3.820890e+15	7.118145e+01	4.524935e+01	2.599020e+16
4500	3.821156e+15	6.096509e+01	4.107596e+01	2.814494e+16
4501	3.821449e+15	6.270850e+01	4.763759e+01	4.221311e+16
4502	3.821737e+15	5.896318e+01	4.701020e+01	5.526190e+16
4503	3.822027e+15	6.461273e+01	5.650953e+01	3.560840e+16
4504	3.822280e+15	5.982814e+01	4.363379e+01	3.144388e+16
4505	3.822549e+15	7.501314e+01	4.899117e+01	6.280453e+16
4506	3.822812e+15	7.769188e+01	5.106639e+01	4.251304e+16
4507	3.823063e+15	7.747253e+01	4.916047e+01	3.307779e+16
4508	3.823306e+15	7.945890e+01	4.954649e+01	3.818318e+16
4509	3.823543e+15	8.035057e+01	4.879032e+01	3.596123e+16
4510	3.823778e+15	7.234866e+01	4.615048e+01	1.941233e+16
4511	3.824014e+15	7.144792e+01	4.665264e+01	2.798106e+16
4512	3.824247e+15	6.816404e+01	4.515129e+01	2.981278e+16
4513	3.824484e+15	9.766724e+01	6.169681e+01	2.199833e+16
4514	3.824671e+15	6.837446e+01	3.854093e+01	1.722910e+16
4515	3.824883e+15	6.313788e+01	3.915962e+01	2.351986e+16
4516	3.825124e+15	6.736710e+01	4.541142e+01	3.635419e+16
4517	3.825368e+15	6.177932e+01	4.350048e+01	3.026355e+16
4518	3.825618e+15	6.407798e+01	4.675229e+01	5.289580e+16
4519	3.825861e+15	5.630826e+01	4.286143e+01	2.597731e+16
4520	3.826110e+15	6.582006e+01	4.556892e+01	4.293617e+16
4521	3.826353e+15	6.882274e+01	4.529433e+01	4.875339e+16
4522	3.826598e+15	6.641964e+01	4.428530e+01	2.457190e+16
4523	3.826846e+15	6.347303e+01	4.590284e+01	3.028030e+16
4524	3.827098e+15	6.509512e+01	4.867378e+01	3.734672e+16
4525	3.827348e+15	7.501102e+01	5.008234e+01	3.879991e+16
4526	3.827595e+15	7.424766e+01	5.088289e+01	2.665684e+16
4527	3.827842e+15	7.027980e+01	5.312395e+01	3.696069e+16
4528	3.828087e+15	6.510559e+01	5.382845e+01	4.028763e+16
4529	3.828331e+15	6.699995e+01	5.596086e+01	4.663975e+16
4530	3.828570e+15	6.722769e+01	5.290346e+01	4.337261e+16
4531	3.828809e+15	7.978191e+01	5.391150e+01	3.530627e+16
4532	3.829046e+15	7.210220e+01	5.426876e+01	3.203983e+16
4533	3.829280e+15	7.218149e+01	5.205381e+01	2.876158e+16
4534	3.829514e+15	7.900074e+01	5.507856e+01	2.801610e+16
4535	3.829737e+15	7.905550e+01	4.981656e+01	1.994286e+16
4536	3.829964e+15	8.384828e+01	5.184902e+01	4.138610e+16
4537	3.830186e+15	7.059563e+01	5.151990e+01	2.620515e+16
4538	3.830411e+15	6.643295e+01	5.522913e+01	2.682224e+16
4539	3.830630e+15	6.206792e+01	5.501757e+01	2.544408e+16
4540	3.830848e+15	6.417668e+01	5.638076e+01	2.974390e+16
4541	3.831062e+15	8.132862e+01	5.401545e+01	3.873907e+16
4542	3.831275e+15	8.060583e+01	5.494452e+01	4.221151e+16
4543	3.831485e+15	6.865450e+01	5.075659e+01	1.480381e+16
4544	3.831704e+15	7.109677e+01	5.279330e+01	2.109250e+16
4545	3.831921e+15	6.398571e+01	5.141911e+01	2.453069e+16
4546	3.832139e+15	6.110651e+01	5.189261e+01	2.909382e+16
4547	3.832360e+15	6.451953e+01	5.296879e+01	1.482038e+16
4548	3.832583e+15	6.510794e+01	5.301284e+01	2.664257e+16
4549	3.832808e+15	7.070459e+01	5.243816e+01	2.047979e+16
4550	3.833037e+15	6.312802e+01	5.261380e+01	2.371157e+16
4551	3.833271e+15	6.163430e+01	5.216053e+01	2.945987e+16
4552	3.833506e+15	6.697690e+01	5.393434e+01	2.240323e+16
4553	3.833740e+15	6.396331e+01	5.262584e+01	2.067089e+16
4554	3.833978e+15	6.173768e+01	5.028555e+01	2.667612e+16
4555	3.834223e+15	6.750522e+01	5.126699e+01	1.984999e+16
4556	3.834470e+15	6.507934e+01	5.220927e+01	2.254204e+16
4557	3.834713e+15	6.003245e+01	4.936577e+01	2.328471e+16
4558	3.834964e+15	6.876038e+01	5.519049e+01	2.732688e+16
4559	3.835206e+15	6.519733e+01	4.716759e+01	2.789099e+16
4560	3.835467e+15	6.405914e+01	5.434490e+01	2.862437e+16
4561	3.835724e+15	5.241373e+01	5.486243e+01	3.041612e+16
4562	3.835980e+15	4.748715e+01	5.453114e+01	4.358732e+16
4563	3.836233e+15	5.129692e+01	5.528739e+01	2.531291e+16
4564	3.836479e+15	5.967754e+01	5.291222e+01	2.841345e+16
4565	3.836726e+15	6.713284e+01	5.596815e+01	3.219118e+16
4566	3.836967e+15	6.780057e+01	5.425647e+01	2.546862e+16
4567	3.837211e+15	6.675610e+01	5.530394e+01	3.563698e+16
4568	3.837455e+15	5.898817e+01	5.528144e+01	2.470753e+16
4569	3.837696e+15	5.576217e+01	5.379823e+01	3.332838e+16
4570	3.837936e+15	6.190010e+01	5.367607e+01	2.567366e+16
4571	3.838175e+15	6.688806e+01	5.337517e+01	1.642579e+16
4572	3.838412e+15	6.342167e+01	5.140141e+01	3.199205e+16
4573	3.838651e+15	5.350555e+01	5.251278e+01	2.185407e+16
4574	3.838888e+15	5.094690e+01	5.269338e+01	3.251573e+16
4575	3.839125e+15	6.822244e+01	5.992152e+01	2.351902e+16
4576	3.839341e+15	6.600870e+01	5.126156e+01	1.959550e+16
4577	3.839564e+15	6.016403e+01	4.958304e+01	1.805667e+16
4578	3.839798e+15	6.522220e+01	5.467172e+01	3.000863e+16
4579	3.840026e+15	6.234755e+01	5.227221e+01	2.525381e+16
4580	3.840257e+15	6.517752e+01	5.120758e+01	1.686500e+16
4581	3.840494e+15	6.269776e+01	5.278300e+01	2.383088e+16
4582	3.840733e+15	6.067241e+01	5.197731e+01	2.151679e+16
4583	3.840976e+15	5.963563e+01	5.277312e+01	1.598289e+16
4584	3.841220e+15	6.511788e+01	5.347505e+01	1.745217e+16
4585	3.841461e+15	6.420735e+01	5.038853e+01	1.186797e+16
4586	3.841704e+15	6.246869e+01	5.369477e+01	1.762162e+16
4587	3.841944e+15	5.624093e+01	5.000837e+01	3.103495e+16
4588	3.842188e+15	6.929824e+01	6.562437e+01	1.775831e+16
4589	3.842386e+15	6.427043e+01	5.765402e+01	1.351245e+16
4590	3.842563e+15	4.450839e+01	3.848743e+01	7.680694e+15
4591	3.842776e+15	4.800010e+01	4.028365e+01	2.881953e+16
4592	3.843021e+15	5.880351e+01	4.818750e+01	2.506147e+16
4593	3.843265e+15	5.709021e+01	4.819674e+01	2.088783e+16
4594	3.843509e+15	5.702558e+01	5.046288e+01	2.312369e+16
4595	3.843746e+15	5.659996e+01	4.763037e+01	1.011849e+16
4596	3.843988e+15	6.368994e+01	5.292493e+01	2.307597e+16
4597	3.844226e+15	6.014680e+01	5.106633e+01	1.944190e+16
4598	3.844464e+15	5.605028e+01	5.113645e+01	2.942333e+16
4599	3.844704e+15	6.157107e+01	5.339809e+01	3.121970e+16
4600	3.844942e+15	5.683656e+01	5.408308e+01	4.265757e+16
4601	3.845179e+15	5.894401e+01	5.344650e+01	2.686696e+16
4602	3.845416e+15	6.573600e+01	5.359401e+01	2.507640e+16
4603	3.845654e+15	6.605901e+01	5.415119e+01	1.867834e+16
4604	3.845890e+15	6.089904e+01	5.455478e+01	2.724396e+16
4605	3.846121e+15	6.149472e+01	5.470421e+01	3.370303e+16
4606	3.846351e+15	7.093159e+01	5.532390e+01	1.964478e+16
4607	3.846579e+15	8.117917e+01	5.941882e+01	3.261270e+16
4608	3.846796e+15	6.621814e+01	5.373610e+01	2.663329e+16
4609	3.847022e+15	5.846567e+01	5.603442e+01	1.340997e+16
4610	3.847253e+15	5.186657e+01	5.889006e+01	1.498146e+16
4611	3.847483e+15	5.797100e+01	6.220658e+01	2.166447e+16
4612	3.847707e+15	5.951050e+01	5.915023e+01	2.778352e+16
4613	3.847933e+15	5.736429e+01	6.010851e+01	1.477444e+16
4614	3.848155e+15	6.407896e+01	6.279712e+01	2.088117e+16
4615	3.848362e+15	5.431913e+01	5.333999e+01	1.528872e+16
4616	3.848583e+15	5.906283e+01	5.809400e+01	2.695857e+16
4617	3.848803e+15	7.840003e+01	7.707980e+01	2.294104e+16
4618	3.848973e+15	5.199306e+01	4.236361e+01	1.119249e+16
4619	3.849178e+15	6.510834e+01	5.259463e+01	2.338844e+16
4620	3.849392e+15	6.951744e+01	5.782578e+01	9.599887e+15
4621	3.849602e+15	6.889275e+01	5.638274e+01	2.110800e+16
4622	3.849815e+15	6.581428e+01	5.916127e+01	2.018228e+16
4623	3.850027e+15	6.294973e+01	5.945875e+01	2.711778e+16
4624	3.850240e+15	6.013428e+01	5.843389e+01	2.345590e+16
4625	3.850453e+15	6.349670e+01	5.756859e+01	1.471902e+16
4626	3.850665e+15	7.251683e+01	5.660304e+01	2.759855e+16
4627	3.850879e+15	7.346978e+01	5.802744e+01	1.061893e+16
4628	3.851093e+15	6.159403e+01	5.610633e+01	2.241026e+16
4629	3.851311e+15	5.544615e+01	5.513920e+01	2.214839e+16
4630	3.851532e+15	5.583547e+01	5.425970e+01	1.115932e+16
4631	3.851753e+15	5.914858e+01	5.367149e+01	2.120660e+16
4632	3.851977e+15	5.972695e+01	5.398248e+01	1.410041e+16
4633	3.852202e+15	6.546959e+01	5.366287e+01	1.557106e+16
4634	3.852427e+15	5.931067e+01	5.266599e+01	1.835776e+16
4635	3.852657e+15	6.143023e+01	5.236377e+01	1.287716e+16
4636	3.852890e+15	6.348567e+01	5.048294e+01	2.321212e+16
4637	3.853127e+15	5.991535e+01	4.950952e+01	2.144082e+16
4638	3.853368e+15	6.387745e+01	5.142819e+01	1.648367e+16
4639	3.853606e+15	6.748460e+01	4.844402e+01	1.980631e+16
4640	3.853850e+15	8.339123e+01	6.373741e+01	2.289929e+16
4641	3.854053e+15	5.433804e+01	4.008102e+01	6.108902e+15
4642	3.854291e+15	6.164581e+01	5.281974e+01	2.467326e+16
4643	3.854526e+15	6.225957e+01	5.176330e+01	2.798595e+16
4644	3.854759e+15	7.099852e+01	5.115399e+01	2.486250e+16
4645	3.854992e+15	7.090901e+01	5.106630e+01	1.940423e+16
4646	3.855223e+15	6.432618e+01	4.927310e+01	3.574430e+16
4647	3.855460e+15	7.106266e+01	5.143025e+01	2.695622e+16
4648	3.855695e+15	6.501771e+01	5.020338e+01	1.923263e+16
4649	3.855932e+15	6.205672e+01	5.146512e+01	2.171595e+16
4650	3.856167e+15	6.247537e+01	5.125193e+01	2.925349e+16
4651	3.856401e+15	6.532165e+01	5.151131e+01	2.487647e+16
4652	3.856633e+15	7.078927e+01	5.219807e+01	2.094174e+16
4653	3.856863e+15	7.646044e+01	5.017437e+01	1.642268e+16
4654	3.857094e+15	7.923186e+01	5.175910e+01	2.952134e+16
4655	3.857321e+15	7.340183e+01	5.011009e+01	2.002884e+16
4656	3.857547e+15	6.990533e+01	4.987677e+01	1.812902e+16
4657	3.857775e+15	6.723307e+01	4.765315e+01	1.458031e+16
4658	3.858006e+15	6.872848e+01	4.987539e+01	2.045746e+16
4659	3.858233e+15	7.749417e+01	4.958389e+01	2.667062e+16
4660	3.858456e+15	7.551493e+01	4.874944e+01	1.351341e+16
4661	3.858675e+15	7.679194e+01	4.906397e+01	2.272210e+16
4662	3.858891e+15	7.873057e+01	4.797952e+01	1.829400e+16
4663	3.859105e+15	8.299872e+01	4.719616e+01	2.618465e+16
4664	3.859318e+15	8.398479e+01	4.755142e+01	2.648154e+16
4665	3.859530e+15	7.728200e+01	4.609334e+01	2.899316e+16
4666	3.859744e+15	7.620951e+01	4.783003e+01	2.755508e+16
4667	3.859953e+15	7.016113e+01	4.343392e+01	1.455617e+16
4668	3.860172e+15	8.055720e+01	4.975860e+01	2.202866e+16
4669	3.860377e+15	5.869232e+01	4.006170e+01	2.271443e+16
4670	3.860604e+15	6.529276e+01	4.707416e+01	2.191261e+16
4671	3.860829e+15	6.743520e+01	4.351590e+01	2.585318e+16
4672	3.861063e+15	6.377635e+01	4.452020e+01	2.198503e+16
4673	3.861296e+15	6.865059e+01	4.514233e+01	2.589282e+16
4674	3.861526e+15	6.247215e+01	4.564278e+01	3.597313e+16
4675	3.861754e+15	6.309931e+01	4.541735e+01	2.772638e+16
4676	3.861979e+15	7.323921e+01	4.658056e+01	2.359432e+16
4677	3.862198e+15	7.292458e+01	4.373650e+01	2.268964e+16
4678	3.862419e+15	7.678648e+01	4.322906e+01	1.512593e+16
4679	3.862636e+15	7.257966e+01	4.106917e+01	2.148566e+16
4680	3.862854e+15	7.458879e+01	4.152629e+01	1.220444e+16
4681	3.863069e+15	7.594583e+01	3.967173e+01	1.736531e+16
4682	3.863287e+15	6.804790e+01	3.967734e+01	1.186539e+16
4683	3.863510e+15	7.207038e+01	4.221322e+01	1.755491e+16
4684	3.863731e+15	6.718854e+01	4.060590e+01	1.860966e+16
4685	3.863959e+15	7.137850e+01	4.384931e+01	2.113974e+16
4686	3.864183e+15	6.384825e+01	4.440638e+01	2.643859e+16
4687	3.864407e+15	5.754182e+01	4.556801e+01	2.580462e+16
4688	3.864626e+15	6.014893e+01	4.329902e+01	2.141947e+16
4689	3.864849e+15	9.185665e+01	5.517793e+01	2.780134e+16
4690	3.865042e+15	6.639424e+01	3.861057e+01	7.077543e+15
4691	3.865256e+15	6.373707e+01	4.171635e+01	2.382204e+16
4692	3.865484e+15	6.267530e+01	4.280015e+01	1.576129e+16
4693	3.865722e+15	6.374574e+01	5.037327e+01	2.635009e+16
4694	3.865944e+15	7.498075e+01	4.413568e+01	2.315269e+16
4695	3.866170e+15	8.696575e+01	4.532988e+01	2.402328e+16
4696	3.866387e+15	7.552453e+01	4.324544e+01	9.761793e+15
4697	3.866601e+15	6.873334e+01	4.304174e+01	1.287960e+16
4698	3.866813e+15	7.911986e+01	4.246308e+01	1.354446e+16
4699	3.867026e+15	8.356476e+01	4.298253e+01	1.672174e+16
4700	3.867239e+15	7.290239e+01	4.374388e+01	1.600642e+16
4701	3.867449e+15	6.392929e+01	4.217549e+01	2.455339e+16
4702	3.867663e+15	6.737842e+01	4.254669e+01	2.530266e+16
4703	3.867880e+15	6.782476e+01	4.376010e+01	3.681694e+16
4704	3.868096e+15	6.537803e+01	4.340758e+01	2.659282e+16
4705	3.868313e+15	6.731072e+01	4.297844e+01	1.862978e+16
4706	3.868530e+15	8.073102e+01	4.358967e+01	1.704277e+16
4707	3.868745e+15	8.274987e+01	4.437492e+01	1.687889e+16
4708	3.868959e+15	7.143616e+01	4.558319e+01	2.802563e+16
4709	3.869175e+15	6.820000e+01	4.756373e+01	2.067634e+16
4710	3.869391e+15	6.962713e+01	4.570036e+01	2.667137e+16
4711	3.869613e+15	7.343114e+01	4.651259e+01	4.398438e+16
4712	3.869838e+15	7.490018e+01	4.781509e+01	3.087301e+16
4713	3.870062e+15	6.353228e+01	4.589026e+01	2.239487e+16
4714	3.870296e+15	6.806271e+01	4.803355e+01	2.805279e+16
4715	3.870529e+15	6.533964e+01	4.785520e+01	3.661187e+16
4716	3.870766e+15	5.268365e+01	4.595762e+01	2.624946e+16
4717	3.871013e+15	6.005365e+01	4.569365e+01	3.338473e+16
4718	3.871264e+15	6.508897e+01	4.548589e+01	2.930695e+16
4719	3.871521e+15	6.026621e+01	4.635605e+01	3.074673e+16
4720	3.871777e+15	6.101516e+01	4.316557e+01	2.413980e+16
4721	3.872039e+15	6.774111e+01	4.555711e+01	2.214328e+16
4722	3.872300e+15	6.677714e+01	4.311676e+01	2.373281e+16
4723	3.872571e+15	6.767793e+01	4.646309e+01	3.613545e+16
4724	3.872840e+15	6.141667e+01	4.651735e+01	2.964357e+16
4725	3.873106e+15	5.968694e+01	4.671195e+01	4.123756e+16
4726	3.873365e+15	6.229485e+01	4.571609e+01	2.928872e+16
4727	3.873619e+15	7.014462e+01	4.392135e+01	2.289675e+16
4728	3.873873e+15	7.543544e+01	4.577595e+01	2.408672e+16
4729	3.874119e+15	7.076740e+01	4.407976e+01	3.212323e+16
4730	3.874368e+15	7.388302e+01	4.811238e+01	2.088027e+16
4731	3.874609e+15	7.023950e+01	4.811922e+01	2.716473e+16
4732	3.874850e+15	7.215531e+01	4.869052e+01	3.518729e+16
4733	3.875089e+15	6.812456e+01	4.799544e+01	2.516908e+16
4734	3.875327e+15	6.795236e+01	4.761038e+01	2.934750e+16
4735	3.875565e+15	7.429013e+01	4.908826e+01	2.448106e+16
4736	3.875800e+15	7.617267e+01	4.925648e+01	2.688445e+16
4737	3.876030e+15	7.061914e+01	4.938090e+01	3.177214e+16
4738	3.876258e+15	7.298675e+01	4.663220e+01	2.658654e+16
4739	3.876495e+15	6.982070e+01	4.746897e+01	3.193012e+16
4740	3.876737e+15	5.776392e+01	4.521796e+01	2.826093e+16
4741	3.876993e+15	6.175061e+01	5.087788e+01	2.868287e+16
4742	3.877239e+15	5.520889e+01	4.612847e+01	3.242914e+16
4743	3.877497e+15	5.809995e+01	5.225908e+01	2.699543e+16
4744	3.877745e+15	6.624742e+01	5.115562e+01	3.883079e+16
4745	3.877989e+15	7.414177e+01	5.088754e+01	3.194948e+16
4746	3.878229e+15	7.485496e+01	5.126608e+01	4.284923e+16
4747	3.878466e+15	7.119139e+01	4.854554e+01	3.478597e+16
4748	3.878703e+15	6.730197e+01	4.902496e+01	3.348656e+16
4749	3.878941e+15	6.999823e+01	5.066870e+01	2.196292e+16
4750	3.879176e+15	7.106687e+01	5.180061e+01	2.326320e+16
4751	3.879406e+15	7.413003e+01	5.175153e+01	1.857191e+16
4752	3.879632e+15	7.951621e+01	5.078437e+01	2.026856e+16
4753	3.879858e+15	8.362716e+01	5.148754e+01	2.890678e+16
4754	3.880081e+15	8.317865e+01	4.860718e+01	1.343293e+16
4755	3.880305e+15	7.615546e+01	4.875026e+01	2.008613e+16
4756	3.880531e+15	7.539269e+01	4.921672e+01	2.625537e+16
4757	3.880756e+15	6.803825e+01	4.810175e+01	1.953388e+16
4758	3.880984e+15	6.575692e+01	4.772478e+01	2.382618e+16
4759	3.881215e+15	6.274913e+01	4.781691e+01	1.510340e+16
4760	3.881446e+15	7.033028e+01	4.768089e+01	1.758000e+16
4761	3.881677e+15	7.559652e+01	4.659644e+01	1.176173e+16
4762	3.881912e+15	7.094500e+01	4.680358e+01	2.268636e+16
4763	3.882148e+15	6.830447e+01	4.577027e+01	2.896985e+16
4764	3.882385e+15	6.293545e+01	4.309191e+01	2.338028e+16
4765	3.882633e+15	5.596345e+01	4.262768e+01	2.876056e+16
4766	3.882888e+15	6.960680e+01	4.437058e+01	4.259107e+16
4767	3.883135e+15	7.338125e+01	4.326023e+01	2.402064e+16
4768	3.883374e+15	6.392169e+01	4.203671e+01	2.212963e+16
4769	3.883607e+15	6.685911e+01	4.227843e+01	1.659365e+16
4770	3.883835e+15	6.719358e+01	4.177804e+01	1.557865e+16
4771	3.884059e+15	7.949606e+01	4.191931e+01	1.708396e+16
4772	3.884278e+15	8.566563e+01	4.250969e+01	7.229094e+15
4773	3.884495e+15	8.493591e+01	4.310458e+01	1.317070e+16
4774	3.884708e+15	8.177749e+01	4.177594e+01	2.339241e+16
4775	3.884919e+15	8.359247e+01	4.124939e+01	3.040939e+16
4776	3.885128e+15	8.630536e+01	4.055273e+01	1.832632e+16
4777	3.885335e+15	8.402960e+01	3.957317e+01	1.559941e+16
4778	3.885541e+15	8.252024e+01	3.890136e+01	1.856116e+16
4779	3.885746e+15	8.124664e+01	3.850075e+01	9.576380e+15
4780	3.885953e+15	8.331368e+01	3.969838e+01	1.636593e+16
4781	3.886158e+15	8.265072e+01	3.947687e+01	1.868362e+16
4782	3.886363e+15	7.773720e+01	3.969639e+01	3.027908e+16
4783	3.886569e+15	7.731635e+01	4.023084e+01	1.674566e+16
4784	3.886776e+15	7.260239e+01	3.849290e+01	2.176608e+16
4785	3.886984e+15	7.939427e+01	3.837558e+01	3.409690e+16
4786	3.887194e+15	7.719209e+01	3.781489e+01	1.305594e+16
4787	3.887407e+15	7.657912e+01	3.922676e+01	2.309814e+16
4788	3.887619e+15	7.588392e+01	3.749957e+01	2.297562e+16
4789	3.887835e+15	7.838997e+01	3.847621e+01	1.483444e+16
4790	3.888052e+15	7.539020e+01	3.860820e+01	2.065534e+16
4791	3.888273e+15	7.106893e+01	3.874430e+01	1.165501e+16
4792	3.888497e+15	7.091493e+01	3.917640e+01	2.001407e+16
4793	3.888723e+15	6.710939e+01	3.908633e+01	1.636876e+16
4794	3.888951e+15	6.306232e+01	3.842143e+01	1.780099e+16
4795	3.889184e+15	6.050405e+01	3.996509e+01	1.502237e+16
4796	3.889416e+15	6.165989e+01	4.135257e+01	2.211299e+16
4797	3.889646e+15	5.835609e+01	3.930875e+01	1.616065e+16
4798	3.889882e+15	7.103949e+01	3.853610e+01	2.201647e+16
4799	3.890125e+15	6.184803e+01	3.843477e+01	2.726010e+16
4800	3.890376e+15	4.933780e+01	3.803505e+01	2.226148e+16
4801	3.890637e+15	5.184307e+01	3.921220e+01	2.383005e+16
4802	3.890905e+15	5.276516e+01	4.010560e+01	1.904328e+16
4803	3.891174e+15	5.290510e+01	3.915372e+01	3.044269e+16
4804	3.891451e+15	5.444023e+01	4.076255e+01	2.950447e+16
4805	3.891724e+15	6.050588e+01	3.973607e+01	2.473837e+16
4806	3.891995e+15	5.925720e+01	4.046019e+01	3.262098e+16
4807	3.892259e+15	5.888814e+01	3.811002e+01	1.858764e+16
4808	3.892523e+15	6.550878e+01	3.939564e+01	2.374215e+16
4809	3.892779e+15	6.205865e+01	3.852914e+01	2.705471e+16
4810	3.893028e+15	6.148704e+01	3.984222e+01	2.502472e+16
4811	3.893270e+15	5.993072e+01	4.100962e+01	1.890100e+16
4812	3.893508e+15	6.616272e+01	4.200294e+01	2.058070e+16
4813	3.893741e+15	7.903316e+01	4.100460e+01	1.207604e+16
4814	3.893971e+15	8.183466e+01	4.244809e+01	1.948872e+16
4815	3.894198e+15	7.045162e+01	4.025167e+01	2.485457e+16
4816	3.894429e+15	7.515618e+01	4.159684e+01	1.295758e+16
4817	3.894658e+15	7.831812e+01	4.136153e+01	1.480680e+16
4818	3.894886e+15	7.445512e+01	4.187215e+01	1.538258e+16
4819	3.895114e+15	6.978990e+01	3.974640e+01	1.462233e+16
4820	3.895350e+15	6.352827e+01	4.195522e+01	1.563111e+16
4821	3.895591e+15	5.729102e+01	4.157307e+01	1.296020e+16
4822	3.895843e+15	4.934262e+01	4.125423e+01	2.142076e+16
4823	3.896105e+15	6.337889e+01	4.739468e+01	1.841968e+16
4824	3.896351e+15	5.737720e+01	4.297728e+01	1.301325e+16
4825	3.896599e+15	5.822018e+01	4.284689e+01	2.193532e+16
4826	3.896852e+15	5.796983e+01	4.491628e+01	2.361194e+16
4827	3.897103e+15	5.611407e+01	4.348594e+01	2.162774e+16
4828	3.897356e+15	6.869135e+01	4.525777e+01	1.759200e+16
4829	3.897602e+15	7.032582e+01	4.470127e+01	1.305656e+16
4830	3.897844e+15	6.194455e+01	4.419524e+01	1.564402e+16
4831	3.898085e+15	6.072475e+01	4.512420e+01	1.749438e+16
4832	3.898320e+15	5.964419e+01	4.456307e+01	1.602911e+16
4833	3.898550e+15	6.231001e+01	4.254170e+01	1.267427e+16
4834	3.898781e+15	6.694341e+01	4.300491e+01	1.440970e+16
4835	3.899009e+15	6.730675e+01	4.350796e+01	9.507127e+15
4836	3.899236e+15	6.731027e+01	4.255807e+01	1.709594e+16
4837	3.899463e+15	6.741488e+01	4.256531e+01	1.368570e+16
4838	3.899690e+15	7.068341e+01	4.298981e+01	2.060514e+16
4839	3.899916e+15	6.404753e+01	4.294569e+01	1.270675e+16
4840	3.900141e+15	6.092330e+01	4.253680e+01	1.198221e+16
4841	3.900369e+15	5.916447e+01	4.384329e+01	1.808208e+16
4842	3.900595e+15	5.952318e+01	4.339466e+01	1.657861e+16
4843	3.900817e+15	6.352986e+01	4.118893e+01	1.771963e+16
4844	3.901038e+15	6.530152e+01	3.990683e+01	1.945624e+16
4845	3.901260e+15	6.721304e+01	3.932151e+01	1.839800e+16
4846	3.901481e+15	6.610805e+01	4.020945e+01	1.715678e+16
4847	3.901700e+15	6.575210e+01	4.104798e+01	1.408991e+16
4848	3.901920e+15	6.386863e+01	4.071859e+01	2.223282e+16
4849	3.902145e+15	6.079441e+01	4.063265e+01	2.465961e+16
4850	3.902372e+15	6.252149e+01	4.151012e+01	3.310663e+16
4851	3.902600e+15	5.739797e+01	4.204616e+01	2.394655e+16
4852	3.902830e+15	4.832806e+01	3.943306e+01	2.462468e+16
4853	3.903069e+15	5.959797e+01	4.074463e+01	1.864724e+16
4854	3.903305e+15	6.142228e+01	3.875086e+01	1.816049e+16
4855	3.903545e+15	5.777798e+01	3.912217e+01	2.314678e+16
4856	3.903786e+15	5.306496e+01	3.893604e+01	3.060218e+16
4857	3.904025e+15	5.001453e+01	3.775100e+01	2.460040e+16
4858	3.904268e+15	5.509776e+01	3.915860e+01	1.810716e+16
4859	3.904511e+15	6.525027e+01	4.242465e+01	1.880551e+16
4860	3.904738e+15	5.531299e+01	3.568914e+01	1.737318e+16
4861	3.904979e+15	6.015942e+01	3.952650e+01	2.364174e+16
4862	3.905214e+15	6.286477e+01	3.926401e+01	2.734824e+16
4863	3.905448e+15	6.505943e+01	4.081176e+01	3.082238e+16
4864	3.905676e+15	6.491781e+01	4.094858e+01	2.166274e+16
4865	3.905898e+15	6.944701e+01	4.100130e+01	2.401023e+16
4866	3.906117e+15	6.946701e+01	4.015026e+01	2.079220e+16
4867	3.906333e+15	7.547817e+01	3.909021e+01	2.029833e+16
4868	3.906550e+15	8.148726e+01	4.075396e+01	2.000168e+16
4869	3.906764e+15	6.645623e+01	3.560642e+01	1.144055e+16
4870	3.906996e+15	5.634680e+01	3.915068e+01	1.860959e+16
4871	3.907230e+15	5.033429e+01	3.881813e+01	8.205968e+15
4872	3.907463e+15	5.391792e+01	3.919808e+01	1.209681e+16
4873	3.907690e+15	3.872783e+01	3.634565e+01	1.556701e+16
4874	3.907921e+15	3.540686e+01	3.892870e+01	2.229321e+16
4875	3.908146e+15	3.583149e+01	3.696674e+01	1.610047e+16
4876	3.908375e+15	4.594759e+01	3.734856e+01	1.064583e+16
4877	3.908607e+15	5.164850e+01	3.603103e+01	1.347303e+16
4878	3.908842e+15	5.608824e+01	3.845851e+01	1.177461e+16
4879	3.909071e+15	6.015502e+01	3.642459e+01	1.645834e+16
4880	3.909300e+15	7.347639e+01	4.028384e+01	2.251266e+16
4881	3.909512e+15	6.723555e+01	4.118751e+01	1.413095e+16
4882	3.909701e+15	3.986672e+01	2.753839e+01	6.516079e+15
4883	3.909927e+15	4.427467e+01	3.233953e+01	1.615610e+16
4884	3.910171e+15	5.503956e+01	3.750952e+01	2.702908e+16
4885	3.910409e+15	5.609804e+01	3.453631e+01	1.374091e+16
4886	3.910653e+15	6.288605e+01	3.575011e+01	2.271284e+16
4887	3.910895e+15	5.916292e+01	3.397420e+01	1.596226e+16
4888	3.911139e+15	4.947106e+01	3.502471e+01	9.087022e+15
4889	3.911381e+15	6.020742e+01	3.828370e+01	1.103882e+16
4890	3.911605e+15	5.166943e+01	3.184667e+01	2.285899e+16
4891	3.911844e+15	5.290759e+01	3.532768e+01	1.968887e+16
4892	3.912082e+15	5.749604e+01	3.562697e+01	1.905052e+16
4893	3.912317e+15	4.721716e+01	3.373455e+01	1.660424e+16
4894	3.912559e+15	5.288760e+01	3.423613e+01	1.432193e+16
4895	3.912801e+15	6.448370e+01	3.462993e+01	2.214463e+16
4896	3.913039e+15	5.731182e+01	3.403702e+01	1.909099e+16
4897	3.913274e+15	5.490766e+01	3.709698e+01	2.077103e+16
4898	3.913500e+15	6.050408e+01	3.464786e+01	1.492962e+16
4899	3.913734e+15	6.434684e+01	3.735745e+01	1.917534e+16
4900	3.913964e+15	6.263807e+01	4.039749e+01	2.474727e+16
4901	3.914178e+15	5.973535e+01	3.503091e+01	1.497489e+16
4902	3.914401e+15	6.572316e+01	3.736376e+01	1.606634e+16
4903	3.914626e+15	6.713941e+01	3.844779e+01	1.911683e+16
4904	3.914850e+15	7.477533e+01	3.978560e+01	2.047352e+16
4905	3.915068e+15	6.812989e+01	3.795696e+01	2.625953e+16
4906	3.915288e+15	7.400771e+01	3.838983e+01	1.476517e+16
4907	3.915512e+15	7.257964e+01	3.999445e+01	2.544592e+16
4908	3.915731e+15	5.527026e+01	3.516784e+01	3.228735e+16
4909	3.915963e+15	6.155207e+01	3.970013e+01	3.025172e+16
4910	3.916190e+15	5.841839e+01	3.621876e+01	1.848955e+16
4911	3.916425e+15	5.378308e+01	3.833945e+01	2.250268e+16
4912	3.916659e+15	6.488306e+01	3.897404e+01	1.742714e+16
4913	3.916889e+15	6.499362e+01	3.758981e+01	2.468937e+16
4914	3.917118e+15	6.175436e+01	3.723033e+01	2.024453e+16
4915	3.917342e+15	5.779837e+01	3.737637e+01	1.815991e+16
4916	3.917568e+15	5.513822e+01	3.696038e+01	1.647439e+16
4917	3.917791e+15	5.250618e+01	3.641366e+01	2.276146e+16
4918	3.918013e+15	5.464289e+01	3.486498e+01	2.163798e+16
4919	3.918241e+15	6.090875e+01	3.805720e+01	2.452684e+16
4920	3.918467e+15	5.467284e+01	3.720924e+01	3.433325e+16
4921	3.918701e+15	6.160950e+01	3.964989e+01	2.856473e+16
4922	3.918934e+15	6.114518e+01	4.094238e+01	3.419538e+16
4923	3.919166e+15	5.106079e+01	3.949564e+01	2.252922e+16
4924	3.919403e+15	5.129279e+01	3.803049e+01	1.537631e+16
4925	3.919647e+15	5.017530e+01	3.988682e+01	3.414741e+16
4926	3.919895e+15	4.713336e+01	4.033532e+01	2.241483e+16
4927	3.920148e+15	6.311297e+01	4.869256e+01	1.992462e+16
4928	3.920370e+15	4.765205e+01	4.139279e+01	2.866740e+16
4929	3.920594e+15	3.993168e+01	4.053594e+01	2.431099e+16
4930	3.920822e+15	3.025370e+01	3.521136e+01	2.720203e+16
4931	3.921095e+15	4.558149e+01	4.603459e+01	3.758517e+16
4932	3.921371e+15	5.433746e+01	4.786099e+01	2.976381e+16
4933	3.921643e+15	5.092361e+01	4.618568e+01	4.310806e+16
4934	3.921915e+15	4.610331e+01	4.789962e+01	4.619593e+16
4935	3.922186e+15	3.888829e+01	4.548803e+01	3.015100e+16
4936	3.922469e+15	4.094025e+01	4.997356e+01	2.803570e+16
4937	3.922745e+15	5.059867e+01	4.829374e+01	4.195819e+16
4938	3.923020e+15	5.526681e+01	5.324947e+01	1.903113e+16
4939	3.923276e+15	4.681885e+01	4.937811e+01	1.313383e+16
4940	3.923527e+15	4.788686e+01	5.136454e+01	2.849641e+16
4941	3.923766e+15	5.303997e+01	5.118060e+01	1.932730e+16
4942	3.923998e+15	5.973656e+01	5.225794e+01	2.165771e+16
4943	3.924220e+15	5.636088e+01	5.154795e+01	2.289145e+16
4944	3.924436e+15	6.947537e+01	5.140721e+01	3.015407e+16
4945	3.924648e+15	7.895902e+01	5.229504e+01	2.140166e+16
4946	3.924856e+15	7.935685e+01	5.152911e+01	1.625336e+16
4947	3.925062e+15	8.258851e+01	5.190074e+01	1.919658e+16
4948	3.925264e+15	9.066536e+01	5.030393e+01	2.269241e+16
4949	3.925465e+15	8.944149e+01	4.824832e+01	2.548126e+16
4950	3.925667e+15	8.442078e+01	4.948272e+01	1.406257e+16
4951	3.925869e+15	8.592591e+01	5.184680e+01	2.117949e+16
4952	3.926065e+15	8.887480e+01	4.869856e+01	1.170198e+16
4953	3.926263e+15	9.574725e+01	5.084650e+01	1.473318e+16
4954	3.926458e+15	8.494179e+01	4.955609e+01	8.611083e+15
4955	3.926654e+15	8.558670e+01	4.993480e+01	1.629665e+16
4956	3.926849e+15	9.920575e+01	4.961979e+01	2.124229e+16
4957	3.927043e+15	9.563134e+01	4.745806e+01	2.331089e+16
4958	3.927242e+15	8.911800e+01	4.928321e+01	1.781557e+16
4959	3.927443e+15	7.628307e+01	4.865460e+01	2.176123e+16
4960	3.927648e+15	7.970629e+01	5.259267e+01	1.920829e+16
4961	3.927847e+15	7.267524e+01	4.704405e+01	2.892931e+16
4962	3.928058e+15	7.399814e+01	5.021345e+01	2.472429e+16
4963	3.928272e+15	7.287221e+01	4.976725e+01	1.667154e+16
4964	3.928485e+15	6.844619e+01	4.791803e+01	3.103204e+16
4965	3.928704e+15	6.711554e+01	4.800601e+01	1.627015e+16
4966	3.928927e+15	7.164231e+01	4.891093e+01	2.257355e+16
4967	3.929149e+15	7.940745e+01	4.906818e+01	2.174477e+16
4968	3.929374e+15	7.816933e+01	5.209503e+01	2.207391e+16
4969	3.929592e+15	7.844176e+01	4.973764e+01	2.424928e+16
4970	3.929808e+15	7.538260e+01	5.056190e+01	2.476573e+16
4971	3.930022e+15	7.948487e+01	5.048199e+01	2.583166e+16
4972	3.930231e+15	7.761368e+01	4.965538e+01	1.660980e+16
4973	3.930441e+15	8.304699e+01	5.016985e+01	2.154874e+16
4974	3.930652e+15	9.022327e+01	5.017320e+01	2.067525e+16
4975	3.930861e+15	8.874315e+01	4.860289e+01	1.605962e+16
4976	3.931071e+15	8.388787e+01	4.648817e+01	2.130989e+16
4977	3.931287e+15	8.371285e+01	4.653384e+01	1.895045e+16
4978	3.931503e+15	8.124982e+01	4.622095e+01	1.617091e+16
4979	3.931724e+15	7.761122e+01	4.633294e+01	2.003997e+16
4980	3.931948e+15	7.480459e+01	4.615035e+01	2.104487e+16
4981	3.932172e+15	7.613070e+01	4.615587e+01	3.325530e+16
4982	3.932398e+15	7.927272e+01	4.848248e+01	1.818970e+16
4983	3.932622e+15	8.385965e+01	4.847237e+01	1.671633e+16
4984	3.932845e+15	8.153279e+01	4.774094e+01	3.768750e+16
4985	3.933069e+15	8.337649e+01	5.002806e+01	3.124023e+16
4986	3.933288e+15	7.492105e+01	4.708975e+01	2.322248e+16
4987	3.933515e+15	7.282437e+01	4.806670e+01	2.209572e+16
4988	3.933744e+15	7.225379e+01	4.838670e+01	2.430192e+16
4989	3.933973e+15	6.611936e+01	4.732521e+01	1.938489e+16
4990	3.934204e+15	6.272737e+01	4.697603e+01	2.985054e+16
4991	3.934435e+15	6.859021e+01	4.635284e+01	2.332497e+16
4992	3.934665e+15	7.673711e+01	4.657593e+01	2.972651e+16
4993	3.934896e+15	7.790405e+01	4.610502e+01	3.813267e+16
4994	3.935127e+15	6.491178e+01	4.426900e+01	2.255349e+16
4995	3.935365e+15	6.453823e+01	4.639002e+01	2.813109e+16
4996	3.935601e+15	7.987809e+01	4.683439e+01	3.056842e+16
4997	3.935832e+15	7.350183e+01	4.375571e+01	2.425235e+16
4998	3.936063e+15	6.597071e+01	4.312788e+01	2.037082e+16
4999	3.936296e+15	7.431420e+01	4.458769e+01	1.401451e+16
5000	3.936524e+15	8.287429e+01	4.400372e+01	1.807792e+16
5001	3.936751e+15	7.816938e+01	4.334225e+01	2.415548e+16
5002	3.936980e+15	7.628433e+01	4.406972e+01	3.048072e+16
5003	3.937208e+15	7.445574e+01	4.354427e+01	3.059925e+16
5004	3.937437e+15	7.093696e+01	4.243654e+01	3.675495e+16
5005	3.937669e+15	7.310926e+01	4.253255e+01	2.184882e+16
5006	3.937897e+15	7.456897e+01	4.276816e+01	1.946399e+16
5007	3.938121e+15	7.278910e+01	4.272716e+01	2.091238e+16
5008	3.938343e+15	7.351047e+01	4.199802e+01	2.241280e+16
5009	3.938566e+15	8.026905e+01	4.366011e+01	1.745537e+16
5010	3.938783e+15	7.972826e+01	4.314260e+01	2.371424e+16
5011	3.938996e+15	8.240086e+01	4.316527e+01	2.339732e+16
5012	3.939206e+15	9.155154e+01	4.243985e+01	1.725886e+16
5013	3.939415e+15	9.938357e+01	4.289152e+01	1.707232e+16
5014	3.939622e+15	8.854455e+01	4.198550e+01	2.017108e+16
5015	3.939832e+15	7.544453e+01	4.107389e+01	1.936979e+16
5016	3.940046e+15	7.359083e+01	4.222695e+01	1.298948e+16
5017	3.940260e+15	7.727287e+01	4.804096e+01	3.569189e+16
5018	3.940456e+15	5.598854e+01	3.447675e+01	1.637036e+16
5019	3.940689e+15	7.213845e+01	4.513963e+01	1.889267e+16
5020	3.940921e+15	6.269339e+01	4.530551e+01	2.459409e+16
5021	3.941150e+15	7.091810e+01	4.647260e+01	3.207595e+16
5022	3.941373e+15	8.632428e+01	4.360362e+01	2.572622e+16
5023	3.941597e+15	8.416097e+01	3.857313e+01	2.031674e+16
5024	3.941837e+15	8.252806e+01	4.700707e+01	1.919686e+16
5025	3.942068e+15	6.421788e+01	4.302016e+01	2.494212e+16
5026	3.942309e+15	6.217229e+01	4.689930e+01	2.598805e+16
5027	3.942546e+15	7.298938e+01	4.583182e+01	1.133591e+16
5028	3.942776e+15	8.147031e+01	4.179883e+01	1.069479e+16
5029	3.943007e+15	8.414156e+01	4.346337e+01	1.801287e+16
5030	3.943231e+15	7.082789e+01	4.170847e+01	1.681930e+16
5031	3.943453e+15	6.313716e+01	3.950370e+01	1.513422e+16
5032	3.943681e+15	7.203059e+01	4.200925e+01	1.692901e+16
5033	3.943907e+15	7.087940e+01	4.330105e+01	1.334351e+16
5034	3.944131e+15	6.375671e+01	4.131429e+01	2.188191e+16
5035	3.944355e+15	6.889156e+01	4.156446e+01	1.486495e+16
5036	3.944577e+15	7.990921e+01	4.027087e+01	1.609887e+16
5037	3.944797e+15	7.899248e+01	3.983536e+01	1.727124e+16
5038	3.945018e+15	7.796466e+01	4.161076e+01	1.092875e+16
5039	3.945235e+15	7.791022e+01	4.013739e+01	2.221094e+16
5040	3.945455e+15	7.591200e+01	3.936578e+01	2.560533e+16
5041	3.945681e+15	6.976084e+01	3.864767e+01	2.251446e+16
5042	3.945920e+15	6.557230e+01	4.127792e+01	2.060497e+16
5043	3.946162e+15	6.311911e+01	4.317776e+01	2.943074e+16
5044	3.946400e+15	5.931906e+01	4.237505e+01	2.019571e+16
5045	3.946635e+15	6.274614e+01	4.316983e+01	2.943592e+16
5046	3.946864e+15	8.360010e+01	4.397021e+01	2.721898e+16
5047	3.947089e+15	8.272849e+01	4.429259e+01	1.079645e+16
5048	3.947312e+15	7.234438e+01	4.180617e+01	1.506115e+16
5049	3.947539e+15	6.758625e+01	4.138527e+01	1.920055e+16
5050	3.947766e+15	5.916114e+01	3.894354e+01	2.000964e+16
5051	3.948002e+15	6.570826e+01	4.183163e+01	2.578335e+16
5052	3.948233e+15	6.091458e+01	4.042960e+01	2.616836e+16
5053	3.948467e+15	5.570197e+01	4.203147e+01	1.474048e+16
5054	3.948704e+15	6.422569e+01	4.583254e+01	3.541852e+16
5055	3.948933e+15	5.904849e+01	4.253665e+01	2.398491e+16
5056	3.949168e+15	6.130843e+01	4.577321e+01	2.244349e+16
5057	3.949392e+15	6.241341e+01	4.380593e+01	2.154338e+16
5058	3.949614e+15	5.969829e+01	4.463699e+01	2.196078e+16
5059	3.949831e+15	8.014355e+01	4.439359e+01	2.668479e+16
5060	3.950043e+15	8.723164e+01	4.439041e+01	2.624756e+16
5061	3.950251e+15	8.287247e+01	4.621856e+01	2.300910e+16
5062	3.950453e+15	8.020596e+01	4.707189e+01	2.222341e+16
5063	3.950649e+15	7.706382e+01	4.633827e+01	2.246986e+16
5064	3.950845e+15	8.276407e+01	4.782523e+01	2.192801e+16
5065	3.951039e+15	8.835429e+01	4.781570e+01	2.213992e+16
5066	3.951231e+15	8.715341e+01	4.889910e+01	1.572442e+16
5067	3.951418e+15	7.739839e+01	4.509636e+01	2.589371e+16
5068	3.951612e+15	7.907669e+01	4.736470e+01	1.266812e+16
5069	3.951806e+15	8.099964e+01	4.530877e+01	1.388980e+16
5070	3.952005e+15	7.234183e+01	4.222204e+01	1.214534e+16
5071	3.952215e+15	6.332933e+01	4.252568e+01	1.713234e+16
5072	3.952436e+15	5.953244e+01	4.517130e+01	7.838876e+15
5073	3.952654e+15	5.303320e+01	4.468664e+01	1.801765e+16
5074	3.952870e+15	5.630405e+01	4.770802e+01	9.238000e+15
5075	3.953079e+15	6.102038e+01	4.645198e+01	1.617658e+16
5076	3.953289e+15	6.073335e+01	4.616550e+01	1.485112e+16
5077	3.953498e+15	5.275420e+01	4.592392e+01	2.233110e+16
5078	3.953707e+15	5.814377e+01	5.140093e+01	1.180171e+16
5079	3.953898e+15	5.821124e+01	4.073796e+01	1.001800e+16
5080	3.954107e+15	6.089563e+01	4.536414e+01	9.727501e+15
5081	3.954316e+15	5.425719e+01	4.420772e+01	1.329035e+16
5082	3.954529e+15	5.814037e+01	4.601717e+01	1.325647e+16
5083	3.954745e+15	5.497700e+01	4.536806e+01	9.232294e+15
5084	3.954965e+15	5.686963e+01	4.571347e+01	1.891018e+16
5085	3.955191e+15	5.851737e+01	4.654441e+01	1.425478e+16
5086	3.955419e+15	6.291578e+01	4.818576e+01	1.302388e+16
5087	3.955640e+15	8.096049e+01	4.601687e+01	1.199917e+16
5088	3.955865e+15	7.202210e+01	4.837538e+01	1.638139e+16
5089	3.956085e+15	4.663635e+01	4.461298e+01	1.397425e+16
5090	3.956313e+15	3.826856e+01	4.537785e+01	1.368923e+16
5091	3.956546e+15	4.949625e+01	4.911029e+01	2.150665e+16
5092	3.956769e+15	5.286221e+01	4.485037e+01	2.096026e+16
5093	3.956998e+15	5.200805e+01	4.582033e+01	2.267928e+16
5094	3.957229e+15	6.109107e+01	4.678591e+01	2.289649e+16
5095	3.957455e+15	7.548530e+01	6.127025e+01	1.928568e+16
5096	3.957637e+15	5.144193e+01	3.641250e+01	1.951720e+16
5097	3.957853e+15	6.588888e+01	4.319830e+01	1.712055e+16
5098	3.958078e+15	6.038918e+01	4.407520e+01	2.593409e+16
5099	3.958308e+15	7.371753e+01	4.856668e+01	2.465748e+16
5100	3.958529e+15	6.990824e+01	4.623189e+01	2.206412e+16
5101	3.958756e+15	6.659855e+01	4.711844e+01	2.349443e+16
5102	3.958980e+15	7.089357e+01	4.603522e+01	2.752518e+16
5103	3.959201e+15	6.507841e+01	4.647952e+01	1.587898e+16
5104	3.959420e+15	6.740325e+01	4.526169e+01	2.041959e+16
5105	3.959639e+15	7.388301e+01	4.609262e+01	9.555918e+15
5106	3.959853e+15	7.422438e+01	4.574927e+01	1.549419e+16
5107	3.960066e+15	8.105030e+01	4.578583e+01	1.083597e+16
5108	3.960278e+15	8.639567e+01	4.642650e+01	1.656319e+16
5109	3.960490e+15	8.161353e+01	4.733357e+01	1.099357e+16
5110	3.960702e+15	7.981195e+01	4.867724e+01	2.800657e+16
5111	3.960911e+15	8.475241e+01	4.767208e+01	2.608867e+16
5112	3.961122e+15	7.797807e+01	4.748013e+01	2.065231e+16
5113	3.961336e+15	7.048329e+01	4.712332e+01	1.882794e+16
5114	3.961554e+15	6.307951e+01	4.698433e+01	1.529486e+16
5115	3.961775e+15	7.309058e+01	4.790943e+01	1.638319e+16
5116	3.961993e+15	8.812092e+01	4.730759e+01	1.991330e+16
5117	3.962208e+15	9.040498e+01	4.523496e+01	2.281239e+16
5118	3.962429e+15	8.141703e+01	4.710774e+01	2.245109e+16
5119	3.962646e+15	5.561722e+01	4.049964e+01	1.107982e+16
5120	3.962881e+15	5.619571e+01	4.573231e+01	2.289548e+16
5121	3.963110e+15	7.229872e+01	4.731759e+01	1.352711e+16
5122	3.963330e+15	8.303943e+01	4.719136e+01	2.011766e+16
5123	3.963547e+15	7.681966e+01	4.648872e+01	2.248887e+16
5124	3.963762e+15	6.848532e+01	4.543090e+01	1.457617e+16
5125	3.963976e+15	7.396925e+01	4.637946e+01	1.756161e+16
5126	3.964189e+15	8.196378e+01	4.768837e+01	2.758068e+16
5127	3.964398e+15	7.030976e+01	4.535055e+01	2.480640e+16
5128	3.964613e+15	7.236013e+01	4.652670e+01	1.793706e+16
5129	3.964828e+15	6.680851e+01	4.551734e+01	6.076710e+15
5130	3.965047e+15	6.580701e+01	4.543297e+01	2.122633e+16
5131	3.965272e+15	6.895165e+01	4.681749e+01	1.958985e+16
5132	3.965496e+15	6.395968e+01	4.525310e+01	2.992474e+16
5133	3.965728e+15	6.352692e+01	4.461369e+01	3.341332e+16
5134	3.965969e+15	6.279121e+01	4.687111e+01	2.421240e+16
5135	3.966209e+15	6.243233e+01	4.454255e+01	1.272299e+16
5136	3.966456e+15	5.856225e+01	4.538846e+01	1.579029e+16
5137	3.966703e+15	5.478361e+01	4.596011e+01	1.737753e+16
5138	3.966949e+15	4.982067e+01	4.599903e+01	2.105812e+16
5139	3.967191e+15	5.159237e+01	4.703080e+01	2.423696e+16
5140	3.967428e+15	6.062910e+01	4.711637e+01	1.971395e+16
5141	3.967659e+15	6.223431e+01	4.724508e+01	2.250081e+16
5142	3.967886e+15	6.750392e+01	4.619009e+01	1.904035e+16
5143	3.968113e+15	6.857253e+01	4.945729e+01	1.788770e+16
5144	3.968332e+15	6.055962e+01	4.801329e+01	2.135734e+16
5145	3.968549e+15	6.450716e+01	4.649986e+01	2.039897e+16
5146	3.968767e+15	7.415638e+01	4.610719e+01	3.021222e+16
5147	3.968986e+15	6.908928e+01	4.649444e+01	1.372819e+16
5148	3.969204e+15	7.033619e+01	4.615360e+01	2.198669e+16
5149	3.969421e+15	7.107878e+01	4.494441e+01	1.370549e+16
5150	3.969640e+15	7.573076e+01	4.277488e+01	2.596217e+16
5151	3.969859e+15	6.717048e+01	4.225206e+01	2.132528e+16
5152	3.970082e+15	7.301801e+01	4.202205e+01	2.368086e+16
5153	3.970306e+15	7.352756e+01	4.224862e+01	2.231286e+16
5154	3.970531e+15	5.838543e+01	4.153107e+01	1.901450e+16
5155	3.970761e+15	5.496908e+01	4.047658e+01	2.646273e+16
5156	3.970998e+15	6.225790e+01	4.294781e+01	2.813850e+16
5157	3.971231e+15	6.061452e+01	4.186266e+01	2.299491e+16
5158	3.971467e+15	6.505175e+01	4.350957e+01	1.208061e+16
5159	3.971701e+15	6.919191e+01	4.409667e+01	2.257046e+16
5160	3.971932e+15	6.316533e+01	4.298097e+01	1.841952e+16
5161	3.972163e+15	6.092131e+01	4.355266e+01	2.143340e+16
5162	3.972392e+15	8.015285e+01	4.350785e+01	1.616366e+16
5163	3.972615e+15	9.439106e+01	5.103352e+01	1.894923e+16
5164	3.972809e+15	7.046658e+01	3.790871e+01	9.340726e+15
5165	3.973025e+15	7.916743e+01	4.527511e+01	1.436994e+16
5166	3.973237e+15	7.337596e+01	4.432350e+01	2.064265e+16
5167	3.973449e+15	8.103415e+01	4.511488e+01	1.875304e+16
5168	3.973658e+15	8.856687e+01	4.232582e+01	2.364861e+16
5169	3.973868e+15	8.884036e+01	4.286345e+01	1.585500e+16
5170	3.974077e+15	8.496628e+01	4.400316e+01	2.595437e+16
5171	3.974284e+15	8.412810e+01	5.105099e+01	1.890076e+16
5172	3.974467e+15	6.385911e+01	3.656006e+01	1.025893e+16
5173	3.974675e+15	8.223017e+01	4.268088e+01	2.964026e+16
5174	3.974885e+15	8.246451e+01	4.443496e+01	1.806565e+16
5175	3.975093e+15	8.464399e+01	4.355046e+01	1.316718e+16
5176	3.975305e+15	8.460599e+01	4.561206e+01	2.583086e+16
5177	3.975513e+15	7.585943e+01	4.391677e+01	2.005015e+16
5178	3.975724e+15	8.251876e+01	4.610672e+01	1.107370e+16
5179	3.975932e+15	8.504597e+01	4.451601e+01	2.976269e+16
5180	3.976143e+15	8.186721e+01	4.538047e+01	2.144263e+16
5181	3.976351e+15	8.933192e+01	4.379994e+01	2.050978e+16
5182	3.976557e+15	9.697405e+01	4.053622e+01	1.952164e+16
5183	3.976768e+15	8.706102e+01	4.195530e+01	1.514294e+16
5184	3.976979e+15	7.368031e+01	3.980513e+01	2.358032e+16
5185	3.977198e+15	8.011802e+01	4.697942e+01	1.709016e+16
5186	3.977401e+15	7.055091e+01	4.356396e+01	2.403448e+16
5187	3.977603e+15	5.925079e+01	3.727469e+01	1.550917e+16
5188	3.977833e+15	6.176824e+01	4.519829e+01	1.641848e+16
5189	3.978063e+15	7.023186e+01	4.439645e+01	2.173425e+16
5190	3.978291e+15	6.706665e+01	4.135749e+01	1.979816e+16
5191	3.978527e+15	5.872348e+01	4.274212e+01	1.448353e+16
5192	3.978764e+15	6.899942e+01	4.468407e+01	1.808608e+16
5193	3.978997e+15	7.330530e+01	4.148487e+01	2.249227e+16
5194	3.979235e+15	8.079493e+01	4.214578e+01	2.830088e+16
5195	3.979471e+15	7.926018e+01	4.253325e+01	2.764970e+16
5196	3.979704e+15	7.162716e+01	4.133771e+01	2.411895e+16
5197	3.979939e+15	6.058858e+01	3.816247e+01	2.518944e+16
5198	3.980190e+15	6.415082e+01	4.274338e+01	2.186344e+16
5199	3.980440e+15	6.624633e+01	4.567060e+01	3.974966e+16
5200	3.980679e+15	6.410361e+01	4.825064e+01	2.927583e+16
5201	3.980911e+15	7.770221e+01	4.846211e+01	2.720779e+16
5202	3.981136e+15	8.142220e+01	4.649447e+01	3.818331e+16
5203	3.981360e+15	8.706206e+01	4.681259e+01	3.110763e+16
5204	3.981578e+15	8.397264e+01	4.679291e+01	2.810535e+16
5205	3.981792e+15	7.535253e+01	4.969269e+01	1.487744e+16
5206	3.981998e+15	6.741181e+01	4.541967e+01	2.204488e+16
5207	3.982212e+15	7.158062e+01	4.578318e+01	2.709478e+16
5208	3.982432e+15	7.396845e+01	4.683449e+01	2.544288e+16
5209	3.982652e+15	6.671918e+01	4.582936e+01	2.687489e+16
5210	3.982874e+15	6.165648e+01	4.639564e+01	2.067977e+16
5211	3.983097e+15	6.595923e+01	4.689507e+01	1.798371e+16
5212	3.983321e+15	6.984165e+01	4.563171e+01	2.440362e+16
5213	3.983549e+15	7.055667e+01	4.820419e+01	1.719548e+16
5214	3.983774e+15	7.215220e+01	4.689946e+01	2.455396e+16
5215	3.983999e+15	7.017028e+01	4.717792e+01	2.631625e+16
5216	3.984225e+15	6.973246e+01	4.670999e+01	3.337701e+16
5217	3.984453e+15	6.366450e+01	4.882096e+01	2.475562e+16
5218	3.984676e+15	6.265964e+01	4.743811e+01	2.655481e+16
5219	3.984900e+15	6.359342e+01	4.585663e+01	2.222570e+16
5220	3.985124e+15	6.744764e+01	5.039326e+01	2.270639e+16
5221	3.985336e+15	5.925456e+01	4.276097e+01	1.312119e+16
5222	3.985562e+15	6.929060e+01	4.742689e+01	2.573434e+16
5223	3.985784e+15	6.698742e+01	4.459162e+01	1.622586e+16
5224	3.986007e+15	6.010268e+01	4.750581e+01	1.330808e+16
5225	3.986224e+15	6.334332e+01	4.783813e+01	2.353662e+16
5226	3.986437e+15	6.626232e+01	4.820385e+01	1.930312e+16
5227	3.986646e+15	6.171154e+01	4.915731e+01	2.314227e+16
5228	3.986850e+15	5.778247e+01	4.832933e+01	2.103214e+16
5229	3.987053e+15	6.597550e+01	4.983101e+01	2.104201e+16
5230	3.987253e+15	7.653878e+01	5.040871e+01	1.568825e+16
5231	3.987448e+15	7.700582e+01	4.947678e+01	1.544047e+16
5232	3.987641e+15	7.762613e+01	4.760426e+01	1.553410e+16
5233	3.987837e+15	8.124791e+01	4.660113e+01	1.210270e+16
5234	3.988037e+15	8.485740e+01	4.531157e+01	1.732663e+16
5235	3.988239e+15	6.231790e+01	4.181297e+01	1.524786e+16
5236	3.988458e+15	5.503827e+01	4.741961e+01	1.297701e+16
5237	3.988673e+15	5.258817e+01	4.726347e+01	2.198695e+16
5238	3.988887e+15	4.530969e+01	4.591730e+01	1.631153e+16
5239	3.989106e+15	4.312408e+01	4.917085e+01	1.580839e+16
5240	3.989320e+15	4.397000e+01	4.386218e+01	1.208996e+16
5241	3.989542e+15	6.247287e+01	4.943755e+01	1.644729e+16
5242	3.989752e+15	7.662712e+01	4.010265e+01	1.507193e+16
5243	3.989986e+15	8.203957e+01	4.553703e+01	1.248162e+16
5244	3.990221e+15	6.709997e+01	4.678156e+01	2.613795e+16
5245	3.990451e+15	5.734321e+01	4.690065e+01	1.402701e+16
5246	3.990673e+15	5.638341e+01	4.211165e+01	2.511915e+16
5247	3.990901e+15	6.958045e+01	4.425558e+01	1.653492e+16
5248	3.991129e+15	7.816852e+01	4.506079e+01	1.942245e+16
5249	3.991350e+15	6.971929e+01	4.001801e+01	2.617804e+16
5250	3.991574e+15	6.943860e+01	4.540431e+01	1.450426e+16
5251	3.991782e+15	5.284903e+01	3.679673e+01	1.332803e+16
5252	3.992008e+15	5.556691e+01	4.201859e+01	1.870998e+16
5253	3.992233e+15	6.242422e+01	4.309242e+01	1.488141e+16
5254	3.992452e+15	7.041357e+01	4.237309e+01	1.945106e+16
5255	3.992667e+15	7.251911e+01	4.004933e+01	1.816686e+16
5256	3.992889e+15	7.458031e+01	4.386199e+01	3.014759e+16
5257	3.993106e+15	7.241746e+01	4.439167e+01	1.922322e+16
5258	3.993315e+15	6.844611e+01	4.579104e+01	2.163432e+16
5259	3.993520e+15	8.154869e+01	4.469454e+01	2.699110e+16
5260	3.993723e+15	1.027210e+02	4.440056e+01	2.554544e+16
5261	3.993924e+15	1.045480e+02	4.257898e+01	1.777819e+16
5262	3.994127e+15	9.004512e+01	4.171540e+01	1.694724e+16
5263	3.994334e+15	8.193590e+01	4.216760e+01	2.196814e+16
5264	3.994540e+15	7.409060e+01	4.084209e+01	1.225328e+16
5265	3.994752e+15	7.152455e+01	4.312429e+01	2.066961e+16
5266	3.994963e+15	6.951133e+01	4.277250e+01	2.002599e+16
5267	3.995178e+15	6.946140e+01	4.470259e+01	1.382576e+16
5268	3.995391e+15	7.040023e+01	4.335447e+01	1.056923e+16
5269	3.995607e+15	7.219245e+01	4.269302e+01	1.644836e+16
5270	3.995821e+15	7.797996e+01	4.237281e+01	1.505025e+16
5271	3.996033e+15	7.566416e+01	4.101453e+01	1.703687e+16
5272	3.996250e+15	6.614321e+01	3.985312e+01	2.049069e+16
5273	3.996475e+15	6.416333e+01	4.033602e+01	2.132034e+16
5274	3.996703e+15	6.009774e+01	3.927049e+01	2.148608e+16
5275	3.996938e+15	6.379236e+01	4.076171e+01	2.559305e+16
5276	3.997173e+15	6.387839e+01	4.045406e+01	2.406792e+16
5277	3.997410e+15	5.824399e+01	4.167185e+01	1.364588e+16
5278	3.997643e+15	5.762576e+01	4.015899e+01	1.931871e+16
5279	3.997878e+15	5.798149e+01	4.127035e+01	2.380618e+16
5280	3.998112e+15	6.276907e+01	4.297451e+01	2.541359e+16
5281	3.998339e+15	6.228236e+01	4.305189e+01	2.517341e+16
5282	3.998560e+15	7.119887e+01	4.259603e+01	2.020780e+16
5283	3.998774e+15	8.050114e+01	4.155716e+01	1.914543e+16
5284	3.998986e+15	8.463408e+01	4.185628e+01	9.340809e+15
5285	3.999193e+15	8.518206e+01	4.069885e+01	2.003516e+16
5286	3.999399e+15	8.661312e+01	4.047676e+01	3.237745e+16
5287	3.999605e+15	8.645637e+01	4.066168e+01	1.700691e+16
5288	3.999810e+15	8.437473e+01	3.997812e+01	2.489424e+16
5289	4.000015e+15	9.230116e+01	4.084849e+01	2.429864e+16
5290	4.000218e+15	8.714353e+01	3.920950e+01	1.939801e+16
5291	4.000425e+15	9.395642e+01	4.408648e+01	1.799836e+16
5292	4.000622e+15	8.366565e+01	3.932942e+01	1.539098e+16
5293	4.000829e+15	8.554775e+01	4.159609e+01	2.677680e+16
5294	4.001038e+15	8.935683e+01	4.254786e+01	1.602729e+16
5295	4.001247e+15	9.022723e+01	4.277062e+01	1.920362e+16
5296	4.001454e+15	8.480320e+01	4.197755e+01	1.935640e+16
5297	4.001664e+15	7.711504e+01	3.963253e+01	2.208662e+16
5298	4.001879e+15	8.080501e+01	4.000451e+01	1.765494e+16
5299	4.002096e+15	7.461447e+01	3.905624e+01	1.094856e+16
5300	4.002316e+15	6.757272e+01	3.948725e+01	2.322178e+16
5301	4.002538e+15	6.562398e+01	3.630017e+01	1.733738e+16
5302	4.002775e+15	7.255822e+01	4.025947e+01	1.576867e+16
5303	4.003006e+15	7.240361e+01	3.846730e+01	2.054119e+16
5304	4.003238e+15	5.294948e+01	3.849409e+01	2.017354e+16
5305	4.003468e+15	5.989334e+01	3.978935e+01	1.764026e+16
5306	4.003693e+15	8.128820e+01	3.880057e+01	9.664254e+15
5307	4.003918e+15	1.006330e+02	4.956441e+01	2.035230e+16
5308	4.004109e+15	7.032451e+01	3.737519e+01	1.140948e+16
5309	4.004314e+15	6.060226e+01	3.743564e+01	1.672995e+16
5310	4.004538e+15	6.521527e+01	4.307288e+01	1.389966e+16
5311	4.004764e+15	7.626731e+01	4.733729e+01	2.014910e+16
5312	4.004976e+15	6.025492e+01	4.109430e+01	1.180722e+16
5313	4.005199e+15	6.837426e+01	4.500701e+01	2.097525e+16
5314	4.005422e+15	7.451343e+01	4.511289e+01	2.183836e+16
5315	4.005647e+15	6.446026e+01	4.188913e+01	2.127891e+16
5316	4.005878e+15	5.768549e+01	4.269630e+01	1.956011e+16
5317	4.006112e+15	6.422032e+01	4.297421e+01	1.279530e+16
5318	4.006343e+15	5.756660e+01	3.955016e+01	1.542982e+16
5319	4.006587e+15	5.712386e+01	4.114765e+01	9.654307e+15
5320	4.006834e+15	5.564626e+01	4.587684e+01	1.486068e+16
5321	4.007069e+15	6.929902e+01	4.358982e+01	1.907404e+16
5322	4.007300e+15	7.840126e+01	3.974245e+01	8.357927e+15
5323	4.007530e+15	7.178795e+01	4.005214e+01	1.209350e+16
5324	4.007753e+15	6.643236e+01	4.037981e+01	1.592890e+16
5325	4.007975e+15	7.268591e+01	4.022694e+01	1.780068e+16
5326	4.008195e+15	6.843614e+01	3.972813e+01	1.594126e+16
5327	4.008417e+15	6.214587e+01	4.081251e+01	1.772854e+16
5328	4.008638e+15	6.451510e+01	4.058584e+01	2.502669e+16
5329	4.008856e+15	6.443047e+01	3.939273e+01	1.783290e+16
5330	4.009075e+15	8.184984e+01	5.186980e+01	2.825740e+16
5331	4.009241e+15	7.997620e+01	4.149511e+01	1.192110e+16
5332	4.009406e+15	8.733558e+01	4.191265e+01	6.206881e+15
5333	4.009565e+15	8.654882e+01	3.999792e+01	1.208419e+16
5334	4.009722e+15	8.906745e+01	4.080680e+01	7.140537e+15
5335	4.009877e+15	1.035850e+02	4.036393e+01	1.871997e+16
5336	4.010034e+15	1.309465e+02	4.008692e+01	2.133040e+16
5337	4.010191e+15	1.347681e+02	3.901652e+01	2.752446e+16
5338	4.010354e+15	1.261015e+02	3.780083e+01	2.527158e+16
5339	4.010527e+15	1.015145e+02	3.760940e+01	1.706671e+16
5340	4.010708e+15	8.908438e+01	3.745451e+01	2.452242e+16
5341	4.010895e+15	7.380562e+01	3.567138e+01	2.504694e+16
5342	4.011096e+15	6.287198e+01	3.491165e+01	2.577882e+16
5343	4.011314e+15	6.131809e+01	3.559018e+01	2.541495e+16
5344	4.011546e+15	6.404611e+01	4.598955e+01	4.225796e+15
5345	4.011749e+15	4.907350e+01	3.532220e+01	2.799267e+16
5346	4.011967e+15	4.129665e+01	3.064135e+01	1.672829e+16
5347	4.012229e+15	4.831153e+01	4.076436e+01	2.078524e+16
5348	4.012484e+15	4.060291e+01	3.592852e+01	2.149894e+16
5349	4.012755e+15	3.681160e+01	3.024948e+01	1.430088e+16
5350	4.013079e+15	5.059497e+01	4.849833e+01	1.949427e+16
5351	4.013352e+15	4.205061e+01	3.907653e+01	1.862377e+16
5352	4.013631e+15	4.488038e+01	4.307704e+01	2.949135e+16
5353	4.013900e+15	4.948706e+01	5.557370e+01	2.362347e+16
5354	4.014113e+15	3.002277e+01	3.643919e+01	2.210881e+16
5355	4.014349e+15	3.757042e+01	4.104661e+01	2.320354e+16
5356	4.014585e+15	4.495857e+01	3.951648e+01	8.799906e+15
5357	4.014825e+15	5.311417e+01	4.195585e+01	1.741062e+16
5358	4.015055e+15	5.000901e+01	4.190412e+01	1.395263e+16
5359	4.015278e+15	5.055332e+01	4.234272e+01	1.782067e+16
5360	4.015493e+15	5.663062e+01	4.134983e+01	1.197936e+16
5361	4.015700e+15	5.755943e+01	4.002194e+01	1.395360e+16
5362	4.015903e+15	6.481996e+01	4.014896e+01	9.319574e+15
5363	4.016106e+15	6.970157e+01	4.100018e+01	1.271037e+16
5364	4.016303e+15	7.006151e+01	3.921402e+01	1.356881e+16
5365	4.016501e+15	6.648678e+01	3.936148e+01	1.970864e+16
5366	4.016701e+15	6.671873e+01	4.016128e+01	1.736893e+16
5367	4.016899e+15	7.509325e+01	3.935207e+01	1.905907e+16
5368	4.017100e+15	6.715204e+01	4.077206e+01	1.877291e+16
5369	4.017301e+15	5.312976e+01	3.995598e+01	2.969323e+16
5370	4.017507e+15	4.754399e+01	4.024792e+01	2.435111e+16
5371	4.017718e+15	4.977988e+01	3.704437e+01	1.064518e+16
5372	4.017947e+15	5.442918e+01	4.280220e+01	2.195798e+16
5373	4.018174e+15	7.092423e+01	4.380652e+01	1.923833e+16
5374	4.018394e+15	8.211773e+01	4.012598e+01	1.903727e+16
5375	4.018622e+15	6.940756e+01	4.409827e+01	1.612143e+16
5376	4.018844e+15	5.095219e+01	4.319350e+01	1.934953e+16
5377	4.019064e+15	5.511905e+01	4.465076e+01	2.236256e+16
5378	4.019281e+15	6.699492e+01	4.634712e+01	2.083727e+16
5379	4.019493e+15	7.850687e+01	4.505616e+01	1.892337e+16
5380	4.019706e+15	7.798400e+01	4.665057e+01	2.406286e+16
5381	4.019917e+15	6.307946e+01	4.449910e+01	1.334763e+16
5382	4.020131e+15	6.063966e+01	4.489569e+01	2.973135e+16
5383	4.020352e+15	6.422706e+01	4.629432e+01	2.886352e+16
5384	4.020579e+15	5.848638e+01	4.688824e+01	2.257632e+16
5385	4.020814e+15	5.997027e+01	4.829455e+01	3.040586e+16
5386	4.021049e+15	6.770841e+01	4.845832e+01	2.680509e+16
5387	4.021282e+15	6.122949e+01	4.463207e+01	2.140583e+16
5388	4.021522e+15	5.756138e+01	4.675300e+01	3.208109e+16
5389	4.021766e+15	6.067973e+01	4.813170e+01	1.711283e+16
5390	4.022010e+15	5.742559e+01	4.737902e+01	1.912455e+16
5391	4.022255e+15	6.323076e+01	4.779403e+01	1.623596e+16
5392	4.022498e+15	6.846260e+01	4.909803e+01	2.008297e+16
5393	4.022738e+15	6.668847e+01	5.040568e+01	3.050333e+16
5394	4.022971e+15	6.019764e+01	4.883224e+01	1.790101e+16
5395	4.023199e+15	6.390202e+01	4.683588e+01	1.835999e+16
5396	4.023427e+15	6.828086e+01	4.837178e+01	1.290577e+16
5397	4.023650e+15	6.538554e+01	4.715217e+01	2.499778e+16
5398	4.023872e+15	6.107643e+01	4.740370e+01	1.844485e+16
5399	4.024094e+15	5.979056e+01	4.693526e+01	2.604394e+16
5400	4.024319e+15	6.319916e+01	4.740925e+01	2.394564e+16
5401	4.024541e+15	5.554070e+01	4.687718e+01	2.356283e+16
5402	4.024765e+15	5.568647e+01	4.499727e+01	1.368417e+16
5403	4.024997e+15	5.824164e+01	4.603304e+01	1.822611e+16
5404	4.025235e+15	6.276168e+01	4.594264e+01	3.307376e+16
5405	4.025477e+15	5.999726e+01	4.668974e+01	4.219370e+16
5406	4.025720e+15	5.746313e+01	4.764797e+01	3.477704e+16
5407	4.025961e+15	6.450902e+01	4.805911e+01	3.076475e+16
5408	4.026200e+15	6.877540e+01	4.740202e+01	2.484201e+16
5409	4.026443e+15	6.930157e+01	4.861844e+01	3.152594e+16
5410	4.026686e+15	6.809698e+01	4.963055e+01	3.678765e+16
5411	4.026927e+15	5.820846e+01	4.709822e+01	4.299300e+16
5412	4.027179e+15	5.718587e+01	4.983152e+01	1.980145e+16
5413	4.027430e+15	5.167367e+01	4.741590e+01	3.074825e+16
5414	4.027691e+15	6.071170e+01	5.246372e+01	3.369654e+16
5415	4.027940e+15	5.453498e+01	4.844931e+01	2.628960e+16
5416	4.028192e+15	5.862207e+01	4.913429e+01	2.351316e+16
5417	4.028438e+15	7.078710e+01	4.649163e+01	2.624084e+16
5418	4.028685e+15	7.674482e+01	4.518074e+01	2.571749e+16
5419	4.028934e+15	7.289793e+01	4.688125e+01	9.741568e+15
5420	4.029177e+15	6.472335e+01	4.303091e+01	1.617621e+16
5421	4.029429e+15	6.697196e+01	4.654922e+01	2.068001e+16
5422	4.029675e+15	6.864181e+01	4.401438e+01	1.382779e+16
5423	4.029922e+15	6.468747e+01	4.488512e+01	2.212083e+16
5424	4.030166e+15	6.435750e+01	4.384112e+01	1.478763e+16
5425	4.030408e+15	6.959698e+01	4.496623e+01	1.734749e+16
5426	4.030647e+15	7.613195e+01	4.438784e+01	2.297965e+16
5427	4.030881e+15	7.909253e+01	4.394897e+01	1.521603e+16
5428	4.031111e+15	8.260004e+01	4.402533e+01	1.768270e+16
5429	4.031336e+15	8.306324e+01	4.491477e+01	1.466515e+16
5430	4.031555e+15	8.469932e+01	4.316953e+01	1.766339e+16
5431	4.031776e+15	8.569788e+01	4.396279e+01	2.837985e+16
5432	4.031997e+15	7.877438e+01	4.435917e+01	2.455585e+16
5433	4.032217e+15	7.473845e+01	4.365952e+01	2.265237e+16
5434	4.032438e+15	8.504189e+01	4.518339e+01	1.916583e+16
5435	4.032655e+15	9.263743e+01	4.243486e+01	2.378445e+16
5436	4.032878e+15	8.620067e+01	4.508189e+01	1.775904e+16
5437	4.033098e+15	7.457829e+01	4.780274e+01	1.154733e+16
5438	4.033307e+15	5.763326e+01	3.795148e+01	1.106084e+16
5439	4.033543e+15	6.855940e+01	4.443149e+01	1.859081e+16
5440	4.033784e+15	6.703016e+01	4.809544e+01	2.566179e+16
5441	4.034015e+15	6.872446e+01	4.504814e+01	1.999782e+16
5442	4.034250e+15	7.089659e+01	4.689799e+01	1.793980e+16
5443	4.034486e+15	7.253020e+01	4.657288e+01	2.856216e+16
5444	4.034721e+15	7.384475e+01	4.726487e+01	2.278844e+16
5445	4.034952e+15	6.443703e+01	4.667866e+01	2.417478e+16
5446	4.035183e+15	7.123797e+01	4.775530e+01	2.477611e+16
5447	4.035410e+15	7.467231e+01	4.586372e+01	1.503507e+16
5448	4.035639e+15	7.031951e+01	4.721228e+01	1.781117e+16
5449	4.035866e+15	7.002753e+01	4.925467e+01	1.882017e+16
5450	4.036090e+15	7.008265e+01	4.793450e+01	2.210836e+16
5451	4.036314e+15	8.045810e+01	4.911173e+01	2.468341e+16
5452	4.036535e+15	7.991503e+01	4.855735e+01	2.005927e+16
5453	4.036755e+15	7.673594e+01	4.874632e+01	2.976169e+16
5454	4.036972e+15	7.144284e+01	4.638332e+01	2.173326e+16
5455	4.037194e+15	6.961462e+01	4.613836e+01	2.335528e+16
5456	4.037421e+15	7.179269e+01	4.679383e+01	1.535390e+16
5457	4.037647e+15	7.380000e+01	4.569134e+01	2.972647e+16
5458	4.037876e+15	7.431187e+01	4.643489e+01	2.062214e+16
5459	4.038105e+15	7.367554e+01	4.626319e+01	2.802414e+16
5460	4.038336e+15	7.271209e+01	4.706195e+01	1.980593e+16
5461	4.038567e+15	7.769111e+01	4.551345e+01	1.804651e+16
5462	4.038795e+15	8.709711e+01	4.718439e+01	1.769360e+16
5463	4.039009e+15	7.861633e+01	4.573471e+01	1.416910e+16
5464	4.039212e+15	6.125536e+01	3.492006e+01	1.978862e+16
5465	4.039448e+15	7.455941e+01	4.272804e+01	1.319950e+16
5466	4.039687e+15	7.605647e+01	4.336660e+01	2.470769e+16
5467	4.039925e+15	7.792878e+01	4.381280e+01	1.462602e+16
5468	4.040161e+15	7.247188e+01	4.095791e+01	3.536756e+16
5469	4.040404e+15	7.357269e+01	4.198554e+01	2.143547e+16
5470	4.040644e+15	6.073822e+01	3.779376e+01	3.345792e+16
5471	4.040897e+15	5.984867e+01	4.017991e+01	2.957219e+16
5472	4.041150e+15	6.548786e+01	4.008888e+01	1.568393e+16
5473	4.041400e+15	6.569415e+01	4.024773e+01	2.048118e+16
5474	4.041645e+15	6.980651e+01	4.018960e+01	2.739899e+16
5475	4.041891e+15	8.063745e+01	4.136837e+01	2.243507e+16
5476	4.042133e+15	7.090084e+01	3.943334e+01	2.764252e+16
5477	4.042375e+15	7.243644e+01	4.055189e+01	2.777996e+16
5478	4.042613e+15	7.592514e+01	4.062168e+01	2.192333e+16
5479	4.042848e+15	7.765894e+01	4.034748e+01	1.987314e+16
5480	4.043082e+15	8.689887e+01	4.179898e+01	1.901283e+16
5481	4.043311e+15	8.145195e+01	4.267316e+01	3.098635e+16
5482	4.043535e+15	7.733922e+01	4.284942e+01	3.553465e+16
5483	4.043752e+15	8.034852e+01	4.105569e+01	2.362629e+16
5484	4.043968e+15	9.065845e+01	4.088349e+01	2.633973e+16
5485	4.044179e+15	9.432111e+01	3.913357e+01	1.493717e+16
5486	4.044388e+15	9.159570e+01	3.902952e+01	2.371428e+16
5487	4.044596e+15	8.750160e+01	3.910058e+01	1.212780e+16
5488	4.044803e+15	9.057240e+01	3.907766e+01	1.958240e+16
5489	4.045009e+15	9.423706e+01	4.033169e+01	2.757702e+16
5490	4.045211e+15	8.661375e+01	3.899770e+01	1.963916e+16
5491	4.045418e+15	8.668174e+01	3.916973e+01	2.214098e+16
5492	4.045627e+15	8.911088e+01	4.112751e+01	2.485500e+16
5493	4.045835e+15	9.971163e+01	4.019027e+01	3.189829e+16
5494	4.046045e+15	9.102988e+01	4.227000e+01	2.627274e+16
5495	4.046253e+15	8.247146e+01	4.032403e+01	2.137901e+16
5496	4.046466e+15	8.374496e+01	4.044371e+01	1.835094e+16
5497	4.046678e+15	8.021223e+01	4.010762e+01	1.886389e+16
5498	4.046894e+15	7.176268e+01	3.887818e+01	1.968317e+16
5499	4.047112e+15	7.928192e+01	4.028385e+01	1.816523e+16
5500	4.047331e+15	6.968218e+01	3.826649e+01	2.938508e+16
5501	4.047556e+15	6.680230e+01	3.915227e+01	1.356718e+16
5502	4.047788e+15	7.403034e+01	3.994944e+01	1.658418e+16
5503	4.048021e+15	6.955050e+01	4.001101e+01	9.954246e+15
5504	4.048255e+15	6.529530e+01	4.015027e+01	1.322836e+16
5505	4.048490e+15	6.291102e+01	4.102148e+01	2.125630e+16
5506	4.048722e+15	7.109416e+01	4.114335e+01	2.874523e+16
5507	4.048953e+15	7.493621e+01	4.058333e+01	1.491124e+16
5508	4.049188e+15	7.533935e+01	4.098864e+01	2.005866e+16
5509	4.049428e+15	7.261018e+01	4.058330e+01	1.219861e+16
5510	4.049669e+15	6.600219e+01	4.066661e+01	2.201901e+16
5511	4.049909e+15	6.999437e+01	4.094370e+01	2.066181e+16
5512	4.050147e+15	7.576159e+01	3.858503e+01	1.559859e+16
5513	4.050391e+15	7.313902e+01	3.952484e+01	1.539547e+16
5514	4.050634e+15	6.211329e+01	3.800155e+01	2.799297e+16
5515	4.050884e+15	6.585165e+01	4.073841e+01	1.895689e+16
5516	4.051127e+15	7.132082e+01	4.087857e+01	1.957876e+16
5517	4.051369e+15	6.956825e+01	4.161961e+01	1.670629e+16
5518	4.051610e+15	7.371980e+01	4.168976e+01	2.638314e+16
5519	4.051851e+15	7.919430e+01	4.186472e+01	2.227524e+16
5520	4.052092e+15	6.985514e+01	4.140341e+01	2.178027e+16
5521	4.052336e+15	6.718271e+01	4.168172e+01	2.587430e+16
5522	4.052580e+15	6.411792e+01	4.094507e+01	2.311896e+16
5523	4.052821e+15	6.132139e+01	3.954655e+01	2.348210e+16
5524	4.053066e+15	5.849451e+01	4.323946e+01	1.744543e+16
5525	4.053302e+15	5.713014e+01	4.198513e+01	1.966453e+16
5526	4.053534e+15	6.927038e+01	4.100848e+01	2.404919e+16
5527	4.053766e+15	7.286141e+01	4.420589e+01	2.557529e+16
5528	4.053990e+15	7.746311e+01	4.192520e+01	2.771668e+16
5529	4.054214e+15	7.256407e+01	4.246943e+01	2.194756e+16
5530	4.054438e+15	6.149206e+01	4.221984e+01	2.193378e+16
5531	4.054667e+15	6.794154e+01	4.585850e+01	2.080339e+16
5532	4.054891e+15	7.866041e+01	4.585887e+01	3.308300e+16
5533	4.055112e+15	7.700071e+01	4.619142e+01	3.462447e+16
5534	4.055331e+15	7.889512e+01	4.623173e+01	1.974154e+16
5535	4.055550e+15	8.060415e+01	4.694102e+01	1.558951e+16
5536	4.055765e+15	7.772670e+01	4.622592e+01	2.362003e+16
5537	4.055982e+15	7.158555e+01	4.586916e+01	1.555644e+16
5538	4.056200e+15	7.950830e+01	4.638496e+01	1.539440e+16
5539	4.056417e+15	8.365464e+01	4.655823e+01	2.378127e+16
5540	4.056635e+15	7.478400e+01	4.672225e+01	1.786336e+16
5541	4.056857e+15	7.492428e+01	4.761087e+01	2.431925e+16
5542	4.057076e+15	8.006253e+01	5.532457e+01	2.917082e+16
5543	4.057274e+15	5.861153e+01	4.039736e+01	1.329404e+16
5544	4.057500e+15	6.780307e+01	4.810381e+01	2.208407e+16
5545	4.057728e+15	7.032483e+01	4.721740e+01	1.709967e+16
5546	4.057961e+15	6.785051e+01	4.699727e+01	2.024252e+16
5547	4.058197e+15	6.251305e+01	4.580405e+01	1.864848e+16
5548	4.058430e+15	6.440066e+01	4.694199e+01	2.139844e+16
5549	4.058664e+15	6.637720e+01	4.438174e+01	1.382732e+16
5550	4.058903e+15	6.715307e+01	4.455729e+01	9.710961e+15
5551	4.059143e+15	6.261079e+01	4.454881e+01	1.579661e+16
5552	4.059384e+15	6.004815e+01	4.403181e+01	1.615533e+16
5553	4.059626e+15	5.709772e+01	4.354388e+01	2.395410e+16
5554	4.059870e+15	5.791792e+01	4.272457e+01	1.533878e+16
5555	4.060119e+15	7.197012e+01	5.104154e+01	2.900401e+16
5556	4.060338e+15	5.781099e+01	3.901011e+01	1.149503e+16
5557	4.060580e+15	7.912906e+01	5.641670e+01	2.636885e+16
5558	4.060785e+15	6.370372e+01	4.632165e+01	1.446749e+16
5559	4.060983e+15	5.856521e+01	3.510867e+01	1.944618e+16
5560	4.061217e+15	7.376804e+01	4.439518e+01	2.986844e+16
5561	4.061452e+15	6.961769e+01	4.651842e+01	1.631255e+16
5562	4.061680e+15	5.756395e+01	4.471628e+01	2.059724e+16
5563	4.061912e+15	5.956621e+01	4.708942e+01	2.777100e+16
5564	4.062139e+15	7.115080e+01	4.795044e+01	1.952095e+16
5565	4.062365e+15	7.300711e+01	4.774015e+01	1.750580e+16
5566	4.062588e+15	7.488967e+01	5.148273e+01	2.915468e+16
5567	4.062796e+15	8.015894e+01	4.768582e+01	1.893220e+16
5568	4.062999e+15	7.607373e+01	4.397447e+01	2.250164e+16
5569	4.063214e+15	7.170624e+01	4.696205e+01	2.191760e+16
5570	4.063431e+15	7.893137e+01	4.883661e+01	2.692400e+16
5571	4.063648e+15	7.699737e+01	4.672259e+01	3.178276e+16
5572	4.063869e+15	7.369101e+01	4.635115e+01	2.283976e+16
5573	4.064095e+15	7.342224e+01	4.734436e+01	3.333835e+16
5574	4.064322e+15	7.146328e+01	4.676927e+01	2.840061e+16
5575	4.064552e+15	6.892605e+01	4.706619e+01	2.911724e+16
5576	4.064784e+15	6.433291e+01	4.635763e+01	1.565115e+16
5577	4.065019e+15	6.907616e+01	4.685165e+01	2.705262e+16
5578	4.065256e+15	6.987409e+01	4.444442e+01	2.267047e+16
5579	4.065500e+15	6.678094e+01	4.696618e+01	2.591851e+16
5580	4.065745e+15	5.849437e+01	4.395482e+01	2.522859e+16
5581	4.065999e+15	5.179174e+01	4.476347e+01	1.682126e+16
5582	4.066260e+15	5.360905e+01	4.631729e+01	2.046014e+16
5583	4.066524e+15	5.229385e+01	5.028685e+01	2.114854e+16
5584	4.066779e+15	5.734614e+01	4.915192e+01	1.774026e+16
5585	4.067031e+15	6.619668e+01	5.011141e+01	1.879832e+16
5586	4.067275e+15	6.880117e+01	4.761837e+01	2.194759e+16
5587	4.067520e+15	7.666853e+01	4.863882e+01	1.732421e+16
5588	4.067754e+15	6.097156e+01	4.401032e+01	2.604836e+16
5589	4.068003e+15	5.910607e+01	4.631987e+01	2.304181e+16
5590	4.068257e+15	5.915329e+01	4.623381e+01	3.808407e+16
5591	4.068515e+15	6.091368e+01	5.046636e+01	2.402801e+16
5592	4.068763e+15	5.348200e+01	4.455371e+01	2.250387e+16
5593	4.069025e+15	7.253056e+01	6.252563e+01	3.770429e+16
5594	4.069234e+15	6.651927e+01	5.256187e+01	1.684593e+16
5595	4.069425e+15	7.325769e+01	4.757397e+01	1.444403e+16
5596	4.069613e+15	7.232651e+01	4.852836e+01	1.696504e+16
5597	4.069792e+15	6.322679e+01	4.618898e+01	1.105790e+16
5598	4.069967e+15	5.564640e+01	4.092325e+01	9.818467e+15
5599	4.070152e+15	7.730834e+01	4.756892e+01	1.146570e+16
5600	4.070327e+15	8.544139e+01	4.291202e+01	1.356627e+16
5601	4.070505e+15	9.222197e+01	4.036936e+01	1.001640e+16
5602	4.070694e+15	8.660821e+01	4.315929e+01	1.378418e+16
5603	4.070881e+15	6.975118e+01	3.923846e+01	1.263250e+16
5604	4.071081e+15	5.707795e+01	3.783793e+01	8.452377e+15
5605	4.071295e+15	6.144593e+01	3.859778e+01	1.776452e+16
5606	4.071520e+15	5.447507e+01	3.655118e+01	8.879260e+15
5607	4.071766e+15	5.073938e+01	3.688798e+01	7.912550e+15
5608	4.072032e+15	5.354116e+01	3.972733e+01	1.452321e+16
5609	4.072299e+15	5.755957e+01	4.538753e+01	2.318635e+16
5610	4.072536e+15	4.729313e+01	3.828153e+01	5.987680e+15
5611	4.072771e+15	4.794993e+01	3.621889e+01	1.330712e+16
5612	4.073014e+15	6.110485e+01	3.956656e+01	1.728196e+16
5613	4.073247e+15	6.646504e+01	3.804330e+01	8.670294e+15
5614	4.073476e+15	7.317762e+01	3.925609e+01	1.252477e+16
5615	4.073696e+15	6.847424e+01	3.620080e+01	2.499178e+16
5616	4.073918e+15	7.367144e+01	3.837984e+01	1.526843e+16
5617	4.074132e+15	7.697711e+01	3.690162e+01	8.158278e+15
5618	4.074343e+15	8.686001e+01	3.606856e+01	7.282146e+15
5619	4.074553e+15	8.491154e+01	3.685949e+01	1.139643e+16
5620	4.074757e+15	7.124031e+01	3.397823e+01	1.352519e+16
5621	4.074965e+15	6.454758e+01	3.427713e+01	1.078981e+16
5622	4.075173e+15	7.010215e+01	3.522798e+01	1.180414e+16
5623	4.075380e+15	7.851941e+01	3.627126e+01	2.147794e+16
5624	4.075585e+15	8.324770e+01	3.588491e+01	1.930769e+16
5625	4.075792e+15	9.265135e+01	3.540206e+01	2.631829e+16
5626	4.075999e+15	9.129075e+01	3.533531e+01	2.854906e+16
5627	4.076207e+15	8.653027e+01	3.535462e+01	2.687540e+16
5628	4.076418e+15	8.762609e+01	3.472623e+01	1.947693e+16
5629	4.076631e+15	9.203353e+01	3.686100e+01	1.412953e+16
5630	4.076833e+15	7.866411e+01	3.248600e+01	3.087823e+16
5631	4.077043e+15	7.800358e+01	3.360105e+01	1.698710e+16
5632	4.077252e+15	7.307044e+01	3.137662e+01	2.202254e+16
5633	4.077470e+15	6.865309e+01	3.372013e+01	1.558462e+16
5634	4.077686e+15	7.603385e+01	3.336879e+01	1.282033e+16
5635	4.077906e+15	7.872891e+01	3.394559e+01	2.197010e+16
5636	4.078129e+15	7.975739e+01	3.468072e+01	1.481048e+16
5637	4.078350e+15	7.733479e+01	3.394972e+01	2.617455e+16
5638	4.078576e+15	7.907676e+01	3.552961e+01	3.150047e+16
5639	4.078801e+15	6.891940e+01	3.452355e+01	1.679079e+16
5640	4.079031e+15	6.944398e+01	3.492781e+01	2.749510e+16
5641	4.079266e+15	7.221126e+01	3.709247e+01	3.457755e+16
5642	4.079502e+15	6.800886e+01	3.534340e+01	1.685843e+16
5643	4.079746e+15	6.060552e+01	3.704766e+01	1.626175e+16
5644	4.079990e+15	6.753458e+01	3.505450e+01	2.383666e+16
5645	4.080237e+15	6.818492e+01	3.294555e+01	1.553716e+16
5646	4.080496e+15	6.809942e+01	3.512512e+01	2.202341e+16
5647	4.080754e+15	7.633275e+01	3.501894e+01	3.250868e+16
5648	4.081016e+15	7.512158e+01	3.467285e+01	2.082841e+16
5649	4.081282e+15	8.307131e+01	4.212447e+01	1.563850e+16
5650	4.081515e+15	5.319060e+01	2.899913e+01	2.170581e+16
5651	4.081790e+15	6.882878e+01	3.741060e+01	2.588282e+16
5652	4.082061e+15	7.559916e+01	3.722936e+01	3.392371e+16
5653	4.082325e+15	8.971661e+01	3.766799e+01	4.209447e+15
5654	4.082582e+15	8.481518e+01	3.903005e+01	1.492582e+16
5655	4.082826e+15	6.043482e+01	3.404313e+01	1.461967e+16
5656	4.083077e+15	6.334516e+01	3.742086e+01	1.572869e+16
5657	4.083320e+15	7.681556e+01	3.783334e+01	1.181653e+16
5658	4.083554e+15	7.676120e+01	3.589819e+01	1.785122e+16
5659	4.083785e+15	7.660065e+01	3.619714e+01	2.187076e+16
5660	4.084008e+15	8.083098e+01	3.619512e+01	1.965463e+16
5661	4.084220e+15	7.248011e+01	3.575007e+01	1.176279e+16
5662	4.084431e+15	7.138819e+01	3.361966e+01	1.172910e+16
5663	4.084649e+15	7.681589e+01	3.504659e+01	1.684739e+16
5664	4.084864e+15	7.729556e+01	3.471961e+01	5.930103e+15
5665	4.085082e+15	7.618030e+01	3.553486e+01	2.099259e+16
5666	4.085301e+15	7.170914e+01	3.638243e+01	2.300280e+16
5667	4.085519e+15	6.711161e+01	3.408534e+01	2.511448e+16
5668	4.085743e+15	7.952720e+01	3.424881e+01	2.503630e+16
5669	4.085973e+15	8.903279e+01	3.538544e+01	1.614902e+16
5670	4.086204e+15	7.355789e+01	3.523337e+01	1.867958e+16
5671	4.086439e+15	7.169390e+01	3.619137e+01	2.152203e+16
5672	4.086673e+15	8.048081e+01	3.591039e+01	1.739771e+16
5673	4.086912e+15	7.854517e+01	3.766675e+01	2.314437e+16
5674	4.087152e+15	7.702904e+01	3.896536e+01	3.923308e+16
5675	4.087386e+15	7.874152e+01	3.728318e+01	2.892716e+16
5676	4.087620e+15	7.672857e+01	3.631923e+01	1.674821e+16
5677	4.087856e+15	7.944377e+01	3.725620e+01	1.866236e+16
5678	4.088089e+15	7.686176e+01	3.584066e+01	2.120849e+16
5679	4.088325e+15	7.490544e+01	3.579127e+01	2.744404e+16
5680	4.088568e+15	7.644118e+01	3.775310e+01	1.979557e+16
5681	4.088810e+15	7.209469e+01	3.594151e+01	1.758824e+16
5682	4.089064e+15	7.314854e+01	3.736700e+01	2.817527e+16
5683	4.089313e+15	6.300043e+01	3.794130e+01	2.339010e+16
5684	4.089560e+15	6.385274e+01	3.900203e+01	2.912599e+16
5685	4.089806e+15	7.244828e+01	3.977468e+01	1.555976e+16
5686	4.090052e+15	8.421205e+01	3.869713e+01	2.655991e+16
5687	4.090298e+15	8.081494e+01	4.084921e+01	1.344656e+16
5688	4.090538e+15	6.987265e+01	4.152888e+01	2.099900e+16
5689	4.090770e+15	6.206689e+01	3.705207e+01	1.345008e+16
5690	4.091015e+15	5.836320e+01	3.589106e+01	1.887071e+16
5691	4.091275e+15	6.897389e+01	4.957991e+01	1.286623e+16
5692	4.091496e+15	4.953532e+01	3.177066e+01	1.107746e+16
5693	4.091757e+15	5.790495e+01	3.836093e+01	1.794295e+16
5694	4.092029e+15	5.699949e+01	4.270944e+01	1.843321e+16
5695	4.092293e+15	5.749762e+01	4.153576e+01	2.804214e+16
5696	4.092547e+15	5.400725e+01	4.307102e+01	1.934042e+16
5697	4.092780e+15	4.451216e+01	3.577640e+01	1.288926e+16
5698	4.093030e+15	5.194031e+01	4.040834e+01	1.974400e+16
5699	4.093272e+15	5.445766e+01	3.963835e+01	9.555024e+15
5700	4.093511e+15	5.872518e+01	3.751382e+01	1.979746e+16
5701	4.093753e+15	6.866083e+01	4.036793e+01	2.304410e+16
5702	4.093989e+15	7.242906e+01	4.037836e+01	3.116127e+16
5703	4.094221e+15	7.058520e+01	3.987704e+01	2.043289e+16
5704	4.094451e+15	7.118690e+01	4.077590e+01	2.483508e+16
5705	4.094675e+15	6.630113e+01	3.827551e+01	1.008177e+16
5706	4.094901e+15	6.839211e+01	3.878817e+01	2.646439e+16
5707	4.095126e+15	7.476023e+01	3.931582e+01	1.677402e+16
5708	4.095349e+15	7.741508e+01	3.648903e+01	1.697890e+16
5709	4.095568e+15	7.916063e+01	3.451273e+01	1.430218e+16
5710	4.095787e+15	8.383343e+01	3.486415e+01	2.045485e+16
5711	4.096006e+15	8.343132e+01	3.611467e+01	1.207655e+16
5712	4.096223e+15	7.129480e+01	3.465673e+01	2.111477e+16
5713	4.096446e+15	7.342203e+01	3.542861e+01	1.643059e+16
5714	4.096671e+15	7.757386e+01	3.458319e+01	2.021295e+16
5715	4.096898e+15	7.866349e+01	3.589488e+01	1.328288e+16
5716	4.097124e+15	7.048287e+01	3.594184e+01	2.310160e+16
5717	4.097349e+15	6.751889e+01	3.516188e+01	1.119968e+16
5718	4.097574e+15	7.559029e+01	3.647872e+01	2.099947e+16
5719	4.097798e+15	7.904700e+01	3.594610e+01	1.364066e+16
5720	4.098025e+15	8.026884e+01	3.725948e+01	1.247226e+16
5721	4.098251e+15	7.399975e+01	3.572071e+01	1.793927e+16
5722	4.098481e+15	7.174276e+01	3.604979e+01	1.083114e+16
5723	4.098720e+15	7.239013e+01	3.731444e+01	2.167476e+16
5724	4.098960e+15	6.421337e+01	3.585770e+01	3.703315e+16
5725	4.099205e+15	5.801920e+01	3.751986e+01	3.154939e+16
5726	4.099454e+15	6.939382e+01	4.014503e+01	2.071509e+16
5727	4.099697e+15	6.873474e+01	3.641041e+01	2.238113e+16
5728	4.099954e+15	6.917017e+01	3.909848e+01	2.347486e+16
5729	4.100207e+15	6.359740e+01	3.987515e+01	3.714568e+16
5730	4.100454e+15	6.095335e+01	4.029158e+01	1.627645e+16
5731	4.100699e+15	7.078226e+01	4.038116e+01	2.478966e+16
5732	4.100943e+15	7.624767e+01	3.972765e+01	2.188713e+16
5733	4.101193e+15	7.074355e+01	3.862415e+01	3.506577e+16
5734	4.101449e+15	5.838722e+01	3.817799e+01	2.710329e+16
5735	4.101716e+15	5.736569e+01	4.228922e+01	1.046107e+16
5736	4.101978e+15	5.383045e+01	4.054373e+01	2.288584e+16
5737	4.102244e+15	5.917713e+01	4.266449e+01	1.977111e+16
5738	4.102503e+15	6.872349e+01	4.154066e+01	1.466920e+16
5739	4.102757e+15	6.561029e+01	4.081476e+01	2.072504e+16
5740	4.103011e+15	7.919311e+01	5.709348e+01	1.165928e+16
5741	4.103207e+15	4.423389e+01	3.196040e+01	1.962889e+16
5742	4.103442e+15	5.202941e+01	3.713814e+01	1.173315e+16
5743	4.103696e+15	6.334434e+01	4.074436e+01	1.863372e+16
5744	4.103956e+15	6.394944e+01	4.316097e+01	2.109161e+16
5745	4.104211e+15	5.641712e+01	4.130872e+01	3.761348e+16
5746	4.104472e+15	5.446943e+01	4.049839e+01	1.863477e+16
5747	4.104735e+15	5.682959e+01	4.170199e+01	2.811627e+16
5748	4.104995e+15	5.579655e+01	3.981181e+01	2.178159e+16
5749	4.105259e+15	5.904887e+01	4.123874e+01	2.189528e+16
5750	4.105522e+15	5.041862e+01	4.000139e+01	1.897806e+16
5751	4.105791e+15	4.851119e+01	3.962168e+01	1.936984e+16
5752	4.106068e+15	6.079187e+01	4.146040e+01	1.703980e+16
5753	4.106342e+15	5.542144e+01	3.998955e+01	1.090763e+16
5754	4.106615e+15	4.771714e+01	3.898211e+01	1.871074e+16
5755	4.106891e+15	5.377151e+01	4.012207e+01	1.500832e+16
5756	4.107161e+15	5.275945e+01	3.945957e+01	2.406223e+16
5757	4.107428e+15	5.942325e+01	4.057551e+01	2.035500e+16
5758	4.107689e+15	5.778413e+01	3.840074e+01	2.248311e+16
5759	4.107957e+15	6.059037e+01	4.095849e+01	2.347556e+16
5760	4.108218e+15	5.485366e+01	3.853788e+01	1.751411e+16
5761	4.108479e+15	5.494548e+01	3.946613e+01	1.910388e+16
5762	4.108730e+15	5.861930e+01	3.871685e+01	1.138019e+16
5763	4.108978e+15	6.789078e+01	3.944478e+01	1.735994e+16
5764	4.109224e+15	6.356079e+01	3.908286e+01	1.301512e+16
5765	4.109468e+15	6.210451e+01	3.928847e+01	1.741929e+16
5766	4.109711e+15	6.566346e+01	3.921772e+01	9.229058e+15
5767	4.109954e+15	6.345330e+01	4.070638e+01	2.843039e+16
5768	4.110190e+15	5.436935e+01	3.826840e+01	1.181903e+16
5769	4.110433e+15	5.713480e+01	4.187308e+01	1.633539e+16
5770	4.110667e+15	6.619122e+01	3.842696e+01	1.707472e+16
5771	4.110910e+15	7.729431e+01	4.170602e+01	1.217092e+16
5772	4.111150e+15	8.036497e+01	5.041868e+01	1.728132e+16
5773	4.111351e+15	4.894318e+01	3.150049e+01	1.210426e+16
5774	4.111592e+15	6.100258e+01	3.990978e+01	1.209357e+16
5775	4.111835e+15	5.516577e+01	3.853111e+01	1.916015e+16
5776	4.112087e+15	5.414986e+01	4.061698e+01	1.589618e+16
5777	4.112338e+15	5.212858e+01	3.921562e+01	2.092276e+16
5778	4.112592e+15	5.614236e+01	4.002618e+01	1.814592e+16
5779	4.112848e+15	6.293641e+01	4.132054e+01	2.553399e+16
5780	4.113094e+15	7.662677e+01	3.919818e+01	1.613025e+16
5781	4.113332e+15	7.181076e+01	3.854878e+01	1.219329e+16
5782	4.113566e+15	7.447693e+01	3.776218e+01	1.637835e+16
5783	4.113793e+15	7.990552e+01	3.823376e+01	1.972577e+16
5784	4.114016e+15	7.679275e+01	3.834861e+01	1.200685e+16
5785	4.114236e+15	7.248523e+01	4.024266e+01	1.878388e+16
5786	4.114448e+15	8.041499e+01	3.938959e+01	1.234285e+16
5787	4.114659e+15	1.029371e+02	4.060282e+01	1.237212e+16
5788	4.114866e+15	9.486891e+01	3.901525e+01	1.325594e+16
5789	4.115077e+15	8.828465e+01	4.005582e+01	1.744903e+16
5790	4.115287e+15	9.465114e+01	4.072496e+01	1.836670e+16
5791	4.115496e+15	8.617586e+01	3.868725e+01	1.896962e+16
5792	4.115713e+15	8.079760e+01	3.965111e+01	2.314954e+16
5793	4.115935e+15	9.143772e+01	4.225750e+01	2.594456e+16
5794	4.116151e+15	8.688233e+01	3.864070e+01	2.158703e+16
5795	4.116372e+15	8.711978e+01	4.154002e+01	2.226618e+16
5796	4.116589e+15	8.469751e+01	3.737251e+01	1.785752e+16
5797	4.116817e+15	8.723871e+01	4.066356e+01	2.528932e+16
5798	4.117044e+15	6.422626e+01	3.763253e+01	1.773224e+16
5799	4.117288e+15	6.283589e+01	4.124840e+01	1.638669e+16
5800	4.117530e+15	7.200045e+01	4.183719e+01	3.115438e+16
5801	4.117765e+15	7.905119e+01	3.976758e+01	1.317880e+16
5802	4.117997e+15	7.740846e+01	3.873997e+01	1.094021e+16
5803	4.118232e+15	8.017539e+01	3.656812e+01	2.123590e+16
5804	4.118477e+15	7.786168e+01	3.809127e+01	1.475636e+16
5805	4.118722e+15	6.909700e+01	3.696633e+01	1.662638e+16
5806	4.118970e+15	6.293949e+01	3.621651e+01	1.894506e+16
5807	4.119223e+15	6.182327e+01	3.555494e+01	2.246702e+16
5808	4.119480e+15	6.691108e+01	3.603268e+01	2.008021e+16
5809	4.119736e+15	7.265297e+01	3.607918e+01	2.041058e+16
5810	4.119992e+15	7.353817e+01	3.758308e+01	2.246798e+16
5811	4.120242e+15	6.604856e+01	3.377978e+01	1.589590e+16
5812	4.120503e+15	6.038633e+01	3.472107e+01	1.944051e+16
5813	4.120768e+15	6.874135e+01	3.765012e+01	2.198646e+16
5814	4.121023e+15	7.644040e+01	3.835347e+01	2.067232e+16
5815	4.121266e+15	8.347280e+01	3.738513e+01	1.873119e+16
5816	4.121499e+15	8.623356e+01	3.653088e+01	1.789888e+16
5817	4.121726e+15	7.814938e+01	3.572307e+01	1.108658e+16
5818	4.121951e+15	8.039961e+01	3.604364e+01	1.437502e+16
5819	4.122170e+15	9.000713e+01	3.630573e+01	1.212721e+16
5820	4.122382e+15	9.446624e+01	3.486129e+01	1.023403e+16
5821	4.122592e+15	8.952511e+01	3.424550e+01	8.651176e+15
5822	4.122801e+15	8.781828e+01	3.376210e+01	1.134399e+16
5823	4.123011e+15	7.726328e+01	3.394320e+01	1.258563e+16
5824	4.123226e+15	8.469397e+01	3.599979e+01	9.712112e+15
5825	4.123436e+15	8.081189e+01	3.311365e+01	1.409100e+16
5826	4.123655e+15	8.103056e+01	3.328950e+01	1.939758e+16
5827	4.123878e+15	8.288647e+01	3.409575e+01	1.194557e+16
5828	4.124101e+15	8.019816e+01	3.437524e+01	9.700579e+15
5829	4.124323e+15	8.195100e+01	3.519704e+01	1.248702e+16
5830	4.124543e+15	9.069022e+01	3.451484e+01	1.811275e+16
5831	4.124763e+15	9.256276e+01	3.519903e+01	2.067703e+16
5832	4.124981e+15	8.475547e+01	3.820058e+01	2.187318e+16
5833	4.125186e+15	6.544349e+01	3.121046e+01	1.248204e+16
5834	4.125411e+15	7.556905e+01	3.609508e+01	2.269422e+16
5835	4.125637e+15	8.064851e+01	3.739377e+01	1.527120e+16
5836	4.125861e+15	7.130710e+01	3.414429e+01	2.653204e+16
5837	4.126092e+15	8.030673e+01	4.070818e+01	1.825048e+16
5838	4.126295e+15	6.261222e+01	2.834415e+01	9.490390e+15
5839	4.126530e+15	6.949176e+01	3.339128e+01	1.284951e+16
5840	4.126770e+15	7.042232e+01	3.571142e+01	1.112448e+16
5841	4.127007e+15	6.794642e+01	3.507705e+01	1.297935e+16
5842	4.127239e+15	6.527877e+01	3.485565e+01	1.867687e+16
5843	4.127470e+15	7.297232e+01	3.610600e+01	2.115367e+16
5844	4.127697e+15	8.038528e+01	3.650382e+01	1.926547e+16
5845	4.127921e+15	8.092420e+01	3.530870e+01	2.287216e+16
5846	4.128145e+15	7.689212e+01	3.643988e+01	2.066043e+16
5847	4.128365e+15	6.665210e+01	3.492516e+01	1.555039e+16
5848	4.128590e+15	6.491396e+01	3.680454e+01	1.332899e+16
5849	4.128812e+15	8.529227e+01	3.812349e+01	1.079468e+16
5850	4.129026e+15	8.886319e+01	3.620889e+01	1.709835e+16
5851	4.129240e+15	7.895377e+01	3.538265e+01	6.787645e+15
5852	4.129456e+15	7.052528e+01	3.383910e+01	2.549606e+16
5853	4.129681e+15	7.485679e+01	3.635070e+01	1.861148e+16
5854	4.129904e+15	6.823522e+01	3.628836e+01	1.989471e+16
5855	4.130131e+15	6.849550e+01	3.606074e+01	1.852465e+16
5856	4.130361e+15	6.855237e+01	3.600863e+01	2.393917e+16
5857	4.130596e+15	6.246694e+01	3.525800e+01	8.803324e+15
5858	4.130838e+15	6.047156e+01	3.702982e+01	1.394086e+16
5859	4.131080e+15	5.993076e+01	3.340699e+01	2.358175e+16
5860	4.131341e+15	4.864936e+01	3.677088e+01	2.112581e+16
5861	4.131604e+15	6.087939e+01	3.989016e+01	2.277229e+16
5862	4.131854e+15	7.707543e+01	3.653939e+01	1.842245e+16
5863	4.132107e+15	8.026970e+01	3.751211e+01	1.877702e+16
5864	4.132357e+15	6.792921e+01	3.717426e+01	2.201884e+16
5865	4.132606e+15	5.817246e+01	3.692833e+01	1.252226e+16
5866	4.132857e+15	5.756410e+01	3.785359e+01	1.733824e+16
5867	4.133107e+15	5.652973e+01	3.782793e+01	2.239799e+16
5868	4.133357e+15	5.964789e+01	3.837598e+01	1.882307e+16
5869	4.133608e+15	6.286694e+01	3.839416e+01	2.136937e+16
5870	4.133861e+15	6.383150e+01	3.762819e+01	2.284266e+16
5871	4.134112e+15	5.398313e+01	3.690650e+01	2.573628e+16
5872	4.134365e+15	5.495238e+01	3.825739e+01	1.094508e+16
5873	4.134616e+15	6.068083e+01	3.817256e+01	2.359644e+16
5874	4.134864e+15	7.314259e+01	4.464025e+01	1.800767e+16
5875	4.135080e+15	5.336036e+01	3.447844e+01	1.658511e+16
5876	4.135310e+15	6.200329e+01	3.611766e+01	2.192074e+16
5877	4.135547e+15	6.601254e+01	3.912086e+01	1.347178e+16
5878	4.135782e+15	6.765014e+01	3.976233e+01	2.081699e+16
5879	4.136013e+15	7.095278e+01	4.052884e+01	2.852636e+16
5880	4.136237e+15	6.988723e+01	3.992125e+01	1.360078e+16
5881	4.136457e+15	7.296334e+01	4.062717e+01	2.134451e+16
5882	4.136672e+15	7.278026e+01	3.898384e+01	1.383604e+16
5883	4.136886e+15	7.786232e+01	3.887332e+01	1.440330e+16
5884	4.137098e+15	8.460282e+01	3.900979e+01	1.106539e+16
5885	4.137307e+15	7.683467e+01	3.701593e+01	9.267022e+15
5886	4.137520e+15	8.228148e+01	3.791799e+01	1.116555e+16
5887	4.137733e+15	7.823634e+01	3.748663e+01	1.004477e+16
5888	4.137945e+15	7.255475e+01	3.763555e+01	1.489745e+16
5889	4.138157e+15	7.378367e+01	3.750106e+01	1.380525e+16
5890	4.138370e+15	7.321703e+01	3.568571e+01	1.049341e+16
5891	4.138587e+15	7.466331e+01	3.661423e+01	1.962550e+16
5892	4.138805e+15	6.463744e+01	3.482896e+01	1.073531e+16
5893	4.139029e+15	6.446849e+01	3.646974e+01	3.936687e+15
5894	4.139253e+15	6.682213e+01	3.416062e+01	1.377647e+16
5895	4.139482e+15	5.907848e+01	3.262602e+01	1.288814e+16
5896	4.139718e+15	6.380165e+01	3.269435e+01	1.504617e+16
5897	4.139955e+15	6.137863e+01	3.226365e+01	1.001859e+16
5898	4.140195e+15	5.253471e+01	3.284643e+01	1.591474e+16
5899	4.140438e+15	6.574494e+01	3.983861e+01	1.200378e+16
5900	4.140651e+15	5.821279e+01	2.976647e+01	1.066700e+16
5901	4.140890e+15	7.767283e+01	3.633381e+01	1.342374e+16
5902	4.141122e+15	7.938954e+01	3.730894e+01	2.306680e+16
5903	4.141346e+15	7.259868e+01	3.557095e+01	1.788496e+16
5904	4.141572e+15	6.822635e+01	3.582755e+01	1.301470e+16
5905	4.141797e+15	6.687659e+01	3.447844e+01	1.270422e+16
5906	4.142023e+15	7.359113e+01	3.543457e+01	1.876989e+16
5907	4.142247e+15	6.726857e+01	3.396565e+01	1.144323e+16
5908	4.142473e+15	7.091512e+01	3.471411e+01	1.642402e+16
5909	4.142696e+15	7.385536e+01	3.393155e+01	8.857010e+15
5910	4.142918e+15	6.487062e+01	3.203780e+01	2.175562e+15
5911	4.143150e+15	6.913519e+01	3.605201e+01	1.554489e+16
5912	4.143377e+15	6.765883e+01	3.531726e+01	1.148353e+16
5913	4.143601e+15	5.999025e+01	3.455726e+01	2.021011e+16
5914	4.143822e+15	7.044645e+01	3.667040e+01	1.557103e+16
5915	4.144037e+15	8.754804e+01	3.435334e+01	1.619325e+16
5916	4.144255e+15	8.249171e+01	3.689836e+01	1.007216e+16
5917	4.144464e+15	6.698107e+01	3.496226e+01	1.463484e+16
5918	4.144675e+15	7.031062e+01	3.562489e+01	1.641472e+16
5919	4.144882e+15	7.228767e+01	3.572219e+01	1.687218e+16
5920	4.145087e+15	7.574711e+01	3.706229e+01	9.893849e+15
5921	4.145290e+15	7.505300e+01	3.694180e+01	1.428979e+16
5922	4.145496e+15	7.206377e+01	3.648083e+01	1.410919e+16
5923	4.145708e+15	6.900905e+01	3.895096e+01	1.499334e+16
5924	4.145924e+15	6.394295e+01	4.092087e+01	1.285027e+16
5925	4.146139e+15	7.012673e+01	4.090850e+01	2.400016e+16
5926	4.146353e+15	6.308340e+01	4.487125e+01	1.735103e+16
5927	4.146552e+15	5.521280e+01	4.932049e+01	2.062379e+16
5928	4.146722e+15	3.815548e+01	3.178510e+01	6.607095e+15
5929	4.146927e+15	5.161291e+01	3.898479e+01	1.762096e+16
5930	4.147139e+15	6.292049e+01	4.132654e+01	2.112780e+16
5931	4.147350e+15	7.691616e+01	4.205907e+01	2.298949e+16
5932	4.147555e+15	9.151062e+01	3.932902e+01	1.522338e+16
5933	4.147761e+15	9.320444e+01	4.264830e+01	1.728285e+16
5934	4.147959e+15	7.466784e+01	3.759801e+01	1.692278e+16
5935	4.148164e+15	7.008792e+01	3.857145e+01	1.329672e+16
5936	4.148372e+15	6.950002e+01	3.936809e+01	1.266168e+16
5937	4.148579e+15	6.558261e+01	3.961209e+01	1.945878e+16
5938	4.148785e+15	7.477949e+01	3.842089e+01	1.385149e+16
5939	4.148992e+15	7.176168e+01	3.802629e+01	2.262601e+16
5940	4.149200e+15	6.861253e+01	3.860281e+01	1.717809e+16
5941	4.149408e+15	6.629959e+01	3.809341e+01	1.329148e+16
5942	4.149613e+15	7.255288e+01	3.929044e+01	1.783013e+16
5943	4.149813e+15	7.759917e+01	3.880146e+01	1.485517e+16
5944	4.150010e+15	9.071789e+01	3.983226e+01	1.914841e+16
5945	4.150202e+15	1.015262e+02	3.876270e+01	1.163195e+16
5946	4.150394e+15	9.502193e+01	3.954295e+01	1.224524e+16
5947	4.150582e+15	8.211919e+01	3.843055e+01	9.983914e+15
5948	4.150770e+15	9.020961e+01	3.951068e+01	1.165587e+16
5949	4.150955e+15	9.793622e+01	3.824165e+01	1.399272e+16
5950	4.151139e+15	9.316835e+01	3.797026e+01	1.236863e+16
5951	4.151328e+15	8.751390e+01	3.954704e+01	1.247577e+16
5952	4.151515e+15	6.962916e+01	3.582834e+01	1.115916e+16
5953	4.151710e+15	7.349573e+01	3.734885e+01	1.096929e+16
5954	4.151905e+15	8.895834e+01	3.728621e+01	1.375876e+16
5955	4.152102e+15	8.371421e+01	3.627411e+01	2.165421e+16
5956	4.152304e+15	7.806658e+01	3.766489e+01	1.312618e+16
5957	4.152501e+15	7.072477e+01	3.846799e+01	1.089790e+16
5958	4.152690e+15	7.463236e+01	4.009510e+01	1.093302e+16
5959	4.152868e+15	8.160890e+01	3.969650e+01	1.201685e+16
5960	4.153037e+15	9.652312e+01	3.979774e+01	1.326347e+16
5961	4.153198e+15	1.020070e+02	3.889268e+01	1.193193e+16
5962	4.153352e+15	1.063299e+02	3.913280e+01	1.874155e+16
5963	4.153499e+15	1.258111e+02	3.818679e+01	1.103714e+16
5964	4.153640e+15	1.355204e+02	3.689104e+01	1.241667e+16
5965	4.153776e+15	1.208036e+02	3.664051e+01	1.239231e+16
5966	4.153909e+15	1.054856e+02	3.649545e+01	1.037145e+16
5967	4.154040e+15	1.177337e+02	3.750133e+01	3.749383e+15
5968	4.154167e+15	1.355892e+02	3.587026e+01	1.691241e+16
5969	4.154294e+15	1.474616e+02	3.580187e+01	1.674556e+16
5970	4.154422e+15	1.528008e+02	3.552781e+01	7.145261e+15
5971	4.154552e+15	1.304084e+02	3.368548e+01	1.631324e+16
5972	4.154685e+15	1.242998e+02	3.208111e+01	8.713535e+15
5973	4.154824e+15	1.117496e+02	3.340683e+01	5.304737e+15
5974	4.154965e+15	9.630917e+01	3.018695e+01	9.494536e+15
5975	4.155114e+15	1.107919e+02	3.203040e+01	8.717897e+15
5976	4.155267e+15	9.781841e+01	3.147403e+01	1.472701e+16
5977	4.155424e+15	8.325339e+01	3.113790e+01	1.138736e+16
5978	4.155587e+15	7.729697e+01	2.923441e+01	7.183594e+15
5979	4.155760e+15	8.956067e+01	3.352253e+01	1.623520e+16
5980	4.155921e+15	1.106704e+02	2.932892e+01	1.112602e+16
5981	4.156092e+15	8.975063e+01	2.956115e+01	1.664587e+16
5982	4.156268e+15	6.428432e+01	2.751669e+01	9.239572e+15
5983	4.156458e+15	5.768873e+01	2.726555e+01	6.879231e+15
5984	4.156662e+15	4.437479e+01	2.426901e+01	8.200763e+15
5985	4.156901e+15	4.790064e+01	2.667996e+01	2.025867e+16
5986	4.157163e+15	5.653065e+01	2.913328e+01	1.871896e+16
5987	4.157431e+15	5.923339e+01	2.870723e+01	2.254415e+16
5988	4.157711e+15	6.245966e+01	3.108172e+01	2.125252e+16
5989	4.157991e+15	4.659268e+01	2.742585e+01	1.510306e+16
5990	4.158292e+15	4.291578e+01	3.077028e+01	1.795692e+16
5991	4.158597e+15	3.811900e+01	3.339508e+01	2.826695e+16
5992	4.158891e+15	3.747598e+01	4.108776e+01	2.013317e+16
5993	4.159133e+15	2.319910e+01	2.599289e+01	1.153872e+16
5994	4.159419e+15	3.360763e+01	3.306011e+01	3.280442e+16
5995	4.159709e+15	3.972238e+01	3.568906e+01	3.217666e+16
5996	4.159991e+15	3.745567e+01	3.604058e+01	1.895720e+16
5997	4.160267e+15	3.574781e+01	3.579191e+01	2.611204e+16
5998	4.160541e+15	4.976101e+01	3.840043e+01	1.864064e+16
5999	4.160800e+15	6.737713e+01	4.171480e+01	3.008991e+16
6000	4.161029e+15	5.159473e+01	3.043922e+01	1.331040e+16
6001	4.161290e+15	5.504616e+01	3.828964e+01	2.165296e+16
6002	4.161538e+15	5.411692e+01	4.394516e+01	2.001069e+16
6003	4.161749e+15	3.385192e+01	2.973410e+01	1.491931e+16
6004	4.161993e+15	4.549690e+01	3.940913e+01	1.361992e+16
6005	4.162230e+15	4.789798e+01	3.924297e+01	2.488513e+16
6006	4.162463e+15	4.732819e+01	3.903764e+01	2.172014e+16
6007	4.162692e+15	5.667003e+01	3.856951e+01	2.739884e+16
6008	4.162919e+15	5.479207e+01	3.816155e+01	2.075091e+16
6009	4.163146e+15	5.882091e+01	3.717814e+01	2.362242e+16
6010	4.163375e+15	5.959758e+01	3.765850e+01	1.738474e+16
6011	4.163605e+15	5.298375e+01	4.001770e+01	1.404067e+16
6012	4.163827e+15	4.900079e+01	3.772420e+01	2.445657e+16
6013	4.164051e+15	6.114209e+01	3.957245e+01	1.546928e+16
6014	4.164271e+15	7.416032e+01	3.848472e+01	1.901366e+16
6015	4.164488e+15	7.303079e+01	3.721326e+01	1.544978e+16
6016	4.164709e+15	6.227352e+01	4.090786e+01	7.954213e+15
6017	4.164921e+15	4.723858e+01	3.805628e+01	1.238623e+16
6018	4.165143e+15	5.228417e+01	4.401380e+01	1.166833e+16
6019	4.165356e+15	6.802351e+01	4.175126e+01	9.670107e+15
6020	4.165568e+15	6.683739e+01	4.103194e+01	1.928360e+16
6021	4.165776e+15	5.821203e+01	3.883867e+01	1.210955e+16
6022	4.165984e+15	6.069355e+01	3.751070e+01	2.038187e+16
6023	4.166196e+15	6.247643e+01	3.811497e+01	6.109196e+15
6024	4.166405e+15	6.579017e+01	3.845809e+01	5.713875e+15
6025	4.166610e+15	6.764499e+01	3.653961e+01	1.465834e+16
6026	4.166819e+15	6.607754e+01	3.704792e+01	1.063667e+16
6027	4.167030e+15	5.788723e+01	3.585611e+01	1.538777e+16
6028	4.167251e+15	6.586577e+01	3.781882e+01	2.404437e+16
6029	4.167469e+15	6.632143e+01	3.647414e+01	2.115576e+16
6030	4.167687e+15	5.705122e+01	3.584589e+01	2.467920e+16
6031	4.167906e+15	4.805021e+01	3.823554e+01	1.523519e+16
6032	4.168118e+15	4.426433e+01	3.550460e+01	1.167837e+16
6033	4.168335e+15	4.297845e+01	3.865264e+01	2.390280e+16
6034	4.168544e+15	4.767319e+01	3.696038e+01	2.708367e+16
6035	4.168753e+15	5.810309e+01	3.733742e+01	2.219571e+16
6036	4.168958e+15	6.630338e+01	3.720612e+01	1.922716e+16
6037	4.169162e+15	6.440849e+01	3.436351e+01	1.329377e+16
6038	4.169378e+15	6.411717e+01	3.865809e+01	6.947707e+15
6039	4.169589e+15	4.958899e+01	3.696065e+01	1.634158e+16
6040	4.169805e+15	4.509469e+01	3.846386e+01	1.606180e+16
6041	4.170023e+15	5.571680e+01	4.083927e+01	1.003206e+16
6042	4.170233e+15	7.456591e+01	3.920576e+01	1.650913e+16
6043	4.170444e+15	7.590939e+01	3.959754e+01	1.072904e+16
6044	4.170653e+15	5.966013e+01	3.729497e+01	1.146447e+16
6045	4.170869e+15	5.414112e+01	3.653914e+01	2.625780e+16
6046	4.171089e+15	5.327963e+01	3.711710e+01	1.615093e+16
6047	4.171306e+15	5.938861e+01	3.647571e+01	6.759603e+15
6048	4.171518e+15	5.696650e+01	3.494933e+01	6.201621e+15
6049	4.171729e+15	6.690801e+01	3.572183e+01	8.563399e+15
6050	4.171934e+15	7.237578e+01	3.468685e+01	4.420981e+15
6051	4.172139e+15	6.924059e+01	3.515603e+01	1.586487e+16
6052	4.172342e+15	7.288999e+01	3.648980e+01	1.093041e+16
6053	4.172543e+15	6.682384e+01	3.632644e+01	1.058563e+16
6054	4.172740e+15	6.941865e+01	3.646413e+01	1.590945e+16
6055	4.172936e+15	7.559258e+01	3.591369e+01	6.473391e+15
6056	4.173129e+15	6.765702e+01	3.476999e+01	8.200210e+15
6057	4.173324e+15	7.124498e+01	3.587625e+01	9.991541e+15
6058	4.173516e+15	6.688164e+01	3.399921e+01	1.020447e+16
6059	4.173712e+15	6.191880e+01	3.480127e+01	1.573676e+16
6060	4.173911e+15	6.904703e+01	3.615892e+01	1.441685e+16
6061	4.174110e+15	6.792270e+01	3.303142e+01	1.674295e+16
6062	4.174313e+15	6.878906e+01	3.278225e+01	9.704724e+15
6063	4.174521e+15	6.529665e+01	3.280914e+01	1.815439e+16
6064	4.174733e+15	6.650074e+01	3.329242e+01	8.453150e+15
6065	4.174945e+15	6.578974e+01	3.380736e+01	2.115583e+16
6066	4.175156e+15	6.106492e+01	3.371739e+01	1.000669e+16
6067	4.175372e+15	6.059349e+01	3.435261e+01	3.003345e+16
6068	4.175586e+15	5.818316e+01	3.368222e+01	1.161263e+16
6069	4.175805e+15	6.740870e+01	3.599437e+01	7.337090e+15
6070	4.176020e+15	7.467796e+01	3.476037e+01	1.664082e+16
6071	4.176236e+15	7.008890e+01	3.499297e+01	5.903047e+15
6072	4.176452e+15	6.828062e+01	3.506744e+01	9.412258e+15
6073	4.176667e+15	7.085625e+01	3.486115e+01	2.304886e+16
6074	4.176883e+15	6.945385e+01	3.385448e+01	1.493789e+16
6075	4.177103e+15	6.769314e+01	3.540347e+01	1.288243e+16
6076	4.177321e+15	6.636626e+01	3.531137e+01	2.444244e+16
6077	4.177537e+15	6.243701e+01	3.285897e+01	1.560990e+16
6078	4.177761e+15	6.330147e+01	3.345241e+01	1.635906e+16
6079	4.177987e+15	5.907155e+01	3.410953e+01	1.596332e+16
6080	4.178215e+15	5.532763e+01	3.475211e+01	1.543206e+16
6081	4.178446e+15	5.874474e+01	3.501148e+01	1.676964e+16
6082	4.178675e+15	6.338299e+01	3.320250e+01	1.488746e+16
6083	4.178905e+15	6.013244e+01	3.332205e+01	1.315098e+16
6084	4.179131e+15	6.405520e+01	3.340968e+01	1.109764e+16
6085	4.179351e+15	6.616439e+01	3.168101e+01	1.036056e+16
6086	4.179572e+15	6.886809e+01	3.246470e+01	6.415360e+15
6087	4.179790e+15	6.864562e+01	3.208515e+01	1.629220e+16
6088	4.180008e+15	7.025291e+01	3.253039e+01	2.013818e+15
6089	4.180225e+15	7.186774e+01	3.258304e+01	1.333604e+16
6090	4.180440e+15	6.257550e+01	3.199128e+01	9.941843e+15
6091	4.180653e+15	6.834194e+01	3.160713e+01	1.050874e+16
6092	4.180870e+15	7.724512e+01	3.340928e+01	1.272689e+16
6093	4.181085e+15	6.485469e+01	3.265647e+01	1.457513e+16
6094	4.181303e+15	5.501967e+01	3.309094e+01	9.693862e+15
6095	4.181525e+15	6.060547e+01	3.428452e+01	3.653211e+16
6096	4.181743e+15	6.493135e+01	3.394185e+01	3.080226e+16
6097	4.181957e+15	6.100936e+01	3.338549e+01	1.891131e+16
6098	4.182170e+15	7.173925e+01	3.491778e+01	1.666343e+16
6099	4.182379e+15	7.840813e+01	3.418604e+01	1.686329e+16
6100	4.182590e+15	7.287790e+01	3.499324e+01	1.269144e+16
6101	4.182796e+15	6.108826e+01	3.517840e+01	1.447813e+16
6102	4.183005e+15	6.464573e+01	3.513558e+01	2.189098e+16
6103	4.183213e+15	6.296210e+01	3.275449e+01	1.348557e+16
6104	4.183426e+15	5.928378e+01	3.229983e+01	1.925296e+16
6105	4.183639e+15	6.365312e+01	3.148217e+01	7.241548e+15
6106	4.183854e+15	7.251654e+01	3.221836e+01	1.834365e+16
6107	4.184067e+15	6.319573e+01	3.082636e+01	6.533257e+15
6108	4.184287e+15	5.537502e+01	3.224309e+01	1.551909e+16
6109	4.184505e+15	5.578676e+01	3.229466e+01	1.635415e+16
6110	4.184726e+15	5.767961e+01	3.403060e+01	1.615312e+16
6111	4.184944e+15	6.431496e+01	3.415074e+01	2.150204e+16
6112	4.185163e+15	6.763999e+01	3.555256e+01	1.535580e+16
6113	4.185379e+15	6.203529e+01	3.505827e+01	1.958066e+16
6114	4.185597e+15	6.223769e+01	3.585160e+01	2.041573e+16
6115	4.185812e+15	6.867311e+01	3.677031e+01	2.305311e+16
6116	4.186024e+15	5.948208e+01	3.518034e+01	1.800198e+16
6117	4.186237e+15	5.823225e+01	3.543756e+01	1.933454e+16
6118	4.186450e+15	6.315953e+01	3.542371e+01	1.170109e+16
6119	4.186665e+15	5.974842e+01	3.611257e+01	1.004383e+16
6120	4.186880e+15	5.488916e+01	3.630924e+01	1.495105e+16
6121	4.187094e+15	5.553479e+01	3.642075e+01	1.049940e+16
6122	4.187307e+15	5.289000e+01	3.537044e+01	7.790170e+15
6123	4.187522e+15	5.810542e+01	3.582492e+01	7.167330e+15
6124	4.187736e+15	6.063250e+01	3.513603e+01	8.431041e+15
6125	4.187955e+15	5.930032e+01	3.710588e+01	1.383336e+16
6126	4.188175e+15	5.933903e+01	3.973642e+01	1.400160e+16
6127	4.188388e+15	4.884337e+01	3.723330e+01	7.568075e+15
6128	4.188608e+15	5.310787e+01	4.011782e+01	1.351316e+16
6129	4.188822e+15	5.492172e+01	3.934497e+01	1.236865e+16
6130	4.189034e+15	5.712162e+01	3.943875e+01	1.845652e+16
6131	4.189242e+15	5.844876e+01	3.947565e+01	1.141575e+16
6132	4.189448e+15	6.392104e+01	4.034497e+01	8.604093e+15
6133	4.189653e+15	6.914776e+01	4.201235e+01	1.745105e+16
6134	4.189854e+15	6.439022e+01	4.000127e+01	1.352782e+16
6135	4.190055e+15	6.315530e+01	3.945568e+01	1.568846e+16
6136	4.190259e+15	6.403649e+01	4.108769e+01	1.213032e+16
6137	4.190458e+15	5.012477e+01	3.802162e+01	2.249768e+16
6138	4.190662e+15	5.783820e+01	4.056425e+01	1.444699e+16
6139	4.190864e+15	6.332334e+01	4.021380e+01	1.929338e+16
6140	4.191068e+15	5.713221e+01	4.044229e+01	1.244264e+16
6141	4.191270e+15	5.735646e+01	4.158680e+01	1.202019e+16
6142	4.191468e+15	5.546763e+01	4.024200e+01	1.538135e+16
6143	4.191669e+15	5.802768e+01	4.035019e+01	1.777937e+16
6144	4.191868e+15	7.200556e+01	3.957897e+01	1.888606e+16
6145	4.192068e+15	6.950897e+01	3.961225e+01	1.837315e+16
6146	4.192269e+15	6.600467e+01	4.131356e+01	1.286418e+16
6147	4.192466e+15	5.957002e+01	3.899506e+01	1.665333e+16
6148	4.192667e+15	6.366056e+01	3.983150e+01	6.880847e+15
6149	4.192869e+15	6.920070e+01	3.995161e+01	1.172843e+16
6150	4.193071e+15	7.102613e+01	4.024746e+01	2.127196e+16
6151	4.193274e+15	6.919968e+01	4.107960e+01	1.609014e+16
6152	4.193479e+15	6.724360e+01	4.138591e+01	1.340501e+16
6153	4.193684e+15	5.507512e+01	4.123979e+01	9.701524e+15
6154	4.193891e+15	6.068411e+01	4.256192e+01	2.294283e+16
6155	4.194094e+15	6.569334e+01	4.183634e+01	1.168365e+16
6156	4.194299e+15	7.057385e+01	4.267360e+01	7.512855e+15
6157	4.194501e+15	6.966475e+01	4.148885e+01	1.782871e+16
6158	4.194703e+15	7.294144e+01	4.199752e+01	1.118503e+16
6159	4.194904e+15	6.807716e+01	4.237396e+01	1.206373e+16
6160	4.195098e+15	6.396461e+01	3.977454e+01	4.852832e+15
6161	4.195294e+15	7.636117e+01	4.076406e+01	1.752841e+16
6162	4.195485e+15	8.004648e+01	3.982953e+01	1.102499e+16
6163	4.195675e+15	8.382842e+01	4.060468e+01	8.107574e+15
6164	4.195864e+15	7.518691e+01	4.057361e+01	7.183575e+15
6165	4.196053e+15	6.896263e+01	4.030021e+01	9.566913e+15
6166	4.196242e+15	6.194226e+01	3.937904e+01	9.254046e+15
6167	4.196433e+15	6.747595e+01	3.868269e+01	1.592226e+16
6168	4.196627e+15	7.030172e+01	4.043369e+01	1.257611e+16
6169	4.196819e+15	6.737688e+01	4.115103e+01	9.653320e+15
6170	4.197011e+15	6.340164e+01	4.012888e+01	1.605681e+16
6171	4.197209e+15	6.260309e+01	3.966064e+01	1.471192e+16
6172	4.197411e+15	5.874723e+01	4.055240e+01	1.070956e+16
6173	4.197614e+15	5.196327e+01	4.080467e+01	2.071008e+16
6174	4.197820e+15	6.139370e+01	3.986944e+01	1.928144e+16
6175	4.198027e+15	6.051410e+01	3.999255e+01	2.089194e+16
6176	4.198234e+15	6.123421e+01	4.081731e+01	1.233721e+16
6177	4.198439e+15	6.077427e+01	4.042010e+01	5.467079e+15
6178	4.198643e+15	5.504758e+01	3.769193e+01	1.718867e+16
6179	4.198854e+15	5.154240e+01	3.986915e+01	2.232863e+16
6180	4.199067e+15	5.247488e+01	4.203345e+01	2.261236e+16
6181	4.199277e+15	4.875648e+01	4.260899e+01	2.254826e+16
6182	4.199485e+15	5.601157e+01	4.250451e+01	1.392843e+16
6183	4.199689e+15	5.933375e+01	4.169300e+01	1.823073e+16
6184	4.199892e+15	6.266022e+01	4.261615e+01	1.467458e+16
6185	4.200091e+15	6.548651e+01	4.265767e+01	1.566314e+16
6186	4.200288e+15	6.328353e+01	4.202491e+01	1.851074e+16
6187	4.200484e+15	6.529233e+01	4.237739e+01	2.369492e+16
6188	4.200679e+15	6.518552e+01	4.067200e+01	1.381123e+16
6189	4.200876e+15	6.590557e+01	4.111541e+01	1.383062e+16
6190	4.201074e+15	5.649363e+01	4.008809e+01	1.974973e+16
6191	4.201279e+15	5.504263e+01	4.159943e+01	1.092667e+16
6192	4.201484e+15	5.857140e+01	4.178241e+01	2.382557e+16
6193	4.201690e+15	5.635799e+01	4.266613e+01	2.746296e+16
6194	4.201891e+15	5.847934e+01	4.206395e+01	3.037767e+16
6195	4.202089e+15	6.321133e+01	4.121767e+01	1.605950e+16
6196	4.202285e+15	6.600539e+01	4.099210e+01	2.143231e+16
6197	4.202480e+15	6.317681e+01	3.944796e+01	1.391036e+16
6198	4.202677e+15	5.592032e+01	4.080054e+01	2.403519e+16
6199	4.202870e+15	5.039928e+01	4.031248e+01	1.537471e+16
6200	4.203065e+15	6.528570e+01	4.061765e+01	1.015451e+16
6201	4.203258e+15	7.846542e+01	3.875097e+01	8.974032e+15
6202	4.203457e+15	6.877276e+01	4.094092e+01	2.252826e+16
6203	4.203651e+15	5.386616e+01	3.784330e+01	1.762293e+16
6204	4.203853e+15	5.175998e+01	3.930434e+01	1.280790e+16
6205	4.204057e+15	5.722561e+01	4.142690e+01	1.341162e+16
6206	4.204260e+15	5.385075e+01	4.108810e+01	1.333956e+16
6207	4.204464e+15	6.159919e+01	4.361926e+01	2.082356e+16
6208	4.204664e+15	7.430634e+01	4.339317e+01	1.789296e+16
6209	4.204862e+15	8.194244e+01	4.323095e+01	8.931073e+15
6210	4.205062e+15	6.887592e+01	4.032428e+01	1.081866e+16
6211	4.205273e+15	5.813218e+01	4.454042e+01	3.341302e+16
6212	4.205480e+15	4.273626e+01	4.045292e+01	3.348151e+16
6213	4.205696e+15	3.414136e+01	4.386312e+01	2.435832e+16
6214	4.205909e+15	4.875425e+01	4.487735e+01	2.677176e+16
6215	4.206114e+15	5.870023e+01	4.461521e+01	2.159453e+16
6216	4.206316e+15	5.456983e+01	4.312855e+01	8.149549e+15
6217	4.206517e+15	5.080615e+01	4.279559e+01	2.010316e+16
6218	4.206718e+15	5.468886e+01	4.215810e+01	1.570896e+16
6219	4.206921e+15	5.824372e+01	4.190332e+01	1.875588e+16
6220	4.207121e+15	5.679422e+01	4.061670e+01	1.070964e+16
6221	4.207320e+15	5.049598e+01	3.896498e+01	1.094931e+16
6222	4.207524e+15	5.161757e+01	3.934471e+01	1.030285e+16
6223	4.207729e+15	4.286155e+01	3.923690e+01	7.362725e+15
6224	4.207937e+15	4.905188e+01	4.185995e+01	1.391601e+16
6225	4.208139e+15	5.732589e+01	4.080069e+01	1.796733e+16
6226	4.208341e+15	6.487869e+01	4.125992e+01	8.534586e+15
6227	4.208541e+15	6.276218e+01	4.251108e+01	1.342106e+16
6228	4.208738e+15	6.146949e+01	4.173219e+01	1.256958e+16
6229	4.208935e+15	5.793723e+01	4.166695e+01	1.242925e+16
6230	4.209135e+15	5.035518e+01	4.312432e+01	1.190077e+16
6231	4.209333e+15	4.814378e+01	4.005381e+01	1.666245e+16
6232	4.209539e+15	5.178102e+01	4.328961e+01	2.468361e+16
6233	4.209744e+15	4.577285e+01	4.281834e+01	3.460712e+16
6234	4.209954e+15	4.745395e+01	4.364879e+01	3.003538e+16
6235	4.210165e+15	5.406671e+01	4.471895e+01	1.812620e+16
6236	4.210375e+15	5.032591e+01	4.490696e+01	2.098087e+16
6237	4.210584e+15	5.219458e+01	4.193462e+01	1.030336e+16
6238	4.210791e+15	6.797837e+01	4.118787e+01	8.695905e+15
6239	4.211001e+15	6.287936e+01	4.380714e+01	9.289566e+15
6240	4.211205e+15	5.894446e+01	4.166082e+01	9.791616e+15
6241	4.211413e+15	6.144670e+01	4.385473e+01	1.525247e+16
6242	4.211619e+15	4.934635e+01	4.116285e+01	1.604834e+16
6243	4.211834e+15	4.386291e+01	4.329985e+01	1.494752e+16
6244	4.212051e+15	4.837779e+01	4.752452e+01	1.294738e+16
6245	4.212263e+15	4.255413e+01	4.113663e+01	1.996816e+16
6246	4.212487e+15	2.259423e+01	4.648623e+01	1.378921e+16
6247	4.212707e+15	3.175707e+01	5.001338e+01	2.146133e+16
6248	4.212912e+15	3.820736e+01	4.284061e+01	1.522609e+16
6249	4.213125e+15	4.090762e+01	4.869101e+01	1.983906e+16
6250	4.213322e+15	3.102824e+01	4.086342e+01	9.012216e+15
6251	4.213532e+15	3.564117e+01	4.689483e+01	1.181785e+16
6252	4.213737e+15	4.365747e+01	4.718015e+01	1.193898e+16
6253	4.213937e+15	4.219581e+01	4.799334e+01	1.425336e+16
6254	4.214131e+15	5.362988e+01	4.623588e+01	1.996672e+16
6255	4.214325e+15	6.508459e+01	4.738346e+01	1.053066e+16
6256	4.214514e+15	6.031234e+01	4.466091e+01	1.529632e+16
6257	4.214709e+15	5.813582e+01	4.414329e+01	1.464867e+16
6258	4.214910e+15	5.704872e+01	4.763267e+01	1.433514e+16
6259	4.215105e+15	4.631714e+01	4.384052e+01	2.467738e+16
6260	4.215305e+15	4.330830e+01	4.600304e+01	6.089905e+15
6261	4.215501e+15	5.739897e+01	4.472721e+01	5.307438e+15
6262	4.215696e+15	4.266980e+01	4.197887e+01	1.088789e+16
6263	4.215900e+15	5.048226e+01	4.459270e+01	8.318604e+15
6264	4.216101e+15	6.828324e+01	4.533103e+01	8.933168e+15
6265	4.216298e+15	7.124631e+01	4.377379e+01	1.045642e+16
6266	4.216500e+15	6.384617e+01	4.470689e+01	1.575886e+16
6267	4.216701e+15	5.345617e+01	4.322639e+01	1.584431e+16
6268	4.216904e+15	5.459933e+01	4.579727e+01	1.224873e+16
6269	4.217102e+15	5.527295e+01	4.393067e+01	1.710373e+16
6270	4.217299e+15	5.282567e+01	4.392559e+01	5.009495e+15
6271	4.217495e+15	5.177708e+01	4.382757e+01	9.800550e+15
6272	4.217689e+15	5.614999e+01	4.302830e+01	6.579203e+15
6273	4.217882e+15	5.259582e+01	4.303934e+01	9.211812e+15
6274	4.218076e+15	5.428511e+01	4.454797e+01	6.379999e+15
6275	4.218266e+15	6.323023e+01	4.445776e+01	1.885193e+16
6276	4.218453e+15	6.423131e+01	4.342035e+01	1.181790e+16
6277	4.218640e+15	6.814315e+01	4.512383e+01	5.780202e+15
6278	4.218822e+15	7.972991e+01	4.335674e+01	8.013363e+15
6279	4.219003e+15	8.301924e+01	4.303835e+01	1.736021e+16
6280	4.219186e+15	7.752628e+01	4.435771e+01	1.549493e+16
6281	4.219368e+15	7.676087e+01	4.446395e+01	1.168463e+16
6282	4.219550e+15	7.587450e+01	4.370286e+01	1.327235e+16
6283	4.219732e+15	6.991906e+01	4.139689e+01	1.530742e+16
6284	4.219918e+15	7.905705e+01	4.181855e+01	6.789818e+15
6285	4.220108e+15	7.138133e+01	4.327464e+01	1.775634e+16
6286	4.220302e+15	6.292874e+01	4.340943e+01	1.696077e+16
6287	4.220498e+15	5.798090e+01	4.295557e+01	1.716987e+16
6288	4.220698e+15	5.435854e+01	4.307855e+01	1.044390e+16
6289	4.220902e+15	5.772713e+01	4.411692e+01	1.635161e+16
6290	4.221107e+15	5.008093e+01	4.228835e+01	1.552125e+16
6291	4.221320e+15	5.725802e+01	4.620530e+01	1.383031e+16
6292	4.221528e+15	5.744694e+01	4.379891e+01	1.286604e+16
6293	4.221740e+15	5.601955e+01	4.367225e+01	2.216793e+16
6294	4.221956e+15	6.305981e+01	4.661286e+01	1.834964e+16
6295	4.222161e+15	5.445590e+01	4.130347e+01	1.422994e+16
6296	4.222373e+15	5.303985e+01	4.362763e+01	2.018881e+16
6297	4.222580e+15	4.517612e+01	4.136838e+01	1.288184e+16
6298	4.222790e+15	5.332569e+01	4.426374e+01	2.588436e+16
6299	4.222994e+15	6.571026e+01	4.299550e+01	1.820894e+16
6300	4.223198e+15	6.637609e+01	3.680607e+01	2.038009e+16
6301	4.223420e+15	7.526039e+01	4.481095e+01	1.938577e+16
6302	4.223631e+15	7.686633e+01	4.356721e+01	2.468611e+16
6303	4.223835e+15	5.938484e+01	4.073565e+01	3.074101e+16
6304	4.224038e+15	5.648543e+01	4.220973e+01	1.564105e+16
6305	4.224241e+15	7.103101e+01	4.515187e+01	2.079853e+16
6306	4.224442e+15	7.244950e+01	4.381747e+01	2.333066e+16
6307	4.224648e+15	5.798636e+01	4.594024e+01	1.736285e+16
6308	4.224851e+15	4.517804e+01	4.275670e+01	1.302208e+16
6309	4.225064e+15	4.899409e+01	4.536000e+01	3.066541e+16
6310	4.225275e+15	5.175881e+01	4.523371e+01	8.753265e+15
6311	4.225490e+15	6.573965e+01	4.889825e+01	1.374045e+16
6312	4.225698e+15	8.124909e+01	4.525613e+01	8.424489e+15
6313	4.225907e+15	7.109686e+01	4.671115e+01	2.166539e+16
6314	4.226114e+15	4.759817e+01	4.184454e+01	1.029988e+16
6315	4.226333e+15	5.912063e+01	4.714631e+01	1.109456e+16
6316	4.226543e+15	6.093473e+01	4.568684e+01	1.393401e+16
6317	4.226747e+15	6.126708e+01	4.373303e+01	1.229391e+16
6318	4.226953e+15	6.477206e+01	4.528271e+01	1.831357e+16
6319	4.227155e+15	6.694924e+01	4.349810e+01	1.870367e+16
6320	4.227356e+15	7.136079e+01	4.588249e+01	1.434707e+16
6321	4.227553e+15	6.966372e+01	4.286893e+01	1.202105e+16
6322	4.227754e+15	7.118231e+01	4.547983e+01	1.725577e+16
6323	4.227955e+15	6.977934e+01	4.543493e+01	1.546919e+16
6324	4.228152e+15	6.840420e+01	4.391193e+01	2.075183e+16
6325	4.228350e+15	6.455734e+01	4.093256e+01	1.161955e+16
6326	4.228551e+15	5.392735e+01	4.027709e+01	2.062895e+16
6327	4.228758e+15	4.598192e+01	4.196012e+01	1.413885e+16
6328	4.228964e+15	3.609977e+01	4.105396e+01	2.750636e+16
6329	4.229169e+15	3.670412e+01	4.008873e+01	6.191280e+15
6330	4.229376e+15	4.095921e+01	3.940476e+01	1.606386e+16
6331	4.229585e+15	4.584439e+01	4.285107e+01	9.989313e+15
6332	4.229793e+15	4.677285e+01	4.092691e+01	1.581839e+16
6333	4.230007e+15	5.195859e+01	4.062581e+01	1.540961e+16
6334	4.230229e+15	5.466445e+01	4.572783e+01	2.037259e+16
6335	4.230443e+15	4.494917e+01	4.297588e+01	1.613613e+16
6336	4.230663e+15	3.685291e+01	4.453712e+01	1.901532e+16
6337	4.230882e+15	4.089195e+01	4.499271e+01	2.266333e+16
6338	4.231098e+15	4.034244e+01	4.392235e+01	9.434886e+15
6339	4.231312e+15	3.930473e+01	4.665072e+01	1.984095e+16
6340	4.231519e+15	3.922725e+01	4.546084e+01	1.493324e+16
6341	4.231724e+15	4.015777e+01	4.556120e+01	2.083667e+16
6342	4.231926e+15	5.118473e+01	4.398407e+01	1.708235e+16
6343	4.232127e+15	5.765842e+01	4.347634e+01	1.928401e+16
6344	4.232325e+15	6.377118e+01	4.267789e+01	2.363482e+16
6345	4.232522e+15	6.571323e+01	4.198999e+01	1.155217e+16
6346	4.232719e+15	6.591667e+01	4.182575e+01	2.513292e+16
6347	4.232915e+15	5.891331e+01	4.127216e+01	9.857931e+15
6348	4.233112e+15	5.654982e+01	4.191157e+01	1.949946e+16
6349	4.233309e+15	6.107886e+01	4.126397e+01	1.577442e+16
6350	4.233507e+15	6.479218e+01	4.026916e+01	2.299693e+16
6351	4.233705e+15	6.363294e+01	3.864843e+01	9.202090e+15
6352	4.233908e+15	6.386085e+01	3.872648e+01	1.430538e+16
6353	4.234115e+15	6.858275e+01	4.093496e+01	1.548074e+16
6354	4.234319e+15	6.188860e+01	3.904069e+01	9.061927e+15
6355	4.234527e+15	6.489752e+01	3.853932e+01	1.803768e+16
6356	4.234740e+15	6.354500e+01	3.930957e+01	1.631738e+16
6357	4.234953e+15	5.154602e+01	3.779946e+01	1.141847e+16
6358	4.235174e+15	4.765048e+01	3.955085e+01	8.214198e+15
6359	4.235397e+15	5.372939e+01	3.988553e+01	1.384480e+16
6360	4.235622e+15	5.623787e+01	4.099551e+01	1.269041e+16
6361	4.235845e+15	5.668036e+01	4.091827e+01	6.547670e+15
6362	4.236067e+15	5.025403e+01	4.061160e+01	1.941046e+16
6363	4.236290e+15	5.766068e+01	3.859607e+01	1.892459e+16
6364	4.236515e+15	5.474089e+01	4.045114e+01	1.540428e+16
6365	4.236736e+15	6.179161e+01	3.887631e+01	5.318723e+15
6366	4.236961e+15	5.995303e+01	3.944738e+01	7.630005e+15
6367	4.237185e+15	4.784841e+01	3.869955e+01	1.212974e+16
6368	4.237413e+15	4.355514e+01	4.071490e+01	1.098919e+16
6369	4.237638e+15	5.024127e+01	4.147654e+01	1.251195e+16
6370	4.237856e+15	5.964031e+01	3.960758e+01	1.205278e+16
6371	4.238072e+15	7.135886e+01	4.007824e+01	6.189354e+15
6372	4.238288e+15	7.652583e+01	4.098010e+01	2.459032e+16
6373	4.238498e+15	7.005937e+01	3.994944e+01	2.173919e+16
6374	4.238707e+15	6.338401e+01	3.935955e+01	1.539432e+16
6375	4.238915e+15	6.002194e+01	4.016731e+01	2.926626e+16
6376	4.239118e+15	6.202811e+01	4.111551e+01	1.629153e+16
6377	4.239316e+15	6.560445e+01	4.132827e+01	5.945108e+15
6378	4.239508e+15	6.722926e+01	3.970714e+01	1.987058e+16
6379	4.239697e+15	7.647620e+01	3.854652e+01	1.567689e+16
6380	4.239886e+15	7.739771e+01	3.916644e+01	1.604683e+16
6381	4.240073e+15	8.498321e+01	3.893520e+01	1.174940e+16
6382	4.240262e+15	8.480470e+01	4.091041e+01	1.517118e+16
6383	4.240449e+15	7.481995e+01	4.111905e+01	6.562020e+15
6384	4.240639e+15	7.391200e+01	4.192698e+01	1.268706e+16
6385	4.240829e+15	6.864112e+01	4.084060e+01	1.171275e+16
6386	4.241019e+15	7.292369e+01	4.093601e+01	1.781811e+16
6387	4.241210e+15	7.226711e+01	3.987015e+01	1.470153e+16
6388	4.241405e+15	6.416589e+01	3.930350e+01	2.236647e+16
6389	4.241602e+15	6.850793e+01	4.011717e+01	2.199426e+15
6390	4.241801e+15	7.871640e+01	4.028571e+01	1.213467e+16
6391	4.241998e+15	6.637895e+01	3.938322e+01	1.550134e+16
6392	4.242200e+15	6.481432e+01	4.134215e+01	1.071610e+16
6393	4.242397e+15	6.723439e+01	4.003009e+01	1.048042e+16
6394	4.242595e+15	6.564089e+01	3.959101e+01	1.710556e+16
6395	4.242796e+15	6.515302e+01	4.066260e+01	1.876491e+16
6396	4.242996e+15	6.405391e+01	3.965383e+01	1.808936e+16
6397	4.243198e+15	6.201905e+01	4.113170e+01	1.268468e+16
6398	4.243396e+15	5.722301e+01	4.153512e+01	1.224835e+16
6399	4.243592e+15	6.500192e+01	4.182861e+01	1.949684e+16
6400	4.243786e+15	6.996682e+01	4.011968e+01	8.123246e+15
6401	4.243981e+15	7.069682e+01	4.057887e+01	1.093372e+16
6402	4.244176e+15	6.552374e+01	4.073548e+01	8.628858e+15
6403	4.244374e+15	5.286543e+01	3.915928e+01	2.349008e+16
6404	4.244577e+15	4.968766e+01	4.071859e+01	1.334429e+16
6405	4.244775e+15	5.772910e+01	3.932952e+01	1.256959e+16
6406	4.244973e+15	6.252963e+01	3.840640e+01	1.489209e+16
6407	4.245175e+15	6.781157e+01	3.971946e+01	5.864340e+15
6408	4.245376e+15	5.891335e+01	4.104466e+01	8.107650e+15
6409	4.245577e+15	5.269586e+01	3.861813e+01	2.388545e+16
6410	4.245784e+15	5.642729e+01	4.099266e+01	2.613920e+16
6411	4.245992e+15	4.978492e+01	4.074988e+01	9.441068e+15
6412	4.246204e+15	5.062100e+01	3.854240e+01	1.129475e+16
6413	4.246423e+15	5.571462e+01	4.152608e+01	1.397058e+16
6414	4.246640e+15	4.609781e+01	3.840622e+01	1.761952e+16
6415	4.246870e+15	5.211234e+01	4.427707e+01	1.862352e+16
6416	4.247091e+15	5.586803e+01	4.300903e+01	1.820815e+16
6417	4.247310e+15	4.777442e+01	4.378249e+01	1.941976e+16
6418	4.247526e+15	4.920741e+01	4.500544e+01	1.474255e+16
6419	4.247738e+15	5.545595e+01	4.439240e+01	2.297726e+16
6420	4.247950e+15	6.152442e+01	4.615559e+01	1.958529e+16
6421	4.248157e+15	4.696503e+01	4.471453e+01	1.910518e+16
6422	4.248365e+15	3.956200e+01	4.624919e+01	1.511794e+16
6423	4.248570e+15	4.142369e+01	4.564955e+01	1.260616e+16
6424	4.248776e+15	4.215745e+01	4.423899e+01	1.827676e+16
6425	4.248984e+15	4.381799e+01	4.522237e+01	6.422661e+15
6426	4.249193e+15	3.913737e+01	4.388985e+01	1.910906e+16
6427	4.249409e+15	3.901669e+01	4.338031e+01	2.144707e+16
6428	4.249631e+15	4.703739e+01	4.756507e+01	2.132365e+16
6429	4.249845e+15	3.889773e+01	4.376988e+01	2.501466e+16
6430	4.250065e+15	4.489449e+01	4.694631e+01	2.450822e+16
6431	4.250278e+15	4.360671e+01	4.372154e+01	2.464652e+16
6432	4.250495e+15	5.354015e+01	4.561821e+01	1.572362e+16
6433	4.250710e+15	5.558875e+01	4.441839e+01	1.829534e+16
6434	4.250925e+15	5.590516e+01	4.480152e+01	2.083030e+16
6435	4.251141e+15	6.171001e+01	4.478223e+01	1.942469e+16
6436	4.251355e+15	6.057254e+01	4.389818e+01	2.146337e+16
6437	4.251569e+15	5.929106e+01	4.468727e+01	1.763592e+16
6438	4.251781e+15	6.897370e+01	4.505419e+01	1.187178e+16
6439	4.251989e+15	6.369862e+01	4.353164e+01	1.719921e+16
6440	4.252195e+15	6.160473e+01	4.479749e+01	1.540201e+16
6441	4.252396e+15	7.260789e+01	4.416361e+01	2.444002e+16
6442	4.252594e+15	8.182295e+01	4.367202e+01	1.172418e+16
6443	4.252791e+15	8.550660e+01	4.380811e+01	1.311115e+16
6444	4.252986e+15	8.002013e+01	4.335510e+01	1.214120e+16
6445	4.253181e+15	7.614634e+01	4.343972e+01	1.102366e+16
6446	4.253373e+15	7.553608e+01	4.271325e+01	1.138824e+16
6447	4.253564e+15	7.754236e+01	4.295278e+01	1.686133e+16
6448	4.253754e+15	7.815158e+01	4.154199e+01	1.097260e+16
6449	4.253949e+15	8.700298e+01	4.485236e+01	1.601802e+16
6450	4.254139e+15	6.619633e+01	4.198284e+01	1.275459e+16
6451	4.254336e+15	6.741943e+01	4.483166e+01	8.879543e+15
6452	4.254532e+15	7.502448e+01	4.516162e+01	9.630118e+15
6453	4.254728e+15	7.271560e+01	4.517911e+01	1.703975e+16
6454	4.254925e+15	7.841652e+01	4.440604e+01	1.397727e+16
6455	4.255123e+15	7.743675e+01	4.442780e+01	1.188863e+16
6456	4.255320e+15	6.299854e+01	4.296830e+01	1.262333e+16
6457	4.255518e+15	6.115821e+01	4.114230e+01	1.056145e+16
6458	4.255724e+15	7.039574e+01	4.280971e+01	1.305244e+16
6459	4.255929e+15	6.030552e+01	4.141031e+01	1.285167e+16
6460	4.256139e+15	5.660680e+01	4.304261e+01	6.930889e+15
6461	4.256349e+15	6.406683e+01	4.439625e+01	1.429045e+16
6462	4.256554e+15	7.066449e+01	4.320014e+01	1.316223e+16
6463	4.256758e+15	8.211964e+01	4.311526e+01	1.176369e+16
6464	4.256959e+15	7.182715e+01	4.325498e+01	2.016278e+16
6465	4.257162e+15	6.177916e+01	4.258679e+01	1.868591e+16
6466	4.257365e+15	5.947653e+01	4.257829e+01	2.019219e+16
6467	4.257566e+15	5.254768e+01	4.135102e+01	2.135428e+16
6468	4.257771e+15	6.728553e+01	4.378726e+01	2.258218e+16
6469	4.257968e+15	7.684841e+01	4.016885e+01	9.524229e+15
6470	4.258171e+15	6.976448e+01	4.268040e+01	1.076278e+16
6471	4.258374e+15	5.373322e+01	4.142330e+01	1.052654e+16
6472	4.258584e+15	5.318325e+01	4.280009e+01	1.345829e+16
6473	4.258795e+15	6.121513e+01	4.318876e+01	1.448406e+16
6474	4.259007e+15	6.783720e+01	4.210870e+01	1.039552e+16
6475	4.259225e+15	6.132669e+01	4.438320e+01	1.413183e+16
6476	4.259439e+15	5.402170e+01	4.285421e+01	1.984875e+16
6477	4.259656e+15	5.728524e+01	4.355542e+01	1.772973e+16
6478	4.259875e+15	5.459522e+01	4.402683e+01	1.165769e+16
6479	4.260095e+15	5.805144e+01	4.352679e+01	8.833270e+15
6480	4.260316e+15	6.769945e+01	4.463852e+01	1.296587e+16
6481	4.260534e+15	6.555491e+01	4.248197e+01	4.329332e+15
6482	4.260754e+15	6.601534e+01	4.399722e+01	9.935885e+15
6483	4.260969e+15	6.265158e+01	4.186583e+01	1.480249e+16
6484	4.261185e+15	5.845426e+01	4.121271e+01	1.033891e+16
6485	4.261404e+15	5.998302e+01	3.816869e+01	2.808495e+16
6486	4.261638e+15	6.605398e+01	4.262408e+01	1.788553e+16
6487	4.261868e+15	5.998454e+01	4.393274e+01	2.431281e+16
6488	4.262088e+15	4.990086e+01	3.909626e+01	1.742636e+16
6489	4.262313e+15	4.951251e+01	4.277341e+01	1.601179e+16
6490	4.262526e+15	5.111500e+01	3.752414e+01	1.210897e+16
6491	4.262750e+15	5.848311e+01	4.383889e+01	1.780934e+16
6492	4.262959e+15	4.460284e+01	3.799769e+01	7.202219e+15
6493	4.263177e+15	4.609589e+01	3.927263e+01	1.244143e+16
6494	4.263397e+15	6.173199e+01	4.072112e+01	1.887823e+16
6495	4.263611e+15	6.604725e+01	3.753858e+01	1.552523e+16
6496	4.263830e+15	6.242643e+01	3.871081e+01	1.294223e+16
6497	4.264050e+15	5.608808e+01	3.826867e+01	2.145591e+16
6498	4.264272e+15	5.032321e+01	3.701892e+01	1.515540e+16
6499	4.264497e+15	5.347604e+01	3.591427e+01	1.633657e+16
6500	4.264730e+15	5.590698e+01	3.739385e+01	2.208690e+16
6501	4.264965e+15	5.058695e+01	3.714737e+01	1.675380e+16
6502	4.265202e+15	4.809210e+01	3.778439e+01	2.042886e+16
6503	4.265441e+15	5.297622e+01	3.870551e+01	2.719280e+16
6504	4.265682e+15	5.114761e+01	3.895820e+01	2.581563e+16
6505	4.265922e+15	5.179825e+01	3.908912e+01	2.274442e+16
6506	4.266160e+15	5.479999e+01	3.993020e+01	2.114920e+16
6507	4.266397e+15	4.885989e+01	4.290583e+01	3.318135e+16
6508	4.266623e+15	4.874194e+01	4.008722e+01	2.041337e+16
6509	4.266849e+15	6.174273e+01	3.969584e+01	2.499147e+16
6510	4.267076e+15	5.854325e+01	4.054711e+01	2.573231e+16
6511	4.267299e+15	6.166163e+01	4.318177e+01	1.960111e+16
6512	4.267509e+15	6.182731e+01	4.047824e+01	2.310190e+16
6513	4.267717e+15	5.994931e+01	3.993608e+01	7.074241e+15
6514	4.267922e+15	6.292381e+01	3.889535e+01	1.155708e+16
6515	4.268127e+15	7.225838e+01	3.883351e+01	2.063228e+16
6516	4.268332e+15	7.292613e+01	3.868225e+01	1.240533e+16
6517	4.268538e+15	7.322677e+01	3.947606e+01	1.691054e+16
6518	4.268739e+15	7.309782e+01	3.817285e+01	1.414429e+16
6519	4.268940e+15	7.053144e+01	3.969021e+01	9.926371e+15
6520	4.269138e+15	5.941488e+01	3.698285e+01	1.410729e+16
6521	4.269341e+15	6.371690e+01	3.955567e+01	1.430508e+16
6522	4.269539e+15	7.711332e+01	3.803175e+01	1.190983e+16
6523	4.269738e+15	7.941108e+01	3.925107e+01	2.413954e+16
6524	4.269935e+15	6.871061e+01	3.710156e+01	1.662886e+16
6525	4.270136e+15	7.153947e+01	3.784211e+01	1.706687e+16
6526	4.270337e+15	7.849417e+01	3.686003e+01	9.564254e+15
6527	4.270537e+15	7.231419e+01	3.535011e+01	2.219179e+16
6528	4.270745e+15	7.230403e+01	3.661707e+01	1.187871e+16
6529	4.270951e+15	6.531656e+01	3.638661e+01	1.590753e+16
6530	4.271162e+15	5.688772e+01	3.706148e+01	1.252587e+16
6531	4.271375e+15	6.439968e+01	3.851327e+01	1.127082e+16
6532	4.271588e+15	7.251417e+01	3.920636e+01	1.329951e+16
6533	4.271799e+15	6.375269e+01	3.898567e+01	1.317649e+16
6534	4.272009e+15	6.534689e+01	3.826708e+01	1.432143e+16
6535	4.272221e+15	6.694010e+01	3.742232e+01	1.409183e+16
6536	4.272436e+15	6.677763e+01	3.767991e+01	9.141621e+15
6537	4.272652e+15	6.914146e+01	3.765544e+01	2.189791e+16
6538	4.272867e+15	6.503471e+01	3.786596e+01	1.099221e+16
6539	4.273080e+15	5.557542e+01	3.646705e+01	6.235923e+15
6540	4.273299e+15	6.389779e+01	3.821542e+01	1.421739e+16
6541	4.273519e+15	5.275595e+01	3.864948e+01	1.902401e+16
6542	4.273741e+15	4.464068e+01	3.952852e+01	1.110308e+16
6543	4.273960e+15	5.022067e+01	4.026395e+01	2.002790e+16
6544	4.274173e+15	5.897272e+01	3.934242e+01	1.339010e+16
6545	4.274385e+15	6.565992e+01	4.114048e+01	7.005225e+15
6546	4.274588e+15	7.249775e+01	3.801679e+01	2.224536e+16
6547	4.274794e+15	7.700217e+01	3.872942e+01	1.411038e+16
6548	4.274996e+15	6.394423e+01	3.784817e+01	1.034696e+16
6549	4.275201e+15	5.522354e+01	3.888479e+01	1.773845e+16
6550	4.275402e+15	5.053001e+01	3.846867e+01	1.107123e+16
6551	4.275601e+15	5.103149e+01	3.887622e+01	1.816569e+16
6552	4.275796e+15	6.845651e+01	3.813278e+01	1.138182e+16
6553	4.275987e+15	7.683598e+01	3.632365e+01	7.143400e+15
6554	4.276178e+15	7.968698e+01	3.633691e+01	1.428206e+16
6555	4.276372e+15	6.732104e+01	3.650770e+01	7.623972e+15
6556	4.276570e+15	6.360575e+01	3.751427e+01	1.108237e+16
6557	4.276767e+15	8.058366e+01	3.643516e+01	6.969031e+15
6558	4.276967e+15	8.314243e+01	3.696068e+01	7.999215e+15
6559	4.277169e+15	6.621578e+01	3.678192e+01	1.149905e+16
6560	4.277375e+15	5.613916e+01	3.685533e+01	1.510959e+16
6561	4.277584e+15	5.124746e+01	3.527041e+01	1.447455e+16
6562	4.277805e+15	5.749099e+01	3.841605e+01	2.010888e+16
6563	4.278022e+15	6.507219e+01	3.740028e+01	2.031229e+16
6564	4.278240e+15	6.762018e+01	3.904525e+01	1.993698e+16
6565	4.278453e+15	6.155718e+01	3.926715e+01	1.298502e+16
6566	4.278660e+15	6.456899e+01	3.880410e+01	7.812855e+15
6567	4.278864e+15	6.445328e+01	3.869402e+01	1.221580e+16
6568	4.279066e+15	6.291787e+01	3.912488e+01	2.050044e+16
6569	4.279266e+15	6.714690e+01	3.810674e+01	1.181267e+16
6570	4.279469e+15	6.699408e+01	3.989944e+01	7.709806e+15
6571	4.279672e+15	7.276075e+01	4.112090e+01	1.404062e+16
6572	4.279871e+15	7.235576e+01	4.088768e+01	1.345703e+16
6573	4.280069e+15	7.278169e+01	4.140427e+01	1.471515e+16
6574	4.280266e+15	6.674710e+01	4.070586e+01	1.376672e+16
6575	4.280465e+15	5.926820e+01	3.971316e+01	1.378521e+16
6576	4.280662e+15	6.647241e+01	3.928409e+01	1.295679e+16
6577	4.280858e+15	7.325743e+01	4.057548e+01	1.113947e+16
6578	4.281051e+15	6.962679e+01	3.997562e+01	1.651980e+16
6579	4.281244e+15	6.427344e+01	3.872876e+01	6.126532e+15
6580	4.281439e+15	7.565892e+01	3.914907e+01	1.529105e+16
6581	4.281635e+15	6.562103e+01	3.768030e+01	8.005777e+15
6582	4.281835e+15	6.051582e+01	3.763493e+01	1.310825e+16
6583	4.282039e+15	6.294323e+01	3.921027e+01	1.050620e+16
6584	4.282241e+15	7.059524e+01	3.824322e+01	1.021500e+16
6585	4.282446e+15	5.891357e+01	3.816877e+01	1.061359e+16
6586	4.282656e+15	6.833648e+01	3.996166e+01	1.581337e+16
6587	4.282863e+15	7.020677e+01	3.943225e+01	7.980529e+15
6588	4.283072e+15	5.991806e+01	3.886641e+01	9.011103e+15
6589	4.283284e+15	6.014674e+01	3.952619e+01	2.049950e+16
6590	4.283497e+15	5.921548e+01	3.936477e+01	1.290625e+16
6591	4.283714e+15	6.042197e+01	4.022803e+01	1.090826e+16
6592	4.283927e+15	5.567183e+01	3.936594e+01	1.771762e+16
6593	4.284139e+15	5.635529e+01	3.988367e+01	1.192900e+16
6594	4.284347e+15	6.014848e+01	3.859731e+01	1.637928e+16
6595	4.284553e+15	6.526012e+01	3.933650e+01	1.537533e+16
6596	4.284758e+15	7.218413e+01	4.006655e+01	1.906185e+16
6597	4.284964e+15	6.821374e+01	4.061889e+01	1.530728e+16
6598	4.285167e+15	6.450518e+01	3.992847e+01	1.614469e+16
6599	4.285366e+15	5.606214e+01	3.823044e+01	1.685241e+16
6600	4.285571e+15	6.070240e+01	3.992108e+01	1.789951e+16
6601	4.285772e+15	6.482748e+01	3.948534e+01	1.495875e+16
6602	4.285974e+15	7.172534e+01	4.099108e+01	2.274163e+16
6603	4.286170e+15	7.847946e+01	4.018994e+01	1.523915e+16
6604	4.286364e+15	7.510078e+01	3.940919e+01	1.759162e+16
6605	4.286561e+15	7.180475e+01	4.056787e+01	1.591869e+16
6606	4.286757e+15	5.990053e+01	3.923150e+01	1.939102e+16
6607	4.286959e+15	6.791575e+01	4.058691e+01	1.704944e+16
6608	4.287159e+15	7.618040e+01	3.897688e+01	1.564503e+16
6609	4.287361e+15	6.754075e+01	3.857824e+01	6.378508e+15
6610	4.287562e+15	6.085990e+01	3.859321e+01	1.566899e+16
6611	4.287763e+15	5.866028e+01	3.861782e+01	1.996374e+16
6612	4.287967e+15	6.463682e+01	3.953136e+01	1.304621e+16
6613	4.288171e+15	6.765784e+01	4.002563e+01	1.347613e+16
6614	4.288374e+15	5.952501e+01	3.807507e+01	1.375144e+16
6615	4.288583e+15	5.691092e+01	4.121937e+01	1.817193e+16
6616	4.288790e+15	4.441743e+01	4.194883e+01	1.847720e+16
6617	4.288991e+15	3.513105e+01	3.964076e+01	1.147413e+16
6618	4.289192e+15	3.892794e+01	3.969215e+01	1.447982e+16
6619	4.289391e+15	5.407265e+01	3.828449e+01	1.351324e+16
6620	4.289590e+15	5.083811e+01	3.436286e+01	1.913192e+16
6621	4.289805e+15	4.729510e+01	3.716078e+01	2.147531e+16
6622	4.290025e+15	5.518564e+01	4.130319e+01	1.269414e+16
6623	4.290235e+15	6.518823e+01	3.940667e+01	1.094303e+16
6624	4.290448e+15	6.965351e+01	4.263354e+01	1.309038e+16
6625	4.290657e+15	6.779272e+01	4.177962e+01	1.463106e+16
6626	4.290865e+15	6.818758e+01	4.177012e+01	6.258229e+15
6627	4.291071e+15	6.058275e+01	4.229012e+01	1.685829e+16
6628	4.291276e+15	4.871911e+01	3.957092e+01	1.527814e+16
6629	4.291485e+15	5.342574e+01	3.840115e+01	7.592960e+15
6630	4.291694e+15	6.490349e+01	3.726290e+01	2.125396e+16
6631	4.291903e+15	8.355788e+01	3.773138e+01	7.161253e+15
6632	4.292116e+15	7.237206e+01	4.234174e+01	7.830039e+15
6633	4.292312e+15	4.853773e+01	3.398543e+01	1.358505e+16
6634	4.292526e+15	5.524664e+01	3.920565e+01	1.406497e+16
6635	4.292733e+15	5.820946e+01	3.807823e+01	9.474493e+15
6636	4.292946e+15	5.777414e+01	3.885973e+01	1.662649e+16
6637	4.293159e+15	7.021614e+01	4.034787e+01	1.161283e+16
6638	4.293364e+15	8.127925e+01	3.932159e+01	1.285670e+16
6639	4.293566e+15	6.696340e+01	3.834290e+01	1.497267e+16
6640	4.293771e+15	5.794131e+01	3.793115e+01	1.129329e+16
6641	4.293980e+15	5.057913e+01	3.790073e+01	1.169744e+16
6642	4.294193e+15	5.363070e+01	4.019200e+01	1.828697e+16
6643	4.294401e+15	7.073694e+01	4.042092e+01	1.137384e+16
6644	4.294601e+15	7.812738e+01	3.965438e+01	2.901496e+16
6645	4.294799e+15	7.618868e+01	3.931222e+01	2.094431e+16
6646	4.294995e+15	8.098747e+01	4.169624e+01	1.378882e+16
6647	4.295185e+15	7.485534e+01	4.002618e+01	2.007056e+16
6648	4.295376e+15	7.607507e+01	3.990901e+01	2.148709e+16
6649	4.295570e+15	6.938672e+01	4.044914e+01	1.456755e+16
6650	4.295764e+15	5.812878e+01	3.652482e+01	8.610497e+15
6651	4.295972e+15	5.652799e+01	4.200421e+01	1.622002e+16
6652	4.296175e+15	6.915115e+01	4.173055e+01	1.807751e+16
6653	4.296376e+15	8.738426e+01	4.000590e+01	2.277478e+16
6654	4.296575e+15	8.664292e+01	4.095867e+01	1.354749e+16
6655	4.296772e+15	6.962930e+01	3.900537e+01	1.685475e+16
6656	4.296974e+15	6.697053e+01	3.937413e+01	2.415927e+16
6657	4.297177e+15	7.108237e+01	3.834280e+01	1.436707e+16
6658	4.297381e+15	7.174040e+01	3.880282e+01	4.899544e+15
6659	4.297581e+15	6.490933e+01	3.871459e+01	1.253899e+16
6660	4.297778e+15	6.780799e+01	3.965592e+01	5.474285e+15
6661	4.297971e+15	7.564254e+01	3.947560e+01	2.096380e+16
6662	4.298159e+15	7.665103e+01	3.854056e+01	1.646322e+16
6663	4.298348e+15	7.754708e+01	4.024003e+01	1.461034e+16
6664	4.298531e+15	7.751605e+01	3.837322e+01	8.151962e+15
6665	4.298714e+15	7.586772e+01	3.816675e+01	2.591732e+16
6666	4.298894e+15	7.795381e+01	3.677307e+01	6.251450e+15
6667	4.299076e+15	9.108121e+01	3.582825e+01	1.567417e+16
6668	4.299262e+15	8.611931e+01	3.855206e+01	1.046351e+16
6669	4.299447e+15	6.525540e+01	3.667074e+01	1.133113e+16
6670	4.299639e+15	6.562888e+01	3.884204e+01	6.182937e+15
6671	4.299830e+15	7.086917e+01	3.846552e+01	2.107280e+16
6672	4.300020e+15	6.335656e+01	3.790967e+01	9.176213e+15
6673	4.300211e+15	6.015703e+01	3.762052e+01	1.077897e+16
6674	4.300407e+15	6.632241e+01	4.053402e+01	1.624997e+16
6675	4.300604e+15	5.911807e+01	4.104611e+01	1.980828e+16
6676	4.300803e+15	5.584240e+01	4.095858e+01	2.564445e+16
6677	4.301005e+15	5.931231e+01	4.007157e+01	1.219903e+16
6678	4.301212e+15	5.821748e+01	3.976379e+01	1.212970e+16
6679	4.301424e+15	6.391703e+01	4.186348e+01	6.289854e+15
6680	4.301629e+15	7.497634e+01	3.842887e+01	1.609167e+16
6681	4.301841e+15	5.995923e+01	4.245132e+01	1.444550e+16
6682	4.302044e+15	3.966541e+01	3.733640e+01	6.249627e+15
6683	4.302257e+15	4.493735e+01	4.232474e+01	2.114785e+16
6684	4.302458e+15	5.724509e+01	4.020633e+01	3.861327e+15
6685	4.302655e+15	6.974063e+01	3.983237e+01	8.790702e+15
6686	4.302852e+15	8.179394e+01	4.081248e+01	1.271369e+16
6687	4.303045e+15	8.315762e+01	4.035060e+01	9.377212e+15
6688	4.303236e+15	7.049962e+01	3.756368e+01	1.300564e+16
6689	4.303432e+15	7.134551e+01	3.829221e+01	1.174022e+16
6690	4.303630e+15	7.478296e+01	3.821209e+01	1.101787e+16
6691	4.303828e+15	7.027380e+01	3.907155e+01	5.028040e+15
6692	4.304027e+15	6.642827e+01	3.818731e+01	1.291164e+16
6693	4.304230e+15	7.368744e+01	3.647441e+01	1.845545e+16
6694	4.304436e+15	6.025260e+01	3.663895e+01	7.838134e+15
6695	4.304646e+15	4.739776e+01	3.493506e+01	9.247891e+15
6696	4.304867e+15	5.937271e+01	3.627869e+01	1.876161e+16
6697	4.305089e+15	5.575899e+01	3.642456e+01	1.770164e+16
6698	4.305310e+15	4.558498e+01	3.640648e+01	1.656758e+16
6699	4.305535e+15	4.945143e+01	3.722781e+01	1.083020e+16
6700	4.305760e+15	5.471380e+01	3.870124e+01	1.220973e+16
6701	4.305982e+15	4.742246e+01	4.027248e+01	2.003493e+16
6702	4.306198e+15	4.364479e+01	3.902559e+01	1.335574e+16
6703	4.306413e+15	4.613793e+01	3.929542e+01	1.684685e+16
6704	4.306625e+15	4.912830e+01	3.894869e+01	2.256567e+16
6705	4.306838e+15	5.848062e+01	4.062348e+01	1.756509e+16
6706	4.307045e+15	5.100508e+01	3.806671e+01	1.543587e+16
6707	4.307254e+15	5.133127e+01	3.906323e+01	6.648687e+15
6708	4.307460e+15	5.747442e+01	3.981594e+01	2.662497e+16
6709	4.307664e+15	5.949523e+01	3.776797e+01	2.051700e+16
6710	4.307873e+15	5.041524e+01	3.803888e+01	1.548455e+16
6711	4.308082e+15	4.473712e+01	3.625713e+01	1.392472e+16
6712	4.308293e+15	4.992189e+01	3.518762e+01	6.887468e+15
6713	4.308510e+15	5.987294e+01	3.651954e+01	9.149083e+15
6714	4.308723e+15	5.328273e+01	3.417574e+01	6.596391e+15
6715	4.308945e+15	4.983513e+01	3.670525e+01	1.452358e+16
6716	4.309167e+15	4.562595e+01	3.466740e+01	3.445183e+15
6717	4.309400e+15	3.944548e+01	3.605024e+01	1.707635e+16
6718	4.309635e+15	3.673003e+01	3.926771e+01	8.584547e+15
6719	4.309858e+15	4.603213e+01	3.700593e+01	6.397390e+15
6720	4.310082e+15	5.722646e+01	3.723817e+01	1.271940e+16
6721	4.310303e+15	4.944988e+01	3.479969e+01	8.535891e+15
6722	4.310534e+15	5.333448e+01	3.659205e+01	1.597978e+16
6723	4.310760e+15	6.888238e+01	3.593861e+01	2.381711e+16
6724	4.310989e+15	6.725225e+01	3.835183e+01	1.687023e+16
6725	4.311210e+15	5.545892e+01	3.568532e+01	1.082891e+16
6726	4.311434e+15	5.758387e+01	3.808606e+01	1.501900e+16
6727	4.311654e+15	6.371702e+01	3.542377e+01	1.646277e+16
6728	4.311877e+15	6.711077e+01	3.820728e+01	1.532153e+16
6729	4.312097e+15	5.695723e+01	3.732058e+01	9.239688e+15
6730	4.312317e+15	4.711826e+01	3.718147e+01	1.640473e+16
6731	4.312538e+15	5.905579e+01	4.027421e+01	8.773599e+15
6732	4.312751e+15	6.373153e+01	3.632187e+01	1.047724e+16
6733	4.312974e+15	6.344900e+01	3.904347e+01	2.568634e+16
6734	4.313196e+15	5.376440e+01	3.809696e+01	1.857421e+16
6735	4.313422e+15	4.980117e+01	3.680950e+01	1.807960e+16
6736	4.313658e+15	5.235632e+01	3.901750e+01	1.668687e+16
6737	4.313894e+15	4.895246e+01	3.900914e+01	2.309229e+16
6738	4.314130e+15	3.829242e+01	3.949616e+01	7.523005e+15
6739	4.314364e+15	3.800671e+01	3.951304e+01	1.652907e+16
6740	4.314596e+15	3.905495e+01	3.820550e+01	8.238870e+15
6741	4.314829e+15	4.374481e+01	3.911363e+01	1.218786e+16
6742	4.315062e+15	3.780784e+01	3.801049e+01	7.425948e+15
6743	4.315298e+15	3.847950e+01	3.804926e+01	9.231276e+15
6744	4.315534e+15	3.186707e+01	3.680095e+01	1.169839e+16
6745	4.315772e+15	3.338735e+01	3.842064e+01	1.420156e+16
6746	4.316001e+15	3.502905e+01	3.679312e+01	1.032534e+16
6747	4.316230e+15	4.181278e+01	3.646256e+01	1.927635e+16
6748	4.316457e+15	4.561125e+01	3.728782e+01	1.371307e+16
6749	4.316679e+15	5.004511e+01	3.664268e+01	8.339876e+15
6750	4.316900e+15	5.342742e+01	3.784229e+01	1.195326e+16
6751	4.317117e+15	4.983383e+01	3.824338e+01	1.487588e+16
6752	4.317329e+15	4.181581e+01	3.619619e+01	1.430159e+16
6753	4.317547e+15	4.951826e+01	3.863311e+01	1.100419e+16
6754	4.317758e+15	4.750845e+01	3.742421e+01	1.167460e+16
6755	4.317968e+15	5.112670e+01	3.802511e+01	1.280406e+16
6756	4.318177e+15	6.719800e+01	3.843077e+01	2.671024e+16
6757	4.318388e+15	7.016800e+01	3.980001e+01	2.477780e+16
6758	4.318598e+15	5.943851e+01	3.792049e+01	2.123702e+16
6759	4.318813e+15	5.110523e+01	3.721493e+01	1.799234e+16
6760	4.319034e+15	4.316237e+01	3.812505e+01	2.221237e+16
6761	4.319254e+15	4.986678e+01	3.906793e+01	1.122358e+16
6762	4.319466e+15	5.366774e+01	3.768841e+01	2.152447e+16
6763	4.319677e+15	5.095008e+01	3.755791e+01	3.420448e+15
6764	4.319888e+15	4.599500e+01	3.745294e+01	1.124712e+16
6765	4.320103e+15	5.344365e+01	3.879888e+01	1.549439e+16
6766	4.320316e+15	5.064135e+01	3.968239e+01	1.137576e+16
6767	4.320527e+15	4.354624e+01	3.707428e+01	1.536257e+16
6768	4.320746e+15	4.686133e+01	3.953512e+01	1.185294e+16
6769	4.320962e+15	5.819995e+01	3.895168e+01	2.061756e+16
6770	4.321177e+15	6.242167e+01	3.991883e+01	1.188221e+16
6771	4.321390e+15	5.605601e+01	3.816053e+01	1.096922e+16
6772	4.321608e+15	5.173878e+01	3.870901e+01	3.736722e+15
6773	4.321828e+15	5.979376e+01	4.135322e+01	1.302860e+16
6774	4.322037e+15	5.856958e+01	3.981025e+01	1.098222e+16
6775	4.322246e+15	5.173322e+01	4.015866e+01	1.714170e+16
6776	4.322454e+15	5.511855e+01	4.038859e+01	8.615541e+15
6777	4.322661e+15	5.853623e+01	3.963591e+01	1.057969e+16
6778	4.322870e+15	5.599704e+01	3.933092e+01	1.282323e+16
6779	4.323080e+15	5.052322e+01	3.988343e+01	2.289217e+16
6780	4.323287e+15	5.011561e+01	3.955597e+01	1.197905e+16
6781	4.323493e+15	5.919762e+01	3.971230e+01	1.382887e+16
6782	4.323696e+15	6.361824e+01	4.085286e+01	1.160686e+16
6783	4.323891e+15	6.504365e+01	3.752135e+01	6.945813e+15
6784	4.324091e+15	5.961096e+01	3.778261e+01	1.843859e+16
6785	4.324289e+15	5.330007e+01	3.755112e+01	9.218380e+15
6786	4.324490e+15	6.066343e+01	3.824708e+01	5.938389e+15
6787	4.324688e+15	6.804583e+01	3.672341e+01	5.308388e+15
6788	4.324885e+15	6.578901e+01	3.555742e+01	4.400062e+15
6789	4.325083e+15	6.781823e+01	3.478192e+01	7.517065e+15
6790	4.325286e+15	6.320068e+01	3.510739e+01	9.804070e+15
6791	4.325492e+15	5.659770e+01	3.567361e+01	1.409479e+16
6792	4.325698e+15	5.538908e+01	3.519963e+01	6.918895e+15
6793	4.325904e+15	5.023869e+01	3.440673e+01	1.389887e+16
6794	4.326112e+15	6.115358e+01	3.310764e+01	1.069930e+16
6795	4.326315e+15	6.785360e+01	3.178891e+01	1.158146e+15
6796	4.326522e+15	6.908537e+01	3.292952e+01	5.360572e+15
6797	4.326727e+15	5.719892e+01	3.250999e+01	1.189943e+16
6798	4.326935e+15	4.756977e+01	3.156927e+01	1.817050e+16
6799	4.327152e+15	4.734919e+01	3.259282e+01	1.136579e+16
6800	4.327374e+15	5.874984e+01	3.572590e+01	1.298485e+16
6801	4.327585e+15	7.644432e+01	3.276886e+01	4.030163e+15
6802	4.327798e+15	8.090392e+01	3.198453e+01	6.934422e+15
6803	4.328015e+15	7.189824e+01	3.417347e+01	1.750075e+16
6804	4.328229e+15	7.233346e+01	3.350653e+01	1.612790e+16
6805	4.328447e+15	6.999381e+01	3.434767e+01	1.368436e+16
6806	4.328666e+15	6.620213e+01	3.657792e+01	1.471384e+16
6807	4.328877e+15	6.099099e+01	3.532385e+01	1.389800e+16
6808	4.329088e+15	5.812688e+01	3.680655e+01	1.427950e+16
6809	4.329292e+15	5.539722e+01	3.509020e+01	1.771562e+16
6810	4.329493e+15	5.889767e+01	3.452165e+01	5.979575e+15
6811	4.329693e+15	6.267346e+01	3.471243e+01	6.557874e+15
6812	4.329890e+15	6.837513e+01	3.435455e+01	1.021539e+16
6813	4.330083e+15	7.566074e+01	3.436594e+01	9.797061e+15
6814	4.330276e+15	8.355639e+01	3.425570e+01	1.019361e+16
6815	4.330467e+15	7.728905e+01	3.397085e+01	1.341773e+16
6816	4.330660e+15	7.223802e+01	3.442385e+01	7.658651e+15
6817	4.330855e+15	6.993360e+01	3.524944e+01	8.715652e+15
6818	4.331053e+15	7.781403e+01	3.589546e+01	1.812539e+16
6819	4.331250e+15	7.376639e+01	3.602143e+01	1.031438e+16
6820	4.331446e+15	7.109000e+01	3.663243e+01	9.452544e+15
6821	4.331640e+15	7.558666e+01	3.554789e+01	8.893066e+15
6822	4.331839e+15	8.074965e+01	3.671881e+01	1.053552e+16
6823	4.332037e+15	6.089005e+01	3.612658e+01	9.975534e+15
6824	4.332241e+15	5.195634e+01	3.567795e+01	8.372602e+15
6825	4.332452e+15	5.292984e+01	3.629557e+01	1.881573e+16
6826	4.332666e+15	5.358244e+01	3.609782e+01	1.740312e+16
6827	4.332883e+15	4.834674e+01	3.488056e+01	1.592497e+16
6828	4.333106e+15	5.154431e+01	3.622128e+01	2.132930e+16
6829	4.333327e+15	5.263684e+01	3.286103e+01	1.575765e+16
6830	4.333555e+15	5.048947e+01	3.520115e+01	9.588520e+15
6831	4.333779e+15	5.621941e+01	3.444965e+01	2.089229e+16
6832	4.334001e+15	5.754198e+01	3.493734e+01	2.042366e+16
6833	4.334217e+15	5.932746e+01	3.318780e+01	1.000803e+16
6834	4.334432e+15	5.108516e+01	3.245658e+01	1.310321e+16
6835	4.334651e+15	5.324560e+01	3.366286e+01	8.728044e+15
6836	4.334867e+15	4.655683e+01	3.422577e+01	1.145083e+16
6837	4.335080e+15	5.116101e+01	3.659237e+01	2.190522e+16
6838	4.335288e+15	6.363697e+01	4.009802e+01	1.930147e+16
6839	4.335470e+15	5.889258e+01	4.206048e+01	9.573814e+15
6840	4.335644e+15	5.161208e+01	4.106815e+01	1.400261e+16
6841	4.335811e+15	6.202639e+01	3.798378e+01	1.433367e+16
6842	4.335976e+15	6.719153e+01	3.752995e+01	9.404519e+15
6843	4.336135e+15	6.614349e+01	3.751628e+01	1.052861e+16
6844	4.336288e+15	6.112988e+01	3.553528e+01	9.314601e+15
6845	4.336440e+15	7.315668e+01	3.624261e+01	2.290491e+15
6846	4.336587e+15	6.416646e+01	3.554499e+01	1.102983e+16
6847	4.336730e+15	6.870040e+01	3.489516e+01	5.629990e+15
6848	4.336871e+15	8.959352e+01	3.254577e+01	9.450767e+15
6849	4.337013e+15	1.055173e+02	3.215466e+01	1.819150e+16
6850	4.337157e+15	1.168365e+02	3.255756e+01	1.488514e+16
6851	4.337304e+15	1.107789e+02	3.199244e+01	1.089224e+16
6852	4.337456e+15	1.059099e+02	3.242388e+01	9.031197e+15
6853	4.337614e+15	9.518450e+01	3.157657e+01	1.137750e+16
6854	4.337781e+15	9.244056e+01	3.145452e+01	1.323709e+16
6855	4.337955e+15	8.314837e+01	3.001160e+01	1.269775e+16
6856	4.338139e+15	6.572426e+01	2.879958e+01	1.199199e+16
6857	4.338339e+15	6.470158e+01	3.003161e+01	1.796324e+16
6858	4.338549e+15	5.779802e+01	2.876467e+01	7.445466e+15
6859	4.338777e+15	5.932751e+01	3.146011e+01	1.376865e+16
6860	4.339008e+15	6.331794e+01	2.811135e+01	1.216252e+16
6861	4.339254e+15	6.446524e+01	2.816036e+01	2.476936e+16
6862	4.339516e+15	6.100946e+01	2.974360e+01	2.850770e+16
6863	4.339782e+15	5.619510e+01	2.880760e+01	1.630069e+16
6864	4.340057e+15	4.958268e+01	2.978971e+01	1.559973e+16
6865	4.340334e+15	5.229622e+01	3.152416e+01	2.135017e+16
6866	4.340608e+15	5.536280e+01	3.445905e+01	1.890042e+16
6867	4.340866e+15	4.962544e+01	3.377181e+01	1.712716e+16
6868	4.341119e+15	4.961539e+01	3.562390e+01	2.517090e+16
6869	4.341359e+15	5.275595e+01	3.631991e+01	2.727627e+16
6870	4.341587e+15	5.977649e+01	3.439804e+01	1.555020e+16
6871	4.341816e+15	7.510631e+01	3.583423e+01	1.945041e+16
6872	4.342038e+15	7.816986e+01	3.518523e+01	1.603780e+16
6873	4.342258e+15	6.951209e+01	3.404294e+01	1.989932e+16
6874	4.342479e+15	6.238208e+01	3.477555e+01	2.048875e+16
6875	4.342699e+15	5.207237e+01	3.410480e+01	1.645546e+16
6876	4.342925e+15	5.030172e+01	3.499165e+01	1.858152e+16
6877	4.343150e+15	5.284063e+01	3.468007e+01	1.185299e+16
6878	4.343375e+15	5.109659e+01	3.551322e+01	2.390636e+16
6879	4.343600e+15	5.414349e+01	3.412375e+01	1.208681e+16
6880	4.343831e+15	5.008105e+01	3.604949e+01	2.200228e+16
6881	4.344064e+15	5.400379e+01	3.623303e+01	2.156990e+16
6882	4.344298e+15	5.541787e+01	3.602729e+01	2.407506e+16
6883	4.344532e+15	4.984004e+01	3.721675e+01	2.944333e+16
6884	4.344762e+15	4.211299e+01	3.640755e+01	1.709228e+16
6885	4.344989e+15	3.842927e+01	3.601911e+01	1.935887e+16
6886	4.345211e+15	4.360957e+01	3.500068e+01	1.221060e+16
6887	4.345434e+15	4.532454e+01	3.501486e+01	9.108376e+15
6888	4.345656e+15	4.420194e+01	3.492050e+01	1.608118e+16
6889	4.345879e+15	4.442969e+01	3.439848e+01	1.940568e+16
6890	4.346103e+15	4.527543e+01	3.479864e+01	7.412435e+15
6891	4.346329e+15	5.246364e+01	3.623825e+01	1.161222e+16
6892	4.346550e+15	5.095024e+01	3.542405e+01	1.557423e+16
6893	4.346769e+15	5.143411e+01	3.500715e+01	8.096973e+15
6894	4.346991e+15	4.901467e+01	3.660135e+01	1.456535e+16
6895	4.347212e+15	5.715430e+01	3.808043e+01	1.809380e+16
6896	4.347424e+15	6.478622e+01	3.521104e+01	1.186895e+16
6897	4.347639e+15	6.104089e+01	3.508060e+01	5.535714e+15
6898	4.347853e+15	5.141873e+01	3.483905e+01	1.646480e+16
6899	4.348070e+15	4.695562e+01	3.543929e+01	1.487279e+16
6900	4.348289e+15	5.062951e+01	3.678237e+01	6.002832e+15
6901	4.348506e+15	5.524373e+01	3.879062e+01	6.501827e+15
6902	4.348718e+15	6.345312e+01	3.688947e+01	9.496979e+15
6903	4.348934e+15	6.752907e+01	3.841092e+01	1.094832e+16
6904	4.349147e+15	6.282533e+01	3.785343e+01	1.135312e+16
6905	4.349361e+15	5.022980e+01	3.523154e+01	1.382730e+16
6906	4.349585e+15	5.348047e+01	3.551297e+01	1.636099e+16
6907	4.349814e+15	5.615994e+01	3.583486e+01	1.625171e+16
6908	4.350048e+15	4.808433e+01	3.713328e+01	1.307104e+16
6909	4.350280e+15	4.656986e+01	3.770104e+01	1.967199e+16
6910	4.350508e+15	4.657315e+01	3.555983e+01	1.632682e+16
6911	4.350738e+15	5.363818e+01	3.564627e+01	1.900740e+16
6912	4.350966e+15	5.881151e+01	3.569245e+01	1.691987e+16
6913	4.351194e+15	5.847960e+01	3.527112e+01	7.046911e+15
6914	4.351422e+15	6.269929e+01	3.628702e+01	1.391217e+16
6915	4.351647e+15	6.390485e+01	3.791317e+01	6.718904e+15
6916	4.351868e+15	6.403182e+01	3.830212e+01	1.596552e+16
6917	4.352087e+15	5.935477e+01	3.798556e+01	1.146375e+16
6918	4.352308e+15	5.884625e+01	3.844839e+01	1.331941e+16
6919	4.352529e+15	6.063701e+01	3.803990e+01	1.675274e+16
6920	4.352749e+15	5.510491e+01	3.768330e+01	7.500617e+15
6921	4.352969e+15	5.602995e+01	3.876607e+01	1.020573e+16
6922	4.353189e+15	6.249004e+01	3.988233e+01	1.142635e+16
6923	4.353407e+15	6.255143e+01	4.076290e+01	1.275536e+16
6924	4.353623e+15	5.013949e+01	3.987652e+01	1.673701e+16
6925	4.353840e+15	5.631970e+01	3.988523e+01	1.422149e+16
6926	4.354060e+15	5.829901e+01	4.091558e+01	2.312598e+16
6927	4.354279e+15	4.548548e+01	3.842859e+01	2.261655e+16
6928	4.354507e+15	4.854884e+01	4.015597e+01	1.890064e+16
6929	4.354735e+15	5.010298e+01	4.064702e+01	2.123639e+16
6930	4.354965e+15	4.668453e+01	3.858288e+01	2.025960e+16
6931	4.355205e+15	4.814830e+01	4.222640e+01	2.210972e+16
6932	4.355444e+15	4.728650e+01	4.312158e+01	1.396708e+16
6933	4.355680e+15	3.931798e+01	4.244024e+01	1.062681e+16
6934	4.355912e+15	4.670502e+01	4.220247e+01	2.836535e+16
6935	4.356144e+15	6.282245e+01	4.302915e+01	2.450311e+16
6936	4.356370e+15	6.383106e+01	4.248796e+01	1.691595e+16
6937	4.356593e+15	6.076252e+01	3.938508e+01	2.594057e+16
6938	4.356821e+15	5.838713e+01	4.236645e+01	1.719036e+16
6939	4.357040e+15	5.405539e+01	3.967283e+01	1.462254e+16
6940	4.357260e+15	5.820688e+01	4.036434e+01	1.433438e+16
6941	4.357477e+15	5.886044e+01	4.114819e+01	1.090606e+16
6942	4.357688e+15	5.481955e+01	4.016311e+01	5.749389e+15
6943	4.357898e+15	5.993822e+01	4.072804e+01	1.153507e+16
6944	4.358107e+15	7.092749e+01	4.155979e+01	1.401349e+16
6945	4.358313e+15	6.703049e+01	4.146927e+01	1.546969e+16
6946	4.358515e+15	7.034092e+01	4.095527e+01	1.211911e+16
6947	4.358711e+15	8.264656e+01	4.107001e+01	1.334647e+16
6948	4.358905e+15	8.435178e+01	4.038859e+01	3.512873e+15
6949	4.359098e+15	7.685976e+01	3.937425e+01	9.660779e+15
6950	4.359298e+15	6.893733e+01	4.038615e+01	7.305857e+15
6951	4.359499e+15	6.247922e+01	4.021888e+01	1.806218e+16
6952	4.359702e+15	7.173335e+01	3.984863e+01	1.341781e+16
6953	4.359909e+15	7.083203e+01	4.058097e+01	1.281067e+16
6954	4.360116e+15	6.420249e+01	3.983663e+01	1.337095e+16
6955	4.360327e+15	6.001237e+01	4.006895e+01	1.346018e+16
6956	4.360539e+15	6.041134e+01	3.970255e+01	1.661502e+16
6957	4.360755e+15	6.525509e+01	3.827981e+01	1.291179e+16
6958	4.360975e+15	6.612805e+01	4.015071e+01	1.083883e+16
6959	4.361196e+15	5.723785e+01	3.736935e+01	2.095518e+16
6960	4.361423e+15	5.516511e+01	3.992322e+01	1.205432e+16
6961	4.361650e+15	5.684310e+01	3.997599e+01	1.100352e+16
6962	4.361874e+15	6.402873e+01	3.953546e+01	9.717753e+15
6963	4.362094e+15	6.995816e+01	3.956096e+01	1.007208e+16
6964	4.362306e+15	7.291898e+01	3.948963e+01	5.358450e+15
6965	4.362513e+15	6.682788e+01	3.833052e+01	1.124955e+16
6966	4.362717e+15	6.187915e+01	3.846049e+01	9.318776e+15
6967	4.362919e+15	7.124828e+01	3.806744e+01	1.381554e+16
6968	4.363120e+15	7.527290e+01	3.843322e+01	2.029644e+16
6969	4.363318e+15	7.614914e+01	3.754872e+01	1.386400e+16
6970	4.363514e+15	8.293680e+01	3.646178e+01	6.658383e+15
6971	4.363708e+15	8.014357e+01	3.704506e+01	1.544537e+16
6972	4.363904e+15	7.435267e+01	3.817262e+01	1.283460e+16
6973	4.364098e+15	6.565896e+01	3.772312e+01	1.624780e+16
6974	4.364293e+15	6.286597e+01	3.756255e+01	7.010433e+15
6975	4.364490e+15	7.446811e+01	3.924257e+01	6.542936e+15
6976	4.364683e+15	8.301009e+01	3.768368e+01	1.326564e+16
6977	4.364881e+15	7.617472e+01	3.802240e+01	3.094403e+16
6978	4.365079e+15	6.453860e+01	3.617367e+01	2.622709e+16
6979	4.365284e+15	6.805498e+01	3.655218e+01	1.423469e+16
6980	4.365495e+15	5.776303e+01	3.700361e+01	2.291605e+16
6981	4.365714e+15	5.635692e+01	3.966127e+01	1.797768e+16
6982	4.365936e+15	5.549303e+01	3.983113e+01	2.254375e+16
6983	4.366163e+15	5.647908e+01	4.081095e+01	3.456011e+16
6984	4.366393e+15	5.075181e+01	3.914918e+01	1.821970e+16
6985	4.366627e+15	4.479325e+01	3.903231e+01	2.780317e+16
6986	4.366870e+15	4.603727e+01	4.378971e+01	2.537417e+16
6987	4.367103e+15	5.258290e+01	4.190532e+01	1.980393e+16
6988	4.367338e+15	6.322321e+01	4.339270e+01	2.669037e+16
6989	4.367565e+15	7.127691e+01	4.094610e+01	1.348265e+16
6990	4.367795e+15	6.735422e+01	4.012748e+01	2.180473e+16
6991	4.368030e+15	5.185440e+01	4.489178e+01	2.859396e+16
6992	4.368253e+15	4.634664e+01	4.273716e+01	1.726859e+16
6993	4.368476e+15	4.610783e+01	4.355551e+01	1.805727e+16
6994	4.368698e+15	5.459486e+01	4.492649e+01	9.471844e+15
6995	4.368909e+15	6.721757e+01	4.213375e+01	1.874038e+16
6996	4.369122e+15	7.653680e+01	4.340387e+01	1.875641e+16
6997	4.369331e+15	6.509495e+01	4.123974e+01	1.313421e+16
6998	4.369535e+15	6.582267e+01	4.684021e+01	9.126619e+15
6999	4.369725e+15	6.072299e+01	4.777796e+01	1.283505e+16
7000	4.369901e+15	5.428157e+01	4.722931e+01	5.023125e+15
7001	4.370068e+15	6.330324e+01	4.690499e+01	1.092723e+16
7002	4.370226e+15	7.908390e+01	4.664649e+01	1.526928e+16
7003	4.370376e+15	7.687804e+01	4.489877e+01	5.866516e+15
7004	4.370519e+15	6.870539e+01	4.303170e+01	3.724909e+15
7005	4.370656e+15	8.573528e+01	4.265021e+01	2.648495e+15
7006	4.370789e+15	1.020104e+02	4.054473e+01	1.070803e+16
7007	4.370922e+15	9.985696e+01	4.222261e+01	5.252850e+15
7008	4.371052e+15	1.220526e+02	4.070921e+01	3.627800e+15
7009	4.371183e+15	1.345182e+02	4.157277e+01	1.251560e+16
7010	4.371316e+15	1.204771e+02	3.972947e+01	1.010460e+16
7011	4.371454e+15	1.026870e+02	4.018120e+01	1.753570e+16
7012	4.371595e+15	6.830551e+01	3.609998e+01	2.248694e+15
7013	4.371754e+15	6.636303e+01	3.858741e+01	1.586712e+16
7014	4.371920e+15	5.225661e+01	3.445802e+01	1.826522e+16
7015	4.372109e+15	4.115103e+01	3.440611e+01	1.966655e+16
7016	4.372324e+15	4.295241e+01	3.487731e+01	2.005020e+16
7017	4.372565e+15	3.947589e+01	3.412425e+01	3.188086e+16
7018	4.372844e+15	3.726239e+01	4.277766e+01	2.539768e+16
7019	4.373122e+15	3.357842e+01	4.263415e+01	2.991476e+16
7020	4.373398e+15	3.737067e+01	4.418784e+01	3.234502e+16
7021	4.373668e+15	4.303424e+01	4.465171e+01	2.555998e+16
7022	4.373932e+15	4.538344e+01	4.578624e+01	1.061987e+16
7023	4.374184e+15	4.981070e+01	4.564449e+01	2.046614e+16
7024	4.374425e+15	5.167302e+01	4.488367e+01	1.705125e+16
7025	4.374662e+15	4.744089e+01	4.487017e+01	1.590314e+16
7026	4.374896e+15	5.275682e+01	4.464766e+01	1.539012e+16
7027	4.375126e+15	5.854883e+01	4.446315e+01	1.938238e+16
7028	4.375349e+15	5.628396e+01	4.117724e+01	1.493933e+16
7029	4.375571e+15	5.787007e+01	3.999835e+01	1.919682e+16
7030	4.375793e+15	5.723194e+01	4.155174e+01	1.505776e+16
7031	4.376010e+15	5.577479e+01	3.951673e+01	1.445502e+16
7032	4.376227e+15	6.131098e+01	4.242499e+01	1.443547e+16
7033	4.376436e+15	6.228154e+01	4.121459e+01	1.390375e+16
7034	4.376645e+15	5.996231e+01	4.172290e+01	1.144096e+16
7035	4.376849e+15	6.865569e+01	3.956331e+01	1.831817e+16
7036	4.377055e+15	7.518546e+01	4.136678e+01	1.040555e+16
7037	4.377257e+15	6.974861e+01	4.062876e+01	1.659288e+16
7038	4.377458e+15	7.306682e+01	4.026749e+01	1.647378e+16
7039	4.377661e+15	7.209553e+01	4.072258e+01	2.079372e+16
7040	4.377866e+15	6.355189e+01	3.917625e+01	1.053118e+16
7041	4.378079e+15	6.078269e+01	4.192959e+01	2.603399e+16
7042	4.378289e+15	5.731334e+01	4.019219e+01	8.074883e+15
7043	4.378505e+15	5.442519e+01	4.131415e+01	2.356755e+16
7044	4.378718e+15	6.299700e+01	4.079362e+01	1.882306e+16
7045	4.378930e+15	6.376874e+01	4.064236e+01	1.085224e+16
7046	4.379141e+15	6.574681e+01	4.082927e+01	5.557394e+15
7047	4.379350e+15	6.627472e+01	3.859939e+01	1.262170e+16
7048	4.379565e+15	6.650692e+01	4.031527e+01	1.060013e+16
7049	4.379783e+15	5.900723e+01	3.994083e+01	1.132895e+16
7050	4.380001e+15	4.906057e+01	3.866582e+01	3.148008e+16
7051	4.380225e+15	5.504007e+01	4.140998e+01	1.414612e+16
7052	4.380446e+15	6.155090e+01	4.124464e+01	1.784382e+16
7053	4.380667e+15	6.018445e+01	4.175144e+01	2.274574e+16
7054	4.380886e+15	5.614900e+01	4.082020e+01	1.543938e+16
7055	4.381110e+15	5.844378e+01	3.919423e+01	1.807914e+16
7056	4.381346e+15	5.555670e+01	3.993664e+01	1.071749e+16
7057	4.381590e+15	5.739133e+01	4.338214e+01	1.494123e+16
7058	4.381829e+15	6.294541e+01	4.089160e+01	7.223647e+15
7059	4.382075e+15	5.146042e+01	4.160646e+01	2.539857e+16
7060	4.382325e+15	4.086845e+01	4.132257e+01	1.253852e+16
7061	4.382580e+15	4.117912e+01	4.490241e+01	1.548029e+16
7062	4.382826e+15	5.032122e+01	4.493643e+01	2.113961e+16
7063	4.383063e+15	5.719006e+01	4.353722e+01	1.744080e+16
7064	4.383293e+15	5.880597e+01	4.147851e+01	1.508189e+16
7065	4.383524e+15	5.575134e+01	4.228091e+01	2.082217e+16
7066	4.383748e+15	5.652189e+01	4.135452e+01	1.768582e+16
7067	4.383965e+15	5.792891e+01	3.937751e+01	1.264823e+16
7068	4.384181e+15	5.721388e+01	4.059252e+01	8.951901e+15
7069	4.384393e+15	4.842424e+01	3.937022e+01	1.496418e+16
7070	4.384606e+15	5.554539e+01	3.976207e+01	1.948819e+16
7071	4.384817e+15	5.845211e+01	3.972679e+01	1.546241e+16
7072	4.385028e+15	5.476234e+01	4.006740e+01	9.171051e+15
7073	4.385236e+15	5.642019e+01	4.046928e+01	1.461762e+16
7074	4.385440e+15	6.337821e+01	4.012812e+01	1.055830e+16
7075	4.385639e+15	7.097857e+01	4.116814e+01	1.775172e+16
7076	4.385834e+15	7.322285e+01	4.168754e+01	1.331680e+16
7077	4.386022e+15	7.318516e+01	4.053389e+01	1.400614e+16
7078	4.386208e+15	6.941022e+01	4.044059e+01	2.120241e+16
7079	4.386394e+15	7.318362e+01	4.086851e+01	6.656824e+15
7080	4.386577e+15	8.820395e+01	4.129692e+01	1.014441e+16
7081	4.386758e+15	8.895123e+01	4.044286e+01	2.320867e+15
7082	4.386936e+15	7.986017e+01	3.891516e+01	1.225256e+16
7083	4.387118e+15	7.408483e+01	3.949563e+01	2.540020e+16
7084	4.387302e+15	7.604224e+01	4.081849e+01	1.702734e+16
7085	4.387486e+15	8.503145e+01	4.131896e+01	1.747516e+16
7086	4.387664e+15	7.454211e+01	3.851944e+01	1.654868e+16
7087	4.387848e+15	6.969919e+01	3.851490e+01	1.387994e+16
7088	4.388032e+15	8.068010e+01	3.904305e+01	1.723371e+16
7089	4.388215e+15	8.935803e+01	3.851489e+01	1.312603e+16
7090	4.388398e+15	7.661986e+01	3.757445e+01	1.268587e+16
7091	4.388585e+15	7.955993e+01	3.917283e+01	5.703351e+15
7092	4.388769e+15	8.239924e+01	3.887781e+01	1.655256e+16
7093	4.388951e+15	8.420527e+01	3.770447e+01	7.033964e+15
7094	4.389130e+15	8.892222e+01	3.710802e+01	6.740866e+15
7095	4.389311e+15	8.198646e+01	3.772514e+01	1.569229e+16
7096	4.389494e+15	8.354478e+01	3.855098e+01	1.978006e+16
7097	4.389677e+15	7.883698e+01	3.857427e+01	1.983271e+16
7098	4.389861e+15	7.279462e+01	3.888294e+01	1.289504e+16
7099	4.390047e+15	7.598411e+01	3.952769e+01	1.619316e+16
7100	4.390234e+15	7.285898e+01	3.648236e+01	7.115960e+15
7101	4.390428e+15	7.600150e+01	3.774209e+01	1.016526e+16
7102	4.390625e+15	7.612506e+01	3.863590e+01	1.016410e+16
7103	4.390821e+15	6.734632e+01	3.753105e+01	1.289607e+16
7104	4.391025e+15	5.565339e+01	3.846096e+01	1.299111e+16
7105	4.391234e+15	5.963386e+01	3.795910e+01	6.385710e+15
7106	4.391450e+15	6.309205e+01	3.935172e+01	1.402757e+16
7107	4.391668e+15	5.498032e+01	3.799470e+01	1.437692e+16
7108	4.391896e+15	4.353288e+01	3.886765e+01	1.216153e+16
7109	4.392131e+15	7.061927e+01	6.267461e+01	1.842249e+16
7110	4.392301e+15	7.866085e+01	3.572967e+01	1.411165e+16
7111	4.392489e+15	7.707810e+01	3.637773e+01	1.947016e+16
7112	4.392691e+15	8.203227e+01	4.005961e+01	1.809940e+16
7113	4.392895e+15	6.960244e+01	3.836993e+01	1.414961e+16
7114	4.393110e+15	5.660780e+01	3.929590e+01	1.589705e+16
7115	4.393336e+15	5.647786e+01	4.048754e+01	1.394807e+16
7116	4.393572e+15	5.727751e+01	4.313206e+01	2.127143e+16
7117	4.393812e+15	5.895102e+01	4.574008e+01	2.145594e+16
7118	4.394047e+15	5.217100e+01	4.390198e+01	1.528028e+16
7119	4.394282e+15	4.869923e+01	4.201706e+01	1.410783e+16
7120	4.394520e+15	5.452425e+01	4.432142e+01	3.047992e+16
7121	4.394750e+15	6.338226e+01	4.231060e+01	1.318585e+16
7122	4.394976e+15	6.763651e+01	4.143243e+01	1.083232e+16
7123	4.395200e+15	6.959897e+01	4.235167e+01	2.282421e+16
7124	4.395419e+15	5.880131e+01	4.028185e+01	1.298406e+16
7125	4.395642e+15	6.022355e+01	4.123231e+01	1.594247e+16
7126	4.395866e+15	6.506884e+01	4.296553e+01	1.176323e+16
7127	4.396087e+15	5.545393e+01	4.167287e+01	1.851860e+16
7128	4.396312e+15	6.412842e+01	4.432901e+01	1.520157e+16
7129	4.396535e+15	6.514654e+01	4.413869e+01	1.336258e+16
7130	4.396757e+15	5.828900e+01	4.357793e+01	1.226651e+16
7131	4.396986e+15	5.924455e+01	4.482156e+01	2.305421e+16
7132	4.397216e+15	5.485453e+01	4.497936e+01	2.381205e+16
7133	4.397448e+15	4.866180e+01	3.918316e+01	2.096882e+16
7134	4.397703e+15	4.565397e+01	4.366919e+01	1.959581e+16
7135	4.397964e+15	4.565030e+01	4.745662e+01	1.482636e+16
7136	4.398216e+15	4.297282e+01	4.732897e+01	1.872661e+16
7137	4.398460e+15	4.814438e+01	4.759866e+01	1.684539e+16
7138	4.398695e+15	5.022278e+01	4.662705e+01	1.736462e+16
7139	4.398922e+15	5.490550e+01	4.595793e+01	2.074448e+16
7140	4.399145e+15	6.407099e+01	4.584749e+01	2.204072e+16
7141	4.399364e+15	6.531951e+01	4.502934e+01	1.406346e+16
7142	4.399580e+15	6.026041e+01	4.441574e+01	1.424370e+16
7143	4.399795e+15	5.893476e+01	4.394798e+01	2.143514e+16
7144	4.400007e+15	5.707989e+01	4.382873e+01	1.292682e+16
7145	4.400217e+15	5.950016e+01	4.348924e+01	9.996877e+15
7146	4.400425e+15	6.173472e+01	4.221563e+01	1.159704e+16
7147	4.400633e+15	6.665381e+01	4.291166e+01	2.168989e+16
7148	4.400838e+15	6.555418e+01	4.004341e+01	1.838653e+16
7149	4.401047e+15	6.434436e+01	4.106430e+01	6.281757e+15
7150	4.401255e+15	5.951303e+01	3.967476e+01	2.010355e+16
7151	4.401468e+15	5.349991e+01	4.010069e+01	1.324385e+16
7152	4.401684e+15	6.576952e+01	4.175901e+01	1.214513e+16
7153	4.401896e+15	6.370756e+01	4.069357e+01	1.303602e+16
7154	4.402109e+15	6.527311e+01	4.138819e+01	1.464649e+16
7155	4.402322e+15	6.547198e+01	4.099951e+01	1.236209e+16
7156	4.402534e+15	5.819919e+01	4.148429e+01	8.162614e+15
7157	4.402748e+15	6.626546e+01	4.336457e+01	1.370497e+16
7158	4.402956e+15	7.140203e+01	4.078657e+01	9.895086e+15
7159	4.403166e+15	6.798854e+01	4.151930e+01	6.276120e+15
7160	4.403377e+15	6.348125e+01	4.180296e+01	8.876232e+15
7161	4.403587e+15	6.240793e+01	4.074405e+01	7.184665e+15
7162	4.403798e+15	6.620576e+01	4.064873e+01	1.263058e+16
7163	4.404008e+15	6.434377e+01	3.913817e+01	1.523739e+16
7164	4.404221e+15	6.440476e+01	4.027588e+01	1.713477e+16
7165	4.404432e+15	6.142007e+01	3.943125e+01	1.388432e+16
7166	4.404647e+15	5.985297e+01	3.982931e+01	6.869846e+15
7167	4.404860e+15	6.071198e+01	3.955019e+01	1.485911e+16
7168	4.405075e+15	5.364284e+01	3.892924e+01	1.581813e+16
7169	4.405295e+15	5.968583e+01	4.146391e+01	8.808383e+15
7170	4.405510e+15	6.074273e+01	3.897912e+01	1.158956e+16
7171	4.405730e+15	5.467675e+01	4.017471e+01	1.991589e+16
7172	4.405952e+15	5.299878e+01	4.031506e+01	1.042872e+16
7173	4.406173e+15	5.227213e+01	4.054576e+01	6.121139e+15
7174	4.406388e+15	6.357371e+01	4.129078e+01	2.238591e+16
7175	4.406598e+15	7.240076e+01	3.994018e+01	5.552208e+15
7176	4.406809e+15	7.263146e+01	4.164806e+01	1.393184e+16
7177	4.407015e+15	7.129189e+01	4.131510e+01	1.082394e+16
7178	4.407220e+15	6.751932e+01	4.125429e+01	1.737325e+16
7179	4.407423e+15	6.117153e+01	3.999101e+01	1.796058e+16
7180	4.407627e+15	6.510860e+01	4.052302e+01	1.542885e+16
7181	4.407829e+15	6.608955e+01	4.082391e+01	1.591425e+16
7182	4.408030e+15	7.724218e+01	4.157752e+01	1.396327e+16
7183	4.408227e+15	7.912392e+01	3.889903e+01	1.092465e+16
7184	4.408429e+15	7.509165e+01	4.020710e+01	9.775030e+15
7185	4.408633e+15	7.444065e+01	4.204383e+01	1.710046e+16
7186	4.408833e+15	6.302828e+01	4.031302e+01	1.920263e+16
7187	4.409036e+15	5.998028e+01	3.948642e+01	1.215848e+16
7188	4.409240e+15	6.771726e+01	4.016859e+01	1.209757e+16
7189	4.409445e+15	7.628823e+01	4.008397e+01	1.311713e+16
7190	4.409650e+15	7.119308e+01	3.612172e+01	1.394110e+16
7191	4.409867e+15	6.930073e+01	3.960236e+01	1.674932e+16
7192	4.410083e+15	6.714772e+01	3.895145e+01	1.065910e+16
7193	4.410298e+15	7.182714e+01	3.883383e+01	1.237280e+16
7194	4.410517e+15	7.007307e+01	4.017842e+01	1.025195e+16
7195	4.410734e+15	5.710005e+01	3.839868e+01	1.309554e+16
7196	4.410954e+15	6.112065e+01	3.895465e+01	9.422244e+15
7197	4.411170e+15	6.780612e+01	3.845309e+01	1.177334e+16
7198	4.411385e+15	6.188546e+01	3.846164e+01	2.389163e+16
7199	4.411605e+15	5.885014e+01	3.876997e+01	1.749716e+16
7200	4.411831e+15	6.780880e+01	4.106128e+01	1.768512e+16
7201	4.412050e+15	7.500760e+01	3.898828e+01	1.260224e+16
7202	4.412272e+15	7.129172e+01	4.161200e+01	1.501191e+16
7203	4.412490e+15	5.665342e+01	3.862511e+01	1.597422e+16
7204	4.412719e+15	5.627601e+01	4.032190e+01	2.107914e+16
7205	4.412952e+15	5.822770e+01	4.084320e+01	2.319273e+16
7206	4.413183e+15	5.580779e+01	3.915829e+01	1.752254e+16
7207	4.413411e+15	5.185089e+01	3.733190e+01	1.594966e+16
7208	4.413643e+15	5.650473e+01	4.119445e+01	2.131080e+16
7209	4.413861e+15	5.303767e+01	3.515241e+01	9.851900e+15
7210	4.414088e+15	5.387048e+01	3.714936e+01	9.003416e+15
7211	4.414313e+15	5.964381e+01	3.667234e+01	1.055093e+16
7212	4.414532e+15	5.443017e+01	3.494567e+01	7.197696e+15
7213	4.414752e+15	6.139232e+01	3.669465e+01	2.078277e+16
7214	4.414965e+15	7.097266e+01	3.551847e+01	6.268797e+15
7215	4.415178e+15	7.347094e+01	3.576528e+01	1.621979e+16
7216	4.415391e+15	6.798246e+01	3.565154e+01	8.528855e+15
7217	4.415604e+15	7.087686e+01	3.608669e+01	1.352688e+16
7218	4.415812e+15	7.559878e+01	3.642828e+01	5.797815e+15
7219	4.416014e+15	8.326573e+01	3.620780e+01	7.392385e+15
7220	4.416212e+15	8.328530e+01	3.626980e+01	1.311043e+16
7221	4.416406e+15	7.871474e+01	3.583613e+01	5.707569e+15
7222	4.416598e+15	8.070568e+01	3.513406e+01	1.041743e+16
7223	4.416788e+15	8.238599e+01	3.492331e+01	1.531663e+16
7224	4.416978e+15	8.141333e+01	3.457143e+01	1.605319e+16
7225	4.417174e+15	7.957177e+01	3.638575e+01	1.796127e+16
7226	4.417369e+15	6.262928e+01	3.327227e+01	2.064679e+15
7227	4.417575e+15	7.171772e+01	3.790283e+01	1.405931e+16
7228	4.417776e+15	7.074236e+01	3.427795e+01	1.328966e+16
7229	4.417984e+15	6.631532e+01	3.545512e+01	8.834832e+15
7230	4.418187e+15	6.509117e+01	3.460448e+01	1.428803e+16
7231	4.418392e+15	7.024983e+01	3.401960e+01	5.952662e+15
7232	4.418602e+15	6.247286e+01	3.290088e+01	1.426209e+16
7233	4.418823e+15	6.035302e+01	3.439074e+01	9.452537e+15
7234	4.419048e+15	6.326668e+01	3.513661e+01	1.232451e+16
7235	4.419275e+15	7.210666e+01	3.652487e+01	2.303592e+16
7236	4.419495e+15	7.114966e+01	3.321100e+01	1.278721e+16
7237	4.419721e+15	5.973481e+01	3.390571e+01	1.442991e+16
7238	4.419949e+15	6.716114e+01	3.718521e+01	1.141286e+16
7239	4.420171e+15	6.956732e+01	3.560149e+01	1.512912e+16
7240	4.420392e+15	5.993406e+01	3.624826e+01	1.376334e+16
7241	4.420611e+15	6.319657e+01	3.599946e+01	1.274498e+16
7242	4.420828e+15	6.577356e+01	3.652800e+01	8.124485e+15
7243	4.421039e+15	6.409327e+01	3.620088e+01	1.456052e+16
7244	4.421247e+15	7.047478e+01	3.550535e+01	6.571889e+15
7245	4.421453e+15	7.240629e+01	3.546678e+01	1.052501e+16
7246	4.421657e+15	7.227746e+01	3.659897e+01	9.167221e+15
7247	4.421854e+15	6.457206e+01	3.556858e+01	2.081540e+16
7248	4.422051e+15	6.696896e+01	3.419036e+01	1.258228e+16
7249	4.422253e+15	6.277473e+01	3.589453e+01	1.431803e+16
7250	4.422453e+15	4.710351e+01	3.376170e+01	1.015375e+16
7251	4.422658e+15	5.284253e+01	3.458580e+01	6.353627e+15
7252	4.422864e+15	5.011715e+01	3.326561e+01	7.256822e+15
7253	4.423079e+15	5.567968e+01	3.516605e+01	1.223736e+16
7254	4.423297e+15	5.792586e+01	3.374014e+01	9.593568e+15
7255	4.423523e+15	6.501899e+01	3.400845e+01	1.128121e+16
7256	4.423754e+15	5.934405e+01	3.602104e+01	2.513142e+16
7257	4.423980e+15	4.297160e+01	3.455414e+01	1.838348e+16
7258	4.424214e+15	5.291806e+01	3.755753e+01	2.803538e+16
7259	4.424444e+15	6.728605e+01	3.940510e+01	1.995561e+16
7260	4.424664e+15	5.704515e+01	3.918615e+01	1.788197e+16
7261	4.424875e+15	5.512702e+01	3.906226e+01	1.195550e+16
7262	4.425079e+15	7.107173e+01	3.620123e+01	1.107013e+16
7263	4.425289e+15	7.929153e+01	3.683383e+01	1.486721e+16
7264	4.425503e+15	6.887755e+01	3.641536e+01	1.851882e+16
7265	4.425723e+15	6.513296e+01	3.785814e+01	1.568698e+16
7266	4.425938e+15	5.124043e+01	3.553085e+01	1.887197e+16
7267	4.426158e+15	5.197342e+01	3.733854e+01	1.232219e+16
7268	4.426374e+15	5.849066e+01	3.681309e+01	7.818403e+15
7269	4.426586e+15	6.256703e+01	3.428145e+01	1.603820e+16
7270	4.426803e+15	6.483246e+01	3.510958e+01	8.957051e+15
7271	4.427015e+15	5.732131e+01	3.466823e+01	1.513520e+16
7272	4.427219e+15	6.251329e+01	3.299500e+01	6.797021e+15
7273	4.427423e+15	6.981245e+01	3.372268e+01	7.968349e+15
7274	4.427625e+15	7.476952e+01	3.370966e+01	9.458250e+15
7275	4.427824e+15	7.739577e+01	3.407806e+01	9.005436e+15
7276	4.428020e+15	7.405837e+01	3.401162e+01	8.506876e+15
7277	4.428215e+15	7.095715e+01	3.559047e+01	9.535538e+15
7278	4.428407e+15	7.089658e+01	3.554373e+01	1.451163e+16
7279	4.428596e+15	7.402921e+01	3.570234e+01	5.981605e+15
7280	4.428783e+15	7.210791e+01	3.526407e+01	1.197379e+16
7281	4.428965e+15	6.964077e+01	3.496721e+01	5.787239e+15
7282	4.429145e+15	8.251548e+01	3.577663e+01	1.278682e+16
7283	4.429318e+15	8.052491e+01	3.663031e+01	2.259134e+15
7284	4.429485e+15	7.011331e+01	3.572170e+01	9.415497e+15
7285	4.429653e+15	7.126619e+01	3.658931e+01	1.405081e+16
7286	4.429821e+15	8.559942e+01	3.772383e+01	9.533465e+15
7287	4.429985e+15	8.339328e+01	3.881087e+01	8.704128e+15
7288	4.430147e+15	7.959424e+01	3.685547e+01	5.216558e+15
7289	4.430308e+15	8.797815e+01	3.659431e+01	1.945945e+16
7290	4.430471e+15	9.516640e+01	3.618041e+01	9.895305e+15
7291	4.430637e+15	9.463184e+01	3.767652e+01	1.043776e+16
7292	4.430801e+15	7.027204e+01	3.381178e+01	2.055993e+16
7293	4.430974e+15	8.413031e+01	3.565598e+01	1.532787e+16
7294	4.431149e+15	7.453902e+01	3.309944e+01	1.110076e+16
7295	4.431333e+15	5.840357e+01	3.377141e+01	7.847052e+15
7296	4.431524e+15	5.906107e+01	3.250460e+01	1.993271e+16
7297	4.431726e+15	6.297477e+01	3.418796e+01	1.548912e+16
7298	4.431932e+15	6.737433e+01	3.509974e+01	1.230095e+16
7299	4.432134e+15	7.223445e+01	3.573847e+01	1.487814e+16
7300	4.432332e+15	7.953750e+01	3.574169e+01	8.593102e+15
7301	4.432526e+15	7.999983e+01	3.452153e+01	1.355965e+16
7302	4.432719e+15	7.207093e+01	3.436309e+01	1.057791e+16
7303	4.432912e+15	7.487048e+01	3.480842e+01	1.022661e+16
7304	4.433103e+15	7.933985e+01	3.453149e+01	8.759921e+15
7305	4.433294e+15	7.392282e+01	3.477378e+01	1.252556e+16
7306	4.433484e+15	6.984094e+01	3.423280e+01	1.910820e+16
7307	4.433676e+15	6.196666e+01	3.315304e+01	1.332671e+16
7308	4.433870e+15	6.476726e+01	3.338690e+01	1.606645e+16
7309	4.434069e+15	6.305942e+01	3.246789e+01	1.309782e+16
7310	4.434274e+15	5.713791e+01	3.219478e+01	1.523211e+16
7311	4.434484e+15	6.054036e+01	3.203722e+01	2.875645e+16
7312	4.434699e+15	5.166545e+01	3.079768e+01	1.338493e+16
7313	4.434926e+15	4.768208e+01	3.222709e+01	2.030865e+16
7314	4.435161e+15	5.036381e+01	3.289310e+01	1.538404e+16
7315	4.435400e+15	4.766024e+01	3.322327e+01	7.551356e+15
7316	4.435641e+15	5.248490e+01	3.399493e+01	1.268636e+16
7317	4.435880e+15	5.529805e+01	3.478481e+01	8.804039e+15
7318	4.436118e+15	5.607907e+01	3.457972e+01	1.537651e+16
7319	4.436352e+15	5.072450e+01	3.462091e+01	1.304477e+16
7320	4.436589e+15	5.040496e+01	3.292336e+01	8.433692e+15
7321	4.436828e+15	4.736426e+01	3.357479e+01	1.371086e+16
7322	4.437072e+15	4.162604e+01	3.445686e+01	1.050588e+16
7323	4.437322e+15	4.718140e+01	3.551238e+01	1.548081e+16
7324	4.437571e+15	4.595186e+01	3.537667e+01	1.216320e+16
7325	4.437816e+15	4.564107e+01	3.609096e+01	1.113964e+16
7326	4.438057e+15	4.715168e+01	3.631463e+01	1.456372e+16
7327	4.438295e+15	5.289682e+01	3.466100e+01	1.815000e+16
7328	4.438532e+15	5.713818e+01	3.416650e+01	1.596627e+16
7329	4.438771e+15	5.683394e+01	3.521362e+01	1.176651e+16
7330	4.439005e+15	5.216528e+01	3.322565e+01	1.146745e+16
7331	4.439244e+15	5.516995e+01	3.526524e+01	1.360416e+16
7332	4.439477e+15	5.336088e+01	3.512209e+01	1.303506e+16
7333	4.439710e+15	5.160700e+01	3.375806e+01	1.404611e+16
7334	4.439948e+15	5.901113e+01	3.529303e+01	1.165006e+16
7335	4.440181e+15	5.291260e+01	3.294131e+01	1.278475e+16
7336	4.440422e+15	4.964292e+01	3.592064e+01	1.831986e+16
7337	4.440655e+15	5.691055e+01	3.557183e+01	2.139103e+16
7338	4.440884e+15	5.107342e+01	3.473730e+01	1.198078e+16
7339	4.441111e+15	6.156485e+01	3.589651e+01	1.675467e+16
7340	4.441333e+15	6.382298e+01	3.585517e+01	1.535933e+16
7341	4.441553e+15	6.090952e+01	3.392034e+01	1.013122e+16
7342	4.441779e+15	5.467510e+01	3.487206e+01	8.616546e+15
7343	4.442002e+15	4.466000e+01	3.364849e+01	1.705471e+16
7344	4.442232e+15	5.309043e+01	3.583335e+01	7.001824e+15
7345	4.442459e+15	5.964565e+01	3.603870e+01	9.768912e+15
7346	4.442685e+15	5.120586e+01	3.416001e+01	1.124452e+16
7347	4.442917e+15	5.181917e+01	3.579316e+01	1.674394e+16
7348	4.443145e+15	5.759359e+01	3.560180e+01	1.235160e+16
7349	4.443371e+15	5.159105e+01	3.584583e+01	2.404424e+16
7350	4.443599e+15	5.526473e+01	3.722666e+01	2.107795e+16
7351	4.443824e+15	5.891900e+01	3.690998e+01	1.166510e+16
7352	4.444049e+15	5.236663e+01	3.761274e+01	2.139634e+16
7353	4.444272e+15	5.030166e+01	3.821905e+01	1.688717e+16
7354	4.444493e+15	5.485022e+01	3.779236e+01	1.858378e+16
7355	4.444712e+15	6.361088e+01	3.853409e+01	2.505134e+16
7356	4.444926e+15	6.367838e+01	3.750367e+01	1.205514e+16
7357	4.445137e+15	6.145216e+01	3.728991e+01	7.262405e+15
7358	4.445346e+15	6.746140e+01	3.727883e+01	1.247468e+16
7359	4.445555e+15	6.359246e+01	3.744557e+01	1.952751e+16
7360	4.445763e+15	5.982919e+01	3.801798e+01	1.128312e+16
7361	4.445972e+15	5.811477e+01	3.711452e+01	1.327893e+16
7362	4.446182e+15	5.832742e+01	3.712813e+01	2.018150e+16
7363	4.446396e+15	6.171923e+01	3.735452e+01	2.705212e+16
7364	4.446611e+15	6.026007e+01	3.547651e+01	1.466688e+16
7365	4.446833e+15	5.541945e+01	3.566877e+01	2.168440e+16
7366	4.447061e+15	5.962350e+01	3.897574e+01	1.605918e+16
7367	4.447278e+15	7.533322e+01	3.588992e+01	2.076507e+16
7368	4.447500e+15	7.883909e+01	3.665613e+01	1.586758e+16
7369	4.447720e+15	6.288704e+01	3.582751e+01	2.303394e+16
7370	4.447941e+15	5.348966e+01	3.479138e+01	1.791865e+16
7371	4.448168e+15	5.515985e+01	3.639961e+01	1.664943e+16
7372	4.448394e+15	5.785961e+01	3.600236e+01	2.580269e+16
7373	4.448621e+15	6.688062e+01	3.618330e+01	1.009510e+16
7374	4.448848e+15	6.490790e+01	3.734463e+01	1.946954e+16
7375	4.449072e+15	5.782324e+01	3.692156e+01	5.361308e+15
7376	4.449296e+15	5.634306e+01	3.646237e+01	2.257654e+16
7377	4.449524e+15	5.785194e+01	3.654534e+01	1.275590e+16
7378	4.449753e+15	6.134483e+01	3.725675e+01	9.309410e+15
7379	4.449980e+15	6.584232e+01	3.686455e+01	1.502758e+16
7380	4.450201e+15	6.946853e+01	3.474710e+01	1.239296e+16
7381	4.450424e+15	6.530847e+01	3.665294e+01	1.575272e+16
7382	4.450646e+15	5.660067e+01	3.472989e+01	1.211393e+16
7383	4.450873e+15	5.352164e+01	3.542106e+01	1.029130e+16
7384	4.451101e+15	6.117643e+01	3.701620e+01	1.185494e+16
7385	4.451325e+15	6.031690e+01	3.699408e+01	1.438922e+16
7386	4.451547e+15	6.388753e+01	3.693980e+01	1.582899e+16
7387	4.451765e+15	7.081270e+01	3.663351e+01	1.106116e+16
7388	4.451979e+15	7.170172e+01	3.418889e+01	1.747862e+16
7389	4.452199e+15	6.853956e+01	3.578679e+01	1.034891e+16
7390	4.452415e+15	5.953652e+01	3.495937e+01	1.166294e+16
7391	4.452628e+15	5.687852e+01	3.512861e+01	8.698683e+15
7392	4.452838e+15	6.950931e+01	3.456628e+01	8.117204e+15
7393	4.453044e+15	8.021970e+01	3.445859e+01	7.494461e+15
7394	4.453247e+15	7.151144e+01	3.380373e+01	7.002024e+15
7395	4.453452e+15	6.732787e+01	3.328303e+01	1.419040e+16
7396	4.453661e+15	7.187015e+01	3.470660e+01	1.058459e+16
7397	4.453867e+15	6.664987e+01	3.444289e+01	8.358808e+15
7398	4.454071e+15	6.093611e+01	3.474160e+01	1.324029e+16
7399	4.454276e+15	6.088159e+01	3.515626e+01	1.994049e+16
7400	4.454483e+15	7.068934e+01	3.518954e+01	2.386304e+16
7401	4.454691e+15	6.723767e+01	3.456543e+01	6.954718e+15
7402	4.454902e+15	6.429482e+01	3.480639e+01	1.787840e+16
7403	4.455113e+15	5.644764e+01	3.411849e+01	6.598161e+15
7404	4.455323e+15	5.762169e+01	3.374141e+01	1.604143e+16
7405	4.455536e+15	5.633716e+01	3.420897e+01	1.212798e+16
7406	4.455751e+15	6.563630e+01	3.480042e+01	1.045172e+16
7407	4.455966e+15	6.438525e+01	3.555070e+01	1.929450e+16
7408	4.456177e+15	5.638112e+01	3.387301e+01	1.290964e+16
7409	4.456388e+15	6.029902e+01	3.272159e+01	1.123170e+16
7410	4.456601e+15	6.390768e+01	3.252091e+01	1.354762e+16
7411	4.456816e+15	5.397530e+01	3.264468e+01	8.387911e+15
7412	4.457031e+15	5.248726e+01	3.233217e+01	1.052224e+16
7413	4.457247e+15	5.634496e+01	3.324516e+01	8.702139e+15
7414	4.457463e+15	6.150907e+01	3.293795e+01	1.637635e+16
7415	4.457680e+15	6.706318e+01	3.446017e+01	6.643557e+15
7416	4.457892e+15	6.001365e+01	3.488005e+01	1.041738e+16
7417	4.458107e+15	5.661646e+01	3.525744e+01	6.794378e+15
7418	4.458322e+15	5.570166e+01	3.469282e+01	1.948861e+16
7419	4.458539e+15	5.611836e+01	3.452325e+01	2.219751e+16
7420	4.458760e+15	6.016645e+01	3.456719e+01	2.568075e+16
7421	4.458983e+15	5.738078e+01	3.552932e+01	9.682494e+15
7422	4.459204e+15	4.932690e+01	3.422366e+01	8.823135e+15
7423	4.459429e+15	5.007185e+01	3.442967e+01	2.397601e+16
7424	4.459654e+15	5.650793e+01	3.277965e+01	1.636951e+16
7425	4.459881e+15	5.905183e+01	3.477782e+01	8.643381e+15
7426	4.460103e+15	6.048384e+01	3.376401e+01	9.788321e+15
7427	4.460327e+15	6.312467e+01	3.315457e+01	1.066223e+16
7428	4.460556e+15	5.662525e+01	3.632006e+01	1.651452e+16
7429	4.460782e+15	5.323108e+01	3.397656e+01	8.871735e+15
7430	4.461010e+15	5.189831e+01	3.441604e+01	9.488283e+15
7431	4.461245e+15	5.456950e+01	3.638093e+01	1.760253e+16
7432	4.461480e+15	5.391489e+01	3.614724e+01	1.218996e+16
7433	4.461717e+15	4.850946e+01	3.716732e+01	1.969361e+16
7434	4.461955e+15	4.994815e+01	3.630038e+01	1.848614e+16
7435	4.462200e+15	5.128110e+01	3.664076e+01	1.950816e+16
7436	4.462452e+15	5.691069e+01	3.774571e+01	3.246699e+16
7437	4.462704e+15	4.951113e+01	3.326782e+01	1.178545e+16
7438	4.462976e+15	4.776755e+01	3.796298e+01	1.147243e+16
7439	4.463241e+15	4.133820e+01	3.706850e+01	1.886175e+16
7440	4.463503e+15	3.889345e+01	3.779110e+01	2.172782e+16
7441	4.463757e+15	4.689066e+01	3.826292e+01	1.669261e+16
7442	4.464000e+15	5.661937e+01	3.635779e+01	1.389395e+16
7443	4.464243e+15	6.190418e+01	3.920593e+01	4.097948e+15
7444	4.464472e+15	5.797239e+01	3.760510e+01	2.724354e+16
7445	4.464697e+15	5.954556e+01	3.800725e+01	1.615657e+16
7446	4.464918e+15	5.976544e+01	3.774650e+01	1.588079e+16
7447	4.465136e+15	5.738530e+01	3.679851e+01	1.499156e+16
7448	4.465355e+15	6.350349e+01	3.759715e+01	1.712659e+16
7449	4.465569e+15	6.916742e+01	3.567939e+01	1.475167e+16
7450	4.465784e+15	6.642157e+01	3.594831e+01	1.861627e+16
7451	4.466000e+15	5.870671e+01	3.587605e+01	1.421178e+16
7452	4.466217e+15	5.002840e+01	3.506339e+01	1.661675e+16
7453	4.466441e+15	5.452880e+01	3.845022e+01	2.013254e+16
7454	4.466662e+15	5.312389e+01	3.598295e+01	1.574736e+16
7455	4.466889e+15	5.323156e+01	3.865974e+01	1.608471e+16
7456	4.467112e+15	5.551238e+01	3.545923e+01	1.359549e+16
7457	4.467340e+15	6.395102e+01	3.877494e+01	1.082904e+16
7458	4.467561e+15	7.634904e+01	3.793178e+01	1.195323e+16
7459	4.467779e+15	6.482264e+01	3.464317e+01	1.168202e+16
7460	4.468010e+15	5.877700e+01	3.791235e+01	1.373413e+16
7461	4.468236e+15	5.174377e+01	3.650580e+01	1.471719e+16
7462	4.468461e+15	4.694996e+01	3.667250e+01	1.241290e+16
7463	4.468686e+15	5.849682e+01	3.845698e+01	2.232342e+16
7464	4.468902e+15	6.162960e+01	3.451211e+01	9.394196e+15
7465	4.469131e+15	5.988270e+01	3.734819e+01	7.531586e+15
7466	4.469364e+15	4.443588e+01	3.285169e+01	2.128277e+16
7467	4.469622e+15	3.813036e+01	3.811485e+01	2.679997e+16
7468	4.469887e+15	4.442910e+01	4.158533e+01	1.315908e+16
7469	4.470138e+15	5.570233e+01	3.784095e+01	1.840559e+16
7470	4.470392e+15	5.573987e+01	4.218761e+01	1.957181e+16
7471	4.470633e+15	4.571788e+01	3.936811e+01	1.829077e+16
7472	4.470872e+15	4.366890e+01	3.998879e+01	1.225180e+16
7473	4.471107e+15	5.124596e+01	3.899030e+01	2.176086e+16
7474	4.471339e+15	5.619734e+01	3.854358e+01	1.876570e+16
7475	4.471569e+15	5.685641e+01	3.852330e+01	1.380624e+16
7476	4.471796e+15	4.965243e+01	3.584677e+01	8.405104e+15
7477	4.472031e+15	4.955818e+01	3.799784e+01	1.084812e+16
7478	4.472265e+15	5.551217e+01	3.915686e+01	1.558341e+16
7479	4.472495e+15	5.469369e+01	3.736255e+01	2.262676e+16
7480	4.472733e+15	5.320430e+01	4.154653e+01	9.676689e+15
7481	4.472961e+15	5.661187e+01	4.126464e+01	2.735959e+16
7482	4.473183e+15	5.303638e+01	3.834531e+01	1.982195e+16
7483	4.473410e+15	7.214132e+01	4.232428e+01	1.102403e+16
7484	4.473630e+15	7.652066e+01	3.902031e+01	1.207708e+16
7485	4.473858e+15	6.946579e+01	4.240585e+01	1.703311e+16
7486	4.474080e+15	5.068261e+01	4.004457e+01	2.332315e+16
7487	4.474306e+15	3.890801e+01	4.042840e+01	1.834115e+16
7488	4.474538e+15	5.129318e+01	4.477394e+01	2.231404e+16
7489	4.474759e+15	6.170857e+01	4.242415e+01	1.646489e+16
7490	4.474978e+15	7.549302e+01	4.449248e+01	1.455945e+16
7491	4.475187e+15	7.091798e+01	4.120299e+01	6.680259e+15
7492	4.475397e+15	6.007376e+01	4.112601e+01	1.479906e+16
7493	4.475610e+15	5.820054e+01	4.324631e+01	2.034296e+16
7494	4.475817e+15	6.059015e+01	4.065742e+01	1.593652e+16
7495	4.476025e+15	6.252453e+01	4.126595e+01	1.756595e+16
7496	4.476231e+15	6.916862e+01	4.049892e+01	2.156420e+16
7497	4.476436e+15	6.950350e+01	4.200684e+01	8.716511e+15
7498	4.476634e+15	7.098606e+01	4.041586e+01	1.158450e+16
7499	4.476833e+15	7.266830e+01	3.990653e+01	1.394243e+16
7500	4.477033e+15	7.213642e+01	4.046467e+01	4.863330e+15
7501	4.477235e+15	8.035792e+01	4.227526e+01	1.769721e+16
7502	4.477430e+15	7.748777e+01	4.020647e+01	8.822262e+15
7503	4.477629e+15	8.121415e+01	4.099563e+01	1.458074e+16
7504	4.477830e+15	7.155020e+01	4.059792e+01	1.702528e+16
7505	4.478033e+15	7.026521e+01	4.308402e+01	1.301843e+16
7506	4.478233e+15	7.173936e+01	4.008965e+01	1.681787e+16
7507	4.478438e+15	6.353742e+01	4.150001e+01	1.572580e+16
7508	4.478644e+15	5.012856e+01	4.056740e+01	1.194253e+16
7509	4.478852e+15	5.985119e+01	4.352333e+01	1.029722e+16
7510	4.479056e+15	7.656709e+01	3.993816e+01	1.414484e+16
7511	4.479264e+15	8.250434e+01	4.345133e+01	1.136255e+16
7512	4.479467e+15	6.969057e+01	4.275898e+01	1.497200e+16
7513	4.479665e+15	6.263123e+01	4.112231e+01	1.542289e+16
7514	4.479868e+15	7.300507e+01	4.413462e+01	1.545792e+16
7515	4.480066e+15	7.584225e+01	4.195298e+01	1.142292e+16
7516	4.480267e+15	7.054249e+01	4.178163e+01	1.062174e+16
7517	4.480468e+15	6.745023e+01	3.993863e+01	1.720100e+16
7518	4.480677e+15	6.404009e+01	4.253518e+01	2.135285e+16
7519	4.480886e+15	6.953036e+01	4.369268e+01	2.317630e+16
7520	4.481088e+15	8.084028e+01	3.842301e+01	1.219221e+16
7521	4.481298e+15	7.347194e+01	4.018342e+01	2.028872e+16
7522	4.481509e+15	5.666586e+01	4.111564e+01	1.904317e+16
7523	4.481718e+15	6.507476e+01	4.269077e+01	2.109155e+16
7524	4.481918e+15	8.698039e+01	4.000962e+01	1.243407e+16
7525	4.482115e+15	7.957001e+01	4.263233e+01	1.148646e+16
7526	4.482306e+15	7.009818e+01	4.020890e+01	1.545473e+16
7527	4.482495e+15	8.044648e+01	3.972200e+01	1.095071e+16
7528	4.482683e+15	9.058013e+01	3.942601e+01	8.173974e+15
7529	4.482869e+15	8.377858e+01	3.722129e+01	1.637801e+16
7530	4.483059e+15	8.251166e+01	3.863180e+01	1.137446e+16
7531	4.483246e+15	8.015429e+01	3.824089e+01	1.955948e+16
7532	4.483435e+15	7.466756e+01	4.006652e+01	8.815525e+15
7533	4.483619e+15	8.256571e+01	3.873173e+01	2.057520e+16
7534	4.483806e+15	7.423022e+01	3.798964e+01	1.189086e+16
7535	4.483994e+15	8.419936e+01	3.778428e+01	1.320176e+16
7536	4.484180e+15	8.463603e+01	3.659104e+01	2.160409e+16
7537	4.484373e+15	7.045402e+01	3.830591e+01	7.192441e+15
7538	4.484568e+15	6.120311e+01	3.801247e+01	2.069461e+16
7539	4.484769e+15	6.149713e+01	4.007217e+01	1.258293e+16
7540	4.484969e+15	6.947496e+01	3.962866e+01	1.040748e+16
7541	4.485172e+15	7.351789e+01	3.861978e+01	2.200363e+16
7542	4.485385e+15	6.498505e+01	4.075877e+01	1.561829e+16
7543	4.485599e+15	4.948139e+01	3.987749e+01	1.532876e+16
7544	4.485818e+15	4.452595e+01	4.045942e+01	1.626565e+16
7545	4.486039e+15	5.243590e+01	4.088537e+01	1.590599e+16
7546	4.486255e+15	8.032146e+01	4.012054e+01	1.798003e+16
7547	4.486467e+15	8.813048e+01	3.751465e+01	1.508259e+16
7548	4.486680e+15	6.854517e+01	3.763209e+01	7.823883e+15
7549	4.486897e+15	5.263201e+01	3.811275e+01	1.497475e+16
7550	4.487113e+15	5.261096e+01	3.807837e+01	1.023736e+16
7551	4.487331e+15	6.290336e+01	4.018982e+01	1.114566e+16
7552	4.487541e+15	6.887566e+01	3.801747e+01	7.056106e+15
7553	4.487750e+15	6.891771e+01	3.982811e+01	1.558053e+16
7554	4.487950e+15	7.334833e+01	3.798087e+01	1.890550e+16
7555	4.488150e+15	7.838269e+01	3.743375e+01	1.956522e+16
7556	4.488353e+15	6.653254e+01	3.828379e+01	1.535755e+16
7557	4.488559e+15	5.985911e+01	3.747406e+01	8.837419e+15
7558	4.488770e+15	5.520797e+01	3.612397e+01	7.217532e+15
7559	4.488988e+15	4.865626e+01	3.922286e+01	1.074219e+16
7560	4.489204e+15	6.698239e+01	4.079066e+01	1.101931e+16
7561	4.489409e+15	8.222566e+01	3.701547e+01	8.143814e+15
7562	4.489620e+15	7.629431e+01	3.908016e+01	1.113194e+16
7563	4.489826e+15	6.015356e+01	3.735427e+01	1.706496e+16
7564	4.490036e+15	5.073751e+01	3.809983e+01	1.455344e+16
7565	4.490249e+15	5.835031e+01	3.852477e+01	1.056914e+16
7566	4.490462e+15	6.128935e+01	3.933289e+01	1.354966e+16
7567	4.490673e+15	5.438643e+01	3.833034e+01	1.472511e+16
7568	4.490885e+15	5.660872e+01	3.854914e+01	2.101206e+16
7569	4.491098e+15	6.692452e+01	3.825894e+01	1.159783e+16
7570	4.491311e+15	6.478597e+01	3.601152e+01	6.773382e+15
7571	4.491529e+15	5.568671e+01	3.634682e+01	2.239923e+16
7572	4.491747e+15	5.623875e+01	3.595171e+01	9.891214e+15
7573	4.491970e+15	5.456912e+01	3.735106e+01	1.971767e+16
7574	4.492194e+15	5.680841e+01	3.877315e+01	1.743803e+16
7575	4.492415e+15	5.409102e+01	3.740773e+01	1.683455e+16
7576	4.492639e+15	6.051941e+01	3.819969e+01	1.684574e+16
7577	4.492863e+15	5.344228e+01	3.646389e+01	1.699698e+16
7578	4.493089e+15	5.404259e+01	3.651586e+01	2.178459e+16
7579	4.493315e+15	5.054384e+01	3.470751e+01	2.456693e+16
7580	4.493546e+15	4.223684e+01	3.467863e+01	1.726821e+16
7581	4.493788e+15	9.497864e+01	6.434359e+01	3.209576e+16
7582	4.493945e+15	5.579431e+01	3.366862e+01	5.297254e+15
7583	4.494114e+15	6.253554e+01	3.619308e+01	9.314503e+15
7584	4.494288e+15	6.440287e+01	3.108523e+01	1.336092e+16
7585	4.494486e+15	6.615876e+01	3.510289e+01	7.241323e+15
7586	4.494694e+15	6.495671e+01	3.586580e+01	1.212636e+16
7587	4.494913e+15	6.486014e+01	3.662086e+01	1.673231e+16
7588	4.495140e+15	6.502374e+01	3.806754e+01	4.535051e+15
7589	4.495368e+15	5.800865e+01	3.708952e+01	1.359383e+16
7590	4.495596e+15	5.673582e+01	3.657682e+01	1.143904e+16
7591	4.495825e+15	5.763233e+01	3.684326e+01	1.605835e+16
7592	4.496056e+15	6.421674e+01	3.922248e+01	1.301077e+16
7593	4.496279e+15	5.065417e+01	3.555703e+01	1.163797e+16
7594	4.496510e+15	5.773530e+01	3.752180e+01	7.090996e+15
7595	4.496737e+15	6.187409e+01	3.734209e+01	1.655301e+16
7596	4.496965e+15	4.871847e+01	3.630241e+01	1.025772e+16
7597	4.497200e+15	6.052856e+01	4.090582e+01	1.224627e+16
7598	4.497423e+15	5.842605e+01	3.792689e+01	1.351486e+16
7599	4.497648e+15	5.633592e+01	3.912178e+01	9.794882e+15
7600	4.497868e+15	7.228690e+01	3.951360e+01	1.937565e+16
7601	4.498084e+15	7.269709e+01	3.856426e+01	1.704703e+16
7602	4.498302e+15	5.833828e+01	3.855891e+01	1.547977e+16
7603	4.498522e+15	6.099496e+01	4.001073e+01	6.732790e+15
7604	4.498738e+15	6.264260e+01	4.001771e+01	1.195944e+16
7605	4.498951e+15	7.219045e+01	4.005779e+01	1.452542e+16
7606	4.499159e+15	7.939732e+01	3.768528e+01	3.680082e+15
7607	4.499369e+15	7.521176e+01	3.767677e+01	1.170818e+16
7608	4.499581e+15	6.679652e+01	3.686256e+01	1.519116e+16
7609	4.499798e+15	6.313513e+01	3.681168e+01	8.879312e+15
7610	4.500016e+15	6.617064e+01	3.893148e+01	8.836854e+15
7611	4.500231e+15	6.689478e+01	3.849213e+01	1.434671e+16
7612	4.500442e+15	6.531142e+01	3.825627e+01	1.056027e+16
7613	4.500649e+15	7.866071e+01	3.779621e+01	4.065435e+15
7614	4.500853e+15	8.600249e+01	3.678684e+01	1.132742e+16
7615	4.501057e+15	8.315297e+01	3.640777e+01	1.186468e+16
7616	4.501264e+15	7.717899e+01	3.738581e+01	1.054943e+16
7617	4.501468e+15	7.147153e+01	3.608939e+01	1.061785e+16
7618	4.501672e+15	6.870418e+01	3.594656e+01	1.010746e+16
7619	4.501877e+15	6.690070e+01	3.336493e+01	5.313384e+15
7620	4.502089e+15	6.563814e+01	3.552351e+01	1.060096e+16
7621	4.502303e+15	6.600501e+01	3.607237e+01	9.697478e+15
7622	4.502520e+15	6.475523e+01	3.791609e+01	1.631614e+16
7623	4.502734e+15	6.881992e+01	3.481991e+01	1.113744e+16
7624	4.502959e+15	6.513371e+01	3.572921e+01	1.153509e+16
7625	4.503192e+15	5.497332e+01	3.514148e+01	2.571549e+16
7626	4.503434e+15	5.147590e+01	3.633834e+01	1.514264e+16
7627	4.503678e+15	5.480164e+01	3.725219e+01	1.924381e+16
7628	4.503922e+15	5.661665e+01	3.625447e+01	1.279737e+16
7629	4.504170e+15	5.128230e+01	3.691204e+01	8.700422e+15
7630	4.504417e+15	5.204193e+01	3.801626e+01	1.315630e+16
7631	4.504657e+15	5.406546e+01	3.729378e+01	9.049002e+15
7632	4.504889e+15	6.417160e+01	3.761291e+01	8.331796e+15
7633	4.505115e+15	6.890598e+01	3.754425e+01	7.383306e+15
7634	4.505336e+15	6.245356e+01	3.752553e+01	1.462116e+16
7635	4.505555e+15	6.822063e+01	3.803428e+01	1.878819e+16
7636	4.505773e+15	7.096133e+01	3.946259e+01	8.717015e+15
7637	4.505983e+15	6.371138e+01	3.915495e+01	6.225058e+15
7638	4.506191e+15	6.280716e+01	3.902346e+01	1.008997e+16
7639	4.506397e+15	6.108006e+01	3.494876e+01	2.056499e+16
7640	4.506609e+15	6.162388e+01	3.641859e+01	1.551623e+16
7641	4.506822e+15	6.099500e+01	3.707423e+01	1.796985e+16
7642	4.507034e+15	5.701318e+01	3.446737e+01	1.421636e+16
7643	4.507255e+15	5.281661e+01	3.506353e+01	8.310933e+15
7644	4.507476e+15	5.395146e+01	3.413790e+01	9.478050e+15
7645	4.507699e+15	5.017305e+01	3.441894e+01	6.741076e+15
7646	4.507924e+15	5.827085e+01	3.444287e+01	2.160903e+16
7647	4.508151e+15	6.374951e+01	3.748280e+01	7.585441e+15
7648	4.508370e+15	6.575120e+01	3.583186e+01	7.696165e+15
7649	4.508591e+15	6.986269e+01	3.635089e+01	1.752070e+16
7650	4.508813e+15	6.425857e+01	3.763245e+01	1.349199e+16
7651	4.509028e+15	5.056822e+01	3.574739e+01	1.826944e+16
7652	4.509245e+15	5.006877e+01	3.569811e+01	9.775255e+15
7653	4.509464e+15	5.697215e+01	3.599562e+01	8.912539e+15
7654	4.509683e+15	5.594689e+01	3.651351e+01	1.606641e+16
7655	4.509905e+15	5.274647e+01	3.749049e+01	1.473581e+16
7656	4.510125e+15	8.539706e+01	6.017882e+01	9.322248e+15
7657	4.510275e+15	6.368894e+01	4.183701e+01	1.224666e+16
7658	4.510419e+15	6.819408e+01	4.092035e+01	1.128297e+16
7659	4.510560e+15	7.423275e+01	3.878743e+01	1.241427e+16
7660	4.510701e+15	9.879277e+01	3.964999e+01	1.829577e+16
7661	4.510841e+15	1.258816e+02	3.715723e+01	1.332019e+16
7662	4.510983e+15	1.275523e+02	3.688077e+01	8.704571e+15
7663	4.511127e+15	9.608478e+01	3.433854e+01	7.353424e+15
7664	4.511278e+15	6.481477e+01	3.241238e+01	1.148493e+16
7665	4.511440e+15	5.402955e+01	3.186541e+01	7.009129e+15
7666	4.511615e+15	5.157063e+01	2.920297e+01	2.235826e+16
7667	4.511820e+15	6.511641e+01	3.198773e+01	1.464861e+16
7668	4.512046e+15	5.694188e+01	3.018693e+01	1.177168e+16
7669	4.512296e+15	4.348881e+01	2.943744e+01	1.053686e+16
7670	4.512580e+15	4.418726e+01	3.609194e+01	2.057048e+16
7671	4.512858e+15	4.137767e+01	3.649851e+01	1.393011e+16
7672	4.513129e+15	4.338324e+01	3.583961e+01	1.088791e+16
7673	4.513394e+15	4.538449e+01	3.488290e+01	1.946158e+16
7674	4.513654e+15	5.050997e+01	3.523178e+01	2.067194e+16
7675	4.513907e+15	4.494259e+01	3.558793e+01	2.098145e+16
7676	4.514153e+15	5.088547e+01	3.736745e+01	1.067537e+16
7677	4.514388e+15	5.832107e+01	3.761030e+01	1.486755e+16
7678	4.514612e+15	5.470999e+01	3.638870e+01	1.807068e+16
7679	4.514831e+15	6.052908e+01	3.686367e+01	4.900663e+15
7680	4.515039e+15	6.704096e+01	3.620497e+01	1.192651e+16
7681	4.515243e+15	7.614141e+01	3.587654e+01	1.128434e+16
7682	4.515443e+15	7.670336e+01	3.423704e+01	1.235358e+16
7683	4.515643e+15	7.952077e+01	3.508390e+01	9.952866e+15
7684	4.515838e+15	6.858467e+01	3.355133e+01	1.225198e+16
7685	4.516036e+15	7.039158e+01	3.461859e+01	1.693517e+16
7686	4.516234e+15	7.037487e+01	3.224193e+01	7.953944e+15
7687	4.516435e+15	4.956193e+01	3.049592e+01	4.938722e+15
7688	4.516647e+15	5.562172e+01	3.503578e+01	1.843428e+16
7689	4.516853e+15	5.791264e+01	3.011078e+01	1.112512e+16
7690	4.517077e+15	4.675445e+01	3.245884e+01	1.322477e+16
7691	4.517312e+15	5.182331e+01	3.597840e+01	1.488059e+16
7692	4.517544e+15	4.591906e+01	3.079120e+01	1.682329e+16
7693	4.517798e+15	5.042077e+01	3.729518e+01	2.087435e+16
7694	4.518043e+15	5.081914e+01	3.787087e+01	1.709629e+16
7695	4.518281e+15	5.345338e+01	3.855326e+01	2.454599e+16
7696	4.518507e+15	6.290582e+01	3.596297e+01	1.374413e+16
7697	4.518727e+15	7.524869e+01	3.633778e+01	1.053992e+16
7698	4.518937e+15	7.270993e+01	3.361081e+01	8.425316e+15
7699	4.519146e+15	7.164732e+01	3.587794e+01	9.857260e+15
7700	4.519344e+15	7.474585e+01	3.413654e+01	1.068457e+16
7701	4.519543e+15	7.490430e+01	3.495090e+01	1.952386e+16
7702	4.519742e+15	7.433238e+01	3.391632e+01	2.165146e+16
7703	4.519943e+15	7.210073e+01	3.469665e+01	1.781743e+16
7704	4.520140e+15	6.073170e+01	3.299275e+01	1.105165e+16
7705	4.520343e+15	6.090481e+01	3.441163e+01	1.520974e+16
7706	4.520544e+15	6.652601e+01	3.346661e+01	7.260500e+15
7707	4.520749e+15	5.432128e+01	3.108651e+01	9.866801e+15
7708	4.520968e+15	5.455462e+01	3.430488e+01	1.326241e+16
7709	4.521186e+15	5.968683e+01	3.229751e+01	1.531154e+16
7710	4.521412e+15	6.379130e+01	3.421308e+01	1.988630e+16
7711	4.521637e+15	6.534234e+01	3.300224e+01	7.424147e+15
7712	4.521865e+15	5.823499e+01	3.340049e+01	1.069869e+16
7713	4.522095e+15	5.692393e+01	3.447998e+01	1.180469e+16
7714	4.522324e+15	5.718747e+01	3.461092e+01	1.680487e+16
7715	4.522552e+15	5.653774e+01	3.417654e+01	1.178544e+16
7716	4.522777e+15	6.171205e+01	3.468087e+01	1.122309e+16
7717	4.522999e+15	6.607969e+01	3.502148e+01	1.117877e+16
7718	4.523216e+15	6.379538e+01	3.521545e+01	9.647519e+15
7719	4.523428e+15	6.248323e+01	3.511849e+01	1.158406e+16
7720	4.523638e+15	7.195286e+01	3.573670e+01	1.628405e+16
7721	4.523843e+15	7.591044e+01	3.586748e+01	1.505738e+16
7722	4.524045e+15	7.118892e+01	3.516381e+01	1.902959e+16
7723	4.524248e+15	6.328668e+01	3.638644e+01	2.854928e+16
7724	4.524449e+15	5.557706e+01	3.413404e+01	1.025604e+16
7725	4.524655e+15	6.708545e+01	3.658897e+01	1.261860e+16
7726	4.524856e+15	7.071576e+01	3.506385e+01	5.868511e+15
7727	4.525059e+15	6.993105e+01	3.457294e+01	1.504171e+16
7728	4.525265e+15	7.180878e+01	3.450000e+01	1.148299e+16
7729	4.525473e+15	7.552555e+01	3.454451e+01	1.835505e+16
7730	4.525683e+15	7.091947e+01	3.575020e+01	1.937812e+16
7731	4.525892e+15	7.090298e+01	3.445069e+01	1.490115e+16
7732	4.526101e+15	6.902721e+01	3.364752e+01	2.253265e+16
7733	4.526312e+15	7.521232e+01	3.410407e+01	9.227207e+15
7734	4.526524e+15	8.533495e+01	3.320803e+01	1.344736e+16
7735	4.526739e+15	7.770543e+01	3.488517e+01	1.860256e+16
7736	4.526951e+15	5.443693e+01	3.156662e+01	1.509712e+16
7737	4.527174e+15	5.835474e+01	3.613926e+01	2.358846e+16
7738	4.527391e+15	5.714558e+01	3.470526e+01	2.317232e+16
7739	4.527613e+15	5.507889e+01	3.442775e+01	1.827954e+16
7740	4.527836e+15	6.167842e+01	3.571852e+01	1.338290e+16
7741	4.528056e+15	5.666824e+01	3.341633e+01	1.767105e+16
7742	4.528282e+15	6.089232e+01	3.637545e+01	1.846106e+16
7743	4.528502e+15	7.035698e+01	3.391486e+01	1.273682e+16
7744	4.528730e+15	6.828322e+01	3.571380e+01	1.359083e+16
7745	4.528962e+15	5.977953e+01	3.868949e+01	2.015402e+16
7746	4.529188e+15	5.333747e+01	3.854495e+01	2.234690e+16
7747	4.529413e+15	5.729025e+01	3.884129e+01	1.489485e+16
7748	4.529633e+15	6.859340e+01	3.742053e+01	1.203709e+16
7749	4.529849e+15	7.712653e+01	3.687913e+01	1.712500e+16
7750	4.530062e+15	7.366194e+01	3.682170e+01	1.226170e+16
7751	4.530272e+15	7.386809e+01	3.533886e+01	9.672782e+15
7752	4.530486e+15	6.777359e+01	3.691658e+01	1.216615e+16
7753	4.530699e+15	5.159359e+01	3.479085e+01	1.591740e+16
7754	4.530919e+15	6.756341e+01	3.911969e+01	9.531329e+15
7755	4.531126e+15	6.406376e+01	3.540425e+01	2.621662e+16
7756	4.531338e+15	5.590087e+01	3.409250e+01	2.035666e+16
7757	4.531559e+15	5.985212e+01	3.693593e+01	1.653283e+16
7758	4.531779e+15	6.345358e+01	3.753174e+01	1.893494e+16
7759	4.531995e+15	6.222851e+01	3.451844e+01	6.025100e+15
7760	4.532217e+15	5.730862e+01	3.470352e+01	1.125334e+16
7761	4.532445e+15	5.868237e+01	3.366502e+01	1.509038e+16
7762	4.532681e+15	5.547077e+01	3.490157e+01	2.256204e+16
7763	4.532923e+15	6.420203e+01	4.029789e+01	1.559007e+16
7764	4.533147e+15	6.768022e+01	3.485940e+01	2.080047e+16
7765	4.533378e+15	7.985175e+01	3.925043e+01	1.230119e+16
7766	4.533598e+15	6.781118e+01	3.838889e+01	1.764775e+16
7767	4.533812e+15	5.368336e+01	3.683934e+01	1.210076e+16
7768	4.534028e+15	6.369934e+01	4.018138e+01	2.607208e+16
7769	4.534236e+15	7.586231e+01	3.783631e+01	1.728918e+16
7770	4.534448e+15	6.481850e+01	3.954294e+01	2.658581e+16
7771	4.534654e+15	5.007761e+01	3.639088e+01	9.381977e+15
7772	4.534867e+15	4.778136e+01	3.572322e+01	1.154238e+16
7773	4.535085e+15	5.140325e+01	3.696237e+01	1.949633e+16
7774	4.535300e+15	5.867859e+01	3.709683e+01	1.984048e+16
7775	4.535515e+15	5.551665e+01	3.702689e+01	1.684429e+16
7776	4.535733e+15	6.668149e+01	3.827653e+01	1.851940e+16
7777	4.535949e+15	8.036525e+01	3.507295e+01	1.178506e+16
7778	4.536181e+15	7.080301e+01	4.216565e+01	1.748175e+16
7779	4.536399e+15	6.742428e+01	5.711666e+01	9.231598e+15
7780	4.536555e+15	4.993867e+01	4.253470e+01	8.041574e+15
7781	4.536704e+15	6.363219e+01	4.388015e+01	2.703273e+15
7782	4.536844e+15	7.835999e+01	4.061926e+01	8.280473e+15
7783	4.536983e+15	9.544427e+01	4.369867e+01	1.532616e+16
7784	4.537114e+15	9.843645e+01	4.014958e+01	1.069277e+16
7785	4.537246e+15	1.251718e+02	4.193198e+01	1.112750e+16
7786	4.537374e+15	1.648335e+02	4.756216e+01	5.989907e+15
7787	4.537483e+15	1.384864e+02	3.950349e+01	3.685421e+15
7788	4.537597e+15	1.448128e+02	4.130843e+01	8.666274e+15
7789	4.537709e+15	1.496564e+02	3.782171e+01	6.436643e+15
7790	4.537827e+15	1.267188e+02	3.841458e+01	9.286804e+15
7791	4.537948e+15	1.252614e+02	4.538700e+01	4.155839e+15
7792	4.538056e+15	1.218734e+02	3.648516e+01	1.257173e+16
7793	4.538172e+15	1.066153e+02	3.642331e+01	7.160236e+15
7794	4.538296e+15	6.876966e+01	3.363712e+01	3.387162e+15
7795	4.538434e+15	5.590458e+01	3.355245e+01	6.196153e+15
7796	4.538585e+15	5.538168e+01	3.102882e+01	1.787541e+16
7797	4.538762e+15	5.419068e+01	3.039896e+01	3.115204e+15
7798	4.538970e+15	6.169893e+01	3.238354e+01	2.129973e+16
7799	4.539207e+15	7.442217e+01	3.825679e+01	1.669907e+16
7800	4.539446e+15	7.020384e+01	3.955746e+01	8.705641e+15
7801	4.539680e+15	5.422155e+01	3.764855e+01	2.587577e+16
7802	4.539915e+15	4.988095e+01	3.758309e+01	2.349113e+16
7803	4.540151e+15	5.048304e+01	3.830526e+01	1.721152e+16
7804	4.540381e+15	5.514480e+01	3.822396e+01	1.547196e+16
7805	4.540603e+15	6.513786e+01	3.885355e+01	1.874739e+16
7806	4.540815e+15	6.331849e+01	3.369710e+01	1.333008e+16
7807	4.541029e+15	6.518440e+01	3.636520e+01	8.626658e+15
7808	4.541236e+15	7.160336e+01	3.397843e+01	1.620449e+16
7809	4.541446e+15	7.279877e+01	3.567127e+01	1.165578e+16
7810	4.541653e+15	6.493412e+01	3.475758e+01	9.046012e+15
7811	4.541862e+15	7.155702e+01	3.796577e+01	1.264610e+16
7812	4.542060e+15	7.485475e+01	3.470553e+01	1.228119e+16
7813	4.542263e+15	8.230592e+01	3.795149e+01	1.916757e+16
7814	4.542458e+15	7.695952e+01	3.714402e+01	1.889240e+16
7815	4.542653e+15	7.314406e+01	3.663060e+01	9.238308e+15
7816	4.542855e+15	6.836909e+01	3.927591e+01	1.942547e+16
7817	4.543056e+15	6.030997e+01	3.810236e+01	5.886938e+15
7818	4.543265e+15	6.230585e+01	4.019640e+01	2.313778e+16
7819	4.543471e+15	6.491319e+01	3.686195e+01	7.849238e+15
7820	4.543688e+15	6.590679e+01	3.919721e+01	1.426872e+16
7821	4.543905e+15	6.159949e+01	3.647668e+01	2.034002e+16
7822	4.544129e+15	6.270516e+01	3.629161e+01	1.722121e+16
7823	4.544361e+15	6.394748e+01	3.819449e+01	1.654855e+16
7824	4.544595e+15	6.590002e+01	3.755920e+01	5.361500e+15
7825	4.544829e+15	7.418802e+01	3.875253e+01	6.111588e+15
7826	4.545061e+15	7.028397e+01	3.777388e+01	1.804000e+16
7827	4.545289e+15	5.736639e+01	3.814315e+01	1.158299e+16
7828	4.545516e+15	5.497687e+01	3.953907e+01	1.493923e+16
7829	4.545735e+15	6.065881e+01	3.926564e+01	2.011805e+16
7830	4.545950e+15	6.557660e+01	3.962059e+01	9.159012e+15
7831	4.546159e+15	7.555265e+01	3.944990e+01	9.375987e+15
7832	4.546361e+15	8.888318e+01	3.982761e+01	1.689228e+16
7833	4.546557e+15	8.345963e+01	3.915366e+01	8.936639e+15
7834	4.546751e+15	8.150188e+01	3.942899e+01	1.960235e+16
7835	4.546943e+15	9.038193e+01	3.660892e+01	1.855049e+16
7836	4.547138e+15	8.837903e+01	3.807176e+01	2.097495e+16
7837	4.547333e+15	8.660353e+01	3.888284e+01	1.177764e+16
7838	4.547526e+15	7.147432e+01	3.274722e+01	1.709834e+16
7839	4.547727e+15	8.340146e+01	3.560387e+01	4.658774e+15
7840	4.547924e+15	8.715061e+01	3.350778e+01	1.576595e+16
7841	4.548124e+15	8.185826e+01	3.469884e+01	1.129498e+16
7842	4.548325e+15	6.410830e+01	3.357720e+01	1.312619e+16
7843	4.548535e+15	6.529469e+01	3.448109e+01	1.359445e+16
7844	4.548751e+15	8.000545e+01	3.350769e+01	2.069682e+16
7845	4.548980e+15	7.436652e+01	3.950646e+01	1.489533e+16
7846	4.549196e+15	4.877000e+01	2.969250e+01	1.918024e+16
7847	4.549441e+15	5.540775e+01	3.670207e+01	1.776859e+16
7848	4.549678e+15	4.519554e+01	3.492281e+01	1.063902e+16
7849	4.549918e+15	4.097677e+01	3.591311e+01	8.121514e+15
7850	4.550155e+15	4.453928e+01	3.602506e+01	1.323646e+16
7851	4.550388e+15	4.447189e+01	3.515541e+01	2.041846e+16
7852	4.550624e+15	4.610852e+01	3.673792e+01	5.052553e+15
7853	4.550854e+15	4.675401e+01	3.565033e+01	9.183159e+15
7854	4.551084e+15	4.600937e+01	3.631080e+01	1.166967e+16
7855	4.551310e+15	4.485323e+01	3.513052e+01	1.218291e+16
7856	4.551536e+15	4.810184e+01	3.510617e+01	1.608393e+16
7857	4.551755e+15	5.038294e+01	3.535379e+01	7.029853e+15
7858	4.551969e+15	4.758185e+01	3.264426e+01	8.474183e+15
7859	4.552185e+15	5.186103e+01	3.461193e+01	2.266874e+16
7860	4.552394e+15	4.894237e+01	3.322863e+01	1.259680e+16
7861	4.552601e+15	5.260200e+01	3.473844e+01	9.925303e+15
7862	4.552800e+15	6.453753e+01	3.118311e+01	8.297211e+15
7863	4.553005e+15	7.323503e+01	3.355749e+01	1.564226e+16
7864	4.553208e+15	6.465353e+01	3.282034e+01	8.474411e+15
7865	4.553413e+15	6.422859e+01	3.406321e+01	7.375343e+15
7866	4.553615e+15	5.653359e+01	3.369677e+01	1.643733e+16
7867	4.553818e+15	6.185523e+01	3.491700e+01	1.099772e+16
7868	4.554016e+15	6.568148e+01	3.489727e+01	1.817782e+16
7869	4.554211e+15	7.750590e+01	3.496666e+01	6.000041e+15
7870	4.554403e+15	8.888332e+01	3.407906e+01	1.164430e+16
7871	4.554594e+15	8.751628e+01	3.566720e+01	2.653742e+16
7872	4.554779e+15	7.282515e+01	3.421397e+01	6.312851e+15
7873	4.554968e+15	7.588805e+01	3.484446e+01	1.505120e+16
7874	4.555156e+15	7.433671e+01	3.126380e+01	4.842405e+15
7875	4.555350e+15	7.057494e+01	3.099189e+01	1.082725e+16
7876	4.555551e+15	7.636202e+01	3.159979e+01	7.545851e+15
7877	4.555754e+15	7.149061e+01	3.091745e+01	1.325050e+16
7878	4.555963e+15	7.154546e+01	3.391641e+01	9.699905e+15
7879	4.556164e+15	6.756455e+01	3.245088e+01	2.141495e+16
7880	4.556369e+15	5.867301e+01	3.346330e+01	8.277745e+15
7881	4.556573e+15	5.257113e+01	3.356578e+01	1.577965e+16
7882	4.556779e+15	5.822252e+01	3.348191e+01	1.823602e+16
7883	4.556985e+15	5.502861e+01	2.983935e+01	6.832527e+15
7884	4.557200e+15	4.178170e+01	3.038809e+01	1.200427e+16
7885	4.557426e+15	4.169721e+01	3.237289e+01	2.339817e+16
7886	4.557652e+15	4.323840e+01	3.220727e+01	2.166190e+16
7887	4.557876e+15	4.252919e+01	3.056565e+01	9.951872e+15
7888	4.558108e+15	4.449477e+01	3.439934e+01	1.732541e+16
7889	4.558331e+15	3.736877e+01	3.132900e+01	9.791974e+15
7890	4.558562e+15	4.325924e+01	3.390419e+01	2.128364e+16
7891	4.558789e+15	5.015764e+01	3.333706e+01	1.099593e+16
7892	4.559017e+15	5.323563e+01	3.376844e+01	8.641753e+15
7893	4.559244e+15	4.364057e+01	3.473044e+01	9.055306e+15
7894	4.559471e+15	4.080264e+01	3.400826e+01	2.065886e+16
7895	4.559702e+15	4.684664e+01	3.460362e+01	2.034194e+16
7896	4.559934e+15	4.667581e+01	3.431606e+01	8.987480e+15
7897	4.560169e+15	4.305048e+01	3.699262e+01	1.493256e+16
7898	4.560395e+15	4.867223e+01	3.492965e+01	8.489646e+15
7899	4.560619e+15	4.950886e+01	3.561592e+01	1.048997e+16
7900	4.560837e+15	5.541392e+01	3.606751e+01	1.061444e+16
7901	4.561048e+15	6.020386e+01	3.307489e+01	1.350948e+16
7902	4.561263e+15	5.764108e+01	3.385447e+01	1.406654e+16
7903	4.561481e+15	5.113771e+01	3.595797e+01	1.204563e+16
7904	4.561697e+15	4.432390e+01	3.449346e+01	1.568438e+16
7905	4.561914e+15	5.101020e+01	3.535705e+01	1.020732e+16
7906	4.562131e+15	6.087503e+01	3.475669e+01	9.659708e+15
7907	4.562349e+15	4.267361e+01	3.571173e+01	8.171349e+15
7908	4.562563e+15	3.398092e+01	3.381340e+01	1.947458e+16
7909	4.562778e+15	4.094150e+01	3.482957e+01	1.425386e+16
7910	4.562986e+15	4.776558e+01	3.153182e+01	7.159045e+15
7911	4.563203e+15	5.893742e+01	3.393984e+01	1.573255e+16
7912	4.563417e+15	5.726395e+01	3.260264e+01	1.557074e+16
7913	4.563632e+15	4.518678e+01	3.230909e+01	1.024063e+16
7914	4.563849e+15	4.963931e+01	3.367274e+01	6.607765e+15
7915	4.564059e+15	5.520024e+01	3.049973e+01	1.670684e+16
7916	4.564273e+15	5.079302e+01	3.129115e+01	8.644274e+15
7917	4.564492e+15	5.499568e+01	3.252910e+01	1.358579e+16
7918	4.564707e+15	6.125160e+01	3.116420e+01	1.003841e+16
7919	4.564925e+15	6.231936e+01	3.216105e+01	1.853496e+16
7920	4.565138e+15	6.434157e+01	3.146751e+01	1.360281e+16
7921	4.565351e+15	5.744418e+01	3.140085e+01	1.850501e+16
7922	4.565562e+15	5.702289e+01	3.047770e+01	5.719045e+15
7923	4.565778e+15	6.696946e+01	3.169134e+01	1.058148e+16
7924	4.565992e+15	5.669244e+01	3.067011e+01	1.894395e+16
7925	4.566209e+15	5.195963e+01	3.033871e+01	1.368504e+16
7926	4.566429e+15	6.108195e+01	2.918298e+01	1.668790e+16
7927	4.566650e+15	4.744166e+01	2.867072e+01	9.868629e+15
7928	4.566882e+15	5.133845e+01	3.257754e+01	7.345494e+15
7929	4.567105e+15	5.321483e+01	2.912752e+01	1.625595e+16
7930	4.567341e+15	4.888816e+01	3.160547e+01	1.816106e+16
7931	4.567581e+15	4.934756e+01	3.200711e+01	6.863210e+15
7932	4.567820e+15	4.875835e+01	3.309785e+01	8.154625e+15
7933	4.568051e+15	5.176223e+01	3.131769e+01	7.328185e+15
7934	4.568286e+15	5.277315e+01	3.525550e+01	1.751508e+16
7935	4.568507e+15	4.669814e+01	3.248613e+01	1.724200e+16
7936	4.568731e+15	5.108233e+01	3.508778e+01	7.692808e+15
7937	4.568948e+15	5.314049e+01	3.307602e+01	6.252044e+15
7938	4.569168e+15	5.460088e+01	3.433778e+01	9.573337e+15
7939	4.569383e+15	4.916528e+01	3.207943e+01	8.869449e+15
7940	4.569605e+15	4.709953e+01	3.359160e+01	1.684366e+16
7941	4.569826e+15	5.273950e+01	3.426648e+01	1.310727e+16
7942	4.570042e+15	5.812421e+01	3.483636e+01	2.494555e+16
7943	4.570253e+15	6.808878e+01	3.420126e+01	1.116138e+16
7944	4.570463e+15	6.903428e+01	3.310773e+01	1.496103e+16
7945	4.570674e+15	6.047513e+01	3.301465e+01	2.431336e+16
7946	4.570890e+15	6.194066e+01	3.474397e+01	1.211799e+16
7947	4.571103e+15	5.140394e+01	3.373282e+01	1.160429e+16
7948	4.571321e+15	4.509361e+01	3.679513e+01	1.504927e+16
7949	4.571534e+15	7.138689e+01	3.911504e+01	1.579508e+16
7950	4.571733e+15	4.925300e+01	3.454787e+01	2.070801e+16
7951	4.571938e+15	4.859231e+01	3.674010e+01	1.275532e+16
7952	4.572141e+15	5.649863e+01	3.678465e+01	2.607200e+16
7953	4.572340e+15	4.842463e+01	3.612956e+01	6.532972e+15
7954	4.572539e+15	4.837339e+01	3.509198e+01	1.358907e+16
7955	4.572738e+15	5.013562e+01	3.408903e+01	1.431709e+16
7956	4.572937e+15	5.320870e+01	3.461692e+01	1.053174e+16
7957	4.573137e+15	6.196287e+01	3.525658e+01	5.542256e+15
7958	4.573336e+15	5.753806e+01	3.436275e+01	1.808099e+16
7959	4.573541e+15	5.269154e+01	3.570715e+01	1.268400e+16
7960	4.573748e+15	5.016903e+01	3.603429e+01	1.526947e+16
7961	4.573955e+15	4.298248e+01	3.499799e+01	1.131925e+16
7962	4.574168e+15	4.772898e+01	3.455051e+01	7.909031e+15
7963	4.574383e+15	5.508824e+01	3.321390e+01	6.396936e+15
7964	4.574604e+15	5.383834e+01	3.475404e+01	1.366408e+16
7965	4.574824e+15	6.069125e+01	3.569059e+01	9.398120e+15
7966	4.575039e+15	6.004378e+01	3.575497e+01	9.623369e+15
7967	4.575251e+15	5.539385e+01	3.578504e+01	9.554236e+15
7968	4.575460e+15	6.339782e+01	3.571755e+01	1.884218e+16
7969	4.575671e+15	5.850561e+01	3.493029e+01	1.513205e+16
7970	4.575885e+15	5.973224e+01	3.535269e+01	1.527019e+16
7971	4.576097e+15	5.347992e+01	3.454412e+01	1.324756e+16
7972	4.576315e+15	4.914320e+01	3.548286e+01	1.534568e+16
7973	4.576531e+15	5.330316e+01	3.372761e+01	9.392088e+15
7974	4.576752e+15	4.645022e+01	3.396498e+01	8.640360e+15
7975	4.576975e+15	4.925835e+01	3.057670e+01	1.528038e+16
7976	4.577213e+15	5.093716e+01	3.428064e+01	1.480358e+16
7977	4.577449e+15	6.268742e+01	3.406284e+01	1.191584e+16
7978	4.577685e+15	6.841413e+01	3.602316e+01	1.365871e+16
7979	4.577918e+15	6.166137e+01	3.685853e+01	2.096312e+16
7980	4.578149e+15	5.133473e+01	3.739393e+01	9.187384e+15
7981	4.578376e+15	5.539799e+01	3.525096e+01	1.657120e+16
7982	4.578603e+15	6.231481e+01	3.701825e+01	1.554106e+16
7983	4.578822e+15	6.197617e+01	3.620607e+01	6.529303e+15
7984	4.579038e+15	5.042482e+01	3.415116e+01	1.451951e+16
7985	4.579258e+15	4.359525e+01	3.687558e+01	7.399425e+15
7986	4.579470e+15	4.068867e+01	3.467037e+01	6.893203e+15
7987	4.579686e+15	4.373017e+01	3.578806e+01	1.515407e+16
7988	4.579902e+15	4.305059e+01	3.473146e+01	2.035897e+16
7989	4.580125e+15	5.014041e+01	3.642854e+01	1.604951e+16
7990	4.580347e+15	5.969507e+01	3.702397e+01	1.991070e+16
7991	4.580566e+15	6.956882e+01	3.559269e+01	8.395291e+15
7992	4.580786e+15	7.063588e+01	3.632823e+01	1.525920e+16
7993	4.581007e+15	6.636738e+01	3.625059e+01	1.368661e+16
7994	4.581232e+15	5.855342e+01	3.684018e+01	1.713067e+16
7995	4.581457e+15	5.932315e+01	3.608791e+01	7.887777e+15
7996	4.581683e+15	5.988681e+01	3.668401e+01	1.176382e+16
7997	4.581908e+15	4.956986e+01	3.513582e+01	1.093263e+16
7998	4.582140e+15	5.903475e+01	3.772433e+01	1.767088e+16
7999	4.582367e+15	4.865064e+01	3.406004e+01	1.208478e+16
8000	4.582599e+15	5.091554e+01	3.525100e+01	1.812101e+16
8001	4.582828e+15	5.446028e+01	3.402290e+01	2.187321e+16
8002	4.583057e+15	5.582019e+01	3.828929e+01	1.292197e+16
8003	4.583270e+15	6.107387e+01	3.494152e+01	1.408994e+16
8004	4.583482e+15	6.670310e+01	3.576032e+01	9.964597e+15
8005	4.583690e+15	6.225098e+01	3.419382e+01	1.338191e+16
8006	4.583899e+15	6.610702e+01	3.476916e+01	1.494596e+16
8007	4.584110e+15	6.676219e+01	3.423082e+01	1.750298e+16
8008	4.584323e+15	5.562778e+01	3.383989e+01	1.136602e+16
8009	4.584542e+15	5.512820e+01	3.633128e+01	7.141335e+15
8010	4.584755e+15	6.500076e+01	3.570592e+01	8.598422e+15
8011	4.584967e+15	7.757273e+01	3.523849e+01	1.749966e+16
8012	4.585177e+15	7.821044e+01	3.497916e+01	9.938900e+15
8013	4.585384e+15	7.013339e+01	3.410335e+01	1.879499e+16
8014	4.585593e+15	7.519425e+01	3.444212e+01	1.639892e+16
8015	4.585802e+15	7.954275e+01	3.513422e+01	6.970309e+15
8016	4.586009e+15	7.811360e+01	3.448192e+01	1.316161e+16
8017	4.586217e+15	7.042939e+01	3.382678e+01	1.377181e+16
8018	4.586431e+15	6.585782e+01	3.579733e+01	9.203190e+15
8019	4.586640e+15	5.508381e+01	3.292220e+01	8.252695e+15
8020	4.586858e+15	5.649536e+01	3.582422e+01	9.782194e+15
8021	4.587073e+15	6.875650e+01	3.470791e+01	2.280021e+16
8022	4.587293e+15	6.671936e+01	3.510390e+01	2.062894e+16
8023	4.587516e+15	5.716154e+01	3.606093e+01	1.860527e+16
8024	4.587738e+15	5.373994e+01	3.466364e+01	2.356815e+16
8025	4.587970e+15	5.459444e+01	3.709410e+01	2.777845e+16
8026	4.588199e+15	7.181712e+01	3.948613e+01	3.005988e+16
8027	4.588416e+15	8.221043e+01	3.793140e+01	1.795290e+16
8028	4.588630e+15	6.973897e+01	3.911625e+01	3.552876e+16
8029	4.588838e+15	5.872682e+01	3.686157e+01	1.851612e+16
8030	4.589049e+15	6.201811e+01	3.870255e+01	1.124762e+16
8031	4.589255e+15	6.486006e+01	3.755044e+01	2.234854e+16
8032	4.589463e+15	6.318247e+01	3.772902e+01	1.543206e+16
8033	4.589671e+15	6.691529e+01	3.934979e+01	1.814670e+16
8034	4.589872e+15	5.804484e+01	3.551715e+01	1.451458e+16
8035	4.590078e+15	6.028803e+01	3.543162e+01	1.406540e+16
8036	4.590289e+15	6.239564e+01	3.626108e+01	1.761054e+16
8037	4.590500e+15	6.983236e+01	3.638727e+01	1.195002e+16
8038	4.590711e+15	6.640436e+01	3.539979e+01	2.149023e+16
8039	4.590928e+15	5.416335e+01	3.423469e+01	1.669462e+16
8040	4.591154e+15	6.599918e+01	3.777339e+01	1.817181e+16
8041	4.591373e+15	6.123777e+01	3.743833e+01	1.005883e+16
8042	4.591588e+15	6.199361e+01	3.536430e+01	6.104616e+15
8043	4.591805e+15	6.443388e+01	3.671217e+01	9.442860e+15
8044	4.592016e+15	6.322337e+01	3.359346e+01	1.872530e+15
8045	4.592237e+15	7.280496e+01	3.578367e+01	6.814329e+15
8046	4.592460e+15	7.694474e+01	3.804918e+01	7.665433e+15
8047	4.592674e+15	6.374727e+01	3.745930e+01	1.458674e+16
8048	4.592885e+15	6.578399e+01	3.820920e+01	1.236783e+16
8049	4.593090e+15	6.986835e+01	3.679160e+01	1.273892e+16
8050	4.593294e+15	6.767991e+01	3.677153e+01	1.185414e+16
8051	4.593496e+15	6.185481e+01	3.491384e+01	1.109070e+16
8052	4.593703e+15	5.476365e+01	3.529248e+01	7.118522e+15
8053	4.593913e+15	4.783208e+01	3.558654e+01	1.200744e+16
8054	4.594125e+15	5.452384e+01	3.727267e+01	1.388470e+16
8055	4.594331e+15	5.733065e+01	3.416076e+01	9.128514e+15
8056	4.594541e+15	5.920669e+01	3.321229e+01	1.574145e+16
8057	4.594762e+15	5.367301e+01	3.696301e+01	1.457594e+16
8058	4.594979e+15	4.248127e+01	3.620053e+01	1.953286e+16
8059	4.595197e+15	3.381609e+01	3.773113e+01	1.012726e+16
8060	4.595412e+15	4.075194e+01	3.592465e+01	1.325469e+16
8061	4.595629e+15	4.680711e+01	3.546787e+01	1.490434e+16
8062	4.595841e+15	4.389016e+01	3.311383e+01	1.235184e+16
8063	4.596057e+15	5.035093e+01	3.585642e+01	1.080884e+16
8064	4.596265e+15	6.498848e+01	3.398257e+01	8.981207e+15
8065	4.596472e+15	7.075846e+01	3.521667e+01	4.893163e+15
8066	4.596675e+15	6.849624e+01	3.585905e+01	6.855439e+15
8067	4.596875e+15	6.094179e+01	3.419923e+01	1.384539e+16
8068	4.597079e+15	6.041595e+01	3.616723e+01	1.255314e+16
8069	4.597278e+15	5.833069e+01	3.522154e+01	1.781207e+16
8070	4.597476e+15	5.621489e+01	3.475449e+01	1.075885e+16
8071	4.597674e+15	5.912890e+01	3.483862e+01	1.393560e+16
8072	4.597871e+15	5.948480e+01	3.453000e+01	1.116425e+16
8073	4.598068e+15	5.840453e+01	3.430912e+01	7.215646e+15
8074	4.598266e+15	5.759723e+01	3.482684e+01	1.623934e+16
8075	4.598466e+15	5.117612e+01	3.371794e+01	1.321908e+16
8076	4.598673e+15	4.832048e+01	3.444818e+01	1.082433e+16
8077	4.598883e+15	4.459786e+01	3.447527e+01	8.775316e+15
8078	4.599095e+15	5.066089e+01	3.645417e+01	1.409097e+16
8079	4.599301e+15	4.984955e+01	3.214417e+01	2.007888e+16
8080	4.599521e+15	4.663550e+01	3.307112e+01	1.120866e+16
8081	4.599747e+15	5.182061e+01	3.524837e+01	1.103081e+16
8082	4.599969e+15	4.888125e+01	3.596389e+01	2.057059e+16
8083	4.600188e+15	5.658831e+01	3.629297e+01	1.616210e+16
8084	4.600401e+15	5.608300e+01	3.396967e+01	1.298649e+16
8085	4.600616e+15	5.301600e+01	3.732257e+01	1.237123e+16
8086	4.600815e+15	5.545114e+01	3.428127e+01	9.792976e+15
8087	4.601013e+15	5.945176e+01	3.393303e+01	1.553364e+16
8088	4.601211e+15	7.304918e+01	3.489321e+01	1.587846e+16
8089	4.601405e+15	7.040126e+01	3.345684e+01	1.983245e+16
8090	4.601601e+15	1.055447e+02	5.134223e+01	1.371029e+16
8091	4.601737e+15	9.178257e+01	3.714777e+01	7.586793e+15
8092	4.601865e+15	7.666763e+01	3.463401e+01	1.356701e+16
8093	4.601993e+15	8.105189e+01	3.467701e+01	7.194854e+15
8094	4.602118e+15	1.085315e+02	3.696702e+01	1.086830e+16
8095	4.602242e+15	1.548168e+02	3.403544e+01	1.627602e+16
8096	4.602372e+15	1.589917e+02	3.681266e+01	5.505918e+15
8097	4.602498e+15	8.861199e+01	3.083484e+01	2.190174e+15
8098	4.602636e+15	7.094504e+01	3.299956e+01	1.082252e+16
8099	4.602780e+15	6.916945e+01	2.811960e+01	1.366491e+16
8100	4.602947e+15	5.895111e+01	3.035982e+01	7.855132e+15
8101	4.603130e+15	4.654583e+01	2.877175e+01	7.305120e+15
8102	4.603336e+15	4.102307e+01	2.906819e+01	9.311454e+15
8103	4.603566e+15	4.588359e+01	3.038262e+01	2.385839e+16
8104	4.603806e+15	5.208725e+01	3.019027e+01	1.894998e+16
8105	4.604055e+15	5.349522e+01	3.161407e+01	2.043886e+16
8106	4.604304e+15	5.892307e+01	3.283968e+01	1.004134e+16
8107	4.604544e+15	6.112736e+01	3.272324e+01	1.774325e+16
8108	4.604777e+15	6.332495e+01	3.307494e+01	2.406868e+16
8109	4.605004e+15	6.147077e+01	3.412440e+01	9.152678e+15
8110	4.605221e+15	5.980650e+01	3.372057e+01	1.119381e+16
8111	4.605430e+15	5.937844e+01	3.294378e+01	9.080946e+15
8112	4.605634e+15	5.517335e+01	3.350330e+01	2.350279e+15
8113	4.605833e+15	5.408261e+01	3.235701e+01	1.309635e+16
8114	4.606028e+15	5.152969e+01	3.587706e+01	6.486964e+15
8115	4.606217e+15	4.671886e+01	3.524620e+01	9.605046e+15
8116	4.606404e+15	4.436098e+01	3.480263e+01	1.971131e+16
8117	4.606593e+15	4.226158e+01	3.506154e+01	1.183005e+16
8118	4.606780e+15	4.250953e+01	3.447909e+01	1.571075e+16
8119	4.606966e+15	4.371198e+01	3.452203e+01	1.144144e+16
8120	4.607151e+15	5.385720e+01	3.578179e+01	7.730135e+15
8121	4.607334e+15	5.321311e+01	3.382142e+01	1.315136e+16
8122	4.607521e+15	5.831221e+01	3.432694e+01	6.379333e+15
8123	4.607711e+15	6.654082e+01	3.481926e+01	8.193955e+15
8124	4.607900e+15	5.691779e+01	3.144860e+01	1.136707e+16
8125	4.608098e+15	5.579458e+01	3.333817e+01	6.884765e+15
8126	4.608299e+15	5.424124e+01	3.239063e+01	6.678967e+15
8127	4.608507e+15	6.050773e+01	3.366073e+01	1.282847e+16
8128	4.608720e+15	6.076756e+01	3.388284e+01	1.071414e+16
8129	4.608937e+15	6.557328e+01	3.659551e+01	9.287895e+15
8130	4.609154e+15	6.271816e+01	3.794639e+01	1.287540e+16
8131	4.609368e+15	5.618248e+01	3.771955e+01	1.663020e+16
8132	4.609578e+15	5.735105e+01	3.700168e+01	1.373665e+16
8133	4.609782e+15	6.641913e+01	3.571308e+01	1.476553e+16
8134	4.609983e+15	6.678273e+01	3.551990e+01	6.892655e+15
8135	4.610181e+15	5.550255e+01	3.425011e+01	8.839480e+15
8136	4.610381e+15	5.392901e+01	3.453344e+01	9.608021e+15
8137	4.610578e+15	5.170704e+01	3.365991e+01	1.231587e+16
8138	4.610777e+15	6.217656e+01	3.345156e+01	7.963250e+15
8139	4.610972e+15	6.813778e+01	3.310755e+01	4.287481e+15
8140	4.611164e+15	6.359056e+01	3.330843e+01	9.588101e+15
8141	4.611348e+15	6.119961e+01	3.387175e+01	7.852316e+15
8142	4.611520e+15	6.191978e+01	3.356293e+01	2.907006e+15
8143	4.611681e+15	6.763797e+01	3.344138e+01	3.335694e+15
8144	4.611832e+15	8.167609e+01	3.180068e+01	7.533274e+15
8145	4.611975e+15	8.932752e+01	3.374953e+01	4.563868e+15
8146	4.612114e+15	1.024273e+02	3.426340e+01	9.031146e+15
8147	4.612246e+15	1.104473e+02	3.414502e+01	5.920146e+15
8148	4.612373e+15	1.122882e+02	3.350659e+01	1.344803e+16
8149	4.612499e+15	1.324947e+02	3.403386e+01	5.578088e+15
8150	4.612623e+15	1.518689e+02	3.299453e+01	1.129581e+16
8151	4.612745e+15	1.417939e+02	3.164328e+01	1.010802e+16
8152	4.612870e+15	1.300963e+02	3.241702e+01	3.617709e+15
8153	4.612994e+15	1.211154e+02	3.132386e+01	2.704076e+15
8154	4.613122e+15	1.102649e+02	2.944701e+01	5.495213e+15
8155	4.613257e+15	9.567604e+01	2.880539e+01	7.729012e+15
8156	4.613399e+15	8.023468e+01	2.923851e+01	9.631163e+15
8157	4.613548e+15	6.534403e+01	2.780804e+01	1.183826e+16
8158	4.613711e+15	5.648133e+01	2.766582e+01	9.477674e+15
8159	4.613887e+15	6.034301e+01	2.741142e+01	8.068334e+15
8160	4.614077e+15	5.020380e+01	2.574580e+01	1.053810e+16
8161	4.614289e+15	4.110950e+01	2.486148e+01	1.376108e+16
8162	4.614532e+15	4.514624e+01	2.739098e+01	1.882810e+16
8163	4.614790e+15	4.046210e+01	2.870881e+01	2.797690e+15
8164	4.615059e+15	3.863049e+01	3.413270e+01	2.181732e+16
8165	4.615318e+15	4.530400e+01	3.245994e+01	9.170053e+15
8166	4.615579e+15	5.075575e+01	3.261436e+01	2.597634e+16
8167	4.615838e+15	4.434486e+01	3.205630e+01	1.345856e+16
8168	4.616103e+15	3.939850e+01	3.308036e+01	2.752051e+16
8169	4.616371e+15	4.252041e+01	3.455801e+01	2.651742e+16
8170	4.616641e+15	4.738092e+01	3.721888e+01	1.985312e+16
8171	4.616896e+15	4.556999e+01	3.497204e+01	1.861117e+16
8172	4.617148e+15	4.148269e+01	3.230113e+01	1.113848e+16
8173	4.617407e+15	5.078303e+01	3.616931e+01	1.433075e+16
8174	4.617653e+15	5.399752e+01	3.379082e+01	1.679095e+16
8175	4.617903e+15	4.744197e+01	3.422090e+01	2.571488e+16
8176	4.618154e+15	4.048688e+01	3.334654e+01	7.736571e+15
8177	4.618407e+15	4.195998e+01	3.372647e+01	1.728346e+16
8178	4.618662e+15	3.852638e+01	3.549945e+01	1.140646e+16
8179	4.618908e+15	3.775018e+01	3.552392e+01	1.502296e+16
8180	4.619144e+15	4.272920e+01	3.614651e+01	1.172251e+16
8181	4.619369e+15	5.135512e+01	3.575443e+01	1.604023e+16
8182	4.619586e+15	5.877032e+01	3.520244e+01	1.503779e+16
8183	4.619801e+15	6.350795e+01	3.482211e+01	1.755984e+16
8184	4.620014e+15	6.706998e+01	3.602657e+01	1.631507e+16
8185	4.620223e+15	7.729552e+01	3.498432e+01	8.047320e+15
8186	4.620435e+15	7.837129e+01	3.747441e+01	1.680578e+16
8187	4.620639e+15	6.202216e+01	3.580567e+01	8.300104e+15
8188	4.620845e+15	5.374233e+01	3.569225e+01	7.437307e+15
8189	4.621052e+15	5.663053e+01	3.667654e+01	1.536026e+16
8190	4.621256e+15	7.086716e+01	3.724460e+01	1.527368e+16
8191	4.621455e+15	7.937283e+01	3.502928e+01	1.700818e+16
8192	4.621656e+15	7.002904e+01	3.529123e+01	5.306115e+15
8193	4.621858e+15	6.330560e+01	3.497569e+01	1.329864e+16
8194	4.622062e+15	6.406250e+01	3.489685e+01	1.447897e+16
8195	4.622272e+15	6.403788e+01	3.479730e+01	1.031296e+16
8196	4.622483e+15	6.142937e+01	3.433317e+01	1.984946e+16
8197	4.622693e+15	6.024958e+01	3.319196e+01	1.707806e+16
8198	4.622901e+15	6.548814e+01	3.141579e+01	1.810479e+16
8199	4.623115e+15	6.161162e+01	3.237904e+01	1.639483e+16
8200	4.623335e+15	4.950657e+01	3.301305e+01	1.298710e+16
8201	4.623561e+15	4.241315e+01	3.444410e+01	7.690068e+15
8202	4.623788e+15	4.432490e+01	3.376103e+01	2.667314e+16
8203	4.624016e+15	5.188396e+01	3.444733e+01	1.536329e+16
8204	4.624240e+15	5.983086e+01	3.391037e+01	1.519592e+16
8205	4.624463e+15	6.236386e+01	3.550033e+01	1.946589e+16
8206	4.624679e+15	6.313228e+01	3.568855e+01	2.156728e+16
8207	4.624891e+15	6.260279e+01	3.491668e+01	1.364293e+16
8208	4.625102e+15	6.142848e+01	3.584030e+01	1.336810e+16
8209	4.625310e+15	6.522238e+01	3.686114e+01	9.402874e+15
8210	4.625514e+15	7.166149e+01	3.733198e+01	1.714214e+16
8211	4.625714e+15	6.692915e+01	3.632024e+01	1.205302e+16
8212	4.625915e+15	6.277805e+01	3.590299e+01	1.143113e+16
8213	4.626119e+15	6.499872e+01	3.779577e+01	2.073626e+16
8214	4.626319e+15	6.526754e+01	3.720708e+01	1.450872e+16
8215	4.626520e+15	7.044005e+01	3.720396e+01	4.652655e+15
8216	4.626722e+15	6.618785e+01	3.687048e+01	2.117065e+16
8217	4.626923e+15	5.698502e+01	3.528092e+01	1.611927e+16
8218	4.627129e+15	5.587957e+01	3.706036e+01	1.422091e+16
8219	4.627332e+15	5.773216e+01	3.451834e+01	1.374148e+16
8220	4.627543e+15	5.547811e+01	3.477054e+01	1.401744e+16
8221	4.627760e+15	5.722031e+01	3.598420e+01	1.501411e+16
8222	4.627977e+15	5.504018e+01	3.483531e+01	1.602925e+16
8223	4.628204e+15	5.576676e+01	3.726361e+01	2.338227e+16
8224	4.628431e+15	5.780008e+01	3.889587e+01	1.594768e+16
8225	4.628655e+15	5.503706e+01	3.927543e+01	1.684366e+16
8226	4.628877e+15	5.512303e+01	3.863275e+01	1.516985e+16
8227	4.629096e+15	5.815341e+01	3.840022e+01	1.442108e+16
8228	4.629314e+15	6.656443e+01	3.935787e+01	7.714350e+15
8229	4.629529e+15	6.268777e+01	3.914324e+01	1.522916e+16
8230	4.629741e+15	5.425414e+01	3.878235e+01	1.472092e+16
8231	4.629949e+15	4.922493e+01	3.646178e+01	1.041284e+16
8232	4.630159e+15	5.407499e+01	3.753810e+01	1.399981e+16
8233	4.630363e+15	6.014246e+01	3.516879e+01	7.825309e+15
8234	4.630568e+15	6.610023e+01	3.609824e+01	7.570422e+15
8235	4.630770e+15	5.973708e+01	3.653418e+01	1.220078e+16
8236	4.630968e+15	6.454612e+01	3.596341e+01	1.869622e+16
8237	4.631162e+15	6.582035e+01	3.484271e+01	1.119339e+16
8238	4.631356e+15	7.171791e+01	3.578719e+01	1.381311e+16
8239	4.631549e+15	7.671840e+01	3.717625e+01	1.771592e+16
8240	4.631737e+15	7.453256e+01	3.745702e+01	1.253491e+16
8241	4.631923e+15	7.743154e+01	3.822870e+01	1.750053e+16
8242	4.632103e+15	8.233887e+01	3.680063e+01	1.156667e+16
8243	4.632282e+15	8.322078e+01	3.599195e+01	1.290162e+16
8244	4.632460e+15	8.667455e+01	3.612489e+01	9.929550e+15
8245	4.632636e+15	8.264714e+01	3.469557e+01	7.904328e+15
8246	4.632811e+15	8.275295e+01	3.363959e+01	6.504177e+15
8247	4.632988e+15	8.267237e+01	3.441520e+01	1.310220e+16
8248	4.633166e+15	7.583203e+01	3.396432e+01	1.331056e+16
8249	4.633346e+15	7.925053e+01	3.396715e+01	5.911018e+15
8250	4.633526e+15	6.349855e+01	3.174991e+01	1.170873e+16
8251	4.633715e+15	6.237556e+01	3.393769e+01	7.002067e+15
8252	4.633903e+15	6.707703e+01	3.204208e+01	5.053740e+15
8253	4.634095e+15	6.582419e+01	3.197796e+01	1.311455e+16
8254	4.634294e+15	6.504319e+01	3.485698e+01	1.078612e+16
8255	4.634489e+15	5.331783e+01	3.144924e+01	1.181399e+16
8256	4.634696e+15	4.976754e+01	3.459624e+01	7.247110e+15
8257	4.634901e+15	6.495250e+01	3.388895e+01	7.059505e+15
8258	4.635105e+15	6.807056e+01	3.591641e+01	1.735261e+16
8259	4.635304e+15	6.825125e+01	3.583118e+01	9.587982e+15
8260	4.635501e+15	6.357605e+01	3.574401e+01	1.459765e+16
8261	4.635701e+15	7.192484e+01	3.672488e+01	1.641785e+16
8262	4.635899e+15	6.456333e+01	3.734278e+01	1.422806e+16
8263	4.636093e+15	5.358088e+01	3.542269e+01	8.789089e+15
8264	4.636289e+15	5.375018e+01	3.478042e+01	2.486703e+16
8265	4.636488e+15	5.789585e+01	3.560690e+01	1.036264e+16
8266	4.636686e+15	5.098337e+01	3.448356e+01	9.347880e+15
8267	4.636889e+15	5.474880e+01	3.563171e+01	1.294481e+16
8268	4.637090e+15	5.466821e+01	3.497684e+01	6.089278e+15
8269	4.637293e+15	7.447364e+01	4.632392e+01	1.058011e+16
8270	4.637453e+15	6.512143e+01	4.035748e+01	2.134943e+15
8271	4.637601e+15	6.742974e+01	3.719608e+01	7.883304e+15
8272	4.637747e+15	7.389042e+01	3.842883e+01	8.163853e+15
8273	4.637887e+15	6.978959e+01	3.688369e+01	4.541852e+15
8274	4.638024e+15	7.702589e+01	3.808658e+01	1.659083e+15
8275	4.638157e+15	1.100720e+02	3.613465e+01	1.317056e+16
8276	4.638288e+15	1.339985e+02	3.486995e+01	1.013204e+16
8277	4.638423e+15	1.265226e+02	3.543441e+01	6.035569e+15
8278	4.638558e+15	9.257733e+01	3.237698e+01	2.413160e+15
8279	4.638701e+15	6.559364e+01	3.339189e+01	1.701792e+16
8280	4.638851e+15	6.877837e+01	3.328355e+01	4.682704e+15
8281	4.639009e+15	6.638385e+01	3.125098e+01	4.586940e+15
8282	4.639182e+15	6.191477e+01	3.162121e+01	1.158901e+16
8283	4.639372e+15	6.283700e+01	3.288690e+01	8.959719e+15
8284	4.639575e+15	6.459317e+01	3.389433e+01	1.191164e+16
8285	4.639787e+15	5.227331e+01	3.165781e+01	2.002093e+16
8286	4.640020e+15	5.217873e+01	3.668684e+01	1.067526e+16
8287	4.640248e+15	4.673820e+01	3.561475e+01	2.289852e+16
8288	4.640476e+15	4.156272e+01	3.570873e+01	1.448048e+16
8289	4.640698e+15	5.255666e+01	3.591658e+01	1.845026e+16
8290	4.640915e+15	5.872856e+01	3.603589e+01	1.134930e+16
8291	4.641127e+15	6.454390e+01	3.483415e+01	7.795594e+15
8292	4.641337e+15	6.751678e+01	3.444682e+01	1.071115e+16
8293	4.641545e+15	5.973507e+01	3.529463e+01	1.103405e+16
8294	4.641748e+15	5.011922e+01	3.341487e+01	1.278572e+16
8295	4.641951e+15	5.381837e+01	3.268095e+01	1.197863e+16
8296	4.642152e+15	6.592679e+01	3.249541e+01	1.274403e+16
8297	4.642344e+15	6.335220e+01	3.096892e+01	4.922408e+15
8298	4.642536e+15	6.445947e+01	3.092250e+01	7.914427e+15
8299	4.642729e+15	7.294133e+01	3.234185e+01	8.483482e+15
8300	4.642925e+15	6.387662e+01	3.178526e+01	1.212983e+16
8301	4.643128e+15	5.574518e+01	3.175726e+01	8.836941e+15
8302	4.643332e+15	5.203380e+01	3.177361e+01	3.271252e+15
8303	4.643536e+15	5.433842e+01	3.034556e+01	1.116357e+16
8304	4.643741e+15	5.807081e+01	2.728617e+01	1.149736e+16
8305	4.643952e+15	6.529169e+01	2.909897e+01	1.788056e+16
8306	4.644162e+15	7.417222e+01	2.915512e+01	1.045627e+16
8307	4.644374e+15	7.469176e+01	3.041442e+01	1.061699e+16
8308	4.644582e+15	7.265204e+01	3.140398e+01	1.102204e+16
8309	4.644789e+15	8.085234e+01	3.248117e+01	8.405207e+15
8310	4.644989e+15	8.478387e+01	3.182401e+01	8.368102e+15
8311	4.645187e+15	8.269520e+01	3.189958e+01	6.222493e+15
8312	4.645384e+15	8.957227e+01	3.298429e+01	6.602168e+15
8313	4.645573e+15	8.703675e+01	3.031722e+01	1.674771e+16
8314	4.645770e+15	8.625286e+01	3.208228e+01	8.183320e+15
8315	4.645962e+15	6.899403e+01	2.979238e+01	1.013792e+16
8316	4.646159e+15	5.811477e+01	2.999660e+01	1.078125e+16
8317	4.646356e+15	5.724717e+01	2.962971e+01	7.117728e+15
8318	4.646557e+15	4.934369e+01	2.945776e+01	1.053648e+16
8319	4.646760e+15	5.759507e+01	3.056492e+01	1.580179e+16
8320	4.646962e+15	6.682718e+01	3.045160e+01	8.609914e+15
8321	4.647167e+15	6.100212e+01	2.948860e+01	1.506146e+16
8322	4.647382e+15	5.882162e+01	3.198915e+01	1.240776e+16
8323	4.647593e+15	5.108132e+01	3.077649e+01	2.027858e+16
8324	4.647810e+15	5.432361e+01	3.266847e+01	1.368858e+16
8325	4.648020e+15	6.956092e+01	3.321405e+01	3.666889e+15
8326	4.648229e+15	6.547507e+01	3.303148e+01	1.008760e+16
8327	4.648440e+15	5.863915e+01	3.359331e+01	1.067397e+16
8328	4.648655e+15	5.241859e+01	3.345063e+01	1.179435e+16
8329	4.648873e+15	4.523840e+01	3.421604e+01	1.685101e+16
8330	4.649092e+15	5.233825e+01	3.437284e+01	1.471534e+16
8331	4.649311e+15	4.925489e+01	3.466509e+01	4.796960e+15
8332	4.649530e+15	4.595081e+01	3.540795e+01	1.355311e+16
8333	4.649748e+15	4.820285e+01	3.491489e+01	1.939936e+16
8334	4.649967e+15	4.916605e+01	3.422416e+01	7.548220e+15
8335	4.650193e+15	4.951206e+01	3.478752e+01	7.577047e+15
8336	4.650421e+15	4.944425e+01	3.075503e+01	1.367364e+16
8337	4.650664e+15	5.816829e+01	3.745638e+01	1.597220e+16
8338	4.650893e+15	5.056190e+01	3.690583e+01	9.669261e+15
8339	4.651114e+15	4.232796e+01	3.445811e+01	9.855669e+15
8340	4.651328e+15	5.253472e+01	3.276932e+01	1.324398e+16
8341	4.651545e+15	6.977593e+01	3.433983e+01	9.354838e+15
8342	4.651757e+15	6.492117e+01	3.433147e+01	2.066180e+16
8343	4.651967e+15	6.160776e+01	3.531471e+01	1.216539e+16
8344	4.652176e+15	5.115919e+01	3.451326e+01	2.702051e+16
8345	4.652386e+15	4.933280e+01	3.496406e+01	1.722773e+16
8346	4.652595e+15	6.023826e+01	3.854880e+01	1.710647e+16
8347	4.652792e+15	5.839281e+01	3.539462e+01	1.358287e+16
8348	4.652990e+15	5.812467e+01	3.344634e+01	1.232686e+16
8349	4.653188e+15	6.310133e+01	3.596129e+01	9.067424e+15
8350	4.653382e+15	6.458611e+01	3.560256e+01	5.602470e+15
8351	4.653576e+15	6.717561e+01	3.585753e+01	1.603161e+16
8352	4.653771e+15	5.712816e+01	3.544685e+01	1.432750e+16
8353	4.653968e+15	5.405376e+01	3.631380e+01	1.079791e+16
8354	4.654166e+15	6.413965e+01	3.785104e+01	7.096163e+15
8355	4.654357e+15	7.362390e+01	3.513948e+01	1.874830e+16
8356	4.654549e+15	7.701148e+01	3.397910e+01	1.298889e+16
8357	4.654741e+15	7.167129e+01	3.497153e+01	1.393563e+16
8358	4.654932e+15	7.017414e+01	3.588377e+01	1.559806e+16
8359	4.655123e+15	7.051279e+01	3.606569e+01	1.749975e+16
8360	4.655313e+15	7.073354e+01	3.625516e+01	1.528835e+16
8361	4.655502e+15	6.666736e+01	3.578560e+01	1.425055e+16
8362	4.655692e+15	6.976139e+01	3.602796e+01	7.760629e+15
8363	4.655886e+15	6.505040e+01	3.661711e+01	1.699773e+16
8364	4.656080e+15	6.952139e+01	3.761547e+01	1.472766e+16
8365	4.656274e+15	5.905614e+01	3.475140e+01	1.854702e+16
8366	4.656476e+15	5.812764e+01	3.729105e+01	1.895335e+16
8367	4.656677e+15	6.162756e+01	3.548780e+01	1.649558e+16
8368	4.656883e+15	6.651847e+01	3.706029e+01	1.330300e+16
8369	4.657087e+15	6.714425e+01	3.554780e+01	1.814399e+16
8370	4.657294e+15	6.414543e+01	3.614883e+01	1.530034e+16
8371	4.657499e+15	6.436805e+01	3.474030e+01	7.906902e+15
8372	4.657709e+15	5.691247e+01	3.459437e+01	1.159900e+16
8373	4.657925e+15	5.413696e+01	3.715679e+01	1.766179e+16
8374	4.658136e+15	6.678008e+01	3.693882e+01	1.213344e+16
8375	4.658345e+15	6.286875e+01	3.622646e+01	1.689749e+16
8376	4.658554e+15	5.756135e+01	3.749174e+01	1.412437e+16
8377	4.658762e+15	5.257059e+01	3.736319e+01	1.479633e+16
8378	4.658977e+15	5.852003e+01	3.949879e+01	1.761648e+16
8379	4.659191e+15	6.190899e+01	3.854583e+01	1.340764e+16
8380	4.659406e+15	5.872723e+01	3.688906e+01	1.489746e+16
8381	4.659625e+15	6.005365e+01	3.905959e+01	1.358331e+16
8382	4.659841e+15	5.998848e+01	3.728128e+01	1.414680e+16
8383	4.660061e+15	5.845201e+01	3.780586e+01	1.662745e+16
8384	4.660284e+15	6.314412e+01	4.106071e+01	1.104861e+16
8385	4.660497e+15	5.658797e+01	4.029762e+01	9.467543e+15
8386	4.660707e+15	6.345370e+01	4.156204e+01	7.696256e+15
8387	4.660907e+15	7.800177e+01	3.933831e+01	3.832152e+15
8388	4.661106e+15	7.962456e+01	4.024262e+01	1.839272e+16
8389	4.661301e+15	7.359027e+01	3.871482e+01	4.470124e+15
8390	4.661497e+15	7.223595e+01	3.944966e+01	3.752921e+15
8391	4.661690e+15	6.930770e+01	3.906643e+01	1.415140e+16
8392	4.661878e+15	6.001872e+01	3.784632e+01	1.172222e+16
8393	4.662066e+15	7.064439e+01	3.885341e+01	2.254726e+15
8394	4.662245e+15	7.549076e+01	3.645341e+01	1.112099e+16
8395	4.662423e+15	7.311567e+01	3.810280e+01	7.911084e+15
8396	4.662597e+15	7.976836e+01	3.832528e+01	9.379676e+15
8397	4.662766e+15	8.792158e+01	3.733613e+01	1.356435e+16
8398	4.662933e+15	9.062573e+01	3.831659e+01	6.098791e+15
8399	4.663093e+15	9.505123e+01	3.876544e+01	7.648868e+15
8400	4.663246e+15	9.908109e+01	3.835442e+01	6.824139e+15
8401	4.663393e+15	9.742306e+01	3.956453e+01	3.508472e+15
8402	4.663532e+15	9.990766e+01	3.912749e+01	1.228823e+16
8403	4.663667e+15	1.069573e+02	3.901728e+01	2.504342e+15
8404	4.663796e+15	1.087417e+02	3.778938e+01	9.748104e+15
8405	4.663921e+15	1.205685e+02	3.807648e+01	2.062173e+15
8406	4.664041e+15	1.180234e+02	3.671032e+01	1.210498e+16
8407	4.664161e+15	1.422725e+02	3.706689e+01	1.292532e+16
8408	4.664279e+15	1.489424e+02	3.562174e+01	7.647633e+15
8409	4.664393e+15	1.284091e+02	3.329787e+01	2.739216e+15
8410	4.664509e+15	1.372393e+02	3.350796e+01	8.857840e+15
8411	4.664625e+15	1.383726e+02	3.262325e+01	9.748110e+15
8412	4.664743e+15	1.339167e+02	3.272582e+01	2.144441e+15
8413	4.664863e+15	1.270386e+02	3.245610e+01	5.430976e+15
8414	4.664985e+15	1.038370e+02	3.128338e+01	5.771946e+15
8415	4.665116e+15	9.976687e+01	3.186967e+01	1.541568e+15
8416	4.665252e+15	1.020296e+02	3.120738e+01	8.625064e+15
8417	4.665394e+15	9.671040e+01	3.162705e+01	1.143933e+16
8418	4.665543e+15	9.469787e+01	3.152137e+01	6.210529e+15
8419	4.665696e+15	7.034535e+01	2.950028e+01	4.920844e+15
8420	4.665861e+15	6.097436e+01	3.168854e+01	9.165572e+15
8421	4.666031e+15	7.381403e+01	3.127401e+01	3.752818e+15
8422	4.666208e+15	7.754248e+01	3.078559e+01	1.287070e+16
8423	4.666393e+15	7.266180e+01	3.081062e+01	1.328087e+16
8424	4.666585e+15	6.790274e+01	3.214441e+01	8.693811e+15
8425	4.666777e+15	6.269565e+01	3.290827e+01	1.234945e+16
8426	4.666970e+15	6.117178e+01	3.212289e+01	1.632454e+16
8427	4.667166e+15	6.325776e+01	3.310580e+01	7.794049e+15
8428	4.667364e+15	5.726169e+01	3.347025e+01	9.554171e+15
8429	4.667563e+15	6.019869e+01	3.308406e+01	9.732640e+15
8430	4.667762e+15	5.739528e+01	3.168718e+01	1.307533e+16
8431	4.667966e+15	6.948253e+01	3.251224e+01	1.190894e+16
8432	4.668172e+15	5.590382e+01	2.997087e+01	1.879487e+16
8433	4.668388e+15	4.849875e+01	3.143111e+01	1.840055e+16
8434	4.668605e+15	5.028742e+01	3.003443e+01	1.538467e+16
8435	4.668830e+15	4.909859e+01	3.038003e+01	2.370281e+16
8436	4.669064e+15	3.798791e+01	2.841017e+01	7.952205e+15
8437	4.669321e+15	3.171785e+01	2.796658e+01	1.698192e+16
8438	4.669606e+15	3.428755e+01	2.916490e+01	2.166069e+16
8439	4.669920e+15	4.025834e+01	3.476747e+01	2.096771e+16
8440	4.670229e+15	3.785626e+01	3.484169e+01	1.126601e+16
8441	4.670533e+15	3.615763e+01	3.643822e+01	1.785260e+16
8442	4.670828e+15	3.308828e+01	3.543154e+01	2.892435e+16
8443	4.671118e+15	4.146682e+01	3.377665e+01	1.638111e+16
8444	4.671413e+15	3.930648e+01	3.399436e+01	1.536023e+16
8445	4.671704e+15	3.161977e+01	3.440201e+01	1.816493e+16
8446	4.671989e+15	3.581285e+01	3.672276e+01	1.598663e+16
8447	4.672259e+15	3.972199e+01	3.640506e+01	1.017352e+16
8448	4.672520e+15	3.990010e+01	3.691566e+01	1.414525e+16
8449	4.672771e+15	4.103272e+01	3.748924e+01	2.760767e+16
8450	4.673020e+15	4.636543e+01	4.036962e+01	2.730346e+16
8451	4.673255e+15	5.549441e+01	3.695109e+01	1.230827e+16
8452	4.673490e+15	6.324538e+01	3.859269e+01	9.997719e+15
8453	4.673717e+15	5.630772e+01	3.703171e+01	9.738232e+15
8454	4.673943e+15	5.288886e+01	3.745621e+01	1.301618e+16
8455	4.674166e+15	4.983926e+01	3.638471e+01	2.191489e+16
8456	4.674391e+15	5.665981e+01	3.793158e+01	1.485158e+16
8457	4.674608e+15	5.581698e+01	3.520489e+01	1.064116e+16
8458	4.674828e+15	5.864380e+01	3.741021e+01	1.619733e+16
8459	4.675042e+15	5.902879e+01	3.547504e+01	1.621549e+16
8460	4.675261e+15	5.193108e+01	3.556634e+01	1.097417e+16
8461	4.675479e+15	6.221299e+01	3.648247e+01	1.342040e+16
8462	4.675693e+15	6.940329e+01	3.599080e+01	1.585794e+16
8463	4.675905e+15	6.652085e+01	3.600308e+01	1.100558e+16
8464	4.676118e+15	6.218623e+01	3.563014e+01	5.907676e+15
8465	4.676333e+15	6.361868e+01	3.625029e+01	2.106037e+16
8466	4.676545e+15	5.876830e+01	3.385651e+01	1.855848e+16
8467	4.676758e+15	6.257091e+01	3.381069e+01	1.297969e+16
8468	4.676972e+15	6.154150e+01	3.372058e+01	1.767563e+16
8469	4.677186e+15	6.249376e+01	3.368754e+01	1.362351e+16
8470	4.677402e+15	5.855591e+01	3.332174e+01	1.653027e+16
8471	4.677621e+15	5.544165e+01	3.413083e+01	1.457745e+16
8472	4.677841e+15	5.807046e+01	3.380351e+01	2.544140e+16
8473	4.678060e+15	5.732248e+01	3.327202e+01	1.227449e+16
8474	4.678281e+15	5.599405e+01	3.177897e+01	6.552234e+15
8475	4.678506e+15	5.800220e+01	3.203141e+01	1.344301e+16
8476	4.678729e+15	5.896156e+01	3.151889e+01	2.080019e+16
8477	4.678953e+15	6.342864e+01	3.309120e+01	7.398801e+15
8478	4.679175e+15	5.946258e+01	3.304561e+01	7.643849e+15
8479	4.679397e+15	6.198996e+01	3.358694e+01	1.515275e+16
8480	4.679617e+15	6.300419e+01	3.293753e+01	2.142136e+16
8481	4.679836e+15	6.325059e+01	3.369761e+01	7.946347e+15
8482	4.680049e+15	5.668731e+01	3.139223e+01	1.657939e+16
8483	4.680266e+15	5.592428e+01	3.266323e+01	8.887349e+15
8484	4.680480e+15	6.721395e+01	3.300817e+01	1.493149e+16
8485	4.680690e+15	6.666215e+01	3.408046e+01	1.656336e+16
8486	4.680896e+15	5.898165e+01	3.236753e+01	1.118987e+16
8487	4.681108e+15	5.401908e+01	3.183275e+01	9.952575e+15
8488	4.681326e+15	4.507423e+01	3.305344e+01	1.001153e+16
8489	4.681543e+15	4.575158e+01	3.275537e+01	6.831122e+15
8490	4.681758e+15	4.994928e+01	3.317927e+01	8.358491e+15
8491	4.681971e+15	5.822534e+01	3.067428e+01	1.487010e+16
8492	4.682192e+15	5.835854e+01	3.414945e+01	1.130972e+16
8493	4.682403e+15	4.850479e+01	3.114575e+01	6.022957e+15
8494	4.682618e+15	5.476783e+01	3.494983e+01	1.777755e+16
8495	4.682825e+15	6.831253e+01	3.354604e+01	1.918556e+16
8496	4.683031e+15	6.608974e+01	3.270364e+01	1.215244e+16
8497	4.683236e+15	6.385902e+01	3.127285e+01	1.437535e+16
8498	4.683443e+15	7.225477e+01	3.276461e+01	1.492112e+16
8499	4.683650e+15	6.976608e+01	3.301484e+01	1.667021e+16
8500	4.683858e+15	7.739748e+01	3.366065e+01	7.132618e+15
8501	4.684062e+15	7.262555e+01	3.427071e+01	1.389867e+16
8502	4.684261e+15	6.385477e+01	3.245996e+01	1.210633e+16
8503	4.684464e+15	6.390700e+01	3.251071e+01	1.144745e+16
8504	4.684669e+15	6.030004e+01	3.383032e+01	1.731989e+16
8505	4.684874e+15	4.851475e+01	3.180185e+01	1.100990e+16
8506	4.685087e+15	4.776033e+01	3.440804e+01	6.079134e+15
8507	4.685297e+15	6.067731e+01	3.399395e+01	1.182431e+16
8508	4.685508e+15	6.169247e+01	3.378555e+01	1.197261e+16
8509	4.685720e+15	5.693849e+01	3.417565e+01	1.694301e+16
8510	4.685931e+15	5.302489e+01	3.210462e+01	1.966642e+16
8511	4.686150e+15	5.358562e+01	3.321688e+01	1.448782e+16
8512	4.686374e+15	4.833842e+01	3.349154e+01	1.707040e+16
8513	4.686604e+15	3.867122e+01	3.325456e+01	9.995043e+15
8514	4.686842e+15	4.019638e+01	3.492787e+01	5.235120e+15
8515	4.687080e+15	4.147868e+01	3.256874e+01	1.828515e+16
8516	4.687332e+15	4.472126e+01	3.756964e+01	7.605736e+15
8517	4.687572e+15	4.487002e+01	3.559026e+01	1.200036e+16
8518	4.687811e+15	4.580264e+01	3.725604e+01	1.380682e+16
8519	4.688039e+15	5.037556e+01	3.547123e+01	9.314110e+15
8520	4.688268e+15	5.783249e+01	3.582074e+01	1.611507e+16
8521	4.688495e+15	5.170206e+01	3.544565e+01	9.838123e+15
8522	4.688718e+15	5.227373e+01	3.615302e+01	4.058474e+15
8523	4.688935e+15	5.538940e+01	3.558882e+01	4.687297e+15
8524	4.689147e+15	5.298353e+01	3.420681e+01	1.341906e+16
8525	4.689362e+15	5.498241e+01	3.554263e+01	1.476493e+16
8526	4.689575e+15	5.231335e+01	3.451167e+01	8.027236e+15
8527	4.689792e+15	5.260974e+01	3.619990e+01	1.577545e+15
8528	4.690010e+15	4.920139e+01	3.758739e+01	1.474678e+16
8529	4.690230e+15	4.662688e+01	3.727708e+01	1.197232e+16
8530	4.690450e+15	4.403190e+01	3.589248e+01	8.923097e+15
8531	4.690677e+15	4.667573e+01	3.726390e+01	1.615461e+16
8532	4.690905e+15	4.301589e+01	3.685119e+01	9.621557e+15
8533	4.691132e+15	4.133507e+01	3.771609e+01	1.738641e+16
8534	4.691356e+15	4.943871e+01	3.585707e+01	1.280556e+16
8535	4.691583e+15	4.352118e+01	3.433622e+01	2.146650e+16
8536	4.691818e+15	4.203185e+01	3.666680e+01	1.228774e+16
8537	4.692048e+15	4.016491e+01	3.575070e+01	8.774510e+15
8538	4.692279e+15	3.951981e+01	3.796233e+01	6.785333e+15
8539	4.692499e+15	5.291272e+01	3.708976e+01	7.824086e+15
8540	4.692711e+15	6.722204e+01	3.697263e+01	4.639255e+15
8541	4.692920e+15	6.940190e+01	3.773157e+01	9.819966e+15
8542	4.693122e+15	7.116929e+01	3.691511e+01	2.194263e+15
8543	4.693323e+15	6.777409e+01	3.715905e+01	1.132253e+16
8544	4.693519e+15	6.814870e+01	3.642844e+01	7.737542e+15
8545	4.693710e+15	6.879973e+01	3.556047e+01	1.649846e+16
8546	4.693897e+15	5.879044e+01	3.389309e+01	1.329835e+16
8547	4.694091e+15	5.420049e+01	3.565545e+01	1.810477e+16
8548	4.694285e+15	5.860171e+01	3.623693e+01	7.984468e+15
8549	4.694479e+15	5.533202e+01	3.614391e+01	7.662457e+15
8550	4.694673e+15	5.700689e+01	3.553460e+01	1.745673e+16
8551	4.694869e+15	6.141201e+01	3.506475e+01	7.077542e+15
8552	4.695065e+15	6.839411e+01	3.335255e+01	9.511068e+15
8553	4.695265e+15	6.674760e+01	3.339626e+01	1.590085e+16
8554	4.695470e+15	6.287521e+01	3.386292e+01	1.249725e+16
8555	4.695676e+15	6.155302e+01	3.523422e+01	8.066510e+15
8556	4.695879e+15	6.601379e+01	3.552698e+01	1.078790e+16
8557	4.696081e+15	6.192122e+01	3.583929e+01	9.055309e+15
8558	4.696281e+15	6.091020e+01	3.325563e+01	1.468340e+16
8559	4.696486e+15	6.663976e+01	3.716239e+01	1.367955e+16
8560	4.696684e+15	5.623092e+01	3.531059e+01	1.284989e+16
8561	4.696885e+15	5.603139e+01	3.694545e+01	2.936686e+15
8562	4.697084e+15	6.408313e+01	3.685556e+01	8.594480e+15
8563	4.697283e+15	5.903234e+01	3.733540e+01	1.078868e+16
8564	4.697480e+15	5.843637e+01	3.667373e+01	9.384404e+15
8565	4.697679e+15	6.061472e+01	3.581232e+01	2.057284e+16
8566	4.697881e+15	6.550715e+01	3.745227e+01	1.107181e+16
8567	4.698080e+15	5.874909e+01	3.608242e+01	4.010570e+15
8568	4.698282e+15	5.181175e+01	3.507775e+01	1.720125e+16
8569	4.698488e+15	5.139960e+01	3.744471e+01	1.179740e+16
8570	4.698697e+15	5.032981e+01	3.757447e+01	1.890279e+16
8571	4.698911e+15	5.398368e+01	3.819403e+01	1.108405e+16
8572	4.699129e+15	4.520538e+01	3.760728e+01	1.763437e+16
8573	4.699353e+15	5.249926e+01	3.864476e+01	1.838549e+16
8574	4.699576e+15	5.854086e+01	4.016528e+01	1.199746e+16
8575	4.699795e+15	5.545023e+01	4.041730e+01	2.212220e+16
8576	4.700010e+15	6.336680e+01	3.756052e+01	8.854073e+15
8577	4.700229e+15	6.333963e+01	3.853615e+01	7.511082e+15
8578	4.700446e+15	5.787175e+01	3.830818e+01	1.229165e+16
8579	4.700662e+15	5.217973e+01	3.711938e+01	1.444963e+16
8580	4.700880e+15	4.664261e+01	3.558280e+01	2.193580e+15
8581	4.701107e+15	4.849819e+01	3.922668e+01	2.051762e+16
8582	4.701325e+15	5.898666e+01	3.754387e+01	7.909347e+15
8583	4.701542e+15	6.563641e+01	3.878394e+01	1.595706e+16
8584	4.701750e+15	6.257826e+01	3.533124e+01	7.278322e+15
8585	4.701962e+15	6.015190e+01	3.482751e+01	9.692288e+15
8586	4.702182e+15	6.054629e+01	3.792763e+01	1.553752e+16
8587	4.702392e+15	5.119364e+01	3.590314e+01	1.614000e+16
8588	4.702605e+15	5.517456e+01	3.760765e+01	9.910687e+15
8589	4.702813e+15	6.375452e+01	3.728821e+01	1.356844e+16
8590	4.703019e+15	5.891132e+01	3.600743e+01	1.595170e+16
8591	4.703229e+15	6.407068e+01	3.416861e+01	8.628529e+15
8592	4.703438e+15	6.897823e+01	3.429383e+01	5.471063e+15
8593	4.703646e+15	5.801106e+01	3.148442e+01	1.346386e+16
8594	4.703863e+15	6.119764e+01	3.464438e+01	3.508116e+15
8595	4.704073e+15	6.135614e+01	3.285878e+01	1.601007e+16
8596	4.704287e+15	5.053327e+01	3.377601e+01	1.271265e+16
8597	4.704503e+15	4.694671e+01	3.453322e+01	6.352000e+15
8598	4.704717e+15	5.047300e+01	3.523393e+01	1.563812e+16
8599	4.704927e+15	5.633106e+01	3.517395e+01	3.245644e+15
8600	4.705137e+15	5.902748e+01	3.613005e+01	1.758328e+16
8601	4.705340e+15	6.454108e+01	3.410004e+01	1.327643e+16
8602	4.705546e+15	6.399381e+01	3.601580e+01	1.301873e+16
8603	4.705748e+15	5.519828e+01	3.391311e+01	1.921535e+16
8604	4.705955e+15	6.143258e+01	3.564902e+01	1.228359e+16
8605	4.706160e+15	5.747940e+01	3.443619e+01	6.693406e+15
8606	4.706366e+15	5.273975e+01	3.569042e+01	2.372814e+16
8607	4.706569e+15	5.338169e+01	3.563278e+01	1.621486e+16
8608	4.706769e+15	6.261751e+01	3.583430e+01	1.406644e+16
8609	4.706969e+15	6.580734e+01	3.686782e+01	8.551629e+15
8610	4.707167e+15	6.942135e+01	3.814795e+01	1.476515e+16
8611	4.707360e+15	5.711362e+01	3.654300e+01	1.219045e+16
8612	4.707551e+15	4.274639e+01	3.655789e+01	1.297609e+16
8613	4.707742e+15	5.300020e+01	3.738863e+01	3.458143e+15
8614	4.707928e+15	5.896323e+01	3.684697e+01	8.083723e+15
8615	4.708112e+15	5.314483e+01	3.656475e+01	9.739562e+15
8616	4.708294e+15	5.141768e+01	3.605393e+01	9.874893e+15
8617	4.708475e+15	5.680645e+01	3.592073e+01	1.707770e+16
8618	4.708655e+15	6.078880e+01	3.498869e+01	1.167068e+16
8619	4.708835e+15	5.704544e+01	3.532544e+01	8.099863e+15
8620	4.709016e+15	5.019556e+01	3.564177e+01	9.297699e+15
8621	4.709198e+15	4.510624e+01	3.515671e+01	1.131421e+16
8622	4.709382e+15	4.298325e+01	3.282103e+01	1.892111e+16
8623	4.709572e+15	4.885705e+01	3.379757e+01	5.888013e+15
8624	4.709764e+15	4.929706e+01	3.409441e+01	9.812118e+15
8625	4.709958e+15	4.562384e+01	3.251001e+01	2.759682e+15
8626	4.710160e+15	4.872979e+01	3.261383e+01	1.521291e+16
8627	4.710365e+15	5.826522e+01	3.351320e+01	7.294299e+15
8628	4.710572e+15	5.792191e+01	3.296765e+01	2.248870e+16
8629	4.710781e+15	6.231996e+01	3.399768e+01	5.634713e+15
8630	4.710992e+15	6.700961e+01	3.465314e+01	1.778088e+16
8631	4.711200e+15	6.220455e+01	3.332004e+01	1.499727e+16
8632	4.711414e+15	4.687180e+01	3.309080e+01	2.088638e+16
8633	4.711638e+15	4.128183e+01	3.452799e+01	3.009279e+16
8634	4.711867e+15	3.582587e+01	3.625993e+01	8.980983e+15
8635	4.712095e+15	4.450080e+01	3.383671e+01	8.351015e+15
8636	4.712323e+15	5.907939e+01	3.509037e+01	9.923079e+15
8637	4.712555e+15	5.600930e+01	3.706826e+01	1.543404e+16
8638	4.712781e+15	5.273209e+01	3.562122e+01	1.455482e+16
8639	4.713010e+15	5.936124e+01	3.941187e+01	1.476555e+16
8640	4.713228e+15	5.434579e+01	3.668575e+01	4.903272e+15
8641	4.713448e+15	5.953431e+01	3.800777e+01	8.247480e+15
8642	4.713660e+15	7.263458e+01	3.576847e+01	1.276697e+16
8643	4.713872e+15	7.060778e+01	3.566409e+01	8.527663e+15
8644	4.714087e+15	6.238897e+01	3.631915e+01	7.396122e+15
8645	4.714304e+15	5.568589e+01	3.523750e+01	1.052039e+16
8646	4.714526e+15	5.234628e+01	3.616221e+01	1.683940e+16
8647	4.714744e+15	5.351099e+01	3.581112e+01	6.868821e+15
8648	4.714960e+15	4.863436e+01	3.373228e+01	1.046352e+16
8649	4.715185e+15	5.341583e+01	3.675924e+01	1.887783e+16
8650	4.715407e+15	6.011049e+01	3.678905e+01	2.032917e+16
8651	4.715622e+15	6.850798e+01	3.545244e+01	1.252026e+16
8652	4.715833e+15	6.846557e+01	3.334986e+01	7.665367e+15
8653	4.716045e+15	6.794686e+01	3.414648e+01	2.276404e+16
8654	4.716253e+15	7.038653e+01	3.419373e+01	3.720805e+15
8655	4.716458e+15	7.107227e+01	3.457101e+01	1.347057e+16
8656	4.716658e+15	6.284791e+01	3.395377e+01	1.475873e+16
8657	4.716859e+15	6.537920e+01	3.408565e+01	1.206634e+16
8658	4.717056e+15	7.246730e+01	3.334832e+01	9.404158e+15
8659	4.717253e+15	7.262555e+01	3.487929e+01	1.728508e+16
8660	4.717447e+15	7.286160e+01	3.497888e+01	1.406371e+16
8661	4.717638e+15	6.204794e+01	3.274726e+01	1.398957e+16
8662	4.717834e+15	6.036011e+01	3.273124e+01	1.546316e+16
8663	4.718032e+15	6.266285e+01	3.548065e+01	1.290483e+16
8664	4.718235e+15	6.155709e+01	3.711776e+01	1.042184e+16
8665	4.718436e+15	4.744708e+01	3.288673e+01	1.199860e+16
8666	4.718652e+15	5.225635e+01	3.640131e+01	1.386102e+16
8667	4.718868e+15	5.382980e+01	3.510804e+01	1.361308e+16
8668	4.719089e+15	5.017642e+01	3.753181e+01	2.248630e+16
8669	4.719306e+15	4.673477e+01	3.675313e+01	5.146113e+15
8670	4.719525e+15	4.943094e+01	3.459684e+01	8.997365e+15
8671	4.719753e+15	4.331570e+01	3.560538e+01	1.467012e+16
8672	4.719988e+15	4.609504e+01	3.764585e+01	1.660741e+16
8673	4.720222e+15	5.336348e+01	3.665447e+01	8.450526e+15
8674	4.720458e+15	5.326432e+01	3.761132e+01	9.642364e+15
8675	4.720689e+15	5.046223e+01	3.723007e+01	1.037942e+16
8676	4.720918e+15	5.213090e+01	3.769727e+01	1.983837e+16
8677	4.721145e+15	5.254772e+01	3.834811e+01	2.350946e+16
8678	4.721372e+15	5.433480e+01	3.911720e+01	1.633533e+16
8679	4.721592e+15	4.899031e+01	3.911376e+01	1.626609e+16
8680	4.721811e+15	5.649664e+01	4.043873e+01	1.399283e+16
8681	4.722023e+15	6.350295e+01	4.010319e+01	1.878940e+16
8682	4.722233e+15	6.802128e+01	4.065742e+01	8.985445e+15
8683	4.722439e+15	6.935358e+01	3.941093e+01	6.172799e+15
8684	4.722643e+15	6.316557e+01	3.712642e+01	1.920135e+16
8685	4.722851e+15	5.885737e+01	3.756317e+01	2.462267e+16
8686	4.723061e+15	6.089736e+01	3.761775e+01	9.259168e+15
8687	4.723272e+15	6.070792e+01	3.863353e+01	9.643110e+15
8688	4.723482e+15	6.250863e+01	3.862090e+01	1.207196e+16
8689	4.723691e+15	6.217760e+01	3.859577e+01	9.885708e+15
8690	4.723902e+15	5.927561e+01	4.052256e+01	1.109489e+16
8691	4.724110e+15	5.596676e+01	3.865466e+01	1.782708e+16
8692	4.724320e+15	5.624516e+01	3.910086e+01	2.244309e+16
8693	4.724531e+15	6.058053e+01	3.956297e+01	1.957260e+16
8694	4.724737e+15	6.848432e+01	4.216637e+01	1.571381e+16
8695	4.724932e+15	6.820555e+01	3.841556e+01	1.928535e+16
8696	4.725129e+15	7.896749e+01	4.013108e+01	2.288241e+16
8697	4.725325e+15	7.675014e+01	3.914836e+01	1.740222e+16
8698	4.725520e+15	6.666369e+01	3.891665e+01	1.289557e+16
8699	4.725717e+15	6.847729e+01	3.861622e+01	1.436689e+16
8700	4.725917e+15	6.623427e+01	3.906262e+01	2.399762e+16
8701	4.726118e+15	5.289613e+01	3.641669e+01	1.011820e+16
8702	4.726323e+15	3.970737e+01	3.643197e+01	8.156325e+15
8703	4.726530e+15	4.259982e+01	3.762127e+01	1.153521e+16
8704	4.726739e+15	4.721874e+01	3.831739e+01	8.609607e+15
8705	4.726948e+15	5.109505e+01	3.845243e+01	1.567604e+16
8706	4.727153e+15	4.933980e+01	3.852760e+01	9.355325e+15
8707	4.727357e+15	4.297189e+01	3.880344e+01	2.823374e+16
8708	4.727565e+15	4.500696e+01	4.008382e+01	1.250321e+16
8709	4.727770e+15	5.290062e+01	3.969781e+01	9.636357e+15
8710	4.727970e+15	6.100676e+01	3.906737e+01	1.185598e+16
8711	4.728166e+15	5.951851e+01	3.715945e+01	1.383693e+16
8712	4.728361e+15	6.303217e+01	3.732664e+01	4.313226e+15
8713	4.728556e+15	5.907413e+01	3.671005e+01	1.859662e+16
8714	4.728754e+15	6.161967e+01	3.827310e+01	1.755982e+16
8715	4.728947e+15	7.188913e+01	3.600623e+01	5.266708e+15
8716	4.729145e+15	7.125653e+01	3.759067e+01	1.036934e+16
8717	4.729338e+15	6.176156e+01	3.570037e+01	4.547630e+15
8718	4.729534e+15	5.505742e+01	3.569892e+01	9.106592e+15
8719	4.729729e+15	5.910373e+01	3.645553e+01	9.153579e+15
8720	4.729923e+15	7.131557e+01	3.624074e+01	1.361975e+16
8721	4.730113e+15	7.890227e+01	3.510059e+01	8.257959e+15
8722	4.730302e+15	8.199196e+01	3.458070e+01	1.052491e+16
8723	4.730488e+15	8.879495e+01	3.564885e+01	1.076364e+16
8724	4.730672e+15	7.961272e+01	3.423946e+01	7.104045e+15
8725	4.730858e+15	7.319519e+01	3.670370e+01	1.036477e+16
8726	4.731045e+15	8.024839e+01	3.783959e+01	1.660388e+16
8727	4.731232e+15	7.539752e+01	3.873010e+01	7.445913e+15
8728	4.731418e+15	6.743150e+01	3.945125e+01	1.591506e+16
8729	4.731603e+15	6.966484e+01	3.806755e+01	1.301537e+16
8730	4.731793e+15	6.609144e+01	3.902576e+01	6.756224e+15
8731	4.731984e+15	6.467956e+01	3.695423e+01	1.365609e+16
8732	4.732179e+15	6.114464e+01	3.581110e+01	1.326320e+16
8733	4.732380e+15	6.189187e+01	3.637447e+01	2.458520e+16
8734	4.732582e+15	6.828873e+01	3.431042e+01	1.100682e+16
8735	4.732791e+15	6.639389e+01	3.638435e+01	9.586639e+15
8736	4.733002e+15	6.721145e+01	3.864551e+01	6.033999e+15
8737	4.733210e+15	6.104481e+01	3.586995e+01	1.352015e+16
8738	4.733428e+15	5.512935e+01	3.705177e+01	1.988303e+16
8739	4.733649e+15	6.026318e+01	3.849783e+01	1.026853e+16
8740	4.733870e+15	6.490526e+01	3.838139e+01	1.265995e+16
8741	4.734092e+15	6.601008e+01	3.900963e+01	2.522250e+16
8742	4.734316e+15	6.319828e+01	3.916785e+01	7.523629e+15
8743	4.734543e+15	4.879199e+01	3.971576e+01	2.098287e+16
8744	4.734768e+15	4.226560e+01	3.783597e+01	1.359633e+16
8745	4.734999e+15	4.043266e+01	4.181993e+01	1.272498e+16
8746	4.735218e+15	3.764133e+01	3.568415e+01	1.916450e+16
8747	4.735452e+15	5.075644e+01	4.011096e+01	2.228975e+16
8748	4.735677e+15	5.715860e+01	3.728119e+01	6.913120e+15
8749	4.735903e+15	5.791782e+01	3.758769e+01	1.473949e+16
8750	4.736124e+15	5.856946e+01	3.730199e+01	7.407788e+15
8751	4.736343e+15	5.937726e+01	3.764399e+01	1.855635e+15
8752	4.736558e+15	5.743252e+01	3.636526e+01	1.261832e+16
8753	4.736770e+15	6.188886e+01	3.762024e+01	1.546252e+16
8754	4.736977e+15	7.156398e+01	3.760854e+01	1.293413e+16
8755	4.737177e+15	7.380706e+01	3.812458e+01	8.455816e+15
8756	4.737373e+15	7.225750e+01	3.739417e+01	9.357784e+15
8757	4.737565e+15	7.478627e+01	3.668252e+01	9.814977e+15
8758	4.737755e+15	7.984469e+01	3.623661e+01	2.168228e+16
8759	4.737945e+15	8.251788e+01	3.805512e+01	9.202362e+15
8760	4.738130e+15	7.099727e+01	3.685899e+01	1.454045e+16
8761	4.738315e+15	6.715349e+01	3.628129e+01	1.692195e+16
8762	4.738505e+15	7.605553e+01	3.730026e+01	1.403030e+16
8763	4.738696e+15	7.529856e+01	3.499182e+01	1.906181e+16
8764	4.738892e+15	5.392649e+01	3.444889e+01	1.175270e+16
8765	4.739093e+15	6.188168e+01	3.633713e+01	7.540621e+15
8766	4.739294e+15	6.225622e+01	3.590236e+01	9.261339e+15
8767	4.739497e+15	6.552655e+01	3.718772e+01	1.936112e+16
8768	4.739699e+15	6.867461e+01	3.712970e+01	1.587389e+16
8769	4.739902e+15	6.631406e+01	3.808149e+01	1.173008e+16
8770	4.740101e+15	6.525370e+01	3.613125e+01	1.801011e+16
8771	4.740304e+15	6.526815e+01	3.340133e+01	1.082739e+16
8772	4.740514e+15	5.618863e+01	3.574858e+01	1.175640e+16
8773	4.740725e+15	4.073974e+01	3.424628e+01	9.404263e+15
8774	4.740945e+15	4.461655e+01	3.587243e+01	2.299796e+16
8775	4.741169e+15	4.879644e+01	3.644349e+01	1.141124e+16
8776	4.741392e+15	4.731588e+01	3.694925e+01	1.951503e+16
8777	4.741613e+15	5.416375e+01	3.868455e+01	1.465024e+16
8778	4.741827e+15	5.244222e+01	3.596133e+01	1.807228e+16
8779	4.742046e+15	4.637618e+01	3.907542e+01	1.256814e+16
8780	4.742257e+15	3.934716e+01	3.712738e+01	2.788056e+16
8781	4.742468e+15	4.366426e+01	3.892560e+01	1.529793e+16
8782	4.742670e+15	5.238507e+01	3.701725e+01	1.303295e+16
8783	4.742872e+15	5.585892e+01	3.726594e+01	1.472103e+16
8784	4.743072e+15	4.689105e+01	3.727059e+01	1.271193e+16
8785	4.743271e+15	4.750751e+01	3.598859e+01	1.739107e+16
8786	4.743477e+15	5.238673e+01	3.800903e+01	1.531349e+16
8787	4.743676e+15	5.178342e+01	3.726137e+01	2.651207e+16
8788	4.743873e+15	5.160318e+01	3.848351e+01	1.167596e+16
8789	4.744067e+15	5.788879e+01	3.792624e+01	8.233406e+15
8790	4.744263e+15	6.424052e+01	3.699843e+01	1.670523e+16
8791	4.744458e+15	6.274427e+01	3.663597e+01	1.023062e+16
8792	4.744654e+15	6.580912e+01	3.473425e+01	1.083156e+16
8793	4.744856e+15	6.143588e+01	3.617610e+01	1.311542e+16
8794	4.745059e+15	5.066916e+01	3.453888e+01	1.833406e+16
8795	4.745269e+15	5.828577e+01	3.733610e+01	1.758985e+16
8796	4.745471e+15	5.404990e+01	3.390891e+01	6.689220e+15
8797	4.745683e+15	5.962299e+01	3.574765e+01	1.986727e+16
8798	4.745895e+15	6.036926e+01	3.436535e+01	1.902351e+16
8799	4.746109e+15	7.196711e+01	3.683587e+01	1.604473e+16
8800	4.746316e+15	8.118027e+01	3.687822e+01	1.377087e+16
8801	4.746517e+15	7.841422e+01	3.639744e+01	2.555734e+16
8802	4.746713e+15	7.917951e+01	3.585969e+01	1.888002e+16
8803	4.746905e+15	7.696338e+01	3.482761e+01	9.936722e+15
8804	4.747094e+15	8.482830e+01	3.327480e+01	7.868637e+15
8805	4.747283e+15	8.743445e+01	3.415462e+01	1.543739e+16
8806	4.747469e+15	8.228425e+01	3.414881e+01	1.172000e+16
8807	4.747653e+15	8.350941e+01	3.325671e+01	1.366902e+16
8808	4.747837e+15	7.594604e+01	3.268692e+01	1.204230e+16
8809	4.748023e+15	6.888130e+01	3.353017e+01	1.599847e+16
8810	4.748215e+15	6.373871e+01	3.401350e+01	1.142217e+16
8811	4.748412e+15	6.218876e+01	3.616547e+01	1.015664e+16
8812	4.748608e+15	5.555511e+01	3.420396e+01	1.702678e+16
8813	4.748812e+15	6.239417e+01	3.574055e+01	1.257047e+16
8814	4.749014e+15	7.245342e+01	3.493003e+01	1.667887e+16
8815	4.749215e+15	7.810003e+01	3.371948e+01	1.316229e+16
8816	4.749418e+15	7.772400e+01	3.363955e+01	5.672715e+15
8817	4.749623e+15	6.351474e+01	3.262904e+01	1.813852e+16
8818	4.749835e+15	6.117340e+01	3.475133e+01	1.095125e+16
8819	4.750047e+15	6.614497e+01	3.499555e+01	9.229882e+15
8820	4.750256e+15	7.429716e+01	3.418210e+01	1.453084e+16
8821	4.750467e+15	7.079643e+01	3.672691e+01	1.808484e+16
8822	4.750667e+15	5.358903e+01	3.187803e+01	1.133309e+16
8823	4.750878e+15	5.933393e+01	3.497480e+01	1.148407e+16
8824	4.751085e+15	6.381991e+01	3.398038e+01	7.516077e+15
8825	4.751291e+15	5.482638e+01	3.267655e+01	1.156484e+16
8826	4.751502e+15	4.780875e+01	3.442078e+01	1.081842e+16
8827	4.751710e+15	4.407045e+01	3.414144e+01	6.752333e+15
8828	4.751921e+15	4.933270e+01	3.592861e+01	1.322803e+16
8829	4.752128e+15	5.494217e+01	3.586037e+01	2.344200e+16
8830	4.752333e+15	6.053114e+01	3.690251e+01	1.735443e+16
8831	4.752533e+15	7.526923e+01	3.700727e+01	1.951511e+16
8832	4.752729e+15	7.076610e+01	3.676337e+01	1.216548e+16
8833	4.752921e+15	6.948965e+01	3.663644e+01	2.381383e+16
8834	4.753112e+15	6.927414e+01	3.667047e+01	2.327183e+16
8835	4.753302e+15	6.954347e+01	3.766146e+01	1.441484e+16
8836	4.753489e+15	7.297221e+01	3.721926e+01	1.015831e+16
8837	4.753676e+15	7.491160e+01	3.655383e+01	7.413443e+15
8838	4.753863e+15	7.164382e+01	3.708466e+01	1.132747e+16
8839	4.754050e+15	6.323596e+01	3.671868e+01	1.139286e+16
8840	4.754238e+15	6.828600e+01	3.688136e+01	1.132687e+16
8841	4.754426e+15	7.581853e+01	3.576363e+01	6.481828e+15
8842	4.754618e+15	6.549075e+01	3.612018e+01	9.867219e+15
8843	4.754813e+15	4.899713e+01	3.407956e+01	1.585405e+16
8844	4.755018e+15	5.252987e+01	3.499979e+01	1.824636e+16
8845	4.755231e+15	5.687695e+01	3.902258e+01	1.747637e+16
8846	4.755436e+15	4.002678e+01	3.478848e+01	1.356914e+16
8847	4.755651e+15	4.153265e+01	3.752474e+01	2.182955e+16
8848	4.755861e+15	5.938310e+01	3.659627e+01	1.153589e+16
8849	4.756069e+15	6.125621e+01	3.456438e+01	1.331171e+16
8850	4.756279e+15	5.813960e+01	3.529456e+01	2.094613e+16
8851	4.756488e+15	6.513518e+01	3.404892e+01	1.944255e+16
8852	4.756700e+15	6.006731e+01	3.448774e+01	1.237753e+16
8853	4.756913e+15	5.342981e+01	3.604919e+01	9.187699e+15
8854	4.757126e+15	6.075182e+01	3.705904e+01	1.563608e+16
8855	4.757332e+15	6.319574e+01	3.488325e+01	1.324037e+16
8856	4.757543e+15	7.372714e+01	3.554610e+01	2.430633e+16
8857	4.757756e+15	6.543625e+01	3.561172e+01	1.181825e+16
8858	4.757967e+15	4.358344e+01	3.229746e+01	2.433683e+16
8859	4.758190e+15	5.390090e+01	3.543853e+01	2.340175e+16
8860	4.758411e+15	6.115975e+01	3.478308e+01	1.100213e+16
8861	4.758637e+15	6.134997e+01	3.608565e+01	1.147734e+16
8862	4.758862e+15	5.859005e+01	3.614623e+01	2.527276e+16
8863	4.759089e+15	5.801398e+01	3.667741e+01	1.589137e+16
8864	4.759314e+15	5.821313e+01	3.732401e+01	1.628600e+16
8865	4.759531e+15	4.806646e+01	3.356815e+01	8.941905e+15
8866	4.759755e+15	4.377549e+01	3.356640e+01	1.019687e+16
8867	4.759984e+15	4.765648e+01	3.569618e+01	1.608035e+16
8868	4.760210e+15	4.629092e+01	3.464796e+01	1.709894e+16
8869	4.760437e+15	5.060515e+01	3.554583e+01	1.618135e+16
8870	4.760661e+15	4.610265e+01	3.485767e+01	1.405800e+16
8871	4.760885e+15	4.935890e+01	3.396208e+01	1.018550e+16
8872	4.761110e+15	5.131145e+01	3.141360e+01	1.149670e+16
8873	4.761337e+15	4.633510e+01	3.135541e+01	2.441681e+16
8874	4.761569e+15	4.801748e+01	3.277915e+01	1.546633e+16
8875	4.761799e+15	5.678232e+01	3.274927e+01	2.237556e+16
8876	4.762030e+15	5.202693e+01	3.317093e+01	1.695498e+16
8877	4.762261e+15	5.961114e+01	3.541429e+01	1.238144e+16
8878	4.762486e+15	5.131298e+01	3.382036e+01	2.389982e+16
8879	4.762713e+15	4.896090e+01	3.601675e+01	1.463516e+16
8880	4.762933e+15	4.941139e+01	3.395767e+01	2.766785e+16
8881	4.763150e+15	5.418186e+01	3.453077e+01	1.321632e+16
8882	4.763365e+15	5.690586e+01	3.566138e+01	1.083939e+16
8883	4.763574e+15	5.788737e+01	3.501512e+01	9.071517e+15
8884	4.763784e+15	6.463929e+01	3.536670e+01	2.218003e+16
8885	4.763993e+15	5.466699e+01	3.428545e+01	6.074040e+15
8886	4.764204e+15	4.788200e+01	3.478406e+01	2.361562e+16
8887	4.764418e+15	4.691623e+01	3.514056e+01	1.673453e+16
8888	4.764626e+15	5.465616e+01	3.495005e+01	9.400230e+15
8889	4.764832e+15	6.020356e+01	3.624043e+01	7.322332e+15
8890	4.765032e+15	7.040628e+01	3.557176e+01	1.720035e+16
8891	4.765234e+15	6.646069e+01	3.631877e+01	4.053797e+15
8892	4.765434e+15	6.082980e+01	3.540998e+01	1.232952e+16
8893	4.765638e+15	6.101057e+01	3.396502e+01	8.459426e+15
8894	4.765845e+15	5.480428e+01	3.385846e+01	1.387417e+16
8895	4.766060e+15	4.847697e+01	3.586275e+01	1.012932e+16
8896	4.766274e+15	4.862424e+01	3.496386e+01	8.024096e+15
8897	4.766492e+15	4.377726e+01	3.691589e+01	1.269939e+16
8898	4.766708e+15	3.889239e+01	3.711549e+01	1.117595e+16
8899	4.766923e+15	4.048352e+01	3.732411e+01	5.295058e+15
8900	4.767132e+15	3.519980e+01	3.242864e+01	1.499405e+16
8901	4.767352e+15	4.222617e+01	3.650738e+01	1.786882e+16
8902	4.767565e+15	5.734630e+01	3.610897e+01	1.248172e+16
8903	4.767771e+15	5.703608e+01	3.498016e+01	1.423461e+16
8904	4.767975e+15	6.461127e+01	3.582028e+01	1.620959e+16
8905	4.768175e+15	7.038292e+01	3.525590e+01	1.886434e+16
8906	4.768377e+15	6.486692e+01	3.622570e+01	4.491929e+15
8907	4.768578e+15	5.136380e+01	3.498495e+01	1.246508e+16
8908	4.768781e+15	6.156379e+01	3.580617e+01	1.036257e+16
8909	4.768980e+15	5.363875e+01	3.355602e+01	1.862988e+16
8910	4.769188e+15	5.501627e+01	3.717368e+01	2.032387e+16
8911	4.769391e+15	6.397648e+01	3.390795e+01	9.591578e+15
8912	4.769598e+15	5.929877e+01	3.423906e+01	1.859308e+16
8913	4.769806e+15	5.302155e+01	3.385629e+01	7.603392e+15
8914	4.770017e+15	5.557298e+01	3.319511e+01	1.332837e+16
8915	4.770230e+15	6.477213e+01	3.431909e+01	1.266948e+16
8916	4.770441e+15	6.317524e+01	3.476228e+01	1.553725e+16
8917	4.770648e+15	5.974928e+01	3.339045e+01	1.118385e+16
8918	4.770858e+15	6.861809e+01	3.397524e+01	9.448779e+15
8919	4.771069e+15	6.758291e+01	3.513010e+01	1.707339e+16
8920	4.771274e+15	6.283632e+01	3.217120e+01	1.399236e+16
8921	4.771487e+15	6.046220e+01	3.369397e+01	1.820572e+16
8922	4.771702e+15	6.639227e+01	3.441385e+01	2.038354e+16
8923	4.771914e+15	6.827488e+01	3.476915e+01	9.468070e+15
8924	4.772123e+15	7.470541e+01	3.526123e+01	1.655677e+16
8925	4.772328e+15	7.545923e+01	3.437937e+01	1.401146e+16
8926	4.772534e+15	7.854603e+01	3.412967e+01	1.272984e+16
8927	4.772742e+15	7.174552e+01	3.369786e+01	1.843265e+16
8928	4.772953e+15	6.580656e+01	3.395065e+01	1.063459e+16
8929	4.773163e+15	6.131433e+01	3.308088e+01	1.732693e+16
8930	4.773374e+15	5.930909e+01	3.396153e+01	1.441299e+16
8931	4.773582e+15	6.166847e+01	3.191965e+01	1.102779e+16
8932	4.773791e+15	6.459531e+01	3.342424e+01	1.399862e+16
8933	4.774001e+15	6.473747e+01	3.403190e+01	1.276243e+16
8934	4.774207e+15	6.305396e+01	3.402148e+01	1.481263e+16
8935	4.774412e+15	6.419015e+01	3.263485e+01	1.379400e+16
8936	4.774620e+15	6.710846e+01	3.089985e+01	1.062663e+16
8937	4.774836e+15	6.123632e+01	3.378714e+01	1.231008e+16
8938	4.775049e+15	4.884667e+01	3.152056e+01	1.353935e+16
8939	4.775268e+15	5.012345e+01	3.244899e+01	8.704358e+15
8940	4.775494e+15	4.714318e+01	3.344524e+01	8.495457e+15
8941	4.775722e+15	5.238027e+01	3.144119e+01	1.195206e+16
8942	4.775958e+15	5.291103e+01	3.282275e+01	2.038187e+16
8943	4.776202e+15	5.810676e+01	3.573863e+01	9.830050e+15
8944	4.776436e+15	6.239441e+01	3.362778e+01	1.163575e+16
8945	4.776671e+15	5.928412e+01	3.399443e+01	1.115581e+16
8946	4.776908e+15	5.878138e+01	3.496655e+01	1.643587e+16
8947	4.777139e+15	5.011538e+01	3.456496e+01	1.413968e+16
8948	4.777369e+15	5.596068e+01	3.523727e+01	1.181016e+16
8949	4.777596e+15	6.443058e+01	3.332720e+01	1.207785e+16
8950	4.777823e+15	5.951421e+01	3.252747e+01	1.099069e+16
8951	4.778057e+15	5.226442e+01	3.290423e+01	6.028094e+15
8952	4.778295e+15	4.472129e+01	3.526053e+01	1.108886e+16
8953	4.778523e+15	4.388433e+01	3.255106e+01	5.878813e+15
8954	4.778754e+15	4.076172e+01	3.238476e+01	1.134404e+16
8955	4.778987e+15	3.755447e+01	3.235561e+01	9.255643e+15
8956	4.779221e+15	4.407815e+01	3.350841e+01	9.446426e+15
8957	4.779449e+15	5.078705e+01	3.239490e+01	1.353097e+16
8958	4.779677e+15	4.943393e+01	3.272519e+01	8.713212e+15
8959	4.779905e+15	5.173336e+01	3.355658e+01	1.317030e+16
8960	4.780132e+15	5.665554e+01	3.305278e+01	1.230069e+16
8961	4.780361e+15	5.801510e+01	3.406601e+01	1.959078e+16
8962	4.780587e+15	5.938806e+01	3.417002e+01	1.133727e+16
8963	4.780812e+15	5.656062e+01	3.299743e+01	7.525168e+15
8964	4.781040e+15	5.824511e+01	3.406694e+01	8.794818e+15
8965	4.781267e+15	6.232976e+01	3.348979e+01	6.682893e+15
8966	4.781494e+15	5.613868e+01	3.300281e+01	1.198386e+16
8967	4.781724e+15	5.485691e+01	3.452370e+01	1.345550e+16
8968	4.781951e+15	5.465671e+01	3.326485e+01	1.199923e+16
8969	4.782178e+15	5.641458e+01	3.288499e+01	1.226574e+16
8970	4.782405e+15	5.121979e+01	3.272442e+01	1.328249e+16
8971	4.782634e+15	5.341418e+01	3.235324e+01	1.540290e+16
8972	4.782869e+15	5.009289e+01	3.454768e+01	1.199089e+16
8973	4.783102e+15	5.586456e+01	3.448073e+01	1.674879e+16
8974	4.783333e+15	5.848407e+01	3.415287e+01	1.704683e+16
8975	4.783563e+15	5.121242e+01	3.545595e+01	1.448602e+16
8976	4.783790e+15	5.136032e+01	3.695450e+01	1.105455e+16
8977	4.784009e+15	5.716994e+01	3.611103e+01	9.039563e+15
8978	4.784224e+15	5.921832e+01	3.607227e+01	1.349294e+16
8979	4.784436e+15	6.693834e+01	3.570548e+01	2.337308e+16
8980	4.784646e+15	7.460397e+01	3.572839e+01	9.985219e+15
8981	4.784855e+15	6.194246e+01	3.427373e+01	1.253563e+16
8982	4.785069e+15	5.496962e+01	3.422584e+01	1.442515e+16
8983	4.785285e+15	6.438374e+01	3.673268e+01	1.064278e+16
8984	4.785492e+15	7.538114e+01	3.435451e+01	1.488088e+16
8985	4.785699e+15	7.549847e+01	3.400574e+01	1.507470e+16
8986	4.785907e+15	6.220629e+01	3.320246e+01	1.540232e+16
8987	4.786120e+15	5.501741e+01	3.502207e+01	1.181890e+16
8988	4.786330e+15	4.768794e+01	3.355768e+01	9.927335e+15
8989	4.786544e+15	4.856640e+01	3.484627e+01	1.123293e+16
8990	4.786758e+15	5.556015e+01	3.481752e+01	1.273314e+16
8991	4.786970e+15	5.729606e+01	3.294490e+01	1.263888e+16
8992	4.787190e+15	5.690813e+01	3.526500e+01	1.426887e+16
8993	4.787407e+15	6.705545e+01	3.382234e+01	8.888813e+15
8994	4.787626e+15	7.184859e+01	3.482630e+01	1.779389e+16
8995	4.787842e+15	6.556315e+01	3.598891e+01	2.243777e+16
8996	4.788053e+15	5.838870e+01	3.483032e+01	1.114686e+16
8997	4.788269e+15	5.344469e+01	3.582965e+01	1.718357e+16
8998	4.788484e+15	5.739651e+01	3.613616e+01	2.161022e+16
8999	4.788699e+15	6.304718e+01	3.608763e+01	1.665017e+16
9000	4.788913e+15	6.422310e+01	3.619982e+01	2.164003e+16
9001	4.789132e+15	6.101847e+01	3.739744e+01	1.005364e+16
9002	4.789351e+15	5.537044e+01	3.579634e+01	1.977957e+16
9003	4.789577e+15	5.093034e+01	3.615714e+01	8.884065e+15
9004	4.789806e+15	5.554095e+01	3.587778e+01	1.012858e+16
9005	4.790031e+15	5.821486e+01	3.433323e+01	2.361263e+16
9006	4.790261e+15	6.645234e+01	3.461144e+01	6.651653e+15
9007	4.790493e+15	6.753368e+01	3.623223e+01	1.691066e+16
9008	4.790721e+15	6.060897e+01	3.610666e+01	2.024717e+16
9009	4.790946e+15	5.544694e+01	3.378428e+01	9.295422e+15
9010	4.791178e+15	5.635723e+01	3.697174e+01	1.246754e+16
9011	4.791398e+15	5.497788e+01	3.506273e+01	2.085789e+16
9012	4.791615e+15	5.942129e+01	3.561326e+01	1.013185e+16
9013	4.791827e+15	7.533944e+01	3.528864e+01	9.863922e+15
9014	4.792038e+15	8.224225e+01	3.636248e+01	1.263652e+16
9015	4.792243e+15	7.288572e+01	3.515747e+01	2.044108e+16
9016	4.792449e+15	6.452907e+01	3.524956e+01	1.560016e+16
9017	4.792656e+15	6.196758e+01	3.531858e+01	7.634299e+15
9018	4.792863e+15	6.336689e+01	3.612920e+01	1.543611e+16
9019	4.793068e+15	6.465626e+01	3.700922e+01	9.327218e+15
9020	4.793270e+15	6.289450e+01	3.466642e+01	1.673807e+16
9021	4.793480e+15	6.231785e+01	3.713249e+01	1.215180e+16
9022	4.793685e+15	6.176563e+01	3.571876e+01	2.115288e+16
9023	4.793892e+15	6.052236e+01	3.629964e+01	1.381123e+16
9024	4.794100e+15	6.395918e+01	3.558210e+01	1.541781e+16
9025	4.794309e+15	6.467432e+01	3.596811e+01	9.053030e+15
9026	4.794518e+15	6.164943e+01	3.596395e+01	1.086350e+16
9027	4.794727e+15	6.297708e+01	3.491123e+01	1.423625e+16
9028	4.794941e+15	5.658219e+01	3.708636e+01	1.165285e+16
9029	4.795153e+15	5.613193e+01	3.779414e+01	2.222092e+16
9030	4.795360e+15	5.662113e+01	3.630345e+01	1.837365e+16
9031	4.795571e+15	5.864256e+01	3.760254e+01	1.568849e+16
9032	4.795781e+15	4.751958e+01	3.647317e+01	1.617674e+16
9033	4.795993e+15	5.825173e+01	3.792839e+01	1.294676e+16
9034	4.796201e+15	6.304059e+01	3.644336e+01	1.359820e+16
9035	4.796412e+15	5.904992e+01	3.770566e+01	1.815319e+16
9036	4.796617e+15	5.629668e+01	3.647906e+01	6.566539e+15
9037	4.796823e+15	6.217875e+01	3.664557e+01	1.192086e+16
9038	4.797030e+15	5.696676e+01	3.689333e+01	1.296656e+16
9039	4.797235e+15	6.032426e+01	3.711639e+01	8.973304e+15
9040	4.797438e+15	6.554176e+01	3.689273e+01	1.159543e+16
9041	4.797641e+15	6.757893e+01	3.707677e+01	1.112147e+16
9042	4.797842e+15	7.683023e+01	3.766150e+01	1.348706e+16
9043	4.798039e+15	7.290805e+01	3.642715e+01	1.251727e+16
9044	4.798237e+15	6.685074e+01	3.650887e+01	1.601907e+16
9045	4.798436e+15	6.859964e+01	3.725760e+01	1.656360e+16
9046	4.798634e+15	6.261495e+01	3.499953e+01	1.486614e+16
9047	4.798839e+15	5.627031e+01	3.651405e+01	6.553405e+15
9048	4.799043e+15	6.546252e+01	3.609871e+01	1.795565e+16
9049	4.799247e+15	6.839287e+01	3.768224e+01	1.718326e+16
9050	4.799449e+15	6.315086e+01	3.721999e+01	1.412047e+16
9051	4.799649e+15	7.199235e+01	3.640325e+01	1.129285e+16
9052	4.799850e+15	6.965115e+01	3.631212e+01	1.447007e+16
9053	4.800048e+15	6.530771e+01	3.653120e+01	1.212631e+16
9054	4.800240e+15	6.936071e+01	3.638002e+01	6.769533e+15
9055	4.800427e+15	7.624322e+01	3.582390e+01	1.043898e+16
9056	4.800611e+15	7.305140e+01	3.538459e+01	2.306859e+16
9057	4.800796e+15	7.611512e+01	3.557395e+01	1.398315e+16
9058	4.800982e+15	7.028682e+01	3.561182e+01	6.440512e+15
9059	4.801168e+15	6.816320e+01	3.735928e+01	1.145981e+16
9060	4.801350e+15	7.766913e+01	3.666621e+01	1.230003e+16
9061	4.801533e+15	7.656301e+01	3.691739e+01	1.426625e+16
9062	4.801715e+15	5.535758e+01	3.397792e+01	1.832448e+16
9063	4.801910e+15	6.309369e+01	3.765454e+01	1.645299e+16
9064	4.802102e+15	6.309375e+01	3.529996e+01	8.018445e+15
9065	4.802298e+15	4.610412e+01	3.457753e+01	1.775823e+16
9066	4.802499e+15	5.284459e+01	3.575251e+01	1.608893e+16
9067	4.802702e+15	5.840542e+01	3.268045e+01	1.217461e+16
9068	4.802920e+15	6.150144e+01	3.678105e+01	2.577159e+16
9069	4.803132e+15	5.923953e+01	3.484236e+01	1.598853e+16
9070	4.803348e+15	4.871698e+01	3.374027e+01	9.854962e+15
9071	4.803573e+15	4.481668e+01	3.557514e+01	9.732489e+15
9072	4.803794e+15	5.658783e+01	3.646817e+01	1.795336e+16
9073	4.804002e+15	4.282982e+01	3.137317e+01	6.702960e+15
9074	4.804220e+15	5.563189e+01	3.618137e+01	1.003060e+16
9075	4.804427e+15	5.538991e+01	3.401132e+01	1.638405e+16
9076	4.804635e+15	6.264605e+01	3.571853e+01	1.205532e+16
9077	4.804838e+15	6.012618e+01	3.248309e+01	1.140859e+16
9078	4.805048e+15	6.161684e+01	3.484575e+01	2.063034e+16
9079	4.805255e+15	7.854793e+01	3.471830e+01	1.364312e+16
9080	4.805462e+15	8.086010e+01	3.432641e+01	1.771618e+16
9081	4.805671e+15	7.391478e+01	3.959460e+01	1.809588e+16
9082	4.805867e+15	7.470037e+01	3.671561e+01	1.669463e+16
9083	4.806065e+15	8.028639e+01	3.775371e+01	1.213939e+16
9084	4.806258e+15	7.717753e+01	3.757109e+01	1.745716e+16
9085	4.806447e+15	6.531267e+01	3.697575e+01	1.662765e+16
9086	4.806635e+15	7.418518e+01	3.680368e+01	1.700000e+16
9087	4.806822e+15	8.480097e+01	3.668361e+01	6.395242e+15
9088	4.807007e+15	8.283665e+01	3.438117e+01	8.102009e+15
9089	4.807195e+15	8.574510e+01	3.640768e+01	7.241163e+15
9090	4.807377e+15	6.637756e+01	3.434092e+01	1.698779e+16
9091	4.807565e+15	5.661474e+01	3.549538e+01	1.184382e+16
9092	4.807754e+15	5.639981e+01	3.469956e+01	1.091825e+16
9093	4.807948e+15	5.584716e+01	3.418779e+01	8.432366e+15
9094	4.808150e+15	5.802384e+01	3.547679e+01	1.610934e+16
9095	4.808355e+15	5.953559e+01	3.686482e+01	1.412022e+16
9096	4.808556e+15	6.020963e+01	3.385817e+01	1.090797e+16
9097	4.808765e+15	5.913994e+01	3.588676e+01	6.102408e+15
9098	4.808974e+15	5.626082e+01	3.434612e+01	1.794705e+16
9099	4.809190e+15	5.236031e+01	3.600965e+01	1.016025e+16
9100	4.809406e+15	4.790997e+01	3.542409e+01	1.251332e+16
9101	4.809624e+15	4.372152e+01	3.577471e+01	1.515004e+16
9102	4.809844e+15	5.481689e+01	3.815616e+01	1.414357e+16
9103	4.810055e+15	7.983475e+01	3.586396e+01	9.911374e+15
9104	4.810269e+15	8.058695e+01	3.894484e+01	1.197627e+16
9105	4.810469e+15	5.279751e+01	3.402047e+01	1.062144e+16
9106	4.810680e+15	4.950658e+01	3.595702e+01	2.172867e+16
9107	4.810890e+15	5.089793e+01	3.630513e+01	2.261949e+16
9108	4.811099e+15	5.295117e+01	3.665622e+01	1.105434e+16
9109	4.811308e+15	4.657245e+01	3.694849e+01	1.075731e+16
9110	4.811516e+15	5.691641e+01	3.887601e+01	1.902952e+16
9111	4.811719e+15	5.768991e+01	3.704426e+01	1.875846e+16
9112	4.811926e+15	6.286958e+01	3.639904e+01	1.414994e+16
9113	4.812138e+15	6.618026e+01	3.693405e+01	1.144542e+16
9114	4.812353e+15	5.662823e+01	3.834143e+01	2.094684e+16
9115	4.812565e+15	6.459271e+01	4.015309e+01	1.993256e+16
9116	4.812768e+15	6.504191e+01	3.648315e+01	9.469619e+15
9117	4.812976e+15	5.544291e+01	3.609587e+01	7.032372e+15
9118	4.813188e+15	6.570173e+01	3.627065e+01	7.793902e+15
9119	4.813399e+15	6.392689e+01	3.440930e+01	1.346546e+16
9120	4.813616e+15	6.026411e+01	3.468486e+01	1.333642e+16
9121	4.813831e+15	5.549741e+01	3.262373e+01	1.704173e+16
9122	4.814055e+15	5.739773e+01	3.658600e+01	5.414703e+15
9123	4.814270e+15	6.618963e+01	3.482584e+01	1.562764e+16
9124	4.814483e+15	7.408775e+01	3.638416e+01	9.254773e+15
9125	4.814689e+15	6.356185e+01	3.537073e+01	1.432425e+16
9126	4.814895e+15	6.454480e+01	3.768681e+01	1.957264e+16
9127	4.815096e+15	7.284828e+01	3.779506e+01	1.552449e+16
9128	4.815293e+15	7.414563e+01	3.725140e+01	6.375112e+15
9129	4.815488e+15	8.283723e+01	3.843500e+01	7.888197e+15
9130	4.815679e+15	7.718700e+01	3.812396e+01	9.906827e+15
9131	4.815865e+15	6.089590e+01	3.589467e+01	1.120493e+16
9132	4.816055e+15	5.674067e+01	3.631777e+01	7.379524e+15
9133	4.816247e+15	6.782490e+01	3.740230e+01	6.346938e+15
9134	4.816436e+15	6.168866e+01	3.522556e+01	1.074831e+16
9135	4.816629e+15	6.797317e+01	3.572219e+01	1.140835e+16
9136	4.816818e+15	6.789363e+01	3.332243e+01	1.281789e+16
9137	4.817013e+15	6.294474e+01	3.253402e+01	1.194498e+16
9138	4.817213e+15	6.187827e+01	3.453939e+01	1.694828e+16
9139	4.817413e+15	5.108577e+01	3.275438e+01	1.004613e+16
9140	4.817622e+15	4.592428e+01	3.421467e+01	1.313364e+16
9141	4.817832e+15	5.677515e+01	3.362490e+01	1.964532e+16
9142	4.818049e+15	6.047377e+01	3.632456e+01	1.259199e+16
9143	4.818259e+15	5.956075e+01	3.818564e+01	6.809243e+15
9144	4.818458e+15	7.338386e+01	3.529830e+01	1.595217e+16
9145	4.818655e+15	8.828452e+01	3.645793e+01	1.434718e+16
9146	4.818846e+15	8.366034e+01	3.542649e+01	1.131367e+16
9147	4.819033e+15	6.878245e+01	3.380981e+01	1.070913e+16
9148	4.819223e+15	6.366953e+01	3.558509e+01	1.309784e+16
9149	4.819410e+15	5.932591e+01	3.467175e+01	1.658449e+16
9150	4.819594e+15	6.266775e+01	3.448918e+01	6.940608e+15
9151	4.819779e+15	6.671676e+01	3.355589e+01	1.185578e+16
9152	4.819967e+15	7.202350e+01	3.466227e+01	1.037848e+16
9153	4.820153e+15	7.149401e+01	3.392436e+01	3.426758e+15
9154	4.820341e+15	5.996211e+01	3.430956e+01	2.936659e+15
9155	4.820536e+15	6.156026e+01	3.655840e+01	6.191878e+15
9156	4.820734e+15	6.089254e+01	3.731686e+01	1.356717e+16
9157	4.820933e+15	5.474532e+01	3.851264e+01	1.549746e+16
9158	4.821132e+15	5.046236e+01	3.679013e+01	4.467467e+15
9159	4.821335e+15	4.963459e+01	3.669034e+01	5.439211e+15
9160	4.821544e+15	5.236951e+01	3.598406e+01	9.374067e+15
9161	4.821758e+15	5.758274e+01	3.763257e+01	1.663249e+16
9162	4.821971e+15	5.099657e+01	3.534343e+01	1.459995e+16
9163	4.822189e+15	4.874743e+01	3.388141e+01	1.717713e+16
9164	4.822418e+15	5.004968e+01	3.473131e+01	1.154785e+16
9165	4.822652e+15	5.434546e+01	3.590928e+01	9.936214e+15
9166	4.822884e+15	4.955964e+01	3.793855e+01	1.731592e+16
9167	4.823104e+15	5.324856e+01	3.764032e+01	2.576392e+16
9168	4.823314e+15	6.172056e+01	3.714822e+01	2.554231e+16
9169	4.823518e+15	6.604458e+01	3.517095e+01	1.944140e+16
9170	4.823725e+15	7.747028e+01	3.700649e+01	2.342019e+16
9171	4.823926e+15	7.487057e+01	3.655118e+01	2.813604e+16
9172	4.824126e+15	6.944018e+01	3.677885e+01	1.165371e+16
9173	4.824328e+15	6.183432e+01	3.543979e+01	9.477523e+15
9174	4.824534e+15	6.057551e+01	3.731323e+01	2.477792e+16
9175	4.824742e+15	7.524511e+01	4.763523e+01	1.097169e+16
9176	4.824910e+15	6.192730e+01	4.329059e+01	1.859271e+16
9177	4.825071e+15	6.547372e+01	4.491227e+01	1.266118e+16
9178	4.825221e+15	6.682420e+01	4.443810e+01	1.089317e+16
9179	4.825364e+15	6.570394e+01	4.297800e+01	6.529160e+15
9180	4.825503e+15	7.904970e+01	4.343962e+01	1.006592e+16
9181	4.825636e+15	1.037838e+02	4.161782e+01	9.187242e+15
9182	4.825767e+15	1.085740e+02	4.080814e+01	5.657618e+15
9183	4.825896e+15	1.082510e+02	4.057652e+01	1.096318e+16
9184	4.826023e+15	1.194686e+02	3.887079e+01	9.836961e+15
9185	4.826151e+15	1.059349e+02	3.825076e+01	6.566235e+15
9186	4.826283e+15	9.955165e+01	3.773797e+01	7.811193e+15
9187	4.826418e+15	8.774237e+01	3.708198e+01	9.944575e+15
9188	4.826557e+15	6.233580e+01	3.333443e+01	8.462443e+15
9189	4.826709e+15	5.076970e+01	3.530248e+01	1.342501e+16
9190	4.826869e+15	5.226764e+01	3.113366e+01	7.336468e+15
9191	4.827050e+15	4.509955e+01	3.044470e+01	5.707730e+15
9192	4.827259e+15	7.450173e+01	5.375242e+01	1.926638e+16
9193	4.827413e+15	8.556630e+01	3.384979e+01	1.015092e+16
9194	4.827577e+15	8.064827e+01	3.695682e+01	4.643439e+15
9195	4.827739e+15	6.173553e+01	3.443443e+01	1.348205e+16
9196	4.827912e+15	5.499218e+01	3.411598e+01	1.444158e+16
9197	4.828096e+15	5.365218e+01	3.339452e+01	8.407638e+15
9198	4.828296e+15	5.432380e+01	3.507807e+01	8.833903e+15
9199	4.828507e+15	5.223239e+01	3.513217e+01	6.160128e+15
9200	4.828730e+15	4.841636e+01	3.650751e+01	1.084662e+16
9201	4.828955e+15	5.204795e+01	3.714504e+01	1.441815e+16
9202	4.829182e+15	4.949136e+01	3.648600e+01	1.317305e+16
9203	4.829412e+15	5.128611e+01	3.769452e+01	1.205375e+16
9204	4.829637e+15	4.842647e+01	3.698353e+01	1.548263e+16
9205	4.829863e+15	4.549556e+01	3.701268e+01	1.071567e+16
9206	4.830087e+15	5.247099e+01	3.772711e+01	9.456554e+15
9207	4.830307e+15	5.362476e+01	3.806177e+01	3.817270e+15
9208	4.830522e+15	5.139563e+01	3.880085e+01	1.200965e+16
9209	4.830731e+15	5.491140e+01	3.867246e+01	5.822218e+15
9210	4.830936e+15	6.610405e+01	3.807158e+01	8.588911e+15
9211	4.831137e+15	7.173933e+01	3.895169e+01	8.425930e+15
9212	4.831335e+15	6.788285e+01	3.908754e+01	1.420201e+16
9213	4.831532e+15	7.210068e+01	4.023133e+01	2.012246e+16
9214	4.831723e+15	7.274616e+01	3.902298e+01	1.366594e+16
9215	4.831914e+15	6.340128e+01	3.668553e+01	1.299641e+16
9216	4.832107e+15	6.154012e+01	3.719985e+01	7.904736e+15
9217	4.832301e+15	5.827800e+01	3.761738e+01	7.720757e+15
9218	4.832495e+15	6.203353e+01	3.706781e+01	1.036741e+16
9219	4.832691e+15	6.089397e+01	3.568121e+01	1.530825e+16
9220	4.832890e+15	6.122382e+01	3.602349e+01	9.022294e+15
9221	4.833092e+15	5.468212e+01	3.474973e+01	9.705404e+15
9222	4.833304e+15	5.001749e+01	3.683097e+01	1.432025e+16
9223	4.833517e+15	5.604867e+01	3.659399e+01	2.539383e+16
9224	4.833738e+15	4.860976e+01	3.778950e+01	8.545351e+15
9225	4.833959e+15	3.746369e+01	3.539508e+01	1.414004e+16
9226	4.834186e+15	3.150452e+01	3.622794e+01	1.732543e+16
9227	4.834420e+15	3.909282e+01	4.056025e+01	5.143364e+15
9228	4.834639e+15	3.971452e+01	3.654841e+01	1.493705e+16
9229	4.834860e+15	5.176748e+01	3.915917e+01	3.535851e+15
9230	4.835072e+15	6.859661e+01	3.730766e+01	6.473296e+15
9231	4.835283e+15	7.419056e+01	3.839564e+01	1.058325e+16
9232	4.835488e+15	6.567129e+01	3.767308e+01	4.650736e+15
9233	4.835688e+15	6.045462e+01	3.664205e+01	8.530928e+15
9234	4.835888e+15	5.855983e+01	3.707791e+01	1.179947e+16
9235	4.836085e+15	7.040692e+01	3.687711e+01	1.382419e+16
9236	4.836281e+15	7.143041e+01	3.594244e+01	1.181208e+16
9237	4.836475e+15	5.722709e+01	3.509254e+01	1.246892e+16
9238	4.836676e+15	6.459668e+01	3.695102e+01	1.743373e+16
9239	4.836875e+15	5.949048e+01	3.512705e+01	1.442071e+16
9240	4.837079e+15	5.036929e+01	3.637106e+01	1.010402e+16
9241	4.837283e+15	5.189211e+01	3.500119e+01	1.279356e+16
9242	4.837488e+15	4.973292e+01	3.356684e+01	1.911510e+16
9243	4.837705e+15	6.088745e+01	3.733469e+01	1.768491e+16
9244	4.837919e+15	7.592131e+01	3.552845e+01	1.902177e+16
9245	4.838141e+15	6.831591e+01	3.737747e+01	1.256664e+16
9246	4.838361e+15	5.742172e+01	3.628333e+01	1.683481e+16
9247	4.838582e+15	5.458907e+01	3.602224e+01	7.102633e+15
9248	4.838804e+15	5.851584e+01	3.673305e+01	1.282506e+16
9249	4.839027e+15	5.493418e+01	3.850187e+01	1.390622e+16
9250	4.839243e+15	4.968373e+01	3.565772e+01	1.247564e+16
9251	4.839462e+15	5.224651e+01	3.513936e+01	1.102341e+16
9252	4.839686e+15	5.732267e+01	3.780370e+01	1.155286e+16
9253	4.839907e+15	7.408528e+01	3.659579e+01	1.693474e+16
9254	4.840130e+15	7.180752e+01	3.795027e+01	1.627609e+16
9255	4.840346e+15	5.859094e+01	3.589093e+01	1.000909e+16
9256	4.840567e+15	6.812115e+01	3.862440e+01	1.078037e+16
9257	4.840780e+15	6.550165e+01	3.699152e+01	5.336572e+15
9258	4.840991e+15	5.842811e+01	3.660874e+01	1.397785e+16
9259	4.841200e+15	7.046018e+01	3.776111e+01	1.068357e+16
9260	4.841403e+15	7.331882e+01	3.665697e+01	1.313866e+16
9261	4.841605e+15	7.357328e+01	3.639901e+01	1.687178e+16
9262	4.841807e+15	6.960799e+01	3.750222e+01	1.725346e+16
9263	4.842007e+15	6.152957e+01	3.624130e+01	7.990382e+15
9264	4.842209e+15	6.766690e+01	3.648060e+01	1.684207e+16
9265	4.842411e+15	5.784661e+01	3.571576e+01	1.115730e+16
9266	4.842615e+15	5.118337e+01	3.440551e+01	1.835530e+16
9267	4.842827e+15	4.800665e+01	3.530313e+01	1.897461e+16
9268	4.843042e+15	5.371869e+01	3.427489e+01	8.983186e+15
9269	4.843265e+15	5.232846e+01	3.546470e+01	1.284058e+16
9270	4.843488e+15	4.880343e+01	3.367580e+01	7.926908e+15
9271	4.843721e+15	4.449668e+01	3.433278e+01	1.347938e+16
9272	4.843958e+15	5.465548e+01	3.423257e+01	2.299364e+16
9273	4.844193e+15	5.003172e+01	3.396480e+01	1.788552e+16
9274	4.844426e+15	5.321758e+01	3.457397e+01	1.546046e+16
9275	4.844656e+15	5.639256e+01	3.409393e+01	2.080687e+16
9276	4.844885e+15	4.865205e+01	3.257972e+01	1.597252e+16
9277	4.845117e+15	5.379330e+01	3.336334e+01	9.720296e+15
9278	4.845346e+15	5.533733e+01	3.326395e+01	1.114234e+16
9279	4.845571e+15	5.506812e+01	3.310249e+01	6.508998e+15
9280	4.845796e+15	5.774262e+01	3.451526e+01	4.419142e+15
9281	4.846013e+15	5.856878e+01	3.308001e+01	1.407094e+16
9282	4.846230e+15	4.827189e+01	3.229711e+01	1.047894e+16
9283	4.846452e+15	5.818004e+01	3.410454e+01	1.133993e+16
9284	4.846669e+15	6.087597e+01	3.525708e+01	1.457207e+16
9285	4.846875e+15	5.652341e+01	3.190521e+01	5.034496e+15
9286	4.847085e+15	6.431104e+01	3.215275e+01	1.599774e+16
9287	4.847298e+15	5.747401e+01	3.358184e+01	8.640763e+15
9288	4.847509e+15	4.911996e+01	3.309526e+01	1.354274e+16
9289	4.847721e+15	5.439272e+01	3.428367e+01	3.916498e+15
9290	4.847932e+15	5.760732e+01	3.271866e+01	7.723531e+15
9291	4.848147e+15	5.356550e+01	3.285321e+01	1.091110e+16
9292	4.848367e+15	5.453380e+01	3.442562e+01	9.413360e+15
9293	4.848584e+15	5.918971e+01	3.215388e+01	1.900314e+16
9294	4.848803e+15	6.099834e+01	3.265967e+01	1.531210e+16
9295	4.849022e+15	5.252582e+01	3.285529e+01	1.755559e+16
9296	4.849245e+15	5.257153e+01	3.510376e+01	1.053772e+16
9297	4.849463e+15	5.892121e+01	3.387756e+01	1.152430e+16
9298	4.849678e+15	5.889538e+01	3.322868e+01	1.351237e+16
9299	4.849895e+15	6.654684e+01	3.387311e+01	7.453952e+15
9300	4.850114e+15	6.868849e+01	3.617507e+01	1.353009e+16
9301	4.850323e+15	5.196284e+01	3.191772e+01	1.277805e+16
9302	4.850542e+15	4.801856e+01	3.423432e+01	7.659782e+15
9303	4.850758e+15	5.787786e+01	3.385284e+01	1.019894e+16
9304	4.850976e+15	5.412551e+01	3.327262e+01	6.312931e+15
9305	4.851196e+15	6.006899e+01	3.550978e+01	1.006452e+16
9306	4.851407e+15	6.196767e+01	3.213735e+01	9.121373e+15
9307	4.851627e+15	5.633827e+01	3.291453e+01	8.416777e+15
9308	4.851847e+15	5.164266e+01	3.272946e+01	7.159950e+15
9309	4.852070e+15	5.575489e+01	3.438565e+01	8.952460e+15
9310	4.852286e+15	5.537304e+01	3.483088e+01	1.257444e+16
9311	4.852495e+15	5.618947e+01	3.450709e+01	1.197636e+16
9312	4.852701e+15	6.567133e+01	3.400655e+01	1.371362e+16
9313	4.852904e+15	7.173535e+01	3.571420e+01	1.099541e+16
9314	4.853098e+15	7.385872e+01	3.490959e+01	9.238103e+15
9315	4.853292e+15	8.154679e+01	3.588501e+01	6.738276e+15
9316	4.853482e+15	7.807989e+01	3.491812e+01	1.340231e+16
9317	4.853670e+15	7.730804e+01	3.428397e+01	1.538672e+16
9318	4.853858e+15	7.653558e+01	3.213504e+01	1.325588e+16
9319	4.854048e+15	7.465818e+01	3.459672e+01	1.339300e+16
9320	4.854236e+15	7.512248e+01	3.427546e+01	6.485188e+15
9321	4.854423e+15	7.172701e+01	3.361442e+01	1.453232e+16
9322	4.854615e+15	6.732043e+01	3.464282e+01	7.357892e+15
9323	4.854810e+15	6.325207e+01	3.316822e+01	1.869739e+16
9324	4.855010e+15	6.745583e+01	3.484402e+01	1.003459e+16
9325	4.855211e+15	6.755575e+01	3.290058e+01	5.042578e+15
9326	4.855418e+15	5.921928e+01	3.253365e+01	7.090627e+15
9327	4.855632e+15	4.867904e+01	3.277538e+01	9.553254e+15
9328	4.855854e+15	5.164887e+01	3.416445e+01	1.533839e+16
9329	4.856078e+15	5.032127e+01	3.275510e+01	7.851536e+15
9330	4.856312e+15	5.754337e+01	3.440292e+01	1.901147e+16
9331	4.856546e+15	5.595586e+01	3.549546e+01	9.711147e+15
9332	4.856785e+15	4.624472e+01	3.599102e+01	1.134791e+16
9333	4.857026e+15	5.570853e+01	3.717168e+01	2.043162e+16
9334	4.857263e+15	5.757966e+01	3.693184e+01	1.397010e+16
9335	4.857498e+15	5.802800e+01	3.663460e+01	2.385719e+16
9336	4.857725e+15	6.046712e+01	3.599155e+01	9.086437e+15
9337	4.857946e+15	5.569760e+01	3.555268e+01	1.054540e+16
9338	4.858162e+15	6.420490e+01	3.531742e+01	9.254968e+15
9339	4.858370e+15	7.171636e+01	3.300421e+01	7.264637e+15
9340	4.858577e+15	7.166554e+01	3.212338e+01	7.736259e+15
9341	4.858783e+15	6.545855e+01	3.238133e+01	4.559090e+15
9342	4.858990e+15	5.906327e+01	3.192727e+01	1.376097e+16
9343	4.859200e+15	6.074753e+01	3.245148e+01	1.115729e+16
9344	4.859410e+15	6.197089e+01	3.268375e+01	1.198993e+16
9345	4.859615e+15	6.222510e+01	3.276965e+01	1.305428e+16
9346	4.859820e+15	6.628088e+01	3.255735e+01	1.860847e+16
9347	4.860024e+15	7.266921e+01	3.272712e+01	1.090960e+16
9348	4.860227e+15	7.313921e+01	3.317218e+01	1.776467e+16
9349	4.860425e+15	6.899768e+01	3.230396e+01	1.687596e+16
9350	4.860624e+15	6.260432e+01	3.126327e+01	1.460981e+16
9351	4.860831e+15	6.326935e+01	3.224092e+01	9.315240e+15
9352	4.861037e+15	5.780894e+01	3.300463e+01	7.986052e+15
9353	4.861242e+15	5.324337e+01	3.278198e+01	1.661365e+16
9354	4.861447e+15	6.292894e+01	3.160071e+01	1.299043e+16
9355	4.861655e+15	5.986358e+01	3.159260e+01	7.866329e+15
9356	4.861869e+15	4.601817e+01	3.087791e+01	5.485466e+15
9357	4.862093e+15	5.192573e+01	3.359263e+01	1.412574e+16
9358	4.862311e+15	6.082192e+01	3.445363e+01	6.325808e+15
9359	4.862522e+15	7.320237e+01	3.417300e+01	1.429986e+16
9360	4.862730e+15	7.342170e+01	3.363734e+01	1.403038e+16
9361	4.862936e+15	5.248927e+01	3.308515e+01	1.574232e+16
9362	4.863145e+15	5.396863e+01	3.298254e+01	1.168447e+16
9363	4.863353e+15	6.015659e+01	3.277918e+01	7.692669e+15
9364	4.863558e+15	5.407939e+01	3.180725e+01	3.181323e+15
9365	4.863765e+15	5.554097e+01	3.274885e+01	1.326546e+16
9366	4.863971e+15	6.240186e+01	3.304832e+01	7.443184e+15
9367	4.864176e+15	5.888125e+01	3.172766e+01	6.596579e+15
9368	4.864386e+15	5.824460e+01	3.410733e+01	5.380204e+15
9369	4.864589e+15	5.836965e+01	3.189236e+01	6.434521e+15
9370	4.864796e+15	4.568220e+01	3.167431e+01	1.701811e+16
9371	4.865008e+15	5.459503e+01	3.404585e+01	9.956232e+15
9372	4.865214e+15	5.591208e+01	3.318957e+01	1.954932e+16
9373	4.865418e+15	6.657892e+01	3.320286e+01	1.143715e+16
9374	4.865618e+15	6.549373e+01	3.299697e+01	5.339554e+15
9375	4.865818e+15	6.343562e+01	3.329132e+01	2.152554e+16
9376	4.866020e+15	6.697476e+01	3.356127e+01	7.274804e+15
9377	4.866220e+15	6.072564e+01	3.214029e+01	1.389108e+16
9378	4.866422e+15	6.327618e+01	3.254643e+01	9.649358e+15
9379	4.866624e+15	5.873274e+01	3.178804e+01	1.710221e+16
9380	4.866826e+15	6.076834e+01	3.182412e+01	5.891124e+15
9381	4.867026e+15	5.236434e+01	2.872615e+01	6.336703e+15
9382	4.867236e+15	5.468103e+01	3.143875e+01	9.816779e+15
9383	4.867442e+15	7.055031e+01	3.038808e+01	1.899010e+16
9384	4.867649e+15	7.201383e+01	2.939615e+01	1.738036e+16
9385	4.867863e+15	6.479655e+01	3.243854e+01	1.519761e+16
9386	4.868069e+15	5.438686e+01	2.899847e+01	8.128698e+15
9387	4.868286e+15	5.412542e+01	3.168326e+01	1.304853e+16
9388	4.868502e+15	5.869580e+01	3.302385e+01	1.543159e+16
9389	4.868715e+15	5.437345e+01	3.436593e+01	1.609768e+16
9390	4.868922e+15	3.885719e+01	3.311312e+01	9.293047e+15
9391	4.869124e+15	3.569635e+01	3.422392e+01	9.749318e+15
9392	4.869321e+15	3.678677e+01	3.184025e+01	1.511151e+16
9393	4.869520e+15	4.522044e+01	3.359607e+01	1.351471e+16
9394	4.869714e+15	4.270074e+01	3.161947e+01	6.482366e+15
9395	4.869914e+15	4.641383e+01	3.473513e+01	1.783743e+16
9396	4.870106e+15	6.552599e+01	3.368177e+01	1.446116e+16
9397	4.870292e+15	7.834421e+01	3.259511e+01	1.439556e+16
9398	4.870478e+15	6.909135e+01	3.178536e+01	1.016453e+16
9399	4.870662e+15	6.544683e+01	3.061967e+01	1.658285e+16
9400	4.870850e+15	6.558840e+01	3.171241e+01	1.873757e+16
9401	4.871037e+15	6.309948e+01	3.158320e+01	5.319230e+15
9402	4.871226e+15	6.149479e+01	3.036851e+01	5.804671e+15
9403	4.871414e+15	5.604166e+01	3.006278e+01	1.777621e+16
9404	4.871605e+15	5.092011e+01	3.009666e+01	1.136267e+16
9405	4.871801e+15	5.413930e+01	3.048701e+01	1.219136e+16
9406	4.872002e+15	6.271184e+01	3.052605e+01	1.261910e+16
9407	4.872204e+15	6.412354e+01	3.028936e+01	1.971673e+16
9408	4.872409e+15	5.898807e+01	3.227550e+01	7.184433e+15
9409	4.872607e+15	6.101836e+01	3.003894e+01	1.670480e+16
9410	4.872806e+15	6.033790e+01	2.967445e+01	1.436756e+16
9411	4.873010e+15	5.887812e+01	3.117300e+01	2.000390e+16
9412	4.873215e+15	6.395718e+01	3.087508e+01	1.731402e+16
9413	4.873420e+15	6.060265e+01	2.925135e+01	1.563564e+16
9414	4.873624e+15	5.313543e+01	2.975070e+01	1.741089e+16
9415	4.873830e+15	4.536638e+01	2.808495e+01	1.629339e+16
9416	4.874044e+15	4.682875e+01	2.983679e+01	2.104081e+16
9417	4.874270e+15	5.801289e+01	3.484124e+01	2.792356e+16
9418	4.874487e+15	6.562890e+01	3.142844e+01	1.658156e+16
9419	4.874715e+15	7.089141e+01	3.444126e+01	1.456602e+16
9420	4.874942e+15	5.107828e+01	3.454019e+01	1.373952e+16
9421	4.875167e+15	3.696587e+01	3.171718e+01	1.190091e+16
9422	4.875402e+15	4.196385e+01	3.437287e+01	1.305442e+16
9423	4.875632e+15	4.851030e+01	3.184989e+01	7.466558e+15
9424	4.875867e+15	5.137496e+01	3.198544e+01	8.826744e+15
9425	4.876103e+15	4.954930e+01	3.279445e+01	1.964616e+16
9426	4.876332e+15	4.990422e+01	3.353661e+01	1.930658e+16
9427	4.876552e+15	5.209162e+01	3.406061e+01	3.691247e+16
9428	4.876768e+15	5.428506e+01	3.523614e+01	1.767887e+16
9429	4.876982e+15	6.381648e+01	3.662134e+01	1.630927e+16
9430	4.877188e+15	6.303296e+01	3.581689e+01	8.559038e+15
9431	4.877393e+15	6.509325e+01	3.735609e+01	2.393108e+16
9432	4.877592e+15	5.908268e+01	3.594504e+01	1.788784e+16
9433	4.877794e+15	6.838935e+01	3.809600e+01	1.023307e+16
9434	4.877989e+15	5.746056e+01	3.629272e+01	1.863790e+16
9435	4.878187e+15	5.190430e+01	3.827281e+01	7.573307e+15
9436	4.878380e+15	5.980313e+01	3.711420e+01	1.479680e+16
9437	4.878574e+15	6.072247e+01	3.651157e+01	1.011679e+16
9438	4.878772e+15	5.988712e+01	3.852511e+01	9.596735e+15
9439	4.878966e+15	5.356625e+01	3.667540e+01	1.833197e+16
9440	4.879168e+15	5.908371e+01	3.788561e+01	1.455864e+16
9441	4.879368e+15	5.428423e+01	3.612734e+01	1.267080e+16
9442	4.879572e+15	5.713747e+01	3.769277e+01	2.274613e+16
9443	4.879772e+15	5.609499e+01	3.475759e+01	1.161221e+16
9444	4.879981e+15	4.964870e+01	3.633627e+01	2.209871e+16
9445	4.880194e+15	5.463764e+01	3.787383e+01	1.380113e+16
9446	4.880403e+15	5.007211e+01	3.574407e+01	1.098404e+16
9447	4.880619e+15	5.348821e+01	3.823106e+01	1.195228e+16
9448	4.880831e+15	6.046660e+01	3.588888e+01	1.235501e+16
9449	4.881048e+15	5.793417e+01	3.821988e+01	1.056829e+16
9450	4.881259e+15	5.014037e+01	3.615232e+01	6.057069e+15
9451	4.881473e+15	4.940973e+01	3.708883e+01	1.163142e+16
9452	4.881686e+15	6.509293e+01	3.689078e+01	1.809657e+16
9453	4.881896e+15	6.467390e+01	3.654690e+01	7.851048e+15
9454	4.882104e+15	5.428435e+01	3.456558e+01	1.109448e+16
9455	4.882317e+15	4.951960e+01	3.479932e+01	2.588959e+16
9456	4.882533e+15	4.590256e+01	3.557204e+01	2.466284e+16
9457	4.882747e+15	6.148061e+01	3.572647e+01	1.621776e+16
9458	4.882960e+15	6.473360e+01	3.686048e+01	6.553802e+15
9459	4.883169e+15	5.406445e+01	3.647271e+01	1.102219e+16
9460	4.883377e+15	4.962656e+01	3.656383e+01	1.070789e+16
9461	4.883585e+15	5.944589e+01	3.708433e+01	1.001024e+16
9462	4.883791e+15	6.343643e+01	3.702645e+01	1.252787e+16
9463	4.883997e+15	6.380310e+01	3.839006e+01	1.339291e+16
9464	4.884200e+15	5.972067e+01	3.741176e+01	1.578193e+16
9465	4.884406e+15	5.686263e+01	3.806886e+01	1.013926e+16
9466	4.884610e+15	5.711059e+01	3.568325e+01	6.443788e+15
9467	4.884821e+15	5.688916e+01	3.628996e+01	1.161763e+16
9468	4.885030e+15	5.519964e+01	3.516765e+01	9.855206e+15
9469	4.885245e+15	4.676208e+01	3.470411e+01	4.767377e+15
9470	4.885466e+15	5.269555e+01	3.618931e+01	1.102683e+16
9471	4.885692e+15	5.107949e+01	3.656355e+01	8.728395e+15
9472	4.885921e+15	6.267240e+01	3.801503e+01	1.882072e+16
9473	4.886145e+15	6.026997e+01	3.785469e+01	9.565550e+15
9474	4.886362e+15	4.853844e+01	3.547509e+01	5.581002e+15
9475	4.886582e+15	4.605069e+01	3.806875e+01	4.935870e+15
9476	4.886794e+15	5.158153e+01	3.763343e+01	1.445202e+16
9477	4.887001e+15	5.868323e+01	3.792584e+01	1.121925e+16
9478	4.887201e+15	6.174769e+01	3.852534e+01	3.922238e+15
9479	4.887393e+15	6.263447e+01	3.708304e+01	9.371910e+15
9480	4.887583e+15	6.426524e+01	3.766449e+01	5.618520e+15
9481	4.887773e+15	6.660903e+01	3.717031e+01	8.193677e+15
9482	4.887962e+15	7.577027e+01	3.760434e+01	8.900514e+15
9483	4.888149e+15	7.742152e+01	3.693096e+01	8.503348e+15
9484	4.888334e+15	6.148335e+01	3.566686e+01	9.487204e+15
9485	4.888522e+15	6.024859e+01	3.643575e+01	1.028895e+16
9486	4.888710e+15	6.041803e+01	3.733378e+01	9.333096e+15
9487	4.888899e+15	6.295112e+01	3.635916e+01	1.064585e+16
9488	4.889093e+15	5.651439e+01	3.617275e+01	1.657769e+16
9489	4.889293e+15	5.752585e+01	3.634350e+01	1.118688e+16
9490	4.889490e+15	5.259041e+01	3.348718e+01	2.100483e+16
9491	4.889698e+15	5.387738e+01	3.454806e+01	7.758207e+15
9492	4.889913e+15	6.031331e+01	3.503384e+01	2.007311e+16
9493	4.890132e+15	5.671213e+01	3.641599e+01	1.646089e+16
9494	4.890350e+15	5.499856e+01	3.604771e+01	1.757671e+16
9495	4.890569e+15	5.301753e+01	3.507820e+01	1.470453e+16
9496	4.890794e+15	5.084312e+01	3.680965e+01	1.897373e+16
9497	4.891021e+15	5.028873e+01	3.635800e+01	1.643151e+16
9498	4.891251e+15	5.051077e+01	3.872687e+01	2.020569e+16
9499	4.891476e+15	4.603648e+01	3.830507e+01	1.489826e+16
9500	4.891700e+15	4.186258e+01	3.935008e+01	1.772663e+16
9501	4.891919e+15	5.686124e+01	3.772220e+01	1.310165e+16
9502	4.892135e+15	6.851384e+01	3.874634e+01	1.148006e+16
9503	4.892346e+15	7.336353e+01	3.817939e+01	1.448518e+16
9504	4.892556e+15	6.502759e+01	3.800859e+01	1.974146e+16
9505	4.892769e+15	5.528526e+01	3.922835e+01	1.054580e+16
9506	4.892980e+15	5.007925e+01	3.883052e+01	9.645062e+15
9507	4.893192e+15	5.603865e+01	3.945056e+01	1.653720e+16
9508	4.893402e+15	5.646698e+01	3.786551e+01	7.379159e+15
9509	4.893616e+15	5.104035e+01	3.890373e+01	1.945782e+16
9510	4.893830e+15	4.553753e+01	3.583017e+01	1.100682e+16
9511	4.894057e+15	4.658342e+01	3.765909e+01	9.386317e+15
9512	4.894283e+15	4.912387e+01	3.795865e+01	1.680999e+16
9513	4.894505e+15	4.838615e+01	3.879839e+01	1.486345e+16
9514	4.894719e+15	5.309645e+01	3.729964e+01	1.761457e+16
9515	4.894934e+15	6.411121e+01	3.790722e+01	8.795961e+15
9516	4.895144e+15	5.497915e+01	3.435523e+01	1.007671e+16
9517	4.895362e+15	5.872984e+01	3.802485e+01	1.185306e+16
9518	4.895576e+15	5.387155e+01	3.744454e+01	6.515449e+15
9519	4.895787e+15	4.768596e+01	3.540718e+01	7.664819e+15
9520	4.896000e+15	5.939532e+01	3.815581e+01	1.165850e+16
9521	4.896208e+15	6.468329e+01	3.533474e+01	1.227971e+16
9522	4.896423e+15	6.745431e+01	3.947465e+01	5.486135e+15
9523	4.896627e+15	5.223140e+01	3.678666e+01	3.849824e+15
9524	4.896836e+15	4.601266e+01	3.793920e+01	2.012630e+16
9525	4.897046e+15	5.179270e+01	3.973349e+01	2.228448e+16
9526	4.897248e+15	9.749155e+01	5.936328e+01	2.201592e+16
9527	4.897386e+15	9.294767e+01	4.286921e+01	1.066021e+16
9528	4.897521e+15	8.802095e+01	4.201513e+01	1.274726e+16
9529	4.897647e+15	7.440161e+01	4.366333e+01	1.265326e+15
9530	4.897775e+15	8.932845e+01	4.111116e+01	3.807353e+15
9531	4.897902e+15	1.115916e+02	3.863217e+01	7.250045e+15
9532	4.898035e+15	1.224019e+02	4.145310e+01	1.404930e+16
9533	4.898163e+15	8.423889e+01	3.508227e+01	6.974325e+15
9534	4.898300e+15	7.207063e+01	3.766496e+01	8.649903e+15
9535	4.898436e+15	8.589593e+01	3.900964e+01	1.324072e+16
9536	4.898570e+15	1.023908e+02	3.983361e+01	6.072464e+15
9537	4.898699e+15	1.024490e+02	3.867994e+01	4.811213e+15
9538	4.898825e+15	8.540600e+01	3.720566e+01	8.959815e+14
9539	4.898952e+15	9.395124e+01	3.874175e+01	8.618668e+15
9540	4.899075e+15	1.195998e+02	3.597388e+01	1.385884e+16
9541	4.899199e+15	1.304486e+02	3.657538e+01	1.290941e+16
9542	4.899324e+15	1.153643e+02	3.315029e+01	5.809325e+15
9543	4.899454e+15	8.586958e+01	3.179907e+01	3.406912e+15
9544	4.899595e+15	8.628473e+01	3.419012e+01	3.153011e+15
9545	4.899738e+15	8.879212e+01	3.080696e+01	9.452138e+15
9546	4.899897e+15	7.736269e+01	3.075564e+01	1.304769e+16
9547	4.900070e+15	5.414692e+01	2.777540e+01	8.115814e+15
9548	4.900272e+15	4.163082e+01	3.010074e+01	1.513565e+16
9549	4.900493e+15	3.933997e+01	2.788909e+01	7.428638e+15
9550	4.900737e+15	3.498882e+01	2.841391e+01	6.459981e+15
9551	4.901010e+15	4.243468e+01	3.347969e+01	6.065600e+15
9552	4.901280e+15	3.936125e+01	3.559987e+01	2.529854e+16
9553	4.901537e+15	3.318832e+01	3.352044e+01	1.662570e+16
9554	4.901787e+15	3.427008e+01	3.548735e+01	6.120135e+15
9555	4.902025e+15	3.869924e+01	3.656416e+01	1.805135e+16
9556	4.902249e+15	4.653666e+01	3.580265e+01	8.847459e+15
9557	4.902463e+15	5.427577e+01	3.575503e+01	8.900768e+15
9558	4.902669e+15	5.912843e+01	3.388949e+01	1.048002e+16
9559	4.902874e+15	7.485556e+01	3.436254e+01	5.033474e+15
9560	4.903070e+15	7.393317e+01	3.218781e+01	1.127174e+16
9561	4.903270e+15	7.232978e+01	3.424412e+01	7.649196e+15
9562	4.903461e+15	5.797506e+01	3.197711e+01	8.941540e+15
9563	4.903656e+15	5.498876e+01	3.282020e+01	6.450671e+15
9564	4.903851e+15	6.562442e+01	3.414461e+01	4.885574e+15
9565	4.904044e+15	6.994852e+01	3.476469e+01	1.012632e+16
9566	4.904235e+15	6.282652e+01	3.659300e+01	8.421035e+15
9567	4.904419e+15	5.465109e+01	3.419270e+01	6.246640e+15
9568	4.904604e+15	6.463712e+01	3.532827e+01	8.594207e+15
9569	4.904784e+15	7.716788e+01	3.347899e+01	1.596646e+16
9570	4.904966e+15	7.178408e+01	3.389096e+01	8.920507e+15
9571	4.905146e+15	6.036118e+01	3.325904e+01	2.149526e+16
9572	4.905329e+15	6.465028e+01	3.448911e+01	9.582394e+15
9573	4.905510e+15	6.037517e+01	3.288800e+01	1.030183e+16
9574	4.905698e+15	5.561746e+01	3.404332e+01	1.018711e+16
9575	4.905888e+15	6.227784e+01	3.343836e+01	1.167810e+16
9576	4.906083e+15	6.170757e+01	3.206077e+01	1.425597e+16
9577	4.906285e+15	5.267354e+01	3.209915e+01	7.445869e+15
9578	4.906497e+15	5.342772e+01	3.479048e+01	1.049958e+16
9579	4.906710e+15	5.587091e+01	3.668889e+01	7.146975e+15
9580	4.906915e+15	6.112151e+01	3.571849e+01	3.146029e+16
9581	4.907118e+15	6.158053e+01	3.692340e+01	1.022113e+16
9582	4.907318e+15	6.075245e+01	3.672609e+01	1.852673e+16
9583	4.907515e+15	5.861483e+01	3.675194e+01	1.951737e+16
9584	4.907710e+15	6.183438e+01	3.710079e+01	2.270269e+16
9585	4.907904e+15	6.058257e+01	3.643495e+01	2.346593e+16
9586	4.908097e+15	5.759740e+01	3.803567e+01	2.532174e+16
9587	4.908288e+15	5.641500e+01	3.769275e+01	1.695583e+16
9588	4.908476e+15	5.811680e+01	3.666363e+01	1.085407e+16
9589	4.908666e+15	6.157834e+01	3.660652e+01	1.062171e+16
9590	4.908858e+15	6.939978e+01	3.805836e+01	2.011024e+16
9591	4.909044e+15	6.604448e+01	3.694452e+01	1.411543e+16
9592	4.909230e+15	5.818835e+01	3.529691e+01	1.145806e+16
9593	4.909422e+15	6.182060e+01	3.712129e+01	2.223514e+16
9594	4.909615e+15	6.631676e+01	3.591697e+01	8.144336e+15
9595	4.909812e+15	6.932142e+01	3.765949e+01	1.377570e+16
9596	4.910007e+15	6.506707e+01	3.648338e+01	1.296010e+16
9597	4.910207e+15	7.595686e+01	3.655047e+01	2.140648e+16
9598	4.910411e+15	7.095087e+01	3.833539e+01	1.089447e+16
9599	4.910613e+15	5.436468e+01	3.725759e+01	1.864693e+16
9600	4.910819e+15	4.660919e+01	3.804391e+01	1.230263e+16
9601	4.911026e+15	4.829017e+01	3.802754e+01	1.152660e+16
9602	4.911235e+15	5.696441e+01	3.787183e+01	1.001733e+16
9603	4.911443e+15	7.099325e+01	3.991178e+01	1.494561e+16
9604	4.911645e+15	5.776294e+01	3.604061e+01	2.277720e+16
9605	4.911856e+15	4.927937e+01	3.485095e+01	1.253722e+16
9606	4.912074e+15	4.431004e+01	3.681975e+01	1.481284e+16
9607	4.912295e+15	4.423628e+01	3.809942e+01	1.554076e+16
9608	4.912512e+15	3.986690e+01	3.428133e+01	1.058917e+16
9609	4.912740e+15	4.529452e+01	4.028176e+01	1.083629e+16
9610	4.912952e+15	4.662497e+01	3.656986e+01	1.649704e+16
9611	4.913167e+15	4.757996e+01	3.798454e+01	9.684940e+15
9612	4.913381e+15	4.890362e+01	3.722316e+01	1.941104e+16
9613	4.913596e+15	5.140418e+01	3.851276e+01	7.451141e+15
9614	4.913808e+15	5.308968e+01	3.709250e+01	1.303623e+16
9615	4.914021e+15	4.560516e+01	3.449096e+01	2.157566e+16
9616	4.914252e+15	4.768000e+01	3.622178e+01	9.820985e+15
9617	4.914490e+15	4.033169e+01	3.492559e+01	9.598491e+15
9618	4.914737e+15	4.669097e+01	3.774656e+01	9.461750e+15
9619	4.914978e+15	4.594720e+01	3.563687e+01	6.113375e+15
9620	4.915215e+15	5.390613e+01	3.505541e+01	8.412336e+15
9621	4.915450e+15	5.534341e+01	3.653148e+01	1.459909e+16
9622	4.915680e+15	5.097516e+01	3.872821e+01	1.930850e+16
9623	4.915900e+15	4.545071e+01	3.802553e+01	6.114579e+15
9624	4.916114e+15	4.155913e+01	3.930134e+01	6.701717e+15
9625	4.916318e+15	4.951020e+01	3.842452e+01	9.251917e+15
9626	4.916518e+15	5.404069e+01	3.928613e+01	1.356318e+16
9627	4.916714e+15	5.164205e+01	4.000189e+01	1.125994e+16
9628	4.916904e+15	4.511921e+01	3.917799e+01	5.936771e+15
9629	4.917096e+15	4.747045e+01	4.081939e+01	1.435947e+16
9630	4.917285e+15	4.758150e+01	4.160485e+01	9.817496e+15
9631	4.917470e+15	4.556575e+01	4.071217e+01	9.643648e+15
9632	4.917655e+15	5.738938e+01	4.235542e+01	6.373975e+15
9633	4.917836e+15	5.180926e+01	3.983054e+01	9.757861e+15
9634	4.918020e+15	4.633009e+01	3.963705e+01	1.401390e+16
9635	4.918207e+15	4.857874e+01	3.697842e+01	4.122397e+15
9636	4.918400e+15	5.358268e+01	4.027104e+01	5.929920e+15
9637	4.918588e+15	5.444520e+01	4.116813e+01	9.244837e+15
9638	4.918774e+15	5.209953e+01	3.991042e+01	1.303574e+16
9639	4.918962e+15	5.716902e+01	4.038607e+01	8.574387e+15
9640	4.919150e+15	5.254591e+01	3.887717e+01	3.917852e+15
9641	4.919344e+15	5.474933e+01	4.009643e+01	1.061144e+16
9642	4.919539e+15	5.152886e+01	3.711139e+01	6.190739e+15
9643	4.919743e+15	4.407227e+01	3.901041e+01	7.871262e+15
9644	4.919946e+15	4.872901e+01	3.641805e+01	1.545190e+16
9645	4.920158e+15	5.441637e+01	3.593949e+01	1.346193e+16
9646	4.920379e+15	5.886272e+01	4.050135e+01	9.701677e+15
9647	4.920588e+15	4.766018e+01	3.459369e+01	1.556384e+16
9648	4.920807e+15	5.127976e+01	3.788424e+01	1.210291e+16
9649	4.921022e+15	5.620884e+01	3.927499e+01	1.408316e+16
9650	4.921231e+15	5.416300e+01	3.967045e+01	6.934732e+15
9651	4.921434e+15	6.841624e+01	4.023102e+01	1.785495e+16
9652	4.921626e+15	7.230760e+01	3.857258e+01	1.277780e+16
9653	4.921817e+15	7.074607e+01	3.872172e+01	1.944081e+16
9654	4.922007e+15	8.802199e+01	3.910778e+01	9.943553e+15
9655	4.922193e+15	8.026219e+01	3.696992e+01	1.490209e+16
9656	4.922383e+15	7.613473e+01	3.858230e+01	1.002262e+16
9657	4.922569e+15	7.111418e+01	3.765629e+01	6.533497e+15
9658	4.922754e+15	6.158775e+01	3.648274e+01	1.045644e+16
9659	4.922942e+15	6.345437e+01	3.713753e+01	1.561418e+16
9660	4.923132e+15	8.478495e+01	3.533188e+01	1.922258e+16
9661	4.923329e+15	7.292129e+01	3.817646e+01	1.335849e+16
9662	4.923523e+15	5.728363e+01	3.686552e+01	1.317318e+16
9663	4.923721e+15	5.996276e+01	3.758529e+01	2.433273e+16
9664	4.923924e+15	6.053395e+01	4.027109e+01	9.331025e+15
9665	4.924122e+15	5.161612e+01	3.694028e+01	1.267646e+16
9666	4.924328e+15	5.389622e+01	4.025228e+01	1.147387e+16
9667	4.924532e+15	5.220611e+01	3.746724e+01	8.470801e+15
9668	4.924744e+15	5.110849e+01	3.941124e+01	1.248956e+16
9669	4.924956e+15	5.597325e+01	4.010255e+01	1.591349e+16
9670	4.925172e+15	5.941361e+01	4.112635e+01	2.034811e+16
9671	4.925383e+15	6.511878e+01	4.113446e+01	1.641846e+16
9672	4.925589e+15	7.227253e+01	3.773500e+01	1.437996e+16
9673	4.925799e+15	6.095068e+01	3.800189e+01	1.594887e+16
9674	4.926012e+15	5.661203e+01	4.005139e+01	1.642734e+16
9675	4.926218e+15	4.672012e+01	3.709409e+01	1.050604e+16
9676	4.926430e+15	4.386727e+01	4.047084e+01	1.249101e+16
9677	4.926636e+15	5.127982e+01	3.707033e+01	2.210085e+16
9678	4.926849e+15	5.259930e+01	3.948596e+01	2.001439e+16
9679	4.927062e+15	5.658201e+01	3.983934e+01	2.000971e+16
9680	4.927273e+15	5.658643e+01	3.877915e+01	1.116166e+16
9681	4.927487e+15	5.937281e+01	3.992315e+01	1.527115e+16
9682	4.927703e+15	5.735796e+01	4.178743e+01	1.679041e+16
9683	4.927913e+15	4.997035e+01	3.870130e+01	1.712987e+16
9684	4.928125e+15	5.201740e+01	4.098696e+01	1.989870e+16
9685	4.928329e+15	4.550005e+01	3.782840e+01	6.635072e+15
9686	4.928538e+15	4.496183e+01	4.078267e+01	1.312295e+16
9687	4.928741e+15	4.216007e+01	3.867903e+01	1.375349e+16
9688	4.928947e+15	4.195156e+01	3.938561e+01	1.311917e+16
9689	4.929147e+15	4.640285e+01	3.556073e+01	4.043713e+15
9690	4.929354e+15	5.248226e+01	3.835309e+01	9.370898e+15
9691	4.929557e+15	5.452725e+01	3.591698e+01	1.078681e+16
9692	4.929765e+15	5.963063e+01	3.784495e+01	7.880515e+15
9693	4.929973e+15	6.254949e+01	3.883880e+01	7.025917e+15
9694	4.930171e+15	5.301257e+01	3.475293e+01	1.563641e+16
9695	4.930371e+15	6.042556e+01	3.414028e+01	1.939909e+16
9696	4.930574e+15	7.213596e+01	3.718967e+01	1.519750e+16
9697	4.930770e+15	7.444037e+01	3.493148e+01	9.388289e+15
9698	4.930970e+15	7.141123e+01	3.686960e+01	1.049358e+16
9699	4.931168e+15	6.298103e+01	3.463741e+01	1.505627e+16
9700	4.931369e+15	5.817645e+01	3.634992e+01	1.271722e+16
9701	4.931567e+15	7.013352e+01	3.695030e+01	1.862059e+16
9702	4.931761e+15	7.673075e+01	3.727463e+01	1.403527e+16
9703	4.931953e+15	8.206427e+01	3.677381e+01	1.664669e+16
9704	4.932145e+15	7.506017e+01	3.516557e+01	1.647784e+16
9705	4.932342e+15	6.146783e+01	3.529881e+01	9.168709e+15
9706	4.932543e+15	5.839128e+01	3.750966e+01	1.973467e+15
9707	4.932741e+15	5.676002e+01	3.640298e+01	1.318163e+16
9708	4.932942e+15	4.801267e+01	3.601475e+01	1.612087e+16
9709	4.933147e+15	5.776454e+01	3.682280e+01	2.375105e+16
9710	4.933351e+15	6.145324e+01	3.503746e+01	1.960230e+16
9711	4.933556e+15	6.008432e+01	3.346172e+01	9.893630e+15
9712	4.933771e+15	5.489373e+01	3.522319e+01	1.315308e+16
9713	4.933989e+15	5.381360e+01	3.617616e+01	2.041263e+16
9714	4.934203e+15	5.370862e+01	3.352924e+01	1.225152e+16
9715	4.934421e+15	5.541063e+01	3.439873e+01	8.808913e+15
9716	4.934637e+15	5.851374e+01	3.456073e+01	1.017218e+16
9717	4.934850e+15	5.971340e+01	3.512752e+01	1.425151e+16
9718	4.935058e+15	6.208695e+01	3.486959e+01	1.438621e+16
9719	4.935261e+15	5.879389e+01	3.265392e+01	1.224013e+16
9720	4.935472e+15	5.931560e+01	3.420094e+01	1.166211e+16
9721	4.935677e+15	6.172055e+01	3.320407e+01	1.099397e+16
9722	4.935880e+15	6.774560e+01	3.349568e+01	3.430292e+15
9723	4.936081e+15	7.420872e+01	3.257450e+01	1.401844e+16
9724	4.936281e+15	7.130530e+01	3.120419e+01	1.471624e+16
9725	4.936485e+15	7.252127e+01	3.288834e+01	1.578602e+16
9726	4.936686e+15	5.938685e+01	3.212783e+01	5.287670e+15
9727	4.936889e+15	4.980938e+01	3.279049e+01	1.844581e+16
9728	4.937093e+15	5.335816e+01	3.278331e+01	1.781746e+16
9729	4.937299e+15	5.542859e+01	3.172219e+01	2.139671e+16
9730	4.937513e+15	7.248078e+01	3.331237e+01	1.305339e+16
9731	4.937730e+15	6.735465e+01	3.484819e+01	1.528998e+16
9732	4.937942e+15	5.221328e+01	3.230294e+01	6.130792e+15
9733	4.938164e+15	4.967343e+01	3.411745e+01	5.252347e+15
9734	4.938387e+15	4.607143e+01	3.247931e+01	7.805098e+15
9735	4.938617e+15	5.444539e+01	3.588849e+01	7.964706e+15
9736	4.938838e+15	4.953200e+01	3.302684e+01	1.413768e+16
9737	4.939064e+15	4.679519e+01	3.335599e+01	6.927554e+15
9738	4.939294e+15	5.012271e+01	3.481538e+01	2.544693e+16
9739	4.939521e+15	4.714300e+01	3.130744e+01	1.736746e+16
9740	4.939763e+15	3.954824e+01	3.440739e+01	1.424194e+16
9741	4.940005e+15	4.554711e+01	3.557186e+01	1.897462e+16
9742	4.940241e+15	5.312750e+01	3.247653e+01	1.634554e+16
9743	4.940482e+15	4.844155e+01	3.532244e+01	4.532739e+15
9744	4.940713e+15	4.270113e+01	3.412292e+01	1.971670e+16
9745	4.940941e+15	4.480775e+01	3.484363e+01	2.074976e+16
9746	4.941158e+15	3.733981e+01	3.488975e+01	1.599268e+16
9747	4.941365e+15	5.259041e+01	3.343608e+01	8.250954e+15
9748	4.941569e+15	6.079323e+01	3.446603e+01	9.314057e+15
9749	4.941764e+15	6.093657e+01	3.294594e+01	1.104974e+16
9750	4.941960e+15	5.777625e+01	3.455233e+01	1.629841e+16
9751	4.942151e+15	5.006889e+01	3.295005e+01	8.405561e+15
9752	4.942347e+15	6.116976e+01	3.567388e+01	1.060144e+16
9753	4.942536e+15	6.618633e+01	3.488577e+01	7.696355e+15
9754	4.942724e+15	6.961562e+01	3.516576e+01	1.670909e+16
9755	4.942909e+15	7.365902e+01	3.297682e+01	1.844874e+16
9756	4.943097e+15	6.010476e+01	3.379819e+01	1.903913e+16
9757	4.943286e+15	6.111116e+01	3.381725e+01	1.875905e+16
9758	4.943472e+15	6.899540e+01	3.170698e+01	1.970119e+16
9759	4.943662e+15	6.009595e+01	3.159099e+01	1.939891e+16
9760	4.943859e+15	5.361977e+01	3.247171e+01	5.918426e+15
9761	4.944058e+15	5.964040e+01	3.311895e+01	1.652072e+16
9762	4.944259e+15	6.072818e+01	3.256678e+01	1.342609e+16
9763	4.944465e+15	5.600702e+01	3.252866e+01	8.511846e+15
9764	4.944675e+15	5.943316e+01	3.202089e+01	1.312738e+16
9765	4.944889e+15	6.229918e+01	3.077078e+01	1.468969e+16
9766	4.945114e+15	6.177350e+01	3.295973e+01	2.066484e+16
9767	4.945338e+15	5.925185e+01	3.191785e+01	1.597191e+16
9768	4.945560e+15	5.417682e+01	3.237953e+01	1.310281e+16
9769	4.945787e+15	5.402002e+01	3.392133e+01	1.396240e+16
9770	4.946011e+15	5.355061e+01	3.308439e+01	1.227024e+16
9771	4.946235e+15	5.313694e+01	3.356824e+01	2.118368e+16
9772	4.946455e+15	6.345207e+01	3.475441e+01	1.133834e+16
9773	4.946668e+15	6.796178e+01	3.453960e+01	5.898311e+15
9774	4.946876e+15	6.812975e+01	3.546328e+01	2.153781e+16
9775	4.947079e+15	5.900219e+01	3.443782e+01	1.691628e+16
9776	4.947284e+15	6.244700e+01	3.558427e+01	2.229662e+16
9777	4.947488e+15	6.372208e+01	3.583075e+01	1.306226e+16
9778	4.947693e+15	6.051508e+01	3.601277e+01	1.148260e+16
9779	4.947896e+15	6.450243e+01	3.480900e+01	1.728890e+16
9780	4.948102e+15	6.590602e+01	3.392084e+01	4.417044e+15
9781	4.948310e+15	5.786293e+01	3.347279e+01	4.505020e+15
9782	4.948525e+15	5.751897e+01	3.459256e+01	1.429619e+16
9783	4.948743e+15	6.669220e+01	3.490408e+01	1.389780e+16
9784	4.948962e+15	5.835318e+01	3.408351e+01	8.969957e+15
9785	4.949187e+15	5.874285e+01	3.451843e+01	2.350921e+16
9786	4.949416e+15	5.446304e+01	3.346259e+01	1.415665e+16
9787	4.949655e+15	5.927663e+01	3.669008e+01	9.860513e+15
9788	4.949892e+15	5.943665e+01	3.673533e+01	1.241314e+16
9789	4.950127e+15	6.007545e+01	3.675793e+01	1.151064e+16
9790	4.950361e+15	6.271078e+01	3.648052e+01	1.284074e+16
9791	4.950598e+15	6.987615e+01	3.704616e+01	1.979490e+16
9792	4.950832e+15	6.683502e+01	3.777062e+01	1.671896e+16
9793	4.951058e+15	6.116410e+01	3.537597e+01	1.461169e+16
9794	4.951282e+15	6.151071e+01	3.461172e+01	9.716623e+15
9795	4.951502e+15	6.713832e+01	3.380938e+01	8.629614e+15
9796	4.951720e+15	7.178131e+01	3.444635e+01	1.545328e+16
9797	4.951934e+15	6.482653e+01	3.443141e+01	5.067245e+15
9798	4.952144e+15	6.709220e+01	3.368926e+01	6.731192e+15
9799	4.952354e+15	7.423429e+01	3.451781e+01	8.037119e+15
9800	4.952562e+15	7.359421e+01	3.435916e+01	1.409209e+16
9801	4.952768e+15	7.010459e+01	3.433272e+01	6.459174e+15
9802	4.952967e+15	7.253626e+01	3.413442e+01	1.214137e+16
9803	4.953163e+15	8.071802e+01	3.408546e+01	1.039993e+16
9804	4.953353e+15	8.480673e+01	3.320958e+01	1.029063e+16
9805	4.953543e+15	7.828521e+01	3.329381e+01	7.939960e+15
9806	4.953730e+15	7.313349e+01	3.223076e+01	1.526618e+16
9807	4.953921e+15	7.035181e+01	3.307812e+01	1.436838e+16
9808	4.954112e+15	7.889504e+01	3.335162e+01	1.913373e+16
9809	4.954301e+15	7.817096e+01	3.228854e+01	5.870305e+15
9810	4.954490e+15	6.676781e+01	3.113308e+01	4.626436e+15
9811	4.954683e+15	6.985677e+01	3.072288e+01	8.784969e+15
9812	4.954880e+15	6.866563e+01	3.008715e+01	1.025191e+16
9813	4.955081e+15	6.225190e+01	3.008983e+01	8.676106e+15
9814	4.955290e+15	6.965553e+01	2.984241e+01	1.330807e+16
9815	4.955505e+15	5.578410e+01	2.941278e+01	1.411343e+16
9816	4.955731e+15	5.528695e+01	3.280199e+01	7.162771e+15
9817	4.955953e+15	5.587619e+01	3.074240e+01	1.618495e+16
9818	4.956183e+15	6.093209e+01	3.211470e+01	2.130063e+16
9819	4.956414e+15	5.965848e+01	3.272297e+01	1.175088e+16
9820	4.956645e+15	5.663676e+01	3.327538e+01	2.156381e+16
9821	4.956874e+15	6.934009e+01	3.344648e+01	1.099352e+16
9822	4.957098e+15	6.815360e+01	3.261773e+01	6.755696e+15
9823	4.957322e+15	5.813553e+01	3.374879e+01	1.322343e+16
9824	4.957540e+15	5.154253e+01	3.312987e+01	1.050704e+16
9825	4.957760e+15	4.741265e+01	3.237577e+01	9.045326e+15
9826	4.957985e+15	5.798611e+01	3.485461e+01	2.230162e+16
9827	4.958202e+15	5.838004e+01	3.384862e+01	1.396632e+16
9828	4.958418e+15	5.323550e+01	3.520297e+01	1.354456e+16
9829	4.958627e+15	5.847645e+01	3.282876e+01	1.181943e+16
9830	4.958836e+15	6.699727e+01	3.315713e+01	1.169548e+16
9831	4.959044e+15	7.062111e+01	3.449397e+01	1.287635e+16
9832	4.959246e+15	5.395571e+01	3.205831e+01	1.097919e+16
9833	4.959450e+15	6.344266e+01	3.360791e+01	5.631868e+15
9834	4.959650e+15	7.493858e+01	3.302027e+01	1.258524e+16
9835	4.959846e+15	6.523266e+01	3.198926e+01	4.746335e+15
9836	4.960040e+15	6.522582e+01	3.129776e+01	1.764534e+16
9837	4.960233e+15	6.799716e+01	3.181699e+01	5.360223e+15
9838	4.960425e+15	5.911827e+01	3.146123e+01	1.790780e+16
9839	4.960618e+15	7.151001e+01	3.273578e+01	6.297876e+15
9840	4.960810e+15	5.990321e+01	3.197586e+01	2.797060e+16
9841	4.961004e+15	7.427730e+01	3.468977e+01	1.973472e+16
9842	4.961191e+15	8.795079e+01	3.305839e+01	6.682706e+15
9843	4.961377e+15	9.771024e+01	3.355739e+01	5.823818e+15
9844	4.961560e+15	8.532557e+01	3.042098e+01	7.500621e+15
9845	4.961748e+15	7.997903e+01	3.164400e+01	1.596200e+16
9846	4.961934e+15	8.408788e+01	3.051587e+01	1.918702e+16
9847	4.962120e+15	7.860326e+01	2.961145e+01	7.734293e+15
9848	4.962310e+15	8.010958e+01	3.007170e+01	1.594581e+16
9849	4.962502e+15	7.586202e+01	2.992914e+01	1.394015e+16
9850	4.962699e+15	6.162573e+01	2.988568e+01	1.188090e+16
9851	4.962903e+15	5.879849e+01	3.121201e+01	7.823279e+15
9852	4.963108e+15	6.279096e+01	2.977799e+01	1.420407e+16
9853	4.963320e+15	6.626456e+01	3.178510e+01	1.277639e+16
9854	4.963530e+15	7.256631e+01	3.400556e+01	1.671050e+16
9855	4.963737e+15	8.203955e+01	3.510426e+01	6.493790e+15
9856	4.963941e+15	7.149113e+01	3.351065e+01	1.497891e+16
9857	4.964150e+15	6.745291e+01	3.446803e+01	1.176512e+16
9858	4.964361e+15	5.992344e+01	3.442273e+01	5.047186e+15
9859	4.964570e+15	5.893227e+01	3.373997e+01	1.241640e+16
9860	4.964778e+15	5.833655e+01	3.376539e+01	1.535989e+16
9861	4.964983e+15	6.256893e+01	3.223921e+01	1.017141e+16
9862	4.965193e+15	6.278201e+01	3.303238e+01	2.613375e+15
9863	4.965403e+15	5.213455e+01	3.227509e+01	5.864896e+15
9864	4.965620e+15	4.690799e+01	3.226605e+01	6.729503e+15
9865	4.965843e+15	4.566664e+01	3.281617e+01	2.353298e+16
9866	4.966069e+15	4.056432e+01	3.039356e+01	1.244024e+16
9867	4.966313e+15	4.983091e+01	3.587654e+01	7.321480e+15
9868	4.966547e+15	5.444569e+01	3.373927e+01	1.529588e+16
9869	4.966788e+15	6.542592e+01	3.715067e+01	2.268123e+16
9870	4.967015e+15	7.052441e+01	3.524368e+01	1.730241e+16
9871	4.967239e+15	6.216124e+01	3.403609e+01	6.410106e+15
9872	4.967466e+15	5.735523e+01	3.514107e+01	1.056580e+16
9873	4.967687e+15	5.999862e+01	3.457203e+01	1.315053e+16
9874	4.967899e+15	6.201587e+01	3.396835e+01	4.670148e+15
9875	4.968105e+15	6.700315e+01	3.303720e+01	1.488969e+16
9876	4.968312e+15	7.259065e+01	3.360444e+01	1.512238e+16
9877	4.968515e+15	7.020437e+01	3.422855e+01	1.240090e+16
9878	4.968717e+15	7.092093e+01	3.453717e+01	1.209790e+16
9879	4.968916e+15	6.574519e+01	3.390072e+01	7.652345e+15
9880	4.969117e+15	6.177312e+01	3.368914e+01	1.071919e+16
9881	4.969318e+15	6.100921e+01	3.268607e+01	1.595736e+16
9882	4.969522e+15	5.906095e+01	3.357408e+01	1.031381e+16
9883	4.969723e+15	6.429347e+01	3.308459e+01	1.001319e+16
9884	4.969924e+15	6.230051e+01	3.169105e+01	1.001323e+16
9885	4.970127e+15	6.262797e+01	3.180543e+01	1.780837e+16
9886	4.970332e+15	6.403424e+01	3.195839e+01	1.084239e+16
9887	4.970538e+15	7.483798e+01	3.432340e+01	1.405587e+16
9888	4.970734e+15	8.113761e+01	3.246663e+01	9.518749e+15
9889	4.970928e+15	7.546388e+01	3.283347e+01	9.920579e+15
9890	4.971117e+15	5.870510e+01	3.065127e+01	1.352308e+16
9891	4.971311e+15	6.481973e+01	3.280429e+01	6.866782e+15
9892	4.971501e+15	6.734130e+01	3.179912e+01	1.277747e+16
9893	4.971693e+15	7.004533e+01	3.317143e+01	1.020632e+16
9894	4.971881e+15	6.725933e+01	2.961561e+01	1.498337e+16
9895	4.972075e+15	6.538029e+01	3.187760e+01	4.923453e+15
9896	4.972267e+15	5.950363e+01	3.058377e+01	7.236011e+15
9897	4.972465e+15	4.787086e+01	2.965401e+01	1.088761e+16
9898	4.972672e+15	4.436387e+01	3.229096e+01	9.367831e+15
9899	4.972875e+15	3.726324e+01	3.364638e+01	9.920228e+15
9900	4.973081e+15	3.162363e+01	3.154172e+01	1.146069e+16
9901	4.973301e+15	3.827854e+01	3.286213e+01	1.258485e+16
9902	4.973523e+15	3.982140e+01	3.447811e+01	1.167851e+16
9903	4.973737e+15	3.895186e+01	3.137527e+01	1.835730e+16
9904	4.973955e+15	4.270507e+01	3.319592e+01	2.210796e+16
9905	4.974165e+15	4.995550e+01	3.400273e+01	1.263068e+16
9906	4.974366e+15	6.065746e+01	3.303693e+01	3.692183e+16
9907	4.974567e+15	7.313048e+01	3.571645e+01	1.530963e+16
9908	4.974758e+15	7.486240e+01	3.478552e+01	1.438317e+16
9909	4.974944e+15	6.719324e+01	3.293375e+01	1.663882e+16
9910	4.975133e+15	6.291661e+01	3.448356e+01	1.333292e+16
9911	4.975322e+15	6.788509e+01	3.427997e+01	9.746764e+15
9912	4.975511e+15	7.620664e+01	3.541542e+01	1.787793e+16
9913	4.975697e+15	7.231452e+01	3.457549e+01	1.548097e+16
9914	4.975882e+15	5.939519e+01	3.427538e+01	1.415798e+16
9915	4.976067e+15	6.045339e+01	3.315439e+01	8.786965e+15
9916	4.976256e+15	5.650949e+01	3.288410e+01	9.998827e+15
9917	4.976450e+15	5.694523e+01	3.488455e+01	2.126105e+16
9918	4.976641e+15	5.712331e+01	3.274739e+01	8.250550e+15
9919	4.976837e+15	5.959705e+01	3.457335e+01	3.762842e+15
9920	4.977035e+15	6.286507e+01	3.456146e+01	1.103366e+16
9921	4.977237e+15	5.789200e+01	3.399170e+01	7.233050e+15
9922	4.977444e+15	6.049517e+01	3.416825e+01	6.927132e+15
9923	4.977656e+15	6.377216e+01	3.542144e+01	1.923324e+16
9924	4.977868e+15	7.036446e+01	3.545710e+01	1.140049e+15
9925	4.978079e+15	6.801453e+01	3.432852e+01	1.292976e+16
9926	4.978290e+15	6.715397e+01	3.533771e+01	7.107756e+15
9927	4.978496e+15	6.586768e+01	3.421793e+01	8.089459e+15
9928	4.978700e+15	6.752889e+01	3.475613e+01	8.082916e+15
9929	4.978902e+15	6.183191e+01	3.358273e+01	2.364682e+16
9930	4.979107e+15	6.529075e+01	3.533575e+01	6.717715e+15
9931	4.979307e+15	6.935507e+01	3.290848e+01	6.510167e+15
9932	4.979509e+15	6.929147e+01	3.348276e+01	9.678490e+15
9933	4.979709e+15	6.632173e+01	3.364844e+01	1.133025e+16
9934	4.979906e+15	6.017927e+01	3.196229e+01	8.451760e+15
9935	4.980106e+15	5.865223e+01	3.311935e+01	1.879232e+16
9936	4.980307e+15	5.711926e+01	3.291911e+01	4.465036e+15
9937	4.980511e+15	5.816642e+01	3.430858e+01	9.024730e+15
9938	4.980714e+15	6.381498e+01	3.412986e+01	1.240585e+16
9939	4.980915e+15	6.165688e+01	3.334064e+01	1.497926e+16
9940	4.981117e+15	6.459980e+01	3.310545e+01	1.512889e+16
9941	4.981319e+15	5.667638e+01	3.292753e+01	1.655608e+16
9942	4.981521e+15	6.101178e+01	3.301275e+01	1.216371e+16
9943	4.981721e+15	6.335254e+01	3.298470e+01	1.433904e+16
9944	4.981920e+15	6.326558e+01	3.153122e+01	1.308462e+16
9945	4.982126e+15	7.211033e+01	3.297420e+01	1.788324e+16
9946	4.982328e+15	5.795454e+01	3.082735e+01	1.624178e+16
9947	4.982534e+15	5.433400e+01	3.237558e+01	1.151287e+16
9948	4.982740e+15	6.074469e+01	3.168104e+01	1.138771e+16
9949	4.982945e+15	6.291003e+01	3.228713e+01	1.739961e+16
9950	4.983150e+15	6.973453e+01	3.266746e+01	4.987435e+15
9951	4.983350e+15	6.058363e+01	3.064915e+01	1.452702e+16
9952	4.983555e+15	6.582698e+01	3.196255e+01	1.769991e+16
9953	4.983760e+15	6.988712e+01	3.157406e+01	7.289179e+15
9954	4.983964e+15	7.117980e+01	3.138755e+01	8.132171e+15
9955	4.984171e+15	6.447898e+01	3.277326e+01	8.417260e+15
9956	4.984379e+15	5.791292e+01	3.169860e+01	1.194105e+16
9957	4.984591e+15	5.443997e+01	3.346493e+01	9.590237e+15
9958	4.984797e+15	5.238536e+01	3.043214e+01	1.516714e+16
9959	4.985012e+15	4.846508e+01	3.222630e+01	1.200131e+16
9960	4.985228e+15	4.221016e+01	3.175561e+01	8.181464e+15
9961	4.985444e+15	4.814883e+01	3.316218e+01	8.264744e+15
9962	4.985653e+15	4.544247e+01	3.101138e+01	1.276240e+16
9963	4.985866e+15	5.476150e+01	3.102688e+01	9.378315e+15
9964	4.986083e+15	4.335445e+01	3.172536e+01	1.375793e+16
9965	4.986300e+15	3.576136e+01	3.099097e+01	8.878846e+15
9966	4.986520e+15	4.184051e+01	3.300482e+01	2.112329e+16
9967	4.986734e+15	5.144073e+01	3.278543e+01	4.420369e+15
9968	4.986946e+15	5.322719e+01	3.110878e+01	1.008145e+16
9969	4.987159e+15	5.024789e+01	3.079471e+01	6.313179e+15
9970	4.987377e+15	4.928481e+01	3.083180e+01	1.596246e+16
9971	4.987599e+15	4.571877e+01	3.116096e+01	5.268318e+15
9972	4.987820e+15	4.295428e+01	2.871023e+01	2.276795e+16
9973	4.988056e+15	3.533951e+01	3.125346e+01	2.120926e+16
9974	4.988296e+15	4.714840e+01	3.318947e+01	1.274800e+16
9975	4.988531e+15	6.127490e+01	3.432259e+01	2.195939e+16
9976	4.988757e+15	6.248742e+01	3.106426e+01	2.274383e+16
9977	4.988994e+15	5.703694e+01	3.502790e+01	1.273164e+16
9978	4.989221e+15	4.544107e+01	3.284208e+01	1.174559e+16
9979	4.989453e+15	4.385599e+01	3.480696e+01	1.683009e+16
9980	4.989677e+15	5.634203e+01	3.293091e+01	7.309867e+15
9981	4.989899e+15	6.645810e+01	3.368938e+01	5.700072e+15
9982	4.990112e+15	7.355871e+01	3.201845e+01	8.747058e+15
9983	4.990322e+15	6.734963e+01	2.960031e+01	1.003331e+16
9984	4.990539e+15	5.642762e+01	3.129938e+01	4.778600e+15
9985	4.990758e+15	5.524346e+01	3.196503e+01	6.003067e+15
9986	4.990974e+15	4.630085e+01	3.131787e+01	9.554956e+15
9987	4.991194e+15	4.463212e+01	3.117117e+01	7.045687e+15
9988	4.991414e+15	4.601127e+01	3.061074e+01	1.387868e+16
9989	4.991637e+15	5.498275e+01	2.922896e+01	4.714484e+15
9990	4.991869e+15	5.323659e+01	3.089909e+01	1.443311e+16
9991	4.992098e+15	4.498871e+01	3.068722e+01	1.620358e+16
9992	4.992328e+15	5.371755e+01	3.105539e+01	1.228258e+16
9993	4.992557e+15	5.039632e+01	3.143838e+01	9.518173e+15
9994	4.992784e+15	4.863402e+01	3.212223e+01	1.435093e+16
9995	4.993007e+15	5.402065e+01	3.170599e+01	1.301075e+16
9996	4.993227e+15	5.272900e+01	3.101660e+01	4.420401e+15
9997	4.993443e+15	5.633248e+01	3.156750e+01	1.130907e+16
9998	4.993653e+15	6.086110e+01	3.086303e+01	9.234937e+15
9999	4.993859e+15	7.103079e+01	3.069035e+01	6.250868e+15
10000	4.994060e+15	7.180552e+01	2.869712e+01	4.784655e+15
10001	4.994260e+15	7.337398e+01	2.860475e+01	2.782265e+15
10002	4.994462e+15	6.818495e+01	2.873311e+01	5.679093e+15
10003	4.994663e+15	6.048975e+01	2.822178e+01	1.303133e+16
10004	4.994866e+15	5.594258e+01	2.868950e+01	5.492846e+15
10005	4.995069e+15	5.987317e+01	2.917627e+01	1.240188e+16
10006	4.995272e+15	6.134129e+01	2.765374e+01	3.738387e+15
10007	4.995483e+15	5.619831e+01	2.931912e+01	1.598062e+16
10008	4.995696e+15	6.177330e+01	3.018454e+01	1.203876e+16
10009	4.995907e+15	6.957342e+01	3.009090e+01	1.156682e+16
10010	4.996118e+15	6.807984e+01	3.012879e+01	6.777866e+15
10011	4.996331e+15	6.038569e+01	3.039758e+01	1.902400e+16
10012	4.996546e+15	5.505836e+01	3.113006e+01	1.368598e+16
10013	4.996760e+15	5.583184e+01	3.192610e+01	1.047771e+16
10014	4.996971e+15	6.271929e+01	3.142607e+01	1.184486e+16
10015	4.997179e+15	6.784606e+01	2.938347e+01	1.894048e+16
10016	4.997371e+15	6.731774e+01	3.360928e+01	1.153718e+16
10017	4.997558e+15	6.783010e+01	3.467392e+01	1.271651e+16
10018	4.997742e+15	6.984800e+01	3.612100e+01	1.524053e+16
10019	4.997917e+15	6.836259e+01	3.665553e+01	1.764956e+16
10020	4.998086e+15	7.177480e+01	3.681092e+01	1.664423e+16
10021	4.998246e+15	7.912834e+01	3.721269e+01	9.754163e+15
10022	4.998399e+15	7.700769e+01	3.657289e+01	5.566442e+15
10023	4.998548e+15	7.883433e+01	3.628361e+01	7.239255e+15
10024	4.998692e+15	7.981689e+01	3.745842e+01	8.868834e+15
10025	4.998827e+15	1.011461e+02	3.510325e+01	4.756826e+15
10026	4.998956e+15	1.260393e+02	3.368187e+01	6.540131e+15
10027	4.999082e+15	1.203229e+02	3.412753e+01	5.821198e+15
10028	4.999204e+15	9.929069e+01	3.303821e+01	1.019899e+16
10029	4.999323e+15	1.158317e+02	3.273021e+01	0.000000e+00
10030	4.999441e+15	1.358656e+02	3.164101e+01	1.021904e+16
10031	4.999559e+15	1.420337e+02	3.099365e+01	5.406770e+15
10032	4.999677e+15	1.196359e+02	3.030453e+01	4.656809e+15
10033	4.999795e+15	1.092652e+02	2.874079e+01	2.225413e+15
10034	4.999917e+15	1.002261e+02	2.747922e+01	4.040067e+15
10035	5.000046e+15	9.193080e+01	2.706944e+01	5.742227e+15
10036	5.000183e+15	7.787099e+01	2.678354e+01	6.406391e+15
10037	5.000331e+15	6.718015e+01	2.621155e+01	6.635462e+15
10038	5.000492e+15	6.235052e+01	2.578522e+01	1.043846e+16
10039	5.000669e+15	5.820358e+01	2.581718e+01	8.251853e+15
10040	5.000864e+15	5.560379e+01	2.615859e+01	9.449762e+15
10041	5.001077e+15	4.776572e+01	2.546517e+01	1.218487e+16
10042	5.001315e+15	3.891153e+01	2.501716e+01	1.067491e+16
10043	5.001588e+15	3.778852e+01	2.743788e+01	1.756179e+16
10044	5.001883e+15	3.633551e+01	3.075789e+01	1.023923e+16
10045	5.002175e+15	3.556649e+01	3.046269e+01	2.423080e+16
10046	5.002469e+15	3.506074e+01	3.010382e+01	2.749671e+16
10047	5.002767e+15	3.124492e+01	3.292274e+01	1.883308e+16
10048	5.003051e+15	3.339639e+01	3.194547e+01	2.029067e+16
10049	5.003322e+15	4.058609e+01	3.168090e+01	1.834236e+16
10050	5.003579e+15	3.434307e+01	3.015735e+01	8.813206e+15
10051	5.003826e+15	3.344544e+01	2.955363e+01	1.385927e+16
10052	5.004064e+15	4.293302e+01	2.950109e+01	1.589127e+16
10053	5.004293e+15	5.466613e+01	3.037618e+01	1.383972e+16
10054	5.004514e+15	5.193938e+01	3.044297e+01	1.071839e+16
10055	5.004731e+15	5.654300e+01	3.150818e+01	8.891687e+15
10056	5.004945e+15	6.541727e+01	3.169181e+01	6.471766e+15
10057	5.005153e+15	6.437953e+01	3.125952e+01	5.068706e+15
10058	5.005358e+15	6.798484e+01	3.154132e+01	1.096878e+16
10059	5.005559e+15	6.746102e+01	3.116817e+01	1.780134e+16
10060	5.005759e+15	5.429869e+01	3.005810e+01	1.508945e+16
10061	5.005965e+15	5.766706e+01	2.993733e+01	1.237005e+16
10062	5.006168e+15	6.427347e+01	3.027748e+01	6.975001e+15
10063	5.006371e+15	6.487447e+01	3.033717e+01	6.555032e+15
10064	5.006574e+15	6.947161e+01	3.035474e+01	1.167623e+16
10065	5.006779e+15	6.112959e+01	2.850303e+01	6.303858e+15
10066	5.006993e+15	4.995838e+01	2.970308e+01	7.886465e+15
10067	5.007212e+15	5.278922e+01	2.884515e+01	1.334913e+16
10068	5.007434e+15	6.277659e+01	2.915943e+01	1.161714e+16
10069	5.007659e+15	5.536528e+01	3.068011e+01	1.426950e+16
10070	5.007877e+15	4.787535e+01	3.027979e+01	9.522196e+15
10071	5.008092e+15	7.410705e+01	3.876694e+01	1.107326e+16
10072	5.008256e+15	8.621858e+01	3.567506e+01	1.056069e+16
10073	5.008415e+15	8.997514e+01	3.662690e+01	9.660139e+15
10074	5.008566e+15	8.370468e+01	3.310174e+01	1.467476e+16
10075	5.008715e+15	1.123257e+02	3.357830e+01	1.264816e+16
10076	5.008842e+15	9.868210e+01	3.538096e+01	2.122590e+16
10077	5.008966e+15	9.012881e+01	3.743724e+01	8.628957e+15
10078	5.009084e+15	1.206307e+02	3.834002e+01	7.039609e+15
10079	5.009195e+15	1.487574e+02	3.648946e+01	8.639575e+15
10080	5.009306e+15	1.600529e+02	3.796930e+01	1.140436e+16
10081	5.009414e+15	1.808761e+02	3.580323e+01	8.867552e+15
10082	5.009522e+15	1.905140e+02	3.514099e+01	1.106145e+16
10083	5.009628e+15	1.578953e+02	3.421687e+01	8.700422e+15
10084	5.009734e+15	1.268166e+02	3.378040e+01	4.545612e+15
10085	5.009840e+15	1.025684e+02	3.109131e+01	7.094798e+15
10086	5.009950e+15	1.007731e+02	3.292166e+01	7.438000e+15
10087	5.010062e+15	1.332130e+02	3.287566e+01	1.154433e+16
10088	5.010175e+15	1.380218e+02	3.175583e+01	1.105794e+16
10089	5.010292e+15	1.344323e+02	3.276989e+01	1.804686e+16
10090	5.010408e+15	1.121029e+02	2.859674e+01	7.178802e+15
10091	5.010533e+15	8.813679e+01	2.762260e+01	1.246395e+16
10092	5.010671e+15	8.959018e+01	2.826324e+01	1.070728e+16
10093	5.010821e+15	7.978569e+01	2.712843e+01	1.026771e+16
10094	5.010988e+15	6.254371e+01	2.612284e+01	9.819647e+15
10095	5.011175e+15	6.056993e+01	2.553604e+01	1.661592e+16
10096	5.011391e+15	5.488502e+01	2.804173e+01	1.720308e+16
10097	5.011627e+15	4.967310e+01	2.826201e+01	1.455115e+16
10098	5.011880e+15	4.633124e+01	2.824275e+01	1.358187e+16
10099	5.012155e+15	4.329235e+01	3.160960e+01	2.304148e+16
10100	5.012430e+15	3.759658e+01	3.074569e+01	2.456089e+16
10101	5.012712e+15	3.730674e+01	3.341259e+01	1.252687e+16
10102	5.012985e+15	4.521450e+01	3.188017e+01	1.276794e+16
10103	5.013256e+15	5.340169e+01	3.415424e+01	1.625667e+16
10104	5.013513e+15	5.041263e+01	3.228229e+01	1.746858e+16
10105	5.013766e+15	5.042455e+01	3.308400e+01	5.930000e+15
10106	5.014010e+15	4.940363e+01	3.355863e+01	1.261562e+16
10107	5.014246e+15	4.649819e+01	3.358173e+01	2.013610e+16
10108	5.014473e+15	4.751454e+01	3.395398e+01	7.037808e+15
10109	5.014689e+15	5.460308e+01	3.321912e+01	4.547040e+15
10110	5.014898e+15	7.221926e+01	3.329554e+01	1.155992e+16
10111	5.015102e+15	7.632521e+01	3.241559e+01	1.299649e+16
10112	5.015300e+15	6.732525e+01	3.259706e+01	6.158143e+15
10113	5.015496e+15	7.231440e+01	3.069516e+01	7.581405e+15
10114	5.015695e+15	7.931520e+01	3.148355e+01	1.581876e+16
10115	5.015894e+15	7.403774e+01	3.236039e+01	7.502518e+14
10116	5.016091e+15	6.781116e+01	3.235053e+01	9.690652e+15
10117	5.016291e+15	6.769150e+01	3.279134e+01	1.270355e+16
10118	5.016489e+15	6.887526e+01	3.154498e+01	1.733669e+16
10119	5.016694e+15	6.297583e+01	3.209370e+01	1.337840e+16
10120	5.016901e+15	6.995294e+01	3.218399e+01	1.601847e+16
10121	5.017110e+15	7.693812e+01	3.247663e+01	5.849793e+15
10122	5.017317e+15	7.292905e+01	3.168412e+01	6.059683e+15
10123	5.017525e+15	6.486466e+01	3.223756e+01	9.524218e+15
10124	5.017731e+15	6.418627e+01	3.224296e+01	1.031010e+16
10125	5.017933e+15	7.625789e+01	2.998804e+01	9.993833e+15
10126	5.018139e+15	7.027023e+01	3.058147e+01	1.242389e+16
10127	5.018345e+15	5.638769e+01	2.957524e+01	1.072066e+16
10128	5.018553e+15	5.907544e+01	2.992442e+01	1.284816e+16
10129	5.018759e+15	5.362259e+01	2.784016e+01	7.954851e+15
10130	5.018972e+15	6.219414e+01	3.013473e+01	1.331369e+16
10131	5.019181e+15	6.639752e+01	2.993410e+01	1.160594e+16
10132	5.019391e+15	6.221821e+01	2.974180e+01	1.004023e+16
10133	5.019603e+15	5.980992e+01	3.026941e+01	8.544090e+15
10134	5.019813e+15	5.848671e+01	2.955352e+01	1.218496e+16
10135	5.020022e+15	5.999422e+01	2.921250e+01	1.434084e+16
10136	5.020232e+15	6.351344e+01	2.925144e+01	9.972823e+15
10137	5.020441e+15	5.933310e+01	2.893375e+01	1.276223e+16
10138	5.020650e+15	5.458855e+01	2.905429e+01	6.407009e+15
10139	5.020855e+15	5.892552e+01	2.825202e+01	9.005039e+15
10140	5.021062e+15	6.512151e+01	2.869140e+01	1.553790e+16
10141	5.021266e+15	6.615441e+01	2.875771e+01	1.677844e+16
10142	5.021467e+15	5.166365e+01	2.649364e+01	1.091987e+16
10143	5.021676e+15	5.468209e+01	2.733993e+01	3.834777e+15
10144	5.021889e+15	5.385783e+01	2.730757e+01	3.925381e+15
10145	5.022106e+15	6.175492e+01	2.975267e+01	1.401390e+16
10146	5.022315e+15	5.836289e+01	2.777869e+01	3.847767e+15
10147	5.022529e+15	4.978976e+01	2.715540e+01	1.030574e+16
10148	5.022750e+15	5.280635e+01	2.884389e+01	1.150391e+16
10149	5.022969e+15	6.355728e+01	2.862995e+01	1.564092e+16
10150	5.023187e+15	5.587749e+01	2.714760e+01	2.397502e+16
10151	5.023412e+15	4.855206e+01	2.963667e+01	1.089604e+16
10152	5.023639e+15	5.351716e+01	2.996075e+01	1.842922e+16
10153	5.023869e+15	5.094723e+01	3.070689e+01	9.971394e+15
10154	5.024095e+15	5.859870e+01	3.167200e+01	9.727593e+15
10155	5.024316e+15	7.010765e+01	3.119481e+01	8.187483e+15
10156	5.024538e+15	6.887490e+01	3.227182e+01	1.106867e+16
10157	5.024752e+15	5.640025e+01	2.906365e+01	1.311470e+16
10158	5.024974e+15	5.763834e+01	3.230361e+01	1.692215e+16
10159	5.025187e+15	4.583419e+01	3.005797e+01	1.746722e+16
10160	5.025406e+15	5.543045e+01	3.255557e+01	1.280274e+16
10161	5.025615e+15	5.019730e+01	2.902529e+01	2.250637e+16
10162	5.025834e+15	4.944318e+01	3.160049e+01	1.879929e+16
10163	5.026049e+15	5.127708e+01	2.850289e+01	1.348987e+16
10164	5.026276e+15	5.085369e+01	2.943132e+01	1.003321e+16
10165	5.026511e+15	5.090008e+01	2.913928e+01	1.773841e+16
10166	5.026754e+15	4.855638e+01	3.081245e+01	1.799328e+16
10167	5.026995e+15	5.113450e+01	3.051419e+01	1.022740e+16
10168	5.027231e+15	4.769159e+01	3.136514e+01	1.054807e+16
10169	5.027464e+15	5.251868e+01	3.105718e+01	1.305973e+16
10170	5.027697e+15	5.539207e+01	3.164220e+01	9.054913e+15
10171	5.027926e+15	5.744786e+01	3.347185e+01	1.685404e+16
10172	5.028147e+15	5.521232e+01	3.236214e+01	1.210042e+16
10173	5.028364e+15	5.515085e+01	3.249750e+01	1.239407e+16
10174	5.028580e+15	5.713724e+01	3.283723e+01	1.371124e+16
10175	5.028792e+15	5.934713e+01	3.193005e+01	1.073514e+16
10176	5.029000e+15	4.859597e+01	3.040261e+01	1.339404e+16
10177	5.029213e+15	5.104373e+01	3.184266e+01	4.973599e+15
10178	5.029421e+15	5.672549e+01	2.820683e+01	6.547131e+15
10179	5.029640e+15	5.110281e+01	3.174324e+01	1.441424e+16
10180	5.029852e+15	4.402630e+01	2.881987e+01	1.115479e+16
10181	5.030075e+15	3.840823e+01	3.011514e+01	1.228855e+16
10182	5.030301e+15	5.050186e+01	3.185521e+01	1.076834e+16
10183	5.030519e+15	7.185956e+01	3.186669e+01	1.566928e+16
10184	5.030730e+15	7.216858e+01	2.943379e+01	1.500478e+16
10185	5.030946e+15	5.789838e+01	2.869210e+01	1.333263e+16
10186	5.031165e+15	5.989304e+01	2.984464e+01	1.675402e+16
10187	5.031376e+15	6.947986e+01	2.914518e+01	3.576921e+15
10188	5.031589e+15	5.863623e+01	3.031026e+01	9.307973e+15
10189	5.031794e+15	4.556853e+01	2.822184e+01	1.135180e+16
10190	5.032005e+15	4.774237e+01	2.949490e+01	1.074163e+16
10191	5.032216e+15	4.806576e+01	2.944540e+01	8.564868e+15
10192	5.032427e+15	5.153653e+01	3.004159e+01	1.139995e+16
10193	5.032634e+15	5.334080e+01	2.961557e+01	4.379184e+15
10194	5.032842e+15	5.679145e+01	3.000000e+01	1.718241e+16
10195	5.033048e+15	5.911916e+01	2.776331e+01	4.549013e+15
10196	5.033261e+15	5.230252e+01	2.811597e+01	1.502154e+16
10197	5.033483e+15	5.008426e+01	3.071225e+01	1.768490e+16
10198	5.033701e+15	5.198343e+01	2.969930e+01	1.178846e+16
10199	5.033921e+15	5.123909e+01	3.018477e+01	1.641425e+16
10200	5.034136e+15	4.402513e+01	2.885958e+01	1.204033e+16
10201	5.034355e+15	4.504656e+01	2.953287e+01	1.789926e+16
10202	5.034580e+15	5.198507e+01	2.962061e+01	9.476154e+15
10203	5.034805e+15	5.206381e+01	2.905108e+01	1.721952e+16
10204	5.035031e+15	5.025564e+01	2.996620e+01	6.575139e+15
10205	5.035255e+15	4.771494e+01	2.925684e+01	1.119426e+16
10206	5.035480e+15	4.314530e+01	2.942627e+01	2.259613e+16
10207	5.035707e+15	4.559470e+01	3.056673e+01	6.910190e+15
10208	5.035930e+15	4.765338e+01	3.013061e+01	1.698011e+16
10209	5.036152e+15	5.331112e+01	3.138904e+01	2.435115e+15
10210	5.036372e+15	5.479967e+01	3.152856e+01	1.189671e+16
10211	5.036591e+15	5.777798e+01	3.190162e+01	1.652037e+16
10212	5.036805e+15	5.801701e+01	3.280406e+01	6.313526e+15
10213	5.037009e+15	5.772421e+01	3.070839e+01	1.515764e+16
10214	5.037214e+15	6.226527e+01	3.018766e+01	7.775686e+15
10215	5.037419e+15	5.815566e+01	3.009792e+01	5.606782e+15
10216	5.037626e+15	5.384715e+01	3.094179e+01	1.598675e+16
10217	5.037835e+15	6.269670e+01	3.125003e+01	1.133638e+16
10218	5.038045e+15	6.274847e+01	3.120414e+01	1.059391e+16
10219	5.038259e+15	5.191820e+01	3.064556e+01	1.562747e+16
10220	5.038471e+15	4.970027e+01	2.962437e+01	1.139733e+16
10221	5.038691e+15	5.659467e+01	2.899167e+01	1.509730e+16
10222	5.038919e+15	5.788313e+01	3.133267e+01	1.225639e+16
10223	5.039141e+15	5.621167e+01	2.851230e+01	1.077003e+16
10224	5.039373e+15	5.204284e+01	2.930252e+01	1.437637e+16
10225	5.039611e+15	5.713187e+01	3.124134e+01	8.897041e+15
10226	5.039842e+15	5.920102e+01	2.997130e+01	1.485924e+16
10227	5.040071e+15	5.769304e+01	3.097851e+01	1.424130e+16
10228	5.040294e+15	6.032251e+01	2.983843e+01	1.188503e+16
10229	5.040517e+15	6.021903e+01	3.018900e+01	1.299293e+16
10230	5.040735e+15	5.526632e+01	3.039846e+01	1.790343e+16
10231	5.040948e+15	4.856536e+01	2.985431e+01	9.314053e+15
10232	5.041158e+15	4.419032e+01	3.054798e+01	5.216729e+15
10233	5.041364e+15	5.109130e+01	3.042958e+01	1.166984e+16
10234	5.041568e+15	5.496115e+01	3.035024e+01	6.239808e+15
10235	5.041770e+15	6.784423e+01	3.058091e+01	8.721228e+15
10236	5.041969e+15	7.799481e+01	3.157631e+01	7.418487e+15
10237	5.042166e+15	7.475599e+01	3.001202e+01	1.422649e+16
10238	5.042366e+15	7.642041e+01	3.067184e+01	1.156070e+16
10239	5.042565e+15	6.726596e+01	2.870128e+01	1.346423e+16
10240	5.042767e+15	6.428601e+01	3.039434e+01	1.342412e+16
10241	5.042967e+15	5.449159e+01	2.847948e+01	4.625695e+15
10242	5.043177e+15	5.453470e+01	3.089122e+01	9.182855e+15
10243	5.043387e+15	5.546544e+01	3.080624e+01	6.082241e+15
10244	5.043599e+15	4.929630e+01	2.985927e+01	2.650973e+16
10245	5.043816e+15	5.206499e+01	3.087125e+01	1.023880e+16
10246	5.044034e+15	6.311753e+01	3.133823e+01	2.567939e+16
10247	5.044255e+15	5.751777e+01	3.042119e+01	5.287598e+15
10248	5.044478e+15	5.095024e+01	3.071205e+01	1.588517e+16
10249	5.044705e+15	5.331998e+01	3.154922e+01	1.088764e+16
10250	5.044941e+15	6.326729e+01	3.339433e+01	1.360217e+16
10251	5.045175e+15	6.168889e+01	3.466388e+01	1.254473e+16
10252	5.045401e+15	4.683520e+01	3.218731e+01	1.716728e+16
10253	5.045631e+15	4.680021e+01	3.331240e+01	1.469224e+16
10254	5.045855e+15	5.154115e+01	3.310526e+01	1.223018e+16
10255	5.046072e+15	6.103138e+01	3.287284e+01	1.019840e+16
10256	5.046283e+15	7.266605e+01	3.334066e+01	1.581291e+16
10257	5.046487e+15	7.448935e+01	3.302533e+01	1.092327e+16
10258	5.046688e+15	6.793930e+01	3.208937e+01	7.003725e+15
10259	5.046888e+15	7.181011e+01	3.312242e+01	8.726230e+15
10260	5.047086e+15	7.079709e+01	3.189106e+01	2.002553e+16
10261	5.047285e+15	7.380258e+01	3.166789e+01	1.538084e+16
10262	5.047486e+15	6.520578e+01	3.252705e+01	1.207577e+16
10263	5.047685e+15	5.708048e+01	3.181729e+01	8.518350e+15
10264	5.047886e+15	5.575397e+01	3.172445e+01	1.226524e+16
10265	5.048087e+15	4.898599e+01	2.993634e+01	4.532985e+15
10266	5.048299e+15	5.046546e+01	3.228667e+01	9.474234e+15
10267	5.048510e+15	5.219539e+01	3.044337e+01	1.124931e+16
10268	5.048732e+15	5.048233e+01	3.184116e+01	4.813925e+15
10269	5.048956e+15	5.199122e+01	3.261562e+01	9.468461e+15
10270	5.049180e+15	5.440139e+01	3.232551e+01	1.890769e+16
10271	5.049406e+15	5.082860e+01	3.186288e+01	4.911135e+15
10272	5.049636e+15	4.863656e+01	3.288384e+01	1.470011e+16
10273	5.049862e+15	3.931780e+01	3.175677e+01	9.522707e+15
10274	5.050090e+15	4.529928e+01	3.352994e+01	6.461268e+15
10275	5.050314e+15	5.370527e+01	3.274285e+01	1.208857e+16
10276	5.050538e+15	6.595866e+01	3.383344e+01	1.683802e+16
10277	5.050754e+15	6.623205e+01	3.289403e+01	1.308493e+16
10278	5.050967e+15	5.080716e+01	3.226737e+01	3.559965e+15
10279	5.051180e+15	3.773311e+01	3.025681e+01	1.039298e+16
10280	5.051400e+15	4.493612e+01	3.378270e+01	3.812044e+15
10281	5.051609e+15	5.190362e+01	3.095188e+01	9.888310e+15
10282	5.051825e+15	4.569747e+01	3.149250e+01	8.189931e+15
10283	5.052042e+15	4.377660e+01	3.234759e+01	5.069297e+15
10284	5.052256e+15	5.662095e+01	3.109108e+01	2.010978e+15
10285	5.052473e+15	5.442897e+01	3.168732e+01	1.456769e+16
10286	5.052691e+15	5.213298e+01	3.183852e+01	1.249122e+16
10287	5.052910e+15	5.294423e+01	3.092625e+01	6.597244e+15
10288	5.053136e+15	5.462344e+01	3.540585e+01	4.904121e+15
10289	5.053347e+15	7.078129e+01	3.307287e+01	0.000000e+00
10290	5.053558e+15	6.268612e+01	3.547809e+01	7.089999e+15
10291	5.053760e+15	4.759635e+01	3.332261e+01	1.194833e+16
10292	5.053965e+15	5.703904e+01	3.532431e+01	8.512056e+15
10293	5.054161e+15	6.350913e+01	3.384410e+01	6.941414e+15
10294	5.054353e+15	5.797258e+01	3.310189e+01	1.231408e+16
10295	5.054544e+15	5.914406e+01	3.178077e+01	1.071065e+16
10296	5.054734e+15	6.496850e+01	3.103463e+01	5.644136e+15
10297	5.054926e+15	6.636850e+01	3.003070e+01	1.090161e+16
10298	5.055113e+15	6.487579e+01	2.941175e+01	7.279688e+15
10299	5.055303e+15	5.899329e+01	2.917281e+01	1.309410e+16
10300	5.055500e+15	6.153252e+01	3.102054e+01	1.543773e+16
10301	5.055697e+15	5.396788e+01	2.926240e+01	1.336485e+16
10302	5.055903e+15	4.994446e+01	2.931614e+01	2.431585e+15
10303	5.056118e+15	5.427452e+01	3.190595e+01	1.016367e+16
10304	5.056326e+15	6.538005e+01	3.049744e+01	1.471123e+16
10305	5.056533e+15	7.042467e+01	2.941842e+01	1.168933e+16
10306	5.056737e+15	6.604168e+01	2.979902e+01	1.018126e+16
10307	5.056939e+15	7.162694e+01	3.251680e+01	2.038087e+16
10308	5.057130e+15	6.562709e+01	3.076951e+01	1.535706e+16
10309	5.057321e+15	6.375142e+01	3.077679e+01	4.783092e+15
10310	5.057512e+15	7.300095e+01	3.216495e+01	2.092527e+16
10311	5.057698e+15	6.818138e+01	3.061129e+01	5.045316e+15
10312	5.057882e+15	5.911152e+01	2.985935e+01	7.576037e+15
10313	5.058072e+15	6.231311e+01	3.182193e+01	9.620386e+15
10314	5.058258e+15	6.574258e+01	3.085564e+01	2.209961e+15
10315	5.058447e+15	6.246765e+01	3.039534e+01	5.125704e+15
10316	5.058639e+15	5.558008e+01	2.887075e+01	1.365011e+16
10317	5.058838e+15	5.108579e+01	2.639692e+01	8.598392e+15
10318	5.059053e+15	5.224055e+01	3.002258e+01	1.073197e+16
10319	5.059269e+15	5.841631e+01	3.090142e+01	1.262238e+16
10320	5.059482e+15	7.931603e+01	2.860927e+01	7.248834e+15
10321	5.059703e+15	7.323554e+01	3.145886e+01	9.833927e+15
10322	5.059919e+15	4.770216e+01	2.854373e+01	1.550392e+16
10323	5.060149e+15	5.025865e+01	3.313355e+01	1.039010e+16
10324	5.060369e+15	4.479629e+01	3.054782e+01	7.612270e+15
10325	5.060591e+15	4.221175e+01	3.318093e+01	8.964269e+15
10326	5.060802e+15	6.007540e+01	3.202605e+01	9.279840e+15
10327	5.061009e+15	8.410332e+01	3.160095e+01	5.127098e+15
10328	5.061211e+15	8.145582e+01	3.213286e+01	2.229720e+16
10329	5.061410e+15	7.162543e+01	2.975007e+01	1.595598e+16
10330	5.061614e+15	7.074589e+01	3.151816e+01	1.828962e+16
10331	5.061815e+15	7.383644e+01	3.102820e+01	1.363468e+16
10332	5.062013e+15	7.473867e+01	3.044851e+01	1.870462e+16
10333	5.062211e+15	6.519656e+01	2.914419e+01	1.449492e+16
10334	5.062413e+15	6.022874e+01	2.949775e+01	1.421049e+16
10335	5.062615e+15	6.564797e+01	2.675516e+01	1.223373e+16
10336	5.062822e+15	6.474469e+01	2.668710e+01	7.041482e+15
10337	5.063033e+15	6.105266e+01	2.830573e+01	7.368330e+15
10338	5.063241e+15	6.754406e+01	2.748019e+01	1.300998e+16
10339	5.063450e+15	6.515194e+01	2.905779e+01	2.066487e+16
10340	5.063655e+15	7.214635e+01	2.949054e+01	1.492917e+16
10341	5.063858e+15	6.659456e+01	2.866577e+01	1.405464e+16
10342	5.064066e+15	6.743296e+01	2.913785e+01	1.386010e+16
10343	5.064271e+15	5.400670e+01	2.821915e+01	7.449329e+15
10344	5.064481e+15	5.931027e+01	3.061004e+01	2.022569e+16
10345	5.064685e+15	5.929075e+01	2.650798e+01	1.059266e+16
10346	5.064897e+15	5.017010e+01	2.797707e+01	2.010221e+16
10347	5.065113e+15	5.340804e+01	2.967252e+01	1.404230e+16
10348	5.065326e+15	5.367831e+01	2.931607e+01	1.603748e+16
10349	5.065539e+15	5.542190e+01	2.984134e+01	1.442530e+16
10350	5.065750e+15	5.291220e+01	2.660853e+01	6.552322e+15
10351	5.065974e+15	4.531925e+01	2.716082e+01	1.090433e+16
10352	5.066209e+15	5.103813e+01	2.892756e+01	5.482251e+15
10353	5.066447e+15	5.186185e+01	2.778568e+01	1.709325e+16
10354	5.066692e+15	5.371410e+01	3.072565e+01	1.339315e+16
10355	5.066937e+15	4.899297e+01	3.420113e+01	1.108875e+16
10356	5.067162e+15	3.436251e+01	2.952825e+01	1.934867e+16
10357	5.067396e+15	3.956295e+01	3.284320e+01	1.634980e+16
10358	5.067624e+15	5.206312e+01	3.110484e+01	1.694817e+16
10359	5.067857e+15	5.448160e+01	3.365645e+01	1.352792e+16
10360	5.068082e+15	4.719748e+01	3.292227e+01	2.604683e+16
10361	5.068311e+15	4.763055e+01	3.534945e+01	1.937134e+16
10362	5.068536e+15	4.241971e+01	3.308166e+01	1.422675e+16
10363	5.068765e+15	4.003486e+01	3.255229e+01	1.648424e+16
10364	5.068995e+15	3.993483e+01	3.315818e+01	1.831223e+16
10365	5.069221e+15	4.797999e+01	3.320913e+01	6.028916e+15
10366	5.069444e+15	5.277614e+01	3.262109e+01	1.323164e+16
10367	5.069662e+15	5.971612e+01	3.193901e+01	1.179285e+16
10368	5.069880e+15	6.233867e+01	3.069466e+01	1.105737e+16
10369	5.070096e+15	5.120375e+01	2.989080e+01	1.241445e+16
10370	5.070316e+15	5.325572e+01	3.200527e+01	1.356959e+16
10371	5.070528e+15	5.079711e+01	2.960272e+01	8.696818e+15
10372	5.070745e+15	4.586941e+01	2.992525e+01	1.289699e+16
10373	5.070964e+15	5.546499e+01	3.153442e+01	8.577029e+15
10374	5.071186e+15	6.308476e+01	3.315238e+01	2.541479e+16
10375	5.071407e+15	5.678566e+01	3.428521e+01	2.249496e+16
10376	5.071627e+15	5.851745e+01	3.429959e+01	1.036723e+16
10377	5.071844e+15	6.769952e+01	3.461268e+01	1.017056e+16
10378	5.072058e+15	7.073194e+01	3.617544e+01	2.058922e+16
10379	5.072265e+15	6.273503e+01	3.258077e+01	1.231627e+16
10380	5.072474e+15	6.051174e+01	3.352459e+01	2.140251e+16
10381	5.072680e+15	5.932691e+01	3.352607e+01	1.383048e+16
10382	5.072886e+15	5.471527e+01	3.442265e+01	1.263022e+16
10383	5.073094e+15	5.367819e+01	3.540707e+01	8.172459e+15
10384	5.073300e+15	5.497601e+01	3.498610e+01	9.128154e+15
10385	5.073506e+15	5.700354e+01	3.385912e+01	1.245504e+16
10386	5.073716e+15	5.980329e+01	3.389533e+01	8.734241e+15
10387	5.073930e+15	5.390506e+01	3.437024e+01	1.691184e+16
10388	5.074146e+15	5.403017e+01	3.328540e+01	1.402502e+16
10389	5.074368e+15	5.606939e+01	3.410306e+01	1.376545e+16
10390	5.074592e+15	5.556066e+01	3.417323e+01	1.721783e+16
10391	5.074814e+15	5.656794e+01	3.399525e+01	9.253393e+15
10392	5.075035e+15	6.014683e+01	3.394676e+01	1.149654e+16
10393	5.075256e+15	6.303769e+01	3.434847e+01	7.263015e+15
10394	5.075474e+15	5.740648e+01	3.358697e+01	1.393063e+16
10395	5.075693e+15	5.678148e+01	3.478153e+01	1.258370e+16
10396	5.075907e+15	6.721718e+01	3.389252e+01	1.103094e+16
10397	5.076116e+15	7.046971e+01	3.269851e+01	1.499073e+16
10398	5.076325e+15	6.769246e+01	3.382536e+01	9.522413e+15
10399	5.076530e+15	6.536757e+01	3.276735e+01	1.059620e+16
10400	5.076734e+15	6.376375e+01	3.225448e+01	4.318455e+15
10401	5.076938e+15	6.946537e+01	3.356997e+01	1.493536e+16
10402	5.077136e+15	7.170233e+01	3.389244e+01	8.002489e+15
10403	5.077332e+15	6.569067e+01	3.451482e+01	5.429768e+15
10404	5.077526e+15	7.350393e+01	3.508950e+01	1.673473e+16
10405	5.077716e+15	7.378552e+01	3.383036e+01	7.017583e+15
10406	5.077908e+15	7.087240e+01	3.427790e+01	8.699149e+15
10407	5.078099e+15	7.009844e+01	3.303082e+01	5.899725e+15
10408	5.078290e+15	6.875175e+01	3.280142e+01	1.097020e+16
10409	5.078481e+15	6.211956e+01	3.169374e+01	1.057696e+16
10410	5.078675e+15	5.255143e+01	3.148250e+01	1.928695e+16
10411	5.078879e+15	5.842138e+01	3.455116e+01	1.742304e+16
10412	5.079084e+15	7.019855e+01	3.342429e+01	1.109248e+16
10413	5.079296e+15	7.381078e+01	3.474652e+01	1.080602e+16
10414	5.079509e+15	6.306443e+01	3.580973e+01	1.098002e+16
10415	5.079719e+15	4.840026e+01	3.419808e+01	1.413786e+16
10416	5.079936e+15	4.614646e+01	3.534412e+01	1.782633e+16
10417	5.080155e+15	4.654205e+01	3.410710e+01	2.421940e+16
10418	5.080381e+15	4.797609e+01	3.566054e+01	1.506485e+16
10419	5.080603e+15	4.633166e+01	3.260507e+01	9.430784e+15
10420	5.080841e+15	4.818893e+01	3.664181e+01	2.184418e+16
10421	5.081072e+15	4.348584e+01	3.707058e+01	1.037453e+16
10422	5.081293e+15	4.593779e+01	3.693016e+01	1.049341e+16
10423	5.081507e+15	5.345250e+01	3.542257e+01	1.502679e+16
10424	5.081716e+15	6.273860e+01	3.502920e+01	1.382797e+16
10425	5.081920e+15	6.155337e+01	3.541924e+01	1.425749e+16
10426	5.082120e+15	6.508349e+01	3.652324e+01	4.053723e+15
10427	5.082315e+15	6.570402e+01	3.579525e+01	1.347099e+16
10428	5.082511e+15	6.333711e+01	3.416780e+01	1.328318e+16
10429	5.082713e+15	5.437264e+01	3.382904e+01	1.130791e+16
10430	5.082916e+15	6.640425e+01	3.632728e+01	1.643504e+16
10431	5.083108e+15	8.081484e+01	3.208238e+01	7.065877e+15
10432	5.083304e+15	7.898028e+01	3.404898e+01	9.753756e+15
10433	5.083492e+15	6.315368e+01	3.189038e+01	6.829106e+15
10434	5.083684e+15	6.443823e+01	3.357074e+01	1.034880e+16
10435	5.083877e+15	6.542898e+01	3.482891e+01	9.432104e+15
10436	5.084071e+15	7.093226e+01	3.696197e+01	1.351658e+16
10437	5.084259e+15	6.886148e+01	3.425862e+01	9.158167e+15
10438	5.084447e+15	6.490237e+01	3.398030e+01	9.678997e+15
10439	5.084639e+15	7.674187e+01	3.431412e+01	1.411428e+16
10440	5.084830e+15	8.630432e+01	3.414972e+01	1.745112e+16
10441	5.085022e+15	7.612192e+01	3.227681e+01	1.405989e+16
10442	5.085219e+15	7.358851e+01	3.434660e+01	2.557805e+16
10443	5.085413e+15	6.105022e+01	3.318567e+01	1.289585e+16
10444	5.085615e+15	5.828710e+01	3.396871e+01	1.462936e+16
10445	5.085819e+15	6.402454e+01	3.209091e+01	1.914300e+16
10446	5.086027e+15	7.168846e+01	3.092227e+01	2.208821e+16
10447	5.086239e+15	6.831224e+01	3.210538e+01	1.474026e+16
10448	5.086455e+15	6.720293e+01	3.093156e+01	1.526469e+16
10449	5.086672e+15	5.702628e+01	3.097401e+01	1.318366e+16
10450	5.086897e+15	5.072629e+01	3.418514e+01	1.013196e+16
10451	5.087110e+15	5.895446e+01	3.199008e+01	1.365128e+16
10452	5.087332e+15	6.665020e+01	3.451788e+01	1.892082e+16
10453	5.087548e+15	6.011312e+01	3.406558e+01	1.162337e+16
10454	5.087765e+15	6.153355e+01	3.388708e+01	1.806036e+16
10455	5.087979e+15	6.808223e+01	3.342359e+01	5.461189e+15
10456	5.088191e+15	6.715328e+01	3.191602e+01	7.313617e+15
10457	5.088404e+15	6.425326e+01	3.345653e+01	1.872444e+16
10458	5.088611e+15	5.948451e+01	3.161547e+01	8.587465e+15
10459	5.088820e+15	6.519110e+01	3.281243e+01	2.152712e+16
10460	5.089024e+15	7.487236e+01	3.137712e+01	2.202265e+16
10461	5.089229e+15	7.281812e+01	3.275662e+01	1.101710e+16
10462	5.089427e+15	7.609835e+01	3.259755e+01	9.437122e+15
10463	5.089623e+15	7.880212e+01	3.283556e+01	1.696007e+16
10464	5.089818e+15	7.143405e+01	3.244754e+01	7.470254e+15
10465	5.090010e+15	7.024145e+01	3.229044e+01	1.658523e+16
10466	5.090198e+15	6.735061e+01	3.203025e+01	1.132671e+16
10467	5.090383e+15	5.847646e+01	3.107276e+01	1.209659e+16
10468	5.090578e+15	6.170008e+01	3.336694e+01	1.163552e+16
10469	5.090776e+15	5.389110e+01	3.324106e+01	1.914136e+16
10470	5.090976e+15	5.867227e+01	3.342604e+01	4.600902e+15
10471	5.091176e+15	5.919621e+01	3.142293e+01	1.438700e+16
10472	5.091380e+15	6.257081e+01	3.366163e+01	1.652703e+16
10473	5.091581e+15	6.087278e+01	3.016662e+01	2.340003e+16
10474	5.091793e+15	6.831121e+01	3.288721e+01	1.461647e+16
10475	5.092012e+15	6.054948e+01	3.213284e+01	1.634212e+16
10476	5.092245e+15	5.253673e+01	3.389051e+01	2.527487e+16
10477	5.092486e+15	5.671461e+01	3.592374e+01	1.826909e+16
10478	5.092721e+15	6.351373e+01	3.479935e+01	3.047014e+16
10479	5.092956e+15	6.360594e+01	3.437188e+01	1.040313e+16
10480	5.093191e+15	5.522582e+01	3.412004e+01	1.651497e+16
10481	5.093427e+15	5.288630e+01	3.673770e+01	8.158989e+15
10482	5.093653e+15	5.407266e+01	3.521871e+01	1.918230e+16
10483	5.093872e+15	5.624408e+01	3.422151e+01	8.684967e+15
10484	5.094086e+15	6.766749e+01	3.398192e+01	1.281093e+16
10485	5.094294e+15	7.822381e+01	3.255671e+01	1.178071e+16
10486	5.094505e+15	7.537274e+01	3.373331e+01	5.817836e+15
10487	5.094712e+15	6.230153e+01	3.570397e+01	2.483966e+16
10488	5.094917e+15	5.961747e+01	3.459079e+01	1.335118e+16
10489	5.095130e+15	6.473328e+01	3.620518e+01	8.829573e+15
10490	5.095340e+15	5.646334e+01	3.463098e+01	1.646344e+16
10491	5.095553e+15	5.357387e+01	3.435990e+01	1.670120e+16
10492	5.095764e+15	5.737307e+01	3.361919e+01	1.248310e+16
10493	5.095976e+15	6.005445e+01	3.354338e+01	8.554623e+15
10494	5.096187e+15	6.178536e+01	3.425181e+01	9.893897e+15
10495	5.096393e+15	5.079254e+01	3.041958e+01	1.156653e+16
10496	5.096611e+15	5.349173e+01	3.398218e+01	1.873849e+16
10497	5.096815e+15	6.027827e+01	3.126066e+01	5.268957e+15
10498	5.097017e+15	6.326941e+01	3.074608e+01	1.433036e+15
10499	5.097221e+15	6.764167e+01	3.208003e+01	7.338797e+15
10500	5.097421e+15	6.789414e+01	3.087887e+01	1.099728e+16
10501	5.097621e+15	6.303572e+01	3.070299e+01	8.639476e+15
10502	5.097823e+15	6.386035e+01	3.210817e+01	1.135598e+16
10503	5.098020e+15	6.973022e+01	3.099381e+01	1.712752e+16
10504	5.098216e+15	7.435325e+01	3.090557e+01	9.063755e+15
10505	5.098414e+15	7.178219e+01	3.144306e+01	1.672485e+16
10506	5.098610e+15	6.014629e+01	3.040088e+01	7.325928e+15
10507	5.098809e+15	6.243951e+01	3.116474e+01	3.942377e+15
10508	5.099007e+15	6.436780e+01	2.967625e+01	1.256344e+16
10509	5.099210e+15	5.703082e+01	3.100712e+01	1.759673e+16
10510	5.099414e+15	5.261913e+01	3.073869e+01	1.414081e+16
10511	5.099620e+15	5.437464e+01	3.105772e+01	7.941225e+15
10512	5.099830e+15	5.926402e+01	3.067881e+01	8.287803e+15
10513	5.100042e+15	6.020933e+01	3.030981e+01	1.027502e+16
10514	5.100257e+15	5.819145e+01	3.210075e+01	1.377590e+16
10515	5.100470e+15	4.773754e+01	3.065601e+01	1.039225e+16
10516	5.100692e+15	5.697720e+01	3.219845e+01	1.968636e+15
10517	5.100910e+15	5.666477e+01	3.008991e+01	1.178288e+16
10518	5.101133e+15	5.864006e+01	3.133659e+01	1.281222e+16
10519	5.101354e+15	4.860528e+01	2.981581e+01	9.657177e+15
10520	5.101578e+15	4.949926e+01	3.119488e+01	1.311613e+16
10521	5.101798e+15	5.346557e+01	3.145595e+01	9.563770e+15
10522	5.102015e+15	5.774203e+01	3.049589e+01	1.404021e+16
10523	5.102234e+15	5.782288e+01	3.113550e+01	1.302982e+16
10524	5.102451e+15	5.662135e+01	3.084659e+01	3.617334e+15
10525	5.102673e+15	6.297923e+01	3.164297e+01	3.736070e+15
10526	5.102899e+15	5.103736e+01	3.157695e+01	1.193048e+16
10527	5.103132e+15	4.843810e+01	3.342112e+01	1.175434e+16
10528	5.103360e+15	5.501798e+01	3.142056e+01	5.648096e+15
10529	5.103590e+15	5.371648e+01	3.164896e+01	1.264423e+16
10530	5.103817e+15	5.119652e+01	3.104409e+01	7.753913e+15
10531	5.104046e+15	5.043166e+01	3.067768e+01	1.053014e+16
10532	5.104279e+15	5.551664e+01	3.238518e+01	1.377779e+16
10533	5.104507e+15	6.090098e+01	3.182391e+01	1.740737e+16
10534	5.104733e+15	6.619912e+01	3.241458e+01	2.592087e+16
10535	5.104953e+15	6.172589e+01	3.250489e+01	1.647237e+16
10536	5.105170e+15	6.315000e+01	3.267801e+01	8.624274e+15
10537	5.105384e+15	6.495390e+01	3.145689e+01	1.777048e+16
10538	5.105602e+15	5.956834e+01	3.295605e+01	1.570369e+16
10539	5.105819e+15	5.791658e+01	3.361070e+01	1.415717e+16
10540	5.106034e+15	5.435299e+01	3.259508e+01	1.415351e+16
10541	5.106251e+15	6.510208e+01	3.331114e+01	6.861130e+15
10542	5.106466e+15	6.342551e+01	3.237244e+01	2.521103e+16
10543	5.106684e+15	5.790554e+01	3.272081e+01	9.625082e+15
10544	5.106900e+15	5.680767e+01	3.092012e+01	1.423037e+16
10545	5.107124e+15	5.293573e+01	3.104114e+01	1.921282e+16
10546	5.107350e+15	5.574265e+01	3.159472e+01	1.472490e+16
10547	5.107574e+15	5.079522e+01	3.090061e+01	1.645804e+16
10548	5.107806e+15	5.256134e+01	3.230628e+01	1.363207e+16
10549	5.108037e+15	5.626544e+01	3.249349e+01	1.484763e+16
10550	5.108268e+15	5.399017e+01	3.118897e+01	1.988740e+16
10551	5.108495e+15	5.437540e+01	3.161961e+01	1.178898e+16
10552	5.108720e+15	5.816489e+01	3.287065e+01	3.038791e+16
10553	5.108939e+15	5.728451e+01	3.192413e+01	1.739913e+16
10554	5.109158e+15	6.163676e+01	3.255472e+01	1.152065e+16
10555	5.109373e+15	6.424941e+01	3.208437e+01	2.108982e+16
10556	5.109588e+15	5.419862e+01	3.171427e+01	9.439519e+15
10557	5.109805e+15	6.283378e+01	3.358083e+01	1.992356e+16
10558	5.110014e+15	6.587896e+01	3.182095e+01	9.737807e+15
10559	5.110225e+15	6.388042e+01	3.222125e+01	1.354865e+16
10560	5.110435e+15	6.015283e+01	3.044113e+01	1.681994e+16
10561	5.110649e+15	5.604798e+01	2.961930e+01	2.090009e+16
10562	5.110870e+15	6.065408e+01	3.245950e+01	7.403935e+15
10563	5.111089e+15	5.304006e+01	3.202110e+01	9.663139e+15
10564	5.111310e+15	5.805140e+01	3.466872e+01	1.254341e+16
10565	5.111523e+15	6.678636e+01	3.395591e+01	1.015080e+16
10566	5.111737e+15	7.333444e+01	3.742675e+01	1.400000e+16
10567	5.111945e+15	6.393013e+01	3.539048e+01	2.454878e+16
10568	5.112162e+15	6.706605e+01	3.764305e+01	1.925204e+16
10569	5.112383e+15	5.855539e+01	3.674517e+01	1.846761e+16
10570	5.112605e+15	5.617439e+01	3.617311e+01	8.852180e+15
10571	5.112827e+15	4.911621e+01	3.477499e+01	1.218904e+16
10572	5.113052e+15	5.100740e+01	3.700732e+01	1.419989e+16
10573	5.113268e+15	5.203320e+01	3.315424e+01	1.621259e+16
10574	5.113496e+15	4.742282e+01	3.220599e+01	1.142064e+16
10575	5.113737e+15	4.547873e+01	3.355434e+01	1.219396e+16
10576	5.113984e+15	4.785547e+01	3.201550e+01	1.639305e+16
10577	5.114244e+15	5.169493e+01	3.511192e+01	1.268309e+16
10578	5.114495e+15	4.659922e+01	3.496337e+01	1.142756e+16
10579	5.114743e+15	4.601265e+01	3.685738e+01	5.595321e+15
10580	5.114976e+15	5.317085e+01	3.346911e+01	1.775357e+16
10581	5.115205e+15	6.103255e+01	3.440707e+01	1.234740e+16
10582	5.115420e+15	6.919335e+01	3.241933e+01	1.370854e+16
10583	5.115631e+15	7.595302e+01	3.230404e+01	8.399771e+15
10584	5.115839e+15	7.309039e+01	3.238385e+01	1.440542e+16
10585	5.116040e+15	7.000761e+01	3.295983e+01	1.144352e+16
10586	5.116236e+15	7.422075e+01	3.447272e+01	1.382073e+16
10587	5.116428e+15	7.156488e+01	3.291588e+01	7.969363e+15
10588	5.116623e+15	7.816005e+01	3.485195e+01	1.215709e+16
10589	5.116810e+15	7.384102e+01	3.244865e+01	1.423486e+16
10590	5.116996e+15	6.380568e+01	3.164079e+01	7.553269e+15
10591	5.117183e+15	7.132766e+01	3.233987e+01	9.812295e+15
10592	5.117367e+15	7.089469e+01	2.876995e+01	7.968411e+15
10593	5.117562e+15	7.059116e+01	3.127896e+01	1.678723e+16
10594	5.117757e+15	6.368847e+01	2.913089e+01	2.286627e+16
10595	5.117958e+15	5.946922e+01	2.980062e+01	1.179734e+16
10596	5.118161e+15	6.076611e+01	2.974124e+01	1.127071e+16
10597	5.118364e+15	6.940957e+01	2.956556e+01	2.690259e+16
10598	5.118572e+15	6.602282e+01	2.986005e+01	7.674165e+15
10599	5.118782e+15	6.641311e+01	3.071666e+01	1.088352e+16
10600	5.118993e+15	6.737325e+01	2.946328e+01	2.390999e+16
10601	5.119206e+15	6.078280e+01	2.795148e+01	1.570095e+16
10602	5.119417e+15	6.492499e+01	2.834879e+01	2.090178e+16
10603	5.119630e+15	7.239828e+01	2.982956e+01	9.297233e+15
10604	5.119845e+15	6.583635e+01	3.154973e+01	1.816759e+16
10605	5.120061e+15	6.235335e+01	3.216894e+01	1.347229e+16
10606	5.120274e+15	6.220429e+01	3.004300e+01	1.428938e+16
10607	5.120492e+15	6.149797e+01	3.037900e+01	5.499275e+15
10608	5.120709e+15	5.134361e+01	2.953583e+01	6.389248e+15
10609	5.120931e+15	5.629221e+01	3.062341e+01	1.758125e+16
10610	5.121151e+15	7.068276e+01	3.155978e+01	7.919373e+15
10611	5.121368e+15	8.083609e+01	3.275845e+01	1.965703e+16
10612	5.121578e+15	7.919500e+01	3.161957e+01	1.219023e+16
10613	5.121786e+15	7.258743e+01	3.239187e+01	1.726112e+16
10614	5.121988e+15	6.682342e+01	3.182802e+01	6.548794e+15
10615	5.122186e+15	6.280698e+01	3.115241e+01	1.100787e+16
10616	5.122384e+15	7.254158e+01	3.078800e+01	1.145640e+16
10617	5.122579e+15	7.203666e+01	2.956223e+01	1.431631e+16
10618	5.122770e+15	7.028918e+01	2.800847e+01	1.210989e+16
10619	5.122965e+15	7.135698e+01	2.861496e+01	1.264868e+16
10620	5.123160e+15	7.557331e+01	2.845464e+01	9.837360e+15
10621	5.123356e+15	6.778144e+01	2.796540e+01	8.199915e+15
10622	5.123556e+15	5.923516e+01	2.794765e+01	1.893850e+16
10623	5.123762e+15	5.571088e+01	2.800704e+01	1.580677e+16
10624	5.123972e+15	5.944434e+01	2.863327e+01	1.347046e+16
10625	5.124188e+15	5.528211e+01	2.836466e+01	1.314188e+16
10626	5.124420e+15	5.077782e+01	3.156614e+01	1.386016e+16
10627	5.124652e+15	3.836631e+01	2.933120e+01	1.742019e+16
10628	5.124900e+15	3.499708e+01	3.185988e+01	1.150771e+16
10629	5.125144e+15	3.299948e+01	3.063368e+01	2.046948e+16
10630	5.125392e+15	3.178025e+01	3.149451e+01	1.275370e+16
10631	5.125640e+15	3.097711e+01	3.163806e+01	1.389339e+16
10632	5.125883e+15	4.179068e+01	3.304307e+01	1.022529e+16
10633	5.126117e+15	4.934928e+01	3.214548e+01	1.506108e+16
10634	5.126345e+15	4.876032e+01	3.119364e+01	4.602285e+15
10635	5.126575e+15	4.550391e+01	3.127649e+01	6.893851e+15
10636	5.126805e+15	4.062585e+01	3.057506e+01	5.784498e+15
10637	5.127038e+15	4.577768e+01	3.280413e+01	1.561647e+16
10638	5.127264e+15	4.109319e+01	3.079749e+01	1.620904e+16
10639	5.127494e+15	3.946110e+01	3.126948e+01	1.284976e+16
10640	5.127726e+15	4.663438e+01	3.400429e+01	1.398923e+16
10641	5.127951e+15	5.721487e+01	3.321046e+01	1.264207e+16
10642	5.128171e+15	4.921824e+01	3.217326e+01	1.935051e+16
10643	5.128392e+15	5.583379e+01	3.301511e+01	7.979707e+15
10644	5.128610e+15	5.457067e+01	3.267843e+01	1.670197e+16
10645	5.128828e+15	5.521118e+01	3.311306e+01	1.856083e+16
10646	5.129043e+15	5.404297e+01	3.294153e+01	6.999896e+15
10647	5.129256e+15	5.684530e+01	3.133809e+01	9.112402e+15
10648	5.129471e+15	5.812452e+01	3.086519e+01	1.792254e+16
10649	5.129688e+15	5.867124e+01	3.111898e+01	8.898350e+15
10650	5.129905e+15	5.521643e+01	3.015138e+01	2.297819e+16
10651	5.130124e+15	4.690703e+01	3.025255e+01	1.659131e+16
10652	5.130346e+15	5.249786e+01	3.243507e+01	1.103767e+16
10653	5.130560e+15	6.233876e+01	3.071312e+01	1.177163e+16
10654	5.130775e+15	7.193415e+01	3.158012e+01	7.402764e+15
10655	5.130984e+15	6.013925e+01	2.929795e+01	8.826611e+15
10656	5.131196e+15	5.929125e+01	2.992983e+01	1.591148e+16
10657	5.131405e+15	5.988384e+01	2.949138e+01	6.688084e+15
10658	5.131613e+15	6.497007e+01	3.028614e+01	1.144746e+16
10659	5.131814e+15	6.488721e+01	2.876583e+01	7.059461e+15
10660	5.132015e+15	6.316344e+01	2.754157e+01	1.181459e+16
10661	5.132217e+15	6.952095e+01	2.993969e+01	1.140073e+16
10662	5.132416e+15	6.817835e+01	3.012009e+01	8.033044e+15
10663	5.132612e+15	6.821272e+01	2.958065e+01	6.449965e+15
10664	5.132807e+15	6.022169e+01	2.827318e+01	7.178433e+15
10665	5.133007e+15	5.779725e+01	2.916503e+01	1.490414e+16
10666	5.133209e+15	5.253839e+01	2.807387e+01	5.645401e+15
10667	5.133418e+15	4.516773e+01	2.764599e+01	1.920171e+16
10668	5.133633e+15	5.279818e+01	2.939488e+01	1.238366e+16
10669	5.133850e+15	5.328914e+01	2.742775e+01	6.463602e+15
10670	5.134084e+15	5.176343e+01	3.125574e+01	1.092534e+16
10671	5.134314e+15	4.506693e+01	2.974244e+01	9.266965e+15
10672	5.134550e+15	4.840731e+01	3.161525e+01	1.358929e+16
10673	5.134782e+15	5.447914e+01	3.056334e+01	2.188331e+16
10674	5.135017e+15	5.510168e+01	3.166840e+01	1.766526e+16
10675	5.135248e+15	4.965826e+01	3.124632e+01	1.394244e+16
10676	5.135480e+15	4.585021e+01	3.106193e+01	1.618121e+16
10677	5.135714e+15	5.354673e+01	3.191776e+01	8.452054e+15
10678	5.135945e+15	5.433974e+01	3.273818e+01	3.197806e+16
10679	5.136171e+15	4.701081e+01	3.222071e+01	8.015298e+15
10680	5.136395e+15	5.399833e+01	3.113653e+01	7.682309e+15
10681	5.136619e+15	6.141420e+01	3.083971e+01	1.271922e+16
10682	5.136841e+15	6.159493e+01	2.982854e+01	8.109995e+15
10683	5.137065e+15	5.372712e+01	2.968020e+01	1.418326e+16
10684	5.137291e+15	5.029852e+01	3.103347e+01	2.178117e+16
10685	5.137515e+15	6.059049e+01	3.089382e+01	2.084189e+16
10686	5.137731e+15	5.846967e+01	3.003661e+01	1.321901e+16
10687	5.137944e+15	6.254734e+01	3.111502e+01	1.752038e+16
10688	5.138148e+15	7.164811e+01	2.942009e+01	1.398479e+16
10689	5.138351e+15	7.995952e+01	2.966609e+01	1.754639e+16
10690	5.138552e+15	7.328330e+01	2.789760e+01	1.519656e+16
10691	5.138749e+15	6.873422e+01	2.649917e+01	7.354572e+15
10692	5.138947e+15	7.257656e+01	2.669269e+01	8.779074e+15
10693	5.139142e+15	7.065384e+01	2.455072e+01	1.595545e+16
10694	5.139335e+15	6.525588e+01	2.461166e+01	7.276955e+15
10695	5.139532e+15	6.642377e+01	2.457202e+01	5.615014e+15
10696	5.139732e+15	6.892259e+01	2.467571e+01	4.991324e+15
10697	5.139936e+15	5.724665e+01	2.556999e+01	6.217123e+15
10698	5.140142e+15	5.833459e+01	2.467227e+01	7.307908e+15
10699	5.140353e+15	5.855062e+01	2.470344e+01	1.550792e+16
10700	5.140571e+15	5.561801e+01	2.625063e+01	6.995232e+15
10701	5.140787e+15	5.877022e+01	2.522787e+01	7.754801e+15
10702	5.141007e+15	5.723711e+01	2.551839e+01	2.373999e+16
10703	5.141229e+15	5.111958e+01	2.574739e+01	1.665237e+16
10704	5.141454e+15	4.414921e+01	2.500656e+01	1.385265e+16
10705	5.141682e+15	4.332393e+01	2.590239e+01	1.548971e+16
10706	5.141912e+15	4.610259e+01	2.530018e+01	1.266141e+16
10707	5.142136e+15	4.585608e+01	2.429494e+01	1.347930e+16
10708	5.142364e+15	4.692319e+01	2.608453e+01	1.329561e+16
10709	5.142587e+15	5.273377e+01	2.468593e+01	1.059606e+16
10710	5.142813e+15	5.881588e+01	2.635530e+01	1.644757e+16
10711	5.143031e+15	6.570782e+01	2.538953e+01	3.919352e+15
10712	5.143250e+15	5.524301e+01	2.533070e+01	9.709059e+15
10713	5.143471e+15	5.864528e+01	2.606918e+01	3.414559e+15
10714	5.143690e+15	5.598218e+01	2.600184e+01	7.887318e+15
10715	5.143914e+15	5.501452e+01	2.734562e+01	1.472587e+16
10716	5.144138e+15	5.403388e+01	2.664192e+01	8.265805e+15
10717	5.144365e+15	5.651742e+01	2.749562e+01	9.523007e+15
10718	5.144588e+15	5.510647e+01	2.691860e+01	6.288166e+15
10719	5.144809e+15	6.073258e+01	2.702738e+01	8.406648e+15
10720	5.145027e+15	6.667249e+01	2.657013e+01	1.351733e+16
10721	5.145243e+15	6.347912e+01	2.649061e+01	7.184274e+15
10722	5.145457e+15	6.006285e+01	2.532922e+01	1.267261e+16
10723	5.145677e+15	5.844155e+01	2.609029e+01	1.171637e+16
10724	5.145900e+15	5.712452e+01	2.683618e+01	1.127425e+16
10725	5.146121e+15	5.751935e+01	2.808717e+01	1.329136e+16
10726	5.146333e+15	4.711870e+01	2.637736e+01	1.569730e+16
10727	5.146549e+15	4.529237e+01	2.648708e+01	1.059872e+16
10728	5.146767e+15	4.112526e+01	2.643023e+01	7.574351e+15
10729	5.146989e+15	4.141307e+01	2.786068e+01	8.659808e+15
10730	5.147203e+15	4.937845e+01	2.731239e+01	6.870456e+15
10731	5.147415e+15	4.970674e+01	2.626351e+01	1.717981e+16
10732	5.147634e+15	5.064770e+01	2.814766e+01	1.653380e+16
10733	5.147850e+15	5.761845e+01	2.925138e+01	1.449942e+16
10734	5.148058e+15	5.221723e+01	2.751623e+01	1.580696e+16
10735	5.148268e+15	4.327149e+01	2.680494e+01	2.203773e+16
10736	5.148490e+15	4.527567e+01	2.907785e+01	1.313051e+16
10737	5.148714e+15	4.616546e+01	3.189416e+01	1.581652e+16
10738	5.148935e+15	4.361929e+01	2.865991e+01	2.691806e+16
10739	5.149171e+15	3.926896e+01	2.968531e+01	1.287241e+16
10740	5.149423e+15	3.498352e+01	3.223821e+01	2.067428e+16
10741	5.149676e+15	3.985815e+01	3.394431e+01	1.899951e+16
10742	5.149919e+15	4.778607e+01	3.320816e+01	2.059502e+16
10743	5.150158e+15	5.108112e+01	3.212866e+01	1.014560e+16
10744	5.150396e+15	5.148299e+01	3.333775e+01	1.693702e+16
10745	5.150626e+15	5.063208e+01	3.141858e+01	1.269109e+16
10746	5.150862e+15	5.267734e+01	3.446593e+01	4.719982e+15
10747	5.151089e+15	4.323671e+01	3.300034e+01	1.276425e+16
10748	5.151316e+15	4.000029e+01	3.442823e+01	4.536943e+15
10749	5.151539e+15	4.852879e+01	3.438960e+01	5.819318e+15
10750	5.151757e+15	5.675018e+01	3.441629e+01	8.386887e+15
10751	5.151970e+15	6.111433e+01	3.436942e+01	7.677235e+15
10752	5.152177e+15	5.255080e+01	3.242494e+01	9.757587e+15
10753	5.152388e+15	4.847670e+01	3.347465e+01	1.298764e+16
10754	5.152600e+15	4.974957e+01	3.468170e+01	2.879375e+15
10755	5.152811e+15	5.131313e+01	3.532007e+01	1.468339e+16
10756	5.153020e+15	4.622500e+01	3.506097e+01	1.551072e+16
10757	5.153225e+15	4.743536e+01	3.494180e+01	7.320058e+15
10758	5.153429e+15	5.747940e+01	3.356916e+01	1.573490e+16
10759	5.153635e+15	5.704608e+01	3.377142e+01	1.741483e+16
10760	5.153843e+15	6.123507e+01	3.416078e+01	1.113461e+16
10761	5.154051e+15	5.377941e+01	3.381418e+01	1.392678e+16
10762	5.154264e+15	4.915802e+01	3.457679e+01	8.502955e+15
10763	5.154475e+15	5.045164e+01	3.405544e+01	1.672751e+16
10764	5.154691e+15	4.992882e+01	3.626956e+01	1.323161e+16
10765	5.154910e+15	5.292428e+01	3.644734e+01	1.400290e+16
10766	5.155128e+15	5.802165e+01	3.536590e+01	1.443866e+16
10767	5.155349e+15	5.872459e+01	3.631719e+01	1.131910e+16
10768	5.155569e+15	6.270114e+01	3.655967e+01	1.218851e+16
10769	5.155787e+15	5.474210e+01	3.555331e+01	1.889845e+16
10770	5.156011e+15	5.662731e+01	3.728836e+01	8.912058e+15
10771	5.156232e+15	5.573984e+01	3.588629e+01	5.441560e+15
10772	5.156456e+15	5.264690e+01	3.666891e+01	8.294335e+15
10773	5.156677e+15	5.632067e+01	3.660315e+01	1.471646e+16
10774	5.156894e+15	5.809111e+01	3.638599e+01	9.460353e+15
10775	5.157108e+15	6.274471e+01	3.630601e+01	1.138951e+16
10776	5.157320e+15	6.731730e+01	3.540370e+01	1.454047e+16
10777	5.157533e+15	5.954173e+01	3.599759e+01	1.608630e+16
10778	5.157747e+15	6.017516e+01	3.700356e+01	9.130483e+15
10779	5.157959e+15	6.430736e+01	3.683265e+01	8.469736e+15
10780	5.158172e+15	6.014277e+01	3.607662e+01	4.872862e+15
10781	5.158387e+15	5.674161e+01	3.621927e+01	6.885608e+15
10782	5.158602e+15	6.043786e+01	3.623129e+01	3.487002e+15
10783	5.158814e+15	6.022596e+01	3.615649e+01	9.648499e+15
10784	5.159022e+15	6.152636e+01	3.527931e+01	1.659154e+16
10785	5.159227e+15	6.865601e+01	3.483476e+01	1.064551e+16
10786	5.159429e+15	6.209638e+01	3.292720e+01	1.077828e+16
10787	5.159632e+15	6.039681e+01	3.311799e+01	9.957582e+15
10788	5.159837e+15	7.076466e+01	3.419566e+01	9.979642e+15
10789	5.160040e+15	5.845527e+01	3.540434e+01	2.818122e+15
10790	5.160240e+15	5.188923e+01	3.480056e+01	1.065322e+16
10791	5.160442e+15	6.418675e+01	3.508048e+01	4.775089e+15
10792	5.160644e+15	6.428463e+01	3.393589e+01	3.460318e+15
10793	5.160848e+15	5.638263e+01	3.330655e+01	1.434350e+16
10794	5.161053e+15	5.347872e+01	3.185440e+01	1.122544e+16
10795	5.161263e+15	5.493614e+01	3.208968e+01	1.922460e+16
10796	5.161476e+15	5.897588e+01	3.255469e+01	4.563021e+15
10797	5.161690e+15	6.141208e+01	3.237311e+01	1.137958e+16
10798	5.161907e+15	5.378305e+01	3.262279e+01	1.945352e+16
10799	5.162126e+15	4.986791e+01	3.241208e+01	1.734965e+16
10800	5.162348e+15	5.271244e+01	3.248176e+01	1.444848e+16
10801	5.162572e+15	5.815361e+01	3.456502e+01	1.084417e+16
10802	5.162792e+15	5.975916e+01	3.465834e+01	1.448538e+16
10803	5.163008e+15	6.022166e+01	3.610383e+01	9.728451e+15
10804	5.163219e+15	6.079465e+01	3.477934e+01	1.650044e+16
10805	5.163425e+15	5.794271e+01	3.293722e+01	1.309576e+16
10806	5.163631e+15	6.843557e+01	3.316862e+01	1.555083e+16
10807	5.163838e+15	7.079966e+01	3.378571e+01	1.784221e+16
10808	5.164038e+15	5.170437e+01	3.002562e+01	8.232369e+15
10809	5.164245e+15	4.928968e+01	3.170800e+01	6.634290e+15
10810	5.164449e+15	5.923856e+01	3.119228e+01	7.436455e+15
10811	5.164650e+15	6.198645e+01	2.999519e+01	1.524802e+16
10812	5.164856e+15	6.416030e+01	3.069249e+01	9.838823e+15
10813	5.165062e+15	6.712575e+01	3.040361e+01	1.852886e+16
10814	5.165267e+15	6.511752e+01	3.075132e+01	9.220865e+15
10815	5.165470e+15	6.744639e+01	2.942338e+01	1.339602e+16
10816	5.165679e+15	6.860225e+01	3.149242e+01	1.936518e+16
10817	5.165886e+15	7.060900e+01	3.110719e+01	5.597956e+15
10818	5.166088e+15	7.272885e+01	2.927936e+01	5.593570e+15
10819	5.166292e+15	7.801263e+01	3.063885e+01	1.144938e+16
10820	5.166491e+15	6.857904e+01	3.118512e+01	1.258705e+16
10821	5.166692e+15	7.343812e+01	3.350484e+01	9.327950e+15
10822	5.166888e+15	7.220447e+01	3.316188e+01	1.021771e+16
10823	5.167085e+15	7.072852e+01	3.398342e+01	1.554491e+16
10824	5.167279e+15	7.581520e+01	3.340867e+01	1.737520e+16
10825	5.167470e+15	8.060428e+01	3.197357e+01	1.690404e+16
10826	5.167664e+15	7.886485e+01	3.273883e+01	7.098424e+15
10827	5.167855e+15	7.070773e+01	3.214065e+01	1.071297e+16
10828	5.168050e+15	7.400489e+01	3.252546e+01	5.563198e+15
10829	5.168243e+15	6.336082e+01	2.813927e+01	1.645691e+16
10830	5.168456e+15	7.805008e+01	3.348718e+01	5.847648e+15
10831	5.168661e+15	6.525760e+01	3.001271e+01	7.447325e+15
10832	5.168876e+15	5.342291e+01	3.070137e+01	1.180873e+16
10833	5.169097e+15	6.140275e+01	3.280544e+01	1.164239e+16
10834	5.169316e+15	5.909718e+01	3.077137e+01	1.217385e+16
10835	5.169545e+15	5.952323e+01	3.340144e+01	1.448585e+15
10836	5.169767e+15	5.713609e+01	3.210591e+01	2.110139e+16
10837	5.169998e+15	6.574984e+01	3.451394e+01	1.416639e+16
10838	5.170227e+15	6.392982e+01	3.391348e+01	9.888331e+15
10839	5.170454e+15	5.864971e+01	3.415602e+01	1.245303e+16
10840	5.170678e+15	5.841186e+01	3.436965e+01	1.671469e+16
10841	5.170899e+15	5.603478e+01	3.267707e+01	6.799060e+15
10842	5.171122e+15	5.356420e+01	3.207274e+01	3.047833e+15
10843	5.171344e+15	5.984198e+01	3.184103e+01	2.323575e+16
10844	5.171563e+15	6.190440e+01	3.191612e+01	1.863083e+16
10845	5.171775e+15	6.280244e+01	3.128118e+01	1.972668e+16
10846	5.171981e+15	6.217534e+01	2.966654e+01	9.626439e+15
10847	5.172189e+15	6.145291e+01	2.986713e+01	1.212968e+16
10848	5.172395e+15	6.199186e+01	2.990498e+01	1.097033e+16
10849	5.172598e+15	7.110776e+01	2.971260e+01	5.902344e+15
10850	5.172795e+15	7.438518e+01	2.983433e+01	8.869150e+15
10851	5.172989e+15	7.131638e+01	2.936954e+01	9.167603e+15
10852	5.173182e+15	8.064900e+01	2.874271e+01	4.175475e+15
10853	5.173374e+15	8.032965e+01	2.817758e+01	2.060532e+16
10854	5.173562e+15	7.283447e+01	2.788138e+01	1.318564e+16
10855	5.173749e+15	7.260515e+01	2.801915e+01	3.795456e+15
10856	5.173936e+15	7.259348e+01	2.661553e+01	1.385315e+16
10857	5.174125e+15	7.578179e+01	2.843974e+01	7.601289e+15
10858	5.174313e+15	7.300903e+01	2.898947e+01	1.375125e+16
10859	5.174500e+15	6.269400e+01	2.727212e+01	1.430988e+16
10860	5.174693e+15	6.686516e+01	2.845386e+01	7.857039e+15
10861	5.174886e+15	6.297080e+01	2.774668e+01	4.107583e+15
10862	5.175084e+15	5.444616e+01	2.748190e+01	7.157837e+15
10863	5.175288e+15	5.642927e+01	2.722250e+01	6.038982e+15
10864	5.175497e+15	6.737545e+01	2.858520e+01	1.008347e+16
10865	5.175702e+15	7.150822e+01	2.849523e+01	2.114813e+15
10866	5.175904e+15	6.753678e+01	2.686241e+01	1.405574e+16
10867	5.176113e+15	5.940505e+01	2.680581e+01	1.802486e+16
10868	5.176322e+15	4.774150e+01	2.725232e+01	8.403221e+15
10869	5.176530e+15	4.366512e+01	2.567288e+01	5.826008e+15
10870	5.176748e+15	4.099368e+01	2.721005e+01	8.175258e+15
10871	5.176976e+15	3.322657e+01	2.958929e+01	1.198640e+16
10872	5.177208e+15	3.066860e+01	3.145623e+01	1.050150e+16
10873	5.177438e+15	3.269271e+01	3.043961e+01	7.233095e+15
10874	5.177668e+15	3.272395e+01	3.064567e+01	9.832397e+15
10875	5.177901e+15	3.599403e+01	3.195852e+01	1.056928e+16
10876	5.178130e+15	4.659212e+01	3.309904e+01	2.634319e+16
10877	5.178348e+15	4.353102e+01	3.074277e+01	9.858749e+15
10878	5.178567e+15	4.396655e+01	3.048941e+01	1.950265e+16
10879	5.178785e+15	5.460824e+01	2.885854e+01	2.121485e+16
10880	5.179005e+15	5.985506e+01	2.954536e+01	1.768852e+16
10881	5.179220e+15	5.784903e+01	2.913865e+01	8.587770e+15
10882	5.179430e+15	5.016585e+01	2.727407e+01	1.322021e+15
10883	5.179644e+15	5.383058e+01	2.771064e+01	5.399603e+15
10884	5.179861e+15	5.420712e+01	2.850518e+01	7.492483e+15
10885	5.180078e+15	3.851185e+01	2.903228e+01	8.909559e+15
10886	5.180294e+15	3.690240e+01	2.845724e+01	5.480958e+15
10887	5.180515e+15	4.824052e+01	3.186491e+01	1.272967e+16
10888	5.180725e+15	4.832737e+01	2.911669e+01	7.136898e+15
10889	5.180935e+15	5.326631e+01	3.011170e+01	6.404127e+15
10890	5.181149e+15	5.871768e+01	3.240495e+01	8.407731e+15
10891	5.181360e+15	5.245319e+01	3.366339e+01	1.035384e+16
10892	5.181566e+15	4.921661e+01	3.264186e+01	8.549941e+15
10893	5.181772e+15	4.898783e+01	3.151300e+01	1.326228e+16
10894	5.181984e+15	5.189931e+01	3.235895e+01	1.737160e+16
10895	5.182196e+15	5.264912e+01	3.271191e+01	1.771224e+16
10896	5.182405e+15	5.128971e+01	3.002611e+01	7.919766e+15
10897	5.182623e+15	5.018592e+01	3.072535e+01	5.185756e+15
10898	5.182843e+15	5.135943e+01	3.091681e+01	1.277840e+16
10899	5.183065e+15	5.281594e+01	3.060202e+01	1.276343e+16
10900	5.183290e+15	4.679615e+01	2.943190e+01	1.234242e+16
10901	5.183520e+15	4.779655e+01	2.935365e+01	2.091600e+16
10902	5.183752e+15	4.954969e+01	3.005165e+01	7.797988e+15
10903	5.183981e+15	5.382543e+01	2.974183e+01	1.101059e+16
10904	5.184203e+15	5.910977e+01	2.979140e+01	1.183907e+16
10905	5.184419e+15	7.030676e+01	3.036085e+01	1.839513e+16
10906	5.184635e+15	6.664722e+01	3.137468e+01	4.577330e+15
10907	5.184847e+15	6.045700e+01	3.048032e+01	8.215426e+15
10908	5.185060e+15	6.437319e+01	3.160570e+01	2.382499e+16
10909	5.185267e+15	7.129411e+01	2.943697e+01	1.073518e+16
10910	5.185480e+15	7.097129e+01	3.136327e+01	9.842142e+15
10911	5.185687e+15	6.002504e+01	2.952811e+01	7.558946e+15
10912	5.185895e+15	4.816582e+01	2.889713e+01	1.554170e+16
10913	5.186109e+15	5.379063e+01	3.020543e+01	1.015022e+16
10914	5.186322e+15	5.129447e+01	2.660766e+01	1.006799e+16
10915	5.186553e+15	4.970817e+01	2.915874e+01	1.599512e+16
10916	5.186785e+15	5.366825e+01	2.776443e+01	7.047159e+15
10917	5.187020e+15	6.282338e+01	2.997933e+01	8.655388e+15
10918	5.187251e+15	6.165261e+01	2.992874e+01	1.222603e+16
10919	5.187478e+15	5.802959e+01	2.940938e+01	1.110548e+16
10920	5.187706e+15	5.273898e+01	3.020233e+01	1.320612e+16
10921	5.187930e+15	4.793552e+01	2.784739e+01	9.926167e+15
10922	5.188162e+15	6.029463e+01	3.100835e+01	1.527923e+16
10923	5.188382e+15	5.639884e+01	2.869424e+01	1.970424e+16
10924	5.188604e+15	5.284326e+01	2.839200e+01	8.105417e+15
10925	5.188829e+15	5.711219e+01	2.867574e+01	6.329614e+15
10926	5.189055e+15	5.428910e+01	2.853403e+01	1.174752e+16
10927	5.189284e+15	5.897963e+01	2.899656e+01	1.586780e+16
10928	5.189512e+15	6.884955e+01	2.875595e+01	2.170955e+16
10929	5.189745e+15	5.802897e+01	3.052686e+01	1.729784e+16
10930	5.189971e+15	4.178614e+01	2.873747e+01	6.840717e+15
10931	5.190200e+15	3.686418e+01	2.914624e+01	9.077065e+15
10932	5.190427e+15	4.305008e+01	2.959884e+01	1.278074e+16
10933	5.190649e+15	5.609276e+01	2.953289e+01	1.662767e+16
10934	5.190868e+15	6.114326e+01	3.014729e+01	1.693108e+16
10935	5.191086e+15	5.593144e+01	3.027247e+01	1.295290e+16
10936	5.191304e+15	5.021229e+01	3.060183e+01	1.288252e+16
10937	5.191524e+15	4.789814e+01	3.191271e+01	5.473583e+15
10938	5.191741e+15	4.939545e+01	3.126009e+01	1.631248e+16
10939	5.191960e+15	4.780624e+01	3.163694e+01	1.132023e+16
10940	5.192181e+15	4.738413e+01	3.155939e+01	1.383004e+16
10941	5.192406e+15	5.137342e+01	3.097779e+01	8.212658e+15
10942	5.192636e+15	4.363172e+01	3.066945e+01	2.045828e+16
10943	5.192873e+15	4.737326e+01	3.138899e+01	1.247101e+16
10944	5.193111e+15	5.216095e+01	3.161932e+01	1.019867e+16
10945	5.193353e+15	5.729527e+01	3.439146e+01	7.829515e+15
10946	5.193584e+15	4.624334e+01	3.134166e+01	1.015137e+16
10947	5.193822e+15	4.168267e+01	3.179558e+01	1.042480e+16
10948	5.194061e+15	4.654878e+01	3.299793e+01	1.683817e+16
10949	5.194294e+15	5.429171e+01	3.149905e+01	1.693823e+16
10950	5.194528e+15	5.489288e+01	3.318401e+01	1.244510e+16
10951	5.194756e+15	5.094622e+01	2.999819e+01	1.260062e+16
10952	5.194992e+15	5.331073e+01	3.188805e+01	1.231580e+16
10953	5.195226e+15	5.726026e+01	3.375431e+01	1.703150e+16
10954	5.195448e+15	5.749696e+01	3.255716e+01	1.390469e+16
10955	5.195664e+15	6.560366e+01	3.058852e+01	5.975787e+15
10956	5.195882e+15	6.229151e+01	3.031343e+01	1.524351e+16
10957	5.196102e+15	5.292063e+01	3.001750e+01	9.360811e+15
10958	5.196325e+15	5.347353e+01	2.937589e+01	1.641228e+16
10959	5.196553e+15	4.865311e+01	2.874891e+01	1.340188e+16
10960	5.196786e+15	4.597575e+01	2.868448e+01	4.337893e+15
10961	5.197024e+15	5.105614e+01	2.991688e+01	8.530956e+15
10962	5.197263e+15	5.853516e+01	3.052223e+01	1.751979e+16
10963	5.197500e+15	5.016105e+01	2.902842e+01	1.738104e+16
10964	5.197745e+15	4.964422e+01	2.976239e+01	1.244722e+16
10965	5.197990e+15	5.557522e+01	2.991856e+01	1.451168e+16
10966	5.198235e+15	5.261675e+01	2.970122e+01	1.171940e+16
10967	5.198483e+15	5.331270e+01	3.119907e+01	1.157659e+16
10968	5.198723e+15	4.606765e+01	2.923161e+01	1.675428e+16
10969	5.198970e+15	5.133901e+01	3.107719e+01	1.680024e+16
10970	5.199212e+15	5.408926e+01	3.094086e+01	9.962348e+15
10971	5.199453e+15	5.466748e+01	3.145457e+01	1.426291e+16
10972	5.199691e+15	4.931348e+01	3.074122e+01	7.700102e+15
10973	5.199932e+15	5.209446e+01	3.125194e+01	1.552449e+16
10974	5.200171e+15	4.831557e+01	3.013355e+01	1.364528e+16
10975	5.200414e+15	4.685872e+01	3.219144e+01	1.931584e+16
10976	5.200652e+15	5.749508e+01	3.106944e+01	1.053478e+16
10977	5.200892e+15	5.648002e+01	3.162460e+01	2.606137e+16
10978	5.201131e+15	4.921512e+01	3.197284e+01	2.830546e+16
10979	5.201369e+15	4.899507e+01	3.168051e+01	2.073554e+16
10980	5.201610e+15	5.118430e+01	3.103167e+01	4.666985e+15
10981	5.201856e+15	5.118161e+01	3.253088e+01	1.989862e+16
10982	5.202097e+15	4.912548e+01	3.113671e+01	1.482498e+16
10983	5.202343e+15	4.710839e+01	3.101946e+01	1.053679e+16
10984	5.202595e+15	4.966793e+01	3.228960e+01	1.819187e+16
10985	5.202846e+15	4.638728e+01	3.107440e+01	1.461593e+16
10986	5.203100e+15	4.640640e+01	3.155810e+01	1.308419e+16
10987	5.203354e+15	5.796060e+01	3.389006e+01	1.632843e+16
10988	5.203598e+15	5.133874e+01	3.344054e+01	2.124343e+16
10989	5.203835e+15	5.326464e+01	3.473436e+01	1.667795e+16
10990	5.204061e+15	5.285936e+01	3.288885e+01	8.142153e+15
10991	5.204287e+15	5.034134e+01	3.287506e+01	1.488046e+16
10992	5.204510e+15	5.511013e+01	3.260497e+01	1.506170e+16
10993	5.204724e+15	5.835159e+01	3.124634e+01	1.116814e+16
10994	5.204941e+15	5.940119e+01	3.007289e+01	1.477413e+16
10995	5.205163e+15	4.873900e+01	3.155688e+01	4.415339e+15
10996	5.205384e+15	5.908944e+01	3.356282e+01	2.353070e+16
10997	5.205595e+15	6.337885e+01	3.044539e+01	1.373088e+16
10998	5.205813e+15	6.130327e+01	3.344413e+01	2.428460e+16
10999	5.206026e+15	4.852887e+01	2.909686e+01	5.571712e+15
11000	5.206258e+15	5.016421e+01	3.437705e+01	2.345133e+16
11001	5.206482e+15	5.858091e+01	3.176860e+01	1.264263e+16
11002	5.206711e+15	6.673582e+01	3.481087e+01	1.807337e+16
11003	5.206927e+15	5.840457e+01	3.161991e+01	1.412016e+16
11004	5.207148e+15	5.405988e+01	3.366027e+01	1.216498e+16
11005	5.207365e+15	6.936367e+01	3.379340e+01	9.373301e+15
11006	5.207580e+15	6.912200e+01	3.341877e+01	7.780802e+15
11007	5.207792e+15	6.033957e+01	3.203154e+01	1.824850e+16
11008	5.208007e+15	5.836024e+01	3.301556e+01	1.286095e+16
11009	5.208221e+15	5.130042e+01	3.246166e+01	1.150275e+16
11010	5.208438e+15	5.183482e+01	3.336516e+01	6.650780e+15
11011	5.208651e+15	5.660568e+01	3.263644e+01	1.335923e+16
11012	5.208869e+15	6.088772e+01	3.409329e+01	8.565738e+15
11013	5.209085e+15	6.412642e+01	3.558911e+01	1.572356e+16
11014	5.209294e+15	6.594126e+01	3.258930e+01	1.252301e+16
11015	5.209509e+15	6.550730e+01	3.393185e+01	5.937230e+15
11016	5.209723e+15	6.251287e+01	3.354433e+01	5.239021e+15
11017	5.209935e+15	5.747860e+01	3.360750e+01	9.051300e+15
11018	5.210147e+15	5.277422e+01	3.370206e+01	6.650897e+15
11019	5.210357e+15	5.145760e+01	3.375519e+01	1.621134e+16
11020	5.210562e+15	5.566200e+01	3.128901e+01	7.777073e+15
11021	5.210773e+15	5.696833e+01	3.289896e+01	1.117851e+16
11022	5.210984e+15	6.853843e+01	3.414628e+01	8.229944e+15
11023	5.211188e+15	6.013074e+01	3.240171e+01	1.364174e+16
11024	5.211397e+15	6.361226e+01	3.346978e+01	1.023794e+16
11025	5.211600e+15	7.591892e+01	3.114149e+01	9.413195e+15
11026	5.211806e+15	7.057963e+01	3.248889e+01	1.294739e+16
11027	5.212004e+15	4.740129e+01	3.094554e+01	6.811126e+15
11028	5.212206e+15	6.572989e+01	3.515038e+01	6.955163e+15
11029	5.212396e+15	7.902958e+01	3.239392e+01	1.047179e+16
11030	5.212587e+15	8.117899e+01	3.331680e+01	8.777813e+15
11031	5.212771e+15	8.190001e+01	3.086961e+01	1.250532e+16
11032	5.212957e+15	7.212551e+01	2.940414e+01	8.174582e+15
11033	5.213143e+15	7.309617e+01	3.072440e+01	1.847380e+16
11034	5.213325e+15	7.320743e+01	2.912047e+01	6.691566e+15
11035	5.213509e+15	6.961597e+01	2.911029e+01	1.100317e+16
11036	5.213693e+15	6.595614e+01	2.873083e+01	1.342680e+16
11037	5.213877e+15	6.278591e+01	2.695273e+01	4.170164e+15
11038	5.214069e+15	5.731872e+01	2.632496e+01	7.762164e+15
11039	5.214269e+15	6.172447e+01	2.720826e+01	3.784334e+15
11040	5.214473e+15	5.855409e+01	2.664667e+01	9.570508e+15
11041	5.214684e+15	6.097215e+01	2.694484e+01	7.734227e+15
11042	5.214901e+15	4.921850e+01	2.667133e+01	1.124643e+16
11043	5.215126e+15	5.336717e+01	2.892805e+01	6.052543e+15
11044	5.215350e+15	5.632286e+01	2.836722e+01	9.416107e+15
11045	5.215575e+15	4.511334e+01	2.736776e+01	5.306296e+15
11046	5.215807e+15	4.595021e+01	2.952085e+01	4.702170e+15
11047	5.216040e+15	3.724774e+01	3.127542e+01	1.187057e+16
11048	5.216264e+15	3.194058e+01	2.677494e+01	9.861943e+15
11049	5.216511e+15	3.326195e+01	3.161893e+01	2.609865e+16
11050	5.216749e+15	4.440382e+01	3.234048e+01	1.641903e+16
11051	5.216976e+15	5.030659e+01	3.082409e+01	4.527803e+15
11052	5.217200e+15	5.308735e+01	3.184820e+01	6.145455e+15
11053	5.217415e+15	4.737072e+01	2.853601e+01	1.406113e+16
11054	5.217640e+15	4.785639e+01	3.030409e+01	1.479249e+16
11055	5.217865e+15	4.415686e+01	2.838148e+01	1.910692e+16
11056	5.218098e+15	5.531359e+01	3.008335e+01	3.386855e+15
11057	5.218331e+15	4.714806e+01	3.209487e+01	1.371806e+16
11058	5.218557e+15	3.502174e+01	2.889892e+01	1.018131e+16
11059	5.218796e+15	3.837406e+01	3.135424e+01	1.431889e+16
11060	5.219024e+15	3.780586e+01	2.936167e+01	1.024923e+16
11061	5.219255e+15	3.491791e+01	3.184872e+01	9.443982e+15
11062	5.219471e+15	3.711723e+01	2.796680e+01	1.259907e+16
11063	5.219695e+15	4.914996e+01	3.155556e+01	1.539958e+16
11064	5.219911e+15	5.337618e+01	3.103169e+01	2.375918e+16
11065	5.220124e+15	5.374680e+01	3.188431e+01	1.225880e+16
11066	5.220330e+15	5.959411e+01	3.124230e+01	9.865879e+15
11067	5.220533e+15	5.524698e+01	2.990185e+01	2.065859e+16
11068	5.220740e+15	5.966477e+01	3.135358e+01	1.187014e+16
11069	5.220945e+15	6.309937e+01	3.077634e+01	2.160137e+16
11070	5.221152e+15	5.495023e+01	3.186066e+01	7.384286e+15
11071	5.221358e+15	5.196146e+01	3.088547e+01	4.649749e+15
11072	5.221568e+15	5.327989e+01	2.991826e+01	2.336574e+16
11073	5.221785e+15	5.288286e+01	3.103814e+01	1.894360e+16
11074	5.222003e+15	5.058097e+01	3.062688e+01	9.720654e+15
11075	5.222222e+15	4.830318e+01	3.117404e+01	1.116280e+16
11076	5.222434e+15	4.836765e+01	2.910815e+01	9.393644e+15
11077	5.222650e+15	4.925788e+01	3.056179e+01	1.254056e+16
11078	5.222862e+15	5.113548e+01	2.842964e+01	1.039362e+16
11079	5.223082e+15	4.548749e+01	2.551216e+01	1.513350e+16
11080	5.223314e+15	4.263639e+01	2.934140e+01	1.115418e+16
11081	5.223538e+15	5.016331e+01	2.825476e+01	3.136486e+15
11082	5.223761e+15	3.957612e+01	2.645342e+01	2.236044e+16
11083	5.223991e+15	4.786036e+01	2.844151e+01	1.697142e+16
11084	5.224213e+15	4.651906e+01	2.724533e+01	1.063638e+16
11085	5.224436e+15	5.334830e+01	3.020922e+01	1.480865e+16
11086	5.224647e+15	6.247427e+01	2.786065e+01	4.363270e+15
11087	5.224858e+15	5.878452e+01	2.781725e+01	7.614921e+15
11088	5.225068e+15	5.825574e+01	2.750341e+01	1.098402e+16
11089	5.225280e+15	5.941679e+01	2.883579e+01	1.145990e+16
11090	5.225489e+15	5.571360e+01	2.841907e+01	4.052942e+15
11091	5.225696e+15	5.517652e+01	2.836765e+01	3.656610e+15
11092	5.225903e+15	5.598155e+01	2.828972e+01	9.514968e+15
11093	5.226109e+15	4.873653e+01	2.641346e+01	1.271323e+16
11094	5.226324e+15	4.262203e+01	2.775335e+01	1.486793e+16
11095	5.226541e+15	5.216904e+01	2.671470e+01	1.358282e+16
11096	5.226765e+15	6.150156e+01	2.780547e+01	1.627571e+16
11097	5.226987e+15	5.707688e+01	2.733724e+01	1.060461e+16
11098	5.227211e+15	5.685663e+01	2.772921e+01	8.712396e+15
11099	5.227435e+15	5.680057e+01	2.758436e+01	9.814731e+15
11100	5.227657e+15	5.149040e+01	2.720464e+01	4.347214e+15
11101	5.227882e+15	5.225913e+01	2.866500e+01	1.912160e+16
11102	5.228101e+15	4.474140e+01	2.627258e+01	1.470344e+16
11103	5.228329e+15	4.891756e+01	2.794399e+01	1.535109e+16
11104	5.228554e+15	5.171174e+01	2.529295e+01	8.623628e+15
11105	5.228781e+15	5.803674e+01	2.692930e+01	1.878255e+16
11106	5.229010e+15	5.302281e+01	2.831641e+01	1.221526e+16
11107	5.229243e+15	5.164241e+01	2.951704e+01	7.151341e+15
11108	5.229474e+15	5.225303e+01	2.894914e+01	1.807191e+16
11109	5.229704e+15	5.142710e+01	2.999525e+01	1.109279e+16
11110	5.229923e+15	4.268525e+01	2.874547e+01	1.207268e+16
11111	5.230137e+15	4.143435e+01	2.822746e+01	1.207535e+16
11112	5.230352e+15	4.352361e+01	2.702837e+01	1.249102e+16
11113	5.230569e+15	4.639429e+01	2.842779e+01	1.432742e+16
11114	5.230781e+15	4.247793e+01	2.856629e+01	1.724877e+16
11115	5.230987e+15	4.337761e+01	2.787411e+01	1.025390e+16
11116	5.231191e+15	4.778754e+01	2.782932e+01	9.132338e+15
11117	5.231394e+15	5.083628e+01	2.774620e+01	1.072993e+16
11118	5.231594e+15	5.561867e+01	2.796077e+01	1.413185e+16
11119	5.231794e+15	6.359557e+01	2.801241e+01	1.022552e+16
11120	5.231992e+15	5.728189e+01	2.751278e+01	6.021032e+15
11121	5.232189e+15	5.496474e+01	2.815516e+01	1.245991e+16
11122	5.232383e+15	6.064174e+01	2.718875e+01	1.092292e+16
11123	5.232580e+15	6.414394e+01	2.817199e+01	1.812259e+16
11124	5.232773e+15	6.287841e+01	2.814055e+01	1.189622e+16
11125	5.232963e+15	5.466734e+01	2.720717e+01	7.513641e+15
11126	5.233153e+15	4.726803e+01	2.693038e+01	7.667550e+15
11127	5.233343e+15	4.874296e+01	2.645625e+01	8.181395e+15
11128	5.233536e+15	5.531712e+01	2.648296e+01	8.515401e+15
11129	5.233728e+15	5.187191e+01	2.659735e+01	8.902150e+15
11130	5.233918e+15	5.564988e+01	2.684326e+01	1.927811e+15
11131	5.234105e+15	4.894118e+01	2.741300e+01	1.458373e+16
11132	5.234301e+15	4.912840e+01	2.962341e+01	8.820197e+15
11133	5.234495e+15	4.680117e+01	2.756555e+01	5.870672e+15
11134	5.234700e+15	4.290544e+01	2.989156e+01	8.470334e+15
11135	5.234905e+15	4.515340e+01	2.940546e+01	6.007474e+15
11136	5.235112e+15	4.263232e+01	2.701770e+01	2.786017e+15
11137	5.235333e+15	4.467876e+01	2.955143e+01	7.964938e+15
11138	5.235556e+15	3.725578e+01	2.836278e+01	1.104570e+16
11139	5.235789e+15	3.566325e+01	3.016451e+01	1.069754e+16
11140	5.236021e+15	4.173042e+01	2.969773e+01	1.430368e+16
11141	5.236259e+15	4.204845e+01	3.102267e+01	1.272508e+16
11142	5.236497e+15	4.559678e+01	3.108308e+01	1.767547e+16
11143	5.236737e+15	4.493799e+01	3.099243e+01	1.151767e+16
11144	5.236981e+15	4.253568e+01	3.162605e+01	1.403799e+16
11145	5.237221e+15	4.104444e+01	3.159989e+01	1.089523e+16
11146	5.237458e+15	4.388987e+01	3.029176e+01	1.607137e+16
11147	5.237700e+15	4.418232e+01	3.104060e+01	1.780901e+16
11148	5.237938e+15	4.345007e+01	3.108513e+01	5.568900e+15
11149	5.238171e+15	4.590093e+01	3.097127e+01	5.348285e+15
11150	5.238402e+15	4.658799e+01	3.028028e+01	1.175725e+16
11151	5.238633e+15	4.858241e+01	3.109587e+01	1.490546e+16
11152	5.238863e+15	5.359911e+01	3.163782e+01	8.031773e+15
11153	5.239087e+15	5.516621e+01	3.107549e+01	1.926242e+16
11154	5.239306e+15	5.166023e+01	3.025995e+01	1.288940e+16
11155	5.239524e+15	5.144509e+01	2.997275e+01	3.368918e+15
11156	5.239744e+15	5.699933e+01	3.121495e+01	9.095832e+15
11157	5.239959e+15	5.310559e+01	2.983323e+01	9.993077e+15
11158	5.240178e+15	5.414259e+01	3.028862e+01	7.194743e+15
11159	5.240395e+15	5.680772e+01	2.989729e+01	1.201790e+16
11160	5.240610e+15	5.841378e+01	2.789713e+01	1.542855e+16
11161	5.240830e+15	6.622291e+01	2.894569e+01	5.027792e+15
11162	5.241047e+15	7.544178e+01	2.985609e+01	9.218041e+15
11163	5.241261e+15	6.486748e+01	2.822417e+01	7.581528e+15
11164	5.241472e+15	5.394633e+01	3.219404e+01	9.233680e+15
11165	5.241678e+15	5.380895e+01	3.149266e+01	6.524933e+15
11166	5.241881e+15	5.315728e+01	3.094140e+01	1.638048e+16
11167	5.242080e+15	6.284634e+01	3.138855e+01	8.218620e+15
11168	5.242273e+15	7.889354e+01	3.126046e+01	3.599138e+15
11169	5.242463e+15	8.165005e+01	2.954582e+01	1.515345e+16
11170	5.242650e+15	7.434971e+01	2.989215e+01	1.229751e+16
11171	5.242835e+15	7.463367e+01	3.240122e+01	1.231864e+16
11172	5.243006e+15	7.289502e+01	3.250299e+01	4.504735e+15
11173	5.243166e+15	7.581901e+01	3.143081e+01	4.195566e+15
11174	5.243318e+15	8.058262e+01	3.201925e+01	1.426608e+16
11175	5.243462e+15	7.818219e+01	2.996497e+01	8.457479e+15
11176	5.243602e+15	8.695254e+01	3.129489e+01	4.038608e+15
11177	5.243734e+15	9.211196e+01	2.963518e+01	6.387486e+15
11178	5.243864e+15	1.064730e+02	2.997669e+01	3.861178e+15
11179	5.243990e+15	1.289067e+02	2.871410e+01	6.060077e+15
11180	5.244114e+15	1.378715e+02	2.816142e+01	6.242552e+15
11181	5.244239e+15	1.305764e+02	2.946142e+01	1.466990e+16
11182	5.244362e+15	1.246358e+02	2.779196e+01	3.331603e+15
11183	5.244488e+15	1.140593e+02	2.722080e+01	6.838829e+15
11184	5.244619e+15	8.801535e+01	2.607796e+01	1.020469e+16
11185	5.244756e+15	6.113253e+01	2.532040e+01	5.158578e+15
11186	5.244903e+15	5.391734e+01	2.466998e+01	9.537483e+15
11187	5.245060e+15	5.696724e+01	2.358780e+01	8.029935e+15
11188	5.245235e+15	5.499827e+01	2.488257e+01	1.965124e+16
11189	5.245423e+15	4.849888e+01	2.489149e+01	9.315930e+15
11190	5.245627e+15	4.439341e+01	2.176270e+01	1.047758e+16
11191	5.245872e+15	3.737120e+01	2.344038e+01	1.181314e+16
11192	5.246147e+15	3.488983e+01	2.419800e+01	8.935983e+15
11193	5.246442e+15	4.277663e+01	2.780264e+01	1.363168e+16
11194	5.246734e+15	3.738677e+01	2.860179e+01	9.711485e+15
11195	5.247020e+15	3.613678e+01	2.933628e+01	1.119423e+16
11196	5.247294e+15	3.637461e+01	2.820243e+01	1.894856e+16
11197	5.247561e+15	4.251482e+01	2.928776e+01	8.384128e+15
11198	5.247821e+15	4.640160e+01	3.035146e+01	1.275002e+16
11199	5.248071e+15	4.818758e+01	3.058108e+01	1.200831e+16
11200	5.248317e+15	5.019413e+01	3.053143e+01	1.466128e+16
11201	5.248559e+15	4.845749e+01	3.006452e+01	1.032235e+16
11202	5.248798e+15	5.032060e+01	3.020486e+01	1.217174e+16
11203	5.249029e+15	4.827041e+01	2.932907e+01	1.679751e+16
11204	5.249257e+15	4.898754e+01	2.928191e+01	1.570353e+16
11205	5.249485e+15	5.648608e+01	2.970457e+01	9.107045e+15
11206	5.249707e+15	6.413866e+01	3.042552e+01	9.606718e+15
11207	5.249923e+15	5.761528e+01	3.121244e+01	1.890625e+16
11208	5.250136e+15	5.691987e+01	3.190575e+01	1.250375e+16
11209	5.250348e+15	5.710497e+01	3.166686e+01	4.368303e+15
11210	5.250559e+15	5.964638e+01	3.246339e+01	4.328012e+15
11211	5.250765e+15	5.664331e+01	3.200002e+01	8.338778e+15
11212	5.250965e+15	5.913483e+01	3.069204e+01	1.670643e+16
11213	5.251162e+15	6.580872e+01	2.988666e+01	1.277188e+16
11214	5.251359e+15	6.819493e+01	3.012745e+01	1.284586e+16
11215	5.251553e+15	7.581683e+01	2.941801e+01	1.066590e+16
11216	5.251746e+15	7.157642e+01	2.943654e+01	1.060439e+16
11217	5.251937e+15	5.523466e+01	2.805121e+01	8.096102e+15
11218	5.252132e+15	6.104011e+01	2.895298e+01	1.268138e+16
11219	5.252328e+15	6.224407e+01	2.863407e+01	1.433414e+16
11220	5.252525e+15	7.036330e+01	2.922191e+01	1.158048e+16
11221	5.252724e+15	6.799978e+01	2.842965e+01	1.198122e+16
11222	5.252931e+15	6.179044e+01	2.597492e+01	1.113377e+16
11223	5.253155e+15	7.644435e+01	3.024854e+01	6.927125e+15
11224	5.253381e+15	6.705795e+01	3.209357e+01	1.388090e+16
11225	5.253597e+15	4.797780e+01	2.813557e+01	1.242302e+16
11226	5.253825e+15	6.221970e+01	3.202086e+01	1.212459e+16
11227	5.254038e+15	6.806177e+01	2.888277e+01	6.163402e+15
11228	5.254257e+15	5.822407e+01	3.030675e+01	4.380527e+15
11229	5.254472e+15	4.880483e+01	2.938780e+01	9.301014e+15
11230	5.254688e+15	4.874697e+01	3.004688e+01	1.370740e+16
11231	5.254900e+15	4.592164e+01	2.812348e+01	7.316242e+15
11232	5.255116e+15	5.104160e+01	2.925226e+01	1.175936e+16
11233	5.255332e+15	6.124604e+01	2.866975e+01	1.079579e+16
11234	5.255552e+15	7.546823e+01	2.988550e+01	1.363649e+16
11235	5.255770e+15	7.088049e+01	3.037329e+01	1.398898e+16
11236	5.255984e+15	6.725603e+01	3.218497e+01	9.385767e+15
11237	5.256187e+15	6.033416e+01	3.057547e+01	1.058133e+16
11238	5.256389e+15	4.756144e+01	2.951646e+01	1.387107e+16
11239	5.256594e+15	6.604128e+01	3.153441e+01	1.412076e+16
11240	5.256790e+15	6.613392e+01	2.977241e+01	7.806530e+15
11241	5.256987e+15	7.437066e+01	3.217324e+01	1.535657e+16
11242	5.257177e+15	7.192211e+01	3.039223e+01	1.854569e+16
11243	5.257369e+15	5.840179e+01	3.004164e+01	1.020517e+16
11244	5.257564e+15	5.719139e+01	3.049174e+01	1.080739e+16
11245	5.257758e+15	5.532603e+01	2.887021e+01	1.236150e+16
11246	5.257959e+15	5.575560e+01	3.106966e+01	9.410528e+15
11247	5.258157e+15	5.414172e+01	2.945501e+01	1.227161e+16
11248	5.258362e+15	5.018604e+01	2.950361e+01	1.169645e+16
11249	5.258571e+15	5.167424e+01	2.955245e+01	1.878581e+16
11250	5.258782e+15	5.367234e+01	2.871876e+01	6.850831e+15
11251	5.258997e+15	5.810468e+01	2.921276e+01	9.934080e+15
11252	5.259214e+15	5.927271e+01	3.001065e+01	2.095906e+16
11253	5.259429e+15	6.109601e+01	3.120020e+01	1.716727e+16
11254	5.259639e+15	4.522714e+01	2.734470e+01	9.093858e+15
11255	5.259860e+15	5.293171e+01	2.988284e+01	1.100914e+16
11256	5.260076e+15	5.952149e+01	2.864040e+01	7.847301e+15
11257	5.260300e+15	6.038406e+01	3.147327e+01	1.221059e+16
11258	5.260517e+15	4.345773e+01	3.022389e+01	1.301291e+16
11259	5.260738e+15	4.931941e+01	3.054803e+01	1.203310e+16
11260	5.260958e+15	5.073755e+01	2.950486e+01	1.173106e+16
11261	5.261184e+15	5.574341e+01	3.090161e+01	1.916613e+16
11262	5.261406e+15	5.856827e+01	3.013307e+01	2.479155e+16
11263	5.261628e+15	5.715773e+01	2.859464e+01	1.309822e+16
11264	5.261857e+15	5.764209e+01	3.103272e+01	6.201690e+15
11265	5.262081e+15	5.537285e+01	3.115560e+01	1.696097e+16
11266	5.262303e+15	5.282371e+01	3.029961e+01	1.206046e+16
11267	5.262530e+15	4.796476e+01	3.176735e+01	1.859484e+16
11268	5.262755e+15	5.481769e+01	3.015922e+01	1.892619e+16
11269	5.262979e+15	4.516556e+01	3.097387e+01	1.568846e+16
11270	5.263203e+15	3.693620e+01	3.408290e+01	5.351385e+15
11271	5.263417e+15	3.723301e+01	3.118929e+01	1.172906e+16
11272	5.263634e+15	3.876334e+01	3.240422e+01	9.441224e+15
11273	5.263848e+15	3.788940e+01	3.109366e+01	1.227590e+16
11274	5.264067e+15	4.813527e+01	3.402178e+01	1.079410e+16
11275	5.264278e+15	5.171535e+01	3.315499e+01	1.568713e+16
11276	5.264489e+15	4.924304e+01	3.257967e+01	1.267436e+16
11277	5.264702e+15	4.856899e+01	3.039093e+01	1.082557e+16
11278	5.264921e+15	4.444399e+01	3.076909e+01	1.926732e+16
11279	5.265146e+15	4.045361e+01	3.155458e+01	1.018561e+16
11280	5.265372e+15	3.934836e+01	2.816874e+01	9.644669e+15
11281	5.265620e+15	4.550340e+01	2.891569e+01	1.556249e+16
11282	5.265875e+15	5.586785e+01	3.011681e+01	8.580869e+15
11283	5.266128e+15	5.464887e+01	3.162892e+01	1.068234e+16
11284	5.266371e+15	4.506726e+01	3.077089e+01	1.358363e+16
11285	5.266606e+15	4.484422e+01	3.080955e+01	2.424865e+16
11286	5.266836e+15	5.451858e+01	3.111734e+01	1.034094e+16
11287	5.267056e+15	5.838263e+01	2.884292e+01	9.715648e+15
11288	5.267275e+15	6.881729e+01	2.978519e+01	1.603432e+16
11289	5.267491e+15	6.732825e+01	2.909099e+01	3.808487e+15
11290	5.267704e+15	6.344525e+01	2.945575e+01	3.305141e+15
11291	5.267918e+15	6.938836e+01	3.047306e+01	1.106519e+16
11292	5.268124e+15	5.943529e+01	2.880020e+01	1.763095e+16
11293	5.268332e+15	5.725353e+01	2.981760e+01	1.115503e+16
11294	5.268537e+15	5.299508e+01	2.814849e+01	1.393215e+16
11295	5.268751e+15	5.007098e+01	3.155036e+01	9.952160e+15
11296	5.268957e+15	5.909945e+01	2.954914e+01	1.473627e+16
11297	5.269168e+15	6.539101e+01	3.062876e+01	1.900036e+16
11298	5.269377e+15	7.090097e+01	3.085895e+01	1.137550e+16
11299	5.269587e+15	6.569053e+01	3.221280e+01	8.222578e+15
11300	5.269793e+15	5.952405e+01	2.944657e+01	1.702327e+16
11301	5.270009e+15	6.098001e+01	3.326195e+01	1.388376e+16
11302	5.270223e+15	4.680082e+01	3.171043e+01	1.539382e+16
11303	5.270446e+15	4.177004e+01	3.262826e+01	1.978280e+16
11304	5.270673e+15	4.840719e+01	3.308575e+01	1.107820e+16
11305	5.270899e+15	4.598226e+01	3.251302e+01	1.064647e+16
11306	5.271130e+15	4.096346e+01	3.339526e+01	1.058241e+16
11307	5.271358e+15	4.622620e+01	3.095438e+01	1.771650e+16
11308	5.271596e+15	6.080481e+01	3.426912e+01	9.015938e+15
11309	5.271828e+15	6.122085e+01	3.209503e+01	1.516089e+16
11310	5.272062e+15	5.319094e+01	3.185463e+01	1.749081e+16
11311	5.272298e+15	4.365082e+01	3.192000e+01	1.141060e+16
11312	5.272534e+15	4.103722e+01	3.251843e+01	2.707311e+15
11313	5.272766e+15	4.715458e+01	3.381568e+01	1.834596e+16
11314	5.272987e+15	4.984348e+01	3.291321e+01	1.235059e+16
11315	5.273205e+15	5.821714e+01	3.299009e+01	1.299178e+16
11316	5.273421e+15	5.955615e+01	3.257277e+01	8.940019e+15
11317	5.273639e+15	5.992112e+01	3.375633e+01	2.108321e+16
11318	5.273852e+15	5.086594e+01	3.146548e+01	1.292398e+16
11319	5.274070e+15	5.030319e+01	3.311515e+01	2.093438e+16
11320	5.274286e+15	5.523077e+01	3.312676e+01	7.911058e+15
11321	5.274499e+15	4.786516e+01	3.153738e+01	1.709345e+16
11322	5.274715e+15	4.583358e+01	3.210107e+01	1.136545e+16
11323	5.274932e+15	5.366452e+01	3.281481e+01	1.350049e+16
11324	5.275147e+15	7.101189e+01	3.354091e+01	1.781631e+16
11325	5.275356e+15	6.497818e+01	3.209011e+01	9.825518e+15
11326	5.275565e+15	5.764239e+01	3.171307e+01	2.406300e+16
11327	5.275776e+15	5.776668e+01	3.340746e+01	1.108502e+16
11328	5.275984e+15	5.806721e+01	3.262469e+01	9.188821e+15
11329	5.276191e+15	6.180170e+01	3.288928e+01	7.964933e+15
11330	5.276394e+15	6.893342e+01	3.219233e+01	1.162789e+16
11331	5.276597e+15	7.163650e+01	3.228807e+01	1.165669e+16
11332	5.276798e+15	5.580055e+01	3.038630e+01	1.565374e+16
11333	5.277008e+15	5.678468e+01	3.348287e+01	1.345563e+16
11334	5.277213e+15	5.278403e+01	3.439062e+01	1.523739e+16
11335	5.277413e+15	4.310841e+01	3.263886e+01	1.406748e+16
11336	5.277620e+15	6.305939e+01	3.630957e+01	1.578646e+16
11337	5.277817e+15	6.734729e+01	3.218641e+01	9.606610e+15
11338	5.278022e+15	6.361808e+01	3.552963e+01	2.225910e+16
11339	5.278217e+15	5.946132e+01	3.121086e+01	1.414295e+16
11340	5.278419e+15	6.296777e+01	3.110586e+01	1.497617e+16
11341	5.278630e+15	5.691604e+01	3.424088e+01	8.353109e+15
11342	5.278839e+15	5.759326e+01	3.247488e+01	1.953145e+16
11343	5.279055e+15	6.513483e+01	3.224419e+01	6.928501e+15
11344	5.279278e+15	6.195140e+01	3.544392e+01	1.536350e+16
11345	5.279493e+15	4.935982e+01	3.356949e+01	1.403393e+16
11346	5.279711e+15	4.940525e+01	3.462775e+01	1.656291e+16
11347	5.279925e+15	5.228411e+01	3.381168e+01	7.207612e+15
11348	5.280140e+15	5.914927e+01	3.478342e+01	1.398104e+16
11349	5.280349e+15	5.862686e+01	3.587255e+01	1.254622e+16
11350	5.280554e+15	5.613714e+01	3.477712e+01	8.127764e+15
11351	5.280761e+15	6.180630e+01	3.671570e+01	2.006485e+16
11352	5.280962e+15	6.425023e+01	3.533427e+01	1.423980e+16
11353	5.281167e+15	7.002225e+01	3.688162e+01	8.055935e+15
11354	5.281367e+15	6.581686e+01	3.654585e+01	6.909535e+15
11355	5.281565e+15	5.503089e+01	3.509158e+01	1.312029e+16
11356	5.281761e+15	6.253229e+01	3.585855e+01	1.403957e+16
11357	5.281954e+15	6.524779e+01	3.358579e+01	5.616966e+15
11358	5.282149e+15	6.310592e+01	3.289800e+01	3.823761e+15
11359	5.282346e+15	5.907878e+01	3.400632e+01	1.539118e+16
11360	5.282542e+15	5.682071e+01	3.414312e+01	1.700910e+16
11361	5.282738e+15	6.073303e+01	3.341326e+01	1.317408e+16
11362	5.282935e+15	6.560317e+01	3.338652e+01	7.396121e+15
11363	5.283134e+15	5.906017e+01	3.220112e+01	9.847730e+15
11364	5.283339e+15	6.441742e+01	3.391431e+01	5.738249e+15
11365	5.283543e+15	6.045131e+01	3.546617e+01	1.267592e+16
11366	5.283744e+15	5.875571e+01	3.690012e+01	1.139780e+16
11367	5.283941e+15	6.515749e+01	3.681009e+01	6.493749e+15
11368	5.284133e+15	6.978770e+01	3.619986e+01	1.414660e+16
11369	5.284322e+15	7.333975e+01	3.697768e+01	9.948999e+15
11370	5.284505e+15	7.267055e+01	3.475382e+01	1.750557e+16
11371	5.284689e+15	8.139056e+01	3.498679e+01	6.140671e+15
11372	5.284869e+15	7.545487e+01	3.482898e+01	1.026236e+16
11373	5.285049e+15	7.415177e+01	3.589142e+01	1.464866e+16
11374	5.285225e+15	7.774242e+01	3.561783e+01	7.440153e+15
11375	5.285397e+15	6.896995e+01	3.403107e+01	5.078714e+15
11376	5.285571e+15	6.876004e+01	3.529184e+01	4.329356e+15
11377	5.285746e+15	7.272887e+01	3.379186e+01	8.674892e+15
11378	5.285923e+15	7.427693e+01	3.308495e+01	2.379146e+16
11379	5.286101e+15	7.483933e+01	3.364553e+01	1.274804e+16
11380	5.286278e+15	7.303142e+01	3.257564e+01	2.167679e+15
11381	5.286458e+15	7.076410e+01	3.332856e+01	7.618730e+15
11382	5.286638e+15	7.463086e+01	3.387814e+01	8.498673e+15
11383	5.286816e+15	8.248732e+01	3.457900e+01	6.250042e+15
11384	5.286992e+15	8.018921e+01	3.560571e+01	5.150466e+15
11385	5.287164e+15	7.111520e+01	3.657582e+01	4.062112e+15
11386	5.287334e+15	8.611497e+01	3.597505e+01	1.904890e+16
11387	5.287500e+15	8.531435e+01	3.639718e+01	1.429053e+16
11388	5.287665e+15	7.153207e+01	3.527786e+01	7.867590e+15
11389	5.287828e+15	7.980716e+01	3.519414e+01	9.958598e+15
11390	5.287988e+15	8.691884e+01	3.338741e+01	7.277346e+15
11391	5.288151e+15	8.936068e+01	3.524431e+01	9.774769e+15
11392	5.288309e+15	8.638369e+01	3.443772e+01	8.723720e+15
11393	5.288463e+15	7.312516e+01	3.247357e+01	9.860366e+15
11394	5.288620e+15	8.310814e+01	3.456409e+01	1.310164e+16
11395	5.288771e+15	8.169088e+01	3.320373e+01	5.367304e+15
11396	5.288922e+15	9.387948e+01	3.433467e+01	6.669336e+15
11397	5.289067e+15	9.716018e+01	3.336674e+01	5.559709e+15
11398	5.289210e+15	8.199151e+01	3.316714e+01	3.602529e+15
11399	5.289353e+15	8.254877e+01	3.381515e+01	1.143920e+16
11400	5.289491e+15	7.692486e+01	3.003038e+01	5.719600e+15
11401	5.289635e+15	1.063261e+02	3.296329e+01	1.227901e+16
11402	5.289772e+15	9.321813e+01	3.053423e+01	2.567277e+15
11403	5.289912e+15	9.201503e+01	3.236628e+01	4.588507e+15
11404	5.290049e+15	8.848776e+01	2.998056e+01	7.493695e+15
11405	5.290189e+15	8.849426e+01	2.860990e+01	1.235713e+16
11406	5.290336e+15	9.085223e+01	2.922454e+01	1.309653e+16
11407	5.290484e+15	7.938876e+01	2.767693e+01	9.198521e+15
11408	5.290637e+15	7.829248e+01	2.829202e+01	1.255244e+16
11409	5.290790e+15	7.832321e+01	2.624060e+01	1.743140e+15
11410	5.290953e+15	6.899552e+01	2.661274e+01	3.254937e+15
11411	5.291125e+15	6.247807e+01	2.791755e+01	6.307337e+15
11412	5.291303e+15	7.197912e+01	2.954590e+01	7.450404e+15
11413	5.291481e+15	8.533446e+01	2.829056e+01	8.064069e+15
11414	5.291665e+15	8.921450e+01	2.946546e+01	1.142303e+16
11415	5.291849e+15	6.780044e+01	2.859190e+01	4.530747e+15
11416	5.292036e+15	4.983064e+01	2.948982e+01	9.585441e+15
11417	5.292225e+15	5.116103e+01	3.029470e+01	9.713213e+15
11418	5.292412e+15	6.354704e+01	3.031419e+01	8.825744e+15
11419	5.292600e+15	6.438291e+01	3.007572e+01	1.444601e+16
11420	5.292791e+15	5.897098e+01	3.192321e+01	9.018445e+15
11421	5.292970e+15	6.439803e+01	3.184507e+01	1.218473e+16
11422	5.293146e+15	6.971880e+01	3.136387e+01	1.104676e+16
11423	5.293320e+15	6.407879e+01	3.029947e+01	9.524387e+15
11424	5.293496e+15	6.756078e+01	3.224930e+01	1.210800e+16
11425	5.293663e+15	8.910530e+01	2.788188e+01	1.526520e+16
11426	5.293837e+15	9.300693e+01	3.080498e+01	2.221804e+16
11427	5.294006e+15	7.011812e+01	2.846523e+01	9.642865e+15
11428	5.294182e+15	6.302343e+01	2.958552e+01	1.245048e+16
11429	5.294362e+15	5.361423e+01	2.856751e+01	2.171802e+15
11430	5.294548e+15	4.712661e+01	2.985590e+01	1.186321e+16
11431	5.294736e+15	4.776969e+01	2.717679e+01	3.941625e+15
11432	5.294943e+15	5.176001e+01	2.862034e+01	2.264788e+16
11433	5.295161e+15	5.338402e+01	2.871649e+01	4.354927e+15
11434	5.295387e+15	5.895990e+01	2.982539e+01	1.440765e+16
11435	5.295616e+15	5.802745e+01	3.084909e+01	7.984664e+15
11436	5.295838e+15	5.695961e+01	2.973651e+01	7.695704e+15
11437	5.296058e+15	6.123117e+01	2.928896e+01	6.737209e+15
11438	5.296276e+15	5.618410e+01	2.897638e+01	1.108452e+16
11439	5.296491e+15	5.800744e+01	2.940211e+01	8.716668e+15
11440	5.296702e+15	5.977600e+01	2.950907e+01	6.479718e+15
11441	5.296907e+15	6.255298e+01	2.925687e+01	6.949598e+15
11442	5.297107e+15	6.143188e+01	2.937534e+01	8.468232e+15
11443	5.297300e+15	6.085555e+01	2.881445e+01	1.159076e+16
11444	5.297486e+15	7.234497e+01	2.810758e+01	1.122807e+16
11445	5.297667e+15	7.544764e+01	2.761259e+01	6.728156e+15
11446	5.297843e+15	8.097558e+01	2.609857e+01	6.745433e+15
11447	5.298018e+15	8.083660e+01	2.719419e+01	1.942976e+15
11448	5.298187e+15	6.477019e+01	2.556335e+01	1.196266e+16
11449	5.298360e+15	7.543002e+01	2.798048e+01	6.663260e+15
11450	5.298527e+15	7.481660e+01	2.639420e+01	1.059837e+16
11451	5.298695e+15	8.010506e+01	2.676333e+01	5.600348e+15
11452	5.298860e+15	7.403491e+01	2.456940e+01	6.130525e+15
11453	5.299031e+15	7.199552e+01	2.602362e+01	8.555875e+15
11454	5.299201e+15	6.664747e+01	2.557944e+01	5.889478e+15
11455	5.299374e+15	7.600445e+01	2.692336e+01	8.600021e+15
11456	5.299546e+15	6.403586e+01	2.617881e+01	1.012770e+16
11457	5.299720e+15	6.046457e+01	2.759966e+01	6.752282e+15
11458	5.299890e+15	7.028350e+01	2.755566e+01	3.449848e+15
11459	5.300056e+15	7.754070e+01	2.797207e+01	5.483047e+15
11460	5.300220e+15	7.937514e+01	2.674874e+01	9.179149e+15
11461	5.300384e+15	8.020135e+01	2.715874e+01	7.866452e+15
11462	5.300549e+15	8.018799e+01	2.771381e+01	1.202968e+16
11463	5.300710e+15	6.603760e+01	2.602198e+01	4.006544e+15
11464	5.300875e+15	5.357565e+01	2.599809e+01	8.198393e+15
11465	5.301045e+15	6.186003e+01	2.720639e+01	8.594971e+15
11466	5.301216e+15	6.280177e+01	2.613188e+01	4.791292e+15
11467	5.301393e+15	5.194415e+01	2.636298e+01	7.803493e+15
11468	5.301574e+15	5.480157e+01	2.759321e+01	1.196104e+16
11469	5.301756e+15	5.610276e+01	2.652199e+01	1.991992e+16
11470	5.301945e+15	5.498278e+01	2.802198e+01	1.576252e+16
11471	5.302136e+15	5.477426e+01	2.719437e+01	7.983652e+15
11472	5.302333e+15	5.888964e+01	2.901996e+01	7.184583e+15
11473	5.302529e+15	5.037433e+01	2.722363e+01	1.148941e+16
11474	5.302735e+15	4.543183e+01	2.690117e+01	7.352818e+15
11475	5.302951e+15	4.633259e+01	2.776145e+01	1.151378e+16
11476	5.303169e+15	4.747948e+01	2.715538e+01	1.169705e+16
11477	5.303395e+15	4.535031e+01	2.790306e+01	2.509792e+16
11478	5.303623e+15	4.154421e+01	2.682571e+01	1.217656e+16
11479	5.303861e+15	7.984459e+01	4.999154e+01	2.547729e+16
11480	5.304011e+15	9.070322e+01	2.832451e+01	6.283041e+15
11481	5.304167e+15	9.206173e+01	3.004580e+01	1.174849e+16
11482	5.304321e+15	5.841496e+01	2.734539e+01	6.580697e+15
11483	5.304485e+15	3.907716e+01	2.808082e+01	9.661741e+15
11484	5.304656e+15	4.090187e+01	2.789442e+01	1.942229e+15
11485	5.304835e+15	3.670195e+01	2.413850e+01	7.036953e+15
11486	5.305046e+15	3.727815e+01	2.737661e+01	8.289469e+15
11487	5.305275e+15	3.422572e+01	2.387146e+01	1.489954e+16
11488	5.305548e+15	3.453069e+01	2.769029e+01	1.153217e+16
11489	5.305843e+15	3.798458e+01	3.169976e+01	2.576772e+16
11490	5.306129e+15	3.798580e+01	3.154931e+01	2.004805e+16
11491	5.306410e+15	3.522456e+01	3.226243e+01	1.398838e+16
11492	5.306684e+15	3.516191e+01	3.108388e+01	1.308272e+16
11493	5.306960e+15	3.921505e+01	3.308586e+01	1.602975e+16
11494	5.307225e+15	3.466046e+01	3.116645e+01	1.421457e+16
11495	5.307493e+15	4.166504e+01	3.383694e+01	1.199245e+16
11496	5.307750e+15	4.032281e+01	3.145740e+01	1.944023e+16
11497	5.308010e+15	4.286469e+01	3.316117e+01	1.650348e+16
11498	5.308259e+15	4.058854e+01	3.015697e+01	9.115473e+15
11499	5.308512e+15	3.901860e+01	3.045886e+01	1.691135e+16
11500	5.308766e+15	4.419335e+01	3.030754e+01	1.046262e+16
11501	5.309019e+15	4.602133e+01	2.956822e+01	2.252545e+16
11502	5.309272e+15	4.882893e+01	2.908908e+01	5.916773e+15
11503	5.309527e+15	4.855495e+01	2.856947e+01	1.119233e+16
11504	5.309783e+15	4.425426e+01	2.847495e+01	8.285447e+15
11505	5.310039e+15	5.032704e+01	2.895373e+01	1.606976e+16
11506	5.310294e+15	4.841210e+01	2.905045e+01	1.218282e+16
11507	5.310548e+15	4.218721e+01	2.999797e+01	2.188723e+16
11508	5.310793e+15	5.217939e+01	3.004683e+01	1.565642e+16
11509	5.311032e+15	5.620751e+01	2.904975e+01	5.888377e+15
11510	5.311267e+15	5.157013e+01	2.888431e+01	1.612917e+16
11511	5.311499e+15	5.061564e+01	2.928989e+01	7.732206e+15
11512	5.311729e+15	5.249534e+01	2.868212e+01	1.424127e+16
11513	5.311959e+15	5.744221e+01	2.948721e+01	8.058342e+15
11514	5.312183e+15	5.800134e+01	2.893201e+01	1.270981e+16
11515	5.312404e+15	5.609217e+01	2.854925e+01	1.757007e+16
11516	5.312626e+15	5.401170e+01	2.868108e+01	8.922110e+15
11517	5.312848e+15	4.960562e+01	2.864923e+01	1.259406e+16
11518	5.313070e+15	5.621508e+01	2.860410e+01	3.437063e+15
11519	5.313290e+15	5.108093e+01	2.792042e+01	6.979117e+15
11520	5.313515e+15	5.440845e+01	2.890362e+01	1.031238e+16
11521	5.313738e+15	4.998465e+01	2.833865e+01	1.569388e+16
11522	5.313968e+15	4.634861e+01	2.980677e+01	1.197658e+16
11523	5.314198e+15	5.196731e+01	2.879547e+01	1.688368e+16
11524	5.314432e+15	5.214200e+01	2.832069e+01	1.207256e+16
11525	5.314669e+15	4.675408e+01	2.789359e+01	1.388491e+16
11526	5.314908e+15	4.843623e+01	2.922563e+01	1.577564e+16
11527	5.315148e+15	4.130824e+01	2.845873e+01	1.009509e+16
11528	5.315394e+15	4.683460e+01	2.964203e+01	2.065533e+16
11529	5.315638e+15	4.603398e+01	2.772704e+01	1.628731e+16
11530	5.315888e+15	4.031887e+01	2.893567e+01	1.826657e+16
11531	5.316133e+15	3.817576e+01	2.916012e+01	1.440640e+16
11532	5.316379e+15	4.420939e+01	2.931083e+01	1.163568e+16
11533	5.316627e+15	4.678088e+01	3.117779e+01	9.706930e+15
11534	5.316863e+15	5.695513e+01	2.947189e+01	1.112745e+16
11535	5.317099e+15	5.547779e+01	2.956548e+01	9.161993e+15
11536	5.317332e+15	5.372906e+01	2.996301e+01	1.234880e+16
11537	5.317563e+15	5.988777e+01	3.030636e+01	1.274809e+16
11538	5.317788e+15	5.150702e+01	2.828901e+01	6.273302e+15
11539	5.318018e+15	4.705608e+01	3.012381e+01	1.333709e+16
11540	5.318244e+15	4.096784e+01	2.859914e+01	2.116245e+16
11541	5.318475e+15	3.543723e+01	3.007858e+01	1.101882e+16
11542	5.318701e+15	4.556852e+01	2.886472e+01	5.891743e+15
11543	5.318929e+15	5.765543e+01	3.011135e+01	1.254930e+16
11544	5.319151e+15	5.916119e+01	2.789869e+01	1.953024e+16
11545	5.319377e+15	5.810998e+01	2.851098e+01	7.868116e+15
11546	5.319604e+15	4.391681e+01	2.877334e+01	5.603603e+15
11547	5.319834e+15	4.417599e+01	3.110632e+01	1.179378e+16
11548	5.320055e+15	5.084666e+01	2.991399e+01	8.930120e+15
11549	5.320276e+15	5.107984e+01	2.978452e+01	6.687831e+15
11550	5.320499e+15	4.358576e+01	3.006032e+01	4.750004e+15
11551	5.320723e+15	4.618573e+01	3.032513e+01	1.539247e+16
11552	5.320947e+15	4.977044e+01	3.179564e+01	2.137990e+16
11553	5.321166e+15	5.487222e+01	3.113119e+01	1.437230e+16
11554	5.321387e+15	5.195841e+01	3.149298e+01	1.188249e+16
11555	5.321607e+15	4.440476e+01	3.129943e+01	1.594617e+16
11556	5.321828e+15	4.151721e+01	3.221250e+01	1.334483e+16
11557	5.322046e+15	5.086749e+01	3.093916e+01	7.721350e+15
11558	5.322268e+15	5.320818e+01	3.198022e+01	1.107387e+16
11559	5.322487e+15	5.162412e+01	3.153484e+01	9.122266e+15
11560	5.322706e+15	5.252438e+01	3.146757e+01	1.106596e+16
11561	5.322925e+15	5.127094e+01	3.189525e+01	7.527672e+15
11562	5.323142e+15	4.870958e+01	3.055045e+01	1.461869e+16
11563	5.323361e+15	5.283775e+01	3.128173e+01	1.446616e+16
11564	5.323576e+15	4.913754e+01	3.019179e+01	1.007695e+16
11565	5.323792e+15	4.272217e+01	2.924711e+01	6.266678e+15
11566	5.324013e+15	4.993649e+01	3.069446e+01	6.330513e+15
11567	5.324231e+15	5.663719e+01	2.915209e+01	1.517192e+16
11568	5.324454e+15	5.493735e+01	3.050743e+01	1.287161e+16
11569	5.324673e+15	5.040943e+01	2.882475e+01	9.633676e+15
11570	5.324896e+15	4.863030e+01	2.968826e+01	9.150467e+15
11571	5.325121e+15	5.167449e+01	3.194405e+01	1.221265e+16
11572	5.325344e+15	5.366317e+01	3.466008e+01	3.891124e+15
11573	5.325561e+15	6.140150e+01	3.411792e+01	1.077709e+16
11574	5.325776e+15	6.050697e+01	3.324884e+01	6.700362e+15
11575	5.325991e+15	6.395426e+01	3.339799e+01	1.259250e+16
11576	5.326203e+15	5.954007e+01	3.169976e+01	7.948647e+15
11577	5.326419e+15	6.297518e+01	3.311717e+01	1.931839e+16
11578	5.326630e+15	5.826695e+01	3.213047e+01	1.330797e+16
11579	5.326842e+15	5.965716e+01	3.265159e+01	1.175771e+16
11580	5.327051e+15	6.296386e+01	3.163393e+01	1.189664e+16
11581	5.327262e+15	5.718346e+01	3.051623e+01	1.021002e+16
11582	5.327478e+15	5.957975e+01	3.213337e+01	1.334965e+16
11583	5.327687e+15	6.238084e+01	2.919766e+01	9.682832e+15
11584	5.327901e+15	6.953847e+01	2.993759e+01	6.765148e+15
11585	5.328113e+15	7.272247e+01	3.003179e+01	1.202186e+16
11586	5.328321e+15	7.345599e+01	2.948714e+01	4.929199e+15
11587	5.328527e+15	6.887039e+01	2.847316e+01	4.542038e+15
11588	5.328733e+15	6.882337e+01	2.804526e+01	4.987300e+15
11589	5.328940e+15	6.848138e+01	2.821185e+01	4.350027e+15
11590	5.329147e+15	7.237006e+01	2.858297e+01	6.728107e+15
11591	5.329350e+15	7.338387e+01	2.778279e+01	9.143755e+15
11592	5.329556e+15	7.377887e+01	2.782174e+01	1.106845e+16
11593	5.329764e+15	6.401754e+01	2.731130e+01	6.468487e+15
11594	5.329978e+15	5.776459e+01	2.804973e+01	1.203514e+16
11595	5.330193e+15	5.806956e+01	2.741355e+01	8.722578e+15
11596	5.330412e+15	4.123553e+01	2.566496e+01	2.017968e+16
11597	5.330646e+15	5.444625e+01	3.086555e+01	5.348097e+15
11598	5.330866e+15	5.636945e+01	2.839404e+01	7.622460e+15
11599	5.331090e+15	5.134723e+01	2.986680e+01	8.365132e+15
11600	5.331311e+15	4.961605e+01	2.991136e+01	1.088293e+16
11601	5.331529e+15	5.483726e+01	2.873538e+01	1.414030e+16
11602	5.331754e+15	5.605245e+01	3.048320e+01	1.369559e+16
11603	5.331973e+15	5.801224e+01	3.008308e+01	5.641277e+15
11604	5.332189e+15	4.843047e+01	2.625221e+01	1.411430e+16
11605	5.332423e+15	4.223110e+01	3.135965e+01	8.000503e+15
11606	5.332653e+15	3.445792e+01	3.076129e+01	1.354389e+16
11607	5.332878e+15	2.987285e+01	2.996443e+01	2.096216e+16
11608	5.333099e+15	3.119368e+01	2.990598e+01	2.020379e+16
11609	5.333316e+15	3.579403e+01	2.941363e+01	1.368573e+16
11610	5.333534e+15	4.477575e+01	3.115222e+01	2.177520e+16
11611	5.333746e+15	5.200453e+01	3.035188e+01	1.269715e+16
11612	5.333958e+15	6.027515e+01	3.309196e+01	1.608971e+16
11613	5.334160e+15	5.923695e+01	3.086651e+01	1.787776e+16
11614	5.334364e+15	5.790663e+01	3.145609e+01	1.063765e+16
11615	5.334569e+15	5.436024e+01	3.171119e+01	1.451621e+16
11616	5.334775e+15	5.310323e+01	3.154276e+01	1.254998e+16
11617	5.334981e+15	6.000279e+01	3.143993e+01	1.552639e+16
11618	5.335187e+15	5.795166e+01	3.189872e+01	1.763317e+16
11619	5.335394e+15	5.112798e+01	3.209231e+01	7.471133e+15
11620	5.335599e+15	5.400592e+01	2.954830e+01	8.368666e+15
11621	5.335814e+15	6.787281e+01	2.995036e+01	1.044383e+16
11622	5.336037e+15	6.876501e+01	3.310182e+01	1.577362e+16
11623	5.336250e+15	4.288555e+01	2.826035e+01	1.526988e+16
11624	5.336480e+15	4.122639e+01	3.280712e+01	1.681935e+16
11625	5.336703e+15	5.548080e+01	3.288666e+01	2.122043e+16
11626	5.336920e+15	6.656487e+01	3.111329e+01	1.198828e+16
11627	5.337138e+15	7.110701e+01	3.206316e+01	8.449017e+15
11628	5.337353e+15	6.108371e+01	2.976224e+01	1.593703e+16
11629	5.337573e+15	5.399222e+01	3.021980e+01	1.122943e+16
11630	5.337792e+15	5.203417e+01	2.993173e+01	6.623862e+15
11631	5.338014e+15	5.271100e+01	3.142637e+01	1.671838e+16
11632	5.338230e+15	4.691901e+01	3.126326e+01	1.904689e+16
11633	5.338449e+15	4.993384e+01	3.199659e+01	1.484855e+16
11634	5.338671e+15	5.665081e+01	3.188620e+01	9.392883e+15
11635	5.338899e+15	6.400459e+01	3.487266e+01	1.478308e+16
11636	5.339121e+15	6.407795e+01	3.390006e+01	9.700399e+15
11637	5.339344e+15	5.298862e+01	3.310811e+01	1.875614e+16
11638	5.339570e+15	5.344615e+01	3.331197e+01	1.301726e+16
11639	5.339795e+15	5.545124e+01	3.306694e+01	1.649411e+16
11640	5.340019e+15	5.958772e+01	3.375776e+01	1.263658e+16
11641	5.340243e+15	5.882925e+01	3.419171e+01	1.396950e+16
11642	5.340467e+15	6.341407e+01	3.341773e+01	1.466278e+16
11643	5.340690e+15	6.361645e+01	3.284233e+01	1.646988e+16
11644	5.340917e+15	6.346040e+01	3.418422e+01	1.742916e+16
11645	5.341138e+15	6.475051e+01	3.295148e+01	9.996405e+15
11646	5.341358e+15	6.103766e+01	3.327874e+01	7.748146e+15
11647	5.341576e+15	6.772519e+01	3.331947e+01	8.915848e+15
11648	5.341790e+15	7.008777e+01	3.211188e+01	1.776462e+16
11649	5.342001e+15	7.101389e+01	3.216477e+01	1.103113e+16
11650	5.342211e+15	6.807896e+01	3.164325e+01	1.141443e+16
11651	5.342421e+15	6.895037e+01	3.049757e+01	2.179633e+16
11652	5.342631e+15	6.984405e+01	3.273962e+01	1.697539e+16
11653	5.342840e+15	6.191474e+01	3.150376e+01	1.005383e+16
11654	5.343054e+15	7.339744e+01	3.343275e+01	1.035848e+16
11655	5.343269e+15	6.870885e+01	3.353283e+01	1.490741e+16
11656	5.343481e+15	5.866377e+01	3.146747e+01	1.358086e+16
11657	5.343700e+15	5.927728e+01	3.372675e+01	1.041796e+16
11658	5.343921e+15	5.142015e+01	3.223729e+01	1.076822e+16
11659	5.344150e+15	4.935101e+01	3.490277e+01	5.825041e+15
11660	5.344373e+15	5.058839e+01	3.141850e+01	7.016045e+15
11661	5.344600e+15	5.077407e+01	3.330787e+01	1.792490e+16
11662	5.344823e+15	4.491724e+01	3.029831e+01	6.654136e+15
11663	5.345059e+15	6.224352e+01	3.433369e+01	9.779480e+15
11664	5.345282e+15	5.652305e+01	3.120712e+01	6.538084e+15
11665	5.345501e+15	5.999061e+01	3.247386e+01	1.199966e+16
11666	5.345709e+15	6.745438e+01	3.056136e+01	1.191041e+16
11667	5.345912e+15	7.480205e+01	3.070440e+01	6.299827e+15
11668	5.346110e+15	7.717578e+01	2.969580e+01	1.930840e+16
11669	5.346308e+15	7.402267e+01	2.749208e+01	1.563804e+16
11670	5.346512e+15	6.807096e+01	3.032968e+01	9.316733e+15
11671	5.346716e+15	6.865404e+01	3.047387e+01	1.345346e+16
11672	5.346915e+15	5.757752e+01	2.873533e+01	4.997637e+15
11673	5.347120e+15	6.196102e+01	3.033888e+01	8.381938e+15
11674	5.347318e+15	6.830965e+01	2.779440e+01	1.203929e+16
11675	5.347522e+15	7.742186e+01	2.875087e+01	6.076968e+15
11676	5.347727e+15	6.647450e+01	2.855674e+01	7.498185e+15
11677	5.347937e+15	4.503078e+01	2.536838e+01	4.023091e+15
11678	5.348167e+15	4.921737e+01	3.095147e+01	2.352587e+16
11679	5.348393e+15	5.563382e+01	3.013845e+01	1.727570e+16
11680	5.348618e+15	6.377414e+01	3.147253e+01	7.144439e+15
11681	5.348834e+15	5.324725e+01	2.969562e+01	1.380283e+16
11682	5.349048e+15	4.508820e+01	2.875772e+01	7.194199e+15
11683	5.349265e+15	4.943994e+01	3.006667e+01	8.073653e+15
11684	5.349476e+15	5.880286e+01	2.954671e+01	8.672109e+15
11685	5.349686e+15	5.839217e+01	3.055372e+01	7.129904e+15
11686	5.349889e+15	4.940314e+01	2.830064e+01	6.635439e+15
11687	5.350096e+15	5.570062e+01	2.868587e+01	4.910594e+15
11688	5.350300e+15	4.996829e+01	2.776041e+01	1.340319e+16
11689	5.350507e+15	5.188412e+01	2.869650e+01	4.959430e+15
11690	5.350713e+15	5.345164e+01	2.788630e+01	6.877712e+15
11691	5.350922e+15	4.900122e+01	2.853542e+01	8.817491e+15
11692	5.351136e+15	5.197652e+01	2.848774e+01	6.590066e+15
11693	5.351355e+15	5.258039e+01	2.874372e+01	8.028773e+15
11694	5.351579e+15	4.600576e+01	2.840607e+01	8.752704e+15
11695	5.351808e+15	4.214203e+01	2.845990e+01	1.751986e+16
11696	5.352043e+15	4.336594e+01	3.239174e+01	5.721970e+15
11697	5.352266e+15	3.555004e+01	3.079661e+01	8.174503e+15
11698	5.352489e+15	4.273326e+01	3.145207e+01	8.503888e+15
11699	5.352710e+15	4.537446e+01	3.116536e+01	1.554002e+16
11700	5.352934e+15	4.211491e+01	3.187350e+01	1.194854e+16
11701	5.353157e+15	4.766338e+01	3.139186e+01	1.091499e+16
11702	5.353379e+15	4.546911e+01	3.195454e+01	1.070299e+16
11703	5.353598e+15	4.896681e+01	3.250318e+01	2.297933e+16
11704	5.353813e+15	6.181653e+01	3.123841e+01	1.647763e+16
11705	5.354030e+15	6.830442e+01	3.245947e+01	1.160407e+16
11706	5.354241e+15	5.961591e+01	2.989598e+01	1.221802e+16
11707	5.354459e+15	6.306782e+01	3.075560e+01	5.974703e+15
11708	5.354676e+15	4.746888e+01	2.812985e+01	6.920990e+15
11709	5.354901e+15	5.031103e+01	3.052576e+01	1.177563e+16
11710	5.355117e+15	5.047478e+01	2.886010e+01	1.778259e+16
11711	5.355337e+15	4.730768e+01	2.832219e+01	8.953527e+15
11712	5.355564e+15	4.987523e+01	3.116214e+01	2.023463e+16
11713	5.355782e+15	5.501774e+01	2.735876e+01	1.798492e+16
11714	5.356011e+15	5.488748e+01	2.833391e+01	1.153027e+16
11715	5.356243e+15	5.785872e+01	2.939959e+01	1.416799e+16
11716	5.356472e+15	6.268387e+01	2.814544e+01	1.340954e+16
11717	5.356699e+15	5.217327e+01	2.819284e+01	5.620606e+15
11718	5.356925e+15	5.415846e+01	2.817706e+01	1.231441e+16
11719	5.357149e+15	5.556847e+01	2.710204e+01	9.439099e+15
11720	5.357374e+15	5.723637e+01	2.709988e+01	1.112616e+16
11721	5.357597e+15	5.805366e+01	2.692805e+01	9.982019e+15
11722	5.357812e+15	4.715975e+01	2.450034e+01	1.279915e+16
11723	5.358038e+15	4.940534e+01	2.611395e+01	9.190664e+15
11724	5.358259e+15	5.635618e+01	2.411448e+01	1.057612e+16
11725	5.358486e+15	5.936070e+01	2.466557e+01	6.591331e+15
11726	5.358715e+15	5.303118e+01	2.448477e+01	9.864559e+15
11727	5.358944e+15	4.749719e+01	2.434423e+01	6.286819e+15
11728	5.359176e+15	5.353236e+01	2.542452e+01	1.070381e+16
11729	5.359404e+15	5.421424e+01	2.601327e+01	7.745841e+15
11730	5.359629e+15	5.962127e+01	2.662223e+01	8.105971e+15
11731	5.359849e+15	6.067966e+01	2.550502e+01	1.230765e+16
11732	5.360061e+15	6.351073e+01	2.874520e+01	5.656195e+15
11733	5.360269e+15	6.613071e+01	2.913234e+01	8.929420e+15
11734	5.360473e+15	6.536007e+01	3.180634e+01	1.283587e+16
11735	5.360659e+15	5.466224e+01	3.096884e+01	1.261809e+16
11736	5.360836e+15	6.616935e+01	3.170598e+01	1.105809e+16
11737	5.360999e+15	8.431049e+01	3.008712e+01	7.033805e+15
11738	5.361154e+15	8.825179e+01	2.960326e+01	5.483980e+15
11739	5.361300e+15	8.068705e+01	2.902555e+01	5.705387e+15
11740	5.361439e+15	6.387635e+01	2.833125e+01	7.702884e+15
11741	5.361574e+15	6.616878e+01	2.953930e+01	4.787114e+15
11742	5.361703e+15	6.465175e+01	2.793764e+01	5.380727e+15
11743	5.361829e+15	6.481497e+01	2.790696e+01	7.738111e+15
11744	5.361953e+15	9.030477e+01	2.673484e+01	6.319155e+15
11745	5.362075e+15	1.365494e+02	2.562469e+01	5.530537e+15
11746	5.362199e+15	1.348775e+02	2.569960e+01	8.177916e+15
11747	5.362321e+15	1.120944e+02	2.370117e+01	4.784931e+15
11748	5.362449e+15	1.030693e+02	2.353825e+01	9.879400e+15
11749	5.362581e+15	1.050139e+02	2.300052e+01	7.556687e+15
11750	5.362720e+15	7.939061e+01	2.211075e+01	2.136609e+15
11751	5.362867e+15	5.345073e+01	2.015269e+01	3.757043e+15
11752	5.363033e+15	5.621453e+01	2.182446e+01	1.195796e+16
11753	5.363210e+15	5.612716e+01	1.920212e+01	1.114331e+16
11754	5.363417e+15	5.466166e+01	2.213490e+01	1.080516e+16
11755	5.363638e+15	4.024051e+01	1.839515e+01	1.412726e+16
11756	5.363904e+15	3.555127e+01	1.943808e+01	4.802792e+15
11757	5.364199e+15	3.457961e+01	2.432031e+01	1.474804e+16
11758	5.364499e+15	3.589359e+01	2.668687e+01	1.587953e+16
11759	5.364782e+15	3.929281e+01	2.443429e+01	1.162039e+16
11760	5.365071e+15	4.036748e+01	2.710039e+01	1.912477e+16
11761	5.365354e+15	3.684588e+01	2.822300e+01	1.085991e+16
11762	5.365625e+15	3.740330e+01	2.710851e+01	1.296304e+16
11763	5.365891e+15	3.697112e+01	2.742399e+01	9.831776e+15
11764	5.366147e+15	3.117140e+01	2.804487e+01	8.490683e+15
11765	5.366389e+15	3.555056e+01	2.747343e+01	1.985238e+16
11766	5.366624e+15	3.019018e+01	2.816893e+01	7.760211e+15
11767	5.366849e+15	4.244061e+01	2.834736e+01	1.274240e+16
11768	5.367066e+15	4.915441e+01	2.682397e+01	9.716280e+15
11769	5.367279e+15	5.042826e+01	2.710869e+01	8.284291e+15
11770	5.367489e+15	5.162060e+01	2.683984e+01	1.182303e+16
11771	5.367695e+15	5.888586e+01	2.619440e+01	1.017081e+16
11772	5.367898e+15	5.710971e+01	2.736800e+01	5.084958e+15
11773	5.368092e+15	4.709668e+01	2.569302e+01	4.156621e+15
11774	5.368284e+15	5.066346e+01	2.590437e+01	4.812626e+15
11775	5.368473e+15	6.191705e+01	2.440439e+01	4.077707e+15
11776	5.368666e+15	4.630197e+01	2.415438e+01	4.290867e+15
11777	5.368864e+15	4.100862e+01	2.541064e+01	7.991141e+15
11778	5.369061e+15	4.988938e+01	2.381498e+01	6.122228e+15
11779	5.369268e+15	6.476393e+01	2.477361e+01	1.004890e+16
11780	5.369480e+15	6.598774e+01	2.579220e+01	5.032081e+15
11781	5.369689e+15	4.658089e+01	2.418656e+01	6.838793e+15
11782	5.369903e+15	3.825629e+01	2.499588e+01	1.063691e+16
11783	5.370120e+15	3.645594e+01	2.451405e+01	1.048617e+16
11784	5.370340e+15	3.441932e+01	2.781530e+01	1.520490e+16
11785	5.370546e+15	4.397358e+01	2.499007e+01	1.885266e+16
11786	5.370752e+15	5.391883e+01	2.584292e+01	1.137204e+16
11787	5.370954e+15	4.968933e+01	2.559542e+01	5.010007e+15
11788	5.371157e+15	5.372687e+01	2.618466e+01	7.785588e+15
11789	5.371357e+15	4.726412e+01	2.530900e+01	1.052167e+16
11790	5.371560e+15	5.153171e+01	2.526431e+01	7.549183e+15
11791	5.371762e+15	5.150890e+01	2.691408e+01	7.783901e+15
11792	5.371963e+15	5.106548e+01	2.578769e+01	7.779372e+15
11793	5.372172e+15	5.858320e+01	2.566771e+01	1.191389e+16
11794	5.372386e+15	5.359912e+01	2.648184e+01	1.066278e+16
11795	5.372606e+15	5.035117e+01	2.880525e+01	1.299506e+16
11796	5.372820e+15	3.923152e+01	2.695788e+01	1.496940e+16
11797	5.373039e+15	4.367721e+01	3.098323e+01	1.388937e+16
11798	5.373244e+15	5.530390e+01	2.626537e+01	1.393945e+16
11799	5.373459e+15	5.997898e+01	2.995018e+01	1.561193e+16
11800	5.373662e+15	4.236957e+01	2.655537e+01	8.874046e+15
11801	5.373871e+15	3.914931e+01	2.829030e+01	7.143431e+15
11802	5.374076e+15	5.154644e+01	2.859542e+01	1.236539e+16
11803	5.374275e+15	6.047824e+01	2.811253e+01	8.671773e+15
11804	5.374471e+15	6.460126e+01	2.803783e+01	9.377746e+15
11805	5.374667e+15	6.201808e+01	2.727836e+01	6.190610e+15
11806	5.374866e+15	5.925032e+01	2.802163e+01	9.651924e+15
11807	5.375062e+15	5.099711e+01	2.679028e+01	8.742077e+15
11808	5.375261e+15	5.019941e+01	2.743152e+01	9.254448e+15
11809	5.375460e+15	5.279048e+01	2.760097e+01	1.455328e+16
11810	5.375657e+15	5.453150e+01	2.704197e+01	1.656906e+16
11811	5.375860e+15	5.505841e+01	2.764210e+01	8.544158e+15
11812	5.376062e+15	5.710416e+01	2.620034e+01	6.515468e+15
11813	5.376267e+15	5.310743e+01	2.653541e+01	1.053914e+16
11814	5.376469e+15	5.561760e+01	2.663759e+01	1.110531e+16
11815	5.376669e+15	6.282941e+01	2.652888e+01	3.694879e+15
11816	5.376869e+15	6.262258e+01	2.744743e+01	1.297332e+16
11817	5.377067e+15	6.023479e+01	2.676333e+01	8.096270e+15
11818	5.377268e+15	5.718225e+01	2.686622e+01	2.838048e+15
11819	5.377469e+15	5.595508e+01	2.754209e+01	1.292167e+16
11820	5.377668e+15	5.174913e+01	2.653130e+01	1.457812e+16
11821	5.377873e+15	5.571386e+01	2.805594e+01	1.063108e+16
11822	5.378075e+15	4.834245e+01	2.647916e+01	1.505316e+16
11823	5.378282e+15	4.516464e+01	2.713652e+01	1.415615e+16
11824	5.378488e+15	5.048678e+01	2.762364e+01	1.249598e+16
11825	5.378702e+15	5.483142e+01	2.889432e+01	3.982109e+15
11826	5.378921e+15	5.449408e+01	3.050531e+01	8.375050e+15
11827	5.379136e+15	6.253145e+01	2.807703e+01	1.708431e+16
11828	5.379358e+15	6.534917e+01	2.967213e+01	9.307224e+15
11829	5.379575e+15	4.892586e+01	2.656932e+01	1.276883e+16
11830	5.379802e+15	4.364150e+01	2.770592e+01	1.195959e+16
11831	5.380031e+15	4.778498e+01	2.730060e+01	1.248755e+16
11832	5.380260e+15	4.754603e+01	2.868328e+01	1.848614e+16
11833	5.380490e+15	4.303606e+01	2.854257e+01	1.018388e+16
11834	5.380722e+15	4.961346e+01	2.985309e+01	1.354966e+16
11835	5.380950e+15	5.049027e+01	3.016504e+01	1.328513e+16
11836	5.381172e+15	5.626855e+01	2.992186e+01	7.185238e+15
11837	5.381389e+15	6.143535e+01	2.893423e+01	5.333172e+15
11838	5.381602e+15	7.176198e+01	2.917299e+01	5.366783e+15
11839	5.381808e+15	7.295557e+01	2.841453e+01	1.259208e+16
11840	5.382013e+15	6.783643e+01	2.815287e+01	5.869596e+15
11841	5.382214e+15	6.243180e+01	2.588548e+01	1.284653e+16
11842	5.382416e+15	6.269222e+01	2.643589e+01	9.283877e+15
11843	5.382615e+15	6.768898e+01	2.717174e+01	8.733348e+15
11844	5.382811e+15	6.182693e+01	2.717158e+01	2.049594e+16
11845	5.383006e+15	6.808231e+01	2.819235e+01	1.094599e+16
11846	5.383198e+15	6.540018e+01	2.717344e+01	7.447704e+15
11847	5.383396e+15	6.852937e+01	2.952407e+01	1.260187e+16
11848	5.383588e+15	8.086876e+01	2.854419e+01	7.419001e+15
11849	5.383782e+15	7.417715e+01	2.857322e+01	1.543814e+16
11850	5.383979e+15	6.253825e+01	2.750430e+01	3.881752e+15
11851	5.384178e+15	5.883222e+01	2.751283e+01	7.449358e+15
11852	5.384382e+15	5.359469e+01	2.746881e+01	4.934681e+15
11853	5.384588e+15	5.274454e+01	2.717193e+01	9.359233e+15
11854	5.384798e+15	4.732589e+01	2.632908e+01	1.210320e+16
11855	5.385014e+15	5.239900e+01	2.659022e+01	1.067983e+16
11856	5.385233e+15	5.089859e+01	2.655690e+01	1.164352e+16
11857	5.385455e+15	5.532393e+01	2.720244e+01	6.992928e+15
11858	5.385678e+15	6.921063e+01	2.801550e+01	6.215886e+15
11859	5.385893e+15	6.878772e+01	2.635836e+01	1.044469e+16
11860	5.386105e+15	5.644045e+01	2.645748e+01	6.292424e+15
11861	5.386318e+15	5.495999e+01	2.712789e+01	9.090343e+15
11862	5.386525e+15	4.934058e+01	2.679055e+01	6.648744e+15
11863	5.386731e+15	5.606010e+01	2.840776e+01	9.051574e+15
11864	5.386935e+15	5.716918e+01	2.819865e+01	7.422206e+15
11865	5.387138e+15	5.902609e+01	2.906330e+01	3.793907e+15
11866	5.387339e+15	5.918893e+01	2.831805e+01	9.088241e+15
11867	5.387540e+15	5.609268e+01	2.689036e+01	6.818303e+15
11868	5.387743e+15	4.998092e+01	2.652908e+01	3.287266e+15
11869	5.387951e+15	5.039741e+01	2.759921e+01	1.516229e+16
11870	5.388155e+15	4.372831e+01	2.349586e+01	7.314489e+15
11871	5.388380e+15	3.761189e+01	2.695552e+01	2.553643e+16
11872	5.388607e+15	4.521760e+01	2.653557e+01	7.777503e+15
11873	5.388839e+15	6.000213e+01	2.765380e+01	6.213351e+15
11874	5.389074e+15	6.164968e+01	2.973685e+01	6.404851e+15
11875	5.389300e+15	5.111324e+01	2.610782e+01	1.148679e+16
11876	5.389532e+15	5.054652e+01	2.812309e+01	5.353215e+15
11877	5.389759e+15	5.586272e+01	2.863009e+01	7.439570e+15
11878	5.389981e+15	5.957429e+01	2.872261e+01	1.310913e+16
11879	5.390201e+15	6.752837e+01	3.163453e+01	1.011122e+16
11880	5.390407e+15	5.692121e+01	2.787448e+01	1.203430e+16
11881	5.390615e+15	6.432215e+01	2.912808e+01	1.458754e+16
11882	5.390814e+15	7.493916e+01	2.733818e+01	8.124875e+15
11883	5.391013e+15	7.855368e+01	2.745345e+01	2.903222e+14
11884	5.391211e+15	7.734365e+01	2.828910e+01	5.010304e+15
11885	5.391405e+15	6.412754e+01	2.749129e+01	5.633310e+15
11886	5.391602e+15	6.105198e+01	2.730267e+01	1.585023e+16
11887	5.391800e+15	5.578233e+01	2.580802e+01	1.137620e+16
11888	5.392003e+15	5.206510e+01	2.634506e+01	8.791624e+15
11889	5.392205e+15	6.181434e+01	2.449200e+01	6.037111e+15
11890	5.392417e+15	7.398439e+01	2.618876e+01	1.850674e+15
11891	5.392627e+15	6.582004e+01	2.576200e+01	1.686261e+16
11892	5.392835e+15	6.068397e+01	2.388221e+01	3.300130e+15
11893	5.393049e+15	6.125905e+01	2.413204e+01	8.326179e+15
11894	5.393265e+15	6.388208e+01	2.471198e+01	5.511055e+15
11895	5.393477e+15	6.087972e+01	2.323261e+01	7.051023e+15
11896	5.393692e+15	4.877630e+01	2.355434e+01	7.100223e+15
11897	5.393911e+15	4.451638e+01	2.457816e+01	1.163587e+16
11898	5.394131e+15	5.739888e+01	2.500862e+01	1.714625e+16
11899	5.394343e+15	5.858937e+01	2.510373e+01	9.140557e+15
11900	5.394554e+15	5.903096e+01	2.501068e+01	6.562071e+15
11901	5.394766e+15	6.402782e+01	2.549615e+01	8.647352e+15
11902	5.394972e+15	5.398835e+01	2.427818e+01	1.234337e+16
11903	5.395184e+15	6.263598e+01	2.566266e+01	1.372845e+16
11904	5.395394e+15	6.123177e+01	2.395895e+01	1.001526e+16
11905	5.395605e+15	6.246100e+01	2.484025e+01	8.571783e+15
11906	5.395811e+15	5.781608e+01	2.356041e+01	8.247659e+15
11907	5.396023e+15	5.304307e+01	2.443873e+01	1.579562e+16
11908	5.396238e+15	5.424724e+01	2.456662e+01	8.555057e+15
11909	5.396455e+15	5.267529e+01	2.354253e+01	9.228153e+15
11910	5.396675e+15	4.885181e+01	2.316926e+01	1.463444e+16
11911	5.396900e+15	5.185049e+01	2.357854e+01	8.759257e+15
11912	5.397122e+15	5.725079e+01	2.337592e+01	8.223878e+15
11913	5.397343e+15	5.229276e+01	2.266633e+01	7.001252e+15
11914	5.397566e+15	4.686855e+01	2.370673e+01	1.059948e+16
11915	5.397786e+15	4.015497e+01	2.319433e+01	6.083183e+15
11916	5.398010e+15	3.606472e+01	2.364136e+01	8.224374e+15
11917	5.398232e+15	3.976921e+01	2.439240e+01	9.028274e+15
11918	5.398451e+15	4.398023e+01	2.516275e+01	1.232493e+16
11919	5.398667e+15	5.289254e+01	2.610006e+01	1.510951e+16
11920	5.398877e+15	5.499853e+01	2.467140e+01	5.378971e+15
11921	5.399091e+15	5.400893e+01	2.524980e+01	1.483255e+16
11922	5.399304e+15	4.755874e+01	2.495135e+01	1.104939e+16
11923	5.399516e+15	4.759823e+01	2.412154e+01	1.347519e+16
11924	5.399727e+15	5.181790e+01	2.333959e+01	1.899830e+16
11925	5.399940e+15	5.475125e+01	2.354041e+01	1.023411e+16
11926	5.400154e+15	4.376484e+01	2.263643e+01	7.737983e+15
11927	5.400374e+15	4.303874e+01	2.416999e+01	9.239789e+15
11928	5.400598e+15	4.305066e+01	2.625000e+01	1.920429e+16
11929	5.400822e+15	4.951395e+01	2.593166e+01	1.250111e+16
11930	5.401048e+15	5.050963e+01	2.630205e+01	1.115354e+16
11931	5.401275e+15	5.034345e+01	2.649145e+01	8.110382e+15
11932	5.401501e+15	4.949541e+01	2.563023e+01	1.321690e+16
11933	5.401733e+15	4.729249e+01	2.686130e+01	7.762342e+15
11934	5.401966e+15	4.418704e+01	2.656695e+01	7.769572e+15
11935	5.402199e+15	4.443168e+01	2.633766e+01	8.574200e+15
11936	5.402435e+15	4.529610e+01	2.733516e+01	1.778957e+16
11937	5.402671e+15	4.876136e+01	2.718195e+01	1.264333e+16
11938	5.402909e+15	4.866480e+01	2.777516e+01	1.259197e+16
11939	5.403143e+15	5.610166e+01	2.739070e+01	1.482778e+16
11940	5.403373e+15	5.621062e+01	2.693524e+01	1.062421e+16
11941	5.403602e+15	5.414793e+01	2.708506e+01	1.981192e+16
11942	5.403827e+15	4.910882e+01	2.651113e+01	2.191523e+16
11943	5.404053e+15	4.598115e+01	2.619820e+01	3.816966e+15
11944	5.404281e+15	5.695581e+01	2.759047e+01	2.041272e+16
11945	5.404505e+15	5.420458e+01	2.718892e+01	1.264036e+16
11946	5.404728e+15	4.936927e+01	2.508083e+01	1.529924e+16
11947	5.404965e+15	4.746637e+01	2.814911e+01	1.255201e+16
11948	5.405199e+15	4.416166e+01	2.780437e+01	1.780435e+16
11949	5.405426e+15	4.558478e+01	2.724571e+01	1.021551e+16
11950	5.405651e+15	4.420117e+01	2.689070e+01	1.181132e+16
11951	5.405879e+15	4.381742e+01	2.748445e+01	1.528438e+16
11952	5.406109e+15	4.572498e+01	2.864069e+01	7.810809e+15
11953	5.406341e+15	4.800388e+01	2.922926e+01	8.232909e+15
11954	5.406571e+15	4.982139e+01	3.096379e+01	1.729447e+16
11955	5.406792e+15	4.610889e+01	2.706885e+01	1.353804e+16
11956	5.407029e+15	4.840325e+01	3.012475e+01	1.425676e+16
11957	5.407260e+15	5.003153e+01	2.804016e+01	1.330126e+16
11958	5.407499e+15	4.954871e+01	2.877849e+01	1.167704e+16
11959	5.407742e+15	4.575273e+01	2.702522e+01	1.032647e+16
11960	5.407999e+15	5.750468e+01	2.882767e+01	2.515535e+16
11961	5.408262e+15	5.905627e+01	3.196664e+01	1.733419e+16
11962	5.408506e+15	4.348472e+01	2.777975e+01	1.538164e+16
11963	5.408756e+15	4.268020e+01	2.830940e+01	1.161152e+16
11964	5.409006e+15	4.875392e+01	2.943035e+01	8.639759e+15
11965	5.409246e+15	4.881844e+01	2.951806e+01	1.408326e+16
11966	5.409477e+15	5.179448e+01	2.975707e+01	8.087094e+15
11967	5.409697e+15	5.836858e+01	2.884909e+01	7.505699e+15
11968	5.409912e+15	6.691788e+01	2.891045e+01	1.075207e+16
11969	5.410119e+15	6.554909e+01	2.811492e+01	1.629272e+16
11970	5.410323e+15	6.552125e+01	2.727187e+01	6.127198e+15
11971	5.410524e+15	6.835757e+01	2.740422e+01	9.088664e+15
11972	5.410721e+15	7.098454e+01	2.642273e+01	1.065093e+16
11973	5.410919e+15	6.476317e+01	2.711218e+01	6.566225e+15
11974	5.411116e+15	5.907294e+01	2.716634e+01	1.142460e+16
11975	5.411309e+15	4.379078e+01	2.521185e+01	1.066387e+16
11976	5.411511e+15	5.575938e+01	2.763641e+01	6.197751e+15
11977	5.411706e+15	5.685150e+01	2.407362e+01	1.061337e+16
11978	5.411916e+15	6.319612e+01	2.785028e+01	3.180404e+15
11979	5.412115e+15	4.943054e+01	2.446808e+01	5.452683e+15
11980	5.412325e+15	4.409361e+01	2.513399e+01	1.532541e+16
11981	5.412543e+15	4.704002e+01	2.624969e+01	8.025165e+15
11982	5.412763e+15	5.170526e+01	2.576572e+01	1.261374e+16
11983	5.412987e+15	5.520498e+01	2.697090e+01	1.178892e+16
11984	5.413210e+15	5.975087e+01	2.692789e+01	1.784020e+16
11985	5.413432e+15	5.232384e+01	2.694045e+01	7.552217e+15
11986	5.413655e+15	4.633344e+01	2.688007e+01	9.335922e+15
11987	5.413879e+15	5.136807e+01	2.824432e+01	1.154027e+16
11988	5.414098e+15	5.314767e+01	2.779154e+01	1.178393e+16
11989	5.414316e+15	5.638258e+01	2.748433e+01	9.873818e+15
11990	5.414535e+15	5.688247e+01	2.686371e+01	9.907199e+15
11991	5.414753e+15	5.619269e+01	2.754636e+01	1.391901e+16
11992	5.414967e+15	5.414422e+01	2.553581e+01	9.823809e+15
11993	5.415182e+15	4.851220e+01	2.491224e+01	1.242503e+16
11994	5.415402e+15	5.572940e+01	2.672198e+01	9.905384e+15
11995	5.415614e+15	5.527321e+01	2.524412e+01	2.422098e+15
11996	5.415828e+15	4.592436e+01	2.543896e+01	1.316769e+16
11997	5.416045e+15	5.165287e+01	2.527457e+01	7.502299e+15
11998	5.416263e+15	5.372917e+01	2.420642e+01	6.897000e+15
11999	5.416484e+15	4.843518e+01	2.424152e+01	1.412047e+16
12000	5.416711e+15	4.888039e+01	2.491484e+01	4.409004e+15
12001	5.416938e+15	5.455472e+01	2.509274e+01	2.145220e+15
12002	5.417165e+15	4.705418e+01	2.538548e+01	1.683116e+16
12003	5.417393e+15	4.660658e+01	2.496502e+01	1.411681e+16
12004	5.417622e+15	4.293130e+01	2.457425e+01	1.259110e+16
12005	5.417857e+15	4.551491e+01	2.572957e+01	1.175835e+16
12006	5.418094e+15	4.878485e+01	2.630519e+01	1.034799e+16
12007	5.418329e+15	4.294288e+01	2.590606e+01	8.595195e+15
12008	5.418560e+15	4.396796e+01	2.356114e+01	1.610259e+16
12009	5.418804e+15	4.396316e+01	2.465433e+01	1.355331e+16
12010	5.419050e+15	3.659115e+01	2.466445e+01	2.869222e+15
12011	5.419301e+15	4.035421e+01	2.636319e+01	1.647779e+16
12012	5.419545e+15	3.544686e+01	2.286583e+01	3.451213e+15
12013	5.419802e+15	3.626011e+01	2.581039e+01	7.900902e+15
12014	5.420049e+15	3.861084e+01	2.231446e+01	1.050565e+16
12015	5.420304e+15	3.489364e+01	2.505307e+01	1.028947e+16
12016	5.420551e+15	4.254216e+01	2.301462e+01	6.441748e+15
12017	5.420814e+15	4.136174e+01	2.560178e+01	7.310778e+15
12018	5.421080e+15	4.018035e+01	2.875147e+01	2.911217e+15
12019	5.421338e+15	3.347669e+01	2.795213e+01	1.021149e+16
12020	5.421592e+15	3.295471e+01	2.829904e+01	2.053370e+16
12021	5.421841e+15	4.364846e+01	2.897168e+01	8.419571e+15
12022	5.422083e+15	4.920304e+01	2.846530e+01	2.457406e+16
12023	5.422324e+15	6.026700e+01	2.957696e+01	1.920244e+16
12024	5.422558e+15	4.584503e+01	2.741179e+01	9.724617e+15
12025	5.422795e+15	3.620302e+01	2.733081e+01	1.173472e+16
12026	5.423042e+15	4.973966e+01	3.180494e+01	1.722078e+16
12027	5.423269e+15	5.625310e+01	2.791667e+01	1.274436e+16
12028	5.423500e+15	5.612181e+01	2.971557e+01	1.884127e+16
12029	5.423731e+15	5.195571e+01	3.065444e+01	6.049638e+15
12030	5.423955e+15	6.282226e+01	3.046691e+01	7.736358e+15
12031	5.424176e+15	6.697295e+01	3.160938e+01	7.128195e+15
12032	5.424389e+15	5.497494e+01	2.990438e+01	4.260286e+15
12033	5.424601e+15	5.436709e+01	2.819256e+01	6.938242e+15
12034	5.424816e+15	6.081961e+01	2.926343e+01	9.264031e+15
12035	5.425022e+15	5.319824e+01	2.714889e+01	6.072468e+15
12036	5.425234e+15	5.561304e+01	2.871706e+01	2.168451e+16
12037	5.425440e+15	6.943888e+01	2.804564e+01	8.950106e+15
12038	5.425645e+15	7.462052e+01	2.865846e+01	1.361957e+16
12039	5.425849e+15	6.320859e+01	2.745159e+01	1.553576e+16
12040	5.426055e+15	5.288273e+01	2.805909e+01	1.040994e+16
12041	5.426260e+15	5.738736e+01	2.769754e+01	3.571914e+15
12042	5.426465e+15	6.560731e+01	2.597790e+01	3.192279e+15
12043	5.426676e+15	5.509990e+01	2.587744e+01	1.295427e+16
12044	5.426889e+15	5.677570e+01	2.615674e+01	8.194465e+15
12045	5.427106e+15	6.052747e+01	2.681609e+01	1.203583e+16
12046	5.427328e+15	5.974898e+01	2.814612e+01	1.422674e+16
12047	5.427548e+15	5.598483e+01	2.640838e+01	1.274806e+16
12048	5.427775e+15	6.877319e+01	2.935712e+01	1.429549e+16
12049	5.427993e+15	6.426191e+01	2.827427e+01	9.943636e+15
12050	5.428208e+15	6.028223e+01	2.607781e+01	1.721344e+16
12051	5.428420e+15	6.732840e+01	2.693955e+01	1.784179e+16
12052	5.428628e+15	1.021376e+02	4.120375e+01	1.343769e+16
12053	5.428768e+15	7.815740e+01	3.087896e+01	6.649987e+15
12054	5.428903e+15	7.334315e+01	2.980733e+01	2.340881e+15
12055	5.429035e+15	8.120484e+01	2.998360e+01	6.745012e+15
12056	5.429164e+15	1.075140e+02	2.816173e+01	9.562371e+15
12057	5.429293e+15	1.388623e+02	2.586173e+01	9.133192e+15
12058	5.429422e+15	1.246485e+02	2.519187e+01	1.461391e+16
12059	5.429553e+15	8.971898e+01	2.507263e+01	6.408524e+15
12060	5.429685e+15	6.868410e+01	2.446417e+01	7.777010e+15
12061	5.429821e+15	3.740485e+01	2.014914e+01	8.483722e+15
12062	5.429979e+15	3.277268e+01	2.326612e+01	3.033226e+15
12063	5.430148e+15	3.569958e+01	2.353428e+01	6.029973e+15
12064	5.430326e+15	3.865874e+01	1.920198e+01	7.320727e+15
12065	5.430541e+15	4.901400e+01	2.400876e+01	1.638567e+16
12066	5.430771e+15	4.551055e+01	2.302740e+01	6.851584e+15
12067	5.431026e+15	4.460486e+01	2.813096e+01	2.070974e+16
12068	5.431269e+15	4.435168e+01	2.591545e+01	1.028818e+16
12069	5.431520e+15	4.180906e+01	2.728374e+01	5.460075e+15
12070	5.431771e+15	3.905705e+01	2.978201e+01	1.777783e+16
12071	5.432014e+15	3.923725e+01	2.902505e+01	1.714620e+16
12072	5.432254e+15	4.949215e+01	2.899086e+01	1.025614e+16
12073	5.432492e+15	4.361880e+01	2.937064e+01	1.216318e+16
12074	5.432724e+15	3.673609e+01	2.735239e+01	8.017705e+15
12075	5.432963e+15	3.796160e+01	3.029968e+01	1.185264e+16
12076	5.433192e+15	3.331862e+01	2.798815e+01	1.041862e+16
12077	5.433422e+15	2.979134e+01	2.849189e+01	3.178639e+15
12078	5.433649e+15	4.163974e+01	2.926294e+01	1.337720e+16
12079	5.433868e+15	4.125708e+01	2.668069e+01	1.553258e+16
12080	5.434093e+15	3.068845e+01	2.749301e+01	1.546768e+16
12081	5.434319e+15	3.644287e+01	2.540079e+01	1.071341e+16
12082	5.434550e+15	4.190215e+01	2.785312e+01	1.333893e+16
12083	5.434774e+15	3.954881e+01	2.775501e+01	2.289792e+16
12084	5.435000e+15	5.507462e+01	3.059180e+01	1.391176e+16
12085	5.435217e+15	5.917728e+01	2.906294e+01	9.514610e+15
12086	5.435433e+15	6.060965e+01	2.857095e+01	1.107103e+16
12087	5.435653e+15	6.867164e+01	3.039263e+01	8.014196e+15
12088	5.435866e+15	5.666871e+01	2.904236e+01	9.521525e+15
12089	5.436081e+15	5.490864e+01	2.972958e+01	1.188375e+16
12090	5.436287e+15	6.138085e+01	2.941695e+01	1.889448e+16
12091	5.436492e+15	7.200030e+01	2.852838e+01	1.627220e+16
12092	5.436701e+15	6.655115e+01	2.971175e+01	7.173718e+15
12093	5.436905e+15	5.502752e+01	2.726679e+01	4.589536e+15
12094	5.437110e+15	5.576536e+01	2.816130e+01	1.126231e+16
12095	5.437312e+15	5.468998e+01	2.759904e+01	5.842602e+15
12096	5.437512e+15	5.492173e+01	2.702157e+01	1.310676e+16
12097	5.437712e+15	5.429922e+01	2.398678e+01	1.227833e+16
12098	5.437931e+15	5.621250e+01	2.522733e+01	1.651186e+16
12099	5.438159e+15	5.536615e+01	2.661115e+01	6.055580e+15
12100	5.438390e+15	6.152960e+01	2.729786e+01	9.788903e+15
12101	5.438622e+15	6.296740e+01	2.805732e+01	1.761199e+16
12102	5.438849e+15	6.560582e+01	2.961267e+01	1.253819e+16
12103	5.439070e+15	6.674523e+01	2.908372e+01	1.090532e+16
12104	5.439288e+15	6.387654e+01	2.786480e+01	1.628008e+16
12105	5.439503e+15	7.110030e+01	2.926117e+01	1.366448e+16
12106	5.439712e+15	6.472124e+01	2.750699e+01	9.682817e+15
12107	5.439918e+15	5.750328e+01	2.657020e+01	8.742471e+15
12108	5.440127e+15	5.855630e+01	2.790639e+01	1.795996e+16
12109	5.440335e+15	6.760355e+01	2.736352e+01	9.941514e+15
12110	5.440544e+15	6.467261e+01	2.733379e+01	3.490049e+15
12111	5.440756e+15	5.841835e+01	2.622690e+01	2.107998e+16
12112	5.440970e+15	5.758979e+01	2.526209e+01	1.386410e+16
12113	5.441197e+15	6.032656e+01	2.752028e+01	1.116301e+16
12114	5.441417e+15	6.877991e+01	2.566809e+01	1.010690e+16
12115	5.441636e+15	6.946521e+01	2.678172e+01	1.294273e+16
12116	5.441846e+15	6.209894e+01	2.482012e+01	1.374126e+16
12117	5.442057e+15	6.883179e+01	2.553153e+01	7.730243e+15
12118	5.442263e+15	7.222995e+01	2.520580e+01	5.829913e+15
12119	5.442470e+15	7.640948e+01	2.795995e+01	1.288041e+16
12120	5.442672e+15	6.372983e+01	2.793052e+01	8.199064e+15
12121	5.442879e+15	5.619681e+01	2.802368e+01	1.554308e+16
12122	5.443093e+15	5.341657e+01	2.731212e+01	1.694900e+16
12123	5.443316e+15	5.002531e+01	2.849097e+01	1.316264e+16
12124	5.443541e+15	4.910286e+01	2.516516e+01	1.953112e+16
12125	5.443781e+15	5.513510e+01	2.497165e+01	1.567244e+16
12126	5.444037e+15	5.957545e+01	2.859139e+01	1.338698e+16
12127	5.444292e+15	6.048879e+01	2.829424e+01	1.060820e+16
12128	5.444545e+15	6.195694e+01	2.866404e+01	1.928111e+16
12129	5.444794e+15	5.796299e+01	2.985909e+01	1.329642e+16
12130	5.445033e+15	4.961736e+01	2.835602e+01	6.754277e+15
12131	5.445269e+15	5.587045e+01	2.935738e+01	4.864848e+15
12132	5.445491e+15	5.964857e+01	2.638403e+01	6.605212e+15
12133	5.445709e+15	6.139531e+01	2.722800e+01	1.230720e+16
12134	5.445918e+15	6.355550e+01	2.656117e+01	1.927823e+16
12135	5.446123e+15	7.334379e+01	2.648403e+01	6.637875e+15
12136	5.446324e+15	7.706628e+01	2.660820e+01	5.933999e+15
12137	5.446522e+15	7.862401e+01	2.662952e+01	5.547098e+15
12138	5.446717e+15	6.755369e+01	2.572974e+01	7.640161e+15
12139	5.446911e+15	6.884828e+01	2.634244e+01	6.189953e+15
12140	5.447102e+15	6.908744e+01	2.498238e+01	6.630450e+15
12141	5.447294e+15	7.003302e+01	2.347667e+01	7.836487e+15
12142	5.447489e+15	6.469033e+01	2.443345e+01	7.316792e+15
12143	5.447685e+15	5.954757e+01	2.349241e+01	2.630432e+15
12144	5.447883e+15	5.447680e+01	2.413032e+01	6.573865e+15
12145	5.448081e+15	5.264002e+01	2.379021e+01	1.444405e+16
12146	5.448285e+15	4.948066e+01	2.407035e+01	3.107623e+15
12147	5.448503e+15	5.336733e+01	2.791941e+01	7.759494e+15
12148	5.448720e+15	5.817126e+01	2.669668e+01	1.147364e+16
12149	5.448941e+15	6.718613e+01	2.753527e+01	6.910237e+15
12150	5.449161e+15	7.537457e+01	2.981193e+01	5.583824e+15
12151	5.449372e+15	6.639572e+01	2.790499e+01	9.016938e+15
12152	5.449581e+15	6.007240e+01	2.915226e+01	2.446440e+15
12153	5.449782e+15	6.075160e+01	2.821700e+01	8.440852e+15
12154	5.449981e+15	5.965328e+01	2.790845e+01	1.026242e+16
12155	5.450183e+15	6.055139e+01	2.784775e+01	1.407204e+16
12156	5.450384e+15	6.468499e+01	2.851885e+01	4.954183e+15
12157	5.450581e+15	6.689918e+01	2.652506e+01	1.670247e+16
12158	5.450782e+15	6.279197e+01	2.659718e+01	5.878729e+15
12159	5.450986e+15	6.774227e+01	2.653700e+01	1.031122e+16
12160	5.451193e+15	6.875182e+01	2.717383e+01	8.789980e+15
12161	5.451396e+15	6.317952e+01	2.554241e+01	9.812545e+15
12162	5.451603e+15	6.697575e+01	2.596963e+01	9.746114e+15
12163	5.451809e+15	6.872278e+01	2.639920e+01	5.048674e+15
12164	5.452011e+15	6.877398e+01	2.666829e+01	1.014464e+16
12165	5.452210e+15	7.103849e+01	2.739136e+01	5.856598e+15
12166	5.452406e+15	7.621299e+01	2.685393e+01	1.769805e+16
12167	5.452602e+15	7.485353e+01	2.651665e+01	1.030999e+16
12168	5.452797e+15	7.363736e+01	2.645849e+01	1.077253e+16
12169	5.452990e+15	6.323282e+01	2.572445e+01	1.100123e+16
12170	5.453186e+15	6.237218e+01	2.645877e+01	1.161110e+16
12171	5.453378e+15	6.358386e+01	2.480480e+01	7.301928e+15
12172	5.453571e+15	6.667108e+01	2.369559e+01	1.011614e+16
12173	5.453769e+15	6.361680e+01	2.445693e+01	8.168486e+15
12174	5.453968e+15	6.386862e+01	2.349334e+01	7.546708e+15
12175	5.454168e+15	6.007723e+01	2.260151e+01	9.531431e+15
12176	5.454374e+15	5.225300e+01	2.443005e+01	8.332635e+15
12177	5.454577e+15	6.144444e+01	2.374457e+01	9.092217e+15
12178	5.454776e+15	5.792457e+01	2.205879e+01	1.094405e+16
12179	5.454988e+15	6.103967e+01	2.550207e+01	6.856534e+15
12180	5.455195e+15	5.342158e+01	2.319528e+01	6.696759e+15
12181	5.455418e+15	5.279842e+01	2.580983e+01	9.454570e+15
12182	5.455650e+15	5.342077e+01	2.715234e+01	1.428238e+16
12183	5.455881e+15	5.327027e+01	2.610924e+01	1.921165e+15
12184	5.456113e+15	5.120108e+01	2.615432e+01	7.565293e+15
12185	5.456348e+15	4.733162e+01	2.839992e+01	2.238659e+16
12186	5.456584e+15	5.764126e+01	2.918565e+01	8.794614e+15
12187	5.456819e+15	5.083147e+01	2.958826e+01	2.465750e+16
12188	5.457053e+15	3.965206e+01	2.947295e+01	8.068957e+15
12189	5.457288e+15	4.698273e+01	2.874826e+01	1.551371e+16
12190	5.457525e+15	5.124118e+01	2.906329e+01	1.066173e+16
12191	5.457761e+15	4.608463e+01	2.933217e+01	1.447589e+16
12192	5.457996e+15	4.234562e+01	3.027158e+01	1.323379e+16
12193	5.458224e+15	5.469704e+01	2.841553e+01	1.334658e+16
12194	5.458450e+15	5.789284e+01	2.828240e+01	1.144161e+16
12195	5.458669e+15	6.338623e+01	2.820849e+01	1.246783e+16
12196	5.458886e+15	5.959370e+01	2.815235e+01	9.798839e+15
12197	5.459098e+15	6.465758e+01	2.904779e+01	1.776048e+16
12198	5.459301e+15	7.204500e+01	2.847787e+01	8.656121e+15
12199	5.459496e+15	7.388165e+01	2.707077e+01	1.644132e+16
12200	5.459689e+15	7.641656e+01	2.758464e+01	8.944705e+15
12201	5.459879e+15	6.879962e+01	2.666469e+01	1.385444e+16
12202	5.460072e+15	6.995485e+01	2.669491e+01	1.733102e+16
12203	5.460264e+15	6.275727e+01	2.607869e+01	9.794509e+15
12204	5.460460e+15	6.485136e+01	2.714856e+01	5.421417e+15
12205	5.460652e+15	4.037879e+01	2.324631e+01	1.101151e+16
12206	5.460866e+15	5.850428e+01	2.792942e+01	6.258829e+15
12207	5.461076e+15	5.385534e+01	2.477820e+01	1.083953e+16
12208	5.461297e+15	4.251164e+01	2.481728e+01	6.547821e+15
12209	5.461532e+15	5.508566e+01	3.047039e+01	1.058341e+16
12210	5.461750e+15	6.251131e+01	2.599093e+01	1.086045e+16
12211	5.461978e+15	6.797952e+01	2.941556e+01	1.816053e+16
12212	5.462194e+15	5.476782e+01	2.675980e+01	6.701853e+15
12213	5.462413e+15	4.517676e+01	2.695066e+01	2.014179e+15
12214	5.462635e+15	4.910129e+01	2.747438e+01	8.155300e+15
12215	5.462854e+15	4.645193e+01	2.556768e+01	4.647383e+15
12216	5.463079e+15	4.534984e+01	2.637651e+01	1.728754e+16
12217	5.463305e+15	4.979732e+01	2.622970e+01	1.511641e+16
12218	5.463532e+15	5.127147e+01	2.626347e+01	4.686572e+15
12219	5.463760e+15	4.964665e+01	2.436153e+01	1.093788e+16
12220	5.464002e+15	4.998857e+01	2.734344e+01	1.244703e+16
12221	5.464239e+15	4.790771e+01	2.567008e+01	6.727463e+15
12222	5.464474e+15	3.936824e+01	2.566780e+01	1.502922e+16
12223	5.464716e+15	4.368714e+01	2.776908e+01	1.630259e+16
12224	5.464953e+15	5.042866e+01	2.664592e+01	7.740918e+15
12225	5.465194e+15	4.532389e+01	2.724168e+01	9.099203e+15
12226	5.465433e+15	4.440008e+01	2.728674e+01	1.001512e+16
12227	5.465672e+15	4.844157e+01	2.858985e+01	8.712917e+15
12228	5.465906e+15	5.207267e+01	2.757574e+01	8.446507e+15
12229	5.466139e+15	4.338383e+01	2.608821e+01	1.724142e+16
12230	5.466380e+15	3.780718e+01	2.684464e+01	1.525531e+16
12231	5.466626e+15	4.118687e+01	2.877159e+01	7.542078e+15
12232	5.466861e+15	5.335453e+01	2.788782e+01	1.132381e+16
12233	5.467091e+15	6.061821e+01	2.941573e+01	1.366012e+16
12234	5.467314e+15	6.505310e+01	2.909805e+01	1.061228e+16
12235	5.467531e+15	5.851161e+01	2.786924e+01	4.406433e+15
12236	5.467744e+15	6.184928e+01	2.848961e+01	9.872602e+15
12237	5.467951e+15	6.902854e+01	2.810984e+01	8.927224e+15
12238	5.468154e+15	6.969781e+01	2.836252e+01	1.397996e+16
12239	5.468352e+15	6.891405e+01	2.786299e+01	1.058760e+16
12240	5.468550e+15	6.814786e+01	2.954945e+01	1.207763e+16
12241	5.468744e+15	6.244474e+01	2.839431e+01	4.522550e+15
12242	5.468938e+15	6.096265e+01	2.821712e+01	1.706908e+16
12243	5.469132e+15	6.118627e+01	2.726042e+01	9.129624e+15
12244	5.469328e+15	5.651058e+01	2.542321e+01	7.072173e+15
12245	5.469531e+15	6.085435e+01	2.703360e+01	1.205118e+16
12246	5.469732e+15	5.856216e+01	2.558469e+01	1.252855e+16
12247	5.469935e+15	5.357001e+01	2.424617e+01	9.358104e+15
12248	5.470146e+15	5.343284e+01	2.437966e+01	1.763725e+16
12249	5.470363e+15	4.685126e+01	2.488472e+01	1.069560e+16
12250	5.470587e+15	5.094936e+01	2.794698e+01	9.937105e+15
12251	5.470800e+15	5.170886e+01	2.360448e+01	1.119229e+16
12252	5.471027e+15	4.536040e+01	2.580070e+01	6.847530e+15
12253	5.471259e+15	3.787215e+01	2.647803e+01	1.046223e+16
12254	5.471496e+15	4.531032e+01	2.609249e+01	6.388386e+15
12255	5.471741e+15	3.972707e+01	2.918998e+01	9.420299e+15
12256	5.471979e+15	2.971483e+01	2.789495e+01	1.371540e+16
12257	5.472216e+15	2.731055e+01	2.771190e+01	1.254179e+16
12258	5.472451e+15	3.652170e+01	2.847270e+01	1.568973e+16
12259	5.472680e+15	4.543819e+01	2.820808e+01	8.709230e+15
12260	5.472906e+15	4.567080e+01	2.721569e+01	1.260411e+16
12261	5.473134e+15	5.223388e+01	2.903083e+01	1.506176e+16
12262	5.473351e+15	4.414138e+01	2.619119e+01	1.684274e+16
12263	5.473571e+15	4.355631e+01	2.591616e+01	5.505586e+15
12264	5.473800e+15	4.875169e+01	2.848133e+01	1.377964e+16
12265	5.474022e+15	4.323668e+01	2.822785e+01	1.406207e+16
12266	5.474246e+15	4.474331e+01	2.882966e+01	1.343100e+16
12267	5.474471e+15	5.439917e+01	2.993801e+01	1.524664e+16
12268	5.474689e+15	5.009093e+01	2.912440e+01	1.183542e+16
12269	5.474906e+15	4.070718e+01	2.970650e+01	3.274154e+15
12270	5.475116e+15	4.482032e+01	2.877289e+01	8.177659e+15
12271	5.475324e+15	4.683182e+01	2.705904e+01	9.779122e+15
12272	5.475529e+15	4.529956e+01	2.732918e+01	9.096422e+15
12273	5.475734e+15	4.257652e+01	2.774784e+01	1.046831e+16
12274	5.475938e+15	4.875452e+01	2.568295e+01	1.354534e+16
12275	5.476140e+15	5.203585e+01	2.640041e+01	9.103742e+15
12276	5.476338e+15	5.032899e+01	2.520801e+01	6.465351e+15
12277	5.476541e+15	5.113707e+01	2.545444e+01	2.037318e+16
12278	5.476744e+15	5.227458e+01	2.527120e+01	1.510275e+16
12279	5.476947e+15	4.807851e+01	2.433905e+01	5.644409e+15
12280	5.477156e+15	5.018322e+01	2.457915e+01	2.145106e+16
12281	5.477372e+15	5.430150e+01	2.394576e+01	1.446221e+16
12282	5.477600e+15	6.572268e+01	2.677428e+01	1.490787e+16
12283	5.477824e+15	6.245175e+01	2.683851e+01	1.954095e+16
12284	5.478041e+15	4.574918e+01	2.542885e+01	7.140911e+15
12285	5.478253e+15	3.193941e+01	2.662345e+01	1.636322e+16
12286	5.478458e+15	2.975147e+01	2.659378e+01	4.937693e+15
12287	5.478657e+15	3.929550e+01	2.659435e+01	1.143102e+16
12288	5.478854e+15	4.447254e+01	2.589670e+01	3.754158e+15
12289	5.479050e+15	4.493675e+01	2.803762e+01	1.249532e+16
12290	5.479241e+15	4.924731e+01	2.725258e+01	8.355549e+15
12291	5.479431e+15	5.366443e+01	2.810483e+01	1.236971e+16
12292	5.479622e+15	4.974338e+01	2.763211e+01	6.092293e+15
12293	5.479818e+15	3.960609e+01	2.828950e+01	1.303382e+16
12294	5.480017e+15	4.280200e+01	2.866624e+01	1.069555e+16
12295	5.480213e+15	4.222899e+01	2.690312e+01	6.665063e+15
12296	5.480414e+15	3.524976e+01	2.786629e+01	4.889224e+15
12297	5.480615e+15	3.221492e+01	2.712554e+01	7.842627e+15
12298	5.480819e+15	3.503058e+01	2.681411e+01	6.617917e+15
12299	5.481028e+15	4.213893e+01	2.703699e+01	1.320905e+16
12300	5.481238e+15	4.089924e+01	2.652549e+01	1.088144e+16
12301	5.481454e+15	3.843618e+01	2.771910e+01	1.898157e+16
12302	5.481674e+15	4.546054e+01	2.988688e+01	8.576778e+15
12303	5.481887e+15	5.841546e+01	2.849487e+01	1.884716e+16
12304	5.482104e+15	6.025318e+01	2.975843e+01	1.376166e+16
12305	5.482316e+15	4.969438e+01	2.864569e+01	8.289521e+15
12306	5.482529e+15	4.966803e+01	2.961238e+01	1.571589e+16
12307	5.482733e+15	4.819561e+01	2.841553e+01	6.780183e+15
12308	5.482937e+15	4.996337e+01	2.960550e+01	8.698709e+15
12309	5.483135e+15	6.593854e+01	2.979131e+01	1.625471e+16
12310	5.483326e+15	7.053779e+01	2.844926e+01	1.182903e+16
12311	5.483515e+15	6.432212e+01	2.789714e+01	1.005760e+16
12312	5.483706e+15	6.952824e+01	2.632572e+01	7.481462e+15
12313	5.483893e+15	7.141669e+01	2.770411e+01	5.054632e+15
12314	5.484080e+15	7.235417e+01	2.851063e+01	1.166393e+16
12315	5.484268e+15	7.257578e+01	2.978809e+01	4.050915e+15
12316	5.484454e+15	6.523457e+01	2.899257e+01	9.970902e+15
12317	5.484646e+15	6.529213e+01	2.996194e+01	2.465039e+15
12318	5.484842e+15	5.509661e+01	2.956197e+01	1.222797e+16
12319	5.485041e+15	4.538596e+01	2.896733e+01	1.256935e+16
12320	5.485247e+15	5.379858e+01	2.916609e+01	1.040074e+16
12321	5.485460e+15	5.934903e+01	2.938744e+01	1.528907e+16
12322	5.485677e+15	5.892598e+01	3.216161e+01	7.878529e+15
12323	5.485886e+15	5.095986e+01	2.741955e+01	6.846170e+15
12324	5.486113e+15	4.914361e+01	2.942388e+01	1.697729e+16
12325	5.486347e+15	5.125168e+01	3.059783e+01	8.899309e+15
12326	5.486578e+15	5.831077e+01	3.114976e+01	1.020638e+16
12327	5.486803e+15	5.613650e+01	3.069280e+01	2.078793e+16
12328	5.487022e+15	5.555489e+01	2.965093e+01	1.078332e+16
12329	5.487238e+15	6.558042e+01	2.929280e+01	1.965227e+16
12330	5.487449e+15	6.873072e+01	2.910312e+01	9.840565e+15
12331	5.487651e+15	6.439393e+01	2.728548e+01	1.892586e+16
12332	5.487852e+15	7.029651e+01	2.873398e+01	1.364545e+16
12333	5.488045e+15	7.554420e+01	2.890874e+01	6.395985e+15
12334	5.488234e+15	7.945669e+01	2.911915e+01	1.316876e+16
12335	5.488422e+15	8.172693e+01	2.984619e+01	9.395920e+15
12336	5.488605e+15	7.321267e+01	2.893036e+01	9.755520e+15
12337	5.488786e+15	8.321392e+01	2.882170e+01	7.916030e+15
12338	5.488965e+15	8.434706e+01	2.727250e+01	1.136487e+16
12339	5.489146e+15	8.049453e+01	2.845928e+01	8.826508e+15
12340	5.489324e+15	7.571776e+01	2.654163e+01	5.069690e+15
12341	5.489507e+15	6.471369e+01	2.684175e+01	1.422142e+16
12342	5.489696e+15	5.947575e+01	2.798026e+01	9.733180e+15
12343	5.489885e+15	6.020613e+01	2.523107e+01	6.129972e+15
12344	5.490082e+15	6.507204e+01	2.692290e+01	4.403148e+15
12345	5.490283e+15	5.663936e+01	2.785371e+01	9.770130e+15
12346	5.490485e+15	4.790385e+01	2.620074e+01	2.396044e+16
12347	5.490698e+15	4.441661e+01	2.766168e+01	7.029593e+15
12348	5.490916e+15	3.796035e+01	2.631878e+01	1.747272e+16
12349	5.491149e+15	3.407337e+01	2.795414e+01	1.508801e+16
12350	5.491385e+15	3.109842e+01	2.717797e+01	1.396464e+16
12351	5.491632e+15	3.467537e+01	2.969841e+01	2.078522e+16
12352	5.491871e+15	4.093093e+01	2.837180e+01	2.150380e+16
12353	5.492111e+15	4.794210e+01	3.008459e+01	1.611799e+16
12354	5.492343e+15	4.739218e+01	3.002678e+01	2.305828e+16
12355	5.492573e+15	4.165355e+01	2.851694e+01	1.743234e+16
12356	5.492811e+15	4.600336e+01	3.159926e+01	1.546443e+16
12357	5.493037e+15	4.074238e+01	2.852211e+01	1.700684e+16
12358	5.493274e+15	3.890851e+01	3.193112e+01	6.764766e+15
12359	5.493506e+15	3.580014e+01	3.154958e+01	1.528482e+16
12360	5.493734e+15	3.814008e+01	3.196046e+01	1.506225e+16
12361	5.493954e+15	4.802031e+01	3.147757e+01	1.574833e+16
12362	5.494169e+15	5.577001e+01	3.234709e+01	1.302455e+16
12363	5.494377e+15	6.366861e+01	3.178757e+01	9.676119e+15
12364	5.494578e+15	7.404952e+01	3.094050e+01	1.963222e+16
12365	5.494777e+15	7.102095e+01	3.138652e+01	9.332005e+15
12366	5.494970e+15	6.556876e+01	3.122260e+01	1.252864e+16
12367	5.495160e+15	6.556726e+01	3.006642e+01	1.561581e+16
12368	5.495349e+15	6.970739e+01	3.037671e+01	1.559661e+16
12369	5.495536e+15	7.067115e+01	3.282505e+01	7.557083e+15
12370	5.495724e+15	6.691109e+01	3.280712e+01	1.090019e+16
12371	5.495913e+15	6.422215e+01	3.290587e+01	9.138094e+15
12372	5.496105e+15	6.187713e+01	3.241860e+01	9.276209e+15
12373	5.496299e+15	6.561217e+01	3.338197e+01	1.294924e+16
12374	5.496488e+15	6.463632e+01	3.218789e+01	6.603229e+15
12375	5.496679e+15	5.858116e+01	3.161437e+01	1.492990e+16
12376	5.496871e+15	5.504583e+01	3.122217e+01	1.346023e+16
12377	5.497066e+15	5.020392e+01	3.085975e+01	1.212406e+16
12378	5.497266e+15	5.128559e+01	3.196848e+01	1.643936e+16
12379	5.497469e+15	5.112856e+01	3.075170e+01	1.017547e+16
12380	5.497677e+15	5.286444e+01	3.038449e+01	5.049441e+15
12381	5.497892e+15	4.720342e+01	2.849723e+01	4.334226e+15
12382	5.498126e+15	5.085264e+01	3.349469e+01	3.073605e+15
12383	5.498350e+15	6.034065e+01	3.403015e+01	1.288689e+16
12384	5.498562e+15	6.233700e+01	3.188445e+01	5.958437e+15
12385	5.498773e+15	6.341243e+01	3.424752e+01	5.743657e+15
12386	5.498976e+15	6.641291e+01	3.107746e+01	2.609133e+15
12387	5.499177e+15	6.889281e+01	3.143770e+01	9.563203e+15
12388	5.499371e+15	6.040630e+01	2.959055e+01	5.558821e+15
12389	5.499565e+15	6.012094e+01	2.974877e+01	5.496646e+15
12390	5.499757e+15	6.196211e+01	2.830334e+01	7.278842e+15
12391	5.499949e+15	5.910512e+01	2.834794e+01	5.990843e+15
12392	5.500137e+15	5.679897e+01	2.611990e+01	8.068462e+15
12393	5.500328e+15	5.704688e+01	2.603352e+01	1.932233e+16
12394	5.500521e+15	5.836138e+01	2.512918e+01	5.575298e+15
12395	5.500711e+15	6.202034e+01	2.394297e+01	5.448204e+15
12396	5.500908e+15	5.412832e+01	2.469355e+01	3.250928e+15
12397	5.501109e+15	5.476247e+01	2.517253e+01	5.596157e+14
12398	5.501312e+15	5.670094e+01	2.465373e+01	5.312244e+15
12399	5.501519e+15	5.991558e+01	2.395337e+01	6.454871e+15
12400	5.501731e+15	6.476807e+01	2.415134e+01	7.516044e+15
12401	5.501941e+15	6.608033e+01	2.436752e+01	1.004000e+16
12402	5.502144e+15	6.954756e+01	2.318789e+01	3.580039e+15
12403	5.502346e+15	7.345001e+01	2.340361e+01	2.139226e+16
12404	5.502544e+15	6.953930e+01	2.256988e+01	6.604990e+15
12405	5.502740e+15	6.600847e+01	2.282601e+01	6.094235e+15
12406	5.502935e+15	6.421773e+01	2.283523e+01	5.337429e+15
12407	5.503131e+15	6.932402e+01	2.284135e+01	8.963212e+15
12408	5.503327e+15	6.472457e+01	2.305473e+01	5.914602e+15
12409	5.503523e+15	6.404994e+01	2.347200e+01	9.454567e+15
12410	5.503717e+15	5.798402e+01	2.190188e+01	4.331297e+15
12411	5.503926e+15	5.708987e+01	2.301253e+01	1.113498e+16
12412	5.504140e+15	5.127694e+01	2.241394e+01	9.880485e+15
12413	5.504358e+15	5.127181e+01	2.325051e+01	9.745720e+15
12414	5.504576e+15	6.230915e+01	2.384892e+01	1.310067e+16
12415	5.504793e+15	7.060989e+01	2.602547e+01	1.178469e+16
12416	5.505003e+15	6.362497e+01	2.582824e+01	9.902790e+15
12417	5.505209e+15	6.570159e+01	2.518045e+01	1.839651e+16
12418	5.505416e+15	6.204868e+01	2.642024e+01	1.639238e+16
12419	5.505618e+15	5.101213e+01	2.381995e+01	1.549665e+16
12420	5.505829e+15	5.543841e+01	2.570555e+01	1.863805e+16
12421	5.506034e+15	5.270969e+01	2.462289e+01	1.468179e+16
12422	5.506244e+15	5.148816e+01	2.684889e+01	1.134557e+16
12423	5.506447e+15	5.281280e+01	2.421509e+01	1.915182e+16
12424	5.506660e+15	4.715278e+01	2.563441e+01	1.529728e+16
12425	5.506879e+15	4.867197e+01	2.770246e+01	1.695679e+16
12426	5.507089e+15	5.047572e+01	2.488785e+01	1.016907e+16
12427	5.507303e+15	5.250561e+01	2.686034e+01	6.102649e+15
12428	5.507513e+15	5.608336e+01	2.655290e+01	1.723457e+16
12429	5.507722e+15	5.656214e+01	2.754513e+01	1.475376e+16
12430	5.507927e+15	6.001326e+01	2.844651e+01	1.762817e+16
12431	5.508129e+15	5.439849e+01	2.643524e+01	7.612350e+15
12432	5.508338e+15	4.994259e+01	2.838521e+01	1.553105e+16
12433	5.508547e+15	6.089841e+01	2.845822e+01	1.854486e+16
12434	5.508754e+15	5.979986e+01	2.677009e+01	1.081126e+16
12435	5.508969e+15	5.335341e+01	2.720518e+01	7.122411e+15
12436	5.509191e+15	4.837695e+01	2.807497e+01	6.600859e+15
12437	5.509408e+15	5.941051e+01	2.695190e+01	6.402584e+15
12438	5.509625e+15	5.809698e+01	2.818670e+01	4.646216e+15
12439	5.509837e+15	4.034395e+01	2.690723e+01	1.147256e+16
12440	5.510054e+15	4.145595e+01	2.823055e+01	9.609990e+15
12441	5.510268e+15	4.440846e+01	2.862160e+01	3.087232e+15
12442	5.510480e+15	4.201799e+01	2.893403e+01	1.766820e+16
12443	5.510687e+15	4.500700e+01	2.765664e+01	1.006789e+16
12444	5.510895e+15	4.850871e+01	2.866904e+01	9.037371e+15
12445	5.511099e+15	5.484690e+01	2.791860e+01	2.000450e+16
12446	5.511303e+15	5.319649e+01	2.750886e+01	1.011150e+16
12447	5.511506e+15	4.648706e+01	2.705160e+01	1.673254e+16
12448	5.511710e+15	5.005623e+01	2.818610e+01	1.339814e+16
12449	5.511911e+15	4.990386e+01	2.783325e+01	2.067046e+16
12450	5.512111e+15	5.447869e+01	2.850750e+01	6.166318e+15
12451	5.512311e+15	5.402371e+01	2.804914e+01	1.034204e+16
12452	5.512512e+15	5.099969e+01	2.886488e+01	8.436960e+15
12453	5.512711e+15	5.276477e+01	2.759373e+01	8.454040e+15
12454	5.512912e+15	5.472019e+01	2.840844e+01	1.262649e+16
12455	5.513111e+15	6.437316e+01	2.886910e+01	1.207184e+16
12456	5.513307e+15	5.893296e+01	2.726716e+01	1.991957e+16
12457	5.513508e+15	5.830365e+01	2.838140e+01	1.191804e+16
12458	5.513707e+15	6.122766e+01	2.781872e+01	1.136383e+16
12459	5.513908e+15	5.754299e+01	2.830524e+01	9.303690e+15
12460	5.514109e+15	5.593266e+01	2.754205e+01	5.192968e+15
12461	5.514313e+15	5.426799e+01	2.643154e+01	7.209198e+15
12462	5.514522e+15	4.985076e+01	2.661608e+01	1.451616e+16
12463	5.514734e+15	5.006052e+01	2.644112e+01	7.852955e+15
12464	5.514950e+15	5.024429e+01	2.401976e+01	6.950897e+15
12465	5.515181e+15	4.757693e+01	2.590834e+01	1.329503e+16
12466	5.515417e+15	3.746157e+01	2.509470e+01	1.459704e+16
12467	5.515664e+15	3.596574e+01	2.668913e+01	6.359484e+15
12468	5.515912e+15	4.709693e+01	2.784306e+01	4.844312e+15
12469	5.516154e+15	4.154149e+01	2.665852e+01	1.549661e+16
12470	5.516396e+15	4.759791e+01	2.795928e+01	8.820193e+15
12471	5.516630e+15	4.725117e+01	2.657870e+01	1.313679e+16
12472	5.516875e+15	4.572696e+01	2.897286e+01	5.180191e+15
12473	5.517116e+15	4.637247e+01	2.824017e+01	1.545627e+16
12474	5.517354e+15	4.747475e+01	2.865100e+01	1.083614e+16
12475	5.517585e+15	5.249162e+01	2.826910e+01	9.614535e+15
12476	5.517805e+15	5.712298e+01	2.838884e+01	1.259524e+16
12477	5.518018e+15	6.045210e+01	2.746150e+01	5.074867e+15
12478	5.518227e+15	6.862229e+01	2.755217e+01	8.709730e+15
12479	5.518431e+15	6.488825e+01	2.642090e+01	5.447185e+15
12480	5.518634e+15	6.692376e+01	2.570828e+01	3.760908e+15
12481	5.518835e+15	6.749097e+01	2.604203e+01	8.320326e+15
12482	5.519035e+15	5.831412e+01	2.645595e+01	1.945517e+16
12483	5.519232e+15	5.789327e+01	2.681892e+01	1.421956e+16
12484	5.519426e+15	5.953536e+01	2.657435e+01	1.168573e+16
12485	5.519623e+15	5.672455e+01	2.720628e+01	7.606334e+15
12486	5.519818e+15	5.777567e+01	2.763520e+01	9.066628e+15
12487	5.520016e+15	6.033873e+01	2.809481e+01	8.532985e+15
12488	5.520219e+15	6.244089e+01	2.915620e+01	1.293787e+16
12489	5.520422e+15	5.834788e+01	2.852865e+01	1.083537e+16
12490	5.520634e+15	5.803290e+01	2.998030e+01	8.621088e+15
12491	5.520849e+15	5.698582e+01	3.046170e+01	8.437472e+15
12492	5.521066e+15	5.278429e+01	2.998689e+01	7.624849e+15
12493	5.521287e+15	4.944951e+01	2.972421e+01	1.549461e+16
12494	5.521515e+15	4.716418e+01	3.203880e+01	1.454570e+16
12495	5.521741e+15	4.653186e+01	3.035190e+01	2.309791e+16
12496	5.521975e+15	5.008997e+01	3.236872e+01	8.496884e+15
12497	5.522205e+15	5.377809e+01	3.274789e+01	1.840645e+16
12498	5.522431e+15	5.358194e+01	3.307142e+01	1.498788e+16
12499	5.522654e+15	5.351547e+01	3.288975e+01	1.945017e+16
12500	5.522876e+15	5.127509e+01	3.409152e+01	1.745841e+16
12501	5.523094e+15	5.679353e+01	3.484888e+01	8.630311e+15
12502	5.523305e+15	5.245384e+01	3.231351e+01	1.077761e+16
12503	5.523516e+15	5.380128e+01	3.319003e+01	6.066342e+15
12504	5.523725e+15	5.942338e+01	3.403426e+01	1.491261e+16
12505	5.523930e+15	6.257604e+01	3.316467e+01	7.994476e+15
12506	5.524134e+15	6.808963e+01	3.469630e+01	1.145328e+16
12507	5.524332e+15	6.782287e+01	3.261919e+01	7.182621e+15
12508	5.524529e+15	5.922274e+01	3.172870e+01	8.558923e+15
12509	5.524726e+15	5.211605e+01	3.163532e+01	6.533540e+15
12510	5.524923e+15	5.301770e+01	3.173908e+01	1.341922e+16
12511	5.525120e+15	5.034068e+01	3.033051e+01	7.779794e+15
12512	5.525317e+15	4.840164e+01	2.758838e+01	7.150108e+15
12513	5.525524e+15	5.481828e+01	3.010339e+01	1.003651e+16
12514	5.525730e+15	6.877056e+01	3.019171e+01	1.143142e+16
12515	5.525935e+15	7.497788e+01	2.849054e+01	1.326141e+16
12516	5.526148e+15	8.172296e+01	3.054148e+01	1.144596e+16
12517	5.526358e+15	7.788213e+01	3.177574e+01	6.570746e+15
12518	5.526560e+15	7.157962e+01	3.023086e+01	1.348198e+16
12519	5.526765e+15	8.027556e+01	3.266309e+01	1.072629e+16
12520	5.526965e+15	7.753888e+01	3.158705e+01	1.022161e+16
12521	5.527165e+15	7.513884e+01	3.193328e+01	1.101887e+16
12522	5.527364e+15	7.872450e+01	3.050976e+01	1.652828e+16
12523	5.527562e+15	7.302035e+01	3.006697e+01	9.396336e+15
12524	5.527765e+15	7.291686e+01	3.037292e+01	1.453307e+16
12525	5.527968e+15	7.225720e+01	2.965790e+01	9.304069e+15
12526	5.528171e+15	7.514952e+01	2.922496e+01	1.790061e+16
12527	5.528375e+15	7.032243e+01	2.720370e+01	1.298728e+16
12528	5.528586e+15	5.935775e+01	2.669647e+01	1.602116e+16
12529	5.528804e+15	6.569040e+01	2.765611e+01	8.283827e+15
12530	5.529022e+15	6.608768e+01	2.676447e+01	7.946153e+15
12531	5.529243e+15	5.982722e+01	2.810680e+01	5.135784e+15
12532	5.529461e+15	5.474420e+01	2.600827e+01	9.561516e+15
12533	5.529691e+15	5.530644e+01	2.631338e+01	8.891253e+15
12534	5.529929e+15	5.562301e+01	2.737267e+01	3.124911e+16
12535	5.530169e+15	5.036237e+01	2.691602e+01	1.143014e+16
12536	5.530416e+15	4.618208e+01	2.616268e+01	1.351120e+16
12537	5.530669e+15	4.573352e+01	2.600394e+01	7.229693e+15
12538	5.530931e+15	5.859036e+01	2.973913e+01	1.563822e+16
12539	5.531182e+15	5.412756e+01	2.729918e+01	6.992384e+15
12540	5.531444e+15	5.900662e+01	3.122129e+01	1.723309e+16
12541	5.531689e+15	5.166253e+01	2.964346e+01	7.251056e+15
12542	5.531932e+15	4.728840e+01	3.101043e+01	8.355924e+15
12543	5.532165e+15	5.432771e+01	2.964982e+01	6.467641e+15
12544	5.532398e+15	6.889190e+01	3.167537e+01	1.422482e+16
12545	5.532621e+15	5.609011e+01	2.601708e+01	1.322722e+16
12546	5.532866e+15	5.466077e+01	3.195084e+01	7.728076e+15
12547	5.533101e+15	4.326103e+01	3.067338e+01	6.434411e+15
12548	5.533339e+15	3.833260e+01	3.149714e+01	7.807485e+15
12549	5.533579e+15	4.820218e+01	3.316483e+01	2.530657e+16
12550	5.533807e+15	5.949512e+01	3.043152e+01	9.589427e+15
12551	5.534042e+15	6.142716e+01	3.263527e+01	1.421324e+16
12552	5.534267e+15	5.028148e+01	3.153991e+01	1.234386e+16
12553	5.534495e+15	5.630844e+01	3.311859e+01	1.562332e+16
12554	5.534721e+15	5.605120e+01	3.242750e+01	1.214811e+16
12555	5.534945e+15	5.767906e+01	3.368296e+01	1.847962e+16
12556	5.535161e+15	5.679594e+01	3.192398e+01	8.832729e+15
12557	5.535380e+15	5.529888e+01	3.189442e+01	1.121472e+16
12558	5.535601e+15	5.657975e+01	3.231267e+01	4.267588e+15
12559	5.535818e+15	5.880929e+01	3.065152e+01	6.953441e+15
12560	5.536038e+15	6.201535e+01	3.127513e+01	1.310378e+16
12561	5.536257e+15	5.925090e+01	3.064209e+01	8.266812e+15
12562	5.536473e+15	6.038728e+01	3.176503e+01	1.056587e+16
12563	5.536686e+15	5.712364e+01	3.100488e+01	8.776683e+15
12564	5.536903e+15	6.012523e+01	3.319116e+01	1.888616e+16
12565	5.537116e+15	6.791671e+01	3.316873e+01	1.195150e+16
12566	5.537325e+15	6.972736e+01	3.230195e+01	1.944576e+16
12567	5.537533e+15	7.871014e+01	3.265609e+01	2.819026e+16
12568	5.537734e+15	6.603945e+01	2.903925e+01	1.059407e+16
12569	5.537939e+15	6.412952e+01	3.080718e+01	1.037264e+16
12570	5.538148e+15	6.158734e+01	3.178274e+01	1.331717e+16
12571	5.538356e+15	5.435752e+01	3.033135e+01	1.337823e+16
12572	5.538570e+15	4.345538e+01	3.283953e+01	9.172507e+15
12573	5.538778e+15	3.959190e+01	2.835834e+01	1.216350e+16
12574	5.539008e+15	4.698537e+01	3.242244e+01	1.532072e+16
12575	5.539236e+15	4.560274e+01	3.010865e+01	1.698929e+16
12576	5.539470e+15	4.292291e+01	2.966902e+01	1.075853e+16
12577	5.539712e+15	5.274060e+01	3.185347e+01	6.378034e+15
12578	5.539951e+15	5.566132e+01	3.138245e+01	1.747195e+16
12579	5.540191e+15	5.236087e+01	3.178847e+01	8.232988e+15
12580	5.540424e+15	5.183609e+01	2.855638e+01	1.849519e+16
12581	5.540667e+15	5.607570e+01	2.966629e+01	1.128378e+16
12582	5.540912e+15	5.958315e+01	3.281489e+01	1.114336e+16
12583	5.541143e+15	4.725460e+01	3.021132e+01	3.877250e+15
12584	5.541378e+15	4.628774e+01	3.080293e+01	8.671965e+15
12585	5.541608e+15	6.566287e+01	3.076174e+01	2.376044e+16
12586	5.541832e+15	6.310332e+01	3.103102e+01	1.645595e+16
12587	5.542052e+15	5.836764e+01	3.063184e+01	6.729014e+15
12588	5.542269e+15	6.292924e+01	3.054910e+01	7.884527e+15
12589	5.542481e+15	6.658555e+01	3.034780e+01	3.732194e+15
12590	5.542688e+15	6.462821e+01	2.952888e+01	1.273275e+16
12591	5.542892e+15	6.476774e+01	2.951342e+01	1.207263e+16
12592	5.543095e+15	6.652593e+01	2.889732e+01	1.026877e+16
12593	5.543303e+15	5.557286e+01	2.650376e+01	5.819351e+15
12594	5.543516e+15	5.378105e+01	2.752976e+01	8.920990e+15
12595	5.543730e+15	6.133853e+01	2.866497e+01	3.649486e+15
12596	5.543939e+15	6.179771e+01	2.658633e+01	1.871777e+16
12597	5.544151e+15	5.247746e+01	2.686892e+01	1.036432e+16
12598	5.544364e+15	5.602367e+01	2.660748e+01	1.651687e+16
12599	5.544580e+15	5.646574e+01	2.561932e+01	8.012616e+15
12600	5.544803e+15	6.200509e+01	2.785904e+01	1.124411e+16
12601	5.545019e+15	6.542670e+01	2.665230e+01	7.644514e+15
12602	5.545238e+15	5.709212e+01	2.514623e+01	8.225614e+15
12603	5.545468e+15	4.949875e+01	2.767437e+01	5.876139e+15
12604	5.545695e+15	4.877763e+01	2.824556e+01	6.830677e+15
12605	5.545920e+15	5.093789e+01	2.763151e+01	1.627968e+16
12606	5.546148e+15	5.633609e+01	2.909265e+01	1.760703e+16
12607	5.546370e+15	6.285024e+01	2.990707e+01	1.117996e+16
12608	5.546584e+15	6.755475e+01	2.889422e+01	1.268644e+16
12609	5.546796e+15	7.172810e+01	2.929031e+01	7.030603e+15
12610	5.547003e+15	7.161183e+01	2.908690e+01	7.066000e+15
12611	5.547204e+15	6.790187e+01	2.859439e+01	7.896230e+15
12612	5.547403e+15	6.554016e+01	2.750218e+01	9.748427e+15
12613	5.547603e+15	7.574992e+01	2.881631e+01	8.970085e+15
12614	5.547796e+15	6.444116e+01	2.784703e+01	1.730191e+16
12615	5.547988e+15	6.009262e+01	2.819696e+01	8.687734e+15
12616	5.548177e+15	6.366287e+01	2.665004e+01	1.212766e+16
12617	5.548371e+15	6.996378e+01	2.700336e+01	5.595651e+15
12618	5.548567e+15	6.599850e+01	2.840545e+01	1.042057e+16
12619	5.548759e+15	5.757716e+01	2.329372e+01	8.259010e+15
12620	5.548967e+15	6.449948e+01	2.562786e+01	1.152520e+16
12621	5.549180e+15	6.579054e+01	2.759440e+01	1.013357e+16
12622	5.549388e+15	6.147193e+01	2.522564e+01	2.281548e+16
12623	5.549604e+15	6.051580e+01	2.582426e+01	1.362662e+16
12624	5.549825e+15	6.396112e+01	2.752750e+01	7.395849e+15
12625	5.550042e+15	6.232961e+01	2.809200e+01	1.835064e+16
12626	5.550257e+15	5.968827e+01	2.846365e+01	5.989165e+15
12627	5.550469e+15	6.118988e+01	2.908939e+01	5.117738e+15
12628	5.550678e+15	5.409362e+01	2.890952e+01	7.146463e+15
12629	5.550886e+15	5.857965e+01	2.965889e+01	8.523772e+15
12630	5.551091e+15	5.890572e+01	2.903446e+01	1.130674e+16
12631	5.551298e+15	5.992469e+01	2.968759e+01	7.217733e+15
12632	5.551500e+15	5.855351e+01	2.737564e+01	1.191523e+16
12633	5.551708e+15	4.916844e+01	2.817938e+01	1.266717e+16
12634	5.551918e+15	4.816005e+01	2.823389e+01	8.639594e+15
12635	5.552126e+15	4.804017e+01	2.463886e+01	6.814863e+15
12636	5.552347e+15	4.888178e+01	2.712488e+01	1.067989e+16
12637	5.552568e+15	4.881954e+01	2.642656e+01	7.017805e+15
12638	5.552794e+15	4.185773e+01	2.687206e+01	1.786361e+16
12639	5.553027e+15	4.802696e+01	2.778561e+01	1.194519e+16
12640	5.553262e+15	5.237096e+01	2.752697e+01	6.080727e+15
12641	5.553503e+15	4.523397e+01	2.957093e+01	9.964903e+15
12642	5.553737e+15	4.440402e+01	2.795596e+01	1.663204e+16
12643	5.553975e+15	4.292924e+01	2.967780e+01	1.014711e+16
12644	5.554206e+15	5.114056e+01	2.975564e+01	1.257472e+16
12645	5.554430e+15	6.984911e+01	2.926489e+01	1.354174e+16
12646	5.554651e+15	6.594492e+01	2.859160e+01	9.951436e+15
12647	5.554870e+15	5.235535e+01	2.746822e+01	7.674631e+15
12648	5.555094e+15	6.267798e+01	3.083019e+01	1.221375e+16
12649	5.555303e+15	7.355495e+01	2.772030e+01	1.102587e+16
12650	5.555516e+15	6.997150e+01	3.103170e+01	4.436838e+15
12651	5.555715e+15	6.003705e+01	2.852845e+01	1.660598e+16
12652	5.555914e+15	7.315717e+01	2.923989e+01	9.972027e+15
12653	5.556110e+15	7.291099e+01	2.940638e+01	8.974192e+15
12654	5.556303e+15	7.124810e+01	2.904355e+01	4.014564e+15
12655	5.556496e+15	6.671891e+01	2.858425e+01	1.669256e+16
12656	5.556689e+15	5.514063e+01	2.822357e+01	6.907222e+15
12657	5.556885e+15	5.848524e+01	2.858533e+01	1.370460e+16
12658	5.557080e+15	5.639768e+01	2.586673e+01	7.497204e+15
12659	5.557281e+15	5.897164e+01	2.769736e+01	1.261862e+16
12660	5.557478e+15	5.399354e+01	2.507628e+01	8.413096e+15
12661	5.557685e+15	5.988510e+01	2.464313e+01	1.704192e+16
12662	5.557897e+15	6.409466e+01	2.599174e+01	5.825308e+15
12663	5.558105e+15	5.706028e+01	2.513610e+01	1.509789e+16
12664	5.558322e+15	4.914532e+01	2.795978e+01	6.255487e+15
12665	5.558544e+15	5.344232e+01	2.980231e+01	1.190929e+16
12666	5.558765e+15	5.306477e+01	2.990178e+01	8.521229e+15
12667	5.558988e+15	4.843142e+01	2.916621e+01	1.363930e+16
12668	5.559217e+15	4.918492e+01	2.907228e+01	8.656575e+15
12669	5.559452e+15	4.916600e+01	2.777790e+01	2.210454e+16
12670	5.559699e+15	4.184974e+01	2.964834e+01	7.100477e+15
12671	5.559948e+15	4.732602e+01	3.209116e+01	1.809591e+16
12672	5.560194e+15	4.650184e+01	3.245148e+01	1.433943e+16
12673	5.560440e+15	4.672761e+01	3.270369e+01	1.170689e+16
12674	5.560684e+15	5.509384e+01	3.288470e+01	4.900174e+15
12675	5.560922e+15	5.494683e+01	3.242538e+01	1.529971e+16
12676	5.561152e+15	5.637391e+01	3.125281e+01	1.128613e+16
12677	5.561384e+15	5.874632e+01	3.405625e+01	1.226682e+16
12678	5.561603e+15	5.124810e+01	3.147626e+01	5.345487e+15
12679	5.561815e+15	5.336965e+01	3.109572e+01	1.391669e+16
12680	5.562018e+15	6.459368e+01	2.979518e+01	1.700408e+16
12681	5.562218e+15	7.288539e+01	3.013323e+01	1.005177e+16
12682	5.562411e+15	7.754751e+01	2.862964e+01	1.017527e+16
12683	5.562602e+15	7.479743e+01	2.751926e+01	1.513713e+16
12684	5.562796e+15	6.654059e+01	3.041469e+01	1.177744e+16
12685	5.562991e+15	6.066311e+01	3.064021e+01	4.000411e+15
12686	5.563191e+15	6.288108e+01	3.214700e+01	3.160151e+15
12687	5.563391e+15	6.654576e+01	3.095200e+01	1.052647e+16
12688	5.563593e+15	6.361071e+01	3.082599e+01	6.558163e+15
12689	5.563796e+15	5.775423e+01	2.897764e+01	1.164216e+16
12690	5.564004e+15	5.260829e+01	2.878982e+01	1.438605e+16
12691	5.564219e+15	5.304352e+01	2.869094e+01	7.074714e+15
12692	5.564443e+15	5.710049e+01	2.997625e+01	1.142966e+16
12693	5.564668e+15	5.733708e+01	3.031503e+01	8.230192e+15
12694	5.564887e+15	5.560714e+01	2.997484e+01	1.271862e+16
12695	5.565103e+15	5.696560e+01	3.081972e+01	1.117820e+16
12696	5.565312e+15	6.249097e+01	3.059739e+01	6.417294e+15
12697	5.565515e+15	7.155534e+01	3.040162e+01	1.423431e+16
12698	5.565713e+15	6.566991e+01	3.059207e+01	1.192780e+16
12699	5.565909e+15	6.280798e+01	3.067449e+01	1.244635e+16
12700	5.566103e+15	6.982654e+01	3.063172e+01	1.190856e+16
12701	5.566294e+15	5.980929e+01	2.933283e+01	4.590452e+15
12702	5.566491e+15	5.262162e+01	3.084475e+01	1.082343e+16
12703	5.566684e+15	5.673038e+01	2.873598e+01	1.701106e+16
12704	5.566882e+15	5.504441e+01	2.972663e+01	1.259779e+16
12705	5.567083e+15	5.942336e+01	3.117336e+01	3.606890e+15
12706	5.567279e+15	6.540256e+01	2.858592e+01	1.702776e+16
12707	5.567484e+15	6.536134e+01	2.841230e+01	4.500867e+15
12708	5.567691e+15	5.875549e+01	2.762590e+01	8.572330e+15
12709	5.567899e+15	5.425918e+01	2.560307e+01	9.577996e+15
12710	5.568111e+15	5.766102e+01	2.631103e+01	4.841100e+15
12711	5.568331e+15	5.481291e+01	2.686725e+01	9.628402e+15
12712	5.568557e+15	6.254730e+01	3.061096e+01	8.806336e+15
12713	5.568774e+15	6.525355e+01	2.890844e+01	1.385027e+16
12714	5.568983e+15	6.492272e+01	2.906345e+01	1.074674e+16
12715	5.569190e+15	7.792524e+01	3.060448e+01	1.004430e+16
12716	5.569392e+15	7.577368e+01	2.973754e+01	9.474338e+15
12717	5.569591e+15	6.526833e+01	2.901168e+01	1.322741e+16
12718	5.569790e+15	7.422977e+01	2.841446e+01	1.138001e+16
12719	5.569987e+15	7.305643e+01	2.824480e+01	8.888811e+15
12720	5.570180e+15	6.606274e+01	2.764437e+01	6.905177e+15
12721	5.570373e+15	6.953264e+01	2.769488e+01	9.481822e+15
12722	5.570567e+15	7.043366e+01	2.753584e+01	6.143475e+15
12723	5.570764e+15	6.304492e+01	2.798183e+01	9.050400e+15
12724	5.570959e+15	5.607515e+01	2.564062e+01	1.163913e+16
12725	5.571166e+15	5.318261e+01	2.513690e+01	4.608372e+15
12726	5.571391e+15	5.203471e+01	2.714229e+01	5.802756e+15
12727	5.571613e+15	5.079926e+01	2.637522e+01	1.081305e+16
12728	5.571846e+15	5.287119e+01	2.911081e+01	2.224650e+16
12729	5.572078e+15	5.539470e+01	3.029189e+01	9.458066e+15
12730	5.572303e+15	6.217144e+01	2.990063e+01	1.418778e+16
12731	5.572522e+15	6.672956e+01	2.879607e+01	8.375042e+15
12732	5.572742e+15	6.133641e+01	2.833216e+01	6.377669e+15
12733	5.572966e+15	5.278361e+01	2.961517e+01	6.932881e+15
12734	5.573190e+15	5.149329e+01	3.142372e+01	6.865292e+15
12735	5.573405e+15	3.888060e+01	2.880539e+01	1.265814e+16
12736	5.573627e+15	3.574101e+01	2.987460e+01	1.054206e+16
12737	5.573845e+15	4.994486e+01	2.719244e+01	2.185737e+16
12738	5.574075e+15	4.681299e+01	2.885396e+01	1.233445e+16
12739	5.574309e+15	4.742757e+01	3.080949e+01	1.215047e+16
12740	5.574536e+15	4.786874e+01	3.073923e+01	6.178491e+15
12741	5.574756e+15	5.305709e+01	3.029380e+01	8.364650e+15
12742	5.574973e+15	5.839048e+01	3.155839e+01	1.887746e+16
12743	5.575182e+15	6.658048e+01	3.126796e+01	1.169508e+16
12744	5.575387e+15	7.194140e+01	2.986161e+01	1.032558e+16
12745	5.575593e+15	6.556929e+01	3.065033e+01	8.630363e+15
12746	5.575797e+15	5.640689e+01	2.934451e+01	7.636973e+15
12747	5.576002e+15	5.393665e+01	2.948137e+01	1.443706e+16
12748	5.576205e+15	5.874588e+01	2.739498e+01	7.429819e+15
12749	5.576408e+15	5.700112e+01	2.849693e+01	4.734483e+15
12750	5.576612e+15	5.273079e+01	2.880442e+01	8.435841e+15
12751	5.576818e+15	5.287774e+01	2.963893e+01	8.084169e+15
12752	5.577021e+15	6.299905e+01	2.974359e+01	1.093047e+16
12753	5.577223e+15	5.835627e+01	2.910461e+01	4.851535e+15
12754	5.577424e+15	5.545669e+01	2.966370e+01	1.049371e+16
12755	5.577622e+15	5.879306e+01	2.858018e+01	1.824816e+15
12756	5.577818e+15	6.514092e+01	2.806481e+01	5.167920e+14
12757	5.578015e+15	6.217653e+01	2.788596e+01	6.632256e+15
12758	5.578212e+15	5.399253e+01	2.857817e+01	1.123936e+16
12759	5.578407e+15	5.655382e+01	2.894340e+01	1.108318e+16
12760	5.578601e+15	5.366196e+01	2.699492e+01	7.027303e+15
12761	5.578801e+15	5.355740e+01	2.676975e+01	1.304216e+16
12762	5.579007e+15	5.143410e+01	2.763621e+01	8.059700e+15
12763	5.579215e+15	5.623125e+01	2.893358e+01	7.007749e+15
12764	5.579416e+15	5.441978e+01	2.696443e+01	8.935728e+15
12765	5.579625e+15	5.661722e+01	2.960283e+01	9.448099e+15
12766	5.579828e+15	5.001836e+01	2.820984e+01	1.191524e+16
12767	5.580033e+15	5.072339e+01	2.941293e+01	5.561529e+15
12768	5.580234e+15	5.908352e+01	2.930843e+01	1.208226e+16
12769	5.580431e+15	7.101921e+01	2.992332e+01	4.767857e+15
12770	5.580623e+15	7.374411e+01	2.854235e+01	1.600727e+16
12771	5.580814e+15	6.196159e+01	2.842658e+01	1.267509e+16
12772	5.581005e+15	5.477163e+01	2.736628e+01	1.208983e+16
12773	5.581200e+15	5.988638e+01	2.905986e+01	5.685002e+15
12774	5.581390e+15	5.189191e+01	2.688717e+01	1.394668e+16
12775	5.581582e+15	4.629307e+01	2.689030e+01	8.746106e+15
12776	5.581774e+15	4.574168e+01	2.689589e+01	1.893363e+16
12777	5.581973e+15	3.965772e+01	2.713659e+01	8.787832e+15
12778	5.582177e+15	4.711316e+01	2.932730e+01	1.253881e+16
12779	5.582375e+15	5.387113e+01	2.663156e+01	4.858917e+15
12780	5.582577e+15	4.941687e+01	2.760226e+01	5.500843e+15
12781	5.582779e+15	4.853161e+01	2.699882e+01	5.896601e+15
12782	5.582984e+15	4.547840e+01	2.508923e+01	4.001526e+15
12783	5.583204e+15	4.759648e+01	2.865690e+01	5.990420e+15
12784	5.583420e+15	5.298919e+01	2.551006e+01	7.350027e+15
12785	5.583651e+15	5.179913e+01	2.931483e+01	8.414213e+15
12786	5.583878e+15	4.574353e+01	2.885777e+01	6.457779e+15
12787	5.584111e+15	4.717535e+01	2.872622e+01	1.344703e+16
12788	5.584354e+15	4.247433e+01	3.071404e+01	1.493507e+16
12789	5.584593e+15	4.711144e+01	3.177737e+01	1.651615e+16
12790	5.584821e+15	4.284384e+01	3.043775e+01	1.145791e+16
12791	5.585047e+15	5.398321e+01	3.245230e+01	1.307951e+16
12792	5.585260e+15	6.316700e+01	3.072188e+01	4.502782e+15
12793	5.585474e+15	6.806526e+01	3.133748e+01	1.410168e+16
12794	5.585685e+15	6.113857e+01	3.136180e+01	9.636323e+15
12795	5.585895e+15	5.571128e+01	2.956530e+01	1.721845e+16
12796	5.586107e+15	6.320269e+01	3.058842e+01	8.913980e+15
12797	5.586314e+15	6.637126e+01	3.027082e+01	8.082075e+15
12798	5.586518e+15	6.182984e+01	2.985393e+01	1.040281e+16
12799	5.586722e+15	6.272818e+01	2.863492e+01	7.375046e+15
12800	5.586932e+15	6.004975e+01	2.912583e+01	5.770008e+15
12801	5.587143e+15	6.524457e+01	2.937748e+01	1.452148e+16
12802	5.587350e+15	6.558723e+01	3.016614e+01	1.437936e+16
12803	5.587556e+15	6.271697e+01	3.000200e+01	1.206176e+16
12804	5.587762e+15	6.954610e+01	3.088529e+01	9.982360e+15
12805	5.587962e+15	7.156324e+01	2.975028e+01	1.685425e+16
12806	5.588160e+15	7.417043e+01	2.922497e+01	9.388390e+15
12807	5.588359e+15	7.539437e+01	3.007964e+01	8.727462e+15
12808	5.588555e+15	7.602171e+01	3.063912e+01	9.050843e+15
12809	5.588748e+15	6.810246e+01	3.035798e+01	1.218203e+16
12810	5.588937e+15	6.705140e+01	2.914308e+01	1.761638e+16
12811	5.589128e+15	6.508210e+01	2.775496e+01	1.176852e+16
12812	5.589320e+15	5.846818e+01	2.703866e+01	7.466134e+15
12813	5.589515e+15	5.778377e+01	2.493711e+01	8.191519e+15
12814	5.589710e+15	5.798032e+01	2.385547e+01	8.394383e+15
12815	5.589912e+15	5.863135e+01	2.562171e+01	1.543892e+16
12816	5.590111e+15	6.292474e+01	2.488613e+01	1.949094e+16
12817	5.590315e+15	7.330919e+01	2.742476e+01	1.014571e+16
12818	5.590512e+15	7.141484e+01	2.682104e+01	1.180318e+16
12819	5.590707e+15	6.464472e+01	2.688463e+01	1.744758e+16
12820	5.590902e+15	5.837091e+01	2.734055e+01	6.901768e+15
12821	5.591097e+15	5.803760e+01	2.638500e+01	7.368666e+15
12822	5.591293e+15	6.714367e+01	2.878473e+01	1.911909e+16
12823	5.591484e+15	6.319339e+01	2.742243e+01	1.162630e+16
12824	5.591677e+15	5.462895e+01	2.824079e+01	3.100626e+15
12825	5.591873e+15	6.461724e+01	2.813575e+01	1.490017e+16
12826	5.592074e+15	7.016268e+01	3.010570e+01	8.548564e+15
12827	5.592273e+15	5.493701e+01	2.937263e+01	7.802903e+15
12828	5.592475e+15	6.371623e+01	3.082650e+01	1.398253e+16
12829	5.592673e+15	6.369845e+01	2.757194e+01	6.885066e+15
12830	5.592879e+15	6.082918e+01	3.019662e+01	1.695033e+16
12831	5.593083e+15	4.928889e+01	2.999279e+01	1.188761e+16
12832	5.593290e+15	4.455423e+01	3.061442e+01	1.032613e+16
12833	5.593502e+15	4.919582e+01	3.233924e+01	1.358427e+16
12834	5.593711e+15	5.883756e+01	3.043787e+01	1.868520e+16
12835	5.593924e+15	6.700980e+01	2.930667e+01	1.235611e+16
12836	5.594139e+15	6.179801e+01	2.999837e+01	1.445798e+16
12837	5.594351e+15	4.839261e+01	2.666374e+01	1.420345e+16
12838	5.594567e+15	4.660483e+01	2.803170e+01	1.016423e+16
12839	5.594784e+15	5.167937e+01	2.871891e+01	1.352589e+16
12840	5.594995e+15	5.866117e+01	2.766600e+01	1.677529e+16
12841	5.595205e+15	6.488963e+01	2.713892e+01	9.831588e+15
12842	5.595413e+15	6.524097e+01	2.504049e+01	9.504351e+15
12843	5.595618e+15	6.072082e+01	2.542261e+01	8.872170e+15
12844	5.595823e+15	6.447444e+01	2.685815e+01	1.194195e+16
12845	5.596023e+15	6.937713e+01	2.665114e+01	1.708113e+16
12846	5.596220e+15	7.200445e+01	2.704864e+01	9.221456e+15
12847	5.596412e+15	6.974457e+01	2.653675e+01	1.548160e+16
12848	5.596601e+15	6.907004e+01	2.606307e+01	1.577350e+16
12849	5.596790e+15	7.381458e+01	2.627697e+01	6.840842e+15
12850	5.596977e+15	7.393861e+01	2.764956e+01	1.641115e+16
12851	5.597160e+15	7.509897e+01	2.667798e+01	1.115975e+16
12852	5.597341e+15	7.258621e+01	2.630001e+01	6.168640e+15
12853	5.597523e+15	6.784974e+01	2.602314e+01	1.520961e+16
12854	5.597708e+15	5.821601e+01	2.557043e+01	5.637007e+15
12855	5.597902e+15	5.992145e+01	2.779816e+01	1.230580e+16
12856	5.598096e+15	6.014643e+01	2.607113e+01	1.008954e+16
12857	5.598299e+15	5.043502e+01	2.624624e+01	1.114652e+16
12858	5.598510e+15	4.551521e+01	2.789423e+01	9.910468e+15
12859	5.598722e+15	4.881369e+01	2.846721e+01	1.118014e+16
12860	5.598932e+15	5.539265e+01	2.816610e+01	1.393875e+16
12861	5.599144e+15	5.220048e+01	3.002544e+01	1.079478e+16
12862	5.599351e+15	4.359044e+01	2.919197e+01	1.247252e+16
12863	5.599561e+15	4.389648e+01	2.906062e+01	1.127349e+16
12864	5.599774e+15	3.676770e+01	2.959392e+01	7.388404e+15
12865	5.599990e+15	3.865062e+01	3.016383e+01	8.976995e+15
12866	5.600206e+15	3.968001e+01	2.902371e+01	5.776214e+15
12867	5.600433e+15	4.547854e+01	3.103534e+01	7.008164e+15
12868	5.600661e+15	4.601433e+01	3.023158e+01	1.467849e+16
12869	5.600890e+15	4.206891e+01	3.037393e+01	9.114649e+15
12870	5.601115e+15	3.908087e+01	3.058935e+01	1.281506e+16
12871	5.601338e+15	4.234745e+01	2.942370e+01	1.076486e+16
12872	5.601560e+15	4.545138e+01	3.009037e+01	1.574720e+16
12873	5.601775e+15	4.339673e+01	2.868534e+01	1.171224e+16
12874	5.601990e+15	4.527436e+01	2.938166e+01	1.352782e+16
12875	5.602198e+15	5.397695e+01	2.983889e+01	1.314263e+16
12876	5.602401e+15	6.031332e+01	2.961970e+01	1.475897e+16
12877	5.602601e+15	6.214833e+01	2.969511e+01	1.109966e+16
12878	5.602799e+15	5.678025e+01	2.942708e+01	6.250196e+15
12879	5.602994e+15	5.466501e+01	3.068643e+01	1.583767e+16
12880	5.603186e+15	5.362581e+01	3.021021e+01	1.276743e+16
12881	5.603375e+15	6.103529e+01	2.992723e+01	3.678812e+15
12882	5.603560e+15	7.336916e+01	2.979560e+01	1.260916e+16
12883	5.603744e+15	6.696850e+01	3.036578e+01	1.223664e+16
12884	5.603924e+15	5.364622e+01	2.981890e+01	2.020684e+16
12885	5.604106e+15	5.603146e+01	3.004807e+01	1.189570e+16
12886	5.604288e+15	5.401818e+01	2.855089e+01	6.804632e+15
12887	5.604473e+15	4.804047e+01	2.829360e+01	5.000212e+15
12888	5.604662e+15	4.533923e+01	2.819590e+01	1.228377e+16
12889	5.604852e+15	5.400908e+01	2.772195e+01	1.414770e+16
12890	5.605048e+15	4.852280e+01	2.617739e+01	1.171029e+16
12891	5.605260e+15	4.487271e+01	2.793880e+01	9.107983e+15
12892	5.605474e+15	5.023983e+01	2.718246e+01	1.605794e+16
12893	5.605701e+15	4.524202e+01	2.886880e+01	1.294491e+16
12894	5.605931e+15	4.300976e+01	2.927414e+01	6.797343e+15
12895	5.606162e+15	4.273490e+01	2.997960e+01	1.230710e+16
12896	5.606393e+15	4.357419e+01	3.138195e+01	8.059336e+15
12897	5.606614e+15	4.756546e+01	3.172578e+01	1.039198e+16
12898	5.606829e+15	5.428267e+01	3.167451e+01	5.107395e+15
12899	5.607037e+15	5.275269e+01	3.095455e+01	1.388779e+16
12900	5.607240e+15	6.388349e+01	3.104343e+01	1.013837e+16
12901	5.607436e+15	6.338224e+01	3.072192e+01	2.427722e+15
12902	5.607627e+15	5.669541e+01	2.954727e+01	8.811516e+15
12903	5.607821e+15	6.156624e+01	3.071700e+01	9.962426e+15
12904	5.608012e+15	5.417481e+01	3.039372e+01	1.328952e+16
12905	5.608202e+15	5.351629e+01	3.134013e+01	1.071071e+16
12906	5.608387e+15	5.716931e+01	3.003184e+01	2.627085e+15
12907	5.608574e+15	5.875058e+01	3.169645e+01	1.197320e+16
12908	5.608755e+15	6.056633e+01	2.952914e+01	1.249046e+16
12909	5.608941e+15	6.118452e+01	2.840839e+01	8.148950e+15
12910	5.609136e+15	5.719667e+01	2.866256e+01	1.559969e+16
12911	5.609332e+15	5.751824e+01	2.761510e+01	8.593186e+15
12912	5.609536e+15	5.910993e+01	2.956101e+01	1.653125e+16
12913	5.609741e+15	5.511587e+01	2.905322e+01	4.110539e+15
12914	5.609946e+15	5.386274e+01	2.897652e+01	1.159833e+16
12915	5.610153e+15	5.734856e+01	2.900850e+01	8.089309e+15
12916	5.610357e+15	5.705644e+01	2.918764e+01	3.418830e+15
12917	5.610558e+15	6.310251e+01	2.837142e+01	4.495481e+15
12918	5.610757e+15	7.414023e+01	2.838685e+01	6.999652e+15
12919	5.610953e+15	6.715009e+01	2.598097e+01	1.227071e+16
12920	5.611157e+15	5.829060e+01	2.786435e+01	1.231139e+16
12921	5.611364e+15	6.370716e+01	3.045713e+01	5.161094e+15
12922	5.611562e+15	7.020707e+01	2.943024e+01	3.315288e+15
12923	5.611761e+15	6.621820e+01	3.201056e+01	5.855967e+15
12924	5.611955e+15	5.390034e+01	2.941830e+01	1.093363e+16
12925	5.612156e+15	5.219642e+01	3.262426e+01	1.840947e+16
12926	5.612351e+15	5.462534e+01	3.050361e+01	6.850280e+15
12927	5.612546e+15	4.948539e+01	3.024997e+01	1.452139e+16
12928	5.612743e+15	5.481805e+01	3.141917e+01	5.436582e+15
12929	5.612940e+15	5.773290e+01	3.034038e+01	8.778535e+15
12930	5.613141e+15	5.478740e+01	3.151916e+01	4.703062e+15
12931	5.613338e+15	5.635594e+01	2.868808e+01	1.205756e+16
12932	5.613545e+15	4.673401e+01	2.810650e+01	1.145317e+16
12933	5.613758e+15	4.143450e+01	2.998294e+01	9.783954e+15
12934	5.613968e+15	5.123951e+01	2.752975e+01	1.317153e+16
12935	5.614185e+15	5.413609e+01	2.851010e+01	9.744212e+15
12936	5.614400e+15	4.986495e+01	2.971795e+01	4.460899e+15
12937	5.614608e+15	5.559386e+01	2.605934e+01	1.105477e+16
12938	5.614818e+15	5.484127e+01	2.730882e+01	1.451886e+16
12939	5.615027e+15	5.690891e+01	2.919559e+01	1.402045e+16
12940	5.615225e+15	6.502283e+01	2.785073e+01	4.921162e+15
12941	5.615417e+15	7.256834e+01	3.030840e+01	5.602552e+15
12942	5.615604e+15	7.105966e+01	3.089456e+01	2.079055e+16
12943	5.615786e+15	6.476143e+01	3.046973e+01	1.189121e+16
12944	5.615968e+15	7.266384e+01	3.064851e+01	1.008833e+16
12945	5.616147e+15	7.207706e+01	3.083004e+01	7.525707e+15
12946	5.616326e+15	6.908651e+01	3.129897e+01	9.325155e+15
12947	5.616501e+15	7.214598e+01	2.918817e+01	2.081272e+15
12948	5.616675e+15	6.351575e+01	2.766723e+01	1.385381e+16
12949	5.616855e+15	6.180148e+01	2.893725e+01	1.362451e+16
12950	5.617032e+15	5.964941e+01	2.512866e+01	8.213364e+15
12951	5.617214e+15	5.733304e+01	2.552116e+01	5.624392e+15
12952	5.617401e+15	5.826198e+01	2.518006e+01	1.207961e+16
12953	5.617590e+15	5.841015e+01	2.134115e+01	9.759680e+15
12954	5.617797e+15	6.921187e+01	2.349260e+01	9.673551e+15
12955	5.618005e+15	7.115098e+01	2.392858e+01	7.729921e+15
12956	5.618214e+15	6.400062e+01	2.397690e+01	9.867181e+15
12957	5.618422e+15	5.984997e+01	2.423252e+01	8.931526e+15
12958	5.618628e+15	6.474091e+01	2.466835e+01	6.264878e+14
12959	5.618831e+15	6.632787e+01	2.459508e+01	1.128231e+16
12960	5.619031e+15	7.433541e+01	2.517020e+01	6.267393e+15
12961	5.619226e+15	7.292788e+01	2.395914e+01	1.318085e+16
12962	5.619421e+15	7.570849e+01	2.565886e+01	4.554621e+15
12963	5.619613e+15	6.765313e+01	2.637539e+01	9.542714e+15
12964	5.619807e+15	6.311322e+01	2.885445e+01	8.509974e+15
12965	5.619999e+15	5.399036e+01	2.787891e+01	1.599569e+16
12966	5.620194e+15	5.445014e+01	2.972986e+01	1.459316e+16
12967	5.620386e+15	5.352164e+01	2.733599e+01	9.167143e+15
12968	5.620585e+15	4.464985e+01	2.843066e+01	7.558346e+15
12969	5.620784e+15	4.182610e+01	2.867259e+01	7.545063e+15
12970	5.620984e+15	4.135130e+01	2.852539e+01	3.503545e+15
12971	5.621187e+15	3.942588e+01	2.918247e+01	6.324497e+15
12972	5.621392e+15	3.817424e+01	2.768472e+01	1.194172e+16
12973	5.621607e+15	3.787302e+01	2.763495e+01	1.068441e+16
12974	5.621834e+15	4.727110e+01	3.112401e+01	9.062210e+15
12975	5.622056e+15	4.828446e+01	2.947882e+01	2.265150e+16
12976	5.622273e+15	5.322498e+01	2.937845e+01	6.002963e+15
12977	5.622487e+15	5.745704e+01	2.965982e+01	3.350997e+15
12978	5.622695e+15	5.680496e+01	2.885654e+01	8.058553e+15
12979	5.622902e+15	5.594041e+01	2.924343e+01	1.397327e+16
12980	5.623108e+15	5.532825e+01	2.963632e+01	5.768285e+15
12981	5.623313e+15	5.532125e+01	2.930650e+01	7.473899e+15
12982	5.623512e+15	5.619188e+01	2.984336e+01	9.921643e+15
12983	5.623705e+15	6.320209e+01	2.864802e+01	6.295254e+15
12984	5.623899e+15	6.975461e+01	2.937836e+01	1.443718e+16
12985	5.624091e+15	6.587641e+01	2.938790e+01	1.095380e+15
12986	5.624282e+15	5.733189e+01	2.847647e+01	2.418533e+15
12987	5.624480e+15	5.982965e+01	3.106725e+01	3.981598e+15
12988	5.624673e+15	5.314476e+01	2.963104e+01	6.038798e+15
12989	5.624868e+15	4.599225e+01	3.019327e+01	5.904519e+15
12990	5.625065e+15	5.100692e+01	2.769838e+01	3.827382e+14
12991	5.625273e+15	6.186534e+01	3.004677e+01	5.223959e+15
12992	5.625477e+15	6.312254e+01	3.058306e+01	1.025612e+16
12993	5.625679e+15	6.555952e+01	3.007409e+01	1.168219e+16
12994	5.625881e+15	6.151720e+01	3.045510e+01	1.004715e+16
12995	5.626079e+15	6.154375e+01	2.903224e+01	5.366964e+15
12996	5.626277e+15	6.347536e+01	2.906934e+01	1.265953e+16
12997	5.626479e+15	6.357569e+01	2.831156e+01	5.427837e+15
12998	5.626682e+15	5.369920e+01	2.626074e+01	7.612406e+15
12999	5.626890e+15	4.590947e+01	2.696216e+01	4.527069e+15
13000	5.627106e+15	4.761061e+01	2.857862e+01	1.138075e+16
13001	5.627323e+15	4.774496e+01	2.711697e+01	1.081116e+16
13002	5.627555e+15	5.055660e+01	3.196149e+01	1.094949e+16
13003	5.627779e+15	6.334783e+01	3.115235e+01	9.223786e+15
13004	5.627998e+15	6.907108e+01	3.017917e+01	5.173319e+15
13005	5.628217e+15	5.815311e+01	2.893994e+01	5.706475e+15
13006	5.628432e+15	5.049213e+01	2.806143e+01	2.113256e+16
13007	5.628646e+15	5.557635e+01	2.839799e+01	1.538240e+16
13008	5.628857e+15	5.789901e+01	2.830320e+01	6.228279e+15
13009	5.629062e+15	5.714185e+01	2.774241e+01	9.451273e+15
13010	5.629265e+15	6.157624e+01	2.581668e+01	5.463102e+15
13011	5.629470e+15	5.636308e+01	2.568261e+01	1.066241e+16
13012	5.629681e+15	6.277055e+01	2.641363e+01	1.287861e+16
13013	5.629884e+15	6.103519e+01	2.366603e+01	1.103403e+16
13014	5.630094e+15	5.659616e+01	2.574157e+01	1.671775e+16
13015	5.630299e+15	6.031810e+01	2.573067e+01	1.246474e+16
13016	5.630504e+15	6.912774e+01	2.600426e+01	3.765704e+15
13017	5.630712e+15	7.194897e+01	2.832686e+01	4.497065e+15
13018	5.630915e+15	6.661508e+01	2.701085e+01	1.591455e+16
13019	5.631118e+15	6.492235e+01	2.644543e+01	1.287886e+16
13020	5.631322e+15	6.372476e+01	2.810835e+01	7.850305e+15
13021	5.631524e+15	6.529850e+01	2.863160e+01	1.102683e+16
13022	5.631722e+15	5.485687e+01	2.727200e+01	4.534477e+15
13023	5.631927e+15	4.373588e+01	2.793817e+01	9.152718e+15
13024	5.632138e+15	4.472730e+01	2.952240e+01	2.167369e+16
13025	5.632347e+15	4.160419e+01	2.780004e+01	1.102258e+16
13026	5.632567e+15	4.239709e+01	3.171608e+01	1.457101e+16
13027	5.632780e+15	4.800345e+01	2.764077e+01	1.085835e+16
13028	5.633008e+15	5.206965e+01	2.956773e+01	1.981180e+16
13029	5.633237e+15	4.613018e+01	2.994470e+01	1.241775e+16
13030	5.633466e+15	4.025350e+01	2.997852e+01	7.816166e+15
13031	5.633695e+15	4.331999e+01	3.270137e+01	1.979042e+16
13032	5.633910e+15	4.597757e+01	3.015661e+01	5.965339e+15
13033	5.634123e+15	5.107711e+01	2.887244e+01	8.825521e+15
13034	5.634336e+15	4.881379e+01	2.745371e+01	1.189573e+16
13035	5.634551e+15	4.064135e+01	2.765925e+01	4.586802e+15
13036	5.634774e+15	4.548502e+01	2.952530e+01	1.914078e+16
13037	5.634996e+15	5.147710e+01	2.849583e+01	1.608166e+16
13038	5.635217e+15	4.968175e+01	2.851790e+01	6.753922e+15
13039	5.635436e+15	5.413250e+01	2.854448e+01	1.299911e+16
13040	5.635654e+15	5.462734e+01	2.884981e+01	7.800693e+15
13041	5.635868e+15	5.853323e+01	2.650463e+01	9.002658e+15
13042	5.636086e+15	6.275787e+01	2.590340e+01	9.039305e+15
13043	5.636304e+15	6.419530e+01	2.646361e+01	1.257871e+16
13044	5.636519e+15	6.015748e+01	2.548901e+01	6.512183e+15
13045	5.636736e+15	6.304506e+01	2.690058e+01	8.199729e+15
13046	5.636945e+15	6.721439e+01	2.663724e+01	8.911055e+15
13047	5.637155e+15	6.696652e+01	2.805814e+01	2.540304e+15
13048	5.637364e+15	5.484855e+01	2.566712e+01	1.977150e+16
13049	5.637584e+15	4.866692e+01	2.821160e+01	1.397129e+16
13050	5.637811e+15	5.517641e+01	3.007628e+01	8.057857e+15
13051	5.638034e+15	6.267162e+01	2.972302e+01	7.487994e+15
13052	5.638258e+15	5.947921e+01	3.124040e+01	6.771431e+15
13053	5.638478e+15	4.325522e+01	2.813218e+01	7.364798e+15
13054	5.638711e+15	4.302660e+01	3.039735e+01	1.390287e+16
13055	5.638941e+15	4.205706e+01	2.891761e+01	9.298152e+15
13056	5.639180e+15	3.970657e+01	3.046922e+01	8.284151e+15
13057	5.639420e+15	4.129044e+01	3.072547e+01	1.464863e+16
13058	5.639659e+15	4.266120e+01	3.076488e+01	9.326415e+15
13059	5.639901e+15	5.088544e+01	3.190033e+01	1.446517e+16
13060	5.640137e+15	4.905038e+01	3.107276e+01	9.486944e+15
13061	5.640370e+15	5.011164e+01	3.228927e+01	1.564565e+16
13062	5.640599e+15	5.303991e+01	3.289186e+01	7.944922e+15
13063	5.640824e+15	5.018195e+01	3.171451e+01	8.801177e+15
13064	5.641047e+15	4.533948e+01	3.207171e+01	1.928700e+16
13065	5.641268e+15	4.014469e+01	3.086161e+01	1.680095e+16
13066	5.641493e+15	4.698352e+01	3.160971e+01	1.316061e+16
13067	5.641713e+15	4.969389e+01	3.265059e+01	1.892981e+16
13068	5.641927e+15	4.403938e+01	3.099494e+01	1.579458e+16
13069	5.642140e+15	5.219160e+01	3.246879e+01	8.680063e+15
13070	5.642344e+15	6.155111e+01	3.026829e+01	1.052304e+16
13071	5.642548e+15	5.976911e+01	3.033421e+01	9.319461e+15
13072	5.642750e+15	6.083044e+01	3.007283e+01	1.125867e+16
13073	5.642950e+15	5.623589e+01	2.981724e+01	2.033048e+15
13074	5.643150e+15	5.001500e+01	2.912503e+01	9.328465e+15
13075	5.643351e+15	4.741717e+01	2.900490e+01	8.264526e+15
13076	5.643549e+15	5.777241e+01	2.880282e+01	1.601863e+16
13077	5.643744e+15	5.546273e+01	2.736283e+01	1.080756e+16
13078	5.643943e+15	5.595558e+01	2.815037e+01	1.320068e+16
13079	5.644142e+15	6.162306e+01	2.529397e+01	1.809447e+16
13080	5.644336e+15	6.157221e+01	3.281935e+01	8.668925e+15
13081	5.644526e+15	5.389447e+01	3.204991e+01	1.009786e+16
13082	5.644720e+15	5.518008e+01	3.486227e+01	1.894775e+16
13083	5.644916e+15	5.289288e+01	3.531583e+01	7.785825e+15
13084	5.645115e+15	4.992077e+01	3.606392e+01	5.912384e+15
13085	5.645312e+15	5.615117e+01	3.705225e+01	3.857807e+15
13086	5.645502e+15	6.510972e+01	3.769600e+01	9.793710e+15
13087	5.645680e+15	6.488373e+01	3.720364e+01	1.045771e+16
13088	5.645849e+15	6.425556e+01	3.632190e+01	9.285603e+15
13089	5.646008e+15	7.040342e+01	3.547768e+01	7.902100e+15
13090	5.646158e+15	7.188615e+01	3.383914e+01	1.151201e+16
13091	5.646301e+15	7.456503e+01	3.279887e+01	3.748357e+15
13092	5.646437e+15	8.629813e+01	3.215185e+01	9.419367e+15
13093	5.646567e+15	1.045422e+02	2.962988e+01	5.001143e+15
13094	5.646691e+15	1.086099e+02	3.021574e+01	4.085208e+15
13095	5.646812e+15	1.131879e+02	2.944325e+01	8.840584e+15
13096	5.646930e+15	1.237842e+02	2.902131e+01	5.226642e+15
13097	5.647045e+15	1.297829e+02	2.783230e+01	6.366959e+15
13098	5.647160e+15	1.350660e+02	2.749687e+01	4.808080e+15
13099	5.647275e+15	1.502206e+02	2.800547e+01	1.047548e+16
13100	5.647389e+15	1.455643e+02	2.726643e+01	7.994997e+15
13101	5.647503e+15	1.176716e+02	2.627580e+01	2.835354e+15
13102	5.647622e+15	9.430502e+01	2.775120e+01	5.500353e+15
13103	5.647745e+15	9.299262e+01	2.765329e+01	9.208704e+15
13104	5.647872e+15	7.882669e+01	2.651285e+01	5.719286e+15
13105	5.648012e+15	7.104090e+01	2.776132e+01	5.416565e+15
13106	5.648157e+15	7.040836e+01	2.614741e+01	6.247403e+15
13107	5.648314e+15	6.876342e+01	2.462135e+01	1.180671e+16
13108	5.648485e+15	5.939924e+01	2.329255e+01	4.210706e+15
13109	5.648674e+15	4.972321e+01	2.355314e+01	9.279204e+15
13110	5.648882e+15	3.802982e+01	2.277620e+01	5.111166e+15
13111	5.649114e+15	3.061639e+01	2.049390e+01	1.672497e+16
13112	5.649393e+15	2.761223e+01	2.428369e+01	1.457382e+16
13113	5.649689e+15	2.752196e+01	2.735667e+01	1.247675e+16
13114	5.649971e+15	2.636586e+01	2.714818e+01	6.080506e+15
13115	5.650239e+15	2.633906e+01	2.521782e+01	1.972550e+16
13116	5.650499e+15	3.162006e+01	2.779229e+01	1.135696e+16
13117	5.650743e+15	3.646266e+01	2.575883e+01	1.645302e+16
13118	5.650981e+15	3.886795e+01	3.029583e+01	1.243550e+16
13119	5.651210e+15	3.718000e+01	2.834334e+01	1.996130e+16
13120	5.651445e+15	4.776370e+01	3.140082e+01	3.837330e+15
13121	5.651664e+15	5.441560e+01	3.088508e+01	9.083363e+15
13122	5.651873e+15	4.720511e+01	2.829966e+01	4.256089e+15
13123	5.652092e+15	3.998115e+01	3.092409e+01	6.355914e+15
13124	5.652303e+15	3.690780e+01	2.875019e+01	1.083593e+16
13125	5.652513e+15	3.145711e+01	2.892025e+01	1.365793e+16
13126	5.652720e+15	2.617426e+01	2.899418e+01	1.360168e+16
13127	5.652924e+15	3.323925e+01	2.910388e+01	6.808022e+15
13128	5.653128e+15	4.036560e+01	2.856732e+01	1.132266e+16
13129	5.653333e+15	4.382447e+01	2.911856e+01	1.237285e+16
13130	5.653532e+15	5.421946e+01	2.871144e+01	1.028292e+16
13131	5.653727e+15	6.282661e+01	2.806013e+01	5.102601e+15
13132	5.653920e+15	5.818729e+01	2.728261e+01	8.133547e+15
13133	5.654111e+15	5.838734e+01	2.711411e+01	6.653955e+15
13134	5.654302e+15	6.116991e+01	2.735550e+01	4.891642e+15
13135	5.654490e+15	5.885607e+01	2.723946e+01	1.086871e+16
13136	5.654677e+15	5.481541e+01	2.738057e+01	1.088156e+16
13137	5.654862e+15	4.930549e+01	2.700532e+01	3.773946e+15
13138	5.655049e+15	4.883535e+01	2.740259e+01	1.110167e+16
13139	5.655238e+15	4.974279e+01	2.730992e+01	7.218475e+15
13140	5.655429e+15	5.049411e+01	2.655704e+01	1.567744e+15
13141	5.655623e+15	4.849591e+01	2.488212e+01	6.352509e+15
13142	5.655825e+15	4.425699e+01	2.606638e+01	1.011074e+16
13143	5.656032e+15	4.289121e+01	2.655952e+01	2.961451e+15
13144	5.656241e+15	4.249422e+01	2.559137e+01	8.572493e+15
13145	5.656461e+15	4.128008e+01	2.793040e+01	5.912321e+15
13146	5.656677e+15	5.248315e+01	2.688212e+01	1.458498e+16
13147	5.656890e+15	5.954075e+01	2.519385e+01	1.688206e+16
13148	5.657106e+15	5.291985e+01	2.751273e+01	4.616487e+15
13149	5.657316e+15	3.881766e+01	2.673556e+01	6.845912e+15
13150	5.657532e+15	3.998112e+01	2.902688e+01	9.522995e+15
13151	5.657744e+15	4.132554e+01	3.023241e+01	1.497869e+15
13152	5.657955e+15	4.123308e+01	3.111679e+01	9.518086e+15
13153	5.658164e+15	4.736517e+01	3.212736e+01	1.006522e+16
13154	5.658368e+15	5.279806e+01	3.171010e+01	1.539628e+16
13155	5.658570e+15	5.321943e+01	3.194283e+01	1.223189e+16
13156	5.658771e+15	4.502534e+01	3.047307e+01	7.373761e+15
13157	5.658975e+15	4.299288e+01	3.116443e+01	1.115685e+16
13158	5.659177e+15	4.779376e+01	2.896473e+01	2.129095e+16
13159	5.659376e+15	4.459729e+01	2.862416e+01	5.413274e+15
13160	5.659578e+15	4.582260e+01	3.027845e+01	1.021585e+16
13161	5.659774e+15	4.939754e+01	2.893396e+01	9.276942e+15
13162	5.659974e+15	5.037056e+01	2.958813e+01	1.363042e+16
13163	5.660175e+15	4.412879e+01	3.039098e+01	9.181937e+15
13164	5.660378e+15	4.031020e+01	2.945405e+01	1.138429e+16
13165	5.660587e+15	4.526410e+01	3.163414e+01	1.190669e+16
13166	5.660792e+15	5.339600e+01	3.080041e+01	1.693022e+16
13167	5.660996e+15	5.676772e+01	3.134279e+01	4.701112e+15
13168	5.661196e+15	5.749601e+01	3.040963e+01	6.533674e+15
13169	5.661396e+15	5.777544e+01	3.036822e+01	9.537284e+15
13170	5.661595e+15	6.120785e+01	3.055866e+01	1.109198e+16
13171	5.661793e+15	5.746027e+01	3.051298e+01	1.662930e+16
13172	5.661992e+15	4.732717e+01	2.705907e+01	1.228113e+16
13173	5.662198e+15	4.529327e+01	2.926515e+01	1.242171e+16
13174	5.662398e+15	5.502021e+01	2.782657e+01	8.835644e+15
13175	5.662602e+15	7.357547e+01	2.803097e+01	1.393179e+16
13176	5.662805e+15	6.656715e+01	2.789802e+01	6.927777e+15
13177	5.663009e+15	5.051155e+01	2.852592e+01	9.888600e+15
13178	5.663213e+15	5.272876e+01	2.951459e+01	1.218282e+16
13179	5.663415e+15	6.000219e+01	2.918348e+01	1.797096e+15
13180	5.663613e+15	6.533078e+01	2.763590e+01	1.126886e+16
13181	5.663817e+15	5.754381e+01	2.925649e+01	8.900420e+15
13182	5.664018e+15	4.856364e+01	2.654699e+01	3.422128e+15
13183	5.664229e+15	5.321743e+01	2.663048e+01	1.563539e+16
13184	5.664446e+15	4.942996e+01	2.819894e+01	2.959428e+15
13185	5.664663e+15	3.887585e+01	2.744049e+01	1.204479e+16
13186	5.664885e+15	3.757068e+01	2.461128e+01	1.182372e+16
13187	5.665129e+15	4.542391e+01	2.834852e+01	1.914888e+16
13188	5.665368e+15	4.539885e+01	2.978296e+01	1.890875e+16
13189	5.665593e+15	4.487517e+01	2.895382e+01	1.099483e+16
13190	5.665811e+15	4.705610e+01	2.905764e+01	1.062708e+16
13191	5.666022e+15	5.481763e+01	2.872047e+01	5.067687e+15
13192	5.666228e+15	5.148453e+01	2.789758e+01	3.324043e+15
13193	5.666432e+15	5.050799e+01	2.836825e+01	5.122755e+15
13194	5.666633e+15	4.793954e+01	2.812932e+01	8.456208e+15
13195	5.666833e+15	5.097933e+01	2.840022e+01	6.235089e+15
13196	5.667028e+15	6.008835e+01	2.714373e+01	1.890355e+16
13197	5.667224e+15	5.734594e+01	2.515058e+01	1.187793e+16
13198	5.667421e+15	4.036768e+01	2.453217e+01	1.294728e+16
13199	5.667621e+15	3.818801e+01	2.501140e+01	6.346894e+15
13200	5.667822e+15	5.326379e+01	2.530426e+01	5.416950e+15
13201	5.668021e+15	5.733245e+01	2.570486e+01	1.338728e+16
13202	5.668218e+15	4.542624e+01	2.458653e+01	9.410027e+15
13203	5.668421e+15	4.813911e+01	2.482912e+01	7.539574e+15
13204	5.668628e+15	4.400485e+01	2.446002e+01	1.156752e+16
13205	5.668842e+15	4.644264e+01	2.558477e+01	1.385444e+16
13206	5.669058e+15	4.708127e+01	2.527093e+01	8.434839e+15
13207	5.669279e+15	4.680871e+01	2.629250e+01	7.648620e+15
13208	5.669499e+15	4.705222e+01	2.721829e+01	2.313886e+16
13209	5.669717e+15	4.374023e+01	2.750208e+01	1.075807e+16
13210	5.669934e+15	4.464112e+01	2.564039e+01	1.174526e+16
13211	5.670151e+15	5.115939e+01	2.665937e+01	1.668238e+16
13212	5.670367e+15	4.879286e+01	2.721778e+01	1.717093e+16
13213	5.670578e+15	4.915863e+01	2.667262e+01	6.333981e+15
13214	5.670788e+15	4.633763e+01	2.603557e+01	5.168409e+15
13215	5.670999e+15	4.647107e+01	2.733037e+01	8.084925e+15
13216	5.671206e+15	4.674764e+01	2.725914e+01	1.061752e+16
13217	5.671412e+15	5.099524e+01	2.610940e+01	1.450604e+16
13218	5.671626e+15	5.892526e+01	2.789837e+01	3.076834e+15
13219	5.671837e+15	6.040414e+01	2.799659e+01	4.539655e+15
13220	5.672048e+15	5.653469e+01	2.856464e+01	9.968261e+15
13221	5.672255e+15	6.174381e+01	2.913039e+01	1.932093e+16
13222	5.672458e+15	5.982139e+01	2.934002e+01	1.059475e+16
13223	5.672658e+15	5.324182e+01	2.915918e+01	1.486238e+16
13224	5.672859e+15	5.173233e+01	2.949260e+01	1.121989e+16
13225	5.673059e+15	4.794250e+01	2.967578e+01	1.276605e+16
13226	5.673256e+15	5.336107e+01	2.989037e+01	8.045354e+15
13227	5.673451e+15	5.440651e+01	2.945328e+01	9.795589e+15
13228	5.673646e+15	6.288561e+01	2.805004e+01	1.018901e+16
13229	5.673842e+15	5.939324e+01	2.741345e+01	4.820482e+15
13230	5.674042e+15	5.282868e+01	2.800307e+01	1.094403e+16
13231	5.674244e+15	3.753389e+01	2.887176e+01	1.509508e+16
13232	5.674448e+15	4.641811e+01	3.007713e+01	1.191450e+16
13233	5.674649e+15	4.531654e+01	2.681529e+01	1.948488e+16
13234	5.674866e+15	5.149067e+01	3.077886e+01	1.547434e+16
13235	5.675075e+15	3.926944e+01	2.575640e+01	1.188877e+16
13236	5.675305e+15	4.122985e+01	3.034364e+01	1.668683e+16
13237	5.675531e+15	4.992510e+01	2.988945e+01	2.037125e+16
13238	5.675758e+15	4.277337e+01	3.107205e+01	1.219085e+16
13239	5.675982e+15	4.614899e+01	3.102113e+01	1.368945e+16
13240	5.676201e+15	4.729897e+01	3.093562e+01	1.396174e+16
13241	5.676418e+15	4.542608e+01	3.255890e+01	1.611761e+16
13242	5.676628e+15	5.348879e+01	3.213983e+01	1.999072e+16
13243	5.676835e+15	5.075373e+01	3.129066e+01	2.539630e+16
13244	5.677042e+15	4.594752e+01	3.040173e+01	1.355376e+16
13245	5.677252e+15	4.409140e+01	3.166033e+01	2.510123e+16
13246	5.677461e+15	4.949219e+01	3.219093e+01	1.612281e+16
13247	5.677665e+15	5.387273e+01	3.164457e+01	1.389474e+16
13248	5.677869e+15	5.841091e+01	3.081221e+01	4.806414e+15
13249	5.678073e+15	5.230242e+01	2.948060e+01	8.771283e+15
13250	5.678286e+15	4.365483e+01	3.030337e+01	1.550778e+16
13251	5.678501e+15	4.149192e+01	3.082191e+01	1.889712e+16
13252	5.678715e+15	4.956655e+01	3.075119e+01	7.379425e+15
13253	5.678931e+15	5.277192e+01	2.990107e+01	8.409048e+15
13254	5.679155e+15	4.222301e+01	3.022206e+01	9.593190e+15
13255	5.679383e+15	4.471449e+01	3.314271e+01	1.509930e+16
13256	5.679601e+15	5.749073e+01	3.271513e+01	2.222144e+16
13257	5.679811e+15	5.622981e+01	3.268868e+01	1.463411e+16
13258	5.680014e+15	5.507796e+01	3.220329e+01	1.965815e+16
13259	5.680214e+15	6.188910e+01	3.303085e+01	1.199816e+16
13260	5.680409e+15	6.948857e+01	3.556601e+01	4.639120e+15
13261	5.680590e+15	6.825011e+01	3.116908e+01	2.404674e+16
13262	5.680771e+15	6.143656e+01	3.112952e+01	1.217824e+16
13263	5.680953e+15	6.250557e+01	2.928685e+01	4.656070e+15
13264	5.681134e+15	6.451263e+01	2.924960e+01	1.877646e+16
13265	5.681319e+15	6.690689e+01	3.054447e+01	1.805890e+16
13266	5.681500e+15	6.052951e+01	3.037407e+01	1.620349e+16
13267	5.681681e+15	4.917910e+01	2.986875e+01	7.220341e+15
13268	5.681865e+15	5.785456e+01	2.862081e+01	1.064755e+16
13269	5.682056e+15	5.936062e+01	3.087179e+01	1.190179e+16
13270	5.682247e+15	6.396388e+01	2.994700e+01	8.685019e+15
13271	5.682441e+15	7.109550e+01	2.901335e+01	6.514458e+15
13272	5.682640e+15	7.507519e+01	2.968455e+01	1.666496e+16
13273	5.682839e+15	6.638821e+01	2.940299e+01	8.799898e+15
13274	5.683040e+15	5.410509e+01	2.901529e+01	5.109532e+15
13275	5.683243e+15	5.388675e+01	2.937455e+01	1.969996e+16
13276	5.683449e+15	5.246103e+01	2.981524e+01	1.045477e+16
13277	5.683654e+15	5.414004e+01	3.001141e+01	1.052441e+16
13278	5.683857e+15	5.470894e+01	2.870490e+01	1.765748e+16
13279	5.684065e+15	5.992929e+01	2.893666e+01	1.054859e+16
13280	5.684275e+15	5.725786e+01	3.013887e+01	1.026145e+16
13281	5.684483e+15	5.930513e+01	3.120325e+01	1.197068e+16
13282	5.684686e+15	6.418109e+01	3.030548e+01	7.869081e+15
13283	5.684887e+15	6.244579e+01	3.041760e+01	1.028513e+16
13284	5.685082e+15	7.839572e+01	2.998166e+01	5.770120e+15
13285	5.685278e+15	1.017828e+02	4.881106e+01	6.282464e+15
13286	5.685409e+15	6.964640e+01	3.381913e+01	7.287957e+15
13287	5.685535e+15	1.052406e+02	3.256969e+01	1.101936e+16
13288	5.685659e+15	1.357672e+02	3.026749e+01	1.499849e+16
13289	5.685786e+15	1.134428e+02	3.217817e+01	8.333010e+15
13290	5.685909e+15	6.963384e+01	2.791592e+01	0.000000e+00
13291	5.686042e+15	6.561273e+01	2.859819e+01	6.684455e+15
13292	5.686176e+15	5.698832e+01	2.674163e+01	1.002256e+16
13293	5.686322e+15	5.705435e+01	2.690047e+01	1.130806e+16
13294	5.686476e+15	6.007971e+01	2.596734e+01	1.493350e+16
13295	5.686644e+15	5.521481e+01	2.831649e+01	3.987128e+15
13296	5.686821e+15	4.936017e+01	2.431598e+01	4.565355e+15
13297	5.687030e+15	5.326544e+01	2.700329e+01	3.881035e+15
13298	5.687254e+15	5.612500e+01	3.084798e+01	1.551401e+16
13299	5.687476e+15	5.327871e+01	2.807705e+01	3.738867e+15
13300	5.687708e+15	4.566670e+01	3.188537e+01	3.350878e+15
13301	5.687934e+15	5.036585e+01	3.358819e+01	1.208238e+16
13302	5.688151e+15	5.075077e+01	3.389380e+01	1.673497e+16
13303	5.688365e+15	4.875373e+01	3.501575e+01	1.343171e+16
13304	5.688573e+15	5.777941e+01	3.453238e+01	1.021735e+16
13305	5.688778e+15	6.141673e+01	3.484110e+01	1.196901e+16
13306	5.688977e+15	5.835592e+01	3.360708e+01	7.648046e+15
13307	5.689172e+15	5.826623e+01	3.375685e+01	5.945405e+15
13308	5.689361e+15	4.931646e+01	3.229176e+01	1.019514e+16
13309	5.689550e+15	5.228342e+01	3.414473e+01	4.611109e+15
13310	5.689731e+15	5.249874e+01	3.138355e+01	9.802914e+15
13311	5.689915e+15	5.369264e+01	3.013840e+01	1.861546e+16
13312	5.690096e+15	5.238147e+01	3.124002e+01	8.989351e+15
13313	5.690274e+15	4.427731e+01	2.949906e+01	1.333524e+15
13314	5.690458e+15	4.794346e+01	3.196106e+01	5.405264e+15
13315	5.690639e+15	5.553215e+01	3.177491e+01	1.545187e+16
13316	5.690816e+15	6.204283e+01	3.103159e+01	6.814339e+15
13317	5.690994e+15	6.038966e+01	3.011201e+01	8.488602e+15
13318	5.691176e+15	6.149368e+01	3.078371e+01	1.010355e+16
13319	5.691361e+15	6.510463e+01	3.222525e+01	1.938922e+16
13320	5.691546e+15	4.437962e+01	3.133330e+01	8.413069e+15
13321	5.691736e+15	3.852216e+01	3.142180e+01	2.933551e+15
13322	5.691936e+15	3.889720e+01	3.309921e+01	1.617096e+16
13323	5.692139e+15	4.171378e+01	3.179872e+01	1.276110e+16
13324	5.692347e+15	4.557974e+01	3.159870e+01	8.445045e+15
13325	5.692559e+15	4.269322e+01	3.255434e+01	9.105684e+15
13326	5.692771e+15	4.022894e+01	3.279591e+01	1.582886e+16
13327	5.692981e+15	4.365489e+01	3.290853e+01	2.378464e+16
13328	5.693190e+15	5.094396e+01	3.312841e+01	1.414065e+16
13329	5.693395e+15	5.225519e+01	3.260412e+01	1.130905e+16
13330	5.693598e+15	4.791619e+01	3.213894e+01	7.779109e+15
13331	5.693800e+15	5.498509e+01	3.261944e+01	9.609609e+15
13332	5.693996e+15	6.986595e+01	3.022065e+01	1.884957e+16
13333	5.694189e+15	7.823612e+01	3.027503e+01	1.156542e+16
13334	5.694382e+15	6.923969e+01	2.929328e+01	1.266145e+16
13335	5.694573e+15	6.321148e+01	2.975142e+01	1.770837e+16
13336	5.694761e+15	6.297452e+01	2.881835e+01	4.214748e+15
13337	5.694953e+15	6.604906e+01	3.022281e+01	8.809464e+15
13338	5.695138e+15	6.958751e+01	3.071252e+01	9.368400e+15
13339	5.695324e+15	7.054524e+01	3.059486e+01	7.720477e+15
13340	5.695507e+15	7.937633e+01	3.157691e+01	1.413045e+16
13341	5.695692e+15	8.465995e+01	3.397900e+01	1.129023e+16
13342	5.695875e+15	7.286338e+01	3.402882e+01	7.284162e+15
13343	5.696057e+15	6.062586e+01	3.248756e+01	5.371931e+15
13344	5.696244e+15	6.073004e+01	3.302992e+01	9.888158e+15
13345	5.696429e+15	6.251225e+01	3.230291e+01	1.412423e+16
13346	5.696616e+15	6.086313e+01	3.243625e+01	7.319162e+15
13347	5.696805e+15	5.741921e+01	3.139736e+01	2.322164e+16
13348	5.697002e+15	5.622820e+01	3.264700e+01	1.057504e+16
13349	5.697200e+15	5.419400e+01	3.009163e+01	1.090720e+16
13350	5.697407e+15	4.564547e+01	3.098776e+01	1.189764e+16
13351	5.697619e+15	4.504285e+01	3.133743e+01	8.635826e+15
13352	5.697835e+15	4.530127e+01	2.958538e+01	1.385818e+16
13353	5.698063e+15	4.169258e+01	2.917757e+01	1.022422e+16
13354	5.698301e+15	3.744373e+01	3.298271e+01	1.518888e+16
13355	5.698531e+15	4.050699e+01	3.400437e+01	1.508249e+16
13356	5.698749e+15	4.619830e+01	3.227019e+01	5.912282e+15
13357	5.698962e+15	5.839285e+01	3.177329e+01	1.222261e+16
13358	5.699175e+15	6.370407e+01	3.325592e+01	1.231892e+16
13359	5.699377e+15	6.249276e+01	3.180275e+01	9.182191e+15
13360	5.699576e+15	5.801012e+01	3.189023e+01	1.026716e+16
13361	5.699771e+15	5.052659e+01	3.187993e+01	3.809167e+15
13362	5.699966e+15	6.441595e+01	3.344683e+01	8.633710e+15
13363	5.700151e+15	5.406356e+01	2.829223e+01	6.541337e+15
13364	5.700346e+15	5.496758e+01	2.981021e+01	7.881742e+15
13365	5.700543e+15	3.568216e+01	3.026161e+01	5.661501e+15
13366	5.700744e+15	3.487009e+01	3.096506e+01	1.661980e+16
13367	5.700950e+15	3.928095e+01	3.352690e+01	1.571876e+16
13368	5.701150e+15	4.305290e+01	3.101519e+01	1.794706e+16
13369	5.701354e+15	5.610819e+01	3.294514e+01	1.189541e+16
13370	5.701553e+15	6.113784e+01	3.136350e+01	1.515343e+16
13371	5.701754e+15	6.832327e+01	3.178129e+01	1.657519e+16
13372	5.701951e+15	5.141624e+01	3.230172e+01	1.161840e+16
13373	5.702150e+15	4.872071e+01	3.323281e+01	7.867449e+15
13374	5.702348e+15	4.973618e+01	3.274107e+01	6.202644e+15
13375	5.702547e+15	5.776700e+01	3.411209e+01	1.253157e+16
13376	5.702745e+15	6.805110e+01	3.415662e+01	7.718117e+15
13377	5.702943e+15	6.230267e+01	3.357475e+01	5.748423e+15
13378	5.703144e+15	4.679068e+01	3.340414e+01	5.138013e+15
13379	5.703346e+15	4.159745e+01	3.330476e+01	1.347149e+16
13380	5.703551e+15	4.671776e+01	3.361628e+01	7.080538e+15
13381	5.703755e+15	4.315914e+01	3.327313e+01	1.634096e+16
13382	5.703959e+15	4.815495e+01	3.395856e+01	1.500683e+16
13383	5.704164e+15	4.977227e+01	3.231513e+01	1.673390e+16
13384	5.704375e+15	4.805032e+01	3.239085e+01	7.069182e+15
13385	5.704591e+15	4.765450e+01	3.340563e+01	1.310173e+16
13386	5.704808e+15	4.790716e+01	3.453330e+01	1.861386e+16
13387	5.705020e+15	5.326236e+01	3.455074e+01	1.041183e+16
13388	5.705227e+15	5.820774e+01	3.416509e+01	1.665216e+16
13389	5.705432e+15	6.236309e+01	3.424123e+01	2.115791e+15
13390	5.705634e+15	5.577665e+01	3.283723e+01	1.558419e+16
13391	5.705839e+15	5.717345e+01	3.322721e+01	1.342528e+16
13392	5.706043e+15	5.457955e+01	3.379724e+01	1.026758e+16
13393	5.706243e+15	5.385804e+01	3.299806e+01	1.385569e+16
13394	5.706440e+15	5.626385e+01	3.122529e+01	1.223150e+16
13395	5.706638e+15	5.881711e+01	3.254192e+01	8.418105e+15
13396	5.706832e+15	6.149699e+01	3.174160e+01	1.366323e+16
13397	5.707026e+15	6.184549e+01	3.262702e+01	1.408387e+16
13398	5.707216e+15	6.486567e+01	2.986882e+01	9.958877e+15
13399	5.707406e+15	6.119727e+01	3.038426e+01	8.857690e+15
13400	5.707595e+15	6.574755e+01	3.148906e+01	1.150743e+16
13401	5.707781e+15	6.414910e+01	3.070348e+01	6.337062e+15
13402	5.707966e+15	6.063908e+01	3.012375e+01	1.130522e+16
13403	5.708152e+15	6.169177e+01	3.004480e+01	1.059905e+16
13404	5.708341e+15	6.082509e+01	3.163251e+01	1.266520e+16
13405	5.708528e+15	5.984314e+01	3.048899e+01	1.181934e+16
13406	5.708718e+15	5.737546e+01	3.051805e+01	9.780718e+15
13407	5.708910e+15	6.291987e+01	3.004375e+01	1.442940e+16
13408	5.709101e+15	6.572386e+01	2.964089e+01	9.914604e+15
13409	5.709294e+15	4.949083e+01	2.825363e+01	1.384401e+16
13410	5.709495e+15	4.999847e+01	2.958385e+01	7.977058e+15
13411	5.709699e+15	5.148718e+01	3.011044e+01	1.693497e+16
13412	5.709903e+15	5.129477e+01	2.931690e+01	8.502846e+15
13413	5.710106e+15	4.256679e+01	2.951073e+01	1.438566e+16
13414	5.710315e+15	5.230495e+01	2.999741e+01	1.274306e+16
13415	5.710531e+15	5.476917e+01	3.069707e+01	1.267722e+16
13416	5.710750e+15	5.769811e+01	3.342053e+01	1.765219e+16
13417	5.710963e+15	5.229426e+01	3.127476e+01	8.363859e+15
13418	5.711179e+15	5.202364e+01	3.419878e+01	1.460247e+16
13419	5.711390e+15	4.923004e+01	3.318874e+01	1.732701e+16
13420	5.711601e+15	4.422927e+01	3.357041e+01	7.608595e+15
13421	5.711810e+15	5.628986e+01	3.375610e+01	1.298074e+16
13422	5.712019e+15	6.294235e+01	3.389912e+01	1.454421e+16
13423	5.712225e+15	5.957330e+01	3.348485e+01	7.618147e+15
13424	5.712428e+15	5.442522e+01	3.420539e+01	5.997289e+15
13425	5.712626e+15	5.325165e+01	3.378710e+01	8.768410e+15
13426	5.712821e+15	5.740230e+01	3.320037e+01	1.830195e+16
13427	5.713015e+15	5.983634e+01	3.311767e+01	1.497917e+16
13428	5.713208e+15	5.239078e+01	3.058398e+01	1.138538e+16
13429	5.713411e+15	4.611765e+01	3.174450e+01	7.300493e+15
13430	5.713621e+15	5.119647e+01	3.261960e+01	2.106952e+16
13431	5.713833e+15	4.718644e+01	3.337527e+01	2.307798e+16
13432	5.714042e+15	4.708549e+01	3.300776e+01	3.802459e+15
13433	5.714251e+15	5.379087e+01	3.275853e+01	1.932996e+16
13434	5.714462e+15	6.640129e+01	3.565038e+01	1.865812e+16
13435	5.714665e+15	6.509203e+01	3.465742e+01	1.942046e+16
13436	5.714865e+15	6.083095e+01	3.371029e+01	7.668398e+15
13437	5.715064e+15	6.022188e+01	3.355108e+01	1.114117e+16
13438	5.715261e+15	5.263016e+01	3.372390e+01	9.209754e+15
13439	5.715456e+15	5.781697e+01	3.500031e+01	5.176416e+15
13440	5.715644e+15	6.277116e+01	3.250058e+01	7.371068e+15
13441	5.715834e+15	6.426181e+01	3.296438e+01	8.707252e+15
13442	5.716023e+15	5.753193e+01	3.311759e+01	2.413985e+16
13443	5.716212e+15	5.422615e+01	3.263818e+01	1.868599e+16
13444	5.716403e+15	6.720268e+01	3.769579e+01	1.041682e+16
13445	5.716565e+15	6.726152e+01	3.862959e+01	9.977910e+15
13446	5.716719e+15	8.331655e+01	3.844099e+01	1.160608e+16
13447	5.716867e+15	8.923507e+01	3.634642e+01	6.626409e+15
13448	5.717011e+15	8.838951e+01	3.632867e+01	8.455706e+15
13449	5.717150e+15	8.986530e+01	3.600480e+01	8.735232e+15
13450	5.717283e+15	9.354112e+01	3.501296e+01	1.414327e+16
13451	5.717412e+15	9.328214e+01	3.448833e+01	1.901782e+16
13452	5.717540e+15	9.859206e+01	3.440961e+01	6.053303e+15
13453	5.717667e+15	1.059336e+02	3.418290e+01	1.683339e+16
13454	5.717790e+15	1.326168e+02	3.225156e+01	7.472189e+15
13455	5.717914e+15	1.261923e+02	3.166882e+01	6.559496e+15
13456	5.718039e+15	1.084906e+02	3.075680e+01	8.966245e+15
13457	5.718166e+15	8.768148e+01	2.950347e+01	1.647521e+16
13458	5.718300e+15	8.460281e+01	3.035098e+01	8.886484e+15
13459	5.718440e+15	8.039047e+01	2.853673e+01	1.362791e+16
13460	5.718593e+15	7.466954e+01	2.826745e+01	1.169942e+16
13461	5.718756e+15	6.482435e+01	2.772334e+01	6.920589e+15
13462	5.718936e+15	5.455410e+01	2.748069e+01	2.295347e+15
13463	5.719137e+15	4.783495e+01	2.778782e+01	1.796868e+16
13464	5.719361e+15	4.405720e+01	2.931797e+01	1.050049e+16
13465	5.719602e+15	3.757459e+01	2.718976e+01	1.489719e+16
13466	5.719876e+15	4.231137e+01	3.296375e+01	8.055623e+15
13467	5.720146e+15	3.720678e+01	3.447207e+01	1.609623e+16
13468	5.720401e+15	3.709079e+01	3.406719e+01	1.569871e+16
13469	5.720644e+15	4.544823e+01	3.398920e+01	1.096573e+16
13470	5.720875e+15	4.410171e+01	3.310764e+01	1.382698e+16
13471	5.721102e+15	4.394108e+01	3.327725e+01	9.855275e+15
13472	5.721321e+15	5.124861e+01	3.325883e+01	2.112230e+16
13473	5.721534e+15	4.976881e+01	3.386193e+01	1.447733e+16
13474	5.721742e+15	4.530201e+01	3.465961e+01	1.551077e+16
13475	5.721944e+15	4.648273e+01	3.466851e+01	1.423409e+16
13476	5.722142e+15	4.641428e+01	3.464052e+01	7.671378e+15
13477	5.722337e+15	5.114890e+01	3.525309e+01	6.495584e+15
13478	5.722526e+15	5.855886e+01	3.440094e+01	2.824623e+15
13479	5.722713e+15	5.782849e+01	3.421469e+01	9.060343e+15
13480	5.722896e+15	5.624313e+01	3.316419e+01	5.652102e+15
13481	5.723079e+15	5.682677e+01	3.292577e+01	1.050706e+16
13482	5.723262e+15	5.224679e+01	3.059392e+01	1.005107e+16
13483	5.723454e+15	5.603244e+01	3.358144e+01	9.383781e+15
13484	5.723641e+15	6.735207e+01	3.244648e+01	1.589321e+16
13485	5.723829e+15	8.639648e+01	3.306673e+01	8.478490e+15
13486	5.724015e+15	7.819245e+01	3.290361e+01	1.618350e+16
13487	5.724203e+15	5.773281e+01	3.226042e+01	1.475768e+16
13488	5.724394e+15	5.928885e+01	3.412324e+01	9.092180e+15
13489	5.724581e+15	5.226564e+01	3.210034e+01	1.051826e+16
13490	5.724770e+15	5.346147e+01	3.044790e+01	9.584903e+15
13491	5.724963e+15	5.661279e+01	3.250851e+01	7.995874e+15
13492	5.725156e+15	5.535339e+01	3.271659e+01	5.118397e+15
13493	5.725351e+15	5.658525e+01	3.100054e+01	6.113090e+15
13494	5.725554e+15	5.414494e+01	3.148217e+01	7.201801e+15
13495	5.725753e+15	5.358978e+01	3.012925e+01	8.230709e+15
13496	5.725958e+15	4.991271e+01	3.094611e+01	6.875963e+15
13497	5.726163e+15	5.201236e+01	3.246915e+01	1.047841e+16
13498	5.726361e+15	6.804863e+01	3.172976e+01	7.314308e+15
13499	5.726556e+15	7.096743e+01	3.237454e+01	8.255357e+15
13500	5.726748e+15	6.051270e+01	3.148286e+01	4.348456e+15
13501	5.726943e+15	5.811060e+01	3.377405e+01	9.354661e+15
13502	5.727134e+15	5.288596e+01	3.289011e+01	9.661895e+15
13503	5.727327e+15	5.899355e+01	3.506790e+01	6.059122e+15
13504	5.727511e+15	6.437799e+01	3.213258e+01	1.163625e+16
13505	5.727696e+15	6.737913e+01	3.188777e+01	7.306809e+15
13506	5.727882e+15	7.247405e+01	3.414990e+01	6.141248e+15
13507	5.728060e+15	8.171119e+01	3.126021e+01	9.215606e+15
13508	5.728240e+15	7.837813e+01	3.242288e+01	5.737032e+15
13509	5.728417e+15	7.317518e+01	3.386733e+01	1.447020e+16
13510	5.728588e+15	6.977043e+01	3.279502e+01	6.405482e+15
13511	5.728757e+15	6.981183e+01	3.178816e+01	5.469664e+15
13512	5.728929e+15	7.758848e+01	3.306437e+01	8.493190e+15
13513	5.729100e+15	6.724397e+01	3.212066e+01	5.376681e+15
13514	5.729272e+15	5.872046e+01	3.157583e+01	5.560068e+15
13515	5.729443e+15	6.823332e+01	3.172882e+01	9.962995e+15
13516	5.729612e+15	7.866043e+01	2.951633e+01	1.072866e+16
13517	5.729787e+15	7.276947e+01	3.172035e+01	5.703877e+15
13518	5.729962e+15	6.068084e+01	3.055188e+01	5.559495e+15
13519	5.730142e+15	5.880246e+01	2.941969e+01	1.056772e+16
13520	5.730334e+15	6.253948e+01	3.072631e+01	8.850697e+15
13521	5.730531e+15	6.209977e+01	3.215612e+01	1.420764e+16
13522	5.730727e+15	5.228820e+01	3.235977e+01	7.395193e+15
13523	5.730924e+15	6.056234e+01	3.254332e+01	1.693411e+16
13524	5.731123e+15	6.283884e+01	3.350544e+01	1.933200e+16
13525	5.731325e+15	6.171261e+01	3.509121e+01	1.540031e+16
13526	5.731522e+15	5.795851e+01	3.306535e+01	2.270845e+16
13527	5.731721e+15	5.903775e+01	3.431715e+01	1.256201e+16
13528	5.731921e+15	5.602705e+01	3.503702e+01	1.983488e+16
13529	5.732120e+15	5.608627e+01	3.471197e+01	1.107706e+16
13530	5.732319e+15	4.759021e+01	3.446413e+01	6.014765e+15
13531	5.732521e+15	3.986043e+01	3.483843e+01	7.973712e+15
13532	5.732724e+15	4.693846e+01	3.586510e+01	7.956905e+15
13533	5.732923e+15	4.971573e+01	3.311173e+01	1.082093e+16
13534	5.733130e+15	4.289947e+01	3.440074e+01	1.487088e+16
13535	5.733337e+15	3.980040e+01	3.460947e+01	1.732048e+16
13536	5.733545e+15	5.041778e+01	3.647910e+01	1.069505e+16
13537	5.733749e+15	5.705650e+01	3.737480e+01	8.613412e+15
13538	5.733944e+15	6.159068e+01	3.613096e+01	1.371521e+16
13539	5.734136e+15	6.564832e+01	3.508125e+01	9.415335e+15
13540	5.734328e+15	5.697581e+01	3.535366e+01	5.368151e+15
13541	5.734518e+15	5.505266e+01	3.420797e+01	1.623067e+16
13542	5.734709e+15	5.973804e+01	3.534910e+01	1.185032e+16
13543	5.734895e+15	5.015383e+01	3.509709e+01	1.226252e+16
13544	5.735078e+15	5.204344e+01	3.471120e+01	8.917008e+15
13545	5.735258e+15	5.315797e+01	3.141137e+01	6.599129e+15
13546	5.735448e+15	6.401881e+01	3.483399e+01	9.480147e+15
13547	5.735633e+15	6.478797e+01	3.323145e+01	1.022237e+16
13548	5.735818e+15	6.209910e+01	3.349756e+01	9.148565e+15
13549	5.736005e+15	6.112644e+01	3.452304e+01	1.537576e+15
13550	5.736190e+15	6.484689e+01	3.429977e+01	4.932001e+15
13551	5.736376e+15	4.836268e+01	3.316653e+01	2.351324e+16
13552	5.736570e+15	5.150729e+01	3.596702e+01	9.696037e+15
13553	5.736764e+15	5.711060e+01	3.488976e+01	1.096787e+16
13554	5.736963e+15	5.463441e+01	3.591405e+01	8.967064e+14
13555	5.737158e+15	5.095949e+01	3.488336e+01	1.052623e+16
13556	5.737357e+15	4.805278e+01	3.361481e+01	4.400223e+15
13557	5.737566e+15	4.037411e+01	3.575903e+01	4.848390e+15
13558	5.737780e+15	4.867594e+01	3.522587e+01	1.878524e+16
13559	5.738003e+15	6.504526e+01	3.705853e+01	9.165741e+15
13560	5.738229e+15	6.424801e+01	3.964677e+01	7.335130e+15
13561	5.738452e+15	4.733483e+01	3.775321e+01	1.708242e+16
13562	5.738677e+15	3.467185e+01	3.819358e+01	2.746078e+16
13563	5.738905e+15	4.262143e+01	3.978003e+01	1.111747e+16
13564	5.739126e+15	5.284902e+01	3.896183e+01	1.174580e+16
13565	5.739340e+15	6.351865e+01	3.726493e+01	1.578174e+16
13566	5.739553e+15	6.414316e+01	3.693627e+01	1.377628e+16
13567	5.739761e+15	5.707840e+01	3.642491e+01	8.885163e+15
13568	5.739968e+15	5.796627e+01	3.705867e+01	8.504988e+15
13569	5.740172e+15	5.569480e+01	3.638241e+01	8.930600e+15
13570	5.740376e+15	6.555181e+01	3.689084e+01	1.294653e+16
13571	5.740576e+15	6.465276e+01	3.663707e+01	1.903337e+16
13572	5.740772e+15	5.396702e+01	3.517891e+01	7.424358e+15
13573	5.740972e+15	6.008332e+01	3.577138e+01	1.087463e+16
13574	5.741167e+15	6.549551e+01	3.342773e+01	2.380759e+16
13575	5.741365e+15	6.019336e+01	3.386062e+01	1.325990e+16
13576	5.741560e+15	6.322571e+01	3.431989e+01	1.359532e+16
13577	5.741751e+15	6.160344e+01	3.250803e+01	8.617620e+15
13578	5.741945e+15	5.543710e+01	3.301619e+01	1.203523e+16
13579	5.742141e+15	6.360292e+01	3.327218e+01	6.575333e+15
13580	5.742337e+15	6.270755e+01	3.299391e+01	4.583647e+15
13581	5.742537e+15	6.263981e+01	3.519203e+01	1.293560e+16
13582	5.742733e+15	5.441117e+01	3.343957e+01	6.510016e+15
13583	5.742933e+15	5.645735e+01	3.240559e+01	6.406448e+15
13584	5.743140e+15	5.315832e+01	3.287548e+01	1.901288e+16
13585	5.743351e+15	5.687069e+01	3.485862e+01	1.385676e+16
13586	5.743556e+15	5.453215e+01	3.047723e+01	1.015636e+16
13587	5.743777e+15	5.103916e+01	3.451303e+01	2.841964e+16
13588	5.743998e+15	5.138164e+01	3.478298e+01	1.214923e+16
13589	5.744217e+15	4.676399e+01	3.440533e+01	1.591855e+16
13590	5.744436e+15	5.870890e+01	3.710392e+01	1.977638e+16
13591	5.744647e+15	5.255685e+01	3.505357e+01	1.632089e+16
13592	5.744856e+15	5.402620e+01	3.541673e+01	1.466127e+16
13593	5.745061e+15	6.103345e+01	3.577319e+01	8.270889e+15
13594	5.745260e+15	6.503131e+01	3.477672e+01	7.952930e+15
13595	5.745454e+15	6.419521e+01	3.366231e+01	8.918352e+15
13596	5.745644e+15	7.065759e+01	3.361829e+01	5.121770e+15
13597	5.745831e+15	7.164622e+01	3.051195e+01	1.911938e+16
13598	5.746023e+15	7.151268e+01	3.145136e+01	1.196101e+16
13599	5.746216e+15	6.942208e+01	3.261920e+01	1.488911e+16
13600	5.746407e+15	7.112628e+01	3.339086e+01	1.571310e+16
13601	5.746594e+15	7.236372e+01	3.181880e+01	1.733046e+16
13602	5.746782e+15	6.525204e+01	3.241959e+01	1.720122e+16
13603	5.746969e+15	7.123805e+01	3.077926e+01	2.102365e+16
13604	5.747162e+15	6.965853e+01	3.115255e+01	1.117556e+16
13605	5.747358e+15	6.128135e+01	3.099546e+01	1.860941e+16
13606	5.747557e+15	5.787541e+01	3.090708e+01	1.813048e+16
13607	5.747762e+15	6.491501e+01	3.421537e+01	1.820107e+16
13608	5.747963e+15	7.455657e+01	3.432953e+01	1.301665e+16
13609	5.748161e+15	7.470761e+01	3.313001e+01	2.030021e+16
13610	5.748360e+15	7.151755e+01	3.507690e+01	9.484645e+15
13611	5.748553e+15	5.940126e+01	3.219234e+01	1.060329e+16
13612	5.748749e+15	5.635688e+01	3.333733e+01	1.103398e+16
13613	5.748945e+15	6.110719e+01	3.297142e+01	1.062817e+16
13614	5.749144e+15	6.012195e+01	3.413494e+01	1.000865e+16
13615	5.749338e+15	5.702294e+01	3.146953e+01	1.368290e+16
13616	5.749537e+15	5.753214e+01	3.037926e+01	5.902635e+15
13617	5.749744e+15	5.514742e+01	3.165655e+01	1.347695e+16
13618	5.749951e+15	5.960205e+01	3.153034e+01	6.567216e+15
13619	5.750153e+15	5.542695e+01	2.946057e+01	1.480650e+16
13620	5.750362e+15	4.529117e+01	3.354767e+01	9.339012e+15
13621	5.750563e+15	5.974174e+01	3.099291e+01	2.057183e+16
13622	5.750767e+15	6.160014e+01	3.129901e+01	7.072218e+15
13623	5.750973e+15	5.460475e+01	3.223646e+01	1.113951e+16
13624	5.751172e+15	4.267140e+01	2.873426e+01	6.046363e+15
13625	5.751381e+15	4.857586e+01	3.174331e+01	1.042468e+16
13626	5.751586e+15	5.237854e+01	3.033178e+01	6.097484e+15
13627	5.751796e+15	5.026872e+01	3.141597e+01	7.007904e+15
13628	5.752005e+15	5.370396e+01	3.213911e+01	8.492220e+15
13629	5.752209e+15	6.280107e+01	3.140463e+01	9.570177e+15
13630	5.752412e+15	6.403950e+01	3.177907e+01	7.110707e+15
13631	5.752611e+15	4.824500e+01	2.942601e+01	8.045608e+15
13632	5.752816e+15	4.669474e+01	3.251274e+01	1.047784e+16
13633	5.753014e+15	4.601325e+01	3.034173e+01	4.825762e+15
13634	5.753218e+15	3.985298e+01	3.151179e+01	4.517501e+15
13635	5.753421e+15	4.811842e+01	3.175887e+01	1.450325e+16
13636	5.753624e+15	5.285488e+01	3.101072e+01	4.845895e+15
13637	5.753832e+15	4.840996e+01	3.208580e+01	7.213943e+15
13638	5.754039e+15	4.993195e+01	3.141606e+01	9.618002e+15
13639	5.754245e+15	5.472346e+01	3.338223e+01	1.050968e+16
13640	5.754446e+15	6.324410e+01	3.198001e+01	2.612129e+15
13641	5.754650e+15	6.343095e+01	3.365921e+01	8.212328e+15
13642	5.754849e+15	4.916507e+01	3.268951e+01	9.720890e+15
13643	5.755049e+15	4.328068e+01	3.304630e+01	9.920608e+15
13644	5.755248e+15	4.874518e+01	3.295927e+01	8.880031e+15
13645	5.755449e+15	5.931968e+01	3.405527e+01	8.722741e+15
13646	5.755646e+15	6.655409e+01	3.214802e+01	1.597766e+16
13647	5.755842e+15	6.329394e+01	3.115387e+01	4.806509e+15
13648	5.756044e+15	5.944336e+01	3.315657e+01	6.933707e+15
13649	5.756243e+15	5.519136e+01	2.970027e+01	6.516824e+15
13650	5.756451e+15	5.703779e+01	3.493392e+01	5.170106e+15
13651	5.756650e+15	4.834137e+01	3.164552e+01	1.449104e+16
13652	5.756859e+15	3.793206e+01	3.379921e+01	2.226601e+15
13653	5.757069e+15	6.224688e+01	3.659189e+01	1.628844e+16
13654	5.757266e+15	7.012583e+01	3.447882e+01	6.147444e+15
13655	5.757460e+15	7.223463e+01	3.544965e+01	7.731660e+15
13656	5.757649e+15	6.518858e+01	3.467780e+01	1.353338e+16
13657	5.757838e+15	5.995170e+01	3.400289e+01	3.469142e+15
13658	5.758026e+15	5.720466e+01	3.441576e+01	9.011374e+15
13659	5.758214e+15	6.056374e+01	3.513927e+01	1.125131e+16
13660	5.758399e+15	5.865848e+01	3.361877e+01	3.991437e+15
13661	5.758586e+15	6.013088e+01	3.491950e+01	5.466936e+15
13662	5.758773e+15	6.298975e+01	3.330392e+01	1.368333e+16
13663	5.758965e+15	5.094692e+01	3.146015e+01	5.887641e+15
13664	5.759169e+15	4.956784e+01	3.488290e+01	1.012103e+16
13665	5.759372e+15	5.000238e+01	3.189102e+01	1.169634e+16
13666	5.759583e+15	4.858875e+01	3.071804e+01	9.860287e+15
13667	5.759803e+15	5.344269e+01	3.322200e+01	1.069827e+16
13668	5.760022e+15	5.279801e+01	3.219693e+01	1.033656e+16
13669	5.760234e+15	5.192683e+01	3.186607e+01	1.791570e+16
13670	5.760440e+15	5.944496e+01	3.344962e+01	1.164248e+16
13671	5.760636e+15	7.140049e+01	3.217944e+01	5.617463e+15
13672	5.760829e+15	7.788047e+01	3.319810e+01	1.045398e+16
13673	5.761016e+15	7.684046e+01	3.301899e+01	8.691865e+15
13674	5.761198e+15	7.530982e+01	2.966966e+01	1.231475e+16
13675	5.761383e+15	8.181681e+01	3.022340e+01	1.702342e+16
13676	5.761564e+15	6.955481e+01	3.072384e+01	1.233263e+16
13677	5.761742e+15	6.108218e+01	2.970406e+01	8.955679e+15
13678	5.761922e+15	5.764512e+01	2.987891e+01	2.280167e+15
13679	5.762102e+15	6.114328e+01	2.958268e+01	1.006273e+15
13680	5.762285e+15	6.112231e+01	3.162889e+01	1.351965e+16
13681	5.762464e+15	6.986916e+01	2.993228e+01	1.050187e+16
13682	5.762651e+15	7.233354e+01	3.074844e+01	8.785762e+14
13683	5.762847e+15	6.760362e+01	3.320244e+01	6.196040e+15
13684	5.763043e+15	6.317591e+01	3.186595e+01	3.575132e+15
13685	5.763243e+15	5.910968e+01	3.311773e+01	1.666986e+16
13686	5.763443e+15	4.980364e+01	3.274113e+01	1.134714e+16
13687	5.763643e+15	4.723917e+01	3.377128e+01	4.444542e+15
13688	5.763841e+15	4.955003e+01	3.214343e+01	1.244722e+16
13689	5.764045e+15	5.431460e+01	3.433630e+01	1.254203e+16
13690	5.764246e+15	5.715968e+01	3.279173e+01	1.040515e+16
13691	5.764452e+15	5.059843e+01	3.271007e+01	1.668179e+16
13692	5.764660e+15	3.843169e+01	3.098899e+01	1.307161e+16
13693	5.764876e+15	3.360926e+01	3.137444e+01	6.968706e+15
13694	5.765098e+15	3.408013e+01	3.329203e+01	1.212803e+16
13695	5.765318e+15	3.275667e+01	3.329610e+01	6.369191e+15
13696	5.765538e+15	3.660712e+01	3.628525e+01	9.731333e+15
13697	5.765747e+15	4.621730e+01	3.423949e+01	6.557471e+15
13698	5.765954e+15	5.018358e+01	3.545888e+01	3.773496e+15
13699	5.766152e+15	5.524309e+01	3.261509e+01	8.594994e+15
13700	5.766350e+15	5.700737e+01	3.297507e+01	6.164216e+15
13701	5.766546e+15	5.287769e+01	3.319690e+01	4.664477e+15
13702	5.766739e+15	4.967589e+01	3.179617e+01	1.047050e+16
13703	5.766931e+15	4.859770e+01	3.207026e+01	1.615574e+16
13704	5.767123e+15	5.344503e+01	3.359246e+01	1.077563e+16
13705	5.767313e+15	5.553011e+01	3.376328e+01	7.850411e+15
13706	5.767506e+15	5.831763e+01	3.342538e+01	1.610215e+16
13707	5.767701e+15	6.861268e+01	3.378286e+01	1.315529e+16
13708	5.767895e+15	6.858606e+01	3.380418e+01	1.417377e+16
13709	5.768088e+15	5.325719e+01	3.266612e+01	1.138965e+16
13710	5.768284e+15	4.891305e+01	3.342750e+01	1.087212e+16
13711	5.768480e+15	4.879018e+01	3.301230e+01	5.940884e+15
13712	5.768675e+15	4.938192e+01	3.146850e+01	1.242488e+16
13713	5.768872e+15	5.480042e+01	3.265115e+01	1.590624e+16
13714	5.769066e+15	5.539196e+01	3.034036e+01	1.043437e+16
13715	5.769268e+15	4.889674e+01	3.134394e+01	6.422836e+15
13716	5.769473e+15	5.888943e+01	3.266573e+01	1.839636e+16
13717	5.769673e+15	7.498355e+01	3.181632e+01	8.982967e+15
13718	5.769871e+15	7.783872e+01	2.921741e+01	1.383161e+16
13719	5.770070e+15	6.641918e+01	2.836086e+01	1.338811e+16
13720	5.770271e+15	6.094724e+01	2.923600e+01	1.305876e+16
13721	5.770470e+15	6.109527e+01	2.886730e+01	7.696622e+15
13722	5.770669e+15	6.427421e+01	3.117196e+01	2.263960e+16
13723	5.770866e+15	6.024666e+01	3.120769e+01	1.180050e+16
13724	5.771063e+15	6.768574e+01	3.334688e+01	1.145246e+16
13725	5.771256e+15	6.890183e+01	3.264230e+01	4.305291e+15
13726	5.771451e+15	5.979579e+01	3.239662e+01	6.382414e+15
13727	5.771651e+15	5.912211e+01	3.439339e+01	1.013915e+16
13728	5.771849e+15	5.652410e+01	3.429483e+01	9.951222e+15
13729	5.772049e+15	5.939791e+01	3.571315e+01	9.604647e+15
13730	5.772246e+15	6.090272e+01	3.386428e+01	8.862593e+15
13731	5.772451e+15	5.548199e+01	3.575156e+01	8.868688e+15
13732	5.772656e+15	5.708288e+01	3.548259e+01	4.128203e+15
13733	5.772861e+15	5.657771e+01	3.377257e+01	4.643907e+15
13734	5.773071e+15	5.466265e+01	3.228788e+01	9.477076e+15
13735	5.773288e+15	4.596832e+01	3.180606e+01	1.703310e+16
13736	5.773517e+15	4.784205e+01	3.491886e+01	1.084155e+16
13737	5.773745e+15	5.091567e+01	3.597058e+01	1.753300e+16
13738	5.773969e+15	5.061727e+01	3.511190e+01	1.148918e+16
13739	5.774191e+15	5.166671e+01	3.490754e+01	1.077177e+16
13740	5.774407e+15	4.978268e+01	3.408105e+01	8.952543e+15
13741	5.774617e+15	4.685703e+01	3.420681e+01	7.730717e+15
13742	5.774823e+15	5.543393e+01	3.460029e+01	5.393108e+15
13743	5.775021e+15	5.710142e+01	3.414571e+01	5.597157e+15
13744	5.775212e+15	7.306004e+01	3.376043e+01	8.144886e+15
13745	5.775398e+15	7.661592e+01	3.187765e+01	1.444060e+16
13746	5.775584e+15	7.384732e+01	2.975843e+01	7.232786e+15
13747	5.775770e+15	7.329456e+01	3.167758e+01	1.773990e+16
13748	5.775951e+15	6.062050e+01	3.010820e+01	1.301836e+16
13749	5.776136e+15	6.264431e+01	3.017337e+01	1.046774e+16
13750	5.776320e+15	6.631234e+01	3.013292e+01	1.079180e+16
13751	5.776503e+15	7.302464e+01	2.995011e+01	9.891086e+15
13752	5.776684e+15	6.261095e+01	2.794364e+01	2.788096e+15
13753	5.776873e+15	5.554814e+01	2.892837e+01	1.127212e+16
13754	5.777067e+15	5.820958e+01	2.930295e+01	7.460588e+15
13755	5.777262e+15	5.543192e+01	2.995662e+01	4.817778e+15
13756	5.777459e+15	5.431073e+01	2.994802e+01	1.022269e+16
13757	5.777654e+15	6.001002e+01	3.074282e+01	7.267500e+15
13758	5.777846e+15	6.097797e+01	2.950490e+01	1.200263e+16
13759	5.778042e+15	6.968445e+01	3.039560e+01	9.605071e+15
13760	5.778234e+15	5.712689e+01	2.992700e+01	1.316960e+16
13761	5.778425e+15	5.149515e+01	3.000735e+01	6.307572e+15
13762	5.778613e+15	5.846315e+01	2.889125e+01	9.945922e+15
13763	5.778803e+15	5.799735e+01	2.847559e+01	1.082081e+16
13764	5.778996e+15	5.871045e+01	3.014818e+01	1.179643e+16
13765	5.779186e+15	5.511891e+01	2.926960e+01	7.423372e+15
13766	5.779377e+15	4.262410e+01	2.921999e+01	5.435223e+15
13767	5.779570e+15	3.075466e+01	2.911963e+01	1.199673e+16
13768	5.779766e+15	3.825913e+01	2.943410e+01	1.297889e+16
13769	5.779965e+15	4.051109e+01	2.917811e+01	1.026070e+16
13770	5.780166e+15	3.919711e+01	3.008947e+01	1.124097e+16
13771	5.780365e+15	3.863211e+01	2.824804e+01	4.607719e+15
13772	5.780570e+15	4.037596e+01	3.071030e+01	9.483493e+15
13773	5.780772e+15	4.034741e+01	3.099093e+01	1.113897e+16
13774	5.780967e+15	3.794714e+01	2.861161e+01	2.965850e+15
13775	5.781166e+15	3.935747e+01	3.031076e+01	8.339172e+15
13776	5.781363e+15	5.254994e+01	3.303600e+01	1.733453e+16
13777	5.781547e+15	5.960574e+01	3.051125e+01	1.070647e+16
13778	5.781728e+15	6.596436e+01	3.132260e+01	1.019255e+16
13779	5.781906e+15	6.580116e+01	3.076584e+01	1.143865e+16
13780	5.782087e+15	5.688250e+01	3.047055e+01	8.784785e+15
13781	5.782272e+15	6.705817e+01	3.208696e+01	1.343386e+16
13782	5.782456e+15	6.112016e+01	3.198494e+01	1.081986e+16
13783	5.782638e+15	5.080312e+01	3.062076e+01	9.017942e+15
13784	5.782823e+15	4.999499e+01	3.085031e+01	1.576183e+16
13785	5.783011e+15	4.926475e+01	3.062367e+01	1.582436e+16
13786	5.783200e+15	5.396522e+01	2.967052e+01	1.221436e+16
13787	5.783389e+15	4.892919e+01	3.009494e+01	1.217400e+16
13788	5.783587e+15	5.141044e+01	3.452154e+01	1.170036e+16
13789	5.783782e+15	6.324961e+01	3.408552e+01	1.748383e+16
13790	5.783978e+15	6.913502e+01	3.600109e+01	8.379098e+15
13791	5.784169e+15	6.150180e+01	3.360766e+01	8.245462e+15
13792	5.784359e+15	5.946819e+01	3.232974e+01	9.873366e+15
13793	5.784553e+15	5.239281e+01	3.407872e+01	8.831464e+15
13794	5.784743e+15	5.016285e+01	3.317137e+01	8.266451e+15
13795	5.784935e+15	4.754164e+01	3.330521e+01	1.978850e+16
13796	5.785128e+15	6.519924e+01	4.181368e+01	1.601901e+16
13797	5.785286e+15	5.891442e+01	3.633168e+01	7.903258e+15
13798	5.785443e+15	6.450456e+01	3.704930e+01	1.302402e+16
13799	5.785598e+15	7.147850e+01	3.898424e+01	4.684986e+15
13800	5.785744e+15	6.776236e+01	3.413725e+01	3.197296e+15
13801	5.785891e+15	7.476747e+01	3.481584e+01	7.359755e+15
13802	5.786034e+15	9.100985e+01	3.319701e+01	9.701207e+15
13803	5.786175e+15	1.080508e+02	3.157773e+01	8.537944e+15
13804	5.786317e+15	1.078765e+02	3.154055e+01	8.114986e+15
13805	5.786460e+15	8.213451e+01	3.013541e+01	7.220507e+15
13806	5.786608e+15	7.629665e+01	3.171117e+01	4.926366e+15
13807	5.786760e+15	7.398001e+01	2.967152e+01	1.146887e+16
13808	5.786922e+15	6.839924e+01	2.934896e+01	1.103558e+16
13809	5.787094e+15	6.493847e+01	2.831425e+01	8.192252e+15
13810	5.787280e+15	6.612587e+01	2.960075e+01	1.634333e+16
13811	5.787475e+15	5.265718e+01	2.832389e+01	6.912447e+15
13812	5.787685e+15	4.430447e+01	2.935197e+01	7.248227e+15
13813	5.787906e+15	5.429700e+01	3.297165e+01	7.188359e+15
13814	5.788120e+15	5.580374e+01	3.235910e+01	8.471088e+15
13815	5.788331e+15	5.920106e+01	3.250415e+01	2.386651e+16
13816	5.788537e+15	6.743056e+01	3.421309e+01	8.650076e+15
13817	5.788733e+15	6.556951e+01	3.263748e+01	6.421066e+15
13818	5.788927e+15	5.408369e+01	3.305442e+01	4.486295e+15
13819	5.789117e+15	5.034959e+01	3.194982e+01	1.111802e+16
13820	5.789309e+15	5.439095e+01	3.415509e+01	7.678765e+15
13821	5.789504e+15	5.789903e+01	3.571069e+01	1.775261e+16
13822	5.789695e+15	4.806412e+01	3.417669e+01	6.482802e+15
13823	5.789886e+15	4.495992e+01	3.262032e+01	6.994502e+15
13824	5.790082e+15	4.858638e+01	3.328049e+01	2.339782e+16
13825	5.790280e+15	4.904626e+01	3.362700e+01	1.175196e+16
13826	5.790479e+15	5.058705e+01	3.297876e+01	1.612823e+16
13827	5.790686e+15	5.120048e+01	3.202655e+01	6.606428e+15
13828	5.790902e+15	4.629585e+01	3.294144e+01	1.149919e+16
13829	5.791121e+15	5.174428e+01	3.235920e+01	4.669326e+15
13830	5.791338e+15	5.792288e+01	3.176089e+01	4.107559e+15
13831	5.791555e+15	5.727537e+01	3.219376e+01	7.460887e+15
13832	5.791770e+15	5.531380e+01	3.195521e+01	5.645559e+15
13833	5.791984e+15	5.022520e+01	3.146425e+01	1.081294e+16
13834	5.792199e+15	5.430015e+01	3.154693e+01	1.569736e+16
13835	5.792413e+15	5.676195e+01	3.197387e+01	1.306695e+16
13836	5.792623e+15	5.820514e+01	3.162097e+01	8.049486e+15
13837	5.792832e+15	6.116738e+01	3.153100e+01	1.105770e+16
13838	5.793038e+15	6.174902e+01	3.142804e+01	9.381926e+15
13839	5.793243e+15	6.576272e+01	3.146274e+01	5.877118e+15
13840	5.793449e+15	6.796105e+01	3.190085e+01	2.141990e+16
13841	5.793651e+15	8.087050e+01	3.211516e+01	7.906026e+15
13842	5.793852e+15	7.013103e+01	3.303910e+01	9.746253e+15
13843	5.794048e+15	5.593733e+01	3.193829e+01	5.582460e+15
13844	5.794245e+15	5.496829e+01	3.159698e+01	1.020732e+16
13845	5.794442e+15	5.721967e+01	3.180122e+01	8.890868e+15
13846	5.794638e+15	5.796337e+01	3.320918e+01	1.453089e+16
13847	5.794829e+15	5.813026e+01	3.241095e+01	1.008554e+16
13848	5.795017e+15	6.491997e+01	3.113076e+01	1.289290e+16
13849	5.795207e+15	6.845826e+01	3.172676e+01	8.370618e+15
13850	5.795395e+15	6.739832e+01	3.193964e+01	5.231024e+15
13851	5.795581e+15	6.324036e+01	3.077163e+01	9.918537e+15
13852	5.795769e+15	6.309095e+01	3.115750e+01	2.005180e+16
13853	5.795961e+15	5.887678e+01	3.013832e+01	1.048409e+16
13854	5.796156e+15	5.547428e+01	2.977569e+01	8.436934e+15
13855	5.796353e+15	5.781531e+01	2.953213e+01	8.699371e+15
13856	5.796551e+15	5.586749e+01	2.881709e+01	1.098763e+16
13857	5.796751e+15	5.352261e+01	2.870781e+01	1.276691e+16
13858	5.796951e+15	5.093024e+01	2.874869e+01	1.440603e+16
13859	5.797153e+15	5.575452e+01	2.935768e+01	1.225632e+16
13860	5.797354e+15	5.542190e+01	2.919364e+01	6.350097e+15
13861	5.797558e+15	5.538810e+01	2.979327e+01	1.140433e+16
13862	5.797763e+15	5.194893e+01	2.959723e+01	5.958424e+15
13863	5.797966e+15	5.320393e+01	2.908938e+01	1.013982e+16
13864	5.798172e+15	5.719579e+01	2.935613e+01	4.830426e+15
13865	5.798379e+15	5.735960e+01	3.043350e+01	5.071439e+15
13866	5.798583e+15	4.734498e+01	2.860505e+01	1.090794e+16
13867	5.798796e+15	4.836356e+01	3.057756e+01	8.153002e+15
13868	5.799005e+15	5.364500e+01	2.914240e+01	6.684710e+15
13869	5.799217e+15	5.073661e+01	2.985230e+01	1.337223e+16
13870	5.799428e+15	5.313667e+01	2.972320e+01	6.405622e+15
13871	5.799640e+15	5.580731e+01	2.893465e+01	1.299253e+16
13872	5.799857e+15	5.699980e+01	3.078424e+01	6.674269e+15
13873	5.800072e+15	4.350392e+01	3.005965e+01	5.963574e+15
13874	5.800289e+15	4.307741e+01	2.971833e+01	6.796796e+15
13875	5.800514e+15	4.080360e+01	2.996735e+01	1.445435e+16
13876	5.800750e+15	4.038097e+01	2.880626e+01	9.349495e+15
13877	5.800996e+15	4.226569e+01	3.198198e+01	1.204917e+16
13878	5.801241e+15	4.794926e+01	3.323891e+01	2.364066e+16
13879	5.801481e+15	6.088952e+01	3.395467e+01	8.982005e+15
13880	5.801713e+15	5.787104e+01	3.338418e+01	1.778618e+16
13881	5.801941e+15	6.049228e+01	3.263002e+01	2.256228e+16
13882	5.802168e+15	5.624098e+01	3.401074e+01	2.021072e+16
13883	5.802384e+15	4.611742e+01	3.156310e+01	5.110328e+15
13884	5.802602e+15	4.818143e+01	3.310433e+01	9.566304e+15
13885	5.802813e+15	4.647284e+01	3.236512e+01	2.134050e+16
13886	5.803021e+15	4.126417e+01	3.207830e+01	1.328493e+16
13887	5.803227e+15	5.033060e+01	3.440819e+01	1.154484e+16
13888	5.803422e+15	5.737314e+01	3.244515e+01	7.726899e+15
13889	5.803616e+15	5.546784e+01	3.028525e+01	1.380602e+16
13890	5.803816e+15	5.970241e+01	3.211096e+01	6.519415e+15
13891	5.804014e+15	5.204033e+01	3.134567e+01	8.173911e+15
13892	5.804216e+15	4.624037e+01	3.231644e+01	1.251094e+16
13893	5.804415e+15	5.265058e+01	3.147815e+01	1.047959e+16
13894	5.804618e+15	5.105662e+01	3.126046e+01	1.740986e+16
13895	5.804823e+15	4.993231e+01	3.187392e+01	7.332979e+15
13896	5.805028e+15	5.613869e+01	3.061899e+01	1.509816e+16
13897	5.805237e+15	5.483803e+01	3.218502e+01	2.291072e+16
13898	5.805442e+15	4.812803e+01	3.001034e+01	6.841033e+15
13899	5.805655e+15	4.383193e+01	3.014408e+01	1.459947e+16
13900	5.805875e+15	4.075809e+01	3.216862e+01	1.064418e+16
13901	5.806092e+15	4.130847e+01	3.049821e+01	7.239717e+15
13902	5.806318e+15	4.993852e+01	3.371789e+01	1.671562e+16
13903	5.806536e+15	6.581276e+01	3.190319e+01	1.533831e+16
13904	5.806756e+15	7.229026e+01	3.413476e+01	1.228126e+16
13905	5.806966e+15	5.228134e+01	3.113450e+01	1.302400e+16
13906	5.807181e+15	4.992337e+01	3.334932e+01	1.217432e+16
13907	5.807393e+15	4.787423e+01	3.090555e+01	9.362624e+15
13908	5.807611e+15	4.014147e+01	3.287257e+01	1.725665e+16
13909	5.807828e+15	6.168241e+01	3.635718e+01	2.014453e+16
13910	5.808027e+15	7.568817e+01	2.975674e+01	9.793362e+15
13911	5.808240e+15	7.647384e+01	3.640473e+01	1.364446e+16
13912	5.808432e+15	4.930051e+01	2.946788e+01	8.878979e+15
13913	5.808639e+15	5.752549e+01	3.401461e+01	1.705035e+16
13914	5.808842e+15	5.852132e+01	3.325861e+01	6.683251e+15
13915	5.809046e+15	5.238602e+01	3.360668e+01	1.384224e+16
13916	5.809251e+15	4.830564e+01	3.258391e+01	8.517279e+15
13917	5.809464e+15	4.315174e+01	3.390496e+01	9.476095e+15
13918	5.809676e+15	4.180651e+01	3.277407e+01	1.364331e+16
13919	5.809892e+15	4.738856e+01	3.278048e+01	9.823308e+15
13920	5.810112e+15	4.253425e+01	3.204402e+01	8.786671e+15
13921	5.810338e+15	4.673252e+01	3.346244e+01	6.227823e+15
13922	5.810563e+15	4.332601e+01	3.067374e+01	4.936526e+15
13923	5.810802e+15	4.456220e+01	3.454846e+01	1.396688e+16
13924	5.811032e+15	4.003220e+01	3.087858e+01	8.601213e+15
13925	5.811275e+15	4.538610e+01	3.425675e+01	1.138920e+16
13926	5.811513e+15	4.898702e+01	3.364137e+01	8.202403e+15
13927	5.811742e+15	5.423631e+01	3.042207e+01	9.951937e+15
13928	5.811979e+15	5.123869e+01	3.284357e+01	9.393934e+15
13929	5.812205e+15	5.079930e+01	2.963865e+01	4.982115e+15
13930	5.812430e+15	6.133287e+01	3.153675e+01	1.652763e+16
13931	5.812644e+15	5.404499e+01	2.911360e+01	1.461095e+16
13932	5.812860e+15	4.488875e+01	3.047260e+01	1.334172e+16
13933	5.813069e+15	6.368501e+01	3.133091e+01	6.436804e+15
13934	5.813271e+15	6.539601e+01	3.095420e+01	2.564293e+15
13935	5.813469e+15	6.838395e+01	3.076323e+01	1.192188e+16
13936	5.813663e+15	6.758745e+01	2.994495e+01	8.900705e+15
13937	5.813860e+15	6.102670e+01	3.082191e+01	1.267039e+16
13938	5.814056e+15	6.629154e+01	3.193836e+01	1.445152e+16
13939	5.814248e+15	6.378636e+01	3.073475e+01	7.051459e+15
13940	5.814441e+15	5.757435e+01	3.215656e+01	5.782403e+15
13941	5.814633e+15	5.650151e+01	3.125121e+01	1.044768e+16
13942	5.814830e+15	5.694385e+01	3.034833e+01	9.703202e+15
13943	5.815033e+15	4.542374e+01	3.294823e+01	1.292853e+16
13944	5.815228e+15	5.687496e+01	3.095164e+01	1.274155e+16
13945	5.815423e+15	5.635180e+01	2.852333e+01	6.395782e+15
13946	5.815630e+15	6.344026e+01	3.061052e+01	1.621585e+16
13947	5.815832e+15	6.274156e+01	2.899987e+01	8.429518e+15
13948	5.816040e+15	6.299069e+01	3.118154e+01	8.504364e+15
13949	5.816244e+15	5.974008e+01	3.036764e+01	1.159143e+16
13950	5.816446e+15	5.403779e+01	3.076291e+01	6.366108e+15
13951	5.816647e+15	5.648467e+01	3.085319e+01	1.157974e+16
13952	5.816848e+15	5.977939e+01	3.030016e+01	1.682308e+16
13953	5.817050e+15	6.415941e+01	2.959912e+01	6.972995e+15
13954	5.817251e+15	7.200218e+01	2.862248e+01	1.495749e+16
13955	5.817456e+15	7.006665e+01	3.144877e+01	1.311752e+16
13956	5.817656e+15	5.640298e+01	3.060978e+01	6.562662e+15
13957	5.817858e+15	3.869912e+01	3.115767e+01	1.793304e+16
13958	5.818058e+15	3.011734e+01	2.953441e+01	9.889350e+15
13959	5.818265e+15	3.301594e+01	3.266502e+01	1.654067e+16
13960	5.818464e+15	3.989711e+01	3.150320e+01	7.689134e+15
13961	5.818663e+15	4.599167e+01	3.096909e+01	2.192835e+16
13962	5.818864e+15	4.746028e+01	3.157337e+01	8.295128e+15
13963	5.819063e+15	5.461168e+01	3.178720e+01	1.060912e+16
13964	5.819259e+15	5.755426e+01	3.051941e+01	1.315202e+16
13965	5.819461e+15	5.014775e+01	3.228373e+01	2.164832e+16
13966	5.819661e+15	4.513361e+01	3.155249e+01	1.358506e+16
13967	5.819865e+15	4.790401e+01	3.138050e+01	9.684260e+15
13968	5.820073e+15	5.105282e+01	3.274161e+01	1.625915e+16
13969	5.820277e+15	5.490138e+01	3.475001e+01	1.414686e+16
13970	5.820472e+15	5.016661e+01	3.329899e+01	1.547758e+16
13971	5.820663e+15	4.104072e+01	3.037335e+01	1.379453e+16
13972	5.820865e+15	3.597090e+01	3.437997e+01	6.150803e+15
13973	5.821059e+15	4.875235e+01	3.038143e+01	1.302532e+16
13974	5.821255e+15	5.316375e+01	3.144750e+01	1.049661e+16
13975	5.821449e+15	5.279330e+01	3.206787e+01	6.744941e+15
13976	5.821640e+15	5.362295e+01	3.159503e+01	1.338911e+16
13977	5.821834e+15	5.337858e+01	3.299709e+01	1.198844e+16
13978	5.822023e+15	5.125307e+01	3.210060e+01	7.601743e+15
13979	5.822212e+15	5.950972e+01	3.250918e+01	7.795143e+15
13980	5.822404e+15	5.702386e+01	3.134429e+01	8.109512e+15
13981	5.822596e+15	4.900001e+01	3.299432e+01	7.028659e+15
13982	5.822786e+15	4.986275e+01	3.119146e+01	1.029019e+16
13983	5.822982e+15	5.544214e+01	3.237573e+01	1.111277e+16
13984	5.823180e+15	6.167478e+01	3.351740e+01	9.189171e+15
13985	5.823374e+15	6.141613e+01	3.194818e+01	4.075796e+15
13986	5.823572e+15	5.200670e+01	3.412808e+01	6.167864e+15
13987	5.823770e+15	4.789776e+01	3.281807e+01	9.982423e+15
13988	5.823973e+15	5.090930e+01	3.465027e+01	1.255880e+16
13989	5.824175e+15	5.813727e+01	3.480159e+01	9.058802e+15
13990	5.824380e+15	5.520137e+01	3.565346e+01	8.473244e+15
13991	5.824585e+15	4.953333e+01	3.555056e+01	1.284761e+16
13992	5.824791e+15	5.335203e+01	3.570329e+01	9.867118e+15
13993	5.824997e+15	6.099070e+01	3.579753e+01	6.337165e+15
13994	5.825203e+15	5.745212e+01	3.383354e+01	3.102256e+15
13995	5.825415e+15	5.278394e+01	3.582646e+01	4.550658e+15
13996	5.825626e+15	4.559355e+01	3.519676e+01	6.587828e+15
13997	5.825839e+15	4.120459e+01	3.465706e+01	1.266891e+16
13998	5.826057e+15	4.169346e+01	3.562614e+01	7.260605e+15
13999	5.826275e+15	4.140333e+01	3.592013e+01	1.521998e+16
14000	5.826493e+15	4.844039e+01	3.677514e+01	1.324739e+16
14001	5.826708e+15	5.681754e+01	3.630217e+01	1.112296e+16
14002	5.826920e+15	5.135432e+01	3.640669e+01	1.110234e+16
14003	5.827128e+15	4.469616e+01	3.538809e+01	6.447086e+15
14004	5.827333e+15	5.348194e+01	3.491035e+01	1.046600e+16
14005	5.827540e+15	5.561300e+01	3.642845e+01	7.443180e+15
14006	5.827741e+15	4.520550e+01	3.414528e+01	9.909564e+15
14007	5.827947e+15	5.394275e+01	3.664778e+01	1.487702e+16
14008	5.828146e+15	5.825580e+01	3.532505e+01	1.066042e+16
14009	5.828344e+15	5.337131e+01	3.524171e+01	1.198924e+16
14010	5.828542e+15	5.765238e+01	3.482642e+01	1.002341e+16
14011	5.828742e+15	5.859662e+01	3.511226e+01	1.023605e+16
14012	5.828943e+15	5.853605e+01	3.606651e+01	9.018964e+15
14013	5.829143e+15	4.563668e+01	3.453505e+01	1.272486e+16
14014	5.829349e+15	4.714322e+01	3.821900e+01	1.470969e+16
14015	5.829547e+15	4.861046e+01	3.368164e+01	1.203461e+16
14016	5.829756e+15	5.176559e+01	3.672598e+01	1.130925e+16
14017	5.829963e+15	5.222207e+01	3.765923e+01	1.148945e+16
14018	5.830170e+15	6.203173e+01	3.741429e+01	1.037717e+16
14019	5.830375e+15	5.744231e+01	3.664332e+01	1.169158e+16
14020	5.830583e+15	5.438108e+01	3.847936e+01	1.197632e+16
14021	5.830788e+15	5.115661e+01	3.825333e+01	1.226796e+16
14022	5.830991e+15	4.550892e+01	3.925175e+01	2.056786e+16
14023	5.831194e+15	3.867523e+01	3.860450e+01	1.286620e+16
14024	5.831399e+15	4.007262e+01	4.003969e+01	7.943772e+15
14025	5.831600e+15	4.092560e+01	3.994700e+01	1.461383e+16
14026	5.831795e+15	3.662060e+01	3.823371e+01	1.053119e+16
14027	5.831991e+15	3.997110e+01	3.893880e+01	6.664642e+15
14028	5.832186e+15	4.753269e+01	3.967568e+01	1.495220e+16
14029	5.832377e+15	4.790388e+01	3.762245e+01	4.284183e+15
14030	5.832571e+15	4.945226e+01	3.821120e+01	8.058950e+15
14031	5.832767e+15	5.617362e+01	3.934707e+01	5.650625e+15
14032	5.832959e+15	4.777683e+01	3.575097e+01	1.182726e+16
14033	5.833158e+15	4.951829e+01	3.713624e+01	6.067551e+15
14034	5.833357e+15	4.405548e+01	3.390980e+01	1.367843e+16
14035	5.833570e+15	4.736576e+01	3.758374e+01	4.967357e+15
14036	5.833783e+15	4.490332e+01	3.907344e+01	2.784629e+15
14037	5.833991e+15	4.813211e+01	3.694680e+01	1.207400e+16
14038	5.834206e+15	5.668950e+01	3.771183e+01	7.885204e+15
14039	5.834421e+15	5.835932e+01	3.772334e+01	1.858229e+16
14040	5.834631e+15	4.912405e+01	3.450971e+01	1.701692e+16
14041	5.834851e+15	5.142328e+01	3.905826e+01	1.152369e+16
14042	5.835057e+15	5.184153e+01	3.591297e+01	5.637501e+15
14043	5.835260e+15	5.328467e+01	3.552861e+01	1.200436e+16
14044	5.835463e+15	5.251685e+01	3.511363e+01	8.424660e+15
14045	5.835667e+15	5.284610e+01	3.608455e+01	1.352465e+16
14046	5.835869e+15	6.335312e+01	3.681197e+01	9.176163e+15
14047	5.836068e+15	6.632682e+01	3.581652e+01	7.734859e+15
14048	5.836271e+15	7.446782e+01	3.854152e+01	8.866274e+15
14049	5.836467e+15	6.608606e+01	3.479575e+01	1.278445e+16
14050	5.836671e+15	5.687591e+01	3.665863e+01	1.650757e+16
14051	5.836876e+15	6.757748e+01	3.897375e+01	1.056747e+16
14052	5.837068e+15	7.910732e+01	3.305890e+01	4.071302e+15
14053	5.837269e+15	9.116749e+01	3.675954e+01	7.011977e+15
14054	5.837462e+15	7.944855e+01	3.348722e+01	1.110677e+16
14055	5.837659e+15	7.977489e+01	3.450302e+01	1.493607e+16
14056	5.837854e+15	7.809529e+01	3.166150e+01	7.768678e+15
14057	5.838059e+15	9.321684e+01	3.623370e+01	8.165927e+15
14058	5.838254e+15	7.827489e+01	3.421757e+01	6.532200e+15
14059	5.838447e+15	7.486147e+01	3.483390e+01	1.496988e+16
14060	5.838635e+15	8.691275e+01	3.375239e+01	9.672690e+15
14061	5.838823e+15	8.499596e+01	3.215972e+01	1.125083e+16
14062	5.839013e+15	7.434124e+01	3.323186e+01	3.681258e+15
14063	5.839200e+15	8.527648e+01	3.367683e+01	4.434987e+15
14064	5.839385e+15	7.912977e+01	3.227809e+01	1.988901e+16
14065	5.839573e+15	7.101238e+01	3.365832e+01	9.437014e+15
14066	5.839758e+15	6.533073e+01	3.194476e+01	1.156289e+16
14067	5.839947e+15	6.710300e+01	3.149599e+01	1.031964e+16
14068	5.840138e+15	7.503233e+01	3.073449e+01	7.272376e+15
14069	5.840335e+15	8.250551e+01	3.226556e+01	1.414869e+16
14070	5.840530e+15	7.123690e+01	3.109194e+01	8.024921e+15
14071	5.840728e+15	6.627148e+01	3.201359e+01	1.105651e+16
14072	5.840923e+15	7.362331e+01	3.095039e+01	1.639364e+16
14073	5.841122e+15	6.917481e+01	3.241794e+01	1.221734e+16
14074	5.841316e+15	6.564670e+01	3.063828e+01	6.241854e+15
14075	5.841511e+15	6.602703e+01	3.127649e+01	1.287089e+16
14076	5.841705e+15	6.268489e+01	3.189243e+01	9.234261e+15
14077	5.841894e+15	6.178276e+01	3.083713e+01	4.028471e+15
14078	5.842086e+15	5.615937e+01	3.018161e+01	2.725011e+15
14079	5.842285e+15	5.682273e+01	3.249934e+01	9.330082e+15
14080	5.842483e+15	6.364729e+01	3.320085e+01	6.496960e+15
14081	5.842681e+15	6.517173e+01	3.319097e+01	6.067028e+15
14082	5.842881e+15	4.724581e+01	3.133048e+01	1.089269e+16
14083	5.843086e+15	5.612424e+01	3.455489e+01	1.759305e+16
14084	5.843286e+15	5.265169e+01	3.267606e+01	8.779257e+15
14085	5.843489e+15	4.417400e+01	3.099432e+01	6.200798e+15
14086	5.843706e+15	3.842897e+01	3.457226e+01	6.443717e+15
14087	5.843918e+15	3.409686e+01	3.358006e+01	1.550194e+16
14088	5.844131e+15	3.672502e+01	3.480746e+01	1.990310e+16
14089	5.844341e+15	4.009738e+01	3.210729e+01	1.629401e+16
14090	5.844558e+15	3.859102e+01	3.140439e+01	1.946237e+16
14091	5.844782e+15	3.683539e+01	3.473030e+01	2.263380e+16
14092	5.844999e+15	3.178869e+01	3.441477e+01	1.791131e+16
14093	5.845211e+15	3.458525e+01	3.395728e+01	1.269139e+16
14094	5.845420e+15	4.417437e+01	3.327426e+01	6.696484e+15
14095	5.845627e+15	4.917651e+01	3.222038e+01	1.323102e+16
14096	5.845833e+15	4.868263e+01	3.421734e+01	1.549768e+16
14097	5.846031e+15	6.283999e+01	3.218476e+01	8.666024e+15
14098	5.846230e+15	7.162869e+01	3.401135e+01	1.377767e+16
14099	5.846423e+15	5.148703e+01	2.948614e+01	7.399885e+15
14100	5.846628e+15	5.177203e+01	3.275202e+01	1.213164e+16
14101	5.846832e+15	5.862293e+01	3.327203e+01	4.557440e+15
14102	5.847031e+15	7.644801e+01	3.202731e+01	1.412652e+16
14103	5.847226e+15	7.261088e+01	3.329518e+01	7.992748e+15
14104	5.847414e+15	5.413389e+01	3.021704e+01	1.553866e+16
14105	5.847610e+15	6.808552e+01	3.409401e+01	1.276917e+16
14106	5.847795e+15	5.550981e+01	3.005846e+01	7.258288e+15
14107	5.847988e+15	4.976302e+01	3.249222e+01	1.388576e+16
14108	5.848177e+15	6.411077e+01	3.283221e+01	5.698373e+15
14109	5.848362e+15	6.748463e+01	3.046578e+01	1.058010e+16
14110	5.848553e+15	6.632398e+01	3.298227e+01	8.502364e+15
14111	5.848738e+15	5.442361e+01	2.750384e+01	4.479561e+15
14112	5.848939e+15	6.445248e+01	3.119485e+01	5.593175e+15
14113	5.849135e+15	6.221266e+01	2.973317e+01	1.241894e+16
14114	5.849332e+15	6.513530e+01	3.096364e+01	1.545050e+16
14115	5.849526e+15	5.749961e+01	2.943311e+01	6.292217e+15
14116	5.849726e+15	5.284572e+01	3.314538e+01	1.429614e+16
14117	5.849925e+15	5.443615e+01	3.251971e+01	9.305643e+15
14118	5.850127e+15	5.667052e+01	3.187725e+01	4.155237e+15
14119	5.850327e+15	5.901615e+01	3.015938e+01	1.464252e+16
14120	5.850532e+15	6.190478e+01	3.092592e+01	1.298289e+16
14121	5.850741e+15	6.365969e+01	3.045710e+01	6.775854e+15
14122	5.850955e+15	6.577572e+01	3.143225e+01	8.162814e+15
14123	5.851168e+15	5.933028e+01	3.241226e+01	4.211113e+15
14124	5.851376e+15	5.277510e+01	3.119119e+01	8.075178e+15
14125	5.851583e+15	5.737681e+01	3.083559e+01	7.117286e+15
14126	5.851787e+15	6.278002e+01	2.852485e+01	1.025728e+16
14127	5.851994e+15	6.969010e+01	3.006061e+01	5.075235e+15
14128	5.852201e+15	6.488021e+01	3.019185e+01	7.480201e+15
14129	5.852402e+15	5.933301e+01	2.730957e+01	1.025040e+16
14130	5.852611e+15	6.310978e+01	2.942527e+01	8.809867e+15
14131	5.852819e+15	5.822964e+01	2.909813e+01	1.099531e+16
14132	5.853028e+15	6.013839e+01	2.993306e+01	1.141809e+16
14133	5.853233e+15	6.480799e+01	2.975275e+01	7.254862e+15
14134	5.853436e+15	6.849001e+01	3.075895e+01	7.714453e+15
14135	5.853629e+15	7.334674e+01	3.002233e+01	4.739278e+15
14136	5.853819e+15	7.281053e+01	2.779802e+01	9.896031e+15
14137	5.854014e+15	6.866457e+01	3.122159e+01	1.606102e+16
14138	5.854201e+15	4.681762e+01	2.681639e+01	1.015029e+16
14139	5.854405e+15	5.693158e+01	3.242892e+01	1.565048e+16
14140	5.854599e+15	6.391022e+01	2.997005e+01	5.061628e+15
14141	5.854798e+15	7.796577e+01	3.159771e+01	6.718222e+15
14142	5.854995e+15	7.421111e+01	2.985270e+01	1.523553e+16
14143	5.855198e+15	6.196373e+01	3.158547e+01	1.118664e+16
14144	5.855401e+15	5.182465e+01	3.136242e+01	1.371546e+16
14145	5.855606e+15	4.751128e+01	3.175333e+01	2.180389e+16
14146	5.855813e+15	5.527189e+01	3.181289e+01	8.159959e+15
14147	5.856022e+15	6.601156e+01	3.182911e+01	1.559572e+16
14148	5.856229e+15	6.725981e+01	3.058704e+01	1.663687e+16
14149	5.856441e+15	5.912412e+01	2.971179e+01	1.993429e+16
14150	5.856663e+15	5.073968e+01	3.163254e+01	2.108962e+16
14151	5.856885e+15	4.237442e+01	3.120186e+01	2.388898e+16
14152	5.857110e+15	4.619634e+01	3.335045e+01	1.622794e+16
14153	5.857328e+15	5.022420e+01	3.086730e+01	1.978142e+16
14154	5.857552e+15	5.823914e+01	3.105902e+01	1.615537e+16
14155	5.857781e+15	5.933547e+01	3.167957e+01	1.217775e+16
14156	5.858009e+15	5.936568e+01	3.309112e+01	4.634044e+15
14157	5.858229e+15	5.545878e+01	3.326716e+01	1.714979e+16
14158	5.858443e+15	5.092724e+01	3.451340e+01	1.588573e+16
14159	5.858645e+15	5.775914e+01	3.261085e+01	7.332740e+15
14160	5.858847e+15	6.966475e+01	3.424536e+01	1.394760e+16
14161	5.859042e+15	6.814207e+01	3.196644e+01	8.776982e+15
14162	5.859237e+15	7.231643e+01	3.215755e+01	1.493281e+16
14163	5.859430e+15	6.442377e+01	3.088536e+01	1.219644e+16
14164	5.859624e+15	5.807321e+01	3.053384e+01	4.913921e+15
14165	5.859819e+15	7.422382e+01	3.469410e+01	1.443870e+16
14166	5.859986e+15	6.230919e+01	3.151633e+01	1.071682e+16
14167	5.860153e+15	4.857317e+01	3.417811e+01	1.007301e+16
14168	5.860310e+15	4.934266e+01	3.161956e+01	1.185066e+16
14169	5.860466e+15	6.331069e+01	3.345529e+01	1.080311e+16
14170	5.860615e+15	7.468114e+01	3.220472e+01	4.933191e+15
14171	5.860759e+15	6.660803e+01	3.128621e+01	6.539517e+15
14172	5.860898e+15	8.649690e+01	3.063804e+01	4.920765e+15
14173	5.861030e+15	1.213322e+02	2.616071e+01	8.979571e+15
14174	5.861166e+15	1.327618e+02	2.740073e+01	7.811813e+15
14175	5.861303e+15	1.196043e+02	2.829809e+01	1.163313e+16
14176	5.861437e+15	9.792431e+01	2.629667e+01	6.786258e+15
14177	5.861577e+15	9.794301e+01	2.836566e+01	9.757235e+15
14178	5.861714e+15	1.004693e+02	2.600450e+01	1.028427e+16
14179	5.861857e+15	1.010844e+02	2.692885e+01	5.507036e+15
14180	5.862002e+15	8.022232e+01	2.427066e+01	3.586193e+15
14181	5.862162e+15	6.750515e+01	2.600863e+01	2.336980e+15
14182	5.862330e+15	7.616799e+01	2.702359e+01	2.413522e+15
14183	5.862503e+15	7.112644e+01	2.547918e+01	1.072213e+16
14184	5.862686e+15	7.938541e+01	2.899042e+01	3.725450e+15
14185	5.862865e+15	6.092330e+01	2.405313e+01	7.182999e+15
14186	5.863069e+15	6.002794e+01	2.869959e+01	8.875101e+15
14187	5.863272e+15	6.057253e+01	2.771647e+01	1.056889e+16
14188	5.863481e+15	5.857419e+01	2.825818e+01	9.123323e+15
14189	5.863691e+15	5.140868e+01	2.725794e+01	7.690548e+15
14190	5.863909e+15	4.968283e+01	2.676914e+01	9.555624e+15
14191	5.864133e+15	4.854293e+01	2.786304e+01	1.645173e+16
14192	5.864360e+15	4.967115e+01	2.825312e+01	1.195505e+16
14193	5.864587e+15	4.823199e+01	2.797661e+01	5.293877e+15
14194	5.864814e+15	4.951045e+01	2.858426e+01	7.456791e+15
14195	5.865042e+15	4.644313e+01	2.875147e+01	1.000089e+16
14196	5.865272e+15	4.820580e+01	2.958062e+01	1.315280e+16
14197	5.865499e+15	4.980725e+01	2.891397e+01	9.264448e+15
14198	5.865727e+15	4.764764e+01	2.931553e+01	1.046222e+16
14199	5.865952e+15	5.235680e+01	2.923722e+01	1.057797e+16
14200	5.866175e+15	6.020110e+01	3.040483e+01	9.216354e+15
14201	5.866399e+15	5.881766e+01	3.217426e+01	1.159855e+16
14202	5.866617e+15	5.042553e+01	3.142678e+01	1.288075e+16
14203	5.866837e+15	4.937118e+01	3.194008e+01	6.096520e+15
14204	5.867057e+15	4.946399e+01	3.238018e+01	8.618151e+15
14205	5.867277e+15	4.743791e+01	3.256894e+01	4.301775e+15
14206	5.867499e+15	4.577264e+01	3.123755e+01	9.843730e+15
14207	5.867728e+15	5.888192e+01	3.136350e+01	1.371915e+16
14208	5.867964e+15	5.410593e+01	3.430545e+01	1.114055e+16
14209	5.868191e+15	4.142031e+01	3.069548e+01	9.130505e+15
14210	5.868428e+15	4.027500e+01	3.262116e+01	1.213999e+16
14211	5.868664e+15	4.032653e+01	3.148324e+01	9.656642e+15
14212	5.868905e+15	5.304774e+01	3.532152e+01	7.340881e+15
14213	5.869127e+15	5.440243e+01	3.046236e+01	9.617155e+15
14214	5.869353e+15	5.022814e+01	3.235836e+01	6.095267e+15
14215	5.869573e+15	5.271776e+01	3.232161e+01	7.530411e+15
14216	5.869789e+15	6.007718e+01	3.323750e+01	1.370468e+16
14217	5.869999e+15	6.383729e+01	3.379376e+01	4.863440e+15
14218	5.870202e+15	6.209115e+01	3.061575e+01	9.654826e+15
14219	5.870407e+15	5.922254e+01	3.207160e+01	9.469431e+15
14220	5.870610e+15	5.763922e+01	3.240937e+01	1.097397e+16
14221	5.870813e+15	5.555766e+01	3.309201e+01	6.089246e+15
14222	5.871009e+15	5.607353e+01	3.333030e+01	1.188839e+16
14223	5.871202e+15	6.292302e+01	3.167161e+01	4.651476e+15
14224	5.871399e+15	6.466396e+01	3.267686e+01	7.883973e+15
14225	5.871595e+15	5.992890e+01	3.200957e+01	6.830715e+15
14226	5.871792e+15	5.852273e+01	3.102985e+01	8.359945e+15
14227	5.871993e+15	5.735333e+01	3.107012e+01	6.296668e+15
14228	5.872196e+15	5.473788e+01	3.172916e+01	1.164910e+16
14229	5.872396e+15	4.631492e+01	3.082542e+01	1.971148e+16
14230	5.872597e+15	5.380870e+01	3.032982e+01	1.050089e+16
14231	5.872802e+15	5.708886e+01	2.896537e+01	6.642113e+15
14232	5.873015e+15	5.346353e+01	3.030200e+01	9.528117e+15
14233	5.873227e+15	5.203453e+01	3.038988e+01	1.111150e+16
14234	5.873438e+15	5.910541e+01	3.138026e+01	8.148642e+15
14235	5.873643e+15	6.279882e+01	3.086268e+01	8.047566e+15
14236	5.873842e+15	7.189145e+01	3.085875e+01	8.350408e+15
14237	5.874035e+15	7.470339e+01	2.908762e+01	4.559616e+15
14238	5.874231e+15	6.268686e+01	3.038427e+01	1.259019e+16
14239	5.874425e+15	5.384756e+01	2.983383e+01	1.340882e+16
14240	5.874618e+15	6.026768e+01	3.075351e+01	7.287887e+15
14241	5.874806e+15	6.260755e+01	2.866309e+01	1.042919e+16
14242	5.874999e+15	6.816522e+01	3.170224e+01	8.154233e+15
14243	5.875183e+15	5.680714e+01	2.786966e+01	1.687388e+16
14244	5.875377e+15	5.745160e+01	2.824185e+01	7.956489e+15
14245	5.875578e+15	5.562460e+01	2.881062e+01	1.168930e+16
14246	5.875781e+15	5.200930e+01	2.916002e+01	5.610095e+15
14247	5.875986e+15	5.236833e+01	2.876401e+01	6.100051e+15
14248	5.876194e+15	4.998194e+01	2.903474e+01	5.816653e+15
14249	5.876405e+15	5.752812e+01	2.867951e+01	1.512650e+16
14250	5.876621e+15	5.492307e+01	2.970992e+01	2.251591e+16
14251	5.876835e+15	4.458655e+01	2.829013e+01	1.409411e+16
14252	5.877047e+15	4.769966e+01	2.811808e+01	8.375188e+15
14253	5.877258e+15	5.564773e+01	2.889422e+01	9.706138e+15
14254	5.877467e+15	5.856302e+01	2.937993e+01	1.700435e+16
14255	5.877672e+15	5.385585e+01	2.907004e+01	9.388425e+15
14256	5.877878e+15	5.209010e+01	2.917588e+01	1.388443e+16
14257	5.878082e+15	5.075177e+01	2.841200e+01	1.437032e+16
14258	5.878285e+15	5.602152e+01	2.922882e+01	8.953699e+15
14259	5.878485e+15	6.297181e+01	2.809605e+01	5.346271e+15
14260	5.878685e+15	6.308234e+01	2.806489e+01	1.133987e+16
14261	5.878885e+15	6.193355e+01	2.806237e+01	7.303269e+15
14262	5.879084e+15	5.807266e+01	2.696291e+01	9.056199e+15
14263	5.879285e+15	5.480485e+01	2.659948e+01	1.799271e+16
14264	5.879488e+15	6.421579e+01	2.699394e+01	5.746471e+15
14265	5.879692e+15	6.493727e+01	2.709194e+01	9.373345e+15
14266	5.879897e+15	5.292211e+01	2.818329e+01	9.774858e+15
14267	5.880099e+15	5.771004e+01	2.703013e+01	1.420353e+16
14268	5.880307e+15	6.726030e+01	2.795833e+01	1.069206e+16
14269	5.880517e+15	6.733373e+01	2.958131e+01	1.801129e+16
14270	5.880722e+15	6.242422e+01	2.824824e+01	6.060445e+15
14271	5.880930e+15	5.842862e+01	2.913280e+01	1.687071e+16
14272	5.881138e+15	5.960665e+01	2.998716e+01	1.158692e+16
14273	5.881342e+15	6.725792e+01	2.859708e+01	9.379718e+15
14274	5.881549e+15	5.810823e+01	2.669447e+01	1.330438e+16
14275	5.881757e+15	5.033075e+01	2.710120e+01	1.301069e+16
14276	5.881966e+15	4.680224e+01	2.473327e+01	8.359365e+15
14277	5.882189e+15	4.664385e+01	2.785038e+01	1.199526e+16
14278	5.882407e+15	5.279135e+01	2.672301e+01	2.158597e+16
14279	5.882623e+15	5.525137e+01	2.577985e+01	8.795053e+15
14280	5.882843e+15	5.059317e+01	2.647852e+01	3.106992e+15
14281	5.883064e+15	4.499076e+01	2.592302e+01	1.352862e+16
14282	5.883290e+15	4.645630e+01	2.693734e+01	1.150373e+16
14283	5.883510e+15	5.068715e+01	2.650854e+01	3.693736e+15
14284	5.883730e+15	4.665743e+01	2.603577e+01	5.689018e+15
14285	5.883952e+15	4.943746e+01	2.640930e+01	3.395888e+15
14286	5.884174e+15	4.450712e+01	2.573222e+01	1.708362e+16
14287	5.884401e+15	3.719659e+01	2.639078e+01	1.052697e+16
14288	5.884631e+15	4.062916e+01	2.748671e+01	1.013971e+16
14289	5.884856e+15	4.328569e+01	2.689996e+01	3.347112e+15
14290	5.885081e+15	3.660101e+01	2.700260e+01	5.017704e+15
14291	5.885309e+15	3.423133e+01	2.752911e+01	1.074150e+16
14292	5.885536e+15	3.654895e+01	2.760952e+01	8.976578e+15
14293	5.885763e+15	3.119258e+01	2.762079e+01	1.125747e+16
14294	5.885989e+15	3.596760e+01	2.775192e+01	9.864168e+15
14295	5.886211e+15	4.132234e+01	2.721576e+01	7.245990e+15
14296	5.886436e+15	4.012271e+01	2.820956e+01	1.707345e+16
14297	5.886657e+15	4.237154e+01	2.696257e+01	6.704016e+15
14298	5.886879e+15	4.454259e+01	2.816883e+01	6.995192e+14
14299	5.887098e+15	3.639642e+01	2.679667e+01	9.437963e+15
14300	5.887324e+15	3.342707e+01	2.903027e+01	1.252405e+16
14301	5.887548e+15	4.136999e+01	2.964465e+01	6.482756e+15
14302	5.887768e+15	3.272227e+01	2.839802e+01	9.848445e+15
14303	5.887993e+15	3.455109e+01	3.165388e+01	8.256497e+15
14304	5.888207e+15	4.575631e+01	2.967458e+01	1.072128e+16
14305	5.888418e+15	5.790998e+01	2.935110e+01	9.501423e+15
14306	5.888626e+15	5.426704e+01	2.825164e+01	7.820842e+15
14307	5.888838e+15	5.283248e+01	3.010105e+01	1.392690e+16
14308	5.889047e+15	6.349966e+01	3.086979e+01	5.974978e+15
14309	5.889251e+15	6.329673e+01	3.052932e+01	8.927522e+15
14310	5.889449e+15	5.321702e+01	3.007101e+01	1.184100e+16
14311	5.889644e+15	5.180262e+01	2.966307e+01	6.813163e+15
14312	5.889840e+15	5.576540e+01	3.084926e+01	1.137203e+16
14313	5.890031e+15	5.815197e+01	3.100970e+01	1.437320e+16
14314	5.890220e+15	5.499745e+01	3.056773e+01	6.837116e+15
14315	5.890409e+15	5.259403e+01	3.166395e+01	1.033263e+16
14316	5.890594e+15	6.197705e+01	3.019177e+01	3.849297e+15
14317	5.890777e+15	5.900721e+01	2.961318e+01	9.592696e+15
14318	5.890962e+15	5.567995e+01	3.039576e+01	6.741002e+15
14319	5.891144e+15	5.961380e+01	3.012201e+01	6.643170e+15
14320	5.891324e+15	5.405145e+01	2.937788e+01	2.773825e+15
14321	5.891505e+15	4.477185e+01	2.888033e+01	4.896531e+15
14322	5.891687e+15	4.517364e+01	2.820273e+01	1.325017e+16
14323	5.891873e+15	4.801275e+01	2.949108e+01	8.556459e+15
14324	5.892057e+15	5.961640e+01	2.863459e+01	1.004864e+16
14325	5.892240e+15	5.810744e+01	2.811611e+01	8.734429e+15
14326	5.892426e+15	5.173512e+01	2.655937e+01	7.083543e+15
14327	5.892621e+15	5.290309e+01	2.957777e+01	4.920583e+15
14328	5.892815e+15	5.323643e+01	2.916207e+01	5.049398e+15
14329	5.893011e+15	5.277273e+01	3.063305e+01	1.618479e+16
14330	5.893203e+15	5.557646e+01	3.040840e+01	1.155375e+16
14331	5.893393e+15	5.857412e+01	3.089361e+01	1.861438e+16
14332	5.893581e+15	5.911888e+01	3.088113e+01	1.210760e+16
14333	5.893768e+15	5.258925e+01	2.948416e+01	5.860106e+15
14334	5.893960e+15	5.722462e+01	3.009375e+01	8.835952e+15
14335	5.894151e+15	5.408248e+01	2.919406e+01	1.567591e+16
14336	5.894344e+15	4.627217e+01	2.985994e+01	1.586884e+16
14337	5.894535e+15	4.306642e+01	2.823595e+01	1.173657e+16
14338	5.894735e+15	5.136975e+01	2.895046e+01	8.714278e+15
14339	5.894938e+15	4.886660e+01	2.947030e+01	4.738402e+15
14340	5.895144e+15	4.537448e+01	2.973886e+01	1.108490e+16
14341	5.895352e+15	4.555792e+01	2.879592e+01	1.684058e+16
14342	5.895562e+15	5.122039e+01	2.972746e+01	7.787148e+15
14343	5.895769e+15	5.963420e+01	2.977123e+01	6.425010e+15
14344	5.895973e+15	5.752366e+01	3.009235e+01	1.360014e+16
14345	5.896172e+15	5.968220e+01	2.828056e+01	4.551644e+15
14346	5.896376e+15	6.468986e+01	2.980774e+01	6.794063e+15
14347	5.896575e+15	5.753493e+01	2.846113e+01	7.521999e+15
14348	5.896777e+15	5.841813e+01	2.971863e+01	1.587033e+16
14349	5.896975e+15	4.830848e+01	2.755198e+01	6.535582e+15
14350	5.897177e+15	4.677232e+01	2.920120e+01	5.972966e+15
14351	5.897376e+15	4.905718e+01	2.828022e+01	6.943470e+15
14352	5.897579e+15	5.432922e+01	2.948515e+01	8.754552e+15
14353	5.897776e+15	5.053251e+01	2.736591e+01	6.007779e+15
14354	5.897980e+15	6.128944e+01	2.835127e+01	5.501430e+15
14355	5.898181e+15	7.417805e+01	2.897936e+01	1.170843e+16
14356	5.898378e+15	7.717171e+01	2.854247e+01	9.658653e+15
14357	5.898574e+15	6.765906e+01	2.796692e+01	1.023194e+16
14358	5.898769e+15	6.362766e+01	2.837576e+01	1.367155e+16
14359	5.898962e+15	5.665194e+01	2.741090e+01	8.693786e+15
14360	5.899155e+15	5.492217e+01	2.702937e+01	4.277541e+15
14361	5.899351e+15	5.232234e+01	2.829967e+01	1.097453e+16
14362	5.899546e+15	5.622181e+01	2.929801e+01	1.090377e+16
14363	5.899736e+15	5.529050e+01	2.674551e+01	8.775589e+15
14364	5.899938e+15	5.718920e+01	2.838624e+01	1.033749e+16
14365	5.900141e+15	5.110018e+01	2.702413e+01	1.305427e+16
14366	5.900353e+15	4.878219e+01	2.734490e+01	8.374473e+15
14367	5.900574e+15	4.984507e+01	2.957701e+01	2.441447e+16
14368	5.900796e+15	5.356318e+01	3.214890e+01	1.236681e+16
14369	5.901008e+15	5.543042e+01	2.960556e+01	1.100805e+16
14370	5.901220e+15	5.442607e+01	3.097438e+01	6.735375e+15
14371	5.901430e+15	5.518969e+01	3.062932e+01	1.060098e+16
14372	5.901638e+15	5.565940e+01	2.942189e+01	1.190572e+16
14373	5.901849e+15	6.221399e+01	3.444586e+01	1.030916e+16
14374	5.902043e+15	4.868516e+01	3.122342e+01	8.648511e+15
14375	5.902235e+15	5.902716e+01	3.173799e+01	1.645672e+16
14376	5.902425e+15	5.542459e+01	3.041380e+01	7.027057e+15
14377	5.902618e+15	5.409453e+01	3.145705e+01	7.010681e+15
14378	5.902809e+15	5.956587e+01	3.071534e+01	1.230617e+16
14379	5.903003e+15	6.522125e+01	3.187460e+01	7.883143e+15
14380	5.903194e+15	6.219496e+01	3.107256e+01	1.370312e+16
14381	5.903382e+15	6.163313e+01	2.981234e+01	6.163603e+15
14382	5.903573e+15	5.079722e+01	2.975902e+01	8.984280e+15
14383	5.903767e+15	8.605429e+01	4.679958e+01	8.564651e+15
14384	5.903906e+15	7.698455e+01	3.421314e+01	5.345235e+14
14385	5.904038e+15	6.172114e+01	3.185393e+01	8.875463e+15
14386	5.904171e+15	6.714980e+01	3.323973e+01	1.045325e+16
14387	5.904298e+15	9.040835e+01	3.080271e+01	4.181415e+15
14388	5.904426e+15	1.340549e+02	3.092778e+01	9.097822e+15
14389	5.904552e+15	1.253908e+02	2.953625e+01	8.232066e+15
14390	5.904679e+15	9.180108e+01	2.830980e+01	9.192566e+15
14391	5.904810e+15	7.406346e+01	2.710734e+01	1.000680e+16
14392	5.904944e+15	6.314029e+01	2.632998e+01	1.197217e+16
14393	5.905086e+15	4.870910e+01	2.657196e+01	7.098065e+15
14394	5.905238e+15	6.071281e+01	2.533784e+01	7.978932e+15
14395	5.905409e+15	5.257385e+01	2.514229e+01	1.182748e+16
14396	5.905601e+15	5.674873e+01	2.847990e+01	1.328042e+16
14397	5.905801e+15	6.121192e+01	2.700741e+01	7.436732e+14
14398	5.906016e+15	7.769496e+01	3.141499e+01	1.638705e+16
14399	5.906227e+15	6.742015e+01	2.812337e+01	8.955065e+15
14400	5.906444e+15	5.314844e+01	2.997421e+01	3.766390e+15
14401	5.906669e+15	4.456927e+01	3.128292e+01	8.956827e+15
14402	5.906894e+15	4.539553e+01	3.215254e+01	1.025744e+16
14403	5.907116e+15	4.676805e+01	3.366904e+01	1.234251e+16
14404	5.907331e+15	4.264768e+01	3.227705e+01	5.237811e+15
14405	5.907549e+15	4.488498e+01	3.469542e+01	3.385663e+15
14406	5.907759e+15	4.030488e+01	3.489521e+01	1.848601e+16
14407	5.907960e+15	3.844147e+01	3.509477e+01	3.649905e+14
14408	5.908156e+15	4.917386e+01	3.677733e+01	8.343242e+15
14409	5.908344e+15	6.779330e+01	3.547324e+01	6.782348e+15
14410	5.908528e+15	6.911259e+01	3.565705e+01	5.084725e+15
14411	5.908705e+15	5.750574e+01	3.359333e+01	5.402112e+15
14412	5.908885e+15	5.939573e+01	3.571372e+01	9.048352e+15
14413	5.909060e+15	5.355675e+01	3.431915e+01	5.515280e+15
14414	5.909235e+15	6.593269e+01	3.635156e+01	1.227848e+16
14415	5.909402e+15	5.937457e+01	3.300472e+01	9.816656e+15
14416	5.909569e+15	6.025347e+01	3.275527e+01	7.413486e+15
14417	5.909739e+15	6.647564e+01	3.517434e+01	1.224632e+16
14418	5.909904e+15	6.279703e+01	3.353543e+01	4.504882e+15
14419	5.910071e+15	5.755873e+01	3.310704e+01	7.020481e+15
14420	5.910239e+15	6.579112e+01	3.463113e+01	4.017040e+15
14421	5.910403e+15	7.049594e+01	3.257329e+01	8.382162e+15
14422	5.910571e+15	7.711327e+01	3.347238e+01	8.342648e+15
14423	5.910739e+15	6.509286e+01	3.441951e+01	2.359081e+15
14424	5.910906e+15	6.547703e+01	3.461925e+01	1.300105e+16
14425	5.911070e+15	7.420364e+01	3.356244e+01	1.264865e+16
14426	5.911233e+15	7.815316e+01	3.383061e+01	1.138171e+16
14427	5.911392e+15	6.837627e+01	3.088488e+01	9.761648e+15
14428	5.911555e+15	7.974760e+01	3.356966e+01	1.925530e+16
14429	5.911715e+15	7.491025e+01	3.384438e+01	6.461007e+15
14430	5.911873e+15	7.258210e+01	3.489702e+01	4.071834e+15
14431	5.912025e+15	8.754810e+01	3.484260e+01	7.621454e+15
14432	5.912173e+15	1.236347e+02	3.451730e+01	8.195934e+15
14433	5.912315e+15	1.232862e+02	3.283585e+01	7.512267e+15
14434	5.912455e+15	1.012630e+02	3.046020e+01	1.460010e+16
14435	5.912595e+15	8.397948e+01	3.106417e+01	7.506362e+15
14436	5.912736e+15	9.079178e+01	3.318932e+01	1.433404e+16
14437	5.912873e+15	9.277684e+01	3.337836e+01	9.390274e+15
14438	5.913005e+15	8.887729e+01	3.362706e+01	1.222775e+16
14439	5.913132e+15	1.021333e+02	3.431758e+01	9.393538e+15
14440	5.913253e+15	7.434678e+01	3.215655e+01	3.770776e+15
14441	5.913373e+15	6.670427e+01	3.297675e+01	2.967630e+15
14442	5.913487e+15	7.696569e+01	2.985481e+01	1.393949e+15
14443	5.913600e+15	8.049208e+01	3.153032e+01	7.125624e+15
14444	5.913711e+15	8.986992e+01	3.414197e+01	3.769071e+15
14445	5.913822e+15	9.801371e+01	3.431583e+01	2.897616e+15
14446	5.913933e+15	1.163831e+02	3.500536e+01	1.115440e+16
14447	5.914043e+15	1.182681e+02	3.505639e+01	2.044939e+15
14448	5.914150e+15	9.275954e+01	3.160956e+01	2.735026e+15
14449	5.914259e+15	1.085442e+02	3.068298e+01	4.292216e+15
14450	5.914370e+15	1.187438e+02	3.291244e+01	4.279784e+15
14451	5.914476e+15	1.005855e+02	2.844096e+01	8.720564e+15
14452	5.914589e+15	9.761429e+01	2.976934e+01	2.212939e+15
14453	5.914702e+15	1.025707e+02	2.610780e+01	4.207882e+15
14454	5.914817e+15	1.155859e+02	3.047748e+01	7.254321e+15
14455	5.914932e+15	1.356748e+02	2.918322e+01	8.152041e+15
14456	5.915048e+15	1.442168e+02	2.951377e+01	2.447224e+15
14457	5.915162e+15	1.506651e+02	2.860499e+01	3.412001e+15
14458	5.915277e+15	1.371163e+02	2.934596e+01	3.473626e+15
14459	5.915390e+15	1.397251e+02	2.913268e+01	8.685571e+15
14460	5.915493e+15	1.248711e+02	2.999114e+01	6.196058e+15
14461	5.915593e+15	1.038126e+02	2.707962e+01	1.270553e+15
14462	5.915692e+15	1.186407e+02	2.940083e+01	2.276701e+15
14463	5.915793e+15	1.467687e+02	3.006759e+01	5.980314e+15
14464	5.915894e+15	1.269597e+02	2.968905e+01	4.931844e+15
14465	5.915996e+15	1.172997e+02	3.151866e+01	2.330065e+15
14466	5.916097e+15	9.385127e+01	2.451240e+01	1.618215e+15
14467	5.916214e+15	1.202747e+02	2.790914e+01	7.233294e+15
14468	5.916336e+15	1.110696e+02	2.727218e+01	1.817158e+16
14469	5.916461e+15	1.020946e+02	2.684788e+01	7.169484e+15
14470	5.916588e+15	9.651423e+01	2.384857e+01	1.369048e+16
14471	5.916717e+15	9.093785e+01	2.442942e+01	8.624297e+15
14472	5.916851e+15	7.889347e+01	2.586239e+01	7.762652e+15
14473	5.916986e+15	7.065209e+01	2.546580e+01	2.518985e+15
14474	5.917126e+15	6.244493e+01	2.469041e+01	3.792882e+15
14475	5.917280e+15	6.164454e+01	2.439428e+01	3.255810e+15
14476	5.917453e+15	7.226795e+01	2.924200e+01	4.526057e+15
14477	5.917624e+15	6.631606e+01	3.037184e+01	2.118686e+15
14478	5.917789e+15	5.648431e+01	2.802173e+01	8.349563e+15
14479	5.917951e+15	5.364669e+01	2.930430e+01	4.038040e+15
14480	5.918109e+15	7.183036e+01	2.838509e+01	6.895819e+15
14481	5.918266e+15	7.994537e+01	2.866610e+01	6.015393e+15
14482	5.918420e+15	6.169996e+01	2.711356e+01	9.000338e+15
14483	5.918572e+15	6.009281e+01	2.637042e+01	8.560663e+15
14484	5.918724e+15	6.368657e+01	2.582557e+01	6.880474e+15
14485	5.918877e+15	5.636797e+01	2.563964e+01	1.148750e+16
14486	5.919031e+15	6.373676e+01	2.514556e+01	1.445033e+15
14487	5.919187e+15	6.771178e+01	2.429799e+01	5.495889e+15
14488	5.919351e+15	6.286862e+01	2.486220e+01	4.476642e+15
14489	5.919519e+15	6.006298e+01	2.558840e+01	5.265960e+15
14490	5.919691e+15	6.378491e+01	2.602167e+01	3.805392e+15
14491	5.919864e+15	5.644511e+01	2.517153e+01	8.176191e+15
14492	5.920046e+15	4.855379e+01	2.499361e+01	1.049911e+16
14493	5.920235e+15	4.236303e+01	2.437132e+01	9.813302e+15
14494	5.920436e+15	4.625704e+01	2.709587e+01	1.341366e+16
14495	5.920631e+15	5.640533e+01	2.720474e+01	1.630814e+16
14496	5.920818e+15	6.554773e+01	2.649074e+01	1.287127e+16
14497	5.921002e+15	6.239967e+01	2.730565e+01	9.865828e+15
14498	5.921178e+15	5.959809e+01	3.108604e+01	1.016677e+16
14499	5.921326e+15	5.736876e+01	2.919690e+01	1.633175e+16
14500	5.921466e+15	6.858805e+01	2.804868e+01	9.053795e+15
14501	5.921600e+15	7.250518e+01	2.724619e+01	9.793705e+15
14502	5.921728e+15	7.926456e+01	2.589547e+01	9.894093e+15
14503	5.921854e+15	8.358752e+01	2.616719e+01	1.142987e+16
14504	5.921975e+15	1.053786e+02	2.531563e+01	9.679376e+15
14505	5.922094e+15	1.432561e+02	2.343849e+01	8.309592e+15
14506	5.922214e+15	1.297721e+02	2.570094e+01	2.946046e+15
14507	5.922329e+15	9.737519e+01	2.330558e+01	6.620450e+15
14508	5.922447e+15	8.492955e+01	2.386625e+01	6.816437e+15
14509	5.922567e+15	8.580180e+01	2.403816e+01	5.992849e+15
14510	5.922687e+15	1.087918e+02	2.255397e+01	6.468000e+15
14511	5.922816e+15	1.102495e+02	2.478223e+01	8.613310e+15
14512	5.922942e+15	8.306001e+01	2.221962e+01	9.633328e+15
14513	5.923075e+15	8.263361e+01	2.376522e+01	6.354156e+15
14514	5.923210e+15	7.722085e+01	2.317181e+01	3.987809e+15
14515	5.923349e+15	6.970943e+01	2.351485e+01	9.705687e+15
14516	5.923489e+15	7.243428e+01	2.221589e+01	4.670798e+15
14517	5.923636e+15	6.239661e+01	2.186968e+01	4.126940e+15
14518	5.923794e+15	4.720948e+01	1.924986e+01	7.712845e+15
14519	5.923981e+15	4.655888e+01	2.137824e+01	4.118110e+15
14520	5.924189e+15	4.439693e+01	2.222737e+01	8.112514e+15
14521	5.924413e+15	4.045182e+01	2.279978e+01	2.184272e+16
14522	5.924652e+15	3.349355e+01	2.291987e+01	6.706787e+15
14523	5.924905e+15	2.893428e+01	2.583534e+01	1.379680e+16
14524	5.925154e+15	3.215441e+01	2.607138e+01	8.399439e+15
14525	5.925396e+15	4.458045e+01	2.539833e+01	1.604581e+16
14526	5.925636e+15	4.884258e+01	2.560644e+01	1.006303e+16
14527	5.925872e+15	3.895380e+01	2.470684e+01	2.885036e+16
14528	5.926111e+15	3.595841e+01	2.462525e+01	1.211088e+16
14529	5.926348e+15	3.375968e+01	2.259307e+01	9.803892e+15
14530	5.926589e+15	3.229835e+01	2.299479e+01	1.582559e+16
14531	5.926840e+15	3.150533e+01	2.522967e+01	6.798409e+15
14532	5.927088e+15	2.907030e+01	2.327476e+01	5.020635e+15
14533	5.927349e+15	3.327800e+01	2.480232e+01	1.350351e+16
14534	5.927610e+15	3.552738e+01	2.452809e+01	1.544812e+16
14535	5.927878e+15	3.192558e+01	2.645656e+01	5.054078e+15
14536	5.928146e+15	3.235477e+01	2.721421e+01	5.249254e+15
14537	5.928404e+15	3.863135e+01	2.768934e+01	2.300568e+16
14538	5.928648e+15	3.601512e+01	2.763658e+01	1.005727e+16
14539	5.928883e+15	3.995007e+01	2.849920e+01	8.696029e+15
14540	5.929102e+15	4.840288e+01	2.592692e+01	5.314130e+15
14541	5.929317e+15	4.888016e+01	2.608250e+01	4.056439e+15
14542	5.929524e+15	4.246915e+01	2.455308e+01	1.368348e+16
14543	5.929729e+15	4.779610e+01	2.375989e+01	9.413284e+15
14544	5.929927e+15	5.375683e+01	2.280313e+01	5.603225e+15
14545	5.930127e+15	5.478871e+01	2.247424e+01	1.517905e+16
14546	5.930324e+15	5.727308e+01	2.150998e+01	3.474408e+15
14547	5.930523e+15	4.826675e+01	2.121171e+01	5.931505e+15
14548	5.930728e+15	4.566416e+01	2.340723e+01	7.252009e+15
14549	5.930930e+15	3.936050e+01	2.003137e+01	9.264752e+15
14550	5.931153e+15	3.644760e+01	2.087124e+01	7.486850e+15
14551	5.931395e+15	3.486999e+01	2.048556e+01	7.419933e+15
14552	5.931661e+15	3.502677e+01	2.005003e+01	7.805863e+15
14553	5.931959e+15	3.914015e+01	2.343531e+01	1.691049e+16
14554	5.932258e+15	4.005731e+01	2.444129e+01	1.080029e+16
14555	5.932546e+15	3.193454e+01	2.340073e+01	1.347676e+16
14556	5.932831e+15	3.173950e+01	2.448224e+01	9.477171e+15
14557	5.933099e+15	3.588115e+01	2.342985e+01	8.118006e+15
14558	5.933356e+15	3.900657e+01	2.381290e+01	7.661330e+15
14559	5.933604e+15	4.448653e+01	2.341619e+01	8.608634e+15
14560	5.933844e+15	4.834588e+01	2.146605e+01	7.734696e+15
14561	5.934088e+15	4.639549e+01	2.288109e+01	5.853914e+15
14562	5.934322e+15	4.629773e+01	2.344426e+01	6.870443e+15
14563	5.934548e+15	4.490653e+01	2.303120e+01	1.107608e+16
14564	5.934767e+15	5.347923e+01	2.349243e+01	1.021956e+16
14565	5.934978e+15	6.777236e+01	2.244449e+01	3.216884e+15
14566	5.935187e+15	6.995394e+01	2.352075e+01	7.432141e+15
14567	5.935388e+15	6.044352e+01	2.231321e+01	8.669285e+15
14568	5.935590e+15	6.015858e+01	2.250402e+01	3.440418e+15
14569	5.935792e+15	5.289146e+01	2.209697e+01	9.244463e+15
14570	5.935997e+15	4.942793e+01	2.317235e+01	7.342932e+15
14571	5.936198e+15	4.809880e+01	2.269737e+01	7.156803e+15
14572	5.936401e+15	5.089388e+01	2.224139e+01	9.147364e+15
14573	5.936609e+15	5.167228e+01	2.286231e+01	1.507136e+16
14574	5.936821e+15	4.584099e+01	2.158100e+01	3.654371e+15
14575	5.937046e+15	4.474606e+01	2.191423e+01	1.366027e+16
14576	5.937281e+15	4.173282e+01	2.290872e+01	1.235480e+16
14577	5.937518e+15	4.151898e+01	2.325436e+01	8.663742e+15
14578	5.937752e+15	4.383659e+01	2.244968e+01	4.636492e+15
14579	5.937992e+15	4.624267e+01	2.232806e+01	2.254518e+16
14580	5.938236e+15	4.272064e+01	2.275404e+01	9.658269e+15
14581	5.938481e+15	4.158327e+01	2.165149e+01	1.650715e+16
14582	5.938726e+15	4.020451e+01	2.266500e+01	1.081594e+16
14583	5.938968e+15	4.572555e+01	2.313508e+01	1.605331e+16
14584	5.939206e+15	4.608748e+01	2.321569e+01	3.783199e+15
14585	5.939441e+15	3.922890e+01	2.250357e+01	1.557859e+16
14586	5.939680e+15	4.002190e+01	2.321224e+01	7.040749e+15
14587	5.939910e+15	4.076732e+01	2.226562e+01	1.422990e+16
14588	5.940146e+15	4.303961e+01	2.357477e+01	1.142289e+16
14589	5.940377e+15	4.319718e+01	2.206927e+01	8.942740e+15
14590	5.940616e+15	4.171455e+01	2.206245e+01	1.049452e+16
14591	5.940860e+15	3.675843e+01	2.209641e+01	9.361476e+15
14592	5.941108e+15	3.466073e+01	2.258934e+01	6.521477e+15
14593	5.941360e+15	3.758285e+01	2.394675e+01	4.465388e+15
14594	5.941608e+15	4.512193e+01	2.453972e+01	1.231987e+16
14595	5.941849e+15	4.729732e+01	2.343933e+01	1.241866e+16
14596	5.942088e+15	4.952297e+01	2.408141e+01	5.301869e+15
14597	5.942325e+15	4.509809e+01	2.355695e+01	1.316794e+16
14598	5.942566e+15	4.619454e+01	2.562747e+01	1.312694e+16
14599	5.942800e+15	3.748924e+01	2.389635e+01	6.966177e+15
14600	5.943040e+15	3.764526e+01	2.594089e+01	1.820475e+16
14601	5.943272e+15	4.650918e+01	2.496549e+01	6.671260e+15
14602	5.943502e+15	4.954118e+01	2.544942e+01	1.047217e+16
14603	5.943726e+15	5.250368e+01	2.452124e+01	1.267715e+16
14604	5.943946e+15	5.016590e+01	2.373981e+01	1.257075e+16
14605	5.944172e+15	4.612288e+01	2.464424e+01	5.095750e+15
14606	5.944398e+15	4.220023e+01	2.418391e+01	9.690480e+15
14607	5.944627e+15	4.058122e+01	2.455905e+01	1.067523e+16
14608	5.944865e+15	4.650398e+01	2.622149e+01	1.526478e+16
14609	5.945109e+15	5.249130e+01	2.777865e+01	2.054274e+16
14610	5.945353e+15	4.814021e+01	2.806087e+01	6.315799e+15
14611	5.945597e+15	4.176578e+01	2.742496e+01	1.709109e+16
14612	5.945844e+15	3.870676e+01	2.771546e+01	1.988159e+16
14613	5.946093e+15	3.983712e+01	2.826792e+01	1.038864e+16
14614	5.946343e+15	3.744261e+01	2.741030e+01	1.296096e+16
14615	5.946597e+15	3.836159e+01	2.453886e+01	1.568290e+16
14616	5.946874e+15	4.826318e+01	2.708725e+01	8.970991e+15
14617	5.947158e+15	4.253366e+01	2.914103e+01	8.174263e+15
14618	5.947431e+15	3.173361e+01	2.623160e+01	9.435232e+15
14619	5.947716e+15	3.632100e+01	2.910268e+01	1.824847e+16
14620	5.947990e+15	4.072600e+01	2.799215e+01	1.259256e+16
14621	5.948260e+15	4.328284e+01	2.921181e+01	1.319096e+16
14622	5.948517e+15	4.835965e+01	2.884226e+01	1.176261e+16
14623	5.948763e+15	5.354011e+01	2.772640e+01	8.676485e+15
14624	5.949002e+15	5.193629e+01	2.872595e+01	1.239819e+16
14625	5.949231e+15	4.556881e+01	2.743080e+01	9.390195e+15
14626	5.949455e+15	4.954555e+01	2.811667e+01	7.614585e+15
14627	5.949668e+15	5.165952e+01	2.629829e+01	1.292744e+16
14628	5.949879e+15	5.736113e+01	2.595151e+01	8.780623e+15
14629	5.950087e+15	5.440372e+01	2.533663e+01	5.135147e+15
14630	5.950293e+15	4.660438e+01	2.498153e+01	5.535719e+15
14631	5.950501e+15	5.002201e+01	2.676354e+01	1.653576e+16
14632	5.950703e+15	5.689141e+01	2.597051e+01	1.200171e+16
14633	5.950905e+15	5.584179e+01	2.655338e+01	1.191557e+16
14634	5.951105e+15	4.883471e+01	2.548674e+01	1.012839e+16
14635	5.951312e+15	4.936084e+01	2.756694e+01	9.771621e+15
14636	5.951515e+15	4.922215e+01	2.580397e+01	1.285579e+16
14637	5.951725e+15	4.764556e+01	2.649170e+01	1.070825e+16
14638	5.951935e+15	5.114101e+01	2.560279e+01	1.208269e+16
14639	5.952150e+15	5.651522e+01	2.493922e+01	9.908814e+15
14640	5.952371e+15	5.041181e+01	2.564803e+01	7.765026e+15
14641	5.952596e+15	5.326346e+01	2.652550e+01	9.545479e+15
14642	5.952817e+15	5.093591e+01	2.766461e+01	8.318572e+15
14643	5.953035e+15	4.583893e+01	2.789146e+01	8.880981e+15
14644	5.953249e+15	5.454252e+01	2.557084e+01	9.623699e+15
14645	5.953469e+15	5.036412e+01	2.695498e+01	1.272690e+16
14646	5.953685e+15	4.102273e+01	2.429131e+01	5.479537e+15
14647	5.953906e+15	4.107859e+01	2.314234e+01	8.623436e+15
14648	5.954138e+15	4.589099e+01	2.629548e+01	1.179061e+16
14649	5.954361e+15	4.194613e+01	2.334813e+01	8.163221e+14
14650	5.954599e+15	4.162391e+01	2.625529e+01	4.032828e+15
14651	5.954832e+15	4.741368e+01	2.657254e+01	5.834790e+15
14652	5.955056e+15	5.757541e+01	2.653728e+01	8.521605e+15
14653	5.955272e+15	5.906999e+01	2.597588e+01	5.628045e+15
14654	5.955483e+15	6.075286e+01	2.636750e+01	1.100802e+16
14655	5.955689e+15	5.572423e+01	2.639402e+01	8.889628e+15
14656	5.955890e+15	5.601501e+01	2.585537e+01	9.386934e+15
14657	5.956089e+15	6.360362e+01	2.592472e+01	9.706256e+15
14658	5.956285e+15	5.626873e+01	2.605194e+01	1.826939e+15
14659	5.956477e+15	5.134196e+01	2.565952e+01	2.722375e+15
14660	5.956666e+15	5.309505e+01	2.415423e+01	1.315243e+16
14661	5.956859e+15	4.851580e+01	2.453273e+01	7.999671e+15
14662	5.957050e+15	4.740915e+01	2.377811e+01	8.651849e+15
14663	5.957246e+15	4.786757e+01	2.351161e+01	1.308627e+16
14664	5.957448e+15	4.770557e+01	2.340506e+01	5.857526e+15
14665	5.957657e+15	4.466730e+01	2.300385e+01	3.852182e+15
14666	5.957879e+15	4.437861e+01	2.416233e+01	8.098231e+14
14667	5.958105e+15	4.823439e+01	2.414298e+01	8.755859e+15
14668	5.958334e+15	4.419645e+01	2.500536e+01	2.698035e+15
14669	5.958563e+15	4.763983e+01	2.633625e+01	1.054054e+16
14670	5.958783e+15	4.681215e+01	2.661470e+01	5.846799e+15
14671	5.958997e+15	5.399943e+01	2.699255e+01	4.211766e+15
14672	5.959206e+15	5.611163e+01	2.764042e+01	1.144073e+16
14673	5.959409e+15	5.076619e+01	2.580813e+01	7.777025e+15
14674	5.959612e+15	5.901667e+01	2.713661e+01	7.471292e+15
14675	5.959815e+15	5.793007e+01	2.746523e+01	1.021256e+16
14676	5.960017e+15	5.208157e+01	2.741284e+01	1.035713e+16
14677	5.960215e+15	5.723374e+01	2.668436e+01	1.471936e+16
14678	5.960412e+15	5.498816e+01	2.634792e+01	1.517275e+16
14679	5.960610e+15	5.566500e+01	2.665240e+01	9.326176e+15
14680	5.960809e+15	5.319717e+01	2.420606e+01	1.008002e+16
14681	5.961023e+15	6.362471e+01	2.690100e+01	8.984299e+15
14682	5.961239e+15	5.497098e+01	2.843766e+01	2.249387e+16
14683	5.961452e+15	4.620520e+01	2.787847e+01	9.383372e+15
14684	5.961666e+15	5.455079e+01	2.723066e+01	9.097141e+15
14685	5.961879e+15	5.952816e+01	2.750820e+01	1.587503e+16
14686	5.962088e+15	6.512268e+01	2.881806e+01	1.368896e+16
14687	5.962291e+15	6.143467e+01	2.597843e+01	2.220010e+16
14688	5.962499e+15	6.193303e+01	2.741457e+01	1.273626e+16
14689	5.962701e+15	5.269596e+01	2.655145e+01	1.613575e+16
14690	5.962905e+15	5.338731e+01	2.691324e+01	6.953524e+15
14691	5.963109e+15	5.201966e+01	2.746767e+01	1.123140e+16
14692	5.963314e+15	6.434604e+01	2.851998e+01	5.917998e+15
14693	5.963514e+15	6.843923e+01	2.701684e+01	1.639500e+16
14694	5.963717e+15	6.095053e+01	2.874809e+01	1.545948e+16
14695	5.963920e+15	4.883587e+01	2.799894e+01	1.456904e+16
14696	5.964130e+15	5.412264e+01	3.036674e+01	2.157674e+16
14697	5.964337e+15	5.881053e+01	2.942659e+01	1.717752e+16
14698	5.964549e+15	5.849316e+01	3.146176e+01	1.219215e+16
14699	5.964754e+15	6.566447e+01	2.905588e+01	1.325324e+16
14700	5.964968e+15	6.457777e+01	3.159195e+01	1.007291e+16
14701	5.965177e+15	4.268239e+01	2.914527e+01	7.724367e+15
14702	5.965397e+15	4.385557e+01	3.009828e+01	1.430012e+16
14703	5.965618e+15	4.931315e+01	2.949502e+01	9.891837e+15
14704	5.965845e+15	4.667746e+01	3.258890e+01	1.120462e+16
14705	5.966065e+15	4.538736e+01	2.825250e+01	9.346068e+15
14706	5.966299e+15	4.887694e+01	3.108826e+01	1.150298e+16
14707	5.966532e+15	4.599731e+01	2.794925e+01	1.029610e+16
14708	5.966780e+15	4.360251e+01	2.798226e+01	8.655571e+15
14709	5.967048e+15	4.808188e+01	3.139360e+01	1.295259e+16
14710	5.967308e+15	4.492653e+01	3.114660e+01	2.012113e+16
14711	5.967563e+15	4.740918e+01	3.091915e+01	7.991026e+15
14712	5.967813e+15	5.231388e+01	3.060234e+01	7.380011e+15
14713	5.968056e+15	5.671827e+01	3.082479e+01	2.191776e+16
14714	5.968291e+15	5.303350e+01	2.930931e+01	8.967639e+15
14715	5.968526e+15	4.713344e+01	3.027243e+01	1.354557e+16
14716	5.968757e+15	4.633161e+01	2.960885e+01	2.069836e+16
14717	5.968984e+15	4.918775e+01	2.932377e+01	2.969113e+15
14718	5.969208e+15	6.299511e+01	3.043874e+01	7.466937e+15
14719	5.969424e+15	5.694069e+01	2.793918e+01	9.396254e+15
14720	5.969641e+15	4.782486e+01	2.777054e+01	1.249802e+16
14721	5.969858e+15	5.462889e+01	2.833618e+01	1.951038e+16
14722	5.970069e+15	5.824391e+01	2.607731e+01	7.847652e+15
14723	5.970286e+15	5.399089e+01	2.770757e+01	1.441270e+16
14724	5.970496e+15	5.303143e+01	2.588014e+01	1.389207e+16
14725	5.970709e+15	5.900111e+01	2.555728e+01	5.743811e+15
14726	5.970923e+15	5.673499e+01	2.675856e+01	8.171836e+15
14727	5.971132e+15	5.586128e+01	2.607337e+01	1.107245e+16
14728	5.971343e+15	5.397208e+01	2.656742e+01	1.042417e+16
14729	5.971553e+15	6.039489e+01	2.695221e+01	9.574769e+15
14730	5.971761e+15	6.017490e+01	2.746786e+01	1.023806e+16
14731	5.971964e+15	5.546118e+01	2.740169e+01	4.090782e+15
14732	5.972165e+15	4.716526e+01	2.638959e+01	2.097097e+16
14733	5.972370e+15	5.237677e+01	2.726302e+01	7.865231e+15
14734	5.972574e+15	5.508401e+01	2.687515e+01	9.487187e+15
14735	5.972780e+15	5.344811e+01	2.836658e+01	8.782418e+15
14736	5.972983e+15	4.956288e+01	2.769801e+01	2.672000e+16
14737	5.973189e+15	4.516881e+01	2.733089e+01	1.464515e+16
14738	5.973395e+15	4.759972e+01	2.891502e+01	8.241532e+15
14739	5.973597e+15	4.710438e+01	2.710944e+01	1.425136e+16
14740	5.973808e+15	5.119093e+01	2.839252e+01	1.219604e+16
14741	5.974020e+15	4.963135e+01	2.831974e+01	2.175946e+16
14742	5.974232e+15	4.938405e+01	2.847297e+01	7.276177e+15
14743	5.974445e+15	4.258109e+01	2.849561e+01	1.000681e+16
14744	5.974663e+15	4.357340e+01	2.853432e+01	1.242887e+16
14745	5.974881e+15	4.851597e+01	2.752434e+01	6.879276e+15
14746	5.975099e+15	4.754011e+01	2.733014e+01	1.022985e+16
14747	5.975317e+15	4.662723e+01	2.712545e+01	1.045594e+16
14748	5.975534e+15	4.625661e+01	2.637261e+01	4.811401e+15
14749	5.975752e+15	4.373824e+01	2.900172e+01	4.751843e+15
14750	5.975962e+15	4.894398e+01	2.815865e+01	1.419309e+16
14751	5.976169e+15	5.389381e+01	2.767880e+01	8.457000e+15
14752	5.976372e+15	6.144011e+01	2.792406e+01	8.169322e+15
14753	5.976567e+15	6.629992e+01	2.687778e+01	1.180897e+16
14754	5.976760e+15	7.018923e+01	2.605456e+01	4.001268e+15
14755	5.976952e+15	7.330358e+01	2.706403e+01	4.842099e+15
14756	5.977138e+15	5.894764e+01	2.530397e+01	9.652267e+15
14757	5.977327e+15	6.022730e+01	2.700571e+01	5.169155e+15
14758	5.977508e+15	6.084915e+01	2.345618e+01	2.452632e+15
14759	5.977701e+15	7.825154e+01	2.701473e+01	7.915950e+15
14760	5.977888e+15	7.095061e+01	2.566269e+01	1.079076e+16
14761	5.978079e+15	6.894882e+01	2.735801e+01	4.962546e+15
14762	5.978266e+15	5.579135e+01	2.642033e+01	7.215298e+15
14763	5.978453e+15	4.996625e+01	2.671131e+01	1.216860e+16
14764	5.978640e+15	5.337315e+01	2.555405e+01	6.901019e+15
14765	5.978831e+15	5.808991e+01	2.634893e+01	9.312079e+15
14766	5.979020e+15	6.764232e+01	2.654179e+01	5.824526e+15
14767	5.979207e+15	5.948461e+01	2.406935e+01	6.371380e+15
14768	5.979406e+15	5.086364e+01	2.591869e+01	1.396199e+16
14769	5.979607e+15	5.072028e+01	2.516281e+01	4.086188e+15
14770	5.979815e+15	5.048661e+01	2.684692e+01	6.470224e+15
14771	5.980024e+15	5.066367e+01	2.550827e+01	8.426042e+15
14772	5.980239e+15	6.546780e+01	2.859031e+01	1.621023e+16
14773	5.980445e+15	5.684366e+01	2.755551e+01	1.073930e+16
14774	5.980647e+15	6.113876e+01	2.778381e+01	1.388607e+16
14775	5.980845e+15	6.320270e+01	2.843874e+01	1.282481e+16
14776	5.981038e+15	6.554300e+01	2.789691e+01	8.389531e+15
14777	5.981230e+15	5.904076e+01	2.806188e+01	5.279504e+15
14778	5.981419e+15	4.873440e+01	2.683887e+01	8.675899e+15
14779	5.981610e+15	5.928410e+01	2.883138e+01	9.544868e+15
14780	5.981792e+15	6.266048e+01	2.632748e+01	5.559047e+15
14781	5.981974e+15	6.483594e+01	2.695880e+01	7.037110e+15
14782	5.982157e+15	6.009502e+01	2.702092e+01	6.356573e+15
14783	5.982339e+15	5.494487e+01	2.657919e+01	9.431516e+15
14784	5.982520e+15	5.570153e+01	2.606561e+01	4.113041e+15
14785	5.982702e+15	5.452121e+01	2.563594e+01	5.011922e+15
14786	5.982887e+15	6.397515e+01	2.597373e+01	1.274553e+16
14787	5.983074e+15	5.319751e+01	2.408767e+01	2.457169e+15
14788	5.983279e+15	4.648641e+01	2.670979e+01	1.420842e+16
14789	5.983485e+15	4.552026e+01	2.636695e+01	5.566180e+15
14790	5.983698e+15	4.784060e+01	2.899168e+01	6.942488e+15
14791	5.983904e+15	4.846670e+01	2.860871e+01	1.204412e+16
14792	5.984106e+15	4.682885e+01	2.625629e+01	9.491953e+15
14793	5.984318e+15	4.597135e+01	2.692809e+01	1.238340e+16
14794	5.984537e+15	5.503901e+01	3.147440e+01	9.854737e+15
14795	5.984735e+15	5.371421e+01	2.676347e+01	1.072692e+16
14796	5.984938e+15	5.246476e+01	2.846431e+01	8.175529e+15
14797	5.985138e+15	6.030994e+01	2.859385e+01	1.048708e+16
14798	5.985336e+15	5.467714e+01	2.815985e+01	1.533051e+16
14799	5.985537e+15	5.497461e+01	2.889631e+01	6.850145e+15
14800	5.985733e+15	5.446073e+01	2.733399e+01	9.274335e+15
14801	5.985932e+15	5.251077e+01	2.909563e+01	1.503722e+16
14802	5.986128e+15	4.890949e+01	2.805791e+01	1.422774e+16
14803	5.986323e+15	5.168517e+01	2.694920e+01	1.108243e+16
14804	5.986518e+15	5.477884e+01	2.797653e+01	1.692708e+16
14805	5.986710e+15	5.512597e+01	2.839743e+01	8.056765e+15
14806	5.986900e+15	5.284893e+01	2.850146e+01	8.879883e+15
14807	5.987089e+15	5.914487e+01	2.989736e+01	5.713041e+15
14808	5.987274e+15	6.461672e+01	2.897378e+01	1.163597e+16
14809	5.987462e+15	6.389438e+01	3.117393e+01	1.503363e+16
14810	5.987646e+15	5.840449e+01	2.996730e+01	1.169950e+16
14811	5.987829e+15	5.453051e+01	2.932478e+01	7.721083e+15
14812	5.988015e+15	6.695850e+01	3.126518e+01	7.742305e+15
14813	5.988196e+15	6.455121e+01	2.986533e+01	7.177228e+15
14814	5.988380e+15	4.934992e+01	2.918368e+01	1.288322e+16
14815	5.988569e+15	5.152423e+01	2.800871e+01	3.002599e+15
14816	5.988765e+15	5.683873e+01	2.912022e+01	1.318134e+16
14817	5.988965e+15	5.766121e+01	3.210050e+01	8.812266e+15
14818	5.989158e+15	4.586645e+01	2.773037e+01	8.172374e+15
14819	5.989365e+15	4.936333e+01	3.071350e+01	1.038879e+16
14820	5.989570e+15	5.685602e+01	2.903655e+01	1.128568e+16
14821	5.989779e+15	5.413022e+01	3.045582e+01	8.929797e+15
14822	5.989990e+15	5.677193e+01	3.079632e+01	1.024411e+16
14823	5.990198e+15	5.502594e+01	2.968497e+01	1.145326e+16
14824	5.990406e+15	6.035325e+01	2.973143e+01	6.614759e+15
14825	5.990611e+15	5.847413e+01	2.948218e+01	1.231008e+16
14826	5.990815e+15	6.230264e+01	2.977108e+01	8.694225e+15
14827	5.991012e+15	6.269830e+01	3.003549e+01	7.351025e+15
14828	5.991203e+15	6.211259e+01	2.864843e+01	8.165934e+15
14829	5.991397e+15	6.224958e+01	2.960877e+01	1.480015e+16
14830	5.991588e+15	5.603691e+01	2.914348e+01	1.081504e+16
14831	5.991781e+15	5.777671e+01	2.892478e+01	5.352354e+15
14832	5.991972e+15	6.577446e+01	2.931382e+01	1.762816e+16
14833	5.992163e+15	7.057064e+01	2.838669e+01	1.029627e+16
14834	5.992358e+15	5.276653e+01	2.865009e+01	6.212035e+15
14835	5.992556e+15	6.009330e+01	2.967737e+01	1.350737e+16
14836	5.992753e+15	5.904729e+01	2.932675e+01	6.592696e+15
14837	5.992951e+15	6.234047e+01	2.973255e+01	1.013096e+16
14838	5.993150e+15	6.834668e+01	2.942072e+01	8.621199e+15
14839	5.993349e+15	5.502070e+01	2.957714e+01	2.602503e+15
14840	5.993549e+15	5.264211e+01	3.127982e+01	1.099901e+16
14841	5.993742e+15	6.259753e+01	2.940627e+01	6.949800e+15
14842	5.993939e+15	6.377775e+01	2.990637e+01	8.176367e+15
14843	5.994134e+15	6.023910e+01	2.971901e+01	7.302440e+15
14844	5.994327e+15	6.003862e+01	2.727937e+01	8.161441e+15
14845	5.994528e+15	6.687967e+01	2.983099e+01	7.912678e+15
14846	5.994724e+15	5.802113e+01	2.925817e+01	1.390652e+15
14847	5.994918e+15	5.034523e+01	2.885739e+01	2.016700e+15
14848	5.995111e+15	6.175459e+01	2.822127e+01	5.066640e+15
14849	5.995302e+15	7.335474e+01	2.820898e+01	9.475620e+15
14850	5.995493e+15	6.813855e+01	2.848500e+01	9.171230e+15
14851	5.995681e+15	6.163205e+01	2.704014e+01	7.082725e+15
14852	5.995873e+15	6.441602e+01	2.870468e+01	5.194573e+15
14853	5.996060e+15	7.235037e+01	2.704991e+01	9.617287e+15
14854	5.996250e+15	7.415223e+01	2.824296e+01	8.688594e+15
14855	5.996436e+15	6.636793e+01	2.658487e+01	5.797876e+15
14856	5.996621e+15	6.663977e+01	2.646054e+01	5.437623e+15
14857	5.996809e+15	6.774997e+01	2.727456e+01	1.072270e+16
14858	5.996995e+15	6.595628e+01	2.629127e+01	4.258248e+15
14859	5.997183e+15	6.327199e+01	2.596127e+01	7.452145e+15
14860	5.997374e+15	6.451285e+01	2.643947e+01	5.342478e+15
14861	5.997563e+15	6.118039e+01	2.490552e+01	6.141916e+15
14862	5.997761e+15	6.619107e+01	2.708887e+01	8.611178e+15
14863	5.997954e+15	6.332345e+01	2.583570e+01	1.707388e+16
14864	5.998150e+15	6.230783e+01	2.503824e+01	7.273762e+15
14865	5.998354e+15	5.847909e+01	2.578017e+01	6.291738e+15
14866	5.998561e+15	4.931670e+01	2.498496e+01	6.818061e+15
14867	5.998775e+15	5.075162e+01	2.613256e+01	7.447073e+15
14868	5.998989e+15	6.134717e+01	2.793766e+01	8.296220e+15
14869	5.999196e+15	5.257795e+01	2.609961e+01	1.486917e+16
14870	5.999408e+15	4.751025e+01	2.692650e+01	1.117416e+16
14871	5.999617e+15	5.963265e+01	2.592403e+01	6.346792e+15
14872	5.999825e+15	6.378096e+01	2.552872e+01	1.224264e+16
14873	6.000035e+15	6.202762e+01	2.675716e+01	9.885334e+15
14874	6.000236e+15	5.106618e+01	2.496878e+01	1.079562e+16
14875	6.000441e+15	4.853256e+01	2.536482e+01	6.751044e+15
14876	6.000645e+15	5.829971e+01	2.540516e+01	5.117165e+15
14877	6.000844e+15	5.573676e+01	2.479266e+01	6.562171e+15
14878	6.001040e+15	6.151359e+01	2.346645e+01	1.201708e+16
14879	6.001235e+15	7.397894e+01	2.314660e+01	1.201594e+16
14880	6.001430e+15	6.002982e+01	2.312076e+01	1.779566e+16
14881	6.001623e+15	5.526472e+01	2.247160e+01	1.106162e+16
14882	6.001816e+15	5.526722e+01	2.207473e+01	7.148482e+15
14883	6.002010e+15	5.578845e+01	2.339808e+01	9.250029e+15
14884	6.002197e+15	5.554115e+01	2.019070e+01	7.337692e+15
14885	6.002391e+15	5.686432e+01	2.125604e+01	1.478737e+16
14886	6.002589e+15	5.517536e+01	2.137381e+01	8.142906e+15
14887	6.002789e+15	5.248191e+01	2.048039e+01	7.548666e+15
14888	6.002998e+15	5.818090e+01	2.235784e+01	6.170360e+15
14889	6.003201e+15	7.156873e+01	2.197772e+01	6.460136e+15
14890	6.003404e+15	7.136228e+01	2.253804e+01	6.671152e+15
14891	6.003607e+15	5.990987e+01	2.306415e+01	7.883587e+15
14892	6.003810e+15	5.276496e+01	2.182801e+01	1.451553e+16
14893	6.004010e+15	3.788584e+01	2.252620e+01	9.920731e+14
14894	6.004209e+15	3.577343e+01	2.287792e+01	8.748426e+15
14895	6.004402e+15	3.454629e+01	2.141590e+01	7.979652e+15
14896	6.004600e+15	3.933497e+01	2.179718e+01	1.019233e+16
14897	6.004798e+15	4.034438e+01	2.168347e+01	8.965466e+15
14898	6.004998e+15	4.256005e+01	2.227344e+01	9.266780e+15
14899	6.005195e+15	4.347287e+01	2.096234e+01	8.699541e+15
14900	6.005398e+15	4.326516e+01	2.110674e+01	1.049372e+16
14901	6.005605e+15	3.377807e+01	2.005585e+01	1.453506e+15
14902	6.005825e+15	4.070100e+01	2.258428e+01	1.232855e+16
14903	6.006044e+15	5.131236e+01	2.224834e+01	8.273451e+15
14904	6.006257e+15	5.576130e+01	2.246801e+01	1.226680e+16
14905	6.006468e+15	5.534750e+01	2.299710e+01	1.023573e+16
14906	6.006676e+15	5.150662e+01	2.224687e+01	1.202027e+16
14907	6.006888e+15	5.140383e+01	2.396248e+01	8.337861e+15
14908	6.007095e+15	4.948774e+01	2.540627e+01	1.332520e+16
14909	6.007299e+15	5.562974e+01	2.463610e+01	8.108289e+15
14910	6.007504e+15	8.388254e+01	3.383109e+01	7.121477e+15
14911	6.007655e+15	6.969698e+01	2.898040e+01	7.012282e+15
14912	6.007800e+15	6.428435e+01	2.837070e+01	1.295732e+15
14913	6.007941e+15	6.340365e+01	2.732583e+01	1.616995e+15
14914	6.008081e+15	7.305891e+01	2.661935e+01	1.108197e+16
14915	6.008218e+15	1.022262e+02	2.539239e+01	1.523636e+16
14916	6.008356e+15	9.345263e+01	2.424863e+01	5.361108e+15
14917	6.008496e+15	6.493099e+01	2.222877e+01	5.129882e+15
14918	6.008642e+15	6.087786e+01	2.314815e+01	5.163122e+14
14919	6.008790e+15	4.785357e+01	2.028722e+01	8.143310e+15
14920	6.008953e+15	4.506679e+01	2.108680e+01	4.153778e+15
14921	6.009127e+15	4.831520e+01	1.958843e+01	4.782566e+15
14922	6.009324e+15	4.673154e+01	1.985633e+01	8.660918e+15
14923	6.009546e+15	4.312412e+01	2.039318e+01	9.991057e+15
14924	6.009792e+15	4.458704e+01	2.171042e+01	1.083604e+16
14925	6.010058e+15	4.719701e+01	2.467134e+01	9.925815e+15
14926	6.010320e+15	4.851169e+01	2.450488e+01	1.051909e+16
14927	6.010575e+15	4.713373e+01	2.492435e+01	8.596994e+15
14928	6.010821e+15	3.982615e+01	2.529740e+01	1.171487e+16
14929	6.011054e+15	3.415631e+01	2.361141e+01	1.881476e+16
14930	6.011290e+15	4.552452e+01	2.604212e+01	1.434561e+16
14931	6.011511e+15	5.549796e+01	2.443646e+01	5.779176e+15
14932	6.011728e+15	5.690284e+01	2.283916e+01	1.050267e+16
14933	6.011946e+15	5.612479e+01	2.532465e+01	7.089153e+15
14934	6.012153e+15	4.605267e+01	2.357819e+01	9.083812e+15
14935	6.012364e+15	4.645770e+01	2.491144e+01	8.296959e+15
14936	6.012575e+15	4.626961e+01	2.398338e+01	5.675769e+15
14937	6.012786e+15	5.091069e+01	2.580413e+01	8.048768e+15
14938	6.012993e+15	6.185348e+01	2.406917e+01	1.432542e+16
14939	6.013208e+15	5.267143e+01	2.525568e+01	1.408430e+16
14940	6.013423e+15	3.882271e+01	2.487594e+01	2.325519e+16
14941	6.013640e+15	4.146734e+01	2.484919e+01	1.812609e+16
14942	6.013861e+15	3.497771e+01	2.812527e+01	4.516958e+15
14943	6.014084e+15	3.939489e+01	2.870104e+01	9.409946e+15
14944	6.014307e+15	3.988778e+01	2.478928e+01	6.593545e+15
14945	6.014553e+15	4.306630e+01	2.704559e+01	9.997589e+15
14946	6.014802e+15	4.353814e+01	2.697147e+01	2.105679e+16
14947	6.015055e+15	4.634757e+01	2.937567e+01	1.510542e+16
14948	6.015292e+15	4.091861e+01	2.601943e+01	1.106841e+16
14949	6.015534e+15	3.438375e+01	2.805087e+01	2.018036e+16
14950	6.015769e+15	3.870923e+01	2.849420e+01	1.232372e+16
14951	6.015993e+15	4.525095e+01	2.719359e+01	1.098956e+16
14952	6.016209e+15	5.274213e+01	2.668163e+01	1.408389e+16
14953	6.016418e+15	5.974061e+01	2.647158e+01	1.626070e+16
14954	6.016622e+15	6.547511e+01	2.690278e+01	1.052401e+16
14955	6.016823e+15	6.541941e+01	2.749015e+01	9.022239e+15
14956	6.017022e+15	5.848673e+01	2.681368e+01	1.287800e+16
14957	6.017221e+15	5.446906e+01	2.524691e+01	1.030253e+16
14958	6.017421e+15	5.678503e+01	2.785656e+01	1.585759e+16
14959	6.017613e+15	5.793864e+01	2.664152e+01	1.419888e+16
14960	6.017810e+15	5.200063e+01	2.810098e+01	5.021515e+15
14961	6.018007e+15	5.426994e+01	2.731958e+01	7.199729e+15
14962	6.018206e+15	5.023321e+01	2.616392e+01	8.538788e+15
14963	6.018417e+15	5.114532e+01	2.916502e+01	1.591976e+16
14964	6.018623e+15	5.609222e+01	2.390431e+01	6.292595e+15
14965	6.018854e+15	5.844824e+01	2.906889e+01	3.847684e+15
14966	6.019082e+15	4.594471e+01	2.661651e+01	3.182180e+15
14967	6.019323e+15	4.257986e+01	2.897515e+01	1.232353e+16
14968	6.019562e+15	4.891198e+01	2.892893e+01	5.445074e+15
14969	6.019798e+15	4.305220e+01	2.777753e+01	6.857543e+15
14970	6.020041e+15	4.498151e+01	2.883379e+01	1.135825e+16
14971	6.020283e+15	4.656401e+01	2.815831e+01	1.955091e+16
14972	6.020529e+15	4.946817e+01	2.908097e+01	1.250223e+16
14973	6.020771e+15	4.481484e+01	2.877713e+01	1.024457e+16
14974	6.021010e+15	4.758580e+01	2.909079e+01	1.268688e+16
14975	6.021242e+15	4.767662e+01	2.767696e+01	9.105671e+15
14976	6.021471e+15	4.665474e+01	2.753875e+01	1.715284e+16
14977	6.021695e+15	4.796159e+01	2.737320e+01	9.457668e+15
14978	6.021916e+15	5.601339e+01	2.777641e+01	1.841410e+16
14979	6.022133e+15	5.540909e+01	2.851142e+01	9.693298e+15
14980	6.022346e+15	5.727549e+01	2.912832e+01	9.263514e+15
14981	6.022553e+15	5.546364e+01	2.950644e+01	8.770938e+15
14982	6.022757e+15	5.775006e+01	2.926935e+01	7.110715e+15
14983	6.022958e+15	5.833673e+01	2.919779e+01	1.266909e+16
14984	6.023155e+15	5.921769e+01	2.894989e+01	9.800718e+15
14985	6.023349e+15	6.337284e+01	2.838225e+01	5.774065e+15
14986	6.023540e+15	6.632343e+01	2.777226e+01	7.512664e+15
14987	6.023727e+15	6.005932e+01	2.622625e+01	1.237165e+16
14988	6.023917e+15	6.150619e+01	2.754074e+01	1.033723e+16
14989	6.024103e+15	6.816366e+01	2.639372e+01	8.137835e+15
14990	6.024288e+15	6.542639e+01	2.634145e+01	4.786485e+15
14991	6.024473e+15	6.002477e+01	2.614260e+01	6.030331e+15
14992	6.024658e+15	6.175979e+01	2.583406e+01	6.333487e+15
14993	6.024842e+15	6.715517e+01	2.539182e+01	5.811851e+15
14994	6.025027e+15	6.178326e+01	2.482201e+01	6.637991e+15
14995	6.025217e+15	6.752526e+01	2.633002e+01	3.165534e+15
14996	6.025405e+15	5.550122e+01	2.510830e+01	2.376631e+15
14997	6.025597e+15	5.694460e+01	2.719719e+01	9.522450e+15
14998	6.025781e+15	6.257190e+01	2.540787e+01	5.825846e+15
14999	6.025969e+15	6.247381e+01	2.703096e+01	8.831088e+15
15000	6.026150e+15	6.859571e+01	2.636816e+01	2.139526e+15
15001	6.026332e+15	6.805378e+01	2.593854e+01	3.073460e+15
15002	6.026519e+15	6.004746e+01	2.778865e+01	3.419861e+15
15003	6.026702e+15	5.618527e+01	2.731429e+01	1.233016e+16
15004	6.026884e+15	5.084455e+01	2.590457e+01	7.228812e+15
15005	6.027073e+15	5.508795e+01	2.785907e+01	6.069772e+15
15006	6.027258e+15	5.378483e+01	2.475200e+01	6.292490e+15
15007	6.027449e+15	4.928629e+01	2.388976e+01	7.342577e+15
15008	6.027649e+15	4.932200e+01	2.464344e+01	8.272586e+15
15009	6.027852e+15	5.487706e+01	2.474370e+01	1.273584e+16
15010	6.028057e+15	5.616733e+01	2.425017e+01	6.141919e+15
15011	6.028270e+15	6.202291e+01	2.759288e+01	8.573084e+15
15012	6.028472e+15	6.178238e+01	2.655135e+01	1.455945e+16
15013	6.028668e+15	6.101197e+01	2.472142e+01	4.832989e+15
15014	6.028868e+15	5.596096e+01	2.390051e+01	7.597103e+15
15015	6.029070e+15	4.620676e+01	2.394673e+01	7.025560e+15
15016	6.029275e+15	5.278710e+01	2.590953e+01	4.838653e+15
15017	6.029474e+15	6.239057e+01	2.558323e+01	1.094818e+16
15018	6.029673e+15	6.733974e+01	2.773545e+01	8.820503e+15
15019	6.029860e+15	6.359774e+01	2.581998e+01	9.741083e+15
15020	6.030048e+15	5.720330e+01	2.612187e+01	8.230937e+15
15021	6.030238e+15	6.235752e+01	2.704088e+01	9.373030e+15
15022	6.030424e+15	7.198761e+01	2.932606e+01	4.065766e+15
15023	6.030613e+15	6.750944e+01	2.805287e+01	1.153927e+16
15024	6.030804e+15	5.520404e+01	2.862307e+01	1.348989e+16
15025	6.030995e+15	5.212968e+01	2.800096e+01	4.259530e+15
15026	6.031186e+15	5.992831e+01	2.711373e+01	1.268234e+16
15027	6.031380e+15	5.007251e+01	2.644039e+01	5.703990e+15
15028	6.031578e+15	4.407785e+01	2.561997e+01	9.133786e+15
15029	6.031786e+15	4.571851e+01	2.648353e+01	4.865225e+15
15030	6.031996e+15	5.145170e+01	2.768366e+01	1.813976e+16
15031	6.032204e+15	6.015125e+01	2.731976e+01	1.054418e+16
15032	6.032406e+15	7.490816e+01	2.605649e+01	8.371026e+15
15033	6.032604e+15	7.052740e+01	2.570495e+01	4.800744e+15
15034	6.032800e+15	5.903037e+01	2.639713e+01	8.834573e+15
15035	6.032993e+15	5.568184e+01	2.442658e+01	5.531285e+15
15036	6.033189e+15	6.196145e+01	2.720336e+01	6.455469e+15
15037	6.033375e+15	6.686543e+01	2.657111e+01	5.600507e+15
15038	6.033559e+15	6.116718e+01	2.556970e+01	6.670044e+15
15039	6.033747e+15	5.903612e+01	2.655466e+01	1.693555e+16
15040	6.033934e+15	7.027871e+01	2.726738e+01	9.536225e+15
15041	6.034122e+15	6.555563e+01	2.797757e+01	1.305747e+16
15042	6.034313e+15	4.822243e+01	2.872104e+01	1.806537e+16
15043	6.034508e+15	5.816653e+01	2.955988e+01	5.203940e+15
15044	6.034704e+15	5.018778e+01	2.864605e+01	9.565069e+15
15045	6.034904e+15	4.652891e+01	2.760672e+01	8.184586e+15
15046	6.035114e+15	5.294050e+01	2.741573e+01	9.851378e+15
15047	6.035336e+15	6.917110e+01	3.111659e+01	5.514227e+15
15048	6.035549e+15	6.383927e+01	2.880182e+01	1.034398e+16
15049	6.035773e+15	5.508846e+01	3.172668e+01	2.508044e+15
15050	6.035990e+15	4.295630e+01	2.953858e+01	9.853572e+15
15051	6.036212e+15	3.876135e+01	2.780385e+01	9.092333e+15
15052	6.036433e+15	4.448010e+01	3.308826e+01	4.978634e+15
15053	6.036649e+15	5.484968e+01	3.658026e+01	1.098335e+16
15054	6.036847e+15	6.337919e+01	3.674420e+01	9.675230e+15
15055	6.037030e+15	7.039604e+01	3.665108e+01	6.097169e+15
15056	6.037201e+15	6.306506e+01	3.611403e+01	6.386305e+15
15057	6.037361e+15	6.041647e+01	3.486206e+01	4.347196e+15
15058	6.037514e+15	7.676803e+01	3.672987e+01	8.379949e+15
15059	6.037655e+15	8.188289e+01	3.375727e+01	6.401705e+15
15060	6.037793e+15	8.769686e+01	3.407670e+01	2.012754e+16
15061	6.037925e+15	7.949247e+01	3.131929e+01	4.095484e+15
15062	6.038053e+15	7.828347e+01	2.999689e+01	1.017761e+16
15063	6.038179e+15	1.090389e+02	2.988897e+01	9.201874e+15
15064	6.038302e+15	1.390159e+02	2.784915e+01	1.206095e+16
15065	6.038423e+15	1.517762e+02	2.765184e+01	6.862808e+15
15066	6.038543e+15	1.245305e+02	2.559096e+01	3.698637e+15
15067	6.038664e+15	1.086412e+02	2.590499e+01	5.937009e+15
15068	6.038788e+15	9.417794e+01	2.544291e+01	4.016357e+15
15069	6.038916e+15	7.643172e+01	2.539427e+01	8.944311e+14
15070	6.039052e+15	7.088866e+01	2.518785e+01	3.192964e+15
15071	6.039198e+15	6.624298e+01	2.404564e+01	1.521645e+15
15072	6.039361e+15	6.464248e+01	2.613887e+01	4.821856e+15
15073	6.039530e+15	5.562170e+01	2.350554e+01	1.148357e+16
15074	6.039722e+15	5.437413e+01	2.527869e+01	2.510449e+16
15075	6.039930e+15	5.146728e+01	2.498092e+01	7.073905e+15
15076	6.040156e+15	4.819748e+01	2.594925e+01	7.718627e+15
15077	6.040395e+15	4.818942e+01	2.720353e+01	1.279371e+16
15078	6.040640e+15	4.882946e+01	2.875270e+01	1.312401e+16
15079	6.040883e+15	4.751057e+01	3.063122e+01	1.067683e+16
15080	6.041119e+15	5.061829e+01	3.082072e+01	1.356481e+16
15081	6.041351e+15	5.160850e+01	3.152894e+01	1.289392e+16
15082	6.041581e+15	4.838643e+01	3.124971e+01	1.622380e+16
15083	6.041809e+15	4.893430e+01	2.957604e+01	7.324424e+15
15084	6.042032e+15	4.618375e+01	2.995172e+01	8.558997e+15
15085	6.042251e+15	5.392517e+01	3.037524e+01	1.128648e+16
15086	6.042462e+15	5.847810e+01	2.969774e+01	1.064718e+16
15087	6.042668e+15	5.622663e+01	2.864714e+01	1.102273e+16
15088	6.042873e+15	5.855522e+01	2.851893e+01	1.725259e+15
15089	6.043076e+15	6.097849e+01	2.783574e+01	8.612151e+15
15090	6.043279e+15	7.166004e+01	2.881668e+01	8.737431e+15
15091	6.043476e+15	6.424770e+01	2.979096e+01	1.453130e+16
15092	6.043667e+15	5.560413e+01	2.912148e+01	6.007637e+15
15093	6.043858e+15	6.921734e+01	3.011550e+01	1.293894e+16
15094	6.044048e+15	7.247954e+01	2.858052e+01	4.036760e+15
15095	6.044241e+15	6.453728e+01	2.985682e+01	6.111072e+15
15096	6.044428e+15	5.891738e+01	2.831331e+01	3.727065e+15
15097	6.044613e+15	5.919791e+01	2.900475e+01	6.200387e+15
15098	6.044791e+15	6.746145e+01	2.758770e+01	1.318470e+16
15099	6.044971e+15	7.614619e+01	2.707841e+01	5.259983e+15
15100	6.045153e+15	8.175802e+01	2.742145e+01	3.646309e+15
15101	6.045332e+15	7.491434e+01	2.628864e+01	7.953826e+15
15102	6.045511e+15	7.781838e+01	2.597916e+01	6.313445e+15
15103	6.045691e+15	7.488202e+01	2.598650e+01	5.189305e+15
15104	6.045875e+15	6.927522e+01	2.672713e+01	7.371981e+15
15105	6.046056e+15	6.304478e+01	2.539234e+01	9.608320e+15
15106	6.046238e+15	6.145610e+01	2.547176e+01	9.542165e+15
15107	6.046423e+15	6.113095e+01	2.547115e+01	1.142826e+16
15108	6.046611e+15	5.867765e+01	2.581316e+01	1.144118e+16
15109	6.046800e+15	6.497529e+01	2.623743e+01	1.371958e+16
15110	6.046991e+15	6.636806e+01	2.587065e+01	5.724366e+15
15111	6.047188e+15	5.950111e+01	2.648165e+01	9.572158e+15
15112	6.047390e+15	5.253173e+01	2.766255e+01	9.263662e+15
15113	6.047592e+15	5.606417e+01	2.790376e+01	1.267898e+16
15114	6.047791e+15	5.154183e+01	2.606284e+01	1.144065e+16
15115	6.047992e+15	5.194620e+01	2.733044e+01	1.505191e+16
15116	6.048193e+15	5.226877e+01	2.700121e+01	1.654249e+16
15117	6.048400e+15	5.611173e+01	2.746620e+01	1.253448e+16
15118	6.048611e+15	5.004513e+01	2.812696e+01	1.559269e+16
15119	6.048820e+15	5.280105e+01	2.763891e+01	6.533341e+15
15120	6.049029e+15	5.546348e+01	2.675342e+01	1.480643e+16
15121	6.049241e+15	5.997476e+01	2.653488e+01	1.108629e+16
15122	6.049452e+15	5.982753e+01	2.759502e+01	6.512750e+15
15123	6.049657e+15	5.516307e+01	2.578891e+01	1.765780e+16
15124	6.049869e+15	5.063534e+01	2.514432e+01	1.592510e+16
15125	6.050085e+15	4.808307e+01	2.667491e+01	9.454536e+15
15126	6.050297e+15	5.270236e+01	2.696660e+01	6.261933e+15
15127	6.050507e+15	5.312013e+01	2.589093e+01	9.305391e+15
15128	6.050717e+15	5.710683e+01	2.684075e+01	7.427622e+15
15129	6.050924e+15	5.755394e+01	2.636480e+01	1.106839e+16
15130	6.051131e+15	6.360809e+01	2.817304e+01	1.278209e+16
15131	6.051331e+15	5.655604e+01	2.760507e+01	1.045761e+16
15132	6.051533e+15	5.896588e+01	2.949279e+01	8.161581e+15
15133	6.051731e+15	6.137348e+01	2.826149e+01	1.301283e+16
15134	6.051930e+15	5.715923e+01	2.761708e+01	1.576447e+16
15135	6.052126e+15	5.428185e+01	2.600916e+01	3.936662e+15
15136	6.052323e+15	4.716556e+01	2.696418e+01	8.041098e+15
15137	6.052522e+15	4.710655e+01	2.742260e+01	7.040776e+15
15138	6.052722e+15	4.001588e+01	2.693066e+01	3.060871e+15
15139	6.052927e+15	4.715823e+01	2.838624e+01	1.541343e+16
15140	6.053131e+15	5.119306e+01	2.719367e+01	7.799853e+15
15141	6.053342e+15	5.387453e+01	2.999197e+01	1.030741e+16
15142	6.053546e+15	5.522837e+01	2.629230e+01	1.201443e+16
15143	6.053759e+15	6.039272e+01	2.854030e+01	9.509927e+15
15144	6.053970e+15	5.684059e+01	3.186627e+01	7.370443e+15
15145	6.054161e+15	4.937544e+01	2.665788e+01	1.975906e+16
15146	6.054358e+15	5.135171e+01	2.738984e+01	4.830135e+15
15147	6.054557e+15	5.484378e+01	2.613357e+01	5.464126e+15
15148	6.054757e+15	6.092189e+01	2.765775e+01	1.098479e+16
15149	6.054955e+15	5.553784e+01	2.776368e+01	1.424152e+16
15150	6.055153e+15	5.558719e+01	2.788736e+01	6.699849e+15
15151	6.055352e+15	5.658753e+01	2.835900e+01	7.173654e+15
15152	6.055551e+15	5.237276e+01	2.807384e+01	1.542124e+16
15153	6.055750e+15	4.722019e+01	2.724527e+01	9.868940e+15
15154	6.055957e+15	5.121407e+01	2.883537e+01	1.136196e+16
15155	6.056162e+15	6.350028e+01	2.761904e+01	1.078197e+16
15156	6.056372e+15	5.768149e+01	2.884639e+01	1.535443e+16
15157	6.056581e+15	5.526596e+01	2.937165e+01	4.210806e+15
15158	6.056791e+15	5.459010e+01	3.006232e+01	4.831077e+15
15159	6.056998e+15	5.110227e+01	2.895697e+01	1.083084e+16
15160	6.057210e+15	4.259513e+01	2.977582e+01	6.390005e+15
15161	6.057416e+15	5.390389e+01	2.896393e+01	6.931439e+15
15162	6.057622e+15	6.232282e+01	2.848951e+01	1.525397e+16
15163	6.057828e+15	6.696137e+01	2.912179e+01	1.619405e+16
15164	6.058031e+15	6.244037e+01	2.736763e+01	9.095479e+15
15165	6.058243e+15	6.043908e+01	2.931384e+01	9.208278e+15
15166	6.058451e+15	5.912689e+01	2.840289e+01	1.383854e+16
15167	6.058659e+15	5.331465e+01	2.937830e+01	1.235422e+16
15168	6.058863e+15	5.956313e+01	2.930395e+01	1.236844e+16
15169	6.059064e+15	5.752111e+01	2.788036e+01	7.286800e+15
15170	6.059269e+15	5.411113e+01	3.089339e+01	6.841534e+15
15171	6.059465e+15	5.625132e+01	2.878922e+01	9.686783e+15
15172	6.059661e+15	5.800196e+01	2.898764e+01	7.905242e+15
15173	6.059858e+15	6.563030e+01	2.906088e+01	1.051910e+16
15174	6.060053e+15	5.665645e+01	2.707308e+01	8.184190e+15
15175	6.060255e+15	5.728570e+01	2.879549e+01	1.505579e+16
15176	6.060453e+15	5.883925e+01	2.685826e+01	1.222156e+16
15177	6.060657e+15	5.492981e+01	2.752735e+01	1.191814e+16
15178	6.060854e+15	6.064335e+01	2.586746e+01	2.056772e+16
15179	6.061058e+15	5.976464e+01	2.741703e+01	7.625956e+15
15180	6.061260e+15	6.153766e+01	2.751193e+01	9.808896e+15
15181	6.061460e+15	5.241555e+01	2.610447e+01	9.952083e+15
15182	6.061666e+15	6.029003e+01	2.893738e+01	1.132296e+16
15183	6.061863e+15	6.263067e+01	2.628369e+01	8.592718e+15
15184	6.062064e+15	6.284573e+01	2.724681e+01	8.147165e+15
15185	6.062266e+15	5.535443e+01	2.641697e+01	1.021833e+16
15186	6.062475e+15	5.471562e+01	2.826319e+01	4.139781e+15
15187	6.062680e+15	5.798476e+01	2.791393e+01	2.081993e+16
15188	6.062888e+15	5.383619e+01	2.678967e+01	1.213200e+16
15189	6.063099e+15	5.680328e+01	2.877100e+01	9.613062e+15
15190	6.063309e+15	5.793323e+01	2.819759e+01	1.618616e+16
15191	6.063520e+15	5.641159e+01	2.929461e+01	9.234882e+15
15192	6.063729e+15	5.823760e+01	2.933114e+01	1.239048e+16
15193	6.063937e+15	5.999373e+01	2.850384e+01	1.001993e+16
15194	6.064144e+15	7.688594e+01	2.844816e+01	8.707139e+15
15195	6.064357e+15	7.096753e+01	3.081059e+01	3.282319e+15
15196	6.064566e+15	4.528226e+01	2.853312e+01	9.481367e+15
15197	6.064782e+15	5.083315e+01	3.203773e+01	8.621139e+15
15198	6.064991e+15	4.977632e+01	2.912975e+01	6.027547e+15
15199	6.065204e+15	5.239829e+01	3.315288e+01	7.733026e+15
15200	6.065408e+15	4.946169e+01	2.839370e+01	1.236226e+16
15201	6.065627e+15	5.091744e+01	3.141336e+01	1.294635e+16
15202	6.065841e+15	5.051550e+01	3.036114e+01	9.305419e+15
15203	6.066058e+15	6.496991e+01	3.114598e+01	9.142054e+15
15204	6.066274e+15	6.407075e+01	3.209227e+01	1.504002e+16
15205	6.066484e+15	6.209037e+01	3.109636e+01	3.724834e+15
15206	6.066690e+15	6.375789e+01	3.102825e+01	8.443188e+15
15207	6.066891e+15	6.314149e+01	3.107503e+01	8.601116e+15
15208	6.067091e+15	6.643067e+01	3.295385e+01	1.099211e+16
15209	6.067283e+15	6.883048e+01	3.097987e+01	4.354669e+15
15210	6.067473e+15	7.158089e+01	3.065875e+01	6.925430e+15
15211	6.067664e+15	6.232444e+01	3.109984e+01	1.114830e+16
15212	6.067851e+15	6.132743e+01	2.872946e+01	1.203849e+16
15213	6.068044e+15	5.454377e+01	2.732522e+01	1.337766e+16
15214	6.068246e+15	5.305910e+01	3.031589e+01	1.398800e+16
15215	6.068442e+15	5.313649e+01	2.540659e+01	1.551538e+16
15216	6.068650e+15	5.321191e+01	2.824053e+01	7.531709e+15
15217	6.068860e+15	4.672204e+01	2.748933e+01	1.010683e+16
15218	6.069077e+15	4.407741e+01	2.861293e+01	1.091828e+16
15219	6.069290e+15	5.037771e+01	2.923470e+01	8.711172e+15
15220	6.069497e+15	6.845344e+01	2.900121e+01	1.158453e+16
15221	6.069697e+15	7.503333e+01	2.821714e+01	1.008931e+16
15222	6.069897e+15	7.256492e+01	2.925575e+01	1.215454e+16
15223	6.070090e+15	5.995472e+01	2.697786e+01	1.116389e+16
15224	6.070284e+15	6.028356e+01	2.608812e+01	1.179399e+15
15225	6.070476e+15	7.089948e+01	2.685411e+01	9.553103e+15
15226	6.070664e+15	6.802277e+01	2.631699e+01	9.771903e+15
15227	6.070851e+15	6.011965e+01	2.562556e+01	7.345492e+15
15228	6.071039e+15	5.934861e+01	2.520687e+01	3.353332e+15
15229	6.071227e+15	5.729926e+01	2.551517e+01	7.137257e+15
15230	6.071411e+15	5.989828e+01	2.282115e+01	4.376297e+15
15231	6.071596e+15	5.880532e+01	2.569028e+01	1.385485e+16
15232	6.071783e+15	6.452740e+01	2.639520e+01	1.431231e+16
15233	6.071974e+15	5.733818e+01	2.573330e+01	1.767214e+16
15234	6.072174e+15	5.760165e+01	2.814407e+01	6.173716e+15
15235	6.072370e+15	5.185663e+01	2.559324e+01	1.182109e+16
15236	6.072579e+15	5.075590e+01	2.882104e+01	4.703198e+15
15237	6.072785e+15	5.286538e+01	2.674155e+01	2.006336e+16
15238	6.072999e+15	5.509711e+01	2.957177e+01	2.300387e+15
15239	6.073208e+15	5.675344e+01	2.882932e+01	7.180491e+15
15240	6.073420e+15	5.888226e+01	2.908914e+01	1.682641e+16
15241	6.073633e+15	6.204551e+01	2.749216e+01	9.165324e+15
15242	6.073847e+15	5.915141e+01	2.751221e+01	1.625239e+16
15243	6.074066e+15	5.960351e+01	2.932773e+01	1.337726e+16
15244	6.074275e+15	5.559645e+01	2.669686e+01	4.775682e+15
15245	6.074485e+15	5.558094e+01	2.698647e+01	1.200304e+16
15246	6.074693e+15	6.186417e+01	2.659090e+01	6.522659e+15
15247	6.074904e+15	6.980814e+01	2.784743e+01	9.932872e+15
15248	6.075110e+15	5.806591e+01	2.613623e+01	1.000427e+16
15249	6.075321e+15	6.022429e+01	2.545620e+01	1.031644e+16
15250	6.075521e+15	6.662997e+01	3.000819e+01	1.353212e+16
15251	6.075722e+15	6.873415e+01	3.121040e+01	6.817281e+15
15252	6.075918e+15	6.795861e+01	3.051381e+01	3.861029e+15
15253	6.076112e+15	5.977961e+01	2.932043e+01	1.252202e+16
15254	6.076307e+15	6.330861e+01	3.085103e+01	1.058553e+16
15255	6.076494e+15	7.141830e+01	3.111684e+01	1.102941e+16
15256	6.076673e+15	6.770607e+01	3.176490e+01	1.253607e+16
15257	6.076841e+15	7.382537e+01	3.150386e+01	6.216732e+15
15258	6.077000e+15	8.294807e+01	3.197589e+01	6.781671e+15
15259	6.077151e+15	8.174801e+01	3.168631e+01	7.668868e+15
15260	6.077295e+15	9.169575e+01	3.259034e+01	8.339810e+15
15261	6.077432e+15	1.013119e+02	3.355447e+01	7.129630e+15
15262	6.077560e+15	1.054671e+02	3.373801e+01	3.630309e+15
15263	6.077683e+15	1.114679e+02	3.325823e+01	5.471649e+15
15264	6.077802e+15	1.165336e+02	3.355954e+01	3.126677e+15
15265	6.077916e+15	1.318506e+02	3.200858e+01	1.577159e+16
15266	6.078026e+15	1.473777e+02	2.925452e+01	3.994375e+15
15267	6.078134e+15	1.620923e+02	2.777551e+01	7.324603e+15
15268	6.078241e+15	1.682103e+02	2.611478e+01	8.609225e+15
15269	6.078347e+15	1.564469e+02	2.497483e+01	5.103430e+15
15270	6.078454e+15	1.275003e+02	2.498520e+01	4.083034e+15
15271	6.078562e+15	1.123022e+02	2.414787e+01	7.244306e+15
15272	6.078672e+15	1.198764e+02	2.212425e+01	1.045018e+16
15273	6.078786e+15	1.119866e+02	2.147871e+01	5.534580e+15
15274	6.078904e+15	9.681339e+01	2.155712e+01	4.419072e+15
15275	6.079031e+15	8.499844e+01	2.051119e+01	7.188690e+15
15276	6.079171e+15	7.359912e+01	2.010275e+01	9.074439e+15
15277	6.079324e+15	6.157820e+01	1.978689e+01	8.838623e+15
15278	6.079494e+15	5.459596e+01	1.924695e+01	4.979070e+15
15279	6.079687e+15	4.693251e+01	1.836466e+01	6.828383e+15
15280	6.079918e+15	7.368732e+01	3.331804e+01	1.867665e+16
15281	6.080094e+15	5.671448e+01	2.388653e+01	9.676787e+15
15282	6.080278e+15	6.328572e+01	2.705082e+01	6.137815e+15
15283	6.080454e+15	6.447753e+01	2.414440e+01	9.583676e+15
15284	6.080634e+15	6.820816e+01	2.524426e+01	1.254652e+16
15285	6.080812e+15	4.841056e+01	2.459991e+01	7.358685e+15
15286	6.080993e+15	4.433054e+01	2.266936e+01	9.253529e+15
15287	6.081190e+15	4.994437e+01	2.216248e+01	5.521624e+15
15288	6.081409e+15	5.359057e+01	2.668188e+01	9.443313e+15
15289	6.081623e+15	3.964710e+01	2.055838e+01	8.352542e+15
15290	6.081875e+15	4.958488e+01	2.499170e+01	1.851110e+16
15291	6.082137e+15	4.809157e+01	2.823775e+01	4.351603e+15
15292	6.082387e+15	3.567681e+01	2.629485e+01	5.161683e+15
15293	6.082644e+15	3.878891e+01	2.754032e+01	6.552504e+15
15294	6.082899e+15	3.943675e+01	2.829652e+01	1.028542e+16
15295	6.083149e+15	4.084034e+01	3.079312e+01	1.204753e+16
15296	6.083385e+15	3.909825e+01	2.923739e+01	1.780134e+16
15297	6.083620e+15	4.026915e+01	3.076144e+01	1.395543e+16
15298	6.083843e+15	4.822115e+01	2.931356e+01	1.100525e+16
15299	6.084058e+15	5.495287e+01	2.945498e+01	1.482052e+16
15300	6.084270e+15	5.601098e+01	3.029945e+01	1.099350e+16
15301	6.084475e+15	5.308470e+01	3.004222e+01	1.271813e+16
15302	6.084676e+15	5.662595e+01	3.112638e+01	1.003341e+16
15303	6.084870e+15	6.129783e+01	3.090605e+01	1.262372e+16
15304	6.085059e+15	6.234895e+01	3.083353e+01	7.643260e+15
15305	6.085245e+15	6.867352e+01	3.077304e+01	2.099578e+16
15306	6.085430e+15	6.679458e+01	2.954051e+01	8.034811e+15
15307	6.085611e+15	6.509360e+01	2.888163e+01	4.626584e+15
15308	6.085791e+15	6.042472e+01	2.814190e+01	9.152801e+15
15309	6.085969e+15	6.198980e+01	2.860962e+01	9.631073e+15
15310	6.086145e+15	6.972027e+01	2.902978e+01	1.152982e+16
15311	6.086318e+15	6.859520e+01	2.897687e+01	5.378838e+15
15312	6.086489e+15	6.830823e+01	2.807144e+01	6.745126e+15
15313	6.086664e+15	7.308620e+01	2.764349e+01	2.528213e+15
15314	6.086841e+15	8.684117e+01	2.732268e+01	1.040375e+16
15315	6.087018e+15	8.346497e+01	2.665033e+01	1.560569e+16
15316	6.087196e+15	7.660233e+01	2.617097e+01	5.921769e+15
15317	6.087375e+15	7.558128e+01	2.242348e+01	3.143977e+15
15318	6.087556e+15	7.021012e+01	2.292279e+01	7.683289e+15
15319	6.087740e+15	7.347765e+01	2.300923e+01	6.467923e+15
15320	6.087919e+15	7.874671e+01	2.177884e+01	6.007962e+15
15321	6.088098e+15	8.759454e+01	2.186427e+01	2.312635e+15
15322	6.088275e+15	8.179041e+01	2.322882e+01	5.322370e+15
15323	6.088444e+15	7.521885e+01	2.219070e+01	3.978115e+15
15324	6.088604e+15	7.818703e+01	2.265718e+01	1.263524e+16
15325	6.088754e+15	7.787467e+01	2.177963e+01	3.399483e+15
