# W => 2.0e6
# method => lookup
# mantle temperature => 1573.0
# melting plot interval => 6.3e13
# max step => -1
# nx => 101
# lithosphere thickness => 120000.24
# marky => 12
# plot interval field => 1.575e14
# plot interval marker => 1.575e15
# H => 2.85e6
# g => 10.0
# ny => 143
# Tcmb => 3098.5489127396577
# max time => 9.45e15
# output directory => /nfs/peloton/waltz/rudolphlab/mpi-io-DOES-NOT-WORK-ON-HIVE/qxl51/plume-melt/plume_150000.8_450.0_120000.24
# eclogite frac => 0.15
# markx => 6
1	0.000000e+00	0.000000e+00	0.000000e+00	0.000000e+00
2	1.000000e+10	0.000000e+00	0.000000e+00	0.000000e+00
3	2.200000e+10	0.000000e+00	0.000000e+00	0.000000e+00
4	3.640000e+10	0.000000e+00	0.000000e+00	0.000000e+00
5	5.368000e+10	0.000000e+00	0.000000e+00	0.000000e+00
6	7.441600e+10	0.000000e+00	0.000000e+00	0.000000e+00
7	9.929920e+10	0.000000e+00	0.000000e+00	0.000000e+00
8	1.291590e+11	0.000000e+00	0.000000e+00	0.000000e+00
9	1.649908e+11	0.000000e+00	0.000000e+00	0.000000e+00
10	2.079890e+11	0.000000e+00	0.000000e+00	0.000000e+00
11	2.595868e+11	0.000000e+00	0.000000e+00	0.000000e+00
12	3.215042e+11	0.000000e+00	0.000000e+00	0.000000e+00
13	3.958050e+11	0.000000e+00	0.000000e+00	0.000000e+00
14	4.849660e+11	0.000000e+00	0.000000e+00	0.000000e+00
15	5.919592e+11	0.000000e+00	0.000000e+00	0.000000e+00
16	7.203511e+11	0.000000e+00	0.000000e+00	0.000000e+00
17	8.744213e+11	0.000000e+00	0.000000e+00	0.000000e+00
18	1.059306e+12	0.000000e+00	0.000000e+00	0.000000e+00
19	1.281167e+12	0.000000e+00	0.000000e+00	0.000000e+00
20	1.547400e+12	0.000000e+00	0.000000e+00	0.000000e+00
21	1.866880e+12	0.000000e+00	0.000000e+00	0.000000e+00
22	2.250256e+12	0.000000e+00	0.000000e+00	0.000000e+00
23	2.710307e+12	0.000000e+00	0.000000e+00	0.000000e+00
24	3.262369e+12	0.000000e+00	0.000000e+00	0.000000e+00
25	3.924842e+12	0.000000e+00	0.000000e+00	0.000000e+00
26	4.719811e+12	0.000000e+00	0.000000e+00	0.000000e+00
27	5.673773e+12	0.000000e+00	0.000000e+00	0.000000e+00
28	6.818528e+12	0.000000e+00	0.000000e+00	0.000000e+00
29	8.192233e+12	0.000000e+00	0.000000e+00	0.000000e+00
30	9.840680e+12	0.000000e+00	0.000000e+00	0.000000e+00
31	1.181882e+13	0.000000e+00	0.000000e+00	0.000000e+00
32	1.419258e+13	0.000000e+00	0.000000e+00	0.000000e+00
33	1.704109e+13	0.000000e+00	0.000000e+00	0.000000e+00
34	2.045931e+13	0.000000e+00	0.000000e+00	0.000000e+00
35	2.456118e+13	0.000000e+00	0.000000e+00	0.000000e+00
36	2.948341e+13	0.000000e+00	0.000000e+00	0.000000e+00
37	3.539009e+13	0.000000e+00	0.000000e+00	0.000000e+00
38	4.247811e+13	0.000000e+00	0.000000e+00	0.000000e+00
39	5.098373e+13	0.000000e+00	0.000000e+00	0.000000e+00
40	6.119048e+13	0.000000e+00	0.000000e+00	0.000000e+00
41	7.343858e+13	0.000000e+00	0.000000e+00	0.000000e+00
42	8.813629e+13	0.000000e+00	0.000000e+00	0.000000e+00
43	1.057736e+14	0.000000e+00	0.000000e+00	0.000000e+00
44	1.269383e+14	0.000000e+00	0.000000e+00	0.000000e+00
45	1.523359e+14	0.000000e+00	0.000000e+00	0.000000e+00
46	1.828131e+14	0.000000e+00	0.000000e+00	0.000000e+00
47	2.193857e+14	0.000000e+00	0.000000e+00	0.000000e+00
48	2.632729e+14	0.000000e+00	0.000000e+00	0.000000e+00
49	3.159374e+14	0.000000e+00	0.000000e+00	0.000000e+00
50	3.791349e+14	0.000000e+00	0.000000e+00	0.000000e+00
51	4.549719e+14	0.000000e+00	0.000000e+00	0.000000e+00
52	5.116604e+14	0.000000e+00	0.000000e+00	0.000000e+00
53	5.495434e+14	0.000000e+00	0.000000e+00	0.000000e+00
54	5.790877e+14	0.000000e+00	0.000000e+00	0.000000e+00
55	6.039077e+14	0.000000e+00	0.000000e+00	0.000000e+00
56	6.257810e+14	0.000000e+00	0.000000e+00	0.000000e+00
57	6.457791e+14	0.000000e+00	0.000000e+00	0.000000e+00
58	6.644816e+14	0.000000e+00	0.000000e+00	0.000000e+00
59	6.824112e+14	0.000000e+00	0.000000e+00	0.000000e+00
60	6.998281e+14	0.000000e+00	0.000000e+00	0.000000e+00
61	7.168118e+14	0.000000e+00	0.000000e+00	0.000000e+00
62	7.329218e+14	0.000000e+00	0.000000e+00	0.000000e+00
63	7.484422e+14	0.000000e+00	0.000000e+00	0.000000e+00
64	7.635177e+14	0.000000e+00	0.000000e+00	0.000000e+00
65	7.783485e+14	0.000000e+00	0.000000e+00	0.000000e+00
66	7.929714e+14	0.000000e+00	0.000000e+00	0.000000e+00
67	8.075649e+14	0.000000e+00	0.000000e+00	0.000000e+00
68	8.221792e+14	0.000000e+00	0.000000e+00	0.000000e+00
69	8.369346e+14	0.000000e+00	0.000000e+00	0.000000e+00
70	8.517204e+14	0.000000e+00	0.000000e+00	0.000000e+00
71	8.666699e+14	0.000000e+00	0.000000e+00	0.000000e+00
72	8.818920e+14	0.000000e+00	0.000000e+00	0.000000e+00
73	8.974827e+14	0.000000e+00	0.000000e+00	0.000000e+00
74	9.132514e+14	0.000000e+00	0.000000e+00	0.000000e+00
75	9.289875e+14	0.000000e+00	0.000000e+00	0.000000e+00
76	9.446199e+14	0.000000e+00	0.000000e+00	0.000000e+00
77	9.602728e+14	0.000000e+00	0.000000e+00	0.000000e+00
78	9.755091e+14	0.000000e+00	0.000000e+00	0.000000e+00
79	9.903909e+14	0.000000e+00	0.000000e+00	0.000000e+00
80	1.004946e+15	0.000000e+00	0.000000e+00	0.000000e+00
81	1.019313e+15	0.000000e+00	0.000000e+00	0.000000e+00
82	1.033600e+15	0.000000e+00	0.000000e+00	0.000000e+00
83	1.047902e+15	0.000000e+00	0.000000e+00	0.000000e+00
84	1.062248e+15	0.000000e+00	0.000000e+00	0.000000e+00
85	1.076702e+15	0.000000e+00	0.000000e+00	0.000000e+00
86	1.091341e+15	0.000000e+00	0.000000e+00	0.000000e+00
87	1.106158e+15	0.000000e+00	0.000000e+00	0.000000e+00
88	1.121099e+15	0.000000e+00	0.000000e+00	0.000000e+00
89	1.136103e+15	0.000000e+00	0.000000e+00	0.000000e+00
90	1.151202e+15	0.000000e+00	0.000000e+00	0.000000e+00
91	1.166473e+15	0.000000e+00	0.000000e+00	0.000000e+00
92	1.181958e+15	0.000000e+00	0.000000e+00	0.000000e+00
93	1.197720e+15	0.000000e+00	0.000000e+00	0.000000e+00
94	1.213966e+15	0.000000e+00	0.000000e+00	0.000000e+00
95	1.230599e+15	0.000000e+00	0.000000e+00	0.000000e+00
96	1.247646e+15	0.000000e+00	0.000000e+00	0.000000e+00
97	1.264976e+15	0.000000e+00	0.000000e+00	0.000000e+00
98	1.282754e+15	0.000000e+00	0.000000e+00	0.000000e+00
99	1.300600e+15	0.000000e+00	0.000000e+00	0.000000e+00
100	1.318864e+15	0.000000e+00	0.000000e+00	0.000000e+00
101	1.337562e+15	0.000000e+00	0.000000e+00	0.000000e+00
102	1.356394e+15	0.000000e+00	0.000000e+00	0.000000e+00
103	1.375741e+15	0.000000e+00	0.000000e+00	0.000000e+00
104	1.395342e+15	0.000000e+00	0.000000e+00	0.000000e+00
105	1.415299e+15	0.000000e+00	0.000000e+00	0.000000e+00
106	1.435824e+15	0.000000e+00	0.000000e+00	0.000000e+00
107	1.456369e+15	0.000000e+00	0.000000e+00	0.000000e+00
108	1.476681e+15	0.000000e+00	0.000000e+00	0.000000e+00
109	1.495136e+15	0.000000e+00	0.000000e+00	0.000000e+00
110	1.512562e+15	0.000000e+00	0.000000e+00	0.000000e+00
111	1.531052e+15	0.000000e+00	0.000000e+00	0.000000e+00
112	1.546138e+15	0.000000e+00	0.000000e+00	0.000000e+00
113	1.559060e+15	0.000000e+00	0.000000e+00	0.000000e+00
114	1.574566e+15	0.000000e+00	0.000000e+00	0.000000e+00
115	1.590884e+15	0.000000e+00	0.000000e+00	0.000000e+00
116	1.605438e+15	0.000000e+00	0.000000e+00	0.000000e+00
117	1.618836e+15	0.000000e+00	0.000000e+00	0.000000e+00
118	1.634914e+15	0.000000e+00	0.000000e+00	0.000000e+00
119	1.651142e+15	0.000000e+00	0.000000e+00	0.000000e+00
120	1.665862e+15	0.000000e+00	0.000000e+00	0.000000e+00
121	1.682964e+15	0.000000e+00	0.000000e+00	0.000000e+00
122	1.701525e+15	0.000000e+00	0.000000e+00	0.000000e+00
123	1.717460e+15	0.000000e+00	0.000000e+00	0.000000e+00
124	1.734604e+15	0.000000e+00	0.000000e+00	0.000000e+00
125	1.752554e+15	0.000000e+00	0.000000e+00	0.000000e+00
126	1.767099e+15	0.000000e+00	0.000000e+00	0.000000e+00
127	1.783612e+15	0.000000e+00	0.000000e+00	0.000000e+00
128	1.802353e+15	0.000000e+00	0.000000e+00	0.000000e+00
129	1.820691e+15	0.000000e+00	0.000000e+00	0.000000e+00
130	1.839974e+15	0.000000e+00	0.000000e+00	0.000000e+00
131	1.858949e+15	0.000000e+00	0.000000e+00	0.000000e+00
132	1.878727e+15	0.000000e+00	0.000000e+00	0.000000e+00
133	1.898193e+15	0.000000e+00	0.000000e+00	0.000000e+00
134	1.916660e+15	0.000000e+00	0.000000e+00	0.000000e+00
135	1.935949e+15	0.000000e+00	0.000000e+00	0.000000e+00
136	1.953326e+15	0.000000e+00	0.000000e+00	0.000000e+00
137	1.970569e+15	0.000000e+00	0.000000e+00	0.000000e+00
138	1.989867e+15	0.000000e+00	0.000000e+00	0.000000e+00
139	2.009410e+15	0.000000e+00	0.000000e+00	0.000000e+00
140	2.023594e+15	0.000000e+00	0.000000e+00	0.000000e+00
141	2.040613e+15	0.000000e+00	0.000000e+00	0.000000e+00
142	2.059774e+15	0.000000e+00	0.000000e+00	0.000000e+00
143	2.078817e+15	0.000000e+00	0.000000e+00	0.000000e+00
144	2.094778e+15	0.000000e+00	0.000000e+00	0.000000e+00
145	2.109641e+15	0.000000e+00	0.000000e+00	0.000000e+00
146	2.125338e+15	0.000000e+00	0.000000e+00	0.000000e+00
147	2.143698e+15	0.000000e+00	0.000000e+00	0.000000e+00
148	2.162431e+15	0.000000e+00	0.000000e+00	0.000000e+00
149	2.181500e+15	0.000000e+00	0.000000e+00	0.000000e+00
150	2.200142e+15	0.000000e+00	0.000000e+00	0.000000e+00
151	2.218570e+15	0.000000e+00	0.000000e+00	0.000000e+00
152	2.235323e+15	0.000000e+00	0.000000e+00	0.000000e+00
153	2.247838e+15	0.000000e+00	0.000000e+00	0.000000e+00
154	2.260373e+15	0.000000e+00	0.000000e+00	0.000000e+00
155	2.275415e+15	0.000000e+00	0.000000e+00	0.000000e+00
156	2.293091e+15	0.000000e+00	0.000000e+00	0.000000e+00
157	2.310837e+15	0.000000e+00	0.000000e+00	0.000000e+00
158	2.328216e+15	0.000000e+00	0.000000e+00	0.000000e+00
159	2.345333e+15	0.000000e+00	0.000000e+00	0.000000e+00
160	2.362211e+15	0.000000e+00	0.000000e+00	0.000000e+00
161	2.377202e+15	0.000000e+00	0.000000e+00	0.000000e+00
162	2.390155e+15	0.000000e+00	0.000000e+00	0.000000e+00
163	2.405553e+15	0.000000e+00	0.000000e+00	0.000000e+00
164	2.421629e+15	0.000000e+00	0.000000e+00	0.000000e+00
165	2.437411e+15	0.000000e+00	0.000000e+00	0.000000e+00
166	2.453035e+15	0.000000e+00	0.000000e+00	0.000000e+00
167	2.468470e+15	0.000000e+00	0.000000e+00	0.000000e+00
168	2.483676e+15	0.000000e+00	0.000000e+00	0.000000e+00
169	2.498577e+15	0.000000e+00	0.000000e+00	0.000000e+00
170	2.513364e+15	0.000000e+00	0.000000e+00	0.000000e+00
171	2.527979e+15	0.000000e+00	0.000000e+00	0.000000e+00
172	2.542364e+15	0.000000e+00	0.000000e+00	0.000000e+00
173	2.556466e+15	0.000000e+00	0.000000e+00	0.000000e+00
174	2.570407e+15	0.000000e+00	0.000000e+00	0.000000e+00
175	2.584154e+15	0.000000e+00	0.000000e+00	0.000000e+00
176	2.597810e+15	0.000000e+00	0.000000e+00	0.000000e+00
177	2.611398e+15	0.000000e+00	0.000000e+00	0.000000e+00
178	2.624794e+15	0.000000e+00	0.000000e+00	0.000000e+00
179	2.638259e+15	0.000000e+00	0.000000e+00	0.000000e+00
180	2.651566e+15	0.000000e+00	0.000000e+00	0.000000e+00
181	2.664809e+15	0.000000e+00	0.000000e+00	0.000000e+00
182	2.677956e+15	0.000000e+00	0.000000e+00	0.000000e+00
183	2.690956e+15	0.000000e+00	0.000000e+00	0.000000e+00
184	2.703853e+15	0.000000e+00	0.000000e+00	0.000000e+00
185	2.716629e+15	0.000000e+00	0.000000e+00	0.000000e+00
186	2.729327e+15	0.000000e+00	0.000000e+00	0.000000e+00
187	2.741942e+15	0.000000e+00	0.000000e+00	0.000000e+00
188	2.754558e+15	0.000000e+00	0.000000e+00	0.000000e+00
189	2.767117e+15	0.000000e+00	0.000000e+00	0.000000e+00
190	2.779578e+15	0.000000e+00	0.000000e+00	0.000000e+00
191	2.791960e+15	0.000000e+00	0.000000e+00	0.000000e+00
192	2.804309e+15	0.000000e+00	0.000000e+00	0.000000e+00
193	2.816613e+15	0.000000e+00	0.000000e+00	0.000000e+00
194	2.828902e+15	0.000000e+00	0.000000e+00	0.000000e+00
195	2.841221e+15	0.000000e+00	0.000000e+00	0.000000e+00
196	2.853529e+15	0.000000e+00	0.000000e+00	0.000000e+00
197	2.865781e+15	0.000000e+00	0.000000e+00	0.000000e+00
198	2.878053e+15	0.000000e+00	0.000000e+00	0.000000e+00
199	2.890344e+15	0.000000e+00	0.000000e+00	0.000000e+00
200	2.902640e+15	0.000000e+00	0.000000e+00	0.000000e+00
201	2.914854e+15	0.000000e+00	0.000000e+00	0.000000e+00
202	2.927022e+15	0.000000e+00	0.000000e+00	0.000000e+00
203	2.939203e+15	0.000000e+00	0.000000e+00	0.000000e+00
204	2.951304e+15	0.000000e+00	0.000000e+00	0.000000e+00
205	2.963379e+15	0.000000e+00	0.000000e+00	0.000000e+00
206	2.975468e+15	0.000000e+00	0.000000e+00	0.000000e+00
207	2.987586e+15	0.000000e+00	0.000000e+00	0.000000e+00
208	2.999567e+15	0.000000e+00	0.000000e+00	0.000000e+00
209	3.011313e+15	0.000000e+00	0.000000e+00	0.000000e+00
210	3.022833e+15	0.000000e+00	0.000000e+00	0.000000e+00
211	3.034136e+15	0.000000e+00	0.000000e+00	0.000000e+00
212	3.045229e+15	0.000000e+00	0.000000e+00	0.000000e+00
213	3.056113e+15	0.000000e+00	0.000000e+00	0.000000e+00
214	3.066797e+15	0.000000e+00	0.000000e+00	0.000000e+00
215	3.077293e+15	0.000000e+00	0.000000e+00	0.000000e+00
216	3.087605e+15	0.000000e+00	0.000000e+00	0.000000e+00
217	3.097739e+15	0.000000e+00	0.000000e+00	0.000000e+00
218	3.107697e+15	0.000000e+00	0.000000e+00	0.000000e+00
219	3.117490e+15	0.000000e+00	0.000000e+00	0.000000e+00
220	3.127126e+15	0.000000e+00	0.000000e+00	0.000000e+00
221	3.136607e+15	0.000000e+00	0.000000e+00	0.000000e+00
222	3.145935e+15	0.000000e+00	0.000000e+00	0.000000e+00
223	3.155113e+15	0.000000e+00	0.000000e+00	0.000000e+00
224	3.164147e+15	0.000000e+00	0.000000e+00	0.000000e+00
225	3.173041e+15	0.000000e+00	0.000000e+00	0.000000e+00
226	3.181801e+15	0.000000e+00	0.000000e+00	0.000000e+00
227	3.190432e+15	0.000000e+00	0.000000e+00	0.000000e+00
228	3.198938e+15	0.000000e+00	0.000000e+00	0.000000e+00
229	3.207323e+15	0.000000e+00	0.000000e+00	0.000000e+00
230	3.215589e+15	0.000000e+00	0.000000e+00	0.000000e+00
231	3.223740e+15	0.000000e+00	0.000000e+00	0.000000e+00
232	3.231778e+15	0.000000e+00	0.000000e+00	0.000000e+00
233	3.239706e+15	0.000000e+00	0.000000e+00	0.000000e+00
234	3.247524e+15	0.000000e+00	0.000000e+00	0.000000e+00
235	3.255241e+15	0.000000e+00	0.000000e+00	0.000000e+00
236	3.262856e+15	0.000000e+00	0.000000e+00	0.000000e+00
237	3.270378e+15	0.000000e+00	0.000000e+00	0.000000e+00
238	3.277804e+15	0.000000e+00	0.000000e+00	0.000000e+00
239	3.285137e+15	0.000000e+00	0.000000e+00	0.000000e+00
240	3.292379e+15	0.000000e+00	0.000000e+00	0.000000e+00
241	3.299532e+15	0.000000e+00	0.000000e+00	0.000000e+00
242	3.306599e+15	0.000000e+00	0.000000e+00	0.000000e+00
243	3.313584e+15	0.000000e+00	0.000000e+00	0.000000e+00
244	3.320488e+15	0.000000e+00	0.000000e+00	0.000000e+00
245	3.327313e+15	0.000000e+00	0.000000e+00	0.000000e+00
246	3.334063e+15	0.000000e+00	0.000000e+00	0.000000e+00
247	3.340736e+15	0.000000e+00	0.000000e+00	0.000000e+00
248	3.347338e+15	0.000000e+00	0.000000e+00	0.000000e+00
249	3.353867e+15	0.000000e+00	0.000000e+00	0.000000e+00
250	3.360327e+15	0.000000e+00	0.000000e+00	0.000000e+00
251	3.366717e+15	0.000000e+00	0.000000e+00	0.000000e+00
252	3.373042e+15	0.000000e+00	0.000000e+00	0.000000e+00
253	3.379302e+15	0.000000e+00	0.000000e+00	0.000000e+00
254	3.385500e+15	0.000000e+00	0.000000e+00	0.000000e+00
255	3.391635e+15	0.000000e+00	0.000000e+00	0.000000e+00
256	3.397709e+15	0.000000e+00	0.000000e+00	0.000000e+00
257	3.403725e+15	0.000000e+00	0.000000e+00	0.000000e+00
258	3.409683e+15	0.000000e+00	0.000000e+00	0.000000e+00
259	3.415585e+15	0.000000e+00	0.000000e+00	0.000000e+00
260	3.421431e+15	0.000000e+00	0.000000e+00	0.000000e+00
261	3.427224e+15	0.000000e+00	0.000000e+00	0.000000e+00
262	3.432964e+15	0.000000e+00	0.000000e+00	0.000000e+00
263	3.438652e+15	0.000000e+00	0.000000e+00	0.000000e+00
264	3.444289e+15	0.000000e+00	0.000000e+00	0.000000e+00
265	3.449877e+15	0.000000e+00	0.000000e+00	0.000000e+00
266	3.455413e+15	0.000000e+00	0.000000e+00	0.000000e+00
267	3.460904e+15	0.000000e+00	0.000000e+00	0.000000e+00
268	3.466347e+15	0.000000e+00	0.000000e+00	0.000000e+00
269	3.471744e+15	0.000000e+00	0.000000e+00	0.000000e+00
270	3.477096e+15	0.000000e+00	0.000000e+00	0.000000e+00
271	3.482403e+15	0.000000e+00	0.000000e+00	0.000000e+00
272	3.487669e+15	0.000000e+00	0.000000e+00	0.000000e+00
273	3.492892e+15	0.000000e+00	0.000000e+00	0.000000e+00
274	3.498074e+15	0.000000e+00	0.000000e+00	0.000000e+00
275	3.503216e+15	0.000000e+00	0.000000e+00	0.000000e+00
276	3.508316e+15	0.000000e+00	0.000000e+00	0.000000e+00
277	3.513378e+15	0.000000e+00	0.000000e+00	0.000000e+00
278	3.518401e+15	0.000000e+00	0.000000e+00	0.000000e+00
279	3.523387e+15	0.000000e+00	0.000000e+00	0.000000e+00
280	3.528335e+15	0.000000e+00	0.000000e+00	0.000000e+00
281	3.533248e+15	0.000000e+00	0.000000e+00	0.000000e+00
282	3.538127e+15	0.000000e+00	0.000000e+00	0.000000e+00
283	3.542970e+15	0.000000e+00	0.000000e+00	0.000000e+00
284	3.547781e+15	0.000000e+00	0.000000e+00	0.000000e+00
285	3.552555e+15	0.000000e+00	0.000000e+00	0.000000e+00
286	3.557300e+15	0.000000e+00	0.000000e+00	0.000000e+00
287	3.562006e+15	0.000000e+00	0.000000e+00	0.000000e+00
288	3.566685e+15	0.000000e+00	0.000000e+00	0.000000e+00
289	3.571326e+15	0.000000e+00	0.000000e+00	0.000000e+00
290	3.575941e+15	0.000000e+00	0.000000e+00	0.000000e+00
291	3.580521e+15	0.000000e+00	0.000000e+00	0.000000e+00
292	3.585076e+15	0.000000e+00	0.000000e+00	0.000000e+00
293	3.589595e+15	0.000000e+00	0.000000e+00	0.000000e+00
294	3.594092e+15	0.000000e+00	0.000000e+00	0.000000e+00
295	3.598554e+15	0.000000e+00	0.000000e+00	0.000000e+00
296	3.602992e+15	0.000000e+00	0.000000e+00	0.000000e+00
297	3.607401e+15	0.000000e+00	0.000000e+00	0.000000e+00
298	3.611786e+15	0.000000e+00	0.000000e+00	0.000000e+00
299	3.616142e+15	0.000000e+00	0.000000e+00	0.000000e+00
300	3.620475e+15	0.000000e+00	0.000000e+00	0.000000e+00
301	3.624780e+15	0.000000e+00	0.000000e+00	0.000000e+00
302	3.629060e+15	0.000000e+00	0.000000e+00	0.000000e+00
303	3.633316e+15	0.000000e+00	0.000000e+00	0.000000e+00
304	3.637546e+15	0.000000e+00	0.000000e+00	0.000000e+00
305	3.641753e+15	0.000000e+00	0.000000e+00	0.000000e+00
306	3.645937e+15	0.000000e+00	0.000000e+00	0.000000e+00
307	3.650098e+15	0.000000e+00	0.000000e+00	0.000000e+00
308	3.654238e+15	0.000000e+00	0.000000e+00	0.000000e+00
309	3.658355e+15	0.000000e+00	0.000000e+00	0.000000e+00
310	3.662447e+15	0.000000e+00	0.000000e+00	0.000000e+00
311	3.666519e+15	0.000000e+00	0.000000e+00	0.000000e+00
312	3.670566e+15	0.000000e+00	0.000000e+00	0.000000e+00
313	3.674593e+15	0.000000e+00	0.000000e+00	0.000000e+00
314	3.678597e+15	0.000000e+00	0.000000e+00	0.000000e+00
315	3.682582e+15	0.000000e+00	0.000000e+00	0.000000e+00
316	3.686544e+15	0.000000e+00	0.000000e+00	0.000000e+00
317	3.690488e+15	0.000000e+00	0.000000e+00	0.000000e+00
318	3.694411e+15	0.000000e+00	0.000000e+00	0.000000e+00
319	3.698315e+15	0.000000e+00	0.000000e+00	0.000000e+00
320	3.702201e+15	0.000000e+00	0.000000e+00	0.000000e+00
321	3.706066e+15	0.000000e+00	0.000000e+00	0.000000e+00
322	3.709914e+15	0.000000e+00	0.000000e+00	0.000000e+00
323	3.713742e+15	0.000000e+00	0.000000e+00	0.000000e+00
324	3.717555e+15	0.000000e+00	0.000000e+00	0.000000e+00
325	3.721347e+15	0.000000e+00	0.000000e+00	0.000000e+00
326	3.725123e+15	0.000000e+00	0.000000e+00	0.000000e+00
327	3.728879e+15	0.000000e+00	0.000000e+00	0.000000e+00
328	3.732618e+15	0.000000e+00	0.000000e+00	0.000000e+00
329	3.736341e+15	0.000000e+00	0.000000e+00	0.000000e+00
330	3.740047e+15	0.000000e+00	0.000000e+00	0.000000e+00
331	3.743739e+15	0.000000e+00	0.000000e+00	0.000000e+00
332	3.747413e+15	0.000000e+00	0.000000e+00	0.000000e+00
333	3.751072e+15	0.000000e+00	0.000000e+00	0.000000e+00
334	3.754713e+15	0.000000e+00	0.000000e+00	0.000000e+00
335	3.758340e+15	0.000000e+00	0.000000e+00	0.000000e+00
336	3.761951e+15	0.000000e+00	0.000000e+00	0.000000e+00
337	3.765548e+15	0.000000e+00	0.000000e+00	0.000000e+00
338	3.769130e+15	0.000000e+00	0.000000e+00	0.000000e+00
339	3.772699e+15	0.000000e+00	0.000000e+00	0.000000e+00
340	3.776253e+15	0.000000e+00	0.000000e+00	0.000000e+00
341	3.779796e+15	0.000000e+00	0.000000e+00	0.000000e+00
342	3.783322e+15	0.000000e+00	0.000000e+00	0.000000e+00
343	3.786837e+15	0.000000e+00	0.000000e+00	0.000000e+00
344	3.790336e+15	0.000000e+00	0.000000e+00	0.000000e+00
345	3.793823e+15	0.000000e+00	0.000000e+00	0.000000e+00
346	3.797295e+15	0.000000e+00	0.000000e+00	0.000000e+00
347	3.800757e+15	0.000000e+00	0.000000e+00	0.000000e+00
348	3.804203e+15	0.000000e+00	0.000000e+00	0.000000e+00
349	3.807639e+15	0.000000e+00	0.000000e+00	0.000000e+00
350	3.811060e+15	0.000000e+00	0.000000e+00	0.000000e+00
351	3.814470e+15	0.000000e+00	0.000000e+00	0.000000e+00
352	3.817865e+15	0.000000e+00	0.000000e+00	0.000000e+00
353	3.821250e+15	0.000000e+00	0.000000e+00	0.000000e+00
354	3.824622e+15	0.000000e+00	0.000000e+00	0.000000e+00
355	3.827983e+15	0.000000e+00	0.000000e+00	0.000000e+00
356	3.831331e+15	0.000000e+00	0.000000e+00	0.000000e+00
357	3.834668e+15	0.000000e+00	0.000000e+00	0.000000e+00
358	3.837993e+15	0.000000e+00	0.000000e+00	0.000000e+00
359	3.841307e+15	0.000000e+00	0.000000e+00	0.000000e+00
360	3.844608e+15	0.000000e+00	0.000000e+00	0.000000e+00
361	3.847898e+15	0.000000e+00	0.000000e+00	0.000000e+00
362	3.851178e+15	0.000000e+00	0.000000e+00	0.000000e+00
363	3.854447e+15	0.000000e+00	0.000000e+00	0.000000e+00
364	3.857704e+15	0.000000e+00	0.000000e+00	0.000000e+00
365	3.860952e+15	0.000000e+00	0.000000e+00	0.000000e+00
366	3.864189e+15	0.000000e+00	0.000000e+00	0.000000e+00
367	3.867416e+15	0.000000e+00	0.000000e+00	0.000000e+00
368	3.870635e+15	0.000000e+00	0.000000e+00	0.000000e+00
369	3.873843e+15	0.000000e+00	0.000000e+00	0.000000e+00
370	3.877043e+15	0.000000e+00	0.000000e+00	0.000000e+00
371	3.880233e+15	0.000000e+00	0.000000e+00	0.000000e+00
372	3.883413e+15	0.000000e+00	0.000000e+00	0.000000e+00
373	3.886585e+15	0.000000e+00	0.000000e+00	0.000000e+00
374	3.889747e+15	0.000000e+00	0.000000e+00	0.000000e+00
375	3.892900e+15	0.000000e+00	0.000000e+00	0.000000e+00
376	3.896043e+15	0.000000e+00	0.000000e+00	0.000000e+00
377	3.899175e+15	0.000000e+00	0.000000e+00	0.000000e+00
378	3.902298e+15	0.000000e+00	0.000000e+00	0.000000e+00
379	3.905412e+15	0.000000e+00	0.000000e+00	0.000000e+00
380	3.908519e+15	0.000000e+00	0.000000e+00	0.000000e+00
381	3.911615e+15	0.000000e+00	0.000000e+00	0.000000e+00
382	3.914703e+15	0.000000e+00	0.000000e+00	0.000000e+00
383	3.917782e+15	0.000000e+00	0.000000e+00	0.000000e+00
384	3.920853e+15	0.000000e+00	0.000000e+00	0.000000e+00
385	3.923915e+15	0.000000e+00	0.000000e+00	0.000000e+00
386	3.926968e+15	0.000000e+00	0.000000e+00	0.000000e+00
387	3.930012e+15	0.000000e+00	0.000000e+00	0.000000e+00
388	3.933047e+15	0.000000e+00	0.000000e+00	0.000000e+00
389	3.936072e+15	0.000000e+00	0.000000e+00	0.000000e+00
390	3.939091e+15	0.000000e+00	0.000000e+00	0.000000e+00
391	3.942101e+15	0.000000e+00	0.000000e+00	0.000000e+00
392	3.945104e+15	0.000000e+00	0.000000e+00	0.000000e+00
393	3.948099e+15	0.000000e+00	0.000000e+00	0.000000e+00
394	3.951087e+15	0.000000e+00	0.000000e+00	0.000000e+00
395	3.954066e+15	0.000000e+00	0.000000e+00	0.000000e+00
396	3.957037e+15	0.000000e+00	0.000000e+00	0.000000e+00
397	3.960002e+15	0.000000e+00	0.000000e+00	0.000000e+00
398	3.962958e+15	0.000000e+00	0.000000e+00	0.000000e+00
399	3.965908e+15	0.000000e+00	0.000000e+00	0.000000e+00
400	3.968849e+15	0.000000e+00	0.000000e+00	0.000000e+00
401	3.971782e+15	0.000000e+00	0.000000e+00	0.000000e+00
402	3.974708e+15	0.000000e+00	0.000000e+00	0.000000e+00
403	3.977625e+15	0.000000e+00	0.000000e+00	0.000000e+00
404	3.980536e+15	0.000000e+00	0.000000e+00	0.000000e+00
405	3.983438e+15	0.000000e+00	0.000000e+00	0.000000e+00
406	3.986334e+15	0.000000e+00	0.000000e+00	0.000000e+00
407	3.989224e+15	0.000000e+00	0.000000e+00	0.000000e+00
408	3.992108e+15	0.000000e+00	0.000000e+00	0.000000e+00
409	3.994984e+15	0.000000e+00	0.000000e+00	0.000000e+00
410	3.997852e+15	0.000000e+00	0.000000e+00	0.000000e+00
411	4.000714e+15	0.000000e+00	0.000000e+00	0.000000e+00
412	4.003568e+15	0.000000e+00	0.000000e+00	0.000000e+00
413	4.006413e+15	0.000000e+00	0.000000e+00	0.000000e+00
414	4.009253e+15	0.000000e+00	0.000000e+00	0.000000e+00
415	4.012084e+15	0.000000e+00	0.000000e+00	0.000000e+00
416	4.014911e+15	0.000000e+00	0.000000e+00	0.000000e+00
417	4.017730e+15	0.000000e+00	0.000000e+00	0.000000e+00
418	4.020543e+15	0.000000e+00	0.000000e+00	0.000000e+00
419	4.023351e+15	0.000000e+00	0.000000e+00	0.000000e+00
420	4.026150e+15	0.000000e+00	0.000000e+00	0.000000e+00
421	4.028944e+15	0.000000e+00	0.000000e+00	0.000000e+00
422	4.031729e+15	0.000000e+00	0.000000e+00	0.000000e+00
423	4.034510e+15	0.000000e+00	0.000000e+00	0.000000e+00
424	4.037284e+15	0.000000e+00	0.000000e+00	0.000000e+00
425	4.040053e+15	0.000000e+00	0.000000e+00	0.000000e+00
426	4.042816e+15	0.000000e+00	0.000000e+00	0.000000e+00
427	4.045573e+15	0.000000e+00	0.000000e+00	0.000000e+00
428	4.048324e+15	0.000000e+00	0.000000e+00	0.000000e+00
429	4.051069e+15	0.000000e+00	0.000000e+00	0.000000e+00
430	4.053808e+15	0.000000e+00	0.000000e+00	0.000000e+00
431	4.056541e+15	0.000000e+00	0.000000e+00	0.000000e+00
432	4.059268e+15	0.000000e+00	0.000000e+00	0.000000e+00
433	4.061988e+15	0.000000e+00	0.000000e+00	0.000000e+00
434	4.064702e+15	0.000000e+00	0.000000e+00	0.000000e+00
435	4.067409e+15	0.000000e+00	0.000000e+00	0.000000e+00
436	4.070109e+15	0.000000e+00	0.000000e+00	0.000000e+00
437	4.072803e+15	0.000000e+00	0.000000e+00	0.000000e+00
438	4.075490e+15	0.000000e+00	0.000000e+00	0.000000e+00
439	4.078170e+15	0.000000e+00	0.000000e+00	0.000000e+00
440	4.080844e+15	0.000000e+00	0.000000e+00	0.000000e+00
441	4.083513e+15	0.000000e+00	0.000000e+00	0.000000e+00
442	4.085649e+15	0.000000e+00	0.000000e+00	0.000000e+00
443	4.087958e+15	0.000000e+00	0.000000e+00	0.000000e+00
444	4.090516e+15	0.000000e+00	0.000000e+00	0.000000e+00
445	4.093162e+15	0.000000e+00	0.000000e+00	0.000000e+00
446	4.095803e+15	0.000000e+00	0.000000e+00	0.000000e+00
447	4.098436e+15	0.000000e+00	0.000000e+00	0.000000e+00
448	4.101064e+15	0.000000e+00	0.000000e+00	0.000000e+00
449	4.103684e+15	0.000000e+00	0.000000e+00	0.000000e+00
450	4.106298e+15	0.000000e+00	0.000000e+00	0.000000e+00
451	4.108903e+15	0.000000e+00	0.000000e+00	0.000000e+00
452	4.111502e+15	0.000000e+00	0.000000e+00	0.000000e+00
453	4.114094e+15	0.000000e+00	0.000000e+00	0.000000e+00
454	4.116677e+15	0.000000e+00	0.000000e+00	0.000000e+00
455	4.119254e+15	0.000000e+00	0.000000e+00	0.000000e+00
456	4.121823e+15	0.000000e+00	0.000000e+00	0.000000e+00
457	4.124386e+15	0.000000e+00	0.000000e+00	0.000000e+00
458	4.126941e+15	0.000000e+00	0.000000e+00	0.000000e+00
459	4.129487e+15	0.000000e+00	0.000000e+00	0.000000e+00
460	4.132024e+15	0.000000e+00	0.000000e+00	0.000000e+00
461	4.134550e+15	0.000000e+00	0.000000e+00	0.000000e+00
462	4.137064e+15	0.000000e+00	0.000000e+00	0.000000e+00
463	4.139567e+15	0.000000e+00	0.000000e+00	0.000000e+00
464	4.142058e+15	0.000000e+00	0.000000e+00	0.000000e+00
465	4.144538e+15	0.000000e+00	0.000000e+00	0.000000e+00
466	4.147003e+15	0.000000e+00	0.000000e+00	0.000000e+00
467	4.149450e+15	0.000000e+00	0.000000e+00	0.000000e+00
468	4.151874e+15	0.000000e+00	0.000000e+00	0.000000e+00
469	4.154241e+15	0.000000e+00	0.000000e+00	0.000000e+00
470	4.156473e+15	0.000000e+00	0.000000e+00	0.000000e+00
471	4.158547e+15	0.000000e+00	0.000000e+00	0.000000e+00
472	4.160450e+15	0.000000e+00	0.000000e+00	0.000000e+00
473	4.161738e+15	0.000000e+00	0.000000e+00	0.000000e+00
474	4.163282e+15	0.000000e+00	0.000000e+00	0.000000e+00
475	4.164910e+15	0.000000e+00	0.000000e+00	0.000000e+00
476	4.165779e+15	0.000000e+00	0.000000e+00	0.000000e+00
477	4.166821e+15	0.000000e+00	0.000000e+00	0.000000e+00
478	4.167299e+15	0.000000e+00	0.000000e+00	0.000000e+00
479	4.167874e+15	0.000000e+00	0.000000e+00	0.000000e+00
480	4.168563e+15	0.000000e+00	0.000000e+00	0.000000e+00
481	4.169390e+15	0.000000e+00	0.000000e+00	0.000000e+00
482	4.170382e+15	0.000000e+00	0.000000e+00	0.000000e+00
483	4.171572e+15	0.000000e+00	0.000000e+00	0.000000e+00
484	4.172933e+15	0.000000e+00	0.000000e+00	0.000000e+00
485	4.174227e+15	0.000000e+00	0.000000e+00	0.000000e+00
486	4.175481e+15	0.000000e+00	0.000000e+00	0.000000e+00
487	4.176693e+15	0.000000e+00	0.000000e+00	0.000000e+00
488	4.177874e+15	0.000000e+00	0.000000e+00	0.000000e+00
489	4.179053e+15	0.000000e+00	0.000000e+00	0.000000e+00
490	4.180205e+15	0.000000e+00	0.000000e+00	0.000000e+00
491	4.181321e+15	0.000000e+00	0.000000e+00	0.000000e+00
492	4.182437e+15	0.000000e+00	0.000000e+00	0.000000e+00
493	4.183378e+15	0.000000e+00	0.000000e+00	0.000000e+00
494	4.184456e+15	0.000000e+00	0.000000e+00	0.000000e+00
495	4.185603e+15	0.000000e+00	0.000000e+00	0.000000e+00
496	4.186582e+15	0.000000e+00	0.000000e+00	0.000000e+00
497	4.187528e+15	0.000000e+00	0.000000e+00	0.000000e+00
498	4.188481e+15	0.000000e+00	0.000000e+00	0.000000e+00
499	4.189508e+15	0.000000e+00	0.000000e+00	0.000000e+00
500	4.190469e+15	0.000000e+00	0.000000e+00	0.000000e+00
501	4.191464e+15	0.000000e+00	0.000000e+00	0.000000e+00
502	4.192342e+15	0.000000e+00	0.000000e+00	0.000000e+00
503	4.193231e+15	0.000000e+00	0.000000e+00	0.000000e+00
504	4.194225e+15	0.000000e+00	0.000000e+00	0.000000e+00
505	4.195151e+15	0.000000e+00	0.000000e+00	0.000000e+00
506	4.196061e+15	0.000000e+00	0.000000e+00	0.000000e+00
507	4.196930e+15	0.000000e+00	0.000000e+00	0.000000e+00
508	4.197818e+15	0.000000e+00	0.000000e+00	0.000000e+00
509	4.198720e+15	0.000000e+00	0.000000e+00	0.000000e+00
510	4.199636e+15	0.000000e+00	0.000000e+00	0.000000e+00
511	4.200564e+15	0.000000e+00	0.000000e+00	0.000000e+00
512	4.201423e+15	0.000000e+00	0.000000e+00	0.000000e+00
513	4.202201e+15	0.000000e+00	0.000000e+00	0.000000e+00
514	4.203120e+15	0.000000e+00	0.000000e+00	0.000000e+00
515	4.203984e+15	0.000000e+00	0.000000e+00	0.000000e+00
516	4.204871e+15	0.000000e+00	0.000000e+00	0.000000e+00
517	4.205693e+15	0.000000e+00	0.000000e+00	0.000000e+00
518	4.206488e+15	0.000000e+00	0.000000e+00	0.000000e+00
519	4.207374e+15	0.000000e+00	0.000000e+00	0.000000e+00
520	4.207823e+15	0.000000e+00	0.000000e+00	0.000000e+00
521	4.208299e+15	0.000000e+00	0.000000e+00	0.000000e+00
522	4.208788e+15	0.000000e+00	0.000000e+00	0.000000e+00
523	4.209305e+15	0.000000e+00	0.000000e+00	0.000000e+00
524	4.209847e+15	0.000000e+00	0.000000e+00	0.000000e+00
525	4.210459e+15	0.000000e+00	0.000000e+00	0.000000e+00
526	4.211080e+15	0.000000e+00	0.000000e+00	0.000000e+00
527	4.211684e+15	0.000000e+00	0.000000e+00	0.000000e+00
528	4.212149e+15	0.000000e+00	0.000000e+00	0.000000e+00
529	4.212590e+15	0.000000e+00	0.000000e+00	0.000000e+00
530	4.213119e+15	0.000000e+00	0.000000e+00	0.000000e+00
531	4.213644e+15	0.000000e+00	0.000000e+00	0.000000e+00
532	4.214260e+15	0.000000e+00	0.000000e+00	0.000000e+00
533	4.214691e+15	0.000000e+00	0.000000e+00	0.000000e+00
534	4.215208e+15	0.000000e+00	0.000000e+00	0.000000e+00
535	4.215779e+15	0.000000e+00	0.000000e+00	0.000000e+00
536	4.216363e+15	0.000000e+00	0.000000e+00	0.000000e+00
537	4.216818e+15	0.000000e+00	0.000000e+00	0.000000e+00
538	4.217253e+15	0.000000e+00	0.000000e+00	0.000000e+00
539	4.217774e+15	0.000000e+00	0.000000e+00	0.000000e+00
540	4.218348e+15	0.000000e+00	0.000000e+00	0.000000e+00
541	4.218848e+15	0.000000e+00	0.000000e+00	0.000000e+00
542	4.219402e+15	0.000000e+00	0.000000e+00	0.000000e+00
543	4.219839e+15	0.000000e+00	0.000000e+00	0.000000e+00
544	4.220364e+15	0.000000e+00	0.000000e+00	0.000000e+00
545	4.220949e+15	0.000000e+00	0.000000e+00	0.000000e+00
546	4.221471e+15	0.000000e+00	0.000000e+00	0.000000e+00
547	4.222031e+15	0.000000e+00	0.000000e+00	0.000000e+00
548	4.222587e+15	0.000000e+00	0.000000e+00	0.000000e+00
549	4.223081e+15	0.000000e+00	0.000000e+00	0.000000e+00
550	4.223530e+15	0.000000e+00	0.000000e+00	0.000000e+00
551	4.224069e+15	0.000000e+00	0.000000e+00	0.000000e+00
552	4.224602e+15	0.000000e+00	0.000000e+00	0.000000e+00
553	4.225045e+15	0.000000e+00	0.000000e+00	0.000000e+00
554	4.225526e+15	0.000000e+00	0.000000e+00	0.000000e+00
555	4.226105e+15	0.000000e+00	0.000000e+00	0.000000e+00
556	4.226606e+15	0.000000e+00	0.000000e+00	0.000000e+00
557	4.227148e+15	0.000000e+00	0.000000e+00	0.000000e+00
558	4.227690e+15	0.000000e+00	0.000000e+00	0.000000e+00
559	4.228121e+15	0.000000e+00	0.000000e+00	0.000000e+00
560	4.228572e+15	0.000000e+00	0.000000e+00	0.000000e+00
561	4.229031e+15	0.000000e+00	0.000000e+00	0.000000e+00
562	4.229559e+15	0.000000e+00	0.000000e+00	0.000000e+00
563	4.230135e+15	0.000000e+00	0.000000e+00	0.000000e+00
564	4.230577e+15	0.000000e+00	1.690464e-01	0.000000e+00
565	4.231107e+15	0.000000e+00	1.106019e+00	0.000000e+00
566	4.231561e+15	0.000000e+00	2.406623e+00	0.000000e+00
567	4.232010e+15	0.000000e+00	3.908194e+00	8.783803e+15
568	4.232464e+15	0.000000e+00	4.363346e+00	4.234921e+16
569	4.233009e+15	0.000000e+00	9.489121e+00	7.257583e+16
570	4.233460e+15	0.000000e+00	9.626882e+00	5.250021e+16
571	4.233892e+15	0.000000e+00	8.839032e+00	5.878312e+16
572	4.234382e+15	0.000000e+00	1.116294e+01	6.559774e+16
573	4.234902e+15	0.000000e+00	1.457172e+01	6.558263e+16
574	4.235405e+15	0.000000e+00	1.572624e+01	6.798681e+16
575	4.235927e+15	0.000000e+00	2.287278e+01	7.270067e+16
576	4.236371e+15	0.000000e+00	2.086863e+01	8.297694e+16
577	4.236808e+15	0.000000e+00	1.771116e+01	6.377760e+16
578	4.237324e+15	0.000000e+00	2.905934e+01	8.799234e+16
579	4.237770e+15	0.000000e+00	2.144811e+01	7.199864e+16
580	4.238289e+15	0.000000e+00	2.946086e+01	8.437735e+16
581	4.238795e+15	0.000000e+00	4.463979e+01	1.058022e+17
582	4.239167e+15	0.000000e+00	2.541290e+01	6.264382e+16
583	4.239614e+15	0.000000e+00	3.225725e+01	9.337475e+16
584	4.240084e+15	0.000000e+00	3.111072e+01	7.414309e+16
585	4.240616e+15	0.000000e+00	6.707246e+01	1.149228e+17
586	4.240965e+15	0.000000e+00	3.276441e+01	6.972502e+16
587	4.241385e+15	0.000000e+00	4.117888e+01	1.074363e+17
588	4.241823e+15	0.000000e+00	5.288931e+01	8.480188e+16
589	4.242214e+15	0.000000e+00	3.969860e+01	7.832594e+16
590	4.242659e+15	0.000000e+00	5.020460e+01	7.883175e+16
591	4.243097e+15	0.000000e+00	6.263730e+01	9.043668e+16
592	4.243475e+15	0.000000e+00	4.514208e+01	8.524922e+16
593	4.243912e+15	0.000000e+00	5.690608e+01	9.166173e+16
594	4.244351e+15	0.000000e+00	4.595717e+01	1.007991e+17
595	4.244877e+15	0.000000e+00	8.783846e+01	1.462166e+17
596	4.245264e+15	0.000000e+00	6.912977e+01	7.303024e+16
597	4.245614e+15	0.000000e+00	4.964888e+01	6.196731e+16
598	4.246033e+15	0.000000e+00	6.372829e+01	7.927451e+16
599	4.246466e+15	0.000000e+00	6.086824e+01	1.071356e+17
600	4.246941e+15	0.000000e+00	1.128469e+02	1.182247e+17
601	4.247270e+15	0.000000e+00	5.792545e+01	7.991614e+16
602	4.247665e+15	0.000000e+00	5.919598e+01	1.149182e+17
603	4.248139e+15	0.000000e+00	9.467862e+01	9.795607e+16
604	4.248545e+15	0.000000e+00	6.341829e+01	9.090256e+16
605	4.249027e+15	0.000000e+00	1.045291e+02	1.300035e+17
606	4.249423e+15	0.000000e+00	7.049529e+01	8.824565e+16
607	4.249875e+15	0.000000e+00	9.907085e+01	1.263996e+17
608	4.250276e+15	0.000000e+00	9.240791e+01	1.002001e+17
609	4.250660e+15	0.000000e+00	7.054399e+01	7.933958e+16
610	4.251114e+15	0.000000e+00	9.813163e+01	1.283055e+17
611	4.251536e+15	0.000000e+00	9.037690e+01	7.911963e+16
612	4.251960e+15	0.000000e+00	8.471002e+01	8.509590e+16
613	4.252416e+15	0.000000e+00	9.748876e+01	1.069155e+17
614	4.252866e+15	0.000000e+00	1.164533e+02	1.022635e+17
615	4.253262e+15	0.000000e+00	7.871935e+01	1.050325e+17
616	4.253736e+15	0.000000e+00	1.152013e+02	1.312478e+17
617	4.254170e+15	0.000000e+00	1.279433e+02	1.283275e+17
618	4.254541e+15	0.000000e+00	9.486626e+01	9.215537e+16
619	4.254950e+15	0.000000e+00	1.049210e+02	1.130688e+17
620	4.255372e+15	0.000000e+00	1.090225e+02	1.336193e+17
621	4.255804e+15	0.000000e+00	1.149571e+02	1.038957e+17
622	4.256232e+15	0.000000e+00	1.115732e+02	1.080318e+17
623	4.256672e+15	0.000000e+00	1.456739e+02	1.433947e+17
624	4.257046e+15	0.000000e+00	1.258852e+02	1.134655e+17
625	4.257407e+15	0.000000e+00	1.078147e+02	1.215548e+17
626	4.257800e+15	4.183058e-04	1.138151e+02	1.284036e+17
627	4.258218e+15	7.015566e-03	1.564758e+02	1.150633e+17
628	4.258567e+15	1.221977e-02	1.001065e+02	9.493891e+16
629	4.258984e+15	5.193351e-02	1.503406e+02	1.080055e+17
630	4.259358e+15	7.503119e-02	1.274272e+02	8.923271e+16
631	4.259746e+15	9.958742e-02	1.102036e+02	1.104131e+17
632	4.260201e+15	1.935736e-01	1.553916e+02	1.563934e+17
633	4.260613e+15	2.567710e-01	1.663342e+02	1.428072e+17
634	4.260971e+15	2.820243e-01	1.182653e+02	1.299029e+17
635	4.261381e+15	5.957411e-01	1.449970e+02	1.098341e+17
636	4.261787e+15	1.348571e+00	1.494541e+02	1.307753e+17
637	4.262177e+15	2.291447e+00	1.489468e+02	1.338860e+17
638	4.262555e+15	2.504731e+00	1.280842e+02	1.178955e+17
639	4.262966e+15	3.289359e+00	1.290109e+02	1.209007e+17
640	4.263413e+15	6.205481e+00	2.091116e+02	1.378756e+17
641	4.263749e+15	4.007808e+00	1.152246e+02	7.184404e+16
642	4.264152e+15	5.229777e+00	1.430430e+02	9.888789e+16
643	4.264567e+15	5.709172e+00	1.276647e+02	1.165343e+17
644	4.265031e+15	1.144398e+01	2.147955e+02	1.406172e+17
645	4.265380e+15	8.462678e+00	1.335705e+02	1.132388e+17
646	4.265764e+15	1.182072e+01	1.743272e+02	1.172502e+17
647	4.266111e+15	1.036437e+01	1.326131e+02	9.676472e+16
648	4.266500e+15	1.188049e+01	1.430168e+02	1.452135e+17
649	4.266913e+15	1.281990e+01	1.487819e+02	1.281632e+17
650	4.267342e+15	1.167375e+01	1.260961e+02	1.097171e+17
651	4.267846e+15	2.068520e+01	2.263073e+02	1.992088e+17
652	4.268225e+15	1.842713e+01	1.856256e+02	1.076724e+17
653	4.268559e+15	1.340280e+01	1.256496e+02	1.144523e+17
654	4.268961e+15	1.654457e+01	1.522676e+02	1.037946e+17
655	4.269379e+15	1.992023e+01	1.689800e+02	1.461327e+17
656	4.269783e+15	1.974109e+01	1.560658e+02	1.250195e+17
657	4.270197e+15	2.319078e+01	1.717361e+02	1.396588e+17
658	4.270594e+15	2.138397e+01	1.488737e+02	1.064635e+17
659	4.271018e+15	2.095992e+01	1.398513e+02	1.384943e+17
660	4.271495e+15	3.098907e+01	2.092263e+02	1.803732e+17
661	4.271888e+15	2.202509e+01	1.428052e+02	1.151140e+17
662	4.272327e+15	2.737727e+01	1.817646e+02	1.385390e+17
663	4.272737e+15	2.537978e+01	1.701873e+02	1.099051e+17
664	4.273139e+15	2.406557e+01	1.573747e+02	1.232860e+17
665	4.273558e+15	2.165100e+01	1.324476e+02	1.269101e+17
666	4.274052e+15	3.481174e+01	2.014057e+02	1.623977e+17
667	4.274474e+15	2.572777e+01	1.349524e+02	8.867356e+16
668	4.274969e+15	3.601705e+01	1.852711e+02	1.507389e+17
669	4.275427e+15	4.589027e+01	2.337987e+02	1.871717e+17
670	4.275782e+15	2.765155e+01	1.352058e+02	1.311071e+17
671	4.276208e+15	3.193020e+01	1.550194e+02	1.859732e+17
672	4.276674e+15	3.596479e+01	1.707779e+02	1.943290e+17
673	4.277148e+15	3.892931e+01	1.840356e+02	1.939506e+17
674	4.277607e+15	3.859654e+01	1.788061e+02	1.658179e+17
675	4.278065e+15	4.146841e+01	1.881889e+02	2.018813e+17
676	4.278506e+15	4.074708e+01	1.839341e+02	1.888656e+17
677	4.278935e+15	3.413300e+01	1.498686e+02	1.323740e+17
678	4.279423e+15	3.688165e+01	1.573462e+02	1.660678e+17
679	4.279956e+15	4.875788e+01	2.053648e+02	1.677038e+17
680	4.280428e+15	4.317077e+01	1.817479e+02	1.669475e+17
681	4.280887e+15	3.744726e+01	1.566095e+02	1.773215e+17
682	4.281389e+15	3.967292e+01	1.668292e+02	1.959231e+17
683	4.281912e+15	4.812428e+01	1.998261e+02	1.752521e+17
684	4.282386e+15	4.039110e+01	1.644058e+02	1.844106e+17
685	4.282890e+15	4.761643e+01	1.915847e+02	1.482034e+17
686	4.283368e+15	3.558596e+01	1.407910e+02	1.623379e+17
687	4.283938e+15	5.682690e+01	2.256366e+02	1.936964e+17
688	4.284408e+15	3.658378e+01	1.477028e+02	1.573981e+17
689	4.284953e+15	4.406238e+01	1.764899e+02	1.992129e+17
690	4.285504e+15	6.076314e+01	2.423204e+02	2.452008e+17
691	4.285933e+15	3.428251e+01	1.393713e+02	1.541119e+17
692	4.286449e+15	3.962755e+01	1.612128e+02	1.962845e+17
693	4.287003e+15	3.432213e+01	1.395547e+02	1.554860e+17
694	4.287668e+15	6.019421e+01	2.366385e+02	2.716926e+17
695	4.288197e+15	4.144399e+01	1.622358e+02	2.099579e+17
696	4.288756e+15	5.538752e+01	2.152710e+02	1.520080e+17
697	4.289231e+15	4.671529e+01	1.840927e+02	1.542594e+17
698	4.289694e+15	3.568100e+01	1.418467e+02	1.827149e+17
699	4.290250e+15	4.912192e+01	1.922766e+02	2.646679e+17
700	4.290779e+15	4.759619e+01	1.871010e+02	2.438687e+17
701	4.291297e+15	4.004456e+01	1.598123e+02	2.000514e+17
702	4.291871e+15	4.135618e+01	1.628816e+02	2.173628e+17
703	4.292493e+15	6.046452e+01	2.318599e+02	2.741108e+17
704	4.293008e+15	5.818777e+01	2.214118e+02	1.637964e+17
705	4.293454e+15	3.717156e+01	1.467647e+02	1.958263e+17
706	4.293986e+15	4.256322e+01	1.668654e+02	2.384559e+17
707	4.294560e+15	4.480607e+01	1.736183e+02	2.117094e+17
708	4.295158e+15	5.273561e+01	2.032713e+02	1.999181e+17
709	4.295709e+15	5.100101e+01	2.013643e+02	1.986298e+17
710	4.296224e+15	4.253838e+01	1.685175e+02	1.641041e+17
711	4.296774e+15	5.040698e+01	1.963378e+02	1.870204e+17
712	4.297296e+15	4.432463e+01	1.785364e+02	2.048701e+17
713	4.297832e+15	4.549467e+01	1.858466e+02	1.958161e+17
714	4.298369e+15	3.469290e+01	1.462773e+02	2.124811e+17
715	4.299014e+15	4.812463e+01	1.946270e+02	2.383629e+17
716	4.299635e+15	5.075350e+01	2.010420e+02	2.343040e+17
717	4.300215e+15	4.837108e+01	1.910060e+02	2.014129e+17
718	4.300776e+15	5.026729e+01	1.996066e+02	2.051630e+17
719	4.301300e+15	4.026054e+01	1.648465e+02	1.983208e+17
720	4.301870e+15	5.801942e+01	2.302489e+02	2.084339e+17
721	4.302351e+15	3.424420e+01	1.463274e+02	1.656788e+17
722	4.302928e+15	3.367945e+01	1.464456e+02	2.371463e+17
723	4.303620e+15	4.194927e+01	1.808849e+02	2.948819e+17
724	4.304331e+15	5.701700e+01	2.362854e+02	2.458265e+17
725	4.304918e+15	4.226830e+01	1.842062e+02	2.605426e+17
726	4.305510e+15	4.544590e+01	1.999398e+02	1.511918e+17
727	4.306072e+15	4.411531e+01	1.990299e+02	1.673475e+17
728	4.306608e+15	3.569970e+01	1.685828e+02	2.441548e+17
729	4.307192e+15	3.418287e+01	1.627899e+02	2.626853e+17
730	4.307843e+15	3.999975e+01	1.847105e+02	2.308509e+17
731	4.308505e+15	4.550998e+01	2.057693e+02	2.697470e+17
732	4.309123e+15	4.594530e+01	2.053043e+02	2.230481e+17
733	4.309700e+15	3.833167e+01	1.754087e+02	1.887159e+17
734	4.310304e+15	4.260140e+01	1.917184e+02	2.097430e+17
735	4.310894e+15	4.374460e+01	1.923414e+02	2.497917e+17
736	4.311471e+15	4.370586e+01	1.864823e+02	2.620540e+17
737	4.312055e+15	4.160802e+01	1.741565e+02	2.338140e+17
738	4.312683e+15	4.979641e+01	2.033832e+02	1.899285e+17
739	4.313279e+15	3.490878e+01	1.461644e+02	1.878687e+17
740	4.313994e+15	4.025497e+01	1.646904e+02	2.867777e+17
741	4.314775e+15	5.168634e+01	2.069443e+02	2.153535e+17
742	4.315489e+15	5.794386e+01	2.322955e+02	2.598332e+17
743	4.316084e+15	4.349076e+01	1.801451e+02	2.361889e+17
744	4.316693e+15	3.579506e+01	1.513608e+02	2.161570e+17
745	4.317404e+15	4.133864e+01	1.765475e+02	1.953915e+17
746	4.318145e+15	5.675408e+01	2.336513e+02	3.059863e+17
747	4.318767e+15	4.962497e+01	2.045934e+02	2.254379e+17
748	4.319352e+15	4.225446e+01	1.794253e+02	2.220715e+17
749	4.319960e+15	4.124755e+01	1.800008e+02	2.437803e+17
750	4.320593e+15	4.455775e+01	1.924765e+02	2.476023e+17
751	4.321224e+15	4.313997e+01	1.869301e+02	2.781620e+17
752	4.321865e+15	4.372904e+01	1.904578e+02	2.660172e+17
753	4.322499e+15	4.215251e+01	1.873540e+02	2.117902e+17
754	4.323136e+15	3.536969e+01	1.623827e+02	2.108658e+17
755	4.323850e+15	4.012096e+01	1.798224e+02	2.010635e+17
756	4.324588e+15	5.820414e+01	2.452980e+02	2.684333e+17
757	4.325184e+15	4.441391e+01	1.911159e+02	1.247258e+17
758	4.325767e+15	3.661411e+01	1.599049e+02	1.773328e+17
759	4.326423e+15	4.693845e+01	1.955332e+02	2.625412e+17
760	4.327057e+15	4.504745e+01	1.882787e+02	2.451977e+17
761	4.327690e+15	4.144034e+01	1.756966e+02	2.460373e+17
762	4.328349e+15	5.210027e+01	2.108942e+02	2.627323e+17
763	4.328941e+15	4.673140e+01	1.882001e+02	1.871262e+17
764	4.329521e+15	3.882657e+01	1.590986e+02	2.014728e+17
765	4.330165e+15	3.413811e+01	1.435847e+02	2.394023e+17
766	4.330939e+15	4.424092e+01	1.774187e+02	2.953470e+17
767	4.331731e+15	6.262540e+01	2.400050e+02	3.261017e+17
768	4.332379e+15	4.288802e+01	1.782564e+02	2.359274e+17
769	4.333055e+15	4.619404e+01	1.896111e+02	2.734587e+17
770	4.333728e+15	3.758132e+01	1.608103e+02	2.452171e+17
771	4.334485e+15	6.568066e+01	2.496809e+02	3.030396e+17
772	4.335087e+15	3.938768e+01	1.585568e+02	1.880758e+17
773	4.335767e+15	6.410916e+01	2.326271e+02	2.310985e+17
774	4.336338e+15	3.799117e+01	1.456942e+02	2.040435e+17
775	4.337023e+15	4.520791e+01	1.697014e+02	2.341983e+17
776	4.337760e+15	5.218536e+01	1.920911e+02	2.310952e+17
777	4.338473e+15	7.099944e+01	2.527200e+02	2.300883e+17
778	4.339028e+15	4.051451e+01	1.593246e+02	2.868859e+17
779	4.339653e+15	5.050185e+01	1.968481e+02	2.057688e+17
780	4.340254e+15	3.454913e+01	1.471891e+02	2.063084e+17
781	4.340975e+15	4.742893e+01	1.932506e+02	2.903455e+17
782	4.341677e+15	5.877536e+01	2.283219e+02	2.253726e+17
783	4.342274e+15	4.379539e+01	1.728534e+02	2.069379e+17
784	4.342907e+15	4.217936e+01	1.636979e+02	2.046521e+17
785	4.343611e+15	4.115290e+01	1.577556e+02	2.168624e+17
786	4.344412e+15	7.129088e+01	2.574328e+02	3.175172e+17
787	4.345033e+15	3.892219e+01	1.543764e+02	2.595354e+17
788	4.345756e+15	3.661608e+01	1.480586e+02	2.806955e+17
789	4.346623e+15	5.204672e+01	2.048234e+02	3.441438e+17
790	4.347433e+15	7.600129e+01	2.881132e+02	3.293481e+17
791	4.348006e+15	4.206671e+01	1.756942e+02	2.342744e+17
792	4.348604e+15	3.445530e+01	1.488895e+02	2.070065e+17
793	4.349307e+15	4.343362e+01	1.834375e+02	2.282315e+17
794	4.350012e+15	4.171266e+01	1.783482e+02	2.704476e+17
795	4.350726e+15	4.108994e+01	1.845752e+02	2.548525e+17
796	4.351425e+15	3.455104e+01	1.663457e+02	1.943187e+17
797	4.352171e+15	4.439417e+01	2.011660e+02	2.538696e+17
798	4.352861e+15	3.807144e+01	1.832654e+02	2.184429e+17
799	4.353545e+15	3.851793e+01	1.890435e+02	2.406351e+17
800	4.354207e+15	3.052624e+01	1.567673e+02	2.179103e+17
801	4.354940e+15	4.438910e+01	2.095822e+02	2.843324e+17
802	4.355586e+15	2.867682e+01	1.434479e+02	2.220951e+17
803	4.356342e+15	4.137899e+01	1.923622e+02	2.309574e+17
804	4.357049e+15	4.580695e+01	2.076574e+02	2.558846e+17
805	4.357667e+15	3.750038e+01	1.727363e+02	2.103497e+17
806	4.358291e+15	3.315495e+01	1.543567e+02	2.300515e+17
807	4.358980e+15	4.632090e+01	2.067901e+02	2.356324e+17
808	4.359592e+15	2.977579e+01	1.408789e+02	2.473391e+17
809	4.360327e+15	3.341301e+01	1.564045e+02	2.692108e+17
810	4.361148e+15	4.610502e+01	2.106223e+02	3.197860e+17
811	4.361879e+15	4.780974e+01	2.156161e+02	3.171707e+17
812	4.362520e+15	3.609560e+01	1.655149e+02	2.600722e+17
813	4.363200e+15	3.418487e+01	1.542566e+02	2.407200e+17
814	4.363955e+15	6.225880e+01	2.576494e+02	3.342138e+17
815	4.364515e+15	3.119489e+01	1.372856e+02	1.675488e+17
816	4.365186e+15	3.589444e+01	1.529783e+02	2.573906e+17
817	4.365927e+15	4.984379e+01	2.072943e+02	2.698406e+17
818	4.366574e+15	3.755267e+01	1.615945e+02	1.936680e+17
819	4.367257e+15	3.844092e+01	1.639087e+02	1.609720e+17
820	4.367970e+15	3.705269e+01	1.577303e+02	2.589830e+17
821	4.368735e+15	4.592416e+01	1.903206e+02	2.972673e+17
822	4.369451e+15	3.993425e+01	1.730472e+02	3.391738e+17
823	4.370182e+15	3.554234e+01	1.594911e+02	2.893233e+17
824	4.370979e+15	5.711445e+01	2.428523e+02	3.499468e+17
825	4.371601e+15	3.525346e+01	1.628371e+02	2.568368e+17
826	4.372266e+15	3.050560e+01	1.443736e+02	2.564257e+17
827	4.373039e+15	6.099911e+01	2.529075e+02	2.730756e+17
828	4.373617e+15	3.310067e+01	1.507658e+02	1.631218e+17
829	4.374267e+15	3.701304e+01	1.664144e+02	2.492537e+17
830	4.374940e+15	3.534632e+01	1.600948e+02	2.823368e+17
831	4.375656e+15	3.125227e+01	1.454066e+02	2.427613e+17
832	4.376477e+15	5.785067e+01	2.449098e+02	3.588101e+17
833	4.377108e+15	2.913278e+01	1.389302e+02	1.466270e+17
834	4.377866e+15	4.965349e+01	2.168066e+02	3.117685e+17
835	4.378518e+15	3.987487e+01	1.750132e+02	2.651155e+17
836	4.379180e+15	4.640432e+01	1.954547e+02	1.980399e+17
837	4.379791e+15	4.046276e+01	1.668134e+02	2.254135e+17
838	4.380434e+15	3.826880e+01	1.589486e+02	2.476706e+17
839	4.381134e+15	4.221906e+01	1.732845e+02	2.170992e+17
840	4.381852e+15	5.905298e+01	2.276233e+02	2.635589e+17
841	4.382445e+15	3.370448e+01	1.404187e+02	2.250515e+17
842	4.383158e+15	6.051417e+01	2.325168e+02	2.585164e+17
843	4.383737e+15	3.898427e+01	1.622514e+02	1.969715e+17
844	4.384364e+15	4.399976e+01	1.832849e+02	1.974114e+17
845	4.384984e+15	3.234098e+01	1.407741e+02	1.983166e+17
846	4.385728e+15	4.109847e+01	1.758396e+02	3.169404e+17
847	4.386481e+15	6.475520e+01	2.588283e+02	2.946370e+17
848	4.387040e+15	3.868132e+01	1.649757e+02	1.933933e+17
849	4.387631e+15	3.435191e+01	1.469317e+02	2.117620e+17
850	4.388311e+15	3.490729e+01	1.495812e+02	2.245930e+17
851	4.389078e+15	4.256154e+01	1.791462e+02	2.695504e+17
852	4.389831e+15	6.632279e+01	2.533361e+02	3.367726e+17
853	4.390389e+15	4.084008e+01	1.656654e+02	1.566680e+17
854	4.390970e+15	4.690353e+01	1.911067e+02	1.878760e+17
855	4.391517e+15	3.199682e+01	1.395398e+02	1.420351e+17
856	4.392173e+15	5.278588e+01	2.113527e+02	2.375200e+17
857	4.392747e+15	4.323259e+01	1.765382e+02	2.332937e+17
858	4.393325e+15	4.098587e+01	1.670476e+02	2.091409e+17
859	4.393926e+15	4.631454e+01	1.878219e+02	1.898666e+17
860	4.394498e+15	3.212611e+01	1.375884e+02	2.375433e+17
861	4.395184e+15	5.024331e+01	2.046567e+02	2.760313e+17
862	4.395795e+15	3.447444e+01	1.467464e+02	1.983794e+17
863	4.396500e+15	4.642111e+01	1.923673e+02	2.494788e+17
864	4.397163e+15	4.338101e+01	1.847946e+02	2.283376e+17
865	4.397811e+15	3.975066e+01	1.735369e+02	2.787155e+17
866	4.398477e+15	3.433896e+01	1.515441e+02	2.360882e+17
867	4.399237e+15	5.592579e+01	2.378011e+02	2.737065e+17
868	4.399843e+15	3.208025e+01	1.477243e+02	1.781061e+17
869	4.400538e+15	4.888128e+01	2.176569e+02	2.748691e+17
870	4.401134e+15	3.496474e+01	1.620588e+02	2.029277e+17
871	4.401778e+15	5.341968e+01	2.395691e+02	2.559282e+17
872	4.402294e+15	2.924904e+01	1.420402e+02	1.689148e+17
873	4.402913e+15	3.520568e+01	1.656375e+02	2.562174e+17
874	4.403573e+15	3.125090e+01	1.485633e+02	2.620547e+17
875	4.404334e+15	7.013718e+01	3.089289e+02	2.745686e+17
876	4.404824e+15	3.156952e+01	1.484498e+02	1.688986e+17
877	4.405387e+15	2.981925e+01	1.399609e+02	1.788030e+17
878	4.406062e+15	5.421618e+01	2.342387e+02	2.675249e+17
879	4.406607e+15	3.917037e+01	1.739131e+02	1.400873e+17
880	4.407159e+15	2.868473e+01	1.381432e+02	1.532521e+17
881	4.407821e+15	3.830612e+01	1.815699e+02	1.788284e+17
882	4.408472e+15	3.607345e+01	1.746485e+02	1.973721e+17
883	4.409132e+15	3.958764e+01	1.917954e+02	1.921579e+17
884	4.409754e+15	4.903584e+01	2.295584e+02	2.679481e+17
885	4.410262e+15	2.685551e+01	1.377582e+02	1.858944e+17
886	4.410871e+15	3.435605e+01	1.680144e+02	1.748994e+17
887	4.411500e+15	3.096337e+01	1.521595e+02	1.831538e+17
888	4.412195e+15	4.262935e+01	2.005649e+02	2.756934e+17
889	4.412820e+15	3.648837e+01	1.745696e+02	2.077264e+17
890	4.413447e+15	3.562451e+01	1.684529e+02	2.480857e+17
891	4.414094e+15	4.908720e+01	2.226126e+02	2.589958e+17
892	4.414635e+15	2.918849e+01	1.392400e+02	1.814505e+17
893	4.415284e+15	4.269127e+01	1.955490e+02	2.479379e+17
894	4.415887e+15	4.287065e+01	1.906970e+02	2.252860e+17
895	4.416454e+15	4.123531e+01	1.802621e+02	2.364759e+17
896	4.417007e+15	3.092337e+01	1.357828e+02	1.718905e+17
897	4.417667e+15	5.656929e+01	2.291227e+02	2.374703e+17
898	4.418193e+15	3.156982e+01	1.342323e+02	1.096019e+17
899	4.418825e+15	3.664630e+01	1.525421e+02	2.262780e+17
900	4.419517e+15	4.856853e+01	1.966163e+02	2.538452e+17
901	4.420142e+15	6.082002e+01	2.360158e+02	2.264142e+17
902	4.420631e+15	4.588863e+01	1.830401e+02	1.302231e+17
903	4.421099e+15	3.300144e+01	1.359158e+02	1.325434e+17
904	4.421662e+15	3.420848e+01	1.423223e+02	1.816173e+17
905	4.422314e+15	3.572299e+01	1.482483e+02	1.923085e+17
906	4.423049e+15	6.174230e+01	2.445614e+02	3.059233e+17
907	4.423609e+15	3.602623e+01	1.518445e+02	2.119815e+17
908	4.424226e+15	4.147165e+01	1.735443e+02	1.973334e+17
909	4.424841e+15	5.053882e+01	2.107781e+02	2.411708e+17
910	4.425369e+15	3.829161e+01	1.671850e+02	2.426790e+17
911	4.425910e+15	3.668385e+01	1.600095e+02	1.666934e+17
912	4.426484e+15	3.685880e+01	1.610012e+02	1.814287e+17
913	4.427095e+15	3.888706e+01	1.704723e+02	1.886003e+17
914	4.427719e+15	5.704724e+01	2.336698e+02	2.312923e+17
915	4.428221e+15	3.207431e+01	1.385542e+02	1.485540e+17
916	4.428820e+15	5.035535e+01	2.020118e+02	2.054049e+17
917	4.429358e+15	3.275025e+01	1.369076e+02	1.825907e+17
918	4.430005e+15	5.637789e+01	2.191721e+02	2.343835e+17
919	4.430545e+15	3.895764e+01	1.575967e+02	2.109691e+17
920	4.431126e+15	4.729552e+01	1.899209e+02	2.145880e+17
921	4.431669e+15	4.369790e+01	1.771378e+02	2.363876e+17
922	4.432207e+15	4.271053e+01	1.732258e+02	2.341397e+17
923	4.432746e+15	4.420697e+01	1.751550e+02	1.651984e+17
924	4.433281e+15	4.074817e+01	1.587366e+02	1.868958e+17
925	4.433853e+15	4.630274e+01	1.719233e+02	1.994269e+17
926	4.434429e+15	4.352596e+01	1.578944e+02	2.279440e+17
927	4.435045e+15	6.911870e+01	2.397289e+02	2.000418e+17
928	4.435521e+15	4.372994e+01	1.565933e+02	1.524928e+17
929	4.436033e+15	3.831189e+01	1.385910e+02	1.577760e+17
930	4.436639e+15	3.948593e+01	1.457113e+02	2.144047e+17
931	4.437331e+15	6.061862e+01	2.169673e+02	2.736162e+17
932	4.437911e+15	3.885267e+01	1.435552e+02	2.187899e+17
933	4.438576e+15	6.421781e+01	2.324457e+02	2.056730e+17
934	4.439099e+15	5.552945e+01	1.982195e+02	1.785122e+17
935	4.439568e+15	3.711614e+01	1.350947e+02	1.327340e+17
936	4.440130e+15	3.663343e+01	1.356321e+02	1.758987e+17
937	4.440805e+15	6.432090e+01	2.342840e+02	2.257154e+17
938	4.441338e+15	4.719512e+01	1.804933e+02	1.847398e+17
939	4.441856e+15	3.875854e+01	1.585560e+02	2.381159e+17
940	4.442409e+15	3.126910e+01	1.339102e+02	1.764242e+17
941	4.443073e+15	5.101572e+01	2.089765e+02	2.550927e+17
942	4.443641e+15	3.483326e+01	1.480520e+02	2.137856e+17
943	4.444271e+15	4.171894e+01	1.765437e+02	1.879722e+17
944	4.444884e+15	4.481034e+01	1.899530e+02	1.586493e+17
945	4.445446e+15	3.893681e+01	1.651258e+02	1.596008e+17
946	4.446018e+15	4.248008e+01	1.796033e+02	2.218623e+17
947	4.446565e+15	4.298279e+01	1.834599e+02	2.052655e+17
948	4.447079e+15	2.925610e+01	1.328721e+02	1.409968e+17
949	4.447695e+15	4.083874e+01	1.802300e+02	2.075300e+17
950	4.448283e+15	4.268703e+01	1.886485e+02	2.182959e+17
951	4.448820e+15	3.687797e+01	1.697312e+02	1.782834e+17
952	4.449350e+15	2.709905e+01	1.327028e+02	1.633186e+17
953	4.449977e+15	3.657299e+01	1.750933e+02	1.845294e+17
954	4.450579e+15	5.791125e+01	2.720650e+02	2.430303e+17
955	4.450987e+15	2.591083e+01	1.351362e+02	1.448038e+17
956	4.451463e+15	2.431653e+01	1.304575e+02	1.501191e+17
957	4.452035e+15	2.557467e+01	1.377807e+02	1.982581e+17
958	4.452696e+15	3.863392e+01	1.978521e+02	1.930473e+17
959	4.453273e+15	3.985683e+01	2.015739e+02	1.667772e+17
960	4.453772e+15	2.782223e+01	1.455521e+02	1.462533e+17
961	4.454325e+15	3.260894e+01	1.668860e+02	2.126401e+17
962	4.454879e+15	3.830533e+01	1.954946e+02	1.668378e+17
963	4.455369e+15	2.387456e+01	1.294527e+02	1.242191e+17
964	4.455956e+15	3.071478e+01	1.642863e+02	2.442599e+17
965	4.456545e+15	3.854462e+01	2.032193e+02	1.764206e+17
966	4.457043e+15	2.716692e+01	1.507749e+02	2.212380e+17
967	4.457571e+15	2.504352e+01	1.399973e+02	1.326825e+17
968	4.458162e+15	2.940633e+01	1.597784e+02	1.653833e+17
969	4.458762e+15	4.422765e+01	2.396896e+02	1.677984e+17
970	4.459206e+15	2.221111e+01	1.272641e+02	1.743731e+17
971	4.459739e+15	2.916575e+01	1.692451e+02	1.929733e+17
972	4.460257e+15	2.282227e+01	1.364613e+02	1.466929e+17
973	4.460847e+15	2.654439e+01	1.576473e+02	2.105931e+17
974	4.461453e+15	3.479707e+01	2.010987e+02	2.282092e+17
975	4.461969e+15	2.949950e+01	1.737923e+02	2.132057e+17
976	4.462462e+15	2.690432e+01	1.660390e+02	1.571142e+17
977	4.462952e+15	2.578287e+01	1.569793e+02	1.907292e+17
978	4.463459e+15	2.654305e+01	1.599683e+02	1.606126e+17
979	4.463977e+15	2.584330e+01	1.540104e+02	1.834402e+17
980	4.464520e+15	3.013451e+01	1.738450e+02	1.858141e+17
981	4.465037e+15	2.200004e+01	1.270212e+02	1.538837e+17
982	4.465657e+15	3.372585e+01	1.824728e+02	1.735073e+17
983	4.466227e+15	4.524035e+01	2.347573e+02	1.983718e+17
984	4.466657e+15	2.568384e+01	1.354551e+02	1.619341e+17
985	4.467153e+15	2.838228e+01	1.489650e+02	1.676547e+17
986	4.467689e+15	2.682665e+01	1.430209e+02	1.750714e+17
987	4.468281e+15	3.078688e+01	1.584911e+02	1.573779e+17
988	4.468885e+15	4.218165e+01	2.028494e+02	2.150157e+17
989	4.469396e+15	3.438642e+01	1.575138e+02	1.599796e+17
990	4.469923e+15	4.509516e+01	1.976983e+02	1.532511e+17
991	4.470380e+15	2.943846e+01	1.295253e+02	1.344551e+17
992	4.470929e+15	6.101128e+01	2.573074e+02	1.961547e+17
993	4.471318e+15	3.123306e+01	1.309498e+02	1.403786e+17
994	4.471785e+15	3.247342e+01	1.396205e+02	1.807889e+17
995	4.472319e+15	3.651932e+01	1.568733e+02	1.420554e+17
996	4.472884e+15	4.432333e+01	1.853607e+02	1.810179e+17
997	4.473408e+15	3.805095e+01	1.620631e+02	2.003112e+17
998	4.473946e+15	3.970260e+01	1.737726e+02	1.952863e+17
999	4.474467e+15	3.244933e+01	1.491791e+02	1.406922e+17
1000	4.475028e+15	4.441064e+01	2.041858e+02	1.693098e+17
1001	4.475498e+15	3.019792e+01	1.492701e+02	1.474477e+17
1002	4.476001e+15	2.720105e+01	1.418060e+02	1.325008e+17
1003	4.476558e+15	3.416027e+01	1.814590e+02	1.735717e+17
1004	4.477069e+15	2.749989e+01	1.572933e+02	1.979891e+17
1005	4.477592e+15	3.358602e+01	1.921021e+02	1.525781e+17
1006	4.478050e+15	2.110437e+01	1.266584e+02	1.307420e+17
1007	4.478600e+15	2.268636e+01	1.400220e+02	1.539588e+17
1008	4.479217e+15	3.478975e+01	2.122612e+02	2.065941e+17
1009	4.479723e+15	2.872637e+01	1.927850e+02	1.440431e+17
1010	4.480174e+15	1.822612e+01	1.294652e+02	1.432940e+17
1011	4.480716e+15	2.246490e+01	1.575491e+02	2.094516e+17
1012	4.481278e+15	2.730527e+01	1.851591e+02	1.889571e+17
1013	4.481791e+15	3.728487e+01	2.439060e+02	2.041400e+17
1014	4.482167e+15	1.788501e+01	1.277683e+02	1.273389e+17
1015	4.482618e+15	1.774628e+01	1.273053e+02	1.269406e+17
1016	4.483159e+15	1.825038e+01	1.287113e+02	1.391631e+17
1017	4.483802e+15	3.467962e+01	2.227614e+02	1.961045e+17
1018	4.484304e+15	2.437218e+01	1.564543e+02	1.834838e+17
1019	4.484824e+15	2.092125e+01	1.310735e+02	1.392490e+17
1020	4.485436e+15	2.527301e+01	1.533481e+02	1.780225e+17
1021	4.486078e+15	5.059634e+01	2.833675e+02	2.380451e+17
1022	4.486489e+15	2.289925e+01	1.280271e+02	9.993078e+16
1023	4.486982e+15	2.472132e+01	1.300239e+02	2.019223e+17
1024	4.487568e+15	4.508859e+01	2.254623e+02	2.356787e+17
1025	4.488025e+15	3.068424e+01	1.473061e+02	1.961021e+17
1026	4.488524e+15	2.798178e+01	1.300170e+02	1.559838e+17
1027	4.489122e+15	4.750934e+01	2.175702e+02	2.391134e+17
1028	4.489605e+15	3.892700e+01	1.764400e+02	1.869752e+17
1029	4.490067e+15	3.939249e+01	1.731759e+02	1.783196e+17
1030	4.490517e+15	4.181584e+01	1.907442e+02	1.769842e+17
1031	4.490924e+15	2.607723e+01	1.299550e+02	1.083342e+17
1032	4.491413e+15	2.987814e+01	1.466656e+02	1.679175e+17
1033	4.491947e+15	4.634022e+01	2.173686e+02	1.850710e+17
1034	4.492376e+15	2.506448e+01	1.286291e+02	1.610400e+17
1035	4.492892e+15	3.227708e+01	1.677115e+02	1.791956e+17
1036	4.493401e+15	4.149486e+01	2.161240e+02	1.835638e+17
1037	4.493811e+15	2.144796e+01	1.280705e+02	1.593381e+17
1038	4.494304e+15	2.388263e+01	1.450407e+02	1.663080e+17
1039	4.494845e+15	2.955361e+01	1.754786e+02	1.709402e+17
1040	4.495358e+15	2.114223e+01	1.320346e+02	1.442141e+17
1041	4.495956e+15	2.766903e+01	1.677840e+02	1.809688e+17
1042	4.496536e+15	4.032071e+01	2.378222e+02	2.343735e+17
1043	4.496962e+15	1.898280e+01	1.251948e+02	1.290549e+17
1044	4.497472e+15	3.419688e+01	2.135511e+02	2.028238e+17
1045	4.497877e+15	1.790480e+01	1.266562e+02	1.093609e+17
1046	4.498355e+15	1.904878e+01	1.399194e+02	1.534437e+17
1047	4.498883e+15	1.583103e+01	1.271269e+02	1.134192e+17
1048	4.499509e+15	3.160181e+01	2.481946e+02	2.661840e+17
1049	4.499951e+15	1.395420e+01	1.394705e+02	1.809246e+17
1050	4.500446e+15	1.261424e+01	1.325679e+02	1.695174e+17
1051	4.501021e+15	2.090307e+01	2.104689e+02	2.242740e+17
1052	4.501491e+15	1.251671e+01	1.468555e+02	1.595241e+17
1053	4.502001e+15	1.481269e+01	1.784861e+02	1.695608e+17
1054	4.502480e+15	9.424844e+00	1.349720e+02	1.412201e+17
1055	4.503036e+15	1.258602e+01	1.792528e+02	1.951692e+17
1056	4.503561e+15	1.482205e+01	2.139864e+02	2.295759e+17
1057	4.503993e+15	1.252085e+01	1.943049e+02	1.633573e+17
1058	4.504379e+15	8.138517e+00	1.371336e+02	1.352537e+17
1059	4.504828e+15	8.845494e+00	1.322072e+02	1.570699e+17
1060	4.505367e+15	1.220889e+01	1.463738e+02	2.013695e+17
1061	4.505970e+15	2.137823e+01	2.249728e+02	1.978561e+17
1062	4.506456e+15	2.245998e+01	2.166283e+02	2.097830e+17
1063	4.506862e+15	1.870063e+01	1.685896e+02	1.779648e+17
1064	4.507275e+15	1.657766e+01	1.356836e+02	1.112290e+17
1065	4.507771e+15	2.433782e+01	1.799519e+02	1.826680e+17
1066	4.508253e+15	2.448664e+01	1.667442e+02	1.395433e+17
1067	4.508749e+15	2.192593e+01	1.359192e+02	1.550321e+17
1068	4.509345e+15	3.623671e+01	2.146563e+02	2.366992e+17
1069	4.509848e+15	2.444859e+01	1.442704e+02	2.238303e+17
1070	4.510429e+15	3.944974e+01	2.305941e+02	2.422385e+17
1071	4.510890e+15	3.380376e+01	1.943459e+02	1.957351e+17
1072	4.511310e+15	2.263239e+01	1.343407e+02	1.490546e+17
1073	4.511815e+15	2.179585e+01	1.343707e+02	1.905836e+17
1074	4.512419e+15	3.911171e+01	2.380728e+02	2.258435e+17
1075	4.512887e+15	2.246721e+01	1.468234e+02	1.252512e+17
1076	4.513418e+15	3.373535e+01	2.208397e+02	2.313241e+17
1077	4.513861e+15	1.908756e+01	1.373677e+02	1.926008e+17
1078	4.514392e+15	2.197463e+01	1.582033e+02	1.711106e+17
1079	4.514967e+15	2.735470e+01	1.956331e+02	3.129681e+17
1080	4.515496e+15	2.299887e+01	1.723215e+02	2.006087e+17
1081	4.516033e+15	3.715006e+01	2.616474e+02	2.311143e+17
1082	4.516422e+15	1.772308e+01	1.376461e+02	1.531046e+17
1083	4.516887e+15	1.817377e+01	1.431654e+02	1.063701e+17
1084	4.517430e+15	2.988727e+01	2.196207e+02	1.762879e+17
1085	4.517884e+15	1.820750e+01	1.393965e+02	1.719121e+17
1086	4.518422e+15	2.211285e+01	1.675077e+02	1.754974e+17
1087	4.518981e+15	2.253979e+01	1.609496e+02	2.650658e+17
1088	4.519578e+15	3.557483e+01	2.360376e+02	2.140460e+17
1089	4.520052e+15	3.294105e+01	2.210330e+02	1.668211e+17
1090	4.520446e+15	1.951194e+01	1.358854e+02	1.187708e+17
1091	4.520919e+15	1.974804e+01	1.364891e+02	1.788715e+17
1092	4.521487e+15	2.562726e+01	1.723828e+02	2.214801e+17
1093	4.522057e+15	2.068730e+01	1.440392e+02	1.907254e+17
1094	4.522712e+15	3.370849e+01	2.263421e+02	2.452678e+17
1095	4.523243e+15	2.789816e+01	1.915563e+02	2.430611e+17
1096	4.523735e+15	3.060975e+01	2.083538e+02	1.499578e+17
1097	4.524160e+15	1.906954e+01	1.355143e+02	9.268925e+16
1098	4.524669e+15	2.462098e+01	1.624187e+02	1.803824e+17
1099	4.525204e+15	2.511717e+01	1.678678e+02	1.978517e+17
1100	4.525756e+15	2.529760e+01	1.786788e+02	2.074341e+17
1101	4.526303e+15	3.001360e+01	2.183626e+02	2.176305e+17
1102	4.526767e+15	1.792557e+01	1.396567e+02	1.852668e+17
1103	4.527325e+15	2.205029e+01	1.759822e+02	2.038913e+17
1104	4.527890e+15	1.990720e+01	1.644921e+02	2.496377e+17
1105	4.528492e+15	1.770619e+01	1.461148e+02	2.116982e+17
1106	4.529193e+15	6.503599e+01	4.370884e+02	3.669682e+17
1107	4.529526e+15	2.414205e+01	1.402298e+02	1.200158e+17
1108	4.529926e+15	2.514666e+01	1.389724e+02	1.928992e+17
1109	4.530406e+15	2.899683e+01	1.490706e+02	1.442111e+17
1110	4.530953e+15	7.760649e+01	3.698121e+02	2.346879e+17
1111	4.531252e+15	3.016047e+01	1.393162e+02	1.213959e+17
1112	4.531610e+15	2.991550e+01	1.391499e+02	1.170864e+17
1113	4.532040e+15	3.366515e+01	1.612390e+02	1.794665e+17
1114	4.532504e+15	2.891628e+01	1.388997e+02	1.792272e+17
1115	4.533060e+15	4.291881e+01	2.025040e+02	1.787369e+17
1116	4.533563e+15	3.560534e+01	1.709027e+02	1.908774e+17
1117	4.534081e+15	3.373165e+01	1.591326e+02	2.062158e+17
1118	4.534648e+15	4.761797e+01	2.170348e+02	2.283682e+17
1119	4.535135e+15	3.066266e+01	1.455086e+02	1.476969e+17
1120	4.535710e+15	3.926925e+01	1.926420e+02	2.719568e+17
1121	4.536260e+15	4.675810e+01	2.284852e+02	2.517179e+17
1122	4.536724e+15	2.813494e+01	1.444525e+02	1.787033e+17
1123	4.537281e+15	4.001326e+01	2.008266e+02	2.068637e+17
1124	4.537801e+15	3.865659e+01	1.968199e+02	1.913476e+17
1125	4.538292e+15	2.724166e+01	1.433842e+02	1.242342e+17
1126	4.538882e+15	5.318953e+01	2.722646e+02	2.856075e+17
1127	4.539310e+15	3.177642e+01	1.681632e+02	1.641911e+17
1128	4.539767e+15	2.578888e+01	1.426574e+02	1.628855e+17
1129	4.540316e+15	3.010693e+01	1.649224e+02	2.307697e+17
1130	4.540904e+15	4.234550e+01	2.263175e+02	2.373125e+17
1131	4.541392e+15	4.003397e+01	2.146158e+02	2.143218e+17
1132	4.541813e+15	2.466037e+01	1.402707e+02	1.821544e+17
1133	4.542319e+15	2.444178e+01	1.410494e+02	1.481785e+17
1134	4.542925e+15	2.647234e+01	1.533465e+02	2.639871e+17
1135	4.543612e+15	5.427406e+01	2.968701e+02	3.184924e+17
1136	4.544075e+15	3.901235e+01	2.114124e+02	2.596850e+17
1137	4.544487e+15	2.507674e+01	1.415767e+02	1.525677e+17
1138	4.544981e+15	2.840022e+01	1.559822e+02	1.574263e+17
1139	4.545532e+15	3.471340e+01	1.857905e+02	1.641333e+17
1140	4.546066e+15	2.834481e+01	1.574962e+02	2.896516e+17
1141	4.546659e+15	5.786323e+01	3.137153e+02	2.283902e+17
1142	4.547038e+15	2.509787e+01	1.423522e+02	9.901062e+16
1143	4.547492e+15	2.556518e+01	1.430193e+02	1.373327e+17
1144	4.548038e+15	4.141316e+01	2.293398e+02	2.858796e+17
1145	4.548497e+15	2.575768e+01	1.453230e+02	1.848217e+17
1146	4.549049e+15	5.044700e+01	2.701092e+02	2.028608e+17
1147	4.549458e+15	2.641503e+01	1.465408e+02	1.578004e+17
1148	4.549949e+15	2.519939e+01	1.455704e+02	2.469794e+17
1149	4.550538e+15	4.326583e+01	2.491116e+02	2.869839e+17
1150	4.551005e+15	2.970463e+01	1.749080e+02	2.315848e+17
1151	4.551492e+15	3.003925e+01	1.764860e+02	2.550281e+17
1152	4.551996e+15	4.044016e+01	2.389362e+02	2.059085e+17
1153	4.552406e+15	2.325716e+01	1.426339e+02	1.809053e+17
1154	4.552897e+15	2.282300e+01	1.427748e+02	1.879958e+17
1155	4.553487e+15	2.568825e+01	1.653605e+02	2.197745e+17
1156	4.554123e+15	4.541229e+01	2.923739e+02	1.711255e+17
1157	4.554557e+15	2.233717e+01	1.438080e+02	1.411490e+17
1158	4.555078e+15	2.990727e+01	1.830042e+02	1.522056e+17
1159	4.555603e+15	2.713078e+01	1.681165e+02	2.010099e+17
1160	4.556170e+15	5.138891e+01	3.174113e+02	1.880797e+17
1161	4.556538e+15	2.196735e+01	1.464238e+02	2.014776e+17
1162	4.556979e+15	2.180319e+01	1.461657e+02	1.656104e+17
1163	4.557509e+15	2.821732e+01	1.825896e+02	2.092115e+17
1164	4.558049e+15	3.652669e+01	2.280468e+02	2.430225e+17
1165	4.558513e+15	2.687698e+01	1.667431e+02	1.363681e+17
1166	4.559024e+15	2.451669e+01	1.503564e+02	2.380899e+17
1167	4.559633e+15	2.863411e+01	1.735141e+02	2.943371e+17
1168	4.560281e+15	3.186692e+01	1.888029e+02	2.572131e+17
1169	4.560931e+15	3.941206e+01	2.245800e+02	2.969423e+17
1170	4.561502e+15	5.967658e+01	3.349633e+02	2.689387e+17
1171	4.561863e+15	2.637896e+01	1.501919e+02	1.621447e+17
1172	4.562295e+15	2.595165e+01	1.496112e+02	2.198522e+17
1173	4.562815e+15	3.407984e+01	2.006143e+02	1.906557e+17
1174	4.563314e+15	2.597811e+01	1.575474e+02	1.804330e+17
1175	4.563887e+15	4.020515e+01	2.418653e+02	1.639748e+17
1176	4.564361e+15	2.524361e+01	1.576085e+02	2.103605e+17
1177	4.564903e+15	2.731181e+01	1.698253e+02	1.916119e+17
1178	4.565493e+15	3.064188e+01	2.001764e+02	2.109930e+17
1179	4.566060e+15	2.957511e+01	2.016161e+02	2.178131e+17
1180	4.566604e+15	2.074986e+01	1.497801e+02	2.508992e+17
1181	4.567256e+15	3.791686e+01	2.677955e+02	3.062951e+17
1182	4.567758e+15	3.158678e+01	2.284741e+02	2.258429e+17
1183	4.568199e+15	2.110628e+01	1.524377e+02	2.305551e+17
1184	4.568729e+15	2.072162e+01	1.532461e+02	1.841138e+17
1185	4.569362e+15	3.279389e+01	2.398873e+02	1.958959e+17
1186	4.569901e+15	2.252720e+01	1.684919e+02	2.626392e+17
1187	4.570503e+15	2.966900e+01	2.189659e+02	2.693828e+17
1188	4.571054e+15	3.010708e+01	2.185594e+02	2.453093e+17
1189	4.571559e+15	2.244732e+01	1.580078e+02	2.189124e+17
1190	4.572148e+15	4.187295e+01	2.997814e+02	2.286740e+17
1191	4.572561e+15	2.143686e+01	1.503815e+02	1.045547e+17
1192	4.573057e+15	2.124346e+01	1.500677e+02	1.968420e+17
1193	4.573652e+15	2.650285e+01	1.961218e+02	2.407902e+17
1194	4.574233e+15	2.219095e+01	1.684835e+02	2.317368e+17
1195	4.574871e+15	2.699910e+01	2.083782e+02	1.686167e+17
1196	4.575464e+15	3.188784e+01	2.385324e+02	2.792176e+17
1197	4.575962e+15	2.119949e+01	1.513054e+02	1.798771e+17
1198	4.576559e+15	2.479938e+01	1.730708e+02	1.902184e+17
1199	4.577212e+15	3.032034e+01	2.129436e+02	2.967320e+17
1200	4.577825e+15	2.751877e+01	1.913834e+02	2.254773e+17
1201	4.578449e+15	2.782412e+01	2.015082e+02	2.156303e+17
1202	4.579063e+15	3.356448e+01	2.476956e+02	2.910384e+17
1203	4.579576e+15	2.403111e+01	1.873050e+02	2.764168e+17
1204	4.580106e+15	2.501776e+01	2.031895e+02	2.015028e+17
1205	4.580617e+15	2.088569e+01	1.651355e+02	1.753481e+17
1206	4.581194e+15	3.352889e+01	2.513062e+02	2.688077e+17
1207	4.581665e+15	2.181519e+01	1.530518e+02	1.833340e+17
1208	4.582231e+15	3.169586e+01	2.043573e+02	2.230364e+17
1209	4.582780e+15	3.069605e+01	1.935852e+02	2.591449e+17
1210	4.583336e+15	3.437588e+01	2.150106e+02	2.531782e+17
1211	4.583858e+15	3.075517e+01	1.980119e+02	2.434403e+17
1212	4.584383e+15	3.826962e+01	2.464075e+02	2.050898e+17
1213	4.584826e+15	2.894152e+01	1.813580e+02	1.718851e+17
1214	4.585301e+15	2.996284e+01	1.807252e+02	1.842538e+17
1215	4.585813e+15	3.532637e+01	2.013219e+02	2.349766e+17
1216	4.586321e+15	4.293739e+01	2.323358e+02	2.339435e+17
1217	4.586769e+15	2.901278e+01	1.591713e+02	1.855747e+17
1218	4.587297e+15	3.758812e+01	2.107492e+02	2.263153e+17
1219	4.587802e+15	3.461180e+01	1.981367e+02	2.289327e+17
1220	4.588312e+15	3.399710e+01	2.074141e+02	1.972467e+17
1221	4.588810e+15	3.218465e+01	2.056304e+02	2.223899e+17
1222	4.589302e+15	3.029200e+01	2.007889e+02	2.024864e+17
1223	4.589800e+15	3.653823e+01	2.490716e+02	2.302662e+17
1224	4.590227e+15	4.548222e+01	3.076694e+02	2.335645e+17
1225	4.590536e+15	2.236566e+01	1.617486e+02	1.261255e+17
1226	4.590907e+15	2.209411e+01	1.611113e+02	1.322894e+17
1227	4.591352e+15	2.307534e+01	1.661459e+02	2.261033e+17
1228	4.591874e+15	3.111968e+01	2.217788e+02	2.004380e+17
1229	4.592368e+15	2.691953e+01	2.024598e+02	2.179046e+17
1230	4.592872e+15	2.687069e+01	2.021219e+02	2.088662e+17
1231	4.593389e+15	2.870979e+01	2.218085e+02	1.851341e+17
1232	4.593884e+15	2.442709e+01	1.954235e+02	2.576319e+17
1233	4.594404e+15	2.873657e+01	2.208673e+02	2.198600e+17
1234	4.594903e+15	3.236375e+01	2.194616e+02	1.634745e+17
1235	4.595380e+15	3.107737e+01	2.050696e+02	1.753234e+17
1236	4.595862e+15	3.466185e+01	2.348582e+02	1.719233e+17
1237	4.596302e+15	2.868555e+01	1.985318e+02	1.646012e+17
1238	4.596759e+15	3.725884e+01	2.657064e+02	2.437573e+17
1239	4.597137e+15	2.159055e+01	1.695746e+02	1.691650e+17
1240	4.597578e+15	2.657991e+01	2.056425e+02	1.856886e+17
1241	4.598026e+15	2.721002e+01	2.059397e+02	2.296256e+17
1242	4.598481e+15	2.755060e+01	2.064377e+02	1.793658e+17
1243	4.598940e+15	3.103104e+01	2.154790e+02	1.912398e+17
1244	4.599387e+15	3.091138e+01	2.069237e+02	1.753705e+17
1245	4.599836e+15	3.162766e+01	2.117391e+02	1.823855e+17
1246	4.600282e+15	3.147881e+01	2.062248e+02	1.663336e+17
1247	4.600732e+15	3.197620e+01	2.163709e+02	1.817475e+17
1248	4.601173e+15	3.025233e+01	2.117026e+02	2.233161e+17
1249	4.601612e+15	3.024540e+01	2.178348e+02	2.150135e+17
1250	4.602042e+15	2.927555e+01	2.169555e+02	1.904868e+17
1251	4.602462e+15	2.836538e+01	2.112522e+02	2.746813e+17
1252	4.602882e+15	2.959051e+01	2.151722e+02	1.546371e+17
1253	4.603295e+15	3.028992e+01	2.183257e+02	2.260527e+17
1254	4.603699e+15	2.829057e+01	2.070508e+02	1.735017e+17
1255	4.604113e+15	3.059215e+01	2.154271e+02	2.058056e+17
1256	4.604525e+15	3.062835e+01	2.100656e+02	1.784020e+17
1257	4.604944e+15	3.051483e+01	2.047625e+02	1.785260e+17
1258	4.605378e+15	3.176892e+01	2.131375e+02	2.239826e+17
1259	4.605813e+15	3.058087e+01	2.036220e+02	1.445022e+17
1260	4.606267e+15	3.020259e+01	2.183689e+02	2.154070e+17
1261	4.606716e+15	2.805182e+01	2.151452e+02	1.817948e+17
1262	4.607166e+15	2.577724e+01	2.129502e+02	1.772437e+17
1263	4.607621e+15	2.371749e+01	2.053213e+02	1.719116e+17
1264	4.608095e+15	2.929719e+01	2.508925e+02	2.423824e+17
1265	4.608518e+15	2.096449e+01	1.925150e+02	1.893751e+17
1266	4.608984e+15	2.629549e+01	2.337200e+02	1.540943e+17
1267	4.609425e+15	2.401627e+01	2.178663e+02	1.999962e+17
1268	4.609866e+15	2.475761e+01	2.213728e+02	2.073661e+17
1269	4.610303e+15	2.533239e+01	2.280528e+02	1.926622e+17
1270	4.610726e+15	2.441217e+01	2.136776e+02	2.214755e+17
1271	4.611159e+15	2.510020e+01	2.170684e+02	1.474003e+17
1272	4.611599e+15	2.641733e+01	2.330976e+02	2.258130e+17
1273	4.612024e+15	2.245971e+01	2.021240e+02	1.745986e+17
1274	4.612483e+15	2.469225e+01	2.208334e+02	2.832307e+17
1275	4.612946e+15	2.663586e+01	2.416024e+02	2.168008e+17
1276	4.613382e+15	2.179270e+01	2.071150e+02	1.739434e+17
1277	4.613844e+15	2.724448e+01	2.464990e+02	2.167353e+17
1278	4.614272e+15	2.748104e+01	2.318252e+02	1.804342e+17
1279	4.614688e+15	2.698840e+01	2.209219e+02	2.112639e+17
1280	4.615110e+15	2.930060e+01	2.405549e+02	1.771321e+17
1281	4.615512e+15	2.343259e+01	1.999189e+02	1.271490e+17
1282	4.615955e+15	2.630921e+01	2.352761e+02	2.194836e+17
1283	4.616386e+15	2.473541e+01	2.259137e+02	1.474690e+17
1284	4.616819e+15	2.394702e+01	2.105590e+02	1.973270e+17
1285	4.617278e+15	2.854179e+01	2.433371e+02	2.001539e+17
1286	4.617717e+15	2.771594e+01	2.403369e+02	2.206574e+17
1287	4.618145e+15	2.500140e+01	2.188259e+02	1.992920e+17
1288	4.618594e+15	2.637043e+01	2.315083e+02	2.349005e+17
1289	4.619045e+15	2.702774e+01	2.288490e+02	3.181855e+17
1290	4.619502e+15	3.139812e+01	2.470757e+02	2.034164e+17
1291	4.619938e+15	2.882085e+01	2.198053e+02	1.794411e+17
1292	4.620388e+15	2.954270e+01	2.346668e+02	2.464497e+17
1293	4.620835e+15	2.813032e+01	2.298210e+02	2.608207e+17
1294	4.621286e+15	2.794573e+01	2.326681e+02	1.714801e+17
1295	4.621741e+15	2.752849e+01	2.253002e+02	3.094562e+17
1296	4.622211e+15	3.047288e+01	2.392687e+02	2.213173e+17
1297	4.622678e+15	2.963116e+01	2.370182e+02	2.023090e+17
1298	4.623148e+15	2.910749e+01	2.408184e+02	2.653265e+17
1299	4.623618e+15	2.823037e+01	2.420289e+02	2.237503e+17
1300	4.624084e+15	2.631744e+01	2.341918e+02	1.938427e+17
1301	4.624559e+15	2.630173e+01	2.304222e+02	2.330338e+17
1302	4.625047e+15	2.864806e+01	2.461694e+02	1.721542e+17
1303	4.625524e+15	2.648088e+01	2.315691e+02	2.420611e+17
1304	4.626017e+15	2.718937e+01	2.369034e+02	2.115398e+17
1305	4.626518e+15	2.761150e+01	2.397411e+02	3.013319e+17
1306	4.627022e+15	2.589999e+01	2.257017e+02	2.986199e+17
1307	4.627555e+15	2.842062e+01	2.551879e+02	2.255564e+17
1308	4.628068e+15	2.521574e+01	2.300340e+02	2.630357e+17
1309	4.628604e+15	2.504060e+01	2.358919e+02	2.356746e+17
1310	4.629158e+15	2.535202e+01	2.427538e+02	3.091516e+17
1311	4.629721e+15	2.340816e+01	2.419119e+02	2.894499e+17
1312	4.630301e+15	2.259620e+01	2.552045e+02	3.727193e+17
1313	4.630876e+15	2.052434e+01	2.420722e+02	3.346543e+17
1314	4.631473e+15	2.284481e+01	2.631486e+02	2.657631e+17
1315	4.632059e+15	2.174532e+01	2.621887e+02	2.965316e+17
1316	4.632641e+15	2.318868e+01	2.641309e+02	4.031606e+17
1317	4.633223e+15	2.233354e+01	2.627115e+02	2.955140e+17
1318	4.633812e+15	2.228128e+01	2.714414e+02	3.594867e+17
1319	4.634401e+15	2.251603e+01	2.847834e+02	3.726705e+17
1320	4.634979e+15	1.874360e+01	2.461519e+02	2.816846e+17
1321	4.635615e+15	2.300669e+01	3.068671e+02	2.603496e+17
1322	4.636202e+15	2.250539e+01	3.061755e+02	2.330278e+17
1323	4.636737e+15	2.214953e+01	3.035535e+02	2.281692e+17
1324	4.637223e+15	2.115993e+01	3.006064e+02	1.762641e+17
1325	4.637664e+15	2.083372e+01	2.913657e+02	1.663194e+17
1326	4.638073e+15	2.200802e+01	3.029207e+02	1.737681e+17
1327	4.638447e+15	2.418781e+01	2.968773e+02	2.041546e+17
1328	4.638797e+15	2.545374e+01	2.798023e+02	1.211064e+17
1329	4.639139e+15	2.698719e+01	2.761708e+02	1.996897e+17
1330	4.639474e+15	3.229097e+01	2.807394e+02	1.975348e+17
1331	4.639799e+15	3.446375e+01	2.694633e+02	1.639465e+17
1332	4.640128e+15	3.888898e+01	2.714873e+02	1.904135e+17
1333	4.640459e+15	4.109830e+01	2.542532e+02	1.268540e+17
1334	4.640810e+15	4.433166e+01	2.513067e+02	2.324423e+17
1335	4.641189e+15	5.137866e+01	2.627740e+02	2.073810e+17
1336	4.641592e+15	5.802711e+01	2.639505e+02	2.494914e+17
1337	4.642024e+15	6.800809e+01	2.802240e+02	2.466043e+17
1338	4.642467e+15	6.656771e+01	2.797054e+02	2.717247e+17
1339	4.642919e+15	6.808127e+01	2.745854e+02	2.872475e+17
1340	4.643379e+15	6.908386e+01	2.716533e+02	2.263469e+17
1341	4.643849e+15	6.371139e+01	2.597551e+02	2.113350e+17
1342	4.644336e+15	6.166511e+01	2.588809e+02	2.817221e+17
1343	4.644837e+15	6.227204e+01	2.587168e+02	2.421939e+17
1344	4.645349e+15	6.413479e+01	2.480580e+02	2.159409e+17
1345	4.645883e+15	6.335286e+01	2.548688e+02	3.158418e+17
1346	4.646428e+15	6.205114e+01	2.520629e+02	2.758333e+17
1347	4.646985e+15	8.994064e+01	3.675868e+02	2.575673e+17
1348	4.647403e+15	5.041289e+01	2.007873e+02	2.132124e+17
1349	4.647903e+15	5.096111e+01	2.047889e+02	2.115827e+17
1350	4.648494e+15	6.253408e+01	2.512269e+02	3.412820e+17
1351	4.649084e+15	6.441323e+01	2.450762e+02	2.804172e+17
1352	4.649676e+15	6.359360e+01	2.422980e+02	2.692475e+17
1353	4.650280e+15	5.991442e+01	2.435404e+02	3.315714e+17
1354	4.650887e+15	5.924196e+01	2.370714e+02	2.987014e+17
1355	4.651508e+15	5.975811e+01	2.455274e+02	3.429935e+17
1356	4.652122e+15	6.071009e+01	2.459161e+02	2.676656e+17
1357	4.652725e+15	5.903711e+01	2.433741e+02	3.140041e+17
1358	4.653320e+15	6.054803e+01	2.436370e+02	2.740460e+17
1359	4.653903e+15	5.893842e+01	2.369380e+02	3.100129e+17
1360	4.654487e+15	6.036754e+01	2.341321e+02	2.252567e+17
1361	4.655074e+15	6.093377e+01	2.351452e+02	2.004678e+17
1362	4.655661e+15	6.126219e+01	2.356086e+02	3.240105e+17
1363	4.656249e+15	5.931455e+01	2.351279e+02	2.858906e+17
1364	4.656841e+15	5.919295e+01	2.367537e+02	2.918690e+17
1365	4.657431e+15	6.263118e+01	2.414073e+02	2.904075e+17
1366	4.658013e+15	6.217805e+01	2.438347e+02	2.540186e+17
1367	4.658585e+15	6.031779e+01	2.398806e+02	3.512118e+17
1368	4.659156e+15	6.536800e+01	2.525199e+02	2.268089e+17
1369	4.659702e+15	6.437860e+01	2.411713e+02	2.197393e+17
1370	4.660240e+15	6.658803e+01	2.424733e+02	2.646733e+17
1371	4.660766e+15	6.433122e+01	2.346603e+02	2.244472e+17
1372	4.661299e+15	6.534927e+01	2.409384e+02	3.154172e+17
1373	4.661829e+15	6.803007e+01	2.515871e+02	2.857623e+17
1374	4.662343e+15	6.063050e+01	2.311378e+02	2.123474e+17
1375	4.662879e+15	6.410204e+01	2.479247e+02	2.825637e+17
1376	4.663409e+15	6.668173e+01	2.533029e+02	3.059599e+17
1377	4.663927e+15	6.628452e+01	2.541810e+02	2.817254e+17
1378	4.664434e+15	6.369331e+01	2.490497e+02	2.411465e+17
1379	4.664937e+15	5.988108e+01	2.471864e+02	2.584361e+17
1380	4.665442e+15	6.351703e+01	2.593481e+02	2.511495e+17
1381	4.665934e+15	6.069877e+01	2.502381e+02	3.394344e+17
1382	4.666430e+15	6.110669e+01	2.600259e+02	2.661355e+17
1383	4.666919e+15	6.132244e+01	2.643239e+02	2.699570e+17
1384	4.667397e+15	5.715092e+01	2.468905e+02	2.460848e+17
1385	4.667893e+15	5.957165e+01	2.616311e+02	2.580486e+17
1386	4.668388e+15	6.115011e+01	2.706471e+02	2.488076e+17
1387	4.668869e+15	6.169887e+01	2.663479e+02	2.857860e+17
1388	4.669345e+15	5.912496e+01	2.644422e+02	2.736391e+17
1389	4.669819e+15	5.862005e+01	2.715124e+02	2.381840e+17
1390	4.670287e+15	5.954094e+01	2.755387e+02	2.418522e+17
1391	4.670747e+15	5.724828e+01	2.727327e+02	2.517519e+17
1392	4.671207e+15	5.656030e+01	2.733143e+02	2.754013e+17
1393	4.671669e+15	5.417423e+01	2.678435e+02	2.482017e+17
1394	4.672140e+15	5.416462e+01	2.629403e+02	2.582966e+17
1395	4.672626e+15	5.304046e+01	2.540991e+02	2.367143e+17
1396	4.673141e+15	5.508746e+01	2.711259e+02	2.901796e+17
1397	4.673661e+15	5.462539e+01	2.763252e+02	2.719926e+17
1398	4.674181e+15	5.715367e+01	2.878912e+02	2.794660e+17
1399	4.674686e+15	5.326367e+01	2.781318e+02	2.906545e+17
1400	4.675191e+15	5.147759e+01	2.734549e+02	2.366920e+17
1401	4.675707e+15	5.049644e+01	2.765873e+02	2.866715e+17
1402	4.676226e+15	4.758222e+01	2.654850e+02	2.434664e+17
1403	4.676770e+15	5.725525e+01	3.364893e+02	3.547052e+17
1404	4.677248e+15	3.575425e+01	2.270998e+02	2.824876e+17
1405	4.677817e+15	5.749612e+01	3.647877e+02	3.256763e+17
1406	4.678281e+15	4.137605e+01	2.487106e+02	2.429770e+17
1407	4.678795e+15	4.908354e+01	2.826932e+02	2.923010e+17
1408	4.679311e+15	5.398065e+01	3.204217e+02	2.904561e+17
1409	4.679783e+15	4.346622e+01	2.666600e+02	3.425693e+17
1410	4.680281e+15	4.599493e+01	2.702993e+02	2.953257e+17
1411	4.680800e+15	5.028324e+01	2.988633e+02	2.911622e+17
1412	4.681302e+15	4.872897e+01	2.902996e+02	3.232188e+17
1413	4.681801e+15	4.598386e+01	2.786205e+02	2.527605e+17
1414	4.682314e+15	4.525113e+01	2.826430e+02	3.255950e+17
1415	4.682838e+15	4.272655e+01	2.841563e+02	3.421851e+17
1416	4.683373e+15	4.145624e+01	2.957482e+02	3.198608e+17
1417	4.683906e+15	4.044518e+01	2.949504e+02	3.429833e+17
1418	4.684439e+15	4.106800e+01	2.997914e+02	3.543952e+17
1419	4.684968e+15	4.092555e+01	2.972563e+02	2.883139e+17
1420	4.685496e+15	4.207693e+01	3.072947e+02	3.524259e+17
1421	4.686010e+15	3.705303e+01	2.884745e+02	2.972270e+17
1422	4.686534e+15	3.544023e+01	2.925969e+02	2.919190e+17
1423	4.687061e+15	3.756953e+01	3.118097e+02	3.183342e+17
1424	4.687561e+15	3.324535e+01	2.715355e+02	2.450432e+17
1425	4.688084e+15	3.532593e+01	2.741014e+02	2.354237e+17
1426	4.688622e+15	3.775373e+01	2.841195e+02	1.701048e+17
1427	4.689148e+15	3.834327e+01	2.667596e+02	1.781512e+17
1428	4.689676e+15	3.856453e+01	2.522047e+02	1.342188e+17
1429	4.690211e+15	4.036819e+01	2.501047e+02	2.613262e+17
1430	4.690743e+15	4.328809e+01	2.510550e+02	2.242508e+17
1431	4.691253e+15	4.563979e+01	2.464100e+02	2.351372e+17
1432	4.691736e+15	4.665956e+01	2.288493e+02	2.094803e+17
1433	4.692211e+15	5.426565e+01	2.294612e+02	1.516445e+17
1434	4.692670e+15	5.561109e+01	2.159425e+02	1.924852e+17
1435	4.693121e+15	5.413885e+01	1.977326e+02	1.237797e+17
1436	4.693592e+15	5.507291e+01	1.961120e+02	1.653816e+17
1437	4.694082e+15	6.006755e+01	2.097005e+02	1.838170e+17
1438	4.694562e+15	6.093279e+01	2.022608e+02	1.997507e+17
1439	4.695038e+15	6.183799e+01	2.004691e+02	2.110149e+17
1440	4.695509e+15	5.903003e+01	2.021732e+02	2.373931e+17
1441	4.695968e+15	4.717697e+01	1.802616e+02	1.563387e+17
1442	4.696455e+15	4.556398e+01	1.968453e+02	1.721411e+17
1443	4.696931e+15	3.852614e+01	1.853902e+02	1.466894e+17
1444	4.697414e+15	3.464962e+01	1.707531e+02	1.416020e+17
1445	4.697927e+15	3.988192e+01	1.984036e+02	2.038568e+17
1446	4.698404e+15	3.547950e+01	1.732564e+02	1.624367e+17
1447	4.698890e+15	3.791062e+01	1.868523e+02	2.371489e+17
1448	4.699347e+15	3.545088e+01	1.669903e+02	1.691414e+17
1449	4.699813e+15	3.732206e+01	1.765045e+02	2.155525e+17
1450	4.700259e+15	3.599375e+01	1.722285e+02	1.854954e+17
1451	4.700692e+15	3.171732e+01	1.481278e+02	1.345706e+17
1452	4.701159e+15	3.467609e+01	1.679545e+02	1.621361e+17
1453	4.701606e+15	3.264372e+01	1.583395e+02	1.339156e+17
1454	4.702043e+15	3.045512e+01	1.466673e+02	1.479703e+17
1455	4.702490e+15	3.134080e+01	1.455221e+02	1.130403e+17
1456	4.702943e+15	3.328413e+01	1.498383e+02	1.205346e+17
1457	4.703388e+15	3.528950e+01	1.498262e+02	1.061103e+17
1458	4.703828e+15	3.403802e+01	1.477308e+02	1.249146e+17
1459	4.704269e+15	3.294479e+01	1.537762e+02	1.223357e+17
1460	4.704701e+15	3.115920e+01	1.524728e+02	1.223878e+17
1461	4.705131e+15	2.908112e+01	1.467630e+02	1.069623e+17
1462	4.705570e+15	2.839987e+01	1.462319e+02	1.355842e+17
1463	4.706017e+15	2.833224e+01	1.508764e+02	1.110483e+17
1464	4.706452e+15	2.581448e+01	1.415290e+02	7.403506e+16
1465	4.706889e+15	2.599594e+01	1.443089e+02	9.793158e+16
1466	4.707316e+15	2.471591e+01	1.400471e+02	9.820085e+16
1467	4.707742e+15	2.749580e+01	1.469190e+02	6.313722e+16
1468	4.708156e+15	2.717413e+01	1.447656e+02	9.732771e+16
1469	4.708566e+15	2.722310e+01	1.400048e+02	9.439267e+16
1470	4.708988e+15	2.733701e+01	1.446199e+02	1.149405e+17
1471	4.709413e+15	2.630524e+01	1.441685e+02	9.610866e+16
1472	4.709845e+15	2.598321e+01	1.408966e+02	7.855158e+16
1473	4.710288e+15	2.828194e+01	1.491107e+02	1.049759e+17
1474	4.710719e+15	2.632424e+01	1.386321e+02	8.728360e+16
1475	4.711160e+15	2.808993e+01	1.487940e+02	7.906923e+16
1476	4.711593e+15	2.608986e+01	1.364307e+02	8.255708e+16
1477	4.712049e+15	2.724017e+01	1.460209e+02	1.218171e+17
1478	4.712509e+15	2.571805e+01	1.439499e+02	1.263349e+17
1479	4.712980e+15	2.418531e+01	1.440443e+02	9.409583e+16
1480	4.713464e+15	2.672879e+01	1.605658e+02	1.221651e+17
1481	4.713924e+15	2.502235e+01	1.545877e+02	8.452422e+16
1482	4.714375e+15	2.574536e+01	1.508877e+02	7.120828e+16
1483	4.714822e+15	2.696530e+01	1.581031e+02	8.396853e+16
1484	4.715247e+15	2.327368e+01	1.317090e+02	8.398210e+16
1485	4.715706e+15	2.682258e+01	1.517885e+02	1.119303e+17
1486	4.716150e+15	2.534439e+01	1.475815e+02	8.557923e+16
1487	4.716589e+15	2.569977e+01	1.501934e+02	8.488765e+16
1488	4.717022e+15	2.696844e+01	1.558287e+02	8.064295e+16
1489	4.717438e+15	2.358073e+01	1.420363e+02	8.144896e+16
1490	4.717864e+15	2.537366e+01	1.590825e+02	9.814304e+16
1491	4.718261e+15	2.246396e+01	1.425731e+02	9.763382e+16
1492	4.718664e+15	2.314637e+01	1.441469e+02	1.130876e+17
1493	4.719068e+15	2.414146e+01	1.511615e+02	5.574185e+16
1494	4.719458e+15	2.228325e+01	1.342225e+02	5.536703e+16
1495	4.719872e+15	2.473345e+01	1.444494e+02	6.290632e+16
1496	4.720289e+15	2.469415e+01	1.390516e+02	1.084445e+17
1497	4.720717e+15	2.522809e+01	1.448030e+02	7.687906e+16
1498	4.721142e+15	2.502141e+01	1.418851e+02	8.396895e+16
1499	4.721569e+15	2.536264e+01	1.368543e+02	1.148190e+17
1500	4.722005e+15	2.649475e+01	1.409714e+02	7.405779e+16
1501	4.722442e+15	2.610362e+01	1.415210e+02	8.000492e+16
1502	4.722877e+15	2.453305e+01	1.406344e+02	6.496154e+16
1503	4.723313e+15	2.314055e+01	1.339093e+02	1.195554e+17
1504	4.723763e+15	2.422123e+01	1.414025e+02	8.642083e+16
1505	4.724202e+15	2.370766e+01	1.302555e+02	7.025845e+16
1506	4.724659e+15	2.546949e+01	1.369987e+02	8.151332e+16
1507	4.725111e+15	2.578133e+01	1.392537e+02	7.854961e+16
1508	4.725556e+15	2.468074e+01	1.394808e+02	9.229075e+16
1509	4.725992e+15	2.317350e+01	1.332670e+02	5.361555e+16
1510	4.726435e+15	2.088066e+01	1.279985e+02	7.156761e+16
1511	4.726893e+15	1.999496e+01	1.268893e+02	6.959931e+16
1512	4.727367e+15	2.164243e+01	1.360330e+02	3.931308e+16
1513	4.727833e+15	2.232344e+01	1.350441e+02	8.164689e+16
1514	4.728291e+15	2.426299e+01	1.430074e+02	8.622539e+16
1515	4.728717e+15	2.151834e+01	1.212003e+02	4.931538e+16
1516	4.729167e+15	2.297814e+01	1.314812e+02	6.636868e+16
1517	4.729608e+15	2.781345e+01	1.436120e+02	6.979725e+16
1518	4.730012e+15	2.382823e+01	1.054314e+02	5.065782e+16
1519	4.730475e+15	2.881220e+01	1.358747e+02	7.195297e+16
1520	4.730913e+15	2.529347e+01	1.239803e+02	8.982212e+16
1521	4.731353e+15	2.185516e+01	1.086590e+02	3.390076e+16
1522	4.731838e+15	2.448208e+01	1.241414e+02	4.931936e+16
1523	4.732322e+15	2.446310e+01	1.212496e+02	9.827661e+16
1524	4.732807e+15	2.568470e+01	1.200862e+02	8.641443e+16
1525	4.733294e+15	2.729236e+01	1.210627e+02	1.094573e+17
1526	4.733779e+15	2.563541e+01	1.112921e+02	9.207543e+16
1527	4.734291e+15	2.661843e+01	1.203784e+02	8.404827e+16
1528	4.734801e+15	2.630290e+01	1.192109e+02	9.282116e+16
1529	4.735309e+15	2.398944e+01	1.132938e+02	9.347457e+16
1530	4.735834e+15	2.765000e+01	1.242268e+02	1.088532e+17
1531	4.736336e+15	2.701110e+01	1.178815e+02	8.334785e+16
1532	4.736835e+15	2.659938e+01	1.101690e+02	1.079004e+17
1533	4.737361e+15	3.067815e+01	1.273938e+02	1.019677e+17
1534	4.737856e+15	2.693889e+01	1.090995e+02	7.899253e+16
1535	4.738380e+15	2.915954e+01	1.229354e+02	1.364876e+17
1536	4.738890e+15	2.890457e+01	1.221439e+02	1.147268e+17
1537	4.739389e+15	2.742539e+01	1.178182e+02	7.716675e+16
1538	4.739889e+15	2.982981e+01	1.252658e+02	1.044051e+17
1539	4.740367e+15	2.771334e+01	1.155986e+02	8.506601e+16
1540	4.740852e+15	2.848391e+01	1.218654e+02	7.225100e+16
1541	4.741324e+15	2.836955e+01	1.168588e+02	6.339297e+16
1542	4.741795e+15	2.750966e+01	1.116067e+02	8.629963e+16
1543	4.742283e+15	2.903536e+01	1.168015e+02	9.468653e+16
1544	4.742767e+15	2.669818e+01	1.112478e+02	6.501574e+16
1545	4.743267e+15	2.649925e+01	1.117914e+02	5.645942e+16
1546	4.743783e+15	2.559577e+01	1.091428e+02	5.831783e+16
1547	4.744328e+15	2.883274e+01	1.235825e+02	7.419412e+16
1548	4.744853e+15	2.850213e+01	1.202587e+02	1.067382e+17
1549	4.745368e+15	2.864748e+01	1.212674e+02	7.991699e+16
1550	4.745869e+15	2.917954e+01	1.248216e+02	3.826221e+16
1551	4.746349e+15	2.635096e+01	1.179567e+02	5.517101e+16
1552	4.746827e+15	2.547064e+01	1.146367e+02	4.204897e+16
1553	4.747307e+15	2.764085e+01	1.193673e+02	5.912085e+16
1554	4.747772e+15	2.324150e+01	8.970622e+01	7.595176e+16
1555	4.748327e+15	3.145380e+01	1.284226e+02	7.082240e+16
1556	4.748829e+15	2.509867e+01	1.095848e+02	2.089891e+16
1557	4.749343e+15	2.486006e+01	1.205507e+02	6.332822e+16
1558	4.749834e+15	2.234247e+01	1.107711e+02	6.078144e+16
1559	4.750338e+15	2.253177e+01	1.148027e+02	4.665402e+16
1560	4.750843e+15	2.371749e+01	1.179411e+02	3.986807e+16
1561	4.751338e+15	2.535381e+01	1.155194e+02	5.922010e+16
1562	4.751829e+15	2.602590e+01	1.121271e+02	5.915490e+16
1563	4.752320e+15	2.743952e+01	1.104824e+02	5.263215e+16
1564	4.752813e+15	2.799266e+01	1.074477e+02	5.617157e+16
1565	4.753311e+15	2.882300e+01	1.088077e+02	4.857699e+16
1566	4.753800e+15	2.404285e+01	9.003248e+01	5.149982e+16
1567	4.754342e+15	2.882340e+01	1.078156e+02	5.704062e+16
1568	4.754859e+15	3.121962e+01	1.043387e+02	5.264079e+16
1569	4.755358e+15	3.324683e+01	1.011162e+02	4.832268e+16
1570	4.755844e+15	3.457251e+01	9.795134e+01	3.980137e+16
1571	4.756323e+15	3.786235e+01	9.977944e+01	5.762401e+16
1572	4.756781e+15	3.559893e+01	8.758568e+01	4.647595e+16
1573	4.757258e+15	4.052431e+01	8.992220e+01	4.620591e+16
1574	4.757725e+15	3.751110e+01	7.511467e+01	6.670647e+16
1575	4.758221e+15	3.956163e+01	8.074197e+01	9.596917e+16
1576	4.758713e+15	3.820699e+01	8.512331e+01	7.823725e+16
1577	4.759180e+15	2.987313e+01	7.246091e+01	4.878542e+16
1578	4.759684e+15	3.102872e+01	7.855869e+01	6.324091e+16
1579	4.760191e+15	3.106123e+01	8.141896e+01	4.764746e+16
1580	4.760686e+15	3.006321e+01	8.331126e+01	6.403143e+16
1581	4.761166e+15	2.923261e+01	7.955097e+01	5.395509e+16
1582	4.761639e+15	2.469127e+01	7.120763e+01	6.958324e+16
1583	4.762153e+15	2.682354e+01	8.059120e+01	3.984487e+16
1584	4.762668e+15	2.510222e+01	8.143077e+01	8.779933e+16
1585	4.763192e+15	2.507743e+01	8.606760e+01	7.575296e+16
1586	4.763712e+15	2.380389e+01	8.590722e+01	9.438533e+16
1587	4.764231e+15	2.358060e+01	8.523139e+01	9.007485e+16
1588	4.764753e+15	2.028692e+01	7.850159e+01	8.966418e+16
1589	4.765315e+15	2.690039e+01	1.002324e+02	1.024989e+17
1590	4.765823e+15	2.103132e+01	7.880690e+01	8.741123e+16
1591	4.766383e+15	2.624759e+01	9.931630e+01	1.000170e+17
1592	4.766909e+15	2.629102e+01	1.013290e+02	7.886680e+16
1593	4.767404e+15	2.255432e+01	9.207690e+01	6.518862e+16
1594	4.767916e+15	2.652780e+01	1.071812e+02	7.268925e+16
1595	4.768394e+15	2.432416e+01	9.763882e+01	1.028595e+17
1596	4.768879e+15	2.771931e+01	1.067866e+02	4.659090e+16
1597	4.769340e+15	2.589066e+01	9.309861e+01	8.639025e+16
1598	4.769824e+15	2.661030e+01	9.516721e+01	8.388914e+16
1599	4.770325e+15	2.852141e+01	1.074713e+02	7.357696e+16
1600	4.770800e+15	2.505049e+01	9.662679e+01	5.121775e+16
1601	4.771288e+15	2.449756e+01	9.804126e+01	6.226643e+16
1602	4.771784e+15	2.673040e+01	1.082093e+02	5.993276e+16
1603	4.772249e+15	2.516978e+01	1.015994e+02	5.528954e+16
1604	4.772710e+15	2.642918e+01	9.950365e+01	4.993870e+16
1605	4.773174e+15	2.838332e+01	1.054452e+02	6.888362e+16
1606	4.773620e+15	2.397313e+01	8.970765e+01	6.407058e+16
1607	4.774102e+15	2.601465e+01	9.661649e+01	3.645043e+16
1608	4.774588e+15	2.647270e+01	9.661118e+01	4.260847e+16
1609	4.775077e+15	2.533708e+01	9.219167e+01	5.185762e+16
1610	4.775585e+15	2.639009e+01	9.571793e+01	3.838793e+16
1611	4.776100e+15	2.697448e+01	9.550313e+01	5.078390e+16
1612	4.776618e+15	2.609113e+01	8.911110e+01	6.952769e+16
1613	4.777163e+15	3.056564e+01	1.020461e+02	7.296089e+16
1614	4.777675e+15	2.885459e+01	9.347133e+01	4.845847e+16
1615	4.778193e+15	3.075367e+01	9.941003e+01	7.194172e+16
1616	4.778692e+15	2.989494e+01	9.730051e+01	5.687567e+16
1617	4.779186e+15	2.981231e+01	1.012448e+02	6.076725e+16
1618	4.779662e+15	2.808821e+01	9.602809e+01	4.431113e+16
1619	4.780140e+15	2.849170e+01	9.670595e+01	6.819505e+16
1620	4.780614e+15	3.011977e+01	9.870700e+01	5.377290e+16
1621	4.781071e+15	2.949712e+01	8.980314e+01	8.409280e+16
1622	4.781544e+15	3.457213e+01	9.800720e+01	4.346468e+16
1623	4.782001e+15	3.479789e+01	9.289326e+01	3.954125e+16
1624	4.782460e+15	3.136955e+01	7.876109e+01	4.514723e+16
1625	4.782973e+15	3.390443e+01	8.572074e+01	7.757372e+16
1626	4.783502e+15	3.659463e+01	9.227461e+01	6.710885e+16
1627	4.784007e+15	3.126657e+01	8.305890e+01	6.159556e+16
1628	4.784523e+15	3.698898e+01	9.396818e+01	7.400172e+16
1629	4.784990e+15	3.288981e+01	8.123429e+01	9.763083e+16
1630	4.785460e+15	3.134350e+01	7.639758e+01	3.254402e+16
1631	4.785948e+15	3.237430e+01	8.055339e+01	6.399004e+16
1632	4.786432e+15	3.045559e+01	7.926473e+01	7.644939e+16
1633	4.786917e+15	2.533144e+01	7.172017e+01	7.043004e+16
1634	4.787449e+15	2.849998e+01	8.168993e+01	5.727843e+16
1635	4.787983e+15	3.449580e+01	9.812305e+01	1.158421e+17
1636	4.788446e+15	2.895717e+01	8.279004e+01	7.270760e+16
1637	4.788904e+15	2.682088e+01	7.678099e+01	5.943193e+16
1638	4.789390e+15	3.040838e+01	8.175791e+01	6.218341e+16
1639	4.789888e+15	2.774493e+01	7.391956e+01	8.528268e+16
1640	4.790446e+15	3.293770e+01	9.627036e+01	8.540590e+16
1641	4.790961e+15	2.796186e+01	8.902695e+01	6.559216e+16
1642	4.791477e+15	2.588983e+01	8.401248e+01	8.256473e+16
1643	4.792022e+15	2.730848e+01	9.130846e+01	1.015003e+17
1644	4.792563e+15	2.656520e+01	9.027883e+01	8.084286e+16
1645	4.793108e+15	3.283994e+01	1.175462e+02	8.923012e+16
1646	4.793560e+15	1.936044e+01	7.453379e+01	6.637053e+16
1647	4.794100e+15	2.428019e+01	9.601240e+01	7.629320e+16
1648	4.794636e+15	1.920692e+01	7.977606e+01	3.838547e+16
1649	4.795256e+15	2.432952e+01	1.030581e+02	9.293307e+16
1650	4.795840e+15	2.410071e+01	1.039190e+02	7.064836e+16
1651	4.796388e+15	2.419943e+01	1.019897e+02	5.840038e+16
1652	4.796915e+15	2.405171e+01	1.001671e+02	6.486371e+16
1653	4.797427e+15	2.290151e+01	9.472645e+01	7.573365e+16
1654	4.797943e+15	2.438274e+01	9.994037e+01	4.975260e+16
1655	4.798439e+15	2.262144e+01	9.269646e+01	5.076012e+16
1656	4.798945e+15	2.557454e+01	1.032345e+02	1.091978e+17
1657	4.799428e+15	2.098391e+01	7.720700e+01	5.651728e+16
1658	4.800005e+15	2.880926e+01	1.052615e+02	9.150845e+16
1659	4.800557e+15	2.955949e+01	1.060046e+02	6.751517e+16
1660	4.801085e+15	2.809063e+01	9.589676e+01	7.029204e+16
1661	4.801621e+15	2.911228e+01	9.981065e+01	6.559301e+16
1662	4.802140e+15	3.196775e+01	1.004881e+02	4.617815e+16
1663	4.802635e+15	3.317342e+01	9.373560e+01	4.776396e+16
1664	4.803132e+15	3.487745e+01	9.379821e+01	3.900518e+16
1665	4.803628e+15	3.229718e+01	8.777892e+01	5.443155e+16
1666	4.804143e+15	2.869301e+01	7.954526e+01	6.120037e+16
1667	4.804705e+15	3.337225e+01	8.800110e+01	8.744503e+16
1668	4.805265e+15	3.343821e+01	9.521574e+01	6.415121e+16
1669	4.805805e+15	3.235104e+01	1.016884e+02	9.453636e+16
1670	4.806313e+15	2.867727e+01	9.415394e+01	1.192670e+17
1671	4.806824e+15	3.270828e+01	1.006511e+02	8.411473e+16
1672	4.807303e+15	3.004598e+01	9.452915e+01	7.035766e+16
1673	4.807777e+15	2.624989e+01	8.357529e+01	6.705883e+16
1674	4.808301e+15	2.961181e+01	9.514384e+01	1.049425e+17
1675	4.808836e+15	2.930832e+01	9.433813e+01	7.735579e+16
1676	4.809388e+15	3.370858e+01	1.064396e+02	1.056033e+17
1677	4.809903e+15	3.324292e+01	1.055522e+02	8.524085e+16
1678	4.810393e+15	2.889009e+01	9.428327e+01	7.219603e+16
1679	4.810907e+15	3.192818e+01	1.086658e+02	9.523091e+16
1680	4.811392e+15	2.811323e+01	9.630612e+01	5.159258e+16
1681	4.811886e+15	2.777623e+01	9.532424e+01	6.596628e+16
1682	4.812381e+15	2.714771e+01	9.824726e+01	8.422172e+16
1683	4.812869e+15	2.456882e+01	9.327748e+01	4.135510e+16
1684	4.813374e+15	2.654818e+01	9.973836e+01	6.126222e+16
1685	4.813875e+15	2.534094e+01	9.476876e+01	5.951952e+16
1686	4.814384e+15	2.536402e+01	1.017117e+02	5.116648e+16
1687	4.814877e+15	2.363127e+01	1.028237e+02	5.818845e+16
1688	4.815348e+15	1.926139e+01	9.163123e+01	3.834883e+16
1689	4.815844e+15	1.932053e+01	9.703679e+01	5.714695e+16
1690	4.816346e+15	2.086418e+01	1.066371e+02	6.046409e+16
1691	4.816817e+15	1.932242e+01	9.587781e+01	7.318053e+16
1692	4.817295e+15	2.076699e+01	9.642144e+01	4.111725e+16
1693	4.817773e+15	2.147776e+01	1.008238e+02	8.216985e+16
1694	4.818236e+15	1.941059e+01	9.642360e+01	3.805823e+16
1695	4.818708e+15	1.930407e+01	9.907079e+01	4.813578e+16
1696	4.819185e+15	1.927246e+01	9.968736e+01	5.158018e+16
1697	4.819667e+15	1.889834e+01	9.938461e+01	8.953347e+16
1698	4.820152e+15	1.813930e+01	9.365212e+01	7.534381e+16
1699	4.820658e+15	2.065188e+01	1.051644e+02	4.992172e+16
1700	4.821142e+15	1.936614e+01	9.755188e+01	5.180879e+16
1701	4.821634e+15	2.057840e+01	9.870902e+01	6.815473e+16
1702	4.822136e+15	2.232842e+01	1.052761e+02	5.027120e+16
1703	4.822620e+15	1.836806e+01	8.994006e+01	6.700371e+16
1704	4.823140e+15	2.138122e+01	1.005240e+02	3.929518e+16
1705	4.823652e+15	2.421368e+01	1.054356e+02	5.985703e+16
1706	4.824130e+15	2.311741e+01	9.248694e+01	8.615600e+16
1707	4.824617e+15	2.615700e+01	9.964336e+01	4.160723e+16
1708	4.825073e+15	2.594212e+01	8.801253e+01	4.419966e+16
1709	4.825536e+15	2.830828e+01	8.432340e+01	7.413564e+16
1710	4.826018e+15	3.255896e+01	9.282356e+01	4.889188e+16
1711	4.826483e+15	2.912842e+01	8.054225e+01	8.006394e+16
1712	4.826974e+15	2.945349e+01	8.115064e+01	5.755916e+16
1713	4.827473e+15	2.921114e+01	7.870061e+01	5.220430e+16
1714	4.827974e+15	2.711145e+01	7.479193e+01	6.543437e+16
1715	4.828477e+15	2.552933e+01	7.169927e+01	7.849501e+16
1716	4.828995e+15	2.794273e+01	7.804485e+01	4.191281e+16
1717	4.829493e+15	2.290147e+01	6.467386e+01	7.485762e+16
1718	4.830046e+15	2.544507e+01	7.485936e+01	8.834281e+16
1719	4.830593e+15	2.358493e+01	7.491653e+01	9.465591e+16
1720	4.831141e+15	2.071057e+01	7.298434e+01	5.362748e+16
1721	4.831712e+15	2.140310e+01	8.272567e+01	7.959849e+16
1722	4.832267e+15	2.454056e+01	9.412753e+01	8.991214e+16
1723	4.832759e+15	2.216394e+01	8.265712e+01	7.126479e+16
1724	4.833249e+15	2.364600e+01	8.133694e+01	8.610104e+16
1725	4.833746e+15	2.510198e+01	8.411949e+01	4.992582e+16
1726	4.834238e+15	2.504734e+01	8.683958e+01	5.854118e+16
1727	4.834725e+15	2.758740e+01	1.034347e+02	6.811413e+16
1728	4.835150e+15	1.707777e+01	6.860193e+01	3.022413e+16
1729	4.835661e+15	2.215244e+01	8.805489e+01	6.404271e+16
1730	4.836171e+15	2.186181e+01	8.721701e+01	5.700204e+16
1731	4.836685e+15	2.332357e+01	9.048239e+01	7.001575e+16
1732	4.837191e+15	2.430551e+01	9.262975e+01	5.381751e+16
1733	4.837682e+15	2.370190e+01	8.891616e+01	4.806332e+16
1734	4.838171e+15	2.403537e+01	9.050668e+01	5.253969e+16
1735	4.838649e+15	2.459145e+01	9.346800e+01	4.720190e+16
1736	4.839102e+15	1.988988e+01	7.871224e+01	4.989897e+16
1737	4.839591e+15	2.461671e+01	9.594314e+01	5.903337e+16
1738	4.840039e+15	2.025554e+01	7.753337e+01	4.598851e+16
1739	4.840524e+15	2.235221e+01	8.493850e+01	4.935713e+16
1740	4.841010e+15	2.313033e+01	8.732767e+01	7.311244e+16
1741	4.841485e+15	1.963083e+01	7.641781e+01	6.902167e+16
1742	4.842002e+15	2.174081e+01	8.535957e+01	7.168525e+16
1743	4.842511e+15	2.214419e+01	8.060756e+01	4.587585e+16
1744	4.843024e+15	2.336295e+01	7.627615e+01	6.179731e+16
1745	4.843553e+15	2.592024e+01	8.117653e+01	7.001989e+16
1746	4.844070e+15	2.631734e+01	7.693856e+01	3.811707e+16
1747	4.844590e+15	2.992193e+01	7.591356e+01	9.884592e+16
1748	4.845095e+15	3.047308e+01	7.328015e+01	8.849452e+16
1749	4.845588e+15	3.028911e+01	7.403053e+01	6.503025e+16
1750	4.846073e+15	3.142145e+01	7.620022e+01	6.311352e+16
1751	4.846547e+15	2.997901e+01	7.450830e+01	8.490628e+16
1752	4.847020e+15	2.931710e+01	7.381232e+01	7.360608e+16
1753	4.847498e+15	2.839144e+01	7.349781e+01	4.911329e+16
1754	4.847982e+15	2.870603e+01	7.568160e+01	5.998549e+16
1755	4.848475e+15	2.983925e+01	8.279135e+01	6.056625e+16
1756	4.848957e+15	2.734953e+01	8.196397e+01	7.598773e+16
1757	4.849443e+15	2.603324e+01	8.229655e+01	6.695248e+16
1758	4.849936e+15	2.700915e+01	8.363114e+01	7.855474e+16
1759	4.850424e+15	2.486543e+01	7.884273e+01	9.601047e+16
1760	4.850929e+15	2.475960e+01	7.951735e+01	6.795860e+16
1761	4.851448e+15	2.636424e+01	8.562391e+01	7.092450e+16
1762	4.851948e+15	2.617050e+01	8.480305e+01	5.462940e+16
1763	4.852430e+15	2.202719e+01	7.065680e+01	6.177533e+16
1764	4.852953e+15	2.428449e+01	7.867491e+01	6.926843e+16
1765	4.853466e+15	2.365658e+01	7.724869e+01	4.780869e+16
1766	4.853974e+15	2.288339e+01	7.429849e+01	4.598251e+16
1767	4.854492e+15	2.444901e+01	7.794653e+01	5.706987e+16
1768	4.855005e+15	2.387305e+01	7.850048e+01	7.026364e+16
1769	4.855513e+15	2.196080e+01	7.473557e+01	9.194095e+16
1770	4.856037e+15	2.254709e+01	7.910574e+01	6.385284e+16
1771	4.856556e+15	2.186332e+01	7.982117e+01	6.005711e+16
1772	4.857071e+15	2.192412e+01	7.997444e+01	7.667847e+16
1773	4.857580e+15	2.311997e+01	8.340532e+01	7.820502e+16
1774	4.858067e+15	2.193385e+01	7.976518e+01	7.748456e+16
1775	4.858546e+15	1.996681e+01	7.372179e+01	8.375998e+16
1776	4.859043e+15	2.240554e+01	7.980411e+01	1.047663e+17
1777	4.859522e+15	2.167466e+01	7.273046e+01	6.240108e+16
1778	4.860016e+15	2.317726e+01	7.605939e+01	5.115148e+16
1779	4.860508e+15	2.297243e+01	7.537384e+01	5.240874e+16
1780	4.860995e+15	2.443214e+01	7.493056e+01	6.889163e+16
1781	4.861469e+15	2.370172e+01	6.820041e+01	9.418957e+16
1782	4.861966e+15	2.662234e+01	7.275026e+01	9.573941e+16
1783	4.862461e+15	2.784790e+01	7.459532e+01	1.092019e+17
1784	4.862939e+15	2.634062e+01	6.877264e+01	9.216421e+16
1785	4.863427e+15	2.950885e+01	7.641182e+01	9.573181e+16
1786	4.863882e+15	2.688772e+01	6.883104e+01	6.573783e+16
1787	4.864353e+15	2.884920e+01	7.463829e+01	8.270205e+16
1788	4.864823e+15	2.702334e+01	7.467244e+01	1.109431e+17
1789	4.865302e+15	2.740137e+01	7.876931e+01	1.118860e+17
1790	4.865775e+15	2.424529e+01	7.524894e+01	1.157039e+17
1791	4.866263e+15	2.193765e+01	7.137136e+01	8.965332e+16
1792	4.866793e+15	2.723522e+01	8.858900e+01	1.204234e+17
1793	4.867287e+15	2.387818e+01	8.127794e+01	1.030329e+17
1794	4.867793e+15	2.557332e+01	8.924241e+01	1.359535e+17
1795	4.868286e+15	2.526203e+01	8.900117e+01	1.220281e+17
1796	4.868776e+15	2.305174e+01	8.850595e+01	1.235741e+17
1797	4.869266e+15	2.222656e+01	8.651186e+01	9.333969e+16
1798	4.869767e+15	2.121247e+01	8.232970e+01	7.649802e+16
1799	4.870292e+15	2.025763e+01	8.077608e+01	6.991150e+16
1800	4.870854e+15	2.180737e+01	8.433452e+01	1.059447e+17
1801	4.871430e+15	2.273845e+01	9.521047e+01	1.104018e+17
1802	4.871968e+15	1.824007e+01	8.233605e+01	7.748489e+16
1803	4.872527e+15	2.018978e+01	9.433638e+01	7.194766e+16
1804	4.873046e+15	1.857269e+01	8.075316e+01	4.458830e+16
1805	4.873585e+15	2.128466e+01	8.945209e+01	8.853931e+16
1806	4.874105e+15	2.051996e+01	8.908964e+01	5.385518e+16
1807	4.874609e+15	1.828487e+01	8.371802e+01	6.734440e+16
1808	4.875125e+15	1.909026e+01	8.836685e+01	5.245231e+16
1809	4.875632e+15	1.830756e+01	8.189449e+01	5.853848e+16
1810	4.876157e+15	1.864525e+01	8.291950e+01	5.085932e+16
1811	4.876700e+15	2.249751e+01	1.005195e+02	9.352483e+16
1812	4.877181e+15	1.782361e+01	7.832144e+01	6.155200e+16
1813	4.877698e+15	1.765221e+01	7.905171e+01	8.539924e+16
1814	4.878234e+15	2.024032e+01	8.418686e+01	9.464359e+16
1815	4.878764e+15	1.868825e+01	7.393977e+01	9.681521e+16
1816	4.879347e+15	2.144917e+01	9.655858e+01	8.992931e+16
1817	4.879859e+15	1.974171e+01	8.025962e+01	8.279177e+16
1818	4.880372e+15	1.871978e+01	7.127199e+01	5.348460e+16
1819	4.880927e+15	2.078310e+01	7.779011e+01	7.498229e+16
1820	4.881475e+15	2.528623e+01	7.576392e+01	8.029077e+16
1821	4.881996e+15	2.159729e+01	6.224855e+01	7.673150e+16
1822	4.882562e+15	2.490017e+01	7.333262e+01	8.101472e+16
1823	4.883104e+15	1.986470e+01	6.156771e+01	8.760221e+16
1824	4.883703e+15	2.173316e+01	7.041901e+01	8.214157e+16
1825	4.884316e+15	3.087737e+01	9.877258e+01	1.061968e+17
1826	4.884821e+15	1.865267e+01	6.548631e+01	1.001336e+17
1827	4.885419e+15	2.430938e+01	8.947787e+01	1.007713e+17
1828	4.885998e+15	2.376050e+01	9.418514e+01	1.442078e+17
1829	4.886556e+15	2.160927e+01	9.021688e+01	9.839871e+16
1830	4.887136e+15	2.207937e+01	1.019008e+02	1.282548e+17
1831	4.887701e+15	2.091221e+01	9.691091e+01	1.292164e+17
1832	4.888281e+15	2.288942e+01	1.066966e+02	1.269366e+17
1833	4.888840e+15	2.164002e+01	1.003739e+02	1.082908e+17
1834	4.889416e+15	2.259978e+01	1.041555e+02	1.020703e+17
1835	4.889992e+15	2.460029e+01	1.105132e+02	1.049512e+17
1836	4.890545e+15	2.393802e+01	1.064381e+02	8.371819e+16
1837	4.891088e+15	2.335414e+01	9.997805e+01	1.063346e+17
1838	4.891645e+15	2.485078e+01	1.058850e+02	7.400577e+16
1839	4.892187e+15	1.987141e+01	8.710122e+01	6.056684e+16
1840	4.892794e+15	2.359456e+01	9.969409e+01	8.211679e+16
1841	4.893399e+15	2.807117e+01	1.164722e+02	5.639408e+16
1842	4.893927e+15	1.949764e+01	8.240730e+01	5.548139e+16
1843	4.894527e+15	2.247570e+01	1.030150e+02	6.866893e+16
1844	4.895105e+15	2.170000e+01	9.779838e+01	8.811054e+16
1845	4.895686e+15	2.364157e+01	1.089977e+02	9.216540e+16
1846	4.896218e+15	2.197569e+01	9.756959e+01	1.058259e+17
1847	4.896745e+15	2.395354e+01	1.007886e+02	1.073455e+17
1848	4.897252e+15	2.238878e+01	9.051956e+01	8.210693e+16
1849	4.897782e+15	2.174439e+01	9.149739e+01	9.986513e+16
1850	4.898334e+15	2.198730e+01	9.866211e+01	1.119711e+17
1851	4.898880e+15	1.854934e+01	8.687542e+01	7.596474e+16
1852	4.899477e+15	1.885094e+01	9.209364e+01	9.746687e+16
1853	4.900091e+15	2.081481e+01	1.013334e+02	1.064682e+17
1854	4.900672e+15	2.140539e+01	9.917756e+01	1.011257e+17
1855	4.901222e+15	2.270464e+01	9.974660e+01	5.286951e+16
1856	4.901745e+15	2.286586e+01	9.521151e+01	5.957168e+16
1857	4.902261e+15	2.244796e+01	9.476587e+01	6.817177e+16
1858	4.902765e+15	2.339918e+01	9.098668e+01	6.777896e+16
1859	4.903271e+15	2.697269e+01	9.302751e+01	6.026137e+16
1860	4.903768e+15	2.786470e+01	8.935082e+01	5.638461e+16
1861	4.904268e+15	2.976476e+01	8.760152e+01	6.155277e+16
1862	4.904760e+15	2.728782e+01	7.468717e+01	6.703090e+16
1863	4.905297e+15	2.687003e+01	7.803062e+01	8.157174e+16
1864	4.905867e+15	3.255483e+01	9.269282e+01	4.917120e+16
1865	4.906403e+15	3.073475e+01	8.748977e+01	6.358088e+16
1866	4.906934e+15	3.099738e+01	9.468694e+01	5.394398e+16
1867	4.907440e+15	2.854913e+01	9.240870e+01	5.782281e+16
1868	4.907945e+15	2.907576e+01	9.950100e+01	8.493876e+16
1869	4.908429e+15	2.731631e+01	9.829233e+01	6.282615e+16
1870	4.908899e+15	2.579947e+01	9.459320e+01	4.279106e+16
1871	4.909368e+15	2.640285e+01	9.532271e+01	5.018336e+16
1872	4.909835e+15	2.664417e+01	9.729859e+01	7.331243e+16
1873	4.910295e+15	2.311926e+01	8.885681e+01	6.749412e+16
1874	4.910775e+15	2.609751e+01	9.820867e+01	9.998878e+16
1875	4.911242e+15	2.463872e+01	8.764998e+01	4.945480e+16
1876	4.911739e+15	2.871382e+01	9.663723e+01	9.663015e+16
1877	4.912230e+15	2.728368e+01	9.694552e+01	6.676389e+16
1878	4.912708e+15	2.320544e+01	8.170215e+01	4.701251e+16
1879	4.913235e+15	2.825819e+01	9.715842e+01	9.458256e+16
1880	4.913732e+15	2.732559e+01	8.779911e+01	5.675513e+16
1881	4.914234e+15	2.874501e+01	8.686993e+01	5.538315e+16
1882	4.914742e+15	3.430365e+01	9.534561e+01	6.084030e+16
1883	4.915213e+15	3.330314e+01	8.928440e+01	6.945934e+16
1884	4.915668e+15	3.491491e+01	8.283213e+01	4.946229e+16
1885	4.916127e+15	3.839506e+01	8.279187e+01	7.811577e+16
1886	4.916578e+15	3.949763e+01	7.937931e+01	6.130804e+16
1887	4.917027e+15	3.799416e+01	7.420724e+01	7.688712e+16
1888	4.917485e+15	3.462290e+01	6.740380e+01	4.891304e+16
1889	4.917974e+15	3.247439e+01	6.709510e+01	7.900331e+16
1890	4.918499e+15	3.654536e+01	8.002050e+01	1.094423e+17
1891	4.918999e+15	3.149741e+01	7.664986e+01	6.691824e+16
1892	4.919496e+15	2.993782e+01	8.062180e+01	9.222379e+16
1893	4.919974e+15	2.901204e+01	8.299490e+01	7.746022e+16
1894	4.920430e+15	2.663358e+01	8.338704e+01	4.285479e+16
1895	4.920872e+15	2.303288e+01	8.045821e+01	4.718222e+16
1896	4.921319e+15	2.235307e+01	8.312312e+01	5.663349e+16
1897	4.921763e+15	2.234519e+01	8.339521e+01	4.421031e+16
1898	4.922201e+15	1.974466e+01	7.251330e+01	7.009438e+16
1899	4.922690e+15	2.336683e+01	8.724270e+01	7.022834e+16
1900	4.923172e+15	2.589135e+01	9.474020e+01	7.116344e+16
1901	4.923623e+15	2.236225e+01	8.580908e+01	6.257401e+16
1902	4.924077e+15	2.600148e+01	8.963963e+01	6.219974e+16
1903	4.924516e+15	2.653823e+01	8.033966e+01	6.078522e+16
1904	4.924977e+15	2.857912e+01	8.651353e+01	6.163888e+16
1905	4.925433e+15	2.562289e+01	8.159179e+01	7.986318e+16
1906	4.925910e+15	2.492617e+01	8.005983e+01	4.556543e+16
1907	4.926411e+15	2.727134e+01	8.903227e+01	6.617107e+16
1908	4.926892e+15	2.598432e+01	8.864197e+01	7.880812e+16
1909	4.927357e+15	2.750043e+01	8.863028e+01	7.417531e+16
1910	4.927805e+15	2.755967e+01	7.931626e+01	6.178534e+16
1911	4.928277e+15	2.811368e+01	8.458716e+01	7.649681e+16
1912	4.928751e+15	2.794876e+01	8.751273e+01	7.044527e+16
1913	4.929211e+15	2.646618e+01	8.270157e+01	7.048666e+16
1914	4.929680e+15	2.673459e+01	8.180813e+01	7.800014e+16
1915	4.930162e+15	2.918504e+01	9.025455e+01	7.664036e+16
1916	4.930625e+15	2.659446e+01	8.521197e+01	6.938685e+16
1917	4.931094e+15	2.356526e+01	7.914418e+01	8.329426e+16
1918	4.931604e+15	2.475328e+01	8.728600e+01	9.196588e+16
1919	4.932124e+15	2.443245e+01	9.075144e+01	1.042006e+17
1920	4.932642e+15	2.427288e+01	9.200474e+01	1.200736e+17
1921	4.933161e+15	2.337611e+01	8.755630e+01	1.093616e+17
1922	4.933704e+15	2.611201e+01	9.686110e+01	1.077102e+17
1923	4.934232e+15	2.410185e+01	9.371874e+01	8.588428e+16
1924	4.934765e+15	2.325482e+01	9.459000e+01	9.620062e+16
1925	4.935301e+15	2.388566e+01	1.005912e+02	8.361806e+16
1926	4.935820e+15	2.359741e+01	9.995146e+01	8.944574e+16
1927	4.936330e+15	2.355553e+01	9.956259e+01	9.774501e+16
1928	4.936829e+15	2.598234e+01	9.946450e+01	8.934967e+16
1929	4.937316e+15	2.629490e+01	9.361595e+01	6.488185e+16
1930	4.937807e+15	2.859027e+01	9.749650e+01	4.817764e+16
1931	4.938286e+15	2.806933e+01	9.428501e+01	7.916598e+16
1932	4.938762e+15	2.722963e+01	8.651524e+01	3.724870e+16
1933	4.939256e+15	2.507647e+01	7.936546e+01	4.712524e+16
1934	4.939795e+15	2.803591e+01	9.247920e+01	5.945824e+16
1935	4.940314e+15	2.799198e+01	9.250248e+01	5.291009e+16
1936	4.940807e+15	2.534964e+01	8.984857e+01	6.111728e+16
1937	4.941286e+15	2.232998e+01	8.718487e+01	5.189170e+16
1938	4.941759e+15	2.188490e+01	8.923169e+01	5.750334e+16
1939	4.942220e+15	2.269421e+01	9.169837e+01	6.582614e+16
1940	4.942658e+15	1.813546e+01	7.264961e+01	4.673969e+16
1941	4.943160e+15	2.022052e+01	8.337520e+01	6.880579e+16
1942	4.943671e+15	2.141484e+01	9.164622e+01	4.761018e+16
1943	4.944149e+15	1.819809e+01	8.210357e+01	6.791933e+16
1944	4.944635e+15	2.053724e+01	8.730734e+01	5.572041e+16
1945	4.945101e+15	2.094370e+01	8.040408e+01	7.327041e+16
1946	4.945575e+15	2.564129e+01	8.307128e+01	5.494895e+16
1947	4.946037e+15	2.472807e+01	7.276051e+01	4.861117e+16
1948	4.946530e+15	2.648506e+01	7.673912e+01	7.224787e+16
1949	4.947038e+15	2.782547e+01	7.361922e+01	6.603553e+16
1950	4.947558e+15	2.811692e+01	7.477981e+01	6.122019e+16
1951	4.948065e+15	2.902779e+01	7.844177e+01	5.756082e+16
1952	4.948543e+15	2.709611e+01	7.401013e+01	5.398444e+16
1953	4.949025e+15	2.581435e+01	7.637575e+01	6.849238e+16
1954	4.949519e+15	2.430310e+01	8.218758e+01	5.563119e+16
1955	4.950012e+15	2.596718e+01	8.657901e+01	6.818528e+16
1956	4.950499e+15	2.566240e+01	8.568994e+01	8.797884e+16
1957	4.950988e+15	2.541422e+01	8.546936e+01	4.714475e+16
1958	4.951480e+15	2.658870e+01	8.875992e+01	1.083229e+17
1959	4.951961e+15	2.507277e+01	8.431494e+01	6.723034e+16
1960	4.952458e+15	2.858889e+01	9.600685e+01	9.279727e+16
1961	4.952928e+15	2.757707e+01	9.430600e+01	7.894254e+16
1962	4.953388e+15	2.642738e+01	9.059704e+01	8.391583e+16
1963	4.953854e+15	2.825742e+01	9.537926e+01	1.011355e+17
1964	4.954307e+15	2.749460e+01	9.239790e+01	6.966347e+16
1965	4.954755e+15	2.746869e+01	9.270866e+01	9.900472e+16
1966	4.955199e+15	2.814709e+01	9.472157e+01	6.715376e+16
1967	4.955637e+15	2.869588e+01	9.399561e+01	5.131618e+16
1968	4.956073e+15	2.975502e+01	9.362175e+01	5.115766e+16
1969	4.956512e+15	2.990244e+01	9.640627e+01	9.003438e+16
1970	4.956939e+15	2.771843e+01	9.182387e+01	7.604278e+16
1971	4.957370e+15	2.484684e+01	8.130780e+01	5.047822e+16
1972	4.957841e+15	2.891790e+01	9.717706e+01	6.418331e+16
1973	4.958297e+15	3.248812e+01	1.040146e+02	4.345091e+16
1974	4.958721e+15	2.989343e+01	9.600596e+01	4.334809e+16
1975	4.959145e+15	3.275225e+01	1.017037e+02	9.341143e+16
1976	4.959550e+15	3.235338e+01	9.225848e+01	7.816626e+16
1977	4.959967e+15	3.217425e+01	9.462558e+01	7.563949e+16
1978	4.960388e+15	2.955295e+01	9.357870e+01	5.911558e+16
1979	4.960822e+15	3.070771e+01	9.776515e+01	9.623975e+16
1980	4.961255e+15	3.131880e+01	9.542267e+01	5.491359e+16
1981	4.961691e+15	3.448077e+01	9.560173e+01	6.720347e+16
1982	4.962130e+15	3.651705e+01	9.795767e+01	8.982159e+16
1983	4.962556e+15	3.390731e+01	9.305069e+01	6.274511e+16
1984	4.962981e+15	3.341017e+01	8.870336e+01	8.324404e+16
1985	4.963415e+15	3.336962e+01	8.544900e+01	7.006533e+16
1986	4.963865e+15	3.660179e+01	8.486917e+01	6.268631e+16
1987	4.964326e+15	3.927986e+01	8.423836e+01	5.590448e+16
1988	4.964794e+15	4.130920e+01	8.849939e+01	8.747148e+16
1989	4.965246e+15	3.697853e+01	7.906574e+01	3.400058e+16
1990	4.965716e+15	3.844711e+01	7.948976e+01	6.155133e+16
1991	4.966194e+15	4.279702e+01	8.298547e+01	9.864944e+16
1992	4.966652e+15	3.829105e+01	7.378117e+01	4.235850e+16
1993	4.967127e+15	3.799416e+01	7.587380e+01	6.050367e+16
1994	4.967609e+15	3.625894e+01	7.853408e+01	5.562983e+16
1995	4.968087e+15	3.271725e+01	7.695428e+01	5.896661e+16
1996	4.968575e+15	3.305069e+01	8.083514e+01	4.880479e+16
1997	4.969059e+15	3.238680e+01	8.371031e+01	3.445328e+16
1998	4.969522e+15	3.057881e+01	8.303297e+01	4.785003e+16
1999	4.969975e+15	3.116012e+01	8.365130e+01	3.355977e+16
2000	4.970415e+15	3.309779e+01	8.566779e+01	5.614266e+16
2001	4.970835e+15	3.370051e+01	8.326480e+01	5.214476e+16
2002	4.971248e+15	3.571858e+01	8.258697e+01	3.415346e+16
2003	4.971653e+15	3.607974e+01	8.608975e+01	2.659622e+16
2004	4.972040e+15	3.443328e+01	8.217300e+01	3.396294e+16
2005	4.972420e+15	3.365308e+01	7.984328e+01	4.069887e+16
2006	4.972801e+15	3.505610e+01	7.948692e+01	3.503223e+16
2007	4.973181e+15	3.641355e+01	7.802373e+01	5.281265e+16
2008	4.973564e+15	3.611728e+01	7.615000e+01	3.959175e+16
2009	4.973955e+15	3.693432e+01	7.808604e+01	3.997429e+16
2010	4.974346e+15	3.546492e+01	7.671228e+01	4.370865e+16
2011	4.974743e+15	3.506934e+01	7.713543e+01	3.377275e+16
2012	4.975142e+15	3.569586e+01	7.900815e+01	5.117600e+16
2013	4.975535e+15	3.493751e+01	7.678472e+01	4.889518e+16
2014	4.975932e+15	3.493915e+01	7.707100e+01	4.871736e+16
2015	4.976330e+15	3.340819e+01	7.794880e+01	4.455679e+16
2016	4.976725e+15	3.307847e+01	7.540147e+01	3.640949e+16
2017	4.977121e+15	3.410362e+01	7.512164e+01	6.281841e+16
2018	4.977516e+15	3.544154e+01	7.585212e+01	5.835689e+16
2019	4.977904e+15	3.339525e+01	7.112970e+01	5.163963e+16
2020	4.978300e+15	3.544282e+01	7.348510e+01	4.983762e+16
2021	4.978688e+15	3.551557e+01	6.792994e+01	2.721777e+16
2022	4.979087e+15	4.028114e+01	6.986128e+01	5.072008e+16
2023	4.979479e+15	3.999153e+01	6.283062e+01	4.055790e+16
2024	4.979877e+15	3.875773e+01	6.019357e+01	3.816274e+16
2025	4.980289e+15	3.917233e+01	6.147351e+01	5.533782e+16
2026	4.980697e+15	4.058626e+01	6.099824e+01	5.871876e+16
2027	4.981099e+15	4.192269e+01	5.980428e+01	4.294773e+16
2028	4.981506e+15	4.430701e+01	6.095373e+01	3.859705e+16
2029	4.981909e+15	4.334252e+01	5.841189e+01	5.151507e+16
2030	4.982316e+15	4.255309e+01	5.578810e+01	5.565402e+16
2031	4.982738e+15	4.339403e+01	5.814872e+01	4.528187e+16
2032	4.983162e+15	4.112955e+01	5.685817e+01	6.015871e+16
2033	4.983595e+15	3.965300e+01	5.759759e+01	2.478123e+16
2034	4.984036e+15	4.084775e+01	6.031295e+01	5.307602e+16
2035	4.984470e+15	4.041659e+01	6.023912e+01	4.061737e+16
2036	4.984898e+15	4.210939e+01	6.283406e+01	4.192311e+16
2037	4.985312e+15	4.068696e+01	6.216307e+01	6.205058e+16
2038	4.985723e+15	3.995178e+01	6.311705e+01	4.643766e+16
2039	4.986127e+15	3.898689e+01	6.248853e+01	6.187436e+16
2040	4.986523e+15	3.957127e+01	6.208707e+01	5.259662e+16
2041	4.986911e+15	3.637292e+01	5.519766e+01	5.110619e+16
2042	4.987319e+15	3.941701e+01	5.800145e+01	8.092561e+16
2043	4.987730e+15	3.526836e+01	5.119378e+01	5.662317e+16
2044	4.988175e+15	3.565566e+01	5.583516e+01	5.317824e+16
2045	4.988627e+15	3.564803e+01	5.537076e+01	6.821587e+16
2046	4.989086e+15	4.093318e+01	6.381524e+01	6.260663e+16
2047	4.989500e+15	3.647214e+01	5.595469e+01	4.773370e+16
2048	4.989920e+15	3.598701e+01	5.434601e+01	6.349679e+16
2049	4.990350e+15	4.034452e+01	6.491335e+01	6.883001e+16
2050	4.990749e+15	3.394946e+01	5.782172e+01	5.384895e+16
2051	4.991159e+15	3.442784e+01	6.031310e+01	5.771694e+16
2052	4.991564e+15	3.496173e+01	5.916920e+01	6.885971e+16
2053	4.991967e+15	3.199654e+01	4.870246e+01	4.688172e+16
2054	4.992422e+15	3.985514e+01	6.410973e+01	7.147867e+16
2055	4.992843e+15	3.380614e+01	5.791549e+01	6.000046e+16
2056	4.993270e+15	3.268894e+01	5.742427e+01	5.996988e+16
2057	4.993706e+15	3.286223e+01	5.508790e+01	3.909690e+16
2058	4.994152e+15	3.248888e+01	5.439844e+01	4.994832e+16
2059	4.994618e+15	3.717384e+01	6.395727e+01	5.475622e+16
2060	4.995050e+15	3.135067e+01	5.555981e+01	6.087038e+16
2061	4.995497e+15	3.340634e+01	5.992820e+01	3.978528e+16
2062	4.995927e+15	3.069530e+01	5.106490e+01	4.506890e+16
2063	4.996397e+15	3.211130e+01	5.678101e+01	6.307220e+16
2064	4.996865e+15	3.006470e+01	5.887316e+01	4.692382e+16
2065	4.997319e+15	2.307019e+01	4.768473e+01	5.185347e+16
2066	4.997841e+15	2.766047e+01	6.327848e+01	5.977431e+16
2067	4.998324e+15	2.716159e+01	6.261485e+01	4.553170e+16
2068	4.998778e+15	2.552270e+01	6.185087e+01	6.345058e+16
2069	4.999217e+15	2.332375e+01	6.009511e+01	5.655543e+16
2070	4.999657e+15	2.100544e+01	5.700878e+01	6.634178e+16
2071	5.000121e+15	2.309145e+01	6.435404e+01	8.694707e+16
2072	5.000567e+15	2.079991e+01	5.778108e+01	8.111448e+16
2073	5.001034e+15	2.235809e+01	6.115414e+01	1.086995e+17
2074	5.001503e+15	2.272349e+01	6.225529e+01	4.255108e+16
2075	5.001966e+15	2.007825e+01	5.779949e+01	6.001096e+16
2076	5.002455e+15	2.176976e+01	6.488038e+01	4.993105e+16
2077	5.002929e+15	2.049221e+01	6.418203e+01	6.602953e+16
2078	5.003394e+15	1.694835e+01	6.006377e+01	5.631776e+16
2079	5.003877e+15	2.022026e+01	6.645889e+01	4.533487e+16
2080	5.004335e+15	2.049030e+01	5.733920e+01	4.572149e+16
2081	5.004817e+15	2.102249e+01	6.071360e+01	4.425620e+16
2082	5.005305e+15	2.177083e+01	6.918906e+01	8.621079e+16
2083	5.005758e+15	1.713764e+01	5.689585e+01	4.900357e+16
2084	5.006254e+15	1.897416e+01	6.614128e+01	9.101720e+16
2085	5.006740e+15	2.114830e+01	6.951912e+01	4.515561e+16
2086	5.007202e+15	1.950311e+01	6.421347e+01	4.898369e+16
2087	5.007673e+15	1.959549e+01	6.810966e+01	5.950893e+16
2088	5.008128e+15	1.536269e+01	5.445182e+01	4.057529e+16
2089	5.008644e+15	1.672149e+01	6.464268e+01	5.163229e+16
2090	5.009153e+15	1.731712e+01	6.850266e+01	4.060061e+16
2091	5.009627e+15	1.578259e+01	6.046541e+01	2.751638e+16
2092	5.010109e+15	1.655288e+01	6.724144e+01	5.997384e+16
2093	5.010565e+15	1.368691e+01	5.877644e+01	3.258918e+16
2094	5.011051e+15	1.417408e+01	6.094960e+01	4.682437e+16
2095	5.011562e+15	1.760755e+01	7.075052e+01	5.490784e+16
2096	5.012049e+15	1.569369e+01	5.985708e+01	3.250776e+16
2097	5.012585e+15	1.632301e+01	6.305014e+01	6.467062e+16
2098	5.013152e+15	1.978562e+01	7.484786e+01	6.389320e+16
2099	5.013672e+15	1.772565e+01	6.423222e+01	4.042640e+16
2100	5.014223e+15	1.770871e+01	6.843450e+01	4.276995e+16
2101	5.014781e+15	1.766405e+01	7.084960e+01	5.476330e+16
2102	5.015333e+15	1.600169e+01	7.076719e+01	6.651799e+16
2103	5.015879e+15	1.646477e+01	7.134921e+01	7.541355e+16
2104	5.016420e+15	1.839984e+01	7.478441e+01	4.964669e+16
2105	5.016947e+15	1.946105e+01	7.639298e+01	5.530911e+16
2106	5.017461e+15	1.785593e+01	7.290008e+01	6.603053e+16
2107	5.017987e+15	1.991477e+01	8.078793e+01	5.584774e+16
2108	5.018489e+15	1.643838e+01	6.663137e+01	6.467876e+16
2109	5.019034e+15	1.626386e+01	7.478335e+01	4.825947e+16
2110	5.019574e+15	1.711625e+01	8.214621e+01	6.287223e+16
2111	5.020072e+15	1.611247e+01	7.404191e+01	5.527613e+16
2112	5.020574e+15	1.627006e+01	7.393206e+01	4.603152e+16
2113	5.021071e+15	1.446101e+01	6.425505e+01	4.635471e+16
2114	5.021601e+15	1.497540e+01	6.776298e+01	6.511201e+16
2115	5.022142e+15	1.401613e+01	6.019915e+01	3.296287e+16
2116	5.022749e+15	1.912376e+01	7.680483e+01	6.208729e+16
2117	5.023304e+15	1.776460e+01	6.337998e+01	3.681512e+16
2118	5.023881e+15	2.068038e+01	6.600782e+01	2.933510e+16
2119	5.024437e+15	2.460459e+01	6.808126e+01	3.844838e+16
2120	5.024945e+15	2.509938e+01	5.970683e+01	4.532473e+16
2121	5.025451e+15	2.567719e+01	5.688852e+01	2.447000e+16
2122	5.025954e+15	2.423492e+01	5.461300e+01	6.448749e+16
2123	5.026463e+15	2.282944e+01	5.325178e+01	3.761692e+16
2124	5.026987e+15	2.388319e+01	5.598377e+01	4.223638e+16
2125	5.027513e+15	2.070221e+01	5.081134e+01	3.783985e+16
2126	5.028083e+15	2.306390e+01	6.010979e+01	5.569197e+16
2127	5.028621e+15	1.829373e+01	4.957105e+01	6.673769e+16
2128	5.029210e+15	2.196152e+01	5.908728e+01	5.761232e+16
2129	5.029772e+15	2.066493e+01	5.373893e+01	4.892715e+16
2130	5.030349e+15	2.356626e+01	6.159364e+01	3.422127e+16
2131	5.030884e+15	2.343178e+01	5.944544e+01	4.166248e+16
2132	5.031408e+15	2.508723e+01	6.088018e+01	5.819875e+16
2133	5.031913e+15	2.549343e+01	5.779124e+01	5.222475e+16
2134	5.032415e+15	2.737618e+01	5.808441e+01	3.589920e+16
2135	5.032909e+15	2.806352e+01	5.773485e+01	4.727437e+16
2136	5.033393e+15	2.887652e+01	5.440405e+01	4.157202e+16
2137	5.033880e+15	3.242364e+01	5.630244e+01	6.507940e+16
2138	5.034353e+15	3.291212e+01	5.230318e+01	4.365242e+16
2139	5.034828e+15	3.580815e+01	5.466203e+01	4.586264e+16
2140	5.035278e+15	3.268746e+01	4.985550e+01	4.099857e+16
2141	5.035738e+15	2.899951e+01	4.530004e+01	5.668994e+16
2142	5.036240e+15	3.152571e+01	4.867390e+01	6.055139e+16
2143	5.036754e+15	3.016546e+01	4.787284e+01	3.981120e+16
2144	5.037286e+15	3.049337e+01	5.021318e+01	6.399725e+16
2145	5.037808e+15	3.115576e+01	5.120307e+01	2.591953e+16
2146	5.038316e+15	3.191840e+01	5.380989e+01	3.512505e+16
2147	5.038793e+15	3.069707e+01	5.063659e+01	4.096619e+16
2148	5.039264e+15	3.258914e+01	5.059117e+01	3.933999e+16
2149	5.039729e+15	2.937374e+01	4.451575e+01	3.279663e+16
2150	5.040225e+15	3.103843e+01	5.071781e+01	5.355448e+16
2151	5.040702e+15	2.914073e+01	4.926220e+01	3.595324e+16
2152	5.041182e+15	2.487482e+01	4.507166e+01	3.775927e+16
2153	5.041709e+15	2.781722e+01	5.255142e+01	4.302282e+16
2154	5.042230e+15	2.861681e+01	5.531532e+01	3.878507e+16
2155	5.042732e+15	2.319514e+01	4.763032e+01	4.151170e+16
2156	5.043285e+15	2.424184e+01	5.311571e+01	7.108005e+16
2157	5.043843e+15	2.419520e+01	5.648218e+01	4.923605e+16
2158	5.044384e+15	2.377269e+01	5.478419e+01	6.262424e+16
2159	5.044927e+15	2.569197e+01	5.859001e+01	8.071681e+16
2160	5.045453e+15	2.410485e+01	5.442629e+01	6.245162e+16
2161	5.045993e+15	2.635056e+01	5.869632e+01	3.579223e+16
2162	5.046517e+15	2.663935e+01	5.921690e+01	4.920164e+16
2163	5.047021e+15	2.414272e+01	5.440994e+01	6.691160e+16
2164	5.047546e+15	2.612926e+01	5.873354e+01	4.967974e+16
2165	5.048060e+15	2.652501e+01	5.777041e+01	5.935597e+16
2166	5.048567e+15	2.585248e+01	5.358472e+01	6.517651e+16
2167	5.049096e+15	2.762457e+01	5.629211e+01	5.947866e+16
2168	5.049624e+15	2.749133e+01	5.691397e+01	7.116862e+16
2169	5.050140e+15	2.402321e+01	4.844465e+01	6.408348e+16
2170	5.050710e+15	3.007296e+01	5.785014e+01	3.199596e+16
2171	5.051251e+15	2.775435e+01	5.411666e+01	3.920044e+16
2172	5.051797e+15	2.849315e+01	5.841197e+01	5.872683e+16
2173	5.052314e+15	2.821254e+01	5.478576e+01	4.330423e+16
2174	5.052819e+15	2.896837e+01	5.135480e+01	3.093135e+16
2175	5.053335e+15	3.134969e+01	5.460553e+01	5.619390e+16
2176	5.053831e+15	3.015062e+01	5.255427e+01	2.426823e+16
2177	5.054323e+15	2.916524e+01	4.983418e+01	2.824727e+16
2178	5.054829e+15	2.989585e+01	4.901394e+01	3.213404e+16
2179	5.055332e+15	3.001497e+01	5.024670e+01	3.573904e+16
2180	5.055815e+15	2.842916e+01	4.814477e+01	3.169514e+16
2181	5.056292e+15	2.775492e+01	4.736272e+01	3.770083e+16
2182	5.056768e+15	2.516418e+01	4.501532e+01	4.398116e+16
2183	5.057259e+15	2.412204e+01	4.517481e+01	2.495902e+16
2184	5.057758e+15	2.405990e+01	4.590477e+01	4.972581e+16
2185	5.058258e+15	2.587473e+01	4.680027e+01	4.211248e+16
2186	5.058759e+15	2.662748e+01	4.854947e+01	3.446063e+16
2187	5.059249e+15	2.482481e+01	4.491782e+01	3.316542e+16
2188	5.059756e+15	2.565149e+01	4.602174e+01	5.141124e+16
2189	5.060270e+15	2.537521e+01	4.736090e+01	3.361047e+16
2190	5.060787e+15	2.295578e+01	4.883918e+01	5.000929e+16
2191	5.061313e+15	2.071861e+01	4.609744e+01	9.405020e+16
2192	5.061879e+15	2.384173e+01	5.452404e+01	6.376300e+16
2193	5.062434e+15	2.332118e+01	5.211069e+01	5.352215e+16
2194	5.062998e+15	2.489816e+01	5.749802e+01	6.292186e+16
2195	5.063537e+15	2.413944e+01	5.771417e+01	5.327728e+16
2196	5.064060e+15	2.468408e+01	5.954590e+01	5.545568e+16
2197	5.064560e+15	2.407465e+01	6.008767e+01	5.555604e+16
2198	5.065042e+15	2.614728e+01	5.832749e+01	6.707997e+16
2199	5.065517e+15	2.658332e+01	5.447180e+01	3.392586e+16
2200	5.066011e+15	2.941743e+01	6.002853e+01	4.424664e+16
2201	5.066486e+15	2.392550e+01	4.809048e+01	3.731293e+16
2202	5.067017e+15	2.717028e+01	6.037953e+01	3.685148e+16
2203	5.067520e+15	2.615697e+01	5.952370e+01	4.199289e+16
2204	5.068003e+15	2.509960e+01	5.901359e+01	6.038021e+16
2205	5.068473e+15	2.381853e+01	5.437384e+01	4.874148e+16
2206	5.068951e+15	2.394904e+01	5.309751e+01	3.902355e+16
2207	5.069456e+15	2.728557e+01	6.467434e+01	2.963691e+16
2208	5.069910e+15	2.223274e+01	5.638451e+01	4.154595e+16
2209	5.070366e+15	2.112287e+01	5.550024e+01	3.361368e+16
2210	5.070826e+15	2.296379e+01	5.698159e+01	3.730747e+16
2211	5.071280e+15	2.232441e+01	5.276516e+01	3.709228e+16
2212	5.071759e+15	2.175650e+01	5.697730e+01	5.138432e+16
2213	5.072239e+15	1.868158e+01	5.529099e+01	4.207627e+16
2214	5.072736e+15	1.662525e+01	5.244602e+01	3.087915e+16
2215	5.073279e+15	1.999190e+01	6.412191e+01	5.962855e+16
2216	5.073788e+15	1.890024e+01	5.958225e+01	6.007599e+16
2217	5.074298e+15	1.858623e+01	5.887567e+01	5.435135e+16
2218	5.074819e+15	1.754613e+01	5.837904e+01	8.466136e+16
2219	5.075354e+15	1.761444e+01	5.942543e+01	6.488243e+16
2220	5.075897e+15	1.906932e+01	6.206427e+01	3.158702e+16
2221	5.076428e+15	1.945518e+01	6.048445e+01	5.166978e+16
2222	5.076955e+15	2.081376e+01	6.040056e+01	8.357867e+16
2223	5.077476e+15	2.100331e+01	5.714654e+01	3.864393e+16
2224	5.078012e+15	2.223385e+01	5.899259e+01	5.344926e+16
2225	5.078544e+15	2.124660e+01	5.493574e+01	3.491727e+16
2226	5.079092e+15	2.292874e+01	5.561146e+01	5.145106e+16
2227	5.079642e+15	2.503001e+01	5.751990e+01	4.383377e+16
2228	5.080174e+15	2.597379e+01	5.736011e+01	4.256783e+16
2229	5.080691e+15	2.597215e+01	5.649518e+01	2.516339e+16
2230	5.081199e+15	2.477189e+01	5.485162e+01	2.771137e+16
2231	5.081710e+15	2.389949e+01	5.294074e+01	4.575382e+16
2232	5.082234e+15	2.539764e+01	5.519297e+01	3.564224e+16
2233	5.082753e+15	2.508452e+01	5.415249e+01	3.941253e+16
2234	5.083269e+15	2.489630e+01	5.319349e+01	3.656897e+16
2235	5.083787e+15	2.511142e+01	5.309179e+01	2.796459e+16
2236	5.084307e+15	2.703446e+01	5.563844e+01	4.183312e+16
2237	5.084808e+15	2.610314e+01	5.376173e+01	4.861478e+16
2238	5.085315e+15	2.581207e+01	5.564257e+01	5.881864e+16
2239	5.085819e+15	2.574134e+01	5.518192e+01	8.231874e+16
2240	5.086320e+15	2.711987e+01	5.553416e+01	4.966364e+16
2241	5.086806e+15	2.722009e+01	5.606557e+01	6.086308e+16
2242	5.087276e+15	2.692974e+01	5.589995e+01	7.470997e+16
2243	5.087734e+15	2.392720e+01	5.321806e+01	4.028576e+16
2244	5.088202e+15	2.580469e+01	5.803576e+01	6.137816e+16
2245	5.088648e+15	2.479043e+01	5.389795e+01	5.593365e+16
2246	5.089103e+15	2.740206e+01	5.856505e+01	6.616537e+16
2247	5.089542e+15	2.597814e+01	5.471457e+01	5.197579e+16
2248	5.089988e+15	2.662840e+01	5.466701e+01	3.492526e+16
2249	5.090442e+15	2.786714e+01	5.653015e+01	6.025505e+16
2250	5.090890e+15	2.552169e+01	5.288690e+01	4.463971e+16
2251	5.091364e+15	3.134465e+01	6.073251e+01	4.368283e+16
2252	5.091810e+15	2.678024e+01	4.841020e+01	2.418477e+16
2253	5.092310e+15	3.421653e+01	6.348955e+01	4.753346e+16
2254	5.092762e+15	2.561515e+01	4.947412e+01	3.527438e+16
2255	5.093261e+15	2.591841e+01	4.930905e+01	4.118818e+16
2256	5.093812e+15	3.107966e+01	5.754144e+01	5.791719e+16
2257	5.094341e+15	2.895712e+01	5.323288e+01	5.052237e+16
2258	5.094880e+15	2.587809e+01	5.229553e+01	5.338790e+16
2259	5.095430e+15	2.251458e+01	5.187096e+01	4.446131e+16
2260	5.096000e+15	2.435021e+01	5.822252e+01	4.736977e+16
2261	5.096539e+15	2.474979e+01	6.000085e+01	4.213238e+16
2262	5.097035e+15	2.324766e+01	5.623500e+01	3.771442e+16
2263	5.097520e+15	2.335111e+01	5.354320e+01	4.242083e+16
2264	5.098006e+15	2.359631e+01	5.179832e+01	3.448780e+16
2265	5.098499e+15	2.572141e+01	5.339322e+01	2.204106e+16
2266	5.098983e+15	2.360424e+01	4.882424e+01	4.066053e+16
2267	5.099489e+15	2.072091e+01	4.538994e+01	4.115229e+16
2268	5.100037e+15	2.018698e+01	4.549112e+01	3.497946e+16
2269	5.100617e+15	2.052401e+01	4.699011e+01	4.139339e+16
2270	5.101213e+15	2.270187e+01	5.194813e+01	3.576870e+16
2271	5.101780e+15	1.794274e+01	4.075056e+01	3.217460e+16
2272	5.102423e+15	2.258105e+01	5.022619e+01	5.228710e+16
2273	5.103046e+15	2.181367e+01	4.838176e+01	4.109215e+16
2274	5.103673e+15	2.174886e+01	4.867393e+01	1.934975e+16
2275	5.104293e+15	2.483005e+01	5.379954e+01	7.030639e+16
2276	5.104859e+15	2.350380e+01	4.923217e+01	3.383515e+16
2277	5.105414e+15	2.319146e+01	4.923651e+01	4.290535e+16
2278	5.105959e+15	2.542522e+01	5.335113e+01	6.472132e+16
2279	5.106456e+15	2.372180e+01	4.827876e+01	3.645636e+16
2280	5.106948e+15	2.445346e+01	4.691094e+01	3.120916e+16
2281	5.107439e+15	2.560782e+01	4.611886e+01	3.626880e+16
2282	5.107925e+15	2.517013e+01	4.316490e+01	2.980217e+16
2283	5.108432e+15	2.607681e+01	4.507311e+01	4.608767e+16
2284	5.108933e+15	2.385713e+01	4.114186e+01	3.755380e+16
2285	5.109434e+15	1.939840e+01	3.665116e+01	4.327047e+16
2286	5.109983e+15	2.591484e+01	5.144224e+01	5.100609e+16
2287	5.110439e+15	1.500947e+01	3.306049e+01	2.210451e+16
2288	5.110986e+15	1.653930e+01	3.904427e+01	3.407337e+16
2289	5.111571e+15	1.886987e+01	4.827546e+01	4.444121e+16
2290	5.112106e+15	1.570643e+01	4.300953e+01	6.353751e+16
2291	5.112634e+15	1.569652e+01	4.537074e+01	4.915850e+16
2292	5.113144e+15	1.531834e+01	4.407894e+01	4.338321e+16
2293	5.113662e+15	1.788874e+01	5.030649e+01	6.192520e+16
2294	5.114143e+15	1.573467e+01	4.608084e+01	3.870513e+16
2295	5.114634e+15	1.552397e+01	4.581587e+01	5.215301e+16
2296	5.115142e+15	1.455708e+01	4.362308e+01	4.459623e+16
2297	5.115694e+15	1.362054e+01	4.280446e+01	2.165533e+16
2298	5.116304e+15	1.451141e+01	4.831021e+01	5.740641e+16
2299	5.116904e+15	1.517681e+01	4.984401e+01	5.475798e+16
2300	5.117485e+15	1.649878e+01	5.273744e+01	2.485789e+16
2301	5.118032e+15	1.593194e+01	5.081620e+01	3.134631e+16
2302	5.118572e+15	1.581422e+01	5.012935e+01	2.615773e+16
2303	5.119112e+15	1.621967e+01	5.051825e+01	2.010532e+16
2304	5.119646e+15	1.604869e+01	4.737707e+01	4.060228e+16
2305	5.120190e+15	1.440468e+01	4.231446e+01	4.324360e+16
2306	5.120786e+15	1.489263e+01	4.379789e+01	4.279428e+16
2307	5.121429e+15	1.993499e+01	5.777785e+01	4.529868e+16
2308	5.121981e+15	1.512447e+01	4.386806e+01	4.039500e+16
2309	5.122583e+15	1.992392e+01	5.681826e+01	3.426582e+16
2310	5.123124e+15	1.571351e+01	4.251454e+01	2.775284e+16
2311	5.123736e+15	1.974199e+01	5.334643e+01	5.536411e+16
2312	5.124304e+15	1.831438e+01	5.053485e+01	2.578149e+16
2313	5.124864e+15	1.778188e+01	5.072134e+01	5.075345e+16
2314	5.125415e+15	1.584775e+01	4.793909e+01	3.222115e+16
2315	5.125981e+15	2.038604e+01	5.759221e+01	5.630352e+16
2316	5.126487e+15	1.661266e+01	4.782492e+01	4.217713e+16
2317	5.127024e+15	1.829052e+01	5.216595e+01	2.542218e+16
2318	5.127557e+15	2.015622e+01	5.334626e+01	4.252206e+16
2319	5.128070e+15	1.817347e+01	4.439848e+01	4.189716e+16
2320	5.128641e+15	2.362057e+01	5.493041e+01	3.880196e+16
2321	5.129172e+15	2.133776e+01	4.816059e+01	7.005631e+16
2322	5.129714e+15	2.290212e+01	4.934345e+01	4.720852e+16
2323	5.130254e+15	2.493935e+01	5.175066e+01	5.624200e+16
2324	5.130775e+15	2.547401e+01	5.202210e+01	4.150119e+16
2325	5.131281e+15	2.467086e+01	5.029724e+01	5.692925e+16
2326	5.131790e+15	2.564323e+01	5.149567e+01	7.849312e+16
2327	5.132293e+15	2.510898e+01	5.177395e+01	3.757665e+16
2328	5.132790e+15	2.518019e+01	5.266272e+01	6.172834e+16
2329	5.133275e+15	2.515657e+01	5.196183e+01	4.645428e+16
2330	5.133755e+15	2.478776e+01	4.991511e+01	5.999745e+16
2331	5.134246e+15	2.825547e+01	5.374929e+01	5.962702e+16
2332	5.134716e+15	2.614242e+01	4.920997e+01	5.039968e+16
2333	5.135199e+15	2.653542e+01	5.057306e+01	3.249273e+16
2334	5.135688e+15	2.724786e+01	5.083626e+01	4.371970e+16
2335	5.136173e+15	2.748121e+01	4.941672e+01	4.389256e+16
2336	5.136667e+15	2.807963e+01	5.050627e+01	2.322513e+16
2337	5.137163e+15	2.820315e+01	5.159798e+01	5.395278e+16
2338	5.137653e+15	2.678036e+01	4.990370e+01	6.990823e+16
2339	5.138153e+15	2.713329e+01	5.114986e+01	3.377348e+16
2340	5.138651e+15	2.640681e+01	5.042064e+01	3.245885e+16
2341	5.139151e+15	2.830959e+01	5.293194e+01	5.764819e+16
2342	5.139628e+15	2.618339e+01	4.782661e+01	5.108350e+16
2343	5.140120e+15	2.741482e+01	4.776008e+01	4.914981e+16
2344	5.140625e+15	2.871123e+01	5.143201e+01	5.051735e+16
2345	5.141115e+15	2.442797e+01	4.554144e+01	3.813146e+16
2346	5.141644e+15	2.732440e+01	5.189262e+01	4.076148e+16
2347	5.142153e+15	2.401857e+01	4.828082e+01	4.041107e+16
2348	5.142678e+15	2.444574e+01	4.873425e+01	6.531687e+16
2349	5.143213e+15	2.550928e+01	5.161225e+01	4.732917e+16
2350	5.143736e+15	2.176781e+01	4.441951e+01	5.011905e+16
2351	5.144302e+15	2.118691e+01	4.809853e+01	4.800533e+16
2352	5.144888e+15	2.125709e+01	5.099703e+01	3.513085e+16
2353	5.145462e+15	1.978187e+01	4.628123e+01	3.694966e+16
2354	5.146059e+15	2.151966e+01	5.027569e+01	3.652570e+16
2355	5.146636e+15	1.970714e+01	4.741277e+01	4.026107e+16
2356	5.147219e+15	1.883303e+01	4.806628e+01	3.491264e+16
2357	5.147796e+15	1.933234e+01	5.001136e+01	2.881060e+16
2358	5.148355e+15	1.872374e+01	4.776776e+01	4.891404e+16
2359	5.148922e+15	2.043159e+01	5.323240e+01	4.252832e+16
2360	5.149455e+15	1.900506e+01	5.106249e+01	5.981689e+16
2361	5.149980e+15	1.787925e+01	5.060160e+01	6.435155e+16
2362	5.150507e+15	1.759042e+01	4.849360e+01	5.498430e+16
2363	5.151065e+15	2.115714e+01	5.629776e+01	5.548152e+16
2364	5.151592e+15	1.903536e+01	5.115465e+01	6.079399e+16
2365	5.152127e+15	2.306173e+01	5.708301e+01	5.701065e+16
2366	5.152623e+15	1.974428e+01	4.651221e+01	5.506720e+16
2367	5.153164e+15	2.397627e+01	5.651603e+01	4.379180e+16
2368	5.153671e+15	2.514584e+01	5.880578e+01	4.937741e+16
2369	5.154142e+15	1.953211e+01	4.541787e+01	3.583590e+16
2370	5.154687e+15	2.549192e+01	5.812569e+01	4.291690e+16
2371	5.155194e+15	2.371627e+01	4.987695e+01	3.743501e+16
2372	5.155722e+15	2.846891e+01	5.593064e+01	2.709859e+16
2373	5.156223e+15	2.563230e+01	4.957702e+01	7.020925e+16
2374	5.156738e+15	2.534490e+01	5.274247e+01	6.347472e+16
2375	5.157247e+15	2.560361e+01	5.355853e+01	6.034133e+16
2376	5.157743e+15	2.292641e+01	4.837061e+01	4.700482e+16
2377	5.158264e+15	2.572051e+01	5.280844e+01	7.188072e+16
2378	5.158769e+15	2.625900e+01	5.067212e+01	5.700674e+16
2379	5.159255e+15	2.066032e+01	4.057002e+01	4.224256e+16
2380	5.159821e+15	2.605549e+01	5.138552e+01	4.137467e+16
2381	5.160358e+15	2.731354e+01	5.280093e+01	6.719438e+16
2382	5.160860e+15	2.601177e+01	4.894411e+01	5.461266e+16
2383	5.161372e+15	2.474443e+01	4.812595e+01	5.780866e+16
2384	5.161898e+15	2.335642e+01	4.761179e+01	4.182330e+16
2385	5.162443e+15	2.539138e+01	5.255988e+01	4.617578e+16
2386	5.162967e+15	2.343671e+01	4.978814e+01	5.930729e+16
2387	5.163493e+15	2.395805e+01	4.939566e+01	3.079231e+16
2388	5.164021e+15	2.422868e+01	5.037146e+01	4.815138e+16
2389	5.164546e+15	2.470134e+01	5.190476e+01	5.260114e+16
2390	5.165063e+15	2.271384e+01	5.113435e+01	8.543122e+16
2391	5.165581e+15	2.089531e+01	5.037571e+01	6.425826e+16
2392	5.166117e+15	2.199057e+01	5.289304e+01	5.086760e+16
2393	5.166654e+15	2.174945e+01	5.311853e+01	5.635807e+16
2394	5.167190e+15	2.411146e+01	5.471056e+01	5.490930e+16
2395	5.167711e+15	2.404408e+01	5.347313e+01	4.436465e+16
2396	5.168233e+15	2.397543e+01	5.297683e+01	3.591897e+16
2397	5.168765e+15	2.396953e+01	5.431679e+01	3.765692e+16
2398	5.169293e+15	2.623141e+01	5.793913e+01	5.510255e+16
2399	5.169800e+15	2.530559e+01	5.483733e+01	5.895267e+16
2400	5.170316e+15	2.626425e+01	5.611699e+01	5.515505e+16
2401	5.170833e+15	2.634957e+01	5.727392e+01	3.955672e+16
2402	5.171341e+15	2.546664e+01	5.639229e+01	4.780508e+16
2403	5.171856e+15	2.415282e+01	5.275169e+01	6.578044e+16
2404	5.172407e+15	2.708617e+01	5.839420e+01	6.444885e+16
2405	5.172951e+15	2.615015e+01	5.759307e+01	8.575680e+16
2406	5.173493e+15	2.623190e+01	5.965725e+01	5.696193e+16
2407	5.174018e+15	2.409921e+01	5.601018e+01	4.349374e+16
2408	5.174558e+15	2.542186e+01	6.003269e+01	4.798552e+16
2409	5.175087e+15	2.537185e+01	5.998238e+01	6.415368e+16
2410	5.175606e+15	2.363972e+01	5.418850e+01	5.578755e+16
2411	5.176153e+15	2.646158e+01	6.104165e+01	7.644403e+16
2412	5.176677e+15	2.482480e+01	5.673582e+01	4.773573e+16
2413	5.177210e+15	2.629151e+01	6.153948e+01	4.385687e+16
2414	5.177719e+15	2.545044e+01	6.059629e+01	3.653406e+16
2415	5.178214e+15	2.463492e+01	6.010012e+01	5.042285e+16
2416	5.178694e+15	2.434627e+01	5.682628e+01	4.389035e+16
2417	5.179179e+15	2.538435e+01	5.605124e+01	2.242825e+16
2418	5.179664e+15	2.663666e+01	5.637302e+01	2.064251e+16
2419	5.180150e+15	2.588209e+01	5.475465e+01	3.666407e+16
2420	5.180645e+15	2.211147e+01	4.767633e+01	3.250583e+16
2421	5.181202e+15	3.029937e+01	6.378253e+01	3.040645e+16
2422	5.181687e+15	2.457975e+01	4.687372e+01	2.625478e+16
2423	5.182230e+15	2.891933e+01	5.608905e+01	3.790352e+16
2424	5.182756e+15	2.516672e+01	5.160800e+01	4.023134e+16
2425	5.183294e+15	2.295357e+01	4.769315e+01	3.146812e+16
2426	5.183872e+15	2.695611e+01	5.527612e+01	4.526220e+16
2427	5.184422e+15	2.523577e+01	5.220235e+01	5.731038e+16
2428	5.184968e+15	2.497473e+01	5.300806e+01	4.065305e+16
2429	5.185501e+15	2.308910e+01	4.972110e+01	3.731205e+16
2430	5.186047e+15	2.334114e+01	5.215424e+01	2.633806e+16
2431	5.186579e+15	2.404945e+01	5.145722e+01	4.196916e+16
2432	5.187101e+15	2.507584e+01	4.996538e+01	3.604236e+16
2433	5.187622e+15	2.552521e+01	4.916240e+01	4.979361e+16
2434	5.188140e+15	2.500281e+01	4.852463e+01	3.294470e+16
2435	5.188656e+15	2.387723e+01	4.684364e+01	3.783257e+16
2436	5.189180e+15	2.391154e+01	4.724629e+01	3.023779e+16
2437	5.189707e+15	2.329199e+01	4.665069e+01	3.830854e+16
2438	5.190242e+15	2.256889e+01	4.662514e+01	3.914771e+16
2439	5.190782e+15	1.985259e+01	4.028887e+01	2.078907e+16
2440	5.191383e+15	2.316693e+01	4.591010e+01	5.835406e+16
2441	5.191985e+15	2.423573e+01	4.646718e+01	5.150862e+16
2442	5.192593e+15	2.801627e+01	5.131706e+01	5.595032e+16
2443	5.193157e+15	2.886844e+01	4.757800e+01	4.485666e+16
2444	5.193701e+15	3.049852e+01	4.553640e+01	6.850989e+16
2445	5.194227e+15	3.079289e+01	4.513535e+01	3.452956e+16
2446	5.194736e+15	2.943010e+01	4.326718e+01	4.806420e+16
2447	5.195238e+15	2.874279e+01	4.076245e+01	3.823580e+16
2448	5.195754e+15	2.773512e+01	4.016087e+01	3.336170e+16
2449	5.196296e+15	3.049211e+01	4.553261e+01	4.913783e+16
2450	5.196810e+15	2.816404e+01	4.257086e+01	5.370146e+16
2451	5.197327e+15	2.425623e+01	3.817857e+01	4.077637e+16
2452	5.197883e+15	2.725440e+01	4.258447e+01	5.270198e+16
2453	5.198434e+15	2.842219e+01	4.419601e+01	6.077330e+16
2454	5.198978e+15	2.630134e+01	4.237739e+01	4.074360e+16
2455	5.199547e+15	2.895054e+01	4.857648e+01	7.423768e+16
2456	5.200097e+15	2.905643e+01	4.987323e+01	6.139141e+16
2457	5.200631e+15	2.811883e+01	5.089807e+01	5.580526e+16
2458	5.201152e+15	3.138514e+01	5.287519e+01	5.642278e+16
2459	5.201655e+15	3.065159e+01	5.209790e+01	4.441234e+16
2460	5.202152e+15	3.164108e+01	5.292230e+01	5.929758e+16
2461	5.202643e+15	3.008883e+01	5.040862e+01	4.298966e+16
2462	5.203150e+15	3.422133e+01	5.572625e+01	5.427187e+16
2463	5.203639e+15	3.193202e+01	5.126550e+01	2.449488e+16
2464	5.204141e+15	3.265486e+01	5.130906e+01	5.451663e+16
2465	5.204654e+15	3.528339e+01	5.341420e+01	2.083028e+16
2466	5.205162e+15	3.372095e+01	5.091469e+01	2.891941e+16
2467	5.205685e+15	2.976000e+01	4.596633e+01	3.953116e+16
2468	5.206257e+15	3.111274e+01	4.865223e+01	4.163734e+16
2469	5.206848e+15	3.438866e+01	5.242155e+01	4.122443e+16
2470	5.207413e+15	3.260385e+01	4.830326e+01	4.880064e+16
2471	5.207979e+15	3.433820e+01	5.241688e+01	3.434665e+16
2472	5.208510e+15	3.280914e+01	5.111214e+01	3.019275e+16
2473	5.209013e+15	2.991098e+01	4.747697e+01	4.737445e+16
2474	5.209522e+15	2.840766e+01	4.484041e+01	2.758464e+16
2475	5.210045e+15	2.657833e+01	4.213616e+01	4.547389e+16
2476	5.210613e+15	3.185515e+01	5.102596e+01	3.588390e+16
2477	5.211142e+15	2.831627e+01	4.574101e+01	2.501086e+16
2478	5.211674e+15	2.580023e+01	4.512920e+01	3.957145e+16
2479	5.212215e+15	2.707107e+01	4.796445e+01	5.422277e+16
2480	5.212737e+15	2.701999e+01	4.732636e+01	3.405522e+16
2481	5.213245e+15	2.490773e+01	4.487092e+01	4.307564e+16
2482	5.213757e+15	2.468154e+01	4.473762e+01	3.576788e+16
2483	5.214260e+15	1.939019e+01	3.675191e+01	4.429287e+16
2484	5.214831e+15	2.118424e+01	4.014105e+01	2.085599e+16
2485	5.215430e+15	2.740705e+01	4.923049e+01	6.356537e+16
2486	5.215947e+15	2.106155e+01	3.741757e+01	3.351479e+16
2487	5.216504e+15	2.527912e+01	4.121799e+01	4.500252e+16
2488	5.217047e+15	2.423441e+01	3.695722e+01	2.971850e+16
2489	5.217614e+15	2.623501e+01	3.921962e+01	7.151693e+16
2490	5.218176e+15	2.654173e+01	4.012022e+01	3.939778e+16
2491	5.218716e+15	2.288652e+01	3.318673e+01	6.487080e+16
2492	5.219309e+15	2.975336e+01	3.906325e+01	6.202803e+16
2493	5.219870e+15	2.977774e+01	3.608564e+01	2.743194e+16
2494	5.220426e+15	2.967865e+01	3.554206e+01	4.762584e+16
2495	5.220979e+15	2.813401e+01	3.264462e+01	3.040767e+16
2496	5.221546e+15	2.884874e+01	3.235371e+01	5.992402e+16
2497	5.222112e+15	3.007591e+01	3.403370e+01	2.597972e+16
2498	5.222653e+15	2.725730e+01	3.137261e+01	3.124832e+16
2499	5.223210e+15	3.030907e+01	3.414971e+01	5.019703e+16
2500	5.223744e+15	2.872720e+01	3.187862e+01	5.142625e+16
2501	5.224293e+15	2.950867e+01	3.315678e+01	3.576314e+16
2502	5.224846e+15	2.865780e+01	3.404275e+01	4.703879e+16
2503	5.225404e+15	2.743446e+01	3.368506e+01	5.172328e+16
2504	5.225983e+15	3.001526e+01	3.732675e+01	4.342346e+16
2505	5.226547e+15	3.088636e+01	3.912486e+01	6.528588e+16
2506	5.227092e+15	3.041390e+01	3.964379e+01	5.801548e+16
2507	5.227628e+15	3.000011e+01	4.298467e+01	3.368326e+16
2508	5.228138e+15	2.862967e+01	4.292663e+01	3.879738e+16
2509	5.228636e+15	2.804516e+01	4.335856e+01	4.547191e+16
2510	5.229127e+15	2.820851e+01	4.359945e+01	4.543388e+16
2511	5.229611e+15	2.570157e+01	4.208789e+01	2.800806e+16
2512	5.230112e+15	2.430955e+01	4.249429e+01	1.862634e+16
2513	5.230632e+15	2.582790e+01	4.739626e+01	4.249466e+16
2514	5.231132e+15	2.070320e+01	3.996373e+01	5.199227e+16
2515	5.231686e+15	2.289932e+01	4.567516e+01	5.529852e+16
2516	5.232244e+15	2.156118e+01	4.600566e+01	4.248235e+16
2517	5.232803e+15	1.785353e+01	4.210866e+01	4.714046e+16
2518	5.233407e+15	1.699250e+01	4.254228e+01	3.016189e+16
2519	5.234049e+15	1.738232e+01	4.839292e+01	6.923117e+16
2520	5.234682e+15	1.702392e+01	5.127268e+01	3.100173e+16
2521	5.235287e+15	1.809040e+01	5.409944e+01	5.149959e+16
2522	5.235853e+15	1.788534e+01	5.166844e+01	5.503394e+16
2523	5.236410e+15	1.873352e+01	5.219684e+01	5.190566e+16
2524	5.236956e+15	1.887337e+01	5.010624e+01	4.326830e+16
2525	5.237510e+15	2.015033e+01	5.134669e+01	3.659982e+16
2526	5.238056e+15	2.102883e+01	5.094042e+01	5.160315e+16
2527	5.238599e+15	2.028511e+01	4.661165e+01	3.597029e+16
2528	5.239173e+15	2.277757e+01	4.899537e+01	4.827158e+16
2529	5.239744e+15	2.212722e+01	4.654785e+01	3.417314e+16
2530	5.240325e+15	2.297817e+01	4.677724e+01	3.720201e+16
2531	5.240901e+15	2.108407e+01	4.306675e+01	5.107925e+16
2532	5.241502e+15	2.089687e+01	4.604017e+01	6.231975e+16
2533	5.242096e+15	2.051952e+01	4.669076e+01	3.747900e+16
2534	5.242678e+15	1.984946e+01	4.844352e+01	3.700293e+16
2535	5.243239e+15	1.884512e+01	4.896567e+01	4.318239e+16
2536	5.243783e+15	1.736405e+01	4.988955e+01	5.510252e+16
2537	5.244310e+15	1.854122e+01	4.958089e+01	5.410886e+16
2538	5.244822e+15	1.876375e+01	4.787355e+01	3.621415e+16
2539	5.245336e+15	1.932952e+01	5.166880e+01	5.903429e+16
2540	5.245832e+15	1.834567e+01	5.100072e+01	3.109610e+16
2541	5.246327e+15	1.786189e+01	4.937349e+01	3.192782e+16
2542	5.246840e+15	1.904732e+01	5.416797e+01	4.492608e+16
2543	5.247339e+15	1.762719e+01	5.165312e+01	4.187176e+16
2544	5.247847e+15	1.824733e+01	5.036295e+01	2.771293e+16
2545	5.248370e+15	1.996199e+01	5.266023e+01	3.264382e+16
2546	5.248885e+15	1.916498e+01	4.941676e+01	2.220463e+16
2547	5.249417e+15	1.804991e+01	4.576284e+01	4.518636e+16
2548	5.249994e+15	2.050146e+01	5.224074e+01	3.083482e+16
2549	5.250550e+15	1.953895e+01	4.854786e+01	3.601869e+16
2550	5.251114e+15	1.949609e+01	4.660528e+01	3.749997e+16
2551	5.251698e+15	2.322692e+01	5.208496e+01	4.648966e+16
2552	5.252253e+15	2.192286e+01	4.960101e+01	4.474054e+16
2553	5.252798e+15	2.256005e+01	4.882040e+01	4.587166e+16
2554	5.253340e+15	2.377472e+01	4.733008e+01	3.941869e+16
2555	5.253884e+15	2.319896e+01	4.569101e+01	3.320065e+16
2556	5.254446e+15	2.378245e+01	4.839944e+01	4.886425e+16
2557	5.254998e+15	2.554227e+01	4.991150e+01	5.039552e+16
2558	5.255517e+15	2.325555e+01	4.337048e+01	4.526579e+16
2559	5.256064e+15	2.486590e+01	4.553127e+01	3.327278e+16
2560	5.256619e+15	2.526243e+01	4.627532e+01	3.355922e+16
2561	5.257174e+15	2.471790e+01	4.737155e+01	5.040480e+16
2562	5.257727e+15	2.355223e+01	4.514010e+01	4.054783e+16
2563	5.258303e+15	2.409288e+01	4.837278e+01	5.018612e+16
2564	5.258866e+15	2.386749e+01	4.755823e+01	5.222881e+16
2565	5.259422e+15	2.271541e+01	4.519163e+01	5.185076e+16
2566	5.259993e+15	2.577172e+01	4.882663e+01	4.408956e+16
2567	5.260544e+15	2.514941e+01	4.584089e+01	4.681061e+16
2568	5.261104e+15	2.788055e+01	4.916024e+01	4.611791e+16
2569	5.261644e+15	3.007489e+01	5.021990e+01	3.765277e+16
2570	5.262155e+15	3.045077e+01	4.746984e+01	3.334759e+16
2571	5.262656e+15	3.125833e+01	4.554948e+01	3.875718e+16
2572	5.263163e+15	3.360322e+01	4.831789e+01	3.463601e+16
2573	5.263648e+15	3.026421e+01	4.385177e+01	3.294209e+16
2574	5.264147e+15	3.009303e+01	4.399157e+01	2.784716e+16
2575	5.264660e+15	3.322325e+01	4.749819e+01	4.111387e+16
2576	5.265145e+15	2.943934e+01	4.256489e+01	4.463410e+16
2577	5.265639e+15	3.090259e+01	4.389518e+01	3.893746e+16
2578	5.266129e+15	3.178858e+01	4.373488e+01	4.066075e+16
2579	5.266613e+15	3.062116e+01	4.259043e+01	2.557579e+16
2580	5.267101e+15	2.999967e+01	4.499728e+01	2.440551e+16
2581	5.267567e+15	2.546136e+01	4.167676e+01	1.461906e+16
2582	5.268040e+15	2.707483e+01	4.386816e+01	3.041571e+16
2583	5.268492e+15	2.402261e+01	4.107689e+01	4.085244e+16
2584	5.268958e+15	2.373727e+01	4.238699e+01	3.168904e+16
2585	5.269425e+15	1.799734e+01	3.627739e+01	2.698589e+16
2586	5.269966e+15	2.353571e+01	4.573511e+01	5.908382e+16
2587	5.270498e+15	2.786246e+01	5.017886e+01	5.541603e+16
2588	5.270980e+15	2.279181e+01	3.975133e+01	1.789913e+16
2589	5.271510e+15	2.812528e+01	4.854474e+01	5.301249e+16
2590	5.272006e+15	2.299842e+01	3.873757e+01	2.735029e+16
2591	5.272556e+15	2.570494e+01	4.584533e+01	3.973488e+16
2592	5.273096e+15	2.326458e+01	4.356045e+01	5.168180e+16
2593	5.273661e+15	2.480865e+01	4.566309e+01	5.338799e+16
2594	5.274225e+15	2.725745e+01	4.772273e+01	6.560365e+16
2595	5.274770e+15	2.767300e+01	4.798405e+01	5.031988e+16
2596	5.275302e+15	2.624163e+01	4.612258e+01	3.902131e+16
2597	5.275837e+15	2.403816e+01	4.435043e+01	5.828338e+16
2598	5.276380e+15	2.694508e+01	4.846449e+01	3.531940e+16
2599	5.276894e+15	2.623191e+01	4.654350e+01	4.447369e+16
2600	5.277402e+15	2.480162e+01	4.432132e+01	2.347442e+16
2601	5.277920e+15	2.576915e+01	4.428946e+01	4.028830e+16
2602	5.278438e+15	2.350468e+01	3.992863e+01	4.211153e+16
2603	5.279000e+15	2.608818e+01	4.501555e+01	5.887788e+16
2604	5.279545e+15	2.161445e+01	3.863920e+01	4.957023e+16
2605	5.280137e+15	2.329871e+01	4.067610e+01	3.265025e+16
2606	5.280746e+15	2.229867e+01	4.007281e+01	5.441055e+16
2607	5.281382e+15	2.500624e+01	4.544968e+01	5.680419e+16
2608	5.281989e+15	2.191457e+01	4.149973e+01	6.964097e+16
2609	5.282631e+15	2.430191e+01	4.928932e+01	5.724495e+16
2610	5.283227e+15	2.551666e+01	5.142583e+01	5.828744e+16
2611	5.283765e+15	2.100784e+01	4.166279e+01	5.486848e+16
2612	5.284348e+15	2.605814e+01	4.767177e+01	3.399181e+16
2613	5.284907e+15	2.004306e+01	3.534472e+01	3.674238e+16
2614	5.285578e+15	2.481116e+01	5.088872e+01	7.589417e+16
2615	5.286181e+15	2.163444e+01	4.623160e+01	5.315219e+16
2616	5.286769e+15	2.029311e+01	4.576622e+01	2.449627e+16
2617	5.287357e+15	2.194227e+01	4.994921e+01	4.898784e+16
2618	5.287906e+15	2.019247e+01	4.535477e+01	3.526053e+16
2619	5.288449e+15	1.948314e+01	4.521046e+01	4.617230e+16
2620	5.288991e+15	1.712902e+01	4.065583e+01	4.694116e+16
2621	5.289578e+15	2.097057e+01	4.900198e+01	3.414173e+16
2622	5.290128e+15	2.009280e+01	4.635416e+01	4.855671e+16
2623	5.290678e+15	1.831783e+01	4.228393e+01	4.210404e+16
2624	5.291274e+15	2.267798e+01	5.314063e+01	3.850456e+16
2625	5.291816e+15	1.790390e+01	4.200387e+01	3.713904e+16
2626	5.292422e+15	2.091655e+01	4.904760e+01	3.715700e+16
2627	5.293011e+15	1.887752e+01	4.781090e+01	3.438622e+16
2628	5.293602e+15	2.013460e+01	5.194814e+01	4.623267e+16
2629	5.294159e+15	1.860895e+01	5.004926e+01	6.289540e+16
2630	5.294705e+15	1.748777e+01	4.695627e+01	6.139776e+16
2631	5.295269e+15	2.028355e+01	5.083423e+01	2.691098e+16
2632	5.295810e+15	1.952340e+01	4.691606e+01	2.997301e+16
2633	5.296366e+15	1.818457e+01	4.452573e+01	4.841987e+16
2634	5.296956e+15	2.135186e+01	5.143616e+01	4.237508e+16
2635	5.297509e+15	2.128505e+01	4.897801e+01	5.159718e+16
2636	5.298049e+15	2.084549e+01	4.620576e+01	5.462755e+16
2637	5.298598e+15	2.383309e+01	4.872078e+01	3.604432e+16
2638	5.299125e+15	2.459733e+01	4.440616e+01	3.313342e+16
2639	5.299659e+15	2.464598e+01	4.277521e+01	4.938044e+16
2640	5.300206e+15	2.495938e+01	4.420425e+01	5.940964e+16
2641	5.300744e+15	2.354023e+01	4.195776e+01	3.652367e+16
2642	5.301287e+15	2.518839e+01	4.353025e+01	6.050932e+16
2643	5.301821e+15	2.620892e+01	4.360298e+01	3.391257e+16
2644	5.302357e+15	2.533641e+01	4.327715e+01	3.211654e+16
2645	5.302904e+15	2.404613e+01	4.390236e+01	3.298148e+16
2646	5.303460e+15	2.450705e+01	4.653158e+01	5.192955e+16
2647	5.304006e+15	2.428546e+01	4.705324e+01	4.365317e+16
2648	5.304537e+15	2.451425e+01	4.673695e+01	5.273481e+16
2649	5.305059e+15	2.567491e+01	4.730145e+01	6.220384e+16
2650	5.305574e+15	2.093926e+01	3.860621e+01	3.400277e+16
2651	5.306169e+15	2.504486e+01	4.875215e+01	6.493931e+16
2652	5.306749e+15	2.684741e+01	5.282941e+01	4.408304e+16
2653	5.307278e+15	2.173132e+01	4.383322e+01	4.413135e+16
2654	5.307837e+15	2.568851e+01	4.948375e+01	6.054550e+16
2655	5.308366e+15	2.309282e+01	4.058811e+01	5.378158e+16
2656	5.308941e+15	2.846813e+01	4.921121e+01	3.537075e+16
2657	5.309472e+15	2.319555e+01	4.102056e+01	2.360696e+16
2658	5.310045e+15	2.271327e+01	3.977390e+01	4.235118e+16
2659	5.310671e+15	2.504912e+01	4.527616e+01	3.880905e+16
2660	5.311278e+15	2.617961e+01	4.700706e+01	3.887618e+16
2661	5.311851e+15	2.629409e+01	4.672339e+01	5.245105e+16
2662	5.312388e+15	1.943793e+01	3.558366e+01	2.799790e+16
2663	5.312996e+15	2.425226e+01	4.372845e+01	4.759959e+16
2664	5.313583e+15	2.299381e+01	4.258149e+01	5.465864e+16
2665	5.314153e+15	2.025631e+01	3.842103e+01	3.159079e+16
2666	5.314752e+15	2.633016e+01	4.933679e+01	3.980876e+16
2667	5.315269e+15	2.116842e+01	4.053449e+01	5.164541e+16
2668	5.315802e+15	2.187990e+01	4.278775e+01	4.153968e+16
2669	5.316329e+15	2.359804e+01	4.711474e+01	3.282997e+16
2670	5.316827e+15	1.903120e+01	4.035591e+01	4.730272e+16
2671	5.317367e+15	2.035048e+01	4.464787e+01	4.992978e+16
2672	5.317907e+15	1.894729e+01	4.188662e+01	5.487346e+16
2673	5.318472e+15	1.932885e+01	4.087968e+01	6.895571e+16
2674	5.319071e+15	2.236912e+01	4.646091e+01	6.719076e+16
2675	5.319653e+15	2.317417e+01	5.133869e+01	4.408914e+16
2676	5.320180e+15	1.848962e+01	4.427607e+01	4.967120e+16
2677	5.320727e+15	1.856213e+01	4.700281e+01	5.736565e+16
2678	5.321273e+15	1.971900e+01	5.108459e+01	5.694669e+16
2679	5.321789e+15	1.675259e+01	4.456106e+01	3.229232e+16
2680	5.322331e+15	1.968267e+01	4.990195e+01	6.389413e+16
2681	5.322843e+15	2.182477e+01	4.904015e+01	4.108867e+16
2682	5.323333e+15	2.227318e+01	4.321841e+01	3.962677e+16
2683	5.323850e+15	2.285977e+01	4.381719e+01	4.489685e+16
2684	5.324378e+15	2.153125e+01	4.124524e+01	3.378395e+16
2685	5.324938e+15	2.389397e+01	4.381609e+01	3.922874e+16
2686	5.325501e+15	2.467285e+01	4.441566e+01	3.470135e+16
2687	5.326062e+15	2.196943e+01	4.048035e+01	3.927506e+16
2688	5.326659e+15	2.064633e+01	3.922936e+01	6.114741e+16
2689	5.327310e+15	2.359882e+01	4.678997e+01	5.544620e+16
2690	5.327928e+15	2.310544e+01	4.679686e+01	6.574791e+16
2691	5.328516e+15	2.141606e+01	4.709240e+01	5.826403e+16
2692	5.329082e+15	2.061696e+01	4.710286e+01	3.927382e+16
2693	5.329632e+15	2.013003e+01	4.767070e+01	2.618440e+16
2694	5.330170e+15	2.031008e+01	4.615221e+01	3.707286e+16
2695	5.330717e+15	2.304476e+01	5.006841e+01	4.528939e+16
2696	5.331243e+15	2.097061e+01	4.673104e+01	4.921133e+16
2697	5.331780e+15	1.780714e+01	4.187647e+01	2.756230e+16
2698	5.332383e+15	2.135926e+01	4.995667e+01	3.205882e+16
2699	5.332968e+15	1.936435e+01	4.587591e+01	2.215638e+16
2700	5.333563e+15	2.054032e+01	4.810385e+01	2.719911e+16
2701	5.334140e+15	2.068414e+01	4.681483e+01	4.346446e+16
2702	5.334706e+15	1.775465e+01	4.317086e+01	3.713347e+16
2703	5.335295e+15	2.053911e+01	4.822797e+01	3.709040e+16
2704	5.335852e+15	2.188698e+01	4.593401e+01	3.640243e+16
2705	5.336402e+15	2.374710e+01	4.704604e+01	4.663932e+16
2706	5.336933e+15	2.246447e+01	4.357211e+01	4.234835e+16
2707	5.337474e+15	2.533214e+01	4.771135e+01	5.970162e+16
2708	5.337981e+15	2.158388e+01	4.002850e+01	4.418296e+16
2709	5.338530e+15	2.294595e+01	4.503240e+01	4.343022e+16
2710	5.339070e+15	2.248780e+01	4.367931e+01	2.498580e+16
2711	5.339600e+15	2.072359e+01	3.981116e+01	2.905873e+16
2712	5.340148e+15	2.639457e+01	4.508275e+01	3.733567e+16
2713	5.340655e+15	2.531743e+01	3.855629e+01	3.894367e+16
2714	5.341184e+15	2.919616e+01	4.139448e+01	3.618576e+16
2715	5.341707e+15	2.599644e+01	3.708500e+01	3.750184e+16
2716	5.342264e+15	2.645768e+01	3.796932e+01	5.345850e+16
2717	5.342850e+15	3.478210e+01	4.537636e+01	4.640046e+16
2718	5.343366e+15	2.949348e+01	3.532577e+01	3.571449e+16
2719	5.343917e+15	3.211204e+01	3.980211e+01	4.791873e+16
2720	5.344446e+15	2.840369e+01	3.943631e+01	3.747757e+16
2721	5.344971e+15	2.718480e+01	3.853973e+01	3.947990e+16
2722	5.345508e+15	2.999777e+01	4.052840e+01	5.182424e+16
2723	5.346026e+15	2.946223e+01	4.036562e+01	5.244138e+16
2724	5.346528e+15	2.878669e+01	3.986866e+01	4.457728e+16
2725	5.347027e+15	2.533785e+01	3.621411e+01	3.839593e+16
2726	5.347568e+15	2.505155e+01	3.916702e+01	4.119250e+16
2727	5.348137e+15	2.984773e+01	4.607802e+01	4.529176e+16
2728	5.348659e+15	2.698790e+01	4.047049e+01	4.320110e+16
2729	5.349194e+15	2.822465e+01	4.188472e+01	2.609435e+16
2730	5.349729e+15	3.006739e+01	4.533016e+01	5.569852e+16
2731	5.350232e+15	2.683768e+01	4.101854e+01	4.410923e+16
2732	5.350749e+15	2.796932e+01	4.172153e+01	2.667540e+16
2733	5.351276e+15	2.799338e+01	4.318608e+01	3.288790e+16
2734	5.351796e+15	2.720693e+01	4.343827e+01	3.513120e+16
2735	5.352312e+15	2.474578e+01	3.971903e+01	4.172668e+16
2736	5.352855e+15	2.571793e+01	4.239313e+01	3.589838e+16
2737	5.353402e+15	2.072962e+01	3.376142e+01	3.261373e+16
2738	5.354039e+15	2.532076e+01	4.350094e+01	5.408145e+16
2739	5.354656e+15	2.771362e+01	4.701579e+01	4.742260e+16
2740	5.355215e+15	2.400894e+01	4.278823e+01	4.539120e+16
2741	5.355770e+15	2.643982e+01	4.559443e+01	4.118621e+16
2742	5.356287e+15	2.319625e+01	3.681038e+01	5.754951e+16
2743	5.356856e+15	3.052000e+01	4.480171e+01	3.443750e+16
2744	5.357385e+15	2.780899e+01	4.140116e+01	4.636748e+16
2745	5.357911e+15	2.365033e+01	3.698283e+01	5.386030e+16
2746	5.358491e+15	3.220772e+01	4.823099e+01	2.785830e+16
2747	5.359005e+15	2.570569e+01	3.633923e+01	3.059694e+16
2748	5.359570e+15	2.973916e+01	4.327170e+01	5.569861e+16
2749	5.360107e+15	2.788629e+01	4.290775e+01	3.843362e+16
2750	5.360629e+15	2.434166e+01	3.850386e+01	2.041254e+16
2751	5.361188e+15	2.861184e+01	4.417423e+01	4.875105e+16
2752	5.361723e+15	2.395349e+01	3.748263e+01	4.030978e+16
2753	5.362301e+15	2.576279e+01	4.172823e+01	4.952020e+16
2754	5.362879e+15	2.481889e+01	4.110708e+01	4.675617e+16
2755	5.363463e+15	2.173164e+01	3.590442e+01	3.874486e+16
2756	5.364116e+15	2.661302e+01	4.526043e+01	5.575382e+16
2757	5.364721e+15	2.508746e+01	4.430316e+01	4.584527e+16
2758	5.365290e+15	2.261653e+01	4.065244e+01	3.699741e+16
2759	5.365861e+15	2.530323e+01	4.240977e+01	2.934931e+16
2760	5.366406e+15	2.424690e+01	3.792156e+01	4.302093e+16
2761	5.366970e+15	2.173060e+01	3.596966e+01	3.805244e+16
2762	5.367579e+15	2.327441e+01	4.170846e+01	4.992115e+16
2763	5.368170e+15	2.307244e+01	4.141739e+01	5.139373e+16
2764	5.368744e+15	2.108428e+01	4.074287e+01	2.444419e+16
2765	5.369306e+15	2.160830e+01	4.173000e+01	3.942021e+16
2766	5.369846e+15	2.094959e+01	3.762801e+01	3.230273e+16
2767	5.370406e+15	2.186847e+01	3.902834e+01	3.683116e+16
2768	5.370963e+15	2.168108e+01	3.939432e+01	6.155256e+16
2769	5.371511e+15	2.081777e+01	3.740924e+01	3.475138e+16
2770	5.372069e+15	2.191329e+01	3.849754e+01	6.231397e+16
2771	5.372618e+15	2.326452e+01	4.000549e+01	3.574914e+16
2772	5.373144e+15	2.227473e+01	3.655279e+01	4.730653e+16
2773	5.373683e+15	2.289942e+01	3.797433e+01	4.509139e+16
2774	5.374210e+15	2.296705e+01	3.538769e+01	4.617422e+16
2775	5.374756e+15	2.481771e+01	3.909518e+01	4.612481e+16
2776	5.375281e+15	2.079266e+01	3.644563e+01	2.343183e+16
2777	5.375822e+15	2.123126e+01	3.786500e+01	4.057728e+16
2778	5.376373e+15	2.308155e+01	3.999576e+01	3.413557e+16
2779	5.376909e+15	2.246943e+01	3.790612e+01	4.445216e+16
2780	5.377455e+15	2.362567e+01	3.913448e+01	2.477605e+16
2781	5.377999e+15	2.191168e+01	3.850729e+01	5.349442e+16
2782	5.378552e+15	2.219694e+01	4.054805e+01	3.887260e+16
2783	5.379093e+15	2.213031e+01	4.081941e+01	6.190756e+16
2784	5.379624e+15	2.088127e+01	3.687513e+01	1.969402e+16
2785	5.380193e+15	2.478293e+01	4.545699e+01	4.728221e+16
2786	5.380719e+15	2.006812e+01	3.863053e+01	4.375761e+16
2787	5.381283e+15	2.164516e+01	4.345053e+01	5.408073e+16
2788	5.381834e+15	2.028701e+01	3.754492e+01	5.298246e+16
2789	5.382435e+15	2.239588e+01	4.338075e+01	5.079659e+16
2790	5.383031e+15	2.215949e+01	4.830184e+01	7.112637e+16
2791	5.383587e+15	1.925202e+01	4.416221e+01	4.033672e+16
2792	5.384150e+15	2.353985e+01	5.300312e+01	2.829744e+16
2793	5.384638e+15	2.069867e+01	4.063156e+01	3.449223e+16
2794	5.385171e+15	2.448143e+01	4.821321e+01	2.121234e+16
2795	5.385677e+15	2.254852e+01	4.723764e+01	3.368557e+16
2796	5.386167e+15	1.743497e+01	3.587483e+01	3.735991e+16
2797	5.386752e+15	2.225754e+01	4.698622e+01	1.941723e+16
2798	5.387321e+15	2.402194e+01	5.119541e+01	4.717030e+16
2799	5.387842e+15	2.163232e+01	4.805193e+01	1.991057e+16
2800	5.388349e+15	1.928742e+01	4.431315e+01	3.679822e+16
2801	5.388872e+15	2.285864e+01	4.659835e+01	3.204458e+16
2802	5.389389e+15	1.958744e+01	4.084241e+01	3.650531e+16
2803	5.389949e+15	2.241759e+01	5.042793e+01	4.293302e+16
2804	5.390462e+15	2.091732e+01	4.514473e+01	3.089427e+16
2805	5.390975e+15	2.031507e+01	4.318562e+01	3.374068e+16
2806	5.391508e+15	2.254694e+01	4.994430e+01	2.578675e+16
2807	5.392005e+15	1.696579e+01	3.995935e+01	3.423924e+16
2808	5.392560e+15	1.762873e+01	4.327933e+01	2.930985e+16
2809	5.393143e+15	2.019059e+01	4.972304e+01	4.276761e+16
2810	5.393693e+15	1.861847e+01	4.617953e+01	2.626777e+16
2811	5.394248e+15	1.699618e+01	4.321628e+01	4.327979e+16
2812	5.394842e+15	1.785295e+01	4.778103e+01	4.579821e+16
2813	5.395426e+15	1.618455e+01	4.441567e+01	5.793327e+16
2814	5.396031e+15	1.953113e+01	5.188882e+01	2.795084e+16
2815	5.396590e+15	1.872160e+01	4.641232e+01	3.865287e+16
2816	5.397159e+15	1.830925e+01	4.470252e+01	2.926346e+16
2817	5.397752e+15	2.041967e+01	4.715691e+01	4.455847e+16
2818	5.398341e+15	1.878211e+01	4.488128e+01	4.536339e+16
2819	5.398942e+15	1.633875e+01	3.734879e+01	3.390249e+16
2820	5.399614e+15	1.966383e+01	4.258966e+01	5.756247e+16
2821	5.400283e+15	2.089984e+01	4.303122e+01	2.636746e+16
2822	5.400927e+15	1.818167e+01	3.654325e+01	2.681435e+16
2823	5.401624e+15	2.217243e+01	4.384642e+01	4.214495e+16
2824	5.402268e+15	2.196931e+01	4.240174e+01	3.305442e+16
2825	5.402879e+15	2.123903e+01	4.201274e+01	4.559240e+16
2826	5.403460e+15	1.950932e+01	3.910266e+01	3.293738e+16
2827	5.404036e+15	1.861970e+01	3.721896e+01	3.895637e+16
2828	5.404616e+15	1.922582e+01	3.766979e+01	3.005382e+16
2829	5.405174e+15	1.431631e+01	3.067001e+01	4.689781e+16
2830	5.405808e+15	1.514269e+01	3.676520e+01	1.417723e+16
2831	5.406445e+15	1.533404e+01	4.030426e+01	3.345146e+16
2832	5.407049e+15	1.402313e+01	3.900173e+01	5.483382e+16
2833	5.407647e+15	1.561474e+01	4.145011e+01	4.781245e+16
2834	5.408222e+15	1.569645e+01	3.852472e+01	3.769997e+16
2835	5.408815e+15	1.942674e+01	4.618128e+01	4.315386e+16
2836	5.409350e+15	1.729018e+01	3.976858e+01	5.153562e+16
2837	5.409896e+15	1.702339e+01	4.037133e+01	3.327596e+16
2838	5.410449e+15	1.869719e+01	4.255087e+01	4.226672e+16
2839	5.410987e+15	1.683392e+01	4.035539e+01	3.201552e+16
2840	5.411549e+15	1.907145e+01	4.476406e+01	3.451998e+16
2841	5.412091e+15	2.054609e+01	4.119982e+01	3.934206e+16
2842	5.412652e+15	2.393498e+01	4.497784e+01	4.254929e+16
2843	5.413192e+15	2.317123e+01	4.059743e+01	4.253311e+16
2844	5.413751e+15	2.536508e+01	4.201195e+01	3.281287e+16
2845	5.414309e+15	2.720804e+01	4.342987e+01	2.886297e+16
2846	5.414850e+15	2.718002e+01	4.202714e+01	4.184464e+16
2847	5.415381e+15	2.721551e+01	4.035135e+01	2.079088e+16
2848	5.415916e+15	2.947306e+01	4.187282e+01	2.524057e+16
2849	5.416435e+15	2.729888e+01	3.770776e+01	3.121161e+16
2850	5.416986e+15	3.222304e+01	4.456596e+01	5.078075e+16
2851	5.417498e+15	3.019556e+01	4.040322e+01	4.218216e+16
2852	5.418017e+15	3.188382e+01	4.137046e+01	4.279579e+16
2853	5.418535e+15	3.371938e+01	4.361971e+01	4.310699e+16
2854	5.419028e+15	3.169358e+01	4.118998e+01	6.327620e+16
2855	5.419515e+15	2.749466e+01	3.772409e+01	4.994812e+16
2856	5.420026e+15	2.927779e+01	4.078111e+01	2.803598e+16
2857	5.420522e+15	2.804924e+01	3.901221e+01	3.197616e+16
2858	5.421023e+15	2.875600e+01	4.138665e+01	4.109519e+16
2859	5.421517e+15	2.653718e+01	4.023002e+01	3.794134e+16
2860	5.422012e+15	2.411557e+01	3.724084e+01	3.152113e+16
2861	5.422543e+15	2.616763e+01	4.279223e+01	4.331828e+16
2862	5.423055e+15	2.191436e+01	3.846621e+01	4.334969e+16
2863	5.423590e+15	2.129520e+01	3.972216e+01	2.512916e+16
2864	5.424136e+15	2.357595e+01	4.234238e+01	4.628029e+16
2865	5.424668e+15	2.286033e+01	4.079893e+01	3.225886e+16
2866	5.425197e+15	1.879380e+01	3.438126e+01	3.080893e+16
2867	5.425797e+15	2.377827e+01	4.256384e+01	3.323801e+16
2868	5.426377e+15	2.130792e+01	3.851021e+01	4.288861e+16
2869	5.426993e+15	2.202553e+01	4.247676e+01	2.898250e+16
2870	5.427596e+15	2.334663e+01	4.232724e+01	4.630969e+16
2871	5.428179e+15	2.422790e+01	4.290398e+01	5.128292e+16
2872	5.428745e+15	2.344950e+01	4.294319e+01	4.668017e+16
2873	5.429291e+15	2.361329e+01	4.147953e+01	2.930150e+16
2874	5.429833e+15	2.608965e+01	4.332375e+01	3.952734e+16
2875	5.430355e+15	2.486993e+01	4.099000e+01	3.985543e+16
2876	5.430881e+15	2.661673e+01	4.106949e+01	3.094769e+16
2877	5.431411e+15	2.861718e+01	4.241586e+01	3.778134e+16
2878	5.431927e+15	2.654718e+01	3.782137e+01	2.239395e+16
2879	5.432477e+15	3.005696e+01	4.412132e+01	3.590882e+16
2880	5.432995e+15	2.994947e+01	4.312583e+01	3.131417e+16
2881	5.433487e+15	2.468611e+01	3.424343e+01	3.346932e+16
2882	5.434045e+15	3.334740e+01	4.760799e+01	3.770054e+16
2883	5.434534e+15	2.472261e+01	3.594574e+01	2.017070e+16
2884	5.435076e+15	2.569931e+01	3.705110e+01	3.546748e+16
2885	5.435655e+15	3.244078e+01	4.500915e+01	4.394301e+16
2886	5.436174e+15	2.442004e+01	3.318020e+01	3.618633e+16
2887	5.436767e+15	2.893812e+01	4.201039e+01	4.548007e+16
2888	5.437327e+15	2.341189e+01	3.448974e+01	3.502965e+16
2889	5.437929e+15	1.972342e+01	3.083190e+01	3.774261e+16
2890	5.438634e+15	3.314180e+01	5.147865e+01	3.766574e+16
2891	5.439183e+15	1.891275e+01	3.070684e+01	3.567657e+16
2892	5.439842e+15	2.528160e+01	4.181856e+01	4.297455e+16
2893	5.440449e+15	2.278343e+01	3.756576e+01	6.075886e+16
2894	5.441059e+15	2.254928e+01	3.665913e+01	4.202650e+16
2895	5.441671e+15	2.598038e+01	3.927035e+01	5.830630e+16
2896	5.442240e+15	2.589995e+01	3.716969e+01	4.141896e+16
2897	5.442796e+15	2.516151e+01	3.458288e+01	2.529343e+16
2898	5.443373e+15	2.369494e+01	3.304107e+01	3.911451e+16
2899	5.443988e+15	2.443934e+01	3.434675e+01	3.327698e+16
2900	5.444613e+15	2.221277e+01	3.202607e+01	4.534076e+16
2901	5.445281e+15	2.586121e+01	3.839291e+01	3.943546e+16
2902	5.445884e+15	1.776901e+01	3.016860e+01	2.749704e+16
2903	5.446562e+15	2.107502e+01	3.744006e+01	3.126274e+16
2904	5.447217e+15	1.927879e+01	3.535650e+01	6.148638e+16
2905	5.447881e+15	1.591744e+01	3.246026e+01	6.337540e+16
2906	5.448602e+15	2.007850e+01	4.062554e+01	3.555077e+16
2907	5.449251e+15	1.762451e+01	3.506721e+01	4.540120e+16
2908	5.449917e+15	1.681730e+01	3.399581e+01	2.352896e+16
2909	5.450618e+15	1.447944e+01	3.220303e+01	5.330543e+16
2910	5.451389e+15	1.839662e+01	4.110796e+01	2.445175e+16
2911	5.452099e+15	2.062424e+01	4.345043e+01	3.400202e+16
2912	5.452731e+15	1.828297e+01	3.849627e+01	4.896060e+16
2913	5.453364e+15	2.219150e+01	4.252446e+01	4.856364e+16
2914	5.453943e+15	1.785510e+01	3.339361e+01	2.973884e+16
2915	5.454580e+15	2.175879e+01	4.235876e+01	4.089543e+16
2916	5.455161e+15	1.821136e+01	3.618658e+01	4.053605e+16
2917	5.455767e+15	1.898202e+01	3.581080e+01	3.518577e+16
2918	5.456403e+15	2.152682e+01	3.962730e+01	2.978970e+16
2919	5.457014e+15	1.943259e+01	3.626885e+01	4.584669e+16
2920	5.457643e+15	2.071590e+01	3.788202e+01	2.883256e+16
2921	5.458266e+15	2.024538e+01	3.777266e+01	3.636797e+16
2922	5.458882e+15	2.049653e+01	3.775646e+01	3.160766e+16
2923	5.459490e+15	2.154449e+01	3.752823e+01	3.941883e+16
2924	5.460092e+15	2.067464e+01	3.637145e+01	3.056438e+16
2925	5.460699e+15	2.244006e+01	3.765437e+01	3.341657e+16
2926	5.461286e+15	2.067656e+01	3.405566e+01	3.878113e+16
2927	5.461900e+15	2.361757e+01	3.797911e+01	3.910774e+16
2928	5.462482e+15	2.048013e+01	3.362114e+01	3.243632e+16
2929	5.463090e+15	2.019464e+01	3.283120e+01	2.473028e+16
2930	5.463733e+15	2.312992e+01	3.750164e+01	5.858318e+16
2931	5.464344e+15	1.834712e+01	3.121336e+01	2.776202e+16
2932	5.465023e+15	1.911130e+01	3.473689e+01	2.102328e+16
2933	5.465727e+15	1.760899e+01	3.518812e+01	3.538053e+16
2934	5.466469e+15	2.466176e+01	4.747750e+01	3.521012e+16
2935	5.467076e+15	1.848308e+01	3.436472e+01	4.183294e+16
2936	5.467728e+15	2.250043e+01	4.201424e+01	4.259340e+16
2937	5.468318e+15	2.185602e+01	4.015973e+01	2.081134e+16
2938	5.468871e+15	2.027459e+01	3.570665e+01	3.352177e+16
2939	5.469437e+15	2.369058e+01	3.701788e+01	3.520905e+16
2940	5.469987e+15	2.351312e+01	3.378124e+01	2.916475e+16
2941	5.470558e+15	2.199684e+01	3.228778e+01	2.943339e+16
2942	5.471172e+15	2.412638e+01	3.561041e+01	2.764229e+16
2943	5.471781e+15	2.558982e+01	3.729146e+01	3.305222e+16
2944	5.472358e+15	2.621320e+01	3.809221e+01	3.251680e+16
2945	5.472898e+15	2.469305e+01	3.468176e+01	3.385779e+16
2946	5.473442e+15	2.544166e+01	3.319764e+01	2.958069e+16
2947	5.473999e+15	2.512505e+01	3.251948e+01	3.719429e+16
2948	5.474574e+15	2.855114e+01	3.633246e+01	3.287798e+16
2949	5.475113e+15	2.674188e+01	3.367178e+01	2.884283e+16
2950	5.475651e+15	2.660668e+01	3.461217e+01	3.612896e+16
2951	5.476183e+15	2.612700e+01	3.513195e+01	3.885884e+16
2952	5.476709e+15	2.450498e+01	3.401656e+01	3.839880e+16
2953	5.477245e+15	2.437933e+01	3.447397e+01	4.405937e+16
2954	5.477791e+15	2.454610e+01	3.604228e+01	3.900965e+16
2955	5.478331e+15	2.455014e+01	3.648064e+01	4.296335e+16
2956	5.478869e+15	2.496756e+01	3.735136e+01	3.638500e+16
2957	5.479401e+15	2.561185e+01	3.849301e+01	1.673203e+16
2958	5.479921e+15	2.719393e+01	3.841386e+01	4.011276e+16
2959	5.480437e+15	2.649017e+01	3.703164e+01	3.642842e+16
2960	5.480963e+15	2.725039e+01	3.790337e+01	4.926998e+16
2961	5.481489e+15	2.730155e+01	3.764182e+01	3.026515e+16
2962	5.482012e+15	2.660671e+01	3.583448e+01	3.637258e+16
2963	5.482550e+15	2.904190e+01	3.854036e+01	2.832869e+16
2964	5.483071e+15	2.846113e+01	3.687889e+01	2.218588e+16
2965	5.483594e+15	2.860588e+01	3.572281e+01	4.473889e+16
2966	5.484132e+15	3.159846e+01	3.848367e+01	3.669443e+16
2967	5.484652e+15	3.053442e+01	3.641191e+01	3.859703e+16
2968	5.485177e+15	2.831308e+01	3.423041e+01	2.815216e+16
2969	5.485738e+15	2.985455e+01	3.638757e+01	4.323123e+16
2970	5.486304e+15	2.676517e+01	3.284685e+01	1.662892e+16
2971	5.486907e+15	3.030851e+01	3.566394e+01	6.378838e+16
2972	5.487495e+15	2.999076e+01	3.525360e+01	2.763056e+16
2973	5.488085e+15	2.897445e+01	3.506167e+01	3.091455e+16
2974	5.488678e+15	2.931653e+01	3.747529e+01	4.628704e+16
2975	5.489240e+15	2.736618e+01	3.466549e+01	5.731169e+16
2976	5.489812e+15	2.941947e+01	3.614343e+01	2.516738e+16
2977	5.490372e+15	2.936600e+01	3.663368e+01	3.160869e+16
2978	5.490920e+15	2.875973e+01	3.517930e+01	2.003854e+16
2979	5.491476e+15	2.973665e+01	3.660028e+01	3.578819e+16
2980	5.492027e+15	2.665345e+01	3.231545e+01	4.727969e+16
2981	5.492617e+15	2.805602e+01	3.532654e+01	3.635205e+16
2982	5.493216e+15	2.763610e+01	3.537725e+01	2.949105e+16
2983	5.493819e+15	2.702443e+01	3.570487e+01	2.660793e+16
2984	5.494426e+15	2.636784e+01	3.552653e+01	3.065077e+16
2985	5.495033e+15	2.813282e+01	3.741387e+01	3.561287e+16
2986	5.495615e+15	2.315992e+01	3.209845e+01	4.441799e+16
2987	5.496244e+15	3.020623e+01	4.166123e+01	3.060940e+16
2988	5.496801e+15	2.444353e+01	3.370796e+01	3.428295e+16
2989	5.497386e+15	2.563920e+01	3.483467e+01	3.635843e+16
2990	5.497985e+15	2.923239e+01	3.678668e+01	5.883053e+16
2991	5.498564e+15	2.611579e+01	3.289609e+01	4.346025e+16
2992	5.499171e+15	2.693808e+01	3.428440e+01	3.327978e+16
2993	5.499782e+15	2.692850e+01	3.261560e+01	4.165929e+16
2994	5.500407e+15	2.763461e+01	3.261660e+01	3.609306e+16
2995	5.501034e+15	2.863062e+01	3.422629e+01	2.100320e+16
2996	5.501636e+15	2.688820e+01	3.227819e+01	3.574620e+16
2997	5.502242e+15	2.687558e+01	3.237887e+01	2.016611e+16
2998	5.502846e+15	2.110297e+01	2.545858e+01	3.439909e+16
2999	5.503546e+15	2.512412e+01	3.134969e+01	6.530029e+16
3000	5.504242e+15	2.644382e+01	3.282409e+01	4.526845e+16
3001	5.504915e+15	2.345674e+01	2.849484e+01	3.864920e+16
3002	5.505644e+15	2.888244e+01	3.705938e+01	3.288789e+16
3003	5.506288e+15	2.363289e+01	3.182270e+01	2.925117e+16
3004	5.506944e+15	2.307264e+01	3.255444e+01	4.354446e+16
3005	5.507612e+15	2.485240e+01	3.607401e+01	4.362777e+16
3006	5.508241e+15	1.978423e+01	3.148588e+01	3.418700e+16
3007	5.508911e+15	1.909205e+01	3.354848e+01	4.595148e+16
3008	5.509602e+15	1.729050e+01	3.308213e+01	5.754282e+16
3009	5.510323e+15	1.754158e+01	3.463122e+01	5.107004e+16
3010	5.511059e+15	1.983761e+01	3.709588e+01	5.301160e+16
3011	5.511785e+15	2.052348e+01	3.956390e+01	5.577919e+16
3012	5.512474e+15	1.826723e+01	3.701836e+01	4.870404e+16
3013	5.513168e+15	2.299867e+01	4.346768e+01	5.514959e+16
3014	5.513784e+15	2.326343e+01	3.831453e+01	4.811135e+16
3015	5.514392e+15	2.352200e+01	3.782326e+01	5.032726e+16
3016	5.514996e+15	2.544980e+01	3.888355e+01	2.700496e+16
3017	5.515578e+15	2.509119e+01	3.666606e+01	4.696452e+16
3018	5.516164e+15	2.415823e+01	3.578155e+01	3.888584e+16
3019	5.516766e+15	2.559775e+01	3.824367e+01	2.326194e+16
3020	5.517354e+15	2.490433e+01	3.697664e+01	3.544517e+16
3021	5.517941e+15	2.616035e+01	3.750013e+01	5.367141e+16
3022	5.518517e+15	2.524455e+01	3.587664e+01	3.849791e+16
3023	5.519095e+15	2.333906e+01	3.380803e+01	2.290336e+16
3024	5.519700e+15	2.391575e+01	3.539889e+01	3.088551e+16
3025	5.520304e+15	2.204422e+01	3.356624e+01	3.016988e+16
3026	5.520927e+15	2.286487e+01	3.530381e+01	3.234342e+16
3027	5.521538e+15	2.070824e+01	3.346790e+01	2.615991e+16
3028	5.522157e+15	2.206806e+01	3.536538e+01	4.410702e+16
3029	5.522747e+15	1.988749e+01	3.281940e+01	4.304321e+16
3030	5.523334e+15	1.797978e+01	2.772398e+01	1.536718e+16
3031	5.523984e+15	1.993173e+01	3.225135e+01	3.040733e+16
3032	5.524642e+15	2.349969e+01	3.864952e+01	3.915107e+16
3033	5.525228e+15	1.801536e+01	3.139921e+01	3.248616e+16
3034	5.525856e+15	2.246612e+01	3.814011e+01	4.495453e+16
3035	5.526429e+15	1.978818e+01	3.097583e+01	3.762561e+16
3036	5.527050e+15	2.330414e+01	3.533115e+01	3.393052e+16
3037	5.527646e+15	2.082761e+01	3.447360e+01	1.822471e+16
3038	5.528231e+15	1.871804e+01	3.037613e+01	4.794928e+16
3039	5.528868e+15	2.339473e+01	3.543959e+01	5.309161e+16
3040	5.529480e+15	1.984190e+01	3.141269e+01	4.129585e+16
3041	5.530145e+15	2.045729e+01	3.303258e+01	4.777569e+16
3042	5.530849e+15	2.249195e+01	3.847416e+01	4.686171e+16
3043	5.531512e+15	1.876440e+01	3.329056e+01	5.116582e+16
3044	5.532212e+15	2.068585e+01	3.764296e+01	5.251232e+16
3045	5.532880e+15	2.083364e+01	3.788782e+01	4.604331e+16
3046	5.533515e+15	2.082866e+01	3.642120e+01	5.055593e+16
3047	5.534138e+15	2.054861e+01	3.668779e+01	3.197014e+16
3048	5.534755e+15	2.077148e+01	3.660333e+01	4.835566e+16
3049	5.535367e+15	2.090475e+01	3.663431e+01	5.270718e+16
3050	5.535977e+15	2.088699e+01	3.746815e+01	3.505612e+16
3051	5.536588e+15	1.966406e+01	3.582119e+01	4.559234e+16
3052	5.537228e+15	2.093190e+01	3.865018e+01	4.865315e+16
3053	5.537854e+15	2.121027e+01	3.786670e+01	6.417647e+16
3054	5.538470e+15	2.042600e+01	3.685747e+01	5.047780e+16
3055	5.539088e+15	1.945557e+01	3.450491e+01	4.721191e+16
3056	5.539739e+15	2.155879e+01	3.695006e+01	4.858202e+16
3057	5.540379e+15	2.261358e+01	3.713577e+01	5.115188e+16
3058	5.541002e+15	2.213537e+01	3.622302e+01	4.234352e+16
3059	5.541621e+15	2.054204e+01	3.477011e+01	4.864891e+16
3060	5.542258e+15	2.002886e+01	3.604730e+01	3.537958e+16
3061	5.542901e+15	2.019887e+01	3.795828e+01	4.636666e+16
3062	5.543524e+15	2.008732e+01	3.833272e+01	4.373104e+16
3063	5.544136e+15	2.209231e+01	3.998609e+01	6.894674e+16
3064	5.544723e+15	2.097863e+01	3.918731e+01	2.792358e+16
3065	5.545292e+15	2.114641e+01	3.854051e+01	4.843735e+16
3066	5.545851e+15	2.314554e+01	4.016789e+01	4.862640e+16
3067	5.546382e+15	2.310759e+01	3.807251e+01	1.779187e+16
3068	5.546912e+15	2.443677e+01	3.788461e+01	3.409512e+16
3069	5.547440e+15	2.463759e+01	3.865195e+01	3.776256e+16
3070	5.547956e+15	2.282888e+01	3.606587e+01	2.443945e+16
3071	5.548491e+15	2.473869e+01	3.807535e+01	3.780032e+16
3072	5.549022e+15	2.419159e+01	3.614708e+01	2.813727e+16
3073	5.549569e+15	2.352865e+01	3.599772e+01	2.177394e+16
3074	5.550132e+15	2.296645e+01	3.821431e+01	1.977209e+16
3075	5.550688e+15	1.944858e+01	3.361635e+01	3.921724e+16
3076	5.551294e+15	2.387706e+01	3.954200e+01	4.425695e+16
3077	5.551874e+15	2.010761e+01	3.413274e+01	6.091158e+16
3078	5.552494e+15	1.761457e+01	3.332215e+01	4.727241e+16
3079	5.553174e+15	2.161638e+01	4.091080e+01	4.037159e+16
3080	5.553810e+15	2.099430e+01	4.012548e+01	5.520107e+16
3081	5.554415e+15	1.986571e+01	3.803561e+01	5.060075e+16
3082	5.555021e+15	1.941302e+01	3.742974e+01	3.887565e+16
3083	5.555635e+15	2.219733e+01	4.136575e+01	5.231921e+16
3084	5.556208e+15	2.102985e+01	3.834247e+01	3.836341e+16
3085	5.556783e+15	2.215283e+01	3.867579e+01	3.051834e+16
3086	5.557358e+15	2.232853e+01	4.039715e+01	3.377672e+16
3087	5.557917e+15	1.771367e+01	3.409594e+01	3.903106e+16
3088	5.558543e+15	1.646325e+01	3.531810e+01	4.832535e+16
3089	5.559210e+15	1.627245e+01	3.820443e+01	5.300909e+16
3090	5.559886e+15	1.585395e+01	3.804326e+01	3.734636e+16
3091	5.560567e+15	1.611141e+01	4.227394e+01	5.034400e+16
3092	5.561225e+15	1.720799e+01	4.420509e+01	3.955000e+16
3093	5.561844e+15	1.896147e+01	4.500572e+01	4.488548e+16
3094	5.562413e+15	1.816351e+01	3.744843e+01	5.709925e+16
3095	5.563010e+15	1.935639e+01	3.935928e+01	4.648717e+16
3096	5.563597e+15	1.905619e+01	3.838713e+01	3.854449e+16
3097	5.564185e+15	1.552056e+01	2.965533e+01	3.451439e+16
3098	5.564890e+15	1.898784e+01	3.731373e+01	5.407747e+16
3099	5.565598e+15	2.260009e+01	4.152924e+01	3.397709e+16
3100	5.566251e+15	2.161766e+01	4.030775e+01	6.625624e+16
3101	5.566868e+15	2.252188e+01	4.113380e+01	1.722789e+16
3102	5.567445e+15	2.140603e+01	3.722438e+01	1.219244e+16
3103	5.568031e+15	2.241042e+01	3.854846e+01	2.143462e+16
3104	5.568604e+15	2.391215e+01	3.929576e+01	4.685492e+16
3105	5.569154e+15	2.462356e+01	3.836306e+01	4.308679e+16
3106	5.569697e+15	2.514873e+01	3.890959e+01	3.447063e+16
3107	5.570229e+15	2.175711e+01	3.412747e+01	2.742714e+16
3108	5.570807e+15	2.493882e+01	4.050894e+01	4.214151e+16
3109	5.571349e+15	2.306464e+01	3.739675e+01	2.754021e+16
3110	5.571891e+15	2.156277e+01	3.597984e+01	3.119014e+16
3111	5.572452e+15	2.270652e+01	3.872013e+01	5.522434e+16
3112	5.572996e+15	2.156482e+01	3.384984e+01	4.102919e+16
3113	5.573578e+15	2.419770e+01	3.746043e+01	4.112869e+16
3114	5.574155e+15	1.968889e+01	3.194139e+01	2.882569e+16
3115	5.574810e+15	2.649374e+01	4.129586e+01	6.004213e+16
3116	5.575423e+15	2.182055e+01	3.449521e+01	4.611498e+16
3117	5.576104e+15	2.417105e+01	4.105245e+01	6.069268e+16
3118	5.576753e+15	2.521185e+01	4.161021e+01	6.475826e+16
3119	5.577365e+15	2.549217e+01	3.923053e+01	4.056055e+16
3120	5.577971e+15	2.791690e+01	4.174020e+01	5.274531e+16
3121	5.578537e+15	2.456497e+01	3.671567e+01	3.431955e+16
3122	5.579131e+15	2.756601e+01	4.096541e+01	4.703269e+16
3123	5.579704e+15	2.526815e+01	3.788753e+01	3.888964e+16
3124	5.580282e+15	2.803867e+01	4.064788e+01	1.886037e+16
3125	5.580836e+15	2.748665e+01	3.996182e+01	4.675142e+16
3126	5.581378e+15	2.648788e+01	3.752223e+01	3.807432e+16
3127	5.581934e+15	2.561093e+01	3.556046e+01	3.653603e+16
3128	5.582503e+15	2.437207e+01	3.463989e+01	1.792515e+16
3129	5.583099e+15	2.290149e+01	3.558164e+01	2.960680e+16
3130	5.583715e+15	2.260106e+01	3.680313e+01	2.442139e+16
3131	5.584331e+15	2.244950e+01	3.639623e+01	3.462201e+16
3132	5.584956e+15	2.590023e+01	4.013214e+01	3.413999e+16
3133	5.585547e+15	2.372470e+01	3.643220e+01	4.038138e+16
3134	5.586151e+15	2.148581e+01	3.497063e+01	3.175332e+16
3135	5.586784e+15	2.413685e+01	3.793621e+01	3.621862e+16
3136	5.587402e+15	2.198033e+01	3.476897e+01	1.698465e+16
3137	5.588043e+15	2.194666e+01	3.486583e+01	4.197777e+16
3138	5.588700e+15	1.906629e+01	3.151724e+01	3.186873e+16
3139	5.589419e+15	2.238234e+01	3.668998e+01	3.256626e+16
3140	5.590108e+15	1.758233e+01	2.977203e+01	3.422720e+16
3141	5.590876e+15	2.084797e+01	3.629075e+01	4.391124e+16
3142	5.591617e+15	2.068863e+01	3.499449e+01	3.566843e+16
3143	5.592350e+15	2.377408e+01	3.732438e+01	4.881178e+16
3144	5.593010e+15	1.973263e+01	3.038876e+01	5.069087e+16
3145	5.593710e+15	2.343923e+01	3.435496e+01	4.621228e+16
3146	5.594372e+15	2.324476e+01	3.235291e+01	3.722822e+16
3147	5.595021e+15	1.833677e+01	2.579518e+01	2.680267e+16
3148	5.595770e+15	2.041780e+01	2.849128e+01	4.832099e+16
3149	5.596560e+15	2.481981e+01	3.587455e+01	4.291928e+16
3150	5.597261e+15	2.069073e+01	3.056773e+01	3.286783e+16
3151	5.597978e+15	2.164671e+01	3.158774e+01	4.232559e+16
3152	5.598692e+15	2.577764e+01	3.483878e+01	4.504915e+16
3153	5.599346e+15	2.149221e+01	2.967441e+01	4.007836e+16
3154	5.600040e+15	2.364466e+01	3.317112e+01	4.480132e+16
3155	5.600710e+15	2.203565e+01	3.041052e+01	3.254955e+16
3156	5.601390e+15	2.596774e+01	3.356433e+01	4.926054e+16
3157	5.602021e+15	2.478069e+01	3.158521e+01	3.475267e+16
3158	5.602638e+15	2.106130e+01	2.687058e+01	2.876810e+16
3159	5.603324e+15	2.504413e+01	3.165766e+01	5.982559e+16
3160	5.603982e+15	1.917428e+01	2.515471e+01	4.354975e+16
3161	5.604756e+15	2.829780e+01	3.613090e+01	6.486246e+16
3162	5.605442e+15	2.129555e+01	2.655585e+01	5.380200e+16
3163	5.606213e+15	2.366377e+01	3.009322e+01	3.722208e+16
3164	5.606990e+15	2.494930e+01	3.268626e+01	5.765356e+16
3165	5.607735e+15	2.398916e+01	3.248958e+01	5.489859e+16
3166	5.608457e+15	2.327590e+01	3.214025e+01	6.083924e+16
3167	5.609168e+15	2.421733e+01	3.395986e+01	5.773174e+16
3168	5.609844e+15	2.094486e+01	3.011984e+01	3.539997e+16
3169	5.610547e+15	2.386952e+01	3.456064e+01	3.927416e+16
3170	5.611204e+15	2.108625e+01	3.143646e+01	4.879046e+16
3171	5.611865e+15	2.154247e+01	3.207623e+01	3.068934e+16
3172	5.612523e+15	2.029238e+01	3.071616e+01	3.214245e+16
3173	5.613203e+15	1.880853e+01	2.895015e+01	3.296247e+16
3174	5.613937e+15	2.438121e+01	3.457018e+01	3.550229e+16
3175	5.614619e+15	2.435608e+01	3.340762e+01	2.417970e+16
3176	5.615276e+15	2.511444e+01	3.355775e+01	3.079077e+16
3177	5.615909e+15	2.600358e+01	3.506846e+01	3.522753e+16
3178	5.616501e+15	2.594337e+01	3.340899e+01	3.877020e+16
3179	5.617085e+15	2.695416e+01	3.422723e+01	5.035440e+16
3180	5.617651e+15	2.730318e+01	3.474700e+01	3.553023e+16
3181	5.618198e+15	2.482367e+01	3.118590e+01	1.924554e+16
3182	5.618774e+15	2.842940e+01	3.477692e+01	2.829574e+16
3183	5.619321e+15	2.469596e+01	3.134599e+01	2.398195e+16
3184	5.619885e+15	2.544810e+01	3.303276e+01	2.843982e+16
3185	5.620450e+15	2.557526e+01	3.389952e+01	2.626675e+16
3186	5.621014e+15	2.355981e+01	3.208497e+01	3.905974e+16
3187	5.621603e+15	2.620405e+01	3.600241e+01	2.151697e+16
3188	5.622170e+15	2.437037e+01	3.395620e+01	3.228636e+16
3189	5.622749e+15	2.336634e+01	3.364697e+01	4.339404e+16
3190	5.623344e+15	2.488407e+01	3.570321e+01	3.874645e+16
3191	5.623930e+15	2.513726e+01	3.552553e+01	3.558192e+16
3192	5.624507e+15	2.449217e+01	3.361993e+01	2.855526e+16
3193	5.625099e+15	2.585694e+01	3.598389e+01	3.671215e+16
3194	5.625679e+15	2.418049e+01	3.423081e+01	1.632138e+16
3195	5.626265e+15	2.359770e+01	3.347909e+01	2.676251e+16
3196	5.626863e+15	2.385290e+01	3.474005e+01	2.284870e+16
3197	5.627457e+15	2.752775e+01	3.684582e+01	5.140952e+16
3198	5.628010e+15	2.503349e+01	3.106609e+01	4.455974e+16
3199	5.628599e+15	3.876981e+01	4.503273e+01	3.225848e+16
3200	5.629031e+15	3.083908e+01	3.493499e+01	3.521990e+16
3201	5.629491e+15	3.391401e+01	3.750789e+01	2.588417e+16
3202	5.629952e+15	3.446946e+01	3.686613e+01	3.033766e+16
3203	5.630416e+15	3.583545e+01	3.758541e+01	3.219657e+16
3204	5.630885e+15	3.556321e+01	3.619233e+01	4.360609e+16
3205	5.631366e+15	3.198425e+01	3.277908e+01	4.229713e+16
3206	5.631888e+15	3.572061e+01	3.526430e+01	3.283017e+16
3207	5.632410e+15	3.496097e+01	3.351001e+01	4.543947e+16
3208	5.632938e+15	3.582049e+01	3.069137e+01	5.144259e+16
3209	5.633494e+15	3.658822e+01	2.872306e+01	3.972792e+16
3210	5.634098e+15	3.527505e+01	2.820178e+01	2.456530e+16
3211	5.634743e+15	2.989721e+01	2.795618e+01	4.346270e+16
3212	5.635422e+15	2.722458e+01	2.825820e+01	4.221620e+16
3213	5.636135e+15	2.436421e+01	2.955816e+01	3.595404e+16
3214	5.636859e+15	2.336280e+01	3.145719e+01	5.723093e+16
3215	5.637572e+15	2.213802e+01	3.275445e+01	4.590536e+16
3216	5.638268e+15	1.964778e+01	3.184597e+01	6.276116e+16
3217	5.638974e+15	2.043556e+01	3.466406e+01	4.184502e+16
3218	5.639653e+15	1.987780e+01	3.528174e+01	2.970175e+16
3219	5.640303e+15	1.851208e+01	3.412131e+01	2.715342e+16
3220	5.640945e+15	1.900167e+01	3.445814e+01	3.375319e+16
3221	5.641576e+15	1.809732e+01	3.328580e+01	3.394277e+16
3222	5.642214e+15	2.079588e+01	3.633488e+01	5.174140e+16
3223	5.642818e+15	1.996262e+01	3.319843e+01	3.237930e+16
3224	5.643429e+15	1.863580e+01	3.167209e+01	2.029879e+16
3225	5.644068e+15	2.026726e+01	3.496470e+01	2.592547e+16
3226	5.644694e+15	2.038643e+01	3.522742e+01	2.699065e+16
3227	5.645314e+15	1.885981e+01	3.299471e+01	2.546989e+16
3228	5.645956e+15	2.034479e+01	3.512341e+01	3.427355e+16
3229	5.646584e+15	2.021168e+01	3.376526e+01	5.246712e+16
3230	5.647221e+15	2.101263e+01	3.658246e+01	2.603240e+16
3231	5.647833e+15	2.006892e+01	3.473731e+01	3.809398e+16
3232	5.648448e+15	2.247402e+01	3.586024e+01	2.862913e+16
3233	5.649045e+15	2.484136e+01	3.632757e+01	3.337144e+16
3234	5.649618e+15	2.311932e+01	3.309517e+01	3.021064e+16
3235	5.650211e+15	2.603856e+01	3.570590e+01	3.362214e+16
3236	5.650783e+15	2.517124e+01	3.287472e+01	3.892297e+16
3237	5.651368e+15	2.733140e+01	3.360637e+01	3.085180e+16
3238	5.651947e+15	2.816680e+01	3.332947e+01	3.160980e+16
3239	5.652522e+15	2.690572e+01	3.153069e+01	2.001555e+16
3240	5.653112e+15	2.577967e+01	2.823362e+01	3.193768e+16
3241	5.653746e+15	2.993494e+01	3.348665e+01	4.890076e+16
3242	5.654326e+15	2.398677e+01	2.889361e+01	2.673938e+16
3243	5.654934e+15	2.924160e+01	3.522909e+01	5.082669e+16
3244	5.655480e+15	2.417045e+01	2.873285e+01	3.307642e+16
3245	5.656056e+15	2.527910e+01	2.713970e+01	3.821371e+16
3246	5.656661e+15	2.749914e+01	2.877996e+01	4.984885e+16
3247	5.657266e+15	2.876611e+01	2.844788e+01	2.297638e+16
3248	5.657870e+15	2.889121e+01	2.758891e+01	5.668680e+16
3249	5.658491e+15	3.077618e+01	3.047115e+01	2.820975e+16
3250	5.659079e+15	2.643472e+01	2.702810e+01	5.543372e+16
3251	5.659698e+15	3.018249e+01	2.969213e+01	2.908097e+16
3252	5.660295e+15	2.942094e+01	2.924389e+01	4.198747e+16
3253	5.660885e+15	2.849686e+01	3.021891e+01	5.559928e+16
3254	5.661460e+15	2.541634e+01	2.834797e+01	3.230308e+16
3255	5.662054e+15	2.542231e+01	3.091133e+01	3.965327e+16
3256	5.662639e+15	2.484874e+01	3.115529e+01	4.802108e+16
3257	5.663217e+15	2.434416e+01	3.106475e+01	4.972374e+16
3258	5.663792e+15	2.636622e+01	3.183145e+01	5.421330e+16
3259	5.664355e+15	2.647180e+01	3.180251e+01	3.036611e+16
3260	5.664913e+15	2.386320e+01	2.850224e+01	2.059336e+16
3261	5.665521e+15	2.378201e+01	2.870483e+01	3.414427e+16
3262	5.666173e+15	2.332766e+01	2.757273e+01	5.734490e+16
3263	5.666881e+15	2.587900e+01	3.111007e+01	4.601495e+16
3264	5.667578e+15	2.092991e+01	2.517272e+01	3.200501e+16
3265	5.668386e+15	2.774784e+01	3.482386e+01	5.084066e+16
3266	5.669120e+15	2.528791e+01	3.378439e+01	3.435849e+16
3267	5.669840e+15	2.516410e+01	3.521627e+01	6.681422e+16
3268	5.670524e+15	2.337219e+01	3.347236e+01	4.022206e+16
3269	5.671211e+15	2.702547e+01	3.810892e+01	6.109119e+16
3270	5.671842e+15	2.304821e+01	3.334158e+01	3.453143e+16
3271	5.672496e+15	2.324608e+01	3.399258e+01	3.583229e+16
3272	5.673160e+15	2.450071e+01	3.569914e+01	4.068826e+16
3273	5.673798e+15	2.258584e+01	3.200732e+01	4.091877e+16
3274	5.674469e+15	2.597154e+01	3.587274e+01	3.145620e+16
3275	5.675111e+15	2.283040e+01	3.211021e+01	4.355827e+16
3276	5.675777e+15	2.089071e+01	2.978874e+01	4.786248e+16
3277	5.676512e+15	2.572086e+01	3.784791e+01	4.756072e+16
3278	5.677170e+15	2.001693e+01	3.024303e+01	4.042697e+16
3279	5.677889e+15	2.361815e+01	3.812579e+01	4.047427e+16
3280	5.678540e+15	1.964252e+01	3.213777e+01	3.423018e+16
3281	5.679220e+15	1.840332e+01	3.168415e+01	3.278018e+16
3282	5.679951e+15	2.151611e+01	3.702443e+01	3.713259e+16
3283	5.680640e+15	2.289415e+01	3.761775e+01	3.400849e+16
3284	5.681282e+15	1.898349e+01	3.172353e+01	3.725197e+16
3285	5.681966e+15	1.915804e+01	3.351638e+01	5.307360e+16
3286	5.682666e+15	1.914196e+01	3.542360e+01	2.639218e+16
3287	5.683351e+15	2.061767e+01	3.652535e+01	2.941445e+16
3288	5.684006e+15	2.095769e+01	3.529551e+01	4.655746e+16
3289	5.684640e+15	2.034976e+01	3.351721e+01	4.017201e+16
3290	5.685278e+15	2.170005e+01	3.490264e+01	3.516727e+16
3291	5.685896e+15	2.007772e+01	3.253493e+01	3.705264e+16
3292	5.686534e+15	1.967828e+01	3.207910e+01	3.473435e+16
3293	5.687205e+15	2.196383e+01	3.618881e+01	4.084940e+16
3294	5.687844e+15	2.175094e+01	3.518050e+01	4.304275e+16
3295	5.688474e+15	2.106743e+01	3.449282e+01	4.576774e+16
3296	5.689099e+15	1.993407e+01	3.376329e+01	5.319844e+16
3297	5.689719e+15	1.945623e+01	3.294149e+01	4.893429e+16
3298	5.690338e+15	1.833362e+01	3.178127e+01	6.357474e+16
3299	5.690968e+15	1.807984e+01	3.196902e+01	1.987599e+16
3300	5.691603e+15	1.996362e+01	3.526022e+01	3.532404e+16
3301	5.692200e+15	1.897801e+01	3.296821e+01	3.233095e+16
3302	5.692801e+15	2.088739e+01	3.498109e+01	3.760687e+16
3303	5.693377e+15	2.010285e+01	3.203616e+01	3.775640e+16
3304	5.693965e+15	2.169397e+01	3.291879e+01	4.589675e+16
3305	5.694543e+15	2.192638e+01	3.225252e+01	4.023920e+16
3306	5.695107e+15	1.837172e+01	2.690629e+01	4.732626e+16
3307	5.695729e+15	2.040639e+01	2.967939e+01	3.736763e+16
3308	5.696347e+15	1.623689e+01	2.466741e+01	4.326998e+16
3309	5.697057e+15	1.585716e+01	2.675882e+01	3.635647e+16
3310	5.697809e+15	1.753562e+01	3.159557e+01	3.144819e+16
3311	5.698526e+15	1.328930e+01	2.658935e+01	4.916651e+16
3312	5.699332e+15	1.682345e+01	3.375369e+01	4.480137e+16
3313	5.700086e+15	1.864585e+01	3.303277e+01	3.157202e+16
3314	5.700787e+15	1.698114e+01	3.036456e+01	4.078256e+16
3315	5.701506e+15	1.795212e+01	3.019926e+01	4.713140e+16
3316	5.702246e+15	1.866387e+01	3.188431e+01	3.067494e+16
3317	5.702959e+15	1.902660e+01	3.244092e+01	3.497007e+16
3318	5.703643e+15	1.933340e+01	3.198126e+01	1.982693e+16
3319	5.704316e+15	1.809009e+01	3.045061e+01	4.825688e+16
3320	5.705012e+15	1.993913e+01	3.367039e+01	4.283155e+16
3321	5.705681e+15	1.775356e+01	3.186181e+01	5.194024e+16
3322	5.706363e+15	1.760836e+01	3.487435e+01	3.381719e+16
3323	5.707025e+15	1.672911e+01	3.507243e+01	4.232598e+16
3324	5.707680e+15	1.445680e+01	3.281316e+01	6.254860e+16
3325	5.708377e+15	1.546572e+01	3.745790e+01	5.011238e+16
3326	5.709040e+15	1.105847e+01	2.897165e+01	5.720536e+16
3327	5.709820e+15	1.402118e+01	3.607202e+01	5.173643e+16
3328	5.710597e+15	1.513194e+01	3.937778e+01	3.814032e+16
3329	5.711325e+15	1.469944e+01	3.849993e+01	3.798828e+16
3330	5.712019e+15	1.481551e+01	3.833030e+01	7.164214e+16
3331	5.712677e+15	1.335957e+01	3.184705e+01	2.762921e+16
3332	5.713404e+15	1.674003e+01	4.023733e+01	4.795392e+16
3333	5.714060e+15	1.341127e+01	3.237354e+01	3.239781e+16
3334	5.714771e+15	1.479368e+01	3.432770e+01	3.119606e+16
3335	5.715500e+15	1.461746e+01	3.376957e+01	5.394363e+16
3336	5.716251e+15	1.744639e+01	4.060667e+01	4.800018e+16
3337	5.716918e+15	1.482718e+01	3.387880e+01	3.139093e+16
3338	5.717621e+15	1.303946e+01	3.208695e+01	4.097480e+16
3339	5.718386e+15	1.289162e+01	3.387327e+01	5.666157e+16
3340	5.719177e+15	1.389370e+01	3.601206e+01	3.287853e+16
3341	5.719954e+15	1.396128e+01	3.559378e+01	3.548697e+16
3342	5.720719e+15	1.475349e+01	3.558149e+01	5.044276e+16
3343	5.721466e+15	1.529965e+01	3.462053e+01	3.596139e+16
3344	5.722198e+15	1.466298e+01	3.129321e+01	3.556235e+16
3345	5.722972e+15	1.593706e+01	3.503012e+01	3.711445e+16
3346	5.723707e+15	1.538991e+01	3.496400e+01	3.803477e+16
3347	5.724400e+15	1.668002e+01	3.488110e+01	3.922581e+16
3348	5.725035e+15	1.597696e+01	3.249647e+01	4.488855e+16
3349	5.725643e+15	1.642820e+01	3.184712e+01	5.094352e+16
3350	5.726228e+15	1.540039e+01	3.021005e+01	4.520067e+16
3351	5.726815e+15	1.717372e+01	3.178278e+01	4.211481e+16
3352	5.727372e+15	1.622419e+01	2.915254e+01	3.910918e+16
3353	5.727935e+15	1.572561e+01	2.988281e+01	3.289994e+16
3354	5.728495e+15	1.710768e+01	3.172715e+01	3.106887e+16
3355	5.729028e+15	1.544990e+01	2.870083e+01	1.834568e+16
3356	5.729584e+15	1.616287e+01	2.969132e+01	2.900650e+16
3357	5.730150e+15	1.763850e+01	3.031118e+01	2.490385e+16
3358	5.730714e+15	1.623220e+01	2.784613e+01	2.261260e+16
3359	5.731316e+15	1.650080e+01	2.894785e+01	4.574963e+16
3360	5.731928e+15	1.848874e+01	2.944075e+01	2.698890e+16
3361	5.732549e+15	1.859370e+01	3.019203e+01	3.177430e+16
3362	5.733161e+15	1.424728e+01	2.379566e+01	2.929280e+16
3363	5.733896e+15	1.961809e+01	3.361431e+01	3.809829e+16
3364	5.734566e+15	2.083996e+01	3.385344e+01	2.700341e+16
3365	5.735186e+15	1.640464e+01	2.868982e+01	3.225706e+16
3366	5.735845e+15	1.910642e+01	3.181071e+01	2.811168e+16
3367	5.736483e+15	1.822013e+01	2.811271e+01	3.098713e+16
3368	5.737168e+15	2.150169e+01	3.580684e+01	4.812229e+16
3369	5.737781e+15	1.538973e+01	2.714279e+01	3.882075e+16
3370	5.738472e+15	1.700764e+01	3.049563e+01	3.338701e+16
3371	5.739189e+15	1.749026e+01	3.237077e+01	4.542808e+16
3372	5.739899e+15	1.697786e+01	3.492844e+01	3.365475e+16
3373	5.740562e+15	1.493920e+01	2.960711e+01	3.752219e+16
3374	5.741264e+15	1.578588e+01	3.420511e+01	3.752794e+16
3375	5.741927e+15	1.501468e+01	3.306095e+01	3.814506e+16
3376	5.742581e+15	1.350434e+01	3.019895e+01	2.853219e+16
3377	5.743280e+15	1.420651e+01	3.238166e+01	5.606950e+16
3378	5.744004e+15	2.107058e+01	4.361895e+01	4.697192e+16
3379	5.744594e+15	1.603755e+01	2.976286e+01	3.253621e+16
3380	5.745253e+15	1.800853e+01	3.667611e+01	4.105661e+16
3381	5.745878e+15	1.491544e+01	3.045679e+01	5.229801e+16
3382	5.746564e+15	1.775902e+01	3.314960e+01	4.892184e+16
3383	5.747258e+15	1.618669e+01	2.790440e+01	5.431384e+16
3384	5.748024e+15	1.555824e+01	3.123760e+01	5.479584e+16
3385	5.748815e+15	1.442530e+01	3.061691e+01	4.979697e+16
3386	5.749640e+15	1.287223e+01	2.948383e+01	6.392155e+16
3387	5.750526e+15	1.685668e+01	3.846594e+01	7.691825e+16
3388	5.751307e+15	1.548716e+01	3.532749e+01	3.573718e+16
3389	5.752049e+15	1.473619e+01	3.264483e+01	4.175020e+16
3390	5.752798e+15	1.629331e+01	3.334212e+01	4.823030e+16
3391	5.753542e+15	1.726400e+01	3.680240e+01	4.301084e+16
3392	5.754224e+15	1.627005e+01	3.580417e+01	5.427777e+16
3393	5.754868e+15	1.495910e+01	3.309223e+01	3.623481e+16
3394	5.755518e+15	1.695746e+01	3.381733e+01	3.782574e+16
3395	5.756152e+15	1.806570e+01	3.475165e+01	3.357447e+16
3396	5.756744e+15	1.756640e+01	3.175679e+01	3.419052e+16
3397	5.757331e+15	1.680269e+01	2.997457e+01	2.662652e+16
3398	5.757929e+15	1.850519e+01	3.205157e+01	3.209591e+16
3399	5.758494e+15	1.532761e+01	2.610516e+01	2.031674e+16
3400	5.759116e+15	1.534658e+01	2.783679e+01	3.438983e+16
3401	5.759763e+15	1.803569e+01	3.099079e+01	3.425397e+16
3402	5.760384e+15	1.791234e+01	3.245060e+01	1.563538e+16
3403	5.760977e+15	1.682893e+01	3.298677e+01	4.038007e+16
3404	5.761547e+15	1.613737e+01	2.949148e+01	2.752649e+16
3405	5.762155e+15	1.684253e+01	3.102810e+01	1.379376e+16
3406	5.762778e+15	1.634176e+01	3.142430e+01	1.682036e+16
3407	5.763402e+15	1.473001e+01	2.818784e+01	3.027376e+16
3408	5.764074e+15	1.388709e+01	2.806113e+01	1.465590e+16
3409	5.764791e+15	1.573959e+01	3.239217e+01	5.113939e+16
3410	5.765467e+15	1.659975e+01	3.316205e+01	3.015654e+16
3411	5.766103e+15	1.772424e+01	3.243770e+01	4.785675e+16
3412	5.766720e+15	1.703397e+01	2.966402e+01	4.286814e+16
3413	5.767358e+15	1.949148e+01	3.365663e+01	2.232364e+16
3414	5.767953e+15	1.695994e+01	2.877431e+01	3.215089e+16
3415	5.768582e+15	1.752096e+01	2.903542e+01	3.554730e+16
3416	5.769236e+15	1.610859e+01	2.624667e+01	3.234592e+16
3417	5.769960e+15	1.763665e+01	3.173562e+01	3.293331e+16
3418	5.770658e+15	1.715228e+01	3.216767e+01	4.873993e+16
3419	5.771319e+15	1.468276e+01	2.866804e+01	3.504186e+16
3420	5.771997e+15	1.670321e+01	3.061974e+01	4.058535e+16
3421	5.772653e+15	1.840154e+01	3.009609e+01	4.021550e+16
3422	5.773286e+15	1.707311e+01	2.675875e+01	2.137010e+16
3423	5.773948e+15	1.937300e+01	2.986935e+01	3.513776e+16
3424	5.774586e+15	1.907752e+01	2.961999e+01	2.989513e+16
3425	5.775201e+15	1.660881e+01	2.625276e+01	2.612844e+16
3426	5.775854e+15	2.031342e+01	3.222470e+01	4.252452e+16
3427	5.776429e+15	1.389040e+01	2.314007e+01	3.679548e+16
3428	5.777085e+15	1.895019e+01	3.177118e+01	2.238449e+16
3429	5.777659e+15	1.228259e+01	2.093391e+01	3.325076e+16
3430	5.778347e+15	1.651640e+01	2.625431e+01	4.012701e+16
3431	5.779040e+15	1.780528e+01	2.788016e+01	4.487549e+16
3432	5.779711e+15	1.523289e+01	2.509272e+01	5.276327e+16
3433	5.780440e+15	1.638845e+01	3.053004e+01	4.057463e+16
3434	5.781127e+15	1.796919e+01	3.060319e+01	3.796862e+16
3435	5.781779e+15	1.788642e+01	2.907521e+01	3.693699e+16
3436	5.782428e+15	1.859589e+01	3.114094e+01	3.665139e+16
3437	5.783039e+15	1.592600e+01	2.555187e+01	3.618378e+16
3438	5.783710e+15	1.689263e+01	2.739843e+01	3.182849e+16
3439	5.784404e+15	1.937127e+01	3.235326e+01	2.069613e+16
3440	5.785044e+15	1.667251e+01	2.851004e+01	5.110827e+16
3441	5.785713e+15	1.737824e+01	3.146498e+01	3.086243e+16
3442	5.786378e+15	1.740492e+01	3.175085e+01	4.909160e+16
3443	5.787040e+15	1.726454e+01	3.292359e+01	2.904697e+16
3444	5.787689e+15	1.847211e+01	3.417503e+01	2.853107e+16
3445	5.788310e+15	1.723400e+01	3.110696e+01	2.580219e+16
3446	5.788939e+15	1.905990e+01	3.206958e+01	3.204862e+16
3447	5.789562e+15	1.803446e+01	3.134759e+01	2.340831e+16
3448	5.790198e+15	1.703690e+01	3.057507e+01	3.220319e+16
3449	5.790859e+15	1.818754e+01	3.280160e+01	3.303247e+16
3450	5.791517e+15	1.692793e+01	3.239582e+01	3.412438e+16
3451	5.792178e+15	1.704613e+01	3.264810e+01	3.429906e+16
3452	5.792832e+15	1.736620e+01	3.221586e+01	5.036373e+16
3453	5.793468e+15	1.644459e+01	3.106861e+01	3.997721e+16
3454	5.794099e+15	1.708717e+01	3.132570e+01	2.717903e+16
3455	5.794717e+15	1.629002e+01	2.849304e+01	3.443499e+16
3456	5.795348e+15	1.352117e+01	2.585236e+01	3.364587e+16
3457	5.796057e+15	1.930820e+01	3.783290e+01	4.387631e+16
3458	5.796644e+15	1.532950e+01	2.827517e+01	2.298142e+16
3459	5.797262e+15	1.658138e+01	3.233189e+01	3.260498e+16
3460	5.797857e+15	1.615526e+01	3.208446e+01	4.787817e+16
3461	5.798438e+15	1.552204e+01	3.145567e+01	3.416573e+16
3462	5.799018e+15	1.565370e+01	3.214009e+01	4.569069e+16
3463	5.799581e+15	1.537094e+01	3.028449e+01	2.601646e+16
3464	5.800156e+15	1.466662e+01	2.915496e+01	3.233675e+16
3465	5.800752e+15	1.491480e+01	2.919419e+01	3.570744e+16
3466	5.801360e+15	1.429334e+01	2.600423e+01	3.222825e+16
3467	5.802037e+15	1.297273e+01	2.562416e+01	2.248724e+16
3468	5.802815e+15	1.629199e+01	3.339924e+01	4.070724e+16
3469	5.803552e+15	1.760240e+01	3.643179e+01	5.151786e+16
3470	5.804211e+15	1.785831e+01	3.447418e+01	6.581720e+16
3471	5.804837e+15	2.046219e+01	3.327789e+01	3.523961e+16
3472	5.805451e+15	2.247215e+01	3.487027e+01	4.566011e+16
3473	5.806029e+15	2.007016e+01	3.078727e+01	5.245594e+16
3474	5.806632e+15	1.863103e+01	2.839210e+01	3.684755e+16
3475	5.807297e+15	1.928133e+01	3.056600e+01	4.025617e+16
3476	5.807979e+15	1.866585e+01	3.065954e+01	3.738664e+16
3477	5.808672e+15	1.595555e+01	2.804311e+01	1.946679e+16
3478	5.809439e+15	1.610238e+01	3.100559e+01	5.152370e+16
3479	5.810234e+15	1.601924e+01	3.151819e+01	3.861251e+16
3480	5.811058e+15	1.901328e+01	3.668605e+01	6.472214e+16
3481	5.811807e+15	1.697525e+01	3.276719e+01	5.489050e+16
3482	5.812555e+15	1.645842e+01	3.258265e+01	3.420332e+16
3483	5.813313e+15	2.167860e+01	3.920398e+01	3.709111e+16
3484	5.813976e+15	1.950666e+01	3.236689e+01	3.532226e+16
3485	5.814659e+15	2.026986e+01	3.584904e+01	4.061624e+16
3486	5.815319e+15	1.896436e+01	3.478633e+01	2.770351e+16
3487	5.815978e+15	1.633228e+01	2.988500e+01	4.937633e+16
3488	5.816718e+15	2.110115e+01	3.796807e+01	6.741267e+16
3489	5.817402e+15	1.883735e+01	3.303612e+01	4.614628e+16
3490	5.818113e+15	1.716917e+01	3.128246e+01	3.657345e+16
3491	5.818882e+15	1.753116e+01	3.248072e+01	5.092125e+16
3492	5.819693e+15	1.781038e+01	3.683007e+01	6.698161e+16
3493	5.820487e+15	1.672970e+01	3.475180e+01	1.521175e+16
3494	5.821295e+15	2.048197e+01	3.988057e+01	3.235605e+16
3495	5.822023e+15	1.960792e+01	3.609690e+01	4.469559e+16
3496	5.822738e+15	2.022260e+01	3.637325e+01	3.605515e+16
3497	5.823430e+15	2.107923e+01	3.617761e+01	3.625489e+16
3498	5.824098e+15	2.088609e+01	3.538201e+01	2.470185e+16
3499	5.824757e+15	2.206436e+01	3.885939e+01	1.508288e+16
3500	5.825366e+15	1.953322e+01	3.331615e+01	3.071269e+16
3501	5.826006e+15	2.007012e+01	3.475360e+01	1.900496e+16
3502	5.826659e+15	2.086034e+01	3.703582e+01	3.281180e+16
3503	5.827287e+15	2.174198e+01	3.773158e+01	3.558958e+16
3504	5.827883e+15	1.959322e+01	3.379134e+01	2.734107e+16
3505	5.828494e+15	2.192275e+01	3.582521e+01	2.728027e+16
3506	5.829081e+15	2.283606e+01	3.453959e+01	2.557848e+16
3507	5.829655e+15	2.297394e+01	3.353258e+01	3.035135e+16
3508	5.830229e+15	2.209777e+01	3.215946e+01	1.792100e+16
3509	5.830816e+15	2.019038e+01	2.915091e+01	4.052199e+16
3510	5.831459e+15	2.425436e+01	3.434334e+01	3.597624e+16
3511	5.832073e+15	2.317090e+01	3.367202e+01	4.545957e+16
3512	5.832661e+15	1.955951e+01	2.857338e+01	2.879188e+16
3513	5.833299e+15	2.142756e+01	3.007177e+01	3.229569e+16
3514	5.833959e+15	2.372530e+01	3.102679e+01	5.722222e+16
3515	5.834609e+15	2.100017e+01	2.695251e+01	3.370341e+16
3516	5.835310e+15	2.741911e+01	3.493164e+01	4.559475e+16
3517	5.835914e+15	2.200033e+01	2.591542e+01	2.628152e+16
3518	5.836578e+15	2.265823e+01	2.642199e+01	2.788990e+16
3519	5.837280e+15	2.406579e+01	2.930050e+01	4.181549e+16
3520	5.837964e+15	2.226769e+01	2.505711e+01	3.488589e+16
3521	5.838663e+15	2.178188e+01	2.454655e+01	3.322745e+16
3522	5.839386e+15	2.614994e+01	2.845062e+01	2.273705e+16
3523	5.840025e+15	2.319022e+01	2.445865e+01	2.509316e+16
3524	5.840665e+15	2.750497e+01	2.601851e+01	3.035474e+16
3525	5.841279e+15	2.714255e+01	2.450891e+01	3.439064e+16
3526	5.841901e+15	2.587620e+01	2.342148e+01	3.930078e+16
3527	5.842548e+15	2.436310e+01	2.140272e+01	2.326984e+16
3528	5.843263e+15	2.702350e+01	2.345162e+01	3.273167e+16
3529	5.843968e+15	2.927565e+01	2.387297e+01	4.030357e+16
3530	5.844637e+15	2.702336e+01	2.186649e+01	5.118216e+16
3531	5.845324e+15	2.632933e+01	2.111827e+01	3.104250e+16
3532	5.846046e+15	2.649177e+01	2.266823e+01	4.096986e+16
3533	5.846792e+15	2.630543e+01	2.535113e+01	4.094119e+16
3534	5.847530e+15	2.633802e+01	2.587982e+01	3.867800e+16
3535	5.848238e+15	2.723517e+01	2.580333e+01	4.221222e+16
3536	5.848916e+15	2.724544e+01	2.539053e+01	3.506247e+16
3537	5.849580e+15	2.862684e+01	2.527098e+01	3.370718e+16
3538	5.850233e+15	2.676359e+01	2.431265e+01	2.987231e+16
3539	5.850897e+15	2.883281e+01	2.707742e+01	5.416083e+16
3540	5.851529e+15	2.277316e+01	2.203466e+01	2.925262e+16
3541	5.852232e+15	2.461160e+01	2.454981e+01	2.323773e+16
3542	5.852924e+15	2.584201e+01	2.557542e+01	3.680900e+16
3543	5.853577e+15	2.270085e+01	2.387063e+01	3.515323e+16
3544	5.854244e+15	2.512428e+01	2.643902e+01	2.359575e+16
3545	5.854857e+15	2.356948e+01	2.262632e+01	3.630602e+16
3546	5.855479e+15	2.409802e+01	2.396603e+01	3.128940e+16
3547	5.856077e+15	1.917151e+01	1.986091e+01	3.250873e+16
3548	5.856745e+15	2.239890e+01	2.309438e+01	3.814253e+16
3549	5.857410e+15	2.154039e+01	2.339711e+01	4.681525e+16
3550	5.858081e+15	2.333428e+01	2.705266e+01	3.022671e+16
3551	5.858686e+15	1.901979e+01	2.173779e+01	3.429142e+16
3552	5.859336e+15	2.032227e+01	2.384848e+01	2.757279e+16
3553	5.859966e+15	1.987438e+01	2.217924e+01	3.870664e+16
3554	5.860595e+15	2.381026e+01	2.517710e+01	3.906991e+16
3555	5.861170e+15	1.999812e+01	2.081424e+01	2.502841e+16
3556	5.861785e+15	1.754119e+01	2.025100e+01	2.801379e+16
3557	5.862465e+15	1.735254e+01	2.117272e+01	2.381104e+16
3558	5.863172e+15	1.779155e+01	2.353335e+01	3.769542e+16
3559	5.863879e+15	1.992453e+01	2.728940e+01	2.781552e+16
3560	5.864509e+15	1.630181e+01	2.285075e+01	3.616338e+16
3561	5.865171e+15	1.536255e+01	2.277163e+01	2.919641e+16
3562	5.865857e+15	1.528800e+01	2.376044e+01	4.548905e+16
3563	5.866552e+15	1.956168e+01	2.801156e+01	3.517463e+16
3564	5.867164e+15	1.523486e+01	2.190984e+01	2.686108e+16
3565	5.867821e+15	1.566683e+01	2.480227e+01	5.652764e+16
3566	5.868466e+15	1.508008e+01	2.474996e+01	3.097102e+16
3567	5.869109e+15	1.291904e+01	2.276755e+01	3.179230e+16
3568	5.869803e+15	1.465181e+01	2.616380e+01	3.667008e+16
3569	5.870489e+15	1.474495e+01	2.822553e+01	2.862791e+16
3570	5.871141e+15	1.419944e+01	2.764116e+01	3.185991e+16
3571	5.871774e+15	1.658639e+01	3.046008e+01	3.373735e+16
3572	5.872351e+15	1.753693e+01	2.771916e+01	3.124947e+16
3573	5.872916e+15	1.617599e+01	2.488694e+01	2.659113e+16
3574	5.873515e+15	1.778046e+01	2.827074e+01	1.397782e+16
3575	5.874086e+15	1.361758e+01	2.177391e+01	2.172692e+16
3576	5.874752e+15	1.773916e+01	2.958864e+01	3.246568e+16
3577	5.875359e+15	1.203916e+01	2.160679e+01	3.365586e+16
3578	5.876071e+15	1.268125e+01	2.601908e+01	3.730249e+16
3579	5.876782e+15	1.378023e+01	2.908546e+01	3.684400e+16
3580	5.877443e+15	1.427741e+01	2.924944e+01	3.228303e+16
3581	5.878063e+15	1.546218e+01	3.045280e+01	2.592456e+16
3582	5.878637e+15	1.581414e+01	2.998714e+01	2.202261e+16
3583	5.879182e+15	1.498163e+01	2.870788e+01	2.282869e+16
3584	5.879729e+15	1.664037e+01	2.956584e+01	1.404308e+16
3585	5.880260e+15	1.484324e+01	2.568953e+01	2.636426e+16
3586	5.880839e+15	1.614853e+01	3.035049e+01	1.438045e+16
3587	5.881403e+15	1.490156e+01	2.827072e+01	2.348170e+16
3588	5.881991e+15	1.688819e+01	3.206008e+01	2.947745e+16
3589	5.882544e+15	1.733390e+01	3.175766e+01	3.087458e+16
3590	5.883066e+15	1.562449e+01	2.775120e+01	1.927886e+16
3591	5.883610e+15	1.679140e+01	2.903990e+01	1.575940e+16
3592	5.884143e+15	1.674352e+01	2.906815e+01	2.099179e+16
3593	5.884661e+15	1.669564e+01	2.653077e+01	2.985708e+16
3594	5.885208e+15	1.885569e+01	2.853173e+01	2.809402e+16
3595	5.885751e+15	1.766818e+01	2.733828e+01	1.634624e+16
3596	5.886309e+15	1.538378e+01	2.480696e+01	2.375121e+16
3597	5.886921e+15	1.669059e+01	2.743845e+01	2.923219e+16
3598	5.887527e+15	1.833275e+01	2.877014e+01	4.015749e+16
3599	5.888094e+15	1.734506e+01	2.743243e+01	1.794611e+16
3600	5.888675e+15	2.021230e+01	3.232767e+01	2.464701e+16
3601	5.889201e+15	1.594061e+01	2.554463e+01	2.104146e+16
3602	5.889790e+15	1.861965e+01	3.014325e+01	3.760223e+16
3603	5.890371e+15	1.914232e+01	3.020273e+01	3.090082e+16
3604	5.890941e+15	1.701367e+01	2.684260e+01	2.748296e+16
3605	5.891553e+15	1.841397e+01	2.899064e+01	1.742734e+16
3606	5.892164e+15	1.906797e+01	2.826939e+01	3.297681e+16
3607	5.892777e+15	1.846730e+01	2.741329e+01	2.617966e+16
3608	5.893406e+15	2.080859e+01	2.793089e+01	5.078989e+16
3609	5.894026e+15	2.096488e+01	2.730481e+01	3.561286e+16
3610	5.894650e+15	2.083004e+01	2.690007e+01	2.887726e+16
3611	5.895291e+15	2.191676e+01	2.847415e+01	3.156039e+16
3612	5.895917e+15	2.147730e+01	2.798959e+01	3.880207e+16
3613	5.896541e+15	2.134364e+01	2.841566e+01	5.001324e+16
3614	5.897161e+15	2.286322e+01	3.044476e+01	2.470524e+16
3615	5.897747e+15	2.270964e+01	2.977404e+01	3.177102e+16
3616	5.898311e+15	2.077545e+01	2.751238e+01	3.055679e+16
3617	5.898897e+15	2.256770e+01	2.999115e+01	2.193981e+16
3618	5.899455e+15	2.097230e+01	2.795954e+01	2.795550e+16
3619	5.900014e+15	2.176081e+01	2.872646e+01	9.612533e+15
3620	5.900565e+15	2.250408e+01	2.795760e+01	2.065235e+16
3621	5.901116e+15	2.226018e+01	2.760982e+01	2.022096e+16
3622	5.901679e+15	2.059581e+01	2.713677e+01	3.879557e+16
3623	5.902264e+15	1.897416e+01	2.647755e+01	2.724038e+16
3624	5.902887e+15	2.032106e+01	2.928717e+01	1.939524e+16
3625	5.903497e+15	1.876423e+01	2.645669e+01	3.212603e+16
3626	5.904142e+15	1.959062e+01	2.878716e+01	3.528394e+16
3627	5.904780e+15	1.975187e+01	2.903393e+01	3.558719e+16
3628	5.905412e+15	1.831431e+01	2.844154e+01	1.985410e+16
3629	5.906055e+15	1.837592e+01	2.784258e+01	2.973682e+16
3630	5.906719e+15	1.869745e+01	2.983041e+01	2.925415e+16
3631	5.907379e+15	1.639120e+01	2.692060e+01	3.855761e+16
3632	5.908085e+15	1.779445e+01	3.063600e+01	2.923748e+16
3633	5.908759e+15	1.640343e+01	2.701841e+01	3.924231e+16
3634	5.909458e+15	1.543617e+01	2.672390e+01	5.542312e+16
3635	5.910185e+15	1.832775e+01	3.194007e+01	3.987194e+16
3636	5.910838e+15	1.683018e+01	2.843060e+01	2.626252e+16
3637	5.911490e+15	1.575395e+01	2.690788e+01	2.204537e+16
3638	5.912166e+15	1.756552e+01	2.982380e+01	4.086425e+16
3639	5.912810e+15	1.467021e+01	2.429560e+01	2.508212e+16
3640	5.913523e+15	1.730061e+01	2.881948e+01	3.173568e+16
3641	5.914211e+15	1.731460e+01	2.966027e+01	3.211165e+16
3642	5.914873e+15	1.735240e+01	3.027996e+01	2.554566e+16
3643	5.915496e+15	1.693107e+01	2.846930e+01	2.318007e+16
3644	5.916109e+15	1.773027e+01	2.873697e+01	2.758180e+16
3645	5.916710e+15	1.749996e+01	2.681203e+01	3.187129e+16
3646	5.917314e+15	1.688142e+01	2.476342e+01	3.683852e+16
3647	5.917951e+15	1.784353e+01	2.601290e+01	5.788916e+16
3648	5.918583e+15	1.435521e+01	2.212341e+01	2.667302e+16
3649	5.919289e+15	1.681386e+01	2.596460e+01	4.263443e+16
3650	5.919975e+15	1.502531e+01	2.425063e+01	1.827318e+16
3651	5.920688e+15	1.495587e+01	2.569705e+01	4.169487e+16
3652	5.921391e+15	1.771873e+01	2.903253e+01	4.265122e+16
3653	5.922014e+15	1.702289e+01	2.562432e+01	1.733839e+16
3654	5.922634e+15	1.712585e+01	2.616543e+01	2.776227e+16
3655	5.923239e+15	1.325586e+01	2.113174e+01	1.408606e+16
3656	5.923936e+15	1.549446e+01	2.439969e+01	2.235487e+16
3657	5.924631e+15	1.355632e+01	2.311632e+01	3.865090e+16
3658	5.925360e+15	1.408215e+01	2.509134e+01	4.001152e+16
3659	5.926078e+15	1.507925e+01	2.775051e+01	2.799047e+16
3660	5.926730e+15	1.426109e+01	2.605871e+01	2.864412e+16
3661	5.927362e+15	1.614845e+01	2.890879e+01	2.722308e+16
3662	5.927941e+15	1.576790e+01	2.766307e+01	3.359690e+16
3663	5.928500e+15	1.499792e+01	2.686976e+01	4.201859e+16
3664	5.929063e+15	1.356853e+01	2.547991e+01	3.742425e+16
3665	5.929657e+15	1.372986e+01	2.633380e+01	4.617991e+16
3666	5.930270e+15	1.438704e+01	2.750780e+01	3.359811e+16
3667	5.930881e+15	1.322384e+01	2.541118e+01	2.970983e+16
3668	5.931528e+15	1.417341e+01	2.747837e+01	2.877139e+16
3669	5.932170e+15	1.428895e+01	2.706252e+01	3.464415e+16
3670	5.932812e+15	1.282337e+01	2.355181e+01	3.309408e+16
3671	5.933518e+15	1.311424e+01	2.352198e+01	3.454022e+16
3672	5.934268e+15	1.606965e+01	2.967045e+01	3.719202e+16
3673	5.934939e+15	1.208369e+01	2.242155e+01	4.079625e+16
3674	5.935703e+15	1.363218e+01	2.842509e+01	6.287426e+16
3675	5.936412e+15	1.366943e+01	2.861909e+01	4.222369e+16
3676	5.937078e+15	1.243275e+01	2.455775e+01	2.608607e+16
3677	5.937798e+15	1.333734e+01	2.681736e+01	2.886713e+16
3678	5.938516e+15	1.306289e+01	2.712113e+01	4.464369e+16
3679	5.939222e+15	1.127015e+01	2.422239e+01	3.124200e+16
3680	5.939982e+15	1.181494e+01	2.569729e+01	2.452180e+16
3681	5.940764e+15	1.227796e+01	2.709233e+01	3.472207e+16
3682	5.941525e+15	9.967137e+00	2.163271e+01	2.597143e+16
3683	5.942390e+15	1.115845e+01	2.584414e+01	3.841117e+16
3684	5.943249e+15	1.052864e+01	2.561034e+01	2.620485e+16
3685	5.944116e+15	1.015519e+01	2.522886e+01	3.722141e+16
3686	5.944986e+15	1.114364e+01	2.745447e+01	4.167947e+16
3687	5.945790e+15	9.766037e+00	2.317818e+01	2.413448e+16
3688	5.946653e+15	1.298123e+01	2.918163e+01	8.084592e+16
3689	5.947416e+15	1.054683e+01	2.375368e+01	4.109839e+16
3690	5.948229e+15	1.268367e+01	2.511165e+01	4.902768e+16
3691	5.949041e+15	1.236510e+01	2.493515e+01	4.061785e+16
3692	5.949846e+15	1.247012e+01	2.408534e+01	5.438321e+16
3693	5.950666e+15	1.382077e+01	2.389758e+01	4.664403e+16
3694	5.951495e+15	1.455914e+01	2.459842e+01	5.264229e+16
3695	5.952298e+15	1.652484e+01	2.591923e+01	4.494622e+16
3696	5.953035e+15	1.486304e+01	2.170453e+01	3.728863e+16
3697	5.953822e+15	1.845708e+01	2.706803e+01	4.899361e+16
3698	5.954521e+15	1.727506e+01	2.647572e+01	4.004249e+16
3699	5.955161e+15	1.426759e+01	2.221831e+01	4.271198e+16
3700	5.955843e+15	1.333755e+01	2.074621e+01	3.528115e+16
3701	5.956581e+15	1.511289e+01	2.356223e+01	4.099751e+16
3702	5.957313e+15	1.755185e+01	2.622966e+01	5.437730e+16
3703	5.957983e+15	1.704458e+01	2.448962e+01	3.753790e+16
3704	5.958643e+15	1.874636e+01	2.679912e+01	4.033447e+16
3705	5.959259e+15	1.605402e+01	2.243964e+01	2.129519e+16
3706	5.959935e+15	1.835249e+01	2.600676e+01	3.705764e+16
3707	5.960596e+15	1.779445e+01	2.584659e+01	2.247913e+16
3708	5.961256e+15	1.683190e+01	2.569543e+01	3.089572e+16
3709	5.961916e+15	1.620301e+01	2.473285e+01	4.045499e+16
3710	5.962585e+15	1.633968e+01	2.552108e+01	2.990148e+16
3711	5.963238e+15	1.773382e+01	2.682899e+01	3.035569e+16
3712	5.963854e+15	1.658648e+01	2.359841e+01	3.041202e+16
3713	5.964505e+15	1.674241e+01	2.446320e+01	3.145619e+16
3714	5.965184e+15	1.534024e+01	2.436650e+01	2.307990e+16
3715	5.965902e+15	1.452885e+01	2.607207e+01	2.029121e+16
3716	5.966625e+15	1.431090e+01	2.657872e+01	1.649180e+16
3717	5.967347e+15	1.417644e+01	2.691528e+01	2.441993e+16
3718	5.968066e+15	1.429747e+01	2.761096e+01	4.195230e+16
3719	5.968772e+15	1.318216e+01	2.656504e+01	3.713962e+16
3720	5.969499e+15	1.501573e+01	3.099979e+01	2.671793e+16
3721	5.970179e+15	1.396973e+01	2.952530e+01	4.459725e+16
3722	5.970868e+15	1.337264e+01	3.001124e+01	5.066317e+16
3723	5.971571e+15	1.466028e+01	3.330385e+01	4.181631e+16
3724	5.972230e+15	1.452502e+01	3.184443e+01	3.965824e+16
3725	5.972872e+15	1.442145e+01	3.063653e+01	4.386628e+16
3726	5.973508e+15	1.342386e+01	2.916039e+01	2.735809e+16
3727	5.974155e+15	1.436590e+01	3.021303e+01	1.121640e+16
3728	5.974789e+15	1.365475e+01	2.794123e+01	1.865709e+16
3729	5.975445e+15	1.205352e+01	2.331421e+01	1.872493e+16
3730	5.976215e+15	1.515060e+01	3.111771e+01	2.035927e+16
3731	5.976964e+15	1.320639e+01	2.840072e+01	3.276426e+16
3732	5.977760e+15	1.380463e+01	3.072226e+01	2.958164e+16
3733	5.978544e+15	1.697209e+01	3.471077e+01	5.461599e+16
3734	5.979245e+15	1.321857e+01	2.705286e+01	5.363425e+16
3735	5.980038e+15	1.847597e+01	3.943390e+01	6.206404e+16
3736	5.980698e+15	1.522315e+01	2.937337e+01	3.537711e+16
3737	5.981389e+15	1.648730e+01	3.089321e+01	4.997622e+16
3738	5.982076e+15	1.966814e+01	3.395814e+01	5.778306e+16
3739	5.982692e+15	1.471975e+01	2.527564e+01	3.782700e+16
3740	5.983373e+15	1.690468e+01	2.957884e+01	5.557491e+16
3741	5.984033e+15	1.475414e+01	2.416239e+01	3.049059e+16
3742	5.984772e+15	1.650090e+01	2.863227e+01	3.610216e+16
3743	5.985489e+15	1.910702e+01	3.062734e+01	2.456352e+16
3744	5.986138e+15	1.396005e+01	2.158819e+01	3.887622e+16
3745	5.986905e+15	2.228615e+01	3.355272e+01	5.581029e+16
3746	5.987535e+15	1.602953e+01	2.382582e+01	2.613810e+16
3747	5.988222e+15	1.575279e+01	2.681918e+01	4.236246e+16
3748	5.988888e+15	1.551531e+01	2.670766e+01	5.062260e+16
3749	5.989524e+15	1.192562e+01	2.185514e+01	2.418421e+16
3750	5.990217e+15	1.390407e+01	2.548685e+01	4.275254e+16
3751	5.990888e+15	1.602091e+01	2.757929e+01	2.590986e+16
3752	5.991504e+15	1.339332e+01	2.155457e+01	1.619686e+16
3753	5.992214e+15	1.539124e+01	2.628019e+01	2.119912e+16
3754	5.992925e+15	1.613721e+01	2.783773e+01	3.219317e+16
3755	5.993606e+15	1.540596e+01	2.719871e+01	2.870207e+16
3756	5.994278e+15	1.643259e+01	2.819176e+01	3.387263e+16
3757	5.994922e+15	1.836286e+01	2.736809e+01	3.075708e+16
3758	5.995542e+15	1.963874e+01	2.735194e+01	4.241483e+16
3759	5.996137e+15	2.004343e+01	2.809711e+01	3.160290e+16
3760	5.996706e+15	1.484027e+01	2.169893e+01	2.588046e+16
3761	5.997374e+15	2.034437e+01	3.023058e+01	2.620036e+16
3762	5.997978e+15	1.760335e+01	2.568256e+01	2.146163e+16
3763	5.998610e+15	1.555237e+01	2.486768e+01	2.701662e+16
3764	5.999295e+15	1.791049e+01	2.875883e+01	1.575609e+16
3765	5.999953e+15	1.606698e+01	2.636278e+01	3.505339e+16
3766	6.000627e+15	1.842685e+01	2.739346e+01	2.107009e+16
3767	6.001297e+15	1.554688e+01	2.388197e+01	3.254558e+16
3768	6.002038e+15	1.417631e+01	2.397069e+01	2.670408e+16
3769	6.002859e+15	2.143731e+01	3.550526e+01	5.623696e+16
3770	6.003524e+15	1.492261e+01	2.467555e+01	3.480248e+16
3771	6.004267e+15	1.651182e+01	2.863151e+01	3.014315e+16
3772	6.005001e+15	1.924361e+01	3.308749e+01	6.129264e+16
3773	6.005645e+15	1.682920e+01	2.814246e+01	4.835751e+16
3774	6.006295e+15	1.708757e+01	2.783705e+01	2.795845e+16
3775	6.006940e+15	1.823668e+01	2.642929e+01	4.368514e+16
3776	6.007571e+15	1.942876e+01	2.697774e+01	3.685979e+16
3777	6.008173e+15	2.145696e+01	2.569489e+01	3.379073e+16
3778	6.008761e+15	1.962842e+01	2.243413e+01	3.358939e+16
3779	6.009408e+15	2.288365e+01	2.637337e+01	5.168590e+16
3780	6.010041e+15	2.161406e+01	2.564220e+01	3.088094e+16
3781	6.010670e+15	2.074337e+01	2.586220e+01	3.960290e+16
3782	6.011282e+15	2.040059e+01	2.584416e+01	1.899359e+16
3783	6.011880e+15	1.718970e+01	2.247376e+01	3.940314e+16
3784	6.012500e+15	1.854474e+01	2.684916e+01	2.633202e+16
3785	6.013075e+15	1.679244e+01	2.532957e+01	2.018819e+16
3786	6.013645e+15	1.689038e+01	2.563103e+01	4.048339e+16
3787	6.014208e+15	1.668057e+01	2.497519e+01	4.158151e+16
3788	6.014780e+15	1.650266e+01	2.418890e+01	2.462072e+16
3789	6.015365e+15	1.364124e+01	1.845559e+01	1.563147e+16
3790	6.016067e+15	1.779439e+01	2.379659e+01	3.071603e+16
3791	6.016743e+15	1.876304e+01	2.408268e+01	3.563260e+16
3792	6.017383e+15	1.797027e+01	2.291046e+01	3.974626e+16
3793	6.018012e+15	1.828073e+01	2.212567e+01	2.668093e+16
3794	6.018614e+15	1.762504e+01	2.214616e+01	4.369399e+16
3795	6.019204e+15	1.348290e+01	1.709485e+01	1.995315e+16
3796	6.019912e+15	1.854356e+01	2.551752e+01	4.002606e+16
3797	6.020534e+15	1.541034e+01	2.006524e+01	3.087560e+16
3798	6.021199e+15	1.651556e+01	2.206136e+01	3.933787e+16
3799	6.021862e+15	2.020875e+01	2.619729e+01	3.256936e+16
3800	6.022432e+15	1.830566e+01	2.312223e+01	3.199516e+16
3801	6.022984e+15	1.398780e+01	1.788401e+01	2.159783e+16
3802	6.023637e+15	2.001033e+01	2.811608e+01	3.545761e+16
3803	6.024178e+15	1.631734e+01	2.140424e+01	1.846422e+16
3804	6.024743e+15	1.792788e+01	2.410077e+01	4.296376e+16
3805	6.025283e+15	1.639311e+01	2.315581e+01	2.467998e+16
3806	6.025823e+15	1.369879e+01	2.056109e+01	1.490913e+16
3807	6.026410e+15	1.477399e+01	2.299496e+01	1.783064e+16
3808	6.026990e+15	1.392342e+01	2.221476e+01	2.227318e+16
3809	6.027585e+15	1.398141e+01	2.248451e+01	2.656222e+16
3810	6.028186e+15	1.337198e+01	2.183831e+01	2.937650e+16
3811	6.028807e+15	1.479597e+01	2.394346e+01	3.306947e+16
3812	6.029406e+15	1.425707e+01	2.362101e+01	2.669921e+16
3813	6.029995e+15	1.336569e+01	2.102410e+01	1.414620e+16
3814	6.030633e+15	1.449235e+01	2.288435e+01	2.564582e+16
3815	6.031273e+15	1.320636e+01	2.160086e+01	2.606223e+16
3816	6.031936e+15	1.289114e+01	2.249310e+01	2.727493e+16
3817	6.032591e+15	1.306194e+01	2.154354e+01	1.854027e+16
3818	6.033260e+15	1.323562e+01	2.138472e+01	4.719949e+16
3819	6.033943e+15	1.197452e+01	2.012422e+01	2.759929e+16
3820	6.034674e+15	1.083249e+01	1.736051e+01	2.835435e+16
3821	6.035487e+15	1.130465e+01	2.006878e+01	3.651531e+16
3822	6.036287e+15	9.788325e+00	1.972984e+01	4.174826e+16
3823	6.037092e+15	1.074496e+01	2.115248e+01	4.485307e+16
3824	6.037864e+15	1.051424e+01	2.176005e+01	2.195456e+16
3825	6.038611e+15	8.624619e+00	2.117026e+01	3.929513e+16
3826	6.039378e+15	9.208711e+00	2.370270e+01	3.214436e+16
3827	6.040105e+15	8.856861e+00	1.995725e+01	2.652839e+16
3828	6.040888e+15	8.146839e+00	2.169364e+01	3.504475e+16
3829	6.041697e+15	8.624283e+00	2.596216e+01	5.783528e+16
3830	6.042431e+15	9.032671e+00	2.571958e+01	4.340620e+16
3831	6.043116e+15	8.954671e+00	2.451901e+01	3.651430e+16
3832	6.043789e+15	9.930010e+00	2.561307e+01	4.536533e+16
3833	6.044443e+15	1.061754e+01	2.713078e+01	3.557961e+16
3834	6.045058e+15	1.099188e+01	2.604978e+01	2.208817e+16
3835	6.045677e+15	1.165362e+01	2.738055e+01	2.766301e+16
3836	6.046280e+15	1.100022e+01	2.554750e+01	4.369348e+16
3837	6.046903e+15	1.303614e+01	2.881476e+01	2.264636e+16
3838	6.047494e+15	1.318728e+01	2.684003e+01	5.010793e+16
3839	6.048100e+15	1.369092e+01	2.655680e+01	2.546720e+16
3840	6.048732e+15	1.448127e+01	2.755920e+01	1.916998e+16
3841	6.049365e+15	1.453472e+01	2.760325e+01	2.870308e+16
3842	6.049995e+15	1.366635e+01	2.517513e+01	2.535632e+16
3843	6.050674e+15	1.362918e+01	2.616465e+01	3.958594e+16
3844	6.051375e+15	1.323138e+01	2.734839e+01	2.564327e+16
3845	6.052063e+15	1.500828e+01	2.932924e+01	3.987063e+16
3846	6.052733e+15	1.347450e+01	2.769828e+01	3.584443e+16
3847	6.053425e+15	1.345970e+01	2.904474e+01	4.524435e+16
3848	6.054102e+15	1.449914e+01	3.176425e+01	5.416100e+16
3849	6.054731e+15	1.431475e+01	2.776511e+01	3.675267e+16
3850	6.055391e+15	1.546861e+01	2.959001e+01	3.808373e+16
3851	6.056036e+15	1.673265e+01	3.054391e+01	2.793790e+16
3852	6.056650e+15	1.608021e+01	2.870476e+01	2.782481e+16
3853	6.057257e+15	1.620522e+01	2.820632e+01	3.351781e+16
3854	6.057861e+15	1.531187e+01	2.502263e+01	1.979886e+16
3855	6.058504e+15	1.619037e+01	2.596570e+01	3.191458e+16
3856	6.059148e+15	1.590539e+01	2.447265e+01	2.750245e+16
3857	6.059852e+15	1.876477e+01	3.129298e+01	2.418811e+16
3858	6.060484e+15	1.448721e+01	2.430588e+01	1.805900e+16
3859	6.061191e+15	1.549881e+01	2.782075e+01	3.469543e+16
3860	6.061886e+15	1.466752e+01	2.657009e+01	4.066679e+16
3861	6.062587e+15	1.541865e+01	2.705384e+01	2.904482e+16
3862	6.063276e+15	1.529572e+01	2.640293e+01	3.448933e+16
3863	6.063963e+15	1.559635e+01	2.703382e+01	4.794598e+16
3864	6.064634e+15	1.557510e+01	2.673608e+01	3.079085e+16
3865	6.065296e+15	1.558844e+01	2.607714e+01	3.244299e+16
3866	6.065962e+15	1.506162e+01	2.548410e+01	3.380746e+16
3867	6.066636e+15	1.579471e+01	2.852812e+01	3.143798e+16
3868	6.067258e+15	1.140922e+01	2.009716e+01	3.789167e+16
3869	6.068004e+15	1.410013e+01	2.694912e+01	3.642775e+16
3870	6.068709e+15	1.047793e+01	2.013537e+01	4.251813e+16
3871	6.069547e+15	1.380201e+01	2.830439e+01	4.031800e+16
3872	6.070284e+15	1.032354e+01	2.058536e+01	4.649930e+16
3873	6.071145e+15	1.348153e+01	2.711054e+01	5.598762e+16
3874	6.071977e+15	1.138353e+01	2.595309e+01	6.789943e+16
3875	6.072824e+15	9.662046e+00	2.510175e+01	4.650639e+16
3876	6.073708e+15	1.013049e+01	2.857180e+01	6.419619e+16
3877	6.074529e+15	1.070488e+01	2.938796e+01	3.266950e+16
3878	6.075288e+15	1.056611e+01	2.856596e+01	3.361884e+16
3879	6.076010e+15	1.040090e+01	2.722655e+01	6.430830e+16
3880	6.076717e+15	1.242709e+01	2.764394e+01	3.663625e+16
3881	6.077403e+15	1.424679e+01	2.825237e+01	3.892052e+16
3882	6.078057e+15	1.401945e+01	2.576652e+01	3.830761e+16
3883	6.078742e+15	1.502127e+01	2.666494e+01	2.870024e+16
3884	6.079450e+15	1.606753e+01	3.077459e+01	4.951828e+16
3885	6.080097e+15	1.400426e+01	2.770586e+01	2.897258e+16
3886	6.080762e+15	1.204782e+01	2.555033e+01	4.251375e+16
3887	6.081499e+15	1.400054e+01	3.132395e+01	3.429508e+16
3888	6.082183e+15	1.333968e+01	2.943193e+01	2.162194e+16
3889	6.082857e+15	1.334899e+01	2.683661e+01	3.922294e+16
3890	6.083581e+15	1.465397e+01	2.898782e+01	5.004092e+16
3891	6.084304e+15	1.289681e+01	2.806406e+01	2.945422e+16
3892	6.085056e+15	1.307373e+01	2.959609e+01	4.338797e+16
3893	6.085807e+15	1.336882e+01	2.956181e+01	5.355546e+16
3894	6.086563e+15	1.209856e+01	3.063795e+01	3.157415e+16
3895	6.087318e+15	1.152488e+01	3.076207e+01	5.710438e+16
3896	6.088074e+15	1.133848e+01	3.058131e+01	3.238319e+16
3897	6.088848e+15	1.066377e+01	3.093782e+01	4.161449e+16
3898	6.089633e+15	1.055938e+01	3.349098e+01	2.280319e+16
3899	6.090390e+15	1.003002e+01	3.557523e+01	3.921365e+16
3900	6.091100e+15	1.006225e+01	3.565027e+01	4.427379e+16
3901	6.091771e+15	1.037728e+01	3.377345e+01	4.066611e+16
3902	6.092433e+15	1.165880e+01	3.451477e+01	2.305565e+16
3903	6.093073e+15	1.253368e+01	3.446492e+01	3.280695e+16
3904	6.093686e+15	1.452909e+01	3.495244e+01	3.128138e+16
3905	6.094265e+15	1.206195e+01	2.523323e+01	3.282355e+16
3906	6.094959e+15	1.319206e+01	3.075196e+01	3.500393e+16
3907	6.095658e+15	1.356216e+01	3.086757e+01	4.511272e+16
3908	6.096366e+15	1.144898e+01	2.577587e+01	4.727949e+16
3909	6.097194e+15	1.652909e+01	3.763560e+01	4.571046e+16
3910	6.097897e+15	1.297425e+01	2.755008e+01	2.778164e+16
3911	6.098679e+15	1.457653e+01	3.231577e+01	5.838068e+16
3912	6.099431e+15	1.398312e+01	3.309317e+01	4.636196e+16
3913	6.100154e+15	1.208529e+01	3.016765e+01	4.485536e+16
3914	6.100906e+15	1.339746e+01	3.174427e+01	4.212931e+16
3915	6.101637e+15	1.636488e+01	3.518320e+01	5.299905e+16
3916	6.102282e+15	1.526018e+01	2.754256e+01	3.615085e+16
3917	6.102962e+15	1.658999e+01	3.016585e+01	4.081297e+16
3918	6.103621e+15	1.686675e+01	3.028029e+01	3.217323e+16
3919	6.104243e+15	1.565561e+01	2.880285e+01	5.543140e+16
3920	6.104850e+15	1.607221e+01	2.790685e+01	3.769116e+16
3921	6.105454e+15	1.745204e+01	2.827534e+01	1.583545e+16
3922	6.106039e+15	1.818194e+01	2.790692e+01	2.961372e+16
3923	6.106603e+15	1.816867e+01	2.667959e+01	2.412462e+16
3924	6.107175e+15	2.003311e+01	2.768383e+01	3.200604e+16
3925	6.107736e+15	2.125522e+01	2.847684e+01	2.322926e+16
3926	6.108277e+15	1.997833e+01	2.569739e+01	2.828227e+16
3927	6.108854e+15	2.183594e+01	2.800368e+01	3.558615e+16
3928	6.109433e+15	2.348595e+01	2.932809e+01	2.319576e+16
3929	6.109996e+15	2.332158e+01	2.882603e+01	3.361147e+16
3930	6.110558e+15	2.217836e+01	2.923782e+01	3.153251e+16
3931	6.111107e+15	1.967387e+01	2.575836e+01	2.667360e+16
3932	6.111704e+15	2.218773e+01	2.926357e+01	1.683089e+16
3933	6.112280e+15	2.062513e+01	2.650887e+01	3.398155e+16
3934	6.112888e+15	2.388947e+01	3.159695e+01	3.564444e+16
3935	6.113440e+15	1.900453e+01	2.687451e+01	2.876214e+16
3936	6.114029e+15	2.286160e+01	3.311461e+01	5.249785e+16
3937	6.114561e+15	4.252157e+01	5.705991e+01	3.111375e+16
3938	6.114852e+15	2.638300e+01	3.315063e+01	8.856387e+15
3939	6.115138e+15	2.833220e+01	3.345548e+01	2.693329e+16
3940	6.115416e+15	2.498017e+01	2.697479e+01	2.489288e+16
3941	6.115737e+15	2.554831e+01	2.739374e+01	1.329085e+16
3942	6.116090e+15	2.264083e+01	2.765230e+01	2.341190e+16
3943	6.116471e+15	2.259814e+01	2.899182e+01	2.174369e+16
3944	6.116867e+15	1.855038e+01	2.424375e+01	3.383784e+16
3945	6.117336e+15	1.840220e+01	2.521549e+01	2.275619e+16
3946	6.117862e+15	1.807474e+01	2.516841e+01	1.941510e+16
3947	6.118449e+15	1.720382e+01	2.546921e+01	1.442184e+16
3948	6.119102e+15	1.747111e+01	2.924391e+01	2.464611e+16
3949	6.119755e+15	1.373651e+01	2.357427e+01	3.997398e+16
3950	6.120538e+15	1.777750e+01	3.438272e+01	2.509070e+16
3951	6.121231e+15	1.400762e+01	2.827937e+01	3.928399e+16
3952	6.121960e+15	1.414487e+01	3.093274e+01	4.791055e+16
3953	6.122665e+15	1.217261e+01	2.742339e+01	2.525491e+16
3954	6.123403e+15	1.496632e+01	3.314249e+01	4.503992e+16
3955	6.124057e+15	1.510597e+01	3.081947e+01	2.357789e+16
3956	6.124678e+15	1.447521e+01	2.577771e+01	2.961155e+16
3957	6.125359e+15	1.468299e+01	2.763323e+01	3.485995e+16
3958	6.126052e+15	1.239418e+01	2.667138e+01	3.396088e+16
3959	6.126795e+15	1.191796e+01	2.745245e+01	4.552789e+16
3960	6.127573e+15	1.252155e+01	2.976802e+01	4.734624e+16
3961	6.128323e+15	1.352266e+01	2.942933e+01	5.231705e+16
3962	6.129064e+15	1.645538e+01	2.970486e+01	5.273098e+16
3963	6.129776e+15	1.739466e+01	2.821904e+01	3.689375e+16
3964	6.130487e+15	1.559350e+01	2.831252e+01	4.618273e+16
3965	6.131185e+15	1.613074e+01	3.054037e+01	2.801990e+16
3966	6.131832e+15	1.339916e+01	2.760757e+01	5.926845e+16
3967	6.132481e+15	1.479567e+01	3.019118e+01	5.584075e+16
3968	6.133093e+15	1.405821e+01	2.694896e+01	4.932846e+16
3969	6.133731e+15	1.449206e+01	2.730620e+01	3.702306e+16
3970	6.134387e+15	1.787947e+01	3.188418e+01	6.780334e+16
3971	6.134986e+15	1.543026e+01	2.563350e+01	3.430060e+16
3972	6.135629e+15	1.670680e+01	2.683885e+01	3.592637e+16
3973	6.136284e+15	1.757132e+01	2.801604e+01	3.648826e+16
3974	6.136911e+15	1.777028e+01	2.581629e+01	4.006528e+16
3975	6.137556e+15	2.078911e+01	2.889041e+01	4.854798e+16
3976	6.138167e+15	1.840128e+01	2.471952e+01	3.674296e+16
3977	6.138832e+15	1.885932e+01	2.608209e+01	3.353089e+16
3978	6.139529e+15	1.831329e+01	2.654991e+01	5.106203e+16
3979	6.140252e+15	1.719117e+01	2.580771e+01	3.342184e+16
3980	6.141035e+15	1.895232e+01	3.093045e+01	5.290692e+16
3981	6.141773e+15	2.059337e+01	3.377434e+01	3.484632e+16
3982	6.142420e+15	1.786752e+01	2.958858e+01	3.098184e+16
3983	6.143065e+15	1.822435e+01	3.031005e+01	4.277920e+16
3984	6.143699e+15	1.866561e+01	3.224797e+01	3.714095e+16
3985	6.144284e+15	1.692384e+01	2.984382e+01	1.477376e+16
3986	6.144864e+15	1.693829e+01	2.864213e+01	2.819505e+16
3987	6.145466e+15	1.974701e+01	3.208399e+01	3.099372e+16
3988	6.146039e+15	1.689799e+01	2.692679e+01	3.905055e+16
3989	6.146665e+15	2.040641e+01	3.315971e+01	3.128016e+16
3990	6.147249e+15	1.561401e+01	2.572875e+01	5.057364e+16
3991	6.147916e+15	1.976349e+01	3.193159e+01	5.047524e+16
3992	6.148552e+15	1.860583e+01	2.986912e+01	3.800980e+16
3993	6.149185e+15	1.375888e+01	2.777656e+01	3.426846e+16
3994	6.149882e+15	1.523049e+01	3.326277e+01	2.350770e+16
3995	6.150524e+15	1.387350e+01	3.091745e+01	2.754773e+16
3996	6.151142e+15	1.308110e+01	2.502698e+01	4.042253e+16
3997	6.151844e+15	1.367446e+01	2.755494e+01	2.966773e+16
3998	6.152597e+15	1.639797e+01	3.392645e+01	3.840791e+16
3999	6.153273e+15	1.562293e+01	3.034784e+01	2.634208e+16
4000	6.153948e+15	1.411893e+01	2.807335e+01	3.553244e+16
4001	6.154663e+15	1.497591e+01	3.037239e+01	3.560305e+16
4002	6.155351e+15	1.473595e+01	3.023539e+01	2.559893e+16
4003	6.156020e+15	1.579170e+01	2.885313e+01	3.671409e+16
4004	6.156703e+15	1.609526e+01	2.916982e+01	3.755525e+16
4005	6.157399e+15	1.522499e+01	2.948808e+01	5.489026e+16
4006	6.158099e+15	1.409522e+01	2.911528e+01	4.549617e+16
4007	6.158818e+15	1.477966e+01	2.956477e+01	4.119615e+16
4008	6.159540e+15	1.456922e+01	2.953928e+01	3.310080e+16
4009	6.160265e+15	1.251241e+01	2.407757e+01	3.530822e+16
4010	6.161082e+15	1.256528e+01	2.628915e+01	2.845592e+16
4011	6.161966e+15	1.392279e+01	3.131788e+01	5.470099e+16
4012	6.162794e+15	1.344237e+01	3.086120e+01	4.856905e+16
4013	6.163577e+15	1.282727e+01	3.007348e+01	3.696121e+16
4014	6.164360e+15	1.267319e+01	3.219190e+01	3.987002e+16
4015	6.165095e+15	1.349056e+01	3.476882e+01	3.401728e+16
4016	6.165758e+15	1.290943e+01	3.347598e+01	3.661532e+16
4017	6.166403e+15	1.243299e+01	3.295194e+01	3.700177e+16
4018	6.167059e+15	1.378617e+01	3.739128e+01	4.485715e+16
4019	6.167666e+15	1.489153e+01	3.631172e+01	5.012461e+16
4020	6.168256e+15	1.488231e+01	3.356158e+01	2.948246e+16
4021	6.168851e+15	1.569664e+01	3.193775e+01	5.241519e+16
4022	6.169437e+15	1.557560e+01	3.034909e+01	3.300070e+16
4023	6.170037e+15	1.721036e+01	3.181906e+01	2.496711e+16
4024	6.170637e+15	1.746878e+01	3.398167e+01	3.584012e+16
4025	6.171215e+15	1.715560e+01	3.217819e+01	3.244556e+16
4026	6.171798e+15	1.613092e+01	2.889640e+01	4.246332e+16
4027	6.172442e+15	1.988167e+01	3.493658e+01	3.449612e+16
4028	6.173048e+15	1.798963e+01	2.938375e+01	3.168790e+16
4029	6.173709e+15	2.013448e+01	2.982204e+01	3.693581e+16
4030	6.174418e+15	2.278794e+01	3.908862e+01	6.062537e+16
4031	6.175016e+15	1.591662e+01	2.564731e+01	4.392808e+16
4032	6.175730e+15	2.024051e+01	3.469842e+01	5.510486e+16
4033	6.176391e+15	1.618385e+01	2.895127e+01	3.493837e+16
4034	6.177108e+15	1.521607e+01	2.888215e+01	5.434488e+16
4035	6.177886e+15	1.816284e+01	3.452788e+01	4.323806e+16
4036	6.178616e+15	1.680693e+01	3.039358e+01	5.525960e+16
4037	6.179379e+15	1.659133e+01	3.041719e+01	4.805388e+16
4038	6.180164e+15	1.616286e+01	3.023532e+01	3.938106e+16
4039	6.180974e+15	1.462248e+01	2.936372e+01	3.643151e+16
4040	6.181831e+15	1.635861e+01	3.459338e+01	5.247994e+16
4041	6.182639e+15	1.650234e+01	3.400721e+01	6.101377e+16
4042	6.183442e+15	1.711915e+01	3.666095e+01	4.692519e+16
4043	6.184199e+15	1.564297e+01	3.407785e+01	3.572765e+16
4044	6.184953e+15	1.793969e+01	3.865138e+01	5.098589e+16
4045	6.185637e+15	1.453417e+01	3.184520e+01	5.187584e+16
4046	6.186371e+15	1.840891e+01	4.029058e+01	3.468414e+16
4047	6.187027e+15	1.428733e+01	3.202313e+01	5.346579e+16
4048	6.187738e+15	1.614751e+01	3.730397e+01	5.252189e+16
4049	6.188419e+15	1.692137e+01	3.715536e+01	4.537033e+16
4050	6.189074e+15	1.478240e+01	3.246419e+01	2.796138e+16
4051	6.189754e+15	1.629755e+01	3.507743e+01	3.968227e+16
4052	6.190419e+15	1.655121e+01	3.497586e+01	2.931022e+16
4053	6.191071e+15	1.545712e+01	3.351122e+01	3.804112e+16
4054	6.191736e+15	1.497108e+01	3.282058e+01	3.258497e+16
4055	6.192432e+15	1.510567e+01	3.374377e+01	5.058746e+16
4056	6.193144e+15	1.436070e+01	3.147897e+01	4.121498e+16
4057	6.193901e+15	1.457138e+01	3.380656e+01	6.345000e+16
4058	6.194662e+15	1.499407e+01	3.497217e+01	3.149961e+16
4059	6.195411e+15	1.327590e+01	3.261891e+01	6.456647e+16
4060	6.196192e+15	1.432786e+01	3.455871e+01	4.494796e+16
4061	6.196970e+15	1.396867e+01	3.406998e+01	5.044419e+16
4062	6.197738e+15	1.263227e+01	3.312387e+01	4.726207e+16
4063	6.198534e+15	1.477038e+01	3.693141e+01	4.047566e+16
4064	6.199294e+15	1.545235e+01	3.521130e+01	4.101923e+16
4065	6.200023e+15	1.516619e+01	3.312400e+01	4.678516e+16
4066	6.200757e+15	1.635241e+01	3.545029e+01	4.414482e+16
4067	6.201456e+15	1.240156e+01	2.663700e+01	2.498745e+16
4068	6.202294e+15	1.572298e+01	3.324236e+01	4.636807e+16
4069	6.203142e+15	1.427227e+01	3.119185e+01	4.729129e+16
4070	6.204052e+15	1.299058e+01	2.941486e+01	4.289214e+16
4071	6.205093e+15	1.631375e+01	4.053430e+01	3.175456e+16
4072	6.206014e+15	1.717666e+01	3.918746e+01	4.813762e+16
4073	6.206861e+15	1.713875e+01	3.579249e+01	3.973494e+16
4074	6.207702e+15	2.009803e+01	3.992738e+01	5.076143e+16
4075	6.208454e+15	1.653382e+01	3.047426e+01	1.903778e+16
4076	6.209285e+15	1.871488e+01	3.195814e+01	2.921578e+16
4077	6.210161e+15	2.374523e+01	4.016449e+01	3.185953e+16
4078	6.210915e+15	1.796848e+01	3.218535e+01	3.482156e+16
4079	6.211700e+15	2.008246e+01	3.614012e+01	4.156844e+16
4080	6.212436e+15	2.008543e+01	3.574289e+01	2.761562e+16
4081	6.213126e+15	1.688116e+01	2.970293e+01	3.057816e+16
4082	6.213861e+15	1.941203e+01	3.336332e+01	2.815390e+16
4083	6.214560e+15	1.704217e+01	2.762737e+01	3.508403e+16
4084	6.215317e+15	2.204214e+01	3.446340e+01	5.208550e+16
4085	6.215993e+15	1.595466e+01	2.478307e+01	2.308602e+16
4086	6.216773e+15	1.856536e+01	2.970232e+01	4.116950e+16
4087	6.217550e+15	1.957468e+01	2.878327e+01	3.868859e+16
4088	6.218314e+15	1.801284e+01	2.545573e+01	3.796734e+16
4089	6.219137e+15	2.146741e+01	3.181587e+01	4.250030e+16
4090	6.219863e+15	1.398049e+01	2.385984e+01	3.432864e+16
4091	6.220662e+15	1.804643e+01	2.914531e+01	3.533963e+16
4092	6.221386e+15	1.708243e+01	2.543741e+01	4.069422e+16
4093	6.222107e+15	1.635862e+01	2.491900e+01	3.416670e+16
4094	6.222829e+15	1.742095e+01	2.695208e+01	4.046695e+16
4095	6.223513e+15	1.445153e+01	2.099159e+01	2.987668e+16
4096	6.224317e+15	1.991582e+01	2.679540e+01	5.987028e+16
4097	6.225092e+15	2.043805e+01	2.667342e+01	2.849455e+16
4098	6.225840e+15	2.016671e+01	2.550831e+01	5.043887e+16
4099	6.226619e+15	2.401176e+01	2.955868e+01	4.715361e+16
4100	6.227341e+15	2.433737e+01	2.737825e+01	4.333631e+16
4101	6.228050e+15	2.260809e+01	2.532043e+01	4.071052e+16
4102	6.228791e+15	2.856521e+01	3.131663e+01	5.042951e+16
4103	6.229449e+15	2.482477e+01	2.643264e+01	2.620131e+16
4104	6.230126e+15	2.403959e+01	2.657810e+01	3.387306e+16
4105	6.230822e+15	2.103141e+01	2.539501e+01	3.737596e+16
4106	6.231562e+15	1.866431e+01	2.463937e+01	4.244864e+16
4107	6.232356e+15	1.900091e+01	2.722654e+01	3.971549e+16
4108	6.233137e+15	1.829612e+01	2.655983e+01	4.314972e+16
4109	6.233919e+15	1.909326e+01	2.615967e+01	4.586656e+16
4110	6.234702e+15	2.032561e+01	2.868087e+01	3.486868e+16
4111	6.235447e+15	2.091771e+01	2.793846e+01	2.899074e+16
4112	6.236181e+15	2.348161e+01	3.050151e+01	3.284589e+16
4113	6.236852e+15	2.181029e+01	2.875804e+01	5.283971e+16
4114	6.237493e+15	2.300946e+01	2.986872e+01	2.768720e+16
4115	6.238089e+15	2.182675e+01	2.805304e+01	2.905560e+16
4116	6.238678e+15	2.438540e+01	2.964522e+01	3.690513e+16
4117	6.239229e+15	2.217821e+01	2.649208e+01	4.101888e+16
4118	6.239795e+15	2.379122e+01	2.892685e+01	3.583186e+16
4119	6.240336e+15	1.978480e+01	2.429951e+01	2.289232e+16
4120	6.240923e+15	2.184484e+01	2.719623e+01	3.642583e+16
4121	6.241499e+15	1.984835e+01	2.430313e+01	2.404549e+16
4122	6.242111e+15	1.811494e+01	2.286543e+01	3.897315e+16
4123	6.242787e+15	1.858175e+01	2.494372e+01	4.596257e+16
4124	6.243466e+15	1.601052e+01	2.208063e+01	3.520922e+16
4125	6.244209e+15	1.950884e+01	2.756269e+01	4.923617e+16
4126	6.244922e+15	1.851648e+01	2.685617e+01	2.939334e+16
4127	6.245630e+15	1.719754e+01	2.663751e+01	4.121746e+16
4128	6.246340e+15	1.846212e+01	2.849645e+01	5.578069e+16
4129	6.247009e+15	1.655116e+01	2.720331e+01	4.459204e+16
4130	6.247670e+15	1.555679e+01	2.686709e+01	2.966447e+16
4131	6.248326e+15	1.419679e+01	2.596405e+01	3.375399e+16
4132	6.248991e+15	1.664712e+01	2.848074e+01	2.415079e+16
4133	6.249607e+15	1.516276e+01	2.453045e+01	2.524323e+16
4134	6.250244e+15	1.493311e+01	2.436198e+01	4.819586e+16
4135	6.250891e+15	1.605780e+01	2.435846e+01	2.548362e+16
4136	6.251546e+15	1.765378e+01	2.491969e+01	3.959709e+16
4137	6.252194e+15	1.709325e+01	2.323340e+01	2.608381e+16
4138	6.252874e+15	1.673127e+01	2.288747e+01	2.400586e+16
4139	6.253582e+15	1.642336e+01	2.294055e+01	4.004634e+16
4140	6.254321e+15	1.686688e+01	2.474915e+01	3.569601e+16
4141	6.255059e+15	1.666527e+01	2.391522e+01	3.382452e+16
4142	6.255812e+15	1.585662e+01	2.409337e+01	2.302721e+16
4143	6.256584e+15	1.739334e+01	2.717313e+01	3.617128e+16
4144	6.257318e+15	1.669877e+01	2.827466e+01	3.166123e+16
4145	6.258036e+15	1.646316e+01	3.040222e+01	6.068491e+16
4146	6.258697e+15	1.625679e+01	3.081138e+01	2.285754e+16
4147	6.259301e+15	1.684597e+01	2.879824e+01	3.363380e+16
4148	6.259899e+15	1.878630e+01	2.862892e+01	3.552749e+16
4149	6.260498e+15	1.940379e+01	2.993384e+01	4.472181e+16
4150	6.261079e+15	1.853984e+01	3.053274e+01	3.415035e+16
4151	6.261636e+15	1.703459e+01	2.902350e+01	2.863754e+16
4152	6.262195e+15	1.756748e+01	2.920485e+01	3.427970e+16
4153	6.262760e+15	1.695132e+01	3.031105e+01	3.286126e+16
4154	6.263321e+15	1.429853e+01	2.486646e+01	3.316412e+16
4155	6.263971e+15	1.570091e+01	2.988709e+01	4.392295e+16
4156	6.264629e+15	1.814268e+01	3.609683e+01	3.303806e+16
4157	6.265204e+15	1.369347e+01	2.916283e+01	3.183151e+16
4158	6.265805e+15	3.482999e+01	6.969347e+01	3.465849e+16
4159	6.266098e+15	2.134639e+01	3.491614e+01	2.307309e+16
4160	6.266389e+15	2.346456e+01	3.512029e+01	1.754972e+16
4161	6.266674e+15	2.036485e+01	2.903593e+01	2.319265e+16
4162	6.267002e+15	2.504951e+01	3.647665e+01	1.146719e+16
4163	6.267313e+15	1.978664e+01	2.739229e+01	1.764993e+16
4164	6.267686e+15	2.443684e+01	3.394665e+01	1.459532e+16
4165	6.268055e+15	1.793539e+01	2.663047e+01	1.783802e+16
4166	6.268498e+15	1.654450e+01	2.751627e+01	2.470054e+16
4167	6.269005e+15	1.738983e+01	2.941010e+01	1.887945e+16
4168	6.269545e+15	1.535750e+01	2.537316e+01	3.104680e+16
4169	6.270193e+15	1.283428e+01	2.507169e+01	3.433419e+16
4170	6.270971e+15	1.180740e+01	2.720488e+01	2.697800e+16
4171	6.271841e+15	1.375075e+01	3.318950e+01	3.378407e+16
4172	6.272675e+15	1.446153e+01	3.469027e+01	4.287454e+16
4173	6.273446e+15	1.422143e+01	3.239455e+01	4.813385e+16
4174	6.274209e+15	1.541852e+01	3.414928e+01	4.352303e+16
4175	6.274927e+15	1.439227e+01	3.155177e+01	3.019282e+16
4176	6.275644e+15	1.595750e+01	3.254501e+01	4.441423e+16
4177	6.276342e+15	1.753071e+01	3.222178e+01	5.547580e+16
4178	6.277019e+15	1.839440e+01	3.176940e+01	2.829958e+16
4179	6.277686e+15	1.727847e+01	2.827224e+01	3.914445e+16
4180	6.278402e+15	2.008733e+01	3.118193e+01	5.094842e+16
4181	6.279113e+15	2.225138e+01	3.240024e+01	3.333555e+16
4182	6.279801e+15	2.010924e+01	2.874042e+01	3.146275e+16
4183	6.280540e+15	2.265023e+01	3.121944e+01	3.204950e+16
4184	6.281268e+15	2.458482e+01	3.282918e+01	1.562798e+16
4185	6.281952e+15	2.109264e+01	2.799001e+01	3.515107e+16
4186	6.282680e+15	2.508749e+01	3.263359e+01	5.556074e+16
4187	6.283359e+15	2.193860e+01	2.891431e+01	4.019174e+16
4188	6.284058e+15	2.002896e+01	2.869929e+01	3.456113e+16
4189	6.284797e+15	2.178107e+01	3.166804e+01	4.539825e+16
4190	6.285511e+15	2.027595e+01	3.104070e+01	3.090789e+16
4191	6.286208e+15	1.713068e+01	2.728107e+01	4.530629e+16
4192	6.286965e+15	1.942261e+01	3.031046e+01	4.955424e+16
4193	6.287723e+15	1.662449e+01	2.782596e+01	2.723216e+16
4194	6.288530e+15	1.616662e+01	2.773835e+01	4.562136e+16
4195	6.289376e+15	1.708377e+01	3.001626e+01	4.852907e+16
4196	6.290200e+15	1.741894e+01	3.096806e+01	3.444657e+16
4197	6.290988e+15	1.537074e+01	2.809220e+01	3.202210e+16
4198	6.291814e+15	1.560956e+01	2.891963e+01	3.288484e+16
4199	6.292663e+15	1.635355e+01	3.068115e+01	5.226537e+16
4200	6.293486e+15	1.311314e+01	2.495372e+01	5.066904e+16
4201	6.294397e+15	1.589234e+01	3.085146e+01	6.194926e+16
4202	6.295262e+15	1.462169e+01	2.941135e+01	6.008924e+16
4203	6.296134e+15	1.487280e+01	3.222967e+01	5.521055e+16
4204	6.296969e+15	1.569669e+01	3.363206e+01	5.936925e+16
4205	6.297761e+15	1.291744e+01	2.911670e+01	5.171809e+16
4206	6.298621e+15	1.218372e+01	3.095020e+01	3.097669e+16
4207	6.299522e+15	1.285796e+01	3.419004e+01	4.663258e+16
4208	6.300399e+15	1.457527e+01	3.863872e+01	6.931537e+16
4209	6.301170e+15	1.279198e+01	3.364766e+01	3.633203e+16
4210	6.301934e+15	1.414243e+01	3.576304e+01	3.012792e+16
4211	6.302662e+15	1.408478e+01	3.475172e+01	4.942329e+16
4212	6.303368e+15	1.489001e+01	3.540857e+01	2.405227e+16
4213	6.304046e+15	1.305565e+01	3.063325e+01	2.501365e+16
4214	6.304771e+15	1.555147e+01	3.622713e+01	3.318078e+16
4215	6.305447e+15	1.605094e+01	3.426632e+01	2.975326e+16
4216	6.306112e+15	1.428990e+01	3.026581e+01	4.070858e+16
4217	6.306828e+15	1.479052e+01	3.102711e+01	4.695555e+16
4218	6.307580e+15	1.600455e+01	3.281897e+01	4.152784e+16
4219	6.308316e+15	1.659170e+01	3.209963e+01	2.491188e+16
4220	6.309041e+15	1.556419e+01	2.942947e+01	3.450459e+16
4221	6.309811e+15	1.667299e+01	3.121565e+01	2.550313e+16
4222	6.310596e+15	1.662971e+01	3.373190e+01	3.354842e+16
4223	6.311345e+15	1.613122e+01	3.306240e+01	3.863249e+16
4224	6.312080e+15	1.548447e+01	3.083097e+01	4.121429e+16
4225	6.312840e+15	1.642417e+01	3.231887e+01	3.617758e+16
4226	6.313588e+15	1.451850e+01	2.712372e+01	3.553443e+16
4227	6.314421e+15	1.669583e+01	3.109546e+01	3.737350e+16
4228	6.315259e+15	1.860595e+01	3.299490e+01	3.659787e+16
4229	6.316065e+15	1.832432e+01	3.206401e+01	3.395155e+16
4230	6.316858e+15	2.073274e+01	3.463152e+01	3.065592e+16
4231	6.317585e+15	2.090571e+01	3.066500e+01	3.014854e+16
4232	6.318288e+15	1.979453e+01	2.955037e+01	3.107190e+16
4233	6.318988e+15	2.175892e+01	3.069003e+01	1.960888e+16
4234	6.319656e+15	1.831269e+01	2.417064e+01	2.925346e+16
4235	6.320421e+15	2.483537e+01	3.230303e+01	4.190509e+16
4236	6.321121e+15	2.226649e+01	2.939051e+01	2.993350e+16
4237	6.321826e+15	2.258023e+01	3.064609e+01	4.754853e+16
4238	6.322521e+15	2.240754e+01	3.131985e+01	4.845195e+16
4239	6.323186e+15	2.257806e+01	3.090695e+01	4.119303e+16
4240	6.323826e+15	2.376387e+01	3.108232e+01	2.613631e+16
4241	6.324434e+15	2.398485e+01	2.892171e+01	3.442796e+16
4242	6.325043e+15	2.524111e+01	3.008463e+01	3.397938e+16
4243	6.325630e+15	2.412151e+01	2.915849e+01	3.991774e+16
4244	6.326217e+15	2.333005e+01	2.859301e+01	2.754790e+16
4245	6.326819e+15	2.219525e+01	2.747142e+01	4.370550e+16
4246	6.327450e+15	2.283725e+01	2.796526e+01	3.396381e+16
4247	6.328092e+15	2.469570e+01	2.947712e+01	3.188120e+16
4248	6.328708e+15	2.401114e+01	2.765183e+01	1.466227e+16
4249	6.329334e+15	2.252098e+01	2.645783e+01	2.952895e+16
4250	6.329991e+15	2.439833e+01	2.867064e+01	3.619557e+16
4251	6.330631e+15	2.304435e+01	2.678564e+01	3.511572e+16
4252	6.331286e+15	4.817796e+01	5.127556e+01	3.136263e+16
4253	6.331662e+15	3.078174e+01	3.559253e+01	8.487894e+15
4254	6.331997e+15	2.879720e+01	3.261152e+01	1.005425e+16
4255	6.332318e+15	2.840108e+01	3.255208e+01	1.966010e+16
4256	6.332628e+15	3.035511e+01	3.260433e+01	1.813235e+16
4257	6.332924e+15	3.031593e+01	2.919953e+01	2.187285e+16
4258	6.333237e+15	3.245109e+01	3.082732e+01	1.153139e+16
4259	6.333554e+15	3.174172e+01	2.803801e+01	1.288295e+16
4260	6.333892e+15	3.463528e+01	2.812224e+01	7.392891e+15
4261	6.334235e+15	3.312314e+01	2.999340e+01	1.971026e+16
4262	6.334596e+15	3.500432e+01	3.286034e+01	1.021605e+16
4263	6.334949e+15	3.314842e+01	3.398665e+01	2.005012e+16
4264	6.335280e+15	3.332241e+01	3.410645e+01	1.663627e+16
4265	6.335586e+15	3.130085e+01	3.154551e+01	1.400651e+16
4266	6.335887e+15	3.429039e+01	3.367210e+01	1.811224e+16
4267	6.336170e+15	3.443937e+01	3.161734e+01	1.673992e+16
4268	6.336449e+15	3.332077e+01	2.928655e+01	1.490528e+16
4269	6.336737e+15	3.225110e+01	2.903486e+01	1.082200e+16
4270	6.337038e+15	3.046628e+01	2.572133e+01	1.326430e+16
4271	6.337376e+15	3.063969e+01	2.644076e+01	1.767828e+16
4272	6.337740e+15	2.597710e+01	2.370174e+01	1.653956e+16
4273	6.338166e+15	2.320805e+01	2.368703e+01	2.667939e+16
4274	6.338658e+15	2.014394e+01	2.198332e+01	1.607520e+16
4275	6.339248e+15	1.835236e+01	2.172707e+01	1.589719e+16
4276	6.339955e+15	1.696454e+01	2.142315e+01	3.781294e+16
4277	6.340805e+15	1.533669e+01	2.306921e+01	3.548196e+16
4278	6.341767e+15	1.735979e+01	2.859011e+01	4.026694e+16
4279	6.342691e+15	1.908072e+01	3.027348e+01	4.644298e+16
4280	6.343561e+15	2.223657e+01	3.219328e+01	4.378073e+16
4281	6.344335e+15	1.656517e+01	2.370272e+01	3.635200e+16
4282	6.345217e+15	2.269132e+01	3.343221e+01	2.862638e+16
4283	6.345977e+15	1.750391e+01	2.689816e+01	2.969456e+16
4284	6.346760e+15	1.827439e+01	2.930237e+01	4.729406e+16
4285	6.347527e+15	2.115994e+01	3.344534e+01	3.425507e+16
4286	6.348193e+15	1.641664e+01	2.615110e+01	2.195048e+16
4287	6.348904e+15	1.883345e+01	2.998251e+01	3.871435e+16
4288	6.349569e+15	1.748016e+01	2.700458e+01	3.336312e+16
4289	6.350239e+15	1.809059e+01	2.714531e+01	5.254439e+16
4290	6.350914e+15	1.943906e+01	2.820609e+01	4.154392e+16
4291	6.351573e+15	1.621226e+01	2.415919e+01	3.091461e+16
4292	6.352305e+15	1.675084e+01	2.555128e+01	6.696103e+16
4293	6.353062e+15	1.588372e+01	2.470546e+01	2.780486e+16
4294	6.353866e+15	1.698311e+01	2.672742e+01	5.607539e+16
4295	6.354670e+15	2.045650e+01	3.062216e+01	2.536538e+16
4296	6.355381e+15	1.427012e+01	2.086588e+01	5.144495e+16
4297	6.356233e+15	1.777476e+01	2.620162e+01	3.989428e+16
4298	6.357071e+15	2.006539e+01	2.998765e+01	2.681708e+16
4299	6.357816e+15	1.300628e+01	2.050303e+01	3.259383e+16
4300	6.358710e+15	1.668715e+01	2.642775e+01	5.960276e+16
4301	6.359571e+15	1.907197e+01	2.919334e+01	3.644911e+16
4302	6.360342e+15	1.955922e+01	2.835756e+01	3.561939e+16
4303	6.361065e+15	1.997619e+01	2.743409e+01	3.252408e+16
4304	6.361768e+15	2.086522e+01	2.878600e+01	4.610982e+16
4305	6.362433e+15	2.002423e+01	2.662555e+01	2.432629e+16
4306	6.363108e+15	2.251310e+01	2.797036e+01	2.157718e+16
4307	6.363763e+15	2.278682e+01	2.704246e+01	2.518163e+16
4308	6.364420e+15	2.338167e+01	2.787109e+01	3.011560e+16
4309	6.365072e+15	2.132434e+01	2.591489e+01	2.387413e+16
4310	6.365769e+15	2.406972e+01	3.020523e+01	2.723409e+16
4311	6.366424e+15	1.901396e+01	2.530173e+01	3.022873e+16
4312	6.367144e+15	2.009457e+01	2.842993e+01	3.335490e+16
4313	6.367874e+15	1.930574e+01	2.760045e+01	2.749917e+16
4314	6.368630e+15	1.794109e+01	2.793333e+01	4.206035e+16
4315	6.369405e+15	2.067495e+01	3.147954e+01	1.826507e+16
4316	6.370118e+15	1.769496e+01	2.592749e+01	3.072702e+16
4317	6.370878e+15	1.871298e+01	3.131116e+01	3.917887e+16
4318	6.371573e+15	1.384627e+01	2.497460e+01	3.115880e+16
4319	6.372330e+15	1.597004e+01	2.899726e+01	5.265029e+16
4320	6.373059e+15	1.380506e+01	2.419666e+01	2.388699e+16
4321	6.373855e+15	1.261450e+01	2.478052e+01	1.831675e+16
4322	6.374733e+15	1.280336e+01	2.753823e+01	3.399520e+16
4323	6.375625e+15	1.391459e+01	3.032004e+01	6.050173e+16
4324	6.376456e+15	1.418795e+01	3.017350e+01	2.689208e+16
4325	6.377224e+15	1.261105e+01	2.653367e+01	2.694252e+16
4326	6.378013e+15	1.375853e+01	2.862812e+01	3.916662e+16
4327	6.378751e+15	1.001250e+01	2.143629e+01	2.427938e+16
4328	6.379587e+15	1.382768e+01	2.683482e+01	3.821085e+16
4329	6.380375e+15	1.264268e+01	2.428247e+01	2.253349e+16
4330	6.381181e+15	1.285826e+01	2.285130e+01	2.617949e+16
4331	6.382052e+15	1.857255e+01	3.160023e+01	3.408871e+16
4332	6.382797e+15	1.779445e+01	3.187166e+01	3.348945e+16
4333	6.383443e+15	1.493466e+01	2.675965e+01	2.744982e+16
4334	6.384101e+15	1.712758e+01	2.824589e+01	3.100911e+16
4335	6.384740e+15	1.364269e+01	2.417262e+01	2.514084e+16
4336	6.385437e+15	1.184223e+01	2.282946e+01	3.415426e+16
4337	6.386203e+15	1.052870e+01	2.522722e+01	2.871404e+16
4338	6.387027e+15	1.124254e+01	3.110046e+01	4.424399e+16
4339	6.387777e+15	1.058557e+01	2.911477e+01	2.893889e+16
4340	6.388507e+15	1.055711e+01	2.914389e+01	4.433193e+16
4341	6.389222e+15	1.143679e+01	3.072786e+01	3.213895e+16
4342	6.389891e+15	1.252371e+01	2.931046e+01	3.669417e+16
4343	6.390541e+15	1.507499e+01	2.922155e+01	4.167097e+16
4344	6.391175e+15	1.428510e+01	2.451321e+01	3.110035e+16
4345	6.391876e+15	1.596409e+01	2.853702e+01	3.374892e+16
4346	6.392602e+15	1.941151e+01	3.210121e+01	3.756973e+16
4347	6.393274e+15	1.527548e+01	2.648319e+01	3.953760e+16
4348	6.394006e+15	1.853995e+01	3.178924e+01	4.811263e+16
4349	6.394682e+15	1.884579e+01	3.095235e+01	2.343501e+16
4350	6.395313e+15	1.903903e+01	2.826120e+01	3.315585e+16
4351	6.395946e+15	1.775439e+01	2.647368e+01	4.022997e+16
4352	6.396614e+15	1.626964e+01	2.682276e+01	1.774188e+16
4353	6.397310e+15	1.538125e+01	2.444819e+01	3.725029e+16
4354	6.398097e+15	2.086339e+01	3.253927e+01	3.967348e+16
4355	6.398795e+15	1.931395e+01	2.960451e+01	2.976803e+16
4356	6.399481e+15	1.950049e+01	2.849604e+01	4.935807e+16
4357	6.400179e+15	1.751055e+01	2.663096e+01	4.344142e+16
4358	6.400918e+15	1.949627e+01	2.802053e+01	3.162949e+16
4359	6.401661e+15	2.112067e+01	2.894480e+01	4.899116e+16
4360	6.402370e+15	1.586003e+01	2.571831e+01	5.126156e+16
4361	6.403122e+15	2.099191e+01	3.451245e+01	5.582159e+16
4362	6.403759e+15	1.424278e+01	2.376747e+01	2.935519e+16
4363	6.404487e+15	1.774512e+01	2.893930e+01	3.613459e+16
4364	6.405185e+15	2.046649e+01	3.208766e+01	3.880399e+16
4365	6.405806e+15	1.629334e+01	2.538378e+01	2.408976e+16
4366	6.406484e+15	1.600156e+01	2.558568e+01	2.017868e+16
4367	6.407214e+15	1.722423e+01	2.880182e+01	3.065097e+16
4368	6.407915e+15	1.674460e+01	2.799038e+01	3.972674e+16
4369	6.408602e+15	1.600574e+01	2.615522e+01	2.889532e+16
4370	6.409309e+15	1.812218e+01	2.792942e+01	4.783261e+16
4371	6.409992e+15	1.717065e+01	2.641872e+01	2.691491e+16
4372	6.410678e+15	1.478773e+01	2.447383e+01	2.798654e+16
4373	6.411412e+15	1.578894e+01	2.755824e+01	3.245441e+16
4374	6.412129e+15	1.530878e+01	2.638022e+01	1.522839e+16
4375	6.412858e+15	1.574346e+01	2.727115e+01	4.516540e+16
4376	6.413582e+15	1.590815e+01	2.723924e+01	3.075479e+16
4377	6.414292e+15	1.516230e+01	2.654132e+01	3.642490e+16
4378	6.415000e+15	1.460485e+01	2.539308e+01	3.668586e+16
4379	6.415735e+15	1.627669e+01	2.696723e+01	1.765227e+16
4380	6.416455e+15	1.395209e+01	2.407147e+01	4.096159e+16
4381	6.417228e+15	1.555390e+01	2.703352e+01	2.616912e+16
4382	6.417994e+15	1.459960e+01	2.499867e+01	3.672907e+16
4383	6.418803e+15	1.661346e+01	2.870147e+01	4.591614e+16
4384	6.419575e+15	1.774541e+01	2.840365e+01	4.337961e+16
4385	6.420314e+15	1.707718e+01	2.746342e+01	4.708610e+16
4386	6.421037e+15	1.773079e+01	2.800442e+01	4.400776e+16
4387	6.421739e+15	1.760081e+01	2.776543e+01	3.962150e+16
4388	6.422430e+15	1.882882e+01	2.785617e+01	4.301695e+16
4389	6.423106e+15	1.854708e+01	2.761935e+01	3.675298e+16
4390	6.423778e+15	1.758924e+01	2.712330e+01	2.545386e+16
4391	6.424459e+15	1.893826e+01	2.915264e+01	3.784387e+16
4392	6.425107e+15	1.692856e+01	2.717895e+01	2.392087e+16
4393	6.425769e+15	1.620320e+01	2.745873e+01	2.185448e+16
4394	6.426447e+15	1.727716e+01	2.785087e+01	2.957095e+16
4395	6.427134e+15	1.733239e+01	2.686323e+01	2.772860e+16
4396	6.427845e+15	1.425232e+01	2.239680e+01	3.183109e+16
4397	6.428699e+15	1.884799e+01	2.978772e+01	4.725533e+16
4398	6.429512e+15	2.075848e+01	3.141857e+01	3.369252e+16
4399	6.430250e+15	1.970699e+01	3.006062e+01	1.757576e+16
4400	6.430946e+15	1.858194e+01	2.759276e+01	1.964095e+16
4401	6.431657e+15	2.206685e+01	3.090199e+01	4.032907e+16
4402	6.432311e+15	2.175622e+01	3.012413e+01	3.088598e+16
4403	6.432931e+15	1.793518e+01	2.500786e+01	2.851152e+16
4404	6.433610e+15	1.728180e+01	2.573660e+01	2.794793e+16
4405	6.434353e+15	2.444203e+01	3.544313e+01	3.877827e+16
4406	6.434982e+15	1.885053e+01	2.801779e+01	2.770683e+16
4407	6.435637e+15	2.109588e+01	3.030900e+01	2.975279e+16
4408	6.436283e+15	1.954238e+01	2.423835e+01	5.489211e+16
4409	6.437004e+15	2.573227e+01	3.316469e+01	3.842890e+16
4410	6.437649e+15	2.246211e+01	2.820502e+01	3.540606e+16
4411	6.438306e+15	2.227226e+01	2.747884e+01	2.939895e+16
4412	6.438991e+15	2.426112e+01	3.005985e+01	4.180524e+16
4413	6.439649e+15	2.114840e+01	2.684603e+01	1.770429e+16
4414	6.440343e+15	2.044437e+01	2.742764e+01	4.670343e+16
4415	6.441060e+15	2.086649e+01	2.867049e+01	4.395138e+16
4416	6.441782e+15	1.604567e+01	2.345158e+01	3.377200e+16
4417	6.442611e+15	2.051540e+01	3.082037e+01	5.678193e+16
4418	6.443401e+15	2.034019e+01	3.021048e+01	3.480013e+16
4419	6.444181e+15	1.789014e+01	2.753012e+01	3.234920e+16
4420	6.444995e+15	1.901843e+01	2.945497e+01	5.312879e+16
4421	6.445767e+15	2.000468e+01	2.859441e+01	3.107305e+16
4422	6.446506e+15	2.124082e+01	2.819058e+01	3.380896e+16
4423	6.447211e+15	1.951608e+01	2.607095e+01	3.154579e+16
4424	6.447925e+15	2.014987e+01	2.735657e+01	2.123992e+16
4425	6.448615e+15	1.672771e+01	2.272963e+01	2.976899e+16
4426	6.449381e+15	1.965283e+01	2.702878e+01	6.258277e+16
4427	6.450104e+15	1.516238e+01	2.266658e+01	4.010140e+16
4428	6.450883e+15	1.403915e+01	2.308742e+01	3.055768e+16
4429	6.451713e+15	1.601648e+01	2.674287e+01	3.752734e+16
4430	6.452493e+15	1.624635e+01	2.459337e+01	4.205087e+16
4431	6.453282e+15	1.472867e+01	2.383743e+01	3.938806e+16
4432	6.454128e+15	1.542241e+01	2.614565e+01	6.342314e+16
4433	6.454969e+15	1.513304e+01	2.613899e+01	5.100327e+16
4434	6.455807e+15	1.412062e+01	2.498016e+01	2.735813e+16
4435	6.456682e+15	1.589964e+01	2.977941e+01	4.850612e+16
4436	6.457480e+15	1.548350e+01	2.849428e+01	4.207917e+16
4437	6.458248e+15	1.445697e+01	2.736967e+01	3.651326e+16
4438	6.459023e+15	1.963913e+01	3.290713e+01	3.923038e+16
4439	6.459695e+15	1.849697e+01	2.776452e+01	2.149747e+16
4440	6.460376e+15	1.687059e+01	2.468039e+01	3.499202e+16
4441	6.461133e+15	2.064296e+01	2.975777e+01	2.217919e+16
4442	6.461854e+15	1.675953e+01	2.506286e+01	2.156258e+16
4443	6.462649e+15	1.858035e+01	2.894094e+01	4.845613e+16
4444	6.463432e+15	1.857246e+01	2.879406e+01	2.961379e+16
4445	6.464202e+15	1.877848e+01	2.848726e+01	5.561315e+16
4446	6.464960e+15	2.089661e+01	3.042312e+01	3.951756e+16
4447	6.465661e+15	2.040065e+01	2.699196e+01	2.479296e+16
4448	6.466368e+15	1.929270e+01	2.629556e+01	2.747602e+16
4449	6.467095e+15	1.843408e+01	2.589660e+01	1.795326e+16
4450	6.467847e+15	1.881475e+01	2.676994e+01	5.163562e+16
4451	6.468598e+15	1.826547e+01	2.688261e+01	3.348722e+16
4452	6.469343e+15	1.504825e+01	2.262597e+01	3.910292e+16
4453	6.470176e+15	1.785876e+01	2.900502e+01	6.148852e+16
4454	6.470946e+15	1.551460e+01	2.660291e+01	4.327092e+16
4455	6.471718e+15	1.768439e+01	2.922495e+01	3.848504e+16
4456	6.472426e+15	1.406960e+01	2.260071e+01	5.177589e+16
4457	6.473224e+15	1.721721e+01	2.781401e+01	4.471110e+16
4458	6.473982e+15	1.420295e+01	2.348271e+01	3.383902e+16
4459	6.474774e+15	1.181774e+01	2.170854e+01	3.776855e+16
4460	6.475654e+15	1.242662e+01	2.371746e+01	3.794070e+16
4461	6.476565e+15	1.179965e+01	2.407958e+01	2.691015e+16
4462	6.477506e+15	1.425574e+01	2.911009e+01	5.916570e+16
4463	6.478373e+15	1.397738e+01	2.863151e+01	3.709457e+16
4464	6.479197e+15	1.245251e+01	2.812735e+01	2.778177e+16
4465	6.480002e+15	1.442955e+01	3.064518e+01	5.448928e+16
4466	6.480735e+15	1.449121e+01	2.680769e+01	3.232447e+16
4467	6.481478e+15	1.529007e+01	2.573678e+01	3.546682e+16
4468	6.482242e+15	1.518878e+01	2.606723e+01	3.103098e+16
4469	6.483032e+15	1.469859e+01	2.505500e+01	4.051841e+16
4470	6.483876e+15	1.556961e+01	2.637310e+01	3.673181e+16
4471	6.484726e+15	1.598419e+01	2.842248e+01	2.620726e+16
4472	6.485549e+15	1.379313e+01	2.604513e+01	3.877549e+16
4473	6.486428e+15	1.504300e+01	2.789713e+01	3.299280e+16
4474	6.487306e+15	1.886651e+01	3.091057e+01	5.230747e+16
4475	6.488103e+15	1.798879e+01	2.665921e+01	3.075416e+16
4476	6.488922e+15	2.075761e+01	3.088971e+01	3.704751e+16
4477	6.489669e+15	1.871896e+01	2.783780e+01	3.362452e+16
4478	6.490408e+15	1.984173e+01	2.884618e+01	4.594559e+16
4479	6.491116e+15	2.106698e+01	2.922470e+01	2.861595e+16
4480	6.491777e+15	2.090526e+01	2.736464e+01	2.670705e+16
4481	6.492421e+15	1.939606e+01	2.513307e+01	2.025452e+16
4482	6.493089e+15	1.952873e+01	2.486685e+01	3.557775e+16
4483	6.493773e+15	1.859453e+01	2.665071e+01	2.861471e+16
4484	6.494451e+15	1.429079e+01	2.193511e+01	2.571100e+16
4485	6.495218e+15	1.442085e+01	2.382751e+01	3.066929e+16
4486	6.496041e+15	1.788658e+01	3.025157e+01	4.387592e+16
4487	6.496757e+15	1.365988e+01	2.480456e+01	3.692749e+16
4488	6.497486e+15	1.726417e+01	3.019707e+01	2.499585e+16
4489	6.498120e+15	1.436601e+01	2.410476e+01	3.162724e+16
4490	6.498789e+15	1.553913e+01	2.759478e+01	4.010229e+16
4491	6.499418e+15	1.404047e+01	2.676103e+01	3.561248e+16
4492	6.500031e+15	1.252750e+01	2.481995e+01	3.419693e+16
4493	6.500669e+15	1.142784e+01	2.388930e+01	2.494165e+16
4494	6.501347e+15	1.195237e+01	2.584109e+01	3.230605e+16
4495	6.502056e+15	1.536495e+01	3.156175e+01	4.423206e+16
4496	6.502692e+15	1.303642e+01	2.580339e+01	3.234062e+16
4497	6.503366e+15	1.620121e+01	3.261922e+01	4.657374e+16
4498	6.503961e+15	1.655185e+01	3.050581e+01	3.288593e+16
4499	6.504533e+15	1.402595e+01	2.366166e+01	2.291110e+16
4500	6.505219e+15	1.899406e+01	3.443254e+01	4.870031e+16
4501	6.505827e+15	1.316131e+01	2.442059e+01	4.680173e+16
4502	6.506532e+15	1.579213e+01	2.990615e+01	3.408522e+16
4503	6.507218e+15	1.859312e+01	3.244595e+01	3.513760e+16
4504	6.507845e+15	1.862587e+01	3.103032e+01	3.515852e+16
4505	6.508440e+15	1.974563e+01	2.961748e+01	1.785225e+16
4506	6.509019e+15	1.900644e+01	2.618877e+01	3.749049e+16
4507	6.509638e+15	2.008503e+01	2.890386e+01	2.601614e+16
4508	6.510250e+15	1.895901e+01	2.718540e+01	3.826182e+16
4509	6.510880e+15	1.893149e+01	2.735330e+01	3.821626e+16
4510	6.511524e+15	2.039838e+01	3.040862e+01	4.809201e+16
4511	6.512140e+15	2.321902e+01	3.410445e+01	4.375882e+16
4512	6.512678e+15	1.968978e+01	2.609590e+01	3.282725e+16
4513	6.513283e+15	2.647924e+01	3.326862e+01	5.209267e+16
4514	6.513838e+15	2.112350e+01	2.678805e+01	2.478605e+16
4515	6.514440e+15	2.227553e+01	2.909543e+01	5.188645e+16
4516	6.515048e+15	2.343460e+01	3.101357e+01	4.021595e+16
4517	6.515636e+15	2.434654e+01	3.107992e+01	3.923098e+16
4518	6.516204e+15	2.269853e+01	2.723886e+01	3.180985e+16
4519	6.516817e+15	2.483481e+01	2.991019e+01	4.276874e+16
4520	6.517426e+15	2.013897e+01	2.652198e+01	2.720130e+16
4521	6.518102e+15	2.362805e+01	3.281680e+01	3.402394e+16
4522	6.518749e+15	2.338009e+01	3.245216e+01	4.263997e+16
4523	6.519390e+15	2.464335e+01	3.526234e+01	4.009108e+16
4524	6.519997e+15	2.233072e+01	3.234780e+01	4.999392e+16
4525	6.520617e+15	2.421878e+01	3.604002e+01	3.961390e+16
4526	6.521207e+15	2.119558e+01	3.248886e+01	3.065450e+16
4527	6.521835e+15	2.123106e+01	3.494499e+01	4.869661e+16
4528	6.522469e+15	2.169225e+01	3.795530e+01	4.309536e+16
4529	6.523079e+15	2.146676e+01	3.571638e+01	4.231844e+16
4530	6.523694e+15	2.278678e+01	4.013718e+01	5.218578e+16
4531	6.524277e+15	2.405443e+01	4.222835e+01	3.186486e+16
4532	6.524817e+15	2.641797e+01	4.142674e+01	3.119784e+16
4533	6.525327e+15	2.668578e+01	3.959430e+01	3.566604e+16
4534	6.525833e+15	2.737254e+01	4.096879e+01	2.809802e+16
4535	6.526318e+15	2.730724e+01	4.052549e+01	3.810058e+16
4536	6.526791e+15	2.816506e+01	4.257377e+01	3.473683e+16
4537	6.527241e+15	2.840206e+01	4.055836e+01	3.804415e+16
4538	6.527690e+15	3.180006e+01	4.408928e+01	2.555497e+16
4539	6.528110e+15	3.076012e+01	4.408509e+01	2.213907e+16
4540	6.528508e+15	3.048248e+01	4.425820e+01	2.473989e+16
4541	6.528886e+15	3.417987e+01	4.606763e+01	2.321576e+16
4542	6.529234e+15	3.612181e+01	4.636324e+01	2.919404e+16
4543	6.529556e+15	2.748212e+01	3.453660e+01	1.424120e+16
4544	6.529938e+15	3.657278e+01	4.419275e+01	3.468018e+16
4545	6.530306e+15	3.849020e+01	4.312561e+01	3.838963e+16
4546	6.530666e+15	3.371460e+01	3.664692e+01	2.483300e+16
4547	6.531060e+15	4.194263e+01	4.315607e+01	1.152282e+16
4548	6.531436e+15	4.118292e+01	4.034151e+01	1.251732e+16
4549	6.531806e+15	3.694014e+01	3.599839e+01	1.957817e+16
4550	6.532201e+15	4.344769e+01	3.980478e+01	2.995190e+16
4551	6.532582e+15	3.519737e+01	3.047907e+01	3.102026e+16
4552	6.533033e+15	4.225345e+01	4.125223e+01	2.366410e+16
4553	6.533441e+15	3.337343e+01	3.341989e+01	8.666940e+15
4554	6.533869e+15	3.139363e+01	3.309938e+01	2.449504e+16
4555	6.534313e+15	3.521619e+01	3.716694e+01	1.853871e+16
4556	6.534721e+15	3.348813e+01	3.126525e+01	1.275147e+16
4557	6.535142e+15	2.933146e+01	2.799354e+01	3.432883e+16
4558	6.535640e+15	3.115900e+01	3.162347e+01	2.574946e+16
4559	6.536160e+15	2.533000e+01	2.908609e+01	1.623770e+16
4560	6.536726e+15	2.577261e+01	3.193387e+01	3.105820e+16
4561	6.537283e+15	2.573672e+01	3.150374e+01	2.705633e+16
4562	6.537822e+15	2.564587e+01	3.101780e+01	2.718229e+16
4563	6.538343e+15	2.486750e+01	2.902248e+01	1.693583e+16
4564	6.538875e+15	2.019597e+01	2.370265e+01	1.880955e+16
4565	6.539500e+15	2.220222e+01	2.856747e+01	2.311173e+16
4566	6.540125e+15	1.851442e+01	2.562198e+01	3.133154e+16
4567	6.540804e+15	1.647778e+01	2.193900e+01	2.735938e+16
4568	6.541618e+15	1.528996e+01	2.220053e+01	3.080005e+16
4569	6.542595e+15	2.047176e+01	2.907611e+01	3.998041e+16
4570	6.543558e+15	1.764180e+01	2.676526e+01	5.731222e+16
4571	6.544576e+15	1.922897e+01	2.854134e+01	5.927639e+16
4572	6.545576e+15	1.524861e+01	2.189851e+01	4.775959e+16
4573	6.546762e+15	1.730892e+01	2.483976e+01	5.470648e+16
4574	6.548061e+15	2.942812e+01	4.321489e+01	1.031726e+17
4575	6.548947e+15	1.854621e+01	2.371838e+01	6.518757e+16
4576	6.549943e+15	1.618305e+01	2.164596e+01	5.568537e+16
4577	6.551138e+15	1.926056e+01	2.729871e+01	7.622901e+16
4578	6.552318e+15	1.559591e+01	2.433233e+01	7.023512e+16
4579	6.553592e+15	1.905537e+01	3.272477e+01	6.776273e+16
4580	6.554669e+15	1.568056e+01	2.721025e+01	7.114406e+16
4581	6.555730e+15	1.503278e+01	2.689366e+01	5.794515e+16
4582	6.556790e+15	1.060312e+01	2.027936e+01	4.872067e+16
4583	6.558062e+15	9.248542e+00	2.152121e+01	4.514115e+16
4584	6.559506e+15	1.160860e+01	2.796804e+01	7.245073e+16
4585	6.560855e+15	1.126199e+01	2.854794e+01	5.233911e+16
4586	6.562151e+15	3.051638e+01	6.802422e+01	6.487286e+16
4587	6.562744e+15	1.578630e+01	3.626617e+01	3.286700e+16
4588	6.563255e+15	1.477775e+01	3.256103e+01	1.528565e+16
4589	6.563742e+15	1.533694e+01	3.276008e+01	3.094628e+16
4590	6.564211e+15	1.659548e+01	3.453978e+01	1.352923e+16
4591	6.564647e+15	1.356557e+01	2.784577e+01	2.132598e+16
4592	6.565127e+15	1.545410e+01	3.282920e+01	2.110236e+16
4593	6.565595e+15	1.288959e+01	2.742704e+01	1.114234e+16
4594	6.566120e+15	1.362492e+01	2.892323e+01	2.500776e+16
4595	6.566673e+15	1.454566e+01	3.006259e+01	1.821992e+16
4596	6.567234e+15	1.446870e+01	2.457112e+01	1.352706e+16
4597	6.567882e+15	1.564553e+01	2.739044e+01	3.487992e+16
4598	6.568576e+15	1.531542e+01	2.725424e+01	2.172091e+16
4599	6.569314e+15	1.585335e+01	3.138049e+01	2.018315e+16
4600	6.570036e+15	1.550242e+01	3.269431e+01	3.144484e+16
4601	6.570740e+15	1.695070e+01	3.420108e+01	3.144081e+16
4602	6.571401e+15	1.295665e+01	2.473900e+01	4.049980e+16
4603	6.572194e+15	1.767896e+01	3.151570e+01	4.315139e+16
4604	6.572962e+15	1.705328e+01	2.295874e+01	5.364519e+16
4605	6.573883e+15	1.895329e+01	2.322885e+01	4.366865e+16
4606	6.574921e+15	2.355935e+01	2.433607e+01	1.790884e+16
4607	6.576019e+15	1.888707e+01	1.924162e+01	4.245129e+16
4608	6.577338e+15	2.515617e+01	2.725730e+01	5.682835e+16
4609	6.578517e+15	1.674037e+01	1.940315e+01	2.368290e+16
4610	6.579836e+15	1.779790e+01	2.225508e+01	5.743663e+16
4611	6.581150e+15	2.215780e+01	2.785342e+01	4.260382e+16
4612	6.582221e+15	1.334779e+01	1.670106e+01	3.210871e+16
4613	6.583506e+15	2.303936e+01	2.778235e+01	5.807718e+16
4614	6.584545e+15	1.265837e+01	1.677891e+01	2.612767e+16
4615	6.585793e+15	1.364128e+01	1.872834e+01	4.416948e+16
4616	6.587175e+15	1.501257e+01	2.145781e+01	7.349488e+16
4617	6.588537e+15	1.027413e+01	1.613266e+01	5.872853e+16
4618	6.590172e+15	2.205872e+01	3.510802e+01	8.926538e+16
4619	6.591213e+15	1.152479e+01	2.046036e+01	6.968752e+16
4620	6.592244e+15	8.632022e+00	1.585359e+01	6.164101e+16
4621	6.593482e+15	2.733301e+01	4.785840e+01	6.810649e+16
4622	6.594087e+15	1.369762e+01	2.607276e+01	3.260326e+16
4623	6.594606e+15	1.197355e+01	2.355510e+01	2.410360e+16
4624	6.595097e+15	1.217072e+01	2.392232e+01	1.501667e+16
4625	6.595553e+15	1.056197e+01	2.206354e+01	2.642600e+16
4626	6.596009e+15	1.185082e+01	2.496817e+01	2.608144e+16
4627	6.596423e+15	9.700277e+00	1.946673e+01	1.650119e+16
4628	6.596880e+15	1.424479e+01	2.440129e+01	1.847690e+16
4629	6.597297e+15	1.131505e+01	1.769403e+01	1.520187e+16
4630	6.597798e+15	1.004327e+01	1.746327e+01	2.479140e+16
4631	6.598400e+15	9.942577e+00	1.747061e+01	2.706105e+16
4632	6.599122e+15	1.004016e+01	1.704357e+01	2.665606e+16
4633	6.599988e+15	1.005949e+01	1.693533e+01	2.671517e+16
4634	6.601027e+15	3.217555e+01	5.280649e+01	3.339647e+16
4635	6.601522e+15	1.405841e+01	2.308108e+01	2.177753e+16
4636	6.602002e+15	1.429770e+01	2.374024e+01	1.588382e+16
4637	6.602460e+15	1.282864e+01	2.107476e+01	2.243924e+16
4638	6.602944e+15	1.404051e+01	2.110037e+01	2.233069e+16
4639	6.603455e+15	1.618643e+01	2.241443e+01	2.652054e+16
4640	6.603971e+15	1.396598e+01	1.825412e+01	2.312281e+16
4641	6.604591e+15	1.418727e+01	2.037026e+01	2.428243e+16
4642	6.605268e+15	1.245508e+01	1.795625e+01	2.275943e+16
4643	6.606081e+15	1.013393e+01	1.876637e+01	3.458270e+16
4644	6.607027e+15	9.989330e+00	1.833076e+01	3.502405e+16
4645	6.608153e+15	1.344627e+01	2.433518e+01	7.001490e+16
4646	6.609220e+15	1.061458e+01	2.099570e+01	4.056814e+16
4647	6.610332e+15	1.279075e+01	2.478968e+01	5.896201e+16
4648	6.611352e+15	1.305563e+01	2.450695e+01	5.531684e+16
4649	6.612312e+15	1.323405e+01	2.419218e+01	5.298121e+16
4650	6.613232e+15	1.388203e+01	2.401076e+01	2.653031e+16
4651	6.614105e+15	1.357635e+01	2.272426e+01	4.631876e+16
4652	6.614969e+15	1.445727e+01	2.432704e+01	3.588098e+16
4653	6.615775e+15	1.409203e+01	2.281538e+01	4.508806e+16
4654	6.616562e+15	1.429798e+01	2.243418e+01	4.601179e+16
4655	6.617344e+15	1.421441e+01	2.233698e+01	2.646652e+16
4656	6.618129e+15	1.508063e+01	2.334274e+01	3.786338e+16
4657	6.618896e+15	1.508904e+01	2.525468e+01	4.501350e+16
4658	6.619605e+15	1.174445e+01	2.014164e+01	2.268989e+16
4659	6.620393e+15	1.616261e+01	2.663325e+01	4.073721e+16
4660	6.621086e+15	1.165756e+01	1.964474e+01	4.542867e+16
4661	6.621866e+15	1.174220e+01	2.058064e+01	2.903475e+16
4662	6.622716e+15	1.644689e+01	2.625886e+01	3.880126e+16
4663	6.623470e+15	1.442670e+01	2.169389e+01	1.545584e+16
4664	6.624244e+15	1.443982e+01	2.198687e+01	2.825459e+16
4665	6.625030e+15	1.717586e+01	2.438878e+01	1.909033e+16
4666	6.625751e+15	1.639572e+01	2.198030e+01	3.448828e+16
4667	6.626463e+15	1.853754e+01	2.402245e+01	9.182030e+15
4668	6.627121e+15	1.640295e+01	2.044627e+01	1.800832e+16
4669	6.627813e+15	1.528609e+01	1.841597e+01	3.063894e+16
4670	6.628568e+15	1.682269e+01	2.103140e+01	2.581383e+16
4671	6.629308e+15	1.249590e+01	1.648427e+01	1.580742e+16
4672	6.630173e+15	1.552362e+01	2.092961e+01	3.092525e+16
4673	6.631029e+15	1.734629e+01	2.284571e+01	1.345213e+16
4674	6.631839e+15	1.694685e+01	2.137956e+01	1.774967e+16
4675	6.632656e+15	1.680972e+01	2.135514e+01	3.567109e+16
4676	6.633493e+15	1.389388e+01	1.863842e+01	2.871269e+16
4677	6.634441e+15	1.809841e+01	2.543077e+01	3.021862e+16
4678	6.635276e+15	1.532298e+01	2.217105e+01	3.643311e+16
4679	6.636105e+15	1.966677e+01	2.557043e+01	3.612382e+16
4680	6.636838e+15	1.443376e+01	1.787134e+01	2.129049e+16
4681	6.637700e+15	1.526941e+01	1.972663e+01	3.661017e+16
4682	6.638640e+15	2.024579e+01	2.573432e+01	3.119459e+16
4683	6.639473e+15	1.628413e+01	1.989312e+01	3.202253e+16
4684	6.640398e+15	1.916227e+01	2.335091e+01	5.459784e+16
4685	6.641296e+15	1.911552e+01	2.213581e+01	3.051203e+16
4686	6.642182e+15	2.068442e+01	2.382436e+01	4.526341e+16
4687	6.642977e+15	1.656917e+01	1.797764e+01	2.816022e+16
4688	6.643852e+15	1.647556e+01	1.771590e+01	3.542004e+16
4689	6.644841e+15	2.280610e+01	2.349343e+01	6.011992e+16
4690	6.645692e+15	1.779518e+01	1.689364e+01	3.904599e+16
4691	6.646641e+15	1.906221e+01	1.811165e+01	4.522598e+16
4692	6.647628e+15	2.476634e+01	2.201806e+01	3.682752e+16
4693	6.648496e+15	2.278093e+01	1.835487e+01	3.382766e+16
4694	6.649374e+15	1.964719e+01	1.596622e+01	2.751030e+16
4695	6.650364e+15	2.631082e+01	2.168020e+01	5.590133e+16
4696	6.651240e+15	2.475163e+01	1.881270e+01	2.763327e+16
4697	6.652091e+15	2.425227e+01	1.860618e+01	4.133330e+16
4698	6.652931e+15	2.573091e+01	2.003642e+01	3.945984e+16
4699	6.653718e+15	2.613913e+01	2.142812e+01	3.444937e+16
4700	6.654448e+15	2.373435e+01	2.027785e+01	3.284863e+16
4701	6.655172e+15	2.228660e+01	1.972833e+01	3.453701e+16
4702	6.655913e+15	2.422088e+01	2.138275e+01	3.445750e+16
4703	6.656614e+15	2.249256e+01	2.048298e+01	3.532644e+16
4704	6.657308e+15	2.074376e+01	1.882666e+01	3.194168e+16
4705	6.658038e+15	2.318248e+01	2.022694e+01	3.462534e+16
4706	6.658748e+15	2.259551e+01	2.024926e+01	2.399189e+16
4707	6.659437e+15	2.063222e+01	1.838787e+01	2.729589e+16
4708	6.660165e+15	2.284376e+01	2.111381e+01	3.599779e+16
4709	6.660859e+15	2.235392e+01	2.010284e+01	3.229454e+16
4710	6.661545e+15	1.854530e+01	1.872334e+01	2.225858e+16
4711	6.662280e+15	2.071442e+01	2.262987e+01	3.467865e+16
4712	6.662967e+15	1.941768e+01	2.181403e+01	2.704243e+16
4713	6.663630e+15	1.631982e+01	1.812593e+01	3.313482e+16
4714	6.664355e+15	2.308774e+01	2.249141e+01	3.197485e+16
4715	6.665009e+15	1.803790e+01	1.627705e+01	3.666887e+16
4716	6.665776e+15	2.508871e+01	2.234133e+01	3.061616e+16
4717	6.666467e+15	2.145948e+01	1.934205e+01	3.203240e+16
4718	6.667168e+15	2.088858e+01	1.953411e+01	2.075153e+16
4719	6.667867e+15	2.238364e+01	2.064443e+01	2.266988e+16
4720	6.668541e+15	2.311856e+01	2.055793e+01	2.608040e+16
4721	6.669179e+15	2.267876e+01	1.872216e+01	4.029633e+16
4722	6.669809e+15	2.067752e+01	1.700505e+01	2.296387e+16
4723	6.670468e+15	1.903509e+01	1.632546e+01	2.895825e+16
4724	6.671174e+15	2.076583e+01	1.771435e+01	2.576084e+16
4725	6.671862e+15	2.087392e+01	1.778381e+01	3.029521e+16
4726	6.672523e+15	1.796194e+01	1.553442e+01	2.046979e+16
4727	6.673210e+15	1.793144e+01	1.644770e+01	1.409038e+16
4728	6.673896e+15	1.913062e+01	1.653429e+01	2.094542e+16
4729	6.674562e+15	1.985103e+01	1.736752e+01	2.590067e+16
4730	6.675184e+15	2.029017e+01	1.681046e+01	1.702316e+16
4731	6.675772e+15	1.858704e+01	1.478591e+01	1.466278e+16
4732	6.676389e+15	1.860770e+01	1.423271e+01	1.759581e+16
4733	6.677037e+15	1.767477e+01	1.243046e+01	1.293137e+16
4734	6.677730e+15	1.698023e+01	1.210030e+01	3.101989e+16
4735	6.678486e+15	1.682760e+01	1.296230e+01	2.428014e+16
4736	6.679264e+15	1.755664e+01	1.423396e+01	4.491290e+16
4737	6.680020e+15	1.730687e+01	1.423237e+01	2.823615e+16
4738	6.680768e+15	1.617894e+01	1.431514e+01	2.310281e+16
4739	6.681515e+15	1.772510e+01	1.644057e+01	1.941789e+16
4740	6.682185e+15	1.266946e+01	1.303997e+01	2.624220e+16
4741	6.682922e+15	1.330592e+01	1.574859e+01	2.956088e+16
4742	6.683631e+15	1.346941e+01	1.635515e+01	2.661323e+16
4743	6.684300e+15	1.181949e+01	1.488574e+01	3.751120e+16
4744	6.684996e+15	1.305815e+01	1.687353e+01	2.286091e+16
4745	6.685665e+15	1.212640e+01	1.517851e+01	2.265690e+16
4746	6.686385e+15	1.509536e+01	1.906069e+01	3.029193e+16
4747	6.687036e+15	1.310089e+01	1.554718e+01	2.870233e+16
4748	6.687738e+15	1.428900e+01	1.749509e+01	1.452075e+16
4749	6.688423e+15	1.309157e+01	1.745569e+01	2.098063e+16
4750	6.689121e+15	1.581365e+01	1.864703e+01	1.866816e+16
4751	6.689775e+15	1.527843e+01	1.878919e+01	1.539752e+16
4752	6.690404e+15	1.371109e+01	1.705330e+01	4.154048e+16
4753	6.691068e+15	1.446938e+01	1.820833e+01	2.564463e+16
4754	6.691718e+15	1.600029e+01	1.860264e+01	2.717088e+16
4755	6.692343e+15	1.577142e+01	1.701990e+01	7.818129e+15
4756	6.692994e+15	1.643245e+01	1.741620e+01	2.016166e+16
4757	6.693650e+15	1.497823e+01	1.592439e+01	2.601484e+16
4758	6.694356e+15	1.455708e+01	1.755998e+01	2.155807e+16
4759	6.695065e+15	1.307758e+01	1.790019e+01	1.591384e+16
4760	6.695782e+15	1.253292e+01	1.846630e+01	1.720252e+16
4761	6.696494e+15	1.255531e+01	1.859731e+01	2.316169e+16
4762	6.697194e+15	1.294154e+01	1.856226e+01	2.570038e+16
4763	6.697881e+15	1.272728e+01	1.849747e+01	1.124910e+16
4764	6.698564e+15	1.333481e+01	1.930233e+01	3.367453e+16
4765	6.699222e+15	1.293072e+01	1.923489e+01	1.724413e+16
4766	6.699860e+15	1.192140e+01	1.725292e+01	1.551267e+16
4767	6.700519e+15	1.361661e+01	1.753140e+01	1.956602e+16
4768	6.701182e+15	1.397524e+01	1.936387e+01	2.005560e+16
4769	6.701815e+15	1.052013e+01	1.561393e+01	2.689610e+16
4770	6.702541e+15	1.278385e+01	1.901655e+01	4.208922e+16
4771	6.703254e+15	1.222590e+01	1.752246e+01	2.453694e+16
4772	6.703998e+15	1.316417e+01	1.965356e+01	2.863159e+16
4773	6.704707e+15	1.420342e+01	1.934211e+01	2.180887e+16
4774	6.705393e+15	1.529201e+01	1.900397e+01	1.551836e+16
4775	6.706077e+15	1.540747e+01	1.952581e+01	2.778705e+16
4776	6.706736e+15	1.639614e+01	2.039577e+01	2.056406e+16
4777	6.707350e+15	1.411029e+01	1.775274e+01	2.905935e+16
4778	6.707994e+15	1.445101e+01	1.840406e+01	1.844447e+16
4779	6.708643e+15	1.372160e+01	1.765972e+01	3.423468e+16
4780	6.709315e+15	1.242076e+01	1.719984e+01	3.831316e+16
4781	6.710025e+15	1.090312e+01	1.637354e+01	1.968150e+16
4782	6.710774e+15	7.592996e+00	1.428674e+01	1.349624e+16
4783	6.711672e+15	9.952466e+00	2.198573e+01	3.000510e+16
4784	6.712441e+15	8.033669e+00	1.707162e+01	1.846251e+16
4785	6.713259e+15	1.023990e+01	1.981284e+01	2.709250e+16
4786	6.714040e+15	9.456260e+00	1.726699e+01	3.176344e+16
4787	6.714871e+15	8.671793e+00	1.839674e+01	1.967969e+16
4788	6.715733e+15	8.248629e+00	1.850444e+01	3.794969e+16
4789	6.716631e+15	1.066409e+01	2.268043e+01	4.060938e+16
4790	6.717428e+15	1.018075e+01	1.988223e+01	3.499825e+16
4791	6.718234e+15	9.578201e+00	1.975401e+01	3.628720e+16
4792	6.719066e+15	7.495802e+00	1.697821e+01	3.311574e+16
4793	6.720015e+15	8.546747e+00	2.245428e+01	3.216987e+16
4794	6.720893e+15	9.234973e+00	2.321965e+01	2.464754e+16
4795	6.721692e+15	8.200310e+00	1.980563e+01	2.171910e+16
4796	6.722527e+15	9.392338e+00	2.394020e+01	2.882447e+16
4797	6.723283e+15	9.085954e+00	2.135588e+01	1.720915e+16
4798	6.724038e+15	8.523012e+00	2.002211e+01	2.821825e+16
4799	6.724820e+15	1.068668e+01	2.242495e+01	2.979165e+16
4800	6.725553e+15	1.003387e+01	1.744502e+01	3.703082e+16
4801	6.726391e+15	1.247878e+01	2.393354e+01	3.519482e+16
4802	6.727124e+15	8.814549e+00	1.642316e+01	2.881334e+16
4803	6.728004e+15	8.717150e+00	1.835977e+01	3.641838e+16
4804	6.728957e+15	1.138747e+01	2.326453e+01	3.261904e+16
4805	6.729827e+15	1.064197e+01	2.088110e+01	2.678435e+16
4806	6.730719e+15	1.035583e+01	2.250355e+01	3.251107e+16
4807	6.731586e+15	9.680359e+00	2.244722e+01	2.970583e+16
4808	6.732431e+15	8.908566e+00	2.276136e+01	2.610962e+16
4809	6.733243e+15	9.869276e+00	2.377956e+01	3.450860e+16
4810	6.734003e+15	8.737944e+00	1.941871e+01	2.930770e+16
4811	6.734833e+15	1.006727e+01	2.314292e+01	5.193918e+16
4812	6.735629e+15	9.538862e+00	2.161627e+01	2.657495e+16
4813	6.736445e+15	8.656102e+00	2.165769e+01	4.683762e+16
4814	6.737300e+15	1.070978e+01	2.723292e+01	2.597006e+16
4815	6.738037e+15	1.015086e+01	2.174152e+01	2.747706e+16
4816	6.738816e+15	1.169269e+01	2.359505e+01	3.234432e+16
4817	6.739588e+15	1.042753e+01	2.302488e+01	3.564849e+16
4818	6.740363e+15	7.803148e+00	1.837130e+01	2.449707e+16
4819	6.741293e+15	9.210346e+00	2.478340e+01	2.994333e+16
4820	6.742167e+15	9.400376e+00	2.348497e+01	4.143868e+16
4821	6.743035e+15	9.635527e+00	2.414007e+01	3.078213e+16
4822	6.743879e+15	1.126127e+01	2.640216e+01	3.102149e+16
4823	6.744633e+15	1.036291e+01	2.312122e+01	2.563631e+16
4824	6.745389e+15	1.032186e+01	2.384426e+01	2.361119e+16
4825	6.746114e+15	1.153058e+01	2.458438e+01	4.322267e+16
4826	6.746796e+15	1.229583e+01	2.349992e+01	2.062557e+16
4827	6.747461e+15	1.414419e+01	2.322696e+01	2.596990e+16
4828	6.748103e+15	1.521293e+01	2.264725e+01	2.491677e+16
4829	6.748744e+15	1.357351e+01	1.959410e+01	1.371296e+16
4830	6.749451e+15	1.284533e+01	2.098871e+01	2.483375e+16
4831	6.750187e+15	1.192970e+01	1.997312e+01	4.198393e+16
4832	6.750968e+15	1.330771e+01	2.443969e+01	3.961481e+16
4833	6.751694e+15	1.203727e+01	1.962447e+01	2.875238e+16
4834	6.752513e+15	1.491210e+01	2.504129e+01	2.286810e+16
4835	6.753279e+15	1.207999e+01	2.212364e+01	2.833078e+16
4836	6.754093e+15	1.459352e+01	2.670779e+01	2.822005e+16
4837	6.754809e+15	1.090542e+01	2.119462e+01	3.094971e+16
4838	6.755561e+15	1.347870e+01	2.541222e+01	2.777636e+16
4839	6.756246e+15	1.407829e+01	2.159346e+01	1.813996e+16
4840	6.756954e+15	1.473046e+01	2.065724e+01	3.202159e+16
4841	6.757709e+15	1.763883e+01	2.578845e+01	2.845769e+16
4842	6.758395e+15	1.271816e+01	1.978609e+01	1.354306e+16
4843	6.759163e+15	1.308484e+01	2.341824e+01	2.205081e+16
4844	6.759919e+15	1.380164e+01	2.564801e+01	2.089223e+16
4845	6.760608e+15	1.186225e+01	2.173610e+01	2.286589e+16
4846	6.761334e+15	1.315918e+01	2.326208e+01	3.323021e+16
4847	6.762055e+15	1.377399e+01	2.420411e+01	3.018375e+16
4848	6.762742e+15	1.213365e+01	2.206279e+01	1.946772e+16
4849	6.763463e+15	1.321527e+01	2.400805e+01	2.227455e+16
4850	6.764162e+15	1.211729e+01	2.229081e+01	1.745423e+16
4851	6.764872e+15	1.219846e+01	2.361909e+01	2.228198e+16
4852	6.765565e+15	1.254935e+01	2.302037e+01	2.433185e+16
4853	6.766252e+15	1.233595e+01	2.174330e+01	3.947612e+16
4854	6.766962e+15	1.279248e+01	2.218512e+01	3.178882e+16
4855	6.767673e+15	1.277080e+01	2.193641e+01	4.550321e+16
4856	6.768380e+15	1.298506e+01	2.069079e+01	2.146757e+16
4857	6.769113e+15	1.386164e+01	2.213216e+01	1.724223e+16
4858	6.769822e+15	1.229993e+01	2.046220e+01	2.591412e+16
4859	6.770557e+15	1.298684e+01	2.236406e+01	2.115486e+16
4860	6.771266e+15	1.227993e+01	2.028218e+01	2.269626e+16
4861	6.772005e+15	1.224944e+01	1.941327e+01	3.528917e+16
4862	6.772801e+15	1.348350e+01	2.145372e+01	3.116144e+16
4863	6.773583e+15	1.160640e+01	1.911462e+01	2.847384e+16
4864	6.774425e+15	1.324437e+01	2.057101e+01	4.809105e+16
4865	6.775270e+15	1.443167e+01	2.252956e+01	3.395197e+16
4866	6.776064e+15	1.060516e+01	1.764407e+01	2.404340e+16
4867	6.776971e+15	1.554880e+01	2.625580e+01	5.852012e+16
4868	6.777715e+15	1.173773e+01	1.802058e+01	3.816199e+16
4869	6.778573e+15	1.340536e+01	1.999898e+01	2.906914e+16
4870	6.779482e+15	1.619662e+01	2.671108e+01	3.961745e+16
4871	6.780238e+15	1.089619e+01	1.902744e+01	2.894296e+16
4872	6.781094e+15	1.212724e+01	2.164838e+01	2.294403e+16
4873	6.781964e+15	1.275550e+01	2.268698e+01	2.979532e+16
4874	6.782801e+15	1.552358e+01	2.556371e+01	3.983163e+16
4875	6.783528e+15	1.342298e+01	1.951854e+01	3.450295e+16
4876	6.784316e+15	1.349542e+01	2.030994e+01	2.921101e+16
4877	6.785150e+15	1.564847e+01	2.422296e+01	2.488065e+16
4878	6.785924e+15	1.550488e+01	2.287801e+01	2.559969e+16
4879	6.786686e+15	1.582439e+01	2.283875e+01	4.085030e+16
4880	6.787440e+15	1.646051e+01	2.347336e+01	2.487930e+16
4881	6.788178e+15	1.439069e+01	2.167983e+01	3.006172e+16
4882	6.788938e+15	1.438832e+01	2.399705e+01	3.862101e+16
4883	6.789676e+15	1.379136e+01	2.385764e+01	4.024849e+16
4884	6.790408e+15	1.193754e+01	2.214803e+01	3.024497e+16
4885	6.791185e+15	1.376075e+01	2.565064e+01	3.206915e+16
4886	6.791926e+15	1.276121e+01	2.374364e+01	3.798467e+16
4887	6.792681e+15	1.194918e+01	2.363149e+01	2.077909e+16
4888	6.793452e+15	1.320761e+01	2.514097e+01	3.391288e+16
4889	6.794209e+15	1.258627e+01	2.418639e+01	2.635445e+16
4890	6.794979e+15	1.336167e+01	2.583297e+01	2.882488e+16
4891	6.795726e+15	1.383553e+01	2.562987e+01	3.687666e+16
4892	6.796471e+15	1.378577e+01	2.377981e+01	3.583063e+16
4893	6.797239e+15	1.561076e+01	2.727746e+01	3.857003e+16
4894	6.797948e+15	1.509246e+01	2.609480e+01	2.492380e+16
4895	6.798636e+15	1.491516e+01	2.642255e+01	3.198503e+16
4896	6.799299e+15	1.593832e+01	2.661833e+01	3.771189e+16
4897	6.799930e+15	1.584338e+01	2.498468e+01	3.198427e+16
4898	6.800562e+15	1.748605e+01	2.629937e+01	4.117284e+16
4899	6.801167e+15	1.580625e+01	2.339247e+01	2.807907e+16
4900	6.801807e+15	1.644483e+01	2.450818e+01	3.263633e+16
4901	6.802458e+15	1.562245e+01	2.400182e+01	5.334097e+16
4902	6.803126e+15	1.560599e+01	2.446753e+01	3.539550e+16
4903	6.803795e+15	1.388264e+01	2.166974e+01	2.858028e+16
4904	6.804536e+15	1.629827e+01	2.515715e+01	2.743204e+16
4905	6.805275e+15	1.505516e+01	2.175479e+01	3.243053e+16
4906	6.806100e+15	1.551500e+01	2.330659e+01	2.664768e+16
4907	6.806976e+15	1.794251e+01	2.921555e+01	4.329966e+16
4908	6.807748e+15	1.725672e+01	2.683729e+01	4.299473e+16
4909	6.808492e+15	1.879896e+01	2.815376e+01	2.745513e+16
4910	6.809187e+15	1.823115e+01	2.580931e+01	2.102581e+16
4911	6.809880e+15	1.798240e+01	2.622838e+01	2.187170e+16
4912	6.810564e+15	1.337964e+01	2.113021e+01	2.116758e+16
4913	6.811384e+15	1.774777e+01	3.057171e+01	3.650000e+16
4914	6.812111e+15	1.442656e+01	2.590825e+01	2.893430e+16
4915	6.812841e+15	1.353394e+01	2.657877e+01	3.740771e+16
4916	6.813551e+15	1.236686e+01	2.393016e+01	1.914384e+16
4917	6.814300e+15	1.640062e+01	2.983368e+01	4.025564e+16
4918	6.814962e+15	1.375500e+01	2.427960e+01	1.323928e+16
4919	6.815646e+15	1.283917e+01	2.260170e+01	2.298679e+16
4920	6.816388e+15	1.705807e+01	2.891214e+01	2.842118e+16
4921	6.817042e+15	1.344529e+01	2.147130e+01	2.069293e+16
4922	6.817775e+15	1.491589e+01	2.568363e+01	2.177173e+16
4923	6.818483e+15	1.203836e+01	2.190656e+01	2.473017e+16
4924	6.819247e+15	1.036731e+01	2.021631e+01	3.020569e+16
4925	6.820102e+15	1.280561e+01	2.579741e+01	1.985262e+16
4926	6.820891e+15	1.130764e+01	2.345660e+01	4.767395e+16
4927	6.821709e+15	9.386494e+00	1.928502e+01	2.860057e+16
4928	6.822690e+15	1.024293e+01	2.339971e+01	3.971519e+16
4929	6.823672e+15	1.020019e+01	2.258257e+01	4.213776e+16
4930	6.824655e+15	1.262641e+01	2.547232e+01	2.540250e+16
4931	6.825532e+15	1.170022e+01	2.295861e+01	2.775056e+16
4932	6.826382e+15	1.137327e+01	2.120829e+01	2.631595e+16
4933	6.827242e+15	1.102097e+01	2.118365e+01	3.641786e+16
4934	6.828098e+15	1.137901e+01	2.218800e+01	4.001346e+16
4935	6.828913e+15	1.143711e+01	2.062684e+01	3.816955e+16
4936	6.829729e+15	1.064878e+01	1.905539e+01	2.666764e+16
4937	6.830601e+15	1.164332e+01	2.074739e+01	3.694615e+16
4938	6.831447e+15	8.787956e+00	1.628638e+01	2.258957e+16
4939	6.832420e+15	1.065616e+01	2.043922e+01	3.606850e+16
4940	6.833329e+15	1.498467e+01	2.394175e+01	3.165214e+16
4941	6.834084e+15	1.126016e+01	1.689246e+01	2.890587e+16
4942	6.834941e+15	1.515298e+01	2.391386e+01	3.159716e+16
4943	6.835683e+15	1.213177e+01	1.876412e+01	2.527674e+16
4944	6.836487e+15	1.349427e+01	2.196326e+01	2.341841e+16
4945	6.837263e+15	1.489340e+01	2.355418e+01	3.658689e+16
4946	6.837976e+15	1.665124e+01	2.459122e+01	3.007062e+16
4947	6.838613e+15	1.520063e+01	2.141683e+01	1.747185e+16
4948	6.839253e+15	1.750982e+01	2.351414e+01	2.130280e+16
4949	6.839845e+15	1.594983e+01	2.014823e+01	1.880559e+16
4950	6.840474e+15	1.731211e+01	2.252891e+01	2.517481e+16
4951	6.841079e+15	1.457684e+01	1.962440e+01	2.276523e+16
4952	6.841720e+15	1.355367e+01	1.880640e+01	3.076572e+16
4953	6.842429e+15	1.671542e+01	2.340095e+01	2.043806e+16
4954	6.843089e+15	1.462791e+01	2.046710e+01	2.635882e+16
4955	6.843780e+15	1.674757e+01	2.341817e+01	2.371385e+16
4956	6.844442e+15	1.629678e+01	2.347196e+01	2.494586e+16
4957	6.845082e+15	1.482129e+01	2.230877e+01	2.281832e+16
4958	6.845722e+15	1.506796e+01	2.256575e+01	3.789525e+16
4959	6.846349e+15	1.489018e+01	2.128624e+01	2.681464e+16
4960	6.846993e+15	1.752019e+01	2.415203e+01	2.359881e+16
4961	6.847592e+15	1.518931e+01	2.057758e+01	2.656424e+16
4962	6.848231e+15	1.541710e+01	2.177317e+01	3.184342e+16
4963	6.848879e+15	1.408901e+01	1.941892e+01	1.681603e+16
4964	6.849588e+15	1.533850e+01	2.346079e+01	3.419784e+16
4965	6.850288e+15	1.646574e+01	2.491000e+01	1.854226e+16
4966	6.850952e+15	1.474574e+01	2.337182e+01	2.436450e+16
4967	6.851609e+15	1.418180e+01	2.319610e+01	2.455076e+16
4968	6.852249e+15	1.567309e+01	2.235865e+01	2.528657e+16
4969	6.852893e+15	1.604191e+01	2.099559e+01	1.956056e+16
4970	6.853562e+15	1.517221e+01	2.300936e+01	2.093334e+16
4971	6.854213e+15	1.283693e+01	2.007561e+01	1.348354e+16
4972	6.854915e+15	1.184261e+01	1.917209e+01	2.852730e+16
4973	6.855684e+15	1.391812e+01	2.434582e+01	2.831361e+16
4974	6.856376e+15	1.427681e+01	2.133724e+01	3.695165e+16
4975	6.857057e+15	1.116574e+01	1.643178e+01	3.064420e+16
4976	6.857873e+15	1.085628e+01	1.953797e+01	2.397873e+16
4977	6.858742e+15	1.289555e+01	2.233222e+01	3.324189e+16
4978	6.859552e+15	1.103840e+01	1.717958e+01	2.102816e+16
4979	6.860478e+15	1.487056e+01	2.290127e+01	3.718885e+16
4980	6.861324e+15	1.400586e+01	2.005323e+01	3.457783e+16
4981	6.862186e+15	1.499237e+01	2.158569e+01	3.799915e+16
4982	6.863012e+15	1.638494e+01	2.220258e+01	3.589624e+16
4983	6.863784e+15	1.719519e+01	2.220903e+01	1.957358e+16
4984	6.864505e+15	1.615581e+01	2.144201e+01	3.505467e+16
4985	6.865201e+15	1.809640e+01	2.225181e+01	2.843503e+16
4986	6.865849e+15	1.763364e+01	2.126816e+01	2.957928e+16
4987	6.866484e+15	1.694574e+01	2.086654e+01	3.232837e+16
4988	6.867120e+15	1.634451e+01	2.122368e+01	3.414124e+16
4989	6.867757e+15	1.525554e+01	2.064530e+01	3.089585e+16
4990	6.868412e+15	1.601989e+01	2.143731e+01	2.411974e+16
4991	6.869060e+15	1.621985e+01	2.107226e+01	1.428330e+16
4992	6.869706e+15	1.658953e+01	2.047947e+01	3.416899e+16
4993	6.870360e+15	1.601117e+01	1.858921e+01	2.447931e+16
4994	6.871058e+15	1.808876e+01	2.018934e+01	3.399328e+16
4995	6.871758e+15	1.757760e+01	1.964493e+01	3.130007e+16
4996	6.872476e+15	1.619488e+01	1.966979e+01	1.940337e+16
4997	6.873211e+15	1.854928e+01	2.229794e+01	1.894856e+16
4998	6.873884e+15	1.631285e+01	1.861746e+01	2.381063e+16
4999	6.874594e+15	1.626373e+01	1.926792e+01	3.339243e+16
5000	6.875319e+15	1.457629e+01	1.973259e+01	3.317331e+16
5001	6.876081e+15	1.160153e+01	1.702004e+01	2.344380e+16
5002	6.876954e+15	1.567448e+01	2.239548e+01	3.323749e+16
5003	6.877712e+15	1.492622e+01	2.011583e+01	2.251349e+16
5004	6.878435e+15	1.712978e+01	2.017703e+01	2.391728e+16
5005	6.879124e+15	1.613633e+01	1.809925e+01	3.076853e+16
5006	6.879814e+15	1.678576e+01	1.963329e+01	3.169441e+16
5007	6.880447e+15	1.448845e+01	1.565322e+01	2.363230e+16
5008	6.881142e+15	1.819635e+01	1.860237e+01	2.023803e+16
5009	6.881790e+15	1.615094e+01	1.642937e+01	1.908847e+16
5010	6.882449e+15	1.499201e+01	1.563743e+01	3.252488e+16
5011	6.883131e+15	1.324612e+01	1.494106e+01	2.252374e+16
5012	6.883869e+15	1.555055e+01	1.771459e+01	2.147379e+16
5013	6.884560e+15	1.173621e+01	1.292852e+01	1.926501e+16
5014	6.885382e+15	1.284828e+01	1.527991e+01	1.786979e+16
5015	6.886233e+15	9.881863e+00	1.259121e+01	3.053486e+16
5016	6.887253e+15	1.349940e+01	1.774241e+01	5.438248e+16
5017	6.888201e+15	1.444872e+01	1.881587e+01	4.057181e+16
5018	6.889048e+15	1.230221e+01	1.710922e+01	4.237196e+16
5019	6.889877e+15	1.009201e+01	1.451007e+01	2.162957e+16
5020	6.890768e+15	1.155582e+01	1.598118e+01	3.001425e+16
5021	6.891644e+15	1.321570e+01	1.853711e+01	3.414475e+16
5022	6.892381e+15	9.405026e+00	1.207201e+01	2.295737e+16
5023	6.893249e+15	1.488477e+01	1.794693e+01	2.743965e+16
5024	6.893994e+15	1.058837e+01	1.256341e+01	2.630012e+16
5025	6.894845e+15	1.217439e+01	1.661543e+01	2.349721e+16
5026	6.895625e+15	8.800930e+00	1.226679e+01	2.520001e+16
5027	6.896561e+15	7.587298e+00	1.418284e+01	3.772167e+16
5028	6.897567e+15	1.132421e+01	2.199963e+01	4.785507e+16
5029	6.898340e+15	7.176173e+00	1.443883e+01	2.221843e+16
5030	6.899218e+15	1.024500e+01	2.275495e+01	3.956346e+16
5031	6.899913e+15	8.773860e+00	1.681458e+01	3.175748e+16
5032	6.900640e+15	7.555336e+00	1.577784e+01	3.842109e+16
5033	6.901434e+15	7.189663e+00	1.508421e+01	2.809509e+16
5034	6.902344e+15	1.124764e+01	2.339763e+01	3.855756e+16
5035	6.903087e+15	9.853690e+00	1.765115e+01	3.387200e+16
5036	6.903864e+15	1.157094e+01	1.845908e+01	3.400574e+16
5037	6.904648e+15	1.315300e+01	2.079185e+01	3.885415e+16
5038	6.905357e+15	8.833177e+00	1.519218e+01	3.427363e+16
5039	6.906182e+15	1.272514e+01	2.168240e+01	3.532455e+16
5040	6.906907e+15	1.171441e+01	1.714028e+01	2.592908e+16
5041	6.907690e+15	1.327041e+01	2.100229e+01	3.802027e+16
5042	6.908443e+15	1.216181e+01	1.944936e+01	2.461218e+16
5043	6.909233e+15	1.184366e+01	2.107051e+01	2.982375e+16
5044	6.910035e+15	1.360933e+01	2.533641e+01	4.796754e+16
5045	6.910752e+15	1.296657e+01	2.344073e+01	3.175558e+16
5046	6.911458e+15	1.315440e+01	2.329100e+01	2.349095e+16
5047	6.912171e+15	1.389196e+01	2.491865e+01	4.626579e+16
5048	6.912859e+15	1.367328e+01	2.647679e+01	2.427978e+16
5049	6.913492e+15	1.518467e+01	2.466983e+01	2.345394e+16
5050	6.914123e+15	1.561287e+01	2.442863e+01	2.308850e+16
5051	6.914758e+15	1.512978e+01	2.508364e+01	2.280211e+16
5052	6.915384e+15	1.475516e+01	2.452738e+01	2.650539e+16
5053	6.916011e+15	1.469232e+01	2.460372e+01	2.581331e+16
5054	6.916642e+15	1.563584e+01	2.529951e+01	1.612139e+16
5055	6.917268e+15	1.549974e+01	2.421588e+01	2.211456e+16
5056	6.917915e+15	1.571299e+01	2.462636e+01	1.241550e+16
5057	6.918573e+15	1.339042e+01	2.295109e+01	3.159818e+16
5058	6.919285e+15	1.321112e+01	2.392820e+01	2.243596e+16
5059	6.920030e+15	1.422261e+01	2.650140e+01	3.273937e+16
5060	6.920749e+15	1.500305e+01	2.703272e+01	4.214341e+16
5061	6.921435e+15	1.504917e+01	2.626749e+01	1.665193e+16
5062	6.922105e+15	1.339871e+01	2.482921e+01	2.357472e+16
5063	6.922794e+15	1.352879e+01	2.619877e+01	2.103101e+16
5064	6.923471e+15	1.400015e+01	2.714334e+01	3.919448e+16
5065	6.924115e+15	1.195613e+01	2.331199e+01	2.253587e+16
5066	6.924800e+15	1.445895e+01	2.667510e+01	3.760978e+16
5067	6.925447e+15	1.346108e+01	2.340232e+01	2.757053e+16
5068	6.926122e+15	1.457925e+01	2.496911e+01	3.242837e+16
5069	6.926799e+15	1.431866e+01	2.437679e+01	3.303925e+16
5070	6.927489e+15	1.429838e+01	2.476500e+01	2.580073e+16
5071	6.928179e+15	1.385209e+01	2.412300e+01	4.471289e+16
5072	6.928887e+15	1.529993e+01	2.449994e+01	3.460633e+16
5073	6.929609e+15	1.521539e+01	2.531581e+01	3.803905e+16
5074	6.930331e+15	1.480498e+01	2.628643e+01	3.040264e+16
5075	6.931035e+15	1.428536e+01	2.398863e+01	4.524894e+16
5076	6.931778e+15	1.481119e+01	2.588370e+01	4.485865e+16
5077	6.932519e+15	1.351104e+01	2.403258e+01	3.034180e+16
5078	6.933296e+15	1.305539e+01	2.230902e+01	4.310893e+16
5079	6.934138e+15	1.409339e+01	2.619826e+01	5.225626e+16
5080	6.934956e+15	1.298018e+01	2.633528e+01	4.881945e+16
5081	6.935758e+15	1.209780e+01	2.697676e+01	4.619972e+16
5082	6.936548e+15	1.428673e+01	3.308571e+01	3.868023e+16
5083	6.937225e+15	1.037774e+01	2.385938e+01	3.480776e+16
5084	6.937990e+15	1.168134e+01	2.953514e+01	3.948357e+16
5085	6.938722e+15	1.184816e+01	2.944870e+01	1.668355e+16
5086	6.939424e+15	1.088395e+01	2.420533e+01	2.619384e+16
5087	6.940204e+15	1.222510e+01	2.877708e+01	4.039481e+16
5088	6.940958e+15	1.158359e+01	2.956383e+01	1.756898e+16
5089	6.941672e+15	1.159925e+01	3.054290e+01	3.779609e+16
5090	6.942344e+15	9.821579e+00	2.417190e+01	2.076695e+16
5091	6.943105e+15	1.004536e+01	2.730119e+01	4.059590e+16
5092	6.943879e+15	1.215304e+01	3.118996e+01	2.580131e+16
5093	6.944590e+15	1.052372e+01	2.371674e+01	2.262522e+16
5094	6.945400e+15	1.068242e+01	2.715007e+01	3.038442e+16
5095	6.946223e+15	1.083303e+01	2.783353e+01	3.554752e+16
5096	6.947015e+15	8.763244e+00	2.345050e+01	2.533819e+16
5097	6.947886e+15	1.119329e+01	2.871467e+01	3.482829e+16
5098	6.948699e+15	1.260835e+01	2.953610e+01	4.340673e+16
5099	6.949454e+15	1.018665e+01	2.415824e+01	4.868205e+16
5100	6.950271e+15	1.130812e+01	2.688678e+01	4.532005e+16
5101	6.951074e+15	1.050871e+01	2.349466e+01	3.832057e+16
5102	6.951928e+15	1.158715e+01	2.579522e+01	3.794830e+16
5103	6.952763e+15	1.059506e+01	2.312220e+01	2.214687e+16
5104	6.953640e+15	1.077555e+01	2.576117e+01	2.512285e+16
5105	6.954489e+15	1.101108e+01	2.378069e+01	3.686362e+16
5106	6.955359e+15	1.044464e+01	2.117892e+01	4.082474e+16
5107	6.956299e+15	1.054440e+01	2.273969e+01	3.447304e+16
5108	6.957240e+15	1.068610e+01	2.366483e+01	3.434215e+16
5109	6.958155e+15	1.253537e+01	2.756855e+01	3.599199e+16
5110	6.958938e+15	8.994800e+00	2.099140e+01	4.491024e+16
5111	6.959818e+15	1.139592e+01	2.667720e+01	3.539725e+16
5112	6.960603e+15	1.158392e+01	2.417886e+01	3.830565e+16
5113	6.961347e+15	1.178855e+01	2.343885e+01	1.704744e+16
5114	6.962083e+15	1.136905e+01	2.199673e+01	2.255956e+16
5115	6.962844e+15	1.229676e+01	2.437753e+01	2.573451e+16
5116	6.963561e+15	1.338199e+01	2.437972e+01	5.413368e+16
5117	6.964240e+15	1.244194e+01	2.362655e+01	3.487609e+16
5118	6.964905e+15	1.318547e+01	2.498522e+01	2.963753e+16
5119	6.965523e+15	1.500233e+01	2.424427e+01	1.781606e+16
5120	6.966116e+15	1.666945e+01	2.389628e+01	8.661366e+15
5121	6.966686e+15	1.642158e+01	2.280285e+01	2.096043e+16
5122	6.967254e+15	1.730293e+01	2.254679e+01	2.075800e+16
5123	6.967820e+15	1.708084e+01	2.177416e+01	1.425183e+16
5124	6.968398e+15	1.742168e+01	2.164729e+01	1.562206e+16
5125	6.968971e+15	1.588182e+01	2.031221e+01	2.173832e+16
5126	6.969567e+15	1.551488e+01	2.019763e+01	1.753380e+16
5127	6.970200e+15	2.207844e+01	2.715273e+01	2.336887e+16
5128	6.970732e+15	1.584678e+01	1.822325e+01	2.190761e+16
5129	6.971371e+15	1.932196e+01	2.549781e+01	3.477436e+16
5130	6.971956e+15	1.484442e+01	2.096984e+01	3.322592e+16
5131	6.972578e+15	1.177417e+01	1.769422e+01	2.861814e+16
5132	6.973322e+15	1.931584e+01	2.795934e+01	3.280847e+16
5133	6.973929e+15	1.594667e+01	2.132639e+01	2.717871e+16
5134	6.974539e+15	1.231637e+01	1.744080e+01	1.254905e+16
5135	6.975259e+15	1.415653e+01	2.170968e+01	1.019655e+16
5136	6.975968e+15	1.344908e+01	2.029044e+01	2.868200e+16
5137	6.976694e+15	1.335543e+01	2.082598e+01	1.739559e+16
5138	6.977411e+15	1.202000e+01	1.735660e+01	3.375103e+16
5139	6.978232e+15	1.324284e+01	2.036834e+01	2.914361e+16
5140	6.979076e+15	1.459166e+01	2.383074e+01	3.330294e+16
5141	6.979851e+15	1.343851e+01	2.303613e+01	3.123894e+16
5142	6.980602e+15	1.396272e+01	2.475317e+01	2.181675e+16
5143	6.981302e+15	1.264661e+01	2.150306e+01	2.765980e+16
5144	6.982033e+15	1.407656e+01	2.436430e+01	3.021476e+16
5145	6.982701e+15	1.424539e+01	2.287481e+01	3.740747e+16
5146	6.983331e+15	1.298731e+01	1.576524e+01	2.451259e+16
5147	6.984087e+15	1.471370e+01	2.152805e+01	3.874144e+16
5148	6.984801e+15	1.106579e+01	1.735534e+01	1.890127e+16
5149	6.985584e+15	1.108022e+01	1.984944e+01	3.301449e+16
5150	6.986381e+15	1.254330e+01	2.247871e+01	3.434003e+16
5151	6.987100e+15	1.191813e+01	2.059833e+01	2.959879e+16
5152	6.987779e+15	1.396741e+01	2.080856e+01	5.443079e+16
5153	6.988404e+15	1.426911e+01	1.707191e+01	2.827091e+16
5154	6.989063e+15	1.409010e+01	1.499290e+01	2.372730e+16
5155	6.989791e+15	1.416349e+01	1.774889e+01	3.917345e+16
5156	6.990531e+15	1.419333e+01	1.910412e+01	2.202614e+16
5157	6.991269e+15	1.389359e+01	1.912332e+01	3.838222e+16
5158	6.992019e+15	1.506628e+01	2.165670e+01	3.925541e+16
5159	6.992727e+15	1.500470e+01	2.078035e+01	2.647634e+16
5160	6.993428e+15	1.589676e+01	1.992923e+01	3.976059e+16
5161	6.994136e+15	1.477351e+01	1.921006e+01	2.933796e+16
5162	6.994889e+15	1.652549e+01	2.149002e+01	2.694666e+16
5163	6.995627e+15	1.661586e+01	2.179271e+01	4.087530e+16
5164	6.996330e+15	1.503429e+01	2.106200e+01	2.632742e+16
5165	6.997027e+15	1.637455e+01	2.167539e+01	1.717722e+16
5166	6.997700e+15	1.503210e+01	1.932626e+01	3.400057e+16
5167	6.998407e+15	1.678643e+01	2.024548e+01	2.414880e+16
5168	6.999116e+15	1.805794e+01	2.041848e+01	2.393928e+16
5169	6.999811e+15	1.735435e+01	1.832646e+01	1.536889e+16
5170	7.000535e+15	1.651352e+01	1.753550e+01	3.250770e+16
5171	7.001305e+15	1.662385e+01	1.894764e+01	2.729830e+16
5172	7.002058e+15	1.443235e+01	1.812119e+01	3.376727e+16
5173	7.002846e+15	1.379437e+01	1.860622e+01	1.958883e+16
5174	7.003647e+15	1.676734e+01	2.190429e+01	1.843845e+16
5175	7.004356e+15	1.569224e+01	1.923325e+01	2.048810e+16
5176	7.005064e+15	1.705334e+01	2.019289e+01	3.698604e+16
5177	7.005739e+15	1.669943e+01	2.030432e+01	2.834983e+16
5178	7.006375e+15	1.632750e+01	1.990819e+01	3.395503e+16
5179	7.006985e+15	1.820368e+01	2.071597e+01	1.797077e+16
5180	7.007546e+15	1.811704e+01	1.914522e+01	3.183626e+16
5181	7.008095e+15	1.840589e+01	1.791702e+01	2.709394e+16
5182	7.008656e+15	1.925345e+01	1.808705e+01	1.520144e+16
5183	7.009211e+15	1.592083e+01	1.381263e+01	1.635715e+16
5184	7.009855e+15	1.588013e+01	1.617900e+01	1.809972e+16
5185	7.010549e+15	1.424801e+01	1.700418e+01	3.029022e+16
5186	7.011273e+15	1.323891e+01	1.854957e+01	3.116785e+16
5187	7.011994e+15	1.681780e+01	2.155818e+01	3.027455e+16
5188	7.012621e+15	1.660363e+01	1.743714e+01	1.919719e+16
5189	7.013264e+15	1.841553e+01	1.836577e+01	2.299335e+16
5190	7.013885e+15	1.677890e+01	1.741549e+01	3.155314e+16
5191	7.014508e+15	1.660100e+01	1.700477e+01	3.439222e+16
5192	7.015132e+15	1.961114e+01	1.956888e+01	1.928835e+16
5193	7.015694e+15	1.441046e+01	1.471229e+01	1.415726e+16
5194	7.016335e+15	1.444844e+01	1.562446e+01	1.998492e+16
5195	7.017009e+15	1.753316e+01	1.898593e+01	2.871926e+16
5196	7.017614e+15	1.415430e+01	1.561000e+01	2.093680e+16
5197	7.018260e+15	1.692307e+01	1.926424e+01	3.414600e+16
5198	7.018859e+15	1.412752e+01	1.702403e+01	7.094076e+15
5199	7.019475e+15	1.250260e+01	1.760418e+01	2.306554e+16
5200	7.020099e+15	1.443494e+01	1.820355e+01	2.279944e+16
5201	7.020704e+15	1.423846e+01	1.621052e+01	2.073412e+16
5202	7.021327e+15	1.440750e+01	1.630076e+01	2.883901e+16
5203	7.021980e+15	1.357661e+01	1.676486e+01	2.615283e+16
5204	7.022655e+15	1.281698e+01	1.580972e+01	1.789851e+16
5205	7.023394e+15	1.677654e+01	1.993846e+01	2.366033e+16
5206	7.024057e+15	1.452321e+01	1.666129e+01	2.906794e+16
5207	7.024756e+15	1.318448e+01	1.537137e+01	3.273406e+16
5208	7.025536e+15	1.558111e+01	1.930366e+01	2.409967e+16
5209	7.026237e+15	1.096383e+01	1.387099e+01	1.973279e+16
5210	7.027079e+15	1.280698e+01	1.829628e+01	1.797013e+16
5211	7.027920e+15	1.564859e+01	2.233290e+01	2.602755e+16
5212	7.028649e+15	1.240402e+01	1.926433e+01	2.377715e+16
5213	7.029372e+15	1.345102e+01	2.051037e+01	3.035777e+16
5214	7.030038e+15	1.126299e+01	1.707021e+01	1.180725e+16
5215	7.030753e+15	1.290132e+01	1.894092e+01	2.926428e+16
5216	7.031460e+15	1.529830e+01	2.114524e+01	3.268114e+16
5217	7.032101e+15	1.456549e+01	1.966152e+01	4.091038e+16
5218	7.032731e+15	1.335035e+01	1.753469e+01	1.156647e+16
5219	7.033395e+15	1.345610e+01	1.816530e+01	1.186491e+16
5220	7.034079e+15	1.442748e+01	2.023587e+01	2.472644e+16
5221	7.034714e+15	1.257776e+01	1.735194e+01	1.385417e+16
5222	7.035388e+15	1.707991e+01	2.306286e+01	8.051010e+15
5223	7.035959e+15	1.469412e+01	1.954247e+01	2.077686e+16
5224	7.036525e+15	1.449959e+01	1.956925e+01	5.883425e+15
5225	7.037094e+15	1.185627e+01	1.433590e+01	1.451957e+16
5226	7.037775e+15	1.573812e+01	1.936428e+01	2.649494e+16
5227	7.038427e+15	1.500275e+01	1.899351e+01	3.667776e+16
5228	7.039061e+15	1.106032e+01	1.641033e+01	1.848439e+16
5229	7.039753e+15	1.221831e+01	2.004839e+01	1.669613e+16
5230	7.040392e+15	1.174740e+01	1.824308e+01	1.317639e+16
5231	7.041031e+15	1.061920e+01	1.701417e+01	2.065636e+16
5232	7.041711e+15	1.234731e+01	1.915940e+01	1.592986e+16
5233	7.042366e+15	1.145980e+01	1.711832e+01	1.247934e+16
5234	7.043063e+15	1.305058e+01	1.854271e+01	3.137098e+16
5235	7.043757e+15	1.487269e+01	2.038796e+01	3.626448e+16
5236	7.044398e+15	1.178139e+01	1.516834e+01	3.421389e+16
5237	7.045125e+15	1.103945e+01	1.666185e+01	2.386972e+16
5238	7.045927e+15	1.438968e+01	2.310497e+01	2.822113e+16
5239	7.046600e+15	1.076034e+01	1.768572e+01	2.480372e+16
5240	7.047315e+15	1.139156e+01	2.000852e+01	2.696684e+16
5241	7.047982e+15	1.277184e+01	1.949942e+01	3.485511e+16
5242	7.048617e+15	1.152731e+01	1.476213e+01	2.040545e+16
5243	7.049380e+15	1.263773e+01	1.920765e+01	2.639394e+16
5244	7.050126e+15	1.048831e+01	1.768001e+01	3.091718e+16
5245	7.050912e+15	1.072792e+01	1.889216e+01	1.640706e+16
5246	7.051717e+15	1.064132e+01	2.154404e+01	1.929042e+16
5247	7.052455e+15	1.183016e+01	2.183381e+01	3.229019e+16
5248	7.053130e+15	1.042050e+01	1.841987e+01	3.323958e+16
5249	7.053836e+15	1.105219e+01	2.113948e+01	1.372410e+16
5250	7.054489e+15	1.111847e+01	1.868516e+01	1.976942e+16
5251	7.055163e+15	1.238467e+01	1.938220e+01	2.159176e+16
5252	7.055848e+15	1.253677e+01	2.129675e+01	3.341602e+16
5253	7.056506e+15	1.069004e+01	1.901410e+01	1.623426e+16
5254	7.057213e+15	9.936825e+00	2.196938e+01	5.270565e+16
5255	7.057907e+15	1.217790e+01	2.483906e+01	2.802306e+16
5256	7.058522e+15	1.106047e+01	1.689485e+01	2.955867e+16
5257	7.059253e+15	1.378407e+01	2.335781e+01	2.684789e+16
5258	7.059944e+15	1.160777e+01	2.169715e+01	2.693043e+16
5259	7.060637e+15	1.032224e+01	1.889959e+01	2.186179e+16
5260	7.061414e+15	1.256862e+01	2.289537e+01	4.940468e+16
5261	7.062154e+15	1.189498e+01	2.270999e+01	1.599536e+16
5262	7.062866e+15	1.111595e+01	2.022363e+01	1.754714e+16
5263	7.063634e+15	1.266057e+01	2.491101e+01	2.820898e+16
5264	7.064346e+15	1.108029e+01	2.370394e+01	4.439305e+16
5265	7.065045e+15	1.094693e+01	2.404352e+01	4.103330e+16
5266	7.065727e+15	1.196386e+01	2.591784e+01	1.583085e+16
5267	7.066356e+15	1.117203e+01	2.132355e+01	2.431329e+16
5268	7.067035e+15	1.257970e+01	2.441736e+01	3.564116e+16
5269	7.067706e+15	1.264823e+01	2.490784e+01	2.925982e+16
5270	7.068368e+15	1.031818e+01	2.176342e+01	1.724017e+16
5271	7.069103e+15	1.241780e+01	2.726478e+01	2.911823e+16
5272	7.069789e+15	1.354732e+01	2.834320e+01	3.532837e+16
5273	7.070412e+15	1.235848e+01	2.521510e+01	3.460439e+16
5274	7.071044e+15	1.331134e+01	2.679287e+01	3.860391e+16
5275	7.071654e+15	1.286876e+01	2.552247e+01	2.597491e+16
5276	7.072270e+15	1.323161e+01	2.588053e+01	1.358793e+16
5277	7.072888e+15	1.426094e+01	2.758890e+01	2.374739e+16
5278	7.073475e+15	1.253953e+01	2.427248e+01	1.782179e+16
5279	7.074093e+15	1.374928e+01	2.669363e+01	3.195820e+16
5280	7.074698e+15	1.356652e+01	2.581211e+01	2.815997e+16
5281	7.075302e+15	1.250778e+01	2.373378e+01	2.408611e+16
5282	7.075952e+15	1.322102e+01	2.586738e+01	2.247416e+16
5283	7.076610e+15	1.322402e+01	2.750294e+01	2.380253e+16
5284	7.077252e+15	1.336707e+01	2.714951e+01	2.577016e+16
5285	7.077882e+15	1.403325e+01	2.876529e+01	1.920359e+16
5286	7.078471e+15	1.324593e+01	2.729986e+01	4.102338e+16
5287	7.079053e+15	1.379819e+01	2.636383e+01	2.643903e+16
5288	7.079642e+15	1.511376e+01	2.772791e+01	1.867510e+16
5289	7.080206e+15	1.271938e+01	2.408629e+01	2.142041e+16
5290	7.080811e+15	1.234650e+01	2.348478e+01	1.508881e+16
5291	7.081464e+15	1.330350e+01	2.749199e+01	2.271063e+16
5292	7.082099e+15	9.700965e+00	2.108939e+01	2.369633e+16
5293	7.082862e+15	1.229275e+01	2.852195e+01	3.470668e+16
5294	7.083593e+15	1.159695e+01	2.694580e+01	4.014003e+16
5295	7.084328e+15	1.083371e+01	2.744061e+01	3.331624e+16
5296	7.085067e+15	1.120504e+01	3.062759e+01	2.605571e+16
5297	7.085735e+15	1.197995e+01	2.961063e+01	2.397478e+16
5298	7.086367e+15	1.391159e+01	2.923560e+01	1.860985e+16
5299	7.086975e+15	1.362054e+01	2.841171e+01	2.856269e+16
5300	7.087576e+15	1.565136e+01	3.212276e+01	2.494435e+16
5301	7.088112e+15	1.674837e+01	3.308217e+01	1.828505e+16
5302	7.088585e+15	1.736773e+01	3.377656e+01	2.202644e+16
5303	7.089000e+15	1.640524e+01	3.287408e+01	1.442891e+16
5304	7.089376e+15	1.618298e+01	3.241691e+01	1.353091e+16
5305	7.089723e+15	1.681987e+01	3.375414e+01	6.561697e+15
5306	7.090037e+15	1.709223e+01	3.152706e+01	1.605584e+16
5307	7.090337e+15	1.941366e+01	3.169859e+01	1.503838e+16
5308	7.090623e+15	2.154084e+01	3.148464e+01	6.746959e+15
5309	7.090896e+15	2.499671e+01	3.122684e+01	5.114357e+15
5310	7.091159e+15	2.677985e+01	2.819687e+01	8.156007e+15
5311	7.091434e+15	2.950065e+01	2.853650e+01	1.176818e+16
5312	7.091712e+15	2.786275e+01	2.834489e+01	1.163960e+16
5313	7.091994e+15	2.283138e+01	2.494989e+01	1.114629e+16
5314	7.092304e+15	2.345647e+01	2.607387e+01	2.201987e+16
5315	7.092628e+15	2.469360e+01	2.567371e+01	1.215420e+16
5316	7.092966e+15	1.871613e+01	2.095897e+01	9.945994e+15
5317	7.093372e+15	1.589517e+01	2.057738e+01	1.459826e+16
5318	7.093859e+15	1.863360e+01	2.319989e+01	1.851837e+16
5319	7.094367e+15	1.630995e+01	2.069031e+01	1.193962e+16
5320	7.094935e+15	1.389117e+01	2.130085e+01	3.075457e+16
5321	7.095542e+15	1.001655e+01	1.837048e+01	1.537901e+16
5322	7.096267e+15	1.103736e+01	2.125262e+01	1.668708e+16
5323	7.097006e+15	1.163311e+01	2.209097e+01	1.933409e+16
5324	7.097720e+15	1.329044e+01	2.039882e+01	1.849254e+16
5325	7.098442e+15	1.265555e+01	1.837348e+01	3.794413e+16
5326	7.099217e+15	1.251997e+01	1.913872e+01	4.327476e+16
5327	7.100014e+15	1.356521e+01	2.081390e+01	3.628845e+16
5328	7.100774e+15	1.016749e+01	1.560394e+01	5.350892e+16
5329	7.101685e+15	1.128958e+01	2.004657e+01	3.027740e+16
5330	7.102593e+15	1.559308e+01	2.338652e+01	3.744493e+16
5331	7.103392e+15	1.437224e+01	2.123611e+01	3.162800e+16
5332	7.104171e+15	1.421405e+01	2.176487e+01	1.857271e+16
5333	7.104905e+15	1.400132e+01	2.170881e+01	2.553163e+16
5334	7.105593e+15	1.450236e+01	2.074622e+01	1.641763e+16
5335	7.106255e+15	1.551883e+01	2.132888e+01	2.499260e+16
5336	7.106878e+15	1.400575e+01	1.902780e+01	3.109336e+16
5337	7.107528e+15	1.605035e+01	2.126464e+01	2.006388e+16
5338	7.108141e+15	1.442730e+01	1.924490e+01	2.583098e+16
5339	7.108762e+15	1.235544e+01	1.728438e+01	4.503660e+16
5340	7.109440e+15	1.365168e+01	1.948524e+01	2.196644e+16
5341	7.110104e+15	1.178779e+01	1.732138e+01	1.677028e+16
5342	7.110834e+15	1.364621e+01	2.108765e+01	1.966287e+16
5343	7.111535e+15	1.343290e+01	1.909205e+01	1.777368e+16
5344	7.112261e+15	1.189575e+01	1.754565e+01	3.345210e+16
5345	7.113058e+15	1.293654e+01	2.145899e+01	3.576853e+16
5346	7.113801e+15	1.301592e+01	2.226014e+01	1.937546e+16
5347	7.114488e+15	1.090309e+01	1.714392e+01	2.640806e+16
5348	7.115267e+15	1.191126e+01	2.002487e+01	3.124228e+16
5349	7.116059e+15	1.302257e+01	2.338548e+01	4.178432e+16
5350	7.116781e+15	1.060450e+01	1.880714e+01	2.407165e+16
5351	7.117571e+15	1.042840e+01	2.042564e+01	3.815228e+16
5352	7.118376e+15	8.530155e+00	1.814332e+01	2.911631e+16
5353	7.119261e+15	1.225670e+01	2.346644e+01	2.632435e+16
5354	7.120051e+15	9.539174e+00	2.021685e+01	2.764005e+16
5355	7.120859e+15	7.828945e+00	2.060886e+01	3.526538e+16
5356	7.121720e+15	1.018295e+01	2.701269e+01	3.229251e+16
5357	7.122466e+15	1.005719e+01	2.254834e+01	3.716501e+16
5358	7.123228e+15	1.049944e+01	2.180313e+01	2.613376e+16
5359	7.124030e+15	1.198998e+01	2.649363e+01	4.684587e+16
5360	7.124751e+15	9.197440e+00	2.095518e+01	2.193087e+16
5361	7.125537e+15	8.997551e+00	2.113017e+01	3.303080e+16
5362	7.126389e+15	1.004161e+01	2.559030e+01	3.330046e+16
5363	7.127187e+15	9.327328e+00	2.406851e+01	1.990714e+16
5364	7.127996e+15	8.847971e+00	2.257276e+01	2.936897e+16
5365	7.128862e+15	8.954313e+00	2.363765e+01	4.825944e+16
5366	7.129752e+15	1.069828e+01	2.634372e+01	3.974460e+16
5367	7.130596e+15	1.094797e+01	2.719043e+01	3.596351e+16
5368	7.131390e+15	1.109294e+01	2.564886e+01	3.344918e+16
5369	7.132162e+15	1.123684e+01	2.569161e+01	2.493625e+16
5370	7.132902e+15	1.206489e+01	2.572241e+01	2.959375e+16
5371	7.133612e+15	1.379278e+01	2.678919e+01	2.337210e+16
5372	7.134267e+15	1.329609e+01	2.376212e+01	1.985648e+16
5373	7.134941e+15	1.652177e+01	2.637491e+01	2.093952e+16
5374	7.135577e+15	1.661549e+01	2.514693e+01	2.599631e+16
5375	7.136201e+15	1.698762e+01	2.555303e+01	4.534887e+16
5376	7.136812e+15	1.881307e+01	2.461254e+01	1.698438e+16
5377	7.137404e+15	1.837048e+01	2.261135e+01	3.269309e+16
5378	7.137996e+15	2.029169e+01	2.329654e+01	1.691941e+16
5379	7.138571e+15	2.138124e+01	2.358437e+01	1.601020e+16
5380	7.139126e+15	1.878335e+01	2.072957e+01	1.161352e+16
5381	7.139720e+15	1.869865e+01	2.207544e+01	3.067454e+16
5382	7.140332e+15	1.732924e+01	2.080510e+01	2.622216e+16
5383	7.140972e+15	1.536711e+01	1.980014e+01	2.083859e+16
5384	7.141666e+15	1.823926e+01	2.523133e+01	2.371688e+16
5385	7.142301e+15	1.856192e+01	2.416181e+01	2.851310e+16
5386	7.142905e+15	1.862412e+01	2.314664e+01	1.625688e+16
5387	7.143494e+15	2.056406e+01	2.412474e+01	2.341511e+16
5388	7.144048e+15	1.806465e+01	2.109248e+01	5.368028e+15
5389	7.144640e+15	1.960452e+01	2.384896e+01	2.157264e+16
5390	7.145220e+15	1.643560e+01	2.184125e+01	1.097624e+16
5391	7.145837e+15	1.581118e+01	2.226895e+01	1.823888e+16
5392	7.146487e+15	1.693566e+01	2.483297e+01	2.647180e+16
5393	7.147121e+15	1.816643e+01	2.753623e+01	1.608582e+16
5394	7.147696e+15	1.716726e+01	2.489805e+01	2.043512e+16
5395	7.148262e+15	1.647644e+01	2.392404e+01	2.687278e+16
5396	7.148845e+15	1.609148e+01	2.369612e+01	2.406094e+16
5397	7.149447e+15	1.410035e+01	2.285567e+01	2.198787e+16
5398	7.150092e+15	1.801729e+01	2.967935e+01	2.650218e+16
5399	7.150662e+15	1.347468e+01	2.334058e+01	1.621632e+16
5400	7.151289e+15	1.486531e+01	2.634490e+01	2.216657e+16
5401	7.151920e+15	1.626159e+01	2.813398e+01	2.812860e+16
5402	7.152539e+15	1.347223e+01	2.437702e+01	6.489527e+15
5403	7.153240e+15	1.690262e+01	3.213174e+01	3.032897e+16
5404	7.153884e+15	1.409257e+01	2.659604e+01	1.794962e+16
5405	7.154576e+15	1.410561e+01	2.981623e+01	2.902262e+16
5406	7.155266e+15	1.693521e+01	3.441076e+01	3.605696e+16
5407	7.155878e+15	1.644419e+01	2.907345e+01	2.215254e+16
5408	7.156503e+15	1.996234e+01	3.378747e+01	1.350027e+16
5409	7.157060e+15	1.877581e+01	2.945295e+01	2.241968e+16
5410	7.157612e+15	1.888668e+01	2.909955e+01	2.402575e+16
5411	7.158156e+15	1.931448e+01	2.770178e+01	1.668022e+16
5412	7.158698e+15	2.002989e+01	2.690058e+01	1.841058e+16
5413	7.159253e+15	2.032108e+01	2.883268e+01	1.788379e+16
5414	7.159792e+15	1.969886e+01	2.778862e+01	1.992556e+16
5415	7.160327e+15	1.901491e+01	2.653145e+01	2.721540e+16
5416	7.160878e+15	2.077931e+01	2.848579e+01	1.804919e+16
5417	7.161420e+15	2.031591e+01	2.718886e+01	6.383433e+15
5418	7.161972e+15	1.894087e+01	2.580513e+01	2.086352e+16
5419	7.162562e+15	1.755123e+01	2.548523e+01	3.470004e+16
5420	7.163200e+15	1.812421e+01	2.699556e+01	1.436284e+16
5421	7.163856e+15	1.963540e+01	2.955056e+01	2.826400e+16
5422	7.164494e+15	1.930971e+01	2.872315e+01	1.881338e+16
5423	7.165145e+15	2.202201e+01	3.208328e+01	1.669368e+16
5424	7.165755e+15	2.038126e+01	3.004903e+01	1.710709e+16
5425	7.166369e+15	2.082993e+01	3.172150e+01	3.201372e+16
5426	7.166964e+15	2.128801e+01	3.207951e+01	3.303826e+16
5427	7.167534e+15	1.983407e+01	2.981689e+01	2.416617e+16
5428	7.168115e+15	2.116536e+01	3.159540e+01	1.950290e+16
5429	7.168677e+15	1.983417e+01	2.937467e+01	2.135673e+16
5430	7.169243e+15	1.910113e+01	2.861516e+01	2.170657e+16
5431	7.169817e+15	2.053595e+01	2.984353e+01	2.626552e+16
5432	7.170380e+15	1.928512e+01	2.780662e+01	9.264642e+15
5433	7.170958e+15	2.113039e+01	3.097024e+01	3.227926e+16
5434	7.171504e+15	1.919696e+01	2.861032e+01	2.300446e+16
5435	7.172049e+15	1.890969e+01	2.881370e+01	1.695475e+16
5436	7.172588e+15	1.815320e+01	2.689486e+01	2.317173e+16
5437	7.173150e+15	1.781862e+01	2.862174e+01	3.254594e+16
5438	7.173717e+15	1.588588e+01	2.736038e+01	1.545155e+16
5439	7.174306e+15	1.662793e+01	2.911181e+01	3.015284e+16
5440	7.174887e+15	1.687385e+01	2.954662e+01	2.377607e+16
5441	7.175456e+15	1.553185e+01	2.748294e+01	1.327083e+16
5442	7.176036e+15	1.710584e+01	2.782346e+01	1.578581e+16
5443	7.176620e+15	1.664971e+01	2.651850e+01	1.887044e+16
5444	7.177236e+15	1.892063e+01	3.091562e+01	1.692314e+16
5445	7.177804e+15	1.654279e+01	2.510561e+01	1.728980e+16
5446	7.178422e+15	1.795815e+01	2.923317e+01	2.724335e+16
5447	7.179028e+15	1.712986e+01	2.964975e+01	2.202142e+16
5448	7.179610e+15	1.606381e+01	2.825522e+01	2.968793e+16
5449	7.180187e+15	1.569473e+01	2.826192e+01	2.751111e+16
5450	7.180762e+15	1.675017e+01	2.862376e+01	2.569343e+16
5451	7.181320e+15	1.877396e+01	2.752605e+01	2.034041e+16
5452	7.181865e+15	1.867812e+01	2.603334e+01	2.030521e+16
5453	7.182421e+15	1.681765e+01	2.484808e+01	2.012275e+16
5454	7.183008e+15	1.823434e+01	2.780544e+01	2.535450e+16
5455	7.183573e+15	1.697473e+01	2.557542e+01	2.539778e+16
5456	7.184154e+15	1.664689e+01	2.503707e+01	2.951059e+16
5457	7.184764e+15	1.835603e+01	2.776489e+01	2.722271e+16
5458	7.185347e+15	1.553938e+01	2.493469e+01	2.543566e+16
5459	7.185956e+15	1.616511e+01	2.547519e+01	2.738413e+16
5460	7.186577e+15	1.924678e+01	2.876677e+01	3.319876e+16
5461	7.187149e+15	1.765647e+01	2.619616e+01	1.890457e+16
5462	7.187723e+15	1.918025e+01	2.761090e+01	1.176314e+16
5463	7.188268e+15	1.858361e+01	2.567633e+01	1.279220e+16
5464	7.188806e+15	1.986981e+01	2.682204e+01	2.166453e+16
5465	7.189322e+15	1.893600e+01	2.411646e+01	2.265370e+16
5466	7.189859e+15	1.876442e+01	2.336450e+01	2.574700e+16
5467	7.190429e+15	1.976075e+01	2.706501e+01	1.076188e+16
5468	7.190970e+15	1.736317e+01	2.431573e+01	1.510672e+16
5469	7.191534e+15	1.693007e+01	2.448457e+01	2.306997e+16
5470	7.192113e+15	1.842178e+01	2.677877e+01	2.514201e+16
5471	7.192662e+15	1.818760e+01	2.516526e+01	2.630916e+16
5472	7.193205e+15	1.957725e+01	2.508919e+01	2.725833e+16
5473	7.193742e+15	1.711556e+01	2.212235e+01	2.553554e+16
5474	7.194323e+15	1.495996e+01	2.043884e+01	2.976171e+16
5475	7.194991e+15	1.729120e+01	2.418159e+01	4.505333e+16
5476	7.195653e+15	1.738007e+01	2.524780e+01	1.678198e+16
5477	7.196286e+15	1.649904e+01	2.210522e+01	2.623826e+16
5478	7.196965e+15	1.874607e+01	2.678024e+01	1.072522e+16
5479	7.197585e+15	1.607118e+01	2.512167e+01	2.230989e+16
5480	7.198205e+15	1.769385e+01	2.720423e+01	2.068498e+16
5481	7.198784e+15	1.369264e+01	1.968160e+01	2.474675e+16
5482	7.199418e+15	1.505461e+01	2.132494e+01	3.073998e+16
5483	7.200053e+15	1.811691e+01	2.333832e+01	2.609553e+16
5484	7.200637e+15	1.662066e+01	2.089887e+01	1.686848e+16
5485	7.201229e+15	1.749520e+01	2.239648e+01	3.179278e+16
5486	7.201802e+15	1.944008e+01	2.336865e+01	1.945184e+16
5487	7.202341e+15	1.704085e+01	1.857269e+01	2.421276e+16
5488	7.202946e+15	2.033753e+01	2.354639e+01	2.048465e+16
5489	7.203502e+15	1.877784e+01	2.256267e+01	1.799932e+16
5490	7.204046e+15	1.512002e+01	1.876235e+01	1.659154e+16
5491	7.204673e+15	1.586098e+01	2.162649e+01	2.765939e+16
5492	7.205299e+15	1.815656e+01	2.538594e+01	3.572411e+16
5493	7.205852e+15	1.544618e+01	2.162912e+01	2.589843e+16
5494	7.206420e+15	1.457350e+01	2.080194e+01	2.225701e+16
5495	7.207027e+15	1.506859e+01	2.212620e+01	2.978109e+16
5496	7.207637e+15	1.252175e+01	1.870424e+01	2.893158e+16
5497	7.208347e+15	1.506458e+01	2.305811e+01	2.143005e+16
5498	7.209047e+15	1.423078e+01	2.275446e+01	2.113836e+16
5499	7.209754e+15	1.209637e+01	1.999376e+01	1.352128e+16
5500	7.210546e+15	1.603775e+01	2.546569e+01	3.786008e+16
5501	7.211265e+15	1.651990e+01	2.435772e+01	2.585929e+16
5502	7.211948e+15	1.603878e+01	2.343373e+01	7.871456e+15
5503	7.212603e+15	1.731767e+01	2.364014e+01	1.825207e+16
5504	7.213223e+15	1.685890e+01	2.254753e+01	1.661824e+16
5505	7.213840e+15	1.545075e+01	1.942296e+01	1.803824e+16
5506	7.214507e+15	1.884381e+01	2.300792e+01	2.181558e+16
5507	7.215152e+15	2.022515e+01	2.453140e+01	2.494255e+16
5508	7.215756e+15	1.898134e+01	2.339039e+01	1.703247e+16
5509	7.216356e+15	2.157959e+01	2.654904e+01	3.190008e+16
5510	7.216886e+15	1.537506e+01	1.857912e+01	1.654629e+16
5511	7.217500e+15	1.765909e+01	2.218113e+01	2.863794e+16
5512	7.218100e+15	1.919829e+01	2.123288e+01	1.292948e+16
5513	7.218697e+15	1.776425e+01	1.847620e+01	1.318049e+16
5514	7.219360e+15	1.798848e+01	2.194467e+01	1.464497e+16
5515	7.219994e+15	1.924073e+01	2.283022e+01	2.161924e+16
5516	7.220589e+15	1.619582e+01	2.059803e+01	1.078769e+16
5517	7.221197e+15	1.554864e+01	2.044559e+01	2.003736e+16
5518	7.221816e+15	1.511085e+01	2.063351e+01	1.692959e+16
5519	7.222430e+15	1.358593e+01	1.831623e+01	1.038754e+16
5520	7.223072e+15	1.381349e+01	2.023768e+01	1.399851e+16
5521	7.223697e+15	1.435167e+01	2.214281e+01	1.567607e+16
5522	7.224268e+15	1.160078e+01	1.894793e+01	1.725734e+16
5523	7.224873e+15	1.208474e+01	1.948518e+01	1.604194e+16
5524	7.225479e+15	1.175158e+01	1.829168e+01	2.112981e+16
5525	7.226108e+15	1.271643e+01	1.879326e+01	2.384497e+16
5526	7.226746e+15	1.301652e+01	1.838664e+01	1.234001e+16
5527	7.227403e+15	1.268959e+01	1.835534e+01	1.402296e+16
5528	7.228063e+15	1.131640e+01	1.678430e+01	1.299465e+16
5529	7.228759e+15	1.085783e+01	1.940485e+01	1.728450e+16
5530	7.229459e+15	1.276901e+01	2.155641e+01	1.485562e+16
5531	7.230106e+15	1.127658e+01	1.668875e+01	1.706453e+16
5532	7.230836e+15	1.409184e+01	2.083960e+01	1.902032e+16
5533	7.231519e+15	1.164927e+01	1.892011e+01	1.840895e+16
5534	7.232211e+15	1.202487e+01	1.956648e+01	1.136825e+16
5535	7.232898e+15	1.103755e+01	1.896051e+01	1.544567e+16
5536	7.233592e+15	1.218086e+01	2.014750e+01	2.966768e+16
5537	7.234242e+15	1.252401e+01	1.897565e+01	3.610839e+16
5538	7.234864e+15	1.236104e+01	1.737329e+01	2.044400e+16
5539	7.235499e+15	1.286047e+01	1.759304e+01	7.001571e+15
5540	7.236147e+15	1.378138e+01	1.784535e+01	1.918076e+16
5541	7.236786e+15	9.334044e+00	1.333391e+01	1.650602e+16
5542	7.237552e+15	9.237340e+00	1.519731e+01	2.370024e+16
5543	7.238383e+15	1.134517e+01	1.914716e+01	2.811635e+16
5544	7.239127e+15	1.024290e+01	1.777741e+01	1.635961e+16
5545	7.239844e+15	1.108525e+01	1.679285e+01	1.460024e+16
5546	7.240548e+15	1.251477e+01	1.629180e+01	1.682686e+16
5547	7.241240e+15	1.079539e+01	1.357378e+01	8.761759e+15
5548	7.242030e+15	1.326846e+01	1.921053e+01	3.046265e+16
5549	7.242709e+15	1.099313e+01	1.514564e+01	1.801940e+16
5550	7.243438e+15	1.183841e+01	1.575275e+01	1.317507e+16
5551	7.244179e+15	1.282780e+01	1.696288e+01	3.352837e+16
5552	7.244890e+15	1.448828e+01	1.755902e+01	2.116158e+16
5553	7.245564e+15	1.301109e+01	1.586179e+01	1.224989e+16
5554	7.246265e+15	1.284852e+01	1.579776e+01	2.082922e+16
5555	7.247005e+15	1.569161e+01	1.754669e+01	2.044699e+16
5556	7.247715e+15	1.528857e+01	1.601192e+01	2.000971e+16
5557	7.248435e+15	1.507748e+01	1.641285e+01	1.021297e+16
5558	7.249146e+15	1.414122e+01	1.463636e+01	2.322804e+16
5559	7.249890e+15	1.357912e+01	1.438480e+01	2.806026e+16
5560	7.250688e+15	1.471173e+01	1.592315e+01	2.101115e+16
5561	7.251463e+15	1.236966e+01	1.419818e+01	8.554803e+15
5562	7.252299e+15	1.406760e+01	1.630482e+01	1.647894e+16
5563	7.253113e+15	1.471447e+01	1.715539e+01	5.960833e+15
5564	7.253874e+15	1.247473e+01	1.583432e+01	1.644750e+16
5565	7.254656e+15	1.511759e+01	1.861779e+01	1.700681e+16
5566	7.255356e+15	1.178736e+01	1.506501e+01	2.113211e+16
5567	7.256101e+15	1.358972e+01	1.845280e+01	1.878704e+16
5568	7.256768e+15	1.288147e+01	1.563690e+01	9.474930e+15
5569	7.257444e+15	1.093692e+01	1.184200e+01	1.906361e+16
5570	7.258256e+15	1.118477e+01	1.466169e+01	1.740675e+16
5571	7.259102e+15	8.629962e+00	1.327192e+01	1.478560e+16
5572	7.260086e+15	8.832241e+00	1.568623e+01	2.133814e+16
5573	7.261099e+15	1.104213e+01	1.912769e+01	3.104459e+16
5574	7.261964e+15	8.956661e+00	1.439990e+01	1.932000e+16
5575	7.262921e+15	8.659749e+00	1.645387e+01	3.285210e+16
5576	7.263879e+15	8.188946e+00	1.744711e+01	1.716765e+16
5577	7.264810e+15	7.923698e+00	1.757356e+01	1.800173e+16
5578	7.265715e+15	9.102557e+00	1.874392e+01	3.729589e+16
5579	7.266563e+15	9.418751e+00	1.842670e+01	2.768440e+16
5580	7.267390e+15	1.012301e+01	1.890798e+01	3.404212e+16
5581	7.268171e+15	9.566970e+00	1.715043e+01	1.667402e+16
5582	7.268952e+15	1.051541e+01	1.816212e+01	3.731526e+16
5583	7.269671e+15	9.266908e+00	1.541543e+01	1.963682e+16
5584	7.270421e+15	1.082558e+01	1.750927e+01	2.516499e+16
5585	7.271117e+15	1.022280e+01	1.621171e+01	1.744198e+16
5586	7.271807e+15	1.001368e+01	1.493230e+01	1.916315e+16
5587	7.272537e+15	1.116685e+01	1.624355e+01	1.817278e+16
5588	7.273263e+15	9.465057e+00	1.367688e+01	2.716499e+16
5589	7.274094e+15	1.185548e+01	1.700299e+01	2.865206e+16
5590	7.274892e+15	1.140454e+01	1.542729e+01	3.116201e+16
5591	7.275735e+15	1.065746e+01	1.429574e+01	4.435077e+16
5592	7.276684e+15	1.498227e+01	2.064182e+01	4.742108e+16
5593	7.277484e+15	1.122203e+01	1.533327e+01	2.354390e+16
5594	7.278354e+15	1.392506e+01	1.918385e+01	3.478430e+16
5595	7.279153e+15	1.341486e+01	1.802065e+01	3.467735e+16
5596	7.279937e+15	1.227028e+01	1.650027e+01	3.621986e+16
5597	7.280766e+15	1.423334e+01	1.920966e+01	3.187824e+16
5598	7.281528e+15	1.313325e+01	1.788391e+01	3.838041e+16
5599	7.282280e+15	1.347788e+01	1.761301e+01	3.054783e+16
5600	7.283018e+15	1.179172e+01	1.607560e+01	2.996208e+16
5601	7.283836e+15	1.330668e+01	1.947380e+01	3.160359e+16
5602	7.284620e+15	1.341830e+01	2.037196e+01	2.566924e+16
5603	7.285354e+15	1.251336e+01	1.956156e+01	2.881630e+16
5604	7.286082e+15	1.378370e+01	2.189635e+01	2.862354e+16
5605	7.286763e+15	1.334396e+01	2.068254e+01	2.610254e+16
5606	7.287431e+15	1.322840e+01	2.080113e+01	2.568025e+16
5607	7.288090e+15	1.316529e+01	2.118659e+01	2.408076e+16
5608	7.288723e+15	1.204458e+01	2.000906e+01	1.620665e+16
5609	7.289362e+15	1.320205e+01	2.154425e+01	3.304704e+16
5610	7.289976e+15	1.222087e+01	1.986331e+01	1.897913e+16
5611	7.290619e+15	1.224662e+01	2.127192e+01	2.762600e+16
5612	7.291261e+15	1.108395e+01	2.051976e+01	2.016560e+16
5613	7.291929e+15	9.757349e+00	1.913262e+01	2.504951e+16
5614	7.292662e+15	1.241711e+01	2.369996e+01	2.224216e+16
5615	7.293340e+15	1.172505e+01	2.243372e+01	3.134751e+16
5616	7.294010e+15	1.110052e+01	2.169180e+01	2.665746e+16
5617	7.294696e+15	1.233649e+01	2.327504e+01	2.787824e+16
5618	7.295359e+15	1.236067e+01	2.335831e+01	3.183076e+16
5619	7.295993e+15	1.187176e+01	2.212723e+01	2.763148e+16
5620	7.296631e+15	1.195536e+01	2.225035e+01	2.601233e+16
5621	7.297278e+15	1.316971e+01	2.430979e+01	1.965634e+16
5622	7.297897e+15	1.159272e+01	2.233108e+01	1.182215e+16
5623	7.298534e+15	1.207090e+01	2.295611e+01	3.216009e+16
5624	7.299183e+15	1.385545e+01	2.502400e+01	3.938454e+16
5625	7.299801e+15	1.320218e+01	2.413169e+01	2.001386e+16
5626	7.300416e+15	1.190892e+01	2.278286e+01	2.364252e+16
5627	7.301057e+15	1.330325e+01	2.492024e+01	2.730438e+16
5628	7.301677e+15	1.306261e+01	2.419665e+01	3.247282e+16
5629	7.302296e+15	1.362954e+01	2.445418e+01	1.526633e+16
5630	7.302911e+15	1.242064e+01	2.351067e+01	2.651682e+16
5631	7.303538e+15	1.138992e+01	2.288207e+01	3.185902e+16
5632	7.304188e+15	1.324114e+01	2.540746e+01	2.331252e+16
5633	7.304804e+15	1.311013e+01	2.395619e+01	1.704331e+16
5634	7.305420e+15	1.252476e+01	2.426498e+01	1.228923e+16
5635	7.306036e+15	1.260314e+01	2.367840e+01	3.803735e+16
5636	7.306660e+15	1.262236e+01	2.347276e+01	2.028296e+16
5637	7.307289e+15	1.369727e+01	2.592363e+01	3.927293e+16
5638	7.307872e+15	1.267736e+01	2.122035e+01	2.307448e+16
5639	7.308517e+15	1.406043e+01	2.501581e+01	1.554322e+16
5640	7.309134e+15	1.315898e+01	2.358142e+01	2.772811e+16
5641	7.309758e+15	1.337616e+01	2.454255e+01	2.407900e+16
5642	7.310367e+15	1.561356e+01	2.712517e+01	1.223732e+16
5643	7.310908e+15	1.417933e+01	2.336790e+01	3.351450e+16
5644	7.311458e+15	1.410671e+01	2.269408e+01	3.208812e+16
5645	7.312016e+15	1.551700e+01	2.495335e+01	1.506137e+16
5646	7.312540e+15	1.720343e+01	2.265303e+01	1.614155e+16
5647	7.313071e+15	1.728181e+01	2.227813e+01	1.255146e+16
5648	7.313616e+15	1.408064e+01	1.925895e+01	1.747920e+16
5649	7.314235e+15	1.512258e+01	2.301136e+01	1.983972e+16
5650	7.314851e+15	1.667881e+01	2.367249e+01	1.818304e+16
5651	7.315447e+15	1.584148e+01	2.277393e+01	1.962519e+16
5652	7.316046e+15	1.603632e+01	2.279172e+01	1.489817e+16
5653	7.316646e+15	1.862262e+01	2.342397e+01	2.632065e+16
5654	7.317231e+15	1.715853e+01	2.212416e+01	2.496487e+16
5655	7.317817e+15	1.624083e+01	2.115101e+01	1.902768e+16
5656	7.318412e+15	1.753117e+01	2.136766e+01	2.260973e+16
5657	7.318999e+15	1.901384e+01	2.055624e+01	2.311948e+16
5658	7.319576e+15	1.723955e+01	1.871617e+01	2.287157e+16
5659	7.320182e+15	1.917135e+01	2.114525e+01	1.761515e+16
5660	7.320769e+15	1.765824e+01	1.949035e+01	2.387335e+16
5661	7.321375e+15	1.753786e+01	2.065924e+01	2.651819e+16
5662	7.321978e+15	2.035000e+01	2.211816e+01	1.664488e+16
5663	7.322560e+15	1.952754e+01	2.080960e+01	2.008893e+16
5664	7.323156e+15	2.039050e+01	2.237282e+01	1.870736e+16
5665	7.323747e+15	1.880034e+01	2.144952e+01	2.134550e+16
5666	7.324359e+15	1.702763e+01	2.123064e+01	2.817731e+16
5667	7.325001e+15	1.926756e+01	2.393275e+01	3.801245e+16
5668	7.325606e+15	1.774567e+01	2.247732e+01	2.336334e+16
5669	7.326204e+15	1.739754e+01	2.151232e+01	2.196173e+16
5670	7.326819e+15	1.840395e+01	2.151684e+01	2.980157e+16
5671	7.327442e+15	1.745107e+01	2.172027e+01	2.098013e+16
5672	7.328065e+15	1.724471e+01	2.140114e+01	2.671553e+16
5673	7.328699e+15	1.691707e+01	2.202982e+01	2.362854e+16
5674	7.329343e+15	1.637651e+01	2.166776e+01	2.805372e+16
5675	7.330012e+15	1.645706e+01	2.278414e+01	2.190094e+16
5676	7.330679e+15	1.649716e+01	2.451740e+01	1.448463e+16
5677	7.331324e+15	1.712577e+01	2.505745e+01	2.510355e+16
5678	7.331942e+15	1.674717e+01	2.546302e+01	2.002902e+16
5679	7.332536e+15	1.592092e+01	2.376232e+01	2.304702e+16
5680	7.333136e+15	1.610308e+01	2.383591e+01	1.496893e+16
5681	7.333728e+15	1.417306e+01	2.091759e+01	1.296171e+16
5682	7.334370e+15	1.461283e+01	2.297673e+01	1.453437e+16
5683	7.335023e+15	1.536445e+01	2.414447e+01	2.167948e+16
5684	7.335658e+15	1.466156e+01	2.280924e+01	1.494666e+16
5685	7.336307e+15	1.697265e+01	2.675226e+01	1.710109e+16
5686	7.336902e+15	1.735291e+01	2.503090e+01	2.261978e+16
5687	7.337474e+15	1.599257e+01	2.327013e+01	1.740242e+16
5688	7.338056e+15	1.811075e+01	2.504636e+01	2.013957e+16
5689	7.338613e+15	1.738547e+01	2.312848e+01	3.033948e+16
5690	7.339190e+15	1.989636e+01	2.536337e+01	2.109534e+16
5691	7.339740e+15	2.050122e+01	2.630605e+01	2.319295e+16
5692	7.340252e+15	1.940167e+01	2.522557e+01	1.303179e+16
5693	7.340750e+15	1.749318e+01	2.268337e+01	2.274600e+16
5694	7.341281e+15	1.893845e+01	2.314736e+01	2.564580e+16
5695	7.341802e+15	1.683157e+01	2.149468e+01	1.080854e+16
5696	7.342353e+15	1.941693e+01	2.400844e+01	2.211292e+16
5697	7.342884e+15	3.704392e+01	4.442203e+01	1.706143e+16
5698	7.343175e+15	2.122995e+01	2.484874e+01	7.619260e+15
5699	7.343479e+15	2.463246e+01	2.546775e+01	1.655800e+16
5700	7.343784e+15	2.626099e+01	2.192122e+01	1.125380e+16
5701	7.344126e+15	2.786595e+01	2.313935e+01	1.535670e+16
5702	7.344477e+15	2.177737e+01	1.939640e+01	1.167461e+16
5703	7.344889e+15	2.180885e+01	1.957036e+01	1.048177e+16
5704	7.345357e+15	2.203427e+01	2.014959e+01	1.806053e+16
5705	7.345860e+15	2.120457e+01	1.990033e+01	2.128862e+16
5706	7.346403e+15	1.764130e+01	1.799125e+01	1.514201e+16
5707	7.347022e+15	1.742881e+01	1.912421e+01	1.864209e+16
5708	7.347671e+15	1.830867e+01	2.107580e+01	2.590022e+16
5709	7.348297e+15	1.910755e+01	2.194291e+01	1.800840e+16
5710	7.348894e+15	1.863197e+01	2.100749e+01	1.524290e+16
5711	7.349493e+15	1.832202e+01	2.001176e+01	2.141566e+16
5712	7.350117e+15	1.723259e+01	2.060970e+01	2.229241e+16
5713	7.350749e+15	1.729938e+01	2.198777e+01	2.027984e+16
5714	7.351368e+15	1.543904e+01	2.061958e+01	1.652111e+16
5715	7.352018e+15	1.742809e+01	2.387114e+01	1.696395e+16
5716	7.352630e+15	1.468814e+01	2.127017e+01	1.858469e+16
5717	7.353273e+15	1.563459e+01	2.393729e+01	2.215599e+16
5718	7.353897e+15	1.529197e+01	2.394633e+01	2.889803e+16
5719	7.354506e+15	1.312911e+01	2.261397e+01	1.098626e+16
5720	7.355130e+15	1.566583e+01	2.476545e+01	1.966055e+16
5721	7.355719e+15	1.464332e+01	2.240284e+01	1.457802e+16
5722	7.356323e+15	1.453978e+01	2.369838e+01	1.871328e+16
5723	7.356925e+15	1.470127e+01	2.419394e+01	1.169325e+16
5724	7.357517e+15	1.296171e+01	2.174268e+01	1.447136e+16
5725	7.358150e+15	1.372467e+01	2.248912e+01	2.008868e+16
5726	7.358797e+15	1.232097e+01	2.159220e+01	3.017405e+16
5727	7.359492e+15	1.438155e+01	2.531884e+01	1.800875e+16
5728	7.360150e+15	1.454733e+01	2.530870e+01	2.570749e+16
5729	7.360789e+15	1.447665e+01	2.664337e+01	8.506770e+15
5730	7.361385e+15	1.500838e+01	2.553031e+01	2.060973e+16
5731	7.361956e+15	1.477970e+01	2.429028e+01	1.635945e+16
5732	7.362516e+15	1.573465e+01	2.370809e+01	2.066768e+16
5733	7.363070e+15	1.498201e+01	2.099999e+01	1.146984e+16
5734	7.363665e+15	1.502314e+01	2.111650e+01	1.284081e+16
5735	7.364282e+15	1.274031e+01	1.952152e+01	1.843794e+15
5736	7.364983e+15	1.618672e+01	2.634739e+01	1.548258e+16
5737	7.365603e+15	1.343356e+01	2.237508e+01	1.380542e+16
5738	7.366228e+15	1.651094e+01	2.570554e+01	2.222088e+16
5739	7.366780e+15	1.619257e+01	1.871371e+01	1.339674e+16
5740	7.367387e+15	1.403324e+01	1.539820e+01	2.253236e+16
5741	7.368116e+15	1.442404e+01	2.036796e+01	2.010882e+16
5742	7.368811e+15	1.363132e+01	2.027034e+01	1.775425e+16
5743	7.369483e+15	1.252748e+01	2.097045e+01	2.215292e+16
5744	7.370127e+15	1.168333e+01	2.068165e+01	2.114367e+16
5745	7.370757e+15	1.153569e+01	2.060566e+01	1.854873e+16
5746	7.371373e+15	1.142865e+01	2.012031e+01	1.755204e+16
5747	7.371980e+15	1.183408e+01	1.932753e+01	1.185497e+16
5748	7.372595e+15	1.208456e+01	1.866561e+01	2.023933e+16
5749	7.373223e+15	1.221662e+01	1.902181e+01	8.323606e+15
5750	7.373853e+15	1.258876e+01	1.871471e+01	1.504249e+16
5751	7.374478e+15	1.259623e+01	1.853678e+01	1.858579e+16
5752	7.375098e+15	1.227644e+01	1.840897e+01	1.537804e+16
5753	7.375721e+15	1.248934e+01	2.019472e+01	2.863679e+16
5754	7.376307e+15	1.031362e+01	1.728937e+01	1.804269e+16
5755	7.376937e+15	8.236756e+00	1.489579e+01	1.600442e+16
5756	7.377694e+15	8.666908e+00	1.579642e+01	2.170941e+16
5757	7.378550e+15	1.179969e+01	2.090274e+01	2.515949e+16
5758	7.379316e+15	1.030656e+01	1.717910e+01	2.190441e+16
5759	7.380125e+15	1.352680e+01	2.142956e+01	1.366641e+16
5760	7.380838e+15	1.086602e+01	1.474037e+01	2.633574e+16
5761	7.381669e+15	1.323481e+01	1.948758e+01	2.767633e+16
5762	7.382445e+15	1.447516e+01	2.225567e+01	3.476993e+16
5763	7.383103e+15	1.048387e+01	1.626937e+01	1.539389e+16
5764	7.383821e+15	1.088170e+01	1.768398e+01	1.139016e+16
5765	7.384549e+15	1.237437e+01	2.075656e+01	2.231583e+16
5766	7.385195e+15	1.047475e+01	1.709249e+01	2.346782e+16
5767	7.385866e+15	1.200873e+01	1.896457e+01	5.771555e+15
5768	7.386524e+15	9.181956e+00	1.375844e+01	9.805419e+15
5769	7.387307e+15	9.321729e+00	1.653170e+01	2.095323e+16
5770	7.388167e+15	1.479139e+01	2.356887e+01	2.437700e+16
5771	7.388865e+15	1.068917e+01	1.453876e+01	2.081712e+16
5772	7.389697e+15	1.457522e+01	2.146992e+01	2.842415e+16
5773	7.390428e+15	1.026690e+01	1.669558e+01	1.731516e+16
5774	7.391213e+15	1.104417e+01	1.768679e+01	1.427807e+16
5775	7.392000e+15	1.225853e+01	1.953546e+01	2.328651e+16
5776	7.392714e+15	1.189629e+01	1.793054e+01	2.107346e+16
5777	7.393407e+15	1.124944e+01	1.710417e+01	1.147528e+16
5778	7.394122e+15	1.238041e+01	1.857320e+01	1.027632e+16
5779	7.394796e+15	1.120544e+01	1.715341e+01	3.105084e+16
5780	7.395473e+15	1.220600e+01	1.837527e+01	1.446814e+16
5781	7.396100e+15	1.193311e+01	1.667999e+01	1.317513e+16
5782	7.396721e+15	1.346175e+01	1.591011e+01	2.194291e+16
5783	7.397357e+15	1.430969e+01	1.734866e+01	1.657628e+16
5784	7.397953e+15	9.541418e+00	1.322934e+01	1.790359e+16
5785	7.398658e+15	9.882687e+00	1.507081e+01	1.718817e+16
5786	7.399433e+15	1.378014e+01	2.044135e+01	2.435132e+16
5787	7.400085e+15	1.160644e+01	1.481682e+01	2.140611e+16
5788	7.400808e+15	1.360273e+01	1.805736e+01	2.325398e+16
5789	7.401470e+15	1.098099e+01	1.658796e+01	1.322710e+16
5790	7.402131e+15	9.716560e+00	1.501547e+01	2.519594e+16
5791	7.402845e+15	1.230243e+01	1.866396e+01	1.066620e+16
5792	7.403478e+15	8.775037e+00	1.279340e+01	1.406787e+16
5793	7.404224e+15	8.790284e+00	1.709674e+01	2.927779e+16
5794	7.404971e+15	9.917400e+00	1.973782e+01	1.635636e+16
5795	7.405656e+15	8.508335e+00	1.476131e+01	2.216356e+16
5796	7.406443e+15	9.576875e+00	1.813416e+01	4.096390e+16
5797	7.407253e+15	9.995024e+00	2.208094e+01	2.862196e+16
5798	7.407970e+15	7.599793e+00	1.760500e+01	3.782152e+16
5799	7.408737e+15	9.804970e+00	2.161104e+01	3.022050e+16
5800	7.409428e+15	9.588144e+00	1.791219e+01	3.010316e+16
5801	7.410151e+15	1.045250e+01	2.004557e+01	2.502859e+16
5802	7.410853e+15	9.058608e+00	1.831937e+01	1.789894e+16
5803	7.411592e+15	9.050582e+00	1.866638e+01	3.240616e+16
5804	7.412367e+15	1.001265e+01	2.206414e+01	4.074875e+16
5805	7.413084e+15	1.029994e+01	2.153897e+01	2.898452e+16
5806	7.413770e+15	8.811997e+00	1.786131e+01	3.429725e+16
5807	7.414533e+15	1.103748e+01	2.315557e+01	2.158166e+16
5808	7.415235e+15	1.018804e+01	2.009558e+01	3.056238e+16
5809	7.415964e+15	1.088212e+01	2.312003e+01	2.721819e+16
5810	7.416646e+15	1.147616e+01	2.350465e+01	5.670654e+15
5811	7.417281e+15	1.187041e+01	2.226626e+01	2.561941e+16
5812	7.417906e+15	1.190092e+01	2.259413e+01	2.831072e+16
5813	7.418512e+15	1.133782e+01	2.205959e+01	1.846786e+16
5814	7.419112e+15	1.189238e+01	2.241075e+01	9.709971e+15
5815	7.419706e+15	1.204605e+01	2.153540e+01	1.784296e+16
5816	7.420311e+15	1.268052e+01	2.238344e+01	2.767039e+16
5817	7.420902e+15	1.113808e+01	2.048932e+01	1.804617e+16
5818	7.421524e+15	1.123791e+01	2.021216e+01	3.921200e+16
5819	7.422184e+15	1.216096e+01	2.178369e+01	1.819304e+16
5820	7.422839e+15	1.175597e+01	2.102466e+01	2.287186e+16
5821	7.423510e+15	1.043015e+01	1.945030e+01	2.002538e+16
5822	7.424246e+15	1.148316e+01	2.096733e+01	2.040339e+16
5823	7.424984e+15	1.071568e+01	2.050895e+01	3.103577e+16
5824	7.425747e+15	1.063218e+01	2.349201e+01	3.009660e+16
5825	7.426468e+15	1.044288e+01	2.346900e+01	2.285220e+16
5826	7.427161e+15	1.061842e+01	2.123791e+01	1.835202e+16
5827	7.427895e+15	1.233948e+01	2.525537e+01	2.555255e+16
5828	7.428587e+15	1.132758e+01	2.437783e+01	2.029586e+16
5829	7.429275e+15	1.060396e+01	2.277837e+01	3.743026e+16
5830	7.430002e+15	1.134337e+01	2.429110e+01	2.527698e+16
5831	7.430732e+15	1.191019e+01	2.649697e+01	1.641257e+16
5832	7.431410e+15	1.201403e+01	2.524392e+01	3.233504e+16
5833	7.432056e+15	1.244832e+01	2.254831e+01	2.209958e+16
5834	7.432707e+15	1.002912e+01	1.972071e+01	9.492150e+15
5835	7.433427e+15	1.126608e+01	2.224456e+01	2.273597e+16
5836	7.434159e+15	1.273350e+01	2.433171e+01	3.044254e+16
5837	7.434842e+15	1.234863e+01	2.276125e+01	1.919567e+16
5838	7.435516e+15	1.286590e+01	2.406850e+01	3.237007e+16
5839	7.436159e+15	1.125651e+01	2.254986e+01	1.378031e+16
5840	7.436795e+15	1.078235e+01	2.235862e+01	1.565451e+16
5841	7.437415e+15	1.359603e+01	2.373326e+01	1.713111e+16
5842	7.437977e+15	1.347510e+01	1.971984e+01	8.223986e+15
5843	7.438568e+15	1.344946e+01	2.081453e+01	3.735826e+16
5844	7.439166e+15	1.138530e+01	2.021996e+01	2.273312e+16
5845	7.439797e+15	1.255823e+01	2.287205e+01	1.603482e+16
5846	7.440408e+15	1.043631e+01	1.770240e+01	3.392156e+16
5847	7.441110e+15	1.207058e+01	2.226570e+01	4.906127e+16
5848	7.441808e+15	1.248122e+01	2.567900e+01	2.286386e+16
5849	7.442441e+15	1.192678e+01	2.417525e+01	2.052780e+16
5850	7.443050e+15	1.187817e+01	2.377806e+01	2.898525e+16
5851	7.443638e+15	1.057389e+01	2.105649e+01	1.901116e+16
5852	7.444264e+15	1.163024e+01	2.262503e+01	3.775399e+16
5853	7.444888e+15	1.162307e+01	2.228932e+01	2.018794e+16
5854	7.445539e+15	1.264456e+01	2.299962e+01	4.516983e+16
5855	7.446202e+15	1.443034e+01	2.634246e+01	3.438506e+16
5856	7.446806e+15	1.158992e+01	2.155778e+01	3.875599e+16
5857	7.447454e+15	1.316383e+01	2.458830e+01	2.252078e+16
5858	7.448093e+15	1.310791e+01	2.482116e+01	2.562054e+16
5859	7.448715e+15	1.130261e+01	2.415126e+01	2.191031e+16
5860	7.449331e+15	1.178575e+01	2.510182e+01	2.324250e+16
5861	7.449935e+15	1.188276e+01	2.489927e+01	2.157959e+16
5862	7.450527e+15	1.173058e+01	2.442784e+01	1.262362e+16
5863	7.451110e+15	1.340024e+01	2.359962e+01	1.452380e+16
5864	7.451699e+15	1.370936e+01	2.322018e+01	3.016249e+16
5865	7.452294e+15	1.375617e+01	2.300755e+01	1.856869e+16
5866	7.452893e+15	1.208766e+01	2.031216e+01	2.061385e+16
5867	7.453545e+15	1.263454e+01	2.179845e+01	2.039892e+16
5868	7.454230e+15	1.549424e+01	2.631169e+01	3.096313e+16
5869	7.454845e+15	1.373132e+01	2.135063e+01	2.276972e+16
5870	7.455467e+15	1.503042e+01	2.460739e+01	2.137363e+16
5871	7.456048e+15	1.345680e+01	2.378412e+01	2.206913e+16
5872	7.456606e+15	1.426237e+01	2.355730e+01	2.627669e+16
5873	7.457143e+15	1.448968e+01	2.279928e+01	9.983987e+15
5874	7.457667e+15	1.426098e+01	2.010832e+01	2.003630e+16
5875	7.458219e+15	1.784197e+01	2.268493e+01	1.505350e+16
5876	7.458740e+15	1.607597e+01	1.951805e+01	1.241024e+16
5877	7.459290e+15	1.579739e+01	1.982626e+01	1.560386e+16
5878	7.459863e+15	1.609394e+01	2.119378e+01	2.576436e+16
5879	7.460429e+15	1.352615e+01	1.820069e+01	2.073692e+16
5880	7.461037e+15	1.323690e+01	1.727604e+01	1.762174e+16
5881	7.461705e+15	1.593949e+01	2.034899e+01	2.657414e+16
5882	7.462344e+15	1.610027e+01	2.098485e+01	3.556995e+16
5883	7.462939e+15	1.354453e+01	1.814885e+01	2.294766e+16
5884	7.463557e+15	1.399665e+01	1.950151e+01	2.032824e+16
5885	7.464149e+15	1.419813e+01	1.764655e+01	2.158875e+16
5886	7.464754e+15	1.541700e+01	1.729750e+01	1.997218e+16
5887	7.465384e+15	1.566640e+01	1.949016e+01	1.467198e+16
5888	7.465984e+15	1.280044e+01	1.654521e+01	1.139426e+16
5889	7.466628e+15	1.324316e+01	1.908349e+01	2.048876e+16
5890	7.467253e+15	1.359245e+01	2.030018e+01	2.915107e+16
5891	7.467835e+15	1.408918e+01	2.045811e+01	2.441209e+16
5892	7.468385e+15	1.263468e+01	1.953921e+01	2.631659e+16
5893	7.468937e+15	1.169177e+01	2.008071e+01	1.624021e+16
5894	7.469488e+15	1.207371e+01	1.840794e+01	3.594980e+16
5895	7.470055e+15	1.212282e+01	1.749473e+01	7.240676e+15
5896	7.470668e+15	1.349580e+01	2.048225e+01	1.261296e+16
5897	7.471258e+15	1.284302e+01	1.882791e+01	1.946524e+16
5898	7.471867e+15	1.389978e+01	2.089314e+01	3.085992e+16
5899	7.472447e+15	1.271079e+01	1.948294e+01	2.297321e+16
5900	7.473051e+15	1.332205e+01	2.269521e+01	2.801565e+16
5901	7.473613e+15	1.167884e+01	2.073510e+01	2.198164e+16
5902	7.474189e+15	1.301731e+01	2.366878e+01	2.088680e+16
5903	7.474723e+15	1.080943e+01	1.924688e+01	1.394640e+16
5904	7.475306e+15	1.244114e+01	2.070169e+01	2.567830e+16
5905	7.475904e+15	1.481619e+01	2.291799e+01	1.867352e+16
5906	7.476475e+15	1.527843e+01	2.212524e+01	2.153170e+16
5907	7.477047e+15	1.594214e+01	2.335817e+01	2.258984e+16
5908	7.477601e+15	1.557654e+01	2.361185e+01	2.513119e+16
5909	7.478138e+15	1.448125e+01	2.113375e+01	3.087629e+16
5910	7.478703e+15	1.885342e+01	2.494878e+01	1.481363e+16
5911	7.479209e+15	1.675407e+01	1.945644e+01	1.809544e+16
5912	7.479767e+15	1.834232e+01	2.198140e+01	2.037573e+16
5913	7.480326e+15	1.734446e+01	2.223467e+01	1.683383e+16
5914	7.480873e+15	1.439508e+01	1.922035e+01	8.410418e+15
5915	7.481475e+15	1.609267e+01	2.118292e+01	1.718059e+16
5916	7.482093e+15	1.768225e+01	2.266256e+01	1.179844e+16
5917	7.482689e+15	1.472687e+01	1.932789e+01	1.585453e+16
5918	7.483336e+15	1.331759e+01	1.904587e+01	1.569057e+16
5919	7.484050e+15	1.575634e+01	2.213457e+01	2.143624e+16
5920	7.484736e+15	1.666507e+01	2.287532e+01	1.763550e+16
5921	7.485362e+15	1.646760e+01	2.157571e+01	2.153323e+16
5922	7.485978e+15	1.707421e+01	2.076038e+01	1.983031e+16
5923	7.486600e+15	1.642698e+01	2.069955e+01	7.779881e+15
5924	7.487223e+15	1.537819e+01	2.003009e+01	2.216045e+16
5925	7.487863e+15	1.492000e+01	1.884191e+01	1.938393e+16
5926	7.488542e+15	1.490411e+01	2.187303e+01	2.983212e+16
5927	7.489208e+15	1.642745e+01	2.342044e+01	2.688620e+16
5928	7.489828e+15	1.375852e+01	2.073042e+01	2.333502e+16
5929	7.490460e+15	1.502689e+01	2.259145e+01	2.239188e+16
5930	7.491051e+15	1.445095e+01	1.890101e+01	2.133690e+16
5931	7.491693e+15	1.492944e+01	2.068088e+01	2.087277e+16
5932	7.492336e+15	1.473209e+01	2.187225e+01	1.874497e+16
5933	7.492949e+15	1.207451e+01	1.872624e+01	1.287686e+16
5934	7.493615e+15	1.296861e+01	2.155301e+01	1.206331e+16
5935	7.494262e+15	1.361547e+01	2.276636e+01	2.644013e+16
5936	7.494856e+15	1.240079e+01	2.048188e+01	1.601256e+16
5937	7.495453e+15	1.327568e+01	1.997278e+01	1.139354e+16
5938	7.496066e+15	1.094638e+01	1.793129e+01	8.596427e+15
5939	7.496738e+15	1.071619e+01	2.004022e+01	1.780156e+16
5940	7.497420e+15	1.231585e+01	2.262265e+01	1.547552e+16
5941	7.498054e+15	1.132257e+01	2.212288e+01	2.311940e+16
5942	7.498661e+15	1.103814e+01	2.263114e+01	1.883297e+16
5943	7.499238e+15	1.123902e+01	2.167424e+01	2.066526e+16
5944	7.499799e+15	1.046064e+01	2.136680e+01	1.434186e+16
5945	7.500351e+15	1.085447e+01	2.079068e+01	1.239494e+16
5946	7.500903e+15	1.140146e+01	1.958572e+01	1.962227e+16
5947	7.501476e+15	1.234454e+01	2.179203e+01	2.459354e+16
5948	7.502019e+15	1.053227e+01	1.817688e+01	1.386615e+16
5949	7.502604e+15	1.174559e+01	1.946047e+01	8.639270e+15
5950	7.503196e+15	1.324169e+01	2.055185e+01	2.412794e+16
5951	7.503765e+15	1.220868e+01	1.803314e+01	1.670786e+16
5952	7.504367e+15	1.201435e+01	1.771619e+01	1.745828e+16
5953	7.505004e+15	1.312693e+01	1.926159e+01	2.417686e+16
5954	7.505626e+15	1.197546e+01	1.801072e+01	8.756219e+15
5955	7.506261e+15	1.354415e+01	1.891415e+01	2.118971e+16
5956	7.506870e+15	1.280660e+01	1.718934e+01	1.938756e+16
5957	7.507492e+15	1.296287e+01	1.703473e+01	2.461953e+16
5958	7.508128e+15	1.298259e+01	1.702650e+01	2.604353e+16
5959	7.508765e+15	1.166217e+01	1.695350e+01	1.795235e+16
5960	7.509404e+15	1.225341e+01	1.613560e+01	1.328243e+16
5961	7.510059e+15	1.120561e+01	1.695028e+01	2.397165e+16
5962	7.510743e+15	1.365548e+01	2.144879e+01	2.330554e+16
5963	7.511340e+15	1.168070e+01	1.806550e+01	1.895777e+16
5964	7.511944e+15	1.335888e+01	2.004822e+01	1.762341e+16
5965	7.512498e+15	1.324928e+01	1.693052e+01	1.548613e+16
5966	7.513085e+15	1.440895e+01	1.764688e+01	2.430458e+16
5967	7.513688e+15	1.525419e+01	1.997533e+01	1.140063e+16
5968	7.514240e+15	1.085389e+01	1.493771e+01	1.832033e+16
5969	7.514878e+15	1.189185e+01	1.990338e+01	1.681662e+16
5970	7.515486e+15	1.337372e+01	2.026347e+01	1.859116e+16
5971	7.516064e+15	1.492491e+01	1.854302e+01	3.784967e+16
5972	7.516640e+15	1.410370e+01	1.764168e+01	2.696117e+16
5973	7.517240e+15	1.229302e+01	1.697243e+01	2.710229e+16
5974	7.517888e+15	1.221263e+01	1.821363e+01	2.975290e+16
5975	7.518559e+15	1.223659e+01	1.900696e+01	2.168794e+16
5976	7.519223e+15	1.301741e+01	2.116172e+01	2.040540e+16
5977	7.519817e+15	1.221650e+01	1.703601e+01	1.779075e+16
5978	7.520440e+15	1.110963e+01	1.653864e+01	1.780423e+16
5979	7.521092e+15	1.297351e+01	1.833201e+01	3.255268e+16
5980	7.521720e+15	1.165966e+01	1.689018e+01	2.058022e+16
5981	7.522367e+15	1.339699e+01	1.980062e+01	1.170732e+16
5982	7.522962e+15	1.235814e+01	1.829567e+01	1.495471e+16
5983	7.523558e+15	1.100602e+01	1.908636e+01	2.164255e+16
5984	7.524165e+15	1.067580e+01	2.147716e+01	2.159389e+16
5985	7.524742e+15	1.019952e+01	2.112465e+01	2.826189e+16
5986	7.525310e+15	9.782048e+00	2.034102e+01	2.133523e+16
5987	7.525887e+15	9.847085e+00	1.801486e+01	2.735668e+16
5988	7.526516e+15	1.134727e+01	2.040093e+01	2.250892e+16
5989	7.527135e+15	1.246346e+01	2.093257e+01	1.596316e+16
5990	7.527733e+15	1.250631e+01	1.887739e+01	2.492402e+16
5991	7.528355e+15	1.069212e+01	1.672206e+01	1.763851e+16
5992	7.529083e+15	1.202784e+01	2.041599e+01	4.318169e+16
5993	7.529821e+15	1.274459e+01	2.298765e+01	2.666082e+16
5994	7.530509e+15	1.236982e+01	2.243903e+01	2.967583e+16
5995	7.531152e+15	1.239757e+01	2.161238e+01	2.722303e+16
5996	7.531772e+15	1.316667e+01	2.199369e+01	1.761144e+16
5997	7.532356e+15	1.300201e+01	2.051856e+01	2.576720e+16
5998	7.532925e+15	1.408585e+01	1.933321e+01	2.029778e+16
5999	7.533498e+15	1.584916e+01	2.036976e+01	3.549384e+16
6000	7.534054e+15	1.472639e+01	1.848858e+01	1.144362e+16
6001	7.534637e+15	1.423555e+01	1.894944e+01	1.967096e+16
6002	7.535232e+15	1.197000e+01	1.595089e+01	1.222684e+16
6003	7.535905e+15	1.207649e+01	1.951714e+01	2.222375e+16
6004	7.536586e+15	1.526931e+01	2.370880e+01	1.681769e+16
6005	7.537182e+15	1.208580e+01	1.880098e+01	1.320041e+16
6006	7.537818e+15	1.324118e+01	2.066514e+01	2.398003e+16
6007	7.538438e+15	1.449230e+01	1.977809e+01	2.165668e+16
6008	7.539057e+15	1.509496e+01	2.028212e+01	2.177961e+16
6009	7.539669e+15	1.358647e+01	1.993617e+01	1.824071e+16
6010	7.540283e+15	1.057001e+01	1.698456e+01	1.791290e+16
6011	7.540980e+15	1.164747e+01	1.982248e+01	3.736403e+16
6012	7.541662e+15	1.252906e+01	2.216751e+01	2.511692e+16
6013	7.542312e+15	1.240219e+01	2.153307e+01	2.188654e+16
6014	7.542950e+15	1.097299e+01	2.146128e+01	2.084746e+16
6015	7.543587e+15	1.099717e+01	2.179565e+01	9.383004e+15
6016	7.544208e+15	1.091091e+01	2.172263e+01	1.834348e+16
6017	7.544814e+15	1.261849e+01	2.150392e+01	2.397637e+16
6018	7.545416e+15	1.186577e+01	2.039083e+01	2.208669e+16
6019	7.546031e+15	1.000730e+01	1.746874e+01	2.028506e+16
6020	7.546725e+15	1.076122e+01	2.059496e+01	2.489485e+16
6021	7.547440e+15	1.093068e+01	2.112335e+01	2.385495e+16
6022	7.548166e+15	1.269594e+01	2.268525e+01	2.404766e+16
6023	7.548854e+15	1.296096e+01	2.214074e+01	9.666676e+15
6024	7.549515e+15	1.385819e+01	2.055462e+01	2.075660e+16
6025	7.550187e+15	1.529816e+01	2.277592e+01	2.433604e+16
6026	7.550807e+15	1.353314e+01	2.034772e+01	2.303924e+16
6027	7.551428e+15	1.459069e+01	1.967612e+01	1.753629e+16
6028	7.552053e+15	1.325111e+01	1.821943e+01	1.499945e+16
6029	7.552708e+15	1.273627e+01	1.803922e+01	2.008696e+16
6030	7.553386e+15	1.224368e+01	1.799128e+01	1.589650e+16
6031	7.554077e+15	1.293788e+01	1.845855e+01	9.512108e+15
6032	7.554767e+15	1.204029e+01	1.907004e+01	1.610862e+16
6033	7.555416e+15	9.536814e+00	1.642810e+01	3.666328e+16
6034	7.556112e+15	1.082319e+01	1.863996e+01	1.500429e+16
6035	7.556784e+15	8.646553e+00	1.346737e+01	1.812947e+16
6036	7.557591e+15	7.403469e+00	1.279260e+01	1.455268e+16
6037	7.558558e+15	9.475851e+00	1.875245e+01	3.610593e+16
6038	7.559477e+15	8.617863e+00	1.800319e+01	2.132073e+16
6039	7.560385e+15	8.879138e+00	1.968071e+01	3.826757e+16
6040	7.561226e+15	7.564541e+00	1.908416e+01	3.010978e+16
6041	7.562026e+15	7.974030e+00	1.900287e+01	2.393709e+16
6042	7.562811e+15	8.478838e+00	2.102172e+01	3.202520e+16
6043	7.563526e+15	7.264958e+00	1.906475e+01	2.620450e+16
6044	7.564243e+15	8.252681e+00	2.073917e+01	1.493831e+16
6045	7.564913e+15	8.129977e+00	2.082930e+01	3.254834e+16
6046	7.565549e+15	8.804531e+00	2.067026e+01	1.845619e+16
6047	7.566161e+15	8.806846e+00	2.028259e+01	2.316346e+16
6048	7.566771e+15	9.145492e+00	2.062396e+01	1.170515e+16
6049	7.567365e+15	9.111778e+00	1.991031e+01	3.008887e+16
6050	7.567965e+15	1.040580e+01	1.997328e+01	1.684774e+16
6051	7.568563e+15	1.060887e+01	2.017025e+01	1.844514e+16
6052	7.569155e+15	1.096938e+01	2.051509e+01	2.389219e+16
6053	7.569731e+15	1.017557e+01	1.915875e+01	2.078621e+16
6054	7.570327e+15	1.002181e+01	1.973389e+01	2.310778e+16
6055	7.570929e+15	1.006317e+01	1.822332e+01	6.261143e+15
6056	7.571575e+15	1.015864e+01	1.892765e+01	1.490099e+16
6057	7.572241e+15	9.037777e+00	1.707795e+01	1.208933e+16
6058	7.572960e+15	8.404462e+00	1.997573e+01	2.157582e+16
6059	7.573680e+15	7.496601e+00	1.905904e+01	2.307983e+16
6060	7.574437e+15	8.090191e+00	2.145381e+01	2.203968e+16
6061	7.575162e+15	7.661228e+00	2.078629e+01	2.532239e+16
6062	7.575872e+15	8.407348e+00	2.145872e+01	3.077732e+16
6063	7.576557e+15	7.107025e+00	1.949176e+01	1.866180e+16
6064	7.577276e+15	7.516644e+00	2.216520e+01	1.390460e+16
6065	7.577956e+15	7.366057e+00	2.071202e+01	1.982206e+16
6066	7.578641e+15	6.900596e+00	1.948827e+01	3.185597e+16
6067	7.579359e+15	1.011592e+01	2.331875e+01	1.581910e+16
6068	7.580006e+15	9.649424e+00	2.048110e+01	2.919178e+16
6069	7.580656e+15	1.018467e+01	2.143740e+01	2.040811e+16
6070	7.581293e+15	1.108317e+01	2.263654e+01	2.189868e+16
6071	7.581897e+15	1.054726e+01	2.360298e+01	2.055347e+16
6072	7.582457e+15	8.872632e+00	2.050633e+01	1.699045e+16
6073	7.583047e+15	1.057868e+01	2.327657e+01	3.350588e+16
6074	7.583614e+15	9.494479e+00	2.119184e+01	1.546568e+16
6075	7.584200e+15	1.025606e+01	2.260519e+01	1.821041e+16
6076	7.584781e+15	1.099216e+01	2.297885e+01	2.681402e+16
6077	7.585352e+15	1.064508e+01	2.197621e+01	2.031026e+16
6078	7.585941e+15	1.196587e+01	2.385614e+01	1.723197e+16
6079	7.586512e+15	1.133498e+01	2.214352e+01	2.145068e+16
6080	7.587105e+15	1.225591e+01	2.454621e+01	1.758722e+16
6081	7.587672e+15	1.286237e+01	2.453045e+01	1.555059e+16
6082	7.588217e+15	1.356011e+01	2.498542e+01	2.075962e+16
6083	7.588735e+15	1.378835e+01	2.395046e+01	9.739558e+15
6084	7.589243e+15	1.414955e+01	2.278696e+01	1.207104e+16
6085	7.589760e+15	1.584969e+01	2.422097e+01	2.084578e+16
6086	7.590256e+15	1.372432e+01	1.993337e+01	1.807390e+16
6087	7.590799e+15	1.545205e+01	2.256607e+01	2.221442e+16
6088	7.591334e+15	1.431581e+01	2.096449e+01	1.639954e+16
6089	7.591881e+15	1.341946e+01	2.173764e+01	1.046562e+16
6090	7.592451e+15	1.550067e+01	2.341967e+01	2.667714e+16
6091	7.593008e+15	1.576269e+01	2.091516e+01	3.832831e+16
6092	7.593598e+15	1.582293e+01	2.193822e+01	1.538319e+16
6093	7.594189e+15	1.628115e+01	2.370092e+01	1.840509e+16
6094	7.594750e+15	1.526144e+01	2.117893e+01	1.064026e+16
6095	7.595334e+15	1.738544e+01	2.470902e+01	2.206312e+16
6096	7.595854e+15	1.615768e+01	2.134608e+01	1.930769e+16
6097	7.596381e+15	1.657913e+01	2.054187e+01	1.345757e+16
6098	7.596926e+15	1.683172e+01	2.111330e+01	2.063389e+16
6099	7.597466e+15	1.522388e+01	1.884894e+01	2.215112e+16
6100	7.598048e+15	1.600695e+01	2.114629e+01	2.223755e+16
6101	7.598603e+15	1.598342e+01	1.942619e+01	1.019296e+16
6102	7.599180e+15	1.650186e+01	2.112896e+01	2.722507e+16
6103	7.599731e+15	1.418872e+01	1.874616e+01	1.615298e+16
6104	7.600312e+15	1.455483e+01	1.970196e+01	2.545515e+16
6105	7.600906e+15	1.570994e+01	2.189936e+01	2.715960e+16
6106	7.601460e+15	1.587515e+01	1.958279e+01	1.303165e+16
6107	7.602020e+15	1.557459e+01	1.928672e+01	2.914473e+16
6108	7.602590e+15	1.667279e+01	2.023917e+01	1.767123e+16
6109	7.603153e+15	1.634263e+01	1.988168e+01	2.292447e+16
6110	7.603715e+15	1.767192e+01	2.117596e+01	5.219294e+15
6111	7.604242e+15	1.606552e+01	1.904993e+01	2.342791e+16
6112	7.604790e+15	1.741800e+01	2.069094e+01	2.443014e+16
6113	7.605317e+15	1.515268e+01	1.817779e+01	1.013625e+16
6114	7.605880e+15	1.431356e+01	1.968473e+01	1.674139e+16
6115	7.606459e+15	1.589968e+01	2.222899e+01	1.488640e+16
6116	7.606995e+15	1.472885e+01	1.997814e+01	2.375724e+16
6117	7.607533e+15	1.538792e+01	2.069284e+01	1.037434e+16
6118	7.608044e+15	1.622891e+01	1.910563e+01	3.891635e+15
6119	7.608562e+15	1.675082e+01	1.902899e+01	1.090818e+16
6120	7.609087e+15	1.687337e+01	2.035282e+01	1.112975e+16
6121	7.609587e+15	1.394799e+01	1.704110e+01	1.310481e+16
6122	7.610125e+15	1.387435e+01	1.798507e+01	1.955987e+16
6123	7.610680e+15	1.704679e+01	2.129024e+01	2.108150e+16
6124	7.611177e+15	1.213433e+01	1.429689e+01	1.222787e+16
6125	7.611773e+15	1.088946e+01	1.684068e+01	2.014418e+16
6126	7.612442e+15	1.336610e+01	2.240393e+01	1.899719e+16
6127	7.613041e+15	1.065562e+01	1.872661e+01	1.232381e+16
6128	7.613654e+15	1.211032e+01	2.286423e+01	1.782919e+16
6129	7.614211e+15	1.296814e+01	2.154375e+01	2.251013e+16
6130	7.614756e+15	1.322044e+01	2.133864e+01	2.136358e+16
6131	7.615281e+15	1.283203e+01	2.045653e+01	9.527720e+15
6132	7.615792e+15	1.416225e+01	1.948250e+01	2.981111e+16
6133	7.616312e+15	1.550693e+01	2.068021e+01	1.531070e+16
6134	7.616813e+15	1.381973e+01	1.854729e+01	9.613441e+15
6135	7.617335e+15	1.481169e+01	2.008674e+01	1.801297e+16
6136	7.617845e+15	1.540254e+01	2.039601e+01	1.274240e+16
6137	7.618337e+15	1.542321e+01	1.924874e+01	5.560618e+15
6138	7.618829e+15	1.530858e+01	1.836385e+01	1.400540e+16
6139	7.619336e+15	1.531185e+01	1.865671e+01	1.622147e+16
6140	7.619841e+15	1.385436e+01	1.645394e+01	2.465385e+16
6141	7.620389e+15	1.494864e+01	1.853397e+01	1.701757e+16
6142	7.620918e+15	1.149629e+01	1.594113e+01	1.663802e+16
6143	7.621514e+15	1.102456e+01	1.741982e+01	1.711960e+16
6144	7.622140e+15	1.307922e+01	1.944819e+01	2.371954e+16
6145	7.622717e+15	1.323624e+01	1.968508e+01	8.790885e+15
6146	7.623261e+15	1.390146e+01	1.846866e+01	1.214261e+16
6147	7.623798e+15	1.452652e+01	1.777963e+01	1.228534e+16
6148	7.624341e+15	1.426451e+01	1.748537e+01	1.858313e+16
6149	7.624888e+15	1.401719e+01	1.609690e+01	1.180619e+16
6150	7.625464e+15	1.306304e+01	1.541706e+01	2.128738e+16
6151	7.626106e+15	1.432953e+01	1.920884e+01	2.125833e+16
6152	7.626717e+15	1.337796e+01	1.891385e+01	2.153600e+16
6153	7.627327e+15	1.454184e+01	2.086095e+01	1.614160e+16
6154	7.627898e+15	1.299899e+01	1.856671e+01	1.730332e+16
6155	7.628487e+15	1.448723e+01	2.152915e+01	1.979050e+16
6156	7.629013e+15	1.407455e+01	1.740918e+01	1.166456e+16
6157	7.629581e+15	1.553614e+01	1.869155e+01	2.211489e+16
6158	7.630150e+15	1.516275e+01	1.989677e+01	1.847964e+16
6159	7.630689e+15	1.456734e+01	1.857815e+01	1.574632e+16
6160	7.631224e+15	1.499607e+01	1.846903e+01	1.154224e+16
6161	7.631748e+15	1.493984e+01	1.705707e+01	1.832114e+16
6162	7.632288e+15	1.763848e+01	1.846345e+01	1.495857e+16
6163	7.632801e+15	1.460189e+01	1.434624e+01	1.718514e+16
6164	7.633388e+15	1.518929e+01	1.688486e+01	1.853808e+16
6165	7.633974e+15	1.497010e+01	1.776767e+01	1.274902e+16
6166	7.634545e+15	1.371963e+01	1.653287e+01	1.649277e+16
6167	7.635133e+15	1.249917e+01	1.491596e+01	9.828064e+15
6168	7.635763e+15	1.454299e+01	1.717126e+01	7.284905e+15
6169	7.636386e+15	1.450912e+01	1.644737e+01	1.069202e+16
6170	7.637029e+15	1.447358e+01	1.721864e+01	1.213867e+16
6171	7.637671e+15	1.494767e+01	1.955831e+01	2.527076e+16
6172	7.638245e+15	1.322784e+01	1.728672e+01	2.059019e+16
6173	7.638819e+15	1.475996e+01	1.880675e+01	1.923947e+16
6174	7.639341e+15	1.357452e+01	1.630212e+01	1.190386e+16
6175	7.639878e+15	1.513312e+01	1.651527e+01	2.969612e+16
6176	7.640423e+15	1.517776e+01	1.768426e+01	2.363643e+16
6177	7.640951e+15	1.238374e+01	1.518752e+01	1.659064e+16
6178	7.641522e+15	1.222997e+01	1.526542e+01	2.555227e+16
6179	7.642128e+15	1.257432e+01	1.630834e+01	9.779463e+15
6180	7.642728e+15	1.467405e+01	1.880939e+01	1.927219e+16
6181	7.643265e+15	1.156054e+01	1.315909e+01	2.122466e+16
6182	7.643893e+15	1.053284e+01	1.411620e+01	8.772095e+15
6183	7.644611e+15	1.146158e+01	1.765870e+01	9.621519e+15
6184	7.645322e+15	1.286050e+01	2.103597e+01	2.612448e+16
6185	7.645943e+15	1.265773e+01	1.877198e+01	7.732137e+15
6186	7.646558e+15	1.466851e+01	2.036392e+01	2.195132e+16
6187	7.647126e+15	1.110804e+01	1.605097e+01	1.691946e+16
6188	7.647778e+15	1.473136e+01	2.151022e+01	1.787213e+16
6189	7.648345e+15	1.200440e+01	1.500473e+01	1.861221e+16
6190	7.648990e+15	1.594570e+01	1.926376e+01	1.141343e+16
6191	7.649583e+15	1.342722e+01	1.655706e+01	2.165868e+16
6192	7.650201e+15	1.388671e+01	1.649664e+01	1.696244e+16
6193	7.650842e+15	1.588292e+01	1.761580e+01	1.398752e+16
6194	7.651451e+15	1.586474e+01	1.764840e+01	1.150843e+16
6195	7.652025e+15	1.531041e+01	1.525169e+01	1.240348e+16
6196	7.652601e+15	1.524232e+01	1.521592e+01	7.985994e+15
6197	7.653189e+15	1.391994e+01	1.410174e+01	1.180111e+16
6198	7.653818e+15	1.326299e+01	1.399725e+01	2.070109e+16
6199	7.654512e+15	1.513701e+01	1.598175e+01	1.374560e+16
6200	7.655212e+15	1.342179e+01	1.501069e+01	1.933176e+16
6201	7.655965e+15	1.568203e+01	1.886367e+01	1.170292e+16
6202	7.656636e+15	1.301103e+01	1.652207e+01	9.672298e+15
6203	7.657323e+15	1.404911e+01	1.822457e+01	1.670116e+16
6204	7.657947e+15	1.370316e+01	1.693009e+01	1.022487e+16
6205	7.658556e+15	1.356104e+01	1.623744e+01	1.793189e+16
6206	7.659169e+15	1.200834e+01	1.473669e+01	8.290162e+15
6207	7.659811e+15	1.308646e+01	1.685278e+01	6.103760e+15
6208	7.660435e+15	1.335488e+01	1.572636e+01	3.189270e+16
6209	7.661065e+15	1.439411e+01	1.638255e+01	1.196888e+16
6210	7.661677e+15	1.408984e+01	1.638414e+01	1.133395e+16
6211	7.662284e+15	1.475700e+01	1.715265e+01	1.397481e+16
6212	7.662843e+15	1.270939e+01	1.466778e+01	5.048071e+15
6213	7.663427e+15	1.502989e+01	1.553632e+01	1.495608e+16
6214	7.663999e+15	1.447477e+01	1.434254e+01	1.059829e+16
6215	7.664581e+15	1.242757e+01	1.280027e+01	6.307212e+15
6216	7.665224e+15	1.358793e+01	1.535258e+01	1.517560e+16
6217	7.665839e+15	1.147338e+01	1.312973e+01	6.917884e+15
6218	7.666497e+15	1.135818e+01	1.341764e+01	1.063018e+16
6219	7.667170e+15	1.201291e+01	1.458606e+01	2.697287e+16
6220	7.667830e+15	1.175096e+01	1.492954e+01	1.277311e+16
6221	7.668481e+15	1.071151e+01	1.504281e+01	1.246919e+16
6222	7.669132e+15	1.140819e+01	1.590073e+01	2.281440e+16
6223	7.669756e+15	1.002781e+01	1.429066e+01	1.311058e+16
6224	7.670407e+15	1.093234e+01	1.563446e+01	9.707102e+15
6225	7.671035e+15	1.088159e+01	1.526537e+01	2.663949e+16
6226	7.671657e+15	1.040000e+01	1.502314e+01	2.173931e+16
6227	7.672292e+15	1.039617e+01	1.557695e+01	2.366346e+16
6228	7.672927e+15	1.031278e+01	1.641444e+01	2.051186e+16
6229	7.673528e+15	9.920830e+00	1.575234e+01	1.065277e+16
6230	7.674121e+15	1.054400e+01	1.560012e+01	9.713810e+15
6231	7.674714e+15	1.059012e+01	1.576410e+01	1.466199e+16
6232	7.675306e+15	1.025527e+01	1.523032e+01	1.099999e+16
6233	7.675916e+15	1.124976e+01	1.637896e+01	2.207662e+16
6234	7.676507e+15	1.093323e+01	1.562266e+01	8.377840e+15
6235	7.677112e+15	1.226024e+01	1.703266e+01	1.813243e+16
6236	7.677692e+15	1.247890e+01	1.651788e+01	1.339898e+16
6237	7.678268e+15	1.101974e+01	1.456850e+01	8.819080e+15
6238	7.678899e+15	1.257552e+01	1.670809e+01	1.615552e+16
6239	7.679506e+15	1.123557e+01	1.491356e+01	2.211924e+16
6240	7.680148e+15	1.331971e+01	1.824312e+01	2.199685e+16
6241	7.680733e+15	1.308168e+01	1.679360e+01	1.208454e+16
6242	7.681304e+15	1.188966e+01	1.691337e+01	6.733287e+15
6243	7.681858e+15	1.206800e+01	1.611907e+01	2.897613e+16
6244	7.682414e+15	1.402200e+01	1.679098e+01	1.369505e+16
6245	7.682949e+15	1.403545e+01	1.609570e+01	1.745477e+16
6246	7.683476e+15	1.437678e+01	1.607004e+01	1.000735e+16
6247	7.683996e+15	1.459758e+01	1.556894e+01	8.480183e+15
6248	7.684517e+15	1.490860e+01	1.632203e+01	1.085528e+16
6249	7.685023e+15	1.457664e+01	1.514064e+01	1.562168e+16
6250	7.685546e+15	1.529355e+01	1.569680e+01	1.334313e+16
6251	7.686065e+15	1.396051e+01	1.450199e+01	1.414828e+16
6252	7.686606e+15	1.407028e+01	1.448892e+01	1.864721e+16
6253	7.687150e+15	1.455888e+01	1.461047e+01	1.890828e+16
6254	7.687693e+15	1.250496e+01	1.292756e+01	7.855318e+15
6255	7.688287e+15	1.375616e+01	1.506458e+01	1.127037e+16
6256	7.688859e+15	1.266929e+01	1.462564e+01	1.150235e+16
6257	7.689437e+15	1.458688e+01	1.563993e+01	1.943210e+16
6258	7.689978e+15	1.346293e+01	1.452203e+01	1.512309e+16
6259	7.690511e+15	1.229967e+01	1.291879e+01	2.459945e+16
6260	7.691085e+15	1.472122e+01	1.522579e+01	7.839458e+15
6261	7.691615e+15	1.241628e+01	1.304315e+01	1.439189e+16
6262	7.692173e+15	1.424994e+01	1.524302e+01	1.188636e+16
6263	7.692703e+15	1.367986e+01	1.512989e+01	2.734153e+16
6264	7.693214e+15	1.096756e+01	1.257063e+01	6.459600e+15
6265	7.693741e+15	1.126104e+01	1.442320e+01	4.675092e+15
6266	7.694254e+15	1.042667e+01	1.419297e+01	6.859768e+15
6267	7.694760e+15	9.477018e+00	1.357703e+01	1.618722e+16
6268	7.695281e+15	1.119061e+01	1.567977e+01	2.181260e+16
6269	7.695762e+15	8.489604e+00	1.100798e+01	9.214575e+15
6270	7.696339e+15	1.056397e+01	1.598320e+01	1.180675e+16
6271	7.696900e+15	1.019242e+01	1.604277e+01	3.049521e+16
6272	7.697450e+15	1.032081e+01	1.569361e+01	1.008150e+16
6273	7.697987e+15	9.957821e+00	1.449473e+01	2.754970e+16
6274	7.698544e+15	1.240007e+01	1.560854e+01	2.343751e+16
6275	7.699086e+15	1.157793e+01	1.452324e+01	1.784864e+16
6276	7.699649e+15	1.172212e+01	1.705082e+01	1.492528e+16
6277	7.700194e+15	1.200917e+01	1.716185e+01	2.764102e+16
6278	7.700716e+15	1.392635e+01	1.743656e+01	1.091269e+16
6279	7.701211e+15	1.366180e+01	1.694873e+01	2.230516e+16
6280	7.701694e+15	1.323104e+01	1.586825e+01	1.570860e+16
6281	7.702189e+15	1.349351e+01	1.370232e+01	2.293503e+16
6282	7.702730e+15	1.511721e+01	1.658379e+01	1.765487e+16
6283	7.703257e+15	1.340297e+01	1.571734e+01	2.031937e+16
6284	7.703801e+15	1.187572e+01	1.491912e+01	1.240632e+16
6285	7.704398e+15	1.523561e+01	2.047631e+01	2.195885e+16
6286	7.704915e+15	1.289415e+01	1.676142e+01	1.474352e+16
6287	7.705449e+15	1.230289e+01	1.762980e+01	2.719730e+16
6288	7.705964e+15	1.450665e+01	1.748283e+01	2.042424e+16
6289	7.706460e+15	1.519990e+01	1.663413e+01	7.207790e+15
6290	7.706961e+15	1.598961e+01	1.810811e+01	3.301256e+16
6291	7.707435e+15	1.429439e+01	1.666042e+01	1.537277e+16
6292	7.707921e+15	1.462785e+01	1.649208e+01	1.866335e+16
6293	7.708416e+15	1.515870e+01	1.685295e+01	8.149110e+15
6294	7.708904e+15	1.449530e+01	1.660327e+01	9.491613e+15
6295	7.709389e+15	1.416692e+01	1.596905e+01	2.240855e+16
6296	7.709878e+15	1.262843e+01	1.348549e+01	1.527400e+16
6297	7.710437e+15	1.466647e+01	1.795787e+01	1.659333e+16
6298	7.710962e+15	1.242443e+01	1.692768e+01	2.357725e+16
6299	7.711497e+15	1.170950e+01	1.749559e+01	2.084615e+16
6300	7.712018e+15	1.332213e+01	1.790280e+01	2.784119e+16
6301	7.712513e+15	1.452147e+01	1.554249e+01	2.009736e+16
6302	7.713036e+15	1.638054e+01	1.870146e+01	1.792387e+16
6303	7.713516e+15	1.258191e+01	1.496670e+01	1.708759e+16
6304	7.714050e+15	1.435307e+01	1.708505e+01	1.597797e+16
6305	7.714574e+15	1.301774e+01	1.599020e+01	1.477953e+16
6306	7.715118e+15	1.369366e+01	1.822983e+01	1.214471e+16
6307	7.715638e+15	1.436340e+01	1.698685e+01	1.205726e+16
6308	7.716171e+15	1.367638e+01	1.720441e+01	2.336992e+16
6309	7.716710e+15	1.354254e+01	1.669632e+01	1.793055e+16
6310	7.717271e+15	1.348608e+01	1.782054e+01	2.360835e+16
6311	7.717825e+15	1.365715e+01	1.932683e+01	1.578276e+16
6312	7.718355e+15	1.393486e+01	1.854225e+01	2.174551e+16
6313	7.718878e+15	1.469533e+01	1.985891e+01	8.255687e+15
6314	7.719373e+15	1.523620e+01	1.922771e+01	8.302701e+15
6315	7.719862e+15	1.489494e+01	1.936904e+01	1.178600e+16
6316	7.720335e+15	1.517768e+01	1.814121e+01	8.634863e+15
6317	7.720818e+15	1.762012e+01	1.940894e+01	6.753973e+15
6318	7.721282e+15	1.655228e+01	1.840975e+01	1.334825e+16
6319	7.721747e+15	1.704675e+01	1.786691e+01	1.637462e+16
6320	7.722219e+15	1.843005e+01	1.881049e+01	2.349738e+16
6321	7.722678e+15	1.525082e+01	1.506816e+01	8.017898e+15
6322	7.723158e+15	1.415629e+01	1.665207e+01	2.260097e+16
6323	7.723649e+15	1.308172e+01	1.837037e+01	1.137008e+16
6324	7.724116e+15	1.144740e+01	1.662692e+01	9.229673e+15
6325	7.724605e+15	1.412716e+01	1.990533e+01	2.402246e+16
6326	7.725030e+15	1.276055e+01	1.458618e+01	1.165578e+16
6327	7.725518e+15	1.427566e+01	1.716639e+01	2.094418e+16
6328	7.726010e+15	1.575001e+01	1.917186e+01	1.894194e+16
6329	7.726467e+15	1.510116e+01	1.822444e+01	1.307585e+16
6330	7.726919e+15	1.359593e+01	1.793007e+01	5.948198e+15
6331	7.727383e+15	1.373111e+01	1.907424e+01	3.037250e+16
6332	7.727841e+15	1.233159e+01	1.785827e+01	2.134026e+16
6333	7.728323e+15	1.425344e+01	2.049365e+01	2.860080e+16
6334	7.728785e+15	1.286437e+01	1.910445e+01	2.090616e+16
6335	7.729266e+15	1.329298e+01	1.942034e+01	1.016612e+16
6336	7.729765e+15	1.508851e+01	2.085929e+01	1.872229e+16
6337	7.730252e+15	1.457597e+01	2.037597e+01	1.895728e+16
6338	7.730743e+15	1.373661e+01	1.895533e+01	1.901802e+16
6339	7.731265e+15	1.375106e+01	2.014783e+01	1.280931e+16
6340	7.731792e+15	1.368776e+01	2.036121e+01	1.456738e+16
6341	7.732317e+15	1.250229e+01	1.762722e+01	1.979999e+16
6342	7.732876e+15	1.330636e+01	2.076348e+01	2.326211e+16
6343	7.733436e+15	1.498155e+01	2.456745e+01	2.250417e+16
6344	7.733933e+15	1.174269e+01	1.976179e+01	2.114814e+16
6345	7.734469e+15	1.493138e+01	2.501759e+01	2.321519e+16
6346	7.734930e+15	1.364466e+01	1.845580e+01	1.723805e+16
6347	7.735442e+15	1.453021e+01	2.037513e+01	1.868870e+16
6348	7.735963e+15	1.451216e+01	2.370101e+01	2.215007e+16
6349	7.736436e+15	1.179717e+01	1.983625e+01	1.617067e+16
6350	7.736941e+15	1.326864e+01	2.158162e+01	2.657761e+16
6351	7.737445e+15	1.371290e+01	2.213910e+01	2.969089e+16
6352	7.737927e+15	1.284779e+01	2.063574e+01	1.405295e+16
6353	7.738416e+15	1.361998e+01	1.853566e+01	1.686941e+16
6354	7.738941e+15	1.327864e+01	2.181426e+01	2.682391e+16
6355	7.739462e+15	1.402176e+01	2.292828e+01	1.780116e+16
6356	7.739958e+15	1.210714e+01	2.167764e+01	1.414497e+16
6357	7.740460e+15	1.156296e+01	1.990053e+01	9.569113e+15
6358	7.740948e+15	1.411156e+01	1.794039e+01	2.637505e+16
6359	7.741475e+15	1.732219e+01	2.228051e+01	1.234922e+16
6360	7.741949e+15	1.370154e+01	1.951288e+01	4.980337e+15
6361	7.742429e+15	1.339950e+01	2.052457e+01	1.474282e+16
6362	7.742900e+15	1.441830e+01	2.010927e+01	1.057994e+16
6363	7.743371e+15	1.501909e+01	1.878050e+01	2.473280e+16
6364	7.743871e+15	1.699619e+01	2.186061e+01	1.322176e+16
6365	7.744345e+15	1.559654e+01	2.015818e+01	1.606897e+16
6366	7.744834e+15	1.476533e+01	1.966699e+01	2.177584e+16
6367	7.745350e+15	1.626278e+01	2.121651e+01	2.019146e+16
6368	7.745845e+15	1.570686e+01	1.998705e+01	1.859019e+16
6369	7.746342e+15	1.543874e+01	1.958516e+01	2.100998e+16
6370	7.746850e+15	1.514726e+01	1.963568e+01	1.042933e+16
6371	7.747368e+15	1.382057e+01	1.856495e+01	2.480382e+16
6372	7.747911e+15	1.395146e+01	1.918525e+01	3.455916e+16
6373	7.748459e+15	1.494824e+01	2.009905e+01	2.282669e+16
6374	7.748992e+15	1.213590e+01	1.724724e+01	2.061844e+16
6375	7.749581e+15	1.301595e+01	1.918879e+01	2.189657e+16
6376	7.750168e+15	1.312800e+01	1.992026e+01	3.529357e+16
6377	7.750730e+15	1.135616e+01	1.786246e+01	9.389486e+15
6378	7.751333e+15	1.346158e+01	1.874228e+01	2.464274e+16
6379	7.751953e+15	1.306423e+01	1.948000e+01	1.060775e+16
6380	7.752565e+15	1.243785e+01	1.933849e+01	3.429991e+16
6381	7.753178e+15	1.287611e+01	2.050020e+01	2.203741e+16
6382	7.753763e+15	1.279338e+01	2.066549e+01	2.006687e+16
6383	7.754324e+15	1.262910e+01	2.042479e+01	1.429572e+16
6384	7.754873e+15	1.293949e+01	2.017549e+01	2.502814e+16
6385	7.755416e+15	1.285446e+01	1.986947e+01	1.319224e+16
6386	7.755953e+15	1.310985e+01	1.987500e+01	2.206105e+16
6387	7.756488e+15	1.227065e+01	1.973075e+01	1.762149e+16
6388	7.757033e+15	1.235877e+01	2.064369e+01	2.389569e+16
6389	7.757577e+15	1.177865e+01	1.974163e+01	1.309076e+16
6390	7.758138e+15	1.214524e+01	2.049324e+01	1.369486e+16
6391	7.758687e+15	1.190155e+01	1.854494e+01	1.400739e+16
6392	7.759257e+15	1.188994e+01	1.981763e+01	1.167871e+16
6393	7.759850e+15	1.472573e+01	2.322584e+01	1.418211e+16
6394	7.760384e+15	1.071713e+01	1.779040e+01	9.276272e+15
6395	7.760981e+15	1.286346e+01	2.222583e+01	1.333848e+16
6396	7.761525e+15	1.270815e+01	1.919644e+01	2.945775e+16
6397	7.762079e+15	1.201390e+01	1.933419e+01	8.007257e+15
6398	7.762653e+15	1.286888e+01	2.065778e+01	1.999920e+16
6399	7.763208e+15	1.218461e+01	1.800702e+01	9.980247e+15
6400	7.763816e+15	1.283722e+01	2.122715e+01	8.826142e+15
6401	7.764409e+15	1.146985e+01	1.973933e+01	8.750939e+15
6402	7.765015e+15	1.103754e+01	1.956481e+01	8.717828e+15
6403	7.765642e+15	1.230994e+01	2.296916e+01	2.033003e+16
6404	7.766221e+15	1.327100e+01	2.223298e+01	1.705771e+16
6405	7.766778e+15	1.282004e+01	2.146063e+01	1.069226e+16
6406	7.767321e+15	1.312596e+01	2.049445e+01	8.609976e+15
6407	7.767876e+15	1.293828e+01	2.020858e+01	2.078016e+16
6408	7.768450e+15	1.270034e+01	2.075919e+01	1.620129e+16
6409	7.769047e+15	1.365164e+01	2.219125e+01	1.915265e+16
6410	7.769624e+15	1.258538e+01	2.006461e+01	3.989314e+15
6411	7.770229e+15	1.360128e+01	2.175489e+01	1.217823e+16
6412	7.770815e+15	1.293225e+01	2.104352e+01	2.590927e+16
6413	7.771401e+15	1.344834e+01	2.227377e+01	2.545597e+16
6414	7.771968e+15	1.248656e+01	2.104582e+01	1.693713e+16
6415	7.772545e+15	1.103548e+01	2.146182e+01	2.205115e+16
6416	7.773114e+15	1.252580e+01	2.262319e+01	2.040782e+16
6417	7.773652e+15	1.233185e+01	2.010335e+01	1.969953e+16
6418	7.774205e+15	1.369177e+01	2.091348e+01	1.221304e+16
6419	7.774747e+15	1.275770e+01	1.875879e+01	9.711152e+15
6420	7.775305e+15	1.236689e+01	1.850066e+01	7.475765e+15
6421	7.775881e+15	1.327957e+01	1.871737e+01	2.249224e+16
6422	7.776451e+15	1.385710e+01	1.840317e+01	1.565673e+16
6423	7.777002e+15	1.362974e+01	1.681864e+01	2.124719e+15
6424	7.777572e+15	1.237937e+01	1.543402e+01	1.025341e+16
6425	7.778174e+15	1.246696e+01	1.585275e+01	1.043729e+16
6426	7.778767e+15	1.282364e+01	1.523185e+01	2.303705e+16
6427	7.779354e+15	9.882617e+00	1.169547e+01	1.854156e+16
6428	7.780059e+15	1.094803e+01	1.525441e+01	2.266367e+16
6429	7.780739e+15	9.118872e+00	1.344894e+01	1.926229e+16
6430	7.781468e+15	9.983382e+00	1.607022e+01	1.612466e+16
6431	7.782154e+15	1.034678e+01	1.597491e+01	2.128877e+16
6432	7.782809e+15	9.907801e+00	1.516058e+01	2.761780e+16
6433	7.783468e+15	1.118072e+01	1.679483e+01	1.561118e+16
6434	7.784072e+15	1.021548e+01	1.604714e+01	2.135369e+16
6435	7.784640e+15	1.009356e+01	1.503413e+01	8.801914e+15
6436	7.785216e+15	1.190344e+01	1.587593e+01	2.041962e+16
6437	7.785765e+15	1.064166e+01	1.316277e+01	1.707578e+16
6438	7.786373e+15	1.283058e+01	1.625246e+01	1.417734e+16
6439	7.786936e+15	1.175028e+01	1.396749e+01	1.452554e+16
6440	7.787521e+15	1.099202e+01	1.319996e+01	1.140466e+16
6441	7.788144e+15	1.263900e+01	1.553790e+01	8.292509e+15
6442	7.788728e+15	1.128518e+01	1.360127e+01	1.141137e+16
6443	7.789336e+15	1.087125e+01	1.355679e+01	1.403742e+16
6444	7.789964e+15	1.094959e+01	1.391668e+01	4.820930e+15
6445	7.790587e+15	1.024438e+01	1.237743e+01	9.815103e+15
6446	7.791234e+15	9.990354e+00	1.264087e+01	2.128337e+16
6447	7.791899e+15	9.794445e+00	1.238597e+01	1.738922e+16
6448	7.792578e+15	9.728613e+00	1.233561e+01	3.585223e+16
6449	7.793265e+15	1.039568e+01	1.320667e+01	3.586702e+16
6450	7.793946e+15	8.832212e+00	1.183072e+01	1.365920e+16
6451	7.794692e+15	9.067809e+00	1.227695e+01	1.967972e+16
6452	7.795452e+15	8.117554e+00	1.186201e+01	1.283250e+16
6453	7.796239e+15	8.315710e+00	1.281753e+01	1.626000e+16
6454	7.797028e+15	8.484197e+00	1.318860e+01	1.924923e+16
6455	7.797789e+15	7.346027e+00	1.202167e+01	2.596996e+16
6456	7.798573e+15	8.301372e+00	1.353244e+01	1.220352e+16
6457	7.799296e+15	8.059583e+00	1.284784e+01	1.309766e+16
6458	7.800013e+15	8.270685e+00	1.335046e+01	2.363702e+16
6459	7.800716e+15	8.952369e+00	1.392842e+01	1.577573e+16
6460	7.801378e+15	8.466123e+00	1.352005e+01	2.185622e+16
6461	7.802026e+15	9.044215e+00	1.380846e+01	2.023374e+16
6462	7.802657e+15	9.510920e+00	1.408885e+01	5.486301e+15
6463	7.803250e+15	1.042152e+01	1.341131e+01	9.485522e+15
6464	7.803825e+15	1.077797e+01	1.292535e+01	5.427356e+15
6465	7.804421e+15	1.122016e+01	1.300403e+01	1.552703e+16
6466	7.805017e+15	1.049237e+01	1.192033e+01	2.006664e+16
6467	7.805620e+15	1.093102e+01	1.167601e+01	1.605205e+16
6468	7.806232e+15	1.047318e+01	1.075023e+01	1.722908e+16
6469	7.806862e+15	9.880401e+00	1.100823e+01	2.300727e+16
6470	7.807498e+15	8.906771e+00	1.156702e+01	6.336345e+15
6471	7.808163e+15	1.130701e+01	1.368030e+01	1.907871e+16
6472	7.808763e+15	9.145774e+00	9.316218e+00	1.827274e+16
6473	7.809482e+15	1.109687e+01	1.202487e+01	8.226154e+15
6474	7.810145e+15	9.446091e+00	1.122854e+01	2.072174e+16
6475	7.810827e+15	9.380711e+00	1.092435e+01	9.981367e+15
6476	7.811542e+15	8.864531e+00	1.131494e+01	1.209548e+16
6477	7.812248e+15	9.086750e+00	1.109096e+01	2.040057e+16
6478	7.812946e+15	9.171307e+00	1.129591e+01	1.085271e+16
6479	7.813607e+15	8.939788e+00	1.010071e+01	1.545230e+16
6480	7.814282e+15	8.644580e+00	1.034321e+01	3.103620e+16
6481	7.814964e+15	9.105554e+00	1.088273e+01	1.076000e+16
6482	7.815616e+15	8.364719e+00	9.728169e+00	1.733705e+16
6483	7.816289e+15	8.756443e+00	9.885024e+00	2.621409e+16
6484	7.816973e+15	8.603450e+00	9.537838e+00	1.499786e+16
6485	7.817665e+15	7.605934e+00	8.991802e+00	4.215700e+16
6486	7.818394e+15	9.077607e+00	9.854828e+00	1.700652e+16
6487	7.819101e+15	8.994565e+00	9.880171e+00	2.411953e+16
6488	7.819801e+15	8.431920e+00	9.564209e+00	2.023780e+16
6489	7.820521e+15	9.091339e+00	1.061328e+01	1.846713e+16
6490	7.821207e+15	9.696281e+00	1.080631e+01	4.173082e+15
6491	7.821861e+15	9.864071e+00	1.068476e+01	1.318314e+16
6492	7.822505e+15	1.047281e+01	1.112975e+01	2.187956e+16
6493	7.823126e+15	1.022016e+01	1.103902e+01	9.167139e+15
6494	7.823731e+15	1.007453e+01	1.089987e+01	1.092618e+16
6495	7.824343e+15	9.780157e+00	1.060596e+01	1.062645e+16
6496	7.824976e+15	1.065736e+01	1.139617e+01	1.660213e+16
6497	7.825583e+15	9.389167e+00	9.539587e+00	1.590571e+16
6498	7.826235e+15	8.653319e+00	9.530225e+00	8.977857e+15
6499	7.826972e+15	1.021515e+01	1.320040e+01	1.233755e+16
6500	7.827578e+15	6.034493e+00	9.142604e+00	4.746622e+15
6501	7.828300e+15	8.090163e+00	1.367947e+01	8.977066e+15
6502	7.828939e+15	7.893979e+00	1.185964e+01	1.207842e+16
6503	7.829558e+15	6.114114e+00	9.234538e+00	1.400430e+16
6504	7.830300e+15	7.605027e+00	1.234164e+01	2.326613e+16
6505	7.830956e+15	9.179276e+00	1.168290e+01	9.925007e+15
6506	7.831581e+15	1.021624e+01	1.154337e+01	8.460800e+15
6507	7.832198e+15	8.772617e+00	1.060979e+01	9.745753e+15
6508	7.832859e+15	8.030244e+00	1.087226e+01	5.870466e+15
6509	7.833555e+15	8.577601e+00	1.200129e+01	5.637098e+15
6510	7.834250e+15	8.130120e+00	1.170304e+01	2.087005e+16
6511	7.834958e+15	7.927528e+00	1.140716e+01	2.540543e+16
6512	7.835684e+15	8.322952e+00	1.258108e+01	1.987861e+16
6513	7.836391e+15	7.788590e+00	1.235103e+01	1.900427e+16
6514	7.837109e+15	8.149052e+00	1.307179e+01	1.104624e+16
6515	7.837805e+15	8.762191e+00	1.370079e+01	9.271667e+15
6516	7.838463e+15	9.426932e+00	1.416529e+01	1.102795e+16
6517	7.839084e+15	9.738293e+00	1.399808e+01	2.716996e+16
6518	7.839688e+15	9.454592e+00	1.347865e+01	1.079573e+16
6519	7.840287e+15	1.061160e+01	1.380479e+01	4.308040e+15
6520	7.840860e+15	1.064994e+01	1.306207e+01	1.184785e+16
6521	7.841437e+15	1.102416e+01	1.220742e+01	1.072157e+16
6522	7.842029e+15	1.135085e+01	1.274367e+01	1.750566e+16
6523	7.842629e+15	9.983236e+00	1.228360e+01	8.493252e+15
6524	7.843258e+15	1.059308e+01	1.303927e+01	1.552366e+16
6525	7.843873e+15	1.128695e+01	1.358510e+01	9.184479e+15
6526	7.844457e+15	1.049990e+01	1.314450e+01	7.709434e+15
6527	7.845046e+15	1.080662e+01	1.290120e+01	2.651562e+16
6528	7.845642e+15	1.147496e+01	1.319561e+01	1.047070e+16
6529	7.846230e+15	9.626798e+00	1.133609e+01	7.693817e+15
6530	7.846886e+15	1.151792e+01	1.492278e+01	2.707762e+16
6531	7.847482e+15	9.227208e+00	1.254868e+01	2.422192e+16
6532	7.848109e+15	9.244810e+00	1.324848e+01	3.079277e+16
6533	7.848746e+15	9.520288e+00	1.207378e+01	1.543001e+16
6534	7.849412e+15	8.228178e+00	1.129167e+01	3.944007e+16
6535	7.850156e+15	8.113976e+00	1.365295e+01	2.999204e+16
6536	7.850890e+15	9.557385e+00	1.615189e+01	5.968349e+16
6537	7.851536e+15	8.844854e+00	1.411522e+01	4.046059e+16
6538	7.852189e+15	8.216924e+00	1.481466e+01	1.916083e+16
6539	7.852837e+15	8.756163e+00	1.603844e+01	3.207993e+16
6540	7.853456e+15	8.039657e+00	1.428182e+01	3.773268e+16
6541	7.854110e+15	8.526245e+00	1.665202e+01	3.031975e+16
6542	7.854748e+15	6.848458e+00	1.563896e+01	2.989705e+16
6543	7.855411e+15	7.550185e+00	1.758901e+01	2.927638e+16
6544	7.856044e+15	8.066635e+00	1.735920e+01	2.825420e+16
6545	7.856659e+15	7.626975e+00	1.755949e+01	3.644210e+16
6546	7.857259e+15	8.471549e+00	1.816965e+01	2.673255e+16
6547	7.857844e+15	9.067317e+00	1.917191e+01	3.098387e+16
6548	7.858401e+15	8.423634e+00	1.810918e+01	1.630415e+16
6549	7.858955e+15	9.554185e+00	1.817914e+01	1.744757e+16
6550	7.859504e+15	1.120848e+01	1.927383e+01	3.185126e+16
6551	7.860036e+15	1.219472e+01	1.897053e+01	1.181748e+16
6552	7.860566e+15	1.232727e+01	1.920776e+01	2.829695e+16
6553	7.861092e+15	1.220904e+01	1.810574e+01	1.548972e+16
6554	7.861637e+15	1.239944e+01	1.821981e+01	4.390485e+16
6555	7.862194e+15	1.282768e+01	1.892263e+01	4.320802e+16
6556	7.862752e+15	1.272270e+01	1.926989e+01	2.152290e+16
6557	7.863313e+15	1.957084e+01	2.969904e+01	4.978715e+16
6558	7.863693e+15	1.651559e+01	2.500705e+01	1.986977e+16
6559	7.864050e+15	1.795852e+01	2.552997e+01	2.205990e+16
6560	7.864383e+15	2.040596e+01	2.682488e+01	2.167569e+16
6561	7.864694e+15	2.057828e+01	2.653105e+01	3.826637e+16
6562	7.864993e+15	1.926277e+01	2.507817e+01	2.854979e+16
6563	7.865296e+15	1.923113e+01	2.557141e+01	4.892828e+16
6564	7.865599e+15	2.143772e+01	2.669126e+01	3.295728e+16
6565	7.865899e+15	2.122265e+01	2.427350e+01	3.338909e+16
6566	7.866220e+15	2.375706e+01	2.565047e+01	2.957560e+16
6567	7.866554e+15	1.981067e+01	2.148103e+01	3.226022e+16
6568	7.866951e+15	2.035204e+01	2.286898e+01	2.510140e+16
6569	7.867399e+15	1.976163e+01	2.140628e+01	3.406179e+16
6570	7.867938e+15	1.317752e+01	2.280474e+01	6.235812e+16
6571	7.868569e+15	1.029946e+01	2.496652e+01	7.144738e+16
6572	7.869278e+15	7.634987e+00	2.737140e+01	8.264268e+16
6573	7.870036e+15	6.149941e+00	2.711309e+01	1.027804e+17
6574	7.870891e+15	5.224378e+00	2.846885e+01	1.027009e+17
6575	7.871855e+15	5.787299e+00	3.752244e+01	1.045397e+17
6576	7.872777e+15	4.788875e+00	3.585612e+01	9.409066e+16
6577	7.873741e+15	4.524086e+00	4.648988e+01	8.316268e+16
6578	7.874612e+15	3.549990e+00	4.630056e+01	8.155884e+16
6579	7.875446e+15	3.405523e+00	4.845486e+01	9.263349e+16
6580	7.876237e+15	3.191013e+00	4.890755e+01	6.726329e+16
6581	7.876996e+15	3.420122e+00	4.813405e+01	8.298973e+16
6582	7.877739e+15	4.235898e+00	4.964097e+01	5.361126e+16
6583	7.878454e+15	4.463259e+00	4.648620e+01	6.249788e+16
6584	7.879178e+15	5.239223e+00	4.840276e+01	6.115882e+16
6585	7.879885e+15	5.944592e+00	5.082803e+01	3.686478e+16
6586	7.880542e+15	5.965323e+00	4.375191e+01	3.922316e+16
6587	7.881213e+15	6.411064e+00	4.378668e+01	4.968802e+16
6588	7.881879e+15	6.926627e+00	4.357193e+01	4.133870e+16
6589	7.882521e+15	7.066181e+00	4.008033e+01	4.391219e+16
6590	7.883178e+15	7.903700e+00	4.081525e+01	3.673523e+16
6591	7.883835e+15	8.211654e+00	4.112989e+01	1.535080e+16
6592	7.884475e+15	7.419967e+00	3.527508e+01	3.487301e+16
6593	7.885158e+15	8.922344e+00	3.961348e+01	2.402403e+16
6594	7.885807e+15	8.389661e+00	3.407010e+01	2.478789e+16
6595	7.886485e+15	1.016192e+01	3.915331e+01	2.895753e+16
6596	7.887104e+15	1.029567e+01	3.500858e+01	2.330433e+16
6597	7.887706e+15	1.060328e+01	3.506172e+01	2.955415e+16
6598	7.888268e+15	9.224926e+00	2.886303e+01	2.813175e+16
6599	7.888851e+15	1.191263e+01	3.102925e+01	1.892356e+16
6600	7.889401e+15	1.201713e+01	2.658468e+01	1.756318e+16
6601	7.889977e+15	1.307348e+01	2.802768e+01	2.123644e+16
6602	7.890538e+15	1.032153e+01	2.190152e+01	3.174168e+16
6603	7.891167e+15	8.555784e+00	2.275814e+01	2.016364e+16
6604	7.891841e+15	9.222216e+00	2.400775e+01	3.249718e+16
6605	7.892503e+15	1.003581e+01	2.390480e+01	2.829472e+16
6606	7.893169e+15	9.421792e+00	2.192666e+01	2.092481e+16
6607	7.893871e+15	9.164576e+00	2.368400e+01	2.808395e+16
6608	7.894577e+15	9.511198e+00	2.707638e+01	3.307859e+16
6609	7.895217e+15	9.563162e+00	2.419844e+01	1.697767e+16
6610	7.895850e+15	9.566332e+00	2.463942e+01	3.127542e+16
6611	7.896456e+15	1.152518e+01	2.331587e+01	2.325782e+16
6612	7.897048e+15	1.171393e+01	2.117174e+01	2.371041e+16
6613	7.897657e+15	1.153486e+01	2.070005e+01	2.919851e+16
6614	7.898279e+15	1.065206e+01	1.955344e+01	2.179645e+16
6615	7.898938e+15	1.051089e+01	1.960405e+01	2.543078e+16
6616	7.899626e+15	1.131428e+01	2.227342e+01	2.391061e+16
6617	7.900265e+15	1.065459e+01	1.882379e+01	4.216332e+16
6618	7.900933e+15	1.147916e+01	2.011360e+01	2.831924e+16
6619	7.901596e+15	1.162610e+01	1.949099e+01	3.527051e+16
6620	7.902259e+15	1.056989e+01	1.831769e+01	2.638842e+16
6621	7.902948e+15	1.157666e+01	1.974956e+01	1.529106e+16
6622	7.903608e+15	1.062960e+01	1.786887e+01	3.668721e+16
6623	7.904280e+15	1.253155e+01	1.985220e+01	2.982863e+16
6624	7.904910e+15	1.145679e+01	1.798688e+01	1.631567e+16
6625	7.905537e+15	1.071512e+01	1.704649e+01	3.363937e+16
6626	7.906188e+15	1.247191e+01	1.861591e+01	4.091339e+16
6627	7.906815e+15	1.037892e+01	1.445961e+01	2.589861e+16
6628	7.907514e+15	1.104284e+01	1.630332e+01	4.603440e+16
6629	7.908230e+15	1.246743e+01	1.858763e+01	3.102709e+16
6630	7.908907e+15	9.636781e+00	1.590266e+01	3.326708e+16
6631	7.909629e+15	1.284225e+01	2.112806e+01	4.121151e+16
6632	7.910247e+15	1.171298e+01	1.606156e+01	2.884164e+16
6633	7.910906e+15	1.266998e+01	1.749884e+01	4.263578e+16
6634	7.911564e+15	1.284502e+01	1.901901e+01	2.087430e+16
6635	7.912184e+15	1.094024e+01	1.627375e+01	1.976166e+16
6636	7.912856e+15	1.217733e+01	1.862730e+01	3.400320e+16
6637	7.913511e+15	1.261906e+01	1.922950e+01	3.553486e+16
6638	7.914134e+15	1.263683e+01	1.994281e+01	2.842625e+16
6639	7.914708e+15	1.058201e+01	1.723326e+01	2.587271e+16
6640	7.915308e+15	1.138962e+01	1.895702e+01	3.267120e+16
6641	7.915896e+15	1.153822e+01	1.813472e+01	2.688774e+16
6642	7.916479e+15	1.097240e+01	1.624089e+01	2.361654e+16
6643	7.917093e+15	1.270183e+01	1.816520e+01	3.675170e+16
6644	7.917683e+15	1.383211e+01	1.764268e+01	3.032232e+16
6645	7.918255e+15	1.181987e+01	1.385833e+01	2.372572e+16
6646	7.918895e+15	1.265795e+01	1.525219e+01	2.312590e+16
6647	7.919547e+15	1.383508e+01	1.611336e+01	1.960954e+16
6648	7.920187e+15	1.329826e+01	1.516000e+01	1.626832e+16
6649	7.920835e+15	1.100108e+01	1.232241e+01	3.703781e+16
6650	7.921573e+15	1.159514e+01	1.418244e+01	2.790559e+16
6651	7.922355e+15	1.154276e+01	1.518436e+01	2.799428e+16
6652	7.923139e+15	1.130096e+01	1.716114e+01	2.445461e+16
6653	7.923865e+15	1.143707e+01	1.807432e+01	3.273869e+16
6654	7.924525e+15	1.067407e+01	1.787983e+01	1.594637e+16
6655	7.925136e+15	1.005775e+01	1.717005e+01	2.003368e+16
6656	7.925726e+15	1.184586e+01	1.818809e+01	2.574765e+16
6657	7.926265e+15	9.875057e+00	1.344933e+01	5.388426e+15
6658	7.926880e+15	1.416943e+01	1.850916e+01	1.798917e+16
6659	7.927428e+15	1.288461e+01	1.565459e+01	1.428092e+16
6660	7.927982e+15	1.151551e+01	1.461935e+01	1.217158e+16
6661	7.928590e+15	1.369351e+01	1.764223e+01	1.380285e+16
6662	7.929162e+15	1.361721e+01	1.611405e+01	3.167512e+16
6663	7.929735e+15	1.362719e+01	1.531680e+01	1.936407e+16
6664	7.930325e+15	1.346078e+01	1.492109e+01	1.580050e+16
6665	7.930942e+15	1.533604e+01	1.791244e+01	2.622518e+16
6666	7.931533e+15	1.367969e+01	1.685540e+01	1.308939e+16
6667	7.932122e+15	1.318986e+01	1.656358e+01	1.166625e+16
6668	7.932721e+15	1.470154e+01	1.824741e+01	8.849655e+15
6669	7.933284e+15	1.470431e+01	1.780807e+01	2.700992e+16
6670	7.933827e+15	1.401107e+01	1.636939e+01	1.206488e+16
6671	7.934387e+15	1.513803e+01	1.709748e+01	1.743933e+16
6672	7.934935e+15	1.343861e+01	1.359213e+01	8.866959e+15
6673	7.935548e+15	1.370549e+01	1.578368e+01	2.333706e+16
6674	7.936167e+15	1.167282e+01	1.431158e+01	1.609702e+16
6675	7.936845e+15	1.250959e+01	1.681954e+01	1.609325e+16
6676	7.937514e+15	1.004142e+01	1.528627e+01	1.972480e+16
6677	7.938224e+15	1.044254e+01	1.877935e+01	3.198344e+16
6678	7.938894e+15	8.911193e+00	1.822756e+01	1.273924e+16
6679	7.939555e+15	8.631354e+00	1.786215e+01	2.388662e+16
6680	7.940209e+15	1.188514e+01	2.032215e+01	1.042064e+16
6681	7.940788e+15	1.019060e+01	1.446414e+01	1.267712e+16
6682	7.941466e+15	1.203840e+01	2.003888e+01	1.334709e+16
6683	7.942112e+15	1.138329e+01	2.099685e+01	1.943505e+16
6684	7.942723e+15	9.778997e+00	2.044958e+01	1.851753e+16
6685	7.943322e+15	9.060216e+00	2.023369e+01	2.108412e+16
6686	7.943907e+15	1.274032e+01	2.170533e+01	1.064446e+16
6687	7.944446e+15	1.301535e+01	1.874374e+01	1.470664e+16
6688	7.945012e+15	1.480483e+01	2.180106e+01	2.275654e+16
6689	7.945541e+15	1.267026e+01	1.904002e+01	3.010645e+16
6690	7.946094e+15	1.227176e+01	1.913422e+01	1.443450e+16
6691	7.946669e+15	1.368145e+01	2.134327e+01	1.567057e+16
6692	7.947218e+15	1.293159e+01	1.875929e+01	1.625883e+16
6693	7.947792e+15	1.254026e+01	1.927837e+01	2.145543e+16
6694	7.948379e+15	1.310689e+01	1.975277e+01	2.080390e+16
6695	7.948953e+15	1.413440e+01	2.001312e+01	1.008525e+16
6696	7.949498e+15	1.447940e+01	1.924492e+01	1.411449e+16
6697	7.950021e+15	1.423022e+01	1.854577e+01	1.669909e+16
6698	7.950537e+15	1.515384e+01	1.861807e+01	9.737857e+15
6699	7.951040e+15	1.521979e+01	1.797006e+01	1.227866e+16
6700	7.951534e+15	1.529244e+01	1.721993e+01	1.221627e+16
6701	7.952033e+15	1.670376e+01	1.766726e+01	7.948397e+15
6702	7.952515e+15	1.602316e+01	1.677061e+01	1.369664e+16
6703	7.952998e+15	1.685168e+01	1.618731e+01	7.972686e+15
6704	7.953486e+15	1.751756e+01	1.644078e+01	3.185484e+15
6705	7.953965e+15	1.528176e+01	1.436367e+01	1.724918e+16
6706	7.954478e+15	1.876694e+01	1.585562e+01	1.936884e+16
6707	7.954975e+15	1.832388e+01	1.545049e+01	1.962601e+16
6708	7.955474e+15	1.699269e+01	1.540036e+01	1.580484e+16
6709	7.955962e+15	1.442156e+01	1.411988e+01	1.424523e+16
6710	7.956492e+15	1.770987e+01	1.649238e+01	1.008515e+16
6711	7.956978e+15	1.790004e+01	1.427916e+01	1.933716e+16
6712	7.957475e+15	1.762334e+01	1.437062e+01	1.218598e+16
6713	7.957979e+15	1.724236e+01	1.488206e+01	2.690446e+16
6714	7.958465e+15	1.629125e+01	1.320091e+01	2.129331e+16
6715	7.958998e+15	1.975145e+01	1.567742e+01	1.369394e+16
6716	7.959482e+15	1.548001e+01	1.228059e+01	1.606584e+16
6717	7.960011e+15	1.698015e+01	1.289167e+01	8.645610e+15
6718	7.960545e+15	1.800148e+01	1.372825e+01	1.690558e+16
6719	7.961056e+15	1.630283e+01	1.201940e+01	2.289183e+16
6720	7.961594e+15	1.541608e+01	1.145587e+01	1.892951e+16
6721	7.962164e+15	1.353602e+01	1.040119e+01	1.810966e+16
6722	7.962795e+15	1.485158e+01	1.273095e+01	1.273812e+16
6723	7.963415e+15	1.486753e+01	1.233866e+01	2.137422e+16
6724	7.964042e+15	1.412618e+01	1.226966e+01	1.581554e+16
6725	7.964704e+15	1.580158e+01	1.530040e+01	2.073216e+16
6726	7.965303e+15	1.341686e+01	1.390713e+01	1.794364e+16
6727	7.965908e+15	1.261487e+01	1.509296e+01	1.671505e+16
6728	7.966470e+15	1.367184e+01	1.359070e+01	2.472639e+16
6729	7.967046e+15	1.532154e+01	1.440169e+01	6.950831e+15
6730	7.967607e+15	1.486984e+01	1.457235e+01	2.681744e+16
6731	7.968155e+15	1.383818e+01	1.392436e+01	9.628845e+15
6732	7.968721e+15	1.357252e+01	1.489042e+01	1.740753e+16
6733	7.969277e+15	1.228475e+01	1.423666e+01	2.352917e+16
6734	7.969848e+15	1.403935e+01	1.548674e+01	1.133140e+16
6735	7.970388e+15	1.480273e+01	1.459645e+01	1.867446e+16
6736	7.970921e+15	1.328309e+01	1.390293e+01	1.219441e+16
6737	7.971465e+15	1.366674e+01	1.433204e+01	1.615832e+16
6738	7.971998e+15	1.448237e+01	1.420099e+01	1.193233e+16
6739	7.972526e+15	1.306038e+01	1.156165e+01	1.931906e+16
6740	7.973086e+15	1.268157e+01	1.213754e+01	1.770765e+16
6741	7.973659e+15	1.270096e+01	1.184623e+01	1.931279e+16
6742	7.974243e+15	1.165226e+01	1.161659e+01	1.697122e+16
6743	7.974863e+15	1.360222e+01	1.411035e+01	1.917427e+16
6744	7.975441e+15	1.227026e+01	1.358605e+01	2.621699e+16
6745	7.976006e+15	1.063173e+01	1.367902e+01	9.076508e+15
6746	7.976558e+15	1.135850e+01	1.454631e+01	1.772016e+16
6747	7.977081e+15	9.065592e+00	1.305573e+01	1.379060e+16
6748	7.977638e+15	1.043895e+01	1.583678e+01	1.160172e+16
6749	7.978150e+15	9.878762e+00	1.425988e+01	1.308115e+16
6750	7.978668e+15	9.429561e+00	1.224142e+01	8.611032e+15
6751	7.979249e+15	1.266962e+01	1.535037e+01	2.730012e+16
6752	7.979790e+15	1.352496e+01	1.533155e+01	1.553013e+16
6753	7.980294e+15	1.171430e+01	1.193409e+01	6.511570e+15
6754	7.980870e+15	1.421025e+01	1.456813e+01	1.910492e+16
6755	7.981433e+15	1.283562e+01	1.355012e+01	1.990097e+16
6756	7.982017e+15	1.214221e+01	1.368017e+01	1.070341e+16
6757	7.982615e+15	1.228759e+01	1.223435e+01	1.426932e+16
6758	7.983232e+15	1.094583e+01	1.345428e+01	1.590372e+16
6759	7.983883e+15	1.070002e+01	1.412718e+01	1.538471e+16
6760	7.984568e+15	1.213940e+01	1.776670e+01	9.596199e+15
6761	7.985164e+15	1.059273e+01	1.525719e+01	2.334509e+16
6762	7.985781e+15	1.137095e+01	1.704245e+01	2.756489e+16
6763	7.986375e+15	1.315307e+01	1.758196e+01	1.527067e+16
6764	7.986935e+15	1.059574e+01	1.556506e+01	2.131831e+16
6765	7.987535e+15	1.225314e+01	1.809723e+01	2.292416e+16
6766	7.988091e+15	1.208855e+01	1.599303e+01	2.028096e+16
6767	7.988665e+15	1.347029e+01	1.770957e+01	1.676133e+16
6768	7.989223e+15	1.233324e+01	1.699897e+01	1.559874e+16
6769	7.989787e+15	1.237193e+01	1.684916e+01	1.118625e+16
6770	7.990354e+15	1.401454e+01	1.744434e+01	4.175570e+16
6771	7.990907e+15	1.516315e+01	1.696841e+01	1.686693e+16
6772	7.991444e+15	1.146019e+01	1.309899e+01	1.430423e+16
6773	7.992064e+15	1.403390e+01	1.838037e+01	2.154237e+16
6774	7.992638e+15	1.509463e+01	1.820029e+01	7.532483e+15
6775	7.993179e+15	1.236888e+01	1.549373e+01	2.973519e+16
6776	7.993748e+15	1.479879e+01	1.730135e+01	2.682086e+16
6777	7.994277e+15	1.432556e+01	1.431502e+01	1.531793e+16
6778	7.994838e+15	1.577951e+01	1.575924e+01	6.920876e+15
6779	7.995371e+15	1.386865e+01	1.528069e+01	1.599562e+16
6780	7.995919e+15	1.178840e+01	1.422015e+01	1.643592e+16
6781	7.996533e+15	1.442560e+01	1.790226e+01	1.675451e+16
6782	7.997104e+15	1.204932e+01	1.638595e+01	9.132759e+15
6783	7.997681e+15	1.203802e+01	1.689420e+01	2.998169e+16
6784	7.998249e+15	1.306157e+01	1.788919e+01	1.036784e+16
6785	7.998777e+15	1.127479e+01	1.541876e+01	1.451993e+16
6786	7.999314e+15	1.094895e+01	1.490314e+01	7.841864e+15
6787	7.999852e+15	1.214576e+01	1.419354e+01	7.839125e+15
6788	8.000420e+15	1.548104e+01	1.523379e+01	1.303057e+16
6789	8.000973e+15	1.337922e+01	1.328471e+01	1.180073e+16
6790	8.001576e+15	1.424226e+01	1.572320e+01	2.175658e+16
6791	8.002146e+15	1.180809e+01	1.480425e+01	5.127403e+15
6792	8.002716e+15	1.132482e+01	1.562999e+01	6.240672e+15
6793	8.003248e+15	1.222765e+01	1.370716e+01	7.273682e+15
6794	8.003785e+15	1.324889e+01	1.313867e+01	4.157212e+15
6795	8.004337e+15	1.211421e+01	1.322265e+01	1.619676e+16
6796	8.004887e+15	9.843550e+00	1.113225e+01	6.182307e+15
6797	8.005515e+15	1.233298e+01	1.408443e+01	2.702781e+16
6798	8.006096e+15	9.214618e+00	1.071690e+01	1.137671e+16
6799	8.006759e+15	9.423912e+00	1.180344e+01	1.840229e+16
6800	8.007455e+15	1.121919e+01	1.403603e+01	2.958782e+16
6801	8.008102e+15	1.068075e+01	1.494419e+01	6.624407e+15
6802	8.008673e+15	9.590695e+00	1.336121e+01	2.411483e+16
6803	8.009244e+15	1.022454e+01	1.321499e+01	1.740391e+16
6804	8.009804e+15	1.182008e+01	1.221170e+01	1.401045e+16
6805	8.010369e+15	1.249010e+01	1.221904e+01	2.355904e+16
6806	8.010927e+15	1.094937e+01	1.128986e+01	5.359486e+15
6807	8.011508e+15	9.306965e+00	1.098594e+01	9.570254e+15
6808	8.012144e+15	9.710661e+00	1.226459e+01	1.856882e+16
6809	8.012767e+15	8.805946e+00	1.085916e+01	1.222561e+16
6810	8.013439e+15	8.191646e+00	1.091878e+01	1.164391e+16
6811	8.014174e+15	9.200064e+00	1.381342e+01	1.463122e+16
6812	8.014845e+15	8.679593e+00	1.275040e+01	1.544085e+16
6813	8.015509e+15	8.789275e+00	1.343845e+01	1.164183e+16
6814	8.016131e+15	8.495976e+00	1.165930e+01	3.158946e+16
6815	8.016777e+15	9.367771e+00	1.446872e+01	1.940040e+16
6816	8.017370e+15	9.281314e+00	1.441077e+01	2.002294e+16
6817	8.017928e+15	9.924065e+00	1.384733e+01	4.120980e+15
6818	8.018472e+15	9.617800e+00	1.174715e+01	1.568327e+16
6819	8.019039e+15	9.714426e+00	1.320775e+01	8.105284e+15
6820	8.019623e+15	1.125322e+01	1.573975e+01	1.019590e+16
6821	8.020145e+15	1.027239e+01	1.380612e+01	2.691866e+16
6822	8.020661e+15	1.112405e+01	1.347944e+01	1.092957e+16
6823	8.021176e+15	1.301283e+01	1.262630e+01	1.058545e+16
6824	8.021713e+15	1.385167e+01	1.327639e+01	1.860554e+16
6825	8.022232e+15	1.275281e+01	1.221443e+01	1.639672e+16
6826	8.022757e+15	1.144487e+01	1.040006e+01	2.408046e+16
6827	8.023346e+15	1.253289e+01	1.238289e+01	2.131211e+16
6828	8.023916e+15	1.114897e+01	1.113503e+01	7.662785e+15
6829	8.024511e+15	1.000325e+01	1.059408e+01	1.609609e+16
6830	8.025158e+15	1.210369e+01	1.283094e+01	1.792388e+16
6831	8.025745e+15	1.094615e+01	1.151077e+01	1.739242e+16
6832	8.026361e+15	1.097935e+01	1.311073e+01	2.068613e+16
6833	8.026948e+15	1.074834e+01	1.212603e+01	9.267746e+15
6834	8.027541e+15	9.393596e+00	1.033203e+01	1.932830e+16
6835	8.028194e+15	9.038068e+00	1.161615e+01	2.445426e+16
6836	8.028858e+15	1.015435e+01	1.448457e+01	8.853471e+15
6837	8.029449e+15	8.409893e+00	1.165774e+01	3.022370e+16
6838	8.030089e+15	8.636929e+00	1.359896e+01	1.830962e+16
6839	8.030704e+15	9.035015e+00	1.338738e+01	2.081316e+16
6840	8.031315e+15	1.005100e+01	1.454980e+01	1.638294e+16
6841	8.031881e+15	8.670249e+00	1.139832e+01	2.214460e+16
6842	8.032494e+15	9.077450e+00	1.257545e+01	2.695937e+16
6843	8.033104e+15	1.055028e+01	1.466591e+01	3.131184e+16
6844	8.033648e+15	1.031492e+01	1.360518e+01	1.475480e+16
6845	8.034184e+15	9.580924e+00	1.403501e+01	2.687634e+16
6846	8.034702e+15	8.833254e+00	1.335337e+01	2.796117e+16
6847	8.035222e+15	8.403159e+00	1.246887e+01	2.464748e+16
6848	8.035771e+15	9.581597e+00	1.396395e+01	1.870443e+16
6849	8.036295e+15	8.715402e+00	1.231409e+01	3.349541e+16
6850	8.036856e+15	7.848654e+00	1.212851e+01	2.449897e+16
6851	8.037463e+15	8.135630e+00	1.398406e+01	3.884156e+16
6852	8.038051e+15	7.429463e+00	1.211421e+01	2.739995e+16
6853	8.038687e+15	7.340433e+00	1.419918e+01	2.693757e+16
6854	8.039323e+15	9.742112e+00	1.536927e+01	1.302145e+16
6855	8.039926e+15	9.435542e+00	1.312315e+01	4.061204e+16
6856	8.040577e+15	1.014207e+01	1.638189e+01	3.722962e+16
6857	8.041181e+15	8.924053e+00	1.470852e+01	3.991319e+16
6858	8.041803e+15	8.278911e+00	1.332957e+01	2.536916e+16
6859	8.042474e+15	8.450559e+00	1.465008e+01	2.817889e+16
6860	8.043168e+15	8.950064e+00	1.659821e+01	4.984328e+16
6861	8.043831e+15	9.061232e+00	1.761736e+01	1.945360e+16
6862	8.044457e+15	8.855502e+00	1.733106e+01	2.473014e+16
6863	8.045076e+15	9.054949e+00	1.905239e+01	3.083497e+16
6864	8.045662e+15	9.512592e+00	1.969869e+01	1.316582e+16
6865	8.046217e+15	9.527650e+00	1.876730e+01	1.833984e+16
6866	8.046772e+15	1.009692e+01	1.904359e+01	3.406007e+16
6867	8.047314e+15	1.057309e+01	1.830685e+01	2.511979e+16
6868	8.047865e+15	1.054759e+01	1.775327e+01	2.442151e+16
6869	8.048416e+15	8.921836e+00	1.719999e+01	2.688599e+16
6870	8.049006e+15	9.655464e+00	2.139811e+01	2.310280e+16
6871	8.049544e+15	9.945657e+00	1.868321e+01	2.167014e+16
6872	8.050106e+15	1.093149e+01	1.925514e+01	2.870827e+16
6873	8.050684e+15	9.171176e+00	1.806424e+01	2.711906e+16
6874	8.051314e+15	8.226653e+00	1.639877e+01	4.027778e+16
6875	8.052059e+15	8.421836e+00	1.941358e+01	3.235974e+16
6876	8.052847e+15	9.282660e+00	2.535822e+01	3.241289e+16
6877	8.053531e+15	6.703234e+00	2.287834e+01	2.401465e+16
6878	8.054196e+15	6.799171e+00	2.398529e+01	3.247064e+16
6879	8.054824e+15	7.620925e+00	2.325029e+01	1.738407e+16
6880	8.055438e+15	7.965485e+00	2.109486e+01	1.532768e+16
6881	8.056094e+15	7.827347e+00	2.285155e+01	3.095732e+16
6882	8.056767e+15	7.597616e+00	2.336883e+01	2.056403e+16
6883	8.057453e+15	7.800548e+00	2.363894e+01	1.011681e+16
6884	8.058161e+15	8.203530e+00	2.729956e+01	3.187689e+16
6885	8.058831e+15	8.679546e+00	2.865027e+01	2.812926e+16
6886	8.059455e+15	9.375072e+00	2.766277e+01	2.239870e+16
6887	8.060060e+15	9.762055e+00	2.877193e+01	9.799450e+15
6888	8.060630e+15	9.365159e+00	2.659258e+01	1.421929e+16
6889	8.061202e+15	1.055115e+01	2.628650e+01	1.664513e+16
6890	8.061773e+15	1.243840e+01	2.704589e+01	1.313650e+16
6891	8.062325e+15	1.264554e+01	2.532847e+01	1.816991e+16
6892	8.062889e+15	1.206216e+01	2.411667e+01	1.538729e+16
6893	8.063479e+15	1.183017e+01	2.373030e+01	1.853519e+16
6894	8.064084e+15	1.285202e+01	2.525254e+01	1.636532e+16
6895	8.064668e+15	1.294250e+01	2.361838e+01	1.915919e+16
6896	8.065262e+15	1.226021e+01	2.264912e+01	1.871480e+16
6897	8.065871e+15	1.112498e+01	2.097001e+01	1.353939e+16
6898	8.066512e+15	1.219969e+01	2.266420e+01	1.285859e+16
6899	8.067150e+15	1.161747e+01	2.236429e+01	1.829655e+16
6900	8.067781e+15	1.072421e+01	2.102850e+01	2.147315e+16
6901	8.068454e+15	1.164401e+01	2.543243e+01	2.532409e+16
6902	8.069082e+15	9.472925e+00	2.349512e+01	2.060913e+16
6903	8.069712e+15	9.178846e+00	2.360707e+01	1.515188e+16
6904	8.070336e+15	1.034315e+01	2.368118e+01	3.957694e+15
6905	8.070944e+15	1.017303e+01	2.194448e+01	3.428338e+16
6906	8.071568e+15	1.099322e+01	2.353997e+01	3.446847e+16
6907	8.072162e+15	9.976773e+00	2.061843e+01	1.376665e+16
6908	8.072783e+15	1.093642e+01	2.217950e+01	2.260777e+16
6909	8.073399e+15	1.117664e+01	2.245153e+01	3.045505e+16
6910	8.073994e+15	1.120522e+01	2.177705e+01	1.302360e+16
6911	8.074584e+15	9.835238e+00	1.921718e+01	1.330837e+16
6912	8.075230e+15	9.545696e+00	2.090173e+01	3.010436e+16
6913	8.075890e+15	8.374538e+00	2.058568e+01	2.826343e+16
6914	8.076570e+15	7.374523e+00	1.889413e+01	2.375413e+16
6915	8.077330e+15	9.619410e+00	2.543715e+01	3.230504e+16
6916	8.078004e+15	8.794015e+00	2.112464e+01	2.156212e+16
6917	8.078693e+15	7.249963e+00	2.010483e+01	1.002564e+16
6918	8.079407e+15	9.336223e+00	2.461615e+01	4.221610e+16
6919	8.080015e+15	9.399015e+00	1.704820e+01	1.710527e+16
6920	8.080707e+15	1.094749e+01	2.159313e+01	2.459621e+16
6921	8.081339e+15	9.564636e+00	1.754253e+01	1.103049e+16
6922	8.082011e+15	9.372272e+00	1.674523e+01	1.342465e+16
6923	8.082736e+15	1.143018e+01	2.047939e+01	1.977518e+16
6924	8.083390e+15	1.054875e+01	1.776090e+01	2.560083e+16
6925	8.084059e+15	9.721709e+00	1.847871e+01	2.572075e+16
6926	8.084725e+15	1.029837e+01	1.932444e+01	1.939102e+16
6927	8.085368e+15	1.037740e+01	1.854478e+01	3.108192e+16
6928	8.086004e+15	1.026101e+01	1.811304e+01	1.588013e+16
6929	8.086636e+15	1.150550e+01	1.827973e+01	2.308513e+16
6930	8.087245e+15	1.136916e+01	1.869005e+01	2.833464e+16
6931	8.087821e+15	1.196688e+01	1.889035e+01	2.892970e+16
6932	8.088369e+15	9.454737e+00	1.431149e+01	1.572070e+16
6933	8.088989e+15	1.192511e+01	1.834510e+01	1.348203e+16
6934	8.089582e+15	1.181918e+01	1.732350e+01	2.764097e+16
6935	8.090178e+15	1.170684e+01	1.731103e+01	1.619379e+16
6936	8.090784e+15	1.031097e+01	1.621207e+01	2.626870e+16
6937	8.091424e+15	1.009016e+01	1.699282e+01	1.850493e+16
6938	8.092096e+15	1.273040e+01	2.200639e+01	4.353183e+16
6939	8.092674e+15	1.011140e+01	1.511519e+01	1.438458e+16
6940	8.093360e+15	1.225227e+01	2.180030e+01	3.723401e+16
6941	8.093980e+15	1.135083e+01	2.035605e+01	3.274536e+16
6942	8.094584e+15	1.055282e+01	1.975086e+01	2.111501e+16
6943	8.095201e+15	1.369476e+01	2.294805e+01	3.261442e+16
6944	8.095772e+15	1.337620e+01	2.133630e+01	1.663109e+16
6945	8.096347e+15	1.195176e+01	2.078379e+01	2.386063e+16
6946	8.096953e+15	1.028775e+01	2.009649e+01	3.127374e+16
6947	8.097619e+15	1.001942e+01	2.226572e+01	3.898441e+16
6948	8.098300e+15	1.029706e+01	2.361542e+01	6.415482e+16
6949	8.098959e+15	1.106370e+01	2.444196e+01	5.218521e+16
6950	8.099587e+15	1.098109e+01	2.469524e+01	6.842237e+16
6951	8.100180e+15	1.112368e+01	2.411888e+01	4.395807e+16
6952	8.100755e+15	1.124729e+01	2.152582e+01	3.541115e+16
6953	8.101349e+15	1.241964e+01	2.288910e+01	3.829348e+16
6954	8.101943e+15	1.332000e+01	2.315438e+01	3.909057e+16
6955	8.102528e+15	1.243802e+01	2.114436e+01	1.694363e+16
6956	8.103145e+15	1.159681e+01	2.282249e+01	2.881399e+16
6957	8.103763e+15	1.119874e+01	2.186447e+01	4.191371e+16
6958	8.104400e+15	1.205296e+01	2.406079e+01	3.446883e+16
6959	8.105000e+15	1.226932e+01	2.275748e+01	3.170345e+16
6960	8.105593e+15	1.325358e+01	2.327803e+01	2.500696e+16
6961	8.106160e+15	1.074015e+01	1.914603e+01	3.371713e+16
6962	8.106770e+15	1.204589e+01	2.033089e+01	2.030313e+16
6963	8.107409e+15	1.366168e+01	2.302123e+01	2.242292e+16
6964	8.108009e+15	1.353065e+01	2.257568e+01	1.303840e+16
6965	8.108585e+15	1.112343e+01	2.167536e+01	1.527833e+16
6966	8.109168e+15	9.631341e+00	2.131472e+01	1.955322e+16
6967	8.109778e+15	9.358606e+00	2.363132e+01	2.002660e+16
6968	8.110357e+15	7.223870e+00	1.867975e+01	2.776975e+16
6969	8.111032e+15	9.054304e+00	2.453176e+01	4.375188e+16
6970	8.111674e+15	9.603673e+00	2.233344e+01	3.732793e+16
6971	8.112328e+15	1.027768e+01	2.540683e+01	4.269591e+16
6972	8.112937e+15	9.178778e+00	2.329533e+01	2.237605e+16
6973	8.113556e+15	8.792039e+00	2.504801e+01	2.742592e+16
6974	8.114146e+15	8.564581e+00	2.483360e+01	1.573474e+16
6975	8.114712e+15	9.594346e+00	2.543378e+01	1.859546e+16
6976	8.115249e+15	7.870942e+00	2.157763e+01	1.448796e+16
6977	8.115832e+15	8.091168e+00	2.532223e+01	1.413575e+16
6978	8.116391e+15	8.247701e+00	2.441570e+01	2.364926e+16
6979	8.116942e+15	8.344589e+00	2.282491e+01	3.171124e+16
6980	8.117522e+15	9.726504e+00	2.443848e+01	3.103638e+16
6981	8.118085e+15	9.605348e+00	2.273120e+01	1.761290e+16
6982	8.118658e+15	9.460236e+00	2.183703e+01	2.049222e+16
6983	8.119257e+15	1.044782e+01	2.291619e+01	3.905472e+16
6984	8.119866e+15	1.022640e+01	2.216264e+01	5.987779e+16
6985	8.120517e+15	1.058326e+01	2.457018e+01	2.819255e+16
6986	8.121175e+15	1.022329e+01	2.609629e+01	5.057241e+16
6987	8.121824e+15	9.571648e+00	2.780705e+01	2.612383e+16
6988	8.122452e+15	1.024529e+01	3.009606e+01	3.754812e+16
6989	8.123040e+15	9.756135e+00	2.929415e+01	3.320977e+16
6990	8.123620e+15	9.139081e+00	2.949252e+01	3.065338e+16
6991	8.124205e+15	1.015355e+01	3.143001e+01	2.761430e+16
6992	8.124767e+15	9.505322e+00	3.093507e+01	2.977163e+16
6993	8.125321e+15	1.053334e+01	3.300106e+01	4.040309e+16
6994	8.125839e+15	1.092155e+01	3.156940e+01	1.705753e+16
6995	8.126340e+15	1.020184e+01	3.040492e+01	2.442788e+16
6996	8.126841e+15	1.197225e+01	3.170002e+01	2.012011e+16
6997	8.127324e+15	1.325395e+01	3.070494e+01	1.622316e+16
6998	8.127805e+15	1.378360e+01	3.303080e+01	1.014979e+16
6999	8.128264e+15	1.106501e+01	2.770890e+01	8.556097e+15
7000	8.128773e+15	1.365176e+01	3.459860e+01	1.321079e+16
7001	8.129256e+15	1.458995e+01	3.426454e+01	1.464162e+16
7002	8.129726e+15	1.384649e+01	3.126188e+01	1.608213e+16
7003	8.130227e+15	1.371915e+01	3.342026e+01	4.191014e+16
7004	8.130737e+15	1.363913e+01	3.633346e+01	3.339460e+16
7005	8.131225e+15	1.433720e+01	3.627025e+01	7.381353e+15
7006	8.131710e+15	1.506165e+01	3.603634e+01	9.515146e+15
7007	8.132196e+15	1.405540e+01	3.363623e+01	9.375667e+15
7008	8.132695e+15	1.436876e+01	3.479539e+01	2.319841e+16
7009	8.133199e+15	1.642101e+01	3.678211e+01	1.799899e+16
7010	8.133683e+15	1.592148e+01	3.364958e+01	1.495373e+16
7011	8.134179e+15	1.763764e+01	3.574619e+01	1.447944e+16
7012	8.134664e+15	1.741321e+01	3.609045e+01	1.718891e+16
7013	8.135132e+15	1.621677e+01	3.479796e+01	2.246513e+16
7014	8.135598e+15	1.720132e+01	3.547472e+01	1.696377e+16
7015	8.136051e+15	1.765728e+01	3.439016e+01	1.772804e+16
7016	8.136494e+15	1.812944e+01	3.150514e+01	1.773794e+16
7017	8.136952e+15	1.929183e+01	3.311191e+01	2.453449e+16
7018	8.137396e+15	1.765764e+01	3.054537e+01	1.653033e+16
7019	8.137846e+15	1.745309e+01	2.943553e+01	2.020440e+16
7020	8.138307e+15	1.869237e+01	3.107222e+01	2.412954e+16
7021	8.138750e+15	1.489931e+01	2.506170e+01	1.427812e+16
7022	8.139238e+15	1.644924e+01	2.819264e+01	2.479497e+16
7023	8.139724e+15	1.879603e+01	3.008871e+01	1.343816e+16
7024	8.140171e+15	1.772042e+01	2.534280e+01	1.203603e+16
7025	8.140634e+15	1.791334e+01	2.669397e+01	1.669955e+16
7026	8.141086e+15	1.665168e+01	2.466457e+01	9.617230e+15
7027	8.141553e+15	1.365297e+01	2.151642e+01	8.218087e+15
7028	8.142075e+15	1.581297e+01	2.634720e+01	8.858508e+15
7029	8.142564e+15	1.522273e+01	2.435860e+01	2.803163e+16
7030	8.143048e+15	1.266154e+01	2.071073e+01	1.657989e+16
7031	8.143586e+15	1.394033e+01	2.258773e+01	1.853380e+16
7032	8.144134e+15	1.296288e+01	2.264305e+01	1.638867e+16
7033	8.144684e+15	1.363494e+01	2.387712e+01	1.926544e+16
7034	8.145211e+15	1.404479e+01	2.259806e+01	1.649957e+16
7035	8.145729e+15	1.258795e+01	2.169917e+01	2.710633e+16
7036	8.146248e+15	1.284495e+01	2.195062e+01	2.218880e+16
7037	8.146758e+15	1.388411e+01	2.157601e+01	1.820073e+16
7038	8.147256e+15	1.397160e+01	2.080241e+01	1.883180e+16
7039	8.147751e+15	1.481501e+01	2.043971e+01	1.396348e+16
7040	8.148241e+15	1.373341e+01	1.881381e+01	1.328853e+16
7041	8.148750e+15	1.493048e+01	2.015444e+01	2.912163e+16
7042	8.149245e+15	1.270769e+01	1.786025e+01	2.365096e+16
7043	8.149766e+15	1.362451e+01	1.870996e+01	1.366673e+16
7044	8.150287e+15	1.418889e+01	1.885489e+01	6.717939e+15
7045	8.150796e+15	1.300572e+01	1.746699e+01	1.320357e+16
7046	8.151322e+15	1.278238e+01	1.666264e+01	1.190949e+16
7047	8.151877e+15	1.356446e+01	1.890283e+01	1.197561e+16
7048	8.152406e+15	1.197666e+01	1.637811e+01	2.961893e+16
7049	8.152971e+15	1.238695e+01	1.692801e+01	1.734114e+16
7050	8.153555e+15	1.201888e+01	1.749632e+01	1.780533e+16
7051	8.154146e+15	1.231787e+01	1.922357e+01	2.271104e+16
7052	8.154713e+15	1.038138e+01	1.651150e+01	1.732080e+16
7053	8.155322e+15	1.036673e+01	1.835582e+01	2.486317e+16
7054	8.155934e+15	1.228273e+01	2.030269e+01	1.896637e+16
7055	8.156510e+15	1.138691e+01	1.831542e+01	2.236423e+16
7056	8.157104e+15	1.138818e+01	1.991830e+01	2.735631e+16
7057	8.157682e+15	1.060607e+01	1.771236e+01	2.631352e+16
7058	8.158304e+15	1.143375e+01	2.206733e+01	1.720344e+16
7059	8.158874e+15	1.164219e+01	2.179234e+01	3.654809e+16
7060	8.159411e+15	1.069246e+01	2.234305e+01	2.166451e+16
7061	8.159932e+15	1.140987e+01	2.516543e+01	1.520634e+16
7062	8.160391e+15	1.136419e+01	1.888943e+01	1.357889e+16
7063	8.160903e+15	1.351794e+01	2.240203e+01	1.860925e+16
7064	8.161414e+15	1.554747e+01	2.574216e+01	3.186165e+16
7065	8.161877e+15	1.271464e+01	2.172015e+01	2.044831e+16
7066	8.162359e+15	1.486521e+01	2.411992e+01	8.648754e+15
7067	8.162818e+15	1.647492e+01	2.258221e+01	7.692753e+15
7068	8.163273e+15	1.661007e+01	2.228060e+01	2.381941e+16
7069	8.163740e+15	1.546831e+01	2.255538e+01	6.513222e+15
7070	8.164209e+15	1.400865e+01	2.109444e+01	2.578702e+16
7071	8.164706e+15	1.510293e+01	2.321074e+01	2.782544e+16
7072	8.165191e+15	1.461433e+01	2.254232e+01	2.370213e+16
7073	8.165680e+15	1.429541e+01	2.194253e+01	1.242669e+16
7074	8.166186e+15	1.424354e+01	2.271328e+01	1.842923e+16
7075	8.166691e+15	1.412821e+01	2.200759e+01	1.665449e+16
7076	8.167210e+15	1.487251e+01	2.202102e+01	2.134227e+16
7077	8.167733e+15	1.505049e+01	2.261045e+01	2.206570e+16
7078	8.168247e+15	1.488753e+01	2.226806e+01	1.808366e+16
7079	8.168756e+15	1.481958e+01	2.228950e+01	2.473808e+16
7080	8.169270e+15	1.606170e+01	2.289727e+01	9.630497e+15
7081	8.169779e+15	1.314446e+01	2.099485e+01	1.846915e+16
7082	8.170321e+15	1.551026e+01	2.489354e+01	2.495797e+16
7083	8.170831e+15	1.467649e+01	2.322865e+01	1.615881e+16
7084	8.171348e+15	1.478600e+01	2.349236e+01	3.414359e+16
7085	8.171864e+15	1.416507e+01	2.304030e+01	2.150251e+16
7086	8.172393e+15	1.370833e+01	2.406306e+01	1.822584e+16
7087	8.172926e+15	1.529474e+01	2.638088e+01	1.872011e+16
7088	8.173432e+15	1.312184e+01	2.408081e+01	3.217021e+16
7089	8.173960e+15	1.428028e+01	2.689570e+01	1.911764e+16
7090	8.174464e+15	1.532175e+01	2.638800e+01	2.402082e+16
7091	8.174950e+15	1.560996e+01	2.682931e+01	2.873566e+16
7092	8.175414e+15	1.600025e+01	2.505789e+01	1.800082e+16
7093	8.175882e+15	1.579923e+01	2.570231e+01	1.248081e+16
7094	8.176347e+15	1.558009e+01	2.530162e+01	1.696008e+16
7095	8.176814e+15	1.727763e+01	2.548735e+01	2.993260e+16
7096	8.177281e+15	1.640628e+01	2.432789e+01	6.002193e+15
7097	8.177764e+15	1.534651e+01	2.480040e+01	2.349328e+16
7098	8.178266e+15	1.547078e+01	2.662463e+01	9.154303e+15
7099	8.178756e+15	1.578464e+01	2.641305e+01	2.015302e+16
7100	8.179239e+15	1.487595e+01	2.561545e+01	2.126044e+16
7101	8.179729e+15	1.505753e+01	2.660848e+01	4.167822e+16
7102	8.180217e+15	1.694710e+01	2.649919e+01	8.550865e+15
7103	8.180699e+15	1.679581e+01	2.579046e+01	2.015550e+16
7104	8.181187e+15	1.773982e+01	2.683884e+01	9.494979e+15
7105	8.181666e+15	1.750731e+01	2.711873e+01	2.450167e+16
7106	8.182129e+15	1.718395e+01	2.436687e+01	6.466190e+15
7107	8.182603e+15	1.731804e+01	2.430109e+01	1.815858e+16
7108	8.183080e+15	1.783859e+01	2.360636e+01	1.855299e+16
7109	8.183566e+15	1.929666e+01	2.499500e+01	2.142877e+16
7110	8.184041e+15	1.845843e+01	2.422946e+01	2.527610e+16
7111	8.184521e+15	1.729787e+01	2.361231e+01	2.160148e+16
7112	8.185023e+15	1.765039e+01	2.508228e+01	1.569996e+16
7113	8.185519e+15	1.621206e+01	2.369639e+01	1.637134e+16
7114	8.186032e+15	1.589513e+01	2.353353e+01	3.262832e+16
7115	8.186568e+15	1.832041e+01	2.666417e+01	1.927009e+16
7116	8.187078e+15	1.730385e+01	2.505553e+01	2.151188e+16
7117	8.187600e+15	1.795687e+01	2.795429e+01	1.382620e+16
7118	8.188096e+15	1.650544e+01	2.679447e+01	1.261361e+16
7119	8.188586e+15	1.646925e+01	2.799755e+01	1.405308e+16
7120	8.189049e+15	1.665706e+01	2.607606e+01	3.091264e+16
7121	8.189508e+15	1.664533e+01	2.377463e+01	1.060155e+16
7122	8.189999e+15	1.858498e+01	2.610751e+01	2.636283e+16
7123	8.190489e+15	1.869110e+01	2.629944e+01	2.521515e+16
7124	8.190972e+15	1.591021e+01	2.386327e+01	2.045015e+16
7125	8.191485e+15	1.618402e+01	2.493961e+01	1.205712e+16
7126	8.191997e+15	1.555301e+01	2.429662e+01	1.950624e+16
7127	8.192522e+15	1.779872e+01	2.680096e+01	1.544101e+16
7128	8.193007e+15	1.759480e+01	2.289165e+01	3.289786e+16
7129	8.193506e+15	1.898289e+01	2.420061e+01	3.086304e+16
7130	8.193995e+15	1.892416e+01	2.634906e+01	2.016923e+16
7131	8.194441e+15	1.438848e+01	2.115016e+01	1.520578e+16
7132	8.194930e+15	1.735557e+01	2.738776e+01	2.258459e+16
7133	8.195367e+15	1.283424e+01	2.006337e+01	1.666235e+16
7134	8.195873e+15	1.639751e+01	2.920086e+01	2.106827e+16
7135	8.196310e+15	1.107277e+01	2.034432e+01	1.668790e+16
7136	8.196821e+15	1.272880e+01	2.343325e+01	1.923183e+16
7137	8.197333e+15	1.590402e+01	2.538697e+01	1.017454e+16
7138	8.197803e+15	1.667869e+01	2.362471e+01	1.924128e+16
7139	8.198277e+15	1.495266e+01	2.102755e+01	2.423815e+16
7140	8.198803e+15	1.814051e+01	2.460358e+01	1.584744e+16
7141	8.199293e+15	1.923955e+01	2.441786e+01	1.067871e+16
7142	8.199754e+15	1.861298e+01	2.238635e+01	2.377609e+16
7143	8.200228e+15	1.599886e+01	1.929846e+01	1.560686e+16
7144	8.200759e+15	1.710969e+01	2.434845e+01	2.130513e+16
7145	8.201270e+15	1.718873e+01	2.365540e+01	3.844278e+16
7146	8.201783e+15	1.912717e+01	2.513939e+01	2.123948e+16
7147	8.202283e+15	1.929383e+01	2.599078e+01	2.720106e+16
7148	8.202752e+15	1.601261e+01	2.156685e+01	2.204404e+16
7149	8.203266e+15	2.002054e+01	2.682982e+01	9.355945e+15
7150	8.203730e+15	1.678401e+01	2.152272e+01	3.078205e+16
7151	8.204233e+15	1.928651e+01	2.473400e+01	1.320275e+16
7152	8.204704e+15	1.957686e+01	2.788719e+01	1.496594e+16
7153	8.205138e+15	1.673055e+01	2.460064e+01	3.447246e+16
7154	8.205573e+15	1.963412e+01	2.807650e+01	1.650924e+16
7155	8.205961e+15	1.986228e+01	2.721105e+01	2.684070e+16
7156	8.206315e+15	2.028674e+01	2.799582e+01	1.314787e+16
7157	8.206631e+15	1.975339e+01	2.735885e+01	1.278993e+16
7158	8.206921e+15	1.960090e+01	2.622910e+01	1.801275e+16
7159	8.207200e+15	2.044903e+01	2.718304e+01	1.191582e+16
7160	8.207462e+15	1.904183e+01	2.668045e+01	5.785445e+15
7161	8.207719e+15	1.965021e+01	2.682582e+01	1.257313e+16
7162	8.207969e+15	1.791983e+01	2.134456e+01	7.130884e+15
7163	8.208259e+15	2.036718e+01	2.223546e+01	1.166396e+16
7164	8.208584e+15	2.328857e+01	2.556951e+01	9.791694e+15
7165	8.208912e+15	1.963164e+01	2.084490e+01	2.205363e+16
7166	8.209291e+15	1.993963e+01	2.222142e+01	1.500537e+16
7167	8.209692e+15	1.907417e+01	1.912223e+01	2.800124e+16
7168	8.210145e+15	1.771801e+01	1.900216e+01	2.333060e+16
7169	8.210672e+15	1.832680e+01	2.228312e+01	1.654034e+16
7170	8.211210e+15	1.505625e+01	1.984151e+01	1.491947e+16
7171	8.211815e+15	1.922949e+01	2.593630e+01	1.402591e+16
7172	8.212346e+15	1.645001e+01	2.030397e+01	2.688392e+16
7173	8.212920e+15	1.622501e+01	2.185321e+01	2.469495e+16
7174	8.213511e+15	1.761081e+01	2.588095e+01	3.207557e+16
7175	8.214049e+15	1.525355e+01	2.210256e+01	1.211910e+16
7176	8.214617e+15	1.727434e+01	2.505987e+01	2.025534e+16
7177	8.215150e+15	1.628970e+01	2.422235e+01	2.629725e+16
7178	8.215665e+15	1.675297e+01	2.406183e+01	2.436225e+16
7179	8.216175e+15	1.700258e+01	2.438832e+01	2.301607e+16
7180	8.216669e+15	1.677273e+01	2.427772e+01	2.930171e+16
7181	8.217149e+15	1.488133e+01	2.028009e+01	2.834176e+16
7182	8.217681e+15	1.608165e+01	2.493255e+01	2.390391e+16
7183	8.218214e+15	1.608314e+01	2.524802e+01	1.675875e+16
7184	8.218741e+15	1.634763e+01	2.454525e+01	1.447385e+16
7185	8.219275e+15	1.926765e+01	2.849909e+01	1.875500e+16
7186	8.219770e+15	1.731399e+01	2.572239e+01	2.323864e+16
7187	8.220262e+15	1.653718e+01	2.525156e+01	1.931878e+16
7188	8.220747e+15	1.881404e+01	2.496071e+01	2.343117e+16
7189	8.221219e+15	1.674511e+01	1.969873e+01	1.687923e+16
7190	8.221761e+15	1.937246e+01	2.395410e+01	1.629844e+16
7191	8.222291e+15	1.557432e+01	1.961049e+01	7.088580e+15
7192	8.222900e+15	1.622958e+01	2.459488e+01	3.130708e+16
7193	8.223500e+15	1.616214e+01	2.750045e+01	2.142993e+16
7194	8.224044e+15	1.574660e+01	2.691671e+01	2.748831e+16
7195	8.224557e+15	1.485023e+01	2.508570e+01	4.224132e+16
7196	8.225069e+15	1.379024e+01	2.462043e+01	1.776896e+16
7197	8.225582e+15	1.347312e+01	2.371555e+01	1.919434e+16
7198	8.226103e+15	1.532479e+01	2.379321e+01	1.418222e+16
7199	8.226621e+15	1.624740e+01	2.290303e+01	1.989664e+16
7200	8.227159e+15	1.648746e+01	2.268449e+01	2.530849e+16
7201	8.227726e+15	1.644987e+01	2.457287e+01	2.122114e+16
7202	8.228288e+15	1.645262e+01	2.578993e+01	3.866573e+16
7203	8.228830e+15	1.545562e+01	2.429814e+01	1.933897e+16
7204	8.229377e+15	1.614216e+01	2.511561e+01	2.246238e+16
7205	8.229924e+15	1.624900e+01	2.566735e+01	3.004262e+16
7206	8.230465e+15	1.591456e+01	2.511692e+01	1.292445e+16
7207	8.231002e+15	1.642843e+01	2.580445e+01	2.007968e+16
7208	8.231518e+15	1.565061e+01	2.064167e+01	2.359172e+16
7209	8.232089e+15	1.794024e+01	2.576213e+01	3.756611e+16
7210	8.232633e+15	1.796093e+01	2.632428e+01	1.997023e+16
7211	8.233147e+15	1.566780e+01	2.388582e+01	2.080545e+16
7212	8.233665e+15	1.847124e+01	2.553204e+01	2.152671e+16
7213	8.234141e+15	1.722454e+01	2.085960e+01	6.156826e+15
7214	8.234655e+15	2.034192e+01	2.463567e+01	1.357465e+16
7215	8.235136e+15	1.854222e+01	2.223355e+01	1.744714e+16
7216	8.235625e+15	1.716605e+01	2.029725e+01	1.061335e+16
7217	8.236157e+15	1.869472e+01	2.297240e+01	1.580354e+16
7218	8.236674e+15	1.754801e+01	2.265687e+01	1.461521e+16
7219	8.237184e+15	1.752608e+01	2.167143e+01	1.077666e+16
7220	8.237697e+15	1.677376e+01	2.069855e+01	1.174388e+16
7221	8.238226e+15	1.813435e+01	2.279907e+01	1.071019e+16
7222	8.238735e+15	1.537832e+01	2.028236e+01	1.738740e+16
7223	8.239277e+15	1.642188e+01	2.247623e+01	1.661734e+16
7224	8.239807e+15	1.552085e+01	2.154078e+01	2.066261e+16
7225	8.240342e+15	1.368739e+01	2.047042e+01	2.016613e+16
7226	8.240897e+15	1.537820e+01	2.221483e+01	1.703477e+16
7227	8.241434e+15	1.464333e+01	2.032734e+01	2.290146e+16
7228	8.241993e+15	1.451092e+01	2.114899e+01	1.932245e+16
7229	8.242547e+15	1.483433e+01	2.145766e+01	2.481045e+16
7230	8.243087e+15	1.213979e+01	1.713451e+01	1.002571e+16
7231	8.243696e+15	1.508608e+01	2.100324e+01	2.602179e+16
7232	8.244290e+15	1.401118e+01	1.940543e+01	2.308570e+16
7233	8.244907e+15	1.454619e+01	2.174076e+01	2.871924e+16
7234	8.245512e+15	1.521730e+01	2.346131e+01	1.890702e+16
7235	8.246074e+15	1.283715e+01	2.057205e+01	2.475801e+16
7236	8.246653e+15	1.394111e+01	2.366402e+01	1.392394e+16
7237	8.247172e+15	1.629834e+01	2.123184e+01	1.417756e+16
7238	8.247687e+15	1.562465e+01	1.974531e+01	1.897429e+16
7239	8.248231e+15	1.628549e+01	2.260052e+01	2.119032e+16
7240	8.248746e+15	1.540050e+01	2.182123e+01	1.698124e+16
7241	8.249256e+15	1.444191e+01	2.035668e+01	1.648917e+16
7242	8.249807e+15	1.498023e+01	2.343943e+01	2.840892e+16
7243	8.250337e+15	1.373997e+01	2.340904e+01	1.876707e+16
7244	8.250860e+15	1.450600e+01	2.455854e+01	1.849167e+16
7245	8.251364e+15	1.574051e+01	2.392187e+01	6.657134e+15
7246	8.251863e+15	1.521465e+01	2.362300e+01	1.551548e+16
7247	8.252371e+15	1.706599e+01	2.504036e+01	2.664176e+16
7248	8.252856e+15	1.581591e+01	2.225136e+01	1.243312e+16
7249	8.253371e+15	1.833042e+01	2.560045e+01	1.930421e+16
7250	8.253861e+15	1.710950e+01	2.328414e+01	1.571685e+16
7251	8.254365e+15	1.738743e+01	2.437220e+01	2.125809e+16
7252	8.254866e+15	1.928465e+01	2.435643e+01	2.593682e+16
7253	8.255350e+15	1.621962e+01	2.126901e+01	1.140395e+16
7254	8.255856e+15	1.725518e+01	2.326749e+01	2.205700e+16
7255	8.256363e+15	1.641260e+01	2.355615e+01	1.476145e+16
7256	8.256868e+15	1.591340e+01	2.357476e+01	1.963058e+16
7257	8.257374e+15	1.565769e+01	2.301768e+01	9.635193e+15
7258	8.257885e+15	1.645963e+01	2.341393e+01	1.990908e+16
7259	8.258379e+15	1.663688e+01	2.145264e+01	1.832390e+16
7260	8.258883e+15	1.623163e+01	2.163861e+01	8.728908e+15
7261	8.259395e+15	1.696991e+01	2.306613e+01	1.766312e+16
7262	8.259886e+15	1.512223e+01	2.164614e+01	1.717103e+16
7263	8.260384e+15	1.748841e+01	2.312135e+01	1.488017e+16
7264	8.260862e+15	1.567779e+01	1.955963e+01	1.522822e+16
7265	8.261388e+15	1.679642e+01	2.278507e+01	2.536655e+16
7266	8.261896e+15	1.639947e+01	2.222784e+01	2.054870e+16
7267	8.262402e+15	1.507470e+01	2.070625e+01	2.075340e+16
7268	8.262925e+15	1.551498e+01	2.175976e+01	2.325190e+16
7269	8.263446e+15	1.564052e+01	2.166724e+01	4.897433e+15
7270	8.263957e+15	1.409004e+01	2.022272e+01	6.953290e+15
7271	8.264491e+15	1.554250e+01	2.176425e+01	1.407833e+16
7272	8.265015e+15	1.515218e+01	2.031215e+01	2.276297e+16
7273	8.265567e+15	1.524862e+01	2.043085e+01	2.175263e+16
7274	8.266133e+15	1.530878e+01	1.931441e+01	1.313470e+16
7275	8.266684e+15	1.493913e+01	1.887424e+01	3.242436e+16
7276	8.267242e+15	1.585087e+01	2.044904e+01	1.947955e+16
7277	8.267778e+15	1.640987e+01	2.058381e+01	1.345755e+16
7278	8.268297e+15	1.654278e+01	2.113197e+01	2.180304e+16
7279	8.268802e+15	1.483057e+01	2.138080e+01	2.428121e+16
7280	8.269298e+15	1.408712e+01	2.198440e+01	1.899691e+16
7281	8.269782e+15	1.382038e+01	2.133415e+01	1.473204e+16
7282	8.270260e+15	1.400244e+01	2.026771e+01	2.294126e+16
7283	8.270751e+15	1.545439e+01	2.142258e+01	2.120753e+16
7284	8.271232e+15	1.463360e+01	2.157658e+01	1.442088e+16
7285	8.271709e+15	1.469009e+01	2.192229e+01	1.719032e+16
7286	8.272188e+15	1.247079e+01	1.735418e+01	2.040512e+16
7287	8.272741e+15	1.415241e+01	2.342199e+01	2.848194e+16
7288	8.273267e+15	1.645188e+01	2.512547e+01	2.309925e+16
7289	8.273749e+15	1.355196e+01	2.297939e+01	2.272954e+16
7290	8.274231e+15	1.385162e+01	2.167472e+01	1.870225e+16
7291	8.274722e+15	1.716327e+01	2.104676e+01	1.872003e+16
7292	8.275232e+15	1.713392e+01	2.124894e+01	2.336944e+16
7293	8.275751e+15	1.520283e+01	2.135253e+01	2.516812e+16
7294	8.276282e+15	1.564977e+01	2.202684e+01	1.707801e+16
7295	8.276812e+15	1.483689e+01	1.986945e+01	2.058178e+16
7296	8.277392e+15	1.662818e+01	2.387704e+01	2.195154e+16
7297	8.277937e+15	1.613712e+01	2.334673e+01	2.673320e+16
7298	8.278465e+15	1.687364e+01	2.436560e+01	1.741854e+16
7299	8.278951e+15	1.632307e+01	2.177847e+01	2.135222e+16
7300	8.279447e+15	1.846880e+01	2.360791e+01	2.197536e+16
7301	8.279911e+15	1.583681e+01	1.990996e+01	1.795566e+16
7302	8.280414e+15	2.016428e+01	2.428595e+01	1.183737e+16
7303	8.280879e+15	1.695792e+01	2.064244e+01	1.599840e+16
7304	8.281376e+15	1.622228e+01	2.156876e+01	1.605839e+16
7305	8.281882e+15	1.569169e+01	2.056322e+01	1.018947e+16
7306	8.282398e+15	1.688839e+01	2.155561e+01	1.955007e+16
7307	8.282899e+15	1.724432e+01	1.996737e+01	1.803672e+16
7308	8.283402e+15	1.468994e+01	1.834965e+01	1.538354e+16
7309	8.283959e+15	1.734187e+01	2.148771e+01	1.764581e+16
7310	8.284495e+15	1.766011e+01	1.903954e+01	1.926815e+16
7311	8.285051e+15	1.805591e+01	2.033117e+01	2.182483e+16
7312	8.285592e+15	1.715526e+01	2.027659e+01	1.309968e+16
7313	8.286140e+15	1.455881e+01	2.230064e+01	3.257496e+16
7314	8.286687e+15	1.184625e+01	2.218236e+01	1.711137e+16
7315	8.287233e+15	1.435349e+01	2.623515e+01	1.732045e+16
7316	8.287707e+15	1.306071e+01	2.080684e+01	1.839886e+16
7317	8.288217e+15	1.216624e+01	2.027158e+01	1.862201e+16
7318	8.288776e+15	1.282742e+01	2.325363e+01	1.726602e+16
7319	8.289305e+15	1.058501e+01	2.062978e+01	2.087026e+16
7320	8.289861e+15	1.140632e+01	2.218621e+01	1.573944e+16
7321	8.290399e+15	1.181179e+01	2.246623e+01	1.725905e+16
7322	8.290922e+15	1.291765e+01	2.190377e+01	1.374138e+16
7323	8.291440e+15	1.407240e+01	2.115579e+01	1.899049e+16
7324	8.291959e+15	1.565144e+01	2.125780e+01	1.763982e+16
7325	8.292477e+15	1.529808e+01	2.046770e+01	1.217293e+16
7326	8.293007e+15	1.594534e+01	2.087685e+01	9.643898e+15
7327	8.293529e+15	1.571262e+01	2.037386e+01	2.322951e+16
7328	8.294056e+15	1.539107e+01	1.969928e+01	1.650305e+16
7329	8.294602e+15	1.379951e+01	1.888000e+01	1.857430e+16
7330	8.295180e+15	1.470421e+01	2.142146e+01	1.800706e+16
7331	8.295731e+15	1.477322e+01	2.142995e+01	9.588989e+15
7332	8.296267e+15	1.356902e+01	2.120976e+01	1.528955e+16
7333	8.296799e+15	1.439649e+01	2.219134e+01	2.038383e+16
7334	8.297316e+15	1.396161e+01	2.131807e+01	1.463171e+16
7335	8.297836e+15	1.461619e+01	2.191892e+01	2.046882e+16
7336	8.298343e+15	1.596728e+01	2.099619e+01	2.021459e+16
7337	8.298852e+15	1.626163e+01	2.119603e+01	2.113686e+16
7338	8.299361e+15	1.568047e+01	2.091188e+01	1.184868e+16
7339	8.299864e+15	1.538184e+01	1.945458e+01	1.321963e+16
7340	8.300383e+15	1.635705e+01	2.072662e+01	1.797824e+16
7341	8.300886e+15	1.547619e+01	1.943189e+01	1.060597e+16
7342	8.301404e+15	1.549784e+01	1.928026e+01	1.040188e+16
7343	8.301928e+15	1.493628e+01	2.012571e+01	1.329432e+16
7344	8.302445e+15	1.267198e+01	1.825599e+01	7.058528e+15
7345	8.303005e+15	1.624693e+01	2.190234e+01	1.605671e+16
7346	8.303515e+15	1.441299e+01	1.722058e+01	1.147641e+16
7347	8.304075e+15	1.578248e+01	2.052466e+01	1.312304e+16
7348	8.304613e+15	1.331914e+01	1.847184e+01	2.599583e+16
7349	8.305169e+15	1.234425e+01	1.734135e+01	1.953548e+16
7350	8.305758e+15	1.353752e+01	1.988241e+01	1.456859e+16
7351	8.306314e+15	1.428774e+01	2.008571e+01	1.371506e+16
7352	8.306835e+15	1.318598e+01	1.742887e+01	1.025886e+16
7353	8.307394e+15	1.407933e+01	1.897413e+01	2.184719e+16
7354	8.307937e+15	1.061565e+01	1.474392e+01	1.805507e+16
7355	8.308589e+15	1.364030e+01	2.019495e+01	2.599486e+16
7356	8.309207e+15	1.210599e+01	1.898609e+01	2.458585e+16
7357	8.309833e+15	1.155838e+01	2.038704e+01	8.671056e+15
7358	8.310433e+15	1.281817e+01	2.124158e+01	2.431175e+16
7359	8.310985e+15	1.341129e+01	1.870031e+01	1.471555e+16
7360	8.311548e+15	1.419363e+01	1.999583e+01	3.045971e+16
7361	8.312094e+15	1.425888e+01	2.010237e+01	6.507844e+15
7362	8.312625e+15	1.356583e+01	1.919309e+01	2.139796e+16
7363	8.313168e+15	1.472961e+01	2.044507e+01	1.336090e+16
7364	8.313700e+15	1.322479e+01	1.845933e+01	1.349050e+16
7365	8.314258e+15	1.358815e+01	1.945979e+01	1.477762e+16
7366	8.314818e+15	1.333060e+01	1.944563e+01	2.045415e+16
7367	8.315387e+15	1.160645e+01	1.811133e+01	1.828543e+16
7368	8.315999e+15	1.335903e+01	2.061223e+01	9.383881e+15
7369	8.316589e+15	1.265096e+01	1.999822e+01	1.484025e+16
7370	8.317168e+15	1.239331e+01	1.942036e+01	1.198871e+16
7371	8.317737e+15	1.360167e+01	1.897570e+01	5.532555e+15
7372	8.318301e+15	1.401076e+01	1.865868e+01	8.787263e+15
7373	8.318870e+15	1.575695e+01	2.006337e+01	1.320734e+16
7374	8.319413e+15	1.462047e+01	1.757231e+01	1.107496e+16
7375	8.319983e+15	1.387499e+01	1.727531e+01	1.252358e+16
7376	8.320574e+15	1.435139e+01	1.818935e+01	1.020936e+16
7377	8.321154e+15	1.366697e+01	1.842750e+01	6.472863e+15
7378	8.321725e+15	1.298401e+01	1.747212e+01	1.510522e+16
7379	8.322311e+15	1.145187e+01	1.519512e+01	1.341238e+16
7380	8.322960e+15	1.356338e+01	1.760492e+01	2.201370e+16
7381	8.323599e+15	1.195885e+01	1.602335e+01	1.156183e+16
7382	8.324276e+15	1.210352e+01	1.586778e+01	1.354394e+16
7383	8.324976e+15	1.181520e+01	1.824089e+01	8.745493e+15
7384	8.325628e+15	1.039418e+01	1.783287e+01	8.103542e+15
7385	8.326243e+15	8.613212e+00	1.546023e+01	9.033579e+15
7386	8.326882e+15	1.052595e+01	1.761011e+01	1.526395e+16
7387	8.327464e+15	8.583282e+00	1.105388e+01	6.220402e+15
7388	8.328139e+15	9.055220e+00	1.583822e+01	2.181485e+16
7389	8.328779e+15	9.436604e+00	1.624624e+01	5.565703e+15
7390	8.329372e+15	8.064736e+00	1.432278e+01	1.130664e+16
7391	8.329976e+15	8.947606e+00	1.518160e+01	1.076222e+16
7392	8.330544e+15	9.899381e+00	1.399531e+01	7.382423e+15
7393	8.331111e+15	1.022277e+01	1.298502e+01	1.845384e+16
7394	8.331696e+15	8.163975e+00	9.332244e+00	3.431626e+15
7395	8.332397e+15	8.187007e+00	1.136764e+01	1.681077e+16
7396	8.333114e+15	9.191181e+00	1.400927e+01	2.515036e+16
7397	8.333793e+15	7.400145e+00	1.447881e+01	1.110631e+16
7398	8.334435e+15	7.315372e+00	1.414624e+01	9.982693e+15
7399	8.335055e+15	7.801440e+00	1.300883e+01	2.433593e+16
7400	8.335680e+15	7.539121e+00	1.177440e+01	1.699118e+16
7401	8.336339e+15	7.879767e+00	1.215477e+01	1.084680e+16
7402	8.336990e+15	9.097606e+00	1.279658e+01	1.014825e+16
7403	8.337614e+15	9.008856e+00	1.154652e+01	2.547625e+16
7404	8.338277e+15	8.308564e+00	1.137399e+01	1.316814e+16
7405	8.338959e+15	9.200230e+00	1.261651e+01	1.457452e+16
7406	8.339591e+15	8.536540e+00	1.062404e+01	1.446284e+16
7407	8.340258e+15	7.271434e+00	9.332985e+00	1.198223e+16
7408	8.341000e+15	6.753969e+00	8.969428e+00	1.959063e+16
7409	8.341826e+15	7.839032e+00	1.178696e+01	2.146461e+16
7410	8.342626e+15	7.808341e+00	1.226582e+01	7.596828e+15
7411	8.343403e+15	7.357628e+00	1.322219e+01	4.135876e+15
7412	8.344116e+15	6.662534e+00	1.212768e+01	1.071596e+16
7413	8.344817e+15	7.571984e+00	1.150561e+01	1.995208e+16
7414	8.345561e+15	8.220167e+00	1.304187e+01	6.265431e+15
7415	8.346264e+15	8.067664e+00	1.250899e+01	1.589060e+16
7416	8.346969e+15	8.444650e+00	1.231030e+01	9.011609e+15
7417	8.347703e+15	9.014053e+00	1.479615e+01	2.670843e+16
7418	8.348365e+15	8.172115e+00	1.406754e+01	1.396501e+16
7419	8.349007e+15	8.652894e+00	1.538565e+01	2.287404e+16
7420	8.349594e+15	9.706509e+00	1.430802e+01	7.124626e+15
7421	8.350170e+15	9.741184e+00	1.418525e+01	2.313421e+16
7422	8.350721e+15	8.470710e+00	1.059507e+01	1.025550e+16
7423	8.351333e+15	1.063046e+01	1.294814e+01	9.583726e+15
7424	8.351914e+15	8.543481e+00	1.140707e+01	1.733989e+16
7425	8.352537e+15	8.923934e+00	1.276965e+01	2.898830e+16
7426	8.353155e+15	9.691099e+00	1.371612e+01	1.776942e+16
7427	8.353728e+15	1.029734e+01	1.300695e+01	1.001597e+16
7428	8.354281e+15	8.685705e+00	1.067414e+01	3.710803e+15
7429	8.354889e+15	8.853610e+00	1.134614e+01	1.275492e+16
7430	8.355525e+15	9.126134e+00	1.283115e+01	1.969502e+16
7431	8.356156e+15	8.928635e+00	1.168026e+01	2.000873e+16
7432	8.356839e+15	9.748990e+00	1.215728e+01	1.414520e+16
7433	8.357505e+15	9.507898e+00	1.129472e+01	4.693683e+15
7434	8.358208e+15	1.042343e+01	1.351237e+01	2.776037e+16
7435	8.358850e+15	1.004379e+01	1.204297e+01	2.244414e+16
7436	8.359491e+15	9.866472e+00	1.150171e+01	1.613842e+16
7437	8.360132e+15	9.220906e+00	1.282696e+01	8.440810e+15
7438	8.360758e+15	8.843981e+00	1.284952e+01	2.209237e+16
7439	8.361371e+15	8.521481e+00	1.269472e+01	9.420379e+15
7440	8.361977e+15	8.430283e+00	1.298158e+01	1.836885e+16
7441	8.362576e+15	8.944871e+00	1.332699e+01	1.458699e+16
7442	8.363161e+15	7.965255e+00	1.112265e+01	1.737572e+16
7443	8.363810e+15	7.060227e+00	1.118697e+01	1.234676e+16
7444	8.364528e+15	7.967581e+00	1.269791e+01	7.962678e+15
7445	8.365219e+15	8.018773e+00	1.265258e+01	2.739237e+16
7446	8.365896e+15	7.465828e+00	1.217341e+01	2.282204e+16
7447	8.366624e+15	7.938728e+00	1.258111e+01	2.264449e+16
7448	8.367380e+15	8.344548e+00	1.361683e+01	9.558032e+15
7449	8.368108e+15	8.768995e+00	1.302608e+01	1.000816e+16
7450	8.368838e+15	8.395107e+00	1.388415e+01	1.694260e+16
7451	8.369540e+15	7.644053e+00	1.286212e+01	2.193062e+16
7452	8.370256e+15	8.205153e+00	1.248257e+01	2.374948e+16
7453	8.370972e+15	7.888798e+00	1.288349e+01	1.914581e+16
7454	8.371679e+15	7.489745e+00	1.301275e+01	1.782872e+16
7455	8.372389e+15	8.031198e+00	1.415486e+01	2.233953e+16
7456	8.373077e+15	7.059687e+00	1.177425e+01	1.855625e+16
7457	8.373819e+15	7.456073e+00	1.311571e+01	1.421342e+16
7458	8.374573e+15	8.301703e+00	1.590638e+01	1.260141e+16
7459	8.375230e+15	7.230053e+00	1.469811e+01	3.578563e+16
7460	8.375881e+15	7.444849e+00	1.594662e+01	5.406766e+16
7461	8.376508e+15	7.903966e+00	1.494054e+01	2.218086e+16
7462	8.377131e+15	9.171587e+00	1.567753e+01	3.412929e+16
7463	8.377729e+15	8.937738e+00	1.509940e+01	2.774096e+16
7464	8.378342e+15	9.877138e+00	1.567979e+01	3.463515e+16
7465	8.378953e+15	1.023997e+01	1.572938e+01	3.221853e+16
7466	8.379560e+15	1.029410e+01	1.613883e+01	1.239773e+16
7467	8.380154e+15	1.199855e+01	1.737547e+01	2.966856e+16
7468	8.380704e+15	1.202285e+01	1.557558e+01	2.727821e+16
7469	8.381273e+15	1.226436e+01	1.677138e+01	1.848608e+16
7470	8.381828e+15	1.204582e+01	1.627698e+01	2.838194e+16
7471	8.382376e+15	1.268590e+01	1.523631e+01	2.178414e+16
7472	8.382940e+15	1.180171e+01	1.350721e+01	3.975441e+16
7473	8.383539e+15	1.077189e+01	1.283281e+01	2.785393e+16
7474	8.384190e+15	1.220777e+01	1.729994e+01	4.158816e+16
7475	8.384782e+15	1.152554e+01	1.539918e+01	2.978196e+16
7476	8.385372e+15	1.287804e+01	1.606396e+01	3.062182e+16
7477	8.385944e+15	1.272538e+01	1.717921e+01	4.924129e+16
7478	8.386472e+15	1.052541e+01	1.501118e+01	2.091818e+16
7479	8.387025e+15	1.064078e+01	1.562679e+01	1.742770e+16
7480	8.387583e+15	9.672705e+00	1.607930e+01	2.594069e+16
7481	8.388130e+15	9.024142e+00	1.596118e+01	1.919025e+16
7482	8.388682e+15	8.231036e+00	1.488440e+01	2.987770e+16
7483	8.389272e+15	9.042088e+00	1.680420e+01	1.378426e+16
7484	8.389842e+15	8.343021e+00	1.552742e+01	2.868335e+16
7485	8.390439e+15	8.211217e+00	1.567429e+01	2.097596e+16
7486	8.391086e+15	8.172658e+00	1.562546e+01	5.087257e+16
7487	8.391778e+15	8.098558e+00	1.693507e+01	3.736422e+16
7488	8.392475e+15	8.660874e+00	1.827823e+01	9.895988e+16
7489	8.393164e+15	8.103184e+00	1.781553e+01	7.600657e+16
7490	8.393876e+15	6.535973e+00	1.973218e+01	5.367260e+16
7491	8.394604e+15	8.829587e+00	2.528908e+01	6.310204e+16
7492	8.395239e+15	7.915443e+00	1.922787e+01	5.997401e+16
7493	8.395934e+15	7.747010e+00	2.278144e+01	7.695998e+16
7494	8.396614e+15	7.488113e+00	2.336804e+01	6.640058e+16
7495	8.397273e+15	7.971155e+00	2.250207e+01	5.040494e+16
7496	8.397947e+15	9.616057e+00	2.476848e+01	3.399686e+16
7497	8.398597e+15	9.085889e+00	2.451955e+01	4.993558e+16
7498	8.399237e+15	8.698883e+00	2.162328e+01	3.425211e+16
7499	8.399931e+15	9.329067e+00	2.451957e+01	3.655370e+16
7500	8.400634e+15	9.322843e+00	2.503990e+01	2.022526e+16
7501	8.401345e+15	8.871282e+00	2.604622e+01	3.560702e+16
7502	8.402063e+15	9.664444e+00	3.133104e+01	3.209849e+16
7503	8.402712e+15	8.579507e+00	2.758216e+01	2.789491e+16
7504	8.403382e+15	7.361165e+00	2.905782e+01	4.966365e+16
7505	8.404048e+15	1.010833e+01	3.377863e+01	4.390860e+16
7506	8.404647e+15	9.736771e+00	2.737463e+01	2.176191e+16
7507	8.405290e+15	1.097933e+01	3.264516e+01	2.440555e+16
7508	8.405902e+15	9.261586e+00	2.698930e+01	3.874680e+16
7509	8.406576e+15	8.500774e+00	2.771408e+01	5.136203e+16
7510	8.407309e+15	9.493826e+00	3.458471e+01	2.212056e+16
7511	8.408006e+15	7.861224e+00	3.374283e+01	1.625454e+16
7512	8.408707e+15	7.159658e+00	3.428405e+01	2.611131e+16
7513	8.409405e+15	9.085280e+00	4.019287e+01	2.715754e+16
7514	8.410018e+15	8.560991e+00	3.383428e+01	2.554413e+16
7515	8.410645e+15	9.923300e+00	3.616564e+01	2.423742e+16
7516	8.411257e+15	1.094526e+01	3.688916e+01	1.227695e+16
7517	8.411845e+15	9.958144e+00	3.353224e+01	1.763499e+16
7518	8.412451e+15	1.105689e+01	3.519184e+01	2.781893e+16
7519	8.413043e+15	1.103941e+01	3.400217e+01	9.942404e+15
7520	8.413632e+15	1.083333e+01	3.297952e+01	9.779077e+15
7521	8.414224e+15	1.115893e+01	3.252511e+01	1.200911e+16
7522	8.414815e+15	1.118392e+01	3.224928e+01	1.751138e+16
7523	8.415397e+15	1.099087e+01	2.992469e+01	3.149188e+15
7524	8.415990e+15	1.147156e+01	3.002575e+01	2.551236e+16
7525	8.416581e+15	8.481036e+00	2.319377e+01	2.365774e+16
7526	8.417290e+15	9.264713e+00	2.915931e+01	2.079970e+16
7527	8.418005e+15	9.944864e+00	3.157438e+01	2.087742e+16
7528	8.418676e+15	8.575471e+00	2.833862e+01	1.066702e+16
7529	8.419351e+15	6.457191e+00	2.180173e+01	2.182847e+16
7530	8.420140e+15	8.052775e+00	2.563778e+01	1.218263e+16
7531	8.420978e+15	8.844076e+00	3.185570e+01	4.036712e+16
7532	8.421717e+15	7.241878e+00	2.559370e+01	1.852219e+16
7533	8.422478e+15	8.435278e+00	2.994667e+01	2.372742e+16
7534	8.423150e+15	8.308132e+00	2.556432e+01	2.020687e+16
7535	8.423806e+15	9.080500e+00	2.443374e+01	1.482042e+16
7536	8.424451e+15	9.643480e+00	2.262730e+01	1.785091e+16
7537	8.425106e+15	8.185272e+00	1.806573e+01	2.939573e+16
7538	8.425887e+15	9.014975e+00	2.300203e+01	1.311945e+16
7539	8.426652e+15	7.572043e+00	1.947459e+01	1.792247e+16
7540	8.427486e+15	7.406856e+00	2.302435e+01	1.251317e+16
7541	8.428273e+15	7.482427e+00	2.330833e+01	3.337320e+16
7542	8.429005e+15	7.970123e+00	2.074367e+01	1.372746e+16
7543	8.429744e+15	7.021575e+00	1.892813e+01	1.340124e+16
7544	8.430532e+15	7.063640e+00	2.108661e+01	3.541694e+16
7545	8.431307e+15	6.738461e+00	1.961275e+01	2.632581e+16
7546	8.432121e+15	7.491462e+00	2.235035e+01	3.126821e+16
7547	8.432893e+15	8.508897e+00	2.338407e+01	1.965136e+16
7548	8.433605e+15	8.136838e+00	2.198688e+01	2.223567e+16
7549	8.434324e+15	7.956392e+00	2.234039e+01	3.446257e+16
7550	8.435034e+15	7.703016e+00	2.238820e+01	1.753625e+16
7551	8.435727e+15	7.815934e+00	2.205618e+01	2.714007e+16
7552	8.436408e+15	7.995324e+00	2.112552e+01	2.422491e+16
7553	8.437094e+15	8.319581e+00	2.118608e+01	9.586086e+15
7554	8.437779e+15	8.286695e+00	2.129821e+01	1.515298e+16
7555	8.438458e+15	8.061120e+00	2.087906e+01	1.113209e+16
7556	8.439137e+15	8.034806e+00	2.113076e+01	2.008949e+16
7557	8.439815e+15	7.954875e+00	2.147911e+01	1.899085e+16
7558	8.440483e+15	6.981416e+00	1.854252e+01	2.833118e+16
7559	8.441203e+15	8.357577e+00	2.158718e+01	1.614947e+16
7560	8.441898e+15	8.680375e+00	2.109453e+01	2.227012e+16
7561	8.442575e+15	7.950163e+00	1.838728e+01	1.327492e+16
7562	8.443314e+15	9.440047e+00	2.286655e+01	2.968229e+16
7563	8.443990e+15	7.736601e+00	1.796176e+01	1.492702e+16
7564	8.444740e+15	8.240731e+00	1.971963e+01	2.799253e+16
7565	8.445520e+15	9.299471e+00	2.398747e+01	1.828385e+16
7566	8.446222e+15	7.907120e+00	2.028641e+01	1.234780e+16
7567	8.446945e+15	8.156411e+00	2.432435e+01	4.083200e+16
7568	8.447581e+15	8.914561e+00	2.157779e+01	2.130873e+16
7569	8.448208e+15	9.794282e+00	2.017134e+01	2.509377e+16
7570	8.448856e+15	9.689339e+00	2.146797e+01	1.459440e+16
7571	8.449490e+15	1.012802e+01	2.266828e+01	1.797000e+16
7572	8.450096e+15	9.503066e+00	2.091600e+01	1.620545e+16
7573	8.450722e+15	8.844872e+00	1.931037e+01	1.553587e+16
7574	8.451375e+15	9.780414e+00	2.014823e+01	2.445456e+16
7575	8.452026e+15	9.774351e+00	1.990187e+01	1.627678e+16
7576	8.452680e+15	8.795844e+00	1.857279e+01	2.592452e+16
7577	8.453362e+15	1.042865e+01	2.068048e+01	2.461195e+16
7578	8.454006e+15	1.036589e+01	1.938481e+01	2.242378e+16
7579	8.454644e+15	9.833941e+00	1.918779e+01	3.324664e+16
7580	8.455281e+15	1.020833e+01	1.965266e+01	2.033791e+16
7581	8.455908e+15	9.509944e+00	1.904384e+01	1.851059e+16
7582	8.456532e+15	9.033371e+00	1.966682e+01	1.053966e+16
7583	8.457132e+15	9.390161e+00	1.880342e+01	9.408030e+15
7584	8.457728e+15	9.296264e+00	1.980318e+01	1.842328e+16
7585	8.458301e+15	8.616848e+00	1.828380e+01	1.742074e+16
7586	8.458880e+15	8.424996e+00	1.778650e+01	7.877645e+15
7587	8.459479e+15	9.149973e+00	1.923198e+01	1.852168e+16
7588	8.460058e+15	7.739569e+00	1.898065e+01	1.415725e+16
7589	8.460643e+15	9.469454e+00	2.150530e+01	1.396326e+16
7590	8.461175e+15	9.160204e+00	1.654108e+01	4.427825e+15
7591	8.461766e+15	9.019108e+00	1.731874e+01	1.325526e+16
7592	8.462378e+15	7.805986e+00	1.723684e+01	1.330692e+16
7593	8.463020e+15	7.290021e+00	1.652740e+01	2.485902e+16
7594	8.463729e+15	8.451854e+00	2.123256e+01	2.105940e+16
7595	8.464367e+15	8.707678e+00	2.004256e+01	2.613761e+16
7596	8.464976e+15	8.760212e+00	1.872301e+01	2.042622e+16
7597	8.465605e+15	8.680093e+00	2.021606e+01	1.394562e+16
7598	8.466215e+15	7.513866e+00	1.875274e+01	2.101552e+16
7599	8.466855e+15	8.044160e+00	1.920304e+01	3.420622e+16
7600	8.467508e+15	8.484026e+00	1.889956e+01	2.361080e+16
7601	8.468188e+15	9.352811e+00	2.131781e+01	8.507921e+15
7602	8.468828e+15	8.794716e+00	2.101846e+01	3.099539e+16
7603	8.469461e+15	8.316585e+00	2.062790e+01	2.204302e+16
7604	8.470110e+15	9.734747e+00	2.426992e+01	1.562349e+16
7605	8.470695e+15	8.746114e+00	2.162248e+01	2.790311e+16
7606	8.471281e+15	8.936482e+00	2.252306e+01	2.030896e+16
7607	8.471856e+15	9.600902e+00	2.346137e+01	1.856012e+16
7608	8.472409e+15	9.640003e+00	2.106221e+01	1.254390e+16
7609	8.472990e+15	1.121591e+01	2.402644e+01	2.254854e+16
7610	8.473539e+15	1.052880e+01	2.257400e+01	1.596917e+16
7611	8.474087e+15	1.080857e+01	2.302953e+01	1.674839e+16
7612	8.474620e+15	1.212650e+01	2.303066e+01	2.230565e+16
7613	8.475135e+15	1.218218e+01	2.155118e+01	3.044759e+16
7614	8.475658e+15	1.383580e+01	2.243397e+01	4.364712e+16
7615	8.476165e+15	1.337311e+01	2.040900e+01	2.879235e+16
7616	8.476685e+15	1.451566e+01	2.157643e+01	2.447837e+16
7617	8.477194e+15	1.359765e+01	1.929864e+01	1.679859e+16
7618	8.477724e+15	1.188578e+01	1.897104e+01	2.014755e+16
7619	8.478311e+15	1.269469e+01	2.162295e+01	2.075757e+16
7620	8.478897e+15	1.029588e+01	2.077909e+01	2.753207e+16
7621	8.479496e+15	1.110222e+01	2.197949e+01	2.127714e+16
7622	8.480071e+15	1.246185e+01	2.207738e+01	2.374873e+16
7623	8.480623e+15	1.080217e+01	1.986251e+01	2.634284e+16
7624	8.481195e+15	1.068844e+01	2.024217e+01	1.678675e+16
7625	8.481770e+15	1.116771e+01	2.040622e+01	1.762379e+16
7626	8.482335e+15	1.163172e+01	1.827840e+01	3.080231e+16
7627	8.482942e+15	1.193127e+01	2.096587e+01	4.021224e+16
7628	8.483523e+15	1.006106e+01	1.804798e+01	9.316284e+15
7629	8.484146e+15	1.012796e+01	1.949004e+01	3.497646e+16
7630	8.484766e+15	1.063246e+01	2.158783e+01	1.133228e+16
7631	8.485333e+15	1.010628e+01	1.816993e+01	1.423332e+16
7632	8.485920e+15	1.078065e+01	1.945381e+01	3.209096e+16
7633	8.486493e+15	9.947138e+00	1.573807e+01	6.616399e+15
7634	8.487126e+15	8.710840e+00	1.479824e+01	1.200290e+16
7635	8.487854e+15	8.670990e+00	1.826854e+01	2.928748e+16
7636	8.488583e+15	8.302823e+00	1.826675e+01	1.745097e+16
7637	8.489320e+15	7.147442e+00	1.740083e+01	1.663497e+16
7638	8.490115e+15	8.058250e+00	2.074710e+01	2.846929e+16
7639	8.490879e+15	8.352194e+00	2.075504e+01	3.259672e+16
7640	8.491626e+15	6.948934e+00	2.140611e+01	1.699177e+16
7641	8.492356e+15	7.763869e+00	2.306177e+01	2.990114e+16
7642	8.493039e+15	7.349406e+00	2.247267e+01	2.090508e+16
7643	8.493700e+15	7.514256e+00	2.259062e+01	2.385013e+16
7644	8.494343e+15	8.496048e+00	2.332591e+01	2.426923e+16
7645	8.494956e+15	8.796523e+00	2.355037e+01	1.759383e+16
7646	8.495540e+15	9.160781e+00	2.258502e+01	1.874385e+16
7647	8.496118e+15	9.961697e+00	2.204494e+01	1.848618e+16
7648	8.496682e+15	9.776373e+00	2.156138e+01	1.288910e+16
7649	8.497258e+15	1.056451e+01	2.325031e+01	2.326364e+16
7650	8.497824e+15	1.117208e+01	2.394592e+01	1.390536e+16
7651	8.498368e+15	1.086072e+01	2.383660e+01	1.153003e+16
7652	8.498914e+15	1.170315e+01	2.407517e+01	1.789459e+16
7653	8.499456e+15	1.207864e+01	2.303799e+01	1.703149e+16
7654	8.500003e+15	1.215059e+01	2.349040e+01	1.840216e+16
7655	8.500540e+15	1.169936e+01	2.281574e+01	1.483128e+16
7656	8.501081e+15	1.183763e+01	2.223568e+01	1.053028e+16
7657	8.501638e+15	1.126590e+01	2.134719e+01	2.577845e+16
7658	8.502216e+15	1.093323e+01	2.157497e+01	2.429240e+16
7659	8.502802e+15	1.043608e+01	2.100047e+01	1.798895e+16
7660	8.503413e+15	1.002222e+01	2.024039e+01	1.856439e+16
7661	8.504065e+15	1.097819e+01	2.298552e+01	1.930082e+16
7662	8.504695e+15	1.029347e+01	2.223248e+01	2.090346e+16
7663	8.505319e+15	9.599969e+00	2.280210e+01	2.468557e+16
7664	8.505924e+15	1.167231e+01	2.365409e+01	2.495441e+16
7665	8.506498e+15	1.140524e+01	2.249722e+01	8.344636e+15
7666	8.507062e+15	1.157868e+01	2.153954e+01	1.775664e+16
7667	8.507628e+15	1.254173e+01	2.280956e+01	2.237813e+16
7668	8.508166e+15	1.019471e+01	1.656393e+01	8.794683e+15
7669	8.508800e+15	1.227870e+01	2.315239e+01	1.394490e+16
7670	8.509397e+15	1.081480e+01	2.234532e+01	1.395364e+16
7671	8.509985e+15	9.577746e+00	2.173504e+01	1.165984e+16
7672	8.510568e+15	1.148643e+01	2.296710e+01	5.087788e+15
7673	8.511105e+15	1.185217e+01	1.725821e+01	8.399421e+15
7674	8.511703e+15	1.297547e+01	2.051133e+01	1.531910e+16
7675	8.512276e+15	1.161537e+01	1.831751e+01	1.234022e+16
7676	8.512877e+15	1.239972e+01	1.935843e+01	1.783390e+16
7677	8.513465e+15	1.181474e+01	1.847851e+01	1.019333e+16
7678	8.514073e+15	1.241464e+01	2.009263e+01	1.515766e+16
7679	8.514664e+15	1.081152e+01	1.779788e+01	1.697435e+16
7680	8.515301e+15	1.198117e+01	2.152591e+01	9.754366e+15
7681	8.515899e+15	1.192373e+01	2.126299e+01	2.100131e+16
7682	8.516457e+15	1.047982e+01	1.878188e+01	2.628143e+16
7683	8.517035e+15	1.293147e+01	2.192071e+01	2.354103e+16
7684	8.517565e+15	1.123018e+01	1.815740e+01	1.289158e+16
7685	8.518130e+15	1.258740e+01	2.181670e+01	1.383839e+16
7686	8.518658e+15	1.271929e+01	2.100846e+01	6.708410e+15
7687	8.519165e+15	1.197590e+01	2.032686e+01	2.514900e+16
7688	8.519671e+15	1.399256e+01	2.146263e+01	1.602957e+16
7689	8.520152e+15	1.358117e+01	1.950409e+01	1.487296e+16
7690	8.520644e+15	1.425457e+01	2.029316e+01	1.727265e+16
7691	8.521130e+15	1.365456e+01	1.950160e+01	1.626446e+16
7692	8.521626e+15	1.354074e+01	1.929823e+01	1.613209e+16
7693	8.522128e+15	1.345808e+01	1.892896e+01	1.631622e+16
7694	8.522633e+15	1.303860e+01	1.765995e+01	1.037554e+16
7695	8.523170e+15	1.436911e+01	1.965773e+01	8.281747e+15
7696	8.523688e+15	1.274190e+01	1.730312e+01	2.526436e+16
7697	8.524240e+15	1.281795e+01	1.833160e+01	9.984610e+15
7698	8.524803e+15	1.213426e+01	1.814734e+01	1.553853e+16
7699	8.525378e+15	1.170493e+01	1.892332e+01	2.539554e+16
7700	8.525945e+15	1.203774e+01	1.864189e+01	1.910137e+16
7701	8.526515e+15	1.282661e+01	1.929322e+01	1.556645e+16
7702	8.527072e+15	1.152472e+01	1.858540e+01	1.122521e+16
7703	8.527627e+15	1.158897e+01	1.848067e+01	1.476108e+16
7704	8.528186e+15	1.310659e+01	2.027462e+01	1.374955e+16
7705	8.528710e+15	9.742268e+00	1.743072e+01	3.703195e+15
7706	8.529263e+15	9.931744e+00	1.904245e+01	1.596383e+16
7707	8.529810e+15	1.021681e+01	1.844660e+01	1.337711e+16
7708	8.530343e+15	1.053452e+01	2.096041e+01	7.309759e+15
7709	8.530839e+15	1.093419e+01	1.985495e+01	2.024060e+16
7710	8.531328e+15	1.145475e+01	1.953449e+01	9.147384e+15
7711	8.531809e+15	1.319401e+01	2.155590e+01	4.351268e+15
7712	8.532247e+15	1.144499e+01	1.517492e+01	6.951899e+15
7713	8.532773e+15	1.380205e+01	2.105155e+01	5.149586e+15
7714	8.533264e+15	1.234171e+01	1.964576e+01	1.405562e+16
7715	8.533744e+15	1.184686e+01	1.798942e+01	8.397303e+15
7716	8.534237e+15	1.598660e+01	2.062237e+01	1.300065e+16
7717	8.534669e+15	1.601483e+01	1.468383e+01	6.591716e+15
7718	8.535155e+15	1.853627e+01	1.769320e+01	6.413860e+15
7719	8.535616e+15	1.700963e+01	1.582345e+01	8.886545e+15
7720	8.536085e+15	1.605361e+01	1.427960e+01	9.232860e+15
7721	8.536599e+15	1.675002e+01	1.523901e+01	1.034183e+16
7722	8.537097e+15	1.569578e+01	1.633987e+01	1.089326e+16
7723	8.537611e+15	1.552219e+01	1.824497e+01	1.918908e+16
7724	8.538113e+15	1.537227e+01	1.682494e+01	1.334727e+16
7725	8.538629e+15	1.558300e+01	1.674717e+01	1.842340e+16
7726	8.539144e+15	1.591928e+01	1.766030e+01	1.682954e+16
7727	8.539650e+15	1.703979e+01	1.757047e+01	8.468435e+15
7728	8.540153e+15	1.717684e+01	1.726614e+01	1.171190e+16
7729	8.540668e+15	1.769937e+01	1.910767e+01	1.995343e+16
7730	8.541148e+15	1.483266e+01	1.624062e+01	1.394731e+16
7731	8.541662e+15	1.673352e+01	1.731997e+01	1.707742e+16
7732	8.542165e+15	1.564096e+01	1.541868e+01	1.961049e+16
7733	8.542685e+15	1.636830e+01	1.719784e+01	7.781507e+15
7734	8.543188e+15	1.713535e+01	1.671341e+01	1.081301e+16
7735	8.543677e+15	1.658590e+01	1.580236e+01	1.311654e+16
7736	8.544166e+15	1.710877e+01	1.580489e+01	1.819441e+16
7737	8.544641e+15	1.606423e+01	1.312895e+01	8.355861e+15
7738	8.545136e+15	1.541176e+01	1.389459e+01	1.206353e+16
7739	8.545640e+15	1.451301e+01	1.474437e+01	6.076049e+15
7740	8.546136e+15	1.442738e+01	1.484012e+01	1.134475e+16
7741	8.546620e+15	1.269812e+01	1.348250e+01	1.121221e+16
7742	8.547133e+15	1.230106e+01	1.463526e+01	1.169867e+16
7743	8.547649e+15	1.029285e+01	1.398800e+01	1.079420e+16
7744	8.548196e+15	1.012765e+01	1.380217e+01	1.425642e+16
7745	8.548777e+15	1.040368e+01	1.546715e+01	2.667724e+16
7746	8.549348e+15	1.129421e+01	1.608356e+01	1.386258e+16
7747	8.549904e+15	1.058259e+01	1.519572e+01	8.790996e+15
7748	8.550470e+15	1.202956e+01	1.584692e+01	4.534248e+15
7749	8.551018e+15	1.082956e+01	1.258081e+01	1.491592e+16
7750	8.551622e+15	1.064852e+01	1.515616e+01	1.099388e+16
7751	8.552238e+15	1.370070e+01	1.858821e+01	1.167493e+16
7752	8.552765e+15	9.469048e+00	1.389688e+01	5.683012e+15
7753	8.553363e+15	1.240097e+01	1.779659e+01	1.350293e+16
7754	8.553909e+15	1.305148e+01	1.602918e+01	1.863373e+16
7755	8.554453e+15	1.354454e+01	1.617960e+01	5.301361e+15
7756	8.554990e+15	1.502371e+01	1.691411e+01	2.113181e+16
7757	8.555498e+15	1.440558e+01	1.563582e+01	1.427378e+16
7758	8.556000e+15	1.472727e+01	1.654450e+01	1.751422e+16
7759	8.556468e+15	1.501678e+01	1.479963e+01	1.191486e+16
7760	8.556942e+15	1.647858e+01	1.452418e+01	2.764006e+16
7761	8.557416e+15	1.646802e+01	1.382503e+01	1.544583e+16
7762	8.557900e+15	1.575086e+01	1.360892e+01	1.867276e+16
7763	8.558389e+15	1.561938e+01	1.340331e+01	9.325141e+15
7764	8.558880e+15	1.441054e+01	1.225515e+01	1.861503e+15
7765	8.559397e+15	1.229863e+01	1.141752e+01	1.614848e+16
7766	8.559968e+15	1.184188e+01	1.326111e+01	1.102443e+16
7767	8.560519e+15	8.079223e+00	9.923030e+00	1.602404e+16
7768	8.561180e+15	1.120253e+01	1.521278e+01	8.618922e+15
7769	8.561747e+15	1.197331e+01	1.254676e+01	1.865287e+16
7770	8.562351e+15	1.248711e+01	1.283354e+01	1.769510e+16
7771	8.562987e+15	1.158897e+01	1.453334e+01	2.668290e+16
7772	8.563576e+15	1.101784e+01	1.454257e+01	1.232986e+16
7773	8.564131e+15	1.040340e+01	1.350383e+01	2.627331e+15
7774	8.564696e+15	1.177847e+01	1.411151e+01	1.651435e+16
7775	8.565235e+15	1.233980e+01	1.314076e+01	9.883775e+15
7776	8.565770e+15	1.178416e+01	1.209702e+01	6.664469e+15
7777	8.566319e+15	1.136131e+01	1.232061e+01	2.084262e+16
7778	8.566884e+15	1.102371e+01	1.248310e+01	1.775263e+16
7779	8.567470e+15	1.033135e+01	1.267651e+01	3.761832e+15
7780	8.568051e+15	1.091616e+01	1.304935e+01	8.663801e+15
7781	8.568648e+15	1.292032e+01	1.418411e+01	8.880659e+15
7782	8.569201e+15	1.249042e+01	1.171361e+01	1.086471e+16
7783	8.569776e+15	1.180218e+01	1.237852e+01	1.212324e+16
7784	8.570383e+15	1.123770e+01	1.258532e+01	1.046173e+16
7785	8.570989e+15	1.163039e+01	1.442355e+01	7.537608e+15
7786	8.571574e+15	1.192041e+01	1.409648e+01	1.088827e+16
7787	8.572141e+15	1.005496e+01	1.260406e+01	1.009198e+16
7788	8.572736e+15	1.217623e+01	1.400634e+01	1.398612e+16
7789	8.573277e+15	1.070071e+01	1.157575e+01	1.108666e+16
7790	8.573861e+15	1.296759e+01	1.423460e+01	1.346210e+16
7791	8.574412e+15	1.332221e+01	1.439933e+01	1.940518e+16
7792	8.574938e+15	1.273512e+01	1.342068e+01	4.234342e+15
7793	8.575454e+15	1.449120e+01	1.389789e+01	6.845173e+15
7794	8.575946e+15	1.489925e+01	1.304234e+01	6.681481e+15
7795	8.576442e+15	1.468147e+01	1.257230e+01	3.266282e+15
7796	8.576945e+15	1.401890e+01	1.262997e+01	1.305192e+16
7797	8.577439e+15	1.177618e+01	1.082312e+01	1.294070e+16
7798	8.577993e+15	1.548205e+01	1.353265e+01	1.316581e+16
7799	8.578490e+15	1.310334e+01	1.089889e+01	8.884511e+15
7800	8.579038e+15	1.489089e+01	1.320048e+01	8.694707e+15
7801	8.579550e+15	1.404947e+01	1.148649e+01	1.051043e+16
7802	8.580089e+15	1.482301e+01	1.185252e+01	1.392516e+16
7803	8.580620e+15	1.435171e+01	1.022528e+01	3.762526e+15
7804	8.581146e+15	1.327730e+01	9.595900e+00	1.089152e+16
7805	8.581706e+15	1.180672e+01	1.005821e+01	9.512650e+15
7806	8.582301e+15	1.145183e+01	1.086365e+01	2.148242e+16
7807	8.582901e+15	1.102080e+01	1.049421e+01	2.522316e+16
7808	8.583524e+15	1.084207e+01	1.081061e+01	1.004627e+16
7809	8.584153e+15	1.144010e+01	1.243217e+01	6.945353e+15
7810	8.584756e+15	9.713611e+00	1.180161e+01	1.093537e+16
7811	8.585397e+15	9.853328e+00	1.283460e+01	1.608598e+16
7812	8.586030e+15	1.028792e+01	1.288993e+01	1.172816e+16
7813	8.586642e+15	9.825004e+00	1.262951e+01	1.069871e+16
7814	8.587258e+15	1.067404e+01	1.393207e+01	1.592410e+16
7815	8.587835e+15	9.742503e+00	1.312083e+01	3.299608e+15
7816	8.588408e+15	1.085247e+01	1.372713e+01	3.801970e+15
7817	8.588970e+15	1.165121e+01	1.487503e+01	1.038774e+16
7818	8.589503e+15	1.027085e+01	1.428168e+01	1.239472e+16
7819	8.590033e+15	1.059443e+01	1.469258e+01	7.827052e+15
7820	8.590549e+15	1.054555e+01	1.350707e+01	8.951052e+15
7821	8.591072e+15	1.160830e+01	1.401014e+01	3.234901e+15
7822	8.591593e+15	1.259924e+01	1.390073e+01	1.856755e+16
7823	8.592119e+15	1.313793e+01	1.392947e+01	4.290436e+15
7824	8.592654e+15	1.358401e+01	1.424284e+01	8.976227e+15
7825	8.593180e+15	1.454096e+01	1.440417e+01	5.188620e+15
7826	8.593685e+15	1.441452e+01	1.386683e+01	1.585641e+16
7827	8.594198e+15	1.521059e+01	1.435810e+01	1.642616e+16
7828	8.594678e+15	1.457682e+01	1.391878e+01	1.887266e+16
7829	8.595142e+15	1.248311e+01	1.065996e+01	1.088446e+16
7830	8.595667e+15	1.677469e+01	1.276054e+01	1.675637e+16
7831	8.596168e+15	1.517417e+01	1.115808e+01	1.261896e+16
7832	8.596701e+15	1.504635e+01	1.181648e+01	5.372199e+16
7833	8.597240e+15	1.335896e+01	1.138672e+01	2.512029e+16
7834	8.597795e+15	1.178781e+01	1.112810e+01	2.694448e+16
7835	8.598382e+15	1.177856e+01	1.188205e+01	2.335871e+16
7836	8.598940e+15	1.050750e+01	1.088909e+01	2.395724e+16
7837	8.599540e+15	1.000703e+01	1.316578e+01	2.861280e+16
7838	8.600122e+15	8.541203e+00	1.287547e+01	3.493314e+16
7839	8.600718e+15	9.157936e+00	1.401215e+01	3.210819e+16
7840	8.601302e+15	8.946127e+00	1.542210e+01	1.415428e+16
7841	8.601850e+15	8.067678e+00	1.496831e+01	1.453546e+16
7842	8.602411e+15	8.602680e+00	1.733161e+01	2.897036e+16
7843	8.602940e+15	8.223541e+00	1.662509e+01	2.308308e+16
7844	8.603468e+15	8.372919e+00	1.624376e+01	2.486260e+16
7845	8.604012e+15	9.908120e+00	1.700452e+01	1.691463e+16
7846	8.604531e+15	1.059424e+01	1.569608e+01	1.996315e+16
7847	8.605063e+15	1.151218e+01	1.704268e+01	2.602664e+16
7848	8.605580e+15	9.513494e+00	1.520508e+01	2.408136e+16
7849	8.606142e+15	1.045176e+01	1.769199e+01	2.875264e+16
7850	8.606699e+15	1.000052e+01	1.768928e+01	1.966447e+16
7851	8.607276e+15	9.796390e+00	1.819258e+01	2.445743e+16
7852	8.607880e+15	1.030217e+01	2.064629e+01	8.437669e+16
7853	8.608470e+15	1.082701e+01	2.214100e+01	2.747580e+16
7854	8.609048e+15	1.118092e+01	2.239860e+01	5.082901e+16
7855	8.609633e+15	1.292511e+01	2.529883e+01	6.878951e+16
7856	8.610190e+15	1.224937e+01	2.563329e+01	6.337048e+16
7857	8.610733e+15	1.150693e+01	2.693912e+01	5.430467e+16
7858	8.611267e+15	1.145696e+01	2.749125e+01	4.840854e+16
7859	8.611795e+15	1.147682e+01	2.752696e+01	5.778743e+16
7860	8.612339e+15	1.298805e+01	3.069450e+01	6.945601e+16
7861	8.612857e+15	1.238811e+01	2.873016e+01	3.568820e+16
7862	8.613384e+15	1.394352e+01	3.014465e+01	6.020343e+16
7863	8.613910e+15	1.468433e+01	3.107863e+01	3.782838e+16
7864	8.614426e+15	1.412225e+01	3.065984e+01	3.401512e+16
7865	8.614950e+15	1.545879e+01	3.391021e+01	1.761427e+16
7866	8.615448e+15	1.465146e+01	3.383262e+01	4.986411e+16
7867	8.615931e+15	1.423540e+01	3.324306e+01	4.550491e+16
7868	8.616410e+15	1.502166e+01	3.225207e+01	4.711730e+16
7869	8.616898e+15	1.558359e+01	3.200895e+01	5.616123e+16
7870	8.617409e+15	1.522794e+01	3.348277e+01	4.052044e+16
7871	8.617925e+15	1.386923e+01	3.264897e+01	3.709910e+16
7872	8.618461e+15	1.239402e+01	3.045892e+01	2.990818e+16
7873	8.619045e+15	1.310942e+01	3.463963e+01	3.741130e+16
7874	8.619630e+15	1.130015e+01	3.141967e+01	3.331075e+16
7875	8.620268e+15	1.106565e+01	3.625271e+01	3.462257e+16
7876	8.620888e+15	1.154556e+01	3.613580e+01	3.492186e+16
7877	8.621490e+15	1.214812e+01	3.567677e+01	3.101015e+16
7878	8.622085e+15	1.052629e+01	3.182127e+01	3.943288e+16
7879	8.622722e+15	1.258279e+01	3.631290e+01	4.851537e+16
7880	8.623330e+15	1.039675e+01	2.898700e+01	2.584762e+16
7881	8.624015e+15	1.014960e+01	3.598446e+01	5.240295e+16
7882	8.624673e+15	1.067096e+01	3.939049e+01	4.253373e+16
7883	8.625264e+15	1.025735e+01	3.453836e+01	5.064703e+16
7884	8.625858e+15	1.111877e+01	3.793427e+01	2.639668e+16
7885	8.626408e+15	1.113946e+01	3.254702e+01	2.076370e+16
7886	8.626982e+15	1.171257e+01	3.465672e+01	4.296220e+16
7887	8.627546e+15	1.215325e+01	3.542544e+01	2.129108e+16
7888	8.628086e+15	1.087881e+01	2.955634e+01	2.794124e+16
7889	8.628676e+15	1.280460e+01	3.514922e+01	3.350750e+16
7890	8.629231e+15	1.240145e+01	3.418662e+01	2.096092e+16
7891	8.629769e+15	1.161498e+01	3.067373e+01	2.469769e+16
7892	8.630341e+15	1.308202e+01	3.474092e+01	2.396981e+16
7893	8.630892e+15	1.213410e+01	3.238820e+01	4.277027e+16
7894	8.631457e+15	1.250763e+01	3.427280e+01	4.034053e+16
7895	8.632007e+15	1.273357e+01	3.312385e+01	3.518912e+16
7896	8.632558e+15	1.318345e+01	3.253354e+01	4.475125e+16
7897	8.633116e+15	1.278585e+01	3.315054e+01	2.680949e+16
7898	8.633669e+15	1.302594e+01	3.316307e+01	4.629092e+16
7899	8.634213e+15	1.316695e+01	3.469473e+01	2.655592e+16
7900	8.634722e+15	1.352320e+01	3.427154e+01	2.601100e+16
7901	8.635224e+15	1.212054e+01	3.077151e+01	2.329845e+16
7902	8.635758e+15	1.403485e+01	3.459532e+01	1.951777e+16
7903	8.636266e+15	1.496035e+01	3.198697e+01	2.379959e+16
7904	8.636777e+15	1.706675e+01	3.179138e+01	2.329716e+16
7905	8.637289e+15	1.694192e+01	2.996520e+01	3.142096e+16
7906	8.637822e+15	1.581474e+01	3.041111e+01	2.219652e+16
7907	8.638363e+15	1.575256e+01	3.083979e+01	2.617429e+16
7908	8.638899e+15	1.538889e+01	3.123052e+01	1.831571e+16
7909	8.639422e+15	1.470377e+01	2.968213e+01	3.645041e+16
7910	8.639945e+15	1.514658e+01	3.096749e+01	1.041534e+16
7911	8.640441e+15	1.434688e+01	2.922171e+01	1.831726e+16
7912	8.640936e+15	1.608013e+01	2.801016e+01	2.058339e+16
7913	8.641446e+15	1.591282e+01	3.045184e+01	2.124434e+16
7914	8.641931e+15	1.336967e+01	2.612194e+01	1.287956e+16
7915	8.642447e+15	1.489987e+01	2.888430e+01	2.204846e+16
7916	8.642956e+15	1.476829e+01	2.875329e+01	2.852218e+16
7917	8.643452e+15	1.271446e+01	2.479337e+01	1.716348e+16
7918	8.643990e+15	1.481740e+01	2.756457e+01	2.104917e+16
7919	8.644512e+15	1.261445e+01	2.408718e+01	1.935137e+16
7920	8.645065e+15	1.194951e+01	2.898852e+01	2.725631e+16
7921	8.645590e+15	1.252130e+01	2.874415e+01	1.370071e+16
7922	8.646090e+15	1.110586e+01	2.470254e+01	1.501172e+16
7923	8.646623e+15	1.212813e+01	2.795258e+01	2.197600e+16
7924	8.647124e+15	1.322782e+01	2.797868e+01	2.825693e+16
7925	8.647593e+15	1.226073e+01	2.264141e+01	2.852237e+16
7926	8.648119e+15	1.752570e+01	3.004516e+01	2.159162e+16
7927	8.648583e+15	1.492193e+01	2.377960e+01	1.973663e+16
7928	8.649080e+15	1.719000e+01	2.733474e+01	2.445865e+16
7929	8.649559e+15	1.765656e+01	2.778370e+01	2.010324e+16
7930	8.650013e+15	1.522114e+01	2.670238e+01	2.433459e+16
7931	8.650455e+15	1.410161e+01	2.382072e+01	1.738227e+16
7932	8.650923e+15	1.591424e+01	2.481707e+01	2.904443e+16
7933	8.651402e+15	1.680632e+01	2.701186e+01	1.976914e+16
7934	8.651850e+15	1.689027e+01	2.535135e+01	2.501156e+16
7935	8.652292e+15	1.665995e+01	2.258226e+01	2.325473e+16
7936	8.652747e+15	1.702690e+01	2.261629e+01	1.504210e+16
7937	8.653227e+15	2.022192e+01	2.543629e+01	1.811528e+16
7938	8.653674e+15	1.622737e+01	2.105824e+01	4.693608e+15
7939	8.654161e+15	1.824698e+01	2.363130e+01	8.180996e+15
7940	8.654624e+15	1.892891e+01	2.142204e+01	8.661946e+15
7941	8.655090e+15	1.901496e+01	2.087398e+01	2.336999e+16
7942	8.655569e+15	1.982896e+01	2.245515e+01	2.032619e+16
7943	8.656033e+15	1.783343e+01	1.928739e+01	2.389530e+16
7944	8.656531e+15	1.782759e+01	1.973977e+01	8.555783e+15
7945	8.657041e+15	1.960403e+01	2.138137e+01	1.674748e+16
7946	8.657530e+15	1.796660e+01	1.940079e+01	1.419127e+16
7947	8.658036e+15	1.717042e+01	1.916765e+01	1.502334e+16
7948	8.658555e+15	1.773244e+01	1.992634e+01	1.397376e+16
7949	8.659059e+15	1.793214e+01	1.989551e+01	1.090860e+16
7950	8.659546e+15	1.581500e+01	1.711144e+01	2.797532e+16
7951	8.660080e+15	1.809203e+01	1.892514e+01	1.866988e+16
7952	8.660596e+15	1.648161e+01	1.923015e+01	2.435495e+16
7953	8.661087e+15	1.660612e+01	1.821272e+01	1.637471e+16
7954	8.661584e+15	1.765306e+01	1.785080e+01	1.046596e+16
7955	8.662089e+15	1.717368e+01	1.755886e+01	1.496221e+16
7956	8.662606e+15	1.536299e+01	1.655146e+01	2.056236e+16
7957	8.663154e+15	1.506785e+01	1.952422e+01	2.498800e+16
7958	8.663689e+15	1.512900e+01	1.954790e+01	1.777143e+16
7959	8.664218e+15	1.355875e+01	1.934800e+01	2.126522e+16
7960	8.664755e+15	1.535939e+01	2.126909e+01	2.416787e+16
7961	8.665266e+15	1.440024e+01	2.098420e+01	1.697534e+16
7962	8.665770e+15	1.418357e+01	2.118876e+01	2.273367e+16
7963	8.666277e+15	1.498211e+01	2.184011e+01	1.826755e+16
7964	8.666766e+15	1.426527e+01	2.072373e+01	2.536873e+16
7965	8.667252e+15	1.495612e+01	1.908661e+01	1.573814e+16
7966	8.667747e+15	1.565172e+01	2.121444e+01	1.553477e+16
7967	8.668233e+15	1.460869e+01	2.182533e+01	1.530408e+16
7968	8.668707e+15	1.656626e+01	2.215983e+01	1.200497e+16
7969	8.669166e+15	1.860284e+01	2.259170e+01	2.085884e+16
7970	8.669609e+15	1.759224e+01	2.180638e+01	1.199400e+16
7971	8.670053e+15	1.855098e+01	2.232376e+01	2.201357e+16
7972	8.670489e+15	2.031662e+01	2.231303e+01	1.876083e+16
7973	8.670917e+15	1.919445e+01	2.054184e+01	1.302969e+16
7974	8.671360e+15	1.976731e+01	2.211737e+01	1.784387e+16
7975	8.671799e+15	1.857022e+01	2.304895e+01	2.370048e+16
7976	8.672235e+15	1.787613e+01	2.331670e+01	1.222102e+16
7977	8.672668e+15	2.042229e+01	2.360078e+01	2.254623e+16
7978	8.673090e+15	2.006444e+01	2.271206e+01	2.063552e+16
7979	8.673517e+15	1.909994e+01	2.259981e+01	1.723787e+16
7980	8.673952e+15	1.931982e+01	2.346154e+01	1.410176e+16
7981	8.674378e+15	2.013581e+01	2.302710e+01	1.089812e+16
7982	8.674797e+15	2.069151e+01	2.208696e+01	1.817406e+16
7983	8.675224e+15	2.313292e+01	2.319586e+01	1.749098e+16
7984	8.675632e+15	2.440821e+01	2.250387e+01	1.533536e+16
7985	8.676026e+15	2.141309e+01	1.997702e+01	1.642828e+16
7986	8.676449e+15	2.136525e+01	2.273598e+01	1.266745e+16
7987	8.676881e+15	1.938509e+01	2.333539e+01	2.144583e+16
7988	8.677303e+15	1.986294e+01	2.321513e+01	1.089083e+16
7989	8.677723e+15	2.174957e+01	2.488260e+01	2.719456e+16
7990	8.678125e+15	2.053414e+01	2.411921e+01	1.655851e+16
7991	8.678521e+15	2.139742e+01	2.434230e+01	1.463184e+16
7992	8.678909e+15	2.171802e+01	2.353418e+01	1.223822e+16
7993	8.679289e+15	2.074161e+01	2.294764e+01	1.423327e+16
7994	8.679664e+15	2.179723e+01	2.142633e+01	1.540576e+16
7995	8.680044e+15	2.080052e+01	1.755572e+01	1.505973e+16
7996	8.680460e+15	2.469554e+01	2.262644e+01	2.447732e+16
7997	8.680852e+15	2.290996e+01	2.116645e+01	1.362941e+16
7998	8.681242e+15	2.009643e+01	2.056502e+01	9.353449e+15
7999	8.681642e+15	2.107780e+01	2.256075e+01	1.072290e+16
8000	8.682016e+15	1.765263e+01	2.072276e+01	3.377980e+15
8001	8.682417e+15	1.923614e+01	2.558675e+01	2.159829e+16
8002	8.682784e+15	1.664722e+01	2.247402e+01	2.220658e+16
8003	8.683168e+15	1.968169e+01	2.465350e+01	1.923625e+16
8004	8.683535e+15	1.999928e+01	2.303897e+01	1.069968e+16
8005	8.683909e+15	2.278026e+01	2.677455e+01	2.478308e+16
8006	8.684259e+15	2.192022e+01	2.628948e+01	6.226710e+15
8007	8.684598e+15	2.134072e+01	2.525813e+01	1.188647e+16
8008	8.684937e+15	2.362651e+01	2.555044e+01	1.304528e+16
8009	8.685266e+15	2.514486e+01	2.350092e+01	1.432951e+16
8010	8.685601e+15	2.614864e+01	2.524114e+01	1.477428e+16
8011	8.685924e+15	2.659225e+01	2.522132e+01	5.558916e+15
8012	8.686234e+15	2.804125e+01	2.460508e+01	2.185922e+16
8013	8.686545e+15	3.172646e+01	2.504330e+01	2.001943e+16
8014	8.686848e+15	3.114512e+01	2.379377e+01	1.599036e+16
8015	8.687152e+15	2.929226e+01	2.316088e+01	1.829969e+16
8016	8.687468e+15	2.676058e+01	2.404691e+01	1.749519e+16
8017	8.687787e+15	2.462726e+01	2.200857e+01	1.717467e+16
8018	8.688130e+15	2.700400e+01	2.381013e+01	2.373061e+16
8019	8.688475e+15	3.026874e+01	2.501863e+01	1.088495e+16
8020	8.688804e+15	2.716796e+01	2.300378e+01	1.401855e+16
8021	8.689144e+15	3.049215e+01	2.545189e+01	1.110246e+16
8022	8.689459e+15	2.864120e+01	2.182707e+01	1.499824e+16
8023	8.689786e+15	3.030763e+01	2.260657e+01	1.596523e+16
8024	8.690108e+15	2.793022e+01	2.107525e+01	8.908138e+15
8025	8.690442e+15	2.990544e+01	2.330862e+01	1.554834e+16
8026	8.690763e+15	2.773514e+01	2.167224e+01	1.628220e+16
8027	8.691092e+15	2.809543e+01	2.163577e+01	1.058835e+16
8028	8.691422e+15	2.714790e+01	1.929353e+01	1.435324e+16
8029	8.691764e+15	2.719517e+01	1.974067e+01	1.825511e+16
8030	8.692120e+15	2.519366e+01	1.926857e+01	1.021005e+16
8031	8.692493e+15	2.550630e+01	1.960485e+01	1.141628e+16
8032	8.692872e+15	2.720276e+01	2.020989e+01	2.455732e+16
8033	8.693244e+15	2.418396e+01	2.002501e+01	4.530927e+15
8034	8.693620e+15	2.294920e+01	1.957832e+01	1.218913e+16
8035	8.694021e+15	2.389621e+01	1.980096e+01	1.907611e+16
8036	8.694426e+15	2.415163e+01	1.954125e+01	2.110439e+16
8037	8.694833e+15	2.267746e+01	1.974347e+01	9.423597e+15
8038	8.695246e+15	2.207661e+01	1.970720e+01	4.833740e+15
8039	8.695663e+15	1.889235e+01	1.804260e+01	1.301641e+16
8040	8.696116e+15	1.923170e+01	2.066548e+01	9.093579e+15
8041	8.696546e+15	1.775930e+01	2.019856e+01	2.301102e+16
8042	8.696972e+15	1.763016e+01	1.901773e+01	7.627989e+15
8043	8.697401e+15	1.893359e+01	1.815269e+01	1.082977e+16
8044	8.697833e+15	2.227202e+01	1.783883e+01	2.562854e+16
8045	8.698256e+15	1.846944e+01	1.526210e+01	9.601232e+15
8046	8.698723e+15	1.852833e+01	1.747134e+01	1.211599e+16
8047	8.699191e+15	1.907595e+01	1.746072e+01	2.452218e+16
8048	8.699645e+15	1.719951e+01	1.533416e+01	2.136751e+16
8049	8.700134e+15	1.819275e+01	1.866348e+01	1.490975e+16
8050	8.700582e+15	1.608224e+01	1.719642e+01	2.016083e+16
8051	8.701018e+15	1.268958e+01	1.295304e+01	1.504681e+16
8052	8.701537e+15	1.702946e+01	1.779936e+01	1.748069e+16
8053	8.702013e+15	1.513603e+01	1.467557e+01	2.242466e+16
8054	8.702529e+15	1.582700e+01	1.710390e+01	1.592142e+16
8055	8.703027e+15	1.385102e+01	1.669722e+01	1.507410e+16
8056	8.703525e+15	1.424112e+01	1.795780e+01	1.078764e+16
8057	8.703981e+15	1.296790e+01	1.563307e+01	9.042997e+15
8058	8.704446e+15	1.546178e+01	1.730963e+01	1.016387e+16
8059	8.704872e+15	1.423300e+01	1.382432e+01	9.716567e+15
8060	8.705328e+15	1.463750e+01	1.529563e+01	7.390803e+15
8061	8.705778e+15	1.417045e+01	1.542505e+01	7.021954e+15
8062	8.706215e+15	1.113744e+01	1.158432e+01	1.290058e+16
8063	8.706722e+15	1.249703e+01	1.412183e+01	1.439765e+16
8064	8.707231e+15	1.124428e+01	1.379092e+01	1.675303e+16
8065	8.707756e+15	9.866659e+00	1.269937e+01	9.964332e+15
8066	8.708345e+15	1.006247e+01	1.379026e+01	1.554804e+16
8067	8.708982e+15	1.027642e+01	1.604278e+01	2.099180e+16
8068	8.709605e+15	9.467967e+00	1.615918e+01	3.403558e+16
8069	8.710213e+15	9.213568e+00	1.664012e+01	1.821395e+16
8070	8.710800e+15	9.049776e+00	1.656161e+01	1.032271e+16
8071	8.711362e+15	8.794295e+00	1.485611e+01	1.095956e+16
8072	8.711948e+15	9.787991e+00	1.600886e+01	1.749919e+16
8073	8.712511e+15	1.028353e+01	1.752153e+01	1.410131e+16
8074	8.713014e+15	1.033096e+01	1.712827e+01	1.837858e+16
8075	8.713512e+15	1.073152e+01	1.808427e+01	5.324937e+15
8076	8.713994e+15	1.103561e+01	1.736320e+01	1.542799e+15
8077	8.714475e+15	1.259791e+01	1.820722e+01	8.634351e+15
8078	8.714942e+15	1.272219e+01	1.788571e+01	1.123672e+16
8079	8.715411e+15	1.264546e+01	1.716301e+01	9.480016e+15
8080	8.715897e+15	1.243359e+01	1.672913e+01	2.036401e+16
8081	8.716396e+15	1.093742e+01	1.533942e+01	1.277382e+16
8082	8.716941e+15	1.131221e+01	1.637236e+01	7.369967e+15
8083	8.717503e+15	1.174511e+01	1.650608e+01	3.960715e+15
8084	8.718067e+15	1.203488e+01	1.746459e+01	2.824648e+16
8085	8.718605e+15	1.276685e+01	1.665109e+01	1.679929e+16
8086	8.719126e+15	1.095328e+01	1.331963e+01	1.230635e+16
8087	8.719702e+15	1.209508e+01	1.516908e+01	6.570673e+15
8088	8.720258e+15	1.103327e+01	1.297306e+01	7.687952e+15
8089	8.720857e+15	1.112351e+01	1.431312e+01	1.161444e+16
8090	8.721449e+15	9.185889e+00	1.327537e+01	1.194538e+16
8091	8.722066e+15	8.039287e+00	1.201377e+01	8.857942e+15
8092	8.722757e+15	9.185189e+00	1.460776e+01	2.735538e+16
8093	8.723409e+15	7.484399e+00	1.250962e+01	1.775098e+16
8094	8.724155e+15	8.184052e+00	1.616771e+01	3.023714e+16
8095	8.724854e+15	7.765360e+00	1.337742e+01	1.594661e+16
8096	8.725619e+15	9.368255e+00	1.733380e+01	1.724559e+16
8097	8.726305e+15	7.903803e+00	1.511768e+01	2.401307e+16
8098	8.726987e+15	8.128331e+00	1.563426e+01	3.393187e+16
8099	8.727637e+15	6.072098e+00	1.121679e+01	3.790293e+16
8100	8.728413e+15	6.507916e+00	1.343103e+01	3.414357e+16
8101	8.729228e+15	7.913696e+00	1.664928e+01	6.636154e+16
8102	8.729977e+15	7.764424e+00	1.469506e+01	4.463256e+16
8103	8.730748e+15	7.587548e+00	1.644631e+01	4.640970e+16
8104	8.731481e+15	7.945967e+00	1.616382e+01	4.223874e+16
8105	8.732195e+15	8.014824e+00	1.622510e+01	1.970794e+16
8106	8.732897e+15	8.018943e+00	1.644518e+01	3.967119e+16
8107	8.733587e+15	8.155023e+00	1.610414e+01	4.472594e+16
8108	8.734279e+15	8.318593e+00	1.647761e+01	2.477347e+16
8109	8.734960e+15	8.623318e+00	1.703237e+01	2.832258e+16
8110	8.735620e+15	7.959922e+00	1.608900e+01	3.926616e+16
8111	8.736300e+15	8.428334e+00	1.642658e+01	5.354166e+16
8112	8.736988e+15	8.022845e+00	1.606160e+01	1.635712e+16
8113	8.737698e+15	7.416975e+00	1.631958e+01	4.519684e+16
8114	8.738430e+15	7.599132e+00	1.727649e+01	5.519072e+16
8115	8.739156e+15	7.465393e+00	1.720804e+01	3.028692e+16
8116	8.739887e+15	7.455424e+00	1.724546e+01	3.489286e+16
8117	8.740631e+15	7.597777e+00	1.851925e+01	3.014070e+16
8118	8.741364e+15	6.661463e+00	1.775522e+01	3.608937e+16
8119	8.742125e+15	7.218898e+00	2.029329e+01	2.369480e+16
8120	8.742846e+15	6.354271e+00	1.816728e+01	2.402400e+16
8121	8.743604e+15	6.551060e+00	1.931370e+01	1.972496e+16
8122	8.744379e+15	6.255669e+00	2.000015e+01	2.903262e+16
8123	8.745165e+15	5.468786e+00	1.822854e+01	4.171279e+16
8124	8.746030e+15	6.130602e+00	2.225182e+01	3.142915e+16
8125	8.746863e+15	6.366254e+00	2.197916e+01	4.042163e+16
8126	8.747689e+15	5.503194e+00	2.116106e+01	3.484302e+16
8127	8.748562e+15	5.415877e+00	2.157797e+01	1.859102e+16
8128	8.749492e+15	5.984343e+00	2.418021e+01	3.432021e+16
8129	8.750416e+15	5.838190e+00	2.469289e+01	1.971782e+16
8130	8.751348e+15	5.989617e+00	2.702523e+01	3.100913e+16
8131	8.752252e+15	4.614685e+00	2.381120e+01	1.220728e+16
8132	8.753217e+15	5.310029e+00	2.846849e+01	1.914361e+16
8133	8.754104e+15	4.708170e+00	2.485195e+01	2.487835e+16
8134	8.754983e+15	4.369797e+00	2.465676e+01	2.571277e+16
8135	8.755833e+15	4.501635e+00	2.483082e+01	9.614944e+15
8136	8.756628e+15	3.625518e+00	1.909894e+01	1.027362e+16
8137	8.757526e+15	4.024893e+00	2.204056e+01	2.295076e+16
8138	8.758421e+15	4.023138e+00	2.112231e+01	2.574269e+16
8139	8.759299e+15	4.251647e+00	1.891362e+01	1.487281e+16
8140	8.760204e+15	5.004914e+00	1.951277e+01	1.783013e+16
8141	8.761068e+15	4.142600e+00	1.511114e+01	1.911932e+16
8142	8.762036e+15	4.511050e+00	1.687754e+01	1.675132e+16
8143	8.763001e+15	5.302673e+00	1.688915e+01	1.259055e+16
8144	8.763915e+15	5.191052e+00	1.375032e+01	2.625114e+16
8145	8.764887e+15	5.066053e+00	1.393680e+01	1.741668e+16
8146	8.765864e+15	4.760567e+00	1.227433e+01	2.834425e+16
8147	8.766925e+15	4.862900e+00	1.264057e+01	2.151087e+16
8148	8.768078e+15	4.600534e+00	1.274103e+01	2.410343e+16
8149	8.769326e+15	4.834811e+00	1.528881e+01	3.022960e+16
8150	8.770553e+15	5.203654e+00	1.863728e+01	1.236242e+17
8151	8.771673e+15	3.785908e+00	1.554893e+01	1.214786e+17
8152	8.772857e+15	4.715751e+00	1.980177e+01	1.493379e+17
8153	8.773911e+15	4.674509e+00	1.950603e+01	1.074017e+17
8154	8.774872e+15	4.596866e+00	1.805423e+01	5.196464e+16
8155	8.775825e+15	4.979677e+00	1.980895e+01	6.713403e+16
8156	8.776721e+15	4.852420e+00	1.771280e+01	5.811345e+16
8157	8.777647e+15	5.838166e+00	2.107909e+01	8.285771e+16
8158	8.778505e+15	6.086284e+00	2.173104e+01	6.684618e+16
8159	8.779297e+15	4.772454e+00	1.754409e+01	4.430344e+16
8160	8.780160e+15	5.831713e+00	2.188354e+01	6.631608e+16
8161	8.780966e+15	6.502970e+00	2.094985e+01	6.654689e+16
8162	8.781756e+15	6.170830e+00	1.925860e+01	5.405112e+16
8163	8.782591e+15	5.824529e+00	1.951881e+01	6.816401e+16
8164	8.783470e+15	4.946454e+00	1.613175e+01	5.223454e+16
8165	8.784524e+15	5.528143e+00	2.197112e+01	7.334807e+16
8166	8.785565e+15	6.424457e+00	2.702243e+01	7.715473e+16
8167	8.786481e+15	5.685787e+00	2.383451e+01	7.930209e+16
8168	8.787391e+15	5.573744e+00	2.682232e+01	6.044712e+16
8169	8.788242e+15	5.679514e+00	2.753076e+01	4.981266e+16
8170	8.789044e+15	4.947050e+00	2.478924e+01	3.937731e+16
8171	8.789892e+15	5.199074e+00	2.954637e+01	4.825090e+16
8172	8.790711e+15	5.099785e+00	3.317782e+01	3.768336e+16
8173	8.791473e+15	4.251709e+00	2.822811e+01	3.058630e+16
8174	8.792308e+15	4.844757e+00	3.447755e+01	6.513322e+16
8175	8.793125e+15	4.645544e+00	3.269175e+01	4.519574e+16
8176	8.793979e+15	4.220965e+00	3.187901e+01	7.633419e+16
8177	8.794907e+15	6.202571e+00	4.754904e+01	6.719727e+16
8178	8.795669e+15	5.690480e+00	3.474994e+01	6.613783e+16
8179	8.796500e+15	6.532761e+00	4.016218e+01	5.977856e+16
8180	8.797339e+15	7.001976e+00	4.481540e+01	5.038359e+16
8181	8.798149e+15	6.093965e+00	4.118912e+01	6.171447e+16
8182	8.799016e+15	5.896667e+00	3.982523e+01	5.240493e+16
8183	8.799996e+15	6.058152e+00	4.801458e+01	4.867351e+16
8184	8.800960e+15	5.716912e+00	4.579950e+01	5.351639e+16
8185	8.801944e+15	5.905106e+00	4.643416e+01	3.528807e+16
8186	8.802935e+15	6.181731e+00	4.637180e+01	6.124087e+16
8187	8.803935e+15	6.638573e+00	4.984741e+01	6.194075e+16
8188	8.804881e+15	5.645327e+00	4.488188e+01	1.812430e+16
8189	8.805839e+15	5.884440e+00	4.681019e+01	4.239497e+16
8190	8.806772e+15	5.345523e+00	4.263978e+01	1.156871e+16
8191	8.807744e+15	6.484825e+00	4.953673e+01	4.044532e+16
8192	8.808628e+15	6.517817e+00	4.767955e+01	4.903423e+16
8193	8.809448e+15	6.194186e+00	4.623455e+01	2.144680e+16
8194	8.810225e+15	6.954795e+00	4.790024e+01	2.510908e+16
8195	8.810942e+15	7.199330e+00	4.627048e+01	2.486450e+16
8196	8.811625e+15	7.158987e+00	4.253372e+01	3.464724e+16
8197	8.812318e+15	7.855984e+00	4.550499e+01	1.635000e+16
8198	8.812979e+15	8.097334e+00	4.452357e+01	2.311816e+16
8199	8.813618e+15	7.920442e+00	3.980926e+01	1.805599e+16
8200	8.814288e+15	8.783740e+00	4.252058e+01	3.197985e+16
8201	8.814948e+15	9.193879e+00	4.243207e+01	2.953927e+16
8202	8.815591e+15	9.022965e+00	3.731410e+01	2.272518e+16
8203	8.816272e+15	9.775299e+00	3.875420e+01	2.145313e+16
8204	8.816966e+15	1.114267e+01	3.982992e+01	1.335274e+16
8205	8.817623e+15	1.047481e+01	3.590503e+01	1.928234e+16
8206	8.818309e+15	1.279614e+01	3.821296e+01	2.218320e+16
8207	8.818982e+15	1.348578e+01	3.523799e+01	3.165913e+16
8208	8.819666e+15	1.321318e+01	3.190504e+01	1.082756e+16
8209	8.820397e+15	1.668642e+01	3.378322e+01	2.086898e+16
8210	8.821110e+15	1.687353e+01	3.034384e+01	1.341127e+16
8211	8.821825e+15	1.700522e+01	2.659813e+01	1.974876e+16
8212	8.822562e+15	1.849694e+01	2.736325e+01	1.535623e+16
8213	8.823276e+15	1.926477e+01	2.772840e+01	1.857196e+16
8214	8.823943e+15	1.854702e+01	2.630360e+01	1.585856e+16
8215	8.824582e+15	1.809572e+01	2.601608e+01	2.504238e+16
8216	8.825189e+15	1.844286e+01	2.631597e+01	1.924041e+16
8217	8.825754e+15	1.808782e+01	2.455510e+01	2.056501e+16
8218	8.826300e+15	1.883200e+01	2.500280e+01	3.448952e+16
8219	8.826816e+15	1.802422e+01	2.370518e+01	1.127554e+16
8220	8.827315e+15	1.732729e+01	2.271476e+01	7.208293e+15
8221	8.827804e+15	1.746262e+01	2.257561e+01	1.954473e+16
8222	8.828278e+15	1.797048e+01	2.197780e+01	1.485473e+16
8223	8.828738e+15	1.719847e+01	2.097346e+01	1.296117e+16
8224	8.829198e+15	1.707953e+01	1.971604e+01	1.209787e+16
8225	8.829667e+15	1.725883e+01	1.997836e+01	7.662389e+15
8226	8.830127e+15	1.621530e+01	1.861015e+01	1.952193e+16
8227	8.830598e+15	1.582156e+01	1.780449e+01	1.371372e+16
8228	8.831088e+15	1.598144e+01	1.802225e+01	1.901238e+16
8229	8.831582e+15	1.468449e+01	1.687872e+01	1.910024e+16
8230	8.832096e+15	1.585727e+01	1.749107e+01	1.170014e+16
8231	8.832609e+15	1.478894e+01	1.587934e+01	3.579924e+15
8232	8.833138e+15	1.252155e+01	1.693007e+01	1.435819e+16
8233	8.833689e+15	1.486567e+01	1.870103e+01	1.912102e+16
8234	8.834207e+15	1.364958e+01	1.516865e+01	9.790048e+15
8235	8.834759e+15	1.284537e+01	1.658128e+01	2.405579e+16
8236	8.835293e+15	9.419456e+00	1.289132e+01	7.636656e+15
8237	8.835899e+15	9.346469e+00	1.522607e+01	2.426313e+16
8238	8.836509e+15	1.013322e+01	1.710343e+01	1.136701e+16
8239	8.837078e+15	9.089196e+00	1.544679e+01	8.050305e+15
8240	8.837660e+15	7.873919e+00	1.567445e+01	2.414655e+16
8241	8.838246e+15	7.881889e+00	1.646983e+01	1.039525e+16
8242	8.838814e+15	9.434417e+00	1.768259e+01	8.703629e+15
8243	8.839343e+15	8.828835e+00	1.553343e+01	1.223615e+16
8244	8.839905e+15	9.738869e+00	1.713343e+01	1.905053e+16
8245	8.840453e+15	9.410867e+00	1.701189e+01	1.990681e+16
8246	8.841000e+15	8.595990e+00	1.583037e+01	2.151937e+16
8247	8.841589e+15	1.105605e+01	2.016742e+01	2.343673e+16
8248	8.842124e+15	1.031550e+01	1.886258e+01	1.890292e+16
8249	8.842645e+15	1.021752e+01	1.915961e+01	2.405155e+16
8250	8.843147e+15	1.106541e+01	1.882880e+01	2.415525e+16
8251	8.843635e+15	1.231572e+01	1.884160e+01	1.513346e+16
8252	8.844105e+15	1.240783e+01	1.814125e+01	1.821176e+16
8253	8.844568e+15	1.371770e+01	1.792281e+01	2.039681e+16
8254	8.845024e+15	1.394021e+01	1.758288e+01	1.265295e+16
8255	8.845481e+15	1.521690e+01	1.871057e+01	1.053369e+16
8256	8.845917e+15	1.392214e+01	1.691350e+01	1.831710e+16
8257	8.846368e+15	1.319698e+01	1.674246e+01	1.030215e+16
8258	8.846840e+15	1.497674e+01	1.771710e+01	1.717301e+16
8259	8.847307e+15	1.515604e+01	1.687134e+01	6.006495e+15
8260	8.847785e+15	1.410490e+01	1.595306e+01	2.013288e+16
8261	8.848285e+15	1.423229e+01	1.655785e+01	1.707498e+16
8262	8.848793e+15	1.524419e+01	1.678780e+01	9.004387e+15
8263	8.849299e+15	1.303697e+01	1.629495e+01	8.925637e+15
8264	8.849814e+15	1.331670e+01	1.633281e+01	2.004290e+16
8265	8.850332e+15	1.387531e+01	1.635147e+01	6.360891e+15
8266	8.850850e+15	1.392360e+01	1.661030e+01	1.238919e+16
8267	8.851357e+15	1.325692e+01	1.628316e+01	8.035612e+15
8268	8.851859e+15	1.355076e+01	1.630064e+01	2.862005e+15
8269	8.852362e+15	1.389200e+01	1.677779e+01	1.037162e+16
8270	8.852853e+15	1.262790e+01	1.550106e+01	1.537633e+16
8271	8.853368e+15	1.313519e+01	1.730132e+01	1.725804e+16
8272	8.853862e+15	1.258286e+01	1.574313e+01	2.010064e+16
8273	8.854366e+15	1.323254e+01	1.649427e+01	6.294838e+15
8274	8.854859e+15	1.324085e+01	1.578538e+01	1.172918e+16
8275	8.855367e+15	1.413757e+01	1.714374e+01	1.499623e+16
8276	8.855858e+15	1.171952e+01	1.533856e+01	1.676518e+16
8277	8.856375e+15	1.449116e+01	1.782075e+01	8.436514e+15
8278	8.856858e+15	1.309795e+01	1.480263e+01	1.581629e+16
8279	8.857379e+15	1.152880e+01	1.541510e+01	1.134301e+16
8280	8.857930e+15	3.136501e+01	3.617132e+01	2.493571e+16
8281	8.858205e+15	1.997451e+01	1.593368e+01	1.355283e+16
8282	8.858505e+15	2.063914e+01	1.698986e+01	1.933487e+16
8283	8.858814e+15	2.014961e+01	1.567386e+01	1.054137e+16
8284	8.859149e+15	2.088056e+01	1.605809e+01	9.699385e+15
8285	8.859503e+15	1.856900e+01	1.398992e+01	1.254099e+15
8286	8.859908e+15	1.661014e+01	1.428463e+01	7.790635e+15
8287	8.860365e+15	1.472169e+01	1.451253e+01	2.011429e+16
8288	8.860873e+15	1.365548e+01	1.475158e+01	1.439102e+16
8289	8.861411e+15	1.333253e+01	1.544404e+01	9.049979e+15
8290	8.861962e+15	1.212666e+01	1.567709e+01	1.391989e+16
8291	8.862522e+15	1.158552e+01	1.537810e+01	1.884081e+16
8292	8.863094e+15	1.170792e+01	1.695985e+01	8.459669e+15
8293	8.863644e+15	1.196649e+01	1.735599e+01	1.292610e+16
8294	8.864171e+15	1.069999e+01	1.636841e+01	1.435809e+16
8295	8.864704e+15	1.247288e+01	1.820144e+01	1.624226e+16
8296	8.865203e+15	1.148756e+01	1.676091e+01	1.263503e+16
8297	8.865711e+15	1.221424e+01	1.778280e+01	1.562538e+16
8298	8.866192e+15	1.257254e+01	1.750056e+01	8.297077e+15
8299	8.866658e+15	1.294353e+01	1.738942e+01	1.418956e+16
8300	8.867105e+15	1.387385e+01	1.661635e+01	1.055519e+16
8301	8.867550e+15	1.491292e+01	1.666448e+01	1.102087e+16
8302	8.867986e+15	1.512948e+01	1.620320e+01	1.320078e+16
8303	8.868424e+15	1.607657e+01	1.651049e+01	1.445163e+16
8304	8.868857e+15	1.574730e+01	1.547854e+01	9.301881e+15
8305	8.869300e+15	1.485712e+01	1.439437e+01	1.122023e+16
8306	8.869770e+15	1.592730e+01	1.552662e+01	8.810385e+15
8307	8.870241e+15	1.796826e+01	1.763696e+01	2.499337e+16
8308	8.870670e+15	1.448955e+01	1.448318e+01	4.493692e+15
8309	8.871141e+15	1.417464e+01	1.515495e+01	8.341301e+15
8310	8.871631e+15	1.532035e+01	1.653787e+01	1.623674e+16
8311	8.872109e+15	1.392624e+01	1.470117e+01	7.876738e+15
8312	8.872626e+15	1.237988e+01	1.524748e+01	1.155536e+16
8313	8.873167e+15	1.309431e+01	1.638796e+01	1.845699e+16
8314	8.873709e+15	1.195232e+01	1.532086e+01	1.028047e+16
8315	8.874292e+15	1.211905e+01	1.787039e+01	5.967225e+15
8316	8.874848e+15	1.168210e+01	1.828886e+01	2.679317e+16
8317	8.875375e+15	1.220683e+01	1.859211e+01	2.786454e+16
8318	8.875868e+15	1.234583e+01	1.804818e+01	1.055365e+16
8319	8.876339e+15	1.289041e+01	1.700140e+01	1.247818e+16
8320	8.876798e+15	1.425138e+01	1.552160e+01	1.201928e+16
8321	8.877264e+15	1.605856e+01	1.632670e+01	1.964843e+16
8322	8.877727e+15	1.342524e+01	1.457295e+01	1.310045e+16
8323	8.878226e+15	1.260576e+01	1.504241e+01	1.168462e+16
8324	8.878768e+15	1.314091e+01	1.821262e+01	5.619388e+15
8325	8.879274e+15	1.468234e+01	1.842394e+01	2.416645e+16
8326	8.879761e+15	1.543635e+01	1.826228e+01	2.433564e+16
8327	8.880217e+15	1.536321e+01	1.580769e+01	1.048401e+16
8328	8.880689e+15	1.686278e+01	1.643371e+01	1.544201e+16
8329	8.881163e+15	1.802889e+01	1.682422e+01	9.380410e+15
8330	8.881623e+15	1.759574e+01	1.567255e+01	8.986314e+15
8331	8.882089e+15	1.784387e+01	1.654312e+01	7.612687e+15
8332	8.882546e+15	1.811949e+01	1.764228e+01	1.415388e+15
8333	8.882968e+15	1.438204e+01	1.313123e+01	1.139021e+16
8334	8.883426e+15	1.599910e+01	1.387746e+01	4.448162e+15
8335	8.883903e+15	1.780782e+01	1.607119e+01	8.685128e+15
8336	8.884358e+15	1.502642e+01	1.401367e+01	1.165487e+16
8337	8.884833e+15	1.541868e+01	1.531903e+01	1.066887e+16
8338	8.885297e+15	1.784109e+01	1.502221e+01	1.149585e+16
8339	8.885743e+15	1.694421e+01	1.357945e+01	1.706783e+16
8340	8.886206e+15	1.703294e+01	1.408248e+01	1.959333e+16
8341	8.886664e+15	1.587189e+01	1.319652e+01	1.751710e+16
8342	8.887142e+15	1.584736e+01	1.377584e+01	7.310427e+15
8343	8.887637e+15	1.509136e+01	1.411394e+01	1.074563e+16
8344	8.888130e+15	1.321255e+01	1.263748e+01	2.175938e+16
8345	8.888648e+15	1.327095e+01	1.487626e+01	1.357712e+16
8346	8.889134e+15	1.067094e+01	1.275073e+01	1.069075e+16
8347	8.889655e+15	9.973065e+00	1.380490e+01	2.019039e+16
8348	8.890214e+15	1.046301e+01	1.755751e+01	2.033848e+16
8349	8.890711e+15	9.180891e+00	1.547981e+01	1.622789e+16
8350	8.891225e+15	1.013185e+01	1.733492e+01	9.661121e+15
8351	8.891705e+15	1.049799e+01	1.603715e+01	1.232708e+16
8352	8.892179e+15	1.225618e+01	1.721900e+01	1.091706e+16
8353	8.892631e+15	1.265205e+01	1.682185e+01	2.387465e+16
8354	8.893077e+15	1.376079e+01	1.704992e+01	1.358762e+16
8355	8.893516e+15	1.550226e+01	1.757528e+01	1.520769e+16
8356	8.893936e+15	1.501327e+01	1.699794e+01	1.343548e+16
8357	8.894358e+15	1.652820e+01	1.712902e+01	1.548212e+16
8358	8.894777e+15	1.430657e+01	1.375457e+01	9.217543e+15
8359	8.895245e+15	1.719295e+01	1.808815e+01	1.632108e+16
8360	8.895703e+15	1.819805e+01	1.987167e+01	1.735785e+16
8361	8.896132e+15	1.582493e+01	1.844550e+01	1.652680e+16
8362	8.896562e+15	1.774071e+01	1.833870e+01	1.355645e+16
8363	8.896982e+15	1.963169e+01	1.717383e+01	7.404917e+15
8364	8.897413e+15	3.377513e+01	2.775989e+01	1.495185e+16
8365	8.897677e+15	2.436649e+01	2.179386e+01	3.810361e+15
8366	8.897926e+15	2.425811e+01	2.112554e+01	1.137618e+16
8367	8.898168e+15	2.184751e+01	1.927203e+01	6.716791e+15
8368	8.898419e+15	2.545411e+01	2.150189e+01	1.622957e+16
8369	8.898658e+15	2.824354e+01	1.906855e+01	1.535012e+16
8370	8.898910e+15	2.882890e+01	1.843807e+01	1.587966e+16
8371	8.899175e+15	3.330049e+01	2.032929e+01	1.690423e+16
8372	8.899406e+15	2.952072e+01	2.019135e+01	1.151129e+16
8373	8.899644e+15	2.808620e+01	2.007503e+01	7.761487e+15
8374	8.899889e+15	2.668447e+01	2.129078e+01	1.702844e+16
8375	8.900133e+15	2.457346e+01	2.009468e+01	4.726451e+15
8376	8.900389e+15	2.339462e+01	1.819467e+01	1.418475e+16
8377	8.900677e+15	2.545135e+01	1.910069e+01	7.836333e+15
8378	8.900978e+15	2.342395e+01	1.681816e+01	1.272191e+16
8379	8.901316e+15	2.320501e+01	1.697891e+01	1.225390e+16
8380	8.901679e+15	2.049267e+01	1.594822e+01	2.423989e+16
8381	8.902083e+15	1.888512e+01	1.679544e+01	2.155931e+16
8382	8.902512e+15	2.898638e+01	2.655369e+01	2.147494e+16
8383	8.902785e+15	1.989033e+01	2.025462e+01	2.463268e+16
8384	8.903049e+15	2.114229e+01	2.061329e+01	1.262865e+16
8385	8.903298e+15	1.855759e+01	1.622749e+01	2.182309e+16
8386	8.903564e+15	2.177365e+01	1.951587e+01	2.062986e+16
8387	8.903822e+15	2.462937e+01	1.713186e+01	1.298807e+16
8388	8.904105e+15	2.662208e+01	1.766700e+01	2.670476e+16
8389	8.904403e+15	2.375784e+01	1.687034e+01	1.827871e+16
8390	8.904725e+15	2.116444e+01	1.530117e+01	1.256304e+16
8391	8.905089e+15	1.870315e+01	1.588102e+01	2.129991e+16
8392	8.905485e+15	1.504786e+01	1.313954e+01	2.351713e+16
8393	8.905960e+15	1.198038e+01	1.388192e+01	4.109763e+16
8394	8.906531e+15	1.092396e+01	1.927101e+01	3.071286e+16
8395	8.907073e+15	1.072089e+01	1.659954e+01	2.701408e+16
8396	8.907650e+15	8.817407e+00	1.827580e+01	1.245482e+16
8397	8.908220e+15	9.360979e+00	2.069495e+01	2.958650e+16
8398	8.908752e+15	8.728804e+00	1.879298e+01	1.693550e+16
8399	8.909296e+15	9.147324e+00	1.940688e+01	2.022981e+16
8400	8.909850e+15	9.507106e+00	1.989434e+01	1.143258e+16
8401	8.910398e+15	1.021528e+01	2.081250e+01	3.291687e+16
8402	8.910924e+15	1.075124e+01	2.010297e+01	1.948818e+16
8403	8.911443e+15	1.154694e+01	1.993653e+01	2.377732e+16
8404	8.911965e+15	1.227590e+01	2.016370e+01	1.628621e+16
8405	8.912492e+15	1.364348e+01	2.095682e+01	2.574387e+16
8406	8.913007e+15	1.412822e+01	2.119167e+01	2.327433e+16
8407	8.913519e+15	1.475604e+01	2.138792e+01	2.050311e+16
8408	8.914014e+15	1.559410e+01	2.164238e+01	1.071642e+16
8409	8.914497e+15	1.693912e+01	2.319431e+01	2.134476e+16
8410	8.914956e+15	1.419831e+01	1.913336e+01	2.122207e+16
8411	8.915444e+15	1.533694e+01	2.208346e+01	3.005741e+16
8412	8.915925e+15	1.777358e+01	2.450595e+01	1.504537e+16
8413	8.916367e+15	1.519112e+01	2.070380e+01	1.741221e+16
8414	8.916841e+15	1.852739e+01	2.413799e+01	2.475274e+16
8415	8.917275e+15	1.695737e+01	1.941276e+01	1.555416e+16
8416	8.917750e+15	1.847802e+01	2.207283e+01	2.270853e+16
8417	8.918217e+15	1.720808e+01	2.190831e+01	3.022177e+16
8418	8.918681e+15	1.655035e+01	2.131643e+01	1.491174e+16
8419	8.919154e+15	1.767532e+01	2.265576e+01	1.920696e+16
8420	8.919622e+15	1.778406e+01	2.251904e+01	2.018948e+16
8421	8.920086e+15	1.684913e+01	2.273047e+01	2.731775e+16
8422	8.920551e+15	1.670028e+01	2.298224e+01	2.484444e+16
8423	8.921013e+15	1.698631e+01	2.270678e+01	2.083477e+16
8424	8.921470e+15	1.690379e+01	2.169963e+01	3.534846e+16
8425	8.921930e+15	1.606913e+01	1.948894e+01	1.910806e+16
8426	8.922424e+15	1.734306e+01	2.265606e+01	1.400304e+16
8427	8.922899e+15	1.644699e+01	2.114507e+01	2.718707e+16
8428	8.923393e+15	1.740743e+01	2.330442e+01	1.700976e+16
8429	8.923882e+15	1.768375e+01	2.337493e+01	1.816379e+16
8430	8.924369e+15	1.567216e+01	2.343051e+01	1.491315e+16
8431	8.924862e+15	1.554787e+01	2.354515e+01	2.637945e+16
8432	8.925352e+15	1.528306e+01	2.523057e+01	1.939930e+16
8433	8.925820e+15	1.413767e+01	2.367492e+01	1.156124e+16
8434	8.926293e+15	1.555607e+01	2.589009e+01	1.618216e+16
8435	8.926742e+15	1.522515e+01	2.429797e+01	3.996327e+15
8436	8.927184e+15	1.618690e+01	2.614447e+01	1.536448e+16
8437	8.927615e+15	1.781518e+01	2.831647e+01	3.292749e+15
8438	8.928015e+15	1.665626e+01	2.557740e+01	2.379381e+16
8439	8.928421e+15	1.919426e+01	2.570452e+01	1.780503e+16
8440	8.928818e+15	1.829075e+01	2.539359e+01	1.145050e+16
8441	8.929209e+15	1.903210e+01	2.590264e+01	1.513875e+16
8442	8.929589e+15	2.210645e+01	2.810077e+01	1.919583e+16
8443	8.929941e+15	2.158653e+01	2.742104e+01	1.573151e+16
8444	8.930274e+15	2.334473e+01	2.913391e+01	8.553754e+15
8445	8.930575e+15	2.322662e+01	2.801230e+01	5.333336e+15
8446	8.930858e+15	2.416523e+01	2.874972e+01	7.840048e+15
8447	8.931120e+15	2.492798e+01	2.669703e+01	1.214583e+16
8448	8.931374e+15	2.330354e+01	2.513277e+01	7.680354e+15
8449	8.931633e+15	2.594537e+01	2.681633e+01	1.219320e+16
8450	8.931882e+15	2.838766e+01	2.551568e+01	9.061229e+15
8451	8.932134e+15	2.683224e+01	2.311386e+01	1.178856e+16
8452	8.932408e+15	2.697238e+01	2.393840e+01	8.824040e+15
8453	8.932696e+15	2.267406e+01	2.111905e+01	1.145971e+16
8454	8.933026e+15	2.285176e+01	2.212783e+01	1.398782e+16
8455	8.933377e+15	1.945000e+01	1.945566e+01	7.257728e+15
8456	8.933782e+15	1.698976e+01	1.700680e+01	1.480277e+16
8457	8.934268e+15	1.664265e+01	2.006406e+01	3.098242e+16
8458	8.934789e+15	1.759149e+01	2.131905e+01	1.605957e+16
8459	8.935332e+15	1.549430e+01	2.343162e+01	1.911467e+16
8460	8.935854e+15	1.331939e+01	2.246370e+01	1.051903e+16
8461	8.936370e+15	1.328067e+01	2.180256e+01	1.668682e+16
8462	8.936893e+15	1.398045e+01	2.201795e+01	2.302672e+16
8463	8.937404e+15	1.437740e+01	2.180089e+01	1.573535e+16
8464	8.937903e+15	1.476920e+01	2.018731e+01	1.535120e+16
8465	8.938421e+15	1.334472e+01	1.970669e+01	9.161339e+15
8466	8.938962e+15	1.395194e+01	2.090262e+01	1.563520e+16
8467	8.939496e+15	1.523099e+01	2.182097e+01	1.627750e+16
8468	8.940010e+15	1.326892e+01	2.006565e+01	1.521910e+16
8469	8.940542e+15	1.322651e+01	2.163360e+01	1.754066e+16
8470	8.941074e+15	1.261079e+01	2.201935e+01	1.132858e+16
8471	8.941602e+15	1.200455e+01	2.154423e+01	1.584623e+16
8472	8.942142e+15	1.096959e+01	1.863093e+01	1.913544e+16
8473	8.942732e+15	1.092194e+01	2.026354e+01	1.589482e+16
8474	8.943333e+15	9.799707e+00	1.907941e+01	2.204622e+16
8475	8.943972e+15	1.036900e+01	2.062371e+01	1.595021e+16
8476	8.944605e+15	8.888285e+00	1.896651e+01	5.583700e+15
8477	8.945264e+15	9.025283e+00	1.924811e+01	7.356809e+15
8478	8.945945e+15	8.542406e+00	2.143052e+01	1.689461e+16
8479	8.946596e+15	7.196602e+00	1.943870e+01	3.018652e+16
8480	8.947269e+15	8.369965e+00	2.151225e+01	1.133575e+16
8481	8.947920e+15	7.920310e+00	2.178318e+01	9.463720e+15
8482	8.948542e+15	7.711154e+00	2.066488e+01	3.961198e+15
8483	8.949159e+15	8.107615e+00	1.997456e+01	1.998469e+16
8484	8.949777e+15	8.325646e+00	2.058936e+01	1.080979e+16
8485	8.950366e+15	8.348748e+00	1.939655e+01	1.215864e+16
8486	8.950949e+15	8.944529e+00	1.859308e+01	2.334784e+16
8487	8.951538e+15	1.005525e+01	1.860170e+01	1.317835e+16
8488	8.952111e+15	1.005530e+01	1.616484e+01	1.496822e+16
8489	8.952716e+15	1.151560e+01	1.708230e+01	1.005257e+16
8490	8.953304e+15	1.081264e+01	1.534912e+01	1.106569e+16
8491	8.953905e+15	1.088832e+01	1.528265e+01	1.355095e+16
8492	8.954524e+15	1.007285e+01	1.470482e+01	2.269417e+16
8493	8.955168e+15	9.158215e+00	1.435478e+01	8.212186e+15
8494	8.955831e+15	9.691423e+00	1.377546e+01	5.069125e+15
8495	8.956477e+15	8.640974e+00	1.251319e+01	8.125959e+15
8496	8.957155e+15	8.464199e+00	1.212242e+01	1.273258e+16
8497	8.957872e+15	7.757935e+00	1.308589e+01	6.181086e+15
8498	8.958574e+15	6.420257e+00	1.125665e+01	1.102124e+16
8499	8.959338e+15	7.373125e+00	1.382774e+01	4.663239e+15
8500	8.960060e+15	7.366787e+00	1.311361e+01	1.072545e+16
8501	8.960787e+15	7.042002e+00	1.256108e+01	1.391107e+16
8502	8.961556e+15	6.668904e+00	1.490039e+01	2.698517e+16
8503	8.962291e+15	6.926228e+00	1.562339e+01	1.326760e+16
8504	8.962984e+15	6.577397e+00	1.491186e+01	9.411892e+15
8505	8.963672e+15	7.248674e+00	1.552026e+01	1.208568e+16
8506	8.964342e+15	7.416720e+00	1.521107e+01	1.070236e+16
8507	8.964996e+15	7.539763e+00	1.467226e+01	1.227525e+16
8508	8.965648e+15	8.558870e+00	1.527192e+01	2.631849e+16
8509	8.966273e+15	8.564412e+00	1.441716e+01	1.947726e+16
8510	8.966890e+15	9.806844e+00	1.501062e+01	6.928260e+15
8511	8.967488e+15	1.050943e+01	1.443226e+01	2.258182e+16
8512	8.968091e+15	1.147000e+01	1.399359e+01	1.756923e+16
8513	8.968705e+15	1.187382e+01	1.439520e+01	1.982580e+16
8514	8.969319e+15	1.085291e+01	1.474525e+01	1.266287e+16
8515	8.969914e+15	1.017039e+01	1.460071e+01	9.876343e+15
8516	8.970531e+15	9.984428e+00	1.473793e+01	8.899518e+15
8517	8.971147e+15	1.002692e+01	1.423516e+01	8.135959e+15
8518	8.971768e+15	1.204864e+01	1.430168e+01	2.448240e+16
8519	8.972394e+15	1.218516e+01	1.367829e+01	1.520357e+16
8520	8.973039e+15	1.100146e+01	1.320541e+01	1.338606e+16
8521	8.973698e+15	1.067165e+01	1.347888e+01	1.728896e+16
8522	8.974346e+15	1.033227e+01	1.325081e+01	1.639197e+16
8523	8.974976e+15	9.946175e+00	1.218317e+01	9.145309e+15
8524	8.975644e+15	1.018373e+01	1.289657e+01	1.346222e+16
8525	8.976330e+15	8.587124e+00	1.191340e+01	8.667611e+15
8526	8.977079e+15	8.001671e+00	1.267653e+01	2.838242e+16
8527	8.977861e+15	7.606017e+00	1.226115e+01	1.230182e+16
8528	8.978697e+15	7.294932e+00	1.315307e+01	1.165424e+16
8529	8.979537e+15	7.442993e+00	1.399238e+01	1.121003e+16
8530	8.980337e+15	6.993897e+00	1.279598e+01	9.044956e+15
8531	8.981172e+15	7.932199e+00	1.493487e+01	2.497290e+16
8532	8.981926e+15	6.593697e+00	1.210764e+01	1.346886e+16
8533	8.982723e+15	8.309532e+00	1.333039e+01	2.101690e+16
8534	8.983498e+15	1.459106e+01	2.260898e+01	1.336683e+16
8535	8.983969e+15	1.000641e+01	1.652885e+01	1.102086e+16
8536	8.984396e+15	1.030803e+01	1.738953e+01	9.475384e+15
8537	8.984773e+15	1.083675e+01	1.704044e+01	8.279862e+15
8538	8.985118e+15	1.081865e+01	1.624560e+01	1.480910e+16
8539	8.985441e+15	1.183435e+01	1.566761e+01	3.477068e+15
8540	8.985752e+15	1.469048e+01	1.520553e+01	1.569948e+16
8541	8.986050e+15	1.687931e+01	1.455031e+01	1.627917e+15
8542	8.986345e+15	1.706672e+01	1.346964e+01	1.016147e+16
8543	8.986650e+15	2.164145e+01	1.415597e+01	7.608582e+15
8544	8.986949e+15	2.195499e+01	1.219134e+01	2.720972e+15
8545	8.987271e+15	1.958417e+01	1.126074e+01	5.208180e+15
8546	8.987625e+15	1.967775e+01	1.214558e+01	9.741566e+15
8547	8.987986e+15	1.552674e+01	9.332468e+00	4.523211e+15
8548	8.988419e+15	1.538744e+01	8.916255e+00	4.809762e+15
8549	8.988938e+15	1.262033e+01	8.597077e+00	4.195646e+15
8550	8.989552e+15	1.160648e+01	9.534242e+00	6.807067e+15
8551	8.990230e+15	9.080514e+00	8.827378e+00	2.184859e+16
8552	8.991042e+15	9.147865e+00	1.168073e+01	5.960308e+16
8553	8.991901e+15	8.722412e+00	1.408510e+01	6.032021e+16
8554	8.992719e+15	6.190322e+00	1.337798e+01	7.553919e+16
8555	8.993573e+15	6.622637e+00	1.751561e+01	6.004770e+16
8556	8.994343e+15	6.072345e+00	1.538233e+01	6.581792e+16
8557	8.995151e+15	5.794919e+00	1.681874e+01	6.324830e+16
8558	8.995969e+15	6.420730e+00	2.431263e+01	8.883387e+16
8559	8.996617e+15	8.882021e+00	1.701771e+01	7.124936e+16
8560	8.997354e+15	8.519263e+00	1.957779e+01	5.769826e+16
8561	8.998105e+15	8.511044e+00	2.166077e+01	4.544837e+16
8562	8.998823e+15	8.261139e+00	2.236232e+01	5.042691e+16
8563	8.999523e+15	8.526590e+00	2.318439e+01	3.389986e+16
8564	9.000211e+15	7.485518e+00	2.078164e+01	6.557637e+16
8565	9.000964e+15	7.185977e+00	2.273873e+01	7.436295e+16
8566	9.001779e+15	9.091608e+00	3.154816e+01	1.001952e+17
8567	9.002489e+15	6.238946e+00	2.569143e+01	6.227607e+16
8568	9.003269e+15	7.419266e+00	3.742151e+01	1.017538e+17
8569	9.003959e+15	7.044674e+00	3.313574e+01	1.096442e+17
8570	9.004683e+15	7.476814e+00	3.630719e+01	1.101733e+17
8571	9.005433e+15	7.514726e+00	4.278627e+01	9.291102e+16
8572	9.006155e+15	7.159643e+00	3.742687e+01	7.322893e+16
8573	9.006959e+15	6.740501e+00	4.074769e+01	4.690308e+16
8574	9.007826e+15	5.971794e+00	4.681689e+01	8.383779e+16
8575	9.008716e+15	5.112562e+00	5.147015e+01	6.489345e+16
8576	9.009621e+15	5.013688e+00	5.224023e+01	8.721287e+16
8577	9.010541e+15	5.002618e+00	4.574011e+01	7.530227e+16
8578	9.011560e+15	5.866140e+00	5.638291e+01	9.482983e+16
8579	9.012531e+15	5.979256e+00	5.835603e+01	8.062143e+16
8580	9.013405e+15	5.358306e+00	4.623378e+01	5.396468e+16
8581	9.014313e+15	6.903187e+00	5.224038e+01	2.646273e+16
8582	9.015131e+15	7.998822e+00	4.625704e+01	6.373566e+16
8583	9.015907e+15	8.458736e+00	4.227278e+01	4.504486e+16
8584	9.016663e+15	9.181149e+00	4.175185e+01	5.782993e+16
8585	9.017374e+15	1.067592e+01	4.331735e+01	1.897877e+16
8586	9.018002e+15	1.020161e+01	4.065423e+01	2.051300e+16
8587	9.018568e+15	1.169066e+01	4.265462e+01	5.212819e+16
8588	9.019044e+15	9.591995e+00	3.282704e+01	3.168510e+16
8589	9.019536e+15	1.176837e+01	3.788167e+01	1.886639e+16
8590	9.019976e+15	1.187198e+01	3.561639e+01	2.850217e+16
8591	9.020383e+15	1.075249e+01	3.317210e+01	1.563025e+16
8592	9.020777e+15	1.195553e+01	3.448010e+01	2.157320e+16
8593	9.021141e+15	1.212717e+01	3.108711e+01	1.509277e+16
8594	9.021501e+15	1.285137e+01	3.107916e+01	2.078069e+16
8595	9.021856e+15	1.463032e+01	2.925850e+01	1.310247e+16
8596	9.022222e+15	1.560407e+01	2.874996e+01	1.534973e+16
8597	9.022601e+15	1.361978e+01	2.598854e+01	1.300628e+16
8598	9.023019e+15	1.180789e+01	2.455261e+01	1.347510e+16
8599	9.023495e+15	1.295232e+01	2.702363e+01	2.456750e+16
8600	9.023983e+15	1.052009e+01	2.126369e+01	1.817647e+16
8601	9.024569e+15	8.916236e+00	2.046750e+01	2.406790e+16
8602	9.025272e+15	8.523367e+00	2.037927e+01	3.175714e+16
8603	9.026106e+15	7.944949e+00	2.007583e+01	1.606181e+16
8604	9.027108e+15	6.053395e+00	1.957946e+01	4.890811e+16
8605	9.028310e+15	5.520174e+00	1.929983e+01	6.797695e+16
8606	9.029739e+15	5.439656e+00	1.953624e+01	4.054263e+16
8607	9.031404e+15	4.943044e+00	2.171328e+01	5.641356e+16
8608	9.033197e+15	4.351078e+00	2.168513e+01	9.352595e+16
8609	9.035093e+15	5.510656e+00	2.848614e+01	7.329182e+16
8610	9.036702e+15	6.068458e+00	2.971895e+01	6.633046e+16
8611	9.037972e+15	3.155191e+00	1.614133e+01	1.986805e+16
8612	9.039497e+15	3.344621e+00	1.657647e+01	4.186462e+16
8613	9.041255e+15	5.582831e+00	2.476379e+01	6.149878e+16
8614	9.042732e+15	5.378915e+00	1.905197e+01	5.034139e+16
8615	9.044298e+15	6.380766e+00	2.157129e+01	3.589660e+16
8616	9.045801e+15	8.176355e+00	2.810430e+01	4.551551e+16
8617	9.046985e+15	6.984064e+00	2.328349e+01	3.686818e+16
8618	9.048098e+15	7.605346e+00	2.470879e+01	3.162453e+16
8619	9.049087e+15	8.255682e+00	2.578613e+01	1.881589e+16
8620	9.049928e+15	9.040040e+00	2.523187e+01	1.682942e+16
8621	9.050659e+15	9.641153e+00	2.480891e+01	3.930391e+16
8622	9.051306e+15	1.040394e+01	2.499443e+01	9.350900e+15
8623	9.051868e+15	1.010435e+01	2.393700e+01	2.864019e+16
8624	9.052387e+15	1.044093e+01	2.565296e+01	8.489489e+15
8625	9.052845e+15	9.688359e+00	2.310667e+01	7.642784e+15
8626	9.053283e+15	9.943467e+00	2.289222e+01	1.665012e+16
8627	9.053706e+15	1.139603e+01	2.417618e+01	7.095975e+15
8628	9.054089e+15	1.101530e+01	1.975529e+01	1.985878e+16
8629	9.054493e+15	1.397599e+01	2.172099e+01	9.811235e+15
8630	9.054886e+15	1.470137e+01	1.980945e+01	1.589290e+16
8631	9.055290e+15	1.344804e+01	1.714725e+01	5.603214e+15
8632	9.055745e+15	1.304516e+01	1.741990e+01	1.171527e+16
8633	9.056242e+15	1.184487e+01	1.772691e+01	3.218430e+16
8634	9.056772e+15	1.056257e+01	1.709676e+01	1.891085e+16
8635	9.057352e+15	8.926380e+00	1.535372e+01	1.608330e+16
8636	9.058048e+15	8.748873e+00	1.625696e+01	3.308975e+16
8637	9.058837e+15	7.737434e+00	1.465844e+01	2.789048e+16
8638	9.059784e+15	5.514336e+00	1.502587e+01	4.054885e+16
8639	9.060888e+15	7.497685e+00	1.917128e+01	5.951902e+16
8640	9.061951e+15	7.316331e+00	1.687581e+01	6.433099e+16
8641	9.063069e+15	6.485442e+00	1.540801e+01	3.818673e+16
8642	9.064342e+15	6.372295e+00	1.802945e+01	7.915922e+16
8643	9.065649e+15	5.855419e+00	1.655340e+01	7.372992e+16
8644	9.067078e+15	1.313303e+01	4.190801e+01	9.779678e+16
8645	9.067814e+15	7.314413e+00	1.789944e+01	5.918826e+16
8646	9.068580e+15	7.912776e+00	1.885783e+01	4.178601e+16
8647	9.069335e+15	7.265593e+00	1.683525e+01	4.055003e+16
8648	9.070140e+15	6.378775e+00	1.440705e+01	4.439204e+16
8649	9.071088e+15	6.023298e+00	1.610609e+01	5.202202e+16
8650	9.072126e+15	6.256429e+00	1.550831e+01	5.450562e+16
8651	9.073310e+15	5.735793e+00	1.484690e+01	1.212252e+17
8652	9.074727e+15	5.840179e+00	1.506659e+01	1.035358e+17
8653	9.076428e+15	8.399019e+00	2.349663e+01	1.385154e+17
8654	9.077971e+15	6.095773e+00	2.572963e+01	1.712452e+17
8655	9.079437e+15	5.631959e+00	3.212506e+01	1.579622e+17
8656	9.080724e+15	5.503597e+00	3.697005e+01	9.977044e+16
8657	9.081861e+15	4.880401e+00	3.867446e+01	1.096547e+17
8658	9.082961e+15	4.338948e+00	4.280418e+01	9.018412e+16
8659	9.084030e+15	4.508622e+00	4.763542e+01	8.232338e+16
8660	9.085040e+15	4.188969e+00	4.825278e+01	4.640320e+16
8661	9.086041e+15	5.097178e+00	5.757649e+01	5.594989e+16
8662	9.086934e+15	5.470903e+00	5.645759e+01	5.322112e+16
8663	9.087761e+15	6.279014e+00	5.881896e+01	5.217115e+16
8664	9.088514e+15	7.304829e+00	5.750695e+01	4.518812e+16
8665	9.089218e+15	8.183941e+00	5.551028e+01	2.375925e+16
8666	9.089896e+15	9.362625e+00	5.539395e+01	4.494782e+16
8667	9.090540e+15	1.061219e+01	5.432259e+01	5.098891e+16
8668	9.091151e+15	1.280998e+01	5.334723e+01	5.479783e+16
8669	9.091726e+15	1.443097e+01	4.786534e+01	4.487556e+16
8670	9.092296e+15	1.559072e+01	4.759830e+01	5.159553e+16
8671	9.092855e+15	1.762518e+01	4.803970e+01	3.639773e+16
8672	9.093389e+15	1.694888e+01	4.403795e+01	3.541549e+16
8673	9.093924e+15	1.843692e+01	4.461655e+01	3.804564e+16
8674	9.094451e+15	1.985731e+01	4.623254e+01	4.257941e+16
8675	9.094951e+15	1.903054e+01	4.346765e+01	2.546122e+16
8676	9.095444e+15	2.056305e+01	4.373934e+01	4.347686e+16
8677	9.095925e+15	2.260995e+01	4.445161e+01	4.205154e+16
8678	9.096379e+15	1.862176e+01	3.769108e+01	1.724499e+16
8679	9.096860e+15	2.100166e+01	4.268484e+01	3.035104e+16
8680	9.097329e+15	2.494304e+01	4.753991e+01	2.613059e+16
8681	9.097749e+15	2.099541e+01	4.101220e+01	3.121674e+16
8682	9.098171e+15	2.447448e+01	4.537726e+01	2.529940e+16
8683	9.098556e+15	2.519784e+01	4.016593e+01	3.185541e+16
8684	9.098940e+15	2.684448e+01	4.140978e+01	2.350114e+16
8685	9.099311e+15	2.663422e+01	4.113894e+01	3.024259e+16
8686	9.099668e+15	2.615672e+01	3.894318e+01	2.064114e+16
8687	9.100028e+15	2.791192e+01	4.120997e+01	2.135491e+16
8688	9.100372e+15	2.937775e+01	4.068495e+01	2.185436e+16
8689	9.100702e+15	2.595330e+01	3.632023e+01	2.042295e+16
8690	9.101044e+15	2.762362e+01	3.851589e+01	1.718593e+16
8691	9.101379e+15	2.944847e+01	3.757852e+01	1.194485e+16
8692	9.101712e+15	2.923987e+01	3.571800e+01	1.755927e+16
8693	9.102056e+15	2.907992e+01	3.535906e+01	3.317758e+16
8694	9.102405e+15	2.579447e+01	3.353167e+01	3.095191e+16
8695	9.102772e+15	2.709088e+01	3.533931e+01	3.245943e+16
8696	9.103137e+15	2.111419e+01	2.725398e+01	2.578526e+16
8697	9.103575e+15	1.976167e+01	3.219885e+01	2.455161e+16
8698	9.104053e+15	2.365708e+01	3.902177e+01	3.595926e+16
8699	9.104495e+15	2.032998e+01	3.154067e+01	2.440852e+16
8700	9.104979e+15	2.278536e+01	4.083574e+01	1.745837e+16
8701	9.105415e+15	1.807029e+01	3.365203e+01	2.629129e+16
8702	9.105875e+15	1.946382e+01	3.720950e+01	2.777867e+16
8703	9.106325e+15	2.181358e+01	4.076629e+01	1.931160e+16
8704	9.106733e+15	2.042133e+01	3.604213e+01	1.841896e+16
8705	9.107146e+15	2.148771e+01	3.682181e+01	2.479506e+16
8706	9.107556e+15	1.926087e+01	3.392228e+01	2.887494e+16
8707	9.107984e+15	2.116944e+01	3.724656e+01	2.001193e+16
8708	9.108399e+15	2.286660e+01	3.691688e+01	3.500644e+16
8709	9.108798e+15	1.712050e+01	2.693006e+01	1.669198e+16
8710	9.109274e+15	2.045033e+01	3.384343e+01	1.401449e+16
8711	9.109760e+15	2.210246e+01	3.685845e+01	2.395114e+16
8712	9.110223e+15	1.843358e+01	3.345275e+01	2.673975e+16
8713	9.110698e+15	2.096739e+01	3.732761e+01	1.705051e+16
8714	9.111136e+15	1.996340e+01	3.218367e+01	1.402504e+16
8715	9.111582e+15	2.001493e+01	3.326011e+01	1.997593e+16
8716	9.112021e+15	1.894546e+01	3.318520e+01	1.277433e+16
8717	9.112449e+15	1.595981e+01	2.826219e+01	1.716432e+16
8718	9.112918e+15	1.988891e+01	3.497705e+01	1.442323e+16
8719	9.113344e+15	1.771850e+01	2.894222e+01	2.119008e+16
8720	9.113787e+15	1.658828e+01	2.745096e+01	2.448619e+16
8721	9.114259e+15	1.579308e+01	2.823474e+01	2.134837e+16
8722	9.114741e+15	1.353568e+01	2.389249e+01	1.984034e+16
8723	9.115271e+15	1.467448e+01	2.575742e+01	2.133012e+16
8724	9.115808e+15	1.221962e+01	2.176038e+01	1.949749e+16
8725	9.116417e+15	1.209251e+01	2.450932e+01	2.869887e+16
8726	9.117033e+15	2.593912e+01	4.818437e+01	2.773068e+16
8727	9.117385e+15	1.786126e+01	2.129392e+01	1.559397e+16
8728	9.117777e+15	1.803573e+01	2.229097e+01	1.439405e+16
8729	9.118195e+15	1.351669e+01	1.862672e+01	1.104402e+16
8730	9.118695e+15	1.298583e+01	2.195781e+01	2.037191e+16
8731	9.119225e+15	1.291954e+01	2.311795e+01	2.743825e+16
8732	9.119755e+15	1.313308e+01	2.307724e+01	2.314631e+16
8733	9.120273e+15	1.188267e+01	2.076817e+01	3.428549e+16
8734	9.120807e+15	1.239369e+01	2.151162e+01	2.515823e+16
8735	9.121335e+15	1.246102e+01	2.037166e+01	2.313757e+16
8736	9.121874e+15	1.297274e+01	2.021581e+01	1.841418e+16
8737	9.122426e+15	1.397759e+01	2.003244e+01	4.420020e+16
8738	9.122983e+15	1.471481e+01	1.975466e+01	4.104348e+16
8739	9.123543e+15	1.410256e+01	1.846363e+01	2.045642e+16
8740	9.124129e+15	1.295275e+01	1.759745e+01	2.348843e+16
8741	9.124755e+15	1.107454e+01	1.467210e+01	3.262751e+16
8742	9.125506e+15	1.145905e+01	1.666534e+01	6.099663e+16
8743	9.126334e+15	1.385492e+01	2.155866e+01	4.679828e+16
8744	9.127073e+15	1.357567e+01	2.025008e+01	2.311364e+16
8745	9.127764e+15	1.462056e+01	2.196651e+01	3.346981e+16
8746	9.128358e+15	1.245052e+01	1.773277e+01	1.648947e+16
8747	9.128970e+15	1.468485e+01	1.990278e+01	1.739922e+16
8748	9.129534e+15	1.415169e+01	1.719087e+01	2.095339e+16
8749	9.130107e+15	1.622415e+01	1.980714e+01	1.979914e+16
8750	9.130622e+15	1.492261e+01	1.732696e+01	1.806656e+16
8751	9.131132e+15	1.433380e+01	1.578528e+01	1.776251e+16
8752	9.131672e+15	1.490557e+01	1.677254e+01	1.970905e+16
8753	9.132214e+15	1.463497e+01	1.652856e+01	1.792232e+16
8754	9.132753e+15	1.246438e+01	1.440631e+01	2.331254e+16
8755	9.133335e+15	1.321206e+01	1.524343e+01	1.306975e+16
8756	9.133933e+15	1.337542e+01	1.514643e+01	3.060937e+16
8757	9.134550e+15	1.067588e+01	1.168944e+01	9.924078e+15
8758	9.135289e+15	9.630086e+00	1.379813e+01	8.570639e+15
8759	9.136082e+15	1.038364e+01	1.547730e+01	2.781693e+16
8760	9.136870e+15	8.723562e+00	1.503121e+01	1.834124e+16
8761	9.137671e+15	8.284776e+00	1.668714e+01	2.385978e+16
8762	9.138421e+15	7.664229e+00	1.503110e+01	2.132186e+16
8763	9.139179e+15	8.018098e+00	1.552843e+01	1.879130e+16
8764	9.139908e+15	8.930545e+00	1.570821e+01	1.699885e+16
8765	9.140576e+15	9.088894e+00	1.551901e+01	1.634976e+16
8766	9.141217e+15	9.334071e+00	1.516191e+01	1.127226e+16
8767	9.141835e+15	9.900869e+00	1.552161e+01	9.278066e+15
8768	9.142423e+15	1.191952e+01	1.746861e+01	9.664464e+15
8769	9.142938e+15	1.179435e+01	1.695101e+01	1.331228e+16
8770	9.143394e+15	1.179284e+01	1.791957e+01	6.199057e+15
8771	9.143791e+15	1.035276e+01	1.587762e+01	9.209411e+15
8772	9.144172e+15	1.109802e+01	1.694618e+01	9.535654e+15
8773	9.144517e+15	1.037590e+01	1.436064e+01	9.978034e+15
8774	9.144863e+15	1.143700e+01	1.462923e+01	6.603513e+15
8775	9.145211e+15	1.362660e+01	1.642439e+01	7.353910e+15
8776	9.145538e+15	1.526969e+01	1.493824e+01	1.312205e+16
8777	9.145871e+15	1.592919e+01	1.449231e+01	1.518070e+16
8778	9.146217e+15	1.439026e+01	1.356684e+01	1.219654e+16
8779	9.146591e+15	1.327535e+01	1.306590e+01	1.040898e+16
8780	9.147002e+15	1.276646e+01	1.279482e+01	5.804636e+15
8781	9.147444e+15	1.028796e+01	1.080843e+01	1.638407e+16
8782	9.147974e+15	8.396282e+00	1.044805e+01	8.033544e+15
8783	9.148610e+15	7.379302e+00	1.020503e+01	2.204505e+16
8784	9.149374e+15	6.770055e+00	1.025857e+01	2.133995e+16
8785	9.150290e+15	5.117102e+00	1.003655e+01	2.485857e+16
8786	9.151390e+15	3.840557e+00	9.948287e+00	2.876592e+16
8787	9.152709e+15	3.906198e+00	1.250734e+01	2.397677e+16
8788	9.154065e+15	2.991826e+00	9.945095e+00	2.428483e+16
8789	9.155691e+15	2.401464e+00	9.687504e+00	4.366870e+16
8790	9.157644e+15	1.600385e+00	9.539338e+00	3.850833e+16
8791	9.159986e+15	2.397596e+00	1.736731e+01	6.171843e+16
8792	9.161792e+15	1.993527e+00	1.620906e+01	3.677876e+16
8793	9.163290e+15	1.622420e+00	1.431249e+01	4.832567e+16
8794	9.164664e+15	1.746230e+00	1.613039e+01	2.955471e+16
8795	9.165849e+15	1.511283e+00	1.626008e+01	2.467802e+16
8796	9.166954e+15	1.424022e+00	1.548654e+01	2.251895e+16
8797	9.168044e+15	1.417111e+00	1.577884e+01	3.012943e+16
8798	9.169129e+15	1.321469e+00	1.470753e+01	2.803443e+16
8799	9.170286e+15	1.901200e+00	2.032878e+01	4.644459e+16
8800	9.171260e+15	1.758386e+00	1.616904e+01	5.480954e+16
8801	9.172259e+15	2.571223e+00	1.730450e+01	4.158269e+16
8802	9.173258e+15	3.139648e+00	1.844299e+01	8.132936e+16
8803	9.174220e+15	3.100476e+00	1.617338e+01	5.884242e+16
8804	9.175287e+15	3.388477e+00	1.733536e+01	6.434142e+16
8805	9.176425e+15	3.618747e+00	1.894398e+01	5.830657e+16
8806	9.177563e+15	4.661220e+00	2.347030e+01	6.849122e+16
8807	9.178530e+15	3.945216e+00	1.668685e+01	5.065653e+16
8808	9.179613e+15	5.805959e+00	2.434873e+01	2.734558e+16
8809	9.180530e+15	6.419600e+00	2.482090e+01	2.712020e+16
8810	9.181338e+15	6.489247e+00	2.616619e+01	2.874611e+16
8811	9.182041e+15	6.784066e+00	2.705813e+01	2.196512e+16
8812	9.182650e+15	5.664431e+00	2.273393e+01	1.911682e+16
8813	9.183267e+15	6.894503e+00	2.842447e+01	1.596727e+16
8814	9.183799e+15	6.491678e+00	2.671915e+01	3.904069e+16
8815	9.184294e+15	6.892614e+00	2.594451e+01	2.414331e+16
8816	9.184767e+15	9.769195e+00	2.838043e+01	1.895111e+16
8817	9.185190e+15	1.147352e+01	2.566280e+01	1.362129e+16
8818	9.185600e+15	1.332518e+01	2.649984e+01	1.673546e+16
8819	9.185990e+15	1.386054e+01	2.548009e+01	1.195124e+16
8820	9.186372e+15	1.348921e+01	2.403878e+01	1.938878e+16
8821	9.186764e+15	1.319168e+01	2.342963e+01	2.247722e+16
8822	9.187172e+15	1.248677e+01	2.409224e+01	2.696107e+16
8823	9.187587e+15	1.206199e+01	2.349252e+01	1.343093e+16
8824	9.188014e+15	1.147751e+01	2.177909e+01	2.080771e+16
8825	9.188485e+15	1.186949e+01	2.102173e+01	2.124705e+16
8826	9.189007e+15	1.251096e+01	2.088307e+01	1.933990e+16
8827	9.189590e+15	1.329340e+01	2.199280e+01	1.847525e+16
8828	9.190216e+15	1.057797e+01	1.965469e+01	1.863784e+16
8829	9.190950e+15	9.010717e+00	1.937080e+01	3.346247e+16
8830	9.191830e+15	7.587432e+00	1.970597e+01	7.338757e+16
8831	9.192886e+15	6.655482e+00	2.009819e+01	3.690578e+16
8832	9.194153e+15	6.268955e+00	2.033515e+01	4.776007e+16
8833	9.195674e+15	5.534371e+00	2.025911e+01	6.535101e+16
8834	9.197500e+15	5.017251e+00	2.094708e+01	6.200131e+16
8835	9.199687e+15	8.080863e+00	3.847674e+01	6.707926e+16
8836	9.201361e+15	4.739015e+00	2.249377e+01	5.575746e+16
8837	9.203296e+15	6.205795e+00	3.059594e+01	4.119028e+16
8838	9.205070e+15	5.773943e+00	3.044451e+01	4.364292e+16
8839	9.206664e+15	5.495112e+00	3.034119e+01	3.934009e+16
8840	9.208100e+15	4.893106e+00	2.758063e+01	2.594963e+16
8841	9.209454e+15	4.944609e+00	2.655426e+01	2.319363e+16
8842	9.210721e+15	5.354980e+00	2.597742e+01	2.640801e+16
8843	9.211881e+15	4.631108e+00	2.134217e+01	1.547344e+16
8844	9.213069e+15	5.628170e+00	2.331663e+01	1.607796e+16
8845	9.214161e+15	5.361531e+00	1.970776e+01	2.698449e+16
8846	9.215255e+15	6.321258e+00	1.970848e+01	2.813571e+16
8847	9.216302e+15	5.304937e+00	1.377367e+01	4.025312e+16
8848	9.217548e+15	5.738861e+00	1.511887e+01	2.014945e+16
8849	9.218896e+15	6.495717e+00	1.770447e+01	3.360468e+16
8850	9.220154e+15	4.850709e+00	1.185433e+01	1.720585e+16
8851	9.221663e+15	6.265806e+00	1.567070e+01	2.218604e+16
8852	9.223087e+15	5.239320e+00	1.128100e+01	2.377314e+16
8853	9.224702e+15	6.686441e+00	1.442948e+01	5.399892e+16
8854	9.226222e+15	5.118633e+00	1.056517e+01	1.911109e+16
8855	9.227991e+15	7.776439e+00	1.686429e+01	7.140346e+16
8856	9.229479e+15	4.738176e+00	1.011455e+01	4.730341e+16
8857	9.231257e+15	5.517539e+00	1.301428e+01	5.541210e+16
8858	9.233040e+15	4.561551e+00	1.157118e+01	5.945113e+16
8859	9.235014e+15	5.509213e+00	1.614721e+01	6.102667e+16
8860	9.236766e+15	4.596456e+00	1.442453e+01	8.105313e+16
8861	9.238501e+15	3.744415e+00	1.262114e+01	5.954475e+16
8862	9.240430e+15	4.841934e+00	1.921691e+01	8.413654e+16
8863	9.242027e+15	3.619750e+00	1.464208e+01	7.103984e+16
8864	9.243716e+15	4.925091e+00	1.843019e+01	7.664746e+16
8865	9.245267e+15	4.091228e+00	1.516211e+01	6.219548e+16
8866	9.246968e+15	5.607713e+00	2.064317e+01	7.285900e+16
8867	9.248475e+15	5.234597e+00	1.842885e+01	7.567384e+16
8868	9.249975e+15	1.832359e+01	6.890149e+01	7.323639e+16
8869	9.250483e+15	5.502025e+00	1.632642e+01	2.554293e+16
8870	9.251092e+15	7.985103e+00	2.087181e+01	3.523983e+16
8871	9.251699e+15	7.611832e+00	1.620638e+01	2.287809e+16
8872	9.252428e+15	7.053191e+00	1.598403e+01	3.106181e+16
8873	9.253302e+15	6.061332e+00	1.586221e+01	2.818061e+16
8874	9.254352e+15	5.718228e+00	1.586280e+01	1.561627e+16
8875	9.255611e+15	5.195221e+00	1.777135e+01	3.102471e+16
8876	9.256999e+15	6.309252e+00	2.301700e+01	2.835578e+16
8877	9.258277e+15	6.491129e+00	2.356734e+01	3.491124e+16
8878	9.259458e+15	6.949486e+00	2.633203e+01	2.642689e+16
8879	9.260468e+15	5.942978e+00	2.326998e+01	4.305378e+16
8880	9.261430e+15	5.692830e+00	2.288521e+01	2.302508e+16
8881	9.262362e+15	5.768628e+00	2.276621e+01	2.598796e+16
8882	9.263266e+15	6.902594e+00	2.524038e+01	1.578384e+16
8883	9.264071e+15	6.964989e+00	2.295304e+01	2.033686e+16
8884	9.264852e+15	8.193387e+00	2.345517e+01	1.958880e+16
8885	9.265592e+15	8.580993e+00	2.156255e+01	2.154006e+16
8886	9.266337e+15	1.131088e+01	2.454299e+01	2.533649e+16
8887	9.267003e+15	1.006930e+01	1.935866e+01	1.660472e+16
8888	9.267718e+15	1.244515e+01	2.244211e+01	2.016470e+16
8889	9.268404e+15	1.123612e+01	2.122240e+01	3.254506e+16
8890	9.269090e+15	9.861094e+00	2.007737e+01	1.898590e+16
8891	9.269799e+15	1.131703e+01	2.265896e+01	1.990757e+16
8892	9.270462e+15	1.168202e+01	2.197015e+01	2.092270e+16
8893	9.271098e+15	1.086794e+01	1.962600e+01	1.716257e+16
8894	9.271764e+15	1.212995e+01	2.151473e+01	1.642406e+16
8895	9.272407e+15	1.198748e+01	2.069521e+01	6.564804e+15
8896	9.273037e+15	1.148335e+01	1.904725e+01	1.368548e+16
8897	9.273688e+15	1.151363e+01	1.977728e+01	3.099036e+16
8898	9.274328e+15	9.827138e+00	1.668308e+01	2.173847e+16
8899	9.275031e+15	1.148172e+01	1.933842e+01	2.538259e+16
8900	9.275722e+15	1.020624e+01	1.729072e+01	2.271997e+16
8901	9.276467e+15	8.774259e+00	1.566303e+01	2.335187e+16
8902	9.277327e+15	1.134402e+01	2.122568e+01	3.015019e+16
8903	9.278117e+15	8.866488e+00	1.554824e+01	2.615497e+16
8904	9.279039e+15	1.144962e+01	2.253624e+01	3.158826e+16
8905	9.279845e+15	9.398829e+00	1.908687e+01	4.049496e+16
8906	9.280648e+15	9.504372e+00	2.078856e+01	2.059906e+16
8907	9.281395e+15	9.573007e+00	2.110766e+01	1.590986e+16
8908	9.282081e+15	8.969370e+00	1.872315e+01	1.722767e+16
8909	9.282767e+15	1.006154e+01	1.862728e+01	1.832258e+16
8910	9.283444e+15	1.139021e+01	1.880395e+01	2.935007e+16
8911	9.284089e+15	1.059159e+01	1.641806e+01	1.700531e+16
8912	9.284753e+15	1.103652e+01	1.671725e+01	1.382040e+16
8913	9.285424e+15	1.178214e+01	1.733782e+01	1.766922e+16
8914	9.286086e+15	1.196777e+01	1.759534e+01	1.857010e+16
8915	9.286736e+15	1.194771e+01	1.711396e+01	2.867556e+16
8916	9.287391e+15	1.124634e+01	1.725992e+01	2.261964e+16
8917	9.288054e+15	1.210327e+01	1.859158e+01	1.693381e+16
8918	9.288694e+15	1.134837e+01	1.659634e+01	2.359430e+16
8919	9.289360e+15	1.112256e+01	1.659714e+01	2.526068e+16
8920	9.290047e+15	1.244526e+01	1.796860e+01	2.835973e+16
8921	9.290713e+15	1.120777e+01	1.688660e+01	2.547136e+16
8922	9.291390e+15	1.154489e+01	1.718182e+01	2.154290e+16
8923	9.292067e+15	1.156984e+01	1.683405e+01	1.975206e+16
8924	9.292750e+15	1.076734e+01	1.677368e+01	1.481688e+16
8925	9.293439e+15	1.071845e+01	1.691581e+01	1.687108e+16
8926	9.294127e+15	1.013802e+01	1.688506e+01	3.144057e+16
8927	9.294812e+15	9.657986e+00	1.641320e+01	1.660807e+16
8928	9.295508e+15	9.449023e+00	1.709200e+01	2.302761e+16
8929	9.296202e+15	8.818342e+00	1.608003e+01	3.355160e+16
8930	9.296928e+15	8.918935e+00	1.637912e+01	1.759736e+16
8931	9.297686e+15	1.030406e+01	1.942917e+01	3.170814e+16
8932	9.298391e+15	9.663317e+00	1.823862e+01	1.620611e+16
8933	9.299089e+15	9.200628e+00	1.843203e+01	2.452078e+16
8934	9.299777e+15	9.813090e+00	1.830372e+01	1.348594e+16
8935	9.300456e+15	1.055985e+01	1.848677e+01	2.248445e+16
8936	9.301120e+15	1.000665e+01	1.750875e+01	2.552282e+16
8937	9.301797e+15	1.046499e+01	1.832632e+01	3.351143e+16
8938	9.302464e+15	1.028151e+01	1.775536e+01	1.897992e+16
8939	9.303135e+15	1.024866e+01	1.746465e+01	2.083815e+16
8940	9.303822e+15	1.130479e+01	1.910994e+01	2.930403e+16
8941	9.304481e+15	1.084680e+01	1.794977e+01	1.427587e+16
8942	9.305146e+15	1.103870e+01	1.776932e+01	2.558441e+16
8943	9.305822e+15	1.213673e+01	1.861887e+01	2.430083e+16
8944	9.306478e+15	1.103440e+01	1.701262e+01	1.903868e+16
8945	9.307159e+15	1.209349e+01	1.838601e+01	1.672046e+16
8946	9.307824e+15	1.130613e+01	1.738894e+01	2.756791e+16
8947	9.308498e+15	1.018878e+01	1.452762e+01	1.660257e+16
8948	9.309252e+15	1.082646e+01	1.577434e+01	1.614528e+16
8949	9.310061e+15	1.147737e+01	1.841604e+01	1.408779e+16
8950	9.310836e+15	1.023660e+01	1.716843e+01	3.400725e+16
8951	9.311628e+15	1.073147e+01	1.993239e+01	3.542121e+16
8952	9.312352e+15	8.791934e+00	1.779431e+01	2.148044e+16
8953	9.313078e+15	7.534923e+00	1.643182e+01	1.088447e+16
8954	9.313849e+15	8.918665e+00	2.005291e+01	1.997903e+16
8955	9.314544e+15	6.593823e+00	1.476619e+01	1.297878e+16
8956	9.315325e+15	7.919187e+00	1.746387e+01	1.089314e+16
8957	9.316104e+15	6.629126e+00	1.438020e+01	1.635938e+16
8958	9.316979e+15	7.775351e+00	1.952600e+01	2.856715e+16
8959	9.317780e+15	8.649588e+00	1.977884e+01	2.505866e+16
8960	9.318509e+15	8.933785e+00	1.852292e+01	1.889776e+16
8961	9.319205e+15	8.866486e+00	1.877820e+01	1.565977e+16
8962	9.319852e+15	8.752185e+00	1.726304e+01	1.309845e+16
8963	9.320483e+15	7.927135e+00	1.261317e+01	2.110638e+16
8964	9.321230e+15	9.625201e+00	1.534193e+01	2.403701e+16
8965	9.322014e+15	1.217692e+01	2.013727e+01	2.838131e+16
8966	9.322681e+15	8.171172e+00	1.300138e+01	1.555506e+16
8967	9.323467e+15	9.364770e+00	1.709060e+01	1.093114e+16
8968	9.324251e+15	1.080938e+01	1.893325e+01	2.658530e+16
8969	9.324962e+15	7.750646e+00	1.431168e+01	1.922474e+16
8970	9.325773e+15	8.881819e+00	1.650258e+01	3.300637e+16
8971	9.326607e+15	1.092197e+01	1.953898e+01	3.037505e+16
8972	9.327357e+15	9.757059e+00	1.718947e+01	1.999149e+16
8973	9.328105e+15	1.035244e+01	1.745049e+01	2.550468e+16
8974	9.328833e+15	1.056737e+01	1.647771e+01	2.619314e+16
8975	9.329564e+15	1.136859e+01	1.719366e+01	2.927547e+16
8976	9.330269e+15	1.106553e+01	1.693597e+01	1.516494e+16
8977	9.330966e+15	1.136319e+01	1.726813e+01	2.287046e+16
8978	9.331652e+15	1.196628e+01	1.806187e+01	2.101076e+16
8979	9.332304e+15	1.188606e+01	1.763695e+01	2.803475e+16
8980	9.332936e+15	1.173946e+01	1.663343e+01	3.049368e+16
8981	9.333581e+15	1.248558e+01	1.824924e+01	1.933858e+16
8982	9.334202e+15	1.225731e+01	1.835707e+01	1.710920e+16
8983	9.334807e+15	1.125366e+01	1.790958e+01	1.924195e+16
8984	9.335427e+15	1.355253e+01	2.038300e+01	3.284289e+16
8985	9.336000e+15	1.351004e+01	1.939391e+01	1.974795e+16
8986	9.336567e+15	1.536995e+01	2.223408e+01	1.980166e+16
8987	9.337075e+15	1.600665e+01	2.300564e+01	2.078611e+16
8988	9.337528e+15	1.547377e+01	2.369986e+01	1.068909e+16
8989	9.337936e+15	1.592719e+01	2.272255e+01	1.285625e+16
8990	9.338321e+15	1.607430e+01	2.225907e+01	2.390410e+16
8991	9.338691e+15	1.683209e+01	2.306858e+01	2.384214e+16
8992	9.339037e+15	1.888870e+01	2.204681e+01	1.407889e+16
8993	9.339371e+15	2.083075e+01	2.173146e+01	7.952696e+15
8994	9.339700e+15	2.295631e+01	2.157521e+01	8.596072e+15
8995	9.340023e+15	2.471030e+01	2.138621e+01	1.647526e+16
8996	9.340342e+15	2.499958e+01	2.051437e+01	6.554254e+15
8997	9.340660e+15	2.378143e+01	1.979421e+01	1.791000e+16
8998	9.340983e+15	2.609121e+01	1.979736e+01	1.474086e+16
8999	9.341307e+15	2.580741e+01	1.786013e+01	1.996892e+16
9000	9.341643e+15	2.401516e+01	1.724931e+01	2.549202e+16
9001	9.342004e+15	2.432749e+01	1.838891e+01	1.818373e+16
9002	9.342373e+15	2.141308e+01	1.763354e+01	3.136289e+16
9003	9.342762e+15	2.116758e+01	1.829521e+01	2.908795e+16
9004	9.343164e+15	1.989258e+01	1.762079e+01	2.501097e+16
9005	9.343589e+15	1.675405e+01	1.625800e+01	2.527031e+16
9006	9.344063e+15	1.724779e+01	1.727217e+01	3.482839e+16
9007	9.344564e+15	1.495661e+01	1.601010e+01	2.692708e+16
9008	9.345123e+15	1.208828e+01	1.439439e+01	2.028098e+16
9009	9.345794e+15	1.155813e+01	1.723124e+01	4.347049e+16
9010	9.346520e+15	9.386116e+00	1.735113e+01	2.311971e+16
9011	9.347320e+15	8.901202e+00	1.850566e+01	3.228267e+16
9012	9.348162e+15	1.113784e+01	2.389432e+01	2.275247e+16
9013	9.348886e+15	8.695765e+00	1.919427e+01	3.281906e+16
9014	9.349638e+15	1.118553e+01	2.348553e+01	4.544677e+16
9015	9.350302e+15	9.835923e+00	1.871831e+01	3.063414e+16
9016	9.351004e+15	1.297942e+01	2.328003e+01	2.779569e+16
9017	9.351626e+15	1.112979e+01	1.906018e+01	1.826383e+16
9018	9.352269e+15	1.168520e+01	1.957481e+01	2.223367e+16
9019	9.352920e+15	1.273182e+01	2.081623e+01	1.927959e+16
9020	9.353544e+15	1.096602e+01	1.788245e+01	1.320751e+16
9021	9.354216e+15	1.227441e+01	2.080367e+01	2.771730e+16
9022	9.354863e+15	9.851303e+00	1.787899e+01	1.549794e+16
9023	9.355560e+15	1.044792e+01	1.966245e+01	1.832001e+16
9024	9.356259e+15	1.089642e+01	2.012943e+01	2.825472e+16
9025	9.356957e+15	9.619404e+00	1.939035e+01	2.356983e+16
9026	9.357678e+15	9.525722e+00	2.067724e+01	3.445590e+16
9027	9.358385e+15	1.043487e+01	2.099870e+01	1.845865e+16
9028	9.359064e+15	9.376855e+00	1.953056e+01	2.474023e+16
9029	9.359761e+15	9.640666e+00	2.056672e+01	2.942365e+16
9030	9.360458e+15	8.878837e+00	2.034982e+01	1.170423e+16
9031	9.361169e+15	8.005533e+00	1.888281e+01	2.374812e+16
9032	9.361944e+15	1.039872e+01	2.438746e+01	3.578848e+16
9033	9.362642e+15	7.938982e+00	1.983277e+01	2.677577e+16
9034	9.363394e+15	9.480401e+00	2.312901e+01	3.413860e+16
9035	9.364117e+15	9.357663e+00	2.643298e+01	2.736344e+16
9036	9.364749e+15	8.659187e+00	2.204574e+01	1.117107e+16
9037	9.365398e+15	9.049046e+00	2.288818e+01	2.448363e+16
9038	9.366045e+15	8.892284e+00	2.225111e+01	3.447597e+16
9039	9.366705e+15	1.066668e+01	2.284110e+01	2.540879e+16
9040	9.367358e+15	1.030675e+01	2.118081e+01	1.911382e+16
9041	9.368038e+15	9.600619e+00	2.163493e+01	2.746693e+16
9042	9.368727e+15	9.526354e+00	2.191435e+01	2.520777e+16
9043	9.369407e+15	1.065200e+01	2.211613e+01	2.913515e+16
9044	9.370071e+15	1.038612e+01	2.157603e+01	3.203034e+16
9045	9.370730e+15	1.021662e+01	2.117418e+01	1.070438e+16
9046	9.371395e+15	1.046639e+01	2.216404e+01	2.401566e+16
9047	9.372052e+15	1.048135e+01	2.228456e+01	3.167574e+16
9048	9.372703e+15	9.729178e+00	2.223767e+01	1.901426e+16
9049	9.373360e+15	8.528308e+00	1.790380e+01	2.295091e+16
9050	9.374120e+15	8.765944e+00	2.080676e+01	2.453126e+16
9051	9.374928e+15	1.031229e+01	2.527652e+01	4.088666e+16
9052	9.375671e+15	8.003048e+00	2.123884e+01	1.150100e+16
9053	9.376466e+15	8.912188e+00	2.651439e+01	2.428727e+16
9054	9.377192e+15	8.878496e+00	2.374556e+01	1.967742e+16
9055	9.377925e+15	9.107037e+00	2.231396e+01	1.768228e+16
9056	9.378688e+15	1.115551e+01	2.518892e+01	3.260769e+16
9057	9.379393e+15	9.406768e+00	1.796522e+01	1.055297e+16
9058	9.380240e+15	1.297877e+01	2.766035e+01	3.092869e+16
9059	9.380984e+15	1.159497e+01	2.177160e+01	2.783905e+16
9060	9.381770e+15	1.082356e+01	2.204972e+01	2.084528e+16
9061	9.382617e+15	1.232068e+01	2.811770e+01	2.578592e+16
9062	9.383389e+15	1.252920e+01	2.531325e+01	1.275721e+16
9063	9.384123e+15	1.187708e+01	2.522734e+01	2.128549e+16
9064	9.384830e+15	1.254157e+01	2.604908e+01	1.541041e+16
9065	9.385478e+15	1.188817e+01	2.317962e+01	2.926214e+16
9066	9.386110e+15	1.225911e+01	2.179168e+01	1.318317e+16
9067	9.386738e+15	1.363914e+01	2.184164e+01	1.923457e+16
9068	9.387341e+15	1.165611e+01	1.710563e+01	1.237314e+16
9069	9.388017e+15	1.065806e+01	1.686901e+01	2.435949e+16
9070	9.388807e+15	1.599321e+01	2.646273e+01	3.059839e+16
9071	9.389434e+15	1.116744e+01	1.530074e+01	8.363694e+15
9072	9.390186e+15	1.453300e+01	2.087465e+01	2.760475e+16
9073	9.390887e+15	1.176129e+01	1.780567e+01	1.441214e+16
9074	9.391612e+15	1.225753e+01	1.970509e+01	2.294334e+16
9075	9.392308e+15	1.090329e+01	1.766775e+01	1.315582e+16
9076	9.393026e+15	1.275019e+01	1.916889e+01	3.263421e+16
9077	9.393720e+15	1.372884e+01	1.961651e+01	3.322618e+16
9078	9.394380e+15	1.385142e+01	1.908790e+01	4.549780e+15
9079	9.395016e+15	1.427901e+01	1.813510e+01	1.698696e+16
9080	9.395650e+15	1.473514e+01	1.872236e+01	1.896976e+16
9081	9.396255e+15	1.365633e+01	1.726778e+01	1.235440e+16
9082	9.396859e+15	1.357093e+01	1.679911e+01	1.720088e+16
9083	9.397475e+15	1.257141e+01	1.624143e+01	2.432650e+16
9084	9.398112e+15	1.000471e+01	1.284578e+01	2.338169e+16
9085	9.398875e+15	9.391611e+00	1.556237e+01	2.404446e+16
9086	9.399685e+15	9.036115e+00	1.603074e+01	3.018532e+16
9087	9.400536e+15	7.216840e+00	1.547079e+01	3.012155e+16
9088	9.401479e+15	9.102832e+00	2.168190e+01	4.248903e+16
9089	9.402301e+15	7.001070e+00	1.681744e+01	3.260418e+16
9090	9.403195e+15	8.841659e+00	2.251615e+01	3.449648e+16
9091	9.403972e+15	8.656655e+00	1.972277e+01	2.654679e+16
9092	9.404738e+15	1.056511e+01	2.155485e+01	1.089252e+16
9093	9.405439e+15	9.659731e+00	1.856162e+01	3.799578e+16
9094	9.406155e+15	1.200546e+01	2.084900e+01	2.040483e+16
9095	9.406822e+15	1.276140e+01	1.985183e+01	1.250566e+16
9096	9.407463e+15	1.192771e+01	1.760749e+01	1.447793e+16
9097	9.408137e+15	1.122704e+01	1.652196e+01	1.976971e+16
9098	9.408884e+15	1.095976e+01	1.810229e+01	3.256591e+16
9099	9.409670e+15	1.112014e+01	1.983888e+01	2.886648e+16
9100	9.410439e+15	1.033981e+01	1.774333e+01	1.825233e+16
9101	9.411259e+15	9.707164e+00	1.729083e+01	4.414635e+16
9102	9.412125e+15	1.144659e+01	1.895863e+01	1.755653e+16
9103	9.412978e+15	9.739283e+00	1.760190e+01	2.229864e+16
9104	9.413870e+15	1.156373e+01	2.160149e+01	3.058285e+16
9105	9.414689e+15	1.096108e+01	2.041184e+01	2.150816e+16
9106	9.415479e+15	1.137240e+01	2.031593e+01	1.830754e+16
9107	9.416253e+15	1.132763e+01	2.116961e+01	2.712534e+16
9108	9.416988e+15	1.077151e+01	2.020401e+01	2.484238e+16
9109	9.417718e+15	1.160620e+01	2.163109e+01	2.657186e+16
9110	9.418409e+15	1.154633e+01	2.082956e+01	2.111262e+16
9111	9.419080e+15	1.240142e+01	2.100888e+01	2.251506e+16
9112	9.419725e+15	1.350300e+01	2.040821e+01	2.034923e+16
9113	9.420348e+15	1.267152e+01	1.886837e+01	2.008316e+16
9114	9.420985e+15	1.334876e+01	1.882600e+01	2.013146e+16
9115	9.421634e+15	1.303346e+01	1.879299e+01	2.759800e+16
9116	9.422298e+15	1.324981e+01	1.920692e+01	3.011933e+16
9117	9.422967e+15	1.272196e+01	1.877039e+01	2.295086e+16
9118	9.423656e+15	1.164975e+01	1.832955e+01	2.169639e+16
9119	9.424387e+15	1.220614e+01	2.026859e+01	4.086343e+16
9120	9.425106e+15	1.189817e+01	1.883607e+01	2.468779e+16
9121	9.425842e+15	1.196894e+01	1.926271e+01	2.422957e+16
9122	9.426586e+15	1.289825e+01	1.840429e+01	1.885078e+16
9123	9.427330e+15	1.180096e+01	1.753621e+01	3.074177e+16
9124	9.428119e+15	1.377129e+01	2.086821e+01	2.067527e+16
9125	9.428841e+15	1.361321e+01	2.107034e+01	2.031058e+16
9126	9.429506e+15	1.348550e+01	2.069060e+01	1.706702e+16
9127	9.430138e+15	1.274035e+01	1.977872e+01	1.295124e+16
9128	9.430748e+15	1.220803e+01	1.835890e+01	6.021515e+15
9129	9.431370e+15	1.391946e+01	2.029255e+01	1.667054e+16
9130	9.431948e+15	1.107436e+01	1.591662e+01	1.652093e+16
9131	9.432602e+15	1.320676e+01	1.937769e+01	1.274115e+16
9132	9.433224e+15	9.585541e+00	1.442273e+01	1.414968e+16
9133	9.433971e+15	1.289746e+01	2.108176e+01	9.214916e+15
9134	9.434640e+15	1.359948e+01	2.039975e+01	1.339787e+16
9135	9.435261e+15	1.359498e+01	1.928720e+01	1.366236e+16
9136	9.435863e+15	1.252915e+01	1.907796e+01	1.580484e+16
9137	9.436444e+15	1.280884e+01	1.617145e+01	9.336778e+15
9138	9.437050e+15	1.248950e+01	1.423820e+01	2.729843e+16
9139	9.437743e+15	1.519878e+01	1.999601e+01	2.504084e+16
9140	9.438349e+15	1.090881e+01	1.472994e+01	1.848463e+16
9141	9.439019e+15	1.377290e+01	2.076305e+01	1.351470e+16
9142	9.439589e+15	1.183431e+01	1.781928e+01	1.989648e+16
9143	9.440150e+15	1.076748e+01	1.715363e+01	9.224784e+15
9144	9.440723e+15	1.015115e+01	1.684470e+01	1.706091e+16
9145	9.441310e+15	1.608618e+01	2.774933e+01	1.604700e+16
9146	9.441695e+15	1.164527e+01	1.770839e+01	1.546919e+16
9147	9.442107e+15	1.155465e+01	1.773447e+01	6.136699e+15
9148	9.442546e+15	1.232201e+01	1.847666e+01	2.080994e+16
9149	9.442990e+15	1.288880e+01	1.732079e+01	8.141113e+15
9150	9.443470e+15	1.362151e+01	1.632756e+01	1.300255e+16
9151	9.444001e+15	2.160942e+01	2.612637e+01	1.101287e+16
9152	9.444389e+15	1.777625e+01	1.846049e+01	9.643817e+15
9153	9.444809e+15	1.957964e+01	1.933360e+01	7.629604e+15
9154	9.445245e+15	2.077691e+01	1.752906e+01	7.163922e+15
9155	9.445736e+15	2.315546e+01	1.760694e+01	2.043952e+16
9156	9.446270e+15	2.395322e+01	1.707289e+01	2.671270e+16
9157	9.446858e+15	2.163210e+01	1.722335e+01	1.224586e+16
9158	9.447478e+15	2.016300e+01	1.721667e+01	6.154659e+15
9159	9.448117e+15	1.958947e+01	1.679006e+01	1.726542e+16
9160	9.448785e+15	1.621600e+01	1.556124e+01	1.503540e+16
9161	9.449517e+15	1.590286e+01	1.753373e+01	1.763907e+16
9162	9.450232e+15	1.509193e+01	1.813159e+01	2.595473e+16
