# W => 2.0e6
# method => lookup
# mantle temperature => 1573.0
# melting plot interval => 6.3e13
# max step => -1
# nx => 101
# lithosphere thickness => 60000.33
# marky => 12
# plot interval field => 1.575e14
# plot interval marker => 1.575e15
# H => 2.85e6
# g => 10.0
# ny => 143
# Tcmb => 3098.5489127396577
# max time => 7.875e15
# output directory => /nfs/peloton/waltz/rudolphlab/mpi-io-DOES-NOT-WORK-ON-HIVE/qxl51/plume-melt/plume_150000.7_450.0_60000.33
# eclogite frac => 0.15
# markx => 6
1	0.000000e+00	0.000000e+00	0.000000e+00	0.000000e+00
2	1.000000e+10	0.000000e+00	0.000000e+00	0.000000e+00
3	2.200000e+10	0.000000e+00	0.000000e+00	0.000000e+00
4	3.640000e+10	0.000000e+00	0.000000e+00	0.000000e+00
5	5.368000e+10	0.000000e+00	0.000000e+00	0.000000e+00
6	7.441600e+10	0.000000e+00	0.000000e+00	0.000000e+00
7	9.929920e+10	0.000000e+00	0.000000e+00	0.000000e+00
8	1.291590e+11	0.000000e+00	0.000000e+00	0.000000e+00
9	1.649908e+11	0.000000e+00	0.000000e+00	0.000000e+00
10	2.079890e+11	0.000000e+00	0.000000e+00	0.000000e+00
11	2.595868e+11	0.000000e+00	0.000000e+00	0.000000e+00
12	3.215042e+11	0.000000e+00	0.000000e+00	0.000000e+00
13	3.958050e+11	0.000000e+00	0.000000e+00	0.000000e+00
14	4.849660e+11	0.000000e+00	0.000000e+00	0.000000e+00
15	5.919592e+11	0.000000e+00	0.000000e+00	0.000000e+00
16	7.203511e+11	0.000000e+00	0.000000e+00	0.000000e+00
17	8.744213e+11	0.000000e+00	0.000000e+00	0.000000e+00
18	1.059306e+12	0.000000e+00	0.000000e+00	0.000000e+00
19	1.281167e+12	0.000000e+00	0.000000e+00	0.000000e+00
20	1.547400e+12	0.000000e+00	0.000000e+00	0.000000e+00
21	1.866880e+12	0.000000e+00	0.000000e+00	0.000000e+00
22	2.250256e+12	0.000000e+00	0.000000e+00	0.000000e+00
23	2.710307e+12	0.000000e+00	0.000000e+00	0.000000e+00
24	3.262369e+12	0.000000e+00	0.000000e+00	0.000000e+00
25	3.924842e+12	0.000000e+00	0.000000e+00	0.000000e+00
26	4.719811e+12	0.000000e+00	0.000000e+00	0.000000e+00
27	5.673773e+12	0.000000e+00	0.000000e+00	0.000000e+00
28	6.818528e+12	0.000000e+00	0.000000e+00	0.000000e+00
29	8.192233e+12	0.000000e+00	0.000000e+00	0.000000e+00
30	9.840680e+12	0.000000e+00	0.000000e+00	0.000000e+00
31	1.181882e+13	0.000000e+00	0.000000e+00	0.000000e+00
32	1.419258e+13	0.000000e+00	0.000000e+00	0.000000e+00
33	1.704109e+13	0.000000e+00	0.000000e+00	0.000000e+00
34	2.045931e+13	0.000000e+00	0.000000e+00	0.000000e+00
35	2.456118e+13	0.000000e+00	0.000000e+00	0.000000e+00
36	2.948341e+13	0.000000e+00	0.000000e+00	0.000000e+00
37	3.539009e+13	0.000000e+00	0.000000e+00	0.000000e+00
38	4.247811e+13	0.000000e+00	0.000000e+00	0.000000e+00
39	5.098373e+13	0.000000e+00	0.000000e+00	0.000000e+00
40	6.119048e+13	0.000000e+00	0.000000e+00	0.000000e+00
41	7.343858e+13	0.000000e+00	0.000000e+00	0.000000e+00
42	8.813629e+13	0.000000e+00	0.000000e+00	0.000000e+00
43	1.057736e+14	0.000000e+00	0.000000e+00	0.000000e+00
44	1.269383e+14	0.000000e+00	0.000000e+00	0.000000e+00
45	1.489455e+14	0.000000e+00	0.000000e+00	0.000000e+00
46	1.709655e+14	0.000000e+00	0.000000e+00	0.000000e+00
47	1.929857e+14	0.000000e+00	0.000000e+00	0.000000e+00
48	2.150059e+14	0.000000e+00	0.000000e+00	0.000000e+00
49	2.370261e+14	0.000000e+00	0.000000e+00	0.000000e+00
50	2.590463e+14	0.000000e+00	0.000000e+00	0.000000e+00
51	2.810666e+14	0.000000e+00	0.000000e+00	0.000000e+00
52	3.030868e+14	0.000000e+00	0.000000e+00	0.000000e+00
53	3.251070e+14	0.000000e+00	0.000000e+00	0.000000e+00
54	3.471272e+14	0.000000e+00	0.000000e+00	0.000000e+00
55	3.691474e+14	0.000000e+00	0.000000e+00	0.000000e+00
56	3.911676e+14	0.000000e+00	0.000000e+00	0.000000e+00
57	4.131879e+14	0.000000e+00	0.000000e+00	0.000000e+00
58	4.352081e+14	0.000000e+00	0.000000e+00	0.000000e+00
59	4.572283e+14	0.000000e+00	0.000000e+00	0.000000e+00
60	4.792349e+14	0.000000e+00	0.000000e+00	0.000000e+00
61	5.003345e+14	0.000000e+00	0.000000e+00	0.000000e+00
62	5.182691e+14	0.000000e+00	0.000000e+00	0.000000e+00
63	5.344974e+14	0.000000e+00	0.000000e+00	0.000000e+00
64	5.497828e+14	0.000000e+00	0.000000e+00	0.000000e+00
65	5.644016e+14	0.000000e+00	0.000000e+00	0.000000e+00
66	5.781027e+14	0.000000e+00	0.000000e+00	0.000000e+00
67	5.914968e+14	0.000000e+00	0.000000e+00	0.000000e+00
68	6.051397e+14	0.000000e+00	0.000000e+00	0.000000e+00
69	6.185653e+14	0.000000e+00	0.000000e+00	0.000000e+00
70	6.316270e+14	0.000000e+00	0.000000e+00	0.000000e+00
71	6.444428e+14	0.000000e+00	0.000000e+00	0.000000e+00
72	6.566235e+14	0.000000e+00	0.000000e+00	0.000000e+00
73	6.684171e+14	0.000000e+00	0.000000e+00	0.000000e+00
74	6.800990e+14	0.000000e+00	0.000000e+00	0.000000e+00
75	6.915564e+14	0.000000e+00	0.000000e+00	0.000000e+00
76	7.030772e+14	0.000000e+00	0.000000e+00	0.000000e+00
77	7.141018e+14	0.000000e+00	0.000000e+00	0.000000e+00
78	7.250904e+14	0.000000e+00	0.000000e+00	0.000000e+00
79	7.359650e+14	0.000000e+00	0.000000e+00	0.000000e+00
80	7.468244e+14	0.000000e+00	0.000000e+00	0.000000e+00
81	7.572409e+14	0.000000e+00	0.000000e+00	0.000000e+00
82	7.679831e+14	0.000000e+00	0.000000e+00	0.000000e+00
83	7.783282e+14	0.000000e+00	0.000000e+00	0.000000e+00
84	7.888153e+14	0.000000e+00	0.000000e+00	0.000000e+00
85	7.987861e+14	0.000000e+00	0.000000e+00	0.000000e+00
86	8.086905e+14	0.000000e+00	0.000000e+00	0.000000e+00
87	8.187858e+14	0.000000e+00	0.000000e+00	0.000000e+00
88	8.285460e+14	0.000000e+00	0.000000e+00	0.000000e+00
89	8.382860e+14	0.000000e+00	0.000000e+00	0.000000e+00
90	8.484966e+14	0.000000e+00	0.000000e+00	0.000000e+00
91	8.582282e+14	0.000000e+00	0.000000e+00	0.000000e+00
92	8.681805e+14	0.000000e+00	0.000000e+00	0.000000e+00
93	8.781218e+14	0.000000e+00	0.000000e+00	0.000000e+00
94	8.876006e+14	0.000000e+00	0.000000e+00	0.000000e+00
95	8.972177e+14	0.000000e+00	0.000000e+00	0.000000e+00
96	9.068119e+14	0.000000e+00	0.000000e+00	0.000000e+00
97	9.164829e+14	0.000000e+00	0.000000e+00	0.000000e+00
98	9.260176e+14	0.000000e+00	0.000000e+00	0.000000e+00
99	9.355215e+14	0.000000e+00	0.000000e+00	0.000000e+00
100	9.450994e+14	0.000000e+00	0.000000e+00	0.000000e+00
101	9.544561e+14	0.000000e+00	0.000000e+00	0.000000e+00
102	9.640970e+14	0.000000e+00	0.000000e+00	0.000000e+00
103	9.735554e+14	0.000000e+00	0.000000e+00	0.000000e+00
104	9.829787e+14	0.000000e+00	0.000000e+00	0.000000e+00
105	9.924507e+14	0.000000e+00	0.000000e+00	0.000000e+00
106	1.001937e+15	0.000000e+00	0.000000e+00	0.000000e+00
107	1.011296e+15	0.000000e+00	0.000000e+00	0.000000e+00
108	1.020872e+15	0.000000e+00	0.000000e+00	0.000000e+00
109	1.030499e+15	0.000000e+00	0.000000e+00	0.000000e+00
110	1.039909e+15	0.000000e+00	0.000000e+00	0.000000e+00
111	1.049246e+15	0.000000e+00	0.000000e+00	0.000000e+00
112	1.058946e+15	0.000000e+00	0.000000e+00	0.000000e+00
113	1.068395e+15	0.000000e+00	0.000000e+00	0.000000e+00
114	1.077828e+15	0.000000e+00	0.000000e+00	0.000000e+00
115	1.087335e+15	0.000000e+00	0.000000e+00	0.000000e+00
116	1.097015e+15	0.000000e+00	0.000000e+00	0.000000e+00
117	1.106591e+15	0.000000e+00	0.000000e+00	0.000000e+00
118	1.116307e+15	0.000000e+00	0.000000e+00	0.000000e+00
119	1.126189e+15	0.000000e+00	0.000000e+00	0.000000e+00
120	1.135810e+15	0.000000e+00	0.000000e+00	0.000000e+00
121	1.145731e+15	0.000000e+00	0.000000e+00	0.000000e+00
122	1.155521e+15	0.000000e+00	0.000000e+00	0.000000e+00
123	1.165481e+15	0.000000e+00	0.000000e+00	0.000000e+00
124	1.175306e+15	0.000000e+00	0.000000e+00	0.000000e+00
125	1.185319e+15	0.000000e+00	0.000000e+00	0.000000e+00
126	1.195102e+15	0.000000e+00	0.000000e+00	0.000000e+00
127	1.205160e+15	0.000000e+00	0.000000e+00	0.000000e+00
128	1.215702e+15	0.000000e+00	0.000000e+00	0.000000e+00
129	1.225678e+15	0.000000e+00	0.000000e+00	0.000000e+00
130	1.236302e+15	0.000000e+00	0.000000e+00	0.000000e+00
131	1.246768e+15	0.000000e+00	0.000000e+00	0.000000e+00
132	1.257405e+15	0.000000e+00	0.000000e+00	0.000000e+00
133	1.268065e+15	0.000000e+00	0.000000e+00	0.000000e+00
134	1.278789e+15	0.000000e+00	0.000000e+00	0.000000e+00
135	1.289328e+15	0.000000e+00	0.000000e+00	0.000000e+00
136	1.299845e+15	0.000000e+00	0.000000e+00	0.000000e+00
137	1.310421e+15	0.000000e+00	0.000000e+00	0.000000e+00
138	1.321005e+15	0.000000e+00	0.000000e+00	0.000000e+00
139	1.331563e+15	0.000000e+00	0.000000e+00	0.000000e+00
140	1.341944e+15	0.000000e+00	0.000000e+00	0.000000e+00
141	1.352461e+15	0.000000e+00	0.000000e+00	0.000000e+00
142	1.362956e+15	0.000000e+00	0.000000e+00	0.000000e+00
143	1.373515e+15	0.000000e+00	0.000000e+00	0.000000e+00
144	1.383999e+15	0.000000e+00	0.000000e+00	0.000000e+00
145	1.394594e+15	0.000000e+00	0.000000e+00	0.000000e+00
146	1.405291e+15	0.000000e+00	0.000000e+00	0.000000e+00
147	1.415889e+15	0.000000e+00	0.000000e+00	0.000000e+00
148	1.426777e+15	0.000000e+00	0.000000e+00	0.000000e+00
149	1.437499e+15	0.000000e+00	0.000000e+00	0.000000e+00
150	1.448233e+15	0.000000e+00	0.000000e+00	0.000000e+00
151	1.459011e+15	0.000000e+00	0.000000e+00	0.000000e+00
152	1.469723e+15	0.000000e+00	0.000000e+00	0.000000e+00
153	1.480496e+15	0.000000e+00	0.000000e+00	0.000000e+00
154	1.491297e+15	0.000000e+00	0.000000e+00	0.000000e+00
155	1.502056e+15	0.000000e+00	0.000000e+00	0.000000e+00
156	1.512944e+15	0.000000e+00	0.000000e+00	0.000000e+00
157	1.523924e+15	0.000000e+00	0.000000e+00	0.000000e+00
158	1.534813e+15	0.000000e+00	0.000000e+00	0.000000e+00
159	1.545697e+15	0.000000e+00	0.000000e+00	0.000000e+00
160	1.556309e+15	0.000000e+00	0.000000e+00	0.000000e+00
161	1.566568e+15	0.000000e+00	0.000000e+00	0.000000e+00
162	1.576640e+15	0.000000e+00	0.000000e+00	0.000000e+00
163	1.586531e+15	0.000000e+00	0.000000e+00	0.000000e+00
164	1.596240e+15	0.000000e+00	0.000000e+00	0.000000e+00
165	1.605818e+15	0.000000e+00	0.000000e+00	0.000000e+00
166	1.615287e+15	0.000000e+00	0.000000e+00	0.000000e+00
167	1.624642e+15	0.000000e+00	0.000000e+00	0.000000e+00
168	1.633793e+15	0.000000e+00	0.000000e+00	0.000000e+00
169	1.642808e+15	0.000000e+00	0.000000e+00	0.000000e+00
170	1.651769e+15	0.000000e+00	0.000000e+00	0.000000e+00
171	1.660733e+15	0.000000e+00	0.000000e+00	0.000000e+00
172	1.669714e+15	0.000000e+00	0.000000e+00	0.000000e+00
173	1.678733e+15	0.000000e+00	0.000000e+00	0.000000e+00
174	1.687723e+15	0.000000e+00	0.000000e+00	0.000000e+00
175	1.696764e+15	0.000000e+00	0.000000e+00	0.000000e+00
176	1.705975e+15	0.000000e+00	0.000000e+00	0.000000e+00
177	1.715377e+15	0.000000e+00	0.000000e+00	0.000000e+00
178	1.724801e+15	0.000000e+00	0.000000e+00	0.000000e+00
179	1.734249e+15	0.000000e+00	0.000000e+00	0.000000e+00
180	1.743769e+15	0.000000e+00	0.000000e+00	0.000000e+00
181	1.753367e+15	0.000000e+00	0.000000e+00	0.000000e+00
182	1.763047e+15	0.000000e+00	0.000000e+00	0.000000e+00
183	1.772702e+15	0.000000e+00	0.000000e+00	0.000000e+00
184	1.782365e+15	0.000000e+00	0.000000e+00	0.000000e+00
185	1.792031e+15	0.000000e+00	0.000000e+00	0.000000e+00
186	1.801783e+15	0.000000e+00	0.000000e+00	0.000000e+00
187	1.811474e+15	0.000000e+00	0.000000e+00	0.000000e+00
188	1.821174e+15	0.000000e+00	0.000000e+00	0.000000e+00
189	1.830942e+15	0.000000e+00	0.000000e+00	0.000000e+00
190	1.840625e+15	0.000000e+00	0.000000e+00	0.000000e+00
191	1.850311e+15	0.000000e+00	0.000000e+00	0.000000e+00
192	1.859955e+15	0.000000e+00	0.000000e+00	0.000000e+00
193	1.869565e+15	0.000000e+00	0.000000e+00	0.000000e+00
194	1.879202e+15	0.000000e+00	0.000000e+00	0.000000e+00
195	1.888910e+15	0.000000e+00	0.000000e+00	0.000000e+00
196	1.898507e+15	0.000000e+00	0.000000e+00	0.000000e+00
197	1.908098e+15	0.000000e+00	0.000000e+00	0.000000e+00
198	1.917772e+15	0.000000e+00	0.000000e+00	0.000000e+00
199	1.927303e+15	0.000000e+00	0.000000e+00	0.000000e+00
200	1.936875e+15	0.000000e+00	0.000000e+00	0.000000e+00
201	1.946381e+15	0.000000e+00	0.000000e+00	0.000000e+00
202	1.955964e+15	0.000000e+00	0.000000e+00	0.000000e+00
203	1.965456e+15	0.000000e+00	0.000000e+00	0.000000e+00
204	1.974896e+15	0.000000e+00	0.000000e+00	0.000000e+00
205	1.984390e+15	0.000000e+00	0.000000e+00	0.000000e+00
206	1.993781e+15	0.000000e+00	0.000000e+00	0.000000e+00
207	2.003211e+15	0.000000e+00	0.000000e+00	0.000000e+00
208	2.012632e+15	0.000000e+00	0.000000e+00	0.000000e+00
209	2.021882e+15	0.000000e+00	0.000000e+00	0.000000e+00
210	2.031319e+15	0.000000e+00	0.000000e+00	0.000000e+00
211	2.040614e+15	0.000000e+00	0.000000e+00	0.000000e+00
212	2.049943e+15	0.000000e+00	0.000000e+00	0.000000e+00
213	2.059218e+15	0.000000e+00	0.000000e+00	0.000000e+00
214	2.068538e+15	0.000000e+00	0.000000e+00	0.000000e+00
215	2.077838e+15	0.000000e+00	0.000000e+00	0.000000e+00
216	2.087167e+15	0.000000e+00	0.000000e+00	0.000000e+00
217	2.096497e+15	0.000000e+00	0.000000e+00	0.000000e+00
218	2.105770e+15	0.000000e+00	0.000000e+00	0.000000e+00
219	2.114973e+15	0.000000e+00	0.000000e+00	0.000000e+00
220	2.124279e+15	0.000000e+00	0.000000e+00	0.000000e+00
221	2.133507e+15	0.000000e+00	0.000000e+00	0.000000e+00
222	2.143010e+15	0.000000e+00	0.000000e+00	0.000000e+00
223	2.152184e+15	0.000000e+00	0.000000e+00	0.000000e+00
224	2.161484e+15	0.000000e+00	0.000000e+00	0.000000e+00
225	2.170848e+15	0.000000e+00	0.000000e+00	0.000000e+00
226	2.180082e+15	0.000000e+00	0.000000e+00	0.000000e+00
227	2.189443e+15	0.000000e+00	0.000000e+00	0.000000e+00
228	2.198652e+15	0.000000e+00	0.000000e+00	0.000000e+00
229	2.207878e+15	0.000000e+00	0.000000e+00	0.000000e+00
230	2.217154e+15	0.000000e+00	0.000000e+00	0.000000e+00
231	2.226415e+15	0.000000e+00	0.000000e+00	0.000000e+00
232	2.235802e+15	0.000000e+00	0.000000e+00	0.000000e+00
233	2.244962e+15	0.000000e+00	0.000000e+00	0.000000e+00
234	2.254255e+15	0.000000e+00	0.000000e+00	0.000000e+00
235	2.263444e+15	0.000000e+00	0.000000e+00	0.000000e+00
236	2.272879e+15	0.000000e+00	0.000000e+00	0.000000e+00
237	2.282148e+15	0.000000e+00	0.000000e+00	0.000000e+00
238	2.291370e+15	0.000000e+00	0.000000e+00	0.000000e+00
239	2.300682e+15	0.000000e+00	0.000000e+00	0.000000e+00
240	2.309957e+15	0.000000e+00	0.000000e+00	0.000000e+00
241	2.319368e+15	0.000000e+00	0.000000e+00	0.000000e+00
242	2.328613e+15	0.000000e+00	0.000000e+00	0.000000e+00
243	2.338017e+15	0.000000e+00	0.000000e+00	0.000000e+00
244	2.347339e+15	0.000000e+00	0.000000e+00	0.000000e+00
245	2.356831e+15	0.000000e+00	0.000000e+00	0.000000e+00
246	2.366256e+15	0.000000e+00	0.000000e+00	0.000000e+00
247	2.375883e+15	0.000000e+00	0.000000e+00	0.000000e+00
248	2.385410e+15	0.000000e+00	0.000000e+00	0.000000e+00
249	2.394999e+15	0.000000e+00	0.000000e+00	0.000000e+00
250	2.404692e+15	0.000000e+00	0.000000e+00	0.000000e+00
251	2.414161e+15	0.000000e+00	0.000000e+00	0.000000e+00
252	2.423461e+15	0.000000e+00	0.000000e+00	0.000000e+00
253	2.432650e+15	0.000000e+00	0.000000e+00	0.000000e+00
254	2.441804e+15	0.000000e+00	0.000000e+00	0.000000e+00
255	2.451020e+15	0.000000e+00	0.000000e+00	0.000000e+00
256	2.460304e+15	0.000000e+00	0.000000e+00	0.000000e+00
257	2.469570e+15	0.000000e+00	0.000000e+00	0.000000e+00
258	2.478870e+15	0.000000e+00	0.000000e+00	0.000000e+00
259	2.488270e+15	0.000000e+00	0.000000e+00	0.000000e+00
260	2.497641e+15	0.000000e+00	0.000000e+00	0.000000e+00
261	2.506786e+15	0.000000e+00	0.000000e+00	0.000000e+00
262	2.515839e+15	0.000000e+00	0.000000e+00	0.000000e+00
263	2.524665e+15	0.000000e+00	0.000000e+00	0.000000e+00
264	2.533421e+15	0.000000e+00	0.000000e+00	0.000000e+00
265	2.542150e+15	0.000000e+00	0.000000e+00	0.000000e+00
266	2.550772e+15	0.000000e+00	0.000000e+00	0.000000e+00
267	2.559296e+15	0.000000e+00	0.000000e+00	0.000000e+00
268	2.567738e+15	0.000000e+00	0.000000e+00	0.000000e+00
269	2.576141e+15	0.000000e+00	0.000000e+00	0.000000e+00
270	2.584479e+15	0.000000e+00	0.000000e+00	0.000000e+00
271	2.592717e+15	0.000000e+00	0.000000e+00	0.000000e+00
272	2.600855e+15	0.000000e+00	0.000000e+00	0.000000e+00
273	2.608879e+15	0.000000e+00	0.000000e+00	0.000000e+00
274	2.616784e+15	0.000000e+00	0.000000e+00	0.000000e+00
275	2.624666e+15	0.000000e+00	0.000000e+00	0.000000e+00
276	2.632586e+15	0.000000e+00	0.000000e+00	0.000000e+00
277	2.640606e+15	0.000000e+00	0.000000e+00	0.000000e+00
278	2.648549e+15	0.000000e+00	0.000000e+00	0.000000e+00
279	2.656380e+15	0.000000e+00	0.000000e+00	0.000000e+00
280	2.664179e+15	0.000000e+00	0.000000e+00	0.000000e+00
281	2.671918e+15	0.000000e+00	0.000000e+00	0.000000e+00
282	2.679434e+15	0.000000e+00	0.000000e+00	0.000000e+00
283	2.686937e+15	0.000000e+00	0.000000e+00	0.000000e+00
284	2.694446e+15	0.000000e+00	0.000000e+00	0.000000e+00
285	2.701912e+15	0.000000e+00	0.000000e+00	0.000000e+00
286	2.709371e+15	0.000000e+00	0.000000e+00	0.000000e+00
287	2.716900e+15	0.000000e+00	0.000000e+00	0.000000e+00
288	2.724485e+15	0.000000e+00	0.000000e+00	0.000000e+00
289	2.732144e+15	0.000000e+00	0.000000e+00	0.000000e+00
290	2.739843e+15	0.000000e+00	0.000000e+00	0.000000e+00
291	2.747529e+15	0.000000e+00	0.000000e+00	0.000000e+00
292	2.755178e+15	0.000000e+00	0.000000e+00	0.000000e+00
293	2.762693e+15	0.000000e+00	0.000000e+00	0.000000e+00
294	2.770085e+15	0.000000e+00	0.000000e+00	0.000000e+00
295	2.777401e+15	0.000000e+00	0.000000e+00	0.000000e+00
296	2.784671e+15	0.000000e+00	0.000000e+00	0.000000e+00
297	2.791881e+15	0.000000e+00	0.000000e+00	0.000000e+00
298	2.799131e+15	0.000000e+00	0.000000e+00	0.000000e+00
299	2.806379e+15	0.000000e+00	0.000000e+00	0.000000e+00
300	2.813586e+15	0.000000e+00	0.000000e+00	0.000000e+00
301	2.820826e+15	0.000000e+00	0.000000e+00	0.000000e+00
302	2.828066e+15	0.000000e+00	0.000000e+00	0.000000e+00
303	2.835309e+15	0.000000e+00	0.000000e+00	0.000000e+00
304	2.842555e+15	0.000000e+00	0.000000e+00	0.000000e+00
305	2.849809e+15	0.000000e+00	0.000000e+00	0.000000e+00
306	2.857051e+15	0.000000e+00	0.000000e+00	0.000000e+00
307	2.864351e+15	0.000000e+00	0.000000e+00	0.000000e+00
308	2.871691e+15	0.000000e+00	0.000000e+00	0.000000e+00
309	2.879019e+15	0.000000e+00	0.000000e+00	0.000000e+00
310	2.886352e+15	0.000000e+00	0.000000e+00	0.000000e+00
311	2.893676e+15	0.000000e+00	0.000000e+00	0.000000e+00
312	2.901054e+15	0.000000e+00	0.000000e+00	0.000000e+00
313	2.908429e+15	0.000000e+00	0.000000e+00	0.000000e+00
314	2.915841e+15	0.000000e+00	0.000000e+00	0.000000e+00
315	2.923335e+15	0.000000e+00	0.000000e+00	0.000000e+00
316	2.930872e+15	0.000000e+00	0.000000e+00	0.000000e+00
317	2.938406e+15	0.000000e+00	0.000000e+00	0.000000e+00
318	2.945927e+15	0.000000e+00	0.000000e+00	0.000000e+00
319	2.953459e+15	0.000000e+00	0.000000e+00	0.000000e+00
320	2.961027e+15	0.000000e+00	0.000000e+00	0.000000e+00
321	2.968686e+15	0.000000e+00	0.000000e+00	0.000000e+00
322	2.976438e+15	0.000000e+00	0.000000e+00	0.000000e+00
323	2.984164e+15	0.000000e+00	0.000000e+00	0.000000e+00
324	2.991783e+15	0.000000e+00	0.000000e+00	0.000000e+00
325	2.999348e+15	0.000000e+00	0.000000e+00	0.000000e+00
326	3.006931e+15	0.000000e+00	0.000000e+00	0.000000e+00
327	3.014543e+15	0.000000e+00	0.000000e+00	0.000000e+00
328	3.022163e+15	0.000000e+00	0.000000e+00	0.000000e+00
329	3.029843e+15	0.000000e+00	0.000000e+00	0.000000e+00
330	3.037521e+15	0.000000e+00	0.000000e+00	0.000000e+00
331	3.045174e+15	0.000000e+00	0.000000e+00	0.000000e+00
332	3.052853e+15	0.000000e+00	0.000000e+00	0.000000e+00
333	3.060563e+15	0.000000e+00	0.000000e+00	0.000000e+00
334	3.068286e+15	0.000000e+00	0.000000e+00	0.000000e+00
335	3.076030e+15	0.000000e+00	0.000000e+00	0.000000e+00
336	3.083777e+15	0.000000e+00	0.000000e+00	0.000000e+00
337	3.091561e+15	0.000000e+00	0.000000e+00	0.000000e+00
338	3.099363e+15	0.000000e+00	0.000000e+00	0.000000e+00
339	3.107236e+15	0.000000e+00	0.000000e+00	0.000000e+00
340	3.115254e+15	0.000000e+00	0.000000e+00	0.000000e+00
341	3.123253e+15	0.000000e+00	0.000000e+00	0.000000e+00
342	3.131272e+15	0.000000e+00	0.000000e+00	0.000000e+00
343	3.139294e+15	0.000000e+00	0.000000e+00	0.000000e+00
344	3.147310e+15	0.000000e+00	0.000000e+00	0.000000e+00
345	3.155322e+15	0.000000e+00	0.000000e+00	0.000000e+00
346	3.163291e+15	0.000000e+00	0.000000e+00	0.000000e+00
347	3.171228e+15	0.000000e+00	0.000000e+00	0.000000e+00
348	3.179216e+15	0.000000e+00	0.000000e+00	0.000000e+00
349	3.187184e+15	0.000000e+00	0.000000e+00	0.000000e+00
350	3.195108e+15	0.000000e+00	0.000000e+00	0.000000e+00
351	3.203043e+15	0.000000e+00	0.000000e+00	0.000000e+00
352	3.211001e+15	0.000000e+00	0.000000e+00	0.000000e+00
353	3.218936e+15	0.000000e+00	0.000000e+00	0.000000e+00
354	3.226835e+15	0.000000e+00	0.000000e+00	0.000000e+00
355	3.234729e+15	0.000000e+00	0.000000e+00	0.000000e+00
356	3.242591e+15	0.000000e+00	0.000000e+00	0.000000e+00
357	3.250423e+15	0.000000e+00	0.000000e+00	0.000000e+00
358	3.258224e+15	0.000000e+00	0.000000e+00	0.000000e+00
359	3.266053e+15	0.000000e+00	0.000000e+00	0.000000e+00
360	3.273870e+15	0.000000e+00	0.000000e+00	0.000000e+00
361	3.281692e+15	0.000000e+00	0.000000e+00	0.000000e+00
362	3.289609e+15	0.000000e+00	0.000000e+00	0.000000e+00
363	3.297507e+15	0.000000e+00	0.000000e+00	0.000000e+00
364	3.305404e+15	0.000000e+00	0.000000e+00	0.000000e+00
365	3.313294e+15	0.000000e+00	0.000000e+00	0.000000e+00
366	3.321146e+15	0.000000e+00	0.000000e+00	0.000000e+00
367	3.328962e+15	0.000000e+00	0.000000e+00	0.000000e+00
368	3.336749e+15	0.000000e+00	0.000000e+00	0.000000e+00
369	3.344566e+15	0.000000e+00	0.000000e+00	0.000000e+00
370	3.352396e+15	0.000000e+00	0.000000e+00	0.000000e+00
371	3.360185e+15	0.000000e+00	0.000000e+00	0.000000e+00
372	3.367940e+15	0.000000e+00	0.000000e+00	0.000000e+00
373	3.375718e+15	0.000000e+00	0.000000e+00	0.000000e+00
374	3.383493e+15	0.000000e+00	0.000000e+00	0.000000e+00
375	3.391259e+15	0.000000e+00	0.000000e+00	0.000000e+00
376	3.399029e+15	0.000000e+00	0.000000e+00	0.000000e+00
377	3.406774e+15	0.000000e+00	0.000000e+00	0.000000e+00
378	3.414487e+15	0.000000e+00	0.000000e+00	0.000000e+00
379	3.422202e+15	0.000000e+00	0.000000e+00	0.000000e+00
380	3.429911e+15	0.000000e+00	0.000000e+00	0.000000e+00
381	3.437541e+15	0.000000e+00	0.000000e+00	0.000000e+00
382	3.445177e+15	0.000000e+00	0.000000e+00	0.000000e+00
383	3.452828e+15	0.000000e+00	0.000000e+00	0.000000e+00
384	3.460503e+15	0.000000e+00	0.000000e+00	0.000000e+00
385	3.468148e+15	0.000000e+00	0.000000e+00	0.000000e+00
386	3.475793e+15	0.000000e+00	0.000000e+00	0.000000e+00
387	3.483417e+15	0.000000e+00	0.000000e+00	0.000000e+00
388	3.491031e+15	0.000000e+00	0.000000e+00	0.000000e+00
389	3.498613e+15	0.000000e+00	0.000000e+00	0.000000e+00
390	3.506114e+15	0.000000e+00	0.000000e+00	0.000000e+00
391	3.513636e+15	0.000000e+00	0.000000e+00	0.000000e+00
392	3.521194e+15	0.000000e+00	0.000000e+00	0.000000e+00
393	3.528717e+15	0.000000e+00	0.000000e+00	0.000000e+00
394	3.536328e+15	0.000000e+00	0.000000e+00	0.000000e+00
395	3.543944e+15	0.000000e+00	0.000000e+00	0.000000e+00
396	3.551468e+15	0.000000e+00	0.000000e+00	0.000000e+00
397	3.559017e+15	0.000000e+00	0.000000e+00	0.000000e+00
398	3.566561e+15	0.000000e+00	0.000000e+00	0.000000e+00
399	3.574092e+15	0.000000e+00	0.000000e+00	0.000000e+00
400	3.581622e+15	0.000000e+00	0.000000e+00	0.000000e+00
401	3.589152e+15	0.000000e+00	0.000000e+00	0.000000e+00
402	3.596527e+15	0.000000e+00	0.000000e+00	0.000000e+00
403	3.603976e+15	0.000000e+00	0.000000e+00	0.000000e+00
404	3.611263e+15	0.000000e+00	0.000000e+00	0.000000e+00
405	3.618571e+15	0.000000e+00	0.000000e+00	0.000000e+00
406	3.625879e+15	0.000000e+00	0.000000e+00	0.000000e+00
407	3.633252e+15	0.000000e+00	0.000000e+00	0.000000e+00
408	3.640674e+15	0.000000e+00	0.000000e+00	0.000000e+00
409	3.648102e+15	0.000000e+00	0.000000e+00	0.000000e+00
410	3.655528e+15	0.000000e+00	0.000000e+00	0.000000e+00
411	3.662860e+15	0.000000e+00	0.000000e+00	0.000000e+00
412	3.670137e+15	0.000000e+00	0.000000e+00	0.000000e+00
413	3.677373e+15	0.000000e+00	0.000000e+00	0.000000e+00
414	3.684559e+15	0.000000e+00	0.000000e+00	0.000000e+00
415	3.691667e+15	0.000000e+00	0.000000e+00	0.000000e+00
416	3.698842e+15	0.000000e+00	0.000000e+00	0.000000e+00
417	3.706015e+15	0.000000e+00	0.000000e+00	0.000000e+00
418	3.713179e+15	0.000000e+00	0.000000e+00	0.000000e+00
419	3.720345e+15	0.000000e+00	0.000000e+00	0.000000e+00
420	3.727472e+15	0.000000e+00	0.000000e+00	0.000000e+00
421	3.734527e+15	0.000000e+00	0.000000e+00	0.000000e+00
422	3.741581e+15	0.000000e+00	0.000000e+00	0.000000e+00
423	3.748682e+15	0.000000e+00	0.000000e+00	0.000000e+00
424	3.755773e+15	0.000000e+00	0.000000e+00	0.000000e+00
425	3.762842e+15	0.000000e+00	0.000000e+00	0.000000e+00
426	3.769959e+15	0.000000e+00	0.000000e+00	0.000000e+00
427	3.777017e+15	0.000000e+00	0.000000e+00	0.000000e+00
428	3.783953e+15	0.000000e+00	0.000000e+00	0.000000e+00
429	3.790924e+15	0.000000e+00	0.000000e+00	0.000000e+00
430	3.797931e+15	0.000000e+00	0.000000e+00	0.000000e+00
431	3.804889e+15	0.000000e+00	0.000000e+00	0.000000e+00
432	3.811865e+15	0.000000e+00	0.000000e+00	0.000000e+00
433	3.818828e+15	0.000000e+00	0.000000e+00	0.000000e+00
434	3.825877e+15	0.000000e+00	0.000000e+00	0.000000e+00
435	3.832948e+15	0.000000e+00	0.000000e+00	0.000000e+00
436	3.839946e+15	0.000000e+00	0.000000e+00	0.000000e+00
437	3.846873e+15	0.000000e+00	0.000000e+00	0.000000e+00
438	3.853733e+15	0.000000e+00	0.000000e+00	0.000000e+00
439	3.860527e+15	0.000000e+00	0.000000e+00	0.000000e+00
440	3.867256e+15	0.000000e+00	0.000000e+00	0.000000e+00
441	3.873921e+15	0.000000e+00	0.000000e+00	0.000000e+00
442	3.880522e+15	0.000000e+00	0.000000e+00	0.000000e+00
443	3.887062e+15	0.000000e+00	0.000000e+00	0.000000e+00
444	3.893538e+15	0.000000e+00	0.000000e+00	0.000000e+00
445	3.899958e+15	0.000000e+00	0.000000e+00	0.000000e+00
446	3.906318e+15	0.000000e+00	0.000000e+00	0.000000e+00
447	3.912621e+15	0.000000e+00	0.000000e+00	0.000000e+00
448	3.918866e+15	0.000000e+00	0.000000e+00	0.000000e+00
449	3.925059e+15	0.000000e+00	0.000000e+00	0.000000e+00
450	3.931199e+15	0.000000e+00	0.000000e+00	0.000000e+00
451	3.937293e+15	0.000000e+00	0.000000e+00	0.000000e+00
452	3.943333e+15	0.000000e+00	0.000000e+00	0.000000e+00
453	3.949323e+15	0.000000e+00	0.000000e+00	0.000000e+00
454	3.955260e+15	0.000000e+00	0.000000e+00	0.000000e+00
455	3.961151e+15	0.000000e+00	0.000000e+00	0.000000e+00
456	3.966992e+15	0.000000e+00	0.000000e+00	0.000000e+00
457	3.972794e+15	0.000000e+00	0.000000e+00	0.000000e+00
458	3.978549e+15	0.000000e+00	0.000000e+00	0.000000e+00
459	3.984266e+15	0.000000e+00	0.000000e+00	0.000000e+00
460	3.989936e+15	0.000000e+00	0.000000e+00	0.000000e+00
461	3.995567e+15	0.000000e+00	0.000000e+00	0.000000e+00
462	4.001151e+15	0.000000e+00	0.000000e+00	0.000000e+00
463	4.006699e+15	0.000000e+00	0.000000e+00	0.000000e+00
464	4.012204e+15	0.000000e+00	0.000000e+00	0.000000e+00
465	4.017672e+15	0.000000e+00	0.000000e+00	0.000000e+00
466	4.023099e+15	0.000000e+00	0.000000e+00	0.000000e+00
467	4.028490e+15	0.000000e+00	0.000000e+00	0.000000e+00
468	4.033844e+15	0.000000e+00	0.000000e+00	0.000000e+00
469	4.039160e+15	0.000000e+00	0.000000e+00	0.000000e+00
470	4.044442e+15	0.000000e+00	0.000000e+00	0.000000e+00
471	4.049688e+15	0.000000e+00	0.000000e+00	0.000000e+00
472	4.054899e+15	0.000000e+00	0.000000e+00	0.000000e+00
473	4.060075e+15	0.000000e+00	0.000000e+00	0.000000e+00
474	4.065220e+15	0.000000e+00	0.000000e+00	0.000000e+00
475	4.070329e+15	0.000000e+00	0.000000e+00	0.000000e+00
476	4.075409e+15	0.000000e+00	0.000000e+00	0.000000e+00
477	4.080453e+15	0.000000e+00	0.000000e+00	0.000000e+00
478	4.085464e+15	0.000000e+00	0.000000e+00	0.000000e+00
479	4.090444e+15	0.000000e+00	0.000000e+00	0.000000e+00
480	4.095396e+15	0.000000e+00	0.000000e+00	0.000000e+00
481	4.100318e+15	0.000000e+00	0.000000e+00	0.000000e+00
482	4.105212e+15	0.000000e+00	0.000000e+00	0.000000e+00
483	4.110078e+15	0.000000e+00	0.000000e+00	0.000000e+00
484	4.114914e+15	0.000000e+00	0.000000e+00	0.000000e+00
485	4.119726e+15	0.000000e+00	0.000000e+00	0.000000e+00
486	4.124509e+15	0.000000e+00	0.000000e+00	0.000000e+00
487	4.129268e+15	0.000000e+00	0.000000e+00	0.000000e+00
488	4.133997e+15	0.000000e+00	0.000000e+00	0.000000e+00
489	4.138702e+15	0.000000e+00	0.000000e+00	0.000000e+00
490	4.143379e+15	0.000000e+00	0.000000e+00	0.000000e+00
491	4.148034e+15	0.000000e+00	0.000000e+00	0.000000e+00
492	4.152663e+15	0.000000e+00	0.000000e+00	0.000000e+00
493	4.157267e+15	0.000000e+00	0.000000e+00	0.000000e+00
494	4.161848e+15	0.000000e+00	0.000000e+00	0.000000e+00
495	4.166402e+15	0.000000e+00	0.000000e+00	0.000000e+00
496	4.170936e+15	0.000000e+00	0.000000e+00	0.000000e+00
497	4.175444e+15	0.000000e+00	0.000000e+00	0.000000e+00
498	4.179931e+15	0.000000e+00	0.000000e+00	0.000000e+00
499	4.184394e+15	0.000000e+00	0.000000e+00	0.000000e+00
500	4.188838e+15	0.000000e+00	0.000000e+00	0.000000e+00
501	4.193258e+15	0.000000e+00	0.000000e+00	0.000000e+00
502	4.197659e+15	0.000000e+00	0.000000e+00	0.000000e+00
503	4.202037e+15	0.000000e+00	0.000000e+00	0.000000e+00
504	4.206397e+15	0.000000e+00	0.000000e+00	0.000000e+00
505	4.210734e+15	0.000000e+00	0.000000e+00	0.000000e+00
506	4.215050e+15	0.000000e+00	0.000000e+00	0.000000e+00
507	4.219351e+15	0.000000e+00	0.000000e+00	0.000000e+00
508	4.223630e+15	0.000000e+00	0.000000e+00	0.000000e+00
509	4.227894e+15	0.000000e+00	0.000000e+00	0.000000e+00
510	4.232136e+15	0.000000e+00	0.000000e+00	0.000000e+00
511	4.236363e+15	0.000000e+00	0.000000e+00	0.000000e+00
512	4.240571e+15	0.000000e+00	0.000000e+00	0.000000e+00
513	4.244764e+15	0.000000e+00	0.000000e+00	0.000000e+00
514	4.248938e+15	0.000000e+00	0.000000e+00	0.000000e+00
515	4.253092e+15	0.000000e+00	0.000000e+00	0.000000e+00
516	4.257228e+15	0.000000e+00	0.000000e+00	0.000000e+00
517	4.261347e+15	0.000000e+00	0.000000e+00	0.000000e+00
518	4.265448e+15	0.000000e+00	0.000000e+00	0.000000e+00
519	4.269533e+15	0.000000e+00	0.000000e+00	0.000000e+00
520	4.273604e+15	0.000000e+00	0.000000e+00	0.000000e+00
521	4.277657e+15	0.000000e+00	0.000000e+00	0.000000e+00
522	4.281700e+15	0.000000e+00	0.000000e+00	0.000000e+00
523	4.285722e+15	0.000000e+00	0.000000e+00	0.000000e+00
524	4.289731e+15	0.000000e+00	0.000000e+00	0.000000e+00
525	4.293719e+15	0.000000e+00	0.000000e+00	0.000000e+00
526	4.297696e+15	0.000000e+00	0.000000e+00	0.000000e+00
527	4.301658e+15	0.000000e+00	0.000000e+00	0.000000e+00
528	4.305605e+15	0.000000e+00	0.000000e+00	0.000000e+00
529	4.309541e+15	0.000000e+00	0.000000e+00	0.000000e+00
530	4.313460e+15	0.000000e+00	0.000000e+00	0.000000e+00
531	4.317367e+15	0.000000e+00	0.000000e+00	0.000000e+00
532	4.321258e+15	0.000000e+00	0.000000e+00	0.000000e+00
533	4.325137e+15	0.000000e+00	0.000000e+00	0.000000e+00
534	4.329002e+15	0.000000e+00	0.000000e+00	0.000000e+00
535	4.332856e+15	0.000000e+00	0.000000e+00	0.000000e+00
536	4.336698e+15	0.000000e+00	0.000000e+00	0.000000e+00
537	4.340527e+15	0.000000e+00	0.000000e+00	0.000000e+00
538	4.344342e+15	0.000000e+00	0.000000e+00	0.000000e+00
539	4.348141e+15	0.000000e+00	0.000000e+00	0.000000e+00
540	4.351928e+15	0.000000e+00	0.000000e+00	0.000000e+00
541	4.355705e+15	0.000000e+00	0.000000e+00	0.000000e+00
542	4.359469e+15	0.000000e+00	0.000000e+00	0.000000e+00
543	4.363220e+15	0.000000e+00	0.000000e+00	0.000000e+00
544	4.366963e+15	0.000000e+00	0.000000e+00	0.000000e+00
545	4.370691e+15	0.000000e+00	0.000000e+00	0.000000e+00
546	4.374409e+15	0.000000e+00	0.000000e+00	0.000000e+00
547	4.378115e+15	0.000000e+00	0.000000e+00	0.000000e+00
548	4.381812e+15	0.000000e+00	0.000000e+00	0.000000e+00
549	4.385498e+15	0.000000e+00	0.000000e+00	0.000000e+00
550	4.389173e+15	0.000000e+00	0.000000e+00	0.000000e+00
551	4.392838e+15	0.000000e+00	0.000000e+00	0.000000e+00
552	4.396493e+15	0.000000e+00	0.000000e+00	0.000000e+00
553	4.400139e+15	0.000000e+00	0.000000e+00	0.000000e+00
554	4.403771e+15	0.000000e+00	0.000000e+00	0.000000e+00
555	4.407396e+15	0.000000e+00	0.000000e+00	0.000000e+00
556	4.411007e+15	0.000000e+00	0.000000e+00	0.000000e+00
557	4.414610e+15	0.000000e+00	0.000000e+00	0.000000e+00
558	4.418202e+15	0.000000e+00	0.000000e+00	0.000000e+00
559	4.421784e+15	0.000000e+00	0.000000e+00	0.000000e+00
560	4.425356e+15	0.000000e+00	0.000000e+00	0.000000e+00
561	4.428918e+15	0.000000e+00	0.000000e+00	0.000000e+00
562	4.432470e+15	0.000000e+00	0.000000e+00	0.000000e+00
563	4.436012e+15	0.000000e+00	0.000000e+00	0.000000e+00
564	4.439545e+15	0.000000e+00	0.000000e+00	0.000000e+00
565	4.443067e+15	0.000000e+00	0.000000e+00	0.000000e+00
566	4.446581e+15	0.000000e+00	0.000000e+00	0.000000e+00
567	4.450085e+15	0.000000e+00	0.000000e+00	0.000000e+00
568	4.453582e+15	0.000000e+00	0.000000e+00	0.000000e+00
569	4.457071e+15	0.000000e+00	0.000000e+00	0.000000e+00
570	4.460552e+15	0.000000e+00	0.000000e+00	0.000000e+00
571	4.464024e+15	0.000000e+00	0.000000e+00	0.000000e+00
572	4.467488e+15	0.000000e+00	0.000000e+00	0.000000e+00
573	4.470944e+15	0.000000e+00	0.000000e+00	0.000000e+00
574	4.474392e+15	0.000000e+00	0.000000e+00	0.000000e+00
575	4.477835e+15	0.000000e+00	0.000000e+00	0.000000e+00
576	4.481269e+15	0.000000e+00	0.000000e+00	0.000000e+00
577	4.484695e+15	0.000000e+00	0.000000e+00	0.000000e+00
578	4.488113e+15	0.000000e+00	0.000000e+00	0.000000e+00
579	4.491522e+15	0.000000e+00	0.000000e+00	0.000000e+00
580	4.494923e+15	0.000000e+00	0.000000e+00	0.000000e+00
581	4.498315e+15	0.000000e+00	0.000000e+00	0.000000e+00
582	4.501700e+15	0.000000e+00	0.000000e+00	0.000000e+00
583	4.505080e+15	0.000000e+00	0.000000e+00	0.000000e+00
584	4.508451e+15	0.000000e+00	0.000000e+00	0.000000e+00
585	4.511816e+15	0.000000e+00	0.000000e+00	0.000000e+00
586	4.515172e+15	0.000000e+00	0.000000e+00	0.000000e+00
587	4.518522e+15	0.000000e+00	0.000000e+00	0.000000e+00
588	4.521864e+15	0.000000e+00	0.000000e+00	0.000000e+00
589	4.525198e+15	0.000000e+00	0.000000e+00	0.000000e+00
590	4.528528e+15	0.000000e+00	0.000000e+00	0.000000e+00
591	4.531849e+15	0.000000e+00	0.000000e+00	0.000000e+00
592	4.535165e+15	0.000000e+00	0.000000e+00	0.000000e+00
593	4.538475e+15	0.000000e+00	0.000000e+00	0.000000e+00
594	4.541778e+15	0.000000e+00	0.000000e+00	0.000000e+00
595	4.545074e+15	0.000000e+00	0.000000e+00	0.000000e+00
596	4.548362e+15	0.000000e+00	0.000000e+00	0.000000e+00
597	4.551642e+15	0.000000e+00	0.000000e+00	0.000000e+00
598	4.554916e+15	0.000000e+00	0.000000e+00	0.000000e+00
599	4.558183e+15	0.000000e+00	0.000000e+00	0.000000e+00
600	4.561444e+15	0.000000e+00	0.000000e+00	0.000000e+00
601	4.564697e+15	0.000000e+00	0.000000e+00	0.000000e+00
602	4.567945e+15	0.000000e+00	0.000000e+00	0.000000e+00
603	4.571186e+15	0.000000e+00	0.000000e+00	0.000000e+00
604	4.574422e+15	0.000000e+00	0.000000e+00	0.000000e+00
605	4.577652e+15	0.000000e+00	0.000000e+00	0.000000e+00
606	4.580875e+15	0.000000e+00	0.000000e+00	0.000000e+00
607	4.584090e+15	0.000000e+00	0.000000e+00	0.000000e+00
608	4.587298e+15	0.000000e+00	0.000000e+00	0.000000e+00
609	4.590499e+15	0.000000e+00	0.000000e+00	0.000000e+00
610	4.593694e+15	0.000000e+00	0.000000e+00	0.000000e+00
611	4.596883e+15	0.000000e+00	0.000000e+00	0.000000e+00
612	4.600065e+15	0.000000e+00	0.000000e+00	0.000000e+00
613	4.603242e+15	0.000000e+00	0.000000e+00	0.000000e+00
614	4.606413e+15	0.000000e+00	0.000000e+00	0.000000e+00
615	4.609577e+15	0.000000e+00	0.000000e+00	0.000000e+00
616	4.612735e+15	0.000000e+00	0.000000e+00	0.000000e+00
617	4.615885e+15	0.000000e+00	0.000000e+00	0.000000e+00
618	4.619030e+15	0.000000e+00	0.000000e+00	0.000000e+00
619	4.622168e+15	0.000000e+00	0.000000e+00	0.000000e+00
620	4.625300e+15	0.000000e+00	0.000000e+00	0.000000e+00
621	4.628426e+15	0.000000e+00	0.000000e+00	0.000000e+00
622	4.631546e+15	0.000000e+00	0.000000e+00	0.000000e+00
623	4.634659e+15	0.000000e+00	0.000000e+00	0.000000e+00
624	4.637766e+15	0.000000e+00	0.000000e+00	0.000000e+00
625	4.640866e+15	0.000000e+00	0.000000e+00	0.000000e+00
626	4.643959e+15	0.000000e+00	0.000000e+00	0.000000e+00
627	4.647044e+15	0.000000e+00	0.000000e+00	0.000000e+00
628	4.650123e+15	0.000000e+00	0.000000e+00	0.000000e+00
629	4.653193e+15	0.000000e+00	0.000000e+00	0.000000e+00
630	4.656255e+15	0.000000e+00	0.000000e+00	0.000000e+00
631	4.659310e+15	0.000000e+00	0.000000e+00	0.000000e+00
632	4.662359e+15	0.000000e+00	0.000000e+00	0.000000e+00
633	4.665401e+15	0.000000e+00	0.000000e+00	0.000000e+00
634	4.668433e+15	0.000000e+00	0.000000e+00	0.000000e+00
635	4.671458e+15	0.000000e+00	0.000000e+00	0.000000e+00
636	4.674474e+15	0.000000e+00	0.000000e+00	0.000000e+00
637	4.677482e+15	0.000000e+00	0.000000e+00	0.000000e+00
638	4.680482e+15	0.000000e+00	0.000000e+00	0.000000e+00
639	4.683474e+15	0.000000e+00	0.000000e+00	0.000000e+00
640	4.686456e+15	0.000000e+00	0.000000e+00	0.000000e+00
641	4.689428e+15	0.000000e+00	0.000000e+00	0.000000e+00
642	4.692389e+15	0.000000e+00	0.000000e+00	0.000000e+00
643	4.695336e+15	0.000000e+00	0.000000e+00	0.000000e+00
644	4.698270e+15	0.000000e+00	0.000000e+00	0.000000e+00
645	4.701191e+15	0.000000e+00	0.000000e+00	0.000000e+00
646	4.702951e+15	0.000000e+00	0.000000e+00	0.000000e+00
647	4.704546e+15	0.000000e+00	0.000000e+00	0.000000e+00
648	4.706462e+15	0.000000e+00	0.000000e+00	0.000000e+00
649	4.708505e+15	0.000000e+00	0.000000e+00	0.000000e+00
650	4.710543e+15	0.000000e+00	0.000000e+00	0.000000e+00
651	4.712989e+15	0.000000e+00	0.000000e+00	0.000000e+00
652	4.715820e+15	0.000000e+00	0.000000e+00	0.000000e+00
653	4.718390e+15	0.000000e+00	0.000000e+00	0.000000e+00
654	4.720907e+15	0.000000e+00	0.000000e+00	0.000000e+00
655	4.723530e+15	0.000000e+00	0.000000e+00	0.000000e+00
656	4.725622e+15	0.000000e+00	0.000000e+00	0.000000e+00
657	4.727938e+15	0.000000e+00	0.000000e+00	0.000000e+00
658	4.730077e+15	0.000000e+00	0.000000e+00	0.000000e+00
659	4.731742e+15	0.000000e+00	0.000000e+00	0.000000e+00
660	4.732751e+15	0.000000e+00	0.000000e+00	0.000000e+00
661	4.733962e+15	0.000000e+00	0.000000e+00	0.000000e+00
662	4.735414e+15	0.000000e+00	0.000000e+00	0.000000e+00
663	4.737143e+15	0.000000e+00	0.000000e+00	0.000000e+00
664	4.737824e+15	0.000000e+00	0.000000e+00	0.000000e+00
665	4.738642e+15	0.000000e+00	0.000000e+00	0.000000e+00
666	4.739623e+15	0.000000e+00	0.000000e+00	0.000000e+00
667	4.740801e+15	0.000000e+00	0.000000e+00	0.000000e+00
668	4.742213e+15	0.000000e+00	0.000000e+00	0.000000e+00
669	4.743758e+15	0.000000e+00	0.000000e+00	0.000000e+00
670	4.745266e+15	0.000000e+00	0.000000e+00	0.000000e+00
671	4.746704e+15	0.000000e+00	0.000000e+00	0.000000e+00
672	4.748010e+15	0.000000e+00	0.000000e+00	0.000000e+00
673	4.749168e+15	0.000000e+00	0.000000e+00	0.000000e+00
674	4.750508e+15	0.000000e+00	0.000000e+00	0.000000e+00
675	4.751835e+15	0.000000e+00	0.000000e+00	0.000000e+00
676	4.752944e+15	0.000000e+00	0.000000e+00	0.000000e+00
677	4.754142e+15	0.000000e+00	0.000000e+00	0.000000e+00
678	4.755516e+15	0.000000e+00	0.000000e+00	0.000000e+00
679	4.756653e+15	0.000000e+00	0.000000e+00	0.000000e+00
680	4.757774e+15	0.000000e+00	0.000000e+00	0.000000e+00
681	4.758935e+15	0.000000e+00	0.000000e+00	0.000000e+00
682	4.760016e+15	0.000000e+00	0.000000e+00	0.000000e+00
683	4.761220e+15	0.000000e+00	0.000000e+00	0.000000e+00
684	4.762383e+15	0.000000e+00	0.000000e+00	0.000000e+00
685	4.763366e+15	0.000000e+00	0.000000e+00	0.000000e+00
686	4.764389e+15	0.000000e+00	0.000000e+00	0.000000e+00
687	4.765513e+15	0.000000e+00	0.000000e+00	0.000000e+00
688	4.766662e+15	0.000000e+00	0.000000e+00	0.000000e+00
689	4.767640e+15	0.000000e+00	0.000000e+00	0.000000e+00
690	4.768640e+15	0.000000e+00	0.000000e+00	0.000000e+00
691	4.769669e+15	0.000000e+00	0.000000e+00	0.000000e+00
692	4.770735e+15	0.000000e+00	0.000000e+00	0.000000e+00
693	4.771732e+15	0.000000e+00	0.000000e+00	0.000000e+00
694	4.772748e+15	0.000000e+00	0.000000e+00	0.000000e+00
695	4.773721e+15	0.000000e+00	0.000000e+00	0.000000e+00
696	4.774715e+15	0.000000e+00	0.000000e+00	0.000000e+00
697	4.775618e+15	0.000000e+00	0.000000e+00	0.000000e+00
698	4.776618e+15	0.000000e+00	0.000000e+00	0.000000e+00
699	4.777644e+15	0.000000e+00	0.000000e+00	0.000000e+00
700	4.778494e+15	0.000000e+00	0.000000e+00	0.000000e+00
701	4.778908e+15	0.000000e+00	0.000000e+00	0.000000e+00
702	4.779371e+15	0.000000e+00	0.000000e+00	0.000000e+00
703	4.779868e+15	0.000000e+00	0.000000e+00	0.000000e+00
704	4.780346e+15	0.000000e+00	0.000000e+00	0.000000e+00
705	4.780899e+15	0.000000e+00	0.000000e+00	0.000000e+00
706	4.781383e+15	0.000000e+00	0.000000e+00	0.000000e+00
707	4.781788e+15	0.000000e+00	0.000000e+00	0.000000e+00
708	4.782207e+15	0.000000e+00	0.000000e+00	0.000000e+00
709	4.782711e+15	0.000000e+00	0.000000e+00	0.000000e+00
710	4.783218e+15	0.000000e+00	0.000000e+00	0.000000e+00
711	4.783621e+15	0.000000e+00	0.000000e+00	0.000000e+00
712	4.784038e+15	0.000000e+00	0.000000e+00	0.000000e+00
713	4.784448e+15	0.000000e+00	0.000000e+00	0.000000e+00
714	4.784849e+15	0.000000e+00	0.000000e+00	0.000000e+00
715	4.785331e+15	0.000000e+00	0.000000e+00	0.000000e+00
716	4.785779e+15	0.000000e+00	0.000000e+00	0.000000e+00
717	4.786147e+15	0.000000e+00	0.000000e+00	0.000000e+00
718	4.786589e+15	0.000000e+00	0.000000e+00	0.000000e+00
719	4.787096e+15	0.000000e+00	0.000000e+00	0.000000e+00
720	4.787614e+15	0.000000e+00	0.000000e+00	0.000000e+00
721	4.787986e+15	0.000000e+00	0.000000e+00	0.000000e+00
722	4.788431e+15	0.000000e+00	0.000000e+00	0.000000e+00
723	4.788849e+15	0.000000e+00	0.000000e+00	0.000000e+00
724	4.789232e+15	0.000000e+00	0.000000e+00	0.000000e+00
725	4.789688e+15	0.000000e+00	0.000000e+00	0.000000e+00
726	4.790216e+15	0.000000e+00	0.000000e+00	0.000000e+00
727	4.790611e+15	0.000000e+00	0.000000e+00	0.000000e+00
728	4.791042e+15	0.000000e+00	0.000000e+00	0.000000e+00
729	4.791457e+15	0.000000e+00	0.000000e+00	0.000000e+00
730	4.791912e+15	0.000000e+00	0.000000e+00	0.000000e+00
731	4.792328e+15	0.000000e+00	0.000000e+00	0.000000e+00
732	4.792827e+15	0.000000e+00	0.000000e+00	0.000000e+00
733	4.793196e+15	0.000000e+00	0.000000e+00	0.000000e+00
734	4.793622e+15	0.000000e+00	0.000000e+00	0.000000e+00
735	4.794078e+15	0.000000e+00	3.523647e-02	0.000000e+00
736	4.794429e+15	0.000000e+00	3.176660e-01	0.000000e+00
737	4.794851e+15	0.000000e+00	1.351082e+00	5.181758e+15
738	4.795231e+15	0.000000e+00	2.469358e+00	1.239861e+16
739	4.795586e+15	0.000000e+00	4.557298e+00	1.440592e+16
740	4.795873e+15	0.000000e+00	3.822039e+00	1.306697e+16
741	4.796218e+15	0.000000e+00	4.771950e+00	2.191376e+16
742	4.796632e+15	0.000000e+00	5.713774e+00	2.724258e+16
743	4.797128e+15	0.000000e+00	1.523132e+01	2.587468e+16
744	4.797456e+15	0.000000e+00	1.015793e+01	2.346478e+16
745	4.797805e+15	0.000000e+00	1.322441e+01	2.631998e+16
746	4.798165e+15	0.000000e+00	1.923944e+01	3.930151e+16
747	4.798477e+15	0.000000e+00	1.512380e+01	3.248339e+16
748	4.798851e+15	0.000000e+00	2.931743e+01	3.496804e+16
749	4.799151e+15	0.000000e+00	1.945755e+01	3.983656e+16
750	4.799510e+15	0.000000e+00	2.763588e+01	3.682122e+16
751	4.799873e+15	0.000000e+00	3.159625e+01	4.156162e+16
752	4.800232e+15	0.000000e+00	4.833804e+01	4.715169e+16
753	4.800514e+15	0.000000e+00	3.183598e+01	3.504550e+16
754	4.800852e+15	0.000000e+00	4.433527e+01	5.249132e+16
755	4.801191e+15	0.000000e+00	4.402540e+01	4.922355e+16
756	4.801561e+15	2.774679e-03	5.075238e+01	5.111485e+16
757	4.801958e+15	1.595108e-01	8.857900e+01	6.660849e+16
758	4.802255e+15	1.403738e+00	6.968981e+01	3.956372e+16
759	4.802548e+15	4.122982e+00	6.779219e+01	5.444894e+16
760	4.802862e+15	1.064092e+01	8.895522e+01	6.429484e+16
761	4.803149e+15	2.084504e+01	9.257094e+01	5.419853e+16
762	4.803415e+15	3.282306e+01	9.869301e+01	4.914615e+16
763	4.803661e+15	4.168098e+01	1.029552e+02	3.576521e+16
764	4.803891e+15	5.310337e+01	1.070168e+02	3.958717e+16
765	4.804106e+15	6.651224e+01	1.103855e+02	4.897322e+16
766	4.804306e+15	7.574125e+01	1.144464e+02	3.741732e+16
767	4.804497e+15	8.518415e+01	1.162174e+02	4.360297e+16
768	4.804683e+15	9.574023e+01	1.223371e+02	3.430707e+16
769	4.804859e+15	1.044339e+02	1.236884e+02	2.383982e+16
770	4.805029e+15	1.182835e+02	1.215278e+02	3.938866e+16
771	4.805196e+15	1.387045e+02	1.266515e+02	3.959301e+16
772	4.805360e+15	1.465558e+02	1.308525e+02	2.868571e+16
773	4.805521e+15	1.568987e+02	1.331205e+02	4.358764e+16
774	4.805677e+15	1.732352e+02	1.360776e+02	1.930993e+16
775	4.805831e+15	1.827669e+02	1.372651e+02	3.115289e+16
776	4.805981e+15	1.882250e+02	1.340063e+02	3.002729e+16
777	4.806131e+15	2.094081e+02	1.415051e+02	3.934032e+16
778	4.806279e+15	1.997067e+02	1.385849e+02	3.288938e+16
779	4.806428e+15	2.011710e+02	1.406263e+02	4.166546e+16
780	4.806577e+15	2.235333e+02	1.448642e+02	3.646596e+16
781	4.806723e+15	2.242391e+02	1.440717e+02	3.383653e+16
782	4.806869e+15	2.276219e+02	1.437925e+02	3.407690e+16
783	4.807015e+15	2.351831e+02	1.460594e+02	3.469966e+16
784	4.807161e+15	2.246504e+02	1.429622e+02	3.113087e+16
785	4.807309e+15	2.353041e+02	1.483191e+02	3.335072e+16
786	4.807455e+15	2.390576e+02	1.455932e+02	3.477403e+16
787	4.807600e+15	2.454976e+02	1.459733e+02	2.776290e+16
788	4.807747e+15	2.523783e+02	1.527675e+02	4.340760e+16
789	4.807891e+15	2.414129e+02	1.474359e+02	4.245274e+16
790	4.808038e+15	2.522688e+02	1.511021e+02	3.136517e+16
791	4.808184e+15	2.595485e+02	1.490656e+02	3.392458e+16
792	4.808331e+15	2.629504e+02	1.520548e+02	3.462046e+16
793	4.808476e+15	2.603811e+02	1.553554e+02	3.645551e+16
794	4.808619e+15	2.568737e+02	1.555790e+02	4.430005e+16
795	4.808761e+15	2.616792e+02	1.530445e+02	3.651529e+16
796	4.808901e+15	2.700522e+02	1.524144e+02	3.456708e+16
797	4.809041e+15	2.593214e+02	1.492169e+02	3.489223e+16
798	4.809181e+15	2.608052e+02	1.510255e+02	3.074526e+16
799	4.809321e+15	2.604857e+02	1.518729e+02	1.489734e+16
800	4.809461e+15	2.584116e+02	1.544000e+02	3.492996e+16
801	4.809599e+15	2.655842e+02	1.523630e+02	3.216158e+16
802	4.809736e+15	2.737852e+02	1.540263e+02	3.428529e+16
803	4.809870e+15	2.659046e+02	1.548763e+02	3.122697e+16
804	4.810002e+15	2.660284e+02	1.528708e+02	3.684918e+16
805	4.810134e+15	2.622183e+02	1.486123e+02	2.908832e+16
806	4.810267e+15	2.677240e+02	1.509402e+02	2.790706e+16
807	4.810399e+15	2.698088e+02	1.492438e+02	3.976696e+16
808	4.810532e+15	2.633525e+02	1.494831e+02	2.582123e+16
809	4.810665e+15	2.617281e+02	1.504696e+02	4.287110e+16
810	4.810799e+15	2.558622e+02	1.508657e+02	3.293280e+16
811	4.810932e+15	2.574981e+02	1.483278e+02	2.888085e+16
812	4.811066e+15	2.570433e+02	1.454583e+02	3.640479e+16
813	4.811201e+15	2.657778e+02	1.477389e+02	2.922249e+16
814	4.811337e+15	2.575886e+02	1.480097e+02	3.712623e+16
815	4.811474e+15	2.636529e+02	1.511637e+02	3.765196e+16
816	4.811609e+15	2.636422e+02	1.485991e+02	3.284616e+16
817	4.811743e+15	2.637395e+02	1.503100e+02	2.382044e+16
818	4.811876e+15	2.502220e+02	1.466682e+02	3.876670e+16
819	4.812010e+15	2.529485e+02	1.486214e+02	2.567539e+16
820	4.812144e+15	2.617069e+02	1.502114e+02	1.947998e+16
821	4.812275e+15	2.549561e+02	1.472214e+02	3.033882e+16
822	4.812407e+15	2.500521e+02	1.446066e+02	3.201000e+16
823	4.812540e+15	2.593234e+02	1.502646e+02	2.756980e+16
824	4.812673e+15	2.508421e+02	1.496746e+02	4.350537e+16
825	4.812805e+15	2.543853e+02	1.469915e+02	3.223988e+16
826	4.812935e+15	2.550222e+02	1.451474e+02	3.492753e+16
827	4.813066e+15	2.535637e+02	1.463269e+02	2.901624e+16
828	4.813198e+15	2.453062e+02	1.451013e+02	3.106621e+16
829	4.813330e+15	2.525025e+02	1.457491e+02	3.129753e+16
830	4.813462e+15	2.559977e+02	1.472879e+02	3.059748e+16
831	4.813594e+15	2.533857e+02	1.460270e+02	4.192027e+16
832	4.813725e+15	2.557280e+02	1.457910e+02	3.841998e+16
833	4.813857e+15	2.563692e+02	1.479917e+02	3.722524e+16
834	4.813989e+15	2.420623e+02	1.438262e+02	3.386775e+16
835	4.814122e+15	2.552034e+02	1.470771e+02	3.717728e+16
836	4.814254e+15	2.566173e+02	1.460988e+02	2.836961e+16
837	4.814386e+15	2.428068e+02	1.478296e+02	3.118061e+16
838	4.814519e+15	2.431710e+02	1.459543e+02	3.922058e+16
839	4.814652e+15	2.494454e+02	1.441215e+02	2.669967e+16
840	4.814785e+15	2.459678e+02	1.454874e+02	2.910334e+16
841	4.814919e+15	2.415867e+02	1.461541e+02	4.269487e+16
842	4.815053e+15	2.512578e+02	1.507515e+02	2.463657e+16
843	4.815187e+15	2.465438e+02	1.456673e+02	2.950838e+16
844	4.815320e+15	2.456058e+02	1.445907e+02	3.992419e+16
845	4.815454e+15	2.493738e+02	1.474714e+02	3.588640e+16
846	4.815586e+15	2.394254e+02	1.436483e+02	2.950362e+16
847	4.815719e+15	2.490780e+02	1.441897e+02	3.654340e+16
848	4.815851e+15	2.467200e+02	1.435469e+02	2.749837e+16
849	4.815984e+15	2.439685e+02	1.433182e+02	2.888451e+16
850	4.816116e+15	2.521563e+02	1.446971e+02	2.472207e+16
851	4.816246e+15	2.448239e+02	1.426746e+02	4.091430e+16
852	4.816378e+15	2.415372e+02	1.466340e+02	3.013189e+16
853	4.816509e+15	2.400057e+02	1.462089e+02	3.623917e+16
854	4.816641e+15	2.431584e+02	1.444586e+02	3.810064e+16
855	4.816772e+15	2.471961e+02	1.430585e+02	2.291987e+16
856	4.816904e+15	2.474218e+02	1.417007e+02	2.653429e+16
857	4.817035e+15	2.535673e+02	1.449571e+02	3.239336e+16
858	4.817166e+15	2.525383e+02	1.449330e+02	3.103179e+16
859	4.817297e+15	2.495842e+02	1.442522e+02	3.111727e+16
860	4.817427e+15	2.542372e+02	1.467426e+02	3.367365e+16
861	4.817556e+15	2.479857e+02	1.494578e+02	3.486137e+16
862	4.817683e+15	2.373025e+02	1.438583e+02	4.362365e+16
863	4.817811e+15	2.462655e+02	1.463790e+02	2.266291e+16
864	4.817937e+15	2.409220e+02	1.433293e+02	2.911700e+16
865	4.818065e+15	2.421726e+02	1.445152e+02	2.910432e+16
866	4.818194e+15	2.391726e+02	1.451439e+02	3.925688e+16
867	4.818323e+15	2.361730e+02	1.412269e+02	3.763208e+16
868	4.818455e+15	2.525076e+02	1.465338e+02	2.943824e+16
869	4.818584e+15	2.455000e+02	1.437825e+02	3.148527e+16
870	4.818713e+15	2.408357e+02	1.442087e+02	3.444422e+16
871	4.818843e+15	2.419502e+02	1.446255e+02	3.070847e+16
872	4.818974e+15	2.421173e+02	1.441162e+02	2.759367e+16
873	4.819105e+15	2.498763e+02	1.410990e+02	2.976396e+16
874	4.819237e+15	2.469927e+02	1.404992e+02	3.277204e+16
875	4.819369e+15	2.439809e+02	1.420262e+02	4.077789e+16
876	4.819503e+15	2.301681e+02	1.438502e+02	2.049043e+16
877	4.819636e+15	2.362745e+02	1.437607e+02	4.034041e+16
878	4.819769e+15	2.400873e+02	1.373936e+02	3.073632e+16
879	4.819903e+15	2.530542e+02	1.433526e+02	2.491892e+16
880	4.820036e+15	2.400749e+02	1.451941e+02	3.182945e+16
881	4.820168e+15	2.415486e+02	1.465314e+02	2.762581e+16
882	4.820300e+15	2.518274e+02	1.497993e+02	5.333967e+16
883	4.820429e+15	2.498190e+02	1.464364e+02	3.383569e+16
884	4.820557e+15	2.517645e+02	1.504925e+02	4.084131e+16
885	4.820682e+15	2.422639e+02	1.414599e+02	3.243616e+16
886	4.820810e+15	2.397930e+02	1.433593e+02	3.391497e+16
887	4.820940e+15	2.380493e+02	1.424817e+02	1.998526e+16
888	4.821070e+15	2.317840e+02	1.391871e+02	3.415465e+16
889	4.821204e+15	2.421836e+02	1.475806e+02	3.786272e+16
890	4.821336e+15	2.436551e+02	1.494503e+02	4.798503e+16
891	4.821468e+15	2.518287e+02	1.527628e+02	3.752768e+16
892	4.821597e+15	2.513500e+02	1.477275e+02	3.714146e+16
893	4.821724e+15	2.449702e+02	1.418183e+02	2.751843e+16
894	4.821854e+15	2.373789e+02	1.475615e+02	3.388419e+16
895	4.821983e+15	2.390291e+02	1.437126e+02	2.090488e+16
896	4.822113e+15	2.411343e+02	1.448956e+02	3.945379e+16
897	4.822244e+15	2.346712e+02	1.442976e+02	3.997407e+16
898	4.822377e+15	2.316528e+02	1.450553e+02	2.950465e+16
899	4.822511e+15	2.462187e+02	1.511825e+02	2.888112e+16
900	4.822642e+15	2.423114e+02	1.480132e+02	3.283574e+16
901	4.822771e+15	2.346978e+02	1.410049e+02	3.873281e+16
902	4.822904e+15	2.397879e+02	1.460297e+02	2.254947e+16
903	4.823035e+15	2.468041e+02	1.471805e+02	1.540969e+16
904	4.823165e+15	2.413014e+02	1.463559e+02	4.084564e+16
905	4.823295e+15	2.428997e+02	1.474942e+02	3.560607e+16
906	4.823425e+15	2.376191e+02	1.436316e+02	3.217535e+16
907	4.823554e+15	2.391596e+02	1.462194e+02	3.149805e+16
908	4.823684e+15	2.407805e+02	1.442857e+02	3.352553e+16
909	4.823815e+15	2.450921e+02	1.465570e+02	3.621709e+16
910	4.823946e+15	2.422255e+02	1.481609e+02	3.434274e+16
911	4.824077e+15	2.354253e+02	1.469268e+02	1.874831e+16
912	4.824211e+15	2.415890e+02	1.496514e+02	4.581030e+16
913	4.824343e+15	2.293725e+02	1.469737e+02	3.584641e+16
914	4.824477e+15	2.396627e+02	1.496510e+02	2.931856e+16
915	4.824610e+15	2.422378e+02	1.518571e+02	2.856375e+16
916	4.824741e+15	2.406437e+02	1.459436e+02	4.070971e+16
917	4.824874e+15	2.532562e+02	1.459959e+02	3.192538e+16
918	4.825007e+15	2.445404e+02	1.488560e+02	3.964660e+16
919	4.825139e+15	2.411393e+02	1.505448e+02	2.396564e+16
920	4.825270e+15	2.465603e+02	1.507973e+02	4.480565e+16
921	4.825401e+15	2.479311e+02	1.520498e+02	4.179842e+16
922	4.825530e+15	2.451014e+02	1.469944e+02	3.491630e+16
923	4.825660e+15	2.506745e+02	1.472775e+02	3.103816e+16
924	4.825790e+15	2.493746e+02	1.491881e+02	2.820005e+16
925	4.825920e+15	2.449411e+02	1.482208e+02	2.947907e+16
926	4.826050e+15	2.417840e+02	1.476215e+02	4.420356e+16
927	4.826180e+15	2.409964e+02	1.493195e+02	3.543479e+16
928	4.826311e+15	2.499059e+02	1.533008e+02	2.874325e+16
929	4.826438e+15	2.456732e+02	1.473488e+02	3.118023e+16
930	4.826566e+15	2.499604e+02	1.494770e+02	3.904819e+16
931	4.826695e+15	2.345512e+02	1.520900e+02	2.123990e+16
932	4.826825e+15	2.419934e+02	1.544811e+02	3.608358e+16
933	4.826953e+15	2.482305e+02	1.507048e+02	2.674240e+16
934	4.827081e+15	2.285946e+02	1.411464e+02	3.657347e+16
935	4.827213e+15	2.335789e+02	1.490796e+02	4.309737e+16
936	4.827346e+15	2.352602e+02	1.506255e+02	3.658311e+16
937	4.827480e+15	2.464407e+02	1.565231e+02	3.363227e+16
938	4.827613e+15	2.398777e+02	1.505740e+02	4.030233e+16
939	4.827747e+15	2.373050e+02	1.521772e+02	3.314910e+16
940	4.827880e+15	2.063787e+02	1.556440e+02	3.969102e+16
941	4.828010e+15	1.914563e+02	1.510801e+02	3.975764e+16
942	4.828141e+15	2.144772e+02	1.579508e+02	3.466311e+16
943	4.828270e+15	2.180811e+02	1.513741e+02	2.116166e+16
944	4.828399e+15	2.163619e+02	1.511186e+02	4.296974e+16
945	4.828529e+15	2.085528e+02	1.510621e+02	3.099524e+16
946	4.828661e+15	2.240778e+02	1.589310e+02	3.650792e+16
947	4.828792e+15	2.329516e+02	1.549314e+02	3.018800e+16
948	4.828922e+15	2.379766e+02	1.549805e+02	3.260133e+16
949	4.829054e+15	2.317509e+02	1.555406e+02	4.119449e+16
950	4.829185e+15	2.237611e+02	1.526756e+02	3.790871e+16
951	4.829316e+15	2.346224e+02	1.512323e+02	3.385825e+16
952	4.829446e+15	2.540630e+02	1.518009e+02	3.207631e+16
953	4.829576e+15	2.563597e+02	1.545699e+02	2.446399e+16
954	4.829705e+15	2.531830e+02	1.545965e+02	4.451352e+16
955	4.829836e+15	2.555863e+02	1.558633e+02	4.824926e+16
956	4.829966e+15	2.508464e+02	1.561414e+02	3.400797e+16
957	4.830096e+15	2.458391e+02	1.562912e+02	3.074839e+16
958	4.830227e+15	2.488268e+02	1.640830e+02	3.844923e+16
959	4.830354e+15	2.380011e+02	1.546967e+02	3.690460e+16
960	4.830484e+15	2.523153e+02	1.587173e+02	5.560292e+16
961	4.830614e+15	2.395336e+02	1.580214e+02	3.841505e+16
962	4.830745e+15	2.370010e+02	1.551048e+02	2.098870e+16
963	4.830877e+15	2.467921e+02	1.575441e+02	3.277337e+16
964	4.831008e+15	2.621101e+02	1.588008e+02	3.844206e+16
965	4.831138e+15	2.453326e+02	1.497523e+02	3.439686e+16
966	4.831271e+15	2.465035e+02	1.546106e+02	1.807609e+16
967	4.831403e+15	2.449389e+02	1.565108e+02	2.638367e+16
968	4.831537e+15	2.492820e+02	1.595252e+02	3.595181e+16
969	4.831670e+15	2.579097e+02	1.602872e+02	5.008198e+16
970	4.831801e+15	2.464959e+02	1.569495e+02	4.191330e+16
971	4.831934e+15	2.449014e+02	1.547624e+02	2.983662e+16
972	4.832067e+15	2.410353e+02	1.528748e+02	3.127006e+16
973	4.832201e+15	2.448188e+02	1.533271e+02	2.528494e+16
974	4.832335e+15	2.495871e+02	1.500098e+02	3.430446e+16
975	4.832468e+15	2.431715e+02	1.474680e+02	3.874269e+16
976	4.832602e+15	2.375877e+02	1.491293e+02	3.451440e+16
977	4.832737e+15	2.602944e+02	1.545102e+02	3.910015e+16
978	4.832870e+15	2.438442e+02	1.472700e+02	3.838627e+16
979	4.833007e+15	2.625873e+02	1.585294e+02	4.454959e+16
980	4.833140e+15	2.410791e+02	1.528683e+02	3.226059e+16
981	4.833276e+15	2.575671e+02	1.569657e+02	4.425276e+16
982	4.833409e+15	2.597484e+02	1.561784e+02	2.891933e+16
983	4.833541e+15	2.422839e+02	1.324405e+02	2.766152e+16
984	4.833673e+15	2.510132e+02	1.393870e+02	2.474470e+16
985	4.833806e+15	2.591574e+02	1.455362e+02	5.549209e+16
986	4.833935e+15	2.322980e+02	1.312892e+02	3.486611e+16
987	4.834067e+15	2.339101e+02	1.363705e+02	3.229749e+16
988	4.834197e+15	1.968711e+02	1.272593e+02	3.872974e+16
989	4.834332e+15	2.349275e+02	1.379291e+02	3.965360e+16
990	4.834466e+15	2.503677e+02	1.326759e+02	5.056657e+16
991	4.834600e+15	2.486912e+02	1.341321e+02	4.759284e+16
992	4.834735e+15	2.395511e+02	1.459318e+02	3.374870e+16
993	4.834867e+15	2.143944e+02	1.409060e+02	4.342588e+16
994	4.835000e+15	2.065905e+02	1.439827e+02	4.195990e+16
995	4.835138e+15	2.141658e+02	1.550834e+02	4.227165e+16
996	4.835271e+15	1.978725e+02	1.484138e+02	3.550452e+16
997	4.835408e+15	2.093545e+02	1.625684e+02	2.652698e+16
998	4.835539e+15	1.994933e+02	1.482047e+02	3.493047e+16
999	4.835674e+15	2.185100e+02	1.628978e+02	3.355526e+16
1000	4.835807e+15	1.983169e+02	1.588345e+02	3.821346e+16
1001	4.835941e+15	2.033879e+02	1.606273e+02	3.679313e+16
1002	4.836074e+15	2.191320e+02	1.618893e+02	2.806602e+16
1003	4.836208e+15	2.097563e+02	1.582050e+02	3.736670e+16
1004	4.836344e+15	2.178431e+02	1.651385e+02	4.093413e+16
1005	4.836479e+15	2.275661e+02	1.634066e+02	3.236428e+16
1006	4.836614e+15	2.312774e+02	1.562977e+02	3.710823e+16
1007	4.836753e+15	2.438944e+02	1.630833e+02	4.954959e+16
1008	4.836891e+15	2.372547e+02	1.644168e+02	3.873526e+16
1009	4.837027e+15	2.436344e+02	1.606264e+02	3.130736e+16
1010	4.837162e+15	2.623501e+02	1.626926e+02	3.895736e+16
1011	4.837297e+15	2.547515e+02	1.540482e+02	5.073957e+16
1012	4.837431e+15	2.551871e+02	1.548303e+02	2.892618e+16
1013	4.837564e+15	2.500662e+02	1.546340e+02	4.012730e+16
1014	4.837697e+15	2.400636e+02	1.525165e+02	3.241365e+16
1015	4.837832e+15	2.427156e+02	1.569733e+02	3.915058e+16
1016	4.837967e+15	2.295243e+02	1.521304e+02	3.004355e+16
1017	4.838106e+15	2.538641e+02	1.626814e+02	4.497218e+16
1018	4.838242e+15	2.435267e+02	1.541028e+02	2.338404e+16
1019	4.838378e+15	2.640572e+02	1.605449e+02	3.671442e+16
1020	4.838514e+15	2.620014e+02	1.634557e+02	3.083284e+16
1021	4.838649e+15	2.422665e+02	1.562520e+02	3.599873e+16
1022	4.838787e+15	2.558904e+02	1.616199e+02	3.437933e+16
1023	4.838923e+15	2.509583e+02	1.434514e+02	3.158722e+16
1024	4.839062e+15	2.479894e+02	1.546389e+02	5.236498e+16
1025	4.839197e+15	2.561990e+02	1.547395e+02	3.188156e+16
1026	4.839332e+15	2.513794e+02	1.531402e+02	2.442117e+16
1027	4.839467e+15	2.376362e+02	1.491897e+02	4.541446e+16
1028	4.839603e+15	2.421205e+02	1.499238e+02	3.786926e+16
1029	4.839738e+15	2.507222e+02	1.503342e+02	3.711603e+16
1030	4.839873e+15	2.448516e+02	1.464157e+02	3.464001e+16
1031	4.840008e+15	2.563675e+02	1.484412e+02	2.255601e+16
1032	4.840144e+15	2.507794e+02	1.496969e+02	2.498312e+16
1033	4.840279e+15	2.284368e+02	1.549193e+02	3.372148e+16
1034	4.840416e+15	2.224007e+02	1.592771e+02	3.750857e+16
1035	4.840553e+15	2.210617e+02	1.489859e+02	6.547120e+16
1036	4.840688e+15	2.101084e+02	1.431842e+02	2.548096e+16
1037	4.840825e+15	2.177792e+02	1.456924e+02	4.775574e+16
1038	4.840962e+15	2.339822e+02	1.511703e+02	3.338593e+16
1039	4.841098e+15	2.276096e+02	1.441189e+02	3.502763e+16
1040	4.841238e+15	2.310176e+02	1.553279e+02	3.702580e+16
1041	4.841374e+15	2.218468e+02	1.516617e+02	3.993353e+16
1042	4.841513e+15	2.078284e+02	1.534571e+02	3.526557e+16
1043	4.841653e+15	2.025374e+02	1.590180e+02	2.963040e+16
1044	4.841794e+15	1.847996e+02	1.675817e+02	3.619452e+16
1045	4.841933e+15	1.804894e+02	1.629542e+02	2.866602e+16
1046	4.842072e+15	2.031931e+02	1.645108e+02	2.905598e+16
1047	4.842209e+15	2.082990e+02	1.623961e+02	4.027687e+16
1048	4.842347e+15	2.029727e+02	1.572009e+02	4.000354e+16
1049	4.842486e+15	2.180739e+02	1.612028e+02	3.778155e+16
1050	4.842624e+15	2.338513e+02	1.572761e+02	3.603638e+16
1051	4.842762e+15	2.317729e+02	1.525541e+02	3.248026e+16
1052	4.842904e+15	2.343851e+02	1.575937e+02	2.795268e+16
1053	4.843045e+15	2.205036e+02	1.553365e+02	5.339619e+16
1054	4.843189e+15	2.213038e+02	1.555769e+02	4.562196e+16
1055	4.843333e+15	2.269542e+02	1.662437e+02	3.488465e+16
1056	4.843476e+15	2.162745e+02	1.637045e+02	3.916932e+16
1057	4.843619e+15	2.319377e+02	1.627058e+02	5.234799e+16
1058	4.843764e+15	2.399518e+02	1.655763e+02	3.931372e+16
1059	4.843907e+15	2.280893e+02	1.661156e+02	1.613433e+16
1060	4.844051e+15	2.366504e+02	1.672801e+02	4.238061e+16
1061	4.844195e+15	2.463198e+02	1.679651e+02	4.308544e+16
1062	4.844337e+15	2.441180e+02	1.438081e+02	4.674591e+16
1063	4.844481e+15	2.622730e+02	1.486759e+02	3.080296e+16
1064	4.844621e+15	2.449906e+02	1.392267e+02	2.798851e+16
1065	4.844764e+15	2.421927e+02	1.416869e+02	5.143937e+16
1066	4.844909e+15	2.578916e+02	1.490122e+02	4.895516e+16
1067	4.845050e+15	2.322335e+02	1.381718e+02	3.963926e+16
1068	4.845196e+15	2.362429e+02	1.464558e+02	4.541565e+16
1069	4.845342e+15	2.334213e+02	1.490588e+02	3.981496e+16
1070	4.845486e+15	2.257296e+02	1.542138e+02	4.775153e+16
1071	4.845629e+15	2.214004e+02	1.576402e+02	4.322158e+16
1072	4.845771e+15	2.107645e+02	1.618536e+02	4.727775e+16
1073	4.845915e+15	2.059937e+02	1.639633e+02	2.197011e+16
1074	4.846058e+15	1.807500e+02	1.565422e+02	3.031535e+16
1075	4.846203e+15	1.896638e+02	1.505968e+02	3.968023e+16
1076	4.846344e+15	1.912459e+02	1.445637e+02	4.902227e+16
1077	4.846484e+15	1.994371e+02	1.449380e+02	4.215835e+16
1078	4.846623e+15	1.964407e+02	1.448217e+02	3.086513e+16
1079	4.846762e+15	1.941359e+02	1.460507e+02	3.607939e+16
1080	4.846901e+15	2.073954e+02	1.422300e+02	2.435930e+16
1081	4.847040e+15	2.131309e+02	1.409007e+02	4.596233e+16
1082	4.847179e+15	2.186692e+02	1.510772e+02	3.934786e+16
1083	4.847317e+15	2.051550e+02	1.467306e+02	4.109275e+16
1084	4.847457e+15	2.077023e+02	1.454260e+02	3.145869e+16
1085	4.847599e+15	2.073565e+02	1.529516e+02	3.112110e+16
1086	4.847740e+15	1.861635e+02	1.492826e+02	3.585323e+16
1087	4.847886e+15	2.014762e+02	1.601505e+02	3.957773e+16
1088	4.848028e+15	1.981768e+02	1.573880e+02	3.330749e+16
1089	4.848170e+15	2.022178e+02	1.574925e+02	4.431969e+16
1090	4.848314e+15	2.208813e+02	1.653674e+02	5.294400e+16
1091	4.848458e+15	2.299281e+02	1.662121e+02	4.374318e+16
1092	4.848603e+15	2.350226e+02	1.658454e+02	3.360147e+16
1093	4.848748e+15	2.339576e+02	1.668268e+02	5.007339e+16
1094	4.848892e+15	2.213233e+02	1.666612e+02	5.175669e+16
1095	4.849040e+15	2.334095e+02	1.740304e+02	5.019496e+16
1096	4.849185e+15	2.356431e+02	1.653737e+02	2.549534e+16
1097	4.849331e+15	2.312225e+02	1.655950e+02	4.580001e+16
1098	4.849478e+15	2.481104e+02	1.710277e+02	2.920022e+16
1099	4.849622e+15	2.529688e+02	1.603286e+02	5.142528e+16
1100	4.849769e+15	2.629995e+02	1.649459e+02	4.455744e+16
1101	4.849915e+15	2.636467e+02	1.721016e+02	3.983359e+16
1102	4.850059e+15	2.532192e+02	1.657061e+02	2.466629e+16
1103	4.850206e+15	2.618448e+02	1.764396e+02	3.501880e+16
1104	4.850351e+15	2.510234e+02	1.672187e+02	3.586839e+16
1105	4.850496e+15	2.419880e+02	1.681656e+02	5.116194e+16
1106	4.850641e+15	2.466065e+02	1.688522e+02	3.862029e+16
1107	4.850785e+15	2.620041e+02	1.657157e+02	4.654314e+16
1108	4.850928e+15	2.711898e+02	1.629035e+02	4.113665e+16
1109	4.851071e+15	2.834542e+02	1.737417e+02	3.713284e+16
1110	4.851212e+15	2.635082e+02	1.684201e+02	5.248499e+16
1111	4.851352e+15	2.587044e+02	1.732797e+02	4.879866e+16
1112	4.851492e+15	2.606859e+02	1.710506e+02	3.858590e+16
1113	4.851631e+15	2.496313e+02	1.655705e+02	3.590870e+16
1114	4.851773e+15	2.522683e+02	1.669012e+02	3.104587e+16
1115	4.851912e+15	2.432132e+02	1.524221e+02	2.862427e+16
1116	4.852056e+15	2.651540e+02	1.647729e+02	6.219179e+16
1117	4.852202e+15	2.716399e+02	1.674578e+02	4.118820e+16
1118	4.852349e+15	2.615489e+02	1.619772e+02	4.146900e+16
1119	4.852497e+15	2.499853e+02	1.640122e+02	5.175350e+16
1120	4.852646e+15	2.526167e+02	1.620701e+02	3.505209e+16
1121	4.852792e+15	2.509208e+02	1.533559e+02	5.266318e+16
1122	4.852941e+15	2.641446e+02	1.682827e+02	2.954735e+16
1123	4.853087e+15	2.352696e+02	1.554330e+02	3.471071e+16
1124	4.853239e+15	2.670021e+02	1.546696e+02	4.970561e+16
1125	4.853388e+15	2.495809e+02	1.512271e+02	5.807381e+16
1126	4.853540e+15	2.311177e+02	1.524344e+02	5.385076e+16
1127	4.853696e+15	2.457535e+02	1.696847e+02	4.185940e+16
1128	4.853847e+15	2.531162e+02	1.719413e+02	5.100973e+16
1129	4.853997e+15	2.553068e+02	1.698113e+02	5.542589e+16
1130	4.854149e+15	2.715364e+02	1.772988e+02	5.482289e+16
1131	4.854297e+15	2.409548e+02	1.636373e+02	4.315044e+16
1132	4.854448e+15	2.521087e+02	1.657834e+02	3.703322e+16
1133	4.854599e+15	2.796623e+02	1.569775e+02	4.964904e+16
1134	4.854747e+15	2.712505e+02	1.563602e+02	2.399157e+16
1135	4.854896e+15	2.570656e+02	1.600322e+02	3.791037e+16
1136	4.855042e+15	2.468476e+02	1.606950e+02	3.458768e+16
1137	4.855188e+15	2.418687e+02	1.626028e+02	4.069003e+16
1138	4.855335e+15	2.215385e+02	1.617896e+02	4.607892e+16
1139	4.855484e+15	2.301949e+02	1.625148e+02	4.378389e+16
1140	4.855629e+15	2.174749e+02	1.602697e+02	3.691774e+16
1141	4.855776e+15	2.271315e+02	1.619082e+02	4.711429e+16
1142	4.855923e+15	2.328168e+02	1.650296e+02	5.040495e+16
1143	4.856072e+15	2.380752e+02	1.666264e+02	1.954151e+16
1144	4.856222e+15	2.327864e+02	1.682675e+02	4.313579e+16
1145	4.856375e+15	2.155856e+02	1.682795e+02	4.150059e+16
1146	4.856528e+15	2.245989e+02	1.736689e+02	4.765571e+16
1147	4.856678e+15	2.356994e+02	1.701087e+02	3.677254e+16
1148	4.856830e+15	2.549624e+02	1.717534e+02	4.890956e+16
1149	4.856980e+15	2.563761e+02	1.670642e+02	4.769658e+16
1150	4.857131e+15	2.606150e+02	1.718732e+02	3.961390e+16
1151	4.857281e+15	2.422563e+02	1.706575e+02	2.819830e+16
1152	4.857431e+15	2.424085e+02	1.731312e+02	4.643319e+16
1153	4.857579e+15	2.491968e+02	1.691789e+02	3.169913e+16
1154	4.857729e+15	2.522612e+02	1.689212e+02	3.748839e+16
1155	4.857877e+15	2.702960e+02	1.695644e+02	3.706921e+16
1156	4.858024e+15	2.725318e+02	1.668390e+02	2.055875e+16
1157	4.858172e+15	2.662223e+02	1.691256e+02	3.789369e+16
1158	4.858318e+15	2.579308e+02	1.644164e+02	4.448805e+16
1159	4.858466e+15	2.504094e+02	1.621202e+02	3.876611e+16
1160	4.858614e+15	2.618325e+02	1.691891e+02	3.630392e+16
1161	4.858761e+15	2.580576e+02	1.650809e+02	4.854935e+16
1162	4.858910e+15	2.661969e+02	1.687216e+02	4.016152e+16
1163	4.859056e+15	2.461316e+02	1.532342e+02	3.881727e+16
1164	4.859207e+15	2.553953e+02	1.565895e+02	3.305480e+16
1165	4.859357e+15	2.627009e+02	1.511029e+02	3.693046e+16
1166	4.859503e+15	2.568094e+02	1.515637e+02	3.374849e+16
1167	4.859651e+15	2.540419e+02	1.613871e+02	4.911623e+16
1168	4.859799e+15	2.530328e+02	1.623100e+02	3.960063e+16
1169	4.859949e+15	2.441671e+02	1.634257e+02	3.650551e+16
1170	4.860103e+15	2.403297e+02	1.727957e+02	4.018180e+16
1171	4.860255e+15	2.351933e+02	1.700882e+02	5.269808e+16
1172	4.860409e+15	2.612427e+02	1.742085e+02	4.314662e+16
1173	4.860560e+15	2.621203e+02	1.682706e+02	4.662090e+16
1174	4.860710e+15	2.641116e+02	1.685210e+02	4.765435e+16
1175	4.860861e+15	2.807373e+02	1.767448e+02	4.673228e+16
1176	4.861008e+15	2.584480e+02	1.690923e+02	4.319830e+16
1177	4.861156e+15	2.483047e+02	1.728911e+02	4.216712e+16
1178	4.861303e+15	2.576247e+02	1.745202e+02	5.352911e+16
1179	4.861449e+15	2.484702e+02	1.690006e+02	2.814396e+16
1180	4.861597e+15	2.551124e+02	1.728686e+02	2.923121e+16
1181	4.861744e+15	2.325045e+02	1.673283e+02	5.291168e+16
1182	4.861893e+15	2.068600e+02	1.679081e+02	5.014481e+16
1183	4.862042e+15	2.282090e+02	1.672772e+02	3.504238e+16
1184	4.862192e+15	2.513133e+02	1.734957e+02	3.840771e+16
1185	4.862340e+15	2.418842e+02	1.695533e+02	4.860468e+16
1186	4.862488e+15	2.254102e+02	1.652622e+02	4.657019e+16
1187	4.862640e+15	2.326077e+02	1.743184e+02	3.749053e+16
1188	4.862791e+15	2.217627e+02	1.699662e+02	4.195570e+16
1189	4.862943e+15	2.368364e+02	1.718697e+02	4.947820e+16
1190	4.863094e+15	2.392894e+02	1.656449e+02	5.141692e+16
1191	4.863249e+15	2.454515e+02	1.698658e+02	4.258295e+16
1192	4.863403e+15	2.371189e+02	1.674979e+02	3.696796e+16
1193	4.863557e+15	2.247688e+02	1.646551e+02	4.908317e+16
1194	4.863716e+15	2.541660e+02	1.601872e+02	4.764516e+16
1195	4.863870e+15	2.443068e+02	1.497882e+02	4.284167e+16
1196	4.864026e+15	2.349743e+02	1.544391e+02	3.459060e+16
1197	4.864182e+15	2.467371e+02	1.594698e+02	4.477328e+16
1198	4.864338e+15	2.503400e+02	1.657903e+02	4.117290e+16
1199	4.864491e+15	2.113203e+02	1.575408e+02	4.026818e+16
1200	4.864650e+15	2.107335e+02	1.685601e+02	4.607094e+16
1201	4.864808e+15	2.171906e+02	1.729248e+02	4.924154e+16
1202	4.864964e+15	2.206775e+02	1.668300e+02	4.200828e+16
1203	4.865121e+15	2.334039e+02	1.726428e+02	5.745279e+16
1204	4.865274e+15	2.329757e+02	1.656433e+02	3.107390e+16
1205	4.865428e+15	2.474647e+02	1.690441e+02	3.907302e+16
1206	4.865579e+15	2.396837e+02	1.624299e+02	2.801541e+16
1207	4.865732e+15	2.456405e+02	1.568557e+02	3.900986e+16
1208	4.865881e+15	2.368487e+02	1.484125e+02	5.751956e+16
1209	4.866033e+15	2.449627e+02	1.501648e+02	3.554306e+16
1210	4.866185e+15	2.333255e+02	1.499256e+02	4.271542e+16
1211	4.866338e+15	2.304649e+02	1.521402e+02	4.496298e+16
1212	4.866489e+15	2.340797e+02	1.533846e+02	4.471055e+16
1213	4.866641e+15	2.328641e+02	1.606291e+02	4.124442e+16
1214	4.866792e+15	2.109521e+02	1.493604e+02	4.423248e+16
1215	4.866946e+15	2.113771e+02	1.545661e+02	6.587720e+16
1216	4.867100e+15	2.062141e+02	1.444465e+02	3.879955e+16
1217	4.867256e+15	2.040398e+02	1.424117e+02	3.753016e+16
1218	4.867415e+15	2.163700e+02	1.444057e+02	2.953430e+16
1219	4.867571e+15	2.044229e+02	1.363386e+02	6.201064e+16
1220	4.867731e+15	2.262793e+02	1.498917e+02	4.456154e+16
1221	4.867888e+15	2.231601e+02	1.453796e+02	4.316342e+16
1222	4.868045e+15	2.306452e+02	1.495795e+02	5.511852e+16
1223	4.868199e+15	2.220595e+02	1.490535e+02	4.516435e+16
1224	4.868350e+15	2.198244e+02	1.455429e+02	4.357011e+16
1225	4.868502e+15	2.204783e+02	1.505284e+02	3.766174e+16
1226	4.868652e+15	2.094544e+02	1.440824e+02	2.771572e+16
1227	4.868806e+15	2.249171e+02	1.512599e+02	3.859278e+16
1228	4.868957e+15	2.157147e+02	1.435479e+02	4.483907e+16
1229	4.869110e+15	2.080034e+02	1.449593e+02	3.126409e+16
1230	4.869265e+15	2.179225e+02	1.364501e+02	3.023870e+16
1231	4.869418e+15	1.978480e+02	1.294809e+02	2.708050e+16
1232	4.869576e+15	1.944620e+02	1.372446e+02	3.591568e+16
1233	4.869735e+15	1.927525e+02	1.390967e+02	2.600489e+16
1234	4.869894e+15	1.779665e+02	1.395631e+02	2.969331e+16
1235	4.870057e+15	1.815261e+02	1.459339e+02	3.111076e+16
1236	4.870217e+15	1.778290e+02	1.460628e+02	2.607079e+16
1237	4.870379e+15	1.784867e+02	1.482666e+02	3.324522e+16
1238	4.870540e+15	1.854537e+02	1.464907e+02	4.210432e+16
1239	4.870700e+15	1.888005e+02	1.469851e+02	3.778835e+16
1240	4.870862e+15	1.933724e+02	1.474724e+02	4.441764e+16
1241	4.871024e+15	2.024084e+02	1.472840e+02	2.990635e+16
1242	4.871183e+15	1.990274e+02	1.395626e+02	5.100861e+16
1243	4.871345e+15	2.178459e+02	1.485208e+02	3.751319e+16
1244	4.871502e+15	2.143608e+02	1.461509e+02	3.358812e+16
1245	4.871659e+15	2.166535e+02	1.480990e+02	3.966537e+16
1246	4.871818e+15	2.134138e+02	1.507230e+02	4.680264e+16
1247	4.871975e+15	2.045233e+02	1.467646e+02	2.702205e+16
1248	4.872132e+15	2.083508e+02	1.466147e+02	4.899318e+16
1249	4.872288e+15	2.329731e+02	1.453555e+02	4.455757e+16
1250	4.872441e+15	2.352892e+02	1.387563e+02	3.192292e+16
1251	4.872593e+15	2.359645e+02	1.372879e+02	3.234721e+16
1252	4.872747e+15	2.393502e+02	1.443102e+02	4.538638e+16
1253	4.872900e+15	2.317636e+02	1.430201e+02	4.585018e+16
1254	4.873054e+15	2.245170e+02	1.474518e+02	4.249326e+16
1255	4.873206e+15	2.158594e+02	1.426576e+02	3.786769e+16
1256	4.873359e+15	2.151103e+02	1.431065e+02	4.127115e+16
1257	4.873511e+15	2.246676e+02	1.445630e+02	5.816841e+16
1258	4.873663e+15	2.215612e+02	1.406709e+02	4.346132e+16
1259	4.873818e+15	2.151211e+02	1.366385e+02	4.668080e+16
1260	4.873976e+15	2.087757e+02	1.381044e+02	4.145271e+16
1261	4.874135e+15	2.086467e+02	1.404338e+02	3.655139e+16
1262	4.874294e+15	2.045156e+02	1.397250e+02	4.833156e+16
1263	4.874454e+15	2.089727e+02	1.455791e+02	4.069498e+16
1264	4.874611e+15	1.992855e+02	1.417470e+02	5.285208e+16
1265	4.874769e+15	2.108275e+02	1.496217e+02	5.816916e+16
1266	4.874922e+15	1.888695e+02	1.405848e+02	4.090859e+16
1267	4.875077e+15	1.946359e+02	1.442996e+02	4.613934e+16
1268	4.875232e+15	1.982762e+02	1.434014e+02	5.955410e+16
1269	4.875387e+15	1.969533e+02	1.474333e+02	3.221710e+16
1270	4.875542e+15	1.963537e+02	1.459845e+02	6.430792e+16
1271	4.875698e+15	1.956113e+02	1.460362e+02	3.643817e+16
1272	4.875855e+15	2.089197e+02	1.478457e+02	3.308540e+16
1273	4.876009e+15	2.136686e+02	1.436491e+02	5.952564e+16
1274	4.876165e+15	2.175218e+02	1.487535e+02	3.306835e+16
1275	4.876323e+15	2.037072e+02	1.496228e+02	3.356063e+16
1276	4.876483e+15	1.956112e+02	1.529727e+02	3.450658e+16
1277	4.876644e+15	1.862770e+02	1.485862e+02	3.903891e+16
1278	4.876810e+15	1.912277e+02	1.549111e+02	6.189200e+16
1279	4.876974e+15	1.926748e+02	1.537751e+02	4.795512e+16
1280	4.877138e+15	1.930790e+02	1.553069e+02	3.617165e+16
1281	4.877300e+15	1.937946e+02	1.517147e+02	3.245591e+16
1282	4.877461e+15	2.031581e+02	1.574386e+02	3.904474e+16
1283	4.877618e+15	1.924411e+02	1.506033e+02	2.676156e+16
1284	4.877778e+15	1.992664e+02	1.553044e+02	1.771531e+16
1285	4.877936e+15	1.986954e+02	1.506554e+02	3.724142e+16
1286	4.878093e+15	1.989736e+02	1.519629e+02	4.137581e+16
1287	4.878250e+15	2.061836e+02	1.510284e+02	3.121658e+16
1288	4.878407e+15	2.080551e+02	1.527568e+02	4.388464e+16
1289	4.878563e+15	1.909498e+02	1.509902e+02	5.097200e+16
1290	4.878723e+15	2.051998e+02	1.633714e+02	3.916315e+16
1291	4.878879e+15	1.932602e+02	1.535995e+02	3.509291e+16
1292	4.879040e+15	2.076720e+02	1.571286e+02	3.807054e+16
1293	4.879201e+15	1.933058e+02	1.493951e+02	4.834673e+16
1294	4.879368e+15	2.151287e+02	1.624015e+02	4.426197e+16
1295	4.879533e+15	2.115281e+02	1.622213e+02	4.039174e+16
1296	4.879697e+15	2.053506e+02	1.549496e+02	5.581199e+16
1297	4.879862e+15	2.206776e+02	1.592605e+02	3.991585e+16
1298	4.880026e+15	2.303552e+02	1.594099e+02	4.292762e+16
1299	4.880187e+15	2.298958e+02	1.571823e+02	3.879600e+16
1300	4.880348e+15	2.387623e+02	1.626021e+02	4.841575e+16
1301	4.880504e+15	2.244201e+02	1.528035e+02	2.922207e+16
1302	4.880664e+15	2.354362e+02	1.615818e+02	3.420614e+16
1303	4.880820e+15	2.198407e+02	1.535267e+02	4.082816e+16
1304	4.880979e+15	2.262918e+02	1.603123e+02	4.301742e+16
1305	4.881137e+15	2.243008e+02	1.569603e+02	5.506555e+16
1306	4.881300e+15	2.273246e+02	1.611832e+02	5.337864e+16
1307	4.881462e+15	2.198675e+02	1.622555e+02	4.042217e+16
1308	4.881623e+15	2.254743e+02	1.609682e+02	4.268129e+16
1309	4.881782e+15	2.342474e+02	1.577571e+02	3.633502e+16
1310	4.881939e+15	2.415445e+02	1.567253e+02	3.910870e+16
1311	4.882095e+15	2.170107e+02	1.455735e+02	5.723704e+16
1312	4.882255e+15	2.123095e+02	1.516027e+02	4.124213e+16
1313	4.882416e+15	2.138477e+02	1.576056e+02	3.659026e+16
1314	4.882575e+15	2.113214e+02	1.532945e+02	3.614859e+16
1315	4.882732e+15	2.250005e+02	1.574614e+02	3.500558e+16
1316	4.882886e+15	2.128983e+02	1.478985e+02	4.581293e+16
1317	4.883045e+15	2.198013e+02	1.528165e+02	5.401895e+16
1318	4.883203e+15	2.046274e+02	1.463765e+02	3.989682e+16
1319	4.883364e+15	2.148264e+02	1.534826e+02	4.085985e+16
1320	4.883524e+15	2.180209e+02	1.440085e+02	4.884641e+16
1321	4.883685e+15	2.124414e+02	1.380269e+02	4.853365e+16
1322	4.883854e+15	2.198755e+02	1.497207e+02	4.376391e+16
1323	4.884022e+15	2.265362e+02	1.481277e+02	3.738437e+16
1324	4.884191e+15	2.197864e+02	1.451639e+02	5.848450e+16
1325	4.884361e+15	2.157378e+02	1.457210e+02	2.771909e+16
1326	4.884531e+15	2.155097e+02	1.434780e+02	2.967745e+16
1327	4.884702e+15	2.211175e+02	1.397631e+02	4.839945e+16
1328	4.884875e+15	2.223258e+02	1.481094e+02	4.071882e+16
1329	4.885045e+15	2.168762e+02	1.439688e+02	5.422475e+16
1330	4.885214e+15	2.182002e+02	1.475902e+02	2.740872e+16
1331	4.885380e+15	2.271772e+02	1.457973e+02	5.797599e+16
1332	4.885544e+15	2.435362e+02	1.487077e+02	7.922759e+16
1333	4.885704e+15	2.340309e+02	1.410214e+02	4.056394e+16
1334	4.885866e+15	2.183819e+02	1.446163e+02	4.563776e+16
1335	4.886030e+15	2.085370e+02	1.479155e+02	4.964315e+16
1336	4.886193e+15	2.080027e+02	1.520346e+02	4.931836e+16
1337	4.886356e+15	2.027990e+02	1.489605e+02	2.674279e+16
1338	4.886520e+15	2.035830e+02	1.481313e+02	3.826500e+16
1339	4.886688e+15	2.094060e+02	1.566770e+02	3.249039e+16
1340	4.886854e+15	1.980780e+02	1.541357e+02	6.673499e+16
1341	4.887022e+15	2.089535e+02	1.591468e+02	6.761692e+16
1342	4.887190e+15	2.042413e+02	1.691172e+02	5.781689e+16
1343	4.887356e+15	1.873222e+02	1.638537e+02	5.307806e+16
1344	4.887526e+15	1.976003e+02	1.673429e+02	3.547126e+16
1345	4.887694e+15	1.917584e+02	1.613510e+02	6.360941e+16
1346	4.887864e+15	1.935091e+02	1.602047e+02	5.692961e+16
1347	4.888032e+15	2.078331e+02	1.626694e+02	4.007450e+16
1348	4.888199e+15	2.101274e+02	1.575596e+02	5.159890e+16
1349	4.888365e+15	1.967032e+02	1.519942e+02	4.729336e+16
1350	4.888537e+15	1.932421e+02	1.642428e+02	3.703988e+16
1351	4.888710e+15	1.961519e+02	1.703107e+02	3.641751e+16
1352	4.888880e+15	1.943140e+02	1.643710e+02	4.670600e+16
1353	4.889051e+15	2.060749e+02	1.717710e+02	4.896265e+16
1354	4.889218e+15	1.988608e+02	1.629584e+02	4.141133e+16
1355	4.889389e+15	2.161820e+02	1.694717e+02	5.588584e+16
1356	4.889559e+15	2.114777e+02	1.632136e+02	5.669710e+16
1357	4.889733e+15	2.201961e+02	1.711145e+02	5.347004e+16
1358	4.889906e+15	2.152772e+02	1.689230e+02	6.281881e+16
1359	4.890080e+15	2.124676e+02	1.654285e+02	5.146869e+16
1360	4.890258e+15	2.238412e+02	1.692765e+02	5.004104e+16
1361	4.890435e+15	2.256469e+02	1.687467e+02	5.624503e+16
1362	4.890610e+15	2.153938e+02	1.675983e+02	5.457147e+16
1363	4.890787e+15	2.115437e+02	1.694027e+02	5.111250e+16
1364	4.890966e+15	2.100305e+02	1.781443e+02	3.294336e+16
1365	4.891142e+15	2.099089e+02	1.719770e+02	6.327412e+16
1366	4.891321e+15	2.245395e+02	1.785921e+02	6.036482e+16
1367	4.891497e+15	2.007337e+02	1.619600e+02	5.333159e+16
1368	4.891679e+15	2.297162e+02	1.695680e+02	6.790656e+16
1369	4.891856e+15	2.367675e+02	1.639491e+02	4.757352e+16
1370	4.892035e+15	2.339799e+02	1.621872e+02	5.672762e+16
1371	4.892217e+15	2.334387e+02	1.704574e+02	3.008127e+16
1372	4.892398e+15	2.328147e+02	1.739221e+02	3.934324e+16
1373	4.892577e+15	2.276738e+02	1.695101e+02	5.057170e+16
1374	4.892755e+15	2.225441e+02	1.649798e+02	5.835394e+16
1375	4.892935e+15	2.235687e+02	1.641231e+02	2.884412e+16
1376	4.893115e+15	2.238251e+02	1.652753e+02	4.894325e+16
1377	4.893299e+15	2.449050e+02	1.798506e+02	5.240521e+16
1378	4.893476e+15	2.192629e+02	1.610086e+02	6.937485e+16
1379	4.893660e+15	2.288874e+02	1.729772e+02	5.575125e+16
1380	4.893839e+15	2.150818e+02	1.599719e+02	6.367011e+16
1381	4.894024e+15	2.344258e+02	1.711879e+02	3.629478e+16
1382	4.894205e+15	2.226735e+02	1.712139e+02	6.655019e+16
1383	4.894386e+15	2.164168e+02	1.704162e+02	5.160661e+16
1384	4.894569e+15	2.147564e+02	1.693857e+02	6.039962e+16
1385	4.894755e+15	2.156173e+02	1.595220e+02	5.341705e+16
1386	4.894943e+15	2.217531e+02	1.677673e+02	5.606525e+16
1387	4.895129e+15	2.081568e+02	1.506666e+02	4.354667e+16
1388	4.895321e+15	2.339206e+02	1.666342e+02	3.412305e+16
1389	4.895504e+15	2.199984e+02	1.512373e+02	4.405475e+16
1390	4.895691e+15	2.466266e+02	1.641175e+02	3.765893e+16
1391	4.895871e+15	2.233401e+02	1.490033e+02	4.407038e+16
1392	4.896055e+15	2.274615e+02	1.532381e+02	4.938554e+16
1393	4.896238e+15	2.455992e+02	1.626730e+02	6.818626e+16
1394	4.896415e+15	2.250248e+02	1.502690e+02	2.835314e+16
1395	4.896597e+15	2.362644e+02	1.651587e+02	4.699281e+16
1396	4.896771e+15	2.020078e+02	1.431683e+02	3.382268e+16
1397	4.896956e+15	2.167926e+02	1.515791e+02	4.272781e+16
1398	4.897143e+15	2.253492e+02	1.614385e+02	5.913604e+16
1399	4.897325e+15	2.092297e+02	1.443549e+02	5.178290e+16
1400	4.897516e+15	2.318250e+02	1.521536e+02	5.310571e+16
1401	4.897704e+15	2.192856e+02	1.494039e+02	3.745348e+16
1402	4.897894e+15	2.052583e+02	1.462172e+02	4.299993e+16
1403	4.898085e+15	2.160761e+02	1.583995e+02	4.829093e+16
1404	4.898273e+15	2.240121e+02	1.608654e+02	3.999581e+16
1405	4.898456e+15	2.067944e+02	1.457147e+02	4.849194e+16
1406	4.898649e+15	2.259858e+02	1.531390e+02	6.035775e+16
1407	4.898842e+15	2.261884e+02	1.526987e+02	6.566466e+16
1408	4.899035e+15	2.356279e+02	1.580299e+02	5.907366e+16
1409	4.899221e+15	2.177010e+02	1.488542e+02	3.863694e+16
1410	4.899409e+15	2.214030e+02	1.565487e+02	4.958161e+16
1411	4.899598e+15	2.071574e+02	1.520966e+02	6.254397e+16
1412	4.899796e+15	2.356524e+02	1.729454e+02	4.702421e+16
1413	4.899984e+15	2.190447e+02	1.586458e+02	6.725466e+16
1414	4.900174e+15	2.256631e+02	1.647714e+02	7.005469e+16
1415	4.900362e+15	2.258678e+02	1.614451e+02	5.250728e+16
1416	4.900550e+15	2.271993e+02	1.629778e+02	5.257352e+16
1417	4.900736e+15	2.098656e+02	1.574342e+02	6.301501e+16
1418	4.900926e+15	2.199930e+02	1.651491e+02	5.671264e+16
1419	4.901112e+15	2.215562e+02	1.563329e+02	6.218942e+16
1420	4.901303e+15	2.389135e+02	1.682909e+02	9.448279e+16
1421	4.901488e+15	2.192988e+02	1.586046e+02	7.025765e+16
1422	4.901676e+15	2.236662e+02	1.605652e+02	5.881877e+16
1423	4.901863e+15	2.261103e+02	1.617872e+02	3.381642e+16
1424	4.902048e+15	2.172731e+02	1.606738e+02	3.320021e+16
1425	4.902235e+15	2.146745e+02	1.625133e+02	5.342526e+16
1426	4.902426e+15	2.171143e+02	1.656654e+02	5.665455e+16
1427	4.902616e+15	2.084663e+02	1.606603e+02	5.531332e+16
1428	4.902811e+15	2.058135e+02	1.630114e+02	7.025438e+16
1429	4.903012e+15	2.140738e+02	1.731328e+02	4.938738e+16
1430	4.903209e+15	1.976083e+02	1.691626e+02	5.052101e+16
1431	4.903409e+15	1.909780e+02	1.714789e+02	6.310494e+16
1432	4.903610e+15	1.891112e+02	1.780820e+02	5.495267e+16
1433	4.903805e+15	1.836891e+02	1.687355e+02	6.022603e+16
1434	4.904004e+15	1.853357e+02	1.689503e+02	4.220999e+16
1435	4.904204e+15	1.884909e+02	1.703568e+02	5.272338e+16
1436	4.904407e+15	1.992083e+02	1.794261e+02	6.072838e+16
1437	4.904606e+15	2.064458e+02	1.824229e+02	4.425086e+16
1438	4.904802e+15	2.183056e+02	1.841935e+02	6.748931e+16
1439	4.904989e+15	2.096525e+02	1.732977e+02	7.933954e+16
1440	4.905177e+15	2.143336e+02	1.783119e+02	5.956205e+16
1441	4.905359e+15	1.909876e+02	1.495668e+02	5.251784e+16
1442	4.905558e+15	2.363514e+02	1.711000e+02	6.804037e+16
1443	4.905742e+15	2.037577e+02	1.514716e+02	4.554009e+16
1444	4.905931e+15	2.099398e+02	1.573655e+02	3.883109e+16
1445	4.906118e+15	2.233973e+02	1.629723e+02	6.027631e+16
1446	4.906297e+15	2.093891e+02	1.532295e+02	5.359188e+16
1447	4.906481e+15	1.904795e+02	1.427510e+02	4.572380e+16
1448	4.906679e+15	2.137231e+02	1.601945e+02	4.872490e+16
1449	4.906872e+15	1.981918e+02	1.460344e+02	5.228122e+16
1450	4.907076e+15	2.288477e+02	1.663111e+02	5.852905e+16
1451	4.907271e+15	2.121522e+02	1.558397e+02	4.428669e+16
1452	4.907471e+15	2.213254e+02	1.663725e+02	9.121534e+16
1453	4.907671e+15	2.263167e+02	1.743362e+02	3.969327e+16
1454	4.907865e+15	2.032746e+02	1.606330e+02	7.036674e+16
1455	4.908065e+15	2.146362e+02	1.702571e+02	4.626153e+16
1456	4.908262e+15	2.116121e+02	1.634663e+02	4.691437e+16
1457	4.908463e+15	2.282920e+02	1.704498e+02	3.774299e+16
1458	4.908659e+15	2.107367e+02	1.576922e+02	5.404956e+16
1459	4.908863e+15	2.340225e+02	1.701204e+02	4.372185e+16
1460	4.909058e+15	2.302377e+02	1.641022e+02	5.191108e+16
1461	4.909253e+15	2.316795e+02	1.643642e+02	4.530944e+16
1462	4.909449e+15	2.392586e+02	1.669096e+02	5.026870e+16
1463	4.909642e+15	2.376191e+02	1.683561e+02	5.990763e+16
1464	4.909834e+15	2.238096e+02	1.644762e+02	5.301760e+16
1465	4.910031e+15	2.349834e+02	1.725419e+02	6.587874e+16
1466	4.910225e+15	2.262397e+02	1.654781e+02	5.029794e+16
1467	4.910423e+15	2.426359e+02	1.752189e+02	5.365308e+16
1468	4.910612e+15	2.226121e+02	1.616997e+02	5.049543e+16
1469	4.910805e+15	2.316840e+02	1.638570e+02	3.640893e+16
1470	4.910996e+15	2.256732e+02	1.582970e+02	4.978871e+16
1471	4.911190e+15	2.218076e+02	1.553558e+02	4.773882e+16
1472	4.911389e+15	2.347130e+02	1.654304e+02	2.381483e+16
1473	4.911584e+15	2.316387e+02	1.603492e+02	3.420900e+16
1474	4.911779e+15	2.313535e+02	1.608758e+02	5.060105e+16
1475	4.911973e+15	2.355210e+02	1.595398e+02	3.839766e+16
1476	4.912166e+15	2.293380e+02	1.558216e+02	4.592419e+16
1477	4.912362e+15	2.335388e+02	1.612594e+02	5.444541e+16
1478	4.912557e+15	2.207226e+02	1.588269e+02	7.684132e+16
1479	4.912754e+15	2.231039e+02	1.620514e+02	6.097835e+16
1480	4.912952e+15	2.305689e+02	1.633616e+02	6.022379e+16
1481	4.913149e+15	2.238875e+02	1.614289e+02	7.009862e+16
1482	4.913345e+15	2.233757e+02	1.611259e+02	5.002825e+16
1483	4.913541e+15	2.245515e+02	1.611807e+02	6.508887e+16
1484	4.913740e+15	2.308302e+02	1.666953e+02	4.837023e+16
1485	4.913941e+15	2.356952e+02	1.696390e+02	6.963521e+16
1486	4.914141e+15	2.346468e+02	1.696661e+02	5.122058e+16
1487	4.914340e+15	2.336392e+02	1.670357e+02	4.568164e+16
1488	4.914540e+15	2.365365e+02	1.731756e+02	8.527963e+16
1489	4.914737e+15	2.168807e+02	1.605171e+02	7.147310e+16
1490	4.914943e+15	2.282676e+02	1.704741e+02	6.163115e+16
1491	4.915152e+15	2.314484e+02	1.757494e+02	7.824388e+16
1492	4.915360e+15	2.287609e+02	1.760039e+02	8.778371e+16
1493	4.915565e+15	2.408829e+02	1.775024e+02	5.521548e+16
1494	4.915761e+15	2.349138e+02	1.668253e+02	4.771199e+16
1495	4.915958e+15	2.417683e+02	1.686395e+02	4.289993e+16
1496	4.916154e+15	2.335704e+02	1.650232e+02	4.265091e+16
1497	4.916353e+15	2.304284e+02	1.705208e+02	6.101105e+16
1498	4.916551e+15	2.179360e+02	1.710617e+02	5.696103e+16
1499	4.916751e+15	2.082737e+02	1.661780e+02	7.508598e+16
1500	4.916955e+15	2.315414e+02	1.752310e+02	4.201766e+16
1501	4.917154e+15	2.285967e+02	1.698693e+02	6.906150e+16
1502	4.917354e+15	2.308490e+02	1.699762e+02	5.525054e+16
1503	4.917555e+15	2.395164e+02	1.797167e+02	5.583193e+16
1504	4.917748e+15	2.312813e+02	1.764755e+02	6.667495e+16
1505	4.917938e+15	2.220545e+02	1.718461e+02	7.079493e+16
1506	4.918130e+15	2.288260e+02	1.765227e+02	4.871501e+16
1507	4.918320e+15	2.228116e+02	1.723244e+02	5.716204e+16
1508	4.918509e+15	2.163283e+02	1.662356e+02	5.078257e+16
1509	4.918703e+15	2.309999e+02	1.746724e+02	6.485398e+16
1510	4.918893e+15	2.298864e+02	1.750423e+02	8.113265e+16
1511	4.919079e+15	2.200533e+02	1.634085e+02	6.727120e+16
1512	4.919269e+15	2.249259e+02	1.663004e+02	6.610486e+16
1513	4.919459e+15	2.277991e+02	1.681879e+02	4.842128e+16
1514	4.919645e+15	2.161170e+02	1.544562e+02	5.264164e+16
1515	4.919835e+15	2.130993e+02	1.546940e+02	3.798760e+16
1516	4.920029e+15	2.010325e+02	1.477194e+02	3.224285e+16
1517	4.920237e+15	2.305667e+02	1.674165e+02	4.707759e+16
1518	4.920438e+15	2.338371e+02	1.653609e+02	4.124634e+16
1519	4.920637e+15	2.394918e+02	1.626834e+02	3.839179e+16
1520	4.920838e+15	2.521621e+02	1.737452e+02	8.223551e+16
1521	4.921033e+15	2.168496e+02	1.505368e+02	7.118693e+16
1522	4.921242e+15	2.348054e+02	1.688521e+02	4.901387e+16
1523	4.921449e+15	2.339524e+02	1.652893e+02	7.176882e+16
1524	4.921657e+15	2.462245e+02	1.748472e+02	8.227138e+16
1525	4.921859e+15	2.335208e+02	1.715417e+02	7.659871e+16
1526	4.922057e+15	2.338051e+02	1.693892e+02	5.415447e+16
1527	4.922258e+15	2.500265e+02	1.773814e+02	4.901705e+16
1528	4.922450e+15	2.368137e+02	1.653496e+02	3.398187e+16
1529	4.922647e+15	2.481489e+02	1.721818e+02	5.188614e+16
1530	4.922842e+15	2.436800e+02	1.746297e+02	5.812460e+16
1531	4.923037e+15	2.238814e+02	1.679079e+02	4.513871e+16
1532	4.923237e+15	2.203121e+02	1.665396e+02	7.586103e+16
1533	4.923443e+15	2.494751e+02	1.805999e+02	4.240866e+16
1534	4.923638e+15	2.324916e+02	1.701222e+02	5.231717e+16
1535	4.923831e+15	2.118851e+02	1.576290e+02	4.525102e+16
1536	4.924036e+15	2.381827e+02	1.740649e+02	8.870743e+16
1537	4.924237e+15	2.214045e+02	1.678622e+02	3.781039e+16
1538	4.924442e+15	2.272225e+02	1.718159e+02	3.744311e+16
1539	4.924646e+15	2.393708e+02	1.744444e+02	6.032730e+16
1540	4.924846e+15	2.339659e+02	1.730678e+02	6.790473e+16
1541	4.925042e+15	2.181965e+02	1.660631e+02	5.045558e+16
1542	4.925244e+15	2.254041e+02	1.718730e+02	6.629600e+16
1543	4.925446e+15	2.251748e+02	1.715803e+02	6.562356e+16
1544	4.925647e+15	2.384281e+02	1.750251e+02	7.139127e+16
1545	4.925846e+15	2.406130e+02	1.692845e+02	6.632996e+16
1546	4.926047e+15	2.469760e+02	1.785488e+02	6.762003e+16
1547	4.926239e+15	2.247274e+02	1.644736e+02	6.283851e+16
1548	4.926437e+15	2.316815e+02	1.667759e+02	6.139087e+16
1549	4.926638e+15	2.339485e+02	1.709518e+02	5.084884e+16
1550	4.926838e+15	2.261343e+02	1.654569e+02	4.238975e+16
1551	4.927042e+15	2.326984e+02	1.723604e+02	6.384754e+16
1552	4.927245e+15	2.308106e+02	1.683609e+02	4.011384e+16
1553	4.927449e+15	2.314144e+02	1.691454e+02	6.905673e+16
1554	4.927654e+15	2.506578e+02	1.797047e+02	6.426101e+16
1555	4.927848e+15	2.363995e+02	1.652492e+02	5.392841e+16
1556	4.928046e+15	2.516481e+02	1.785792e+02	7.674227e+16
1557	4.928238e+15	2.279196e+02	1.591530e+02	6.871000e+16
1558	4.928434e+15	2.384708e+02	1.725565e+02	4.328325e+16
1559	4.928625e+15	2.437300e+02	1.683134e+02	6.974873e+16
1560	4.928812e+15	2.408431e+02	1.634912e+02	3.873541e+16
1561	4.928998e+15	2.390339e+02	1.608066e+02	5.630134e+16
1562	4.929184e+15	2.163254e+02	1.465402e+02	4.702419e+16
1563	4.929385e+15	2.557689e+02	1.701087e+02	6.307075e+16
1564	4.929571e+15	2.301746e+02	1.437873e+02	3.366359e+16
1565	4.929764e+15	2.513030e+02	1.583608e+02	4.754631e+16
1566	4.929949e+15	1.977048e+02	1.238129e+02	4.217221e+16
1567	4.930150e+15	2.121498e+02	1.386634e+02	3.287492e+16
1568	4.930353e+15	2.153834e+02	1.421287e+02	3.625097e+16
1569	4.930555e+15	2.071297e+02	1.353137e+02	4.613797e+16
1570	4.930762e+15	2.282715e+02	1.480355e+02	4.607573e+16
1571	4.930964e+15	2.137845e+02	1.412057e+02	3.699362e+16
1572	4.931167e+15	2.123967e+02	1.418221e+02	4.627701e+16
1573	4.931374e+15	2.258297e+02	1.477103e+02	4.180707e+16
1574	4.931575e+15	2.316626e+02	1.474432e+02	7.599392e+16
1575	4.931772e+15	2.228060e+02	1.409124e+02	6.852382e+16
1576	4.931973e+15	2.321613e+02	1.486208e+02	6.573821e+16
1577	4.932171e+15	2.252637e+02	1.451139e+02	4.971838e+16
1578	4.932370e+15	2.337395e+02	1.507881e+02	7.713272e+16
1579	4.932567e+15	2.367402e+02	1.550629e+02	6.547562e+16
1580	4.932760e+15	2.233956e+02	1.469380e+02	4.742106e+16
1581	4.932958e+15	2.321464e+02	1.565679e+02	4.575583e+16
1582	4.933157e+15	2.181225e+02	1.552742e+02	6.005382e+16
1583	4.933360e+15	2.136409e+02	1.578162e+02	5.778218e+16
1584	4.933564e+15	2.172626e+02	1.623986e+02	4.465421e+16
1585	4.933768e+15	2.234809e+02	1.656745e+02	5.585214e+16
1586	4.933971e+15	2.161326e+02	1.623781e+02	5.617611e+16
1587	4.934176e+15	2.150198e+02	1.625878e+02	5.047921e+16
1588	4.934382e+15	2.152992e+02	1.700358e+02	4.328772e+16
1589	4.934586e+15	2.026871e+02	1.629921e+02	6.653147e+16
1590	4.934797e+15	2.128468e+02	1.718945e+02	5.199638e+16
1591	4.935006e+15	1.915327e+02	1.600389e+02	7.617465e+16
1592	4.935223e+15	2.088006e+02	1.738856e+02	6.146044e+16
1593	4.935435e+15	2.157522e+02	1.802368e+02	5.959927e+16
1594	4.935634e+15	1.921890e+02	1.571180e+02	5.193614e+16
1595	4.935842e+15	2.100371e+02	1.703808e+02	7.061971e+16
1596	4.936044e+15	2.151820e+02	1.666721e+02	6.138830e+16
1597	4.936245e+15	2.133548e+02	1.567669e+02	5.226759e+16
1598	4.936453e+15	2.363062e+02	1.720728e+02	6.112734e+16
1599	4.936655e+15	2.413968e+02	1.705320e+02	7.862714e+16
1600	4.936853e+15	2.394822e+02	1.674053e+02	3.600302e+16
1601	4.937049e+15	2.361076e+02	1.580102e+02	6.158975e+16
1602	4.937247e+15	2.278396e+02	1.534819e+02	5.527020e+16
1603	4.937448e+15	2.315334e+02	1.543642e+02	4.446186e+16
1604	4.937650e+15	2.391357e+02	1.622095e+02	6.215076e+16
1605	4.937848e+15	2.299493e+02	1.636502e+02	5.473448e+16
1606	4.938045e+15	2.245003e+02	1.685010e+02	6.690205e+16
1607	4.938241e+15	2.102930e+02	1.647251e+02	4.527302e+16
1608	4.938437e+15	1.996228e+02	1.587512e+02	6.549552e+16
1609	4.938639e+15	2.061868e+02	1.611021e+02	7.569654e+16
1610	4.938845e+15	2.157151e+02	1.682737e+02	4.726527e+16
1611	4.939047e+15	2.135308e+02	1.634301e+02	5.615617e+16
1612	4.939250e+15	2.180810e+02	1.653342e+02	4.331589e+16
1613	4.939449e+15	2.040166e+02	1.551257e+02	4.727717e+16
1614	4.939653e+15	2.142742e+02	1.669018e+02	3.246179e+16
1615	4.939856e+15	2.137651e+02	1.671278e+02	7.793809e+16
1616	4.940056e+15	2.163662e+02	1.655935e+02	6.889359e+16
1617	4.940253e+15	2.085510e+02	1.594090e+02	4.985715e+16
1618	4.940456e+15	2.217353e+02	1.636776e+02	8.227850e+16
1619	4.940657e+15	2.339342e+02	1.715200e+02	5.061191e+16
1620	4.940853e+15	2.132992e+02	1.611670e+02	4.211680e+16
1621	4.941055e+15	2.326191e+02	1.721648e+02	6.362618e+16
1622	4.941253e+15	2.270949e+02	1.658693e+02	8.057781e+16
1623	4.941452e+15	2.189888e+02	1.615820e+02	5.302071e+16
1624	4.941657e+15	2.330671e+02	1.738469e+02	6.602989e+16
1625	4.941856e+15	2.118612e+02	1.633775e+02	5.631350e+16
1626	4.942062e+15	1.842485e+02	1.628672e+02	6.059648e+16
1627	4.942273e+15	1.877101e+02	1.649685e+02	5.207559e+16
1628	4.942487e+15	2.005500e+02	1.753313e+02	7.262447e+16
1629	4.942695e+15	1.940909e+02	1.682030e+02	5.217885e+16
1630	4.942904e+15	1.961264e+02	1.695833e+02	1.109243e+17
1631	4.943109e+15	1.998743e+02	1.718430e+02	6.058982e+16
1632	4.943307e+15	1.968467e+02	1.619651e+02	5.079708e+16
1633	4.943506e+15	2.046758e+02	1.692773e+02	5.064739e+16
1634	4.943700e+15	1.927672e+02	1.610384e+02	4.052913e+16
1635	4.943899e+15	1.963566e+02	1.584999e+02	6.180058e+16
1636	4.944103e+15	2.008409e+02	1.630744e+02	5.853529e+16
1637	4.944309e+15	2.102978e+02	1.760190e+02	5.989024e+16
1638	4.944508e+15	1.896404e+02	1.530189e+02	4.235968e+16
1639	4.944721e+15	2.327951e+02	1.822294e+02	9.360550e+16
1640	4.944919e+15	1.972599e+02	1.548097e+02	4.074452e+16
1641	4.945128e+15	2.330014e+02	1.802163e+02	8.829376e+16
1642	4.945324e+15	2.140327e+02	1.633333e+02	2.997083e+16
1643	4.945523e+15	1.986980e+02	1.479258e+02	6.110050e+16
1644	4.945738e+15	2.292911e+02	1.713546e+02	4.321917e+16
1645	4.945942e+15	2.213636e+02	1.644014e+02	4.490560e+16
1646	4.946146e+15	2.181941e+02	1.634144e+02	3.557677e+16
1647	4.946350e+15	2.156366e+02	1.618916e+02	6.336311e+16
1648	4.946556e+15	2.214563e+02	1.657684e+02	5.323190e+16
1649	4.946759e+15	2.222319e+02	1.639961e+02	8.721208e+16
1650	4.946962e+15	2.181718e+02	1.659534e+02	4.448674e+16
1651	4.947165e+15	2.197500e+02	1.671374e+02	6.301382e+16
1652	4.947368e+15	2.147976e+02	1.653206e+02	4.993499e+16
1653	4.947573e+15	2.204367e+02	1.716057e+02	6.179754e+16
1654	4.947775e+15	2.233075e+02	1.680159e+02	5.724101e+16
1655	4.947977e+15	2.218154e+02	1.652265e+02	4.071108e+16
1656	4.948182e+15	2.299208e+02	1.691156e+02	6.091209e+16
1657	4.948386e+15	2.297479e+02	1.665062e+02	8.334844e+16
1658	4.948588e+15	2.141655e+02	1.502640e+02	4.022837e+16
1659	4.948800e+15	2.343528e+02	1.558125e+02	5.616932e+16
1660	4.949005e+15	2.253116e+02	1.472393e+02	3.783097e+16
1661	4.949211e+15	2.208100e+02	1.497094e+02	5.682693e+16
1662	4.949422e+15	2.254515e+02	1.516131e+02	7.898693e+16
1663	4.949632e+15	2.274303e+02	1.502809e+02	3.704866e+16
1664	4.949842e+15	2.273313e+02	1.536633e+02	6.024764e+16
1665	4.950052e+15	2.259684e+02	1.549765e+02	5.888339e+16
1666	4.950262e+15	2.239072e+02	1.630014e+02	8.573519e+16
1667	4.950467e+15	2.077638e+02	1.556774e+02	5.433931e+16
1668	4.950677e+15	2.184208e+02	1.609532e+02	7.837182e+16
1669	4.950884e+15	2.049897e+02	1.542345e+02	5.797035e+16
1670	4.951095e+15	2.185133e+02	1.632722e+02	7.399106e+16
1671	4.951300e+15	2.037835e+02	1.508139e+02	5.100416e+16
1672	4.951510e+15	2.081161e+02	1.565007e+02	5.602193e+16
1673	4.951724e+15	2.193564e+02	1.662501e+02	8.140134e+16
1674	4.951937e+15	2.286973e+02	1.690385e+02	8.385828e+16
1675	4.952147e+15	2.364682e+02	1.727281e+02	7.880999e+16
1676	4.952350e+15	2.333188e+02	1.702556e+02	6.133090e+16
1677	4.952547e+15	2.132786e+02	1.616880e+02	4.540494e+16
1678	4.952747e+15	2.069171e+02	1.621018e+02	5.392751e+16
1679	4.952953e+15	2.166235e+02	1.746815e+02	7.041170e+16
1680	4.953156e+15	2.214829e+02	1.743634e+02	4.708640e+16
1681	4.953360e+15	2.230076e+02	1.715105e+02	7.441482e+16
1682	4.953565e+15	2.323324e+02	1.708727e+02	4.648996e+16
1683	4.953765e+15	2.101482e+02	1.587242e+02	3.548702e+16
1684	4.953970e+15	2.008042e+02	1.552343e+02	7.152337e+16
1685	4.954184e+15	2.148408e+02	1.647798e+02	7.636021e+16
1686	4.954395e+15	2.149561e+02	1.647583e+02	4.114537e+16
1687	4.954604e+15	1.924052e+02	1.514568e+02	6.009936e+16
1688	4.954825e+15	2.119926e+02	1.679453e+02	2.853989e+16
1689	4.955041e+15	1.950263e+02	1.580642e+02	4.403597e+16
1690	4.955266e+15	1.999547e+02	1.669693e+02	6.153756e+16
1691	4.955492e+15	2.144765e+02	1.809805e+02	5.301383e+16
1692	4.955704e+15	1.982529e+02	1.633990e+02	6.391812e+16
1693	4.955925e+15	2.092037e+02	1.720573e+02	9.601702e+16
1694	4.956145e+15	2.253743e+02	1.716132e+02	5.665088e+16
1695	4.956358e+15	2.274411e+02	1.686928e+02	4.946852e+16
1696	4.956569e+15	2.301622e+02	1.696791e+02	9.273690e+16
1697	4.956780e+15	2.320703e+02	1.704926e+02	7.068366e+16
1698	4.956988e+15	2.297398e+02	1.707506e+02	6.523985e+16
1699	4.957196e+15	2.326510e+02	1.756358e+02	6.487318e+16
1700	4.957400e+15	2.245180e+02	1.695361e+02	5.910368e+16
1701	4.957606e+15	2.285300e+02	1.712564e+02	7.198122e+16
1702	4.957812e+15	2.254779e+02	1.621373e+02	4.066672e+16
1703	4.958021e+15	2.195888e+02	1.591746e+02	6.421621e+16
1704	4.958233e+15	2.229786e+02	1.725125e+02	4.323458e+16
1705	4.958443e+15	2.136349e+02	1.709041e+02	6.279462e+16
1706	4.958653e+15	2.041821e+02	1.700533e+02	6.274059e+16
1707	4.958863e+15	2.021207e+02	1.713003e+02	5.699897e+16
1708	4.959073e+15	2.002499e+02	1.658477e+02	5.584534e+16
1709	4.959285e+15	1.999468e+02	1.667847e+02	7.951943e+16
1710	4.959499e+15	2.035142e+02	1.667528e+02	5.360185e+16
1711	4.959714e+15	2.152356e+02	1.665289e+02	6.216329e+16
1712	4.959926e+15	2.149159e+02	1.640311e+02	4.796680e+16
1713	4.960138e+15	2.114072e+02	1.638109e+02	6.005659e+16
1714	4.960351e+15	2.079803e+02	1.669613e+02	5.809838e+16
1715	4.960562e+15	2.012780e+02	1.608356e+02	4.766271e+16
1716	4.960780e+15	2.217337e+02	1.737768e+02	5.387171e+16
1717	4.960993e+15	2.269299e+02	1.716557e+02	6.879568e+16
1718	4.961203e+15	2.085949e+02	1.536249e+02	6.841264e+16
1719	4.961425e+15	2.204548e+02	1.620090e+02	8.630526e+16
1720	4.961647e+15	2.208248e+02	1.635818e+02	6.891721e+16
1721	4.961869e+15	2.097530e+02	1.584050e+02	5.858029e+16
1722	4.962101e+15	2.059345e+02	1.595700e+02	7.522886e+16
1723	4.962345e+15	2.238690e+02	1.748431e+02	6.320659e+16
1724	4.962587e+15	2.273384e+02	1.767919e+02	8.507546e+16
1725	4.962824e+15	2.263149e+02	1.730192e+02	8.364279e+16
1726	4.963057e+15	2.319551e+02	1.797842e+02	5.345021e+16
1727	4.963279e+15	2.151006e+02	1.644007e+02	6.838386e+16
1728	4.963505e+15	2.310234e+02	1.735060e+02	6.014311e+16
1729	4.963724e+15	2.185214e+02	1.658809e+02	4.874618e+16
1730	4.963941e+15	2.147004e+02	1.656653e+02	5.246820e+16
1731	4.964156e+15	2.128000e+02	1.635006e+02	5.860141e+16
1732	4.964373e+15	2.203234e+02	1.664012e+02	5.718440e+16
1733	4.964588e+15	2.273043e+02	1.688309e+02	4.361367e+16
1734	4.964800e+15	2.231400e+02	1.690074e+02	4.530276e+16
1735	4.965010e+15	2.228399e+02	1.713740e+02	5.410425e+16
1736	4.965219e+15	2.270470e+02	1.695664e+02	8.296325e+16
1737	4.965427e+15	2.272588e+02	1.684782e+02	6.891442e+16
1738	4.965634e+15	2.207596e+02	1.666818e+02	5.670531e+16
1739	4.965842e+15	2.126879e+02	1.646927e+02	5.215980e+16
1740	4.966053e+15	2.191643e+02	1.682227e+02	7.139304e+16
1741	4.966263e+15	2.201724e+02	1.649271e+02	4.983929e+16
1742	4.966472e+15	2.175659e+02	1.686458e+02	7.218569e+16
1743	4.966679e+15	2.117272e+02	1.664389e+02	6.741546e+16
1744	4.966888e+15	2.084437e+02	1.707555e+02	4.416017e+16
1745	4.967096e+15	2.098667e+02	1.752332e+02	8.183168e+16
1746	4.967303e+15	2.072113e+02	1.702378e+02	3.513965e+16
1747	4.967511e+15	2.014689e+02	1.578978e+02	6.559700e+16
1748	4.967724e+15	2.168276e+02	1.660063e+02	7.069936e+16
1749	4.967935e+15	2.158170e+02	1.642481e+02	7.770911e+16
1750	4.968151e+15	2.231786e+02	1.696810e+02	5.735115e+16
1751	4.968367e+15	2.212069e+02	1.682726e+02	8.663864e+16
1752	4.968583e+15	2.089188e+02	1.532214e+02	5.459758e+16
1753	4.968804e+15	2.062006e+02	1.538882e+02	7.601815e+16
1754	4.969027e+15	2.043804e+02	1.563201e+02	5.167525e+16
1755	4.969251e+15	2.006505e+02	1.612612e+02	5.606016e+16
1756	4.969477e+15	1.984744e+02	1.664008e+02	7.597147e+16
1757	4.969701e+15	1.943318e+02	1.664854e+02	6.661832e+16
1758	4.969931e+15	2.110814e+02	1.783122e+02	7.454538e+16
1759	4.970152e+15	1.970914e+02	1.662951e+02	4.642008e+16
1760	4.970379e+15	2.123745e+02	1.791431e+02	5.806769e+16
1761	4.970596e+15	2.019464e+02	1.666425e+02	4.773389e+16
1762	4.970816e+15	2.140420e+02	1.678400e+02	7.714548e+16
1763	4.971032e+15	2.207901e+02	1.702802e+02	5.294779e+16
1764	4.971245e+15	2.105981e+02	1.638111e+02	4.041729e+16
1765	4.971459e+15	2.082809e+02	1.596920e+02	6.434554e+16
1766	4.971673e+15	2.111206e+02	1.621936e+02	4.827467e+16
1767	4.971887e+15	2.043208e+02	1.621187e+02	4.005631e+16
1768	4.972101e+15	2.099181e+02	1.677621e+02	6.838849e+16
1769	4.972313e+15	2.053248e+02	1.678176e+02	7.154208e+16
1770	4.972526e+15	2.114584e+02	1.692453e+02	8.215137e+16
1771	4.972741e+15	2.323668e+02	1.758095e+02	5.649911e+16
1772	4.972947e+15	2.252082e+02	1.662883e+02	9.138936e+16
1773	4.973151e+15	2.191129e+02	1.625200e+02	5.346477e+16
1774	4.973355e+15	2.218966e+02	1.622197e+02	5.705848e+16
1775	4.973559e+15	2.187986e+02	1.618396e+02	3.908085e+16
1776	4.973767e+15	2.102597e+02	1.632266e+02	7.325230e+16
1777	4.973980e+15	2.089885e+02	1.683660e+02	5.344217e+16
1778	4.974195e+15	2.027757e+02	1.664122e+02	7.421939e+16
1779	4.974415e+15	2.139735e+02	1.758533e+02	9.473279e+16
1780	4.974632e+15	2.139279e+02	1.745549e+02	6.915925e+16
1781	4.974843e+15	1.989784e+02	1.628794e+02	7.796401e+16
1782	4.975061e+15	2.122990e+02	1.728651e+02	4.840205e+16
1783	4.975275e+15	2.087823e+02	1.612748e+02	4.162040e+16
1784	4.975492e+15	2.160590e+02	1.698539e+02	4.433072e+16
1785	4.975703e+15	2.276602e+02	1.755509e+02	5.513564e+16
1786	4.975905e+15	2.181792e+02	1.627887e+02	4.085212e+16
1787	4.976107e+15	2.132623e+02	1.596072e+02	6.108452e+16
1788	4.976311e+15	2.217950e+02	1.626761e+02	5.141030e+16
1789	4.976513e+15	2.039153e+02	1.550181e+02	5.627674e+16
1790	4.976726e+15	2.050299e+02	1.599229e+02	4.845027e+16
1791	4.976945e+15	2.162229e+02	1.726233e+02	4.689186e+16
1792	4.977159e+15	2.055196e+02	1.621612e+02	5.183638e+16
1793	4.977379e+15	2.099751e+02	1.622622e+02	6.560851e+16
1794	4.977597e+15	2.171857e+02	1.641701e+02	5.565455e+16
1795	4.977810e+15	2.066256e+02	1.539053e+02	3.583116e+16
1796	4.978031e+15	2.152197e+02	1.628497e+02	5.458178e+16
1797	4.978248e+15	2.111813e+02	1.626869e+02	5.092329e+16
1798	4.978463e+15	2.085152e+02	1.568947e+02	6.880466e+16
1799	4.978681e+15	2.207966e+02	1.598496e+02	5.256057e+16
1800	4.978897e+15	2.251789e+02	1.585893e+02	5.629286e+16
1801	4.979109e+15	2.120369e+02	1.454942e+02	5.249677e+16
1802	4.979330e+15	2.168126e+02	1.548469e+02	6.186944e+16
1803	4.979550e+15	2.154870e+02	1.600023e+02	6.302292e+16
1804	4.979762e+15	1.977988e+02	1.489737e+02	5.263009e+16
1805	4.979980e+15	2.110555e+02	1.571629e+02	7.610195e+16
1806	4.980197e+15	2.171456e+02	1.569978e+02	3.289565e+16
1807	4.980411e+15	2.098647e+02	1.468163e+02	7.116629e+16
1808	4.980636e+15	2.340372e+02	1.601794e+02	3.767711e+16
1809	4.980856e+15	2.242468e+02	1.578255e+02	5.414126e+16
1810	4.981074e+15	2.177656e+02	1.548710e+02	5.044556e+16
1811	4.981293e+15	2.236734e+02	1.569630e+02	7.774805e+16
1812	4.981512e+15	2.279913e+02	1.590800e+02	3.398120e+16
1813	4.981725e+15	2.224084e+02	1.585209e+02	7.771333e+16
1814	4.981938e+15	2.188426e+02	1.591866e+02	7.029861e+16
1815	4.982149e+15	2.123247e+02	1.556989e+02	7.167697e+16
1816	4.982362e+15	2.143384e+02	1.583783e+02	6.436148e+16
1817	4.982572e+15	2.118722e+02	1.526789e+02	5.163525e+16
1818	4.982785e+15	2.197816e+02	1.600721e+02	7.386158e+16
1819	4.982995e+15	2.193481e+02	1.571792e+02	8.255891e+16
1820	4.983204e+15	2.154400e+02	1.536695e+02	5.020910e+16
1821	4.983414e+15	2.178514e+02	1.560753e+02	7.476447e+16
1822	4.983623e+15	2.198472e+02	1.556402e+02	7.052571e+16
1823	4.983832e+15	2.214661e+02	1.566962e+02	6.328861e+16
1824	4.984039e+15	2.145316e+02	1.540775e+02	5.788628e+16
1825	4.984246e+15	2.217175e+02	1.545721e+02	6.053773e+16
1826	4.984451e+15	2.231754e+02	1.560462e+02	5.665431e+16
1827	4.984655e+15	2.034195e+02	1.457637e+02	6.870219e+16
1828	4.984870e+15	2.261148e+02	1.572642e+02	5.308428e+16
1829	4.985079e+15	2.256069e+02	1.512740e+02	6.966418e+16
1830	4.985288e+15	2.150952e+02	1.471633e+02	5.264402e+16
1831	4.985502e+15	2.244058e+02	1.589309e+02	4.316517e+16
1832	4.985710e+15	2.098178e+02	1.532028e+02	4.946520e+16
1833	4.985920e+15	1.962427e+02	1.454884e+02	6.797548e+16
1834	4.986136e+15	2.108045e+02	1.587762e+02	4.193341e+16
1835	4.986344e+15	2.003737e+02	1.533244e+02	3.781833e+16
1836	4.986551e+15	1.880082e+02	1.503299e+02	6.138096e+16
1837	4.986762e+15	1.966063e+02	1.613426e+02	5.182553e+16
1838	4.986966e+15	1.873030e+02	1.533816e+02	4.514157e+16
1839	4.987171e+15	1.880779e+02	1.550150e+02	6.737887e+16
1840	4.987376e+15	1.826716e+02	1.551995e+02	5.949339e+16
1841	4.987581e+15	1.821548e+02	1.539624e+02	4.061030e+16
1842	4.987791e+15	1.873510e+02	1.533512e+02	4.890265e+16
1843	4.988006e+15	1.891668e+02	1.562310e+02	5.165148e+16
1844	4.988224e+15	1.995592e+02	1.635677e+02	6.850085e+16
1845	4.988438e+15	1.955139e+02	1.594826e+02	6.861032e+16
1846	4.988654e+15	1.936083e+02	1.596451e+02	6.493073e+16
1847	4.988874e+15	2.006496e+02	1.603505e+02	4.832602e+16
1848	4.989095e+15	2.042428e+02	1.569992e+02	5.478632e+16
1849	4.989324e+15	2.212655e+02	1.679610e+02	6.646089e+16
1850	4.989549e+15	2.194184e+02	1.676738e+02	6.216236e+16
1851	4.989769e+15	2.088171e+02	1.605830e+02	5.148377e+16
1852	4.989988e+15	2.211171e+02	1.660869e+02	7.385972e+16
1853	4.990199e+15	2.180623e+02	1.574960e+02	5.765529e+16
1854	4.990413e+15	2.263029e+02	1.643007e+02	4.934146e+16
1855	4.990623e+15	2.087861e+02	1.569624e+02	5.641645e+16
1856	4.990839e+15	2.231132e+02	1.652998e+02	4.716749e+16
1857	4.991050e+15	2.116963e+02	1.549934e+02	5.844851e+16
1858	4.991266e+15	2.115832e+02	1.572936e+02	7.169303e+16
1859	4.991479e+15	2.086270e+02	1.563156e+02	6.876466e+16
1860	4.991693e+15	2.035360e+02	1.491130e+02	3.289567e+16
1861	4.991914e+15	2.096951e+02	1.526460e+02	5.671912e+16
1862	4.992133e+15	2.083859e+02	1.481869e+02	5.178971e+16
1863	4.992357e+15	2.125668e+02	1.487097e+02	7.351265e+16
1864	4.992584e+15	2.185831e+02	1.506104e+02	6.494674e+16
1865	4.992811e+15	2.224988e+02	1.529637e+02	4.107293e+16
1866	4.993033e+15	2.130361e+02	1.435757e+02	8.254065e+16
1867	4.993258e+15	2.168937e+02	1.456395e+02	5.364796e+16
1868	4.993480e+15	2.200383e+02	1.511996e+02	6.229059e+16
1869	4.993697e+15	2.063674e+02	1.433606e+02	5.690030e+16
1870	4.993920e+15	2.128129e+02	1.516060e+02	5.753123e+16
1871	4.994141e+15	2.088928e+02	1.510311e+02	6.156152e+16
1872	4.994362e+15	2.049328e+02	1.514970e+02	5.470283e+16
1873	4.994583e+15	2.051723e+02	1.534941e+02	6.636835e+16
1874	4.994802e+15	1.990738e+02	1.503736e+02	5.463435e+16
1875	4.995020e+15	1.963490e+02	1.510036e+02	5.885250e+16
1876	4.995237e+15	1.858289e+02	1.468073e+02	5.987871e+16
1877	4.995458e+15	1.958226e+02	1.570801e+02	5.585074e+16
1878	4.995672e+15	1.820800e+02	1.479508e+02	6.259240e+16
1879	4.995892e+15	1.912404e+02	1.577129e+02	5.014915e+16
1880	4.996108e+15	1.878479e+02	1.561049e+02	7.235173e+16
1881	4.996324e+15	1.860229e+02	1.588545e+02	5.739333e+16
1882	4.996538e+15	1.912408e+02	1.648501e+02	8.122935e+16
1883	4.996743e+15	1.803934e+02	1.530627e+02	4.406886e+16
1884	4.996950e+15	1.785803e+02	1.536562e+02	5.963938e+16
1885	4.997158e+15	1.773842e+02	1.496399e+02	4.847383e+16
1886	4.997368e+15	1.850746e+02	1.507753e+02	3.944288e+16
1887	4.997577e+15	1.920778e+02	1.507815e+02	6.972390e+16
1888	4.997787e+15	1.931138e+02	1.485961e+02	6.663116e+16
1889	4.997998e+15	1.973538e+02	1.525113e+02	5.308023e+16
1890	4.998209e+15	1.928477e+02	1.544401e+02	3.267286e+16
1891	4.998420e+15	1.839218e+02	1.464066e+02	6.266045e+16
1892	4.998641e+15	2.184659e+02	1.659648e+02	7.536849e+16
1893	4.998853e+15	1.973148e+02	1.486093e+02	6.175961e+16
1894	4.999073e+15	2.055036e+02	1.564117e+02	7.358710e+16
1895	4.999291e+15	2.080923e+02	1.535845e+02	7.718233e+16
1896	4.999509e+15	2.128402e+02	1.542741e+02	4.232144e+16
1897	4.999725e+15	2.078835e+02	1.518254e+02	2.352427e+16
1898	4.999943e+15	2.099370e+02	1.549107e+02	6.612230e+16
1899	5.000159e+15	2.038755e+02	1.516775e+02	7.091021e+16
1900	5.000375e+15	1.974228e+02	1.489344e+02	2.554323e+16
1901	5.000594e+15	2.027169e+02	1.537872e+02	7.664151e+16
1902	5.000812e+15	2.079768e+02	1.577407e+02	6.875528e+16
1903	5.001025e+15	1.803672e+02	1.410447e+02	5.389387e+16
1904	5.001251e+15	2.062860e+02	1.617916e+02	6.301811e+16
1905	5.001465e+15	1.751708e+02	1.383107e+02	6.249939e+16
1906	5.001696e+15	2.005240e+02	1.583379e+02	4.384193e+16
1907	5.001918e+15	1.913319e+02	1.491207e+02	5.526550e+16
1908	5.002139e+15	1.792377e+02	1.372277e+02	3.748669e+16
1909	5.002373e+15	1.947544e+02	1.508410e+02	5.619925e+16
1910	5.002604e+15	2.011718e+02	1.498643e+02	7.481425e+16
1911	5.002831e+15	1.922308e+02	1.430601e+02	4.721238e+16
1912	5.003063e+15	2.038609e+02	1.505639e+02	5.812537e+16
1913	5.003290e+15	2.058058e+02	1.505330e+02	6.182769e+16
1914	5.003510e+15	2.052963e+02	1.526607e+02	5.160390e+16
1915	5.003726e+15	2.031412e+02	1.524493e+02	5.958087e+16
1916	5.003938e+15	1.949378e+02	1.505695e+02	3.285167e+16
1917	5.004152e+15	2.073533e+02	1.614606e+02	6.683201e+16
1918	5.004356e+15	1.912243e+02	1.512463e+02	4.158261e+16
1919	5.004561e+15	1.949162e+02	1.504606e+02	4.190194e+16
1920	5.004766e+15	1.914265e+02	1.466487e+02	5.566377e+16
1921	5.004976e+15	2.002946e+02	1.536504e+02	4.349883e+16
1922	5.005183e+15	1.949426e+02	1.498019e+02	7.453173e+16
1923	5.005390e+15	1.896938e+02	1.464992e+02	5.261383e+16
1924	5.005603e+15	1.986994e+02	1.561410e+02	7.984950e+16
1925	5.005813e+15	1.956837e+02	1.516932e+02	6.168211e+16
1926	5.006024e+15	1.971941e+02	1.534908e+02	6.414193e+16
1927	5.006237e+15	2.028437e+02	1.575907e+02	6.282034e+16
1928	5.006445e+15	2.022853e+02	1.589111e+02	5.444697e+16
1929	5.006650e+15	1.950500e+02	1.561340e+02	6.741176e+16
1930	5.006856e+15	1.993592e+02	1.597593e+02	6.011118e+16
1931	5.007060e+15	1.904119e+02	1.517655e+02	5.033733e+16
1932	5.007267e+15	1.907202e+02	1.538601e+02	6.415679e+16
1933	5.007477e+15	1.950075e+02	1.556714e+02	6.311967e+16
1934	5.007686e+15	1.899972e+02	1.544859e+02	7.154386e+16
1935	5.007898e+15	1.920410e+02	1.559134e+02	4.411831e+16
1936	5.008111e+15	1.924997e+02	1.551516e+02	8.177508e+16
1937	5.008326e+15	1.920582e+02	1.550372e+02	6.043962e+16
1938	5.008543e+15	1.964570e+02	1.570900e+02	6.309801e+16
1939	5.008758e+15	1.909171e+02	1.517740e+02	7.714621e+16
1940	5.008976e+15	1.982225e+02	1.563338e+02	6.418752e+16
1941	5.009192e+15	1.936059e+02	1.501165e+02	5.145495e+16
1942	5.009408e+15	1.883876e+02	1.489667e+02	4.921642e+16
1943	5.009624e+15	1.890073e+02	1.479069e+02	8.070173e+16
1944	5.009841e+15	1.835854e+02	1.446961e+02	5.378728e+16
1945	5.010061e+15	1.793981e+02	1.448202e+02	4.782975e+16
1946	5.010285e+15	1.869136e+02	1.510478e+02	3.195253e+16
1947	5.010505e+15	1.840255e+02	1.450401e+02	6.175926e+16
1948	5.010728e+15	1.885042e+02	1.491308e+02	6.156975e+16
1949	5.010951e+15	1.905512e+02	1.485025e+02	4.246743e+16
1950	5.011175e+15	1.850155e+02	1.441892e+02	5.403515e+16
1951	5.011403e+15	1.951437e+02	1.545248e+02	6.975541e+16
1952	5.011626e+15	1.971848e+02	1.584099e+02	5.604367e+16
1953	5.011842e+15	1.965785e+02	1.564623e+02	4.544176e+16
1954	5.012051e+15	1.900363e+02	1.495618e+02	6.315799e+16
1955	5.012261e+15	1.971699e+02	1.562342e+02	5.517179e+16
1956	5.012465e+15	1.875948e+02	1.499361e+02	4.871484e+16
1957	5.012672e+15	1.942127e+02	1.556413e+02	6.448195e+16
1958	5.012875e+15	1.923240e+02	1.528028e+02	4.503934e+16
1959	5.013080e+15	1.939735e+02	1.562861e+02	5.008668e+16
1960	5.013282e+15	1.942373e+02	1.569796e+02	4.934231e+16
1961	5.013480e+15	1.884374e+02	1.504937e+02	6.117269e+16
1962	5.013684e+15	1.939042e+02	1.556963e+02	5.052274e+16
1963	5.013884e+15	1.885242e+02	1.498483e+02	5.331648e+16
1964	5.014084e+15	1.872743e+02	1.483188e+02	5.573995e+16
1965	5.014290e+15	1.850964e+02	1.462969e+02	7.090181e+16
1966	5.014503e+15	1.960939e+02	1.553036e+02	4.561151e+16
1967	5.014714e+15	1.906228e+02	1.461160e+02	5.473850e+16
1968	5.014928e+15	1.908697e+02	1.489726e+02	5.239788e+16
1969	5.015142e+15	1.963682e+02	1.538775e+02	4.813996e+16
1970	5.015355e+15	1.926411e+02	1.507591e+02	3.995257e+16
1971	5.015570e+15	1.934731e+02	1.495575e+02	5.778374e+16
1972	5.015787e+15	1.940704e+02	1.528074e+02	5.058507e+16
1973	5.016003e+15	1.910127e+02	1.501693e+02	4.993222e+16
1974	5.016221e+15	1.863977e+02	1.492765e+02	8.410016e+16
1975	5.016443e+15	1.954660e+02	1.575518e+02	4.486018e+16
1976	5.016657e+15	1.885492e+02	1.511866e+02	4.546845e+16
1977	5.016873e+15	1.908461e+02	1.551944e+02	5.733215e+16
1978	5.017085e+15	1.812033e+02	1.493044e+02	5.030265e+16
1979	5.017305e+15	1.862969e+02	1.542871e+02	4.917294e+16
1980	5.017527e+15	1.906840e+02	1.595278e+02	5.587255e+16
1981	5.017744e+15	1.984469e+02	1.603402e+02	4.890227e+16
1982	5.017957e+15	2.006638e+02	1.541532e+02	4.235350e+16
1983	5.018171e+15	2.034154e+02	1.596610e+02	5.795612e+16
1984	5.018383e+15	1.925400e+02	1.547441e+02	5.231566e+16
1985	5.018595e+15	1.930894e+02	1.579567e+02	7.601169e+16
1986	5.018806e+15	1.927537e+02	1.590574e+02	5.477388e+16
1987	5.019015e+15	1.817719e+02	1.479396e+02	3.836697e+16
1988	5.019232e+15	1.868663e+02	1.503812e+02	5.498708e+16
1989	5.019451e+15	1.998402e+02	1.606331e+02	7.192422e+16
1990	5.019664e+15	1.916475e+02	1.565916e+02	5.469991e+16
1991	5.019875e+15	1.894763e+02	1.621012e+02	7.224542e+16
1992	5.020081e+15	1.702899e+02	1.481194e+02	4.971056e+16
1993	5.020298e+15	1.929941e+02	1.660002e+02	4.712229e+16
1994	5.020508e+15	1.931140e+02	1.623481e+02	6.652088e+16
1995	5.020712e+15	1.935628e+02	1.546075e+02	5.456585e+16
1996	5.020917e+15	2.039659e+02	1.593297e+02	3.617337e+16
1997	5.021117e+15	1.915364e+02	1.533161e+02	5.804419e+16
1998	5.021319e+15	1.873110e+02	1.523603e+02	6.496421e+16
1999	5.021524e+15	1.955087e+02	1.577144e+02	6.310045e+16
2000	5.021726e+15	1.932886e+02	1.545395e+02	6.121676e+16
2001	5.021931e+15	1.968114e+02	1.568844e+02	6.226993e+16
2002	5.022136e+15	1.890926e+02	1.556154e+02	5.487845e+16
2003	5.022345e+15	1.935390e+02	1.610192e+02	7.167307e+16
2004	5.022554e+15	1.897164e+02	1.569198e+02	5.667839e+16
2005	5.022767e+15	1.924675e+02	1.547670e+02	7.079978e+16
2006	5.022984e+15	1.934247e+02	1.601608e+02	4.009486e+16
2007	5.023203e+15	1.944155e+02	1.592358e+02	4.305063e+16
2008	5.023426e+15	1.958059e+02	1.605184e+02	8.648126e+16
2009	5.023652e+15	2.054020e+02	1.684357e+02	8.947143e+16
2010	5.023872e+15	2.081496e+02	1.687443e+02	7.159930e+16
2011	5.024085e+15	1.898605e+02	1.525028e+02	6.500552e+16
2012	5.024305e+15	2.091515e+02	1.671199e+02	5.515001e+16
2013	5.024513e+15	1.905791e+02	1.508872e+02	5.894931e+16
2014	5.024724e+15	1.947254e+02	1.572075e+02	5.092179e+16
2015	5.024932e+15	1.880551e+02	1.519448e+02	8.093396e+16
2016	5.025145e+15	1.905075e+02	1.557601e+02	5.678125e+16
2017	5.025357e+15	1.930263e+02	1.667131e+02	4.448088e+16
2018	5.025563e+15	1.824059e+02	1.537114e+02	6.145522e+16
2019	5.025771e+15	2.024368e+02	1.643787e+02	5.799236e+16
2020	5.025970e+15	1.816703e+02	1.495922e+02	5.239994e+16
2021	5.026174e+15	1.907813e+02	1.553511e+02	6.802917e+16
2022	5.026379e+15	2.010718e+02	1.599904e+02	6.582525e+16
2023	5.026578e+15	1.919413e+02	1.442154e+02	3.275302e+16
2024	5.026779e+15	1.901070e+02	1.415726e+02	3.859513e+16
2025	5.026984e+15	1.981150e+02	1.441355e+02	5.009082e+16
2026	5.027187e+15	1.940248e+02	1.406957e+02	3.669111e+16
2027	5.027393e+15	1.922446e+02	1.434610e+02	3.902499e+16
2028	5.027602e+15	1.951183e+02	1.452464e+02	5.228154e+16
2029	5.027806e+15	1.876339e+02	1.421266e+02	3.567511e+16
2030	5.028009e+15	1.874361e+02	1.436281e+02	5.479436e+16
2031	5.028211e+15	1.930691e+02	1.489436e+02	4.937597e+16
2032	5.028411e+15	1.966287e+02	1.519812e+02	7.294217e+16
2033	5.028608e+15	1.857023e+02	1.440924e+02	5.084547e+16
2034	5.028811e+15	1.781993e+02	1.410249e+02	3.613256e+16
2035	5.029026e+15	1.869418e+02	1.479868e+02	4.882366e+16
2036	5.029243e+15	1.997002e+02	1.568455e+02	4.093675e+16
2037	5.029455e+15	1.936587e+02	1.534818e+02	6.748662e+16
2038	5.029668e+15	1.960426e+02	1.566064e+02	5.036382e+16
2039	5.029878e+15	1.949262e+02	1.549465e+02	5.845912e+16
2040	5.030086e+15	1.850640e+02	1.481749e+02	7.454593e+16
2041	5.030300e+15	2.025828e+02	1.644093e+02	5.728166e+16
2042	5.030504e+15	1.785835e+02	1.449337e+02	5.919906e+16
2043	5.030718e+15	1.995809e+02	1.616421e+02	3.710675e+16
2044	5.030928e+15	1.881970e+02	1.545746e+02	6.385674e+16
2045	5.031142e+15	2.028920e+02	1.662867e+02	6.058728e+16
2046	5.031350e+15	1.916284e+02	1.558472e+02	6.551575e+16
2047	5.031564e+15	1.982746e+02	1.606125e+02	5.019095e+16
2048	5.031777e+15	1.931018e+02	1.565012e+02	6.902368e+16
2049	5.031992e+15	1.962784e+02	1.596866e+02	5.485887e+16
2050	5.032205e+15	1.958625e+02	1.565050e+02	5.180579e+16
2051	5.032417e+15	1.875375e+02	1.504167e+02	5.788329e+16
2052	5.032634e+15	2.098513e+02	1.634008e+02	6.333420e+16
2053	5.032843e+15	2.007228e+02	1.555949e+02	7.265431e+16
2054	5.033052e+15	2.017996e+02	1.543473e+02	5.704073e+16
2055	5.033263e+15	1.985262e+02	1.577668e+02	7.866346e+16
2056	5.033475e+15	1.966922e+02	1.572312e+02	5.856293e+16
2057	5.033688e+15	1.913501e+02	1.565257e+02	8.311628e+16
2058	5.033907e+15	2.026104e+02	1.632612e+02	5.706667e+16
2059	5.034124e+15	2.125925e+02	1.678704e+02	7.798712e+16
2060	5.034334e+15	1.951462e+02	1.545312e+02	6.639806e+16
2061	5.034552e+15	2.158212e+02	1.726899e+02	7.264582e+16
2062	5.034757e+15	1.922842e+02	1.544843e+02	6.077844e+16
2063	5.034970e+15	2.109317e+02	1.664125e+02	6.688545e+16
2064	5.035175e+15	1.868456e+02	1.476338e+02	5.472003e+16
2065	5.035392e+15	1.927771e+02	1.569863e+02	5.327640e+16
2066	5.035611e+15	2.108979e+02	1.692556e+02	4.828779e+16
2067	5.035818e+15	1.743876e+02	1.410726e+02	5.800414e+16
2068	5.036041e+15	2.082203e+02	1.713981e+02	4.634054e+16
2069	5.036250e+15	1.972992e+02	1.558533e+02	4.300497e+16
2070	5.036459e+15	1.994903e+02	1.601871e+02	9.533677e+16
2071	5.036665e+15	1.831648e+02	1.486232e+02	5.393733e+16
2072	5.036881e+15	2.008104e+02	1.658570e+02	6.849869e+16
2073	5.037090e+15	1.802399e+02	1.533659e+02	5.497152e+16
2074	5.037308e+15	2.010958e+02	1.752549e+02	5.122320e+16
2075	5.037514e+15	1.881473e+02	1.629622e+02	5.345788e+16
2076	5.037719e+15	1.835130e+02	1.628503e+02	5.452273e+16
2077	5.037924e+15	1.864518e+02	1.653116e+02	7.550005e+16
2078	5.038128e+15	1.886013e+02	1.635894e+02	6.090112e+16
2079	5.038332e+15	1.773156e+02	1.545118e+02	6.797132e+16
2080	5.038544e+15	1.905665e+02	1.640733e+02	4.631632e+16
2081	5.038755e+15	1.883346e+02	1.598222e+02	7.923531e+16
2082	5.038968e+15	1.893392e+02	1.587807e+02	5.092920e+16
2083	5.039186e+15	1.957386e+02	1.649604e+02	4.913802e+16
2084	5.039403e+15	2.107707e+02	1.728170e+02	5.106569e+16
2085	5.039611e+15	1.989038e+02	1.552666e+02	5.557315e+16
2086	5.039826e+15	2.163758e+02	1.666487e+02	5.283666e+16
2087	5.040034e+15	1.972139e+02	1.493648e+02	7.832236e+16
2088	5.040251e+15	2.159508e+02	1.650908e+02	7.488141e+16
2089	5.040461e+15	1.948626e+02	1.507242e+02	5.955787e+16
2090	5.040681e+15	2.166119e+02	1.705051e+02	7.094353e+16
2091	5.040889e+15	1.976639e+02	1.583299e+02	7.411651e+16
2092	5.041098e+15	1.925494e+02	1.601511e+02	6.764268e+16
2093	5.041308e+15	2.024264e+02	1.692512e+02	5.752232e+16
2094	5.041509e+15	1.911009e+02	1.645189e+02	3.650170e+16
2095	5.041707e+15	1.723764e+02	1.535680e+02	4.207721e+16
2096	5.041915e+15	1.848457e+02	1.661700e+02	4.645669e+16
2097	5.042122e+15	1.912233e+02	1.678083e+02	5.968052e+16
2098	5.042327e+15	1.871171e+02	1.661418e+02	6.611788e+16
2099	5.042531e+15	1.813105e+02	1.614706e+02	6.928637e+16
2100	5.042738e+15	1.866570e+02	1.617705e+02	6.803331e+16
2101	5.042947e+15	1.868156e+02	1.641798e+02	5.729568e+16
2102	5.043157e+15	1.860339e+02	1.624162e+02	5.580673e+16
2103	5.043368e+15	1.853736e+02	1.604913e+02	4.692439e+16
2104	5.043584e+15	1.907009e+02	1.638842e+02	6.491603e+16
2105	5.043801e+15	1.977072e+02	1.688856e+02	5.702626e+16
2106	5.044013e+15	1.972763e+02	1.650024e+02	3.203558e+16
2107	5.044224e+15	1.983065e+02	1.584989e+02	6.750322e+16
2108	5.044437e+15	2.123930e+02	1.697812e+02	5.950926e+16
2109	5.044644e+15	1.908225e+02	1.554023e+02	6.912313e+16
2110	5.044860e+15	2.082845e+02	1.704873e+02	7.147368e+16
2111	5.045071e+15	1.949834e+02	1.560772e+02	6.680716e+16
2112	5.045291e+15	2.195209e+02	1.756005e+02	6.620547e+16
2113	5.045501e+15	2.124041e+02	1.672927e+02	7.873678e+16
2114	5.045708e+15	2.133976e+02	1.678324e+02	3.581517e+16
2115	5.045915e+15	2.145539e+02	1.699779e+02	6.725133e+16
2116	5.046120e+15	2.115474e+02	1.709757e+02	5.827161e+16
2117	5.046324e+15	2.065835e+02	1.683637e+02	5.395618e+16
2118	5.046531e+15	2.007881e+02	1.632542e+02	6.780441e+16
2119	5.046744e+15	2.098384e+02	1.712110e+02	6.573858e+16
2120	5.046957e+15	2.107204e+02	1.764547e+02	6.139079e+16
2121	5.047167e+15	1.988181e+02	1.698240e+02	8.322406e+16
2122	5.047383e+15	2.100331e+02	1.807203e+02	5.344134e+16
2123	5.047595e+15	1.946538e+02	1.685899e+02	7.501054e+16
2124	5.047816e+15	2.049786e+02	1.801415e+02	6.725912e+16
2125	5.048034e+15	2.057931e+02	1.781387e+02	6.085068e+16
2126	5.048252e+15	2.003430e+02	1.725117e+02	4.872104e+16
2127	5.048476e+15	1.993075e+02	1.723057e+02	5.364175e+16
2128	5.048704e+15	2.085496e+02	1.784853e+02	6.096277e+16
2129	5.048930e+15	2.034276e+02	1.734547e+02	7.897435e+16
2130	5.049156e+15	2.050878e+02	1.752557e+02	5.830216e+16
2131	5.049382e+15	2.071830e+02	1.744266e+02	4.165256e+16
2132	5.049608e+15	2.125438e+02	1.771703e+02	7.723969e+16
2133	5.049828e+15	2.098615e+02	1.682327e+02	7.091051e+16
2134	5.050047e+15	2.144904e+02	1.681561e+02	6.283730e+16
2135	5.050263e+15	2.160515e+02	1.658708e+02	3.926414e+16
2136	5.050479e+15	2.135999e+02	1.656339e+02	5.655130e+16
2137	5.050696e+15	2.190005e+02	1.672430e+02	6.147344e+16
2138	5.050910e+15	2.100199e+02	1.597572e+02	6.287832e+16
2139	5.051129e+15	2.110858e+02	1.632909e+02	5.543822e+16
2140	5.051349e+15	2.188627e+02	1.737786e+02	4.564930e+16
2141	5.051560e+15	2.011638e+02	1.563484e+02	5.732557e+16
2142	5.051780e+15	2.295054e+02	1.756321e+02	5.486772e+16
2143	5.051990e+15	2.172148e+02	1.678539e+02	5.731458e+16
2144	5.052199e+15	2.027245e+02	1.569782e+02	4.711675e+16
2145	5.052419e+15	2.208753e+02	1.737735e+02	3.934673e+16
2146	5.052633e+15	2.097440e+02	1.632675e+02	7.126302e+16
2147	5.052849e+15	2.107672e+02	1.644574e+02	4.941169e+16
2148	5.053068e+15	2.143870e+02	1.705418e+02	1.033982e+17
2149	5.053286e+15	2.091655e+02	1.693106e+02	5.501311e+16
2150	5.053505e+15	2.206363e+02	1.757213e+02	7.286545e+16
2151	5.053718e+15	2.121415e+02	1.676533e+02	4.697757e+16
2152	5.053936e+15	2.147406e+02	1.725149e+02	7.918002e+16
2153	5.054156e+15	2.141957e+02	1.682087e+02	8.251863e+16
2154	5.054377e+15	2.164281e+02	1.727645e+02	8.021201e+16
2155	5.054599e+15	2.174711e+02	1.721106e+02	5.465010e+16
2156	5.054822e+15	2.130089e+02	1.687023e+02	5.041823e+16
2157	5.055047e+15	2.174002e+02	1.680229e+02	8.675568e+16
2158	5.055270e+15	2.053433e+02	1.585704e+02	5.258565e+16
2159	5.055502e+15	2.241185e+02	1.759620e+02	7.270087e+16
2160	5.055726e+15	2.113042e+02	1.672740e+02	8.509629e+16
2161	5.055953e+15	2.143351e+02	1.700825e+02	4.996529e+16
2162	5.056181e+15	2.168676e+02	1.703047e+02	6.532072e+16
2163	5.056407e+15	2.223163e+02	1.694894e+02	5.658057e+16
2164	5.056632e+15	2.317043e+02	1.729891e+02	7.879605e+16
2165	5.056851e+15	2.123093e+02	1.558960e+02	6.254984e+16
2166	5.057078e+15	2.214384e+02	1.693218e+02	3.299638e+16
2167	5.057301e+15	2.127655e+02	1.685162e+02	4.567294e+16
2168	5.057524e+15	2.056625e+02	1.644073e+02	8.595227e+16
2169	5.057749e+15	2.090660e+02	1.674754e+02	5.483213e+16
2170	5.057974e+15	2.127391e+02	1.717448e+02	7.562032e+16
2171	5.058195e+15	2.007730e+02	1.630755e+02	5.789034e+16
2172	5.058423e+15	2.039726e+02	1.701527e+02	7.445025e+16
2173	5.058652e+15	2.060656e+02	1.706733e+02	8.045800e+16
2174	5.058879e+15	2.017594e+02	1.671285e+02	9.052570e+16
2175	5.059109e+15	2.083621e+02	1.718614e+02	6.427762e+16
2176	5.059337e+15	2.166669e+02	1.761817e+02	5.961694e+16
2177	5.059560e+15	2.237283e+02	1.766963e+02	8.158673e+16
2178	5.059779e+15	2.267137e+02	1.764408e+02	7.667644e+16
2179	5.059993e+15	2.121283e+02	1.623004e+02	8.646541e+16
2180	5.060213e+15	2.196369e+02	1.705190e+02	5.004235e+16
2181	5.060430e+15	2.093004e+02	1.689865e+02	5.834977e+16
2182	5.060647e+15	2.000740e+02	1.648933e+02	7.191431e+16
2183	5.060868e+15	2.252259e+02	1.884249e+02	5.538606e+16
2184	5.061070e+15	1.771721e+02	1.519077e+02	3.053256e+16
2185	5.061290e+15	1.983619e+02	1.711290e+02	5.111035e+16
2186	5.061507e+15	1.864658e+02	1.625018e+02	7.351204e+16
2187	5.061732e+15	2.047324e+02	1.742174e+02	6.951790e+16
2188	5.061951e+15	2.146531e+02	1.775799e+02	5.204380e+16
2189	5.062164e+15	1.961643e+02	1.579612e+02	4.940293e+16
2190	5.062390e+15	2.263213e+02	1.831021e+02	8.271882e+16
2191	5.062606e+15	2.128008e+02	1.745751e+02	4.905998e+16
2192	5.062819e+15	2.079408e+02	1.716458e+02	5.999907e+16
2193	5.063037e+15	2.211609e+02	1.821065e+02	7.648216e+16
2194	5.063250e+15	2.063333e+02	1.673669e+02	5.386067e+16
2195	5.063473e+15	2.189580e+02	1.796998e+02	4.462654e+16
2196	5.063693e+15	2.178205e+02	1.766118e+02	5.579696e+16
2197	5.063913e+15	2.155189e+02	1.696644e+02	8.872565e+16
2198	5.064136e+15	2.164308e+02	1.746699e+02	8.079359e+16
2199	5.064357e+15	2.140934e+02	1.734424e+02	6.241619e+16
2200	5.064578e+15	2.321692e+02	1.855264e+02	7.165363e+16
2201	5.064789e+15	1.958806e+02	1.591962e+02	4.821656e+16
2202	5.065014e+15	2.191650e+02	1.870915e+02	5.032252e+16
2203	5.065231e+15	2.173338e+02	1.832016e+02	1.044920e+17
2204	5.065444e+15	2.114113e+02	1.739197e+02	7.439941e+16
2205	5.065660e+15	2.214839e+02	1.852957e+02	6.674830e+16
2206	5.065871e+15	2.094661e+02	1.721359e+02	6.316943e+16
2207	5.066087e+15	2.193220e+02	1.765932e+02	7.824079e+16
2208	5.066304e+15	2.106888e+02	1.705809e+02	3.444433e+16
2209	5.066530e+15	2.072826e+02	1.686623e+02	4.706403e+16
2210	5.066766e+15	2.294645e+02	1.868420e+02	7.616357e+16
2211	5.066996e+15	2.271052e+02	1.764421e+02	4.550688e+16
2212	5.067226e+15	2.439143e+02	1.812657e+02	6.945528e+16
2213	5.067448e+15	2.323740e+02	1.738758e+02	8.721002e+16
2214	5.067671e+15	2.387495e+02	1.807752e+02	6.938921e+16
2215	5.067888e+15	2.190026e+02	1.664832e+02	3.967145e+16
2216	5.068115e+15	2.302142e+02	1.792366e+02	7.190883e+16
2217	5.068339e+15	2.218508e+02	1.763049e+02	7.111325e+16
2218	5.068566e+15	2.242351e+02	1.769420e+02	5.970200e+16
2219	5.068789e+15	2.169701e+02	1.705208e+02	8.437388e+16
2220	5.069015e+15	2.119345e+02	1.687764e+02	6.899774e+16
2221	5.069247e+15	2.192540e+02	1.805908e+02	7.109081e+16
2222	5.069472e+15	2.082633e+02	1.731117e+02	9.744870e+16
2223	5.069701e+15	2.161187e+02	1.787533e+02	4.419291e+16
2224	5.069928e+15	2.144234e+02	1.769793e+02	4.674230e+16
2225	5.070155e+15	2.171293e+02	1.839898e+02	8.617468e+16
2226	5.070378e+15	1.923390e+02	1.673015e+02	6.848403e+16
2227	5.070611e+15	2.119606e+02	1.841120e+02	7.052994e+16
2228	5.070837e+15	1.885273e+02	1.607752e+02	5.923750e+16
2229	5.071077e+15	2.123214e+02	1.779556e+02	7.971602e+16
2230	5.071309e+15	2.093953e+02	1.702509e+02	3.663713e+16
2231	5.071542e+15	2.080853e+02	1.708936e+02	7.696863e+16
2232	5.071777e+15	2.166575e+02	1.786196e+02	6.676299e+16
2233	5.072008e+15	2.185680e+02	1.755921e+02	7.886476e+16
2234	5.072236e+15	2.236473e+02	1.743461e+02	5.931345e+16
2235	5.072464e+15	2.352586e+02	1.802115e+02	7.848512e+16
2236	5.072685e+15	2.298195e+02	1.712608e+02	6.982524e+16
2237	5.072904e+15	2.301418e+02	1.728307e+02	5.209001e+16
2238	5.073119e+15	2.278299e+02	1.684634e+02	6.676524e+16
2239	5.073335e+15	2.311688e+02	1.701186e+02	6.786838e+16
2240	5.073548e+15	2.223964e+02	1.670141e+02	4.850427e+16
2241	5.073764e+15	2.118581e+02	1.579375e+02	7.220810e+16
2242	5.073988e+15	2.228594e+02	1.694315e+02	8.231695e+16
2243	5.074212e+15	2.074897e+02	1.572842e+02	6.067003e+16
2244	5.074448e+15	2.297586e+02	1.746641e+02	5.785536e+16
2245	5.074677e+15	2.149750e+02	1.644762e+02	7.847172e+16
2246	5.074910e+15	2.297994e+02	1.738667e+02	8.471833e+16
2247	5.075136e+15	2.242728e+02	1.719427e+02	6.306348e+16
2248	5.075359e+15	2.018922e+02	1.598024e+02	6.500909e+16
2249	5.075593e+15	2.114003e+02	1.716099e+02	8.588391e+16
2250	5.075824e+15	2.297715e+02	1.793546e+02	6.884473e+16
2251	5.076046e+15	2.148080e+02	1.675920e+02	8.186706e+16
2252	5.076270e+15	2.169632e+02	1.688280e+02	7.510878e+16
2253	5.076492e+15	2.248568e+02	1.735934e+02	5.733407e+16
2254	5.076708e+15	2.105361e+02	1.631889e+02	4.283668e+16
2255	5.076932e+15	2.149684e+02	1.655664e+02	5.721641e+16
2256	5.077159e+15	2.148092e+02	1.699306e+02	8.383018e+16
2257	5.077388e+15	2.203272e+02	1.733401e+02	7.996587e+16
2258	5.077613e+15	2.257483e+02	1.773213e+02	6.953639e+16
2259	5.077832e+15	2.241231e+02	1.720131e+02	6.399850e+16
2260	5.078049e+15	2.019606e+02	1.565831e+02	5.083558e+16
2261	5.078280e+15	2.165614e+02	1.706243e+02	4.398305e+16
2262	5.078508e+15	2.124379e+02	1.691963e+02	4.716541e+16
2263	5.078735e+15	2.147737e+02	1.716502e+02	5.586428e+16
2264	5.078959e+15	2.227709e+02	1.786147e+02	9.370431e+16
2265	5.079175e+15	2.139483e+02	1.658198e+02	7.936951e+16
2266	5.079394e+15	2.195937e+02	1.709533e+02	7.580671e+16
2267	5.079611e+15	2.080761e+02	1.650423e+02	7.954460e+16
2268	5.079833e+15	2.147512e+02	1.677965e+02	4.358920e+16
2269	5.080059e+15	2.284209e+02	1.811303e+02	9.621832e+16
2270	5.080277e+15	2.044920e+02	1.674902e+02	7.129222e+16
2271	5.080502e+15	2.121430e+02	1.769334e+02	7.808546e+16
2272	5.080726e+15	2.117847e+02	1.768006e+02	6.403750e+16
2273	5.080949e+15	1.949954e+02	1.673901e+02	6.815330e+16
2274	5.081183e+15	2.108916e+02	1.818218e+02	6.227734e+16
2275	5.081413e+15	2.060094e+02	1.795148e+02	5.170598e+16
2276	5.081639e+15	2.046057e+02	1.769741e+02	7.385684e+16
2277	5.081865e+15	1.915057e+02	1.606284e+02	6.379670e+16
2278	5.082099e+15	2.048240e+02	1.712347e+02	5.728334e+16
2279	5.082332e+15	2.093746e+02	1.733104e+02	6.614633e+16
2280	5.082561e+15	2.103279e+02	1.734680e+02	8.237085e+16
2281	5.082786e+15	2.055851e+02	1.701091e+02	3.669335e+16
2282	5.083012e+15	2.106328e+02	1.752538e+02	3.775948e+16
2283	5.083234e+15	2.071049e+02	1.734110e+02	6.129477e+16
2284	5.083457e+15	2.110331e+02	1.767595e+02	6.238434e+16
2285	5.083680e+15	2.236108e+02	1.877431e+02	8.854139e+16
2286	5.083896e+15	2.109763e+02	1.776477e+02	6.572905e+16
2287	5.084113e+15	2.124208e+02	1.774223e+02	6.708043e+16
2288	5.084334e+15	1.969222e+02	1.674339e+02	7.016439e+16
2289	5.084565e+15	2.157639e+02	1.892884e+02	8.038353e+16
2290	5.084786e+15	2.031886e+02	1.824895e+02	7.540228e+16
2291	5.085004e+15	1.873118e+02	1.686934e+02	6.700572e+16
2292	5.085229e+15	2.058375e+02	1.854885e+02	7.932363e+16
2293	5.085445e+15	1.801469e+02	1.637661e+02	6.830205e+16
2294	5.085675e+15	1.928242e+02	1.730531e+02	5.748425e+16
2295	5.085909e+15	2.114675e+02	1.854829e+02	8.658558e+16
2296	5.086135e+15	2.024924e+02	1.737574e+02	6.987118e+16
2297	5.086367e+15	2.154251e+02	1.843224e+02	3.962926e+16
2298	5.086595e+15	2.126104e+02	1.827251e+02	5.178709e+16
2299	5.086822e+15	2.078732e+02	1.752816e+02	7.631251e+16
2300	5.087053e+15	2.044694e+02	1.732830e+02	4.261149e+16
2301	5.087289e+15	2.091404e+02	1.772938e+02	9.771496e+16
2302	5.087523e+15	2.134321e+02	1.761718e+02	4.070621e+16
2303	5.087753e+15	2.004579e+02	1.674100e+02	6.317058e+16
2304	5.087990e+15	2.073043e+02	1.734143e+02	6.862319e+16
2305	5.088227e+15	2.096257e+02	1.720078e+02	6.999500e+16
2306	5.088468e+15	2.147597e+02	1.728636e+02	7.777030e+16
2307	5.088712e+15	2.278911e+02	1.804629e+02	9.612632e+16
2308	5.088950e+15	2.260180e+02	1.808631e+02	6.230661e+16
2309	5.089183e+15	2.236839e+02	1.799855e+02	5.042422e+16
2310	5.089410e+15	2.110043e+02	1.682534e+02	4.841346e+16
2311	5.089641e+15	2.273937e+02	1.818577e+02	4.750395e+16
2312	5.089864e+15	2.108193e+02	1.719945e+02	5.566640e+16
2313	5.090089e+15	2.069707e+02	1.714597e+02	8.386433e+16
2314	5.090318e+15	2.079000e+02	1.678355e+02	6.068010e+16
2315	5.090552e+15	2.128772e+02	1.690530e+02	4.844710e+16
2316	5.090788e+15	2.203845e+02	1.724002e+02	6.666151e+16
2317	5.091025e+15	2.242356e+02	1.710504e+02	6.832188e+16
2318	5.091266e+15	2.358211e+02	1.772545e+02	8.125397e+16
2319	5.091505e+15	2.342980e+02	1.742945e+02	9.665159e+16
2320	5.091741e+15	2.311427e+02	1.693430e+02	6.377594e+16
2321	5.091980e+15	2.260702e+02	1.708250e+02	1.096047e+17
2322	5.092223e+15	2.249750e+02	1.718078e+02	6.445827e+16
2323	5.092470e+15	2.418799e+02	1.820391e+02	7.604185e+16
2324	5.092712e+15	2.259140e+02	1.735455e+02	7.034873e+16
2325	5.092958e+15	2.344491e+02	1.816273e+02	8.386470e+16
2326	5.093200e+15	2.372609e+02	1.827736e+02	8.557856e+16
2327	5.093437e+15	2.349162e+02	1.820416e+02	6.554644e+16
2328	5.093672e+15	2.358537e+02	1.839614e+02	8.524982e+16
2329	5.093901e+15	2.279730e+02	1.774103e+02	5.716071e+16
2330	5.094132e+15	2.235248e+02	1.745407e+02	8.280791e+16
2331	5.094365e+15	2.329970e+02	1.832536e+02	6.789339e+16
2332	5.094592e+15	2.296147e+02	1.810649e+02	7.036658e+16
2333	5.094814e+15	2.163200e+02	1.724925e+02	5.565077e+16
2334	5.095040e+15	2.228565e+02	1.748733e+02	7.251103e+16
2335	5.095266e+15	2.171465e+02	1.721839e+02	6.520200e+16
2336	5.095495e+15	2.067807e+02	1.692237e+02	7.725315e+16
2337	5.095733e+15	2.153842e+02	1.739124e+02	5.710838e+16
2338	5.095977e+15	2.278076e+02	1.891331e+02	8.489403e+16
2339	5.096212e+15	1.947698e+02	1.704892e+02	8.619277e+16
2340	5.096462e+15	2.082526e+02	1.852723e+02	8.529027e+16
2341	5.096710e+15	2.130771e+02	1.813011e+02	9.340011e+16
2342	5.096959e+15	2.180358e+02	1.854667e+02	5.780403e+16
2343	5.097205e+15	2.223824e+02	1.829538e+02	5.440551e+16
2344	5.097449e+15	2.198295e+02	1.788230e+02	9.219000e+16
2345	5.097695e+15	2.300363e+02	1.837467e+02	9.659142e+16
2346	5.097938e+15	2.379977e+02	1.874349e+02	5.767193e+16
2347	5.098176e+15	2.399303e+02	1.856346e+02	8.282037e+16
2348	5.098413e+15	2.435849e+02	1.879248e+02	8.349524e+16
2349	5.098648e+15	2.476108e+02	1.900403e+02	5.341125e+16
2350	5.098881e+15	2.402731e+02	1.828700e+02	5.282863e+16
2351	5.099116e+15	2.479272e+02	1.885618e+02	7.433501e+16
2352	5.099346e+15	2.338194e+02	1.788317e+02	8.006497e+16
2353	5.099579e+15	2.412682e+02	1.834009e+02	7.441025e+16
2354	5.099808e+15	2.389245e+02	1.809587e+02	7.368185e+16
2355	5.100037e+15	2.353031e+02	1.769133e+02	6.418182e+16
2356	5.100268e+15	2.349691e+02	1.816236e+02	8.111471e+16
2357	5.100499e+15	2.325038e+02	1.846451e+02	6.547740e+16
2358	5.100728e+15	2.291450e+02	1.842399e+02	1.106340e+17
2359	5.100956e+15	2.207533e+02	1.783172e+02	5.649504e+16
2360	5.101189e+15	2.272153e+02	1.829246e+02	6.249959e+16
2361	5.101423e+15	2.149910e+02	1.712790e+02	7.322389e+16
2362	5.101669e+15	2.337622e+02	1.846481e+02	7.283542e+16
2363	5.101911e+15	2.235116e+02	1.737574e+02	4.217726e+16
2364	5.102160e+15	2.397818e+02	1.799705e+02	7.356847e+16
2365	5.102405e+15	2.329807e+02	1.729470e+02	7.852079e+16
2366	5.102652e+15	2.384805e+02	1.777672e+02	6.024635e+16
2367	5.102898e+15	2.427186e+02	1.812238e+02	7.054007e+16
2368	5.103137e+15	2.415906e+02	1.815169e+02	7.992436e+16
2369	5.103368e+15	2.339741e+02	1.792459e+02	7.619916e+16
2370	5.103597e+15	2.325133e+02	1.822115e+02	6.937293e+16
2371	5.103822e+15	2.269952e+02	1.770558e+02	6.168362e+16
2372	5.104045e+15	2.056251e+02	1.587302e+02	5.231744e+16
2373	5.104281e+15	2.179375e+02	1.717655e+02	8.280594e+16
2374	5.104523e+15	2.273247e+02	1.775812e+02	7.606308e+16
2375	5.104766e+15	2.153034e+02	1.694516e+02	7.104751e+16
2376	5.105019e+15	2.405149e+02	1.896792e+02	5.294113e+16
2377	5.105261e+15	2.284596e+02	1.725808e+02	6.491348e+16
2378	5.105507e+15	2.353850e+02	1.754935e+02	8.383420e+16
2379	5.105750e+15	2.323676e+02	1.735787e+02	3.681436e+16
2380	5.105991e+15	2.375559e+02	1.774676e+02	6.293078e+16
2381	5.106226e+15	2.307216e+02	1.699964e+02	8.312383e+16
2382	5.106463e+15	2.342053e+02	1.745196e+02	7.086889e+16
2383	5.106697e+15	2.251701e+02	1.659286e+02	6.059788e+16
2384	5.106936e+15	2.316061e+02	1.726641e+02	5.478859e+16
2385	5.107173e+15	2.353840e+02	1.788055e+02	4.074374e+16
2386	5.107404e+15	2.099467e+02	1.616725e+02	3.299961e+16
2387	5.107644e+15	2.241959e+02	1.681206e+02	5.746862e+16
2388	5.107885e+15	2.287380e+02	1.656342e+02	5.029987e+16
2389	5.108125e+15	2.380828e+02	1.722528e+02	3.447204e+16
2390	5.108355e+15	2.080429e+02	1.515798e+02	7.016073e+16
2391	5.108599e+15	2.076890e+02	1.489934e+02	5.257044e+16
2392	5.108860e+15	2.204068e+02	1.550904e+02	4.743209e+16
2393	5.109131e+15	2.497988e+02	1.744052e+02	8.170947e+16
2394	5.109388e+15	2.212345e+02	1.519154e+02	8.461051e+16
2395	5.109659e+15	2.684704e+02	1.788063e+02	9.593920e+16
2396	5.109909e+15	2.323604e+02	1.543970e+02	5.244736e+16
2397	5.110166e+15	2.456610e+02	1.641640e+02	5.756752e+16
2398	5.110417e+15	2.587969e+02	1.721486e+02	5.995983e+16
2399	5.110651e+15	2.239664e+02	1.499752e+02	5.560942e+16
2400	5.110893e+15	2.307100e+02	1.560161e+02	6.370595e+16
2401	5.111134e+15	2.346168e+02	1.533177e+02	6.218804e+16
2402	5.111372e+15	2.074966e+02	1.370321e+02	7.441781e+16
2403	5.111628e+15	2.383563e+02	1.597392e+02	5.944720e+16
2404	5.111875e+15	2.242839e+02	1.553170e+02	9.474698e+16
2405	5.112120e+15	2.042673e+02	1.437104e+02	5.689910e+16
2406	5.112375e+15	2.319427e+02	1.634737e+02	9.966532e+16
2407	5.112617e+15	2.129765e+02	1.516957e+02	6.768510e+16
2408	5.112860e+15	2.150196e+02	1.540562e+02	7.558666e+16
2409	5.113102e+15	2.171384e+02	1.538104e+02	7.549434e+16
2410	5.113344e+15	2.150726e+02	1.508739e+02	8.281452e+16
2411	5.113582e+15	2.209805e+02	1.565669e+02	6.489646e+16
2412	5.113813e+15	2.179562e+02	1.598369e+02	8.170136e+16
2413	5.114041e+15	1.851536e+02	1.424416e+02	4.346229e+16
2414	5.114288e+15	2.015559e+02	1.566010e+02	6.800682e+16
2415	5.114540e+15	2.118346e+02	1.564595e+02	1.032443e+17
2416	5.114796e+15	2.210608e+02	1.646666e+02	5.967620e+16
2417	5.115046e+15	2.097900e+02	1.565873e+02	5.469271e+16
2418	5.115299e+15	2.165030e+02	1.573412e+02	8.356270e+16
2419	5.115552e+15	2.350031e+02	1.741860e+02	8.397328e+16
2420	5.115786e+15	2.026542e+02	1.492487e+02	6.140745e+16
2421	5.116035e+15	2.145213e+02	1.638379e+02	8.708136e+16
2422	5.116283e+15	2.081486e+02	1.658147e+02	8.933667e+16
2423	5.116529e+15	1.940440e+02	1.587791e+02	6.834972e+16
2424	5.116785e+15	2.132311e+02	1.779248e+02	1.112650e+17
2425	5.117031e+15	2.011017e+02	1.660652e+02	6.547174e+16
2426	5.117280e+15	2.022563e+02	1.718624e+02	6.493988e+16
2427	5.117526e+15	1.948796e+02	1.656615e+02	9.195688e+16
2428	5.117775e+15	1.992515e+02	1.700350e+02	7.201702e+16
2429	5.118023e+15	1.990852e+02	1.715397e+02	5.846496e+16
2430	5.118270e+15	1.903139e+02	1.676329e+02	9.362333e+16
2431	5.118524e+15	2.028433e+02	1.782786e+02	8.482533e+16
2432	5.118772e+15	1.952194e+02	1.715248e+02	8.837965e+16
2433	5.119023e+15	1.922621e+02	1.692905e+02	1.114009e+17
2434	5.119277e+15	1.969286e+02	1.755101e+02	8.031971e+16
2435	5.119529e+15	1.857018e+02	1.682767e+02	7.617529e+16
2436	5.119787e+15	1.915024e+02	1.763240e+02	8.098590e+16
2437	5.120043e+15	1.943051e+02	1.782209e+02	6.301558e+16
2438	5.120299e+15	2.017902e+02	1.803915e+02	8.943642e+16
2439	5.120551e+15	2.008180e+02	1.763877e+02	6.154017e+16
2440	5.120801e+15	2.015966e+02	1.752500e+02	8.930362e+16
2441	5.121050e+15	1.968808e+02	1.688914e+02	5.833179e+16
2442	5.121303e+15	2.057625e+02	1.759562e+02	5.253595e+16
2443	5.121553e+15	1.976410e+02	1.718514e+02	6.275841e+16
2444	5.121804e+15	2.017539e+02	1.806647e+02	7.146772e+16
2445	5.122050e+15	1.961364e+02	1.725449e+02	8.553596e+16
2446	5.122300e+15	2.132896e+02	1.902949e+02	7.446005e+16
2447	5.122540e+15	1.895825e+02	1.725985e+02	5.691053e+16
2448	5.122790e+15	2.070912e+02	1.904641e+02	9.239319e+16
2449	5.123034e+15	1.997770e+02	1.809160e+02	8.069314e+16
2450	5.123281e+15	2.031895e+02	1.797168e+02	7.463888e+16
2451	5.123532e+15	2.185545e+02	1.884628e+02	1.042694e+17
2452	5.123773e+15	1.977751e+02	1.661530e+02	9.807365e+16
2453	5.124030e+15	2.186920e+02	1.854994e+02	5.434082e+16
2454	5.124283e+15	2.202896e+02	1.843861e+02	6.358292e+16
2455	5.124531e+15	2.060954e+02	1.750714e+02	6.586869e+16
2456	5.124786e+15	2.145007e+02	1.830898e+02	1.015220e+17
2457	5.125039e+15	2.135843e+02	1.782868e+02	8.271900e+16
2458	5.125291e+15	2.086913e+02	1.745471e+02	8.538859e+16
2459	5.125545e+15	2.160123e+02	1.784066e+02	6.305314e+16
2460	5.125799e+15	2.148811e+02	1.728211e+02	5.335222e+16
2461	5.126060e+15	2.324555e+02	1.837678e+02	8.618403e+16
2462	5.126315e+15	2.217000e+02	1.748307e+02	9.276948e+16
2463	5.126574e+15	2.344500e+02	1.858356e+02	7.694496e+16
2464	5.126824e+15	2.195626e+02	1.750760e+02	8.222632e+16
2465	5.127077e+15	2.288183e+02	1.848027e+02	1.013596e+17
2466	5.127322e+15	2.271338e+02	1.858275e+02	6.978967e+16
2467	5.127559e+15	2.192069e+02	1.818146e+02	7.085790e+16
2468	5.127793e+15	2.173371e+02	1.812844e+02	6.428229e+16
2469	5.128025e+15	2.039621e+02	1.671629e+02	4.896695e+16
2470	5.128267e+15	2.159631e+02	1.779305e+02	1.003232e+17
2471	5.128507e+15	2.193891e+02	1.792276e+02	7.330352e+16
2472	5.128743e+15	2.108915e+02	1.681884e+02	7.017434e+16
2473	5.128985e+15	2.320063e+02	1.799023e+02	5.664024e+16
2474	5.129219e+15	2.192770e+02	1.648078e+02	8.860798e+16
2475	5.129459e+15	2.181177e+02	1.622664e+02	9.652519e+16
2476	5.129706e+15	2.362558e+02	1.814865e+02	6.785582e+16
2477	5.129943e+15	1.976584e+02	1.547114e+02	7.660124e+16
2478	5.130200e+15	2.461710e+02	1.924151e+02	9.488391e+16
2479	5.130436e+15	1.984754e+02	1.605049e+02	9.440009e+16
2480	5.130685e+15	2.104254e+02	1.691829e+02	7.716593e+16
2481	5.130942e+15	2.220781e+02	1.681932e+02	4.823650e+16
2482	5.131206e+15	2.332932e+02	1.768151e+02	7.975535e+16
2483	5.131471e+15	2.420720e+02	1.879752e+02	6.676758e+16
2484	5.131724e+15	2.275629e+02	1.775295e+02	1.195075e+17
2485	5.131976e+15	2.300866e+02	1.776094e+02	7.518131e+16
2486	5.132227e+15	2.234235e+02	1.769039e+02	8.464522e+16
2487	5.132477e+15	2.257292e+02	1.840201e+02	7.945849e+16
2488	5.132720e+15	2.048607e+02	1.718545e+02	9.170847e+16
2489	5.132975e+15	2.272851e+02	1.965914e+02	6.846206e+16
2490	5.133217e+15	2.014233e+02	1.803607e+02	9.146702e+16
2491	5.133466e+15	2.034608e+02	1.783430e+02	1.068153e+17
2492	5.133724e+15	2.197758e+02	1.904068e+02	6.168522e+16
2493	5.133976e+15	2.269831e+02	1.934742e+02	6.069313e+16
2494	5.134221e+15	2.138422e+02	1.801068e+02	8.702462e+16
2495	5.134470e+15	2.160563e+02	1.789748e+02	7.750636e+16
2496	5.134721e+15	2.140213e+02	1.790198e+02	6.723083e+16
2497	5.134974e+15	2.148864e+02	1.793804e+02	7.232227e+16
2498	5.135232e+15	2.253704e+02	1.893971e+02	7.658582e+16
2499	5.135481e+15	2.160517e+02	1.787091e+02	7.145280e+16
2500	5.135734e+15	2.267061e+02	1.830147e+02	6.999803e+16
2501	5.135984e+15	2.315458e+02	1.827848e+02	8.078834e+16
2502	5.136230e+15	2.342248e+02	1.883307e+02	8.777580e+16
2503	5.136468e+15	2.187397e+02	1.795514e+02	9.317884e+16
2504	5.136711e+15	2.304232e+02	1.909379e+02	7.156106e+16
2505	5.136949e+15	2.258266e+02	1.852928e+02	6.623753e+16
2506	5.137189e+15	2.368977e+02	1.937278e+02	9.643308e+16
2507	5.137423e+15	2.240420e+02	1.807806e+02	7.784866e+16
2508	5.137662e+15	2.164129e+02	1.721392e+02	7.702386e+16
2509	5.137913e+15	2.334949e+02	1.876058e+02	8.458314e+16
2510	5.138161e+15	2.238517e+02	1.788487e+02	6.423084e+16
2511	5.138415e+15	2.186516e+02	1.795429e+02	5.774026e+16
2512	5.138677e+15	2.235407e+02	1.805232e+02	9.514756e+16
2513	5.138944e+15	2.292560e+02	1.835146e+02	6.171103e+16
2514	5.139213e+15	2.289223e+02	1.815833e+02	6.632146e+16
2515	5.139487e+15	2.246750e+02	1.809044e+02	7.117322e+16
2516	5.139764e+15	2.413280e+02	1.902252e+02	9.288766e+16
2517	5.140033e+15	2.173813e+02	1.699487e+02	6.863789e+16
2518	5.140315e+15	2.300451e+02	1.778344e+02	1.119786e+17
2519	5.140598e+15	2.569494e+02	1.991636e+02	8.480931e+16
2520	5.140860e+15	2.398884e+02	1.799349e+02	7.841820e+16
2521	5.141119e+15	2.435431e+02	1.805939e+02	6.036633e+16
2522	5.141373e+15	2.428220e+02	1.779643e+02	8.517730e+16
2523	5.141624e+15	2.391962e+02	1.723963e+02	6.631395e+16
2524	5.141877e+15	2.305077e+02	1.693761e+02	6.946895e+16
2525	5.142140e+15	2.338250e+02	1.725742e+02	5.452513e+16
2526	5.142409e+15	2.592131e+02	1.958760e+02	8.299364e+16
2527	5.142661e+15	2.316365e+02	1.778477e+02	8.673158e+16
2528	5.142917e+15	2.506257e+02	1.958642e+02	9.643418e+16
2529	5.143164e+15	2.295288e+02	1.823908e+02	9.335187e+16
2530	5.143417e+15	2.397209e+02	1.917666e+02	8.889504e+16
2531	5.143670e+15	2.294183e+02	1.860693e+02	9.236624e+16
2532	5.143927e+15	2.156544e+02	1.842995e+02	9.443185e+16
2533	5.144192e+15	2.503626e+02	2.109558e+02	8.497158e+16
2534	5.144436e+15	2.225271e+02	1.850974e+02	7.360102e+16
2535	5.144686e+15	2.210913e+02	1.829188e+02	1.134088e+17
2536	5.144942e+15	2.285954e+02	1.909420e+02	8.920979e+16
2537	5.145194e+15	2.091966e+02	1.746292e+02	8.696370e+16
2538	5.145459e+15	2.237678e+02	1.842062e+02	8.461795e+16
2539	5.145726e+15	2.155133e+02	1.805873e+02	9.931370e+16
2540	5.146000e+15	2.355353e+02	1.973413e+02	7.779663e+16
2541	5.146265e+15	2.221616e+02	1.808204e+02	1.161696e+17
2542	5.146540e+15	2.337390e+02	1.887088e+02	5.735132e+16
2543	5.146814e+15	2.290130e+02	1.866872e+02	8.201170e+16
2544	5.147088e+15	2.344061e+02	1.890545e+02	1.045819e+17
2545	5.147358e+15	2.473065e+02	1.969359e+02	8.154038e+16
2546	5.147616e+15	2.359304e+02	1.856059e+02	4.769082e+16
2547	5.147875e+15	2.452276e+02	1.877995e+02	6.318939e+16
2548	5.148129e+15	2.527798e+02	1.906164e+02	5.551340e+16
2549	5.148378e+15	2.460208e+02	1.837398e+02	7.040826e+16
2550	5.148627e+15	2.490478e+02	1.840433e+02	7.757342e+16
2551	5.148876e+15	2.349737e+02	1.765649e+02	7.128487e+16
2552	5.149134e+15	2.592951e+02	1.973304e+02	1.063389e+17
2553	5.149380e+15	2.273208e+02	1.727310e+02	7.056451e+16
2554	5.149640e+15	2.544646e+02	1.937246e+02	6.919382e+16
2555	5.149888e+15	2.396465e+02	1.768491e+02	4.991975e+16
2556	5.150140e+15	2.361032e+02	1.743768e+02	1.085182e+17
2557	5.150401e+15	2.502068e+02	1.825949e+02	1.140261e+17
2558	5.150658e+15	2.508160e+02	1.795774e+02	5.851754e+16
2559	5.150915e+15	2.457590e+02	1.802493e+02	1.185202e+17
2560	5.151172e+15	2.479412e+02	1.830044e+02	5.078552e+16
2561	5.151426e+15	2.287353e+02	1.711526e+02	7.466437e+16
2562	5.151694e+15	2.442796e+02	1.788036e+02	9.763294e+16
2563	5.151959e+15	2.245804e+02	1.665461e+02	8.481034e+16
2564	5.152237e+15	2.361330e+02	1.770861e+02	8.394134e+16
2565	5.152515e+15	2.407147e+02	1.806775e+02	1.119833e+17
2566	5.152786e+15	2.212643e+02	1.708741e+02	8.271835e+16
2567	5.153063e+15	2.231924e+02	1.750477e+02	9.690481e+16
2568	5.153340e+15	2.305009e+02	1.795559e+02	7.882948e+16
2569	5.153610e+15	2.030827e+02	1.605408e+02	1.071397e+17
2570	5.153897e+15	2.346510e+02	1.830108e+02	8.340399e+16
2571	5.154172e+15	2.412251e+02	1.802151e+02	8.879739e+16
2572	5.154439e+15	2.351255e+02	1.751576e+02	9.818123e+16
2573	5.154706e+15	2.374594e+02	1.797041e+02	6.841818e+16
2574	5.154970e+15	2.417616e+02	1.836885e+02	7.646761e+16
2575	5.155225e+15	2.238636e+02	1.726995e+02	7.709021e+16
2576	5.155484e+15	2.235421e+02	1.758940e+02	5.519991e+16
2577	5.155745e+15	2.244852e+02	1.756163e+02	6.443482e+16
2578	5.156007e+15	2.226446e+02	1.742116e+02	8.360282e+16
2579	5.156272e+15	2.243198e+02	1.767537e+02	8.605739e+16
2580	5.156539e+15	2.278340e+02	1.782693e+02	8.169809e+16
2581	5.156810e+15	2.233423e+02	1.750267e+02	6.198641e+16
2582	5.157086e+15	2.253426e+02	1.752694e+02	7.228879e+16
2583	5.157367e+15	2.389243e+02	1.826699e+02	1.255874e+17
2584	5.157642e+15	2.177332e+02	1.688609e+02	8.153630e+16
2585	5.157928e+15	2.435608e+02	1.872983e+02	9.155321e+16
2586	5.158202e+15	2.342149e+02	1.813280e+02	6.885165e+16
2587	5.158471e+15	2.134567e+02	1.672035e+02	9.756799e+16
2588	5.158747e+15	2.224937e+02	1.789102e+02	6.036634e+16
2589	5.159018e+15	2.023805e+02	1.662726e+02	5.343587e+16
2590	5.159301e+15	2.337533e+02	1.927729e+02	7.649833e+16
2591	5.159567e+15	2.112081e+02	1.710250e+02	9.008411e+16
2592	5.159841e+15	2.100056e+02	1.722666e+02	8.270019e+16
2593	5.160123e+15	2.280102e+02	1.841076e+02	1.034975e+17
2594	5.160397e+15	2.064811e+02	1.653412e+02	9.014486e+16
2595	5.160687e+15	2.310413e+02	1.850858e+02	9.061104e+16
2596	5.160970e+15	2.105349e+02	1.724838e+02	1.005372e+17
2597	5.161261e+15	2.195407e+02	1.812249e+02	8.910325e+16
2598	5.161549e+15	2.133176e+02	1.807666e+02	1.006599e+17
2599	5.161837e+15	1.805994e+02	1.589059e+02	7.334304e+16
2600	5.162152e+15	2.393012e+02	2.067651e+02	8.271885e+16
2601	5.162437e+15	1.879994e+02	1.621214e+02	7.815662e+16
2602	5.162751e+15	2.161842e+02	1.830092e+02	7.630647e+16
2603	5.163063e+15	2.330186e+02	1.908484e+02	1.173250e+17
2604	5.163359e+15	2.346530e+02	1.871353e+02	6.806718e+16
2605	5.163644e+15	2.189232e+02	1.715013e+02	9.487262e+16
2606	5.163934e+15	2.275470e+02	1.813040e+02	9.200733e+16
2607	5.164220e+15	2.329554e+02	1.868145e+02	9.554992e+16
2608	5.164497e+15	2.233563e+02	1.772852e+02	8.632576e+16
2609	5.164777e+15	2.417788e+02	1.876697e+02	7.845523e+16
2610	5.165045e+15	2.226131e+02	1.704986e+02	1.019968e+17
2611	5.165322e+15	2.324587e+02	1.732461e+02	7.976841e+16
2612	5.165605e+15	2.411186e+02	1.782982e+02	8.113887e+16
2613	5.165888e+15	2.375970e+02	1.757267e+02	8.977990e+16
2614	5.166175e+15	2.478578e+02	1.849368e+02	1.028810e+17
2615	5.166455e+15	2.505311e+02	1.876898e+02	8.732103e+16
2616	5.166728e+15	2.447322e+02	1.856170e+02	8.978671e+16
2617	5.166997e+15	2.454158e+02	1.877421e+02	1.120622e+17
2618	5.167262e+15	2.451439e+02	1.824715e+02	8.063201e+16
2619	5.167527e+15	2.487548e+02	1.809857e+02	6.364179e+16
2620	5.167789e+15	2.293043e+02	1.660242e+02	8.077080e+16
2621	5.168066e+15	2.614644e+02	1.899737e+02	1.022451e+17
2622	5.168328e+15	2.032745e+02	1.562085e+02	9.966531e+16
2623	5.168614e+15	2.341854e+02	1.817682e+02	7.198053e+16
2624	5.168893e+15	2.310200e+02	1.772290e+02	4.574610e+16
2625	5.169170e+15	2.341179e+02	1.766639e+02	8.853466e+16
2626	5.169446e+15	2.352191e+02	1.763466e+02	6.212109e+16
2627	5.169720e+15	2.405623e+02	1.817061e+02	8.021491e+16
2628	5.169987e+15	2.270437e+02	1.735194e+02	4.540270e+16
2629	5.170257e+15	2.258543e+02	1.695940e+02	8.786689e+16
2630	5.170536e+15	2.483239e+02	1.810192e+02	7.858105e+16
2631	5.170810e+15	2.381357e+02	1.702390e+02	8.574447e+16
2632	5.171093e+15	2.523643e+02	1.783018e+02	9.854699e+16
2633	5.171376e+15	2.692946e+02	1.878167e+02	7.950688e+16
2634	5.171648e+15	2.313597e+02	1.640902e+02	9.130021e+16
2635	5.171941e+15	2.687340e+02	1.988131e+02	7.696465e+16
2636	5.172215e+15	2.561270e+02	1.921356e+02	9.465300e+16
2637	5.172482e+15	2.317363e+02	1.777918e+02	8.186120e+16
2638	5.172759e+15	2.428350e+02	1.865791e+02	9.285026e+16
2639	5.173032e+15	2.421556e+02	1.829529e+02	9.820562e+16
2640	5.173304e+15	2.268658e+02	1.738790e+02	8.249711e+16
2641	5.173590e+15	2.367853e+02	1.855495e+02	1.127068e+17
2642	5.173875e+15	2.500197e+02	1.964916e+02	7.643701e+16
2643	5.174146e+15	2.367958e+02	1.815739e+02	1.235584e+17
2644	5.174417e+15	2.430424e+02	1.832838e+02	8.223251e+16
2645	5.174684e+15	2.423098e+02	1.780568e+02	5.287445e+16
2646	5.174952e+15	2.502573e+02	1.819316e+02	8.289500e+16
2647	5.175215e+15	2.453580e+02	1.741950e+02	5.937780e+16
2648	5.175482e+15	2.576937e+02	1.818954e+02	9.381155e+16
2649	5.175742e+15	2.590849e+02	1.832872e+02	4.841747e+16
2650	5.175997e+15	2.457935e+02	1.739036e+02	8.189318e+16
2651	5.176254e+15	2.523087e+02	1.782910e+02	5.864257e+16
2652	5.176506e+15	2.404414e+02	1.718461e+02	1.242019e+17
2653	5.176761e+15	2.385361e+02	1.700517e+02	8.210841e+16
2654	5.177022e+15	2.466937e+02	1.753852e+02	5.891049e+16
2655	5.177280e+15	2.488874e+02	1.744536e+02	9.399455e+16
2656	5.177538e+15	2.350317e+02	1.658448e+02	9.334252e+16
2657	5.177805e+15	2.313349e+02	1.648137e+02	8.129304e+16
2658	5.178086e+15	2.608734e+02	1.854796e+02	7.984862e+16
2659	5.178359e+15	2.367375e+02	1.667885e+02	6.009821e+16
2660	5.178643e+15	2.350006e+02	1.607997e+02	8.666028e+16
2661	5.178944e+15	2.639477e+02	1.771672e+02	1.069362e+17
2662	5.179233e+15	2.458645e+02	1.660521e+02	8.560865e+16
2663	5.179523e+15	2.330633e+02	1.574700e+02	8.255528e+16
2664	5.179827e+15	2.560366e+02	1.718906e+02	6.899038e+16
2665	5.180123e+15	2.474630e+02	1.633757e+02	1.013330e+17
2666	5.180420e+15	2.555717e+02	1.706742e+02	1.051880e+17
2667	5.180710e+15	2.574731e+02	1.716212e+02	8.792163e+16
2668	5.180992e+15	2.510686e+02	1.686449e+02	5.318471e+16
2669	5.181270e+15	2.387161e+02	1.643589e+02	4.688273e+16
2670	5.181550e+15	2.435572e+02	1.716117e+02	1.011849e+17
2671	5.181822e+15	2.167548e+02	1.580318e+02	9.817562e+16
2672	5.182111e+15	2.230755e+02	1.628787e+02	8.248885e+16
2673	5.182416e+15	2.564536e+02	1.875656e+02	8.016431e+16
2674	5.182707e+15	2.399062e+02	1.777281e+02	1.256287e+17
2675	5.182994e+15	2.072076e+02	1.561327e+02	6.157373e+16
2676	5.183309e+15	2.429602e+02	1.793278e+02	8.011662e+16
2677	5.183616e+15	2.334661e+02	1.677835e+02	6.385149e+16
2678	5.183925e+15	2.289681e+02	1.624936e+02	9.223118e+16
2679	5.184245e+15	2.300477e+02	1.621967e+02	9.693618e+16
2680	5.184573e+15	2.471901e+02	1.829815e+02	8.379204e+16
2681	5.184881e+15	2.275524e+02	1.700799e+02	9.282375e+16
2682	5.185190e+15	2.303622e+02	1.728533e+02	9.753795e+16
2683	5.185496e+15	2.586773e+02	1.847378e+02	9.983706e+16
2684	5.185779e+15	2.270386e+02	1.599775e+02	9.311069e+16
2685	5.186071e+15	2.541027e+02	1.757479e+02	8.118499e+16
2686	5.186347e+15	2.358324e+02	1.629059e+02	5.467692e+16
2687	5.186626e+15	2.399686e+02	1.672613e+02	7.989592e+16
2688	5.186906e+15	2.380378e+02	1.701578e+02	7.396694e+16
2689	5.187183e+15	2.427233e+02	1.750809e+02	9.559937e+16
2690	5.187452e+15	2.311605e+02	1.693195e+02	9.432764e+16
2691	5.187720e+15	2.159677e+02	1.594387e+02	1.055089e+17
2692	5.188004e+15	2.392933e+02	1.762805e+02	6.385904e+16
2693	5.188284e+15	2.147253e+02	1.582342e+02	8.286486e+16
2694	5.188583e+15	2.233144e+02	1.648201e+02	8.744143e+16
2695	5.188894e+15	2.401670e+02	1.773562e+02	1.056238e+17
2696	5.189198e+15	2.297873e+02	1.669159e+02	1.114831e+17
2697	5.189509e+15	2.484335e+02	1.781530e+02	6.551295e+16
2698	5.189808e+15	2.530626e+02	1.729123e+02	9.380974e+16
2699	5.190095e+15	2.443448e+02	1.670817e+02	6.456364e+16
2700	5.190380e+15	2.583436e+02	1.737616e+02	6.304596e+16
2701	5.190652e+15	2.457365e+02	1.663819e+02	5.957162e+16
2702	5.190920e+15	2.499212e+02	1.675927e+02	7.811592e+16
2703	5.191181e+15	2.337841e+02	1.606943e+02	1.000162e+17
2704	5.191448e+15	2.456721e+02	1.707132e+02	9.236321e+16
2705	5.191709e+15	2.259225e+02	1.596380e+02	1.027245e+17
2706	5.191980e+15	2.323189e+02	1.645847e+02	7.106072e+16
2707	5.192255e+15	2.502039e+02	1.774062e+02	9.417895e+16
2708	5.192519e+15	2.103913e+02	1.509039e+02	4.644406e+16
2709	5.192809e+15	2.244123e+02	1.639959e+02	6.375064e+16
2710	5.193102e+15	2.438180e+02	1.756647e+02	5.906201e+16
2711	5.193380e+15	2.286623e+02	1.632382e+02	5.568734e+16
2712	5.193664e+15	2.303365e+02	1.637781e+02	6.196670e+16
2713	5.193950e+15	2.358822e+02	1.688170e+02	1.107582e+17
2714	5.194233e+15	2.428075e+02	1.754416e+02	9.046973e+16
2715	5.194505e+15	2.150970e+02	1.571052e+02	8.326048e+16
2716	5.194792e+15	2.494609e+02	1.773380e+02	9.103966e+16
2717	5.195064e+15	2.231725e+02	1.559531e+02	7.688090e+16
2718	5.195346e+15	2.317441e+02	1.606302e+02	9.777859e+16
2719	5.195637e+15	2.466266e+02	1.706025e+02	6.629296e+16
2720	5.195926e+15	2.392547e+02	1.681409e+02	8.518892e+16
2721	5.196217e+15	2.592652e+02	1.810723e+02	9.266690e+16
2722	5.196494e+15	2.384566e+02	1.662604e+02	6.437459e+16
2723	5.196772e+15	2.412986e+02	1.666490e+02	6.348508e+16
2724	5.197051e+15	2.470932e+02	1.679788e+02	1.004610e+17
2725	5.197326e+15	2.332310e+02	1.575817e+02	8.699607e+16
2726	5.197608e+15	2.414159e+02	1.617152e+02	7.038945e+16
2727	5.197888e+15	2.481464e+02	1.675022e+02	6.056213e+16
2728	5.198161e+15	2.406380e+02	1.633548e+02	8.148532e+16
2729	5.198432e+15	2.423725e+02	1.590337e+02	7.302726e+16
2730	5.198702e+15	2.459787e+02	1.596637e+02	6.904974e+16
2731	5.198969e+15	2.343210e+02	1.510983e+02	1.014075e+17
2732	5.199243e+15	2.628147e+02	1.673063e+02	7.286078e+16
2733	5.199503e+15	2.181984e+02	1.387477e+02	8.656423e+16
2734	5.199784e+15	2.261862e+02	1.486396e+02	7.586985e+16
2735	5.200081e+15	2.658998e+02	1.725252e+02	7.976522e+16
2736	5.200359e+15	2.384700e+02	1.564361e+02	6.145499e+16
2737	5.200646e+15	2.401463e+02	1.582869e+02	8.168161e+16
2738	5.200938e+15	2.549605e+02	1.719103e+02	6.364866e+16
2739	5.201219e+15	2.212438e+02	1.505926e+02	6.649122e+16
2740	5.201518e+15	2.700597e+02	1.823038e+02	6.895099e+16
2741	5.201787e+15	2.110470e+02	1.405920e+02	9.570296e+16
2742	5.202081e+15	2.441075e+02	1.633699e+02	8.739805e+16
2743	5.202365e+15	2.350254e+02	1.599125e+02	7.826151e+16
2744	5.202647e+15	2.290754e+02	1.565998e+02	6.192945e+16
2745	5.202930e+15	2.293429e+02	1.572646e+02	5.360052e+16
2746	5.203210e+15	2.192511e+02	1.542354e+02	7.023349e+16
2747	5.203491e+15	2.238719e+02	1.597319e+02	5.045436e+16
2748	5.203766e+15	2.251744e+02	1.575048e+02	7.981497e+16
2749	5.204037e+15	2.203501e+02	1.540780e+02	4.858870e+16
2750	5.204306e+15	2.277331e+02	1.570872e+02	8.447813e+16
2751	5.204572e+15	2.194894e+02	1.508917e+02	5.300923e+16
2752	5.204845e+15	2.318113e+02	1.565127e+02	9.296800e+16
2753	5.205117e+15	2.315843e+02	1.580903e+02	8.686136e+16
2754	5.205386e+15	2.165096e+02	1.464462e+02	7.222437e+16
2755	5.205670e+15	2.358177e+02	1.603390e+02	7.301470e+16
2756	5.205946e+15	2.082553e+02	1.432494e+02	1.289389e+17
2757	5.206235e+15	2.122357e+02	1.513537e+02	9.740569e+16
2758	5.206532e+15	2.278259e+02	1.634957e+02	4.908807e+16
2759	5.206822e+15	2.248078e+02	1.632068e+02	6.662825e+16
2760	5.207107e+15	2.069344e+02	1.505483e+02	8.416838e+16
2761	5.207404e+15	2.142165e+02	1.502221e+02	6.671926e+16
2762	5.207705e+15	2.206215e+02	1.572069e+02	8.785202e+16
2763	5.208002e+15	2.072354e+02	1.545520e+02	7.890689e+16
2764	5.208304e+15	2.304821e+02	1.688336e+02	5.263213e+16
2765	5.208591e+15	1.950433e+02	1.407213e+02	7.825677e+16
2766	5.208904e+15	2.330455e+02	1.661664e+02	9.088361e+16
2767	5.209201e+15	2.112338e+02	1.480173e+02	6.732619e+16
2768	5.209505e+15	2.217444e+02	1.540703e+02	8.079879e+16
2769	5.209807e+15	2.267669e+02	1.540910e+02	9.116074e+16
2770	5.210106e+15	2.292872e+02	1.528752e+02	7.629941e+16
2771	5.210402e+15	2.525413e+02	1.609511e+02	7.876398e+16
2772	5.210679e+15	2.386615e+02	1.518442e+02	6.347222e+16
2773	5.210949e+15	2.342269e+02	1.487216e+02	5.363850e+16
2774	5.211217e+15	2.388085e+02	1.508392e+02	7.234230e+16
2775	5.211478e+15	2.210203e+02	1.426057e+02	5.946299e+16
2776	5.211744e+15	2.299957e+02	1.493567e+02	8.038492e+16
2777	5.212008e+15	2.200452e+02	1.445426e+02	6.905553e+16
2778	5.212279e+15	2.338739e+02	1.576776e+02	7.261515e+16
2779	5.212542e+15	2.241423e+02	1.481284e+02	5.157782e+16
2780	5.212808e+15	1.977882e+02	1.352473e+02	5.539009e+16
2781	5.213099e+15	2.224511e+02	1.539851e+02	7.053234e+16
2782	5.213388e+15	2.129187e+02	1.460469e+02	1.007740e+17
2783	5.213689e+15	2.411056e+02	1.628458e+02	9.451763e+16
2784	5.213977e+15	2.372322e+02	1.594440e+02	9.281547e+16
2785	5.214258e+15	2.345204e+02	1.580244e+02	7.929428e+16
2786	5.214535e+15	2.153886e+02	1.502557e+02	7.180492e+16
2787	5.214820e+15	2.253676e+02	1.573119e+02	9.732289e+16
2788	5.215098e+15	2.143288e+02	1.499844e+02	9.754855e+16
2789	5.215380e+15	2.281140e+02	1.548039e+02	5.600612e+16
2790	5.215655e+15	2.204698e+02	1.417578e+02	7.509941e+16
2791	5.215939e+15	2.397640e+02	1.495867e+02	8.524597e+16
2792	5.216216e+15	2.480033e+02	1.501993e+02	6.017447e+16
2793	5.216483e+15	2.401642e+02	1.445126e+02	5.333406e+16
2794	5.216748e+15	2.371196e+02	1.415501e+02	7.370167e+16
2795	5.217014e+15	2.522227e+02	1.507546e+02	5.806450e+16
2796	5.217269e+15	2.224120e+02	1.337121e+02	5.585900e+16
2797	5.217537e+15	2.261905e+02	1.381915e+02	5.704770e+16
2798	5.217808e+15	2.270891e+02	1.407526e+02	4.460695e+16
2799	5.218084e+15	2.229159e+02	1.417410e+02	4.953653e+16
2800	5.218364e+15	2.228706e+02	1.425681e+02	6.640411e+16
2801	5.218646e+15	2.235159e+02	1.432947e+02	9.269457e+16
2802	5.218925e+15	2.195568e+02	1.396007e+02	6.494434e+16
2803	5.219201e+15	2.161286e+02	1.416763e+02	6.961642e+16
2804	5.219473e+15	2.048753e+02	1.366654e+02	4.898250e+16
2805	5.219753e+15	2.075742e+02	1.398834e+02	7.920916e+16
2806	5.220034e+15	2.031113e+02	1.381041e+02	5.264820e+16
2807	5.220322e+15	2.086591e+02	1.431851e+02	8.342844e+16
2808	5.220609e+15	2.052741e+02	1.406681e+02	5.682608e+16
2809	5.220898e+15	2.047971e+02	1.390211e+02	8.889880e+16
2810	5.221187e+15	2.061948e+02	1.406479e+02	9.845134e+16
2811	5.221474e+15	2.107458e+02	1.438999e+02	4.363951e+16
2812	5.221753e+15	2.048817e+02	1.395695e+02	6.225192e+16
2813	5.222033e+15	2.090378e+02	1.428547e+02	8.488229e+16
2814	5.222309e+15	2.174680e+02	1.447151e+02	5.244337e+16
2815	5.222579e+15	2.102147e+02	1.376725e+02	8.359306e+16
2816	5.222853e+15	2.129959e+02	1.397565e+02	5.931362e+16
2817	5.223125e+15	2.150120e+02	1.416105e+02	6.054780e+16
2818	5.223391e+15	1.958393e+02	1.300850e+02	6.967316e+16
2819	5.223672e+15	2.092860e+02	1.384547e+02	1.039013e+17
2820	5.223951e+15	2.065100e+02	1.369913e+02	1.110916e+17
2821	5.224232e+15	2.060968e+02	1.378354e+02	6.190635e+16
2822	5.224514e+15	1.934341e+02	1.289852e+02	5.693993e+16
2823	5.224810e+15	2.094491e+02	1.347911e+02	8.756569e+16
2824	5.225106e+15	2.227784e+02	1.402009e+02	8.183747e+16
2825	5.225394e+15	2.181417e+02	1.376640e+02	6.535117e+16
2826	5.225682e+15	2.201064e+02	1.391291e+02	7.559241e+16
2827	5.225967e+15	2.053478e+02	1.306028e+02	8.257964e+16
2828	5.226262e+15	2.122902e+02	1.359673e+02	7.379141e+16
2829	5.226557e+15	2.093328e+02	1.362548e+02	6.254713e+16
2830	5.226849e+15	2.129771e+02	1.389888e+02	6.951080e+16
2831	5.227135e+15	2.190571e+02	1.414459e+02	8.654109e+16
2832	5.227414e+15	2.171432e+02	1.395497e+02	9.445868e+16
2833	5.227691e+15	2.230893e+02	1.402433e+02	4.909971e+16
2834	5.227963e+15	2.261296e+02	1.408785e+02	7.629093e+16
2835	5.228224e+15	2.113303e+02	1.369028e+02	3.635555e+16
2836	5.228486e+15	2.078545e+02	1.353707e+02	5.245268e+16
2837	5.228751e+15	1.876601e+02	1.264846e+02	6.015789e+16
2838	5.229033e+15	1.894313e+02	1.308782e+02	6.021304e+16
2839	5.229331e+15	2.069566e+02	1.464916e+02	8.035351e+16
2840	5.229623e+15	1.946265e+02	1.407610e+02	6.250832e+16
2841	5.229918e+15	1.936005e+02	1.387717e+02	7.815309e+16
2842	5.230216e+15	2.145428e+02	1.515494e+02	6.483106e+16
2843	5.230496e+15	2.005760e+02	1.414194e+02	7.703935e+16
2844	5.230772e+15	2.135088e+02	1.510214e+02	6.673736e+16
2845	5.231033e+15	1.982376e+02	1.410529e+02	5.368931e+16
2846	5.231299e+15	1.998267e+02	1.425158e+02	9.336695e+16
2847	5.231568e+15	1.879075e+02	1.347225e+02	6.594551e+16
2848	5.231849e+15	2.034048e+02	1.438181e+02	6.134006e+16
2849	5.232128e+15	2.009961e+02	1.432632e+02	9.336294e+16
2850	5.232401e+15	2.047530e+02	1.414205e+02	6.320386e+16
2851	5.232668e+15	2.142880e+02	1.473351e+02	4.801094e+16
2852	5.232919e+15	1.676320e+02	1.140130e+02	5.359545e+16
2853	5.233205e+15	2.263555e+02	1.540376e+02	8.148671e+16
2854	5.233467e+15	1.892560e+02	1.249377e+02	5.567645e+16
2855	5.233746e+15	2.129570e+02	1.414033e+02	7.343560e+16
2856	5.234019e+15	2.165126e+02	1.459435e+02	6.860827e+16
2857	5.234280e+15	1.846339e+02	1.267715e+02	5.071447e+16
2858	5.234557e+15	2.176689e+02	1.511289e+02	7.066133e+16
2859	5.234814e+15	1.835692e+02	1.258176e+02	4.929375e+16
2860	5.235086e+15	2.129432e+02	1.419058e+02	4.753530e+16
2861	5.235347e+15	2.040490e+02	1.373064e+02	7.567755e+16
2862	5.235607e+15	1.940002e+02	1.320354e+02	6.560600e+16
2863	5.235873e+15	2.055768e+02	1.413614e+02	5.870299e+16
2864	5.236128e+15	1.876801e+02	1.253743e+02	4.287783e+16
2865	5.236389e+15	1.884588e+02	1.237182e+02	7.919593e+16
2866	5.236655e+15	1.964267e+02	1.273543e+02	6.093694e+16
2867	5.236920e+15	1.734687e+02	1.098955e+02	5.758879e+16
2868	5.237212e+15	2.063552e+02	1.303056e+02	6.698799e+16
2869	5.237497e+15	2.036874e+02	1.302665e+02	5.607931e+16
2870	5.237781e+15	1.838220e+02	1.206222e+02	6.716577e+16
2871	5.238080e+15	2.186125e+02	1.436163e+02	5.833874e+16
2872	5.238355e+15	1.967622e+02	1.275623e+02	1.721420e+16
2873	5.238629e+15	1.939414e+02	1.231313e+02	3.304169e+16
2874	5.238908e+15	1.980620e+02	1.254804e+02	6.372971e+16
2875	5.239188e+15	1.993843e+02	1.247044e+02	5.660582e+16
2876	5.239471e+15	2.014314e+02	1.266021e+02	8.097134e+16
2877	5.239759e+15	2.111455e+02	1.342030e+02	5.815562e+16
2878	5.240035e+15	1.946821e+02	1.263420e+02	8.363058e+16
2879	5.240317e+15	1.963355e+02	1.288986e+02	7.166747e+16
2880	5.240598e+15	1.975801e+02	1.282583e+02	6.936037e+16
2881	5.240877e+15	1.887864e+02	1.204524e+02	7.885007e+16
2882	5.241167e+15	2.031239e+02	1.264145e+02	4.233282e+16
2883	5.241457e+15	2.114311e+02	1.301749e+02	5.503529e+16
2884	5.241739e+15	2.081062e+02	1.283494e+02	7.554332e+16
2885	5.242021e+15	2.165751e+02	1.298719e+02	6.719637e+16
2886	5.242299e+15	2.092441e+02	1.200387e+02	8.079665e+16
2887	5.242581e+15	2.134673e+02	1.253893e+02	9.219644e+16
2888	5.242860e+15	2.047047e+02	1.207418e+02	4.726831e+16
2889	5.243142e+15	2.116938e+02	1.239436e+02	4.317519e+16
2890	5.243421e+15	1.934271e+02	1.122775e+02	8.238137e+16
2891	5.243715e+15	2.081099e+02	1.258106e+02	6.128110e+16
2892	5.244002e+15	1.948226e+02	1.216491e+02	5.750002e+16
2893	5.244290e+15	1.905619e+02	1.189728e+02	4.936132e+16
2894	5.244579e+15	1.915859e+02	1.190566e+02	5.713049e+16
2895	5.244866e+15	1.932469e+02	1.169753e+02	4.667223e+16
2896	5.245148e+15	1.913958e+02	1.157468e+02	5.337442e+16
2897	5.245428e+15	1.857078e+02	1.097360e+02	4.416105e+16
2898	5.245719e+15	2.015108e+02	1.180722e+02	6.716438e+16
2899	5.246005e+15	1.957701e+02	1.179149e+02	6.299488e+16
2900	5.246294e+15	1.984137e+02	1.239457e+02	5.758680e+16
2901	5.246577e+15	1.918653e+02	1.214834e+02	6.172583e+16
2902	5.246860e+15	1.831754e+02	1.151504e+02	6.418041e+16
2903	5.247149e+15	1.840809e+02	1.156791e+02	7.682042e+16
2904	5.247442e+15	1.903828e+02	1.225188e+02	8.152076e+16
2905	5.247728e+15	1.825263e+02	1.192862e+02	6.817283e+16
2906	5.248016e+15	1.915980e+02	1.261259e+02	5.521105e+16
2907	5.248293e+15	1.821748e+02	1.168598e+02	5.994350e+16
2908	5.248575e+15	1.797941e+02	1.141663e+02	3.383314e+16
2909	5.248864e+15	1.938176e+02	1.228887e+02	8.919166e+16
2910	5.249142e+15	1.804168e+02	1.132957e+02	6.568838e+16
2911	5.249422e+15	1.799606e+02	1.112581e+02	3.083959e+16
2912	5.249709e+15	1.928062e+02	1.146511e+02	6.197249e+16
2913	5.249993e+15	1.953952e+02	1.111448e+02	7.364405e+16
2914	5.250279e+15	2.103923e+02	1.154815e+02	5.728547e+16
2915	5.250559e+15	2.100005e+02	1.128160e+02	8.579793e+16
2916	5.250837e+15	1.959771e+02	1.059946e+02	5.177079e+16
2917	5.251122e+15	1.912544e+02	1.051315e+02	6.345982e+16
2918	5.251421e+15	2.118074e+02	1.149815e+02	3.794762e+16
2919	5.251715e+15	2.164620e+02	1.174707e+02	7.461092e+16
2920	5.252004e+15	2.093898e+02	1.129701e+02	6.183809e+16
2921	5.252295e+15	2.087553e+02	1.142739e+02	5.941062e+16
2922	5.252588e+15	2.063760e+02	1.151183e+02	6.626947e+16
2923	5.252882e+15	1.947198e+02	1.123613e+02	7.288541e+16
2924	5.253181e+15	1.897432e+02	1.124826e+02	6.856324e+16
2925	5.253487e+15	1.767777e+02	1.092651e+02	6.656353e+16
2926	5.253809e+15	2.142058e+02	1.303666e+02	9.727176e+16
2927	5.254102e+15	1.818915e+02	1.129260e+02	6.666684e+16
2928	5.254409e+15	1.933109e+02	1.186206e+02	7.547498e+16
2929	5.254712e+15	2.052645e+02	1.213666e+02	4.209199e+16
2930	5.255004e+15	1.972935e+02	1.144656e+02	8.286013e+16
2931	5.255300e+15	2.109403e+02	1.203020e+02	4.820264e+16
2932	5.255584e+15	2.124324e+02	1.201382e+02	9.036286e+16
2933	5.255854e+15	1.954921e+02	1.090896e+02	5.029249e+16
2934	5.256129e+15	2.020059e+02	1.119076e+02	4.674035e+16
2935	5.256403e+15	2.132123e+02	1.150185e+02	7.907351e+16
2936	5.256668e+15	1.959550e+02	1.031078e+02	2.885696e+16
2937	5.256947e+15	2.181859e+02	1.144528e+02	7.471117e+16
2938	5.257217e+15	2.065182e+02	1.034825e+02	6.194869e+16
2939	5.257487e+15	2.012183e+02	1.014147e+02	5.755776e+16
2940	5.257762e+15	2.104975e+02	1.047301e+02	4.652358e+16
2941	5.258031e+15	2.052149e+02	1.009350e+02	5.188353e+16
2942	5.258300e+15	1.916363e+02	9.549070e+01	5.876393e+16
2943	5.258578e+15	2.062034e+02	1.017196e+02	5.858275e+16
2944	5.258850e+15	1.993924e+02	9.650073e+01	8.329680e+16
2945	5.259125e+15	1.955711e+02	9.875350e+01	6.877141e+16
2946	5.259400e+15	1.943423e+02	1.027595e+02	6.729656e+16
2947	5.259670e+15	1.787860e+02	9.773461e+01	6.030279e+16
2948	5.259944e+15	1.892876e+02	1.040321e+02	7.512505e+16
2949	5.260210e+15	1.573829e+02	8.651222e+01	6.207658e+16
2950	5.260505e+15	1.643963e+02	9.287730e+01	7.121682e+16
2951	5.260814e+15	1.735645e+02	9.701977e+01	8.388420e+16
2952	5.261122e+15	1.676944e+02	9.306769e+01	8.149570e+16
2953	5.261440e+15	1.931143e+02	1.057026e+02	8.096970e+16
2954	5.261736e+15	1.755001e+02	9.137614e+01	6.823368e+16
2955	5.262035e+15	1.941116e+02	9.617750e+01	7.549658e+16
2956	5.262317e+15	1.742053e+02	8.836528e+01	4.598704e+16
2957	5.262605e+15	1.601980e+02	8.441163e+01	5.088661e+16
2958	5.262912e+15	1.829727e+02	1.003370e+02	8.401217e+16
2959	5.263213e+15	1.798601e+02	1.010291e+02	6.105605e+16
2960	5.263508e+15	1.951320e+02	1.109907e+02	6.819369e+16
2961	5.263777e+15	1.608442e+02	9.128297e+01	4.411775e+16
2962	5.264058e+15	1.776305e+02	1.045535e+02	5.672339e+16
2963	5.264324e+15	1.535874e+02	9.513711e+01	3.961409e+16
2964	5.264602e+15	1.521733e+02	9.834227e+01	5.819538e+16
2965	5.264890e+15	1.694917e+02	1.093287e+02	5.577495e+16
2966	5.265168e+15	1.664209e+02	1.003442e+02	7.877385e+16
2967	5.265448e+15	1.596294e+02	9.428071e+01	5.122813e+16
2968	5.265741e+15	1.711469e+02	9.873896e+01	6.691820e+16
2969	5.266034e+15	1.763775e+02	1.009742e+02	3.921799e+16
2970	5.266319e+15	1.901808e+02	1.040835e+02	5.176784e+16
2971	5.266586e+15	1.762098e+02	9.564637e+01	5.744963e+16
2972	5.266852e+15	1.907201e+02	1.008696e+02	5.971786e+16
2973	5.267109e+15	1.756647e+02	9.406564e+01	5.734235e+16
2974	5.267371e+15	1.849118e+02	1.009147e+02	6.494945e+16
2975	5.267626e+15	1.741905e+02	8.883397e+01	4.716380e+16
2976	5.267890e+15	2.047665e+02	1.009683e+02	5.298973e+16
2977	5.268135e+15	1.548860e+02	7.913295e+01	6.614636e+16
2978	5.268409e+15	2.038308e+02	1.038408e+02	4.198355e+16
2979	5.268654e+15	1.649239e+02	8.270946e+01	3.318421e+16
2980	5.268919e+15	1.722207e+02	8.721594e+01	4.698493e+16
2981	5.269195e+15	1.955028e+02	1.034773e+02	5.487065e+16
2982	5.269451e+15	1.584518e+02	8.511443e+01	3.661194e+16
2983	5.269731e+15	1.837349e+02	9.923270e+01	5.711452e+16
2984	5.269998e+15	1.712791e+02	9.632368e+01	6.967175e+16
2985	5.270263e+15	1.850285e+02	1.047414e+02	4.192292e+16
2986	5.270510e+15	1.668674e+02	9.329714e+01	5.719400e+16
2987	5.270757e+15	1.561028e+02	8.596121e+01	4.266356e+16
2988	5.271020e+15	1.662691e+02	9.068051e+01	5.202671e+16
2989	5.271284e+15	1.700456e+02	8.959468e+01	4.231787e+16
2990	5.271554e+15	1.694222e+02	8.704662e+01	5.289651e+16
2991	5.271832e+15	1.811001e+02	9.227285e+01	3.577264e+16
2992	5.272102e+15	1.815233e+02	9.149964e+01	6.757811e+16
2993	5.272369e+15	1.925484e+02	9.432132e+01	4.861039e+16
2994	5.272624e+15	1.742374e+02	8.402113e+01	3.521889e+16
2995	5.272889e+15	1.905221e+02	9.250515e+01	4.543746e+16
2996	5.273143e+15	1.778634e+02	8.839683e+01	4.586277e+16
2997	5.273396e+15	1.688568e+02	8.463190e+01	4.964690e+16
2998	5.273658e+15	1.726823e+02	8.930135e+01	4.661824e+16
2999	5.273919e+15	1.456330e+02	7.650402e+01	3.140740e+16
3000	5.274205e+15	1.867080e+02	9.840478e+01	3.762488e+16
3001	5.274466e+15	1.595511e+02	8.534419e+01	5.379029e+16
3002	5.274733e+15	1.633224e+02	8.836559e+01	5.159228e+16
3003	5.274997e+15	1.628952e+02	8.898563e+01	6.375000e+16
3004	5.275254e+15	1.439528e+02	8.058436e+01	5.757829e+16
3005	5.275524e+15	1.648073e+02	9.085221e+01	4.229953e+16
3006	5.275780e+15	1.519354e+02	8.039807e+01	3.501964e+16
3007	5.276041e+15	1.584793e+02	8.459329e+01	3.480671e+16
3008	5.276296e+15	1.492443e+02	7.764829e+01	4.745822e+16
3009	5.276561e+15	1.597270e+02	8.183019e+01	3.925685e+16
3010	5.276823e+15	1.500256e+02	7.949431e+01	2.725532e+16
3011	5.277092e+15	1.520882e+02	8.199541e+01	2.008699e+16
3012	5.277364e+15	1.623894e+02	8.545146e+01	4.403295e+16
3013	5.277629e+15	1.682420e+02	8.686141e+01	3.506561e+16
3014	5.277883e+15	1.623426e+02	8.370993e+01	3.454441e+16
3015	5.278133e+15	1.673095e+02	8.366467e+01	4.774910e+16
3016	5.278378e+15	1.548473e+02	7.811079e+01	4.149454e+16
3017	5.278626e+15	1.600800e+02	7.978586e+01	3.061595e+16
3018	5.278870e+15	1.540221e+02	7.678180e+01	2.644615e+16
3019	5.279118e+15	1.552586e+02	7.890410e+01	5.143764e+16
3020	5.279366e+15	1.617965e+02	8.290933e+01	1.412904e+16
3021	5.279608e+15	1.492327e+02	7.683083e+01	3.450583e+16
3022	5.279859e+15	1.456861e+02	7.610643e+01	3.923954e+16
3023	5.280119e+15	1.502046e+02	7.763548e+01	4.879140e+16
3024	5.280383e+15	1.452491e+02	7.333005e+01	3.736218e+16
3025	5.280661e+15	1.586067e+02	7.538653e+01	2.794791e+16
3026	5.280935e+15	1.616753e+02	8.101332e+01	4.448048e+16
3027	5.281193e+15	1.539665e+02	8.214536e+01	5.420835e+16
3028	5.281438e+15	1.495841e+02	7.791277e+01	3.799851e+16
3029	5.281682e+15	1.438111e+02	7.619212e+01	2.918519e+16
3030	5.281922e+15	1.315108e+02	7.281095e+01	5.512796e+16
3031	5.282167e+15	1.435608e+02	7.568658e+01	3.963952e+16
3032	5.282405e+15	1.335801e+02	7.073640e+01	4.118128e+16
3033	5.282648e+15	1.384464e+02	7.465328e+01	4.461887e+16
3034	5.282890e+15	1.357288e+02	7.226480e+01	3.257094e+16
3035	5.283133e+15	1.363975e+02	7.242657e+01	2.463443e+16
3036	5.283379e+15	1.411969e+02	7.356198e+01	3.608456e+16
3037	5.283628e+15	1.279700e+02	7.304098e+01	3.716595e+16
3038	5.283881e+15	1.354485e+02	8.002952e+01	5.315205e+16
3039	5.284123e+15	1.223587e+02	7.049062e+01	3.427237e+16
3040	5.284373e+15	1.291308e+02	7.664695e+01	3.665301e+16
3041	5.284614e+15	1.172902e+02	6.877010e+01	5.542821e+16
3042	5.284864e+15	1.320151e+02	7.581595e+01	4.102811e+16
3043	5.285101e+15	1.163958e+02	6.605709e+01	3.718968e+16
3044	5.285354e+15	1.292117e+02	7.151460e+01	4.030592e+16
3045	5.285606e+15	1.366094e+02	7.273032e+01	4.122054e+16
3046	5.285854e+15	1.376627e+02	7.307512e+01	6.147062e+16
3047	5.286100e+15	1.366793e+02	7.320818e+01	3.654204e+16
3048	5.286343e+15	1.426088e+02	7.346719e+01	2.003104e+16
3049	5.286576e+15	1.434160e+02	7.401768e+01	3.889060e+16
3050	5.286804e+15	1.388814e+02	7.212026e+01	3.861209e+16
3051	5.287033e+15	1.406393e+02	6.996506e+01	3.983383e+16
3052	5.287260e+15	1.426651e+02	7.215618e+01	2.476729e+16
3053	5.287484e+15	1.324175e+02	6.989718e+01	1.595030e+16
3054	5.287708e+15	1.312143e+02	6.943388e+01	3.872141e+16
3055	5.287933e+15	1.256439e+02	6.747993e+01	2.466400e+16
3056	5.288170e+15	1.280894e+02	7.229348e+01	3.064941e+16
3057	5.288410e+15	1.269472e+02	7.206676e+01	3.619993e+16
3058	5.288656e+15	1.268160e+02	7.228478e+01	3.652439e+16
3059	5.288906e+15	1.327013e+02	7.368690e+01	3.109179e+16
3060	5.289154e+15	1.275845e+02	6.897504e+01	5.110378e+16
3061	5.289402e+15	1.213513e+02	6.465306e+01	2.999436e+16
3062	5.289658e+15	1.255572e+02	6.533834e+01	3.572625e+16
3063	5.289917e+15	1.197951e+02	6.224583e+01	2.177617e+16
3064	5.290175e+15	1.187924e+02	6.179468e+01	3.194130e+16
3065	5.290440e+15	1.276966e+02	6.860315e+01	3.180831e+16
3066	5.290694e+15	1.237881e+02	6.774050e+01	2.573235e+16
3067	5.290945e+15	1.151362e+02	6.478564e+01	3.466911e+16
3068	5.291201e+15	1.253398e+02	7.041943e+01	3.758228e+16
3069	5.291441e+15	1.171270e+02	6.731349e+01	5.045178e+16
3070	5.291678e+15	1.137279e+02	6.774388e+01	2.717040e+16
3071	5.291916e+15	1.163824e+02	6.801828e+01	2.029331e+16
3072	5.292155e+15	1.179227e+02	6.953967e+01	4.904852e+16
3073	5.292393e+15	1.121242e+02	6.447970e+01	3.866398e+16
3074	5.292638e+15	1.162688e+02	6.640628e+01	2.430430e+16
3075	5.292888e+15	1.207751e+02	6.983280e+01	3.610718e+16
3076	5.293136e+15	1.200045e+02	6.987659e+01	4.327174e+16
3077	5.293379e+15	1.174372e+02	6.665944e+01	3.057582e+16
3078	5.293624e+15	1.266619e+02	6.827532e+01	2.852958e+16
3079	5.293862e+15	1.141517e+02	6.216447e+01	3.469466e+16
3080	5.294110e+15	1.266357e+02	6.733330e+01	2.677896e+16
3081	5.294348e+15	1.205409e+02	6.246846e+01	4.820639e+16
3082	5.294593e+15	1.286231e+02	6.615813e+01	5.494062e+16
3083	5.294834e+15	1.311384e+02	6.765233e+01	3.357736e+16
3084	5.295067e+15	1.226624e+02	6.223476e+01	3.674491e+16
3085	5.295307e+15	1.274630e+02	6.594307e+01	3.126697e+16
3086	5.295550e+15	1.300813e+02	6.888698e+01	2.952714e+16
3087	5.295786e+15	1.269450e+02	6.698999e+01	3.149646e+16
3088	5.296019e+15	1.276306e+02	6.774608e+01	3.590156e+16
3089	5.296250e+15	1.222546e+02	6.562050e+01	3.951630e+16
3090	5.296483e+15	1.283563e+02	6.912813e+01	2.448341e+16
3091	5.296709e+15	1.257188e+02	6.732929e+01	2.785560e+16
3092	5.296932e+15	1.252295e+02	6.631980e+01	2.970992e+16
3093	5.297157e+15	1.302283e+02	6.746826e+01	3.965804e+16
3094	5.297380e+15	1.272159e+02	6.688712e+01	3.817460e+16
3095	5.297605e+15	1.234656e+02	6.603633e+01	1.923181e+16
3096	5.297828e+15	1.191556e+02	6.459075e+01	3.164320e+16
3097	5.298054e+15	1.271473e+02	6.715470e+01	2.880896e+16
3098	5.298276e+15	1.155529e+02	6.153243e+01	2.960134e+16
3099	5.298503e+15	1.208151e+02	6.333608e+01	2.132500e+16
3100	5.298735e+15	1.324697e+02	6.864751e+01	3.511792e+16
3101	5.298957e+15	1.174285e+02	6.208205e+01	2.016322e+16
3102	5.299180e+15	1.226235e+02	6.534248e+01	3.067024e+16
3103	5.299396e+15	1.177805e+02	6.283831e+01	2.397684e+16
3104	5.299613e+15	1.174707e+02	6.150862e+01	2.274074e+16
3105	5.299832e+15	1.134376e+02	6.119422e+01	1.958859e+16
3106	5.300054e+15	1.089981e+02	6.101271e+01	3.140568e+16
3107	5.300282e+15	1.083447e+02	6.319130e+01	3.199765e+16
3108	5.300518e+15	1.085035e+02	6.464741e+01	3.327153e+16
3109	5.300750e+15	1.020310e+02	6.219135e+01	3.733053e+16
3110	5.300989e+15	1.027975e+02	6.345317e+01	3.698879e+16
3111	5.301230e+15	1.057251e+02	6.187833e+01	2.366295e+16
3112	5.301471e+15	1.104320e+02	6.029998e+01	2.789942e+16
3113	5.301716e+15	1.189411e+02	6.134892e+01	3.480478e+16
3114	5.301962e+15	1.217041e+02	6.001810e+01	2.959535e+16
3115	5.302211e+15	1.356301e+02	6.602357e+01	4.202971e+16
3116	5.302444e+15	1.321294e+02	6.136909e+01	4.890575e+16
3117	5.302673e+15	1.365908e+02	6.257470e+01	3.807250e+16
3118	5.302891e+15	1.243015e+02	5.903685e+01	2.662718e+16
3119	5.303109e+15	1.268934e+02	6.124669e+01	2.714315e+16
3120	5.303320e+15	1.231332e+02	6.184267e+01	2.041421e+16
3121	5.303528e+15	1.244736e+02	6.104878e+01	1.698456e+16
3122	5.303732e+15	1.155305e+02	5.691721e+01	2.899974e+16
3123	5.303945e+15	1.133577e+02	5.909957e+01	1.703228e+16
3124	5.304165e+15	1.137810e+02	5.986272e+01	1.963670e+16
3125	5.304389e+15	1.124364e+02	6.105973e+01	4.328900e+16
3126	5.304619e+15	1.143798e+02	6.327144e+01	1.948522e+16
3127	5.304851e+15	1.154787e+02	6.450454e+01	3.806637e+16
3128	5.305083e+15	1.090937e+02	5.945882e+01	3.458870e+16
3129	5.305319e+15	1.086531e+02	5.852750e+01	3.466650e+16
3130	5.305561e+15	1.158694e+02	6.074338e+01	3.484956e+16
3131	5.305807e+15	1.172921e+02	5.987331e+01	2.824177e+16
3132	5.306063e+15	1.140662e+02	6.189340e+01	2.975927e+16
3133	5.306309e+15	1.061442e+02	6.041337e+01	1.872049e+16
3134	5.306546e+15	1.032404e+02	5.838473e+01	4.177308e+16
3135	5.306780e+15	1.036372e+02	5.886142e+01	3.275555e+16
3136	5.307011e+15	1.059755e+02	6.029170e+01	3.052822e+16
3137	5.307234e+15	9.521572e+01	5.223235e+01	1.917774e+16
3138	5.307466e+15	9.981347e+01	5.626631e+01	3.351003e+16
3139	5.307695e+15	9.948831e+01	5.589498e+01	2.959362e+16
3140	5.307924e+15	9.615122e+01	5.630200e+01	2.185857e+16
3141	5.308152e+15	9.611717e+01	5.749822e+01	3.177421e+16
3142	5.308380e+15	9.893612e+01	5.629545e+01	1.953305e+16
3143	5.308603e+15	9.870126e+01	5.620083e+01	2.147136e+16
3144	5.308808e+15	8.796948e+01	5.182299e+01	2.127664e+16
3145	5.309019e+15	8.287243e+01	5.028156e+01	4.459674e+16
3146	5.309243e+15	9.537620e+01	5.558021e+01	1.055128e+16
3147	5.309462e+15	8.851058e+01	5.215099e+01	3.949854e+16
3148	5.309690e+15	9.153984e+01	5.466345e+01	2.161318e+16
3149	5.309921e+15	9.785524e+01	5.685571e+01	2.059153e+16
3150	5.310148e+15	9.745784e+01	5.603586e+01	3.235172e+16
3151	5.310374e+15	9.959758e+01	5.587044e+01	2.129463e+16
3152	5.310597e+15	9.291644e+01	5.317130e+01	3.179192e+16
3153	5.310826e+15	1.023195e+02	5.845556e+01	2.970463e+16
3154	5.311051e+15	1.048532e+02	5.803112e+01	4.137242e+16
3155	5.311275e+15	1.030308e+02	5.742961e+01	3.534686e+16
3156	5.311502e+15	1.050298e+02	5.825576e+01	2.871487e+16
3157	5.311730e+15	1.069094e+02	5.601013e+01	2.480879e+16
3158	5.311958e+15	1.106868e+02	5.391322e+01	1.682855e+16
3159	5.312188e+15	1.142778e+02	5.441249e+01	2.820553e+16
3160	5.312419e+15	1.145412e+02	5.539230e+01	3.596348e+16
3161	5.312650e+15	1.141998e+02	6.034871e+01	2.356289e+16
3162	5.312875e+15	1.046249e+02	5.411778e+01	2.885572e+16
3163	5.313099e+15	1.086280e+02	5.724979e+01	2.523070e+16
3164	5.313317e+15	1.012063e+02	5.378895e+01	1.382778e+16
3165	5.313542e+15	1.004252e+02	5.554732e+01	2.438405e+16
3166	5.313769e+15	9.759404e+01	5.765511e+01	2.644636e+16
3167	5.313995e+15	9.088850e+01	5.355197e+01	1.967145e+16
3168	5.314233e+15	9.869229e+01	5.832428e+01	5.218541e+16
3169	5.314464e+15	9.299418e+01	5.473203e+01	2.046714e+16
3170	5.314702e+15	9.997773e+01	5.753323e+01	2.488557e+16
3171	5.314935e+15	1.024171e+02	5.608948e+01	4.655511e+16
3172	5.315167e+15	1.069964e+02	5.753121e+01	2.368559e+16
3173	5.315396e+15	1.061577e+02	5.796328e+01	3.083871e+16
3174	5.315622e+15	1.058916e+02	5.765012e+01	2.127512e+16
3175	5.315847e+15	1.058909e+02	5.684416e+01	5.598253e+16
3176	5.316074e+15	1.067590e+02	5.722756e+01	3.612998e+16
3177	5.316299e+15	1.102952e+02	5.837879e+01	2.454707e+16
3178	5.316519e+15	9.717516e+01	5.514793e+01	2.909562e+16
3179	5.316746e+15	1.069727e+02	6.145453e+01	2.927802e+16
3180	5.316964e+15	1.061071e+02	5.949454e+01	2.661428e+16
3181	5.317182e+15	1.116452e+02	6.023559e+01	3.484017e+16
3182	5.317392e+15	1.017549e+02	5.119416e+01	2.895078e+16
3183	5.317604e+15	1.005337e+02	5.187698e+01	4.925931e+16
3184	5.317819e+15	1.018997e+02	5.490625e+01	2.309925e+16
3185	5.318027e+15	9.540766e+01	5.528868e+01	3.103638e+16
3186	5.318234e+15	9.039426e+01	5.543932e+01	2.773213e+16
3187	5.318442e+15	9.013665e+01	5.773064e+01	2.131249e+16
3188	5.318649e+15	8.334611e+01	5.464452e+01	2.646542e+16
3189	5.318864e+15	8.572438e+01	5.747653e+01	3.257024e+16
3190	5.319079e+15	8.348528e+01	5.492143e+01	4.135198e+16
3191	5.319300e+15	8.309479e+01	5.567678e+01	3.551969e+16
3192	5.319529e+15	8.960327e+01	5.980476e+01	3.794200e+16
3193	5.319753e+15	8.750771e+01	5.903756e+01	3.845554e+16
3194	5.319978e+15	8.308603e+01	5.555593e+01	1.945607e+16
3195	5.320214e+15	9.223019e+01	6.034873e+01	4.337394e+16
3196	5.320446e+15	9.018891e+01	5.506955e+01	4.526680e+16
3197	5.320688e+15	9.392200e+01	5.767116e+01	3.918279e+16
3198	5.320937e+15	9.740672e+01	6.127120e+01	5.604046e+16
3199	5.321178e+15	9.215081e+01	5.938654e+01	4.552099e+16
3200	5.321416e+15	9.854882e+01	6.124351e+01	2.550832e+16
3201	5.321648e+15	1.038314e+02	6.150459e+01	5.128688e+16
3202	5.321876e+15	1.037151e+02	5.901342e+01	5.323361e+16
3203	5.322106e+15	1.039443e+02	5.436007e+01	2.321544e+16
3204	5.322335e+15	1.055369e+02	5.399206e+01	3.139824e+16
3205	5.322562e+15	1.025903e+02	5.242660e+01	4.870993e+16
3206	5.322793e+15	1.082503e+02	5.347900e+01	3.141414e+16
3207	5.323020e+15	1.098245e+02	5.339366e+01	2.553149e+16
3208	5.323245e+15	1.050244e+02	5.280996e+01	3.711324e+16
3209	5.323472e+15	1.084667e+02	5.330465e+01	2.354862e+16
3210	5.323695e+15	1.039052e+02	5.188412e+01	3.777759e+16
3211	5.323918e+15	1.016201e+02	5.390040e+01	2.192083e+16
3212	5.324138e+15	9.952178e+01	5.386708e+01	2.433520e+16
3213	5.324360e+15	9.361774e+01	5.227336e+01	2.417166e+16
3214	5.324585e+15	9.071501e+01	5.578053e+01	2.474370e+16
3215	5.324805e+15	8.399241e+01	5.574262e+01	5.578755e+16
3216	5.325029e+15	8.127051e+01	5.789691e+01	4.335602e+16
3217	5.325253e+15	7.863415e+01	5.704971e+01	2.921824e+16
3218	5.325478e+15	7.641766e+01	5.834872e+01	2.256865e+16
3219	5.325706e+15	7.841146e+01	6.002872e+01	4.276158e+16
3220	5.325934e+15	7.695756e+01	5.839904e+01	3.939595e+16
3221	5.326164e+15	7.974514e+01	5.915380e+01	2.642642e+16
3222	5.326394e+15	8.396681e+01	5.883798e+01	3.223437e+16
3223	5.326621e+15	8.263243e+01	5.900560e+01	1.977804e+16
3224	5.326849e+15	8.611738e+01	6.045303e+01	3.865040e+16
3225	5.327073e+15	8.624568e+01	5.525944e+01	3.783297e+16
3226	5.327306e+15	9.260131e+01	5.735683e+01	3.027764e+16
3227	5.327538e+15	9.190233e+01	5.703608e+01	1.960033e+16
3228	5.327770e+15	9.328530e+01	5.676860e+01	4.758738e+16
3229	5.328003e+15	1.018863e+02	5.945852e+01	3.574184e+16
3230	5.328225e+15	9.182368e+01	5.337389e+01	3.927626e+16
3231	5.328457e+15	9.941791e+01	5.849516e+01	4.694049e+16
3232	5.328686e+15	9.207037e+01	5.921924e+01	2.466377e+16
3233	5.328911e+15	8.936270e+01	5.743977e+01	3.008941e+16
3234	5.329140e+15	8.978931e+01	6.186887e+01	3.563988e+16
3235	5.329364e+15	7.736823e+01	5.736058e+01	4.859116e+16
3236	5.329602e+15	9.005585e+01	6.761600e+01	3.152561e+16
3237	5.329821e+15	8.531227e+01	6.212052e+01	3.323751e+16
3238	5.330041e+15	8.245061e+01	6.031141e+01	3.321760e+16
3239	5.330269e+15	8.606676e+01	6.252860e+01	3.890754e+16
3240	5.330495e+15	8.313780e+01	5.916209e+01	4.375676e+16
3241	5.330733e+15	8.843638e+01	6.080994e+01	2.733304e+16
3242	5.330971e+15	8.696761e+01	5.953011e+01	4.291409e+16
3243	5.331211e+15	9.535384e+01	6.326784e+01	2.750397e+16
3244	5.331444e+15	9.356077e+01	5.747383e+01	2.419500e+16
3245	5.331680e+15	9.200287e+01	5.571487e+01	3.273754e+16
3246	5.331921e+15	9.155209e+01	5.587591e+01	3.981619e+16
3247	5.332169e+15	9.118258e+01	5.715993e+01	3.666877e+16
3248	5.332413e+15	8.881407e+01	5.971876e+01	2.779801e+16
3249	5.332657e+15	8.493197e+01	5.976405e+01	3.371577e+16
3250	5.332907e+15	7.804639e+01	5.961496e+01	2.694372e+16
3251	5.333159e+15	8.674361e+01	6.348738e+01	2.997675e+16
3252	5.333405e+15	8.110740e+01	6.125456e+01	3.193862e+16
3253	5.333660e+15	8.690267e+01	6.270757e+01	2.904302e+16
3254	5.333915e+15	9.685177e+01	6.667043e+01	3.905753e+16
3255	5.334152e+15	9.195681e+01	6.157457e+01	3.870376e+16
3256	5.334390e+15	9.395279e+01	6.320570e+01	3.559116e+16
3257	5.334628e+15	9.995780e+01	6.494536e+01	4.245882e+16
3258	5.334858e+15	9.454864e+01	5.867808e+01	6.983567e+16
3259	5.335097e+15	9.603252e+01	6.150855e+01	3.892169e+16
3260	5.335337e+15	9.804283e+01	5.792203e+01	5.009144e+16
3261	5.335579e+15	1.066480e+02	5.978280e+01	4.012426e+16
3262	5.335820e+15	1.136054e+02	6.313080e+01	3.264157e+16
3263	5.336054e+15	1.117035e+02	6.009473e+01	3.972053e+16
3264	5.336290e+15	1.197493e+02	6.317954e+01	3.835892e+16
3265	5.336519e+15	1.172885e+02	6.003477e+01	4.246455e+16
3266	5.336750e+15	1.243168e+02	6.289834e+01	2.824960e+16
3267	5.336973e+15	1.199644e+02	6.213813e+01	2.864566e+16
3268	5.337192e+15	1.157429e+02	5.881387e+01	2.587006e+16
3269	5.337416e+15	1.219346e+02	6.246089e+01	4.300822e+16
3270	5.337634e+15	1.218836e+02	6.047161e+01	3.452829e+16
3271	5.337854e+15	1.142522e+02	5.227452e+01	2.467480e+16
3272	5.338085e+15	1.144074e+02	5.518235e+01	3.242983e+16
3273	5.338327e+15	1.216257e+02	5.762746e+01	3.985173e+16
3274	5.338564e+15	1.159586e+02	5.561927e+01	4.338687e+16
3275	5.338805e+15	1.176980e+02	5.451178e+01	2.620967e+16
3276	5.339046e+15	1.109359e+02	5.323663e+01	2.973549e+16
3277	5.339296e+15	1.160347e+02	5.591198e+01	3.687647e+16
3278	5.339542e+15	1.080122e+02	4.971580e+01	3.104716e+16
3279	5.339800e+15	1.134551e+02	5.225160e+01	3.709473e+16
3280	5.340059e+15	1.196178e+02	5.367038e+01	3.830243e+16
3281	5.340306e+15	1.119706e+02	4.921860e+01	3.209282e+16
3282	5.340556e+15	1.143726e+02	5.085142e+01	4.251019e+16
3283	5.340799e+15	1.088938e+02	4.951167e+01	4.006980e+16
3284	5.341043e+15	1.114403e+02	5.134760e+01	4.472869e+16
3285	5.341280e+15	1.027007e+02	4.846269e+01	3.643315e+16
3286	5.341521e+15	1.059116e+02	5.278551e+01	3.424273e+16
3287	5.341754e+15	9.309952e+01	4.919360e+01	2.197219e+16
3288	5.341997e+15	9.998473e+01	5.295389e+01	4.532118e+16
3289	5.342236e+15	9.336245e+01	5.051401e+01	2.339485e+16
3290	5.342479e+15	9.260780e+01	4.972801e+01	2.700514e+16
3291	5.342727e+15	9.879113e+01	5.263693e+01	2.881052e+16
3292	5.342970e+15	9.498006e+01	5.158895e+01	2.929976e+16
3293	5.343210e+15	1.011960e+02	5.235916e+01	3.307075e+16
3294	5.343444e+15	9.915767e+01	5.003999e+01	3.378441e+16
3295	5.343678e+15	9.926843e+01	5.086774e+01	3.156537e+16
3296	5.343914e+15	9.972415e+01	5.041970e+01	2.328454e+16
3297	5.344148e+15	1.013468e+02	4.973695e+01	4.949131e+16
3298	5.344380e+15	1.063926e+02	4.919825e+01	2.711816e+16
3299	5.344610e+15	9.994268e+01	4.789497e+01	4.007170e+16
3300	5.344846e+15	9.664567e+01	4.275683e+01	2.745052e+16
3301	5.345086e+15	9.608813e+01	4.378231e+01	2.512714e+16
3302	5.345326e+15	9.170630e+01	3.687205e+01	2.784568e+16
3303	5.345576e+15	8.484035e+01	3.605056e+01	3.440593e+16
3304	5.345839e+15	8.954647e+01	3.957836e+01	3.729580e+16
3305	5.346097e+15	8.812719e+01	4.065317e+01	3.758733e+16
3306	5.346353e+15	7.991137e+01	3.864931e+01	3.061325e+16
3307	5.346624e+15	7.994229e+01	4.166712e+01	6.063583e+16
3308	5.346891e+15	7.505253e+01	4.208994e+01	4.134152e+16
3309	5.347157e+15	7.426325e+01	4.294254e+01	3.702541e+16
3310	5.347421e+15	7.371210e+01	4.427476e+01	5.664166e+16
3311	5.347679e+15	7.050073e+01	4.389588e+01	2.504576e+16
3312	5.347938e+15	7.303978e+01	4.621980e+01	3.509610e+16
3313	5.348188e+15	7.146729e+01	4.593268e+01	2.582910e+16
3314	5.348437e+15	7.096028e+01	4.660144e+01	5.435896e+16
3315	5.348688e+15	7.188418e+01	4.630229e+01	2.983617e+16
3316	5.348942e+15	6.434550e+01	4.033293e+01	3.840370e+16
3317	5.349217e+15	7.165066e+01	4.493458e+01	7.672493e+16
3318	5.349500e+15	7.925526e+01	4.926987e+01	2.875448e+16
3319	5.349767e+15	7.779414e+01	4.603287e+01	5.398760e+16
3320	5.350043e+15	8.123043e+01	4.800197e+01	4.379107e+16
3321	5.350317e+15	7.556669e+01	4.597774e+01	3.508728e+16
3322	5.350596e+15	8.235340e+01	4.922394e+01	4.475468e+16
3323	5.350867e+15	8.146509e+01	4.731400e+01	3.386579e+16
3324	5.351140e+15	8.440358e+01	4.790877e+01	4.837604e+16
3325	5.351416e+15	8.949128e+01	4.969023e+01	5.339023e+16
3326	5.351681e+15	9.024197e+01	4.831102e+01	4.296995e+16
3327	5.351937e+15	8.851937e+01	4.844184e+01	3.623144e+16
3328	5.352185e+15	8.614832e+01	4.698692e+01	4.723636e+16
3329	5.352429e+15	8.849979e+01	4.809057e+01	7.019761e+16
3330	5.352671e+15	8.617958e+01	4.702726e+01	3.146229e+16
3331	5.352919e+15	8.732076e+01	4.919190e+01	4.741197e+16
3332	5.353160e+15	8.269273e+01	4.816283e+01	5.353312e+16
3333	5.353402e+15	7.790879e+01	4.599000e+01	5.188993e+16
3334	5.353654e+15	8.184859e+01	4.843249e+01	3.766477e+16
3335	5.353905e+15	7.901445e+01	4.942111e+01	3.611457e+16
3336	5.354149e+15	7.395022e+01	4.758482e+01	5.718989e+16
3337	5.354399e+15	8.024105e+01	5.145107e+01	3.809403e+16
3338	5.354636e+15	7.581004e+01	4.903303e+01	5.591530e+16
3339	5.354876e+15	7.619309e+01	4.856649e+01	4.208452e+16
3340	5.355117e+15	7.741219e+01	5.061318e+01	4.399438e+16
3341	5.355352e+15	7.207270e+01	4.787655e+01	6.057442e+16
3342	5.355594e+15	7.050093e+01	4.910906e+01	3.574931e+16
3343	5.355842e+15	7.329413e+01	5.005157e+01	5.012156e+16
3344	5.356090e+15	7.131725e+01	4.854969e+01	5.247866e+16
3345	5.356346e+15	7.294370e+01	4.978721e+01	5.290502e+16
3346	5.356606e+15	7.025939e+01	4.901918e+01	3.839971e+16
3347	5.356873e+15	6.574874e+01	4.738395e+01	8.577403e+16
3348	5.357157e+15	6.710549e+01	5.029527e+01	5.073383e+16
3349	5.357451e+15	7.169594e+01	5.493988e+01	6.812826e+16
3350	5.357737e+15	7.323987e+01	5.574362e+01	3.796173e+16
3351	5.358016e+15	7.232899e+01	5.702782e+01	5.566129e+16
3352	5.358290e+15	7.514638e+01	5.908409e+01	2.107236e+16
3353	5.358553e+15	7.404123e+01	5.742305e+01	5.979773e+16
3354	5.358815e+15	7.922387e+01	5.951175e+01	8.120096e+16
3355	5.359071e+15	7.946654e+01	6.025856e+01	3.767632e+16
3356	5.359319e+15	7.698234e+01	5.904154e+01	4.216164e+16
3357	5.359569e+15	7.770322e+01	6.075120e+01	4.856517e+16
3358	5.359820e+15	7.725425e+01	6.309343e+01	5.058242e+16
3359	5.360069e+15	7.367026e+01	6.193848e+01	5.633435e+16
3360	5.360325e+15	7.421883e+01	6.419082e+01	6.676557e+16
3361	5.360587e+15	7.525875e+01	6.632271e+01	5.192803e+16
3362	5.360849e+15	7.549812e+01	6.843824e+01	2.961248e+16
3363	5.361110e+15	6.846278e+01	6.658278e+01	6.219170e+16
3364	5.361381e+15	7.164779e+01	7.059895e+01	2.905177e+16
3365	5.361652e+15	7.628078e+01	7.032908e+01	6.189700e+16
3366	5.361929e+15	8.165711e+01	7.295672e+01	3.531448e+16
3367	5.362204e+15	8.601767e+01	7.336189e+01	6.506103e+16
3368	5.362481e+15	9.347358e+01	7.303600e+01	7.494189e+16
3369	5.362763e+15	1.051256e+02	7.862988e+01	6.363319e+16
3370	5.363044e+15	1.189640e+02	7.908158e+01	8.606429e+16
3371	5.363322e+15	1.259649e+02	7.808320e+01	8.822987e+16
3372	5.363603e+15	1.456987e+02	8.075464e+01	9.628915e+16
3373	5.363879e+15	1.594014e+02	8.186081e+01	7.834060e+16
3374	5.364149e+15	1.709683e+02	8.350554e+01	7.990651e+16
3375	5.364411e+15	1.712262e+02	8.135086e+01	5.588554e+16
3376	5.364675e+15	1.801644e+02	8.203487e+01	7.606953e+16
3377	5.364936e+15	1.865708e+02	8.197888e+01	1.096069e+17
3378	5.365197e+15	1.956905e+02	8.057976e+01	6.175337e+16
3379	5.365458e+15	2.107672e+02	8.583219e+01	8.244605e+16
3380	5.365707e+15	2.061415e+02	7.959481e+01	5.958268e+16
3381	5.365959e+15	2.184222e+02	8.334222e+01	8.222458e+16
3382	5.366202e+15	2.072266e+02	7.783796e+01	4.826040e+16
3383	5.366445e+15	2.027434e+02	7.842801e+01	5.553369e+16
3384	5.366689e+15	1.876701e+02	7.198683e+01	8.954080e+16
3385	5.366945e+15	1.988631e+02	7.944475e+01	6.243046e+16
3386	5.367197e+15	1.883719e+02	7.627065e+01	6.210772e+16
3387	5.367455e+15	1.849259e+02	7.306753e+01	4.288549e+16
3388	5.367724e+15	1.930875e+02	7.752874e+01	6.164320e+16
3389	5.367986e+15	1.988269e+02	7.636418e+01	8.422989e+16
3390	5.368241e+15	1.927578e+02	7.702189e+01	7.769243e+16
3391	5.368491e+15	1.960166e+02	7.709453e+01	6.895394e+16
3392	5.368735e+15	1.903978e+02	7.507172e+01	6.858873e+16
3393	5.368980e+15	1.936281e+02	8.002826e+01	5.824375e+16
3394	5.369217e+15	1.694687e+02	7.259892e+01	6.613026e+16
3395	5.369469e+15	1.778261e+02	7.377488e+01	6.078721e+16
3396	5.369732e+15	1.895177e+02	7.880283e+01	8.554602e+16
3397	5.369991e+15	1.791549e+02	7.347739e+01	5.451349e+16
3398	5.370258e+15	1.850599e+02	7.541200e+01	7.672959e+16
3399	5.370520e+15	1.862768e+02	7.738449e+01	4.377744e+16
3400	5.370773e+15	1.785161e+02	7.132138e+01	5.309279e+16
3401	5.371028e+15	1.751521e+02	6.922168e+01	4.321855e+16
3402	5.371285e+15	1.817094e+02	7.196175e+01	6.973281e+16
3403	5.371531e+15	1.744094e+02	6.954190e+01	5.540006e+16
3404	5.371780e+15	1.664611e+02	6.921207e+01	7.022055e+16
3405	5.372035e+15	1.741644e+02	7.237647e+01	3.961968e+16
3406	5.372280e+15	1.520029e+02	6.568635e+01	4.002016e+16
3407	5.372538e+15	1.635343e+02	7.254969e+01	7.643902e+16
3408	5.372791e+15	1.560162e+02	6.855785e+01	3.158160e+16
3409	5.373049e+15	1.556016e+02	6.937431e+01	7.227708e+16
3410	5.373309e+15	1.601754e+02	7.049840e+01	5.311388e+16
3411	5.373566e+15	1.530008e+02	6.586527e+01	4.220341e+16
3412	5.373828e+15	1.556391e+02	6.808333e+01	5.723854e+16
3413	5.374088e+15	1.633508e+02	7.307721e+01	7.255737e+16
3414	5.374337e+15	1.613193e+02	7.239164e+01	3.333378e+16
3415	5.374578e+15	1.565310e+02	6.864121e+01	5.671742e+16
3416	5.374821e+15	1.622887e+02	7.160936e+01	5.391273e+16
3417	5.375053e+15	1.496806e+02	6.660905e+01	4.906314e+16
3418	5.375290e+15	1.483065e+02	6.826678e+01	3.839752e+16
3419	5.375531e+15	1.525300e+02	7.010560e+01	3.979574e+16
3420	5.375764e+15	1.409014e+02	6.448960e+01	3.752969e+16
3421	5.376007e+15	1.399463e+02	6.432951e+01	3.791762e+16
3422	5.376254e+15	1.488047e+02	6.403505e+01	4.997111e+16
3423	5.376503e+15	1.583390e+02	6.657730e+01	4.895348e+16
3424	5.376751e+15	1.579661e+02	6.625278e+01	4.290700e+16
3425	5.376997e+15	1.624578e+02	6.710433e+01	7.291224e+16
3426	5.377235e+15	1.691748e+02	6.890473e+01	6.946936e+16
3427	5.377462e+15	1.617511e+02	6.285929e+01	4.925262e+16
3428	5.377689e+15	1.574008e+02	6.152967e+01	3.012258e+16
3429	5.377917e+15	1.550045e+02	6.075326e+01	4.722040e+16
3430	5.378150e+15	1.558541e+02	5.985159e+01	4.119218e+16
3431	5.378385e+15	1.578468e+02	6.067932e+01	4.765585e+16
3432	5.378618e+15	1.505755e+02	5.602579e+01	5.945483e+16
3433	5.378861e+15	1.581097e+02	5.779777e+01	5.886407e+16
3434	5.379104e+15	1.547607e+02	5.797983e+01	6.723421e+16
3435	5.379354e+15	1.743969e+02	6.622109e+01	3.316252e+16
3436	5.379592e+15	1.645501e+02	6.505252e+01	5.300078e+16
3437	5.379830e+15	1.582035e+02	6.528883e+01	5.530003e+16
3438	5.380072e+15	1.627311e+02	6.971747e+01	4.348342e+16
3439	5.380311e+15	1.583888e+02	6.986175e+01	6.634318e+16
3440	5.380548e+15	1.560757e+02	6.828910e+01	6.095142e+16
3441	5.380785e+15	1.424257e+02	6.407731e+01	4.768106e+16
3442	5.381035e+15	1.593738e+02	7.163359e+01	4.493366e+16
3443	5.381276e+15	1.520875e+02	6.752051e+01	4.864137e+16
3444	5.381518e+15	1.515138e+02	6.755004e+01	4.591732e+16
3445	5.381767e+15	1.513589e+02	6.801912e+01	4.661479e+16
3446	5.382016e+15	1.513450e+02	6.775227e+01	2.953260e+16
3447	5.382262e+15	1.479453e+02	6.700455e+01	4.369469e+16
3448	5.382513e+15	1.520028e+02	7.127093e+01	4.498596e+16
3449	5.382758e+15	1.478247e+02	6.984158e+01	7.358821e+16
3450	5.383008e+15	1.503040e+02	7.125072e+01	7.293522e+16
3451	5.383256e+15	1.548954e+02	7.122719e+01	7.238077e+16
3452	5.383498e+15	1.528787e+02	6.849120e+01	3.129668e+16
3453	5.383742e+15	1.588145e+02	6.984325e+01	4.663697e+16
3454	5.383983e+15	1.595740e+02	6.984086e+01	4.533594e+16
3455	5.384221e+15	1.551530e+02	6.865973e+01	4.399396e+16
3456	5.384460e+15	1.579567e+02	7.015799e+01	5.208500e+16
3457	5.384698e+15	1.513514e+02	6.805138e+01	6.696510e+16
3458	5.384939e+15	1.554610e+02	6.960360e+01	7.044068e+16
3459	5.385179e+15	1.509451e+02	6.828616e+01	3.710968e+16
3460	5.385420e+15	1.500317e+02	6.882351e+01	6.175506e+16
3461	5.385659e+15	1.420365e+02	6.711457e+01	4.325148e+16
3462	5.385905e+15	1.477568e+02	7.049362e+01	1.483349e+16
3463	5.386148e+15	1.472347e+02	6.933698e+01	4.056739e+16
3464	5.386389e+15	1.536931e+02	7.103787e+01	4.352004e+16
3465	5.386624e+15	1.511972e+02	6.762046e+01	7.777916e+16
3466	5.386861e+15	1.585403e+02	7.029813e+01	3.130391e+16
3467	5.387096e+15	1.539165e+02	7.045773e+01	5.690459e+16
3468	5.387332e+15	1.636582e+02	7.188304e+01	5.133078e+16
3469	5.387565e+15	1.645732e+02	7.145502e+01	6.138500e+16
3470	5.387794e+15	1.572217e+02	6.897929e+01	6.958399e+16
3471	5.388025e+15	1.688693e+02	7.174302e+01	5.538858e+16
3472	5.388249e+15	1.675011e+02	7.037714e+01	5.598629e+16
3473	5.388471e+15	1.674567e+02	7.004457e+01	4.305274e+16
3474	5.388694e+15	1.688853e+02	6.945771e+01	5.707678e+16
3475	5.388917e+15	1.669156e+02	6.728367e+01	3.200238e+16
3476	5.389142e+15	1.724039e+02	6.829683e+01	9.243663e+15
3477	5.389364e+15	1.647679e+02	6.773802e+01	6.387959e+16
3478	5.389585e+15	1.484297e+02	6.555965e+01	2.127298e+16
3479	5.389817e+15	1.558711e+02	7.081908e+01	5.476720e+16
3480	5.390044e+15	1.387000e+02	6.649008e+01	5.792282e+16
3481	5.390278e+15	1.457668e+02	7.121349e+01	2.999332e+16
3482	5.390508e+15	1.453986e+02	7.201448e+01	5.699175e+16
3483	5.390734e+15	1.426456e+02	7.169687e+01	6.428252e+16
3484	5.390961e+15	1.435985e+02	7.249502e+01	5.345718e+16
3485	5.391183e+15	1.451450e+02	7.174612e+01	5.917759e+16
3486	5.391406e+15	1.495163e+02	7.151919e+01	4.580425e+16
3487	5.391632e+15	1.504599e+02	7.226199e+01	2.405677e+16
3488	5.391859e+15	1.521076e+02	7.336156e+01	4.336612e+16
3489	5.392087e+15	1.514478e+02	7.129867e+01	4.698820e+16
3490	5.392320e+15	1.480877e+02	7.189103e+01	6.701532e+16
3491	5.392557e+15	1.515911e+02	7.291234e+01	5.317981e+16
3492	5.392793e+15	1.565815e+02	7.502193e+01	5.816623e+16
3493	5.393024e+15	1.509984e+02	7.193754e+01	4.026498e+16
3494	5.393258e+15	1.493912e+02	7.155126e+01	4.433655e+16
3495	5.393493e+15	1.580356e+02	7.179629e+01	5.278867e+16
3496	5.393726e+15	1.560215e+02	7.099268e+01	5.238098e+16
3497	5.393957e+15	1.450146e+02	6.775450e+01	5.503432e+16
3498	5.394196e+15	1.586915e+02	7.272388e+01	4.431061e+16
3499	5.394428e+15	1.584184e+02	7.058107e+01	4.766450e+16
3500	5.394659e+15	1.511795e+02	6.749856e+01	6.092486e+16
3501	5.394897e+15	1.630576e+02	7.364319e+01	4.685669e+16
3502	5.395126e+15	1.560111e+02	6.957617e+01	3.306313e+16
3503	5.395357e+15	1.560261e+02	7.267457e+01	4.298274e+16
3504	5.395586e+15	1.582223e+02	7.103464e+01	5.676173e+16
3505	5.395816e+15	1.576727e+02	7.106347e+01	6.570242e+16
3506	5.396046e+15	1.526233e+02	6.884288e+01	8.090402e+16
3507	5.396281e+15	1.592216e+02	6.978902e+01	3.709702e+16
3508	5.396518e+15	1.564595e+02	6.890777e+01	7.563200e+16
3509	5.396757e+15	1.584049e+02	6.645550e+01	5.149131e+16
3510	5.396997e+15	1.601595e+02	6.826283e+01	5.458952e+16
3511	5.397233e+15	1.616784e+02	6.845866e+01	5.758156e+16
3512	5.397467e+15	1.609890e+02	6.973674e+01	4.828297e+16
3513	5.397698e+15	1.537513e+02	6.794395e+01	4.364042e+16
3514	5.397935e+15	1.639728e+02	7.078016e+01	6.873364e+16
3515	5.398166e+15	1.602430e+02	7.075296e+01	3.561610e+16
3516	5.398394e+15	1.544521e+02	6.858647e+01	5.059634e+16
3517	5.398625e+15	1.525895e+02	6.959043e+01	3.966474e+16
3518	5.398853e+15	1.476715e+02	6.785677e+01	5.990697e+16
3519	5.399085e+15	1.511046e+02	7.030248e+01	7.168488e+16
3520	5.399314e+15	1.432551e+02	6.869249e+01	3.497112e+16
3521	5.399549e+15	1.554537e+02	7.417007e+01	7.353731e+16
3522	5.399779e+15	1.452696e+02	7.177868e+01	6.097863e+16
3523	5.400014e+15	1.505347e+02	7.682405e+01	4.218418e+16
3524	5.400242e+15	1.374114e+02	7.055857e+01	5.011057e+16
3525	5.400478e+15	1.468261e+02	7.627992e+01	4.570321e+16
3526	5.400703e+15	1.445295e+02	7.487270e+01	5.963742e+16
3527	5.400923e+15	1.409450e+02	7.170504e+01	5.090466e+16
3528	5.401148e+15	1.512722e+02	7.527327e+01	4.922059e+16
3529	5.401365e+15	1.419253e+02	6.961157e+01	4.326323e+16
3530	5.401587e+15	1.487996e+02	7.538663e+01	5.537121e+16
3531	5.401801e+15	1.383134e+02	6.801640e+01	7.849003e+16
3532	5.402028e+15	1.566571e+02	7.498507e+01	3.689209e+16
3533	5.402240e+15	1.346046e+02	6.011198e+01	3.227627e+16
3534	5.402468e+15	1.559839e+02	7.128197e+01	1.600608e+16
3535	5.402684e+15	1.373186e+02	6.236378e+01	1.734822e+16
3536	5.402913e+15	1.517903e+02	6.862395e+01	5.581218e+16
3537	5.403139e+15	1.471110e+02	6.674837e+01	6.245261e+16
3538	5.403368e+15	1.391444e+02	6.648525e+01	5.479652e+16
3539	5.403604e+15	1.367829e+02	7.069564e+01	4.560748e+16
3540	5.403844e+15	1.382372e+02	7.113197e+01	6.809874e+16
3541	5.404089e+15	1.389838e+02	7.053880e+01	5.437687e+16
3542	5.404341e+15	1.423079e+02	7.240900e+01	4.994062e+16
3543	5.404590e+15	1.397368e+02	6.964518e+01	6.730171e+16
3544	5.404837e+15	1.376161e+02	6.972794e+01	4.857647e+16
3545	5.405082e+15	1.372979e+02	6.969860e+01	5.975555e+16
3546	5.405325e+15	1.251476e+02	6.796970e+01	7.841501e+16
3547	5.405576e+15	1.323847e+02	7.489230e+01	6.896525e+16
3548	5.405822e+15	1.378950e+02	7.624546e+01	5.435675e+16
3549	5.406061e+15	1.483871e+02	7.782712e+01	5.508622e+16
3550	5.406294e+15	1.469924e+02	7.796580e+01	4.878642e+16
3551	5.406524e+15	1.500100e+02	7.855175e+01	6.721866e+16
3552	5.406746e+15	1.414133e+02	7.284085e+01	5.556453e+16
3553	5.406976e+15	1.492151e+02	7.727752e+01	4.509149e+16
3554	5.407200e+15	1.464828e+02	7.525341e+01	3.417966e+16
3555	5.407424e+15	1.503445e+02	7.655163e+01	5.009029e+16
3556	5.407648e+15	1.460521e+02	7.494469e+01	6.370961e+16
3557	5.407876e+15	1.505366e+02	7.686465e+01	3.627851e+16
3558	5.408106e+15	1.495412e+02	7.735759e+01	8.041469e+16
3559	5.408336e+15	1.471905e+02	7.786968e+01	7.049278e+16
3560	5.408567e+15	1.441499e+02	7.383412e+01	4.130752e+16
3561	5.408799e+15	1.474174e+02	7.339532e+01	3.107231e+16
3562	5.409032e+15	1.509570e+02	7.118925e+01	2.750441e+16
3563	5.409268e+15	1.533960e+02	7.164737e+01	4.960119e+16
3564	5.409505e+15	1.549162e+02	7.102116e+01	6.716371e+16
3565	5.409741e+15	1.564644e+02	6.915682e+01	3.225210e+16
3566	5.409984e+15	1.646058e+02	7.448881e+01	2.638078e+16
3567	5.410221e+15	1.621541e+02	6.842265e+01	4.832690e+16
3568	5.410457e+15	1.519349e+02	6.694584e+01	6.134618e+16
3569	5.410699e+15	1.559002e+02	7.026069e+01	6.324181e+16
3570	5.410934e+15	1.466645e+02	6.747629e+01	3.738159e+16
3571	5.411171e+15	1.412229e+02	6.867062e+01	4.989291e+16
3572	5.411410e+15	1.384081e+02	7.020228e+01	5.220077e+16
3573	5.411649e+15	1.342974e+02	7.012320e+01	4.250857e+16
3574	5.411890e+15	1.297629e+02	7.045597e+01	7.725672e+16
3575	5.412132e+15	1.278339e+02	7.106478e+01	5.473117e+16
3576	5.412374e+15	1.232041e+02	6.862471e+01	4.946596e+16
3577	5.412620e+15	1.279915e+02	6.834201e+01	5.136982e+16
3578	5.412868e+15	1.336760e+02	6.815552e+01	5.808963e+16
3579	5.413113e+15	1.293077e+02	6.538535e+01	6.540809e+16
3580	5.413362e+15	1.377790e+02	6.753493e+01	7.094761e+16
3581	5.413603e+15	1.336584e+02	6.482935e+01	4.987334e+16
3582	5.413843e+15	1.465477e+02	7.111552e+01	5.093885e+16
3583	5.414069e+15	1.270783e+02	6.532039e+01	5.439369e+16
3584	5.414302e+15	1.308101e+02	7.111662e+01	3.510023e+16
3585	5.414529e+15	1.310222e+02	7.138703e+01	6.715477e+16
3586	5.414750e+15	1.243616e+02	6.723723e+01	2.449101e+16
3587	5.414975e+15	1.322180e+02	6.833639e+01	8.017305e+16
3588	5.415194e+15	1.326854e+02	6.779206e+01	5.053374e+16
3589	5.415411e+15	1.213050e+02	6.563190e+01	3.424879e+16
3590	5.415631e+15	1.267026e+02	6.885671e+01	4.381531e+16
3591	5.415848e+15	1.174493e+02	6.299109e+01	3.508969e+16
3592	5.416077e+15	1.306850e+02	7.067859e+01	8.085061e+16
3593	5.416302e+15	1.245248e+02	6.679602e+01	6.605642e+16
3594	5.416537e+15	1.317536e+02	6.867492e+01	5.927347e+16
3595	5.416773e+15	1.382589e+02	7.180592e+01	4.724721e+16
3596	5.417004e+15	1.408690e+02	7.037893e+01	4.471150e+16
3597	5.417237e+15	1.437016e+02	7.403456e+01	6.742910e+16
3598	5.417467e+15	1.405443e+02	7.408355e+01	3.623757e+16
3599	5.417696e+15	1.447513e+02	7.542183e+01	4.027144e+16
3600	5.417922e+15	1.462580e+02	7.618207e+01	7.490644e+16
3601	5.418146e+15	1.469961e+02	7.675839e+01	4.172091e+16
3602	5.418367e+15	1.468050e+02	7.515977e+01	4.211555e+16
3603	5.418591e+15	1.546994e+02	7.734748e+01	3.776003e+16
3604	5.418810e+15	1.524490e+02	7.430259e+01	4.700034e+16
3605	5.419032e+15	1.583195e+02	7.282437e+01	4.549928e+16
3606	5.419259e+15	1.703867e+02	7.625232e+01	1.099350e+17
3607	5.419479e+15	1.583001e+02	6.977471e+01	4.932279e+16
3608	5.419710e+15	1.621771e+02	7.274428e+01	3.633867e+16
3609	5.419948e+15	1.693241e+02	7.537783e+01	3.770960e+16
3610	5.420186e+15	1.596726e+02	7.298853e+01	4.401181e+16
3611	5.420421e+15	1.572915e+02	7.437104e+01	3.899730e+16
3612	5.420656e+15	1.566021e+02	7.473201e+01	4.626880e+16
3613	5.420888e+15	1.581217e+02	7.709520e+01	4.616729e+16
3614	5.421113e+15	1.400420e+02	7.090689e+01	6.221495e+16
3615	5.421346e+15	1.460013e+02	7.255612e+01	5.542798e+16
3616	5.421575e+15	1.491265e+02	7.622397e+01	7.476213e+16
3617	5.421797e+15	1.426044e+02	7.170074e+01	6.025024e+16
3618	5.422020e+15	1.503894e+02	7.259656e+01	2.524834e+16
3619	5.422240e+15	1.511889e+02	7.475827e+01	2.571590e+16
3620	5.422456e+15	1.421854e+02	7.257897e+01	6.623555e+16
3621	5.422678e+15	1.449386e+02	7.635141e+01	5.059457e+16
3622	5.422899e+15	1.489231e+02	7.668603e+01	6.289659e+16
3623	5.423118e+15	1.546387e+02	7.933776e+01	3.377154e+16
3624	5.423332e+15	1.514236e+02	7.651538e+01	3.889456e+16
3625	5.423550e+15	1.528257e+02	7.746834e+01	5.298940e+16
3626	5.423767e+15	1.470509e+02	7.567172e+01	6.117109e+16
3627	5.423984e+15	1.469684e+02	7.525615e+01	3.675205e+16
3628	5.424205e+15	1.491925e+02	7.533272e+01	3.762055e+16
3629	5.424427e+15	1.526799e+02	7.574146e+01	5.037550e+16
3630	5.424646e+15	1.490032e+02	7.078502e+01	4.431637e+16
3631	5.424872e+15	1.505201e+02	7.261841e+01	5.709404e+16
3632	5.425100e+15	1.540615e+02	7.704549e+01	7.423946e+16
3633	5.425322e+15	1.451806e+02	7.514516e+01	8.546177e+16
3634	5.425549e+15	1.484965e+02	7.707342e+01	6.310904e+16
3635	5.425775e+15	1.591109e+02	8.044092e+01	9.135090e+16
3636	5.425993e+15	1.499596e+02	7.561270e+01	8.677043e+16
3637	5.426213e+15	1.460282e+02	7.610006e+01	5.072378e+16
3638	5.426434e+15	1.455637e+02	7.497487e+01	7.788268e+16
3639	5.426656e+15	1.484163e+02	7.692691e+01	3.166081e+16
3640	5.426877e+15	1.478628e+02	7.688423e+01	4.684436e+16
3641	5.427098e+15	1.499028e+02	7.697155e+01	5.900851e+16
3642	5.427321e+15	1.492747e+02	7.793206e+01	5.189841e+16
3643	5.427546e+15	1.499273e+02	7.743807e+01	4.311001e+16
3644	5.427770e+15	1.515577e+02	7.613482e+01	6.606897e+16
3645	5.427994e+15	1.591442e+02	7.923977e+01	5.024916e+16
3646	5.428213e+15	1.414040e+02	7.360042e+01	5.070254e+16
3647	5.428441e+15	1.527422e+02	8.345233e+01	7.504007e+16
3648	5.428661e+15	1.333220e+02	7.383409e+01	6.414614e+16
3649	5.428895e+15	1.569413e+02	8.283226e+01	3.950169e+16
3650	5.429118e+15	1.599358e+02	8.129563e+01	3.888529e+16
3651	5.429332e+15	1.542607e+02	7.982111e+01	3.597603e+16
3652	5.429547e+15	1.408690e+02	7.405435e+01	3.610889e+16
3653	5.429776e+15	1.452050e+02	7.718801e+01	5.640478e+16
3654	5.430010e+15	1.640646e+02	8.655900e+01	6.113537e+16
3655	5.430225e+15	1.467147e+02	7.596088e+01	5.579391e+16
3656	5.430449e+15	1.627199e+02	8.292545e+01	2.149067e+16
3657	5.430666e+15	1.338589e+02	7.073263e+01	5.552405e+16
3658	5.430905e+15	1.574835e+02	8.572329e+01	6.433857e+16
3659	5.431132e+15	1.626523e+02	8.487889e+01	4.450538e+16
3660	5.431351e+15	1.579208e+02	7.927317e+01	6.240814e+16
3661	5.431573e+15	1.646834e+02	8.114852e+01	4.593481e+16
3662	5.431787e+15	1.567421e+02	7.478653e+01	3.583887e+16
3663	5.432005e+15	1.707631e+02	8.050333e+01	7.575025e+16
3664	5.432212e+15	1.497428e+02	7.189155e+01	4.488521e+16
3665	5.432431e+15	1.630835e+02	7.777084e+01	2.451099e+16
3666	5.432648e+15	1.564755e+02	7.467064e+01	3.416466e+16
3667	5.432868e+15	1.527118e+02	7.360680e+01	4.201024e+16
3668	5.433091e+15	1.489831e+02	6.956452e+01	4.483594e+16
3669	5.433321e+15	1.511902e+02	7.273716e+01	4.543116e+16
3670	5.433559e+15	1.556477e+02	7.853667e+01	6.032378e+16
3671	5.433793e+15	1.565323e+02	7.733106e+01	5.655453e+16
3672	5.434025e+15	1.570601e+02	7.741309e+01	5.038974e+16
3673	5.434252e+15	1.504348e+02	7.680496e+01	8.286302e+16
3674	5.434479e+15	1.445042e+02	7.459529e+01	3.422477e+16
3675	5.434710e+15	1.517604e+02	7.732995e+01	5.543882e+16
3676	5.434937e+15	1.423610e+02	7.589266e+01	4.035780e+16
3677	5.435167e+15	1.464228e+02	7.876331e+01	5.112054e+16
3678	5.435393e+15	1.479691e+02	7.696662e+01	5.129086e+16
3679	5.435620e+15	1.487738e+02	7.722620e+01	5.361403e+16
3680	5.435845e+15	1.523785e+02	7.938673e+01	5.411718e+16
3681	5.436064e+15	1.580368e+02	7.806585e+01	2.528167e+16
3682	5.436279e+15	1.482595e+02	7.057237e+01	5.435202e+16
3683	5.436502e+15	1.455422e+02	7.337136e+01	6.337312e+16
3684	5.436733e+15	1.529548e+02	8.040345e+01	5.632766e+16
3685	5.436955e+15	1.454373e+02	7.945801e+01	5.917613e+16
3686	5.437180e+15	1.416437e+02	7.772705e+01	5.344528e+16
3687	5.437412e+15	1.522457e+02	8.102001e+01	5.344271e+16
3688	5.437639e+15	1.517336e+02	8.087443e+01	4.808140e+16
3689	5.437865e+15	1.466391e+02	8.069658e+01	5.210117e+16
3690	5.438094e+15	1.459926e+02	8.048560e+01	6.130982e+16
3691	5.438324e+15	1.503178e+02	8.297927e+01	4.509519e+16
3692	5.438550e+15	1.458633e+02	8.137818e+01	6.004355e+16
3693	5.438778e+15	1.491791e+02	8.364994e+01	3.830749e+16
3694	5.439002e+15	1.508673e+02	8.141958e+01	3.833050e+16
3695	5.439225e+15	1.575334e+02	8.362752e+01	6.250954e+16
3696	5.439442e+15	1.462081e+02	7.861550e+01	5.133778e+16
3697	5.439659e+15	1.428780e+02	7.989781e+01	4.613668e+16
3698	5.439877e+15	1.452400e+02	8.200243e+01	6.171277e+16
3699	5.440092e+15	1.439299e+02	8.315792e+01	3.747892e+16
3700	5.440304e+15	1.435455e+02	8.164022e+01	5.393964e+16
3701	5.440519e+15	1.469578e+02	8.319392e+01	3.900234e+16
3702	5.440733e+15	1.447928e+02	8.465244e+01	5.324437e+16
3703	5.440943e+15	1.363908e+02	7.794478e+01	3.161544e+16
3704	5.441167e+15	1.540648e+02	8.840181e+01	5.087268e+16
3705	5.441381e+15	1.420864e+02	8.213605e+01	5.877055e+16
3706	5.441598e+15	1.519409e+02	8.218029e+01	5.108995e+16
3707	5.441818e+15	1.679729e+02	8.954436e+01	4.484697e+16
3708	5.442026e+15	1.391961e+02	7.741828e+01	6.085566e+16
3709	5.442247e+15	1.632472e+02	8.938228e+01	8.217878e+16
3710	5.442457e+15	1.434191e+02	7.677409e+01	6.476854e+16
3711	5.442678e+15	1.529860e+02	8.005551e+01	3.017558e+16
3712	5.442898e+15	1.542425e+02	8.291039e+01	4.029140e+16
3713	5.443117e+15	1.543812e+02	8.195976e+01	4.756569e+16
3714	5.443334e+15	1.536579e+02	8.067380e+01	4.318142e+16
3715	5.443551e+15	1.522207e+02	8.029902e+01	6.130657e+16
3716	5.443771e+15	1.567733e+02	8.276367e+01	6.322329e+16
3717	5.443986e+15	1.588313e+02	8.164515e+01	3.302557e+16
3718	5.444200e+15	1.632500e+02	8.318322e+01	8.197205e+16
3719	5.444406e+15	1.544839e+02	7.961436e+01	2.744927e+16
3720	5.444615e+15	1.559854e+02	8.189038e+01	7.386428e+16
3721	5.444823e+15	1.510899e+02	7.562434e+01	4.206380e+16
3722	5.445041e+15	1.740963e+02	8.298299e+01	6.523921e+16
3723	5.445250e+15	1.578746e+02	7.528013e+01	2.578524e+16
3724	5.445469e+15	1.585789e+02	7.963725e+01	4.816790e+16
3725	5.445689e+15	1.656846e+02	8.136931e+01	6.149707e+16
3726	5.445904e+15	1.679776e+02	7.836777e+01	6.358777e+16
3727	5.446118e+15	1.599901e+02	7.097928e+01	6.106565e+16
3728	5.446340e+15	1.608967e+02	7.433040e+01	3.476345e+16
3729	5.446564e+15	1.612071e+02	7.792301e+01	4.114573e+16
3730	5.446784e+15	1.556318e+02	7.651774e+01	4.141817e+16
3731	5.447005e+15	1.499325e+02	7.603906e+01	5.955090e+16
3732	5.447229e+15	1.555628e+02	7.795266e+01	5.599720e+16
3733	5.447452e+15	1.598442e+02	7.973362e+01	3.174649e+16
3734	5.447669e+15	1.508354e+02	7.728449e+01	5.318043e+16
3735	5.447888e+15	1.480814e+02	7.907904e+01	4.956734e+16
3736	5.448104e+15	1.439159e+02	8.033373e+01	5.338162e+16
3737	5.448316e+15	1.402130e+02	8.036252e+01	3.358962e+16
3738	5.448527e+15	1.356455e+02	7.992548e+01	5.195863e+16
3739	5.448741e+15	1.337368e+02	7.914702e+01	6.718899e+16
3740	5.448958e+15	1.384691e+02	7.882792e+01	4.791317e+16
3741	5.449179e+15	1.420147e+02	7.938674e+01	5.109446e+16
3742	5.449400e+15	1.405560e+02	7.922261e+01	5.888842e+16
3743	5.449624e+15	1.391866e+02	7.811187e+01	4.487993e+16
3744	5.449852e+15	1.411880e+02	8.083476e+01	3.908688e+16
3745	5.450079e+15	1.247220e+02	7.415875e+01	3.552144e+16
3746	5.450325e+15	1.434992e+02	8.290489e+01	5.669067e+16
3747	5.450568e+15	1.445349e+02	8.197384e+01	5.773307e+16
3748	5.450809e+15	1.430018e+02	8.107795e+01	8.090658e+16
3749	5.451050e+15	1.489428e+02	8.349677e+01	5.790635e+16
3750	5.451286e+15	1.484639e+02	8.099358e+01	5.306780e+16
3751	5.451521e+15	1.455367e+02	8.048002e+01	8.012865e+16
3752	5.451758e+15	1.489204e+02	8.183303e+01	3.289809e+16
3753	5.451991e+15	1.490743e+02	8.227982e+01	3.409972e+16
3754	5.452220e+15	1.494371e+02	8.328229e+01	7.396344e+16
3755	5.452443e+15	1.465759e+02	8.402183e+01	5.846327e+16
3756	5.452664e+15	1.487186e+02	8.355453e+01	3.415738e+16
3757	5.452886e+15	1.529724e+02	8.456725e+01	5.901333e+16
3758	5.453103e+15	1.430050e+02	8.279270e+01	4.676689e+16
3759	5.453323e+15	1.424979e+02	8.398005e+01	6.850019e+16
3760	5.453545e+15	1.490030e+02	8.910963e+01	6.549234e+16
3761	5.453764e+15	1.364118e+02	8.436398e+01	5.843878e+16
3762	5.453990e+15	1.435054e+02	8.925126e+01	6.981812e+16
3763	5.454213e+15	1.432661e+02	8.760376e+01	3.346496e+16
3764	5.454439e+15	1.415786e+02	9.006820e+01	5.228442e+16
3765	5.454666e+15	1.378952e+02	9.238211e+01	6.326738e+16
3766	5.454890e+15	1.389010e+02	9.109918e+01	3.606593e+16
3767	5.455114e+15	1.365369e+02	8.870917e+01	7.106372e+16
3768	5.455340e+15	1.372872e+02	8.679548e+01	5.930210e+16
3769	5.455567e+15	1.364897e+02	9.054217e+01	5.375490e+16
3770	5.455797e+15	1.387668e+02	9.343092e+01	3.516360e+16
3771	5.456026e+15	1.374344e+02	9.368907e+01	6.464152e+16
3772	5.456256e+15	1.424286e+02	9.722099e+01	7.062357e+16
3773	5.456481e+15	1.446175e+02	9.841601e+01	9.738019e+16
3774	5.456697e+15	1.390266e+02	9.284703e+01	4.847463e+16
3775	5.456918e+15	1.512931e+02	9.862428e+01	5.919240e+16
3776	5.457131e+15	1.395661e+02	9.252240e+01	6.183915e+16
3777	5.457346e+15	1.372792e+02	9.291257e+01	6.393647e+16
3778	5.457565e+15	1.365629e+02	9.540859e+01	7.138254e+16
3779	5.457789e+15	1.412393e+02	9.706157e+01	7.458960e+16
3780	5.458013e+15	1.508489e+02	1.038965e+02	7.163645e+16
3781	5.458222e+15	1.457215e+02	9.750463e+01	8.002613e+16
3782	5.458430e+15	1.442167e+02	9.779047e+01	5.975546e+16
3783	5.458638e+15	1.389255e+02	9.854648e+01	6.662158e+16
3784	5.458852e+15	1.365888e+02	9.131197e+01	5.457627e+16
3785	5.459074e+15	1.481290e+02	9.679430e+01	5.203426e+16
3786	5.459296e+15	1.499818e+02	9.564070e+01	6.284074e+16
3787	5.459517e+15	1.355858e+02	9.027599e+01	4.697136e+16
3788	5.459747e+15	1.397098e+02	9.618030e+01	6.994801e+16
3789	5.459977e+15	1.392573e+02	9.636702e+01	2.476769e+16
3790	5.460211e+15	1.485190e+02	1.027342e+02	6.776409e+16
3791	5.460437e+15	1.389629e+02	9.319644e+01	4.732968e+16
3792	5.460672e+15	1.533528e+02	1.071903e+02	4.090665e+16
3793	5.460894e+15	1.371960e+02	9.692421e+01	4.383588e+16
3794	5.461127e+15	1.498148e+02	1.072625e+02	7.122126e+16
3795	5.461354e+15	1.507435e+02	1.088635e+02	8.529633e+16
3796	5.461574e+15	1.597090e+02	1.119330e+02	4.876945e+16
3797	5.461786e+15	1.537963e+02	1.086713e+02	5.895300e+16
3798	5.461996e+15	1.563399e+02	1.127750e+02	5.421677e+16
3799	5.462199e+15	1.451104e+02	1.031455e+02	4.563149e+16
3800	5.462409e+15	1.519845e+02	1.096541e+02	6.309832e+16
3801	5.462618e+15	1.465917e+02	1.100453e+02	7.821294e+16
3802	5.462828e+15	1.392262e+02	1.081405e+02	2.085635e+16
3803	5.463045e+15	1.491485e+02	1.167034e+02	7.489915e+16
3804	5.463256e+15	1.350805e+02	1.074035e+02	8.895201e+16
3805	5.463481e+15	1.362195e+02	1.111904e+02	5.111170e+16
3806	5.463712e+15	1.379664e+02	1.131301e+02	6.448597e+16
3807	5.463947e+15	1.427587e+02	1.106458e+02	7.174647e+16
3808	5.464181e+15	1.342447e+02	1.035680e+02	5.994157e+16
3809	5.464427e+15	1.431023e+02	1.177395e+02	7.346548e+16
3810	5.464665e+15	1.492214e+02	1.250989e+02	7.037396e+16
3811	5.464887e+15	1.321228e+02	1.123484e+02	4.688078e+16
3812	5.465118e+15	1.506314e+02	1.271022e+02	6.059736e+16
3813	5.465333e+15	1.419315e+02	1.166154e+02	5.691090e+16
3814	5.465547e+15	1.494800e+02	1.197107e+02	5.685515e+16
3815	5.465755e+15	1.511926e+02	1.173983e+02	5.914204e+16
3816	5.465956e+15	1.314488e+02	9.658968e+01	4.604523e+16
3817	5.466175e+15	1.559870e+02	1.126345e+02	5.063025e+16
3818	5.466384e+15	1.392697e+02	1.060534e+02	4.183892e+16
3819	5.466598e+15	1.460305e+02	1.127764e+02	3.092404e+16
3820	5.466809e+15	1.492298e+02	1.128257e+02	5.413785e+16
3821	5.467016e+15	1.577920e+02	1.156020e+02	5.769979e+16
3822	5.467215e+15	1.528374e+02	1.075549e+02	3.936598e+16
3823	5.467417e+15	1.581613e+02	1.086291e+02	3.489106e+16
3824	5.467617e+15	1.405120e+02	9.437982e+01	3.602175e+16
3825	5.467836e+15	1.631645e+02	1.084376e+02	4.014436e+16
3826	5.468050e+15	1.669764e+02	1.098876e+02	6.702955e+16
3827	5.468257e+15	1.601211e+02	1.023688e+02	4.303818e+16
3828	5.468474e+15	1.730407e+02	1.136337e+02	4.610895e+16
3829	5.468681e+15	1.449141e+02	9.992542e+01	3.726347e+16
3830	5.468901e+15	1.615973e+02	1.135041e+02	4.927888e+16
3831	5.469111e+15	1.453818e+02	1.042918e+02	4.015638e+16
3832	5.469333e+15	1.586404e+02	1.119420e+02	5.444905e+16
3833	5.469552e+15	1.597391e+02	1.084048e+02	7.607530e+16
3834	5.469768e+15	1.626298e+02	1.074998e+02	3.624486e+16
3835	5.469984e+15	1.593725e+02	1.047606e+02	7.918265e+16
3836	5.470206e+15	1.673988e+02	1.091972e+02	4.155478e+16
3837	5.470427e+15	1.756279e+02	1.121011e+02	7.350414e+16
3838	5.470643e+15	1.700124e+02	1.066728e+02	4.239474e+16
3839	5.470861e+15	1.770511e+02	1.104563e+02	3.917808e+16
3840	5.471078e+15	1.715950e+02	1.047620e+02	8.367014e+16
3841	5.471303e+15	1.795474e+02	1.046470e+02	6.823779e+16
3842	5.471526e+15	1.710039e+02	9.670045e+01	3.758617e+16
3843	5.471758e+15	1.730568e+02	9.751207e+01	5.909037e+16
3844	5.471999e+15	1.920291e+02	1.065975e+02	8.249869e+16
3845	5.472231e+15	1.836963e+02	1.013306e+02	4.373795e+16
3846	5.472465e+15	1.924398e+02	1.073885e+02	4.597720e+16
3847	5.472689e+15	1.883136e+02	1.048806e+02	4.384728e+16
3848	5.472910e+15	1.891015e+02	1.042473e+02	4.579544e+16
3849	5.473129e+15	1.926088e+02	1.070185e+02	6.832377e+16
3850	5.473344e+15	1.740555e+02	1.012852e+02	5.373097e+16
3851	5.473567e+15	1.906821e+02	1.098539e+02	5.779070e+16
3852	5.473783e+15	1.784284e+02	1.025992e+02	4.290817e+16
3853	5.474006e+15	1.809819e+02	1.045389e+02	5.506925e+16
3854	5.474233e+15	1.885114e+02	1.098494e+02	5.576314e+16
3855	5.474456e+15	1.895984e+02	1.022878e+02	6.405699e+16
3856	5.474684e+15	1.864043e+02	1.023704e+02	7.127851e+16
3857	5.474918e+15	1.826286e+02	1.010457e+02	5.261311e+16
3858	5.475162e+15	1.983324e+02	1.134584e+02	6.796115e+16
3859	5.475398e+15	1.828560e+02	1.067059e+02	4.501159e+16
3860	5.475641e+15	1.873480e+02	1.089206e+02	5.109422e+16
3861	5.475885e+15	2.056289e+02	1.194436e+02	3.891333e+16
3862	5.476115e+15	1.870463e+02	1.093456e+02	4.216071e+16
3863	5.476348e+15	1.973584e+02	1.157130e+02	4.756106e+16
3864	5.476573e+15	1.859222e+02	1.091281e+02	5.140404e+16
3865	5.476802e+15	1.899234e+02	1.153267e+02	4.473496e+16
3866	5.477024e+15	1.898318e+02	1.143118e+02	5.699649e+16
3867	5.477241e+15	1.800950e+02	1.088206e+02	4.333488e+16
3868	5.477461e+15	1.880548e+02	1.129873e+02	5.767138e+16
3869	5.477677e+15	1.886559e+02	1.119764e+02	3.613224e+16
3870	5.477890e+15	1.887037e+02	1.101862e+02	4.294176e+16
3871	5.478104e+15	1.973767e+02	1.128694e+02	5.265096e+16
3872	5.478312e+15	1.813329e+02	1.054075e+02	3.747694e+16
3873	5.478526e+15	1.900877e+02	1.100616e+02	5.325039e+16
3874	5.478738e+15	1.880302e+02	1.067254e+02	6.025143e+16
3875	5.478949e+15	1.786126e+02	1.035595e+02	4.886227e+16
3876	5.479166e+15	1.855523e+02	1.090046e+02	8.247084e+16
3877	5.479383e+15	1.867480e+02	1.063270e+02	3.791510e+16
3878	5.479602e+15	1.816330e+02	1.056544e+02	6.579704e+16
3879	5.479826e+15	1.805960e+02	1.061892e+02	4.699803e+16
3880	5.480053e+15	1.814501e+02	1.051346e+02	4.560523e+16
3881	5.480284e+15	1.776707e+02	1.020687e+02	3.807667e+16
3882	5.480523e+15	1.852459e+02	1.061862e+02	5.151070e+16
3883	5.480761e+15	1.847340e+02	1.064070e+02	4.423655e+16
3884	5.480998e+15	1.917538e+02	1.091064e+02	3.940837e+16
3885	5.481229e+15	1.962715e+02	1.085494e+02	5.663477e+16
3886	5.481453e+15	1.901088e+02	1.013158e+02	4.797349e+16
3887	5.481678e+15	1.887705e+02	1.041264e+02	4.878458e+16
3888	5.481900e+15	1.897333e+02	1.076978e+02	2.344275e+16
3889	5.482114e+15	1.816697e+02	1.037614e+02	5.605605e+16
3890	5.482326e+15	1.867575e+02	1.086234e+02	5.433574e+16
3891	5.482530e+15	1.774298e+02	1.029594e+02	4.877991e+16
3892	5.482733e+15	1.759580e+02	1.025633e+02	4.394727e+16
3893	5.482935e+15	1.703217e+02	9.951523e+01	2.655379e+16
3894	5.483139e+15	1.782580e+02	1.008907e+02	3.248212e+16
3895	5.483343e+15	1.781801e+02	1.014665e+02	5.360302e+16
3896	5.483545e+15	1.773050e+02	9.845040e+01	2.712414e+16
3897	5.483750e+15	1.810204e+02	1.006194e+02	3.514904e+16
3898	5.483955e+15	1.757391e+02	9.826630e+01	4.934152e+16
3899	5.484163e+15	1.798913e+02	9.954754e+01	5.061759e+16
3900	5.484373e+15	1.780576e+02	1.001084e+02	4.666844e+16
3901	5.484583e+15	1.713933e+02	9.498897e+01	4.317231e+16
3902	5.484801e+15	1.803488e+02	9.852684e+01	4.107063e+16
3903	5.485018e+15	1.756373e+02	9.516474e+01	5.004328e+16
3904	5.485238e+15	1.724385e+02	9.236596e+01	6.708826e+16
3905	5.485459e+15	1.713676e+02	9.211063e+01	4.847221e+16
3906	5.485680e+15	1.706659e+02	8.973133e+01	5.154720e+16
3907	5.485907e+15	1.912363e+02	9.712702e+01	4.881005e+16
3908	5.486123e+15	1.696239e+02	8.608713e+01	4.709315e+16
3909	5.486351e+15	1.922937e+02	9.847484e+01	4.800719e+16
3910	5.486569e+15	1.731130e+02	8.970260e+01	5.102303e+16
3911	5.486795e+15	1.709607e+02	8.955313e+01	6.036512e+16
3912	5.487030e+15	1.813187e+02	9.360302e+01	5.797502e+16
3913	5.487259e+15	1.725126e+02	9.030487e+01	2.843937e+16
3914	5.487494e+15	1.797002e+02	9.462590e+01	3.108433e+16
3915	5.487728e+15	1.870944e+02	9.709203e+01	3.696837e+16
3916	5.487961e+15	1.917817e+02	9.800490e+01	5.783324e+16
3917	5.488186e+15	1.885616e+02	9.640431e+01	5.257814e+16
3918	5.488408e+15	1.872307e+02	9.561006e+01	5.036193e+16
3919	5.488630e+15	1.857254e+02	9.673739e+01	3.550740e+16
3920	5.488851e+15	1.848752e+02	9.573598e+01	4.258871e+16
3921	5.489068e+15	1.855585e+02	9.769615e+01	5.280404e+16
3922	5.489283e+15	1.835077e+02	9.478500e+01	5.999743e+16
3923	5.489498e+15	1.868012e+02	9.695221e+01	6.475043e+16
3924	5.489710e+15	1.756111e+02	9.248343e+01	4.383620e+16
3925	5.489924e+15	1.683877e+02	9.406715e+01	3.909389e+16
3926	5.490142e+15	1.773895e+02	1.020003e+02	4.231642e+16
3927	5.490352e+15	1.570251e+02	9.270053e+01	5.383369e+16
3928	5.490577e+15	1.757580e+02	1.061382e+02	6.174423e+16
3929	5.490792e+15	1.530654e+02	9.177347e+01	2.471080e+16
3930	5.491020e+15	1.625455e+02	1.003298e+02	8.344815e+15
3931	5.491243e+15	1.648667e+02	1.008190e+02	4.603203e+16
3932	5.491463e+15	1.528168e+02	9.473441e+01	3.806374e+16
3933	5.491693e+15	1.638680e+02	1.045017e+02	6.198130e+16
3934	5.491916e+15	1.571044e+02	1.006050e+02	2.796110e+16
3935	5.492141e+15	1.614995e+02	1.062497e+02	4.817591e+16
3936	5.492359e+15	1.631821e+02	1.026401e+02	3.209956e+16
3937	5.492574e+15	1.551752e+02	9.913534e+01	4.185983e+16
3938	5.492793e+15	1.561764e+02	1.010238e+02	6.128786e+16
3939	5.493011e+15	1.548772e+02	1.001306e+02	3.546660e+16
3940	5.493231e+15	1.536102e+02	9.955788e+01	5.330164e+16
3941	5.493453e+15	1.564676e+02	9.886674e+01	3.335306e+16
3942	5.493677e+15	1.515983e+02	9.737261e+01	4.407785e+16
3943	5.493906e+15	1.574638e+02	1.014230e+02	4.522775e+16
3944	5.494132e+15	1.565966e+02	9.935623e+01	2.216865e+16
3945	5.494361e+15	1.509155e+02	9.704832e+01	4.474717e+16
3946	5.494596e+15	1.493535e+02	9.789374e+01	3.301523e+16
3947	5.494836e+15	1.565709e+02	1.028666e+02	6.024952e+16
3948	5.495070e+15	1.571983e+02	9.997685e+01	7.570358e+16
3949	5.495304e+15	1.559552e+02	9.988447e+01	5.175279e+16
3950	5.495538e+15	1.623033e+02	1.027194e+02	5.183153e+16
3951	5.495765e+15	1.497586e+02	9.673757e+01	4.513420e+16
3952	5.495996e+15	1.575590e+02	1.003605e+02	3.928001e+16
3953	5.496224e+15	1.549404e+02	9.862774e+01	2.991550e+16
3954	5.496449e+15	1.622351e+02	1.016577e+02	4.776793e+16
3955	5.496667e+15	1.595220e+02	9.949458e+01	3.924691e+16
3956	5.496883e+15	1.635294e+02	9.909693e+01	2.198589e+16
3957	5.497099e+15	1.672686e+02	9.973738e+01	2.221751e+16
3958	5.497311e+15	1.591069e+02	9.590964e+01	6.347535e+16
3959	5.497528e+15	1.670418e+02	9.764062e+01	3.746561e+16
3960	5.497741e+15	1.624326e+02	9.411904e+01	4.395650e+16
3961	5.497958e+15	1.634245e+02	9.486571e+01	2.744794e+16
3962	5.498175e+15	1.610000e+02	9.532638e+01	3.621559e+16
3963	5.498391e+15	1.538030e+02	9.174110e+01	4.250931e+16
3964	5.498614e+15	1.521863e+02	9.383610e+01	4.345664e+16
3965	5.498842e+15	1.581867e+02	9.714497e+01	5.179477e+16
3966	5.499067e+15	1.430617e+02	8.796469e+01	4.931715e+16
3967	5.499308e+15	1.564930e+02	9.515097e+01	3.923859e+16
3968	5.499548e+15	1.540203e+02	9.296802e+01	5.129167e+16
3969	5.499793e+15	1.494899e+02	9.100774e+01	4.192651e+16
3970	5.500044e+15	1.580064e+02	9.458892e+01	4.732239e+16
3971	5.500294e+15	1.634370e+02	9.544315e+01	3.676334e+16
3972	5.500537e+15	1.587111e+02	9.213934e+01	5.474358e+16
3973	5.500783e+15	1.655007e+02	9.496377e+01	4.522356e+16
3974	5.501026e+15	1.687238e+02	9.456650e+01	4.517361e+16
3975	5.501265e+15	1.697580e+02	9.317192e+01	4.437447e+16
3976	5.501502e+15	1.753462e+02	9.390228e+01	2.404557e+16
3977	5.501732e+15	1.769942e+02	9.341159e+01	5.357032e+16
3978	5.501957e+15	1.800196e+02	9.531866e+01	4.380173e+16
3979	5.502177e+15	1.768765e+02	9.448404e+01	4.648761e+16
3980	5.502390e+15	1.726914e+02	9.271594e+01	4.364236e+16
3981	5.502603e+15	1.746154e+02	9.436751e+01	5.030118e+16
3982	5.502811e+15	1.638279e+02	8.830063e+01	3.069267e+16
3983	5.503026e+15	1.783797e+02	9.675750e+01	3.763788e+16
3984	5.503234e+15	1.594365e+02	8.787941e+01	2.673937e+16
3985	5.503449e+15	1.711793e+02	9.288660e+01	2.453890e+16
3986	5.503664e+15	1.795828e+02	9.278056e+01	3.471390e+16
3987	5.503878e+15	1.771043e+02	9.160549e+01	4.424901e+16
3988	5.504093e+15	1.838961e+02	9.385607e+01	5.004568e+16
3989	5.504305e+15	1.757814e+02	9.087725e+01	3.285445e+16
3990	5.504517e+15	1.842157e+02	9.500608e+01	3.089578e+16
3991	5.504726e+15	1.749592e+02	9.073988e+01	2.510534e+16
3992	5.504938e+15	1.850671e+02	9.557129e+01	6.159141e+16
3993	5.505144e+15	1.612320e+02	8.359004e+01	5.274489e+16
3994	5.505365e+15	1.773981e+02	9.065172e+01	4.449838e+16
3995	5.505588e+15	1.818782e+02	9.185356e+01	5.616249e+16
3996	5.505813e+15	1.697046e+02	8.827144e+01	5.313526e+16
3997	5.506044e+15	1.915845e+02	1.002580e+02	4.620862e+16
3998	5.506260e+15	1.702459e+02	8.977880e+01	3.030704e+16
3999	5.506484e+15	1.803407e+02	9.408382e+01	3.548952e+16
4000	5.506706e+15	1.817226e+02	9.323266e+01	4.261772e+16
4001	5.506927e+15	1.785569e+02	9.168443e+01	4.193918e+16
4002	5.507148e+15	1.733638e+02	9.001156e+01	5.340459e+16
4003	5.507374e+15	1.815722e+02	9.395004e+01	3.380818e+16
4004	5.507595e+15	1.771102e+02	9.399145e+01	4.439632e+16
4005	5.507811e+15	1.722714e+02	9.336757e+01	4.580027e+16
4006	5.508027e+15	1.750721e+02	9.517304e+01	4.510259e+16
4007	5.508241e+15	1.736905e+02	9.342380e+01	5.940349e+16
4008	5.508456e+15	1.690817e+02	9.407165e+01	5.994753e+16
4009	5.508669e+15	1.676542e+02	9.503472e+01	3.223713e+16
4010	5.508880e+15	1.619222e+02	8.872983e+01	3.285444e+16
4011	5.509099e+15	1.632925e+02	9.361432e+01	2.867009e+16
4012	5.509317e+15	1.633430e+02	9.269797e+01	3.385066e+16
4013	5.509538e+15	1.629475e+02	9.059071e+01	3.579079e+16
4014	5.509761e+15	1.557580e+02	8.778358e+01	6.162395e+16
4015	5.509991e+15	1.674237e+02	9.317592e+01	2.586264e+16
4016	5.510214e+15	1.564080e+02	8.566839e+01	5.346216e+16
4017	5.510444e+15	1.592183e+02	8.566945e+01	5.854768e+16
4018	5.510674e+15	1.626672e+02	8.945200e+01	3.795633e+16
4019	5.510896e+15	1.533948e+02	8.535159e+01	5.027447e+16
4020	5.511118e+15	1.606794e+02	8.899254e+01	3.275068e+16
4021	5.511334e+15	1.569121e+02	8.710283e+01	2.393451e+16
4022	5.511549e+15	1.491079e+02	8.615500e+01	3.371348e+16
4023	5.511768e+15	1.449062e+02	8.645133e+01	4.241284e+16
4024	5.511990e+15	1.494497e+02	8.994566e+01	4.702453e+16
4025	5.512210e+15	1.440877e+02	8.918332e+01	4.849096e+16
4026	5.512432e+15	1.394577e+02	8.972362e+01	2.877090e+16
4027	5.512657e+15	1.281986e+02	8.444921e+01	3.876660e+16
4028	5.512898e+15	1.414691e+02	9.703984e+01	4.797917e+16
4029	5.513131e+15	1.391740e+02	9.190545e+01	3.712927e+16
4030	5.513367e+15	1.541709e+02	9.914134e+01	4.292871e+16
4031	5.513589e+15	1.457726e+02	9.269002e+01	2.824909e+16
4032	5.513810e+15	1.459286e+02	9.309232e+01	1.780151e+16
4033	5.514031e+15	1.432978e+02	9.453083e+01	1.232524e+16
4034	5.514249e+15	1.382545e+02	9.342527e+01	2.300144e+16
4035	5.514466e+15	1.417711e+02	9.610871e+01	3.553757e+16
4036	5.514681e+15	1.278929e+02	8.963788e+01	2.942248e+16
4037	5.514907e+15	1.283497e+02	9.566501e+01	3.295035e+16
4038	5.515137e+15	1.305931e+02	9.829179e+01	3.974382e+16
4039	5.515365e+15	1.300747e+02	9.807680e+01	3.269833e+16
4040	5.515593e+15	1.302634e+02	9.996556e+01	3.674045e+16
4041	5.515822e+15	1.305053e+02	1.013417e+02	4.004471e+16
4042	5.516048e+15	1.287562e+02	1.001822e+02	4.624356e+16
4043	5.516276e+15	1.349406e+02	9.887974e+01	6.461718e+16
4044	5.516506e+15	1.424232e+02	1.032999e+02	3.237199e+16
4045	5.516730e+15	1.416833e+02	1.040664e+02	2.384873e+16
4046	5.516950e+15	1.495302e+02	1.058155e+02	4.172167e+16
4047	5.517165e+15	1.484957e+02	1.001961e+02	3.086766e+16
4048	5.517381e+15	1.549004e+02	1.031996e+02	4.452929e+16
4049	5.517593e+15	1.565222e+02	1.029102e+02	4.757794e+16
4050	5.517800e+15	1.550597e+02	1.002811e+02	3.366951e+16
4051	5.518007e+15	1.549716e+02	1.008469e+02	3.906963e+16
4052	5.518213e+15	1.504436e+02	9.606881e+01	2.861930e+16
4053	5.518423e+15	1.588763e+02	1.027079e+02	4.940929e+16
4054	5.518629e+15	1.504552e+02	9.642308e+01	3.137444e+16
4055	5.518839e+15	1.561778e+02	1.008140e+02	3.058216e+16
4056	5.519046e+15	1.511890e+02	9.443287e+01	4.843044e+16
4057	5.519258e+15	1.543838e+02	9.674102e+01	3.381562e+16
4058	5.519470e+15	1.567863e+02	1.002077e+02	2.900674e+16
4059	5.519679e+15	1.462402e+02	9.273765e+01	4.033928e+16
4060	5.519897e+15	1.575831e+02	9.798592e+01	2.839397e+16
4061	5.520113e+15	1.396246e+02	8.649333e+01	3.745115e+16
4062	5.520349e+15	1.568876e+02	1.002880e+02	5.176772e+16
4063	5.520577e+15	1.590634e+02	9.765168e+01	3.534911e+16
4064	5.520800e+15	1.591845e+02	9.426543e+01	2.744182e+16
4065	5.521024e+15	1.548155e+02	9.029628e+01	4.893618e+16
4066	5.521256e+15	1.567932e+02	9.488663e+01	5.301400e+16
4067	5.521488e+15	1.698872e+02	9.876544e+01	3.892588e+16
4068	5.521709e+15	1.527304e+02	8.831752e+01	2.290199e+16
4069	5.521940e+15	1.721552e+02	9.943455e+01	3.379157e+16
4070	5.522158e+15	1.399995e+02	8.118640e+01	5.015683e+16
4071	5.522396e+15	1.699718e+02	9.827485e+01	3.884415e+16
4072	5.522623e+15	1.700923e+02	9.638461e+01	2.526079e+16
4073	5.522846e+15	1.612715e+02	9.247463e+01	3.281893e+16
4074	5.523072e+15	1.684637e+02	9.778699e+01	3.723115e+16
4075	5.523290e+15	1.567304e+02	8.963676e+01	3.954056e+16
4076	5.523517e+15	1.661024e+02	9.341216e+01	4.096222e+16
4077	5.523743e+15	1.689129e+02	9.423964e+01	5.005648e+16
4078	5.523964e+15	1.646821e+02	9.108347e+01	4.370789e+16
4079	5.524185e+15	1.754067e+02	9.354287e+01	3.833054e+16
4080	5.524404e+15	1.753687e+02	9.129293e+01	3.073962e+16
4081	5.524622e+15	1.655505e+02	8.706058e+01	2.776997e+16
4082	5.524851e+15	1.774398e+02	9.221372e+01	3.270805e+16
4083	5.525079e+15	1.841976e+02	9.380980e+01	4.805787e+16
4084	5.525299e+15	1.794965e+02	9.030646e+01	2.908296e+16
4085	5.525520e+15	1.834078e+02	9.394745e+01	1.762339e+16
4086	5.525736e+15	1.767106e+02	9.292562e+01	4.914665e+16
4087	5.525947e+15	1.672720e+02	8.999031e+01	2.853699e+16
4088	5.526161e+15	1.679981e+02	9.038289e+01	3.825858e+16
4089	5.526374e+15	1.731886e+02	9.291788e+01	3.699660e+16
4090	5.526583e+15	1.709442e+02	9.001050e+01	3.552912e+16
4091	5.526791e+15	1.701526e+02	8.957762e+01	2.496081e+16
4092	5.527000e+15	1.744250e+02	8.883491e+01	2.705076e+16
4093	5.527208e+15	1.768862e+02	8.874949e+01	4.131212e+16
4094	5.527417e+15	1.695721e+02	8.628719e+01	3.592361e+16
4095	5.527629e+15	1.761674e+02	9.113257e+01	3.148189e+16
4096	5.527836e+15	1.608922e+02	8.660455e+01	3.239981e+16
4097	5.528048e+15	1.625545e+02	8.738173e+01	4.499749e+16
4098	5.528262e+15	1.726038e+02	9.381148e+01	2.469459e+16
4099	5.528468e+15	1.595396e+02	8.775922e+01	3.281324e+16
4100	5.528680e+15	1.476439e+02	8.322761e+01	3.113598e+16
4101	5.528906e+15	1.638755e+02	9.246832e+01	5.701756e+16
4102	5.529125e+15	1.605398e+02	8.753563e+01	2.637774e+16
4103	5.529348e+15	1.619738e+02	8.886916e+01	3.637349e+16
4104	5.529571e+15	1.659212e+02	8.909840e+01	2.452548e+16
4105	5.529792e+15	1.595581e+02	8.601704e+01	5.978619e+16
4106	5.530017e+15	1.541592e+02	8.887506e+01	3.671006e+16
4107	5.530242e+15	1.599511e+02	9.395576e+01	2.923806e+16
4108	5.530460e+15	1.540063e+02	9.248107e+01	3.715947e+16
4109	5.530674e+15	1.475702e+02	9.001207e+01	3.707486e+16
4110	5.530890e+15	1.427827e+02	8.493426e+01	4.713510e+16
4111	5.531111e+15	1.457514e+02	8.747714e+01	4.057048e+16
4112	5.531333e+15	1.507500e+02	9.135636e+01	4.806994e+16
4113	5.531550e+15	1.406869e+02	8.655097e+01	2.558920e+16
4114	5.531769e+15	1.517392e+02	9.344789e+01	3.758513e+16
4115	5.531977e+15	1.374413e+02	8.453248e+01	3.709746e+16
4116	5.532194e+15	1.520900e+02	9.420268e+01	1.982130e+16
4117	5.532402e+15	1.387296e+02	8.576899e+01	3.277814e+16
4118	5.532617e+15	1.514274e+02	9.402043e+01	3.644870e+16
4119	5.532824e+15	1.508370e+02	9.296330e+01	2.515926e+16
4120	5.533025e+15	1.436030e+02	8.613435e+01	3.408747e+16
4121	5.533230e+15	1.501267e+02	9.102097e+01	3.785789e+16
4122	5.533428e+15	1.476369e+02	8.433019e+01	2.573854e+16
4123	5.533630e+15	1.470919e+02	8.603576e+01	1.477167e+16
4124	5.533836e+15	1.393986e+02	8.702306e+01	2.912245e+16
4125	5.534045e+15	1.399885e+02	8.909674e+01	3.315428e+16
4126	5.534253e+15	1.389830e+02	8.814367e+01	3.230111e+16
4127	5.534463e+15	1.381039e+02	8.866528e+01	4.383769e+16
4128	5.534675e+15	1.381223e+02	8.736711e+01	4.508609e+16
4129	5.534890e+15	1.386358e+02	8.606343e+01	2.597978e+16
4130	5.535108e+15	1.372497e+02	8.200507e+01	6.478596e+16
4131	5.535332e+15	1.322482e+02	7.836422e+01	4.391597e+16
4132	5.535567e+15	1.461999e+02	8.907469e+01	4.489989e+16
4133	5.535797e+15	1.464290e+02	8.548238e+01	4.046648e+16
4134	5.536026e+15	1.527468e+02	8.810429e+01	3.403657e+16
4135	5.536251e+15	1.558391e+02	8.853815e+01	1.749889e+16
4136	5.536470e+15	1.457847e+02	8.614615e+01	2.556310e+16
4137	5.536690e+15	1.570438e+02	9.271363e+01	2.658744e+16
4138	5.536899e+15	1.501095e+02	8.738750e+01	1.592050e+16
4139	5.537108e+15	1.489501e+02	8.743636e+01	1.823192e+16
4140	5.537318e+15	1.508026e+02	8.878429e+01	2.593791e+16
4141	5.537527e+15	1.420333e+02	8.392560e+01	2.326006e+16
4142	5.537740e+15	1.452465e+02	8.653614e+01	5.266041e+16
4143	5.537951e+15	1.433424e+02	8.309829e+01	3.350910e+16
4144	5.538167e+15	1.463945e+02	8.477826e+01	2.673827e+16
4145	5.538383e+15	1.469709e+02	8.502562e+01	3.431164e+16
4146	5.538598e+15	1.424507e+02	7.910877e+01	3.035123e+16
4147	5.538816e+15	1.423111e+02	8.049921e+01	3.468228e+16
4148	5.539035e+15	1.333090e+02	7.785988e+01	2.928788e+16
4149	5.539259e+15	1.369294e+02	8.192345e+01	2.902020e+16
4150	5.539481e+15	1.375869e+02	8.185962e+01	3.497982e+16
4151	5.539702e+15	1.337483e+02	7.869606e+01	3.687774e+16
4152	5.539930e+15	1.343031e+02	7.855118e+01	2.920971e+16
4153	5.540161e+15	1.320262e+02	7.823106e+01	4.542459e+16
4154	5.540396e+15	1.309539e+02	7.455403e+01	4.596215e+16
4155	5.540641e+15	1.401946e+02	7.955649e+01	3.812515e+16
4156	5.540883e+15	1.327511e+02	7.390717e+01	3.032902e+16
4157	5.541136e+15	1.457188e+02	8.121089e+01	3.103181e+16
4158	5.541377e+15	1.433473e+02	7.745166e+01	4.528173e+16
4159	5.541618e+15	1.390658e+02	7.811473e+01	3.698763e+16
4160	5.541858e+15	1.368643e+02	7.733275e+01	2.712845e+16
4161	5.542098e+15	1.375303e+02	8.058408e+01	2.975099e+16
4162	5.542333e+15	1.331266e+02	7.685250e+01	3.056973e+16
4163	5.542571e+15	1.343996e+02	7.927563e+01	2.822244e+16
4164	5.542803e+15	1.347150e+02	8.058165e+01	3.155517e+16
4165	5.543031e+15	1.309579e+02	7.917564e+01	3.792829e+16
4166	5.543260e+15	1.368322e+02	8.072162e+01	2.383542e+16
4167	5.543486e+15	1.468781e+02	8.423069e+01	2.698671e+16
4168	5.543704e+15	1.379469e+02	7.862104e+01	3.567270e+16
4169	5.543926e+15	1.412389e+02	7.965549e+01	3.974315e+16
4170	5.544151e+15	1.446694e+02	8.099443e+01	2.767649e+16
4171	5.544374e+15	1.360732e+02	7.686697e+01	3.242186e+16
4172	5.544603e+15	1.427325e+02	8.079403e+01	3.417902e+16
4173	5.544830e+15	1.379162e+02	7.732429e+01	3.371426e+16
4174	5.545062e+15	1.403014e+02	7.816046e+01	3.223829e+16
4175	5.545295e+15	1.464320e+02	7.997187e+01	3.486975e+16
4176	5.545525e+15	1.413109e+02	7.770642e+01	3.698708e+16
4177	5.545757e+15	1.466862e+02	8.088672e+01	2.467508e+16
4178	5.545987e+15	1.443928e+02	8.067746e+01	2.624910e+16
4179	5.546214e+15	1.413071e+02	8.060554e+01	5.055343e+16
4180	5.546441e+15	1.404511e+02	7.877299e+01	3.922640e+16
4181	5.546673e+15	1.433297e+02	7.878633e+01	3.893089e+16
4182	5.546906e+15	1.426394e+02	7.975781e+01	5.377307e+16
4183	5.547139e+15	1.369685e+02	7.826835e+01	3.813637e+16
4184	5.547376e+15	1.377897e+02	7.883198e+01	2.423991e+16
4185	5.547617e+15	1.381268e+02	8.074850e+01	4.286173e+16
4186	5.547858e+15	1.361656e+02	7.951258e+01	5.235988e+16
4187	5.548104e+15	1.452490e+02	8.502948e+01	2.730860e+16
4188	5.548344e+15	1.431448e+02	8.289797e+01	4.342019e+16
4189	5.548582e+15	1.424603e+02	8.333929e+01	4.935941e+16
4190	5.548819e+15	1.428864e+02	8.367967e+01	3.943095e+16
4191	5.549055e+15	1.426956e+02	8.274746e+01	5.390072e+16
4192	5.549289e+15	1.371983e+02	7.906262e+01	3.445407e+16
4193	5.549527e+15	1.410542e+02	8.281180e+01	3.260438e+16
4194	5.549760e+15	1.329888e+02	8.019262e+01	6.280696e+16
4195	5.549996e+15	1.288076e+02	7.948950e+01	4.109825e+16
4196	5.550238e+15	1.377412e+02	8.604963e+01	3.948193e+16
4197	5.550469e+15	1.326788e+02	7.938045e+01	3.299462e+16
4198	5.550708e+15	1.450208e+02	8.646563e+01	3.343745e+16
4199	5.550937e+15	1.301305e+02	7.798070e+01	3.142334e+16
4200	5.551177e+15	1.480402e+02	8.853450e+01	6.172906e+16
4201	5.551405e+15	1.387410e+02	8.039427e+01	3.407474e+16
4202	5.551635e+15	1.448153e+02	8.259474e+01	5.325029e+16
4203	5.551866e+15	1.458058e+02	8.384591e+01	4.501179e+16
4204	5.552093e+15	1.422428e+02	8.296905e+01	2.650858e+16
4205	5.552320e+15	1.405179e+02	8.319423e+01	6.186851e+16
4206	5.552549e+15	1.428385e+02	8.528157e+01	4.432027e+16
4207	5.552778e+15	1.488842e+02	8.702257e+01	2.929273e+16
4208	5.552999e+15	1.499921e+02	8.277422e+01	4.830002e+16
4209	5.553219e+15	1.477490e+02	8.049445e+01	3.834804e+16
4210	5.553441e+15	1.501267e+02	8.239547e+01	1.935996e+16
4211	5.553663e+15	1.456348e+02	8.100337e+01	3.377819e+16
4212	5.553888e+15	1.430530e+02	8.076394e+01	2.503038e+16
4213	5.554114e+15	1.475232e+02	8.108840e+01	3.928690e+16
4214	5.554340e+15	1.300553e+02	7.103609e+01	3.696621e+16
4215	5.554582e+15	1.426438e+02	7.802461e+01	3.812040e+16
4216	5.554821e+15	1.433421e+02	7.968883e+01	2.180035e+16
4217	5.555055e+15	1.340818e+02	7.711400e+01	4.274183e+16
4218	5.555292e+15	1.351876e+02	8.206952e+01	4.597554e+16
4219	5.555523e+15	1.268034e+02	7.926095e+01	2.153553e+16
4220	5.555752e+15	1.197345e+02	8.052227e+01	4.016223e+16
4221	5.555977e+15	1.031675e+02	7.292492e+01	3.229339e+16
4222	5.556220e+15	1.142304e+02	8.244099e+01	5.635423e+16
4223	5.556459e+15	1.157387e+02	8.676269e+01	4.178203e+16
4224	5.556689e+15	1.064674e+02	8.314920e+01	4.710767e+16
4225	5.556923e+15	1.080544e+02	8.603834e+01	2.778947e+16
4226	5.557157e+15	1.100412e+02	8.819636e+01	3.519815e+16
4227	5.557389e+15	1.139132e+02	9.004419e+01	2.995961e+16
4228	5.557618e+15	1.161039e+02	9.219873e+01	1.990988e+16
4229	5.557842e+15	1.061154e+02	8.524848e+01	3.169261e+16
4230	5.558077e+15	1.158192e+02	8.902922e+01	2.935512e+16
4231	5.558315e+15	1.172725e+02	8.995104e+01	4.453169e+16
4232	5.558557e+15	1.255748e+02	9.497989e+01	5.279905e+16
4233	5.558792e+15	1.297704e+02	9.511334e+01	4.018014e+16
4234	5.559024e+15	1.322768e+02	9.349218e+01	4.661967e+16
4235	5.559252e+15	1.332582e+02	9.192584e+01	3.693911e+16
4236	5.559482e+15	1.406935e+02	9.597846e+01	4.056203e+16
4237	5.559705e+15	1.424254e+02	9.410532e+01	2.660645e+16
4238	5.559929e+15	1.390583e+02	9.328650e+01	3.529831e+16
4239	5.560152e+15	1.379672e+02	9.233698e+01	4.753768e+16
4240	5.560375e+15	1.384883e+02	9.160235e+01	4.403590e+16
4241	5.560596e+15	1.462227e+02	9.554388e+01	2.856983e+16
4242	5.560808e+15	1.365755e+02	8.692123e+01	5.190103e+16
4243	5.561027e+15	1.483375e+02	9.026326e+01	3.012807e+16
4244	5.561244e+15	1.361398e+02	8.115627e+01	3.787078e+16
4245	5.561470e+15	1.399816e+02	8.644138e+01	3.079366e+16
4246	5.561699e+15	1.464295e+02	9.009492e+01	3.273576e+16
4247	5.561922e+15	1.322564e+02	7.800387e+01	2.688402e+16
4248	5.562162e+15	1.430999e+02	8.427954e+01	2.432963e+16
4249	5.562405e+15	1.432915e+02	8.221866e+01	2.458740e+16
4250	5.562653e+15	1.457086e+02	8.134695e+01	2.916612e+16
4251	5.562908e+15	1.565782e+02	8.579638e+01	4.874612e+16
4252	5.563162e+15	1.613968e+02	8.743621e+01	3.276718e+16
4253	5.563410e+15	1.582875e+02	8.510500e+01	5.407522e+16
4254	5.563659e+15	1.638542e+02	8.604886e+01	4.096880e+16
4255	5.563906e+15	1.653668e+02	8.528257e+01	4.113954e+16
4256	5.564150e+15	1.678665e+02	8.350637e+01	3.959877e+16
4257	5.564395e+15	1.780546e+02	8.596940e+01	5.865143e+16
4258	5.564631e+15	1.659148e+02	8.219026e+01	4.175860e+16
4259	5.564871e+15	1.733507e+02	8.528169e+01	4.195769e+16
4260	5.565109e+15	1.694149e+02	8.322934e+01	4.403078e+16
4261	5.565349e+15	1.757384e+02	8.557890e+01	3.476285e+16
4262	5.565584e+15	1.659593e+02	7.835861e+01	5.554481e+16
4263	5.565826e+15	1.702755e+02	7.893289e+01	5.165803e+16
4264	5.566070e+15	1.734630e+02	7.823488e+01	3.161046e+16
4265	5.566313e+15	1.739421e+02	7.721112e+01	3.673286e+16
4266	5.566556e+15	1.662203e+02	6.976427e+01	2.627051e+16
4267	5.566804e+15	1.678544e+02	7.039529e+01	3.324950e+16
4268	5.567055e+15	1.655781e+02	7.001346e+01	4.294926e+16
4269	5.567306e+15	1.698631e+02	7.167786e+01	4.366454e+16
4270	5.567554e+15	1.718952e+02	7.320676e+01	4.103706e+16
4271	5.567797e+15	1.688635e+02	7.249071e+01	4.821267e+16
4272	5.568038e+15	1.695343e+02	7.250389e+01	5.715482e+16
4273	5.568278e+15	1.681641e+02	7.211132e+01	2.548294e+16
4274	5.568519e+15	1.764323e+02	7.644282e+01	4.513969e+16
4275	5.568749e+15	1.630039e+02	7.167264e+01	3.942378e+16
4276	5.568983e+15	1.690875e+02	7.551177e+01	3.450310e+16
4277	5.569212e+15	1.664677e+02	7.339764e+01	4.417669e+16
4278	5.569441e+15	1.628139e+02	7.242222e+01	3.894900e+16
4279	5.569678e+15	1.674181e+02	7.635817e+01	4.568831e+16
4280	5.569913e+15	1.605502e+02	7.381604e+01	4.665815e+16
4281	5.570152e+15	1.570038e+02	7.259956e+01	4.718437e+16
4282	5.570393e+15	1.575327e+02	7.260249e+01	4.378115e+16
4283	5.570636e+15	1.561540e+02	7.261987e+01	4.890726e+16
4284	5.570880e+15	1.609022e+02	7.589523e+01	4.163752e+16
4285	5.571116e+15	1.490097e+02	7.284660e+01	3.546825e+16
4286	5.571355e+15	1.551555e+02	7.713711e+01	3.743431e+16
4287	5.571588e+15	1.419747e+02	7.036115e+01	4.394310e+16
4288	5.571827e+15	1.449513e+02	7.333576e+01	4.594990e+16
4289	5.572066e+15	1.446588e+02	7.369424e+01	3.180504e+16
4290	5.572303e+15	1.343342e+02	7.083127e+01	2.575485e+16
4291	5.572548e+15	1.442977e+02	7.681988e+01	3.472403e+16
4292	5.572787e+15	1.306764e+02	7.152410e+01	4.427983e+16
4293	5.573033e+15	1.391328e+02	7.820886e+01	3.532003e+16
4294	5.573268e+15	1.354685e+02	7.666311e+01	5.004351e+16
4295	5.573499e+15	1.258994e+02	7.264970e+01	2.911947e+16
4296	5.573734e+15	1.249267e+02	7.314390e+01	1.618077e+16
4297	5.573978e+15	1.346263e+02	7.629609e+01	4.870562e+16
4298	5.574221e+15	1.392888e+02	7.727360e+01	5.608324e+16
4299	5.574460e+15	1.409439e+02	7.860293e+01	3.029546e+16
4300	5.574695e+15	1.338504e+02	7.435488e+01	3.768506e+16
4301	5.574937e+15	1.399034e+02	7.687710e+01	4.352283e+16
4302	5.575177e+15	1.411362e+02	7.633796e+01	6.207682e+16
4303	5.575417e+15	1.450971e+02	7.480123e+01	3.570297e+16
4304	5.575657e+15	1.511463e+02	7.647732e+01	2.990675e+16
4305	5.575890e+15	1.565466e+02	7.421371e+01	3.558232e+16
4306	5.576118e+15	1.571804e+02	7.195953e+01	2.475831e+16
4307	5.576344e+15	1.468694e+02	6.855889e+01	3.732918e+16
4308	5.576575e+15	1.547397e+02	7.260313e+01	2.247115e+16
4309	5.576801e+15	1.506540e+02	7.117651e+01	2.694201e+16
4310	5.577027e+15	1.518951e+02	6.859567e+01	3.731865e+16
4311	5.577253e+15	1.538084e+02	6.809241e+01	1.602654e+16
4312	5.577478e+15	1.570029e+02	6.838210e+01	4.508692e+16
4313	5.577702e+15	1.580492e+02	6.540100e+01	3.280655e+16
4314	5.577926e+15	1.587405e+02	6.667436e+01	3.346976e+16
4315	5.578153e+15	1.642159e+02	6.806688e+01	2.604268e+16
4316	5.578375e+15	1.558484e+02	6.637220e+01	4.757487e+16
4317	5.578599e+15	1.593051e+02	6.865539e+01	2.287092e+16
4318	5.578820e+15	1.540906e+02	6.447884e+01	3.698667e+16
4319	5.579045e+15	1.598986e+02	6.527284e+01	3.039691e+16
4320	5.579268e+15	1.622176e+02	6.757921e+01	2.001541e+16
4321	5.579487e+15	1.456053e+02	6.247148e+01	1.917313e+16
4322	5.579715e+15	1.573307e+02	6.772064e+01	3.029480e+16
4323	5.579937e+15	1.441348e+02	6.188996e+01	2.572246e+16
4324	5.580166e+15	1.533614e+02	6.574467e+01	2.692284e+16
4325	5.580390e+15	1.486544e+02	6.438695e+01	3.544742e+16
4326	5.580617e+15	1.597152e+02	6.907159e+01	2.276224e+16
4327	5.580835e+15	1.500845e+02	6.485473e+01	2.043707e+16
4328	5.581055e+15	1.441509e+02	6.493907e+01	2.320210e+16
4329	5.581282e+15	1.478624e+02	6.838016e+01	3.269291e+16
4330	5.581506e+15	1.440757e+02	6.728477e+01	2.759285e+16
4331	5.581730e+15	1.447196e+02	6.329505e+01	2.229661e+16
4332	5.581953e+15	1.413014e+02	5.911097e+01	1.533687e+16
4333	5.582183e+15	1.504355e+02	6.214949e+01	1.825893e+16
4334	5.582404e+15	1.419355e+02	5.890568e+01	2.824983e+16
4335	5.582624e+15	1.444315e+02	5.978433e+01	8.633463e+15
4336	5.582841e+15	1.314489e+02	5.569736e+01	2.265372e+16
4337	5.583069e+15	1.393008e+02	6.064133e+01	4.575308e+16
4338	5.583295e+15	1.436697e+02	6.287453e+01	3.455934e+16
4339	5.583514e+15	1.271197e+02	5.698523e+01	1.958124e+16
4340	5.583749e+15	1.389046e+02	6.488944e+01	4.480106e+16
4341	5.583978e+15	1.209492e+02	5.834778e+01	4.292853e+16
4342	5.584225e+15	1.256285e+02	6.182381e+01	4.333075e+16
4343	5.584475e+15	1.309194e+02	6.750274e+01	3.209941e+16
4344	5.584717e+15	1.264231e+02	6.547881e+01	3.876940e+16
4345	5.584955e+15	1.395981e+02	7.032380e+01	3.048706e+16
4346	5.585179e+15	1.346364e+02	6.593580e+01	1.276484e+16
4347	5.585404e+15	1.404302e+02	6.773838e+01	4.839761e+16
4348	5.585623e+15	1.449484e+02	6.964263e+01	4.177477e+16
4349	5.585834e+15	1.351281e+02	6.488381e+01	2.455749e+16
4350	5.586049e+15	1.399750e+02	6.793505e+01	2.496364e+16
4351	5.586260e+15	1.266851e+02	6.203203e+01	3.119752e+16
4352	5.586480e+15	1.295692e+02	6.721546e+01	2.431982e+16
4353	5.586702e+15	1.356517e+02	7.056982e+01	5.376316e+16
4354	5.586920e+15	1.206049e+02	6.306278e+01	2.741092e+16
4355	5.587154e+15	1.259883e+02	6.747783e+01	4.010163e+16
4356	5.587392e+15	1.280221e+02	6.669640e+01	2.529569e+16
4357	5.587634e+15	1.243125e+02	6.312305e+01	2.611036e+16
4358	5.587888e+15	1.386571e+02	7.076702e+01	3.733320e+16
4359	5.588134e+15	1.328956e+02	6.733907e+01	6.804012e+16
4360	5.588382e+15	1.329558e+02	6.695734e+01	6.114936e+16
4361	5.588634e+15	1.407015e+02	7.218127e+01	2.030222e+16
4362	5.588873e+15	1.347935e+02	6.857230e+01	4.934332e+16
4363	5.589110e+15	1.388302e+02	7.078321e+01	4.755251e+16
4364	5.589341e+15	1.351883e+02	7.012058e+01	2.684159e+16
4365	5.589568e+15	1.331631e+02	7.075966e+01	1.534593e+16
4366	5.589791e+15	1.304369e+02	7.242593e+01	3.230560e+16
4367	5.590006e+15	1.199432e+02	6.875013e+01	3.538741e+16
4368	5.590226e+15	1.281862e+02	7.365806e+01	5.381352e+16
4369	5.590439e+15	1.169350e+02	6.673404e+01	2.099892e+16
4370	5.590661e+15	1.271926e+02	7.258279e+01	3.690538e+16
4371	5.590875e+15	1.212368e+02	7.113305e+01	3.668902e+16
4372	5.591088e+15	1.177834e+02	6.780579e+01	1.825194e+16
4373	5.591306e+15	1.175463e+02	6.965906e+01	2.467381e+16
4374	5.591527e+15	1.172858e+02	6.976522e+01	3.166465e+16
4375	5.591751e+15	1.084087e+02	6.611877e+01	2.957289e+16
4376	5.591988e+15	1.200277e+02	7.249538e+01	3.845709e+16
4377	5.592222e+15	1.264251e+02	7.365417e+01	4.399003e+16
4378	5.592451e+15	1.255073e+02	6.956418e+01	5.504095e+16
4379	5.592682e+15	1.315217e+02	7.087554e+01	2.450094e+16
4380	5.592907e+15	1.174693e+02	6.369606e+01	3.531419e+16
4381	5.593148e+15	1.379680e+02	7.399932e+01	2.553808e+16
4382	5.593378e+15	1.363731e+02	7.112745e+01	5.827965e+16
4383	5.593604e+15	1.335625e+02	6.863689e+01	4.533435e+16
4384	5.593833e+15	1.347713e+02	7.022455e+01	2.568335e+16
4385	5.594060e+15	1.347044e+02	7.188204e+01	3.374889e+16
4386	5.594286e+15	1.278982e+02	6.889647e+01	5.107294e+16
4387	5.594517e+15	1.357623e+02	7.207011e+01	2.482457e+16
4388	5.594746e+15	1.406065e+02	7.243927e+01	5.155032e+16
4389	5.594971e+15	1.455995e+02	7.343987e+01	1.447148e+16
4390	5.595188e+15	1.383930e+02	6.745688e+01	4.587974e+16
4391	5.595410e+15	1.499516e+02	7.154220e+01	4.992543e+16
4392	5.595621e+15	1.313041e+02	6.170163e+01	3.675524e+16
4393	5.595843e+15	1.393210e+02	6.534517e+01	2.405758e+16
4394	5.596065e+15	1.319794e+02	6.509003e+01	2.771723e+16
4395	5.596291e+15	1.253432e+02	6.627249e+01	4.299108e+16
4396	5.596519e+15	1.362462e+02	7.000040e+01	5.004024e+16
4397	5.596743e+15	1.279553e+02	6.239671e+01	3.112684e+16
4398	5.596975e+15	1.337816e+02	6.850935e+01	1.914635e+16
4399	5.597207e+15	1.362888e+02	7.025329e+01	4.935836e+16
4400	5.597435e+15	1.339438e+02	6.722343e+01	2.675249e+16
4401	5.597667e+15	1.350332e+02	6.980285e+01	5.282777e+16
4402	5.597901e+15	1.405548e+02	7.376588e+01	3.141216e+16
4403	5.598130e+15	1.330054e+02	7.165089e+01	4.598986e+16
4404	5.598366e+15	1.307728e+02	7.478310e+01	2.764794e+16
4405	5.598605e+15	1.347569e+02	7.607796e+01	5.521213e+16
4406	5.598839e+15	1.321188e+02	7.160484e+01	5.156239e+16
4407	5.599081e+15	1.414825e+02	7.671084e+01	3.477409e+16
4408	5.599322e+15	1.406907e+02	7.650374e+01	4.838766e+16
4409	5.599564e+15	1.459686e+02	7.837190e+01	5.467376e+16
4410	5.599799e+15	1.533195e+02	7.938611e+01	4.394843e+16
4411	5.600026e+15	1.468617e+02	7.767718e+01	2.296828e+16
4412	5.600249e+15	1.368987e+02	7.519632e+01	3.860591e+16
4413	5.600476e+15	1.385216e+02	7.834011e+01	3.980925e+16
4414	5.600699e+15	1.310440e+02	7.408247e+01	3.502590e+16
4415	5.600930e+15	1.377791e+02	7.869637e+01	4.710341e+16
4416	5.601158e+15	1.321138e+02	7.525378e+01	5.070116e+16
4417	5.601392e+15	1.398263e+02	7.822470e+01	3.640138e+16
4418	5.601625e+15	1.415278e+02	7.915695e+01	2.505876e+16
4419	5.601858e+15	1.454800e+02	7.577255e+01	4.034905e+16
4420	5.602093e+15	1.459588e+02	7.439316e+01	5.585646e+16
4421	5.602331e+15	1.518069e+02	7.683185e+01	4.910255e+16
4422	5.602563e+15	1.542894e+02	7.489775e+01	3.550705e+16
4423	5.602792e+15	1.538657e+02	7.405576e+01	4.093711e+16
4424	5.603018e+15	1.609627e+02	7.578076e+01	4.679046e+16
4425	5.603236e+15	1.471915e+02	6.774664e+01	5.379703e+16
4426	5.603460e+15	1.495781e+02	7.109591e+01	3.369675e+16
4427	5.603683e+15	1.438017e+02	7.278519e+01	3.384139e+16
4428	5.603905e+15	1.382119e+02	7.297280e+01	2.768264e+16
4429	5.604132e+15	1.428684e+02	7.623562e+01	3.550891e+16
4430	5.604354e+15	1.439662e+02	7.845458e+01	3.542318e+16
4431	5.604570e+15	1.246672e+02	6.887034e+01	3.507666e+16
4432	5.604804e+15	1.445398e+02	7.974820e+01	4.381565e+16
4433	5.605030e+15	1.311350e+02	7.464722e+01	4.745484e+16
4434	5.605264e+15	1.377592e+02	8.252238e+01	5.944061e+16
4435	5.605490e+15	1.293674e+02	7.941962e+01	5.012168e+16
4436	5.605719e+15	1.381559e+02	8.401808e+01	4.904810e+16
4437	5.605942e+15	1.316765e+02	8.037811e+01	4.477443e+16
4438	5.606167e+15	1.339913e+02	8.085837e+01	3.947901e+16
4439	5.606393e+15	1.373544e+02	8.054091e+01	6.746033e+16
4440	5.606617e+15	1.382401e+02	7.958550e+01	4.439261e+16
4441	5.606843e+15	1.508842e+02	8.328847e+01	5.769873e+16
4442	5.607060e+15	1.508750e+02	7.939279e+01	4.404683e+16
4443	5.607277e+15	1.560102e+02	8.097337e+01	5.396705e+16
4444	5.607489e+15	1.591459e+02	7.994171e+01	4.463883e+16
4445	5.607697e+15	1.633354e+02	7.917088e+01	4.441436e+16
4446	5.607902e+15	1.552519e+02	7.550550e+01	5.444815e+16
4447	5.608110e+15	1.685295e+02	7.954301e+01	5.757766e+16
4448	5.608312e+15	1.596660e+02	7.288741e+01	6.146919e+16
4449	5.608517e+15	1.517537e+02	6.802458e+01	1.876665e+16
4450	5.608734e+15	1.687395e+02	7.367745e+01	5.847941e+16
4451	5.608948e+15	1.660718e+02	6.980898e+01	4.050493e+16
4452	5.609163e+15	1.560906e+02	6.859733e+01	1.499809e+16
4453	5.609388e+15	1.746992e+02	7.815421e+01	3.395195e+16
4454	5.609601e+15	1.450217e+02	6.788347e+01	3.667961e+16
4455	5.609827e+15	1.554824e+02	7.790102e+01	3.061151e+16
4456	5.610042e+15	1.497494e+02	7.330427e+01	3.466907e+16
4457	5.610257e+15	1.474617e+02	7.019950e+01	3.621924e+16
4458	5.610478e+15	1.594771e+02	7.845213e+01	3.656897e+16
4459	5.610692e+15	1.501414e+02	7.505870e+01	4.383892e+16
4460	5.610910e+15	1.485954e+02	6.971964e+01	4.616255e+16
4461	5.611135e+15	1.531877e+02	7.184127e+01	3.784965e+16
4462	5.611360e+15	1.600610e+02	7.185697e+01	3.616729e+16
4463	5.611582e+15	1.630830e+02	6.864351e+01	2.606246e+16
4464	5.611803e+15	1.683937e+02	6.843015e+01	4.210515e+16
4465	5.612025e+15	1.621011e+02	6.636104e+01	3.178011e+16
4466	5.612250e+15	1.628012e+02	6.808717e+01	3.915591e+16
4467	5.612473e+15	1.576115e+02	6.799107e+01	3.596217e+16
4468	5.612694e+15	1.572988e+02	6.787199e+01	6.448471e+16
4469	5.612913e+15	1.520984e+02	6.650806e+01	5.592277e+16
4470	5.613136e+15	1.567447e+02	7.044753e+01	2.838245e+16
4471	5.613354e+15	1.433901e+02	6.556586e+01	2.146626e+16
4472	5.613581e+15	1.505873e+02	6.921995e+01	3.684740e+16
4473	5.613804e+15	1.455395e+02	6.650327e+01	4.490175e+16
4474	5.614030e+15	1.438432e+02	6.903946e+01	2.933018e+16
4475	5.614253e+15	1.422011e+02	6.802188e+01	1.849144e+16
4476	5.614474e+15	1.421686e+02	6.779767e+01	1.919052e+16
4477	5.614694e+15	1.329051e+02	6.456127e+01	2.829096e+16
4478	5.614920e+15	1.379967e+02	6.743691e+01	2.457365e+16
4479	5.615143e+15	1.312138e+02	6.408208e+01	1.686181e+16
4480	5.615371e+15	1.203617e+02	5.773746e+01	5.439427e+16
4481	5.615619e+15	1.304256e+02	6.415377e+01	3.394855e+16
4482	5.615869e+15	1.374737e+02	6.715504e+01	3.818109e+16
4483	5.616108e+15	1.343222e+02	6.273849e+01	3.127012e+16
4484	5.616349e+15	1.406406e+02	6.459372e+01	2.086960e+16
4485	5.616587e+15	1.368769e+02	6.184097e+01	2.572644e+16
4486	5.616828e+15	1.424688e+02	6.222041e+01	3.980766e+16
4487	5.617067e+15	1.517891e+02	6.453336e+01	4.740919e+16
4488	5.617298e+15	1.366408e+02	5.817498e+01	3.603822e+16
4489	5.617541e+15	1.429740e+02	6.053961e+01	5.163553e+16
4490	5.617784e+15	1.358460e+02	5.793743e+01	3.546876e+16
4491	5.618034e+15	1.433423e+02	6.339122e+01	5.306431e+16
4492	5.618279e+15	1.454148e+02	6.264270e+01	2.217528e+16
4493	5.618521e+15	1.477652e+02	6.291429e+01	3.149907e+16
4494	5.618757e+15	1.501948e+02	5.990624e+01	5.121503e+16
4495	5.618987e+15	1.410988e+02	5.730974e+01	1.942140e+16
4496	5.619221e+15	1.490806e+02	6.206890e+01	3.599918e+16
4497	5.619448e+15	1.453016e+02	6.034845e+01	3.772288e+16
4498	5.619670e+15	1.378354e+02	5.787383e+01	2.973947e+16
4499	5.619893e+15	1.296516e+02	5.269522e+01	3.158508e+16
4500	5.620131e+15	1.514607e+02	5.946055e+01	3.756637e+16
4501	5.620356e+15	1.368554e+02	5.626128e+01	1.671693e+16
4502	5.620584e+15	1.281986e+02	5.641985e+01	3.657130e+16
4503	5.620819e+15	1.341476e+02	6.110654e+01	2.369344e+16
4504	5.621045e+15	1.294587e+02	6.032072e+01	3.330155e+16
4505	5.621266e+15	1.270150e+02	6.027779e+01	3.738110e+16
4506	5.621487e+15	1.218902e+02	6.078675e+01	2.742402e+16
4507	5.621710e+15	1.258348e+02	6.341671e+01	5.012309e+16
4508	5.621927e+15	1.170058e+02	5.988035e+01	3.289384e+16
4509	5.622149e+15	1.294000e+02	6.246184e+01	4.101678e+16
4510	5.622364e+15	1.270815e+02	5.835146e+01	5.599051e+16
4511	5.622583e+15	1.242821e+02	6.072290e+01	3.997289e+16
4512	5.622807e+15	1.317309e+02	6.472002e+01	6.915476e+16
4513	5.623023e+15	1.209682e+02	5.948357e+01	2.130335e+16
4514	5.623243e+15	1.269062e+02	6.160156e+01	3.605161e+16
4515	5.623457e+15	1.169790e+02	5.613271e+01	3.214109e+16
4516	5.623679e+15	1.127794e+02	5.588401e+01	4.054979e+16
4517	5.623913e+15	1.166564e+02	6.199379e+01	4.588404e+16
4518	5.624150e+15	1.155827e+02	6.230353e+01	6.702534e+16
4519	5.624387e+15	1.150684e+02	6.246268e+01	3.987451e+16
4520	5.624626e+15	1.120276e+02	6.068227e+01	5.930617e+16
4521	5.624870e+15	1.095525e+02	6.020299e+01	4.198181e+16
4522	5.625120e+15	1.199297e+02	6.203601e+01	4.826680e+16
4523	5.625365e+15	1.113639e+02	5.681741e+01	2.928554e+16
4524	5.625620e+15	1.221081e+02	6.505055e+01	6.207840e+16
4525	5.625858e+15	1.086931e+02	5.985003e+01	5.109085e+16
4526	5.626099e+15	1.052468e+02	6.204771e+01	3.139809e+16
4527	5.626341e+15	1.019115e+02	5.819149e+01	3.667810e+16
4528	5.626587e+15	9.893199e+01	5.746334e+01	3.339310e+16
4529	5.626833e+15	1.012814e+02	5.669595e+01	3.432850e+16
4530	5.627081e+15	1.047576e+02	5.590255e+01	4.409422e+16
4531	5.627332e+15	1.090443e+02	5.788458e+01	2.511784e+16
4532	5.627578e+15	1.069006e+02	5.559807e+01	3.206749e+16
4533	5.627830e+15	1.098362e+02	5.910915e+01	5.361988e+16
4534	5.628077e+15	1.108680e+02	5.713517e+01	3.535817e+16
4535	5.628322e+15	1.169606e+02	5.766541e+01	2.722037e+16
4536	5.628560e+15	1.154766e+02	5.542115e+01	3.742816e+16
4537	5.628799e+15	1.198340e+02	5.714884e+01	2.532667e+16
4538	5.629034e+15	1.106796e+02	5.553432e+01	4.676798e+16
4539	5.629273e+15	1.118491e+02	5.829295e+01	6.525881e+16
4540	5.629511e+15	1.081032e+02	5.880542e+01	4.036117e+16
4541	5.629747e+15	1.114090e+02	6.065459e+01	5.855587e+16
4542	5.629979e+15	1.114212e+02	6.174155e+01	4.104850e+16
4543	5.630208e+15	1.122674e+02	6.360147e+01	4.656035e+16
4544	5.630434e+15	1.131106e+02	6.488664e+01	3.369203e+16
4545	5.630657e+15	1.106765e+02	6.338590e+01	2.519329e+16
4546	5.630881e+15	1.085529e+02	6.052131e+01	7.755113e+16
4547	5.631111e+15	1.242716e+02	6.559487e+01	6.973712e+16
4548	5.631333e+15	1.106653e+02	5.523065e+01	4.559781e+16
4549	5.631573e+15	1.207484e+02	6.064742e+01	3.862046e+16
4550	5.631817e+15	1.398629e+02	6.707270e+01	4.296647e+16
4551	5.632045e+15	1.266212e+02	5.718175e+01	4.958255e+16
4552	5.632286e+15	1.299775e+02	6.040239e+01	3.418960e+16
4553	5.632532e+15	1.318571e+02	6.299277e+01	3.660393e+16
4554	5.632778e+15	1.346376e+02	6.325856e+01	3.015230e+16
4555	5.633023e+15	1.429476e+02	6.402179e+01	4.338460e+16
4556	5.633260e+15	1.398522e+02	6.253164e+01	5.513553e+16
4557	5.633496e+15	1.386061e+02	6.389049e+01	5.424444e+16
4558	5.633727e+15	1.317353e+02	6.173304e+01	2.502279e+16
4559	5.633962e+15	1.358339e+02	6.400331e+01	4.933282e+16
4560	5.634196e+15	1.334802e+02	6.230613e+01	2.937206e+16
4561	5.634434e+15	1.496258e+02	6.775084e+01	5.327934e+16
4562	5.634658e+15	1.357385e+02	6.424701e+01	5.318419e+16
4563	5.634889e+15	1.412574e+02	6.801522e+01	6.108404e+16
4564	5.635118e+15	1.426319e+02	6.813420e+01	4.016772e+16
4565	5.635342e+15	1.406555e+02	6.473374e+01	4.361238e+16
4566	5.635568e+15	1.409956e+02	6.344498e+01	5.742556e+16
4567	5.635796e+15	1.410733e+02	6.443357e+01	3.091822e+16
4568	5.636021e+15	1.436637e+02	6.459017e+01	4.023597e+16
4569	5.636242e+15	1.381050e+02	5.992436e+01	4.173816e+16
4570	5.636468e+15	1.384425e+02	6.284970e+01	3.998171e+16
4571	5.636700e+15	1.359700e+02	5.898165e+01	4.969657e+16
4572	5.636939e+15	1.375421e+02	6.307474e+01	2.879031e+16
4573	5.637179e+15	1.381075e+02	6.524724e+01	4.975659e+16
4574	5.637421e+15	1.346338e+02	6.604512e+01	2.654143e+16
4575	5.637665e+15	1.352583e+02	6.776400e+01	3.349553e+16
4576	5.637907e+15	1.227639e+02	6.121319e+01	5.707251e+16
4577	5.638164e+15	1.337361e+02	6.685898e+01	5.348846e+16
4578	5.638419e+15	1.312534e+02	6.690737e+01	4.417169e+16
4579	5.638672e+15	1.304554e+02	6.744163e+01	3.847441e+16
4580	5.638922e+15	1.339218e+02	6.875888e+01	5.748302e+16
4581	5.639167e+15	1.345633e+02	6.636578e+01	4.433596e+16
4582	5.639413e+15	1.367333e+02	6.737933e+01	4.044415e+16
4583	5.639654e+15	1.335018e+02	6.562060e+01	3.339718e+16
4584	5.639897e+15	1.402350e+02	6.811198e+01	3.269330e+16
4585	5.640132e+15	1.304473e+02	6.213707e+01	3.038146e+16
4586	5.640375e+15	1.369216e+02	6.684323e+01	2.098592e+16
4587	5.640616e+15	1.470702e+02	7.024978e+01	4.411972e+16
4588	5.640845e+15	1.403914e+02	6.546688e+01	4.500503e+16
4589	5.641076e+15	1.414131e+02	6.546539e+01	4.448384e+16
4590	5.641304e+15	1.271276e+02	6.096976e+01	2.680786e+16
4591	5.641549e+15	1.583381e+02	7.632661e+01	2.660087e+16
4592	5.641767e+15	1.364537e+02	6.448906e+01	3.066582e+16
4593	5.641993e+15	1.471226e+02	6.987780e+01	3.783121e+16
4594	5.642213e+15	1.313203e+02	6.508812e+01	2.811381e+16
4595	5.642438e+15	1.369352e+02	6.851032e+01	4.645443e+16
4596	5.642661e+15	1.414098e+02	7.028072e+01	5.659009e+16
4597	5.642878e+15	1.178683e+02	5.712466e+01	4.336851e+16
4598	5.643119e+15	1.373714e+02	6.821913e+01	3.369650e+16
4599	5.643353e+15	1.321810e+02	6.542626e+01	4.637378e+16
4600	5.643588e+15	1.239351e+02	6.352096e+01	4.698296e+16
4601	5.643830e+15	1.254265e+02	6.774365e+01	4.073739e+16
4602	5.644069e+15	1.269999e+02	6.943748e+01	4.145395e+16
4603	5.644298e+15	1.159767e+02	6.487823e+01	3.251952e+16
4604	5.644534e+15	1.199636e+02	6.477063e+01	3.315993e+16
4605	5.644775e+15	1.336824e+02	6.920345e+01	3.188419e+16
4606	5.645005e+15	1.313865e+02	6.654427e+01	4.374983e+16
4607	5.645234e+15	1.338215e+02	6.886793e+01	4.387744e+16
4608	5.645458e+15	1.194190e+02	6.302511e+01	4.995739e+16
4609	5.645696e+15	1.360258e+02	7.100386e+01	3.149174e+16
4610	5.645923e+15	1.248255e+02	6.466592e+01	2.923431e+16
4611	5.646155e+15	1.283710e+02	6.741749e+01	5.230068e+16
4612	5.646389e+15	1.301710e+02	6.722278e+01	5.827749e+16
4613	5.646620e+15	1.340119e+02	6.709170e+01	5.229477e+16
4614	5.646847e+15	1.339069e+02	6.442193e+01	4.502945e+16
4615	5.647076e+15	1.362313e+02	6.665293e+01	3.326316e+16
4616	5.647303e+15	1.359037e+02	6.624869e+01	4.282488e+16
4617	5.647529e+15	1.324154e+02	6.390787e+01	4.937354e+16
4618	5.647757e+15	1.319430e+02	6.376484e+01	3.152176e+16
4619	5.647985e+15	1.269112e+02	6.095622e+01	4.969103e+16
4620	5.648215e+15	1.206325e+02	5.752129e+01	4.174839e+16
4621	5.648455e+15	1.293628e+02	6.131894e+01	5.182058e+16
4622	5.648692e+15	1.187467e+02	5.746612e+01	4.239678e+16
4623	5.648941e+15	1.256263e+02	6.072341e+01	4.498794e+16
4624	5.649188e+15	1.173906e+02	5.565106e+01	1.815503e+16
4625	5.649448e+15	1.233093e+02	6.232084e+01	1.947735e+16
4626	5.649708e+15	1.191492e+02	6.059685e+01	5.381052e+16
4627	5.649979e+15	1.257679e+02	6.405628e+01	5.658424e+16
4628	5.650248e+15	1.326695e+02	6.386814e+01	4.668906e+16
4629	5.650514e+15	1.330986e+02	6.545446e+01	3.092406e+16
4630	5.650775e+15	1.231490e+02	6.119985e+01	5.197952e+16
4631	5.651046e+15	1.364292e+02	6.565786e+01	5.400122e+16
4632	5.651307e+15	1.264283e+02	6.083365e+01	3.626936e+16
4633	5.651574e+15	1.295654e+02	6.353748e+01	4.646107e+16
4634	5.651839e+15	1.377172e+02	6.551422e+01	5.311230e+16
4635	5.652094e+15	1.333766e+02	6.228751e+01	4.708881e+16
4636	5.652352e+15	1.378275e+02	6.458742e+01	6.466531e+16
4637	5.652608e+15	1.361308e+02	6.527945e+01	3.829330e+16
4638	5.652860e+15	1.235708e+02	6.047601e+01	3.462895e+16
4639	5.653124e+15	1.383074e+02	7.049287e+01	5.803794e+16
4640	5.653370e+15	1.122049e+02	5.906726e+01	5.214213e+16
4641	5.653636e+15	1.292646e+02	6.863882e+01	4.623470e+16
4642	5.653889e+15	1.214584e+02	6.483857e+01	4.182759e+16
4643	5.654140e+15	1.190873e+02	6.531443e+01	3.497436e+16
4644	5.654393e+15	1.204730e+02	6.832219e+01	3.882386e+16
4645	5.654641e+15	1.177807e+02	6.664472e+01	3.199232e+16
4646	5.654888e+15	1.197586e+02	6.657188e+01	4.099579e+16
4647	5.655132e+15	1.246228e+02	6.561134e+01	3.668615e+16
4648	5.655373e+15	1.292814e+02	6.599057e+01	3.566459e+16
4649	5.655609e+15	1.324644e+02	6.625508e+01	4.911547e+16
4650	5.655842e+15	1.312443e+02	6.298801e+01	4.455123e+16
4651	5.656078e+15	1.364720e+02	6.493568e+01	4.486801e+16
4652	5.656308e+15	1.209084e+02	5.680109e+01	4.625900e+16
4653	5.656554e+15	1.328264e+02	6.125574e+01	3.353706e+16
4654	5.656800e+15	1.477388e+02	6.655399e+01	5.028793e+16
4655	5.657034e+15	1.280180e+02	5.576020e+01	3.179884e+16
4656	5.657284e+15	1.445313e+02	6.335027e+01	3.854573e+16
4657	5.657526e+15	1.290712e+02	5.820792e+01	2.880291e+16
4658	5.657779e+15	1.324994e+02	6.159557e+01	4.143887e+16
4659	5.658031e+15	1.411788e+02	6.399535e+01	3.779150e+16
4660	5.658276e+15	1.268568e+02	5.912327e+01	3.509124e+16
4661	5.658532e+15	1.280461e+02	6.124309e+01	4.742210e+16
4662	5.658789e+15	1.264511e+02	6.007151e+01	2.256798e+16
4663	5.659051e+15	1.253371e+02	6.112233e+01	6.661721e+16
4664	5.659321e+15	1.313069e+02	6.494847e+01	5.237005e+16
4665	5.659588e+15	1.216464e+02	6.088308e+01	3.613581e+16
4666	5.659862e+15	1.290436e+02	6.365496e+01	5.931336e+16
4667	5.660135e+15	1.282877e+02	6.444908e+01	3.161473e+16
4668	5.660408e+15	1.280016e+02	6.400752e+01	4.087184e+16
4669	5.660678e+15	1.236067e+02	6.010808e+01	4.261509e+16
4670	5.660951e+15	1.246669e+02	6.292565e+01	5.374138e+16
4671	5.661225e+15	1.353107e+02	6.808350e+01	3.686643e+16
4672	5.661487e+15	1.286200e+02	6.452851e+01	4.096352e+16
4673	5.661746e+15	1.345816e+02	6.626262e+01	4.467519e+16
4674	5.661994e+15	1.327013e+02	6.418948e+01	2.964465e+16
4675	5.662239e+15	1.327857e+02	6.437764e+01	3.759046e+16
4676	5.662477e+15	1.254776e+02	6.057556e+01	3.313318e+16
4677	5.662717e+15	1.292519e+02	6.269514e+01	4.711902e+16
4678	5.662955e+15	1.294420e+02	6.174713e+01	3.774136e+16
4679	5.663192e+15	1.260302e+02	6.090472e+01	4.777381e+16
4680	5.663431e+15	1.253904e+02	6.169560e+01	2.387235e+16
4681	5.663668e+15	1.182869e+02	5.885937e+01	4.034389e+16
4682	5.663915e+15	1.254963e+02	6.387695e+01	3.338365e+16
4683	5.664157e+15	1.128152e+02	5.892959e+01	5.612492e+16
4684	5.664410e+15	1.234321e+02	6.534719e+01	4.114978e+16
4685	5.664655e+15	1.118634e+02	6.046383e+01	3.306260e+16
4686	5.664909e+15	1.159981e+02	6.270725e+01	2.712156e+16
4687	5.665164e+15	1.103157e+02	5.903132e+01	2.779219e+16
4688	5.665429e+15	1.143837e+02	6.093164e+01	5.125475e+16
4689	5.665697e+15	9.909077e+01	5.222694e+01	4.562689e+16
4690	5.666000e+15	1.239245e+02	6.813022e+01	4.432649e+16
4691	5.666281e+15	1.118453e+02	5.938429e+01	5.776991e+16
4692	5.666569e+15	1.199549e+02	6.558797e+01	1.763212e+16
4693	5.666852e+15	1.203575e+02	6.884251e+01	3.351127e+16
4694	5.667125e+15	1.109877e+02	6.548490e+01	2.598858e+16
4695	5.667401e+15	1.210382e+02	7.229993e+01	4.596840e+16
4696	5.667659e+15	1.208647e+02	6.694669e+01	5.665482e+16
4697	5.667911e+15	1.216937e+02	6.564996e+01	4.962751e+16
4698	5.668163e+15	1.200167e+02	6.489432e+01	3.925059e+16
4699	5.668417e+15	1.252433e+02	6.841280e+01	3.726401e+16
4700	5.668663e+15	1.148795e+02	6.394075e+01	2.901627e+16
4701	5.668917e+15	1.248511e+02	6.723215e+01	4.275480e+16
4702	5.669169e+15	1.159436e+02	6.280729e+01	4.017502e+16
4703	5.669434e+15	1.245555e+02	6.877640e+01	2.804068e+16
4704	5.669693e+15	1.249118e+02	6.774583e+01	4.927516e+16
4705	5.669951e+15	1.233138e+02	6.667740e+01	3.396768e+16
4706	5.670210e+15	1.243734e+02	6.661017e+01	4.252384e+16
4707	5.670466e+15	1.244224e+02	6.579622e+01	6.445973e+16
4708	5.670722e+15	1.245041e+02	6.597536e+01	3.209367e+16
4709	5.670978e+15	1.219682e+02	6.547165e+01	4.280026e+16
4710	5.671234e+15	1.200647e+02	6.608526e+01	3.397080e+16
4711	5.671490e+15	1.248403e+02	6.624049e+01	2.748950e+16
4712	5.671747e+15	1.220314e+02	6.620994e+01	5.578534e+16
4713	5.672004e+15	1.262860e+02	6.655149e+01	4.697702e+16
4714	5.672260e+15	1.241326e+02	6.448728e+01	3.937198e+16
4715	5.672519e+15	1.304409e+02	6.550076e+01	3.482794e+16
4716	5.672774e+15	1.369814e+02	6.657723e+01	2.285810e+16
4717	5.673019e+15	1.255086e+02	5.981049e+01	4.575559e+16
4718	5.673271e+15	1.372709e+02	6.354175e+01	4.844684e+16
4719	5.673516e+15	1.341370e+02	6.025801e+01	5.350384e+16
4720	5.673764e+15	1.325788e+02	6.127213e+01	2.838912e+16
4721	5.674013e+15	1.400497e+02	6.279362e+01	2.947445e+16
4722	5.674254e+15	1.326640e+02	5.779496e+01	2.793715e+16
4723	5.674501e+15	1.299121e+02	5.892839e+01	3.055276e+16
4724	5.674750e+15	1.304478e+02	5.812365e+01	3.543124e+16
4725	5.674996e+15	1.315955e+02	5.676549e+01	5.491500e+16
4726	5.675243e+15	1.319619e+02	5.667386e+01	2.815548e+16
4727	5.675493e+15	1.379813e+02	5.813864e+01	2.330796e+16
4728	5.675736e+15	1.306100e+02	5.578403e+01	2.642130e+16
4729	5.675984e+15	1.454725e+02	5.869612e+01	2.400093e+16
4730	5.676227e+15	1.419102e+02	5.731295e+01	3.679450e+16
4731	5.676468e+15	1.343085e+02	5.451157e+01	2.888166e+16
4732	5.676716e+15	1.304956e+02	5.123664e+01	1.948669e+16
4733	5.676974e+15	1.348082e+02	5.500505e+01	4.583370e+16
4734	5.677230e+15	1.338555e+02	5.593549e+01	3.295979e+16
4735	5.677483e+15	1.245473e+02	5.229302e+01	2.014954e+16
4736	5.677746e+15	1.352933e+02	5.692038e+01	2.851957e+16
4737	5.678000e+15	1.258423e+02	4.902894e+01	3.271411e+16
4738	5.678262e+15	1.271169e+02	5.123241e+01	1.907594e+16
4739	5.678529e+15	1.318342e+02	5.341512e+01	2.727441e+16
4740	5.678788e+15	1.250264e+02	5.002634e+01	2.927880e+16
4741	5.679049e+15	1.239166e+02	5.113635e+01	1.700161e+16
4742	5.679312e+15	1.173398e+02	5.243287e+01	3.804446e+16
4743	5.679576e+15	1.291136e+02	5.645215e+01	4.356284e+16
4744	5.679824e+15	1.273893e+02	5.429426e+01	3.888784e+16
4745	5.680062e+15	1.249646e+02	5.179995e+01	3.507663e+16
4746	5.680298e+15	1.227814e+02	4.979677e+01	2.959921e+16
4747	5.680536e+15	1.148202e+02	4.679277e+01	2.421420e+16
4748	5.680786e+15	1.168416e+02	4.690490e+01	2.134518e+16
4749	5.681041e+15	1.252059e+02	5.002896e+01	4.920746e+16
4750	5.681292e+15	1.252242e+02	5.069156e+01	2.438176e+16
4751	5.681539e+15	1.186434e+02	4.872951e+01	2.998309e+16
4752	5.681792e+15	1.258070e+02	5.169456e+01	1.628164e+16
4753	5.682040e+15	1.090883e+02	4.529580e+01	2.483236e+16
4754	5.682303e+15	1.154756e+02	4.800565e+01	3.430234e+16
4755	5.682574e+15	1.230382e+02	5.514703e+01	5.728751e+16
4756	5.682834e+15	1.135625e+02	5.209145e+01	3.020439e+16
4757	5.683099e+15	1.180854e+02	5.588891e+01	2.600404e+16
4758	5.683356e+15	1.125357e+02	5.480020e+01	3.648636e+16
4759	5.683613e+15	1.079158e+02	5.452940e+01	3.495744e+16
4760	5.683870e+15	1.095921e+02	5.704753e+01	3.544368e+16
4761	5.684119e+15	1.066332e+02	5.684988e+01	3.571228e+16
4762	5.684365e+15	1.010555e+02	5.530272e+01	3.052911e+16
4763	5.684614e+15	1.035165e+02	5.659634e+01	3.526445e+16
4764	5.684860e+15	9.749061e+01	5.381231e+01	4.464947e+16
4765	5.685114e+15	1.011213e+02	5.697450e+01	5.176820e+16
4766	5.685363e+15	9.769543e+01	5.465602e+01	2.871419e+16
4767	5.685612e+15	9.693844e+01	5.382821e+01	2.089122e+16
4768	5.685870e+15	9.592373e+01	5.533775e+01	3.045529e+16
4769	5.686129e+15	9.018266e+01	5.206790e+01	4.401175e+16
4770	5.686400e+15	8.881817e+01	5.362938e+01	3.438640e+16
4771	5.686687e+15	1.015662e+02	6.032116e+01	4.578704e+16
4772	5.686963e+15	1.008511e+02	5.782618e+01	6.232727e+16
4773	5.687238e+15	1.061441e+02	6.075434e+01	4.410409e+16
4774	5.687504e+15	1.124630e+02	6.348965e+01	5.071571e+16
4775	5.687752e+15	1.082138e+02	5.997011e+01	2.952689e+16
4776	5.687997e+15	1.052056e+02	5.733005e+01	5.718677e+16
4777	5.688245e+15	1.037980e+02	5.757551e+01	4.130974e+16
4778	5.688494e+15	1.103515e+02	5.997691e+01	3.678445e+16
4779	5.688734e+15	9.958675e+01	5.497279e+01	3.158816e+16
4780	5.688981e+15	1.032418e+02	5.718000e+01	4.908157e+16
4781	5.689229e+15	1.049482e+02	5.670487e+01	3.391440e+16
4782	5.689477e+15	9.539185e+01	5.089182e+01	3.683822e+16
4783	5.689739e+15	9.374088e+01	5.225751e+01	2.656132e+16
4784	5.690013e+15	9.924994e+01	5.677076e+01	4.148628e+16
4785	5.690283e+15	9.495143e+01	5.478942e+01	4.616552e+16
4786	5.690554e+15	1.006791e+02	5.787045e+01	3.825325e+16
4787	5.690824e+15	1.090886e+02	6.068281e+01	4.745817e+16
4788	5.691081e+15	1.082721e+02	5.684369e+01	4.160099e+16
4789	5.691340e+15	1.133995e+02	5.952541e+01	4.076886e+16
4790	5.691592e+15	1.081870e+02	5.673597e+01	6.230044e+16
4791	5.691844e+15	1.146776e+02	5.817032e+01	3.822921e+16
4792	5.692090e+15	1.175782e+02	5.730144e+01	3.775434e+16
4793	5.692332e+15	1.145781e+02	5.592375e+01	3.735031e+16
4794	5.692574e+15	1.161136e+02	5.586157e+01	1.244213e+16
4795	5.692817e+15	1.153721e+02	5.328607e+01	2.312518e+16
4796	5.693060e+15	1.202353e+02	5.309048e+01	4.046700e+16
4797	5.693299e+15	1.177749e+02	4.999068e+01	2.885725e+16
4798	5.693541e+15	1.158149e+02	5.010625e+01	3.939510e+16
4799	5.693783e+15	1.114100e+02	5.013555e+01	3.603370e+16
4800	5.694025e+15	1.084909e+02	4.958123e+01	1.351393e+16
4801	5.694269e+15	1.071569e+02	4.896157e+01	3.004482e+16
4802	5.694517e+15	1.070202e+02	5.039669e+01	3.393962e+16
4803	5.694765e+15	9.845140e+01	4.797787e+01	3.773652e+16
4804	5.695024e+15	9.707061e+01	4.631076e+01	3.319124e+16
4805	5.695295e+15	1.070341e+02	4.937985e+01	2.081317e+16
4806	5.695563e+15	1.058445e+02	4.605610e+01	3.823160e+16
4807	5.695838e+15	1.008124e+02	4.710952e+01	3.012851e+16
4808	5.696116e+15	1.026480e+02	4.989711e+01	4.256742e+16
4809	5.696385e+15	1.014182e+02	4.852440e+01	3.962967e+16
4810	5.696650e+15	9.738676e+01	4.556355e+01	3.475753e+16
4811	5.696922e+15	9.321053e+01	4.917547e+01	3.819500e+16
4812	5.697199e+15	9.928743e+01	5.371438e+01	3.213166e+16
4813	5.697466e+15	8.754633e+01	4.704726e+01	4.107764e+16
4814	5.697750e+15	9.718682e+01	5.309805e+01	3.234875e+16
4815	5.698018e+15	8.996425e+01	5.048152e+01	3.111482e+16
4816	5.698288e+15	9.406048e+01	5.174407e+01	4.837511e+16
4817	5.698557e+15	9.614530e+01	5.213662e+01	2.412631e+16
4818	5.698825e+15	9.502415e+01	5.247372e+01	5.225656e+16
4819	5.699091e+15	9.870033e+01	5.327634e+01	2.152205e+16
4820	5.699350e+15	9.773761e+01	5.254258e+01	4.351696e+16
4821	5.699608e+15	1.018274e+02	5.450077e+01	3.314106e+16
4822	5.699861e+15	1.033729e+02	5.379152e+01	5.799506e+16
4823	5.700109e+15	9.824530e+01	5.289229e+01	3.902514e+16
4824	5.700355e+15	9.864243e+01	5.231746e+01	4.500789e+16
4825	5.700604e+15	1.077483e+02	5.355913e+01	3.771242e+16
4826	5.700844e+15	1.014132e+02	5.071588e+01	2.819480e+16
4827	5.701089e+15	9.597523e+01	5.057324e+01	2.008765e+16
4828	5.701338e+15	9.890931e+01	5.187749e+01	3.058579e+16
4829	5.701583e+15	9.717440e+01	5.022151e+01	5.135902e+16
4830	5.701829e+15	9.512463e+01	5.010036e+01	2.938352e+16
4831	5.702077e+15	9.717765e+01	5.143352e+01	5.598777e+16
4832	5.702321e+15	9.286833e+01	5.020984e+01	4.167223e+16
4833	5.702567e+15	8.819945e+01	4.811064e+01	2.577780e+16
4834	5.702821e+15	9.387506e+01	5.194006e+01	4.301462e+16
4835	5.703072e+15	8.289177e+01	4.639054e+01	2.013883e+16
4836	5.703340e+15	8.834560e+01	5.105034e+01	5.096016e+16
4837	5.703603e+15	8.511626e+01	4.836761e+01	3.964137e+16
4838	5.703872e+15	8.360238e+01	4.861641e+01	5.189025e+16
4839	5.704150e+15	8.568731e+01	5.083983e+01	5.768982e+16
4840	5.704429e+15	8.578068e+01	5.131625e+01	5.068346e+16
4841	5.704710e+15	8.873370e+01	5.287586e+01	7.394324e+16
4842	5.704985e+15	9.079284e+01	5.521057e+01	4.756948e+16
4843	5.705250e+15	8.701983e+01	5.361884e+01	4.643052e+16
4844	5.705512e+15	9.026255e+01	5.415307e+01	5.660914e+16
4845	5.705769e+15	9.509555e+01	5.529763e+01	4.789609e+16
4846	5.706017e+15	9.933701e+01	5.407640e+01	5.445307e+16
4847	5.706260e+15	9.504832e+01	5.306592e+01	2.839034e+16
4848	5.706502e+15	9.644975e+01	5.261178e+01	2.363986e+16
4849	5.706744e+15	9.020127e+01	4.781632e+01	4.362343e+16
4850	5.707000e+15	1.002104e+02	5.379414e+01	5.287343e+16
4851	5.707248e+15	1.063745e+02	5.368540e+01	3.986649e+16
4852	5.707485e+15	1.009899e+02	4.912749e+01	2.564745e+16
4853	5.707727e+15	1.003352e+02	5.036074e+01	3.991147e+16
4854	5.707972e+15	9.058224e+01	4.704954e+01	3.663266e+16
4855	5.708234e+15	1.134725e+02	5.828009e+01	4.038122e+16
4856	5.708468e+15	9.618208e+01	4.675366e+01	2.725014e+16
4857	5.708719e+15	1.066720e+02	5.039691e+01	3.718827e+16
4858	5.708965e+15	9.931645e+01	4.831727e+01	4.045114e+16
4859	5.709217e+15	9.882282e+01	4.813857e+01	4.073097e+16
4860	5.709477e+15	1.079363e+02	5.245036e+01	4.281161e+16
4861	5.709727e+15	9.583066e+01	4.518070e+01	3.499562e+16
4862	5.709994e+15	1.085989e+02	5.241605e+01	2.937314e+16
4863	5.710246e+15	1.006385e+02	4.831631e+01	3.595349e+16
4864	5.710501e+15	9.878168e+01	4.698297e+01	2.978218e+16
4865	5.710763e+15	1.052911e+02	4.871998e+01	5.747853e+16
4866	5.711020e+15	1.010264e+02	4.571388e+01	5.356912e+16
4867	5.711281e+15	1.069524e+02	4.878435e+01	3.444159e+16
4868	5.711536e+15	1.004855e+02	4.597702e+01	3.133634e+16
4869	5.711794e+15	9.920598e+01	4.625483e+01	5.708081e+16
4870	5.712056e+15	1.033515e+02	4.811022e+01	2.653534e+16
4871	5.712315e+15	9.452433e+01	4.535209e+01	3.851843e+16
4872	5.712586e+15	9.850099e+01	4.934200e+01	5.040690e+16
4873	5.712856e+15	9.956634e+01	4.937880e+01	3.805819e+16
4874	5.713123e+15	9.556337e+01	4.783489e+01	4.563288e+16
4875	5.713394e+15	9.850880e+01	4.973396e+01	4.269957e+16
4876	5.713663e+15	1.003015e+02	5.042225e+01	1.841875e+16
4877	5.713928e+15	9.567497e+01	4.929388e+01	3.172950e+16
4878	5.714196e+15	1.025727e+02	5.240743e+01	3.552199e+16
4879	5.714457e+15	1.050154e+02	5.200475e+01	3.870771e+16
4880	5.714709e+15	1.009418e+02	4.809088e+01	3.603252e+16
4881	5.714963e+15	1.051448e+02	5.154118e+01	2.777928e+16
4882	5.715209e+15	1.070544e+02	5.205773e+01	3.625059e+16
4883	5.715447e+15	1.016037e+02	5.001882e+01	1.783554e+16
4884	5.715687e+15	1.020956e+02	5.158531e+01	3.728159e+16
4885	5.715925e+15	9.680753e+01	4.722325e+01	5.552135e+16
4886	5.716174e+15	1.047439e+02	5.389853e+01	2.040846e+16
4887	5.716416e+15	1.014403e+02	5.360904e+01	2.275571e+16
4888	5.716654e+15	9.497310e+01	4.786559e+01	4.417772e+16
4889	5.716898e+15	9.698051e+01	5.092006e+01	4.953290e+16
4890	5.717137e+15	9.345507e+01	5.091432e+01	3.848544e+16
4891	5.717371e+15	9.129136e+01	4.917303e+01	2.548223e+16
4892	5.717607e+15	8.915537e+01	4.670462e+01	3.978008e+16
4893	5.717851e+15	8.631857e+01	5.032923e+01	2.853670e+16
4894	5.718105e+15	9.691491e+01	5.387029e+01	4.665313e+16
4895	5.718352e+15	9.569571e+01	5.137410e+01	3.820723e+16
4896	5.718602e+15	9.710471e+01	5.030072e+01	5.451605e+16
4897	5.718861e+15	1.037334e+02	5.451153e+01	1.899905e+16
4898	5.719112e+15	1.013331e+02	5.354087e+01	3.996087e+16
4899	5.719356e+15	1.019213e+02	5.253861e+01	5.057258e+16
4900	5.719601e+15	1.050008e+02	5.175069e+01	3.268975e+16
4901	5.719846e+15	1.083701e+02	5.237933e+01	2.642890e+16
4902	5.720088e+15	1.088428e+02	5.268868e+01	3.425291e+16
4903	5.720329e+15	1.090734e+02	5.005423e+01	2.813824e+16
4904	5.720574e+15	1.106435e+02	5.064135e+01	2.900642e+16
4905	5.720824e+15	1.095175e+02	4.956781e+01	2.724711e+16
4906	5.721081e+15	1.088316e+02	5.098926e+01	2.880825e+16
4907	5.721337e+15	1.108915e+02	5.034150e+01	1.664283e+16
4908	5.721594e+15	1.154379e+02	4.915045e+01	2.038741e+16
4909	5.721845e+15	1.183934e+02	4.880498e+01	1.486196e+16
4910	5.722087e+15	1.154898e+02	4.466145e+01	1.255506e+16
4911	5.722328e+15	1.135325e+02	4.678521e+01	2.840388e+16
4912	5.722571e+15	1.228407e+02	5.000992e+01	3.013221e+16
4913	5.722804e+15	1.107382e+02	4.462862e+01	4.215767e+16
4914	5.723044e+15	1.245281e+02	4.869379e+01	2.959735e+16
4915	5.723269e+15	1.165356e+02	4.452070e+01	3.490433e+16
4916	5.723496e+15	1.128873e+02	4.243255e+01	2.433776e+16
4917	5.723727e+15	1.157752e+02	4.396383e+01	1.913033e+16
4918	5.723955e+15	1.111528e+02	4.078653e+01	3.163158e+16
4919	5.724190e+15	1.205985e+02	4.369571e+01	1.194343e+16
4920	5.724418e+15	1.105212e+02	3.944419e+01	1.920663e+16
4921	5.724656e+15	1.093176e+02	3.921217e+01	1.524225e+16
4922	5.724903e+15	1.179487e+02	4.205698e+01	3.052082e+16
4923	5.725148e+15	1.143071e+02	4.201874e+01	3.326849e+16
4924	5.725398e+15	1.143463e+02	4.204931e+01	3.894517e+16
4925	5.725655e+15	1.252795e+02	4.518629e+01	1.749908e+16
4926	5.725904e+15	1.204508e+02	4.362359e+01	3.830182e+16
4927	5.726156e+15	1.228140e+02	4.453017e+01	3.235719e+16
4928	5.726405e+15	1.245690e+02	4.411092e+01	3.225009e+16
4929	5.726648e+15	1.212560e+02	4.355010e+01	3.160614e+16
4930	5.726889e+15	1.202505e+02	4.498911e+01	3.498501e+16
4931	5.727127e+15	1.194686e+02	4.509035e+01	3.341002e+16
4932	5.727359e+15	1.143996e+02	4.418833e+01	2.095404e+16
4933	5.727592e+15	1.101933e+02	4.438392e+01	3.272105e+16
4934	5.727827e+15	1.166485e+02	4.665468e+01	3.944664e+16
4935	5.728054e+15	1.067963e+02	4.022854e+01	2.670719e+16
4936	5.728293e+15	1.127201e+02	4.457322e+01	3.263767e+16
4937	5.728529e+15	1.134237e+02	4.381467e+01	3.078814e+16
4938	5.728765e+15	1.181146e+02	4.458119e+01	2.381308e+16
4939	5.728994e+15	1.070744e+02	3.905727e+01	6.315172e+15
4940	5.729234e+15	1.101903e+02	4.382597e+01	2.502593e+16
4941	5.729473e+15	1.137634e+02	4.504264e+01	3.421295e+16
4942	5.729708e+15	1.063996e+02	4.227119e+01	2.774270e+16
4943	5.729946e+15	1.139195e+02	4.667810e+01	2.081587e+16
4944	5.730169e+15	1.055520e+02	4.215813e+01	2.659114e+16
4945	5.730398e+15	1.012111e+02	4.126835e+01	1.783683e+16
4946	5.730633e+15	9.895906e+01	4.118352e+01	2.865861e+16
4947	5.730869e+15	9.981909e+01	3.989261e+01	2.817775e+16
4948	5.731105e+15	1.049972e+02	4.064986e+01	2.806913e+16
4949	5.731339e+15	9.894721e+01	3.816772e+01	2.348729e+16
4950	5.731579e+15	1.039468e+02	4.057480e+01	1.255129e+16
4951	5.731813e+15	9.561697e+01	3.569151e+01	3.558005e+16
4952	5.732060e+15	9.616500e+01	3.997647e+01	2.919268e+16
4953	5.732312e+15	9.576084e+01	4.185803e+01	2.263380e+16
4954	5.732562e+15	1.004157e+02	4.289911e+01	3.323152e+16
4955	5.732811e+15	1.064588e+02	4.545523e+01	5.151614e+16
4956	5.733050e+15	1.082628e+02	4.440463e+01	2.649910e+16
4957	5.733286e+15	1.103435e+02	4.324059e+01	3.079657e+16
4958	5.733522e+15	1.067262e+02	4.299096e+01	1.840431e+16
4959	5.733762e+15	1.126978e+02	4.515890e+01	2.459348e+16
4960	5.733996e+15	1.091330e+02	4.278925e+01	3.823104e+16
4961	5.734236e+15	1.159903e+02	4.615487e+01	3.182831e+16
4962	5.734472e+15	1.132928e+02	4.483821e+01	2.177087e+16
4963	5.734711e+15	1.229763e+02	4.808266e+01	2.249380e+16
4964	5.734943e+15	1.140199e+02	4.495515e+01	1.548391e+16
4965	5.735177e+15	1.172010e+02	4.600068e+01	3.446604e+16
4966	5.735409e+15	1.222892e+02	4.796611e+01	2.743813e+16
4967	5.735633e+15	1.174839e+02	4.592538e+01	4.563453e+16
4968	5.735860e+15	1.158719e+02	4.449958e+01	2.224112e+16
4969	5.736094e+15	1.152323e+02	4.491510e+01	3.922504e+16
4970	5.736330e+15	1.135005e+02	4.660013e+01	1.668530e+16
4971	5.736567e+15	1.111661e+02	4.820527e+01	2.580824e+16
4972	5.736802e+15	1.136244e+02	4.910447e+01	4.608968e+16
4973	5.737031e+15	1.163935e+02	4.911098e+01	8.851290e+15
4974	5.737254e+15	1.175554e+02	5.014856e+01	3.622104e+16
4975	5.737468e+15	1.040992e+02	4.515718e+01	2.739702e+16
4976	5.737687e+15	1.113296e+02	4.815568e+01	3.513490e+16
4977	5.737895e+15	1.052408e+02	4.439808e+01	1.962702e+16
4978	5.738107e+15	9.998920e+01	4.384102e+01	1.577694e+16
4979	5.738327e+15	9.205957e+01	4.549021e+01	2.271317e+16
4980	5.738555e+15	1.044261e+02	5.148698e+01	1.845778e+16
4981	5.738772e+15	9.630345e+01	4.512926e+01	2.855299e+16
4982	5.738996e+15	8.947014e+01	4.168566e+01	1.743153e+16
4983	5.739240e+15	9.506547e+01	4.839785e+01	3.225901e+16
4984	5.739480e+15	8.997865e+01	4.498754e+01	1.609852e+16
4985	5.739725e+15	9.122519e+01	4.566029e+01	2.035769e+16
4986	5.739972e+15	9.980667e+01	4.935092e+01	3.482245e+16
4987	5.740204e+15	9.518354e+01	4.566275e+01	1.767220e+16
4988	5.740435e+15	9.457680e+01	4.405406e+01	2.600375e+16
4989	5.740666e+15	8.583105e+01	4.479112e+01	2.436202e+16
4990	5.740908e+15	9.000903e+01	4.893143e+01	1.380870e+16
4991	5.741141e+15	9.106279e+01	4.699448e+01	3.209168e+16
4992	5.741370e+15	9.212347e+01	4.595713e+01	2.199493e+16
4993	5.741599e+15	9.531543e+01	4.708190e+01	3.389948e+16
4994	5.741822e+15	1.016639e+02	4.928101e+01	2.610514e+16
4995	5.742035e+15	9.275874e+01	4.415416e+01	2.485019e+16
4996	5.742255e+15	9.635100e+01	4.522215e+01	2.731141e+16
4997	5.742470e+15	1.021494e+02	4.669294e+01	2.523473e+16
4998	5.742678e+15	9.370983e+01	4.423479e+01	3.096032e+16
4999	5.742886e+15	9.220528e+01	4.458830e+01	1.314546e+16
5000	5.743098e+15	9.411402e+01	4.458278e+01	3.286664e+16
5001	5.743311e+15	9.043652e+01	4.467617e+01	2.189158e+16
5002	5.743528e+15	9.164193e+01	4.566393e+01	1.187761e+16
5003	5.743744e+15	8.439275e+01	4.106891e+01	3.615608e+16
5004	5.743977e+15	8.601244e+01	4.291055e+01	4.201450e+16
5005	5.744215e+15	8.057662e+01	4.130414e+01	3.373868e+16
5006	5.744471e+15	9.724442e+01	4.884772e+01	3.822414e+16
5007	5.744708e+15	8.663222e+01	4.477121e+01	2.100120e+16
5008	5.744950e+15	9.393089e+01	4.635172e+01	2.164268e+16
5009	5.745185e+15	9.535981e+01	4.589552e+01	2.102713e+16
5010	5.745409e+15	8.259226e+01	3.959543e+01	2.362188e+16
5011	5.745653e+15	9.454425e+01	4.726835e+01	3.345666e+16
5012	5.745881e+15	8.075062e+01	4.069792e+01	2.562724e+16
5013	5.746123e+15	9.181163e+01	4.779091e+01	1.267710e+16
5014	5.746351e+15	8.946840e+01	4.407899e+01	2.676490e+16
5015	5.746582e+15	9.906858e+01	4.719683e+01	2.423869e+16
5016	5.746801e+15	8.675608e+01	4.041658e+01	9.589313e+15
5017	5.747033e+15	8.937864e+01	4.378285e+01	1.698002e+16
5018	5.747267e+15	9.201441e+01	4.832097e+01	1.359177e+16
5019	5.747488e+15	7.964173e+01	4.382713e+01	1.227848e+16
5020	5.747715e+15	8.535871e+01	4.789857e+01	3.154029e+16
5021	5.747938e+15	7.969510e+01	4.435579e+01	3.492049e+16
5022	5.748169e+15	8.669950e+01	4.842468e+01	9.521062e+15
5023	5.748389e+15	7.687520e+01	4.416972e+01	3.359998e+16
5024	5.748617e+15	8.169351e+01	4.627454e+01	2.738306e+16
5025	5.748846e+15	8.686872e+01	4.710339e+01	2.577050e+16
5026	5.749071e+15	8.162462e+01	4.526299e+01	3.194916e+16
5027	5.749300e+15	8.027844e+01	4.570330e+01	3.306751e+16
5028	5.749530e+15	8.039410e+01	4.534172e+01	1.603369e+16
5029	5.749760e+15	7.809400e+01	4.566709e+01	3.238719e+16
5030	5.749992e+15	8.285967e+01	4.682539e+01	3.760237e+16
5031	5.750216e+15	8.075544e+01	4.459818e+01	2.504565e+16
5032	5.750444e+15	7.575874e+01	4.171229e+01	3.458415e+16
5033	5.750677e+15	7.092689e+01	4.196894e+01	2.457482e+16
5034	5.750920e+15	7.450072e+01	4.742243e+01	1.557832e+16
5035	5.751163e+15	7.288210e+01	4.541751e+01	2.835653e+16
5036	5.751419e+15	8.568630e+01	5.261695e+01	2.940184e+16
5037	5.751656e+15	7.807939e+01	4.649140e+01	2.552143e+16
5038	5.751899e+15	8.097330e+01	4.923027e+01	2.413587e+16
5039	5.752140e+15	7.342532e+01	4.514995e+01	2.585577e+16
5040	5.752396e+15	7.894830e+01	5.068001e+01	3.286689e+16
5041	5.752642e+15	7.994144e+01	4.926735e+01	2.919567e+16
5042	5.752882e+15	7.700624e+01	4.570693e+01	2.910261e+16
5043	5.753130e+15	8.433587e+01	4.621811e+01	1.047837e+16
5044	5.753377e+15	8.648496e+01	4.437307e+01	3.135246e+16
5045	5.753628e+15	8.723248e+01	4.550112e+01	2.326323e+16
5046	5.753878e+15	8.507063e+01	4.394261e+01	2.548413e+16
5047	5.754127e+15	8.521446e+01	4.418746e+01	3.880540e+16
5048	5.754373e+15	7.931593e+01	4.386192e+01	3.101986e+16
5049	5.754628e+15	7.861553e+01	4.499366e+01	3.338330e+16
5050	5.754887e+15	7.981547e+01	4.597483e+01	3.154562e+16
5051	5.755145e+15	8.212194e+01	4.551087e+01	3.017117e+16
5052	5.755400e+15	8.000283e+01	4.351405e+01	1.792378e+16
5053	5.755656e+15	8.109288e+01	4.389613e+01	2.471067e+16
5054	5.755911e+15	8.388369e+01	4.269995e+01	2.186006e+16
5055	5.756166e+15	8.529729e+01	4.308725e+01	1.244715e+16
5056	5.756419e+15	8.511067e+01	4.222678e+01	1.911363e+16
5057	5.756668e+15	9.154638e+01	4.271471e+01	1.352904e+16
5058	5.756906e+15	9.155274e+01	4.059866e+01	3.955700e+16
5059	5.757142e+15	9.563754e+01	4.275708e+01	2.776491e+16
5060	5.757365e+15	8.325995e+01	3.704585e+01	3.948251e+16
5061	5.757596e+15	8.662556e+01	3.922127e+01	2.658396e+16
5062	5.757830e+15	9.010714e+01	4.214947e+01	4.175035e+16
5063	5.758055e+15	9.006515e+01	4.056140e+01	1.202494e+16
5064	5.758278e+15	8.818425e+01	4.020419e+01	2.773224e+16
5065	5.758504e+15	8.580068e+01	4.040631e+01	2.530632e+16
5066	5.758730e+15	8.702868e+01	4.180629e+01	3.296884e+16
5067	5.758951e+15	7.853878e+01	3.969881e+01	2.150041e+16
5068	5.759180e+15	8.136842e+01	4.100949e+01	2.750524e+16
5069	5.759410e+15	8.082822e+01	4.103134e+01	3.094016e+16
5070	5.759642e+15	8.016954e+01	4.140510e+01	3.440330e+16
5071	5.759881e+15	7.655912e+01	4.220640e+01	3.348140e+16
5072	5.760125e+15	7.646455e+01	4.302604e+01	2.209001e+16
5073	5.760371e+15	7.743658e+01	4.405665e+01	2.751292e+16
5074	5.760615e+15	7.746146e+01	4.409325e+01	1.780225e+16
5075	5.760856e+15	8.009319e+01	4.474166e+01	2.421508e+16
5076	5.761091e+15	7.818570e+01	4.336945e+01	3.992255e+16
5077	5.761325e+15	8.108250e+01	4.355759e+01	2.490357e+16
5078	5.761559e+15	8.386227e+01	4.513154e+01	2.751551e+16
5079	5.761788e+15	8.167355e+01	4.403990e+01	3.411612e+16
5080	5.762019e+15	8.245105e+01	4.548420e+01	3.611160e+16
5081	5.762248e+15	7.979159e+01	4.381504e+01	2.046405e+16
5082	5.762478e+15	7.913852e+01	4.513120e+01	3.906127e+16
5083	5.762709e+15	7.806965e+01	4.478507e+01	1.655638e+16
5084	5.762943e+15	8.034753e+01	4.410591e+01	3.159226e+16
5085	5.763186e+15	8.860581e+01	4.779318e+01	2.387685e+16
5086	5.763418e+15	7.273625e+01	3.944413e+01	1.662398e+16
5087	5.763673e+15	9.152652e+01	5.125636e+01	2.651153e+16
5088	5.763909e+15	7.984188e+01	4.286801e+01	2.596354e+16
5089	5.764159e+15	9.054306e+01	4.395286e+01	3.062685e+16
5090	5.764403e+15	9.243578e+01	4.444046e+01	4.005275e+16
5091	5.764642e+15	8.419492e+01	4.042136e+01	2.593055e+16
5092	5.764889e+15	9.313150e+01	4.432746e+01	1.859889e+16
5093	5.765123e+15	8.848124e+01	4.261733e+01	1.732601e+16
5094	5.765354e+15	8.616174e+01	4.158756e+01	2.893353e+16
5095	5.765586e+15	8.718422e+01	4.289782e+01	2.484696e+16
5096	5.765813e+15	8.247842e+01	4.158029e+01	2.014781e+16
5097	5.766039e+15	7.548000e+01	4.022340e+01	3.138143e+16
5098	5.766272e+15	7.827681e+01	4.414163e+01	3.715908e+16
5099	5.766500e+15	7.300211e+01	4.217412e+01	3.094350e+16
5100	5.766731e+15	7.834834e+01	4.526639e+01	1.820314e+16
5101	5.766959e+15	7.225966e+01	4.342099e+01	1.528217e+16
5102	5.767192e+15	7.644952e+01	4.651667e+01	1.652456e+16
5103	5.767418e+15	7.408703e+01	4.531673e+01	2.389246e+16
5104	5.767644e+15	7.443963e+01	4.421948e+01	3.426055e+16
5105	5.767877e+15	7.835969e+01	4.671298e+01	3.299216e+16
5106	5.768112e+15	7.857572e+01	4.481940e+01	1.769487e+16
5107	5.768352e+15	8.363280e+01	4.639208e+01	4.800027e+16
5108	5.768592e+15	8.722937e+01	4.561011e+01	4.187168e+16
5109	5.768833e+15	9.363139e+01	4.502678e+01	4.762431e+16
5110	5.769074e+15	9.580282e+01	4.661592e+01	3.827159e+16
5111	5.769309e+15	9.225461e+01	4.515011e+01	3.517231e+16
5112	5.769545e+15	9.389580e+01	4.536937e+01	3.728307e+16
5113	5.769776e+15	9.078851e+01	4.264664e+01	4.612526e+16
5114	5.770009e+15	8.952021e+01	4.033074e+01	1.121844e+16
5115	5.770246e+15	8.677953e+01	4.337805e+01	3.032835e+16
5116	5.770491e+15	9.235221e+01	4.587290e+01	2.484388e+16
5117	5.770739e+15	9.256455e+01	4.450435e+01	1.897594e+16
5118	5.770988e+15	9.989112e+01	4.618144e+01	2.899841e+16
5119	5.771235e+15	1.022707e+02	4.743944e+01	2.130100e+16
5120	5.771475e+15	9.676926e+01	4.279455e+01	2.562601e+16
5121	5.771726e+15	1.088416e+02	4.852514e+01	2.432056e+16
5122	5.771962e+15	9.525762e+01	4.207208e+01	2.661429e+16
5123	5.772214e+15	1.161000e+02	5.054533e+01	3.912550e+16
5124	5.772445e+15	1.026598e+02	4.362681e+01	2.083610e+16
5125	5.772685e+15	1.032368e+02	4.607012e+01	3.310170e+16
5126	5.772927e+15	1.085417e+02	4.744318e+01	3.278897e+16
5127	5.773163e+15	1.108086e+02	4.636978e+01	2.305316e+16
5128	5.773396e+15	1.034937e+02	3.997841e+01	2.203998e+16
5129	5.773640e+15	1.123579e+02	4.372650e+01	3.162883e+16
5130	5.773877e+15	1.098414e+02	4.173362e+01	2.159658e+16
5131	5.774114e+15	1.102982e+02	4.089982e+01	2.835303e+16
5132	5.774350e+15	1.208139e+02	4.302571e+01	3.641634e+16
5133	5.774574e+15	1.156560e+02	3.967466e+01	2.228422e+16
5134	5.774794e+15	1.215735e+02	3.938679e+01	1.880983e+16
5135	5.775008e+15	1.184754e+02	3.665507e+01	1.749972e+16
5136	5.775222e+15	1.176788e+02	3.670256e+01	2.044084e+16
5137	5.775438e+15	1.205591e+02	3.696379e+01	2.982541e+16
5138	5.775654e+15	1.160261e+02	3.733802e+01	1.692055e+16
5139	5.775872e+15	1.165479e+02	3.875698e+01	2.832881e+16
5140	5.776091e+15	1.152165e+02	3.921029e+01	2.991061e+16
5141	5.776312e+15	1.183689e+02	4.024175e+01	2.499653e+16
5142	5.776535e+15	1.139101e+02	3.952550e+01	1.370188e+16
5143	5.776762e+15	1.122082e+02	3.919631e+01	8.263359e+15
5144	5.776993e+15	1.137688e+02	4.032873e+01	2.650040e+16
5145	5.777225e+15	1.092258e+02	4.010416e+01	2.085136e+16
5146	5.777460e+15	1.082273e+02	4.002759e+01	2.752145e+16
5147	5.777697e+15	1.079567e+02	3.969184e+01	2.625031e+16
5148	5.777939e+15	1.063295e+02	4.049486e+01	2.780697e+16
5149	5.778182e+15	1.011576e+02	4.023416e+01	4.057427e+16
5150	5.778433e+15	1.027359e+02	4.144956e+01	2.645402e+16
5151	5.778684e+15	9.917432e+01	4.089613e+01	3.276133e+16
5152	5.778943e+15	9.909180e+01	4.166583e+01	2.975619e+16
5153	5.779204e+15	1.004195e+02	4.232217e+01	2.736272e+16
5154	5.779465e+15	9.606068e+01	4.193730e+01	3.420708e+16
5155	5.779733e+15	9.953317e+01	4.257114e+01	4.325038e+16
5156	5.780002e+15	9.750368e+01	4.178897e+01	1.989059e+16
5157	5.780279e+15	1.042779e+02	4.566325e+01	3.294351e+16
5158	5.780553e+15	1.032462e+02	4.359115e+01	2.883161e+16
5159	5.780829e+15	1.068719e+02	4.450560e+01	1.498203e+16
5160	5.781096e+15	1.090813e+02	4.571976e+01	5.108894e+16
5161	5.781351e+15	1.046406e+02	4.494245e+01	2.960432e+16
5162	5.781605e+15	1.094799e+02	4.690597e+01	3.043856e+16
5163	5.781852e+15	1.045159e+02	4.565376e+01	3.993342e+16
5164	5.782097e+15	1.017004e+02	4.509712e+01	2.971192e+16
5165	5.782338e+15	1.066000e+02	4.591531e+01	3.394833e+16
5166	5.782571e+15	9.740646e+01	4.271229e+01	2.739985e+16
5167	5.782810e+15	1.029746e+02	4.481921e+01	3.462465e+16
5168	5.783047e+15	1.045647e+02	4.295978e+01	3.068124e+16
5169	5.783281e+15	1.047903e+02	4.120477e+01	3.737680e+16
5170	5.783517e+15	1.050316e+02	4.120427e+01	3.381685e+16
5171	5.783755e+15	1.058794e+02	4.128734e+01	3.052556e+16
5172	5.783991e+15	1.047503e+02	4.192583e+01	3.132498e+16
5173	5.784222e+15	1.025011e+02	4.091644e+01	2.538701e+16
5174	5.784451e+15	1.015412e+02	4.025372e+01	1.536704e+16
5175	5.784680e+15	9.565555e+01	3.953356e+01	4.441417e+16
5176	5.784909e+15	9.337423e+01	3.910598e+01	2.618658e+16
5177	5.785137e+15	9.060518e+01	3.919925e+01	1.759903e+16
5178	5.785367e+15	8.378672e+01	3.624608e+01	2.491352e+16
5179	5.785609e+15	8.181854e+01	3.769531e+01	3.381462e+16
5180	5.785857e+15	8.055724e+01	3.599217e+01	2.474303e+16
5181	5.786120e+15	8.573459e+01	3.782562e+01	3.112104e+16
5182	5.786388e+15	9.027690e+01	4.069323e+01	2.566850e+16
5183	5.786642e+15	8.753263e+01	3.956000e+01	3.266105e+16
5184	5.786889e+15	8.185957e+01	3.835726e+01	3.965540e+16
5185	5.787143e+15	8.477025e+01	4.049580e+01	2.906580e+16
5186	5.787392e+15	7.595955e+01	3.845130e+01	4.479916e+16
5187	5.787648e+15	8.870139e+01	4.093101e+01	2.529790e+16
5188	5.787885e+15	7.428730e+01	3.382571e+01	3.102599e+16
5189	5.788140e+15	8.449657e+01	3.917253e+01	3.003026e+16
5190	5.788385e+15	8.015803e+01	3.621121e+01	4.421397e+16
5191	5.788636e+15	8.357170e+01	4.004700e+01	3.820318e+16
5192	5.788877e+15	7.528915e+01	3.744934e+01	3.131190e+16
5193	5.789125e+15	7.968509e+01	4.185658e+01	3.275406e+16
5194	5.789358e+15	7.358214e+01	3.910910e+01	4.871061e+16
5195	5.789590e+15	7.053337e+01	3.837410e+01	4.190307e+16
5196	5.789825e+15	6.728232e+01	3.723133e+01	1.538017e+16
5197	5.790063e+15	6.272240e+01	3.371366e+01	2.831356e+16
5198	5.790313e+15	7.297181e+01	3.963067e+01	3.677386e+16
5199	5.790549e+15	6.669341e+01	3.549323e+01	3.051213e+16
5200	5.790790e+15	6.979728e+01	3.668809e+01	5.335398e+16
5201	5.791032e+15	7.151966e+01	3.726572e+01	3.606297e+16
5202	5.791274e+15	7.109094e+01	3.631025e+01	2.953402e+16
5203	5.791521e+15	7.527190e+01	3.910809e+01	5.059634e+16
5204	5.791757e+15	7.217004e+01	3.770607e+01	4.231070e+16
5205	5.791992e+15	7.666893e+01	3.964035e+01	3.923740e+16
5206	5.792220e+15	7.197796e+01	3.701874e+01	3.159159e+16
5207	5.792454e+15	7.400198e+01	3.769615e+01	3.791799e+16
5208	5.792688e+15	7.828884e+01	3.905864e+01	3.107866e+16
5209	5.792917e+15	7.962637e+01	3.893229e+01	2.901821e+16
5210	5.793140e+15	7.222584e+01	3.463031e+01	4.963382e+16
5211	5.793376e+15	7.769876e+01	3.569952e+01	6.257680e+16
5212	5.793613e+15	7.934188e+01	3.629293e+01	2.334319e+16
5213	5.793850e+15	7.443443e+01	3.445682e+01	2.586997e+16
5214	5.794101e+15	7.839849e+01	3.638119e+01	6.005842e+16
5215	5.794353e+15	8.010734e+01	3.685829e+01	4.535769e+16
5216	5.794599e+15	7.415920e+01	3.348460e+01	2.283532e+16
5217	5.794857e+15	8.565688e+01	3.995032e+01	5.216853e+16
5218	5.795088e+15	7.424917e+01	3.220421e+01	3.046429e+16
5219	5.795334e+15	8.176340e+01	3.492718e+01	2.384637e+16
5220	5.795573e+15	8.194817e+01	3.494831e+01	1.319734e+16
5221	5.795806e+15	8.185471e+01	3.301994e+01	2.790661e+16
5222	5.796042e+15	8.187445e+01	3.325551e+01	2.375444e+16
5223	5.796273e+15	8.160329e+01	3.357994e+01	2.768539e+16
5224	5.796501e+15	8.167367e+01	3.326595e+01	1.337773e+16
5225	5.796726e+15	7.647408e+01	3.258224e+01	2.196439e+16
5226	5.796954e+15	7.195508e+01	3.448940e+01	3.519499e+16
5227	5.797194e+15	7.688378e+01	3.916286e+01	3.660872e+16
5228	5.797428e+15	7.285778e+01	3.840794e+01	3.164718e+16
5229	5.797664e+15	7.138842e+01	3.807296e+01	4.858491e+16
5230	5.797904e+15	8.096359e+01	3.847538e+01	2.229511e+16
5231	5.798133e+15	7.599872e+01	3.411955e+01	1.120314e+16
5232	5.798378e+15	9.046913e+01	3.960763e+01	3.660182e+16
5233	5.798613e+15	9.093632e+01	3.872995e+01	3.866504e+16
5234	5.798845e+15	8.208677e+01	3.552532e+01	2.693913e+16
5235	5.799091e+15	9.001039e+01	4.150257e+01	3.757347e+16
5236	5.799325e+15	8.459026e+01	3.880512e+01	2.236176e+16
5237	5.799563e+15	9.468272e+01	4.250947e+01	2.954840e+16
5238	5.799788e+15	8.414424e+01	3.815143e+01	6.640223e+16
5239	5.800023e+15	9.020701e+01	4.187661e+01	5.294658e+16
5240	5.800248e+15	9.078586e+01	3.928072e+01	4.124340e+16
5241	5.800472e+15	9.074421e+01	3.787073e+01	1.860729e+16
5242	5.800696e+15	8.274469e+01	3.633707e+01	2.373082e+16
5243	5.800926e+15	9.103985e+01	3.750477e+01	3.601715e+16
5244	5.801151e+15	8.328213e+01	3.474610e+01	1.657589e+16
5245	5.801385e+15	8.846926e+01	3.751101e+01	2.029072e+16
5246	5.801614e+15	8.688167e+01	3.656854e+01	4.039252e+16
5247	5.801844e+15	8.318817e+01	3.576859e+01	3.590113e+16
5248	5.802082e+15	8.628353e+01	3.794928e+01	1.101573e+16
5249	5.802317e+15	8.038075e+01	3.648270e+01	1.513463e+16
5250	5.802558e+15	8.106535e+01	3.780982e+01	3.233081e+16
5251	5.802800e+15	8.125626e+01	3.872096e+01	2.808844e+16
5252	5.803040e+15	7.479058e+01	3.597809e+01	4.644060e+16
5253	5.803293e+15	8.118827e+01	3.984800e+01	4.232001e+16
5254	5.803539e+15	7.695271e+01	3.613377e+01	5.337398e+16
5255	5.803795e+15	7.851292e+01	3.850510e+01	4.855752e+16
5256	5.804051e+15	7.673981e+01	3.562335e+01	3.059420e+16
5257	5.804309e+15	7.553739e+01	3.576357e+01	2.565943e+16
5258	5.804573e+15	7.899625e+01	3.805798e+01	2.914882e+16
5259	5.804825e+15	7.878629e+01	3.740157e+01	3.306341e+16
5260	5.805072e+15	7.500376e+01	3.711575e+01	4.340286e+16
5261	5.805318e+15	7.654592e+01	3.907137e+01	3.623880e+16
5262	5.805556e+15	7.104568e+01	3.655162e+01	2.495402e+16
5263	5.805802e+15	7.590202e+01	3.894165e+01	4.493592e+16
5264	5.806042e+15	7.786836e+01	3.947139e+01	1.997093e+16
5265	5.806275e+15	7.549586e+01	3.700102e+01	2.801705e+16
5266	5.806511e+15	7.819227e+01	3.860173e+01	1.862916e+16
5267	5.806746e+15	8.188876e+01	3.922363e+01	1.565637e+16
5268	5.806976e+15	7.882487e+01	3.803189e+01	1.551183e+16
5269	5.807209e+15	8.076048e+01	3.952474e+01	3.186961e+16
5270	5.807436e+15	7.977421e+01	3.899815e+01	2.545678e+16
5271	5.807663e+15	7.733080e+01	3.760529e+01	4.337164e+16
5272	5.807895e+15	8.011474e+01	3.780969e+01	5.161227e+16
5273	5.808128e+15	7.786864e+01	3.249355e+01	4.047969e+16
5274	5.808370e+15	7.822112e+01	3.505697e+01	2.499421e+16
5275	5.808610e+15	7.649513e+01	3.538645e+01	4.137726e+16
5276	5.808853e+15	7.688427e+01	3.711980e+01	2.797702e+16
5277	5.809095e+15	7.384649e+01	3.882930e+01	3.251630e+16
5278	5.809335e+15	7.250581e+01	3.943928e+01	3.582301e+16
5279	5.809577e+15	7.140394e+01	3.962894e+01	3.317548e+16
5280	5.809821e+15	7.159715e+01	3.813400e+01	3.509323e+16
5281	5.810067e+15	7.727823e+01	4.170966e+01	3.703110e+16
5282	5.810307e+15	7.789613e+01	4.182886e+01	3.541565e+16
5283	5.810541e+15	7.683411e+01	3.956927e+01	3.839694e+16
5284	5.810774e+15	8.016273e+01	4.039950e+01	3.184022e+16
5285	5.811002e+15	8.323699e+01	4.101524e+01	3.564431e+16
5286	5.811226e+15	8.301130e+01	4.043888e+01	2.239682e+16
5287	5.811452e+15	8.534132e+01	4.233718e+01	4.558769e+16
5288	5.811673e+15	7.890761e+01	3.951729e+01	4.183438e+16
5289	5.811899e+15	8.647691e+01	4.368529e+01	4.049975e+16
5290	5.812114e+15	7.681371e+01	4.001511e+01	2.409830e+16
5291	5.812335e+15	7.594059e+01	3.974947e+01	3.536971e+16
5292	5.812564e+15	8.072430e+01	4.273117e+01	2.824938e+16
5293	5.812797e+15	8.185950e+01	4.457002e+01	4.932168e+16
5294	5.813030e+15	7.150654e+01	4.338500e+01	5.134904e+16
5295	5.813270e+15	7.976945e+01	4.952401e+01	2.571780e+16
5296	5.813493e+15	7.440050e+01	4.417281e+01	3.420461e+16
5297	5.813723e+15	7.571990e+01	4.598345e+01	5.295011e+16
5298	5.813955e+15	8.042089e+01	4.809423e+01	1.782518e+16
5299	5.814179e+15	7.335667e+01	4.181774e+01	3.955098e+16
5300	5.814414e+15	7.307988e+01	4.414663e+01	3.028047e+16
5301	5.814656e+15	8.139423e+01	4.879021e+01	4.233807e+16
5302	5.814888e+15	7.924896e+01	4.586525e+01	2.629800e+16
5303	5.815120e+15	8.595941e+01	4.770529e+01	2.750479e+16
5304	5.815343e+15	8.480118e+01	4.574097e+01	2.589319e+16
5305	5.815566e+15	8.725661e+01	4.850633e+01	2.420296e+16
5306	5.815781e+15	7.576989e+01	4.471990e+01	3.269962e+16
5307	5.816005e+15	8.224477e+01	4.967704e+01	1.698138e+16
5308	5.816218e+15	8.289935e+01	4.777808e+01	4.627478e+16
5309	5.816428e+15	7.677150e+01	4.506160e+01	3.052592e+16
5310	5.816645e+15	8.102452e+01	4.746897e+01	3.241985e+16
5311	5.816857e+15	8.358065e+01	4.616261e+01	2.440471e+16
5312	5.817067e+15	8.222814e+01	4.492160e+01	2.693289e+16
5313	5.817279e+15	8.284236e+01	4.487319e+01	1.876607e+16
5314	5.817492e+15	8.449642e+01	4.485387e+01	2.684146e+16
5315	5.817703e+15	8.420453e+01	4.257321e+01	9.219718e+15
5316	5.817915e+15	8.643405e+01	4.363257e+01	2.249779e+16
5317	5.818125e+15	8.569961e+01	4.352705e+01	2.211587e+16
5318	5.818332e+15	8.869288e+01	4.295343e+01	2.786571e+16
5319	5.818536e+15	8.560265e+01	4.238841e+01	4.057331e+16
5320	5.818742e+15	8.841390e+01	4.309236e+01	1.922858e+16
5321	5.818951e+15	8.450925e+01	4.181441e+01	3.796992e+16
5322	5.819162e+15	7.339487e+01	3.991120e+01	2.500124e+16
5323	5.819391e+15	7.510007e+01	4.363102e+01	5.523022e+16
5324	5.819623e+15	7.914826e+01	4.389905e+01	4.178036e+16
5325	5.819855e+15	7.239197e+01	3.936155e+01	2.872342e+16
5326	5.820101e+15	8.413942e+01	4.728640e+01	5.320641e+16
5327	5.820322e+15	7.220019e+01	3.870964e+01	4.817106e+16
5328	5.820558e+15	8.337357e+01	4.225584e+01	3.574244e+16
5329	5.820790e+15	8.484385e+01	3.961670e+01	2.950314e+16
5330	5.821023e+15	9.064707e+01	4.066337e+01	2.626807e+16
5331	5.821249e+15	9.587015e+01	4.021939e+01	3.354042e+16
5332	5.821463e+15	9.328286e+01	3.889343e+01	3.369765e+16
5333	5.821675e+15	9.237190e+01	3.959430e+01	2.841141e+16
5334	5.821883e+15	8.881617e+01	3.916737e+01	4.549248e+16
5335	5.822090e+15	8.402409e+01	4.066014e+01	5.208665e+16
5336	5.822295e+15	8.237486e+01	4.104338e+01	2.736005e+16
5337	5.822498e+15	8.150057e+01	4.027063e+01	3.613972e+16
5338	5.822701e+15	8.134909e+01	4.079036e+01	2.976492e+16
5339	5.822902e+15	8.001692e+01	4.021191e+01	3.191443e+16
5340	5.823105e+15	8.485064e+01	4.167376e+01	2.424252e+16
5341	5.823307e+15	7.924059e+01	3.965847e+01	3.520220e+16
5342	5.823516e+15	8.330599e+01	4.098045e+01	3.620594e+16
5343	5.823723e+15	7.315329e+01	3.784540e+01	2.801966e+16
5344	5.823941e+15	7.770195e+01	3.875414e+01	3.401476e+16
5345	5.824169e+15	8.413787e+01	4.357500e+01	3.099447e+16
5346	5.824392e+15	7.882869e+01	4.402271e+01	2.955130e+16
5347	5.824618e+15	8.357717e+01	4.624109e+01	1.790300e+16
5348	5.824839e+15	7.449876e+01	4.132831e+01	4.111450e+16
5349	5.825076e+15	8.405884e+01	4.756413e+01	2.814242e+16
5350	5.825305e+15	7.843340e+01	4.441841e+01	3.581724e+16
5351	5.825538e+15	7.993486e+01	4.509576e+01	4.803581e+16
5352	5.825772e+15	8.391721e+01	4.683022e+01	3.698779e+16
5353	5.826003e+15	8.182165e+01	4.559049e+01	3.214298e+16
5354	5.826234e+15	8.574190e+01	4.809710e+01	4.183628e+16
5355	5.826460e+15	8.706636e+01	4.839567e+01	2.921546e+16
5356	5.826682e+15	8.725309e+01	4.671078e+01	3.690397e+16
5357	5.826908e+15	9.218559e+01	4.896553e+01	1.735175e+16
5358	5.827130e+15	9.215102e+01	5.046876e+01	1.483086e+16
5359	5.827348e+15	8.749629e+01	4.943670e+01	1.745928e+16
5360	5.827566e+15	8.526623e+01	4.785584e+01	3.365641e+16
5361	5.827787e+15	9.297937e+01	5.190755e+01	2.309824e+16
5362	5.828000e+15	8.901259e+01	4.816812e+01	4.887343e+16
5363	5.828216e+15	9.065915e+01	4.858073e+01	3.144007e+16
5364	5.828432e+15	8.364241e+01	4.888026e+01	2.705993e+16
5365	5.828644e+15	7.019181e+01	4.256670e+01	3.721788e+16
5366	5.828876e+15	7.348324e+01	4.793546e+01	1.635008e+16
5367	5.829103e+15	6.668187e+01	4.786459e+01	1.852039e+16
5368	5.829330e+15	6.344232e+01	4.756722e+01	3.610585e+16
5369	5.829563e+15	6.714909e+01	5.217991e+01	4.266064e+16
5370	5.829783e+15	6.559249e+01	5.024396e+01	3.763325e+16
5371	5.830001e+15	6.755543e+01	5.147348e+01	2.992206e+16
5372	5.830213e+15	6.686258e+01	4.950831e+01	3.204245e+16
5373	5.830429e+15	7.256175e+01	5.212729e+01	2.185297e+16
5374	5.830640e+15	7.468585e+01	5.196008e+01	5.980398e+16
5375	5.830848e+15	6.893648e+01	4.728110e+01	5.229519e+16
5376	5.831063e+15	7.300926e+01	5.222552e+01	4.693861e+16
5377	5.831280e+15	6.982266e+01	5.188279e+01	4.772455e+16
5378	5.831501e+15	7.338416e+01	5.440155e+01	4.453816e+16
5379	5.831720e+15	7.140265e+01	5.172781e+01	3.043509e+16
5380	5.831948e+15	8.114816e+01	5.699014e+01	3.786330e+16
5381	5.832166e+15	8.442894e+01	5.235525e+01	3.129405e+16
5382	5.832389e+15	9.321162e+01	5.440088e+01	2.439720e+16
5383	5.832607e+15	9.083355e+01	5.195839e+01	4.454072e+16
5384	5.832824e+15	9.293079e+01	5.262438e+01	5.377139e+16
5385	5.833036e+15	9.245749e+01	5.148132e+01	3.195765e+16
5386	5.833248e+15	9.593533e+01	5.197451e+01	4.624133e+16
5387	5.833457e+15	1.029592e+02	5.268981e+01	4.229830e+16
5388	5.833661e+15	9.579263e+01	4.832227e+01	2.425748e+16
5389	5.833872e+15	1.001810e+02	5.279795e+01	2.484159e+16
5390	5.834078e+15	9.737989e+01	5.149289e+01	6.744855e+16
5391	5.834284e+15	9.374878e+01	4.939394e+01	3.144247e+16
5392	5.834492e+15	9.404348e+01	4.926521e+01	3.353721e+16
5393	5.834704e+15	9.588562e+01	5.201480e+01	3.267484e+16
5394	5.834913e+15	9.428881e+01	4.901120e+01	3.090037e+16
5395	5.835129e+15	9.285601e+01	4.920211e+01	2.030593e+16
5396	5.835351e+15	8.983509e+01	4.730805e+01	4.170531e+16
5397	5.835580e+15	8.851813e+01	4.921683e+01	3.621324e+16
5398	5.835812e+15	9.614337e+01	5.390052e+01	3.831205e+16
5399	5.836033e+15	9.105332e+01	5.066529e+01	2.278672e+16
5400	5.836257e+15	9.486164e+01	5.378844e+01	3.952720e+16
5401	5.836474e+15	9.443697e+01	5.026174e+01	2.296472e+16
5402	5.836692e+15	9.161494e+01	5.091464e+01	3.453136e+16
5403	5.836906e+15	9.740078e+01	5.036106e+01	3.473899e+16
5404	5.837115e+15	9.449969e+01	4.963801e+01	2.812057e+16
5405	5.837327e+15	9.175935e+01	4.789017e+01	3.821006e+16
5406	5.837542e+15	9.539222e+01	4.966317e+01	2.007807e+16
5407	5.837757e+15	9.946485e+01	5.131628e+01	1.425787e+16
5408	5.837968e+15	9.830146e+01	4.925476e+01	3.079076e+16
5409	5.838181e+15	9.356232e+01	5.204097e+01	4.735735e+16
5410	5.838390e+15	9.130710e+01	5.253296e+01	6.342522e+16
5411	5.838596e+15	8.955620e+01	5.170798e+01	1.966775e+16
5412	5.838801e+15	9.151589e+01	5.111454e+01	3.922614e+16
5413	5.839008e+15	9.241174e+01	4.781099e+01	1.837211e+16
5414	5.839222e+15	1.021382e+02	5.104163e+01	4.243378e+16
5415	5.839433e+15	1.073564e+02	5.076394e+01	3.346975e+16
5416	5.839643e+15	9.161327e+01	4.594070e+01	3.190459e+16
5417	5.839861e+15	8.953454e+01	4.755125e+01	2.793548e+16
5418	5.840087e+15	1.058628e+02	5.631054e+01	5.464226e+16
5419	5.840289e+15	9.274307e+01	4.838727e+01	1.612685e+16
5420	5.840506e+15	1.058254e+02	5.611159e+01	5.406185e+16
5421	5.840720e+15	9.502090e+01	5.228418e+01	3.725687e+16
5422	5.840942e+15	1.101241e+02	6.093265e+01	4.219622e+16
5423	5.841148e+15	1.034819e+02	5.459507e+01	5.545325e+16
5424	5.841353e+15	9.807743e+01	5.248575e+01	3.428235e+16
5425	5.841559e+15	1.045186e+02	5.486360e+01	3.087317e+16
5426	5.841756e+15	9.651094e+01	4.888501e+01	1.930121e+16
5427	5.841965e+15	1.126389e+02	5.365592e+01	3.653380e+16
5428	5.842163e+15	9.222203e+01	4.632385e+01	4.267001e+16
5429	5.842380e+15	1.062062e+02	5.785725e+01	2.881392e+16
5430	5.842578e+15	9.249913e+01	4.910563e+01	2.071060e+16
5431	5.842787e+15	8.839516e+01	5.078525e+01	2.133921e+16
5432	5.843005e+15	9.875049e+01	5.830191e+01	3.703083e+16
5433	5.843208e+15	8.926061e+01	5.104724e+01	1.791812e+16
5434	5.843421e+15	9.915331e+01	5.634965e+01	2.812990e+16
5435	5.843629e+15	9.904130e+01	5.539211e+01	3.007657e+16
5436	5.843836e+15	8.840972e+01	5.211855e+01	5.180255e+16
5437	5.844051e+15	9.446325e+01	5.678568e+01	2.991150e+16
5438	5.844258e+15	9.187245e+01	5.593472e+01	2.623970e+16
5439	5.844464e+15	8.849250e+01	5.586578e+01	1.973396e+16
5440	5.844673e+15	9.283793e+01	5.539066e+01	3.800746e+16
5441	5.844880e+15	8.056093e+01	4.938674e+01	2.972417e+16
5442	5.845108e+15	8.339210e+01	5.655528e+01	3.175426e+16
5443	5.845334e+15	9.091258e+01	5.972339e+01	4.804327e+16
5444	5.845548e+15	9.391744e+01	5.628501e+01	2.170528e+16
5445	5.845759e+15	9.475971e+01	5.644323e+01	3.058313e+16
5446	5.845969e+15	1.001540e+02	5.704699e+01	4.358815e+16
5447	5.846175e+15	9.236692e+01	5.017802e+01	3.103950e+16
5448	5.846391e+15	9.698034e+01	5.645230e+01	2.974894e+16
5449	5.846603e+15	9.580753e+01	5.164697e+01	3.251135e+16
5450	5.846820e+15	9.693198e+01	5.060333e+01	2.720991e+16
5451	5.847045e+15	1.031650e+02	5.262828e+01	3.178003e+16
5452	5.847265e+15	9.912152e+01	5.167513e+01	2.026158e+16
5453	5.847492e+15	9.708025e+01	5.283184e+01	3.811115e+16
5454	5.847720e+15	9.897411e+01	5.110825e+01	4.758571e+16
5455	5.847950e+15	1.053082e+02	5.416444e+01	2.313057e+16
5456	5.848171e+15	9.811643e+01	5.133041e+01	3.686505e+16
5457	5.848393e+15	8.962160e+01	4.737357e+01	1.276771e+16
5458	5.848629e+15	9.247483e+01	5.312442e+01	5.121238e+16
5459	5.848862e+15	9.261135e+01	5.527450e+01	1.874314e+16
5460	5.849093e+15	8.870220e+01	5.533022e+01	2.689629e+16
5461	5.849327e+15	9.317840e+01	5.851571e+01	2.030833e+16
5462	5.849551e+15	9.535388e+01	5.939981e+01	3.864927e+16
5463	5.849769e+15	9.460396e+01	5.732957e+01	2.316752e+16
5464	5.849988e+15	9.523039e+01	5.745470e+01	1.725374e+16
5465	5.850208e+15	9.297209e+01	5.488521e+01	4.196882e+16
5466	5.850431e+15	9.754437e+01	5.884304e+01	2.825821e+16
5467	5.850652e+15	9.244904e+01	5.537198e+01	5.152290e+16
5468	5.850880e+15	9.656566e+01	5.755667e+01	3.432606e+16
5469	5.851106e+15	9.076440e+01	5.467238e+01	4.416877e+16
5470	5.851333e+15	9.359304e+01	5.509909e+01	3.512425e+16
5471	5.851561e+15	9.532272e+01	5.491229e+01	2.672226e+16
5472	5.851788e+15	9.704981e+01	5.370249e+01	3.456760e+16
5473	5.852015e+15	9.837649e+01	5.045314e+01	4.612322e+16
5474	5.852247e+15	9.258403e+01	4.989081e+01	3.876772e+16
5475	5.852488e+15	9.668442e+01	5.347370e+01	5.731656e+16
5476	5.852728e+15	9.834684e+01	5.175231e+01	4.924696e+16
5477	5.852968e+15	9.240983e+01	4.991921e+01	2.454066e+16
5478	5.853213e+15	1.025583e+02	5.421685e+01	2.213043e+16
5479	5.853446e+15	1.006318e+02	5.146180e+01	1.554922e+16
5480	5.853677e+15	1.031201e+02	5.118977e+01	3.695568e+16
5481	5.853902e+15	1.061670e+02	4.969814e+01	2.000175e+16
5482	5.854121e+15	1.069400e+02	4.866801e+01	3.204262e+16
5483	5.854338e+15	1.037178e+02	4.758342e+01	3.695009e+16
5484	5.854554e+15	1.033138e+02	4.620229e+01	2.308841e+16
5485	5.854770e+15	1.074915e+02	4.582421e+01	2.615557e+16
5486	5.854983e+15	1.002820e+02	4.032322e+01	2.702132e+16
5487	5.855207e+15	1.090900e+02	4.624022e+01	3.273795e+16
5488	5.855424e+15	1.069496e+02	4.428450e+01	2.294150e+16
5489	5.855644e+15	9.956411e+01	4.157054e+01	4.132862e+16
5490	5.855871e+15	1.076927e+02	4.409629e+01	1.937591e+16
5491	5.856093e+15	9.775356e+01	3.904710e+01	2.382104e+16
5492	5.856329e+15	1.042532e+02	4.320044e+01	4.473865e+16
5493	5.856558e+15	9.877358e+01	3.995930e+01	2.238867e+16
5494	5.856794e+15	1.011734e+02	4.302600e+01	4.526568e+16
5495	5.857024e+15	1.035083e+02	4.343374e+01	3.617825e+16
5496	5.857250e+15	1.004964e+02	4.089088e+01	3.085064e+16
5497	5.857479e+15	1.022387e+02	3.756580e+01	3.763712e+16
5498	5.857708e+15	1.000360e+02	3.726063e+01	3.355109e+16
5499	5.857941e+15	1.016585e+02	3.856879e+01	3.201746e+16
5500	5.858173e+15	1.065758e+02	3.881726e+01	2.567020e+16
5501	5.858397e+15	1.041355e+02	3.774772e+01	2.575279e+16
5502	5.858623e+15	9.883271e+01	3.810274e+01	3.463808e+16
5503	5.858851e+15	9.572307e+01	3.937020e+01	1.635413e+16
5504	5.859078e+15	9.092881e+01	3.967582e+01	3.518384e+16
5505	5.859303e+15	8.360813e+01	4.015641e+01	1.632272e+16
5506	5.859535e+15	8.095758e+01	4.225576e+01	1.194007e+16
5507	5.859769e+15	7.910157e+01	4.235350e+01	2.084490e+16
5508	5.860004e+15	7.469510e+01	4.145403e+01	2.021438e+16
5509	5.860247e+15	7.795654e+01	4.100744e+01	2.670774e+16
5510	5.860496e+15	7.827580e+01	4.120043e+01	2.739184e+16
5511	5.860753e+15	8.523605e+01	4.435412e+01	4.298164e+16
5512	5.861004e+15	8.646692e+01	4.495263e+01	3.437079e+16
5513	5.861248e+15	8.360457e+01	4.393440e+01	2.276337e+16
5514	5.861490e+15	8.357243e+01	4.353617e+01	2.180445e+16
5515	5.861732e+15	8.445876e+01	4.374317e+01	2.266609e+16
5516	5.861972e+15	8.399594e+01	4.187086e+01	3.220318e+16
5517	5.862214e+15	8.472180e+01	4.080835e+01	3.604441e+16
5518	5.862457e+15	8.800073e+01	4.248988e+01	2.948599e+16
5519	5.862697e+15	8.716754e+01	4.132393e+01	3.477450e+16
5520	5.862937e+15	8.201003e+01	3.948052e+01	1.110869e+16
5521	5.863184e+15	8.881157e+01	4.373124e+01	2.073703e+16
5522	5.863420e+15	8.388377e+01	3.865762e+01	5.596125e+16
5523	5.863662e+15	8.332741e+01	4.129626e+01	3.511947e+16
5524	5.863906e+15	8.528225e+01	4.163403e+01	1.754236e+16
5525	5.864156e+15	8.271048e+01	4.155735e+01	2.923029e+16
5526	5.864419e+15	9.611135e+01	4.966396e+01	4.927690e+16
5527	5.864664e+15	9.080807e+01	4.674661e+01	2.752993e+16
5528	5.864906e+15	9.162917e+01	4.585013e+01	3.016767e+16
5529	5.865148e+15	9.247380e+01	4.516219e+01	4.182379e+16
5530	5.865393e+15	9.154198e+01	4.389697e+01	2.646999e+16
5531	5.865646e+15	9.706101e+01	4.743514e+01	3.903352e+16
5532	5.865893e+15	9.206823e+01	4.716217e+01	2.771592e+16
5533	5.866141e+15	9.740582e+01	4.881555e+01	3.890673e+16
5534	5.866386e+15	9.882408e+01	4.990616e+01	4.766327e+16
5535	5.866626e+15	9.151690e+01	4.480766e+01	2.542593e+16
5536	5.866875e+15	9.898391e+01	4.866258e+01	5.660933e+16
5537	5.867122e+15	9.145720e+01	4.878147e+01	4.024738e+16
5538	5.867377e+15	9.033123e+01	4.884393e+01	2.834317e+16
5539	5.867643e+15	9.812877e+01	5.293387e+01	3.169889e+16
5540	5.867901e+15	9.875441e+01	5.234788e+01	4.891907e+16
5541	5.868156e+15	1.009483e+02	5.174147e+01	3.677985e+16
5542	5.868409e+15	9.779522e+01	5.017507e+01	3.177652e+16
5543	5.868664e+15	9.647475e+01	5.044846e+01	4.368200e+16
5544	5.868919e+15	1.029067e+02	5.163287e+01	2.665487e+16
5545	5.869166e+15	9.953166e+01	4.851702e+01	3.192642e+16
5546	5.869415e+15	9.788087e+01	4.613228e+01	3.333869e+16
5547	5.869672e+15	1.063848e+02	5.099890e+01	2.383467e+16
5548	5.869922e+15	1.087044e+02	5.249035e+01	5.271878e+16
5549	5.870162e+15	1.009662e+02	4.631314e+01	2.225322e+16
5550	5.870409e+15	1.074401e+02	5.147889e+01	2.640438e+16
5551	5.870647e+15	8.447066e+01	4.346577e+01	3.533762e+16
5552	5.870908e+15	9.826627e+01	5.295515e+01	3.018610e+16
5553	5.871155e+15	8.860233e+01	4.776273e+01	4.417911e+16
5554	5.871410e+15	9.589564e+01	5.237695e+01	3.511531e+16
5555	5.871660e+15	9.640201e+01	5.363673e+01	3.156501e+16
5556	5.871902e+15	9.958815e+01	5.256924e+01	1.459732e+16
5557	5.872142e+15	9.932060e+01	5.199143e+01	2.893655e+16
5558	5.872381e+15	9.111187e+01	4.970607e+01	3.502555e+16
5559	5.872627e+15	8.881950e+01	5.393094e+01	3.597311e+16
5560	5.872874e+15	8.712642e+01	5.541548e+01	2.923912e+16
5561	5.873122e+15	8.695883e+01	5.349127e+01	3.098684e+16
5562	5.873370e+15	8.030209e+01	4.930476e+01	5.275057e+16
5563	5.873638e+15	8.441394e+01	5.185956e+01	4.719715e+16
5564	5.873911e+15	7.918606e+01	4.718241e+01	5.095412e+16
5565	5.874208e+15	9.174342e+01	5.461317e+01	6.157124e+16
5566	5.874500e+15	1.013959e+02	5.635265e+01	5.783480e+16
5567	5.874778e+15	1.029057e+02	5.533728e+01	3.758375e+16
5568	5.875045e+15	1.050282e+02	5.383418e+01	7.948956e+16
5569	5.875304e+15	1.023487e+02	5.094699e+01	4.796079e+16
5570	5.875562e+15	1.007337e+02	4.813457e+01	5.218270e+16
5571	5.875823e+15	9.600281e+01	4.845757e+01	1.186755e+16
5572	5.876095e+15	1.063572e+02	5.391063e+01	3.498908e+16
5573	5.876355e+15	1.069041e+02	5.166071e+01	2.937611e+16
5574	5.876606e+15	1.010482e+02	4.843422e+01	4.287140e+16
5575	5.876861e+15	1.055317e+02	5.019658e+01	1.563087e+16
5576	5.877112e+15	1.072758e+02	5.007715e+01	3.432123e+16
5577	5.877359e+15	1.068709e+02	4.879814e+01	1.879352e+16
5578	5.877610e+15	1.126180e+02	4.763603e+01	2.549315e+16
5579	5.877858e+15	1.076243e+02	4.608884e+01	3.395797e+16
5580	5.878113e+15	1.085549e+02	4.962674e+01	2.908916e+16
5581	5.878365e+15	9.982648e+01	4.938009e+01	3.551921e+16
5582	5.878621e+15	1.030941e+02	5.140528e+01	2.687352e+16
5583	5.878875e+15	9.131381e+01	4.737547e+01	1.542713e+16
5584	5.879148e+15	1.042952e+02	5.357577e+01	4.718104e+16
5585	5.879406e+15	9.837234e+01	5.084139e+01	4.466082e+16
5586	5.879667e+15	1.042451e+02	5.412568e+01	4.004372e+16
5587	5.879923e+15	1.088097e+02	5.332141e+01	2.696826e+16
5588	5.880173e+15	1.052215e+02	5.206583e+01	2.108700e+16
5589	5.880424e+15	1.089851e+02	5.382736e+01	3.907559e+16
5590	5.880667e+15	1.057144e+02	5.251251e+01	3.539909e+16
5591	5.880909e+15	1.016938e+02	5.080253e+01	3.285122e+16
5592	5.881155e+15	1.045688e+02	5.290952e+01	2.905831e+16
5593	5.881397e+15	9.259383e+01	4.823041e+01	4.518430e+16
5594	5.881646e+15	9.622374e+01	5.102106e+01	2.938906e+16
5595	5.881894e+15	9.556074e+01	5.033536e+01	3.482967e+16
5596	5.882140e+15	9.687867e+01	4.964399e+01	3.199863e+16
5597	5.882386e+15	9.709871e+01	4.804521e+01	3.097829e+16
5598	5.882634e+15	1.012531e+02	4.894883e+01	1.278568e+16
5599	5.882883e+15	1.056147e+02	5.131451e+01	2.178173e+16
5600	5.883122e+15	1.014468e+02	4.850618e+01	4.383579e+16
5601	5.883366e+15	9.985641e+01	4.851245e+01	3.288680e+16
5602	5.883614e+15	1.019194e+02	4.721021e+01	3.720016e+16
5603	5.883870e+15	1.016448e+02	4.773474e+01	3.512644e+16
5604	5.884135e+15	9.912575e+01	4.808709e+01	3.065845e+16
5605	5.884408e+15	1.046310e+02	5.211879e+01	3.024851e+16
5606	5.884682e+15	1.109354e+02	5.533383e+01	3.664885e+16
5607	5.884943e+15	1.033975e+02	4.632193e+01	2.629488e+16
5608	5.885219e+15	1.146477e+02	5.290400e+01	4.791948e+16
5609	5.885483e+15	1.044018e+02	4.964738e+01	2.598434e+16
5610	5.885751e+15	1.152478e+02	5.579889e+01	4.182371e+16
5611	5.886002e+15	1.133557e+02	5.460524e+01	2.225766e+16
5612	5.886242e+15	1.070060e+02	5.316227e+01	4.590221e+16
5613	5.886480e+15	1.163063e+02	5.641485e+01	4.024102e+16
5614	5.886703e+15	1.051111e+02	4.911851e+01	2.806397e+16
5615	5.886935e+15	1.164249e+02	5.341636e+01	2.319258e+16
5616	5.887158e+15	1.067339e+02	5.043711e+01	2.671094e+16
5617	5.887382e+15	1.070707e+02	4.850810e+01	2.388314e+16
5618	5.887616e+15	1.192089e+02	5.420557e+01	1.955044e+16
5619	5.887841e+15	9.382399e+01	4.652683e+01	2.315634e+16
5620	5.888093e+15	1.122635e+02	5.762630e+01	2.289685e+16
5621	5.888334e+15	1.016103e+02	5.062197e+01	3.753346e+16
5622	5.888587e+15	9.757555e+01	4.853451e+01	3.479840e+16
5623	5.888858e+15	1.188553e+02	5.834816e+01	3.235030e+16
5624	5.889110e+15	1.041831e+02	5.127157e+01	3.492827e+16
5625	5.889374e+15	1.053971e+02	5.050340e+01	2.429025e+16
5626	5.889650e+15	1.155686e+02	5.631575e+01	4.933347e+16
5627	5.889909e+15	1.100077e+02	5.346172e+01	2.280196e+16
5628	5.890166e+15	1.180902e+02	5.710284e+01	4.139481e+16
5629	5.890410e+15	1.045876e+02	5.062611e+01	2.103090e+16
5630	5.890667e+15	1.145142e+02	5.585618e+01	2.921607e+16
5631	5.890917e+15	1.132644e+02	5.627827e+01	2.932068e+16
5632	5.891160e+15	1.097975e+02	5.471283e+01	2.467571e+16
5633	5.891399e+15	1.135841e+02	5.272865e+01	2.562766e+16
5634	5.891634e+15	9.967462e+01	4.796846e+01	1.925461e+16
5635	5.891883e+15	1.024919e+02	5.264796e+01	1.853533e+16
5636	5.892136e+15	1.112161e+02	5.615561e+01	2.592602e+16
5637	5.892376e+15	1.075100e+02	5.177556e+01	2.018674e+16
5638	5.892616e+15	1.083503e+02	5.251820e+01	2.902154e+16
5639	5.892853e+15	9.199525e+01	4.559595e+01	3.428016e+16
5640	5.893112e+15	1.049403e+02	5.455118e+01	3.604052e+16
5641	5.893361e+15	1.086704e+02	5.678385e+01	1.869440e+16
5642	5.893597e+15	1.016936e+02	5.203470e+01	9.554949e+15
5643	5.893837e+15	1.081575e+02	5.687464e+01	3.321726e+16
5644	5.894068e+15	9.678302e+01	5.126140e+01	2.830073e+16
5645	5.894307e+15	9.846077e+01	5.632497e+01	2.557166e+16
5646	5.894545e+15	1.003628e+02	5.747266e+01	2.362291e+16
5647	5.894779e+15	1.018192e+02	5.681632e+01	1.612802e+16
5648	5.895009e+15	1.019760e+02	5.550302e+01	3.009383e+16
5649	5.895238e+15	1.067051e+02	5.619961e+01	1.984232e+16
5650	5.895460e+15	9.625829e+01	4.806058e+01	2.443761e+16
5651	5.895705e+15	1.041132e+02	5.173535e+01	3.487362e+16
5652	5.895952e+15	1.141981e+02	5.500679e+01	3.155462e+16
5653	5.896185e+15	1.000995e+02	4.535774e+01	1.611473e+16
5654	5.896437e+15	1.192829e+02	5.563286e+01	2.859956e+16
5655	5.896666e+15	9.564895e+01	4.370660e+01	1.950307e+16
5656	5.896918e+15	1.216363e+02	5.152653e+01	2.735561e+16
5657	5.897146e+15	1.000625e+02	3.965937e+01	1.358416e+16
5658	5.897396e+15	1.120317e+02	4.601790e+01	3.696334e+16
5659	5.897642e+15	1.111066e+02	4.641896e+01	2.388969e+16
5660	5.897882e+15	1.058122e+02	4.508852e+01	2.667427e+16
5661	5.898125e+15	1.084739e+02	4.718557e+01	2.385293e+16
5662	5.898362e+15	1.028410e+02	4.722048e+01	4.046458e+16
5663	5.898598e+15	9.773183e+01	4.464559e+01	2.170095e+16
5664	5.898841e+15	9.575443e+01	4.641741e+01	2.537700e+16
5665	5.899089e+15	1.098757e+02	5.294667e+01	2.174503e+16
5666	5.899320e+15	9.059563e+01	4.276864e+01	1.759622e+16
5667	5.899573e+15	1.048665e+02	4.994740e+01	3.599122e+16
5668	5.899815e+15	9.148712e+01	4.497710e+01	4.041672e+16
5669	5.900065e+15	1.029046e+02	5.139598e+01	4.062773e+16
5670	5.900300e+15	1.001548e+02	4.737159e+01	2.924005e+16
5671	5.900534e+15	9.618823e+01	4.415735e+01	1.681674e+16
5672	5.900777e+15	9.955946e+01	4.683032e+01	2.093914e+16
5673	5.901018e+15	9.912746e+01	4.527609e+01	2.578047e+16
5674	5.901265e+15	1.009490e+02	4.433725e+01	2.934650e+16
5675	5.901514e+15	9.082457e+01	4.227017e+01	2.775655e+16
5676	5.901781e+15	9.852584e+01	4.586436e+01	2.744645e+16
5677	5.902053e+15	1.076369e+02	4.928455e+01	3.198228e+16
5678	5.902313e+15	1.049876e+02	4.787844e+01	2.985750e+16
5679	5.902567e+15	9.872761e+01	4.336928e+01	1.937591e+16
5680	5.902830e+15	1.085386e+02	4.636805e+01	2.899195e+16
5681	5.903091e+15	1.142567e+02	4.726897e+01	2.316707e+16
5682	5.903343e+15	1.123769e+02	4.697201e+01	1.238847e+16
5683	5.903590e+15	1.121211e+02	4.452179e+01	1.484180e+16
5684	5.903838e+15	1.155047e+02	4.581054e+01	1.433851e+16
5685	5.904081e+15	1.114201e+02	4.364686e+01	3.416356e+16
5686	5.904330e+15	1.207753e+02	4.792455e+01	1.829804e+16
5687	5.904569e+15	1.207830e+02	4.514705e+01	2.537207e+16
5688	5.904807e+15	1.239802e+02	4.611212e+01	2.667180e+16
5689	5.905036e+15	1.222457e+02	4.385808e+01	1.864333e+16
5690	5.905264e+15	1.264036e+02	4.375693e+01	1.911050e+16
5691	5.905487e+15	1.174239e+02	4.120219e+01	3.171783e+16
5692	5.905715e+15	1.207581e+02	4.228477e+01	1.802636e+16
5693	5.905941e+15	1.187083e+02	4.117683e+01	1.791037e+16
5694	5.906166e+15	1.081101e+02	3.554814e+01	3.239426e+16
5695	5.906403e+15	1.103020e+02	4.060574e+01	1.473719e+16
5696	5.906642e+15	9.940887e+01	3.744712e+01	1.207466e+16
5697	5.906903e+15	1.111585e+02	4.345077e+01	2.898409e+16
5698	5.907164e+15	1.188005e+02	4.473185e+01	3.699065e+16
5699	5.907415e+15	1.167855e+02	4.265315e+01	2.847764e+16
5700	5.907664e+15	1.109581e+02	4.111181e+01	1.644846e+16
5701	5.907915e+15	1.120052e+02	4.209286e+01	2.517248e+16
5702	5.908165e+15	1.120583e+02	4.195799e+01	1.859859e+16
5703	5.908410e+15	1.138836e+02	4.195595e+01	1.909794e+16
5704	5.908652e+15	1.088036e+02	3.987724e+01	3.016614e+16
5705	5.908898e+15	1.051278e+02	4.145148e+01	1.634587e+16
5706	5.909151e+15	1.010176e+02	4.245808e+01	2.678316e+16
5707	5.909411e+15	9.227987e+01	4.145642e+01	2.621037e+16
5708	5.909679e+15	9.141777e+01	4.376628e+01	2.772525e+16
5709	5.909951e+15	8.951273e+01	4.456012e+01	2.445401e+16
5710	5.910227e+15	9.042837e+01	4.637261e+01	4.345215e+16
5711	5.910497e+15	8.714183e+01	4.323308e+01	3.382189e+16
5712	5.910770e+15	8.660072e+01	4.516783e+01	2.886878e+16
5713	5.911042e+15	9.384529e+01	4.913346e+01	1.609010e+16
5714	5.911292e+15	8.350473e+01	4.467195e+01	3.257084e+16
5715	5.911543e+15	9.032015e+01	4.623618e+01	2.434332e+16
5716	5.911783e+15	8.579854e+01	4.235718e+01	2.717925e+16
5717	5.912028e+15	9.848798e+01	4.606940e+01	2.389311e+16
5718	5.912259e+15	9.327732e+01	4.239269e+01	3.064280e+16
5719	5.912491e+15	9.581887e+01	4.208116e+01	2.415579e+16
5720	5.912724e+15	9.705020e+01	4.249680e+01	2.154222e+16
5721	5.912955e+15	9.314809e+01	3.812953e+01	2.123016e+16
5722	5.913189e+15	9.449785e+01	3.931095e+01	1.406456e+16
5723	5.913423e+15	7.723729e+01	3.513219e+01	1.456233e+16
5724	5.913684e+15	8.584266e+01	4.174515e+01	3.649843e+16
5725	5.913945e+15	8.707705e+01	4.188577e+01	2.049915e+16
5726	5.914198e+15	8.515279e+01	3.981306e+01	2.950395e+16
5727	5.914449e+15	9.057856e+01	4.004469e+01	2.448281e+16
5728	5.914697e+15	8.724258e+01	3.899088e+01	1.979532e+16
5729	5.914947e+15	8.484628e+01	3.920917e+01	1.272530e+16
5730	5.915195e+15	8.119856e+01	4.042596e+01	2.371317e+16
5731	5.915445e+15	7.916137e+01	4.251459e+01	2.805060e+16
5732	5.915694e+15	8.197143e+01	4.459269e+01	9.960958e+15
5733	5.915933e+15	8.140097e+01	4.314721e+01	3.152685e+16
5734	5.916170e+15	7.869380e+01	4.373597e+01	2.573018e+16
5735	5.916407e+15	8.225787e+01	4.510332e+01	1.920305e+16
5736	5.916638e+15	7.842595e+01	4.254051e+01	5.428444e+15
5737	5.916871e+15	7.934658e+01	3.792075e+01	2.263034e+16
5738	5.917110e+15	8.645627e+01	3.957264e+01	1.575123e+16
5739	5.917345e+15	8.478620e+01	3.782414e+01	1.622960e+16
5740	5.917583e+15	8.640570e+01	3.670184e+01	1.126745e+16
5741	5.917823e+15	8.514631e+01	3.665235e+01	2.213619e+16
5742	5.918064e+15	8.242749e+01	3.637744e+01	2.165161e+16
5743	5.918308e+15	8.356365e+01	3.820611e+01	2.948184e+16
5744	5.918548e+15	7.922048e+01	3.682459e+01	3.529986e+16
5745	5.918791e+15	7.731576e+01	3.848012e+01	1.323392e+16
5746	5.919031e+15	7.356694e+01	3.831683e+01	2.057179e+16
5747	5.919268e+15	6.901218e+01	3.675156e+01	2.045196e+16
5748	5.919514e+15	7.110683e+01	3.818064e+01	2.709804e+16
5749	5.919758e+15	7.655792e+01	3.951451e+01	1.337828e+16
5750	5.919996e+15	6.616880e+01	3.562190e+01	1.673229e+16
5751	5.920246e+15	6.615380e+01	3.849096e+01	2.610570e+16
5752	5.920498e+15	6.881803e+01	4.020039e+01	2.089531e+16
5753	5.920746e+15	6.552084e+01	3.809370e+01	2.073828e+16
5754	5.920996e+15	5.900734e+01	3.726276e+01	2.040100e+16
5755	5.921264e+15	6.859382e+01	4.446565e+01	4.134687e+16
5756	5.921516e+15	6.775385e+01	4.425045e+01	3.661110e+16
5757	5.921762e+15	5.995999e+01	4.078014e+01	4.001646e+16
5758	5.922020e+15	6.396098e+01	4.149830e+01	2.812872e+16
5759	5.922281e+15	6.981658e+01	4.141908e+01	1.771688e+16
5760	5.922544e+15	7.112884e+01	4.117355e+01	3.324047e+16
5761	5.922808e+15	7.216689e+01	4.219678e+01	2.710907e+16
5762	5.923070e+15	6.788192e+01	3.952517e+01	2.665142e+16
5763	5.923342e+15	7.341391e+01	4.295954e+01	2.849408e+16
5764	5.923606e+15	7.603456e+01	4.309344e+01	3.225071e+16
5765	5.923861e+15	7.601354e+01	4.058212e+01	3.067877e+16
5766	5.924115e+15	8.498246e+01	4.258790e+01	4.084064e+16
5767	5.924360e+15	8.185413e+01	3.983642e+01	3.761879e+16
5768	5.924608e+15	8.617544e+01	4.082914e+01	2.331549e+16
5769	5.924848e+15	8.395748e+01	3.863744e+01	1.652717e+16
5770	5.925086e+15	8.322612e+01	3.866674e+01	3.386219e+16
5771	5.925321e+15	8.667534e+01	3.978024e+01	2.006259e+16
5772	5.925548e+15	8.222933e+01	3.751755e+01	4.027856e+16
5773	5.925780e+15	8.580124e+01	3.856444e+01	2.059067e+16
5774	5.926008e+15	8.513022e+01	3.892768e+01	2.181135e+16
5775	5.926230e+15	8.029939e+01	3.548818e+01	1.348031e+16
5776	5.926461e+15	8.886632e+01	3.695733e+01	2.602007e+16
5777	5.926695e+15	9.194376e+01	3.739252e+01	2.071097e+16
5778	5.926930e+15	8.660420e+01	3.765875e+01	2.413515e+16
5779	5.927165e+15	8.980014e+01	3.867504e+01	2.596841e+16
5780	5.927395e+15	8.324086e+01	3.539679e+01	2.417688e+16
5781	5.927634e+15	8.196407e+01	3.548153e+01	2.536058e+16
5782	5.927879e+15	8.566550e+01	3.834781e+01	2.129765e+16
5783	5.928121e+15	7.740779e+01	3.590733e+01	2.845600e+16
5784	5.928379e+15	7.960225e+01	3.877641e+01	1.656918e+16
5785	5.928640e+15	8.162594e+01	3.894841e+01	2.908645e+16
5786	5.928903e+15	8.354269e+01	3.948371e+01	9.055796e+15
5787	5.929166e+15	8.168871e+01	3.812172e+01	4.331248e+16
5788	5.929433e+15	8.604074e+01	4.050649e+01	2.289331e+16
5789	5.929698e+15	8.220138e+01	3.887313e+01	3.457069e+16
5790	5.929971e+15	8.904276e+01	4.159607e+01	3.192993e+16
5791	5.930232e+15	9.083124e+01	4.137045e+01	2.684216e+16
5792	5.930485e+15	9.377583e+01	4.108223e+01	2.431635e+16
5793	5.930732e+15	9.245646e+01	3.765798e+01	1.963787e+16
5794	5.930981e+15	9.459648e+01	3.862744e+01	3.193177e+16
5795	5.931233e+15	1.053110e+02	4.192989e+01	2.163695e+16
5796	5.931465e+15	9.031643e+01	3.614808e+01	2.759752e+16
5797	5.931704e+15	9.253333e+01	3.724318e+01	2.152653e+16
5798	5.931944e+15	1.026609e+02	4.013628e+01	2.520250e+16
5799	5.932169e+15	9.726539e+01	3.748793e+01	1.443259e+16
5800	5.932397e+15	1.001673e+02	3.953617e+01	2.193274e+16
5801	5.932626e+15	9.432866e+01	3.816733e+01	1.759714e+16
5802	5.932862e+15	9.859528e+01	4.090033e+01	1.837808e+16
5803	5.933090e+15	9.173916e+01	3.910149e+01	1.082109e+16
5804	5.933321e+15	8.902537e+01	3.873783e+01	1.981860e+16
5805	5.933561e+15	9.406619e+01	4.271963e+01	3.040094e+16
5806	5.933796e+15	8.219238e+01	4.020383e+01	2.186102e+16
5807	5.934040e+15	8.447132e+01	4.253634e+01	1.848687e+16
5808	5.934280e+15	8.265394e+01	4.167858e+01	2.423342e+16
5809	5.934523e+15	8.534061e+01	4.282847e+01	2.297604e+16
5810	5.934764e+15	8.785677e+01	4.233827e+01	1.303522e+16
5811	5.935001e+15	8.524535e+01	3.688469e+01	2.327271e+16
5812	5.935240e+15	8.303797e+01	3.606363e+01	1.819615e+16
5813	5.935484e+15	8.427113e+01	3.709322e+01	3.114151e+16
5814	5.935725e+15	7.255358e+01	3.190161e+01	1.949305e+16
5815	5.935984e+15	8.076065e+01	3.844962e+01	3.163382e+16
5816	5.936231e+15	7.716635e+01	3.797320e+01	2.320509e+16
5817	5.936472e+15	7.190139e+01	3.689283e+01	3.593843e+16
5818	5.936715e+15	7.496528e+01	3.902538e+01	4.089896e+16
5819	5.936951e+15	6.867421e+01	3.500505e+01	2.373879e+16
5820	5.937197e+15	7.873982e+01	4.013579e+01	2.398618e+16
5821	5.937425e+15	6.652084e+01	3.311869e+01	2.187291e+16
5822	5.937674e+15	7.217068e+01	3.817232e+01	3.230150e+16
5823	5.937932e+15	7.926215e+01	4.255054e+01	1.522380e+16
5824	5.938178e+15	7.524154e+01	3.944250e+01	3.434248e+16
5825	5.938431e+15	7.516183e+01	4.042707e+01	2.119480e+16
5826	5.938692e+15	8.079544e+01	4.485685e+01	3.559993e+16
5827	5.938940e+15	8.016005e+01	4.521179e+01	4.693538e+16
5828	5.939178e+15	7.945714e+01	4.433133e+01	3.851868e+16
5829	5.939411e+15	7.946057e+01	4.453407e+01	2.340984e+16
5830	5.939640e+15	8.081033e+01	4.219744e+01	2.097139e+16
5831	5.939871e+15	8.749146e+01	4.314835e+01	2.185915e+16
5832	5.940099e+15	9.107365e+01	4.261812e+01	1.701044e+16
5833	5.940323e+15	9.064037e+01	4.123557e+01	1.799298e+16
5834	5.940549e+15	8.771757e+01	3.876197e+01	2.505187e+16
5835	5.940781e+15	9.509862e+01	4.317360e+01	1.810217e+16
5836	5.941011e+15	9.612039e+01	4.152136e+01	3.675311e+16
5837	5.941241e+15	9.878972e+01	4.187167e+01	2.751775e+16
5838	5.941469e+15	9.677194e+01	4.280137e+01	1.201516e+16
5839	5.941696e+15	9.829484e+01	4.195011e+01	2.202511e+16
5840	5.941921e+15	9.280289e+01	3.885599e+01	1.692106e+16
5841	5.942153e+15	9.446618e+01	4.081891e+01	1.616204e+16
5842	5.942381e+15	8.784595e+01	3.958031e+01	2.941627e+16
5843	5.942615e+15	9.666940e+01	4.104033e+01	2.792237e+16
5844	5.942845e+15	9.372879e+01	3.899229e+01	3.785210e+16
5845	5.943079e+15	9.070372e+01	4.005379e+01	1.609838e+16
5846	5.943315e+15	8.755365e+01	4.059318e+01	3.830905e+16
5847	5.943549e+15	8.502914e+01	3.945770e+01	2.420352e+16
5848	5.943787e+15	8.453166e+01	4.034241e+01	8.938359e+15
5849	5.944030e+15	8.462848e+01	4.259446e+01	1.886181e+16
5850	5.944268e+15	8.457530e+01	4.268442e+01	3.296522e+16
5851	5.944500e+15	7.938652e+01	3.930158e+01	2.249949e+16
5852	5.944744e+15	8.181819e+01	4.129864e+01	2.232813e+16
5853	5.944992e+15	8.595511e+01	4.250375e+01	2.289888e+16
5854	5.945240e+15	8.628431e+01	4.168851e+01	3.328224e+16
5855	5.945494e+15	8.689957e+01	4.255737e+01	1.939978e+16
5856	5.945750e+15	8.193935e+01	4.172098e+01	2.730327e+16
5857	5.946012e+15	9.040637e+01	4.686669e+01	3.797208e+16
5858	5.946258e+15	8.177931e+01	3.787404e+01	2.300788e+16
5859	5.946520e+15	8.215091e+01	4.021071e+01	2.649671e+16
5860	5.946790e+15	9.267747e+01	4.594004e+01	2.329446e+16
5861	5.947045e+15	8.687511e+01	4.255741e+01	3.208295e+16
5862	5.947301e+15	9.258894e+01	4.536901e+01	2.823386e+16
5863	5.947541e+15	9.137305e+01	4.273970e+01	2.148568e+16
5864	5.947778e+15	9.325411e+01	4.276095e+01	1.336034e+16
5865	5.948010e+15	9.339164e+01	4.234143e+01	3.581801e+16
5866	5.948235e+15	8.548332e+01	3.829130e+01	1.149893e+16
5867	5.948467e+15	9.506335e+01	4.208982e+01	1.810212e+16
5868	5.948687e+15	8.574558e+01	3.665290e+01	1.722693e+16
5869	5.948918e+15	9.212497e+01	3.884489e+01	2.297541e+16
5870	5.949147e+15	9.715833e+01	3.925607e+01	2.372842e+16
5871	5.949368e+15	8.775618e+01	3.486423e+01	1.399288e+16
5872	5.949604e+15	8.178051e+01	3.445037e+01	3.756360e+16
5873	5.949863e+15	9.203737e+01	3.867919e+01	1.292448e+16
5874	5.950114e+15	9.401579e+01	3.618875e+01	1.618712e+16
5875	5.950360e+15	9.072993e+01	3.351704e+01	3.344244e+16
5876	5.950616e+15	1.034285e+02	3.947702e+01	2.250587e+16
5877	5.950854e+15	8.006545e+01	3.259246e+01	1.656311e+16
5878	5.951105e+15	8.860253e+01	3.676572e+01	3.887024e+16
5879	5.951347e+15	8.535097e+01	3.341999e+01	3.014498e+16
5880	5.951590e+15	8.787471e+01	3.419841e+01	2.216884e+16
5881	5.951829e+15	8.836439e+01	3.335136e+01	3.302142e+16
5882	5.952067e+15	9.098213e+01	3.307979e+01	1.640848e+16
5883	5.952301e+15	8.252453e+01	2.810609e+01	2.180204e+16
5884	5.952544e+15	8.972190e+01	3.096578e+01	3.341278e+16
5885	5.952784e+15	9.159074e+01	3.200926e+01	2.299306e+16
5886	5.953015e+15	8.422975e+01	2.927626e+01	1.773284e+16
5887	5.953254e+15	8.258983e+01	3.126523e+01	2.280448e+16
5888	5.953493e+15	7.893207e+01	3.116818e+01	1.782088e+16
5889	5.953739e+15	8.212829e+01	3.403811e+01	2.357442e+16
5890	5.953980e+15	7.565733e+01	3.155748e+01	3.416331e+16
5891	5.954229e+15	7.749795e+01	3.184716e+01	2.208990e+16
5892	5.954480e+15	8.512275e+01	3.468500e+01	4.744633e+16
5893	5.954715e+15	7.969307e+01	3.049413e+01	1.202790e+16
5894	5.954956e+15	8.532526e+01	3.159762e+01	2.998890e+16
5895	5.955195e+15	8.325566e+01	3.262543e+01	3.171924e+16
5896	5.955436e+15	8.295480e+01	3.416219e+01	2.055621e+16
5897	5.955677e+15	8.417800e+01	3.555475e+01	2.328077e+16
5898	5.955913e+15	7.915923e+01	3.337237e+01	4.394603e+16
5899	5.956152e+15	8.895070e+01	3.548629e+01	2.475750e+16
5900	5.956380e+15	8.668193e+01	3.363295e+01	2.107562e+16
5901	5.956609e+15	7.949525e+01	3.103989e+01	3.187586e+16
5902	5.956851e+15	8.361719e+01	3.510970e+01	1.743832e+16
5903	5.957094e+15	7.422332e+01	2.787154e+01	3.981238e+16
5904	5.957361e+15	7.951165e+01	3.056322e+01	2.808560e+16
5905	5.957632e+15	7.969357e+01	2.986725e+01	1.789856e+16
5906	5.957906e+15	8.225736e+01	3.173806e+01	2.609712e+16
5907	5.958172e+15	8.103501e+01	3.210004e+01	2.306367e+16
5908	5.958433e+15	7.655125e+01	3.066431e+01	3.383206e+16
5909	5.958699e+15	8.217754e+01	3.220092e+01	3.071153e+16
5910	5.958958e+15	7.842710e+01	2.900743e+01	2.784361e+16
5911	5.959217e+15	7.813569e+01	3.080407e+01	1.925546e+16
5912	5.959479e+15	7.891774e+01	3.256892e+01	2.581627e+16
5913	5.959739e+15	7.609380e+01	3.388867e+01	2.357669e+16
5914	5.959992e+15	7.507710e+01	3.459631e+01	2.255900e+16
5915	5.960242e+15	7.366545e+01	3.454841e+01	1.798930e+16
5916	5.960491e+15	7.373215e+01	3.542941e+01	2.670064e+16
5917	5.960737e+15	7.166776e+01	3.305441e+01	2.035862e+16
5918	5.960988e+15	7.698865e+01	3.438409e+01	2.473189e+16
5919	5.961237e+15	8.186910e+01	3.550480e+01	3.286075e+16
5920	5.961478e+15	8.425970e+01	3.473038e+01	2.556834e+16
5921	5.961715e+15	8.589574e+01	3.426009e+01	2.321806e+16
5922	5.961951e+15	8.771692e+01	3.491210e+01	2.246749e+16
5923	5.962184e+15	7.979062e+01	3.185528e+01	2.455632e+16
5924	5.962432e+15	8.750853e+01	3.559212e+01	2.389374e+16
5925	5.962665e+15	7.997647e+01	3.270481e+01	2.326136e+16
5926	5.962904e+15	8.711875e+01	3.375473e+01	1.298420e+16
5927	5.963138e+15	8.968753e+01	3.214727e+01	9.606686e+15
5928	5.963369e+15	9.535176e+01	3.100289e+01	1.304488e+16
5929	5.963595e+15	8.584929e+01	2.937026e+01	2.242879e+16
5930	5.963833e+15	8.929896e+01	3.148356e+01	2.826249e+16
5931	5.964068e+15	8.933322e+01	3.224774e+01	8.561476e+15
5932	5.964296e+15	8.279773e+01	2.989664e+01	1.364754e+16
5933	5.964530e+15	8.985454e+01	3.107924e+01	1.162556e+16
5934	5.964758e+15	8.857547e+01	3.009878e+01	2.336229e+16
5935	5.964989e+15	8.690926e+01	2.972851e+01	2.340334e+16
5936	5.965224e+15	8.532270e+01	2.916465e+01	1.628235e+16
5937	5.965463e+15	8.485856e+01	2.928792e+01	2.700507e+16
5938	5.965701e+15	8.145720e+01	2.893036e+01	3.502213e+16
5939	5.965941e+15	8.576829e+01	2.924728e+01	3.180069e+16
5940	5.966179e+15	9.106535e+01	2.890934e+01	2.235873e+16
5941	5.966412e+15	8.600371e+01	2.893971e+01	3.295438e+16
5942	5.966646e+15	8.371273e+01	2.898717e+01	9.844791e+15
5943	5.966886e+15	8.333058e+01	2.809504e+01	2.848550e+16
5944	5.967126e+15	7.534704e+01	2.619304e+01	3.238113e+16
5945	5.967378e+15	7.799669e+01	2.935296e+01	2.775020e+16
5946	5.967637e+15	7.819989e+01	2.965502e+01	2.716646e+16
5947	5.967896e+15	8.310535e+01	3.145541e+01	3.382563e+16
5948	5.968149e+15	8.215605e+01	3.073075e+01	3.813818e+16
5949	5.968405e+15	8.305275e+01	3.088489e+01	3.203359e+16
5950	5.968661e+15	8.546051e+01	3.145647e+01	4.577789e+16
5951	5.968910e+15	8.294026e+01	3.011992e+01	2.850432e+16
5952	5.969154e+15	8.473065e+01	2.916191e+01	3.766327e+16
5953	5.969392e+15	7.344055e+01	2.726082e+01	4.076234e+16
5954	5.969647e+15	8.371224e+01	3.010836e+01	3.080827e+16
5955	5.969888e+15	7.803909e+01	2.771931e+01	1.604135e+16
5956	5.970133e+15	8.663367e+01	3.073208e+01	2.046514e+16
5957	5.970372e+15	8.224426e+01	2.949548e+01	2.488154e+16
5958	5.970609e+15	7.596456e+01	2.894844e+01	1.792062e+16
5959	5.970846e+15	8.284044e+01	3.152194e+01	2.444393e+16
5960	5.971072e+15	7.438064e+01	2.755834e+01	2.523974e+16
5961	5.971307e+15	7.882406e+01	2.749241e+01	1.429805e+16
5962	5.971540e+15	8.074783e+01	3.400682e+01	2.185346e+16
5963	5.971775e+15	7.183655e+01	2.831363e+01	2.103544e+16
5964	5.972027e+15	7.701307e+01	3.403696e+01	3.464988e+16
5965	5.972268e+15	6.826814e+01	3.187781e+01	2.924623e+16
5966	5.972513e+15	6.552959e+01	3.220232e+01	3.266856e+16
5967	5.972757e+15	6.174348e+01	3.198842e+01	1.919624e+16
5968	5.973005e+15	5.550232e+01	2.862754e+01	2.258314e+16
5969	5.973268e+15	5.172194e+01	3.110504e+01	3.035887e+16
5970	5.973550e+15	5.515046e+01	3.616941e+01	5.724138e+16
5971	5.973826e+15	5.612113e+01	3.578316e+01	2.314036e+16
5972	5.974097e+15	5.488168e+01	3.629147e+01	3.497350e+16
5973	5.974368e+15	5.928937e+01	3.864908e+01	2.589194e+16
5974	5.974627e+15	5.705286e+01	3.567108e+01	2.451589e+16
5975	5.974889e+15	6.179039e+01	3.773165e+01	2.942982e+16
5976	5.975145e+15	5.519722e+01	3.650683e+01	2.511523e+16
5977	5.975406e+15	6.162903e+01	3.990553e+01	3.315460e+16
5978	5.975655e+15	6.038484e+01	3.714417e+01	1.702790e+16
5979	5.975907e+15	6.174745e+01	3.753571e+01	2.221946e+16
5980	5.976158e+15	6.595699e+01	3.926427e+01	2.179535e+16
5981	5.976402e+15	6.723760e+01	3.767505e+01	4.380488e+16
5982	5.976646e+15	6.780906e+01	3.746856e+01	2.068881e+16
5983	5.976883e+15	6.547188e+01	3.368010e+01	2.337789e+16
5984	5.977126e+15	6.592243e+01	3.584751e+01	1.590652e+16
5985	5.977374e+15	6.973727e+01	3.881766e+01	1.091047e+16
5986	5.977611e+15	6.612115e+01	3.526051e+01	2.239178e+16
5987	5.977854e+15	6.868814e+01	3.580893e+01	2.944903e+16
5988	5.978095e+15	7.113041e+01	3.703287e+01	1.442724e+16
5989	5.978323e+15	6.862071e+01	3.314307e+01	1.453382e+16
5990	5.978558e+15	7.197487e+01	3.471723e+01	1.316441e+16
5991	5.978788e+15	6.812769e+01	3.349602e+01	5.546199e+15
5992	5.979020e+15	6.880281e+01	3.296981e+01	2.501262e+16
5993	5.979250e+15	6.727126e+01	3.183433e+01	2.155274e+16
5994	5.979484e+15	6.752096e+01	3.340897e+01	1.578946e+16
5995	5.979719e+15	6.937327e+01	3.322302e+01	1.605120e+16
5996	5.979956e+15	6.536796e+01	3.309845e+01	1.514321e+16
5997	5.980198e+15	6.320591e+01	3.370791e+01	2.691501e+16
5998	5.980441e+15	6.148326e+01	3.374448e+01	2.759145e+16
5999	5.980684e+15	6.224023e+01	3.209212e+01	3.086237e+16
6000	5.980936e+15	6.732163e+01	3.362190e+01	2.018292e+16
6001	5.981181e+15	6.822472e+01	3.438409e+01	2.988473e+16
6002	5.981422e+15	6.070455e+01	3.167295e+01	2.839347e+16
6003	5.981676e+15	6.165508e+01	3.475343e+01	2.242626e+16
6004	5.981931e+15	6.483458e+01	3.694218e+01	9.359379e+15
6005	5.982179e+15	6.773275e+01	3.684045e+01	2.477377e+16
6006	5.982425e+15	7.143317e+01	3.622670e+01	2.792659e+16
6007	5.982669e+15	7.200606e+01	3.617047e+01	2.629655e+16
6008	5.982906e+15	6.998352e+01	3.360825e+01	4.737507e+16
6009	5.983149e+15	7.332185e+01	3.377494e+01	2.306973e+16
6010	5.983392e+15	7.814067e+01	3.538687e+01	4.469368e+16
6011	5.983631e+15	7.799912e+01	3.577521e+01	3.637978e+16
6012	5.983868e+15	7.153726e+01	3.366317e+01	3.353318e+16
6013	5.984112e+15	7.447023e+01	3.636371e+01	3.082227e+16
6014	5.984351e+15	7.276489e+01	3.461675e+01	3.372590e+16
6015	5.984589e+15	7.209302e+01	3.397572e+01	2.706544e+16
6016	5.984831e+15	7.440896e+01	3.425390e+01	3.123685e+16
6017	5.985068e+15	7.474037e+01	3.405010e+01	2.041615e+16
6018	5.985303e+15	7.356668e+01	3.325360e+01	3.964853e+16
6019	5.985540e+15	7.617863e+01	3.465308e+01	3.196504e+16
6020	5.985772e+15	6.990796e+01	3.135627e+01	2.591898e+16
6021	5.986010e+15	7.138515e+01	3.433350e+01	3.154485e+16
6022	5.986243e+15	6.865592e+01	3.443702e+01	2.226634e+16
6023	5.986472e+15	6.527929e+01	3.256882e+01	2.887109e+16
6024	5.986705e+15	6.826757e+01	3.427387e+01	2.625777e+16
6025	5.986936e+15	6.618024e+01	3.274079e+01	2.691294e+16
6026	5.987172e+15	6.176247e+01	2.620858e+01	3.253550e+16
6027	5.987421e+15	6.402093e+01	2.832375e+01	3.544453e+16
6028	5.987676e+15	6.743466e+01	3.082219e+01	2.519544e+16
6029	5.987920e+15	6.676360e+01	3.047157e+01	2.096789e+16
6030	5.988161e+15	6.246981e+01	2.884604e+01	2.794072e+16
6031	5.988412e+15	6.764682e+01	3.214345e+01	2.374080e+16
6032	5.988652e+15	6.611463e+01	3.116045e+01	4.103359e+16
6033	5.988892e+15	6.633537e+01	3.044788e+01	1.858525e+16
6034	5.989138e+15	7.033892e+01	3.110022e+01	2.405019e+16
6035	5.989385e+15	7.264710e+01	3.216785e+01	3.424951e+16
6036	5.989631e+15	7.283751e+01	3.263407e+01	1.853100e+16
6037	5.989875e+15	7.227755e+01	3.283217e+01	1.625376e+16
6038	5.990112e+15	7.128628e+01	3.259854e+01	1.181646e+16
6039	5.990345e+15	6.232302e+01	2.819096e+01	3.298163e+16
6040	5.990594e+15	6.097550e+01	3.243886e+01	1.777419e+16
6041	5.990855e+15	6.596548e+01	3.818173e+01	4.224507e+16
6042	5.991103e+15	6.274711e+01	3.614766e+01	3.038449e+16
6043	5.991358e+15	6.535146e+01	4.105962e+01	2.549146e+16
6044	5.991602e+15	5.939301e+01	3.788671e+01	2.369645e+16
6045	5.991853e+15	6.500683e+01	4.140117e+01	2.102523e+16
6046	5.992096e+15	6.445988e+01	4.053310e+01	2.092724e+16
6047	5.992333e+15	6.736826e+01	3.990165e+01	3.551102e+16
6048	5.992567e+15	6.880395e+01	4.090875e+01	2.201833e+16
6049	5.992795e+15	6.872217e+01	3.926797e+01	3.012704e+16
6050	5.993026e+15	6.583384e+01	3.856630e+01	2.915716e+16
6051	5.993263e+15	7.798528e+01	4.497431e+01	2.353598e+16
6052	5.993479e+15	6.969885e+01	3.812451e+01	2.680180e+16
6053	5.993705e+15	7.274969e+01	4.038899e+01	2.451603e+16
6054	5.993932e+15	7.442807e+01	4.135877e+01	2.051147e+16
6055	5.994156e+15	7.226367e+01	3.972582e+01	2.642651e+16
6056	5.994383e+15	7.243789e+01	4.073972e+01	2.374181e+16
6057	5.994607e+15	7.376372e+01	4.087898e+01	2.203340e+16
6058	5.994830e+15	7.541770e+01	3.996160e+01	1.985223e+16
6059	5.995055e+15	7.425553e+01	4.003296e+01	1.747023e+16
6060	5.995279e+15	7.221617e+01	3.914820e+01	4.589886e+16
6061	5.995506e+15	7.435061e+01	4.008784e+01	1.680979e+16
6062	5.995734e+15	7.033888e+01	3.866018e+01	1.601156e+16
6063	5.995967e+15	6.978314e+01	4.043203e+01	2.251130e+16
6064	5.996195e+15	6.832284e+01	3.886995e+01	3.029606e+16
6065	5.996428e+15	6.481996e+01	3.924323e+01	3.638359e+16
6066	5.996661e+15	7.172607e+01	3.803502e+01	2.797613e+16
6067	5.996905e+15	7.597835e+01	4.068787e+01	4.073051e+16
6068	5.997145e+15	6.480771e+01	3.798234e+01	2.419360e+16
6069	5.997395e+15	7.747273e+01	4.446109e+01	2.383054e+16
6070	5.997623e+15	7.168087e+01	3.977183e+01	3.144161e+16
6071	5.997853e+15	7.028507e+01	3.807992e+01	2.349589e+16
6072	5.998094e+15	7.678656e+01	4.228583e+01	2.954686e+16
6073	5.998323e+15	7.054045e+01	3.707078e+01	2.254638e+16
6074	5.998565e+15	7.580311e+01	4.077347e+01	3.137273e+16
6075	5.998801e+15	7.243920e+01	3.939141e+01	2.532323e+16
6076	5.999038e+15	7.910737e+01	4.077976e+01	9.952033e+15
6077	5.999265e+15	7.591236e+01	3.788656e+01	8.680806e+15
6078	5.999496e+15	8.109284e+01	3.881446e+01	1.895379e+16
6079	5.999727e+15	7.336318e+01	3.856565e+01	2.024884e+16
6080	5.999968e+15	7.629000e+01	4.085597e+01	1.779411e+16
6081	6.000210e+15	7.338483e+01	3.904987e+01	2.672009e+16
6082	6.000456e+15	7.720712e+01	4.039037e+01	1.462424e+16
6083	6.000697e+15	7.773033e+01	3.853257e+01	2.586883e+16
6084	6.000941e+15	7.980397e+01	3.988857e+01	2.312460e+16
6085	6.001183e+15	8.054523e+01	4.102737e+01	3.171757e+16
6086	6.001417e+15	7.557641e+01	4.063155e+01	2.581768e+16
6087	6.001649e+15	7.376827e+01	4.048011e+01	1.417120e+16
6088	6.001879e+15	7.031967e+01	3.892039e+01	2.442242e+16
6089	6.002113e+15	7.572429e+01	4.088854e+01	3.014418e+16
6090	6.002340e+15	7.199509e+01	3.743172e+01	2.170202e+16
6091	6.002571e+15	7.235534e+01	3.798821e+01	1.604831e+16
6092	6.002804e+15	7.336560e+01	3.822852e+01	2.123257e+16
6093	6.003040e+15	7.145357e+01	3.854186e+01	3.024111e+16
6094	6.003277e+15	6.998849e+01	3.830953e+01	3.502334e+16
6095	6.003517e+15	6.773926e+01	4.059765e+01	3.577839e+16
6096	6.003760e+15	6.708982e+01	4.285421e+01	2.449500e+16
6097	6.004002e+15	6.416101e+01	4.150359e+01	1.937514e+16
6098	6.004252e+15	6.710584e+01	4.479410e+01	2.968411e+16
6099	6.004498e+15	6.294350e+01	4.005269e+01	2.188431e+16
6100	6.004759e+15	7.123693e+01	4.494857e+01	4.053259e+16
6101	6.005011e+15	7.308705e+01	4.444788e+01	3.284400e+16
6102	6.005259e+15	7.369912e+01	4.435209e+01	4.120950e+16
6103	6.005501e+15	7.356072e+01	4.274744e+01	2.595284e+16
6104	6.005745e+15	7.237680e+01	4.290669e+01	2.583656e+16
6105	6.005986e+15	7.314918e+01	4.373470e+01	3.601055e+16
6106	6.006221e+15	7.638939e+01	4.426161e+01	2.041171e+16
6107	6.006452e+15	7.166060e+01	4.279762e+01	2.634263e+16
6108	6.006685e+15	7.185442e+01	4.371755e+01	4.373110e+16
6109	6.006915e+15	7.275740e+01	4.168420e+01	1.719920e+16
6110	6.007147e+15	7.069320e+01	4.070226e+01	1.561940e+16
6111	6.007386e+15	7.082256e+01	4.122385e+01	2.473149e+16
6112	6.007624e+15	7.053595e+01	4.129029e+01	2.456391e+16
6113	6.007867e+15	6.846815e+01	4.075831e+01	2.036670e+16
6114	6.008118e+15	6.804837e+01	4.378519e+01	2.219133e+16
6115	6.008365e+15	6.903505e+01	4.349512e+01	1.836111e+16
6116	6.008608e+15	6.571734e+01	4.071200e+01	1.830106e+16
6117	6.008859e+15	6.657200e+01	4.305359e+01	2.907551e+16
6118	6.009110e+15	6.726262e+01	4.217640e+01	2.985549e+16
6119	6.009361e+15	6.520316e+01	4.028816e+01	3.486225e+16
6120	6.009621e+15	7.044571e+01	4.217000e+01	3.587340e+16
6121	6.009877e+15	7.463381e+01	4.116443e+01	2.679097e+16
6122	6.010122e+15	7.656965e+01	3.916774e+01	3.644079e+16
6123	6.010364e+15	7.859214e+01	3.971422e+01	2.223997e+16
6124	6.010601e+15	7.532157e+01	3.843332e+01	2.646723e+16
6125	6.010838e+15	7.641340e+01	3.933268e+01	2.985906e+16
6126	6.011069e+15	7.130187e+01	3.456844e+01	2.746880e+16
6127	6.011307e+15	7.513292e+01	3.898274e+01	2.553828e+16
6128	6.011538e+15	6.455766e+01	3.516158e+01	3.022634e+16
6129	6.011789e+15	7.040003e+01	3.944436e+01	2.426918e+16
6130	6.012039e+15	6.550893e+01	3.513511e+01	2.612451e+16
6131	6.012301e+15	6.408296e+01	3.469987e+01	3.565374e+15
6132	6.012573e+15	6.874116e+01	3.723842e+01	3.545569e+16
6133	6.012831e+15	6.607814e+01	3.515756e+01	2.967722e+16
6134	6.013089e+15	6.400895e+01	3.394275e+01	3.073693e+16
6135	6.013352e+15	6.248956e+01	3.554053e+01	3.150756e+16
6136	6.013612e+15	5.731584e+01	3.445447e+01	3.180360e+16
6137	6.013877e+15	5.595938e+01	3.588678e+01	2.843163e+16
6138	6.014146e+15	6.034106e+01	3.841938e+01	4.102208e+16
6139	6.014405e+15	5.876263e+01	3.567943e+01	2.865107e+16
6140	6.014670e+15	6.328255e+01	3.721380e+01	2.749227e+16
6141	6.014932e+15	5.970297e+01	3.783534e+01	2.231684e+16
6142	6.015201e+15	6.470346e+01	4.173641e+01	2.555802e+16
6143	6.015456e+15	6.080051e+01	3.700583e+01	3.907039e+16
6144	6.015724e+15	6.228648e+01	4.020613e+01	4.211823e+16
6145	6.015985e+15	5.997252e+01	3.843397e+01	1.475993e+16
6146	6.016252e+15	6.141256e+01	3.934322e+01	4.135546e+16
6147	6.016524e+15	5.897750e+01	3.823667e+01	4.661860e+16
6148	6.016803e+15	5.904216e+01	4.018533e+01	3.260389e+16
6149	6.017086e+15	6.357971e+01	4.243153e+01	4.966316e+16
6150	6.017357e+15	6.578875e+01	4.062546e+01	2.896183e+16
6151	6.017625e+15	7.013948e+01	4.147911e+01	4.678774e+16
6152	6.017887e+15	7.130490e+01	4.126738e+01	2.116427e+16
6153	6.018144e+15	7.204181e+01	4.048991e+01	3.260472e+16
6154	6.018398e+15	7.286607e+01	4.210599e+01	2.077739e+16
6155	6.018642e+15	7.397851e+01	4.085910e+01	2.979287e+16
6156	6.018879e+15	7.274076e+01	3.902121e+01	4.028644e+16
6157	6.019117e+15	7.441474e+01	3.984746e+01	5.099451e+16
6158	6.019349e+15	7.369823e+01	3.646213e+01	2.392598e+16
6159	6.019581e+15	7.167579e+01	3.537718e+01	2.483395e+16
6160	6.019816e+15	6.975787e+01	3.485187e+01	2.707700e+16
6161	6.020056e+15	7.135401e+01	3.606271e+01	8.824318e+15
6162	6.020292e+15	6.391487e+01	3.351951e+01	2.678880e+16
6163	6.020543e+15	6.433173e+01	3.636099e+01	3.735532e+16
6164	6.020795e+15	6.299274e+01	3.592919e+01	1.645823e+16
6165	6.021055e+15	5.975565e+01	3.616358e+01	2.171899e+16
6166	6.021329e+15	6.186827e+01	3.897711e+01	3.146893e+16
6167	6.021603e+15	5.915760e+01	3.612661e+01	3.627663e+16
6168	6.021885e+15	6.040095e+01	3.826433e+01	1.377484e+16
6169	6.022173e+15	5.708491e+01	3.662786e+01	1.533555e+16
6170	6.022480e+15	6.141525e+01	3.945409e+01	2.432726e+16
6171	6.022784e+15	6.987090e+01	4.171112e+01	2.209890e+16
6172	6.023068e+15	7.158807e+01	4.065755e+01	3.633137e+16
6173	6.023342e+15	7.322225e+01	4.011575e+01	4.980503e+16
6174	6.023604e+15	7.209085e+01	4.128908e+01	4.510741e+16
6175	6.023849e+15	7.518811e+01	3.787258e+01	2.958002e+16
6176	6.024093e+15	8.086191e+01	3.850933e+01	2.798807e+16
6177	6.024329e+15	8.209406e+01	3.748744e+01	3.158665e+16
6178	6.024559e+15	8.427251e+01	3.690423e+01	3.920964e+16
6179	6.024788e+15	8.510628e+01	3.668005e+01	1.691520e+16
6180	6.025009e+15	8.219186e+01	3.515468e+01	1.975908e+16
6181	6.025230e+15	8.176837e+01	3.375278e+01	1.462507e+16
6182	6.025453e+15	8.481144e+01	3.513332e+01	1.748994e+16
6183	6.025670e+15	7.392012e+01	3.096542e+01	2.427399e+16
6184	6.025900e+15	7.738629e+01	3.470313e+01	3.001388e+16
6185	6.026130e+15	7.764408e+01	3.372284e+01	3.712997e+16
6186	6.026362e+15	7.196246e+01	2.996981e+01	1.250527e+16
6187	6.026608e+15	7.577031e+01	3.274994e+01	1.416525e+16
6188	6.026856e+15	7.970793e+01	3.419683e+01	1.642851e+16
6189	6.027101e+15	7.700452e+01	3.193960e+01	2.821043e+16
6190	6.027351e+15	7.952471e+01	3.255432e+01	1.302212e+16
6191	6.027600e+15	7.692901e+01	3.080375e+01	9.068285e+15
6192	6.027855e+15	8.216121e+01	3.147714e+01	1.737738e+16
6193	6.028107e+15	8.377294e+01	3.086650e+01	3.492447e+16
6194	6.028351e+15	8.027140e+01	2.898757e+01	2.999509e+16
6195	6.028598e+15	8.258736e+01	2.882551e+01	2.237864e+16
6196	6.028842e+15	7.904165e+01	2.984894e+01	2.567090e+16
6197	6.029089e+15	7.495334e+01	2.937413e+01	2.872355e+16
6198	6.029340e+15	7.433945e+01	3.102240e+01	2.467810e+16
6199	6.029590e+15	7.088981e+01	2.960887e+01	1.637268e+16
6200	6.029846e+15	7.239888e+01	2.957965e+01	3.500805e+16
6201	6.030109e+15	6.997883e+01	2.882909e+01	3.227972e+16
6202	6.030382e+15	6.933760e+01	2.921457e+01	2.644444e+16
6203	6.030633e+15	5.565735e+01	2.440107e+01	3.090502e+16
6204	6.030907e+15	6.564913e+01	3.034350e+01	2.354272e+16
6205	6.031164e+15	6.160784e+01	2.796798e+01	3.425848e+16
6206	6.031419e+15	5.858589e+01	2.554702e+01	1.884975e+16
6207	6.031686e+15	6.364374e+01	2.850678e+01	2.915330e+16
6208	6.031945e+15	6.635235e+01	2.957787e+01	1.975377e+16
6209	6.032190e+15	6.364167e+01	2.683700e+01	3.904375e+16
6210	6.032436e+15	6.539403e+01	2.593577e+01	1.481771e+16
6211	6.032681e+15	6.557820e+01	2.457758e+01	3.203848e+16
6212	6.032929e+15	6.575089e+01	2.502495e+01	2.477965e+16
6213	6.033177e+15	6.690109e+01	2.604460e+01	1.987031e+16
6214	6.033422e+15	6.199770e+01	2.408840e+01	2.341262e+16
6215	6.033674e+15	6.357518e+01	2.536054e+01	1.661561e+16
6216	6.033922e+15	6.533067e+01	2.543670e+01	1.850037e+16
6217	6.034162e+15	6.051938e+01	2.308705e+01	2.585871e+16
6218	6.034412e+15	6.158671e+01	2.424896e+01	2.312849e+16
6219	6.034663e+15	6.032201e+01	2.389028e+01	3.210950e+16
6220	6.034919e+15	5.608534e+01	2.331248e+01	2.107752e+16
6221	6.035177e+15	5.752527e+01	2.150555e+01	4.406090e+15
6222	6.035434e+15	5.511990e+01	2.345871e+01	2.889590e+16
6223	6.035695e+15	5.760747e+01	2.648576e+01	2.670328e+16
6224	6.035947e+15	5.191641e+01	2.375539e+01	2.856250e+16
6225	6.036217e+15	5.851593e+01	2.732812e+01	2.266217e+16
6226	6.036478e+15	5.380619e+01	2.452581e+01	2.543760e+16
6227	6.036755e+15	6.160608e+01	2.701705e+01	1.439041e+16
6228	6.037023e+15	5.960302e+01	2.620873e+01	3.759750e+16
6229	6.037292e+15	5.563990e+01	2.492686e+01	3.340300e+16
6230	6.037565e+15	5.969004e+01	2.744832e+01	3.343348e+16
6231	6.037835e+15	6.315099e+01	2.745120e+01	2.733223e+16
6232	6.038098e+15	6.326000e+01	2.633789e+01	1.321689e+16
6233	6.038367e+15	6.907834e+01	2.837912e+01	3.152127e+16
6234	6.038622e+15	6.296444e+01	2.657678e+01	4.226918e+16
6235	6.038882e+15	6.558588e+01	2.739669e+01	4.082345e+16
6236	6.039137e+15	6.682116e+01	2.437169e+01	3.518675e+16
6237	6.039392e+15	6.355377e+01	2.282571e+01	1.597834e+16
6238	6.039659e+15	6.946512e+01	2.572855e+01	3.122111e+16
6239	6.039917e+15	5.685034e+01	2.158706e+01	2.526111e+16
6240	6.040207e+15	6.581964e+01	2.822140e+01	3.516220e+16
6241	6.040478e+15	6.335556e+01	2.720355e+01	4.430226e+16
6242	6.040741e+15	6.117786e+01	2.701597e+01	3.198649e+16
6243	6.041006e+15	6.195909e+01	2.612425e+01	2.114401e+16
6244	6.041270e+15	6.487894e+01	2.749638e+01	1.916983e+16
6245	6.041527e+15	6.675727e+01	2.752058e+01	1.751610e+16
6246	6.041778e+15	6.585330e+01	2.564280e+01	1.653681e+16
6247	6.042034e+15	7.124356e+01	2.756743e+01	1.629425e+16
6248	6.042290e+15	7.313282e+01	2.969954e+01	1.800429e+16
6249	6.042540e+15	7.167266e+01	3.057458e+01	1.998179e+16
6250	6.042791e+15	7.140709e+01	3.071524e+01	2.002057e+16
6251	6.043043e+15	7.084221e+01	3.148921e+01	1.633337e+16
6252	6.043290e+15	6.837421e+01	3.102029e+01	1.652456e+16
6253	6.043541e+15	6.651612e+01	3.017709e+01	1.140786e+16
6254	6.043806e+15	7.252758e+01	3.422124e+01	1.873863e+16
6255	6.044061e+15	7.035486e+01	3.229769e+01	2.703821e+16
6256	6.044315e+15	7.095224e+01	3.186550e+01	3.707099e+16
6257	6.044566e+15	7.190168e+01	3.224374e+01	1.639723e+16
6258	6.044811e+15	7.253868e+01	3.231275e+01	1.694713e+16
6259	6.045054e+15	7.216696e+01	3.141236e+01	1.511235e+16
6260	6.045297e+15	7.223219e+01	3.235776e+01	9.281381e+15
6261	6.045535e+15	6.528035e+01	2.931863e+01	1.282899e+16
6262	6.045783e+15	6.958779e+01	3.281798e+01	2.510658e+16
6263	6.046022e+15	6.744369e+01	3.183041e+01	2.293422e+16
6264	6.046265e+15	6.594939e+01	2.936077e+01	1.305315e+16
6265	6.046524e+15	7.777363e+01	3.776167e+01	3.833170e+16
6266	6.046751e+15	6.151107e+01	2.849085e+01	1.476111e+16
6267	6.047001e+15	7.281366e+01	3.426651e+01	2.147783e+16
6268	6.047240e+15	6.879677e+01	3.266220e+01	1.988495e+16
6269	6.047483e+15	7.011230e+01	3.370485e+01	2.244672e+16
6270	6.047727e+15	6.853707e+01	3.424419e+01	2.153425e+16
6271	6.047968e+15	6.765321e+01	3.479005e+01	8.806868e+15
6272	6.048206e+15	6.139766e+01	3.267772e+01	8.296483e+15
6273	6.048458e+15	6.619290e+01	3.457507e+01	2.219064e+16
6274	6.048713e+15	6.735835e+01	3.474131e+01	1.785610e+16
6275	6.048974e+15	6.859911e+01	3.633337e+01	1.166232e+16
6276	6.049230e+15	7.206681e+01	3.820390e+01	2.085205e+16
6277	6.049477e+15	7.375885e+01	3.772036e+01	1.733594e+16
6278	6.049723e+15	6.814199e+01	3.424793e+01	1.535171e+16
6279	6.049987e+15	7.726272e+01	4.043245e+01	1.419213e+16
6280	6.050247e+15	7.860718e+01	4.146381e+01	1.780908e+16
6281	6.050508e+15	7.598305e+01	3.952917e+01	9.497695e+15
6282	6.050777e+15	8.612313e+01	4.350996e+01	1.484136e+16
6283	6.051025e+15	7.983899e+01	3.924623e+01	2.534984e+16
6284	6.051277e+15	7.818112e+01	3.979331e+01	3.319765e+16
6285	6.051529e+15	7.758299e+01	3.895728e+01	3.496659e+16
6286	6.051779e+15	8.126253e+01	3.798911e+01	1.977412e+16
6287	6.052029e+15	8.592994e+01	4.113342e+01	2.632203e+16
6288	6.052275e+15	8.415427e+01	4.209166e+01	3.428899e+16
6289	6.052525e+15	8.773530e+01	4.405145e+01	4.180521e+16
6290	6.052772e+15	8.224116e+01	4.309476e+01	1.764144e+16
6291	6.053023e+15	8.770214e+01	4.200716e+01	2.290376e+16
6292	6.053270e+15	8.506842e+01	3.971621e+01	3.481851e+16
6293	6.053520e+15	8.630129e+01	3.967909e+01	3.128203e+16
6294	6.053770e+15	8.783875e+01	3.949949e+01	3.266244e+16
6295	6.054016e+15	7.801539e+01	3.399326e+01	1.353760e+16
6296	6.054284e+15	8.323692e+01	3.852087e+01	3.656466e+16
6297	6.054554e+15	8.533118e+01	3.967893e+01	4.410246e+16
6298	6.054825e+15	8.305399e+01	3.805056e+01	2.840247e+16
6299	6.055108e+15	8.589778e+01	3.908062e+01	2.142599e+16
6300	6.055398e+15	8.665027e+01	3.933605e+01	2.274059e+16
6301	6.055695e+15	9.584272e+01	4.378487e+01	1.766122e+16
6302	6.055974e+15	9.293523e+01	4.046859e+01	1.018798e+16
6303	6.056255e+15	9.348875e+01	4.098101e+01	2.216031e+16
6304	6.056531e+15	9.150192e+01	3.982034e+01	1.352850e+16
6305	6.056809e+15	9.708319e+01	4.343780e+01	2.444498e+16
6306	6.057076e+15	8.553208e+01	3.700665e+01	7.638080e+15
6307	6.057354e+15	8.968065e+01	4.160901e+01	2.411774e+16
6308	6.057621e+15	8.397475e+01	3.946379e+01	2.316486e+16
6309	6.057892e+15	8.313574e+01	4.290748e+01	2.552283e+16
6310	6.058164e+15	8.310357e+01	4.353138e+01	2.428329e+16
6311	6.058435e+15	7.893812e+01	4.235466e+01	1.336325e+16
6312	6.058716e+15	8.190128e+01	4.428186e+01	3.138543e+16
6313	6.058993e+15	7.903360e+01	4.072584e+01	1.652613e+16
6314	6.059280e+15	8.262624e+01	4.287545e+01	3.011557e+16
6315	6.059563e+15	8.535638e+01	4.177190e+01	1.826076e+16
6316	6.059845e+15	8.832548e+01	4.207252e+01	1.442848e+16
6317	6.060123e+15	8.412279e+01	4.041410e+01	2.152684e+16
6318	6.060406e+15	9.010405e+01	4.307651e+01	1.945434e+16
6319	6.060677e+15	9.858734e+01	4.407783e+01	2.595209e+16
6320	6.060933e+15	9.568017e+01	4.136703e+01	2.380125e+16
6321	6.061193e+15	9.877780e+01	3.943067e+01	1.261776e+16
6322	6.061451e+15	9.114644e+01	3.516710e+01	2.185972e+16
6323	6.061720e+15	1.024090e+02	4.040192e+01	2.128357e+16
6324	6.061982e+15	1.017312e+02	4.335578e+01	1.785299e+16
6325	6.062237e+15	1.006261e+02	4.214173e+01	2.038140e+16
6326	6.062494e+15	1.010164e+02	4.347437e+01	2.210744e+16
6327	6.062742e+15	8.945121e+01	4.128214e+01	1.695784e+16
6328	6.062996e+15	9.196002e+01	4.388659e+01	1.498839e+16
6329	6.063242e+15	8.454877e+01	3.902493e+01	2.011163e+16
6330	6.063497e+15	8.631356e+01	3.658606e+01	2.953335e+16
6331	6.063757e+15	8.661683e+01	3.839647e+01	3.017145e+16
6332	6.064021e+15	8.155707e+01	3.906556e+01	1.773981e+16
6333	6.064295e+15	8.338081e+01	4.193802e+01	3.187805e+16
6334	6.064570e+15	8.648564e+01	4.381048e+01	2.671853e+16
6335	6.064834e+15	8.089461e+01	4.156659e+01	1.829289e+16
6336	6.065101e+15	8.379510e+01	4.324810e+01	2.840884e+16
6337	6.065370e+15	8.230678e+01	4.379501e+01	1.648599e+16
6338	6.065637e+15	7.959434e+01	4.398068e+01	1.337618e+16
6339	6.065902e+15	8.575104e+01	4.733427e+01	2.303218e+16
6340	6.066159e+15	7.500754e+01	4.052464e+01	2.700038e+16
6341	6.066424e+15	7.929354e+01	4.175575e+01	9.126807e+15
6342	6.066689e+15	7.857019e+01	4.000403e+01	2.663833e+16
6343	6.066952e+15	7.519479e+01	3.903851e+01	2.404360e+16
6344	6.067219e+15	7.301553e+01	3.845908e+01	1.489604e+16
6345	6.067490e+15	7.597319e+01	4.018717e+01	2.078836e+16
6346	6.067753e+15	7.323128e+01	3.577454e+01	2.638154e+16
6347	6.068023e+15	6.634359e+01	3.598231e+01	2.986948e+16
6348	6.068299e+15	6.611203e+01	3.669733e+01	1.132773e+16
6349	6.068582e+15	6.559144e+01	3.684316e+01	2.247754e+16
6350	6.068867e+15	6.484796e+01	3.853101e+01	2.321247e+16
6351	6.069154e+15	6.668203e+01	4.070680e+01	1.975908e+16
6352	6.069441e+15	6.530071e+01	3.938345e+01	3.598104e+16
6353	6.069740e+15	6.175992e+01	3.951041e+01	1.528030e+16
6354	6.070052e+15	6.596084e+01	4.447753e+01	1.904292e+16
6355	6.070347e+15	6.052877e+01	4.053547e+01	4.227621e+16
6356	6.070656e+15	6.140837e+01	4.243591e+01	1.981040e+16
6357	6.070967e+15	6.296585e+01	4.258208e+01	1.683254e+16
6358	6.071277e+15	6.386376e+01	4.176594e+01	4.745098e+16
6359	6.071590e+15	6.755854e+01	4.367002e+01	2.552320e+16
6360	6.071895e+15	6.595593e+01	4.286954e+01	3.587487e+16
6361	6.072199e+15	6.761327e+01	4.162257e+01	2.484239e+16
6362	6.072502e+15	6.715259e+01	4.136536e+01	3.428108e+16
6363	6.072805e+15	7.019857e+01	4.404832e+01	2.784706e+16
6364	6.073099e+15	6.906803e+01	4.174085e+01	2.892186e+16
6365	6.073394e+15	6.988591e+01	4.230589e+01	2.603418e+16
6366	6.073686e+15	7.327006e+01	4.263849e+01	2.042224e+16
6367	6.073966e+15	6.956402e+01	4.016642e+01	3.990986e+16
6368	6.074244e+15	6.880847e+01	4.065560e+01	3.170430e+16
6369	6.074517e+15	6.692413e+01	3.954092e+01	3.492741e+16
6370	6.074794e+15	6.543790e+01	4.055673e+01	2.067103e+16
6371	6.075068e+15	6.394210e+01	4.045236e+01	3.069793e+16
6372	6.075342e+15	6.160297e+01	3.674545e+01	1.649498e+16
6373	6.075626e+15	6.484445e+01	4.006797e+01	3.005100e+16
6374	6.075903e+15	6.430726e+01	3.970853e+01	2.783304e+16
6375	6.076183e+15	6.385949e+01	4.055108e+01	3.210585e+16
6376	6.076464e+15	6.428090e+01	4.134491e+01	2.315833e+16
6377	6.076740e+15	6.629962e+01	3.779176e+01	2.302770e+16
6378	6.077013e+15	6.856777e+01	3.720168e+01	1.682231e+16
6379	6.077278e+15	7.200564e+01	3.809128e+01	1.971991e+16
6380	6.077531e+15	6.849306e+01	3.512307e+01	1.673928e+16
6381	6.077791e+15	7.102678e+01	3.641087e+01	1.704840e+16
6382	6.078050e+15	6.708448e+01	3.646165e+01	3.100412e+16
6383	6.078310e+15	6.760479e+01	3.890916e+01	2.128497e+16
6384	6.078563e+15	6.519443e+01	3.650736e+01	2.159607e+16
6385	6.078821e+15	6.324821e+01	3.621192e+01	3.132672e+16
6386	6.079087e+15	6.379022e+01	3.614300e+01	3.985636e+16
6387	6.079355e+15	5.986272e+01	3.476395e+01	2.770833e+16
6388	6.079636e+15	6.479208e+01	3.696790e+01	2.195778e+16
6389	6.079917e+15	6.560894e+01	3.790661e+01	3.740011e+16
6390	6.080194e+15	6.748093e+01	3.946888e+01	2.577937e+16
6391	6.080461e+15	6.903670e+01	3.836677e+01	2.785538e+16
6392	6.080722e+15	6.802143e+01	3.757161e+01	8.410211e+15
6393	6.080984e+15	7.118429e+01	4.028795e+01	1.381587e+16
6394	6.081237e+15	6.978275e+01	3.990026e+01	2.053026e+16
6395	6.081484e+15	6.677999e+01	3.852613e+01	2.279267e+16
6396	6.081729e+15	6.476154e+01	3.753508e+01	2.482622e+16
6397	6.081977e+15	7.432050e+01	4.044301e+01	2.833063e+16
6398	6.082211e+15	6.411478e+01	3.384917e+01	3.527390e+16
6399	6.082463e+15	6.969195e+01	3.758659e+01	1.673119e+16
6400	6.082713e+15	6.404139e+01	3.412145e+01	3.140971e+16
6401	6.082974e+15	6.395401e+01	3.516994e+01	3.173017e+16
6402	6.083249e+15	7.121467e+01	3.887340e+01	2.747492e+16
6403	6.083510e+15	7.337448e+01	3.555566e+01	4.221209e+16
6404	6.083770e+15	7.176756e+01	3.452320e+01	2.618200e+16
6405	6.084032e+15	6.775062e+01	3.440903e+01	2.087553e+16
6406	6.084298e+15	6.329606e+01	3.452844e+01	2.511476e+16
6407	6.084568e+15	6.641027e+01	3.624420e+01	3.862196e+16
6408	6.084830e+15	6.156019e+01	3.491443e+01	1.122810e+16
6409	6.085094e+15	6.139492e+01	3.491780e+01	4.070342e+16
6410	6.085357e+15	5.396483e+01	3.186401e+01	2.164393e+16
6411	6.085636e+15	5.509247e+01	3.453430e+01	2.868139e+16
6412	6.085915e+15	5.690425e+01	3.428985e+01	3.645302e+16
6413	6.086194e+15	5.754595e+01	3.360514e+01	3.817956e+16
6414	6.086479e+15	5.386404e+01	3.162863e+01	2.593245e+16
6415	6.086778e+15	5.637598e+01	3.524381e+01	3.032809e+16
6416	6.087084e+15	6.404291e+01	4.003939e+01	3.794772e+16
6417	6.087367e+15	6.306278e+01	3.800338e+01	3.336935e+16
6418	6.087646e+15	6.400409e+01	3.979033e+01	3.533870e+16
6419	6.087915e+15	5.880029e+01	3.796182e+01	2.106544e+16
6420	6.088192e+15	5.442006e+01	3.765246e+01	2.497905e+16
6421	6.088485e+15	5.928569e+01	4.397496e+01	2.651895e+16
6422	6.088772e+15	6.273748e+01	4.753326e+01	2.870662e+16
6423	6.089037e+15	5.781181e+01	4.266023e+01	3.518010e+16
6424	6.089307e+15	6.282978e+01	4.773945e+01	3.515860e+16
6425	6.089564e+15	5.595875e+01	4.186388e+01	3.081404e+16
6426	6.089832e+15	6.236965e+01	4.528969e+01	3.483523e+16
6427	6.090090e+15	6.333186e+01	4.394155e+01	3.601929e+16
6428	6.090345e+15	6.424514e+01	4.235711e+01	3.248199e+16
6429	6.090600e+15	6.380047e+01	4.002784e+01	3.660186e+16
6430	6.090857e+15	6.232625e+01	3.747816e+01	2.787169e+16
6431	6.091124e+15	5.496277e+01	3.731659e+01	3.779510e+16
6432	6.091409e+15	6.085935e+01	4.484615e+01	2.680196e+16
6433	6.091681e+15	6.151837e+01	4.421277e+01	3.488943e+16
6434	6.091946e+15	6.328807e+01	4.262884e+01	2.436735e+16
6435	6.092210e+15	6.808352e+01	4.423750e+01	2.233374e+16
6436	6.092465e+15	6.484681e+01	4.124351e+01	3.504074e+16
6437	6.092730e+15	6.596820e+01	4.480999e+01	2.226322e+16
6438	6.092990e+15	6.017723e+01	4.360798e+01	3.464898e+16
6439	6.093254e+15	6.524902e+01	4.687099e+01	3.330241e+16
6440	6.093510e+15	5.540535e+01	4.065882e+01	2.471444e+16
6441	6.093791e+15	6.080371e+01	4.602619e+01	1.811245e+16
6442	6.094069e+15	5.512116e+01	4.229592e+01	3.040908e+16
6443	6.094366e+15	5.674451e+01	4.356380e+01	2.750128e+16
6444	6.094677e+15	5.833778e+01	4.469556e+01	3.241901e+16
6445	6.094994e+15	6.096023e+01	4.632519e+01	2.995086e+16
6446	6.095304e+15	5.869231e+01	4.472095e+01	1.131990e+16
6447	6.095615e+15	6.418903e+01	4.692422e+01	4.295828e+16
6448	6.095913e+15	6.349382e+01	4.726622e+01	4.344630e+16
6449	6.096200e+15	6.342056e+01	4.811050e+01	2.365663e+16
6450	6.096477e+15	6.186394e+01	4.692948e+01	1.146249e+16
6451	6.096747e+15	6.457706e+01	4.842591e+01	1.459588e+16
6452	6.097006e+15	6.128228e+01	4.648180e+01	2.397616e+16
6453	6.097262e+15	6.087258e+01	4.608239e+01	1.980527e+16
6454	6.097513e+15	6.199899e+01	4.565870e+01	2.693799e+16
6455	6.097759e+15	6.133516e+01	4.292195e+01	2.689706e+16
6456	6.098010e+15	6.444097e+01	4.415164e+01	1.537850e+16
6457	6.098258e+15	6.546704e+01	4.309279e+01	2.041754e+16
6458	6.098508e+15	6.446679e+01	4.311599e+01	1.828220e+16
6459	6.098761e+15	5.971047e+01	4.211935e+01	2.501123e+16
6460	6.099020e+15	6.022034e+01	4.429791e+01	1.793746e+16
6461	6.099277e+15	5.625264e+01	4.404511e+01	3.772044e+16
6462	6.099533e+15	5.734568e+01	4.244195e+01	3.397188e+16
6463	6.099797e+15	6.256015e+01	4.720381e+01	3.896810e+16
6464	6.100047e+15	5.190187e+01	4.026761e+01	2.208900e+16
6465	6.100319e+15	6.007169e+01	4.798325e+01	3.127449e+16
6466	6.100574e+15	5.319065e+01	4.101054e+01	2.988407e+16
6467	6.100842e+15	4.753163e+01	4.115704e+01	1.779642e+16
6468	6.101128e+15	4.720967e+01	4.328834e+01	3.845141e+16
6469	6.101422e+15	5.197621e+01	4.933285e+01	1.901364e+16
6470	6.101699e+15	4.586680e+01	4.100380e+01	3.093887e+16
6471	6.101991e+15	5.057999e+01	4.464880e+01	3.214973e+16
6472	6.102281e+15	5.285442e+01	4.820737e+01	2.266497e+16
6473	6.102556e+15	5.245445e+01	4.627749e+01	3.465352e+16
6474	6.102827e+15	6.118166e+01	5.139794e+01	1.352708e+16
6475	6.103076e+15	5.721098e+01	4.189305e+01	1.659729e+16
6476	6.103335e+15	6.188594e+01	4.627455e+01	1.467458e+16
6477	6.103586e+15	5.762766e+01	4.403043e+01	4.230594e+16
6478	6.103842e+15	5.916806e+01	4.589171e+01	2.402354e+16
6479	6.104096e+15	6.115855e+01	4.855387e+01	2.148725e+16
6480	6.104344e+15	5.994384e+01	4.615724e+01	2.064727e+16
6481	6.104598e+15	6.211903e+01	4.851150e+01	2.171145e+16
6482	6.104851e+15	6.434267e+01	4.918224e+01	3.055923e+16
6483	6.105101e+15	6.768095e+01	4.907931e+01	2.505594e+16
6484	6.105349e+15	6.509614e+01	4.859872e+01	2.705392e+16
6485	6.105596e+15	6.417083e+01	5.024588e+01	1.517094e+16
6486	6.105836e+15	6.479340e+01	5.020938e+01	1.667925e+16
6487	6.106073e+15	6.962087e+01	4.993794e+01	1.732271e+16
6488	6.106305e+15	6.022064e+01	4.402173e+01	2.344439e+16
6489	6.106555e+15	6.785346e+01	4.975295e+01	2.669644e+16
6490	6.106799e+15	6.665285e+01	4.598121e+01	2.380145e+16
6491	6.107053e+15	6.784479e+01	4.795950e+01	2.687219e+16
6492	6.107310e+15	7.375749e+01	5.021093e+01	1.472122e+16
6493	6.107560e+15	7.281340e+01	4.943464e+01	1.438006e+16
6494	6.107807e+15	7.138932e+01	5.027663e+01	2.258091e+16
6495	6.108054e+15	6.530526e+01	4.914074e+01	2.723822e+16
6496	6.108315e+15	6.205093e+01	5.025551e+01	3.004908e+16
6497	6.108590e+15	6.793964e+01	5.360374e+01	3.206353e+16
6498	6.108862e+15	6.834693e+01	5.267229e+01	3.326669e+16
6499	6.109133e+15	6.523372e+01	5.185916e+01	2.407141e+16
6500	6.109407e+15	6.634843e+01	5.170568e+01	2.013306e+16
6501	6.109685e+15	7.097113e+01	5.438501e+01	1.720504e+16
6502	6.109954e+15	6.470273e+01	5.041644e+01	3.336234e+16
6503	6.110229e+15	7.800458e+01	5.766297e+01	2.778416e+16
6504	6.110480e+15	7.588313e+01	5.209734e+01	2.347055e+16
6505	6.110727e+15	7.053041e+01	5.090139e+01	3.469981e+16
6506	6.110978e+15	7.925695e+01	5.740846e+01	1.984049e+16
6507	6.111212e+15	6.577723e+01	5.049222e+01	1.164254e+16
6508	6.111456e+15	6.511358e+01	5.199042e+01	2.755536e+16
6509	6.111704e+15	7.711680e+01	5.937041e+01	2.275617e+16
6510	6.111936e+15	6.358621e+01	5.063601e+01	3.153330e+16
6511	6.112186e+15	6.741352e+01	5.550077e+01	3.122855e+16
6512	6.112434e+15	6.876216e+01	5.463530e+01	2.367157e+16
6513	6.112683e+15	6.631967e+01	5.214805e+01	3.387083e+16
6514	6.112942e+15	6.585228e+01	5.382318e+01	3.723111e+16
6515	6.113203e+15	6.908299e+01	5.552021e+01	3.874301e+16
6516	6.113459e+15	6.774717e+01	5.290354e+01	2.415083e+16
6517	6.113719e+15	6.760360e+01	5.316080e+01	3.205219e+16
6518	6.113983e+15	6.876044e+01	5.488073e+01	3.226753e+16
6519	6.114244e+15	6.917213e+01	5.526339e+01	2.731699e+16
6520	6.114504e+15	6.904206e+01	5.598323e+01	3.328010e+16
6521	6.114760e+15	6.774655e+01	5.355833e+01	2.376990e+16
6522	6.115017e+15	6.960753e+01	5.353054e+01	3.453869e+16
6523	6.115273e+15	7.280901e+01	5.482176e+01	3.452604e+16
6524	6.115521e+15	7.075172e+01	5.082268e+01	2.327462e+16
6525	6.115773e+15	7.250713e+01	5.232395e+01	2.587327e+16
6526	6.116022e+15	7.003199e+01	4.747669e+01	2.562420e+16
6527	6.116286e+15	7.369498e+01	5.259259e+01	3.144242e+16
6528	6.116546e+15	7.503830e+01	5.354461e+01	3.707673e+16
6529	6.116799e+15	7.150431e+01	5.050150e+01	3.249203e+16
6530	6.117058e+15	7.162296e+01	5.264058e+01	3.801828e+16
6531	6.117313e+15	7.299310e+01	5.206252e+01	3.091793e+16
6532	6.117568e+15	7.332904e+01	5.243376e+01	3.514201e+16
6533	6.117820e+15	7.673871e+01	5.168616e+01	2.661838e+16
6534	6.118068e+15	7.547381e+01	4.926793e+01	4.604073e+16
6535	6.118321e+15	7.821524e+01	5.121911e+01	3.726478e+16
6536	6.118569e+15	7.363264e+01	4.950576e+01	2.410188e+16
6537	6.118820e+15	7.644351e+01	4.911983e+01	1.264552e+16
6538	6.119072e+15	7.563696e+01	4.742857e+01	2.499877e+16
6539	6.119328e+15	8.005949e+01	4.861258e+01	2.317528e+16
6540	6.119587e+15	7.886529e+01	4.764653e+01	1.780651e+16
6541	6.119854e+15	7.837156e+01	4.954707e+01	2.791813e+16
6542	6.120120e+15	8.221138e+01	5.339354e+01	2.368571e+16
6543	6.120370e+15	7.782908e+01	4.963828e+01	1.821117e+16
6544	6.120615e+15	7.085472e+01	4.474211e+01	2.290623e+16
6545	6.120876e+15	7.869458e+01	4.806124e+01	2.638719e+16
6546	6.121135e+15	8.516159e+01	4.931023e+01	2.318555e+16
6547	6.121385e+15	8.435110e+01	4.601483e+01	1.923889e+16
6548	6.121635e+15	8.537838e+01	4.575238e+01	2.084590e+16
6549	6.121885e+15	8.635065e+01	4.541942e+01	3.695963e+16
6550	6.122132e+15	8.315675e+01	4.040233e+01	2.621810e+16
6551	6.122384e+15	8.486031e+01	4.324164e+01	2.026127e+16
6552	6.122635e+15	8.886376e+01	4.571132e+01	1.297167e+16
6553	6.122880e+15	8.332357e+01	4.368567e+01	2.507706e+16
6554	6.123130e+15	8.560547e+01	4.529351e+01	1.001828e+16
6555	6.123380e+15	8.515502e+01	4.521936e+01	2.286832e+16
6556	6.123633e+15	8.916510e+01	4.530934e+01	2.862488e+16
6557	6.123889e+15	8.722807e+01	4.502776e+01	1.681657e+16
6558	6.124149e+15	9.051635e+01	4.489636e+01	1.843583e+16
6559	6.124409e+15	9.138208e+01	4.432667e+01	2.924181e+16
6560	6.124671e+15	9.289608e+01	4.493338e+01	3.263732e+16
6561	6.124932e+15	9.345849e+01	4.331841e+01	1.849952e+16
6562	6.125197e+15	9.629918e+01	4.422560e+01	1.914928e+16
6563	6.125460e+15	9.497122e+01	4.344388e+01	2.163266e+16
6564	6.125726e+15	9.489348e+01	4.407881e+01	3.713830e+16
6565	6.125995e+15	9.654947e+01	4.384260e+01	2.151846e+16
6566	6.126264e+15	9.861488e+01	4.456395e+01	1.973684e+16
6567	6.126533e+15	9.800811e+01	4.381120e+01	2.978731e+16
6568	6.126806e+15	1.040499e+02	4.603316e+01	2.894224e+16
6569	6.127073e+15	1.007475e+02	4.471368e+01	2.893418e+16
6570	6.127339e+15	9.953681e+01	4.514676e+01	1.717613e+16
6571	6.127605e+15	1.014173e+02	4.521689e+01	3.313636e+16
6572	6.127865e+15	1.014658e+02	4.521712e+01	3.533612e+16
6573	6.128120e+15	1.007844e+02	4.360736e+01	1.809929e+16
6574	6.128375e+15	1.029484e+02	4.249707e+01	1.121954e+16
6575	6.128621e+15	9.395361e+01	3.921025e+01	2.219758e+16
6576	6.128880e+15	1.012566e+02	4.207230e+01	2.700231e+16
6577	6.129135e+15	9.769228e+01	4.090000e+01	3.385075e+16
6578	6.129393e+15	9.289554e+01	3.966764e+01	2.044285e+16
6579	6.129660e+15	9.574614e+01	4.181535e+01	1.716914e+16
6580	6.129926e+15	9.187089e+01	3.966400e+01	1.093347e+16
6581	6.130197e+15	8.500990e+01	4.107599e+01	2.648707e+16
6582	6.130469e+15	8.157485e+01	4.136715e+01	2.214793e+16
6583	6.130744e+15	8.057507e+01	4.084280e+01	1.573478e+16
6584	6.131022e+15	8.742805e+01	4.413632e+01	2.002026e+16
6585	6.131288e+15	8.581028e+01	4.292987e+01	1.268237e+16
6586	6.131555e+15	8.393669e+01	4.353309e+01	2.964931e+16
6587	6.131818e+15	7.478370e+01	3.816791e+01	7.595285e+15
6588	6.132100e+15	7.819985e+01	4.266384e+01	1.146190e+16
6589	6.132384e+15	8.407061e+01	4.689965e+01	3.020508e+16
6590	6.132654e+15	7.603533e+01	4.180707e+01	1.972446e+16
6591	6.132940e+15	8.510590e+01	4.785379e+01	3.743677e+16
6592	6.133213e+15	7.412987e+01	4.304037e+01	2.377140e+16
6593	6.133497e+15	7.410375e+01	4.523919e+01	1.760819e+16
6594	6.133785e+15	8.134516e+01	4.995027e+01	1.803963e+16
6595	6.134055e+15	7.076592e+01	4.255021e+01	1.833501e+16
6596	6.134347e+15	8.554163e+01	4.920536e+01	1.227665e+16
6597	6.134625e+15	8.277899e+01	4.694377e+01	2.350786e+16
6598	6.134898e+15	7.882304e+01	4.427354e+01	3.024474e+16
6599	6.135176e+15	8.248509e+01	4.821487e+01	3.590975e+16
6600	6.135445e+15	8.361788e+01	4.871941e+01	2.126711e+16
6601	6.135703e+15	8.112248e+01	4.612018e+01	1.889552e+16
6602	6.135960e+15	8.082574e+01	4.718687e+01	1.083203e+16
6603	6.136214e+15	7.980388e+01	4.706301e+01	1.410920e+16
6604	6.136463e+15	7.691099e+01	4.475432e+01	2.479971e+16
6605	6.136717e+15	7.836854e+01	4.548513e+01	1.798718e+16
6606	6.136976e+15	8.619412e+01	4.786177e+01	2.496963e+16
6607	6.137228e+15	8.477365e+01	4.603744e+01	1.203719e+16
6608	6.137476e+15	8.038305e+01	4.437520e+01	2.729973e+16
6609	6.137724e+15	8.488868e+01	4.464820e+01	2.349134e+16
6610	6.137965e+15	7.559443e+01	3.864719e+01	3.807894e+16
6611	6.138219e+15	7.615318e+01	4.100489e+01	1.212533e+16
6612	6.138479e+15	7.788087e+01	4.487488e+01	1.821512e+16
6613	6.138729e+15	7.239952e+01	4.181834e+01	2.055539e+16
6614	6.138984e+15	7.644262e+01	4.307817e+01	1.696793e+16
6615	6.139232e+15	7.617984e+01	4.166891e+01	2.791372e+16
6616	6.139485e+15	8.251989e+01	4.414488e+01	2.081912e+16
6617	6.139733e+15	8.100146e+01	4.302432e+01	1.693801e+16
6618	6.139980e+15	8.140384e+01	4.330864e+01	2.733844e+16
6619	6.140226e+15	8.384144e+01	4.333270e+01	2.806601e+16
6620	6.140467e+15	8.011231e+01	4.059486e+01	1.573253e+16
6621	6.140714e+15	7.672973e+01	3.928577e+01	2.400433e+16
6622	6.140966e+15	7.387353e+01	3.982502e+01	2.215078e+16
6623	6.141226e+15	7.467382e+01	4.172006e+01	2.182811e+16
6624	6.141488e+15	8.024731e+01	4.373395e+01	6.433490e+15
6625	6.141740e+15	8.000296e+01	4.098030e+01	1.969244e+16
6626	6.141991e+15	8.199029e+01	4.180242e+01	1.488059e+16
6627	6.142234e+15	7.902515e+01	3.690936e+01	1.617611e+16
6628	6.142483e+15	7.571278e+01	3.701255e+01	2.577228e+16
6629	6.142743e+15	8.093770e+01	4.099354e+01	2.048015e+16
6630	6.142997e+15	7.971700e+01	3.941737e+01	1.715120e+16
6631	6.143250e+15	7.634259e+01	3.858781e+01	3.115043e+16
6632	6.143509e+15	7.577552e+01	3.804257e+01	2.883202e+16
6633	6.143774e+15	7.978754e+01	3.741076e+01	2.495507e+16
6634	6.144040e+15	7.811966e+01	3.491227e+01	2.619639e+16
6635	6.144314e+15	7.482983e+01	3.551069e+01	3.136168e+16
6636	6.144604e+15	8.284649e+01	4.004480e+01	2.746491e+16
6637	6.144886e+15	7.901672e+01	3.914593e+01	2.254032e+16
6638	6.145170e+15	7.865292e+01	3.954369e+01	2.284257e+16
6639	6.145450e+15	7.767912e+01	3.748109e+01	2.400067e+16
6640	6.145740e+15	8.193269e+01	3.986075e+01	1.443719e+16
6641	6.146025e+15	8.428943e+01	4.017411e+01	1.775344e+16
6642	6.146303e+15	8.425600e+01	3.996163e+01	1.323787e+16
6643	6.146570e+15	8.482170e+01	3.754137e+01	2.279782e+16
6644	6.146832e+15	8.567628e+01	3.748079e+01	2.840311e+16
6645	6.147089e+15	8.949526e+01	3.935565e+01	2.280423e+16
6646	6.147338e+15	8.876949e+01	3.935378e+01	1.766208e+16
6647	6.147580e+15	8.597461e+01	3.924347e+01	1.545751e+16
6648	6.147814e+15	8.108309e+01	3.715376e+01	2.467697e+16
6649	6.148046e+15	7.695240e+01	3.708962e+01	2.641227e+16
6650	6.148282e+15	7.948224e+01	3.918975e+01	2.149088e+16
6651	6.148513e+15	7.724915e+01	3.815168e+01	1.657235e+16
6652	6.148743e+15	7.687942e+01	3.735888e+01	8.292254e+15
6653	6.148974e+15	7.525628e+01	3.640266e+01	2.098236e+16
6654	6.149213e+15	7.321005e+01	3.521465e+01	1.927477e+16
6655	6.149465e+15	7.851808e+01	3.770400e+01	2.511005e+16
6656	6.149716e+15	7.870224e+01	3.631076e+01	1.209463e+16
6657	6.149973e+15	8.299609e+01	3.672139e+01	2.565496e+16
6658	6.150231e+15	8.416263e+01	3.769252e+01	1.468738e+16
6659	6.150483e+15	8.694155e+01	3.717355e+01	1.266185e+16
6660	6.150733e+15	8.778387e+01	3.150141e+01	3.326308e+16
6661	6.150985e+15	8.626772e+01	3.060754e+01	1.230058e+16
6662	6.151243e+15	9.211929e+01	3.303548e+01	3.349097e+16
6663	6.151495e+15	8.942067e+01	3.209472e+01	1.352912e+16
6664	6.151750e+15	9.082721e+01	3.531806e+01	2.487223e+16
6665	6.152004e+15	9.219182e+01	3.699590e+01	1.854108e+16
6666	6.152254e+15	9.650664e+01	3.803911e+01	1.376140e+16
6667	6.152499e+15	9.658820e+01	3.832058e+01	2.792276e+16
6668	6.152741e+15	9.304201e+01	3.632506e+01	2.807945e+16
6669	6.152989e+15	9.842622e+01	3.800363e+01	2.461771e+16
6670	6.153234e+15	1.020300e+02	3.765323e+01	2.136903e+16
6671	6.153477e+15	1.000168e+02	3.639910e+01	2.050980e+16
6672	6.153720e+15	1.021027e+02	3.730641e+01	2.470252e+16
6673	6.153959e+15	9.733788e+01	3.419393e+01	2.021333e+16
6674	6.154198e+15	9.958307e+01	3.762188e+01	2.692089e+16
6675	6.154427e+15	9.296155e+01	3.509575e+01	2.988926e+16
6676	6.154660e+15	8.970344e+01	3.416115e+01	1.892817e+16
6677	6.154903e+15	9.071667e+01	3.902851e+01	3.226048e+16
6678	6.155142e+15	8.123893e+01	3.759233e+01	2.278346e+16
6679	6.155389e+15	7.822759e+01	3.693703e+01	2.804045e+16
6680	6.155649e+15	8.207369e+01	3.874188e+01	2.321900e+16
6681	6.155906e+15	8.837344e+01	3.899505e+01	1.507498e+16
6682	6.156158e+15	8.626073e+01	3.807474e+01	2.174065e+16
6683	6.156407e+15	8.465800e+01	3.735400e+01	2.035852e+16
6684	6.156654e+15	8.327894e+01	3.621309e+01	2.071827e+16
6685	6.156901e+15	8.167053e+01	3.525810e+01	1.973516e+16
6686	6.157147e+15	7.898933e+01	3.458565e+01	1.139955e+16
6687	6.157392e+15	8.379505e+01	3.576196e+01	3.456436e+16
6688	6.157632e+15	7.744490e+01	3.302568e+01	1.230825e+16
6689	6.157880e+15	7.867564e+01	3.436465e+01	3.443675e+16
6690	6.158125e+15	7.913506e+01	3.305367e+01	9.278901e+15
6691	6.158369e+15	7.575471e+01	3.145683e+01	2.435904e+16
6692	6.158619e+15	7.402927e+01	3.266286e+01	1.521580e+16
6693	6.158866e+15	7.454635e+01	3.268865e+01	2.939125e+16
6694	6.159116e+15	7.630534e+01	3.440526e+01	2.854746e+16
6695	6.159365e+15	6.822611e+01	3.168554e+01	2.295057e+16
6696	6.159626e+15	7.301907e+01	3.216674e+01	2.833940e+16
6697	6.159894e+15	7.237157e+01	3.444509e+01	1.860028e+16
6698	6.160161e+15	6.347769e+01	3.275882e+01	1.468368e+16
6699	6.160451e+15	7.729703e+01	3.813075e+01	2.250808e+16
6700	6.160720e+15	6.902116e+01	3.316133e+01	1.781164e+16
6701	6.160999e+15	7.336221e+01	3.665516e+01	2.223146e+16
6702	6.161271e+15	7.122071e+01	3.597685e+01	1.502649e+16
6703	6.161541e+15	7.258660e+01	3.532147e+01	2.587490e+16
6704	6.161812e+15	7.346261e+01	3.621986e+01	2.504812e+16
6705	6.162078e+15	7.247665e+01	3.640697e+01	1.509310e+16
6706	6.162338e+15	7.507291e+01	3.613349e+01	1.406634e+16
6707	6.162591e+15	7.575173e+01	3.495169e+01	1.332047e+16
6708	6.162843e+15	7.719796e+01	3.466557e+01	3.338355e+16
6709	6.163090e+15	7.709494e+01	3.341190e+01	1.885258e+16
6710	6.163338e+15	7.520959e+01	3.485092e+01	1.623996e+16
6711	6.163587e+15	7.517257e+01	3.530714e+01	2.835440e+16
6712	6.163835e+15	7.350497e+01	3.569301e+01	2.431456e+16
6713	6.164081e+15	6.696777e+01	3.358389e+01	1.257673e+16
6714	6.164339e+15	6.715233e+01	3.412179e+01	1.755496e+16
6715	6.164606e+15	6.904546e+01	3.362688e+01	2.017065e+16
6716	6.164877e+15	7.038599e+01	3.443164e+01	1.100272e+16
6717	6.165155e+15	7.289579e+01	3.694840e+01	2.577484e+16
6718	6.165429e+15	7.203999e+01	3.632202e+01	3.137453e+16
6719	6.165698e+15	7.254816e+01	3.437741e+01	2.419464e+16
6720	6.165968e+15	7.399303e+01	3.578430e+01	1.550062e+16
6721	6.166233e+15	7.232367e+01	3.536987e+01	1.316369e+16
6722	6.166498e+15	7.519554e+01	3.725568e+01	2.473604e+16
6723	6.166758e+15	7.143763e+01	3.585682e+01	2.486103e+16
6724	6.167018e+15	7.625232e+01	3.600810e+01	1.528863e+16
6725	6.167267e+15	7.125710e+01	3.282822e+01	3.334904e+16
6726	6.167523e+15	7.009479e+01	3.291509e+01	2.578958e+16
6727	6.167784e+15	7.424649e+01	3.859757e+01	2.693632e+16
6728	6.168035e+15	6.894544e+01	3.605837e+01	2.889501e+16
6729	6.168290e+15	5.602602e+01	3.463129e+01	1.491534e+16
6730	6.168555e+15	5.505339e+01	3.560038e+01	1.973043e+16
6731	6.168825e+15	5.188744e+01	3.460380e+01	2.631006e+16
6732	6.169107e+15	5.360969e+01	3.924582e+01	1.278892e+16
6733	6.169376e+15	5.376118e+01	3.702494e+01	1.290654e+16
6734	6.169645e+15	5.934748e+01	3.932439e+01	3.372231e+16
6735	6.169900e+15	5.827256e+01	3.718917e+01	1.807728e+16
6736	6.170150e+15	6.302656e+01	3.791039e+01	1.682749e+16
6737	6.170389e+15	5.938258e+01	3.568249e+01	2.336106e+16
6738	6.170630e+15	6.276397e+01	3.432578e+01	2.452862e+16
6739	6.170871e+15	6.135597e+01	3.368110e+01	1.965844e+16
6740	6.171115e+15	6.343919e+01	3.706088e+01	2.743058e+16
6741	6.171349e+15	6.188759e+01	3.303044e+01	2.546336e+16
6742	6.171589e+15	6.256388e+01	3.467828e+01	2.713227e+16
6743	6.171833e+15	6.325662e+01	3.661656e+01	1.534768e+16
6744	6.172075e+15	6.225147e+01	3.442481e+01	2.082697e+16
6745	6.172318e+15	6.597062e+01	3.334860e+01	2.854136e+16
6746	6.172560e+15	7.072519e+01	3.430044e+01	2.520999e+16
6747	6.172797e+15	6.828576e+01	3.235888e+01	1.932692e+16
6748	6.173039e+15	6.818534e+01	3.392398e+01	2.578515e+16
6749	6.173278e+15	6.114909e+01	3.264915e+01	1.883968e+16
6750	6.173524e+15	5.995269e+01	3.449338e+01	1.554939e+16
6751	6.173769e+15	5.592657e+01	3.280341e+01	1.805436e+16
6752	6.174027e+15	5.845045e+01	3.476997e+01	1.559604e+16
6753	6.174285e+15	5.730709e+01	3.728772e+01	1.851833e+16
6754	6.174530e+15	5.539851e+01	3.511093e+01	1.913987e+16
6755	6.174776e+15	5.719623e+01	3.623196e+01	1.996849e+16
6756	6.175017e+15	5.359626e+01	3.393629e+01	2.286549e+16
6757	6.175265e+15	6.067044e+01	3.615483e+01	1.658746e+16
6758	6.175510e+15	6.478573e+01	3.661436e+01	7.033187e+15
6759	6.175746e+15	6.065961e+01	3.066392e+01	2.682110e+16
6760	6.175996e+15	6.425212e+01	3.542565e+01	1.677407e+16
6761	6.176239e+15	5.876650e+01	3.228645e+01	2.953173e+16
6762	6.176494e+15	6.622424e+01	3.718596e+01	2.465981e+16
6763	6.176735e+15	6.137184e+01	3.360612e+01	1.455281e+16
6764	6.176983e+15	5.827043e+01	3.351699e+01	1.883933e+16
6765	6.177242e+15	5.843366e+01	3.530459e+01	2.944024e+16
6766	6.177505e+15	5.587265e+01	3.393398e+01	2.989186e+16
6767	6.177779e+15	5.798350e+01	3.469031e+01	2.943047e+16
6768	6.178056e+15	6.437862e+01	3.769669e+01	3.204723e+16
6769	6.178320e+15	6.809789e+01	3.733276e+01	5.166584e+16
6770	6.178572e+15	7.055182e+01	3.579891e+01	4.408328e+16
6771	6.178817e+15	7.079693e+01	3.460501e+01	3.926040e+16
6772	6.179057e+15	7.348389e+01	3.470625e+01	1.404216e+16
6773	6.179292e+15	7.788346e+01	3.520579e+01	2.466050e+16
6774	6.179517e+15	7.541600e+01	3.289906e+01	1.083965e+16
6775	6.179743e+15	7.406246e+01	3.322000e+01	2.890510e+16
6776	6.179969e+15	7.590524e+01	3.412290e+01	2.361790e+16
6777	6.180190e+15	7.121736e+01	3.313216e+01	2.606898e+16
6778	6.180411e+15	7.087287e+01	3.307646e+01	1.678979e+16
6779	6.180633e+15	6.916849e+01	3.174171e+01	1.960936e+16
6780	6.180864e+15	6.957608e+01	3.258753e+01	2.160013e+16
6781	6.181097e+15	6.884549e+01	3.178637e+01	1.101676e+16
6782	6.181333e+15	6.718033e+01	3.213155e+01	2.934676e+16
6783	6.181573e+15	6.425245e+01	3.067445e+01	1.355798e+16
6784	6.181819e+15	6.608955e+01	3.182066e+01	2.431993e+16
6785	6.182064e+15	6.474835e+01	3.173367e+01	2.666676e+16
6786	6.182307e+15	6.342501e+01	3.156493e+01	8.476049e+15
6787	6.182551e+15	6.263869e+01	3.076703e+01	9.690659e+15
6788	6.182793e+15	5.805444e+01	2.512243e+01	1.456809e+16
6789	6.183050e+15	5.842026e+01	2.782072e+01	1.702920e+16
6790	6.183310e+15	5.671054e+01	2.860357e+01	1.232262e+16
6791	6.183568e+15	5.405494e+01	2.818861e+01	2.550806e+16
6792	6.183829e+15	5.383525e+01	2.865718e+01	2.336728e+16
6793	6.184088e+15	5.518389e+01	3.070135e+01	2.409085e+16
6794	6.184339e+15	5.139843e+01	2.973497e+01	1.417797e+16
6795	6.184592e+15	5.531898e+01	3.127838e+01	1.042932e+16
6796	6.184841e+15	5.088318e+01	2.935853e+01	2.191635e+16
6797	6.185103e+15	5.296573e+01	3.313653e+01	1.681548e+16
6798	6.185366e+15	5.487340e+01	3.513028e+01	3.664525e+16
6799	6.185624e+15	5.760710e+01	3.479639e+01	2.772741e+16
6800	6.185882e+15	5.780715e+01	3.439263e+01	2.241680e+16
6801	6.186140e+15	6.025120e+01	3.490808e+01	2.615984e+16
6802	6.186395e+15	6.087085e+01	3.299032e+01	3.118494e+16
6803	6.186655e+15	6.404718e+01	3.440683e+01	2.158928e+16
6804	6.186910e+15	6.665978e+01	3.423050e+01	3.484081e+16
6805	6.187162e+15	6.866740e+01	3.437081e+01	1.481640e+16
6806	6.187410e+15	6.862284e+01	3.361576e+01	1.989383e+16
6807	6.187659e+15	6.389783e+01	3.425962e+01	2.284933e+16
6808	6.187912e+15	6.240399e+01	3.649576e+01	1.999505e+16
6809	6.188165e+15	5.170513e+01	3.399466e+01	3.055845e+16
6810	6.188432e+15	5.260999e+01	3.754568e+01	2.929503e+16
6811	6.188700e+15	5.459233e+01	3.941239e+01	3.117586e+16
6812	6.188961e+15	5.264781e+01	3.837872e+01	1.996613e+16
6813	6.189231e+15	5.802860e+01	4.267485e+01	2.240426e+16
6814	6.189487e+15	5.788551e+01	4.061654e+01	1.983922e+16
6815	6.189742e+15	5.929370e+01	3.976830e+01	3.078742e+16
6816	6.190000e+15	6.280215e+01	4.168992e+01	2.000460e+16
6817	6.190248e+15	6.519978e+01	4.056153e+01	1.872530e+16
6818	6.190493e+15	6.287976e+01	3.834874e+01	1.973780e+16
6819	6.190744e+15	7.223028e+01	4.346269e+01	2.919783e+16
6820	6.190992e+15	7.488346e+01	4.532656e+01	2.467028e+16
6821	6.191236e+15	7.803537e+01	4.676476e+01	2.665929e+16
6822	6.191471e+15	7.127111e+01	4.417629e+01	3.504652e+16
6823	6.191703e+15	6.569439e+01	4.124777e+01	2.727085e+16
6824	6.191949e+15	7.483542e+01	4.772369e+01	1.283052e+16
6825	6.192181e+15	7.000858e+01	4.204079e+01	1.988416e+16
6826	6.192424e+15	7.823157e+01	4.624916e+01	2.637925e+16
6827	6.192655e+15	7.710694e+01	4.463993e+01	2.114961e+16
6828	6.192880e+15	7.339955e+01	4.134604e+01	4.051369e+16
6829	6.193116e+15	8.038548e+01	4.528047e+01	2.592005e+16
6830	6.193342e+15	7.734566e+01	4.290824e+01	1.076483e+16
6831	6.193567e+15	7.494496e+01	4.123461e+01	2.522380e+16
6832	6.193799e+15	7.487372e+01	4.351590e+01	3.383666e+16
6833	6.194027e+15	7.687242e+01	4.352579e+01	1.850688e+16
6834	6.194251e+15	7.200987e+01	4.136185e+01	1.756958e+16
6835	6.194478e+15	7.473743e+01	4.158450e+01	1.274871e+16
6836	6.194703e+15	7.341116e+01	4.006692e+01	1.510691e+16
6837	6.194933e+15	7.298513e+01	4.009378e+01	2.364966e+16
6838	6.195164e+15	7.262601e+01	3.920191e+01	1.173579e+16
6839	6.195398e+15	7.452205e+01	3.958200e+01	1.694909e+16
6840	6.195632e+15	7.275996e+01	3.963872e+01	2.044572e+16
6841	6.195863e+15	6.635159e+01	3.414998e+01	1.222501e+16
6842	6.196106e+15	7.151021e+01	3.943113e+01	2.450281e+16
6843	6.196345e+15	6.323725e+01	3.770740e+01	1.829378e+16
6844	6.196590e+15	6.308874e+01	3.752669e+01	1.495540e+16
6845	6.196839e+15	6.651901e+01	3.674884e+01	1.853082e+16
6846	6.197087e+15	6.872453e+01	3.790361e+01	1.793342e+16
6847	6.197327e+15	6.209020e+01	3.427258e+01	1.030911e+16
6848	6.197574e+15	6.004958e+01	3.580709e+01	2.631412e+16
6849	6.197831e+15	6.895206e+01	4.050015e+01	2.705632e+16
6850	6.198067e+15	5.970873e+01	3.502293e+01	3.051155e+16
6851	6.198307e+15	5.537163e+01	3.571035e+01	3.542572e+16
6852	6.198555e+15	5.551760e+01	3.989145e+01	1.850302e+16
6853	6.198793e+15	4.947088e+01	3.773203e+01	2.110378e+16
6854	6.199030e+15	4.803617e+01	3.797376e+01	2.400643e+16
6855	6.199272e+15	4.826496e+01	4.088330e+01	2.597201e+16
6856	6.199508e+15	4.586211e+01	3.836460e+01	2.569374e+16
6857	6.199751e+15	5.054942e+01	3.719260e+01	1.354178e+16
6858	6.199986e+15	5.280277e+01	3.510456e+01	2.918610e+16
6859	6.200222e+15	5.493376e+01	3.327014e+01	2.524573e+16
6860	6.200464e+15	6.008516e+01	3.454211e+01	2.997018e+16
6861	6.200704e+15	5.864312e+01	3.432350e+01	3.084665e+16
6862	6.200946e+15	5.607031e+01	3.282434e+01	3.151689e+16
6863	6.201198e+15	5.761527e+01	3.474296e+01	1.894276e+16
6864	6.201454e+15	6.003711e+01	3.901324e+01	1.765735e+16
6865	6.201704e+15	5.552047e+01	3.853873e+01	2.558618e+16
6866	6.201956e+15	5.316201e+01	3.894558e+01	2.811828e+16
6867	6.202216e+15	5.501906e+01	4.046139e+01	3.447814e+16
6868	6.202475e+15	5.196540e+01	3.854501e+01	2.194516e+16
6869	6.202747e+15	5.657206e+01	4.016577e+01	2.870865e+16
6870	6.203018e+15	6.193374e+01	4.457174e+01	2.435831e+16
6871	6.203266e+15	5.722950e+01	3.732465e+01	3.090010e+16
6872	6.203530e+15	6.554769e+01	4.377190e+01	1.679400e+16
6873	6.203779e+15	5.862871e+01	3.880988e+01	2.855153e+16
6874	6.204043e+15	6.807666e+01	4.557655e+01	2.688345e+16
6875	6.204289e+15	6.952977e+01	4.305688e+01	2.673039e+16
6876	6.204534e+15	7.358178e+01	4.590046e+01	1.819409e+16
6877	6.204767e+15	6.532099e+01	4.107235e+01	2.369012e+16
6878	6.205009e+15	6.864673e+01	4.457855e+01	2.531633e+16
6879	6.205241e+15	6.384663e+01	4.078879e+01	2.078821e+16
6880	6.205481e+15	6.719776e+01	4.291544e+01	2.884841e+16
6881	6.205714e+15	6.993024e+01	4.226641e+01	2.145389e+16
6882	6.205945e+15	6.817706e+01	4.107928e+01	1.208748e+16
6883	6.206181e+15	6.988053e+01	4.136161e+01	1.391247e+16
6884	6.206412e+15	6.816981e+01	4.004016e+01	1.876097e+16
6885	6.206648e+15	7.000590e+01	4.185649e+01	2.073412e+16
6886	6.206881e+15	7.054912e+01	4.265791e+01	1.152307e+16
6887	6.207110e+15	7.079547e+01	4.231346e+01	2.016053e+16
6888	6.207338e+15	7.208526e+01	4.320862e+01	2.285465e+16
6889	6.207565e+15	7.216877e+01	3.897258e+01	1.622128e+16
6890	6.207794e+15	6.908149e+01	3.996372e+01	2.979576e+16
6891	6.208022e+15	7.068592e+01	3.999460e+01	2.908337e+16
6892	6.208246e+15	6.849587e+01	3.803506e+01	1.482057e+16
6893	6.208474e+15	7.123213e+01	3.914017e+01	1.628192e+16
6894	6.208696e+15	6.926692e+01	3.686957e+01	1.049195e+16
6895	6.208919e+15	6.921417e+01	3.694936e+01	2.102851e+16
6896	6.209142e+15	7.131113e+01	3.669730e+01	2.973865e+16
6897	6.209358e+15	6.299179e+01	3.371776e+01	2.670835e+16
6898	6.209590e+15	6.934629e+01	3.770635e+01	1.990379e+16
6899	6.209817e+15	6.810527e+01	3.655689e+01	1.381678e+16
6900	6.210047e+15	6.106943e+01	3.510347e+01	3.138820e+16
6901	6.210289e+15	6.406580e+01	3.865865e+01	3.102828e+16
6902	6.210529e+15	6.011318e+01	3.650628e+01	1.191468e+16
6903	6.210779e+15	6.177111e+01	3.967997e+01	1.264352e+16
6904	6.211029e+15	6.256850e+01	3.728385e+01	2.787100e+16
6905	6.211278e+15	7.095695e+01	4.089419e+01	3.466689e+16
6906	6.211515e+15	7.349073e+01	4.058097e+01	2.863535e+16
6907	6.211744e+15	7.387368e+01	3.890021e+01	2.392789e+16
6908	6.211975e+15	8.128980e+01	4.145147e+01	2.129301e+16
6909	6.212197e+15	7.734468e+01	4.066948e+01	2.392369e+16
6910	6.212418e+15	7.589442e+01	4.103829e+01	2.196209e+16
6911	6.212641e+15	7.611650e+01	4.244382e+01	3.557335e+16
6912	6.212862e+15	7.471824e+01	4.326980e+01	3.484695e+16
6913	6.213077e+15	6.880415e+01	4.193669e+01	3.999040e+16
6914	6.213299e+15	7.110159e+01	4.184273e+01	1.686572e+16
6915	6.213525e+15	7.093334e+01	4.066792e+01	1.554313e+16
6916	6.213756e+15	8.091079e+01	4.198454e+01	2.902997e+16
6917	6.213978e+15	7.899732e+01	3.455455e+01	2.468897e+16
6918	6.214214e+15	8.089079e+01	3.747437e+01	1.524735e+16
6919	6.214454e+15	8.395199e+01	4.089964e+01	2.503936e+16
6920	6.214688e+15	7.653547e+01	3.771640e+01	2.789608e+16
6921	6.214937e+15	8.630672e+01	4.620725e+01	2.960827e+16
6922	6.215163e+15	8.381792e+01	4.210266e+01	1.707062e+16
6923	6.215392e+15	8.090723e+01	3.878123e+01	2.454997e+16
6924	6.215631e+15	8.737899e+01	4.230254e+01	3.003314e+16
6925	6.215861e+15	8.819172e+01	3.968167e+01	3.584111e+16
6926	6.216094e+15	8.485698e+01	3.864709e+01	2.432059e+16
6927	6.216331e+15	8.532785e+01	3.890529e+01	1.832310e+16
6928	6.216565e+15	8.267738e+01	3.800353e+01	3.263201e+16
6929	6.216793e+15	8.214869e+01	3.679628e+01	2.622636e+16
6930	6.217024e+15	7.922702e+01	3.531830e+01	2.082585e+16
6931	6.217263e+15	8.408236e+01	3.709992e+01	1.121977e+16
6932	6.217496e+15	8.018125e+01	3.377173e+01	2.313248e+16
6933	6.217739e+15	8.325423e+01	3.586196e+01	1.923922e+16
6934	6.217981e+15	8.454123e+01	3.533088e+01	1.935744e+16
6935	6.218219e+15	8.357292e+01	3.560770e+01	3.210231e+16
6936	6.218453e+15	8.203150e+01	3.494187e+01	2.173582e+16
6937	6.218688e+15	7.854025e+01	3.483757e+01	2.243571e+16
6938	6.218928e+15	7.599441e+01	3.524675e+01	2.445388e+16
6939	6.219168e+15	7.338787e+01	3.392773e+01	2.353731e+16
6940	6.219411e+15	7.488786e+01	3.411813e+01	2.022095e+16
6941	6.219652e+15	7.923890e+01	3.291834e+01	1.015226e+16
6942	6.219889e+15	7.549114e+01	3.163993e+01	2.163054e+16
6943	6.220128e+15	7.887478e+01	3.220039e+01	2.933062e+16
6944	6.220367e+15	7.373900e+01	3.191816e+01	2.518570e+16
6945	6.220603e+15	6.895927e+01	2.870294e+01	2.172081e+16
6946	6.220845e+15	6.315145e+01	2.840713e+01	1.389604e+16
6947	6.221094e+15	6.058096e+01	2.753400e+01	1.541385e+16
6948	6.221360e+15	6.259622e+01	2.882901e+01	1.909292e+16
6949	6.221624e+15	6.362923e+01	2.797059e+01	2.608678e+16
6950	6.221890e+15	6.343738e+01	2.686038e+01	2.521286e+16
6951	6.222168e+15	6.728605e+01	2.948602e+01	1.754080e+16
6952	6.222437e+15	6.790154e+01	2.935563e+01	3.034179e+16
6953	6.222703e+15	7.117227e+01	3.031379e+01	1.902186e+16
6954	6.222963e+15	7.187817e+01	3.078287e+01	2.205579e+16
6955	6.223215e+15	6.751253e+01	2.927404e+01	3.072797e+16
6956	6.223471e+15	7.536872e+01	3.143920e+01	2.562059e+16
6957	6.223712e+15	6.569953e+01	2.558452e+01	2.475638e+16
6958	6.223967e+15	7.143329e+01	3.093125e+01	3.256733e+16
6959	6.224213e+15	6.760713e+01	2.965510e+01	5.144432e+16
6960	6.224458e+15	6.583024e+01	2.954460e+01	2.718321e+16
6961	6.224704e+15	6.726892e+01	2.920197e+01	3.373820e+16
6962	6.224950e+15	7.108622e+01	2.900442e+01	1.108523e+16
6963	6.225194e+15	6.885845e+01	3.006903e+01	7.401025e+15
6964	6.225441e+15	6.784465e+01	3.146950e+01	2.256291e+16
6965	6.225688e+15	6.402342e+01	3.228863e+01	2.001475e+16
6966	6.225934e+15	6.004154e+01	3.065771e+01	3.454708e+16
6967	6.226192e+15	5.978193e+01	3.031944e+01	2.925747e+16
6968	6.226452e+15	5.721675e+01	2.828039e+01	2.883630e+16
6969	6.226733e+15	5.800060e+01	2.970920e+01	1.963761e+16
6970	6.227026e+15	6.716029e+01	3.434842e+01	2.934219e+16
6971	6.227301e+15	6.243549e+01	3.088037e+01	3.037399e+16
6972	6.227583e+15	6.912379e+01	3.316698e+01	2.316294e+16
6973	6.227858e+15	7.183418e+01	3.351551e+01	2.998104e+16
6974	6.228130e+15	7.320105e+01	3.514883e+01	2.438121e+16
6975	6.228393e+15	7.328045e+01	3.593718e+01	3.503747e+16
6976	6.228650e+15	7.547843e+01	3.659563e+01	3.943754e+16
6977	6.228902e+15	7.552164e+01	3.686197e+01	2.455045e+16
6978	6.229152e+15	7.513277e+01	3.802033e+01	2.678069e+16
6979	6.229400e+15	7.485182e+01	3.763716e+01	2.783198e+16
6980	6.229650e+15	7.461526e+01	3.795664e+01	3.287913e+16
6981	6.229900e+15	7.986740e+01	3.971919e+01	1.523594e+16
6982	6.230148e+15	8.119714e+01	3.890720e+01	2.269496e+16
6983	6.230398e+15	8.318045e+01	4.003803e+01	2.271254e+16
6984	6.230645e+15	7.982067e+01	3.917280e+01	2.494231e+16
6985	6.230893e+15	8.048677e+01	3.968747e+01	1.452241e+16
6986	6.231139e+15	7.532521e+01	3.614274e+01	1.940057e+16
6987	6.231396e+15	7.473692e+01	3.565032e+01	1.068866e+16
6988	6.231652e+15	7.173754e+01	3.437204e+01	3.209816e+16
6989	6.231911e+15	6.739044e+01	3.426946e+01	2.634517e+16
6990	6.232173e+15	6.591629e+01	3.522700e+01	2.047573e+16
6991	6.232437e+15	6.483736e+01	3.492284e+01	1.579662e+16
6992	6.232711e+15	6.618672e+01	3.617595e+01	2.749705e+16
6993	6.232987e+15	6.139082e+01	3.510638e+01	2.167139e+16
6994	6.233276e+15	6.049656e+01	3.551118e+01	2.926632e+16
6995	6.233571e+15	6.205661e+01	3.627055e+01	3.189444e+16
6996	6.233864e+15	5.912182e+01	3.531324e+01	2.818884e+16
6997	6.234168e+15	5.693311e+01	3.653253e+01	3.244788e+16
6998	6.234479e+15	5.833206e+01	3.793758e+01	3.205247e+16
6999	6.234792e+15	6.110692e+01	4.008889e+01	3.731341e+16
7000	6.235090e+15	6.028296e+01	3.918329e+01	3.814175e+16
7001	6.235384e+15	6.006984e+01	3.871324e+01	3.246130e+16
7002	6.235676e+15	6.296447e+01	4.102273e+01	2.351104e+16
7003	6.235952e+15	5.694038e+01	3.868308e+01	2.483574e+16
7004	6.236236e+15	6.338547e+01	4.349722e+01	1.892802e+16
7005	6.236501e+15	5.694368e+01	3.801434e+01	2.418368e+16
7006	6.236776e+15	5.793681e+01	4.057928e+01	2.724699e+16
7007	6.237052e+15	5.628216e+01	3.936360e+01	1.668885e+16
7008	6.237336e+15	6.250491e+01	4.367538e+01	2.569260e+16
7009	6.237610e+15	6.291793e+01	4.570366e+01	2.764192e+16
7010	6.237867e+15	5.973255e+01	4.229045e+01	4.878755e+15
7011	6.238128e+15	6.248167e+01	4.528882e+01	3.867644e+16
7012	6.238384e+15	6.076231e+01	4.158109e+01	1.768877e+16
7013	6.238648e+15	5.859398e+01	4.383914e+01	3.328363e+16
7014	6.238916e+15	6.319685e+01	4.617200e+01	4.061374e+16
7015	6.239177e+15	5.454966e+01	4.262437e+01	2.687651e+16
7016	6.239452e+15	5.918870e+01	4.742238e+01	1.889837e+16
7017	6.239722e+15	5.660230e+01	4.522776e+01	2.930406e+16
7018	6.239999e+15	5.650596e+01	4.528126e+01	2.703519e+16
7019	6.240279e+15	5.756187e+01	4.606673e+01	2.374159e+16
7020	6.240557e+15	6.074750e+01	4.639909e+01	2.578681e+16
7021	6.240825e+15	6.089201e+01	4.519567e+01	2.166298e+16
7022	6.241087e+15	6.044101e+01	4.386145e+01	2.035657e+16
7023	6.241347e+15	6.173435e+01	4.498788e+01	2.312637e+16
7024	6.241598e+15	6.081670e+01	4.249449e+01	2.471697e+16
7025	6.241854e+15	6.994405e+01	4.529729e+01	2.912511e+16
7026	6.242096e+15	6.246966e+01	3.987070e+01	3.970510e+16
7027	6.242350e+15	6.352766e+01	4.138640e+01	2.670495e+16
7028	6.242611e+15	6.543249e+01	3.880430e+01	2.273551e+16
7029	6.242869e+15	6.788816e+01	3.715781e+01	2.216684e+16
7030	6.243127e+15	6.851556e+01	3.921050e+01	2.023075e+16
7031	6.243377e+15	6.350613e+01	3.606001e+01	2.115313e+16
7032	6.243632e+15	6.883459e+01	3.723816e+01	2.577424e+16
7033	6.243885e+15	6.809330e+01	3.729988e+01	2.735135e+16
7034	6.244132e+15	6.317254e+01	3.603250e+01	3.337345e+16
7035	6.244380e+15	6.255044e+01	3.556024e+01	3.178764e+16
7036	6.244627e+15	6.084623e+01	3.441496e+01	3.840980e+16
7037	6.244878e+15	6.105508e+01	3.436283e+01	4.863176e+16
7038	6.245131e+15	5.945019e+01	3.430154e+01	2.885027e+16
7039	6.245392e+15	5.716125e+01	3.417684e+01	2.521583e+16
7040	6.245669e+15	5.915011e+01	3.704879e+01	3.243972e+16
7041	6.245942e+15	6.060292e+01	3.583609e+01	3.306362e+16
7042	6.246209e+15	6.405874e+01	3.639673e+01	5.588616e+16
7043	6.246468e+15	6.449756e+01	3.617308e+01	4.525277e+16
7044	6.246725e+15	6.701794e+01	3.688811e+01	2.975023e+16
7045	6.246980e+15	6.542718e+01	3.766257e+01	3.536513e+16
7046	6.247231e+15	5.910244e+01	4.011541e+01	2.930198e+16
7047	6.247486e+15	5.863535e+01	4.051406e+01	3.101421e+16
7048	6.247748e+15	6.145385e+01	4.042877e+01	3.531509e+16
7049	6.248014e+15	6.518410e+01	4.439686e+01	1.834505e+16
7050	6.248270e+15	6.465503e+01	4.157225e+01	4.203912e+16
7051	6.248534e+15	6.547561e+01	4.559638e+01	2.503334e+16
7052	6.248785e+15	6.575871e+01	4.347579e+01	2.607269e+16
7053	6.249033e+15	7.010903e+01	4.427054e+01	4.075895e+16
7054	6.249275e+15	6.957399e+01	3.961961e+01	4.366077e+16
7055	6.249527e+15	6.683367e+01	4.124841e+01	2.707541e+16
7056	6.249792e+15	6.458678e+01	4.320811e+01	5.246028e+16
7057	6.250065e+15	6.846253e+01	4.786452e+01	4.672296e+16
7058	6.250325e+15	6.116385e+01	4.308139e+01	2.383303e+16
7059	6.250602e+15	6.642830e+01	4.702082e+01	4.872811e+16
7060	6.250873e+15	6.609313e+01	4.638808e+01	3.848590e+16
7061	6.251144e+15	6.575737e+01	4.640698e+01	3.000735e+16
7062	6.251416e+15	6.719349e+01	4.840266e+01	3.171502e+16
7063	6.251678e+15	6.315323e+01	4.593702e+01	1.773303e+16
7064	6.251943e+15	6.334128e+01	4.768323e+01	2.501667e+16
7065	6.252208e+15	6.641596e+01	5.016981e+01	2.957167e+16
7066	6.252465e+15	6.132627e+01	4.776315e+01	3.395698e+16
7067	6.252728e+15	6.255869e+01	5.003226e+01	4.193926e+16
7068	6.252983e+15	6.270781e+01	4.752556e+01	2.813358e+16
7069	6.253243e+15	6.253762e+01	4.691149e+01	3.281557e+16
7070	6.253507e+15	5.795073e+01	4.516572e+01	3.621160e+16
7071	6.253774e+15	5.835225e+01	4.587763e+01	1.882792e+16
7072	6.254045e+15	5.883560e+01	4.748296e+01	3.695397e+16
7073	6.254315e+15	5.565707e+01	4.546765e+01	3.352585e+16
7074	6.254598e+15	5.782194e+01	4.776636e+01	1.757494e+16
7075	6.254881e+15	5.484727e+01	4.539991e+01	2.545315e+16
7076	6.255177e+15	5.705033e+01	4.843677e+01	3.210657e+16
7077	6.255473e+15	5.832810e+01	5.042874e+01	3.115289e+16
7078	6.255763e+15	5.743947e+01	5.376828e+01	2.999701e+16
7079	6.256035e+15	5.796585e+01	5.179384e+01	2.105299e+16
7080	6.256301e+15	5.845536e+01	5.245723e+01	2.413547e+16
7081	6.256562e+15	5.746769e+01	5.098602e+01	3.016779e+16
7082	6.256824e+15	6.118139e+01	5.354412e+01	2.539794e+16
7083	6.257079e+15	5.727681e+01	4.942668e+01	2.981648e+16
7084	6.257344e+15	5.876152e+01	5.081508e+01	3.827911e+16
7085	6.257611e+15	6.085263e+01	5.050275e+01	4.006354e+16
7086	6.257875e+15	6.335465e+01	5.024424e+01	1.954391e+16
7087	6.258135e+15	6.240142e+01	5.019780e+01	4.685903e+16
7088	6.258391e+15	6.625042e+01	5.080774e+01	5.398554e+16
7089	6.258639e+15	6.639690e+01	4.962518e+01	4.632277e+16
7090	6.258882e+15	6.697584e+01	4.768944e+01	4.100191e+16
7091	6.259126e+15	7.175083e+01	4.843201e+01	6.019601e+16
7092	6.259365e+15	6.767253e+01	4.659954e+01	4.311438e+16
7093	6.259607e+15	6.670388e+01	4.627917e+01	2.569326e+16
7094	6.259853e+15	6.336436e+01	4.503085e+01	4.798223e+16
7095	6.260107e+15	6.862560e+01	4.744429e+01	3.886535e+16
7096	6.260357e+15	6.710851e+01	4.499193e+01	2.031682e+16
7097	6.260615e+15	6.591841e+01	4.477064e+01	1.940466e+16
7098	6.260883e+15	6.604966e+01	4.593907e+01	2.153842e+16
7099	6.261154e+15	6.799504e+01	4.666593e+01	2.888786e+16
7100	6.261427e+15	6.694818e+01	4.754634e+01	1.751938e+16
7101	6.261696e+15	6.915717e+01	4.805721e+01	2.852070e+16
7102	6.261957e+15	7.282653e+01	4.853357e+01	2.921665e+16
7103	6.262209e+15	7.092609e+01	4.545809e+01	2.551698e+16
7104	6.262466e+15	7.224584e+01	4.638980e+01	2.426954e+16
7105	6.262722e+15	7.210257e+01	4.678668e+01	2.716293e+16
7106	6.262977e+15	7.040948e+01	4.608406e+01	3.275230e+16
7107	6.263231e+15	7.467474e+01	4.794921e+01	2.043037e+16
7108	6.263479e+15	7.652155e+01	4.766914e+01	1.306730e+16
7109	6.263720e+15	7.561493e+01	4.507306e+01	1.504215e+16
7110	6.263962e+15	8.411912e+01	4.702715e+01	9.634032e+15
7111	6.264191e+15	7.964454e+01	4.338810e+01	3.128526e+16
7112	6.264425e+15	8.556022e+01	4.574999e+01	2.394000e+16
7113	6.264651e+15	8.426195e+01	4.313707e+01	2.315827e+16
7114	6.264879e+15	8.436723e+01	4.313262e+01	2.187059e+16
7115	6.265108e+15	8.218307e+01	4.107894e+01	1.080843e+16
7116	6.265336e+15	7.789451e+01	4.179790e+01	2.994770e+16
7117	6.265576e+15	8.658112e+01	4.585632e+01	1.968152e+16
7118	6.265807e+15	8.606307e+01	4.311841e+01	1.663127e+16
7119	6.266039e+15	8.470706e+01	4.184092e+01	4.215320e+16
7120	6.266276e+15	8.645682e+01	4.224427e+01	1.429145e+16
7121	6.266512e+15	8.238795e+01	3.873356e+01	2.099264e+16
7122	6.266756e+15	9.198228e+01	4.233384e+01	2.545825e+16
7123	6.266990e+15	9.073583e+01	3.944207e+01	2.407847e+16
7124	6.267230e+15	9.214337e+01	4.051748e+01	1.197007e+16
7125	6.267468e+15	7.919999e+01	3.945422e+01	2.356291e+16
7126	6.267722e+15	8.664476e+01	4.618757e+01	2.313829e+16
7127	6.267964e+15	7.678210e+01	4.072347e+01	2.105948e+16
7128	6.268222e+15	8.165159e+01	4.283696e+01	6.043361e+15
7129	6.268485e+15	8.454143e+01	4.256571e+01	2.019937e+16
7130	6.268746e+15	8.653890e+01	4.221009e+01	2.859143e+16
7131	6.269006e+15	8.760200e+01	4.102076e+01	1.724545e+16
7132	6.269271e+15	9.054414e+01	4.039582e+01	1.548429e+16
7133	6.269536e+15	9.612486e+01	4.246093e+01	1.060938e+16
7134	6.269789e+15	9.071421e+01	3.941451e+01	1.143910e+16
7135	6.270050e+15	9.789193e+01	4.276744e+01	1.388297e+16
7136	6.270301e+15	9.418059e+01	3.951219e+01	2.033760e+16
7137	6.270550e+15	9.634479e+01	3.865361e+01	2.088809e+16
7138	6.270797e+15	9.436129e+01	3.800821e+01	2.101920e+16
7139	6.271050e+15	1.050733e+02	4.118476e+01	3.137051e+16
7140	6.271293e+15	9.748281e+01	3.847025e+01	7.086310e+15
7141	6.271539e+15	1.013611e+02	3.988801e+01	1.502470e+16
7142	6.271784e+15	9.549615e+01	3.886570e+01	1.815518e+16
7143	6.272030e+15	9.204273e+01	3.673966e+01	3.440001e+16
7144	6.272279e+15	8.363135e+01	3.507841e+01	2.028831e+16
7145	6.272546e+15	8.546165e+01	3.628013e+01	1.745655e+16
7146	6.272822e+15	8.519359e+01	3.501186e+01	2.604022e+16
7147	6.273111e+15	9.110319e+01	3.707968e+01	2.912609e+16
7148	6.273400e+15	9.216859e+01	3.604055e+01	3.253427e+16
7149	6.273689e+15	9.545534e+01	3.758129e+01	3.718707e+16
7150	6.273971e+15	9.074416e+01	3.792791e+01	1.753728e+16
7151	6.274248e+15	9.376635e+01	3.814232e+01	2.035259e+16
7152	6.274518e+15	9.712233e+01	3.942493e+01	2.702017e+16
7153	6.274775e+15	9.537733e+01	3.858676e+01	2.306018e+16
7154	6.275029e+15	9.662390e+01	3.848156e+01	1.879074e+16
7155	6.275281e+15	9.278719e+01	3.670248e+01	2.067278e+16
7156	6.275536e+15	9.320498e+01	3.430862e+01	2.449335e+16
7157	6.275792e+15	9.299326e+01	3.293725e+01	1.710155e+16
7158	6.276051e+15	9.143499e+01	3.218035e+01	2.043858e+16
7159	6.276316e+15	1.000944e+02	3.455519e+01	1.694789e+16
7160	6.276572e+15	9.540404e+01	3.136818e+01	1.993675e+16
7161	6.276831e+15	9.488006e+01	3.272231e+01	2.310598e+16
7162	6.277093e+15	1.018781e+02	3.556886e+01	2.530979e+16
7163	6.277348e+15	9.412846e+01	3.418292e+01	1.572301e+16
7164	6.277611e+15	9.582508e+01	3.615554e+01	1.010132e+16
7165	6.277876e+15	9.469787e+01	3.552731e+01	5.544624e+15
7166	6.278151e+15	9.363305e+01	3.647737e+01	1.010192e+16
7167	6.278431e+15	9.792114e+01	3.719365e+01	1.686916e+16
7168	6.278711e+15	9.376426e+01	3.567021e+01	1.654310e+16
7169	6.279000e+15	9.448335e+01	3.646414e+01	1.703332e+16
7170	6.279289e+15	9.320191e+01	3.673062e+01	2.036396e+16
7171	6.279573e+15	9.065886e+01	3.540079e+01	2.530530e+16
7172	6.279862e+15	9.781558e+01	3.897791e+01	1.639856e+16
7173	6.280137e+15	9.168012e+01	3.714902e+01	2.491778e+16
7174	6.280413e+15	9.886161e+01	4.054798e+01	2.836296e+16
7175	6.280674e+15	8.721816e+01	3.619162e+01	2.392739e+16
7176	6.280946e+15	8.959005e+01	3.794810e+01	2.127316e+16
7177	6.281217e+15	9.125672e+01	3.890876e+01	1.399198e+16
7178	6.281487e+15	8.966567e+01	3.710076e+01	2.596821e+16
7179	6.281761e+15	9.217100e+01	3.705276e+01	1.488039e+16
7180	6.282038e+15	9.226885e+01	3.891437e+01	1.871037e+16
7181	6.282313e+15	9.166100e+01	3.978373e+01	2.883377e+16
7182	6.282584e+15	8.578015e+01	3.838325e+01	3.176064e+16
7183	6.282860e+15	8.851242e+01	4.061554e+01	2.047810e+16
7184	6.283134e+15	8.709185e+01	4.049804e+01	3.662112e+16
7185	6.283409e+15	8.481261e+01	4.140270e+01	3.237044e+16
7186	6.283680e+15	8.370608e+01	4.148600e+01	1.490548e+16
7187	6.283948e+15	8.202803e+01	4.082226e+01	1.600579e+16
7188	6.284216e+15	8.951795e+01	4.315926e+01	2.499907e+16
7189	6.284472e+15	8.055507e+01	3.650481e+01	2.721984e+16
7190	6.284735e+15	8.490683e+01	3.817984e+01	2.067545e+16
7191	6.285000e+15	8.959440e+01	3.883954e+01	2.444276e+16
7192	6.285257e+15	9.018961e+01	3.736959e+01	1.491926e+16
7193	6.285511e+15	8.604669e+01	3.632595e+01	1.384465e+16
7194	6.285766e+15	9.003594e+01	3.935737e+01	1.043626e+16
7195	6.286005e+15	8.055948e+01	3.570388e+01	2.710735e+16
7196	6.286251e+15	8.311234e+01	3.833383e+01	2.064218e+16
7197	6.286492e+15	7.603706e+01	3.821675e+01	1.534732e+16
7198	6.286739e+15	7.113112e+01	3.869637e+01	7.470141e+15
7199	6.286992e+15	6.990604e+01	4.000255e+01	2.507639e+16
7200	6.287240e+15	6.867417e+01	4.066444e+01	1.518014e+16
7201	6.287486e+15	6.877959e+01	4.190205e+01	1.761548e+16
7202	6.287729e+15	6.623690e+01	4.080156e+01	1.977452e+16
7203	6.287975e+15	6.547861e+01	4.119970e+01	3.271861e+16
7204	6.288221e+15	6.489694e+01	4.021917e+01	3.254996e+16
7205	6.288469e+15	7.023478e+01	3.870175e+01	2.052298e+16
7206	6.288714e+15	6.391218e+01	3.391068e+01	2.119630e+16
7207	6.288979e+15	6.989955e+01	3.738735e+01	2.498290e+16
7208	6.289242e+15	6.805082e+01	3.616788e+01	2.401603e+16
7209	6.289511e+15	6.846802e+01	3.755243e+01	2.023824e+16
7210	6.289781e+15	6.604536e+01	3.803520e+01	2.097491e+16
7211	6.290051e+15	6.281005e+01	3.647745e+01	2.307515e+16
7212	6.290332e+15	6.502333e+01	3.789963e+01	3.447375e+16
7213	6.290615e+15	6.426131e+01	3.778248e+01	2.707605e+16
7214	6.290902e+15	6.104754e+01	3.806843e+01	7.922389e+15
7215	6.291195e+15	6.309380e+01	4.018474e+01	2.661962e+16
7216	6.291483e+15	6.822823e+01	4.077746e+01	3.007596e+16
7217	6.291756e+15	6.987210e+01	4.134952e+01	3.135942e+16
7218	6.292016e+15	6.678194e+01	3.961799e+01	1.904090e+16
7219	6.292275e+15	6.809632e+01	4.137800e+01	3.487949e+16
7220	6.292525e+15	6.701726e+01	4.126042e+01	1.291291e+16
7221	6.292771e+15	6.395164e+01	3.846817e+01	2.178245e+16
7222	6.293022e+15	6.859035e+01	4.171364e+01	1.315349e+16
7223	6.293266e+15	6.946635e+01	3.872160e+01	1.614024e+16
7224	6.293510e+15	7.096020e+01	4.111966e+01	1.775973e+16
7225	6.293754e+15	7.154605e+01	4.257631e+01	2.507019e+16
7226	6.293996e+15	6.907124e+01	4.130303e+01	2.203296e+16
7227	6.294245e+15	7.498932e+01	4.512703e+01	1.543652e+16
7228	6.294485e+15	7.616198e+01	4.377385e+01	3.520993e+16
7229	6.294720e+15	7.448827e+01	4.090754e+01	2.073362e+16
7230	6.294962e+15	8.030954e+01	4.381649e+01	3.132911e+16
7231	6.295203e+15	7.817731e+01	4.296220e+01	2.769156e+16
7232	6.295451e+15	7.638870e+01	4.345711e+01	2.323854e+16
7233	6.295708e+15	7.778830e+01	4.534278e+01	1.250912e+16
7234	6.295966e+15	8.033751e+01	4.800186e+01	3.672175e+16
7235	6.296216e+15	8.060709e+01	4.674082e+01	2.790616e+16
7236	6.296467e+15	8.325902e+01	4.953474e+01	1.961085e+16
7237	6.296715e+15	8.131362e+01	4.914496e+01	3.865521e+16
7238	6.296966e+15	8.272736e+01	4.993175e+01	1.021835e+16
7239	6.297216e+15	8.247565e+01	5.028916e+01	3.008670e+16
7240	6.297463e+15	8.329040e+01	5.058789e+01	2.364840e+16
7241	6.297703e+15	7.916908e+01	4.854103e+01	2.530307e+16
7242	6.297944e+15	8.053953e+01	4.954832e+01	1.989466e+16
7243	6.298182e+15	7.983614e+01	4.857800e+01	2.930630e+16
7244	6.298418e+15	8.377279e+01	4.822757e+01	2.966575e+16
7245	6.298650e+15	8.650304e+01	4.842727e+01	1.771432e+16
7246	6.298882e+15	8.934294e+01	4.874877e+01	2.308319e+16
7247	6.299111e+15	8.951679e+01	4.732020e+01	1.282385e+16
7248	6.299337e+15	8.552067e+01	4.291717e+01	3.515041e+16
7249	6.299568e+15	8.977075e+01	4.888571e+01	3.243757e+16
7250	6.299787e+15	8.418100e+01	4.974613e+01	1.873859e+16
7251	6.300002e+15	7.849998e+01	4.604531e+01	2.706749e+16
7252	6.300231e+15	8.268360e+01	5.090245e+01	2.512912e+16
7253	6.300459e+15	7.608008e+01	4.694766e+01	2.496439e+16
7254	6.300703e+15	7.750831e+01	4.982859e+01	3.481833e+16
7255	6.300955e+15	8.146503e+01	5.193882e+01	2.032812e+16
7256	6.301203e+15	8.981887e+01	5.379975e+01	3.234838e+16
7257	6.301439e+15	8.313018e+01	4.816792e+01	2.065223e+16
7258	6.301682e+15	8.881651e+01	5.151687e+01	2.036424e+16
7259	6.301918e+15	8.627366e+01	5.086369e+01	2.750364e+16
7260	6.302153e+15	9.014078e+01	5.158174e+01	1.240659e+16
7261	6.302384e+15	8.758340e+01	5.005909e+01	2.654551e+16
7262	6.302615e+15	8.450101e+01	4.843028e+01	2.544947e+16
7263	6.302851e+15	8.437075e+01	5.025021e+01	1.647514e+16
7264	6.303086e+15	8.001136e+01	4.949485e+01	2.710935e+16
7265	6.303324e+15	7.631387e+01	4.766253e+01	2.942710e+16
7266	6.303566e+15	7.335965e+01	4.681621e+01	2.700159e+16
7267	6.303823e+15	8.323573e+01	5.275848e+01	2.723463e+16
7268	6.304067e+15	7.512959e+01	4.718235e+01	3.133603e+16
7269	6.304320e+15	8.036281e+01	5.169732e+01	3.175069e+16
7270	6.304564e+15	8.377359e+01	5.357337e+01	3.354301e+16
7271	6.304793e+15	8.108413e+01	4.822532e+01	1.916539e+16
7272	6.305032e+15	8.703196e+01	5.290881e+01	2.298331e+16
7273	6.305263e+15	7.874408e+01	4.867591e+01	2.147983e+16
7274	6.305503e+15	7.989647e+01	5.111817e+01	1.772104e+16
7275	6.305746e+15	8.411926e+01	5.368578e+01	2.982577e+16
7276	6.305982e+15	8.680911e+01	5.422440e+01	3.319242e+16
7277	6.306209e+15	8.393823e+01	5.135525e+01	2.872905e+16
7278	6.306440e+15	8.685016e+01	5.351440e+01	2.421335e+16
7279	6.306669e+15	8.358156e+01	5.168891e+01	1.848812e+16
7280	6.306903e+15	8.866205e+01	5.317515e+01	2.180030e+16
7281	6.307138e+15	9.134959e+01	4.935359e+01	2.421793e+16
7282	6.307383e+15	9.793208e+01	5.022199e+01	1.987811e+16
7283	6.307633e+15	1.007488e+02	5.175930e+01	3.773915e+16
7284	6.307878e+15	1.016921e+02	5.232951e+01	2.920541e+16
7285	6.308119e+15	9.648373e+01	5.064190e+01	2.987196e+16
7286	6.308358e+15	8.886179e+01	4.669147e+01	1.609222e+16
7287	6.308607e+15	9.863551e+01	5.260087e+01	2.279819e+16
7288	6.308849e+15	9.903713e+01	5.038216e+01	2.339085e+16
7289	6.309086e+15	9.419828e+01	4.768253e+01	2.646634e+16
7290	6.309329e+15	9.708444e+01	5.017253e+01	1.456516e+16
7291	6.309565e+15	8.396923e+01	4.605315e+01	1.797572e+16
7292	6.309809e+15	9.411617e+01	5.135658e+01	2.444697e+16
7293	6.310041e+15	8.295984e+01	4.526742e+01	2.047755e+16
7294	6.310283e+15	8.365749e+01	4.747391e+01	2.374295e+16
7295	6.310528e+15	8.735846e+01	5.106369e+01	2.701240e+16
7296	6.310765e+15	7.800791e+01	4.434417e+01	2.152199e+16
7297	6.311018e+15	7.453726e+01	4.474712e+01	1.665804e+16
7298	6.311285e+15	7.915664e+01	4.823187e+01	1.652461e+16
7299	6.311545e+15	6.705409e+01	3.975743e+01	1.848099e+16
7300	6.311837e+15	7.895476e+01	4.856710e+01	3.294303e+16
7301	6.312125e+15	8.320212e+01	4.951767e+01	3.174365e+16
7302	6.312404e+15	8.021434e+01	4.639174e+01	2.721696e+16
7303	6.312689e+15	8.075635e+01	4.837872e+01	3.392636e+16
7304	6.312969e+15	7.193895e+01	4.564877e+01	3.922341e+16
7305	6.313264e+15	7.890728e+01	5.209699e+01	2.619702e+16
7306	6.313540e+15	7.471548e+01	4.878462e+01	3.387239e+16
7307	6.313816e+15	6.905849e+01	4.599673e+01	4.873674e+16
7308	6.314104e+15	7.421547e+01	5.046745e+01	3.408484e+16
7309	6.314384e+15	6.975561e+01	4.586538e+01	3.178742e+16
7310	6.314672e+15	7.243534e+01	4.608990e+01	1.842004e+16
7311	6.314965e+15	7.321651e+01	4.747032e+01	3.268281e+16
7312	6.315255e+15	7.189988e+01	4.665485e+01	1.959415e+16
7313	6.315546e+15	6.967238e+01	4.588389e+01	2.883461e+16
7314	6.315841e+15	6.913580e+01	5.021349e+01	2.609882e+16
7315	6.316129e+15	6.866394e+01	4.666073e+01	2.003646e+16
7316	6.316418e+15	7.840082e+01	4.983323e+01	3.211773e+16
7317	6.316693e+15	7.671916e+01	4.768067e+01	2.430096e+16
7318	6.316964e+15	7.780808e+01	4.732265e+01	1.646549e+16
7319	6.317235e+15	7.647737e+01	4.708588e+01	1.813319e+16
7320	6.317508e+15	7.585622e+01	4.822982e+01	3.652177e+16
7321	6.317780e+15	7.631303e+01	4.850452e+01	1.963955e+16
7322	6.318054e+15	7.790227e+01	4.991576e+01	3.620771e+16
7323	6.318322e+15	7.917223e+01	5.064258e+01	2.920941e+16
7324	6.318584e+15	7.988121e+01	5.003087e+01	1.730235e+16
7325	6.318841e+15	7.872156e+01	4.826960e+01	3.158105e+16
7326	6.319101e+15	7.316702e+01	4.895708e+01	2.620580e+16
7327	6.319360e+15	7.016889e+01	4.891803e+01	2.329062e+16
7328	6.319622e+15	7.458225e+01	5.032593e+01	2.916106e+16
7329	6.319878e+15	6.851897e+01	4.742029e+01	1.683295e+16
7330	6.320140e+15	6.773131e+01	4.885862e+01	2.710078e+16
7331	6.320403e+15	7.187229e+01	5.076929e+01	3.862680e+16
7332	6.320658e+15	6.473491e+01	4.441382e+01	2.661608e+16
7333	6.320927e+15	7.581811e+01	4.930509e+01	2.348332e+16
7334	6.321189e+15	7.439231e+01	4.875874e+01	2.502288e+16
7335	6.321447e+15	6.883650e+01	4.527592e+01	5.089279e+15
7336	6.321715e+15	7.933199e+01	5.194050e+01	2.525560e+16
7337	6.321963e+15	6.991233e+01	4.526536e+01	7.654004e+15
7338	6.322216e+15	6.975125e+01	4.615950e+01	5.061621e+16
7339	6.322472e+15	7.090759e+01	4.702432e+01	2.489247e+16
7340	6.322727e+15	6.713045e+01	4.383591e+01	2.212232e+16
7341	6.322992e+15	6.626275e+01	4.493772e+01	2.240474e+16
7342	6.323261e+15	6.713783e+01	4.645388e+01	3.472463e+16
7343	6.323531e+15	6.529524e+01	4.538093e+01	4.818507e+16
7344	6.323806e+15	6.626064e+01	4.640214e+01	3.201570e+16
7345	6.324078e+15	6.204576e+01	4.469084e+01	3.567298e+16
7346	6.324361e+15	5.958722e+01	4.517051e+01	1.844275e+16
7347	6.324655e+15	5.583097e+01	4.468745e+01	3.221379e+16
7348	6.324957e+15	5.567470e+01	4.923535e+01	4.072993e+16
7349	6.325250e+15	5.674771e+01	4.842691e+01	3.766348e+16
7350	6.325542e+15	5.919776e+01	5.121904e+01	3.433666e+16
7351	6.325822e+15	6.043675e+01	4.660125e+01	2.208841e+16
7352	6.326101e+15	5.606311e+01	4.083421e+01	2.650713e+16
7353	6.326403e+15	6.479376e+01	4.683297e+01	4.372626e+16
7354	6.326696e+15	5.976686e+01	4.263034e+01	2.861015e+16
7355	6.327003e+15	5.652442e+01	4.260673e+01	4.560932e+16
7356	6.327325e+15	6.186058e+01	4.720272e+01	4.293462e+16
7357	6.327637e+15	6.260221e+01	4.826003e+01	2.495057e+16
7358	6.327942e+15	6.487623e+01	4.667322e+01	2.731878e+16
7359	6.328239e+15	6.109343e+01	4.332314e+01	2.535408e+16
7360	6.328544e+15	6.170058e+01	4.576664e+01	3.635621e+16
7361	6.328843e+15	6.302702e+01	4.712625e+01	4.726937e+16
7362	6.329129e+15	5.887438e+01	4.428884e+01	2.898855e+16
7363	6.329420e+15	5.993724e+01	4.620572e+01	2.879843e+16
7364	6.329706e+15	5.264271e+01	4.266355e+01	2.693994e+16
7365	6.330012e+15	5.504416e+01	4.623265e+01	2.598911e+16
7366	6.330322e+15	5.565146e+01	4.698243e+01	3.052910e+16
7367	6.330628e+15	5.137640e+01	4.579817e+01	1.886133e+16
7368	6.330943e+15	5.983899e+01	5.081833e+01	2.469560e+16
7369	6.331245e+15	5.743770e+01	4.695719e+01	2.734296e+16
7370	6.331555e+15	5.998842e+01	5.109677e+01	3.115011e+16
7371	6.331860e+15	5.814407e+01	4.966349e+01	3.874489e+16
7372	6.332169e+15	6.174435e+01	5.098774e+01	3.866669e+16
7373	6.332472e+15	6.401073e+01	5.061263e+01	2.491779e+16
7374	6.332773e+15	6.887517e+01	5.145729e+01	4.642925e+16
7375	6.333066e+15	6.564063e+01	4.863180e+01	1.685890e+16
7376	6.333364e+15	6.770143e+01	4.892288e+01	3.017371e+16
7377	6.333659e+15	6.918641e+01	5.190585e+01	3.725726e+16
7378	6.333941e+15	6.880481e+01	5.319634e+01	3.735307e+16
7379	6.334215e+15	6.350650e+01	5.007972e+01	2.965412e+16
7380	6.334500e+15	6.803597e+01	5.528548e+01	2.419884e+16
7381	6.334771e+15	6.665272e+01	5.527251e+01	2.391332e+16
7382	6.335036e+15	6.700551e+01	5.472827e+01	3.572358e+16
7383	6.335300e+15	6.996765e+01	5.657186e+01	1.645648e+16
7384	6.335561e+15	6.444426e+01	5.135633e+01	1.651581e+16
7385	6.335831e+15	6.321520e+01	5.425857e+01	1.763849e+16
7386	6.336102e+15	5.516141e+01	5.145964e+01	4.237313e+16
7387	6.336396e+15	5.856994e+01	5.794515e+01	4.408392e+16
7388	6.336689e+15	5.884514e+01	5.695493e+01	3.040009e+16
7389	6.336986e+15	6.041844e+01	5.573713e+01	2.456690e+16
7390	6.337293e+15	6.797082e+01	6.109897e+01	3.535527e+16
7391	6.337586e+15	6.329874e+01	5.325817e+01	1.265602e+16
7392	6.337885e+15	6.945630e+01	5.867791e+01	2.461997e+16
7393	6.338172e+15	7.276458e+01	5.807225e+01	4.069491e+16
7394	6.338453e+15	6.929257e+01	5.611328e+01	4.469049e+16
7395	6.338739e+15	7.049768e+01	6.072744e+01	1.807490e+16
7396	6.339016e+15	6.695657e+01	5.714326e+01	3.733108e+16
7397	6.339293e+15	6.180130e+01	5.454070e+01	3.284544e+16
7398	6.339586e+15	7.229002e+01	6.180955e+01	3.250094e+16
7399	6.339869e+15	6.365924e+01	5.380335e+01	1.743908e+16
7400	6.340180e+15	7.104232e+01	6.137194e+01	2.547805e+16
7401	6.340487e+15	7.478871e+01	6.191648e+01	3.955083e+16
7402	6.340779e+15	7.197378e+01	5.514800e+01	2.407973e+16
7403	6.341078e+15	7.990272e+01	5.671345e+01	2.575579e+16
7404	6.341366e+15	7.658070e+01	5.156891e+01	2.547819e+16
7405	6.341660e+15	7.431786e+01	4.973372e+01	3.864146e+16
7406	6.341966e+15	8.336998e+01	5.296053e+01	4.961870e+16
7407	6.342267e+15	8.520714e+01	5.080773e+01	4.493445e+16
7408	6.342562e+15	8.395302e+01	4.995708e+01	5.531544e+16
7409	6.342857e+15	8.493792e+01	4.955082e+01	4.419964e+16
7410	6.343146e+15	8.013401e+01	4.740297e+01	2.744783e+16
7411	6.343445e+15	9.374081e+01	5.370379e+01	3.387144e+16
7412	6.343727e+15	9.413564e+01	5.073472e+01	2.088224e+16
7413	6.344002e+15	9.301336e+01	4.729869e+01	2.751819e+16
7414	6.344287e+15	1.030919e+02	5.082167e+01	3.531689e+16
7415	6.344565e+15	1.017889e+02	4.844819e+01	3.748421e+16
7416	6.344845e+15	9.878186e+01	4.754643e+01	2.075651e+16
7417	6.345133e+15	1.104429e+02	5.057425e+01	4.227549e+16
7418	6.345411e+15	1.095892e+02	4.868242e+01	2.835037e+16
7419	6.345687e+15	1.114116e+02	4.961665e+01	3.330219e+16
7420	6.345962e+15	1.076200e+02	4.996104e+01	2.999563e+16
7421	6.346236e+15	1.049942e+02	4.928682e+01	2.097928e+16
7422	6.346511e+15	1.050481e+02	5.007960e+01	2.358318e+16
7423	6.346786e+15	1.000866e+02	4.816961e+01	2.623701e+16
7424	6.347064e+15	1.043252e+02	4.886099e+01	2.589648e+16
7425	6.347344e+15	1.066054e+02	4.907493e+01	2.658129e+16
7426	6.347627e+15	1.036985e+02	4.701078e+01	3.583857e+16
7427	6.347922e+15	1.073796e+02	4.797547e+01	2.663839e+16
7428	6.348226e+15	1.101993e+02	4.824496e+01	4.360485e+16
7429	6.348533e+15	1.134441e+02	5.035220e+01	2.265054e+16
7430	6.348833e+15	1.149644e+02	4.957389e+01	3.071416e+16
7431	6.349130e+15	1.151365e+02	5.049108e+01	3.333529e+16
7432	6.349422e+15	1.098646e+02	4.936368e+01	2.371601e+16
7433	6.349710e+15	1.121150e+02	4.879696e+01	1.953003e+16
7434	6.349994e+15	1.145390e+02	4.929359e+01	1.867481e+16
7435	6.350271e+15	1.149293e+02	4.870900e+01	4.143030e+16
7436	6.350546e+15	1.157612e+02	4.827378e+01	2.691112e+16
7437	6.350816e+15	1.126871e+02	4.631800e+01	2.249408e+16
7438	6.351090e+15	1.190748e+02	4.850305e+01	7.733996e+15
7439	6.351359e+15	1.105511e+02	4.481816e+01	2.225127e+16
7440	6.351639e+15	1.133835e+02	4.619545e+01	2.106800e+16
7441	6.351919e+15	1.164936e+02	4.771585e+01	2.214420e+16
7442	6.352193e+15	1.074399e+02	4.441574e+01	1.973761e+16
7443	6.352478e+15	1.133195e+02	4.869104e+01	2.054674e+16
7444	6.352755e+15	1.122652e+02	4.763791e+01	1.972121e+16
7445	6.353031e+15	1.033050e+02	4.487209e+01	1.956506e+16
7446	6.353322e+15	1.222107e+02	5.409739e+01	2.709041e+16
7447	6.353588e+15	1.092008e+02	4.853833e+01	2.406938e+16
7448	6.353856e+15	1.113971e+02	5.050560e+01	2.430052e+16
7449	6.354121e+15	1.095313e+02	4.993659e+01	1.996976e+16
7450	6.354387e+15	1.073476e+02	5.040462e+01	2.367601e+16
7451	6.354655e+15	1.142768e+02	5.268376e+01	2.115215e+16
7452	6.354913e+15	1.056013e+02	4.780964e+01	2.499789e+16
7453	6.355180e+15	1.083452e+02	4.825335e+01	2.018875e+16
7454	6.355447e+15	1.130663e+02	4.948643e+01	2.822495e+16
7455	6.355711e+15	1.067170e+02	4.649397e+01	2.672456e+16
7456	6.355986e+15	1.102549e+02	5.053424e+01	1.636679e+16
7457	6.356255e+15	1.053837e+02	4.823554e+01	2.099798e+16
7458	6.356525e+15	1.111043e+02	4.937025e+01	2.443880e+16
7459	6.356787e+15	1.113105e+02	4.840221e+01	1.507225e+16
7460	6.357042e+15	1.086640e+02	4.672061e+01	1.608093e+16
7461	6.357297e+15	1.084297e+02	4.540033e+01	2.773966e+16
7462	6.357556e+15	1.055195e+02	4.568437e+01	2.113598e+16
7463	6.357816e+15	1.074693e+02	4.685955e+01	7.972679e+15
7464	6.358072e+15	1.706849e+02	7.127965e+01	2.559832e+16
7465	6.358247e+15	1.206220e+02	4.592947e+01	3.169676e+16
7466	6.358425e+15	1.188801e+02	4.714295e+01	1.875834e+16
7467	6.358602e+15	8.384603e+01	3.380989e+01	1.246406e+16
7468	6.358814e+15	9.026028e+01	3.932040e+01	2.349407e+16
7469	6.359054e+15	9.457884e+01	4.094052e+01	2.622987e+16
7470	6.359314e+15	9.699884e+01	4.287566e+01	2.170250e+16
7471	6.359584e+15	9.371120e+01	4.365432e+01	2.154859e+16
7472	6.359863e+15	8.337254e+01	4.215865e+01	3.075213e+16
7473	6.360156e+15	8.849482e+01	4.711065e+01	2.132695e+16
7474	6.360442e+15	8.589938e+01	4.560510e+01	3.343369e+16
7475	6.360724e+15	8.834510e+01	4.641090e+01	3.208401e+16
7476	6.361002e+15	8.998960e+01	4.638051e+01	2.679371e+16
7477	6.361276e+15	8.936545e+01	4.591877e+01	1.837904e+16
7478	6.361549e+15	9.084659e+01	4.474343e+01	1.688882e+16
7479	6.361825e+15	9.037110e+01	4.563692e+01	4.063439e+16
7480	6.362097e+15	9.074552e+01	4.351898e+01	2.264956e+16
7481	6.362375e+15	9.135232e+01	4.417239e+01	1.506551e+16
7482	6.362658e+15	9.148449e+01	4.513898e+01	2.004859e+16
7483	6.362936e+15	8.720716e+01	4.132661e+01	4.286544e+16
7484	6.363226e+15	9.548325e+01	4.478860e+01	2.553903e+16
7485	6.363510e+15	9.971505e+01	4.689195e+01	3.629536e+16
7486	6.363781e+15	9.044502e+01	4.355995e+01	1.609039e+16
7487	6.364060e+15	9.671900e+01	4.803406e+01	2.301421e+16
7488	6.364327e+15	8.528105e+01	4.427056e+01	1.507447e+16
7489	6.364607e+15	8.771694e+01	4.872164e+01	1.310903e+16
7490	6.364884e+15	8.363601e+01	4.677442e+01	1.900531e+16
7491	6.365169e+15	8.197201e+01	4.728899e+01	3.042632e+16
7492	6.365459e+15	8.329269e+01	4.925935e+01	1.431903e+16
7493	6.365747e+15	8.367557e+01	4.971148e+01	2.548969e+16
7494	6.366033e+15	8.458582e+01	5.091118e+01	2.471480e+16
7495	6.366312e+15	8.402928e+01	4.935014e+01	2.259930e+16
7496	6.366594e+15	7.745643e+01	4.724137e+01	2.679574e+16
7497	6.366891e+15	8.410335e+01	5.370825e+01	3.447988e+16
7498	6.367172e+15	7.718137e+01	4.981138e+01	1.718755e+16
7499	6.367456e+15	7.970735e+01	5.183293e+01	3.295266e+16
7500	6.367741e+15	8.388300e+01	5.461201e+01	1.633032e+16
7501	6.368016e+15	6.679607e+01	4.656174e+01	3.156382e+16
7502	6.368312e+15	7.172913e+01	5.232211e+01	2.797402e+16
7503	6.368611e+15	7.412164e+01	5.527274e+01	2.141051e+16
7504	6.368899e+15	7.211184e+01	5.368412e+01	2.032663e+16
7505	6.369187e+15	7.368647e+01	5.430921e+01	3.194928e+16
7506	6.369473e+15	7.672574e+01	5.552748e+01	1.178369e+16
7507	6.369753e+15	7.584637e+01	5.616352e+01	4.199810e+16
7508	6.370026e+15	7.674423e+01	5.671778e+01	3.306139e+16
7509	6.370291e+15	7.778255e+01	5.726803e+01	3.085905e+16
7510	6.370546e+15	7.645451e+01	5.420827e+01	3.920149e+16
7511	6.370802e+15	7.954400e+01	5.184462e+01	7.462658e+15
7512	6.371055e+15	7.458632e+01	4.571077e+01	3.324459e+16
7513	6.371315e+15	7.644871e+01	4.673836e+01	2.525275e+16
7514	6.371576e+15	7.505016e+01	4.623791e+01	3.201430e+16
7515	6.371833e+15	7.077676e+01	4.465511e+01	2.261326e+16
7516	6.372096e+15	6.874884e+01	4.852358e+01	1.417641e+16
7517	6.372355e+15	6.424157e+01	4.485589e+01	3.112541e+16
7518	6.372628e+15	7.472656e+01	5.023162e+01	4.148217e+16
7519	6.372885e+15	6.511332e+01	4.266662e+01	3.662042e+16
7520	6.373154e+15	6.763112e+01	4.423461e+01	2.941262e+16
7521	6.373435e+15	7.657301e+01	4.763712e+01	2.334530e+16
7522	6.373712e+15	7.501511e+01	4.375498e+01	2.883147e+16
7523	6.373993e+15	7.302616e+01	4.477117e+01	3.040498e+16
7524	6.374277e+15	7.881157e+01	4.854801e+01	2.949911e+16
7525	6.374556e+15	8.352846e+01	5.028392e+01	2.950587e+16
7526	6.374828e+15	8.477448e+01	4.999043e+01	3.240982e+16
7527	6.375099e+15	8.875314e+01	5.075995e+01	3.171608e+16
7528	6.375366e+15	8.554918e+01	5.038464e+01	1.801068e+16
7529	6.375633e+15	8.558286e+01	5.046380e+01	2.432257e+16
7530	6.375900e+15	9.179260e+01	5.204876e+01	2.854101e+16
7531	6.376158e+15	8.714398e+01	4.850306e+01	2.212415e+16
7532	6.376419e+15	9.125151e+01	4.928685e+01	2.744963e+16
7533	6.376676e+15	9.098943e+01	4.723516e+01	3.899980e+16
7534	6.376936e+15	9.305190e+01	4.743178e+01	2.252550e+16
7535	6.377194e+15	9.423661e+01	4.684276e+01	2.967728e+16
7536	6.377448e+15	9.485035e+01	4.711797e+01	1.078487e+16
7537	6.377700e+15	1.017174e+02	4.796491e+01	2.588756e+16
7538	6.377944e+15	9.242711e+01	4.366453e+01	2.639025e+16
7539	6.378196e+15	9.539781e+01	4.392842e+01	1.764340e+16
7540	6.378452e+15	9.583057e+01	4.483157e+01	2.513644e+16
7541	6.378709e+15	9.817010e+01	4.429983e+01	1.409263e+16
7542	6.378964e+15	9.890536e+01	4.378073e+01	2.525814e+16
7543	6.379221e+15	1.005927e+02	4.473888e+01	2.512990e+16
7544	6.379477e+15	9.791157e+01	4.325469e+01	1.470365e+16
7545	6.379735e+15	8.605423e+01	3.778359e+01	2.220674e+16
7546	6.380035e+15	1.051460e+02	4.655815e+01	2.236263e+16
7547	6.380327e+15	1.047338e+02	4.726791e+01	3.064662e+16
7548	6.380610e+15	9.519770e+01	4.491546e+01	1.406976e+16
7549	6.380902e+15	1.029900e+02	4.717447e+01	1.260751e+16
7550	6.381189e+15	9.773855e+01	4.476813e+01	1.649123e+16
7551	6.381487e+15	1.060745e+02	4.955005e+01	2.457074e+16
7552	6.381777e+15	1.012618e+02	4.839523e+01	2.800016e+16
7553	6.382068e+15	9.989946e+01	4.832362e+01	4.324325e+16
7554	6.382358e+15	1.093164e+02	5.196555e+01	2.673864e+16
7555	6.382637e+15	1.070867e+02	5.100155e+01	1.835210e+16
7556	6.382914e+15	1.026020e+02	5.156576e+01	2.556587e+16
7557	6.383188e+15	1.024439e+02	5.106939e+01	1.368121e+16
7558	6.383459e+15	1.016775e+02	4.963758e+01	2.330253e+16
7559	6.383731e+15	1.059054e+02	5.125533e+01	2.050416e+16
7560	6.383997e+15	1.057928e+02	4.979177e+01	1.307992e+16
7561	6.384260e+15	1.066682e+02	4.992920e+01	1.881002e+16
7562	6.384519e+15	1.071301e+02	4.920173e+01	1.762413e+16
7563	6.384772e+15	1.020566e+02	4.559417e+01	2.125916e+16
7564	6.385033e+15	1.054682e+02	4.708574e+01	2.257842e+16
7565	6.385291e+15	9.935644e+01	4.448009e+01	3.028956e+16
7566	6.385555e+15	1.005216e+02	4.657479e+01	2.246517e+16
7567	6.385816e+15	9.932449e+01	4.155033e+01	1.091062e+16
7568	6.386075e+15	9.144340e+01	3.637441e+01	2.349481e+16
7569	6.386346e+15	9.226757e+01	3.903999e+01	1.463786e+16
7570	6.386616e+15	9.478706e+01	3.993206e+01	1.924586e+16
7571	6.386880e+15	8.762392e+01	3.757093e+01	2.403409e+16
7572	6.387149e+15	8.887369e+01	3.874567e+01	7.248509e+15
7573	6.387420e+15	8.531906e+01	3.786617e+01	1.676689e+16
7574	6.387699e+15	8.384362e+01	3.841206e+01	2.293665e+16
7575	6.387984e+15	8.419833e+01	3.913773e+01	2.751635e+16
7576	6.388272e+15	8.103339e+01	3.992215e+01	2.547654e+16
7577	6.388564e+15	8.509837e+01	4.336338e+01	2.560889e+16
7578	6.388849e+15	8.681621e+01	4.337751e+01	2.469098e+16
7579	6.389127e+15	8.801150e+01	4.448008e+01	2.418470e+16
7580	6.389397e+15	8.671636e+01	4.375077e+01	3.575697e+16
7581	6.389665e+15	8.383910e+01	4.262270e+01	1.007619e+16
7582	6.389933e+15	8.482778e+01	4.281006e+01	2.175902e+16
7583	6.390199e+15	9.052100e+01	4.557656e+01	2.606607e+16
7584	6.390451e+15	7.689244e+01	3.988379e+01	1.909212e+16
7585	6.390717e+15	8.464410e+01	4.321597e+01	2.348567e+16
7586	6.390977e+15	8.492132e+01	4.157177e+01	1.889244e+16
7587	6.391238e+15	8.417385e+01	4.112861e+01	2.677598e+16
7588	6.391503e+15	8.383521e+01	4.210937e+01	3.226825e+16
7589	6.391773e+15	8.792576e+01	4.466920e+01	1.763690e+16
7590	6.392038e+15	8.417322e+01	4.414683e+01	2.294671e+16
7591	6.392297e+15	7.981252e+01	4.146320e+01	3.360584e+16
7592	6.392563e+15	7.813555e+01	4.168326e+01	1.804791e+16
7593	6.392840e+15	8.070842e+01	4.422160e+01	3.385179e+16
7594	6.393121e+15	8.197182e+01	4.348128e+01	1.632948e+16
7595	6.393405e+15	8.369189e+01	4.327220e+01	3.641922e+16
7596	6.393688e+15	8.971051e+01	4.381109e+01	1.013472e+16
7597	6.393968e+15	9.286360e+01	4.501326e+01	4.182766e+16
7598	6.394238e+15	9.070640e+01	4.237675e+01	2.267726e+16
7599	6.394511e+15	9.146911e+01	4.268934e+01	2.270150e+16
7600	6.394786e+15	9.126992e+01	4.461197e+01	2.072717e+16
7601	6.395054e+15	8.405512e+01	4.239472e+01	2.586577e+16
7602	6.395326e+15	8.569246e+01	4.282352e+01	2.837420e+16
7603	6.395598e+15	8.739868e+01	4.352003e+01	1.156620e+16
7604	6.395865e+15	7.869890e+01	4.074042e+01	2.397699e+16
7605	6.396146e+15	7.955531e+01	4.375747e+01	1.039267e+16
7606	6.396424e+15	7.635830e+01	4.286930e+01	2.629009e+16
7607	6.396704e+15	7.499606e+01	4.213806e+01	2.289744e+16
7608	6.396988e+15	7.500527e+01	4.297316e+01	2.663991e+16
7609	6.397273e+15	7.805336e+01	4.330487e+01	3.057472e+16
7610	6.397557e+15	7.203838e+01	4.035715e+01	1.729712e+16
7611	6.397851e+15	7.663035e+01	4.239427e+01	2.543383e+16
7612	6.398140e+15	7.817648e+01	4.112637e+01	2.321371e+16
7613	6.398431e+15	7.466226e+01	4.068284e+01	1.613680e+16
7614	6.398731e+15	7.887859e+01	4.586948e+01	3.060299e+16
7615	6.399014e+15	6.533236e+01	3.890433e+01	1.487921e+16
7616	6.399327e+15	8.388717e+01	5.134327e+01	2.240207e+16
7617	6.399606e+15	8.172368e+01	4.913891e+01	1.420119e+16
7618	6.399865e+15	6.358128e+01	3.542567e+01	2.011058e+16
7619	6.400174e+15	8.516843e+01	5.097940e+01	3.141796e+16
7620	6.400452e+15	7.831499e+01	4.269241e+01	1.978172e+16
7621	6.400738e+15	8.563950e+01	4.391061e+01	1.747667e+16
7622	6.401023e+15	8.121381e+01	4.227125e+01	3.625176e+16
7623	6.401313e+15	8.789438e+01	4.632788e+01	4.110995e+16
7624	6.401585e+15	8.097504e+01	4.201370e+01	2.593797e+16
7625	6.401860e+15	8.996231e+01	4.397166e+01	2.623258e+16
7626	6.402123e+15	8.518690e+01	4.206884e+01	3.072145e+16
7627	6.402384e+15	8.173277e+01	4.093574e+01	1.655333e+16
7628	6.402654e+15	8.707066e+01	4.305397e+01	2.953571e+16
7629	6.402919e+15	8.231487e+01	4.105342e+01	2.057143e+16
7630	6.403190e+15	8.133785e+01	4.085725e+01	1.198043e+16
7631	6.403469e+15	8.127331e+01	4.284092e+01	1.136624e+16
7632	6.403745e+15	8.148485e+01	4.249687e+01	1.628895e+16
7633	6.404021e+15	7.309808e+01	4.009522e+01	1.874907e+16
7634	6.404322e+15	7.586568e+01	4.334104e+01	3.454145e+16
7635	6.404631e+15	7.737131e+01	4.380149e+01	1.893664e+16
7636	6.404941e+15	7.513148e+01	4.224603e+01	3.542877e+16
7637	6.405265e+15	8.433429e+01	4.697343e+01	2.642133e+16
7638	6.405572e+15	8.331257e+01	4.454391e+01	2.420653e+16
7639	6.405876e+15	8.597491e+01	4.468840e+01	4.212790e+16
7640	6.406176e+15	8.112734e+01	4.244955e+01	1.610924e+16
7641	6.406482e+15	8.640406e+01	4.493218e+01	2.168775e+16
7642	6.406777e+15	9.185802e+01	4.638003e+01	3.684161e+16
7643	6.407060e+15	9.138108e+01	4.440072e+01	1.929537e+16
7644	6.407340e+15	8.610317e+01	4.340787e+01	2.579840e+16
7645	6.407624e+15	9.212031e+01	4.574579e+01	2.367548e+16
7646	6.407899e+15	8.896509e+01	4.341024e+01	2.210308e+16
7647	6.408176e+15	8.731854e+01	4.238434e+01	2.595162e+16
7648	6.408456e+15	8.868700e+01	4.291897e+01	1.908112e+16
7649	6.408735e+15	8.338339e+01	4.158972e+01	3.081781e+16
7650	6.409021e+15	8.483741e+01	4.341681e+01	1.194946e+16
7651	6.409306e+15	8.030353e+01	4.162104e+01	2.680762e+16
7652	6.409598e+15	7.830988e+01	4.122997e+01	1.615873e+16
7653	6.409897e+15	8.273924e+01	4.348994e+01	2.645390e+16
7654	6.410192e+15	8.592631e+01	4.336758e+01	2.045360e+16
7655	6.410479e+15	7.820796e+01	3.974425e+01	1.429959e+16
7656	6.410780e+15	8.066732e+01	4.394886e+01	1.608094e+16
7657	6.411070e+15	7.284860e+01	4.229816e+01	2.973622e+16
7658	6.411364e+15	8.051094e+01	4.628358e+01	3.756519e+16
7659	6.411641e+15	7.248929e+01	4.139059e+01	1.431987e+16
7660	6.411929e+15	7.380379e+01	4.340903e+01	3.411597e+16
7661	6.412216e+15	7.258982e+01	4.157543e+01	1.921274e+16
7662	6.412511e+15	7.533882e+01	4.131359e+01	4.116886e+16
7663	6.412820e+15	8.324686e+01	4.539254e+01	2.840186e+16
7664	6.413120e+15	8.586019e+01	4.638257e+01	3.817857e+16
7665	6.413406e+15	8.486189e+01	4.490600e+01	1.437743e+16
7666	6.413685e+15	8.852154e+01	4.450307e+01	3.028875e+16
7667	6.413956e+15	8.217162e+01	4.142619e+01	1.648684e+16
7668	6.414236e+15	7.870973e+01	3.947588e+01	1.539591e+16
7669	6.414532e+15	8.781740e+01	4.583945e+01	2.942143e+16
7670	6.414819e+15	8.944321e+01	4.590275e+01	2.031633e+16
7671	6.415093e+15	8.717889e+01	4.273355e+01	1.348449e+16
7672	6.415367e+15	9.427758e+01	4.510610e+01	4.435847e+16
7673	6.415629e+15	8.318379e+01	4.141218e+01	3.521453e+16
7674	6.415895e+15	8.985593e+01	4.499720e+01	1.802820e+16
7675	6.416144e+15	8.335453e+01	4.063515e+01	2.516582e+16
7676	6.416397e+15	8.181882e+01	4.055427e+01	2.160147e+16
7677	6.416652e+15	8.476744e+01	4.149216e+01	2.168210e+16
7678	6.416904e+15	7.693584e+01	3.785914e+01	2.733152e+16
7679	6.417174e+15	8.313015e+01	4.218199e+01	1.936906e+16
7680	6.417438e+15	7.177935e+01	3.375167e+01	2.673336e+16
7681	6.417733e+15	7.550008e+01	3.792072e+01	3.243527e+16
7682	6.418037e+15	7.769213e+01	4.082056e+01	2.398105e+16
7683	6.418341e+15	7.612697e+01	4.129228e+01	3.024682e+16
7684	6.418654e+15	8.306415e+01	4.479470e+01	3.515918e+16
7685	6.418956e+15	8.276200e+01	4.573021e+01	1.905367e+16
7686	6.419248e+15	7.712186e+01	4.399028e+01	4.218534e+16
7687	6.419541e+15	8.068015e+01	4.559961e+01	2.132030e+16
7688	6.419825e+15	8.082540e+01	4.536739e+01	1.159824e+16
7689	6.420102e+15	8.548425e+01	4.516740e+01	2.200664e+16
7690	6.420374e+15	8.414347e+01	4.280367e+01	1.483245e+16
7691	6.420649e+15	8.756747e+01	4.508977e+01	1.858943e+16
7692	6.420918e+15	8.617248e+01	4.638635e+01	2.937356e+16
7693	6.421184e+15	8.541014e+01	4.296509e+01	2.504288e+16
7694	6.421454e+15	8.700023e+01	4.354493e+01	2.534032e+16
7695	6.421726e+15	8.827425e+01	4.338443e+01	2.341964e+16
7696	6.422001e+15	8.739521e+01	4.289479e+01	2.869703e+16
7697	6.422279e+15	8.992601e+01	4.302922e+01	3.709563e+16
7698	6.422563e+15	9.635628e+01	4.787740e+01	3.519061e+16
7699	6.422832e+15	8.649327e+01	4.279347e+01	1.211946e+16
7700	6.423106e+15	8.982429e+01	4.284645e+01	1.427690e+16
7701	6.423380e+15	9.037997e+01	4.245691e+01	2.238263e+16
7702	6.423655e+15	8.477785e+01	4.222917e+01	1.687392e+16
7703	6.423938e+15	8.373130e+01	4.225445e+01	3.852917e+16
7704	6.424226e+15	8.668325e+01	4.503504e+01	1.180804e+16
7705	6.424504e+15	8.069041e+01	4.170343e+01	7.235082e+15
7706	6.424783e+15	8.159374e+01	4.032065e+01	1.560635e+16
7707	6.425069e+15	8.163373e+01	4.219294e+01	2.296652e+16
7708	6.425359e+15	8.338346e+01	4.277336e+01	2.477648e+16
7709	6.425649e+15	7.845126e+01	4.158050e+01	2.207867e+16
7710	6.425945e+15	8.582582e+01	4.453147e+01	2.055311e+16
7711	6.426232e+15	7.989412e+01	4.044346e+01	1.244225e+16
7712	6.426525e+15	8.744080e+01	4.416728e+01	2.345137e+16
7713	6.426807e+15	8.545722e+01	4.243683e+01	2.291194e+16
7714	6.427089e+15	8.136840e+01	4.217833e+01	2.925007e+16
7715	6.427370e+15	8.109629e+01	4.269936e+01	2.470884e+16
7716	6.427644e+15	7.787865e+01	3.965958e+01	2.826204e+16
7717	6.427921e+15	7.488282e+01	3.849934e+01	2.833811e+16
7718	6.428213e+15	8.005596e+01	4.119161e+01	1.852132e+16
7719	6.428503e+15	8.012987e+01	4.129564e+01	2.701475e+16
7720	6.428793e+15	8.142229e+01	4.179909e+01	4.370581e+16
7721	6.429085e+15	8.635545e+01	4.427777e+01	1.599825e+16
7722	6.429367e+15	8.711660e+01	4.170427e+01	2.343668e+16
7723	6.429647e+15	9.205182e+01	4.286789e+01	1.884558e+16
7724	6.429917e+15	9.258300e+01	4.136972e+01	3.527822e+16
7725	6.430183e+15	8.317681e+01	3.668702e+01	2.768035e+16
7726	6.430456e+15	7.760889e+01	3.688715e+01	2.237985e+16
7727	6.430738e+15	8.683583e+01	4.156814e+01	2.466067e+16
7728	6.430998e+15	7.307330e+01	3.596452e+01	2.519254e+16
7729	6.431266e+15	7.312746e+01	3.592756e+01	1.136187e+16
7730	6.431537e+15	7.446871e+01	3.700534e+01	1.505731e+16
7731	6.431799e+15	1.010020e+02	4.658081e+01	1.925219e+16
7732	6.431995e+15	7.792343e+01	3.647753e+01	1.582844e+16
7733	6.432185e+15	8.138599e+01	3.663308e+01	2.535041e+16
7734	6.432369e+15	7.913981e+01	3.446565e+01	1.825511e+16
7735	6.432556e+15	8.145719e+01	3.534192e+01	2.056690e+16
7736	6.432742e+15	9.722148e+01	4.000328e+01	8.495789e+15
7737	6.432915e+15	9.551857e+01	3.801897e+01	2.518677e+16
7738	6.433090e+15	9.325922e+01	3.879532e+01	2.618380e+16
7739	6.433269e+15	7.746554e+01	3.225023e+01	9.868657e+15
7740	6.433480e+15	8.346882e+01	3.616544e+01	2.718899e+16
7741	6.433702e+15	6.704813e+01	3.043896e+01	1.854816e+16
7742	6.433968e+15	7.318000e+01	3.366915e+01	3.283242e+16
7743	6.434259e+15	7.371114e+01	3.344571e+01	2.124158e+16
7744	6.434578e+15	7.205828e+01	3.350865e+01	1.621685e+16
7745	6.434926e+15	8.123256e+01	3.845916e+01	3.008446e+16
7746	6.435265e+15	8.048500e+01	3.796976e+01	2.548741e+16
7747	6.435599e+15	8.160931e+01	3.744937e+01	2.576483e+16
7748	6.435929e+15	8.181405e+01	3.756141e+01	2.883682e+16
7749	6.436253e+15	8.674817e+01	3.793254e+01	3.206627e+16
7750	6.436563e+15	8.203868e+01	3.547345e+01	2.357445e+16
7751	6.436873e+15	8.467022e+01	3.659277e+01	2.191269e+16
7752	6.437172e+15	7.695572e+01	3.450856e+01	1.551051e+16
7753	6.437475e+15	8.016946e+01	3.770213e+01	2.282105e+16
7754	6.437767e+15	6.665097e+01	3.235454e+01	2.579115e+16
7755	6.438084e+15	8.162316e+01	3.732914e+01	2.440848e+16
7756	6.438393e+15	8.405777e+01	3.819061e+01	1.604651e+16
7757	6.438689e+15	7.641621e+01	3.453656e+01	2.416022e+16
7758	6.438989e+15	8.242835e+01	3.721599e+01	1.980569e+16
7759	6.439273e+15	8.010188e+01	3.345983e+01	2.114947e+16
7760	6.439562e+15	8.621953e+01	3.544706e+01	2.754073e+16
7761	6.439836e+15	7.639608e+01	3.311866e+01	2.763092e+16
7762	6.440117e+15	8.506183e+01	3.626700e+01	1.628483e+16
7763	6.440384e+15	7.298577e+01	3.139106e+01	2.485731e+16
7764	6.440672e+15	8.044988e+01	3.540416e+01	2.225223e+16
7765	6.440956e+15	7.881825e+01	3.472880e+01	3.255482e+16
7766	6.441241e+15	7.567458e+01	3.407656e+01	4.495000e+16
7767	6.441536e+15	8.131555e+01	3.651125e+01	2.134378e+16
7768	6.441828e+15	7.535403e+01	3.471998e+01	2.267320e+16
7769	6.442128e+15	7.709028e+01	3.550487e+01	2.910026e+16
7770	6.442430e+15	7.918096e+01	3.485741e+01	3.575712e+16
7771	6.442730e+15	7.660280e+01	3.397174e+01	3.053523e+16
7772	6.443038e+15	8.236456e+01	3.622479e+01	1.831297e+16
7773	6.443341e+15	7.739237e+01	3.475078e+01	2.675021e+16
7774	6.443645e+15	7.809905e+01	3.487119e+01	3.457260e+16
7775	6.443952e+15	8.058879e+01	3.551801e+01	3.568296e+16
7776	6.444256e+15	7.856517e+01	3.481179e+01	1.970977e+16
7777	6.444560e+15	7.651106e+01	3.570742e+01	3.273936e+16
7778	6.444863e+15	7.762061e+01	3.688081e+01	9.242736e+15
7779	6.445161e+15	7.590472e+01	3.583131e+01	3.003652e+16
7780	6.445460e+15	7.658674e+01	3.843086e+01	3.161074e+16
7781	6.445748e+15	6.847710e+01	3.631431e+01	1.617337e+16
7782	6.446038e+15	7.011594e+01	3.922072e+01	1.791517e+16
7783	6.446318e+15	6.928391e+01	3.937321e+01	1.745405e+16
7784	6.446589e+15	6.535545e+01	3.801014e+01	1.451446e+16
7785	6.446864e+15	7.074968e+01	4.040161e+01	2.637080e+16
7786	6.447130e+15	6.323885e+01	3.523748e+01	9.299602e+15
7787	6.447408e+15	6.657176e+01	4.022774e+01	2.179932e+16
7788	6.447680e+15	6.708157e+01	4.099615e+01	1.467784e+16
7789	6.447946e+15	6.169277e+01	3.605039e+01	1.219103e+16
7790	6.448226e+15	7.209291e+01	4.187715e+01	3.357225e+16
7791	6.448491e+15	7.196204e+01	4.036132e+01	1.931832e+16
7792	6.448750e+15	6.580983e+01	3.792754e+01	1.709186e+16
7793	6.449019e+15	7.128614e+01	3.974905e+01	1.671327e+16
7794	6.449287e+15	6.874624e+01	3.938481e+01	2.086696e+16
7795	6.449558e+15	7.239794e+01	4.118169e+01	1.668030e+16
7796	6.449819e+15	7.155553e+01	3.862855e+01	1.736904e+16
7797	6.450082e+15	7.718505e+01	4.115588e+01	3.052519e+16
7798	6.450333e+15	6.897467e+01	3.763605e+01	8.754587e+15
7799	6.450595e+15	7.147108e+01	3.992203e+01	2.514129e+16
7800	6.450851e+15	6.700881e+01	3.673151e+01	2.107439e+16
7801	6.451112e+15	6.606129e+01	3.673779e+01	1.825941e+16
7802	6.451374e+15	6.502694e+01	3.529053e+01	2.083861e+16
7803	6.451642e+15	5.453882e+01	3.281914e+01	2.900123e+16
7804	6.451939e+15	5.529394e+01	3.580509e+01	1.329770e+16
7805	6.452252e+15	5.633658e+01	3.726088e+01	2.566834e+16
7806	6.452569e+15	5.619391e+01	3.759391e+01	2.681512e+16
7807	6.452890e+15	5.570454e+01	3.635002e+01	4.195818e+16
7808	6.453221e+15	6.007635e+01	3.989562e+01	2.626825e+16
7809	6.453536e+15	6.077635e+01	3.894193e+01	1.172513e+16
7810	6.453840e+15	5.876365e+01	3.619660e+01	1.104027e+16
7811	6.454148e+15	5.883206e+01	3.764622e+01	2.744200e+16
7812	6.454453e+15	6.057334e+01	3.755471e+01	1.516190e+16
7813	6.454752e+15	6.040735e+01	3.569515e+01	2.332930e+16
7814	6.455053e+15	6.235012e+01	3.667603e+01	2.089384e+16
7815	6.455348e+15	6.058291e+01	3.594879e+01	3.661389e+16
7816	6.455644e+15	6.073580e+01	3.653313e+01	1.911136e+16
7817	6.455937e+15	6.169737e+01	3.612148e+01	2.427882e+16
7818	6.456227e+15	5.888557e+01	3.430910e+01	3.646862e+16
7819	6.456526e+15	6.092303e+01	3.662647e+01	3.781048e+16
7820	6.456819e+15	5.783694e+01	3.423819e+01	2.448007e+16
7821	6.457117e+15	5.890850e+01	3.461605e+01	3.001947e+16
7822	6.457413e+15	5.539712e+01	3.326634e+01	2.862487e+16
7823	6.457713e+15	5.569351e+01	3.419128e+01	3.041930e+16
7824	6.458009e+15	5.365264e+01	3.206522e+01	3.491767e+16
7825	6.458313e+15	5.362484e+01	3.329577e+01	2.716322e+16
7826	6.458619e+15	5.287370e+01	3.341205e+01	1.895538e+16
7827	6.458927e+15	5.185091e+01	3.288919e+01	2.972814e+16
7828	6.459245e+15	5.240260e+01	3.412953e+01	2.831951e+16
7829	6.459565e+15	5.233000e+01	3.433578e+01	3.618353e+16
7830	6.459885e+15	5.542272e+01	3.726601e+01	2.978473e+16
7831	6.460186e+15	5.250120e+01	3.489705e+01	2.903819e+16
7832	6.460491e+15	6.295424e+01	4.014535e+01	1.791374e+16
7833	6.460770e+15	5.622826e+01	3.488083e+01	2.243684e+16
7834	6.461055e+15	5.816027e+01	3.491686e+01	3.402153e+16
7835	6.461345e+15	6.456190e+01	3.653848e+01	2.629200e+16
7836	6.461626e+15	6.300909e+01	3.544464e+01	2.730565e+16
7837	6.461912e+15	5.304288e+01	3.119990e+01	3.611488e+16
7838	6.462232e+15	6.170894e+01	3.721231e+01	3.108902e+16
7839	6.462549e+15	6.182665e+01	3.706210e+01	2.686305e+16
7840	6.462863e+15	6.501372e+01	3.758628e+01	3.844938e+16
7841	6.463172e+15	6.656841e+01	3.784690e+01	2.780958e+16
7842	6.463477e+15	7.152448e+01	3.958207e+01	2.887212e+16
7843	6.463770e+15	6.814488e+01	3.789994e+01	2.468175e+16
7844	6.464061e+15	6.892020e+01	3.861531e+01	2.265701e+16
7845	6.464344e+15	6.379067e+01	3.586546e+01	2.271424e+16
7846	6.464643e+15	6.450109e+01	3.890282e+01	2.484905e+16
7847	6.464947e+15	7.055346e+01	4.305636e+01	3.528740e+16
7848	6.465231e+15	6.264935e+01	3.852393e+01	2.367217e+16
7849	6.465521e+15	7.022534e+01	4.166083e+01	1.696461e+16
7850	6.465797e+15	7.137526e+01	4.029045e+01	2.444848e+16
7851	6.466067e+15	6.793115e+01	3.838521e+01	1.612136e+16
7852	6.466345e+15	7.092190e+01	4.168367e+01	2.132207e+16
7853	6.466615e+15	6.363993e+01	3.858014e+01	2.031825e+16
7854	6.466895e+15	7.399556e+01	4.483651e+01	2.272345e+16
7855	6.467154e+15	6.369952e+01	3.693487e+01	2.183896e+16
7856	6.467430e+15	7.051053e+01	4.087715e+01	3.250894e+16
7857	6.467700e+15	6.842759e+01	3.875511e+01	3.148616e+16
7858	6.467973e+15	7.032067e+01	3.926472e+01	2.440575e+16
7859	6.468245e+15	6.883609e+01	3.966596e+01	2.446861e+16
7860	6.468515e+15	6.790733e+01	3.918528e+01	2.725683e+16
7861	6.468779e+15	6.392813e+01	3.686967e+01	3.236587e+16
7862	6.469052e+15	6.759349e+01	3.849318e+01	1.692856e+16
7863	6.469320e+15	6.292537e+01	3.523207e+01	3.353658e+16
7864	6.469600e+15	6.409426e+01	3.682222e+01	2.913963e+16
7865	6.469884e+15	6.149482e+01	3.578203e+01	4.818994e+16
7866	6.470178e+15	6.131268e+01	3.525334e+01	2.708859e+16
7867	6.470484e+15	6.313546e+01	3.814587e+01	3.239440e+16
7868	6.470787e+15	6.109847e+01	3.844169e+01	1.734776e+16
7869	6.471085e+15	6.250704e+01	3.641230e+01	1.783557e+16
7870	6.471387e+15	6.401929e+01	3.628448e+01	3.433507e+16
7871	6.471692e+15	7.075274e+01	3.909859e+01	2.846246e+16
7872	6.471983e+15	7.810826e+01	3.995757e+01	4.224284e+16
7873	6.472261e+15	7.459492e+01	3.897389e+01	2.664195e+16
7874	6.472533e+15	7.656798e+01	3.893350e+01	2.270393e+16
7875	6.472799e+15	7.646132e+01	3.508896e+01	3.871104e+16
7876	6.473060e+15	7.646493e+01	3.487901e+01	2.533257e+16
7877	6.473320e+15	7.709720e+01	3.598728e+01	3.081222e+16
7878	6.473575e+15	7.428231e+01	3.608295e+01	1.648151e+16
7879	6.473826e+15	7.147292e+01	3.551563e+01	1.730756e+16
7880	6.474078e+15	6.690374e+01	3.519296e+01	1.709609e+16
7881	6.474336e+15	6.788143e+01	3.657971e+01	1.640354e+16
7882	6.474592e+15	5.919959e+01	3.012898e+01	3.286800e+16
7883	6.474869e+15	6.168514e+01	3.143567e+01	4.285139e+16
7884	6.475159e+15	6.384049e+01	3.375267e+01	3.352498e+16
7885	6.475454e+15	6.473678e+01	3.505372e+01	5.713831e+15
7886	6.475750e+15	6.333425e+01	3.544070e+01	2.502746e+16
7887	6.476049e+15	6.514941e+01	3.671147e+01	2.328015e+16
7888	6.476346e+15	6.393698e+01	3.399141e+01	1.429028e+16
7889	6.476645e+15	5.991685e+01	3.236157e+01	2.855188e+16
7890	6.476964e+15	6.780776e+01	3.706112e+01	3.436266e+16
7891	6.477274e+15	6.909501e+01	3.660977e+01	3.198774e+16
7892	6.477577e+15	7.014270e+01	3.608620e+01	2.783383e+16
7893	6.477874e+15	6.965795e+01	3.647734e+01	1.533161e+16
7894	6.478172e+15	7.335339e+01	3.859646e+01	2.620362e+16
7895	6.478459e+15	6.854697e+01	3.602830e+01	2.435396e+16
7896	6.478748e+15	6.988342e+01	3.692142e+01	1.113066e+16
7897	6.479041e+15	7.386971e+01	4.151738e+01	2.488546e+16
7898	6.479320e+15	6.576441e+01	3.717391e+01	4.170381e+16
7899	6.479613e+15	7.689051e+01	4.171274e+01	2.311104e+16
7900	6.479892e+15	6.956421e+01	3.667454e+01	2.388981e+16
7901	6.480184e+15	7.458363e+01	3.894619e+01	1.219178e+16
7902	6.480477e+15	7.135019e+01	4.053867e+01	1.383598e+16
7903	6.480767e+15	6.797935e+01	3.989360e+01	3.338970e+16
7904	6.481070e+15	7.387949e+01	4.313355e+01	1.920076e+16
7905	6.481363e+15	7.835242e+01	4.373227e+01	2.034200e+16
7906	6.481644e+15	7.710576e+01	4.069320e+01	2.412416e+16
7907	6.481928e+15	7.870807e+01	4.027170e+01	8.272426e+15
7908	6.482216e+15	8.351137e+01	4.238556e+01	1.078348e+16
7909	6.482495e+15	7.953660e+01	4.138556e+01	2.631631e+16
7910	6.482772e+15	7.657196e+01	4.008850e+01	2.091355e+16
7911	6.483050e+15	8.156982e+01	4.032068e+01	2.114989e+16
7912	6.483324e+15	8.481841e+01	3.923613e+01	2.657562e+16
7913	6.483591e+15	8.316040e+01	3.816706e+01	1.722564e+16
7914	6.483853e+15	8.071436e+01	3.689757e+01	2.883114e+16
7915	6.484118e+15	8.272908e+01	3.717570e+01	1.507096e+16
7916	6.484381e+15	8.287153e+01	3.923214e+01	1.644637e+16
7917	6.484638e+15	8.007346e+01	3.845086e+01	2.557394e+16
7918	6.484895e+15	7.646439e+01	3.750094e+01	1.414892e+16
7919	6.485156e+15	7.760343e+01	3.746950e+01	2.160269e+16
7920	6.485416e+15	7.492335e+01	3.606049e+01	2.548138e+16
7921	6.485684e+15	7.740714e+01	3.862732e+01	2.237292e+16
7922	6.485951e+15	7.503269e+01	3.698754e+01	2.103756e+16
7923	6.486223e+15	7.561955e+01	3.598225e+01	3.457379e+16
7924	6.486500e+15	7.403448e+01	3.577072e+01	2.218633e+16
7925	6.486789e+15	7.487440e+01	3.719078e+01	1.429855e+16
7926	6.487082e+15	7.785072e+01	4.018897e+01	3.362793e+16
7927	6.487364e+15	7.708120e+01	3.776965e+01	2.815361e+16
7928	6.487649e+15	7.786049e+01	3.827593e+01	1.113895e+16
7929	6.487931e+15	8.099023e+01	3.870731e+01	2.280364e+16
7930	6.488205e+15	7.739007e+01	3.514130e+01	1.873249e+16
7931	6.488486e+15	6.986427e+01	3.358182e+01	2.699102e+16
7932	6.488781e+15	7.278449e+01	3.810078e+01	2.596137e+16
7933	6.489063e+15	7.069217e+01	3.631340e+01	2.559270e+16
7934	6.489341e+15	7.060197e+01	3.395059e+01	2.110847e+16
7935	6.489624e+15	8.137817e+01	3.760438e+01	1.351166e+16
7936	6.489887e+15	7.481498e+01	3.319177e+01	2.316658e+16
7937	6.490156e+15	7.921546e+01	3.487586e+01	1.658450e+16
7938	6.490419e+15	7.625905e+01	3.404143e+01	1.317704e+16
7939	6.490683e+15	7.382247e+01	3.156711e+01	2.243860e+16
7940	6.490957e+15	6.988654e+01	3.202751e+01	1.968780e+16
7941	6.491253e+15	7.648738e+01	3.382929e+01	6.144590e+15
7942	6.491559e+15	7.671352e+01	3.302989e+01	1.611614e+16
7943	6.491884e+15	8.367686e+01	3.822836e+01	4.969030e+16
7944	6.492202e+15	7.727754e+01	3.637849e+01	1.954144e+16
7945	6.492529e+15	9.773948e+01	4.421967e+01	5.026263e+16
7946	6.492815e+15	8.371351e+01	3.629842e+01	1.647491e+16
7947	6.493111e+15	8.426499e+01	3.752020e+01	3.815089e+16
7948	6.493413e+15	8.994504e+01	3.935497e+01	3.375177e+16
7949	6.493705e+15	8.680912e+01	3.717499e+01	2.387147e+16
7950	6.494001e+15	9.212441e+01	3.858058e+01	2.624396e+16
7951	6.494290e+15	9.162736e+01	3.772057e+01	2.369755e+16
7952	6.494577e+15	9.454845e+01	3.773529e+01	2.029011e+16
7953	6.494856e+15	9.398882e+01	3.702070e+01	2.528764e+16
7954	6.495133e+15	9.416881e+01	3.586074e+01	2.868619e+16
7955	6.495411e+15	9.570452e+01	3.649394e+01	2.112340e+16
7956	6.495683e+15	9.312576e+01	3.535423e+01	2.065812e+16
7957	6.495957e+15	9.471274e+01	3.620848e+01	2.686657e+16
7958	6.496227e+15	9.322809e+01	3.519719e+01	1.828871e+16
7959	6.496500e+15	9.294662e+01	3.613759e+01	4.408248e+16
7960	6.496770e+15	9.310747e+01	3.487540e+01	3.445171e+16
7961	6.497042e+15	9.635469e+01	3.485121e+01	1.328286e+16
7962	6.497305e+15	8.752478e+01	3.368819e+01	2.100685e+16
7963	6.497574e+15	9.563203e+01	3.659460e+01	2.022064e+16
7964	6.497832e+15	8.767437e+01	3.268237e+01	2.661490e+16
7965	6.498100e+15	8.738679e+01	3.159211e+01	2.592570e+16
7966	6.498383e+15	9.649799e+01	3.544714e+01	3.182185e+16
7967	6.498659e+15	8.631418e+01	3.134238e+01	1.801716e+16
7968	6.498955e+15	1.018114e+02	3.698242e+01	3.146425e+16
7969	6.499232e+15	1.021051e+02	3.427726e+01	2.794599e+16
7970	6.499496e+15	8.570194e+01	2.668607e+01	1.948890e+16
7971	6.499790e+15	9.066821e+01	3.091854e+01	1.248026e+16
7972	6.500089e+15	8.890910e+01	3.287357e+01	1.799940e+16
7973	6.500389e+15	9.560939e+01	3.549711e+01	2.023586e+16
7974	6.500676e+15	9.323789e+01	3.404589e+01	1.896284e+16
7975	6.500957e+15	9.466291e+01	3.536255e+01	1.838276e+16
7976	6.501230e+15	8.600505e+01	3.361609e+01	2.679045e+16
7977	6.501509e+15	9.047619e+01	3.582550e+01	3.049971e+16
7978	6.501780e+15	7.742688e+01	3.122564e+01	2.543235e+16
7979	6.502073e+15	9.824384e+01	4.055140e+01	2.874302e+16
7980	6.502337e+15	8.242948e+01	3.226550e+01	2.550889e+16
7981	6.502614e+15	9.265421e+01	3.475652e+01	2.047369e+16
7982	6.502883e+15	9.369921e+01	3.507363e+01	1.614289e+16
7983	6.503143e+15	8.303122e+01	3.311623e+01	1.731626e+16
7984	6.503417e+15	9.067517e+01	3.500151e+01	2.906201e+16
7985	6.503688e+15	9.444888e+01	3.606620e+01	2.734699e+16
7986	6.503950e+15	9.361200e+01	3.451003e+01	3.289457e+16
7987	6.504209e+15	9.227296e+01	3.311048e+01	2.906114e+16
7988	6.504472e+15	9.574328e+01	3.325387e+01	2.110446e+16
7989	6.504733e+15	8.751471e+01	3.306581e+01	1.291819e+16
7990	6.505011e+15	9.340035e+01	3.543083e+01	1.180341e+16
7991	6.505287e+15	8.424783e+01	2.964017e+01	1.942689e+16
7992	6.505571e+15	8.433576e+01	2.926435e+01	1.547948e+16
7993	6.505863e+15	9.176279e+01	3.082395e+01	2.760425e+16
7994	6.506148e+15	9.044914e+01	3.162182e+01	2.074422e+16
7995	6.506423e+15	8.506052e+01	3.126263e+01	2.600774e+16
7996	6.506699e+15	8.485497e+01	3.223101e+01	2.141740e+16
7997	6.506972e+15	7.547132e+01	2.786578e+01	1.378889e+16
7998	6.507256e+15	7.973848e+01	3.087591e+01	2.733555e+16
7999	6.507538e+15	7.692232e+01	3.010669e+01	2.106194e+16
8000	6.507822e+15	7.607638e+01	2.995129e+01	2.453579e+16
8001	6.508104e+15	8.242543e+01	3.170979e+01	2.566729e+16
8002	6.508375e+15	7.373721e+01	2.739251e+01	1.539975e+16
8003	6.508665e+15	8.545998e+01	3.364360e+01	2.219629e+16
8004	6.508947e+15	8.178724e+01	3.299115e+01	2.333814e+16
8005	6.509231e+15	7.393851e+01	3.056117e+01	1.574991e+16
8006	6.509520e+15	8.076294e+01	3.379008e+01	2.446194e+16
8007	6.509793e+15	7.105314e+01	2.970936e+01	2.390843e+16
8008	6.510073e+15	7.083039e+01	3.256557e+01	2.942690e+16
8009	6.510353e+15	6.573077e+01	3.091689e+01	1.747683e+16
8010	6.510644e+15	6.756847e+01	3.296632e+01	2.190156e+16
8011	6.510932e+15	7.037030e+01	3.514668e+01	1.667666e+16
8012	6.511213e+15	6.559149e+01	3.299163e+01	5.373623e+15
8013	6.511502e+15	6.759713e+01	3.338883e+01	1.764632e+16
8014	6.511794e+15	7.007392e+01	3.553501e+01	2.263475e+16
8015	6.512087e+15	6.934099e+01	3.554579e+01	1.409930e+16
8016	6.512380e+15	6.843354e+01	3.565605e+01	1.364909e+16
8017	6.512673e+15	6.861763e+01	3.476781e+01	7.351345e+15
8018	6.512971e+15	6.790731e+01	3.415424e+01	1.516195e+16
8019	6.513272e+15	6.622984e+01	3.416662e+01	6.805241e+15
8020	6.513578e+15	6.943411e+01	3.542075e+01	3.228131e+16
8021	6.513883e+15	6.456040e+01	3.254601e+01	2.166440e+16
8022	6.514206e+15	7.465770e+01	3.978636e+01	1.942239e+16
8023	6.514499e+15	6.192735e+01	3.348494e+01	1.723478e+16
8024	6.514809e+15	6.707712e+01	3.839279e+01	3.019167e+16
8025	6.515108e+15	6.317011e+01	3.762749e+01	1.279980e+16
8026	6.515404e+15	6.419758e+01	3.705646e+01	1.161713e+16
8027	6.515694e+15	6.503175e+01	3.675871e+01	2.516449e+16
8028	6.515980e+15	6.310980e+01	3.452374e+01	1.510660e+16
8029	6.516269e+15	6.119242e+01	3.422835e+01	1.707072e+16
8030	6.516557e+15	5.925090e+01	3.315670e+01	1.487576e+16
8031	6.516846e+15	5.961464e+01	3.254449e+01	2.389859e+16
8032	6.517132e+15	6.115188e+01	3.171597e+01	2.265370e+16
8033	6.517418e+15	6.514475e+01	3.197894e+01	1.781589e+16
8034	6.517698e+15	6.390726e+01	3.150458e+01	1.491882e+16
8035	6.517980e+15	6.503233e+01	3.154599e+01	1.460357e+16
8036	6.518263e+15	6.315118e+01	3.160329e+01	5.617783e+15
8037	6.518544e+15	6.078603e+01	3.014282e+01	2.577975e+16
8038	6.518833e+15	6.576401e+01	3.182580e+01	1.698740e+16
8039	6.519113e+15	6.167113e+01	2.886860e+01	1.321969e+16
8040	6.519402e+15	6.211264e+01	3.153568e+01	3.459656e+16
8041	6.519686e+15	5.776954e+01	2.909338e+01	1.383949e+16
8042	6.519985e+15	5.948212e+01	3.032287e+01	2.283884e+16
8043	6.520286e+15	5.253123e+01	2.817038e+01	3.089506e+16
8044	6.520612e+15	5.282375e+01	3.124151e+01	2.530891e+16
8045	6.520948e+15	5.354685e+01	3.227872e+01	1.843748e+16
8046	6.521284e+15	5.591097e+01	3.226268e+01	2.002392e+16
8047	6.521615e+15	5.954429e+01	3.281984e+01	2.220614e+16
8048	6.521936e+15	6.356313e+01	3.409240e+01	1.372207e+16
8049	6.522241e+15	6.232304e+01	3.259036e+01	3.101045e+16
8050	6.522541e+15	5.329821e+01	2.575976e+01	2.420261e+16
8051	6.522873e+15	6.830795e+01	3.239302e+01	1.556639e+16
8052	6.523179e+15	6.532454e+01	2.954424e+01	1.783220e+16
8053	6.523482e+15	6.603797e+01	3.047608e+01	3.375125e+16
8054	6.523775e+15	6.596896e+01	3.004969e+01	1.370827e+16
8055	6.524058e+15	6.753457e+01	2.831405e+01	2.611630e+16
8056	6.524337e+15	6.538849e+01	2.677951e+01	2.217654e+16
8057	6.524619e+15	6.982065e+01	2.625912e+01	1.431022e+16
8058	6.524897e+15	6.646494e+01	2.494948e+01	1.349268e+16
8059	6.525185e+15	7.350686e+01	2.728092e+01	1.953022e+16
8060	6.525468e+15	6.553463e+01	2.359164e+01	2.870366e+16
8061	6.525773e+15	7.653613e+01	2.822656e+01	1.440130e+16
8062	6.526073e+15	7.757145e+01	2.834316e+01	2.119414e+16
8063	6.526367e+15	7.201176e+01	2.598500e+01	1.333266e+16
8064	6.526675e+15	8.548042e+01	3.038279e+01	2.252727e+16
8065	6.526957e+15	7.651470e+01	2.682944e+01	2.356415e+16
8066	6.527246e+15	7.248934e+01	2.475868e+01	2.419994e+16
8067	6.527550e+15	7.748335e+01	2.890461e+01	2.527097e+16
8068	6.527844e+15	6.897897e+01	2.541254e+01	3.004563e+16
8069	6.528148e+15	7.658144e+01	2.803853e+01	2.573788e+16
8070	6.528439e+15	7.894941e+01	2.702200e+01	2.406601e+16
8071	6.528717e+15	7.824863e+01	2.672387e+01	2.592790e+16
8072	6.528992e+15	7.719422e+01	2.656580e+01	9.594902e+15
8073	6.529269e+15	7.547377e+01	2.728121e+01	1.800424e+16
8074	6.529543e+15	7.197205e+01	2.717603e+01	2.048015e+16
8075	6.529820e+15	7.788283e+01	2.978062e+01	2.769372e+16
8076	6.530079e+15	6.244477e+01	2.431058e+01	1.179010e+16
8077	6.530368e+15	7.266079e+01	2.809011e+01	1.699492e+16
8078	6.530650e+15	6.884690e+01	2.570834e+01	1.876492e+16
8079	6.530938e+15	6.363247e+01	2.277054e+01	1.846337e+16
8080	6.531246e+15	6.582697e+01	2.498802e+01	1.418225e+16
8081	6.531555e+15	6.380843e+01	2.458146e+01	1.274946e+16
8082	6.531863e+15	5.980714e+01	2.378335e+01	1.192513e+16
8083	6.532180e+15	6.353332e+01	2.654426e+01	2.644661e+16
8084	6.532487e+15	6.632391e+01	2.554666e+01	1.408114e+16
8085	6.532780e+15	6.447019e+01	2.445224e+01	1.590474e+16
8086	6.533068e+15	6.314793e+01	2.369313e+01	1.449752e+16
8087	6.533362e+15	6.951467e+01	2.525949e+01	1.731206e+16
8088	6.533643e+15	6.145961e+01	2.335626e+01	1.092926e+16
8089	6.533933e+15	6.438733e+01	2.647182e+01	3.112758e+15
8090	6.534205e+15	6.249028e+01	2.505685e+01	2.914138e+16
8091	6.534476e+15	6.718435e+01	2.551872e+01	1.025250e+16
8092	6.534740e+15	6.132445e+01	2.160889e+01	2.729917e+16
8093	6.535013e+15	5.660851e+01	2.207071e+01	2.443992e+16
8094	6.535317e+15	6.751778e+01	2.795077e+01	2.705744e+16
8095	6.535603e+15	5.981333e+01	2.423949e+01	1.871029e+16
8096	6.535909e+15	6.292191e+01	2.599316e+01	1.874235e+16
8097	6.536213e+15	6.574351e+01	2.831990e+01	2.590769e+16
8098	6.536499e+15	6.373440e+01	2.545188e+01	1.952571e+16
8099	6.536786e+15	6.262926e+01	2.578930e+01	1.629476e+16
8100	6.537078e+15	6.690450e+01	2.565303e+01	2.419413e+16
8101	6.537363e+15	6.609572e+01	2.441468e+01	3.645092e+16
8102	6.537648e+15	6.439029e+01	2.178341e+01	1.900401e+16
8103	6.537949e+15	7.652228e+01	2.872325e+01	4.259175e+16
8104	6.538236e+15	6.969492e+01	2.645660e+01	2.115909e+16
8105	6.538534e+15	7.484311e+01	2.888228e+01	1.170922e+16
8106	6.538818e+15	7.078234e+01	2.714901e+01	3.693825e+16
8107	6.539099e+15	7.104067e+01	2.623697e+01	4.281254e+16
8108	6.539373e+15	6.626353e+01	2.463803e+01	6.434980e+15
8109	6.539664e+15	7.919112e+01	2.856814e+01	2.341471e+16
8110	6.539936e+15	7.086964e+01	2.626322e+01	1.068196e+16
8111	6.540210e+15	6.804377e+01	2.568546e+01	8.912495e+15
8112	6.540489e+15	6.935653e+01	2.669401e+01	8.793134e+15
8113	6.540763e+15	5.709824e+01	2.183833e+01	2.626778e+16
8114	6.541067e+15	6.430429e+01	2.668637e+01	3.525030e+16
8115	6.541384e+15	6.104669e+01	2.584102e+01	3.108340e+16
8116	6.541723e+15	6.635915e+01	2.854333e+01	1.363321e+16
8117	6.542063e+15	6.990369e+01	3.112160e+01	2.056438e+16
8118	6.542390e+15	6.255558e+01	2.896626e+01	2.725089e+16
8119	6.542727e+15	6.810510e+01	3.166123e+01	4.194166e+16
8120	6.543047e+15	6.362238e+01	2.971460e+01	3.065943e+16
8121	6.543372e+15	6.046775e+01	2.720538e+01	2.076494e+16
8122	6.543715e+15	6.603350e+01	3.155923e+01	3.932774e+16
8123	6.544053e+15	6.534294e+01	3.099636e+01	1.972069e+16
8124	6.544396e+15	6.627448e+01	3.131505e+01	3.397658e+16
8125	6.544741e+15	7.063988e+01	3.267452e+01	4.973808e+16
8126	6.545073e+15	7.611937e+01	3.332429e+01	4.197592e+16
8127	6.545377e+15	6.646971e+01	2.885132e+01	3.059471e+16
8128	6.545691e+15	7.239685e+01	3.195188e+01	2.687655e+16
8129	6.545986e+15	6.055684e+01	2.783773e+01	2.332339e+16
8130	6.546296e+15	6.839876e+01	3.192391e+01	3.122107e+16
8131	6.546584e+15	5.770031e+01	2.752084e+01	1.325588e+16
8132	6.546888e+15	6.017091e+01	2.980909e+01	1.864459e+16
8133	6.547194e+15	6.090770e+01	3.048582e+01	2.182612e+16
8134	6.547496e+15	5.817811e+01	2.716272e+01	2.367218e+16
8135	6.547811e+15	6.921165e+01	3.058581e+01	1.828619e+16
8136	6.548097e+15	6.258705e+01	2.596959e+01	1.760248e+16
8137	6.548392e+15	6.682129e+01	2.825396e+01	2.972128e+16
8138	6.548674e+15	5.888196e+01	2.584701e+01	2.540069e+16
8139	6.548958e+15	5.941100e+01	2.710697e+01	2.091815e+16
8140	6.549233e+15	5.465620e+01	2.481961e+01	1.158534e+16
8141	6.549519e+15	5.698493e+01	2.651183e+01	2.296029e+16
8142	6.549811e+15	5.910364e+01	2.790849e+01	3.057834e+16
8143	6.550097e+15	5.684454e+01	2.769578e+01	1.949691e+16
8144	6.550376e+15	5.173145e+01	2.478805e+01	3.915374e+16
8145	6.550671e+15	5.798946e+01	2.756343e+01	2.126399e+16
8146	6.550957e+15	5.152480e+01	2.406341e+01	3.805059e+16
8147	6.551264e+15	5.321315e+01	2.592281e+01	2.531055e+16
8148	6.551577e+15	5.357537e+01	2.690747e+01	1.249883e+16
8149	6.551886e+15	5.235793e+01	2.572137e+01	3.457292e+16
8150	6.552203e+15	5.341217e+01	2.730373e+01	2.589230e+16
8151	6.552517e+15	5.286838e+01	2.736703e+01	3.709669e+16
8152	6.552836e+15	5.008611e+01	2.635643e+01	4.725879e+16
8153	6.553172e+15	5.293019e+01	2.786918e+01	2.918654e+16
8154	6.553505e+15	5.861527e+01	2.979065e+01	2.416709e+16
8155	6.553823e+15	5.810292e+01	2.902263e+01	2.899087e+16
8156	6.554131e+15	6.311062e+01	3.011079e+01	2.792200e+16
8157	6.554416e+15	6.024285e+01	2.700702e+01	1.777392e+16
8158	6.554704e+15	6.135905e+01	2.629115e+01	1.778444e+16
8159	6.554989e+15	6.311682e+01	2.807490e+01	2.142149e+16
8160	6.555270e+15	7.017304e+01	2.884513e+01	2.177695e+16
8161	6.555534e+15	6.666365e+01	2.554308e+01	2.164226e+16
8162	6.555807e+15	7.676765e+01	2.903176e+01	1.188960e+16
8163	6.556056e+15	6.083195e+01	2.229352e+01	1.488475e+16
8164	6.556334e+15	7.360815e+01	3.117117e+01	1.248015e+16
8165	6.556592e+15	6.500219e+01	2.728248e+01	1.469220e+16
8166	6.556861e+15	6.359927e+01	2.778795e+01	1.155215e+16
8167	6.557134e+15	6.547096e+01	2.867843e+01	2.491131e+16
8168	6.557404e+15	6.073255e+01	2.390697e+01	2.014632e+16
8169	6.557695e+15	6.402544e+01	2.565863e+01	1.403921e+16
8170	6.557983e+15	6.481562e+01	2.314650e+01	1.287370e+16
8171	6.558277e+15	6.664298e+01	2.516038e+01	2.624733e+16
8172	6.558574e+15	5.915678e+01	2.503822e+01	2.572907e+16
8173	6.558884e+15	5.819427e+01	2.583635e+01	2.121942e+16
8174	6.559193e+15	5.252891e+01	2.332628e+01	1.739662e+16
8175	6.559521e+15	5.786700e+01	2.808743e+01	3.080783e+16
8176	6.559844e+15	6.044289e+01	2.825290e+01	2.504841e+16
8177	6.560160e+15	6.533531e+01	2.869383e+01	1.601320e+16
8178	6.560459e+15	6.167070e+01	2.778733e+01	3.104612e+16
8179	6.560757e+15	6.180206e+01	2.719515e+01	1.596080e+16
8180	6.561061e+15	6.667059e+01	2.996272e+01	1.515090e+16
8181	6.561352e+15	6.030454e+01	2.782346e+01	2.661714e+16
8182	6.561657e+15	6.176381e+01	2.811147e+01	2.190805e+16
8183	6.561961e+15	6.340203e+01	2.804963e+01	1.454562e+16
8184	6.562255e+15	6.067177e+01	2.637202e+01	1.594699e+16
8185	6.562560e+15	6.399706e+01	2.771914e+01	1.438081e+16
8186	6.562861e+15	6.195126e+01	2.613351e+01	1.481380e+16
8187	6.563165e+15	6.763428e+01	2.786651e+01	2.631008e+16
8188	6.563454e+15	6.571574e+01	2.522809e+01	1.896627e+16
8189	6.563748e+15	6.686049e+01	2.665356e+01	9.785882e+15
8190	6.564043e+15	6.800593e+01	2.687210e+01	1.713687e+16
8191	6.564333e+15	6.773217e+01	2.595942e+01	2.720860e+16
8192	6.564628e+15	7.059287e+01	2.776238e+01	2.095127e+16
8193	6.564917e+15	6.689602e+01	2.661482e+01	2.204355e+16
8194	6.565212e+15	7.072552e+01	2.806151e+01	1.843678e+16
8195	6.565502e+15	7.400431e+01	2.876190e+01	1.011495e+16
8196	6.565781e+15	7.204480e+01	2.733056e+01	7.168483e+15
8197	6.566059e+15	7.088278e+01	2.656799e+01	2.687488e+16
8198	6.566337e+15	7.084088e+01	2.789440e+01	7.730688e+15
8199	6.566607e+15	7.140511e+01	2.741072e+01	1.994955e+16
8200	6.566873e+15	7.049309e+01	2.748602e+01	1.872578e+16
8201	6.567139e+15	6.664431e+01	2.717911e+01	1.641364e+16
8202	6.567406e+15	5.505667e+01	2.143969e+01	1.284744e+16
8203	6.567705e+15	6.394554e+01	2.773345e+01	2.601068e+16
8204	6.567992e+15	5.918106e+01	2.685963e+01	8.832126e+15
8205	6.568275e+15	5.833320e+01	2.661640e+01	2.382397e+16
8206	6.568555e+15	5.946066e+01	2.709489e+01	1.991786e+16
8207	6.568833e+15	5.831076e+01	2.523613e+01	1.986903e+16
8208	6.569110e+15	5.773446e+01	2.592127e+01	4.966896e+15
8209	6.569377e+15	6.282464e+01	2.712675e+01	1.085447e+16
8210	6.569630e+15	5.392569e+01	2.381707e+01	2.194106e+16
8211	6.569905e+15	5.922866e+01	2.699813e+01	1.320556e+16
8212	6.570179e+15	5.533116e+01	2.790042e+01	1.640247e+16
8213	6.570462e+15	5.352943e+01	2.638889e+01	1.226417e+16
8214	6.570765e+15	5.893510e+01	2.650390e+01	2.581812e+16
8215	6.571065e+15	6.332245e+01	2.532294e+01	2.627451e+16
8216	6.571356e+15	6.534760e+01	2.483832e+01	2.582814e+16
8217	6.571646e+15	6.979846e+01	2.666323e+01	1.884104e+16
8218	6.571928e+15	6.216463e+01	2.262410e+01	2.550184e+16
8219	6.572226e+15	6.705821e+01	2.763914e+01	1.644412e+16
8220	6.572507e+15	6.105679e+01	2.603524e+01	2.312812e+16
8221	6.572796e+15	5.946848e+01	2.538504e+01	3.385184e+16
8222	6.573084e+15	5.651718e+01	2.699972e+01	1.742783e+16
8223	6.573400e+15	6.689943e+01	3.206361e+01	1.700597e+16
8224	6.573698e+15	6.893955e+01	3.190504e+01	5.242019e+16
8225	6.573981e+15	6.604927e+01	3.025980e+01	2.774506e+16
8226	6.574268e+15	6.485573e+01	2.958500e+01	1.379288e+16
8227	6.574561e+15	6.218506e+01	2.824464e+01	3.484895e+16
8228	6.574859e+15	6.463997e+01	3.056866e+01	2.416590e+16
8229	6.575154e+15	6.728099e+01	3.123459e+01	1.675983e+16
8230	6.575444e+15	6.838887e+01	3.083173e+01	2.568111e+16
8231	6.575732e+15	6.775643e+01	3.111586e+01	3.066451e+16
8232	6.576018e+15	6.869917e+01	3.052239e+01	3.275286e+16
8233	6.576302e+15	6.774940e+01	2.902397e+01	2.320627e+16
8234	6.576589e+15	6.551025e+01	2.978289e+01	1.672986e+16
8235	6.576876e+15	6.802847e+01	2.932494e+01	2.298458e+16
8236	6.577158e+15	6.404492e+01	2.778348e+01	2.239984e+16
8237	6.577444e+15	6.597015e+01	2.933241e+01	1.772574e+16
8238	6.577722e+15	6.674134e+01	2.860783e+01	1.857521e+16
8239	6.577998e+15	6.014262e+01	2.602752e+01	1.757095e+16
8240	6.578287e+15	6.377066e+01	2.799192e+01	2.691614e+16
8241	6.578570e+15	5.757093e+01	2.595723e+01	2.408113e+16
8242	6.578859e+15	5.423241e+01	2.492115e+01	3.118157e+16
8243	6.579159e+15	5.947437e+01	2.728303e+01	3.714270e+16
8244	6.579448e+15	5.293853e+01	2.412555e+01	1.964349e+16
8245	6.579757e+15	5.472493e+01	2.647692e+01	2.410709e+16
8246	6.580067e+15	5.331219e+01	2.675629e+01	1.296400e+16
8247	6.580379e+15	5.148294e+01	2.594270e+01	4.315626e+16
8248	6.580705e+15	5.327826e+01	2.967814e+01	2.604655e+16
8249	6.581029e+15	5.760279e+01	3.110536e+01	3.762631e+16
8250	6.581343e+15	5.829988e+01	3.089186e+01	2.721447e+16
8251	6.581649e+15	5.853224e+01	2.825693e+01	2.808903e+16
8252	6.581958e+15	5.715346e+01	2.832547e+01	3.247691e+16
8253	6.582280e+15	5.950786e+01	3.093116e+01	2.364515e+16
8254	6.582592e+15	5.083424e+01	2.739506e+01	2.955480e+16
8255	6.582926e+15	5.668493e+01	3.253997e+01	1.977757e+16
8256	6.583246e+15	5.606243e+01	3.132031e+01	1.552742e+16
8257	6.583558e+15	5.739896e+01	3.215666e+01	2.239142e+16
8258	6.583861e+15	5.680259e+01	3.253415e+01	9.881449e+15
8259	6.584157e+15	5.276467e+01	2.957934e+01	2.062434e+16
8260	6.584467e+15	5.940080e+01	3.348355e+01	1.740897e+16
8261	6.584756e+15	5.609936e+01	3.050639e+01	2.588819e+16
8262	6.585050e+15	5.559483e+01	3.108875e+01	2.540588e+16
8263	6.585346e+15	5.701311e+01	3.186222e+01	2.083565e+16
8264	6.585639e+15	5.861971e+01	3.100793e+01	2.028640e+16
8265	6.585929e+15	5.977428e+01	3.143911e+01	2.045600e+16
8266	6.586212e+15	6.110430e+01	3.183766e+01	2.093332e+16
8267	6.586485e+15	6.072736e+01	3.129396e+01	2.455057e+16
8268	6.586752e+15	5.773396e+01	3.009128e+01	2.146383e+16
8269	6.587019e+15	5.962408e+01	3.040146e+01	1.735158e+16
8270	6.587280e+15	5.954945e+01	3.016692e+01	2.207891e+16
8271	6.587540e+15	5.731993e+01	2.936037e+01	9.044219e+15
8272	6.587801e+15	5.718382e+01	2.863913e+01	8.971773e+15
8273	6.588066e+15	5.854185e+01	2.869051e+01	2.091726e+16
8274	6.588330e+15	5.674179e+01	2.663607e+01	1.357151e+16
8275	6.588604e+15	5.690485e+01	2.739299e+01	1.326468e+16
8276	6.588875e+15	5.663510e+01	2.657981e+01	1.924626e+16
8277	6.589151e+15	5.574181e+01	2.606839e+01	1.946715e+16
8278	6.589437e+15	5.529675e+01	2.631279e+01	1.900710e+16
8279	6.589729e+15	5.683152e+01	2.782433e+01	2.025493e+16
8280	6.590015e+15	4.798169e+01	2.279770e+01	1.406918e+16
8281	6.590332e+15	5.627490e+01	2.785224e+01	2.831109e+16
8282	6.590645e+15	5.749385e+01	2.756959e+01	3.420741e+16
8283	6.590954e+15	5.888798e+01	2.696781e+01	1.108380e+16
8284	6.591261e+15	6.047185e+01	2.610052e+01	2.167333e+16
8285	6.591557e+15	5.910223e+01	2.443289e+01	1.661818e+16
8286	6.591859e+15	6.336702e+01	2.549611e+01	2.513058e+16
8287	6.592145e+15	5.759880e+01	2.222598e+01	1.655407e+16
8288	6.592440e+15	5.813239e+01	2.380615e+01	2.463802e+16
8289	6.592737e+15	5.763000e+01	2.488491e+01	2.438200e+16
8290	6.593031e+15	5.471632e+01	2.338244e+01	1.944354e+16
8291	6.593337e+15	5.424314e+01	2.411412e+01	2.732395e+16
8292	6.593651e+15	5.511832e+01	2.566935e+01	1.836128e+16
8293	6.593961e+15	5.387707e+01	2.452696e+01	1.933972e+16
8294	6.594271e+15	5.251991e+01	2.613672e+01	1.728361e+16
8295	6.594588e+15	5.294148e+01	2.750635e+01	1.569775e+16
8296	6.594896e+15	5.390711e+01	2.784468e+01	2.960316e+16
8297	6.595191e+15	5.330191e+01	2.614673e+01	1.626471e+16
8298	6.595480e+15	4.960254e+01	2.389167e+01	2.039102e+16
8299	6.595780e+15	5.354369e+01	2.584806e+01	1.603479e+16
8300	6.596064e+15	5.157982e+01	2.467849e+01	2.076672e+16
8301	6.596347e+15	4.775253e+01	2.164079e+01	1.095673e+16
8302	6.596651e+15	5.547689e+01	2.343545e+01	1.530174e+16
8303	6.596952e+15	5.536078e+01	2.287669e+01	1.014698e+16
8304	6.597247e+15	5.095703e+01	2.128488e+01	2.049390e+16
8305	6.597554e+15	5.630782e+01	2.315871e+01	1.656040e+16
8306	6.597845e+15	4.922486e+01	2.062312e+01	9.082048e+15
8307	6.598141e+15	4.834926e+01	1.864193e+01	1.530690e+16
8308	6.598459e+15	5.725357e+01	2.181417e+01	3.257425e+16
8309	6.598747e+15	4.365167e+01	1.638162e+01	1.086073e+16
8310	6.599074e+15	5.920578e+01	2.217681e+01	1.315185e+16
8311	6.599357e+15	4.761416e+01	1.773551e+01	1.288327e+16
8312	6.599651e+15	4.825816e+01	1.850669e+01	2.198156e+16
8313	6.599945e+15	4.757494e+01	1.817067e+01	1.306372e+16
8314	6.600243e+15	4.236876e+01	1.691352e+01	1.582892e+16
8315	6.600565e+15	4.641208e+01	1.921601e+01	1.573815e+16
8316	6.600879e+15	4.447411e+01	1.832511e+01	8.560978e+15
8317	6.601196e+15	4.554838e+01	1.823881e+01	1.572246e+16
8318	6.601513e+15	4.330287e+01	1.751672e+01	6.467843e+15
8319	6.601843e+15	4.562384e+01	1.849306e+01	2.057141e+16
8320	6.602169e+15	4.528692e+01	1.900827e+01	2.722142e+16
8321	6.602491e+15	4.520841e+01	1.977661e+01	1.942701e+16
8322	6.602811e+15	4.239163e+01	1.990704e+01	1.678408e+16
8323	6.603135e+15	4.553991e+01	2.143719e+01	1.917262e+16
8324	6.603448e+15	4.107467e+01	1.893435e+01	2.471455e+16
8325	6.603781e+15	4.363173e+01	2.173589e+01	4.959241e+16
8326	6.604099e+15	4.412113e+01	2.112951e+01	3.413177e+16
8327	6.604419e+15	5.107980e+01	2.503806e+01	3.723129e+16
8328	6.604718e+15	4.843240e+01	2.381427e+01	5.912651e+16
8329	6.605016e+15	4.507163e+01	2.307066e+01	4.744496e+16
8330	6.605324e+15	4.885700e+01	2.577083e+01	2.954037e+16
8331	6.605618e+15	4.472817e+01	2.390143e+01	3.154275e+16
8332	6.605922e+15	4.931784e+01	2.558791e+01	2.114267e+16
8333	6.606224e+15	5.403143e+01	2.734596e+01	2.314596e+16
8334	6.606508e+15	4.994185e+01	2.570220e+01	2.498584e+16
8335	6.606797e+15	4.980127e+01	2.665862e+01	2.548664e+16
8336	6.607087e+15	4.869743e+01	2.513621e+01	2.685805e+16
8337	6.607385e+15	5.049235e+01	2.612836e+01	2.250204e+16
8338	6.607690e+15	5.315522e+01	2.717537e+01	2.700954e+16
8339	6.607990e+15	5.698264e+01	2.825309e+01	2.815429e+16
8340	6.608274e+15	5.633394e+01	2.881747e+01	3.123514e+16
8341	6.608552e+15	5.788756e+01	3.015909e+01	1.876905e+16
8342	6.608820e+15	5.034112e+01	2.842061e+01	7.432816e+15
8343	6.609097e+15	5.638233e+01	3.187577e+01	2.727053e+16
8344	6.609357e+15	4.981694e+01	2.789066e+01	1.620917e+16
8345	6.609639e+15	5.170230e+01	3.134564e+01	2.706454e+16
8346	6.609912e+15	4.807584e+01	2.940224e+01	2.457682e+16
8347	6.610196e+15	4.773379e+01	2.849584e+01	4.495375e+16
8348	6.610497e+15	5.291265e+01	2.831486e+01	2.299463e+16
8349	6.610800e+15	5.641751e+01	2.706948e+01	2.784862e+16
8350	6.611094e+15	5.365868e+01	2.751496e+01	3.896632e+16
8351	6.611396e+15	5.777757e+01	3.030265e+01	2.294768e+16
8352	6.611683e+15	5.670184e+01	2.884996e+01	2.338674e+16
8353	6.611971e+15	6.020501e+01	2.990609e+01	1.850493e+16
8354	6.612247e+15	5.294971e+01	2.898577e+01	2.436574e+16
8355	6.612537e+15	5.443870e+01	2.991732e+01	1.886405e+16
8356	6.612820e+15	5.351421e+01	3.209665e+01	4.169028e+16
8357	6.613104e+15	5.447274e+01	3.232480e+01	2.811001e+16
8358	6.613394e+15	6.067678e+01	3.530759e+01	2.120373e+16
8359	6.613672e+15	6.041843e+01	3.445565e+01	2.040313e+16
8360	6.613951e+15	6.338153e+01	3.567031e+01	1.719275e+16
8361	6.614223e+15	6.590589e+01	3.524679e+01	1.400081e+16
8362	6.614485e+15	6.125508e+01	3.128491e+01	1.639736e+16
8363	6.614750e+15	6.027009e+01	3.294650e+01	1.591025e+16
8364	6.615016e+15	6.179514e+01	3.630282e+01	1.247329e+16
8365	6.615269e+15	5.690099e+01	3.500697e+01	2.483006e+16
8366	6.615530e+15	5.573295e+01	3.652922e+01	1.332982e+16
8367	6.615792e+15	5.596769e+01	3.366267e+01	1.933531e+16
8368	6.616052e+15	5.602232e+01	3.698110e+01	2.283669e+16
8369	6.616317e+15	5.790814e+01	3.819146e+01	1.238128e+16
8370	6.616582e+15	6.188359e+01	3.907471e+01	9.108470e+15
8371	6.616837e+15	5.935179e+01	3.378498e+01	2.231686e+16
8372	6.617106e+15	5.950923e+01	3.630894e+01	1.065629e+16
8373	6.617382e+15	5.991751e+01	3.861504e+01	1.442803e+16
8374	6.617661e+15	5.631688e+01	3.524002e+01	2.717862e+16
8375	6.617961e+15	6.382699e+01	3.819425e+01	3.475640e+16
8376	6.618252e+15	6.618437e+01	3.702745e+01	1.080743e+16
8377	6.618539e+15	7.119674e+01	3.747838e+01	3.183959e+16
8378	6.618815e+15	6.404486e+01	3.322694e+01	2.177740e+16
8379	6.619107e+15	6.978305e+01	3.650881e+01	2.415815e+16
8380	6.619391e+15	7.022215e+01	3.525948e+01	2.103438e+16
8381	6.619672e+15	7.183328e+01	3.654822e+01	1.513169e+16
8382	6.619944e+15	7.545371e+01	3.573164e+01	2.619597e+16
8383	6.620211e+15	7.117746e+01	3.365046e+01	3.580678e+16
8384	6.620487e+15	7.520273e+01	3.634421e+01	2.319761e+16
8385	6.620751e+15	7.458895e+01	3.313257e+01	2.191786e+16
8386	6.621019e+15	7.668148e+01	3.193858e+01	5.059199e+16
8387	6.621282e+15	7.414157e+01	3.166783e+01	9.878859e+15
8388	6.621552e+15	7.588188e+01	3.253412e+01	3.354949e+16
8389	6.621821e+15	7.209222e+01	3.108401e+01	2.857174e+16
8390	6.622099e+15	7.761800e+01	3.230827e+01	3.763544e+16
8391	6.622369e+15	7.505262e+01	3.087649e+01	3.386564e+16
8392	6.622644e+15	7.768426e+01	3.220054e+01	1.070988e+16
8393	6.622913e+15	7.194495e+01	3.107698e+01	2.639586e+16
8394	6.623187e+15	6.761644e+01	3.315933e+01	3.066999e+16
8395	6.623457e+15	6.848175e+01	3.508264e+01	3.607727e+16
8396	6.623714e+15	5.527043e+01	2.884117e+01	2.143382e+16
8397	6.624002e+15	6.340825e+01	3.434862e+01	3.453771e+16
8398	6.624282e+15	6.304697e+01	3.164484e+01	2.119875e+16
8399	6.624569e+15	6.116273e+01	3.110676e+01	3.196639e+16
8400	6.624873e+15	6.489825e+01	3.362257e+01	2.224618e+16
8401	6.625177e+15	6.542534e+01	3.427196e+01	1.088285e+16
8402	6.625477e+15	6.409527e+01	3.366166e+01	2.308793e+16
8403	6.625777e+15	6.712990e+01	3.403927e+01	2.061468e+16
8404	6.626068e+15	6.963555e+01	3.321820e+01	3.738530e+16
8405	6.626355e+15	7.021638e+01	3.318635e+01	3.205642e+16
8406	6.626638e+15	6.955044e+01	3.391138e+01	4.494708e+16
8407	6.626920e+15	6.195066e+01	3.123806e+01	3.430391e+16
8408	6.627221e+15	6.706097e+01	3.397828e+01	2.567619e+16
8409	6.627518e+15	6.349056e+01	3.466113e+01	1.224908e+16
8410	6.627818e+15	6.016094e+01	3.486122e+01	3.530258e+16
8411	6.628133e+15	6.226380e+01	3.853433e+01	3.263677e+16
8412	6.628441e+15	4.897988e+01	3.347099e+01	2.614109e+16
8413	6.628772e+15	5.117856e+01	3.626536e+01	2.691042e+16
8414	6.629114e+15	5.225395e+01	3.844260e+01	3.168455e+16
8415	6.629437e+15	5.284156e+01	3.861362e+01	2.959325e+16
8416	6.629746e+15	5.085161e+01	3.424107e+01	2.359409e+16
8417	6.630062e+15	5.585095e+01	3.598229e+01	3.000931e+16
8418	6.630373e+15	5.983552e+01	3.487806e+01	2.994318e+16
8419	6.630679e+15	6.098924e+01	3.379806e+01	2.690980e+16
8420	6.630981e+15	6.458159e+01	3.323732e+01	3.733133e+16
8421	6.631280e+15	6.680719e+01	3.496189e+01	3.006383e+16
8422	6.631573e+15	6.148212e+01	3.177772e+01	2.910436e+16
8423	6.631870e+15	6.645527e+01	3.305736e+01	4.254109e+16
8424	6.632156e+15	6.554704e+01	3.117280e+01	2.522950e+16
8425	6.632439e+15	7.080866e+01	3.147200e+01	2.954175e+16
8426	6.632717e+15	6.655826e+01	2.996449e+01	3.544252e+16
8427	6.632997e+15	6.700401e+01	3.090335e+01	3.078561e+16
8428	6.633270e+15	5.927333e+01	2.868775e+01	2.596674e+16
8429	6.633565e+15	5.941976e+01	2.812669e+01	2.459786e+16
8430	6.633880e+15	6.229841e+01	3.112847e+01	2.354287e+16
8431	6.634208e+15	6.652181e+01	3.366337e+01	2.733710e+16
8432	6.634532e+15	9.924763e+01	4.896787e+01	2.697896e+16
8433	6.634760e+15	6.664973e+01	3.263856e+01	1.701265e+16
8434	6.634992e+15	6.865626e+01	3.585778e+01	2.337016e+16
8435	6.635218e+15	7.564784e+01	3.728351e+01	2.647914e+16
8436	6.635435e+15	6.945151e+01	3.516818e+01	1.906958e+16
8437	6.635656e+15	7.205261e+01	3.498084e+01	2.723214e+16
8438	6.635881e+15	7.658188e+01	3.407158e+01	1.978169e+16
8439	6.636106e+15	6.404649e+01	2.951988e+01	2.337268e+16
8440	6.636355e+15	6.799368e+01	3.067369e+01	2.267261e+16
8441	6.636608e+15	5.315284e+01	2.456108e+01	2.801080e+16
8442	6.636911e+15	5.810973e+01	3.027738e+01	2.998492e+16
8443	6.637217e+15	4.999105e+01	2.665431e+01	1.542501e+16
8444	6.637561e+15	5.233843e+01	2.972027e+01	2.572030e+16
8445	6.637920e+15	5.148889e+01	3.189611e+01	1.884530e+16
8446	6.638282e+15	4.963691e+01	3.088494e+01	3.152734e+16
8447	6.638655e+15	5.288223e+01	3.297926e+01	2.417026e+16
8448	6.639009e+15	4.604869e+01	2.900673e+01	2.704898e+16
8449	6.639377e+15	5.284988e+01	3.004970e+01	2.667077e+16
8450	6.639748e+15	5.271307e+01	2.781038e+01	2.209067e+16
8451	6.640125e+15	4.823609e+01	2.878860e+01	3.510356e+16
8452	6.640519e+15	5.148091e+01	3.305562e+01	3.367987e+16
8453	6.640902e+15	5.029166e+01	3.342711e+01	2.906145e+16
8454	6.641281e+15	5.032313e+01	3.502634e+01	2.488128e+16
8455	6.641647e+15	5.100841e+01	3.430190e+01	2.288244e+16
8456	6.642008e+15	5.269787e+01	3.459165e+01	2.382354e+16
8457	6.642364e+15	4.959437e+01	3.256725e+01	3.464678e+16
8458	6.642732e+15	4.978547e+01	3.427907e+01	2.253874e+16
8459	6.643095e+15	5.014765e+01	3.469001e+01	2.799038e+16
8460	6.643443e+15	4.691828e+01	3.123312e+01	2.174949e+16
8461	6.643797e+15	4.522480e+01	2.987112e+01	1.394033e+16
8462	6.644168e+15	4.971175e+01	3.219560e+01	2.955238e+16
8463	6.644526e+15	4.587801e+01	2.884310e+01	2.884170e+16
8464	6.644902e+15	4.849703e+01	3.156934e+01	1.592645e+16
8465	6.645266e+15	4.475777e+01	2.987139e+01	3.369104e+16
8466	6.645639e+15	4.486306e+01	3.155640e+01	2.244113e+16
8467	6.646005e+15	4.433204e+01	2.904271e+01	2.363056e+16
8468	6.646387e+15	4.813388e+01	3.210694e+01	2.779678e+16
8469	6.646759e+15	4.437149e+01	3.006823e+01	2.681035e+16
8470	6.647141e+15	4.533029e+01	3.163717e+01	2.114798e+16
8471	6.647519e+15	4.358525e+01	3.199912e+01	4.073682e+16
8472	6.647892e+15	4.101125e+01	3.185069e+01	2.866422e+16
8473	6.648262e+15	3.960304e+01	3.059347e+01	4.114122e+16
8474	6.648640e+15	4.088743e+01	3.166705e+01	4.208442e+16
8475	6.649013e+15	3.799121e+01	2.957529e+01	2.559674e+16
8476	6.649397e+15	4.180631e+01	3.248825e+01	2.867517e+16
8477	6.649764e+15	3.998317e+01	2.999199e+01	2.910710e+16
8478	6.650136e+15	4.170778e+01	3.176657e+01	3.567140e+16
8479	6.650499e+15	4.118247e+01	3.113964e+01	2.933055e+16
8480	6.650856e+15	3.824159e+01	2.927849e+01	2.583654e+16
8481	6.651227e+15	3.868516e+01	3.081827e+01	1.653332e+16
8482	6.651598e+15	3.827336e+01	3.210715e+01	2.530695e+16
8483	6.651963e+15	3.452042e+01	2.960978e+01	3.405965e+16
8484	6.652340e+15	2.940031e+01	2.813826e+01	4.106214e+16
8485	6.652747e+15	3.465895e+01	2.882198e+01	3.713584e+16
8486	6.653181e+15	4.412574e+01	3.429222e+01	3.063434e+16
8487	6.653585e+15	4.321092e+01	3.281852e+01	2.711167e+16
8488	6.653975e+15	4.087137e+01	3.197312e+01	3.914134e+16
8489	6.654366e+15	4.267847e+01	3.361993e+01	2.915381e+16
8490	6.654742e+15	4.002970e+01	3.362074e+01	1.156454e+16
8491	6.655113e+15	4.181665e+01	3.511067e+01	1.963064e+16
8492	6.655467e+15	3.857394e+01	3.394216e+01	2.691753e+16
8493	6.655822e+15	3.567172e+01	2.970243e+01	3.989245e+16
8494	6.656206e+15	3.284618e+01	3.177455e+01	4.488525e+16
8495	6.656620e+15	3.033287e+01	3.159177e+01	4.917355e+16
8496	6.657068e+15	3.010466e+01	3.253518e+01	5.233195e+16
8497	6.657541e+15	2.984299e+01	3.180518e+01	4.870084e+16
8498	6.658045e+15	3.221719e+01	3.321819e+01	5.254973e+16
8499	6.658567e+15	3.448905e+01	3.676523e+01	5.015771e+16
8500	6.659075e+15	3.248992e+01	3.600571e+01	5.953093e+16
8501	6.659579e+15	3.453047e+01	4.043024e+01	5.927235e+16
8502	6.660053e+15	3.674747e+01	4.164716e+01	4.877545e+16
8503	6.660492e+15	3.685045e+01	4.008469e+01	5.487697e+16
8504	6.660911e+15	3.911400e+01	4.032377e+01	3.890008e+16
8505	6.661301e+15	3.708941e+01	3.624139e+01	5.003418e+16
8506	6.661692e+15	3.855251e+01	3.668760e+01	5.232372e+16
8507	6.662077e+15	3.770468e+01	3.627678e+01	2.867236e+16
8508	6.662451e+15	3.742934e+01	3.605868e+01	4.384807e+16
8509	6.662818e+15	3.883725e+01	3.659642e+01	3.552060e+16
8510	6.663173e+15	4.027573e+01	3.485812e+01	4.245811e+16
8511	6.663528e+15	4.340006e+01	3.656837e+01	3.798656e+16
8512	6.663868e+15	4.481832e+01	3.631497e+01	2.030585e+16
8513	6.664196e+15	4.496857e+01	3.487647e+01	2.714828e+16
8514	6.664522e+15	4.224310e+01	3.365212e+01	3.785495e+16
8515	6.664856e+15	4.430350e+01	3.461312e+01	3.662445e+16
8516	6.665189e+15	4.414042e+01	3.339232e+01	3.706429e+16
8517	6.665528e+15	4.419812e+01	3.340860e+01	4.207645e+16
8518	6.665868e+15	4.804833e+01	3.480132e+01	5.057542e+16
8519	6.666197e+15	4.487047e+01	3.035162e+01	2.966447e+16
8520	6.666548e+15	4.830652e+01	3.316631e+01	2.755551e+16
8521	6.666898e+15	4.631889e+01	3.267261e+01	4.446820e+16
8522	6.667251e+15	4.769258e+01	3.287058e+01	3.721148e+16
8523	6.667604e+15	4.982720e+01	3.410979e+01	2.901160e+16
8524	6.667945e+15	4.459858e+01	2.883744e+01	5.552708e+16
8525	6.668315e+15	5.123991e+01	3.262178e+01	4.329580e+16
8526	6.668675e+15	4.917999e+01	3.131132e+01	4.615610e+16
8527	6.669035e+15	5.123737e+01	3.180448e+01	2.809071e+16
8528	6.669389e+15	5.384246e+01	3.281306e+01	3.480644e+16
8529	6.669728e+15	5.815789e+01	3.164206e+01	4.434628e+16
8530	6.670060e+15	6.091214e+01	3.290786e+01	4.397806e+16
8531	6.670378e+15	6.599195e+01	3.346518e+01	3.328025e+16
8532	6.670681e+15	6.450836e+01	3.124884e+01	4.518900e+16
8533	6.670987e+15	6.926544e+01	3.185835e+01	5.176213e+16
8534	6.671284e+15	7.198348e+01	3.114796e+01	2.473958e+16
8535	6.671576e+15	7.300518e+01	3.110147e+01	2.618223e+16
8536	6.671868e+15	6.842677e+01	2.987055e+01	3.409760e+16
8537	6.672171e+15	7.215802e+01	3.172720e+01	3.880510e+16
8538	6.672475e+15	6.885357e+01	3.012562e+01	3.870909e+16
8539	6.672796e+15	8.250495e+01	3.551747e+01	4.867785e+16
8540	6.673094e+15	7.244463e+01	3.003556e+01	3.874786e+16
8541	6.673412e+15	8.444535e+01	3.459600e+01	3.047993e+16
8542	6.673711e+15	7.438062e+01	2.748260e+01	3.640795e+16
8543	6.674029e+15	8.490631e+01	3.304069e+01	4.181361e+16
8544	6.674336e+15	7.824804e+01	3.046488e+01	3.541872e+16
8545	6.674655e+15	8.549753e+01	3.335028e+01	2.966190e+16
8546	6.674965e+15	8.282415e+01	3.259754e+01	1.581537e+16
8547	6.675274e+15	8.232795e+01	3.214045e+01	2.995561e+16
8548	6.675585e+15	7.832452e+01	3.055372e+01	3.975954e+16
8549	6.675908e+15	7.757450e+01	3.020625e+01	3.842475e+16
8550	6.676245e+15	8.798568e+01	3.317749e+01	4.344692e+16
8551	6.676562e+15	7.596821e+01	2.768265e+01	4.078044e+16
8552	6.676909e+15	9.433492e+01	3.477050e+01	3.400482e+16
8553	6.677228e+15	7.392164e+01	2.809981e+01	3.388758e+16
8554	6.677570e+15	8.193224e+01	3.148417e+01	2.374024e+16
8555	6.677906e+15	7.973233e+01	3.110968e+01	2.634508e+16
8556	6.678249e+15	8.402959e+01	3.282231e+01	1.189457e+16
8557	6.678591e+15	8.809973e+01	3.420587e+01	4.294780e+16
8558	6.678921e+15	8.282937e+01	3.274226e+01	3.357705e+16
8559	6.679251e+15	8.567077e+01	3.416746e+01	3.710631e+16
8560	6.679568e+15	7.674857e+01	3.141388e+01	1.112211e+16
8561	6.679892e+15	8.414110e+01	3.319662e+01	3.985561e+16
8562	6.680207e+15	7.341149e+01	2.870055e+01	2.616753e+16
8563	6.680540e+15	8.376357e+01	3.338882e+01	4.385725e+16
8564	6.680858e+15	6.346015e+01	2.719872e+01	5.067846e+16
8565	6.681230e+15	7.696267e+01	3.237272e+01	4.562354e+16
8566	6.681606e+15	7.592793e+01	3.170273e+01	3.649705e+16
8567	6.681988e+15	8.077197e+01	3.238927e+01	3.638083e+16
8568	6.682363e+15	7.867301e+01	3.160996e+01	5.567076e+16
8569	6.682737e+15	7.387129e+01	3.024488e+01	3.932387e+16
8570	6.683122e+15	7.481139e+01	3.142823e+01	3.529179e+16
8571	6.683504e+15	7.039317e+01	3.100263e+01	3.163973e+16
8572	6.683882e+15	7.033570e+01	3.104334e+01	4.255002e+16
8573	6.684260e+15	7.428271e+01	3.317131e+01	3.960874e+16
8574	6.684616e+15	6.295810e+01	2.852770e+01	2.951215e+16
8575	6.684994e+15	7.428942e+01	3.392917e+01	2.679181e+16
8576	6.685344e+15	6.353968e+01	2.961161e+01	3.087365e+16
8577	6.685703e+15	6.800401e+01	3.267819e+01	2.973383e+16
8578	6.686042e+15	5.924442e+01	2.879875e+01	2.790428e+16
8579	6.686392e+15	6.138109e+01	2.970476e+01	1.729581e+16
8580	6.686744e+15	6.257168e+01	3.004037e+01	2.962342e+16
8581	6.687093e+15	6.302917e+01	2.994895e+01	2.765752e+16
8582	6.687435e+15	6.053454e+01	2.920260e+01	2.269289e+16
8583	6.687778e+15	6.212908e+01	2.985404e+01	2.467043e+16
8584	6.688113e+15	5.836282e+01	2.801438e+01	3.363522e+16
8585	6.688460e+15	6.163002e+01	3.067684e+01	1.605263e+16
8586	6.688796e+15	5.808030e+01	2.911017e+01	2.929752e+16
8587	6.689138e+15	5.888640e+01	2.983980e+01	3.864265e+16
8588	6.689481e+15	6.013639e+01	3.122458e+01	4.503842e+16
8589	6.689815e+15	5.514508e+01	2.621088e+01	1.378298e+16
8590	6.690175e+15	5.883953e+01	2.859769e+01	1.109977e+16
8591	6.690542e+15	6.088546e+01	3.056030e+01	3.236306e+16
8592	6.690900e+15	5.798803e+01	3.006410e+01	2.301586e+16
8593	6.691260e+15	6.582743e+01	3.441018e+01	1.885480e+16
8594	6.691591e+15	6.262662e+01	3.189260e+01	2.327035e+16
8595	6.691915e+15	6.387189e+01	3.149667e+01	9.884941e+15
8596	6.692234e+15	6.636998e+01	3.281083e+01	2.288854e+16
8597	6.692536e+15	6.033702e+01	2.987139e+01	2.040914e+16
8598	6.692846e+15	6.791438e+01	3.292583e+01	2.008801e+16
8599	6.693137e+15	6.496424e+01	3.002535e+01	1.985641e+16
8600	6.693429e+15	6.320921e+01	3.001208e+01	2.828391e+16
8601	6.693720e+15	6.279890e+01	2.983260e+01	1.822518e+16
8602	6.694012e+15	6.150652e+01	2.896227e+01	1.326133e+16
8603	6.694309e+15	6.171973e+01	2.891224e+01	3.309395e+16
8604	6.694607e+15	6.408350e+01	2.996639e+01	2.105416e+16
8605	6.694899e+15	6.223171e+01	2.853748e+01	1.362967e+16
8606	6.695194e+15	6.242388e+01	2.842379e+01	2.126159e+16
8607	6.695485e+15	5.879649e+01	2.709932e+01	2.255301e+16
8608	6.695782e+15	5.992596e+01	2.791526e+01	3.486647e+16
8609	6.696078e+15	5.644619e+01	2.685730e+01	1.342300e+16
8610	6.696383e+15	5.731268e+01	2.739749e+01	2.955832e+16
8611	6.696693e+15	5.670412e+01	2.772384e+01	2.838959e+16
8612	6.697005e+15	5.466615e+01	2.737046e+01	2.520035e+16
8613	6.697321e+15	5.521999e+01	2.726018e+01	3.401858e+16
8614	6.697642e+15	5.489740e+01	2.656780e+01	2.708784e+16
8615	6.697969e+15	5.501152e+01	2.608337e+01	2.373415e+16
8616	6.698304e+15	5.394031e+01	2.689077e+01	2.427076e+16
8617	6.698644e+15	5.287918e+01	2.659929e+01	2.748882e+16
8618	6.698988e+15	5.050069e+01	2.662818e+01	2.672727e+16
8619	6.699341e+15	5.335722e+01	2.798496e+01	2.785080e+16
8620	6.699693e+15	5.358984e+01	2.868185e+01	1.982973e+16
8621	6.700040e+15	5.367791e+01	2.917882e+01	2.906603e+16
8622	6.700386e+15	5.622686e+01	2.983440e+01	4.339453e+16
8623	6.700722e+15	5.098246e+01	2.786134e+01	3.647215e+16
8624	6.701071e+15	5.459685e+01	2.921733e+01	3.253953e+16
8625	6.701408e+15	5.730917e+01	3.195388e+01	4.773765e+16
8626	6.701728e+15	5.871654e+01	3.246354e+01	3.779011e+16
8627	6.702031e+15	5.692378e+01	3.075007e+01	4.452781e+16
8628	6.702334e+15	5.738298e+01	3.143341e+01	3.033792e+16
8629	6.702629e+15	5.422915e+01	2.979034e+01	4.368934e+16
8630	6.702925e+15	5.361493e+01	2.957239e+01	2.479632e+16
8631	6.703216e+15	5.252406e+01	2.753473e+01	2.904637e+16
8632	6.703516e+15	5.797547e+01	2.996988e+01	3.417179e+16
8633	6.703799e+15	4.662745e+01	2.370168e+01	3.207675e+16
8634	6.704107e+15	5.327510e+01	2.764575e+01	4.194696e+16
8635	6.704404e+15	4.684649e+01	2.574283e+01	3.152056e+16
8636	6.704707e+15	4.629429e+01	2.718023e+01	4.010194e+16
8637	6.705005e+15	4.396394e+01	2.778245e+01	3.166923e+16
8638	6.705296e+15	4.060314e+01	2.645260e+01	2.601722e+16
8639	6.705596e+15	4.349112e+01	2.868043e+01	3.218703e+16
8640	6.705888e+15	4.068054e+01	2.793153e+01	2.395743e+16
8641	6.706177e+15	3.994765e+01	2.844724e+01	2.783536e+16
8642	6.706462e+15	3.556776e+01	2.528883e+01	3.882453e+16
8643	6.706772e+15	3.679572e+01	2.874959e+01	5.146921e+16
8644	6.707081e+15	3.386595e+01	2.773827e+01	1.475736e+16
8645	6.707398e+15	3.402213e+01	2.813013e+01	4.370112e+16
8646	6.707727e+15	3.734242e+01	3.071980e+01	3.214257e+16
8647	6.708050e+15	3.642046e+01	3.070279e+01	2.510600e+16
8648	6.708372e+15	3.861740e+01	3.183050e+01	3.124049e+16
8649	6.708685e+15	3.852257e+01	3.126086e+01	2.387172e+16
8650	6.708996e+15	3.758864e+01	3.009142e+01	1.892941e+16
8651	6.709311e+15	4.201951e+01	3.215113e+01	2.582925e+16
8652	6.709615e+15	4.066761e+01	3.014455e+01	3.738728e+16
8653	6.709930e+15	3.880075e+01	3.067105e+01	3.333248e+16
8654	6.710247e+15	4.093274e+01	3.123512e+01	2.242312e+16
8655	6.710562e+15	4.334215e+01	3.186680e+01	2.687244e+16
8656	6.710870e+15	4.102994e+01	3.099127e+01	2.642355e+16
8657	6.711178e+15	4.104448e+01	3.126734e+01	3.414568e+16
8658	6.711485e+15	4.247872e+01	3.069853e+01	1.942938e+16
8659	6.711791e+15	4.310651e+01	3.048125e+01	2.058168e+16
8660	6.712101e+15	4.323804e+01	3.099463e+01	1.901419e+16
8661	6.712406e+15	4.249835e+01	3.032360e+01	2.636822e+16
8662	6.712711e+15	4.166843e+01	3.018052e+01	3.861788e+16
8663	6.713013e+15	4.275602e+01	3.020429e+01	4.494714e+16
8664	6.713310e+15	3.818065e+01	2.583078e+01	1.913442e+16
8665	6.713629e+15	3.858272e+01	2.686247e+01	3.653730e+16
8666	6.713958e+15	3.784012e+01	2.838012e+01	2.378850e+16
8667	6.714296e+15	3.611898e+01	3.008728e+01	3.263261e+16
8668	6.714639e+15	3.547633e+01	2.956107e+01	3.601942e+16
8669	6.714984e+15	3.261295e+01	2.966999e+01	2.936275e+16
8670	6.715348e+15	3.578787e+01	3.267005e+01	3.245286e+16
8671	6.715715e+15	3.599491e+01	3.262941e+01	2.967984e+16
8672	6.716082e+15	3.790676e+01	3.527461e+01	1.841680e+16
8673	6.716445e+15	4.142093e+01	3.931111e+01	2.770348e+16
8674	6.716784e+15	4.176391e+01	3.882855e+01	2.067768e+16
8675	6.717109e+15	4.295716e+01	3.916141e+01	4.589423e+16
8676	6.717421e+15	4.479585e+01	3.963823e+01	3.086899e+16
8677	6.717719e+15	4.264565e+01	3.883844e+01	2.678865e+16
8678	6.718019e+15	4.358271e+01	3.935685e+01	2.462564e+16
8679	6.718321e+15	4.873179e+01	4.370722e+01	2.301064e+16
8680	6.718600e+15	4.526306e+01	3.821253e+01	2.039724e+16
8681	6.718890e+15	4.641758e+01	4.180855e+01	1.318000e+16
8682	6.719167e+15	4.215505e+01	3.916440e+01	1.931247e+16
8683	6.719450e+15	4.613540e+01	4.252031e+01	3.225047e+16
8684	6.719717e+15	3.753328e+01	3.539070e+01	2.504114e+16
8685	6.720007e+15	4.419010e+01	4.198586e+01	1.667569e+16
8686	6.720282e+15	4.138722e+01	3.660337e+01	2.352749e+16
8687	6.720573e+15	4.157957e+01	3.800822e+01	1.073514e+16
8688	6.720870e+15	4.388485e+01	3.949976e+01	8.747177e+15
8689	6.721166e+15	4.305253e+01	3.859525e+01	1.715759e+16
8690	6.721463e+15	4.346867e+01	3.997922e+01	2.571384e+16
8691	6.721757e+15	4.354842e+01	3.932939e+01	3.045847e+16
8692	6.722053e+15	4.104336e+01	3.792755e+01	1.211962e+16
8693	6.722356e+15	4.252542e+01	4.023988e+01	2.160981e+16
8694	6.722654e+15	3.982616e+01	3.700252e+01	2.119197e+16
8695	6.722967e+15	4.182164e+01	4.103171e+01	2.510340e+16
8696	6.723274e+15	4.053623e+01	3.928844e+01	3.044962e+16
8697	6.723581e+15	3.328057e+01	3.577527e+01	1.180854e+16
8698	6.723927e+15	3.746648e+01	3.801138e+01	1.244782e+16
8699	6.724273e+15	3.892257e+01	3.894483e+01	4.078152e+16
8700	6.724611e+15	3.930706e+01	3.759475e+01	2.793542e+16
8701	6.724950e+15	4.149147e+01	3.738226e+01	2.620031e+16
8702	6.725289e+15	4.296772e+01	3.838870e+01	3.187545e+16
8703	6.725617e+15	4.178768e+01	3.742196e+01	3.021553e+16
8704	6.725939e+15	4.337881e+01	3.745166e+01	2.261358e+16
8705	6.726247e+15	4.247599e+01	3.577238e+01	2.402621e+16
8706	6.726560e+15	4.244080e+01	3.595397e+01	4.687923e+16
8707	6.726878e+15	4.304078e+01	3.488563e+01	2.911830e+16
8708	6.727203e+15	4.199094e+01	3.393394e+01	3.377282e+16
8709	6.727540e+15	4.888717e+01	3.751341e+01	2.901748e+16
8710	6.727857e+15	4.420063e+01	3.214709e+01	3.903951e+16
8711	6.728187e+15	4.598688e+01	3.437069e+01	2.578115e+16
8712	6.728518e+15	4.712178e+01	3.534858e+01	1.849248e+16
8713	6.728843e+15	5.351162e+01	3.647318e+01	1.390365e+16
8714	6.729148e+15	5.158266e+01	3.479101e+01	2.851064e+16
8715	6.729448e+15	5.125655e+01	3.510168e+01	1.294593e+16
8716	6.729740e+15	5.210468e+01	3.410953e+01	1.871161e+16
8717	6.730028e+15	4.791233e+01	3.274398e+01	2.216661e+16
8718	6.730325e+15	4.684697e+01	3.468397e+01	2.400867e+16
8719	6.730616e+15	4.519441e+01	3.183649e+01	1.708485e+16
8720	6.730921e+15	4.330068e+01	3.189264e+01	1.282924e+16
8721	6.731237e+15	4.476357e+01	3.215002e+01	1.431751e+16
8722	6.731557e+15	4.306883e+01	2.781278e+01	2.696972e+16
8723	6.731896e+15	4.765343e+01	3.137639e+01	2.972305e+16
8724	6.732222e+15	4.504286e+01	2.849224e+01	1.473878e+16
8725	6.732563e+15	4.442766e+01	2.899478e+01	2.379916e+16
8726	6.732912e+15	4.550964e+01	3.040899e+01	1.158871e+16
8727	6.733253e+15	4.382021e+01	2.853233e+01	1.241763e+16
8728	6.733599e+15	4.496397e+01	2.960778e+01	1.359162e+16
8729	6.733937e+15	4.395506e+01	2.704514e+01	3.612786e+16
8730	6.734283e+15	4.362099e+01	2.724822e+01	1.430926e+16
8731	6.734631e+15	4.396293e+01	2.772717e+01	2.733147e+16
8732	6.734976e+15	4.212140e+01	2.639950e+01	5.471783e+16
8733	6.735332e+15	4.143148e+01	2.720492e+01	2.817556e+16
8734	6.735695e+15	3.933348e+01	2.786642e+01	2.279572e+16
8735	6.736064e+15	3.909575e+01	2.857485e+01	3.616953e+16
8736	6.736434e+15	3.678868e+01	2.948872e+01	2.391899e+16
8737	6.736800e+15	3.380831e+01	2.842647e+01	2.435269e+16
8738	6.737176e+15	3.404653e+01	2.969367e+01	4.565187e+16
8739	6.737553e+15	3.356078e+01	2.993273e+01	3.330696e+16
8740	6.737933e+15	3.534876e+01	3.162355e+01	1.917785e+16
8741	6.738299e+15	3.494086e+01	2.999027e+01	1.549886e+16
8742	6.738667e+15	3.764383e+01	3.125682e+01	3.152561e+16
8743	6.739029e+15	3.749786e+01	3.156724e+01	3.895127e+16
8744	6.739386e+15	3.629899e+01	3.053435e+01	3.785849e+16
8745	6.739744e+15	3.881363e+01	3.171684e+01	3.027453e+16
8746	6.740094e+15	4.135344e+01	3.266869e+01	5.244859e+16
8747	6.740428e+15	3.748107e+01	2.696376e+01	4.689871e+16
8748	6.740778e+15	3.886336e+01	2.851904e+01	3.247522e+16
8749	6.741133e+15	4.088200e+01	3.032624e+01	5.235648e+16
8750	6.741482e+15	3.987623e+01	3.021326e+01	4.905709e+16
8751	6.741836e+15	3.865068e+01	2.973868e+01	3.808858e+16
8752	6.742206e+15	4.541781e+01	3.651768e+01	4.121576e+16
8753	6.742536e+15	4.118547e+01	3.063917e+01	3.820784e+16
8754	6.742874e+15	4.232057e+01	3.079052e+01	3.719176e+16
8755	6.743220e+15	4.670067e+01	3.219746e+01	1.758715e+16
8756	6.743557e+15	4.685380e+01	3.082867e+01	5.309230e+16
8757	6.743896e+15	4.634876e+01	3.022116e+01	3.230313e+16
8758	6.744242e+15	5.312633e+01	3.447048e+01	4.576741e+16
8759	6.744563e+15	4.666870e+01	3.047441e+01	5.768801e+16
8760	6.744889e+15	4.897676e+01	3.140551e+01	3.762925e+16
8761	6.745207e+15	4.786417e+01	2.783785e+01	2.770073e+16
8762	6.745542e+15	5.501162e+01	2.914303e+01	4.026708e+16
8763	6.745885e+15	5.684263e+01	2.888577e+01	3.521874e+16
8764	6.746232e+15	5.350396e+01	2.756001e+01	1.847606e+16
8765	6.746596e+15	6.064475e+01	3.245944e+01	4.200530e+16
8766	6.746941e+15	5.646451e+01	3.147356e+01	2.656064e+16
8767	6.747282e+15	5.495474e+01	3.275077e+01	3.284785e+16
8768	6.747619e+15	5.258568e+01	3.238630e+01	4.536318e+16
8769	6.747960e+15	5.107389e+01	3.305972e+01	3.197480e+16
8770	6.748303e+15	5.303345e+01	3.582021e+01	3.023692e+16
8771	6.748632e+15	4.667015e+01	3.032326e+01	3.853210e+16
8772	6.748977e+15	4.925559e+01	3.214291e+01	3.578601e+16
8773	6.749324e+15	5.080349e+01	3.244487e+01	3.528957e+16
8774	6.749670e+15	5.485071e+01	3.326854e+01	4.260031e+16
8775	6.750003e+15	4.687481e+01	2.818085e+01	3.811317e+16
8776	6.750371e+15	5.401073e+01	3.549216e+01	4.116463e+16
8777	6.750717e+15	4.795623e+01	3.134513e+01	3.275197e+16
8778	6.751084e+15	4.631254e+01	3.227713e+01	2.846434e+16
8779	6.751469e+15	5.423522e+01	3.778841e+01	2.821745e+16
8780	6.751826e+15	4.908708e+01	3.349330e+01	3.184211e+16
8781	6.752196e+15	5.052664e+01	3.522605e+01	2.445132e+16
8782	6.752568e+15	5.710058e+01	4.014415e+01	4.312062e+16
8783	6.752902e+15	5.102284e+01	3.336033e+01	3.868668e+16
8784	6.753252e+15	5.914501e+01	3.757672e+01	4.293906e+16
8785	6.753587e+15	5.770529e+01	3.561311e+01	2.185580e+16
8786	6.753920e+15	5.504476e+01	3.459767e+01	3.759968e+16
8787	6.754265e+15	5.733340e+01	3.880884e+01	2.947593e+16
8788	6.754594e+15	5.536781e+01	3.734642e+01	2.097503e+16
8789	6.754918e+15	5.607538e+01	3.770248e+01	2.783336e+16
8790	6.755233e+15	5.847982e+01	3.859736e+01	2.001424e+16
8791	6.755536e+15	5.812041e+01	3.733452e+01	1.559306e+16
8792	6.755836e+15	5.855558e+01	3.795832e+01	3.274078e+16
8793	6.756128e+15	5.529698e+01	3.581300e+01	2.576164e+16
8794	6.756424e+15	6.184637e+01	3.911004e+01	9.507143e+15
8795	6.756700e+15	5.622407e+01	3.521453e+01	1.027524e+16
8796	6.756979e+15	5.904670e+01	3.640518e+01	2.386775e+16
8797	6.757253e+15	5.922935e+01	3.592437e+01	2.919714e+16
8798	6.757522e+15	5.238300e+01	3.217639e+01	1.485813e+16
8799	6.757802e+15	5.401966e+01	3.426408e+01	1.291737e+16
8800	6.758082e+15	5.333678e+01	3.240028e+01	1.149732e+16
8801	6.758369e+15	5.416732e+01	3.402450e+01	1.020908e+16
8802	6.758655e+15	5.185581e+01	3.315636e+01	2.343090e+16
8803	6.758942e+15	4.969687e+01	3.022867e+01	8.469462e+15
8804	6.759242e+15	4.867583e+01	3.070362e+01	1.739021e+16
8805	6.759555e+15	5.253621e+01	3.295297e+01	3.444966e+16
8806	6.759865e+15	5.504857e+01	3.359436e+01	3.507584e+16
8807	6.760164e+15	5.460012e+01	3.258508e+01	2.850748e+16
8808	6.760462e+15	5.497741e+01	3.336205e+01	2.623457e+16
8809	6.760753e+15	5.404260e+01	3.412247e+01	2.581109e+16
8810	6.761035e+15	5.330225e+01	3.398978e+01	3.000489e+16
8811	6.761311e+15	4.981846e+01	3.223379e+01	2.726148e+16
8812	6.761591e+15	5.081996e+01	3.364270e+01	3.660424e+16
8813	6.761867e+15	4.368657e+01	2.933007e+01	1.894192e+16
8814	6.762166e+15	4.751834e+01	3.123515e+01	3.280872e+16
8815	6.762480e+15	5.284150e+01	3.457119e+01	2.869215e+16
8816	6.762785e+15	4.993875e+01	3.348282e+01	3.411678e+16
8817	6.763092e+15	5.738824e+01	3.837001e+01	4.358993e+16
8818	6.763368e+15	5.489936e+01	3.383758e+01	2.380532e+16
8819	6.763636e+15	5.082917e+01	3.025450e+01	2.841615e+16
8820	6.763918e+15	5.514215e+01	3.360075e+01	3.653228e+16
8821	6.764189e+15	5.250009e+01	3.071480e+01	1.863959e+16
8822	6.764465e+15	5.409181e+01	3.128866e+01	1.312336e+16
8823	6.764739e+15	5.518442e+01	3.086308e+01	3.780731e+16
8824	6.765007e+15	5.808005e+01	3.111003e+01	2.306383e+16
8825	6.765261e+15	5.440913e+01	2.575998e+01	3.036159e+16
8826	6.765523e+15	5.588419e+01	2.761886e+01	1.244428e+16
8827	6.765786e+15	5.505493e+01	2.949105e+01	2.194948e+16
8828	6.766047e+15	4.955628e+01	2.719691e+01	2.758231e+16
8829	6.766318e+15	5.194375e+01	3.024218e+01	1.621227e+16
8830	6.766580e+15	5.058588e+01	2.797593e+01	1.543326e+16
8831	6.766841e+15	4.835346e+01	2.643557e+01	2.429741e+16
8832	6.767110e+15	4.829167e+01	2.859283e+01	1.580922e+16
8833	6.767381e+15	4.930159e+01	2.835387e+01	2.194731e+16
8834	6.767652e+15	4.713676e+01	2.596449e+01	2.525847e+16
8835	6.767944e+15	5.132159e+01	2.446026e+01	1.285885e+16
8836	6.768247e+15	6.011234e+01	2.576348e+01	3.366945e+16
8837	6.768534e+15	6.819391e+01	2.599650e+01	1.515994e+16
8838	6.768804e+15	7.137557e+01	2.489381e+01	2.720678e+16
8839	6.769063e+15	6.608017e+01	2.312248e+01	2.580539e+16
8840	6.769329e+15	6.809377e+01	2.470924e+01	1.002386e+16
8841	6.769584e+15	6.075502e+01	2.202820e+01	2.030708e+16
8842	6.769850e+15	6.192458e+01	2.340606e+01	2.318383e+16
8843	6.770114e+15	5.751144e+01	2.148559e+01	1.162503e+16
8844	6.770397e+15	5.732324e+01	2.272156e+01	2.192214e+16
8845	6.770692e+15	5.732073e+01	2.336862e+01	3.059207e+16
8846	6.770988e+15	5.726038e+01	2.248759e+01	1.427454e+16
8847	6.771289e+15	5.818627e+01	2.331761e+01	1.311096e+16
8848	6.771582e+15	5.773160e+01	2.295328e+01	4.111414e+16
8849	6.771872e+15	5.756090e+01	2.216724e+01	3.673527e+16
8850	6.772168e+15	5.523764e+01	2.217452e+01	1.824156e+16
8851	6.772468e+15	5.672079e+01	2.351973e+01	1.073640e+16
8852	6.772759e+15	5.333721e+01	2.262107e+01	2.703905e+16
8853	6.773046e+15	4.780230e+01	2.031934e+01	1.470983e+16
8854	6.773350e+15	5.344736e+01	2.279420e+01	2.333106e+16
8855	6.773646e+15	5.076110e+01	2.130772e+01	1.972147e+16
8856	6.773958e+15	5.189349e+01	2.308004e+01	1.698788e+16
8857	6.774281e+15	4.957400e+01	2.358826e+01	1.234372e+16
8858	6.774610e+15	5.220074e+01	2.471055e+01	2.327845e+16
8859	6.774935e+15	5.050839e+01	2.510291e+01	9.255937e+15
8860	6.775258e+15	5.323922e+01	2.593554e+01	1.373821e+16
8861	6.775577e+15	4.930912e+01	2.446637e+01	1.853018e+16
8862	6.775911e+15	5.046383e+01	2.623897e+01	1.298596e+16
8863	6.776249e+15	5.341136e+01	2.708408e+01	2.066339e+16
8864	6.776582e+15	5.185801e+01	2.622787e+01	2.256385e+16
8865	6.776921e+15	5.659805e+01	2.833307e+01	3.061398e+16
8866	6.777245e+15	5.555431e+01	2.722568e+01	2.562608e+16
8867	6.777562e+15	5.658850e+01	2.693959e+01	1.778404e+16
8868	6.777874e+15	5.876299e+01	2.770186e+01	2.196792e+16
8869	6.778172e+15	5.732569e+01	2.674710e+01	2.008269e+16
8870	6.778469e+15	5.893153e+01	2.748625e+01	2.895087e+16
8871	6.778759e+15	5.794649e+01	2.492287e+01	1.751511e+16
8872	6.779052e+15	5.916711e+01	2.581549e+01	2.624461e+16
8873	6.779341e+15	5.928600e+01	2.584741e+01	5.042214e+15
8874	6.779626e+15	5.978623e+01	2.720672e+01	1.709746e+16
8875	6.779908e+15	5.608018e+01	2.621807e+01	2.170104e+16
8876	6.780200e+15	5.751748e+01	2.836272e+01	2.362974e+16
8877	6.780492e+15	5.596715e+01	2.777213e+01	1.689385e+16
8878	6.780794e+15	5.770764e+01	2.926859e+01	2.472520e+16
8879	6.781087e+15	5.767378e+01	2.829832e+01	2.022680e+16
8880	6.781383e+15	6.327927e+01	2.963600e+01	3.205468e+16
8881	6.781673e+15	6.443953e+01	3.049858e+01	2.058557e+16
8882	6.781952e+15	6.276668e+01	3.022567e+01	1.850023e+16
8883	6.782227e+15	6.641147e+01	3.145340e+01	1.604308e+16
8884	6.782487e+15	6.039932e+01	2.820619e+01	2.569804e+16
8885	6.782755e+15	6.350828e+01	2.898960e+01	3.426121e+16
8886	6.783023e+15	6.061906e+01	2.626264e+01	2.854776e+16
8887	6.783299e+15	6.214440e+01	2.701864e+01	3.499849e+16
8888	6.783578e+15	6.191326e+01	2.689399e+01	3.974951e+16
8889	6.783860e+15	6.256984e+01	2.718469e+01	1.571763e+16
8890	6.784143e+15	6.459820e+01	2.844374e+01	2.188085e+16
8891	6.784420e+15	5.879746e+01	2.570908e+01	2.580195e+16
8892	6.784710e+15	6.175528e+01	2.728882e+01	4.102918e+16
8893	6.785009e+15	6.638232e+01	2.885488e+01	1.824512e+16
8894	6.785299e+15	6.145625e+01	2.743885e+01	2.380690e+16
8895	6.785593e+15	6.923920e+01	3.071708e+01	2.147998e+16
8896	6.785866e+15	6.479679e+01	2.798349e+01	3.131179e+16
8897	6.786141e+15	6.221078e+01	2.664758e+01	2.164104e+16
8898	6.786424e+15	6.083936e+01	2.465131e+01	3.750098e+16
8899	6.786722e+15	5.984802e+01	2.598310e+01	2.457217e+16
8900	6.787034e+15	6.513915e+01	2.915336e+01	1.329272e+16
8901	6.787338e+15	6.069322e+01	2.810876e+01	2.652089e+16
8902	6.787649e+15	6.440765e+01	3.162386e+01	2.713598e+16
8903	6.787957e+15	6.409530e+01	3.012414e+01	3.791102e+16
8904	6.788268e+15	6.688048e+01	3.226150e+01	1.429924e+16
8905	6.788582e+15	7.514303e+01	3.680456e+01	2.270119e+16
8906	6.788870e+15	6.028161e+01	2.954858e+01	3.150526e+16
8907	6.789187e+15	8.421048e+01	3.994689e+01	3.011374e+16
8908	6.789458e+15	6.479887e+01	2.930361e+01	1.544265e+16
8909	6.789759e+15	7.939149e+01	3.597884e+01	3.644886e+16
8910	6.790042e+15	7.504520e+01	3.332877e+01	1.715799e+16
8911	6.790323e+15	7.206323e+01	3.235869e+01	2.030254e+16
8912	6.790613e+15	8.703893e+01	3.816293e+01	3.039527e+16
8913	6.790876e+15	7.852139e+01	3.296612e+01	2.189633e+16
8914	6.791141e+15	8.085905e+01	3.324100e+01	2.667026e+16
8915	6.791401e+15	7.394514e+01	3.031085e+01	3.800338e+16
8916	6.791675e+15	7.772027e+01	3.224638e+01	1.679445e+16
8917	6.791957e+15	7.945572e+01	3.294459e+01	1.720674e+16
8918	6.792239e+15	1.220028e+02	4.862514e+01	2.671409e+16
8919	6.792436e+15	8.858077e+01	3.598924e+01	1.460145e+16
8920	6.792625e+15	8.425093e+01	3.534984e+01	2.331376e+16
8921	6.792810e+15	7.759557e+01	3.238852e+01	1.318126e+16
8922	6.793001e+15	8.598689e+01	3.544965e+01	2.535354e+16
8923	6.793185e+15	7.334819e+01	3.104094e+01	5.876406e+15
8924	6.793384e+15	7.669608e+01	3.146674e+01	8.209715e+15
8925	6.793594e+15	6.993856e+01	2.938119e+01	2.009233e+16
8926	6.793830e+15	7.057647e+01	3.023794e+01	1.835883e+16
8927	6.794083e+15	6.608591e+01	3.136540e+01	1.550531e+16
8928	6.794363e+15	6.523503e+01	3.051126e+01	1.680519e+16
8929	6.794675e+15	6.801344e+01	3.065313e+01	3.733976e+16
8930	6.795017e+15	7.852342e+01	3.432720e+01	2.883674e+16
8931	6.795356e+15	8.157169e+01	3.612521e+01	2.782277e+16
8932	6.795679e+15	6.633807e+01	3.095044e+01	2.768156e+16
8933	6.796041e+15	7.612451e+01	3.678200e+01	2.701268e+16
8934	6.796391e+15	7.576998e+01	3.631060e+01	2.065276e+16
8935	6.796730e+15	7.977240e+01	3.737693e+01	3.414704e+16
8936	6.797052e+15	8.005116e+01	3.740478e+01	3.229239e+16
8937	6.797363e+15	7.568497e+01	3.603247e+01	2.540633e+16
8938	6.797677e+15	8.219840e+01	3.966576e+01	3.507555e+16
8939	6.797972e+15	7.744806e+01	3.701613e+01	1.986844e+16
8940	6.798263e+15	7.599690e+01	3.641184e+01	2.268204e+16
8941	6.798553e+15	7.608012e+01	3.618036e+01	1.807041e+16
8942	6.798842e+15	7.433399e+01	3.525730e+01	1.784158e+16
8943	6.799131e+15	7.510638e+01	3.553155e+01	1.939258e+16
8944	6.799422e+15	6.794132e+01	3.270830e+01	3.347037e+16
8945	6.799727e+15	7.335707e+01	3.452212e+01	1.336241e+16
8946	6.800038e+15	8.377808e+01	3.940256e+01	2.158657e+16
8947	6.800324e+15	7.385359e+01	3.366638e+01	2.812406e+16
8948	6.800621e+15	8.048939e+01	3.818132e+01	2.956177e+16
8949	6.800903e+15	7.637881e+01	3.513418e+01	1.110626e+16
8950	6.801183e+15	6.691856e+01	3.237719e+01	1.179705e+16
8951	6.801484e+15	7.278834e+01	3.646441e+01	2.658298e+16
8952	6.801780e+15	6.646719e+01	3.381769e+01	1.672530e+16
8953	6.802089e+15	6.880214e+01	3.520104e+01	3.271375e+16
8954	6.802402e+15	6.923651e+01	3.588543e+01	2.528790e+16
8955	6.802716e+15	7.097255e+01	3.699597e+01	2.298801e+16
8956	6.803025e+15	7.132095e+01	3.656015e+01	1.515916e+16
8957	6.803331e+15	6.655499e+01	3.299142e+01	2.146173e+16
8958	6.803647e+15	6.322828e+01	3.337098e+01	3.032501e+16
8959	6.803977e+15	7.264282e+01	3.769261e+01	1.634300e+16
8960	6.804288e+15	6.910379e+01	3.641928e+01	1.989542e+16
8961	6.804593e+15	6.548830e+01	3.473512e+01	2.691004e+16
8962	6.804900e+15	6.980889e+01	3.649436e+01	2.830471e+16
8963	6.805198e+15	6.288313e+01	3.477180e+01	3.164391e+16
8964	6.805494e+15	6.516042e+01	3.607383e+01	1.556344e+16
8965	6.805777e+15	6.285855e+01	3.368041e+01	2.092095e+16
8966	6.806062e+15	6.564858e+01	3.463333e+01	1.396288e+16
8967	6.806342e+15	6.506253e+01	3.497571e+01	1.807102e+16
8968	6.806616e+15	5.423072e+01	2.954737e+01	2.727165e+16
8969	6.806910e+15	6.072408e+01	3.398147e+01	2.598947e+16
8970	6.807198e+15	6.418931e+01	3.710519e+01	2.550260e+16
8971	6.807467e+15	5.495940e+01	3.292832e+01	1.574968e+16
8972	6.807747e+15	6.078274e+01	3.750747e+01	2.323601e+16
8973	6.808014e+15	5.438562e+01	3.324852e+01	1.631959e+16
8974	6.808294e+15	6.479945e+01	3.946943e+01	3.246275e+16
8975	6.808553e+15	6.133951e+01	3.680441e+01	2.569465e+16
8976	6.808809e+15	5.696893e+01	3.336739e+01	2.957955e+16
8977	6.809082e+15	5.410115e+01	3.445591e+01	1.949460e+16
8978	6.809365e+15	5.704248e+01	3.566790e+01	2.582980e+16
8979	6.809664e+15	6.767111e+01	3.820446e+01	3.518591e+16
8980	6.809953e+15	7.164527e+01	3.695314e+01	3.322669e+16
8981	6.810238e+15	7.451664e+01	3.658290e+01	2.840636e+16
8982	6.810522e+15	7.754142e+01	3.723044e+01	2.024818e+16
8983	6.810800e+15	7.663751e+01	3.695421e+01	1.880196e+16
8984	6.811075e+15	7.742529e+01	3.735785e+01	2.857997e+16
8985	6.811342e+15	7.642181e+01	3.617021e+01	2.472925e+16
8986	6.811609e+15	7.805548e+01	3.670985e+01	2.478459e+16
8987	6.811871e+15	7.765006e+01	3.646912e+01	2.882718e+16
8988	6.812130e+15	7.734862e+01	3.650685e+01	2.051202e+16
8989	6.812387e+15	7.714357e+01	3.728709e+01	2.600963e+16
8990	6.812639e+15	7.581015e+01	3.559572e+01	1.551350e+16
8991	6.812893e+15	7.016175e+01	3.284201e+01	2.146667e+16
8992	6.813155e+15	7.507525e+01	3.461559e+01	1.808570e+16
8993	6.813425e+15	7.500863e+01	3.654873e+01	2.344456e+16
8994	6.813693e+15	6.210953e+01	3.080194e+01	2.192056e+16
8995	6.814002e+15	8.781015e+01	4.510293e+01	2.848902e+16
8996	6.814265e+15	6.975160e+01	3.262652e+01	1.512921e+16
8997	6.814556e+15	8.253925e+01	3.998683e+01	2.706939e+16
8998	6.814822e+15	6.699710e+01	3.283253e+01	1.517946e+16
8999	6.815106e+15	7.243431e+01	3.601767e+01	2.456784e+16
9000	6.815387e+15	7.288812e+01	3.508585e+01	1.960088e+16
9001	6.815665e+15	6.869333e+01	3.316712e+01	1.626676e+16
9002	6.815949e+15	7.284067e+01	3.592871e+01	1.978328e+16
9003	6.816226e+15	6.583799e+01	3.167535e+01	2.252243e+16
9004	6.816525e+15	7.336942e+01	3.494831e+01	2.326005e+16
9005	6.816821e+15	7.408235e+01	3.464876e+01	2.408478e+16
9006	6.817117e+15	7.383027e+01	3.576756e+01	1.564081e+16
9007	6.817412e+15	7.666607e+01	3.625378e+01	3.693604e+16
9008	6.817697e+15	7.285908e+01	3.305534e+01	1.105061e+16
9009	6.817989e+15	7.953129e+01	3.646109e+01	1.655269e+16
9010	6.818269e+15	7.446275e+01	3.477459e+01	2.391648e+16
9011	6.818548e+15	7.446534e+01	3.463818e+01	1.693420e+16
9012	6.818822e+15	7.671997e+01	3.411160e+01	2.447692e+16
9013	6.819086e+15	7.410781e+01	3.425921e+01	8.840447e+15
9014	6.819349e+15	7.394288e+01	3.597691e+01	4.752453e+15
9015	6.819606e+15	7.537886e+01	3.618161e+01	1.276616e+16
9016	6.819856e+15	7.144029e+01	3.392882e+01	1.884387e+16
9017	6.820113e+15	6.717552e+01	3.438894e+01	1.394077e+16
9018	6.820377e+15	7.190725e+01	3.685524e+01	1.694142e+16
9019	6.820638e+15	6.370324e+01	3.217872e+01	1.856138e+16
9020	6.820925e+15	7.154441e+01	3.799683e+01	1.937350e+16
9021	6.821204e+15	6.311492e+01	3.321519e+01	2.064115e+16
9022	6.821503e+15	6.884268e+01	3.494257e+01	2.098627e+16
9023	6.821798e+15	6.624129e+01	3.374725e+01	2.263534e+16
9024	6.822102e+15	6.825620e+01	3.609904e+01	2.259868e+16
9025	6.822392e+15	6.831834e+01	3.392697e+01	2.015774e+16
9026	6.822691e+15	7.602686e+01	3.693569e+01	9.824060e+15
9027	6.822980e+15	7.044095e+01	3.653629e+01	2.201057e+16
9028	6.823262e+15	7.424279e+01	3.908642e+01	2.912380e+16
9029	6.823524e+15	6.469134e+01	3.173100e+01	1.195762e+16
9030	6.823799e+15	6.461177e+01	3.320533e+01	9.366939e+15
9031	6.824079e+15	6.764687e+01	3.556634e+01	1.409811e+16
9032	6.824357e+15	5.976806e+01	3.005662e+01	1.506767e+16
9033	6.824666e+15	6.885120e+01	3.624157e+01	2.454538e+16
9034	6.824969e+15	6.944398e+01	3.513522e+01	1.315877e+16
9035	6.825273e+15	7.436570e+01	3.641813e+01	1.581753e+16
9036	6.825566e+15	7.310560e+01	3.481878e+01	1.964729e+16
9037	6.825855e+15	7.647861e+01	3.450976e+01	2.354636e+16
9038	6.826141e+15	8.214204e+01	3.563644e+01	2.412422e+16
9039	6.826413e+15	7.551236e+01	3.353079e+01	1.650053e+16
9040	6.826686e+15	8.109603e+01	3.505292e+01	2.680326e+16
9041	6.826947e+15	7.546586e+01	3.202884e+01	1.226647e+16
9042	6.827208e+15	7.810662e+01	3.401952e+01	2.016271e+16
9043	6.827465e+15	7.337329e+01	3.065939e+01	5.400134e+15
9044	6.827728e+15	7.027537e+01	3.176138e+01	1.686414e+16
9045	6.828000e+15	7.457319e+01	3.043610e+01	2.108965e+16
9046	6.828285e+15	8.006212e+01	3.203431e+01	1.423302e+16
9047	6.828564e+15	7.713493e+01	3.229999e+01	1.303032e+16
9048	6.828842e+15	7.304193e+01	3.320828e+01	2.056511e+16
9049	6.829123e+15	6.898066e+01	3.231574e+01	2.110959e+16
9050	6.829413e+15	7.070947e+01	3.431612e+01	1.890386e+16
9051	6.829697e+15	6.348746e+01	3.127753e+01	9.600480e+15
9052	6.829989e+15	6.772404e+01	3.250519e+01	1.475790e+16
9053	6.830283e+15	7.378126e+01	3.470725e+01	1.494384e+16
9054	6.830568e+15	7.362278e+01	3.455038e+01	5.332153e+15
9055	6.830850e+15	7.268768e+01	3.509745e+01	1.474106e+16
9056	6.831126e+15	7.061766e+01	3.410079e+01	2.033468e+16
9057	6.831399e+15	6.781741e+01	3.312408e+01	1.034072e+16
9058	6.831678e+15	6.548645e+01	3.293342e+01	2.464097e+16
9059	6.831970e+15	6.619638e+01	3.338472e+01	1.560020e+16
9060	6.832271e+15	7.179641e+01	3.452146e+01	2.057138e+16
9061	6.832562e+15	6.944513e+01	3.147702e+01	1.028816e+16
9062	6.832864e+15	7.882285e+01	3.657448e+01	1.128103e+16
9063	6.833138e+15	7.026478e+01	3.082178e+01	3.560967e+15
9064	6.833423e+15	7.272938e+01	3.103062e+01	2.144771e+16
9065	6.833711e+15	7.758744e+01	3.294372e+01	1.312027e+16
9066	6.833987e+15	7.105579e+01	3.046557e+01	1.955766e+16
9067	6.834275e+15	7.696827e+01	3.256385e+01	1.943375e+16
9068	6.834555e+15	7.453994e+01	2.576990e+01	1.466855e+16
9069	6.834848e+15	7.878041e+01	2.689735e+01	2.233939e+16
9070	6.835135e+15	7.823212e+01	2.549943e+01	1.433406e+16
9071	6.835421e+15	7.548346e+01	2.411546e+01	2.865877e+16
9072	6.835716e+15	7.736952e+01	2.401615e+01	1.869206e+16
9073	6.836007e+15	7.605263e+01	2.445193e+01	2.636816e+16
9074	6.836293e+15	7.277910e+01	2.421734e+01	1.216276e+16
9075	6.836577e+15	7.520429e+01	2.491074e+01	1.502848e+16
9076	6.836856e+15	6.586903e+01	2.281715e+01	1.861682e+16
9077	6.837151e+15	7.154692e+01	2.483623e+01	1.555878e+16
9078	6.837439e+15	6.528257e+01	2.179318e+01	2.169141e+16
9079	6.837743e+15	6.823072e+01	2.394760e+01	1.261484e+16
9080	6.838058e+15	7.219097e+01	2.617542e+01	9.162650e+15
9081	6.838369e+15	7.411920e+01	2.672192e+01	4.223764e+15
9082	6.838672e+15	7.182693e+01	2.621483e+01	1.292356e+16
9083	6.838981e+15	6.867472e+01	2.497349e+01	1.485743e+16
9084	6.839306e+15	7.670020e+01	2.753716e+01	1.177125e+16
9085	6.839627e+15	8.423921e+01	2.939066e+01	9.362955e+15
9086	6.839931e+15	7.406912e+01	2.685535e+01	1.723384e+16
9087	6.840251e+15	8.239946e+01	3.084667e+01	8.518278e+15
9088	6.840554e+15	7.428205e+01	2.795872e+01	1.117241e+16
9089	6.840865e+15	7.608049e+01	2.943773e+01	9.579137e+15
9090	6.841172e+15	7.527392e+01	2.945732e+01	2.487676e+16
9091	6.841480e+15	7.087236e+01	2.793997e+01	1.727254e+16
9092	6.841808e+15	7.209682e+01	2.815616e+01	2.855844e+16
9093	6.842149e+15	7.348994e+01	2.952964e+01	2.088838e+16
9094	6.842492e+15	7.679022e+01	3.074566e+01	3.436745e+16
9095	6.842827e+15	6.984594e+01	2.802057e+01	1.543880e+16
9096	6.843183e+15	7.006174e+01	2.918926e+01	2.281809e+16
9097	6.843560e+15	7.693432e+01	3.393602e+01	1.919440e+16
9098	6.843920e+15	7.237438e+01	3.385318e+01	3.395591e+16
9099	6.844277e+15	7.046236e+01	3.314098e+01	2.795296e+16
9100	6.844622e+15	6.659337e+01	3.418678e+01	1.294583e+16
9101	6.844968e+15	7.078601e+01	3.578467e+01	1.842299e+16
9102	6.845303e+15	6.724565e+01	3.444109e+01	2.657456e+16
9103	6.845634e+15	6.696786e+01	3.507384e+01	2.369503e+16
9104	6.845960e+15	6.676230e+01	3.545510e+01	3.039680e+16
9105	6.846283e+15	6.081183e+01	3.355419e+01	1.831190e+16
9106	6.846622e+15	6.625820e+01	3.687365e+01	4.168130e+16
9107	6.846950e+15	6.096548e+01	3.231806e+01	1.651492e+16
9108	6.847301e+15	6.393704e+01	3.354402e+01	3.055256e+16
9109	6.847658e+15	6.457952e+01	3.404273e+01	2.115077e+16
9110	6.848015e+15	6.540992e+01	3.549404e+01	2.524001e+16
9111	6.848358e+15	6.295620e+01	3.474863e+01	4.950053e+16
9112	6.848698e+15	6.452748e+01	3.596929e+01	5.276385e+16
9113	6.849032e+15	5.913000e+01	3.629571e+01	2.861482e+16
9114	6.849374e+15	5.778274e+01	3.813225e+01	4.686775e+16
9115	6.849707e+15	5.614967e+01	3.642116e+01	3.283429e+16
9116	6.850038e+15	5.626718e+01	3.679152e+01	4.238820e+16
9117	6.850357e+15	5.339351e+01	3.371186e+01	4.079726e+16
9118	6.850685e+15	5.468061e+01	3.424024e+01	3.374997e+16
9119	6.851008e+15	5.314603e+01	3.232370e+01	2.419979e+16
9120	6.851333e+15	5.609893e+01	3.481945e+01	3.347071e+16
9121	6.851639e+15	5.089537e+01	3.117195e+01	2.638246e+16
9122	6.851952e+15	5.099567e+01	3.399486e+01	3.936897e+16
9123	6.852256e+15	5.088567e+01	3.357295e+01	2.231882e+16
9124	6.852557e+15	5.093287e+01	3.280127e+01	4.082168e+16
9125	6.852858e+15	5.125448e+01	3.186514e+01	3.686452e+16
9126	6.853160e+15	5.228253e+01	3.111613e+01	3.601351e+16
9127	6.853466e+15	4.976989e+01	3.048331e+01	2.882370e+16
9128	6.853783e+15	4.951731e+01	2.764016e+01	2.044641e+16
9129	6.854118e+15	5.357117e+01	2.857877e+01	2.701873e+16
9130	6.854456e+15	5.796174e+01	2.870709e+01	3.770320e+16
9131	6.854792e+15	5.770432e+01	2.876719e+01	1.989943e+16
9132	6.855122e+15	5.817173e+01	2.970919e+01	3.281820e+16
9133	6.855440e+15	5.497101e+01	2.843772e+01	3.062755e+16
9134	6.855757e+15	5.601230e+01	2.903564e+01	1.133372e+16
9135	6.856067e+15	5.473735e+01	2.728001e+01	3.071088e+16
9136	6.856385e+15	5.145463e+01	2.584515e+01	2.185099e+16
9137	6.856719e+15	5.355993e+01	2.908393e+01	2.719074e+16
9138	6.857049e+15	5.122806e+01	2.675870e+01	1.490120e+16
9139	6.857403e+15	6.129541e+01	3.075379e+01	2.841549e+16
9140	6.857743e+15	6.184189e+01	3.187299e+01	3.026030e+16
9141	6.858068e+15	6.279596e+01	3.201958e+01	3.088983e+16
9142	6.858380e+15	5.945369e+01	2.988455e+01	2.750236e+16
9143	6.858695e+15	5.899769e+01	3.040877e+01	2.220596e+16
9144	6.859018e+15	6.508532e+01	3.206065e+01	1.712839e+16
9145	6.859339e+15	6.697521e+01	3.182874e+01	9.303455e+15
9146	6.859659e+15	6.882491e+01	3.285978e+01	1.809058e+16
9147	6.859966e+15	7.339836e+01	3.311373e+01	1.810856e+16
9148	6.860258e+15	7.215577e+01	3.209376e+01	1.738496e+16
9149	6.860547e+15	7.360769e+01	3.254717e+01	1.661144e+16
9150	6.860829e+15	6.907634e+01	3.018156e+01	1.839964e+16
9151	6.861111e+15	6.641478e+01	3.084504e+01	1.193205e+16
9152	6.861387e+15	6.897183e+01	3.120173e+01	3.310385e+16
9153	6.861660e+15	6.351391e+01	2.939828e+01	1.771241e+16
9154	6.861942e+15	6.136943e+01	3.033106e+01	2.881962e+16
9155	6.862224e+15	6.306793e+01	2.830716e+01	1.415550e+16
9156	6.862510e+15	5.740161e+01	2.601287e+01	1.833038e+16
9157	6.862814e+15	5.973179e+01	2.880971e+01	1.717030e+16
9158	6.863117e+15	5.756280e+01	2.893846e+01	2.367509e+16
9159	6.863416e+15	5.314680e+01	2.710252e+01	1.289366e+16
9160	6.863732e+15	5.216283e+01	2.691295e+01	2.205797e+16
9161	6.864069e+15	5.222981e+01	2.834597e+01	1.636212e+16
9162	6.864412e+15	5.440957e+01	3.001282e+01	2.608669e+16
9163	6.864749e+15	5.642993e+01	3.090072e+01	3.544762e+16
9164	6.865074e+15	5.580420e+01	2.941445e+01	2.534994e+16
9165	6.865397e+15	5.896151e+01	2.990357e+01	2.372224e+16
9166	6.865710e+15	6.135232e+01	3.022152e+01	2.166467e+16
9167	6.866010e+15	5.600634e+01	2.761930e+01	3.431845e+16
9168	6.866324e+15	6.187776e+01	3.061910e+01	2.742390e+16
9169	6.866624e+15	5.291896e+01	2.705583e+01	2.809935e+16
9170	6.866937e+15	5.990462e+01	3.077707e+01	1.569018e+16
9171	6.867231e+15	5.420437e+01	2.718160e+01	2.827240e+16
9172	6.867536e+15	5.291995e+01	2.770047e+01	2.357837e+16
9173	6.867850e+15	5.657836e+01	2.977128e+01	2.448647e+16
9174	6.868155e+15	5.331294e+01	2.692912e+01	1.462885e+16
9175	6.868472e+15	5.186955e+01	2.764152e+01	2.094386e+16
9176	6.868796e+15	5.439155e+01	2.834072e+01	2.406122e+16
9177	6.869117e+15	5.094997e+01	2.707368e+01	7.511744e+15
9178	6.869442e+15	5.355569e+01	2.838184e+01	1.861623e+16
9179	6.869760e+15	5.307137e+01	2.775204e+01	3.106234e+16
9180	6.870081e+15	5.018626e+01	2.488581e+01	3.188329e+16
9181	6.870422e+15	5.402814e+01	2.788157e+01	2.942344e+16
9182	6.870751e+15	4.964636e+01	2.518729e+01	2.564245e+16
9183	6.871095e+15	5.243452e+01	2.764292e+01	1.935746e+16
9184	6.871429e+15	4.949096e+01	2.654566e+01	3.538281e+16
9185	6.871765e+15	5.344629e+01	2.939712e+01	2.805038e+16
9186	6.872095e+15	5.775258e+01	3.161928e+01	2.143146e+16
9187	6.872412e+15	5.580247e+01	3.011318e+01	2.789449e+16
9188	6.872730e+15	5.959037e+01	3.270502e+01	4.059844e+16
9189	6.873035e+15	5.939245e+01	3.240722e+01	2.937806e+16
9190	6.873333e+15	5.595235e+01	3.166852e+01	1.110364e+16
9191	6.873633e+15	5.974348e+01	3.445628e+01	2.228929e+16
9192	6.873917e+15	5.949767e+01	3.332031e+01	2.199925e+16
9193	6.874200e+15	5.658520e+01	3.208700e+01	2.168809e+16
9194	6.874492e+15	5.916864e+01	3.455975e+01	3.068887e+16
9195	6.874774e+15	5.266353e+01	3.111375e+01	3.640629e+16
9196	6.875071e+15	5.751323e+01	3.413013e+01	2.465728e+16
9197	6.875360e+15	5.801398e+01	3.230019e+01	1.488247e+16
9198	6.875652e+15	5.990312e+01	3.311616e+01	2.514239e+16
9199	6.875941e+15	6.080418e+01	3.342742e+01	1.908854e+16
9200	6.876224e+15	6.111166e+01	3.219901e+01	2.035111e+16
9201	6.876508e+15	5.753762e+01	2.966584e+01	2.622442e+16
9202	6.876801e+15	5.894243e+01	3.352400e+01	2.482997e+16
9203	6.877083e+15	5.450690e+01	3.166493e+01	2.550638e+16
9204	6.877368e+15	6.094129e+01	3.330158e+01	2.112456e+16
9205	6.877650e+15	6.071031e+01	3.436907e+01	1.813936e+16
9206	6.877923e+15	5.269787e+01	3.185468e+01	2.305537e+16
9207	6.878210e+15	6.101985e+01	3.737874e+01	7.309203e+15
9208	6.878476e+15	5.497669e+01	3.304725e+01	1.394070e+16
9209	6.878749e+15	5.407306e+01	3.255545e+01	2.724685e+16
9210	6.879027e+15	5.773240e+01	3.372189e+01	3.357640e+16
9211	6.879300e+15	5.571545e+01	3.038963e+01	2.155527e+16
9212	6.879590e+15	5.923455e+01	3.122276e+01	2.708680e+16
9213	6.879887e+15	5.787410e+01	3.084103e+01	3.213701e+16
9214	6.880189e+15	5.938593e+01	3.187008e+01	2.557803e+16
9215	6.880486e+15	6.220812e+01	3.107665e+01	1.735032e+16
9216	6.880773e+15	6.236157e+01	3.027078e+01	1.718653e+16
9217	6.881055e+15	6.353130e+01	2.974928e+01	1.526963e+16
9218	6.881336e+15	6.096823e+01	2.839181e+01	1.487635e+16
9219	6.881629e+15	6.124155e+01	2.991312e+01	1.615885e+16
9220	6.881922e+15	6.121148e+01	2.996796e+01	1.981217e+16
9221	6.882215e+15	5.670202e+01	2.876511e+01	1.763412e+16
9222	6.882518e+15	5.990864e+01	3.061864e+01	1.737238e+16
9223	6.882814e+15	5.663791e+01	2.895042e+01	2.079568e+16
9224	6.883117e+15	5.783386e+01	2.982329e+01	2.100785e+16
9225	6.883417e+15	5.701351e+01	2.972620e+01	2.126151e+16
9226	6.883714e+15	5.600944e+01	2.933565e+01	1.308789e+16
9227	6.884013e+15	5.921193e+01	3.015735e+01	1.563448e+16
9228	6.884303e+15	5.795915e+01	2.819657e+01	7.597836e+15
9229	6.884598e+15	6.161570e+01	2.980814e+01	2.113827e+16
9230	6.884890e+15	5.932049e+01	2.899176e+01	1.459410e+16
9231	6.885183e+15	5.961441e+01	2.880559e+01	1.931364e+16
9232	6.885479e+15	6.043934e+01	3.021146e+01	1.915206e+16
9233	6.885767e+15	5.808605e+01	2.887788e+01	1.948038e+16
9234	6.886055e+15	5.955945e+01	2.933656e+01	1.960087e+16
9235	6.886338e+15	5.856455e+01	2.807503e+01	1.478688e+16
9236	6.886625e+15	5.707483e+01	2.695980e+01	1.070622e+16
9237	6.886921e+15	5.911010e+01	2.842631e+01	1.388741e+16
9238	6.887213e+15	5.845975e+01	2.798639e+01	1.009777e+16
9239	6.887504e+15	5.625115e+01	2.675659e+01	9.953274e+15
9240	6.887803e+15	5.987072e+01	2.803889e+01	4.561040e+15
9241	6.888096e+15	5.559003e+01	2.534308e+01	1.597419e+16
9242	6.888399e+15	5.392299e+01	2.702836e+01	2.008218e+16
9243	6.888710e+15	5.569767e+01	2.881786e+01	1.225429e+16
9244	6.889013e+15	5.827523e+01	2.832324e+01	1.262589e+16
9245	6.889308e+15	5.687044e+01	2.739210e+01	1.848064e+16
9246	6.889603e+15	5.780358e+01	2.751249e+01	1.533659e+16
9247	6.889892e+15	5.803339e+01	2.603316e+01	1.282335e+16
9248	6.890182e+15	5.668149e+01	2.576405e+01	1.916970e+16
9249	6.890475e+15	6.190168e+01	2.704974e+01	2.061619e+16
9250	6.890756e+15	5.978910e+01	2.513793e+01	1.056106e+16
9251	6.891043e+15	5.816439e+01	2.547184e+01	1.607753e+16
9252	6.891326e+15	5.644965e+01	2.443849e+01	1.434680e+16
9253	6.891615e+15	5.867003e+01	2.597060e+01	1.292383e+16
9254	6.891897e+15	5.158698e+01	2.082445e+01	1.265746e+16
9255	6.892201e+15	5.462660e+01	2.432738e+01	1.826903e+16
9256	6.892511e+15	6.161297e+01	2.694043e+01	1.723786e+16
9257	6.892804e+15	6.521108e+01	2.610927e+01	1.612990e+16
9258	6.893091e+15	6.229173e+01	2.502492e+01	8.968885e+15
9259	6.893383e+15	6.170939e+01	2.564253e+01	1.545049e+16
9260	6.893677e+15	6.714879e+01	2.841654e+01	2.043004e+16
9261	6.893953e+15	6.395106e+01	2.744896e+01	2.256908e+16
9262	6.894230e+15	6.243109e+01	2.659627e+01	2.241686e+16
9263	6.894515e+15	6.273290e+01	2.795013e+01	2.365415e+16
9264	6.894802e+15	6.771477e+01	2.979556e+01	2.269465e+16
9265	6.895078e+15	5.586346e+01	2.523575e+01	1.935244e+16
9266	6.895379e+15	6.908096e+01	2.941339e+01	1.890263e+16
9267	6.895665e+15	6.717573e+01	2.823407e+01	2.265921e+16
9268	6.895948e+15	6.587817e+01	2.718915e+01	1.823816e+16
9269	6.896243e+15	6.975175e+01	2.900426e+01	2.675102e+16
9270	6.896528e+15	6.871335e+01	2.982529e+01	1.774980e+16
9271	6.896799e+15	6.907884e+01	2.903651e+01	2.220443e+16
9272	6.897061e+15	6.438447e+01	2.673442e+01	2.030536e+16
9273	6.897336e+15	6.410068e+01	2.732924e+01	7.262257e+15
9274	6.897618e+15	6.356724e+01	2.847721e+01	9.205508e+15
9275	6.897907e+15	6.237070e+01	2.927150e+01	1.724651e+16
9276	6.898198e+15	6.086104e+01	3.001715e+01	1.328259e+16
9277	6.898483e+15	6.322043e+01	2.955236e+01	2.131569e+16
9278	6.898762e+15	5.884656e+01	2.731748e+01	1.618401e+16
9279	6.899052e+15	6.131832e+01	2.834887e+01	9.218703e+15
9280	6.899343e+15	6.300197e+01	2.748915e+01	1.007406e+16
9281	6.899634e+15	6.621642e+01	2.791287e+01	8.399454e+15
9282	6.899917e+15	6.480311e+01	2.734641e+01	1.087517e+16
9283	6.900196e+15	6.349873e+01	2.669919e+01	1.662974e+16
9284	6.900475e+15	6.169887e+01	2.554323e+01	2.969255e+16
9285	6.900753e+15	6.185526e+01	2.250916e+01	3.137628e+16
9286	6.901028e+15	5.975388e+01	2.144902e+01	2.792907e+16
9287	6.901312e+15	6.162651e+01	2.171867e+01	2.371988e+16
9288	6.901600e+15	6.016372e+01	2.109666e+01	3.330036e+16
9289	6.901895e+15	5.698257e+01	2.053135e+01	3.757478e+16
9290	6.902198e+15	5.586170e+01	2.172268e+01	3.947448e+16
9291	6.902501e+15	5.731337e+01	2.200328e+01	4.971989e+16
9292	6.902816e+15	5.800101e+01	2.273348e+01	4.683803e+16
9293	6.903133e+15	5.759505e+01	2.378618e+01	3.062479e+16
9294	6.903438e+15	5.310043e+01	2.524361e+01	3.017717e+16
9295	6.903738e+15	4.920517e+01	2.487066e+01	3.550854e+16
9296	6.904042e+15	4.859145e+01	2.532395e+01	3.909155e+16
9297	6.904347e+15	5.022290e+01	2.626255e+01	2.697470e+16
9298	6.904643e+15	4.165498e+01	2.248305e+01	1.847100e+16
9299	6.904956e+15	3.989470e+01	2.298182e+01	2.116680e+16
9300	6.905287e+15	4.260230e+01	2.767879e+01	2.599706e+16
9301	6.905614e+15	3.861444e+01	2.696153e+01	4.247301e+16
9302	6.905948e+15	4.177986e+01	3.023181e+01	5.068371e+16
9303	6.906261e+15	3.810190e+01	2.888059e+01	4.131427e+16
9304	6.906576e+15	3.879343e+01	2.850933e+01	2.753246e+16
9305	6.906899e+15	4.482167e+01	3.153260e+01	1.852403e+16
9306	6.907195e+15	3.956210e+01	2.528352e+01	3.276376e+16
9307	6.907520e+15	4.930569e+01	3.098695e+01	2.470081e+16
9308	6.907816e+15	4.392579e+01	2.736833e+01	1.253942e+16
9309	6.908126e+15	4.746578e+01	2.935926e+01	2.263265e+16
9310	6.908426e+15	4.444303e+01	2.783489e+01	4.382077e+16
9311	6.908731e+15	5.578053e+01	3.234246e+01	2.762971e+16
9312	6.909002e+15	4.518213e+01	2.516153e+01	2.077713e+16
9313	6.909298e+15	4.767308e+01	2.671171e+01	2.166368e+16
9314	6.909600e+15	4.712306e+01	2.695312e+01	3.064814e+16
9315	6.909912e+15	4.797317e+01	2.855140e+01	1.855108e+16
9316	6.910226e+15	5.065008e+01	2.950727e+01	4.004362e+16
9317	6.910540e+15	5.453988e+01	3.067563e+01	3.691683e+16
9318	6.910835e+15	5.316601e+01	3.022642e+01	3.650149e+16
9319	6.911127e+15	5.270803e+01	2.938611e+01	2.181295e+16
9320	6.911422e+15	4.967831e+01	2.847768e+01	2.280349e+16
9321	6.911725e+15	5.219220e+01	2.841785e+01	3.719332e+16
9322	6.912022e+15	4.711369e+01	2.744926e+01	2.086426e+16
9323	6.912332e+15	4.684078e+01	2.863420e+01	2.809549e+16
9324	6.912654e+15	4.968245e+01	3.174696e+01	2.223313e+16
9325	6.912968e+15	4.887817e+01	3.011304e+01	2.551592e+16
9326	6.913286e+15	5.238329e+01	3.187222e+01	2.576262e+16
9327	6.913599e+15	5.338982e+01	3.181009e+01	2.168202e+16
9328	6.913909e+15	5.545723e+01	3.252183e+01	2.925367e+16
9329	6.914210e+15	5.460697e+01	3.094325e+01	2.503815e+16
9330	6.914509e+15	5.472881e+01	3.160031e+01	1.159515e+16
9331	6.914804e+15	5.509636e+01	3.163939e+01	2.727236e+16
9332	6.915099e+15	5.456011e+01	3.096099e+01	1.984596e+16
9333	6.915397e+15	5.685402e+01	3.234982e+01	9.945873e+15
9334	6.915683e+15	5.657809e+01	3.233778e+01	2.485915e+16
9335	6.915966e+15	5.623275e+01	3.198280e+01	2.218289e+16
9336	6.916248e+15	5.820526e+01	3.210708e+01	1.844690e+16
9337	6.916526e+15	5.872784e+01	3.170632e+01	2.314511e+16
9338	6.916803e+15	5.429499e+01	3.092869e+01	1.295872e+16
9339	6.917084e+15	5.187896e+01	3.047573e+01	1.333865e+16
9340	6.917373e+15	5.235986e+01	3.009398e+01	1.805286e+16
9341	6.917667e+15	5.302372e+01	3.032672e+01	2.285045e+16
9342	6.917966e+15	5.305242e+01	3.224701e+01	2.499036e+16
9343	6.918264e+15	4.964302e+01	3.121617e+01	1.827167e+16
9344	6.918570e+15	5.095358e+01	3.261556e+01	8.066337e+15
9345	6.918875e+15	5.360938e+01	3.142013e+01	2.298508e+16
9346	6.919181e+15	5.539724e+01	3.161966e+01	2.675241e+16
9347	6.919482e+15	5.415239e+01	3.037219e+01	2.534295e+16
9348	6.919790e+15	5.866960e+01	3.266846e+01	2.301196e+16
9349	6.920086e+15	5.693195e+01	3.147569e+01	8.940959e+15
9350	6.920383e+15	5.120732e+01	3.090507e+01	3.571278e+16
9351	6.920693e+15	5.024952e+01	3.143610e+01	1.485998e+16
9352	6.921015e+15	4.581132e+01	2.983100e+01	2.720737e+16
9353	6.921350e+15	5.559575e+01	3.490881e+01	1.848696e+16
9354	6.921663e+15	5.551895e+01	3.148322e+01	1.327460e+16
9355	6.921982e+15	5.749013e+01	3.308779e+01	2.777549e+16
9356	6.922291e+15	6.367969e+01	3.650144e+01	1.313183e+16
9357	6.922572e+15	5.567405e+01	3.202830e+01	8.217946e+15
9358	6.922861e+15	6.024883e+01	3.651506e+01	3.091635e+16
9359	6.923130e+15	5.901092e+01	3.512184e+01	1.146593e+16
9360	6.923393e+15	5.358330e+01	3.359005e+01	1.502133e+16
9361	6.923658e+15	5.470027e+01	3.283896e+01	1.438287e+16
9362	6.923924e+15	5.309875e+01	3.020180e+01	1.599698e+16
9363	6.924196e+15	5.659665e+01	3.121843e+01	3.562661e+16
9364	6.924464e+15	5.453228e+01	2.887728e+01	2.090874e+16
9365	6.924748e+15	5.276783e+01	2.878994e+01	1.050527e+16
9366	6.925046e+15	5.494744e+01	3.152820e+01	7.410127e+15
9367	6.925344e+15	5.692183e+01	3.186221e+01	1.074374e+16
9368	6.925641e+15	5.669057e+01	3.228607e+01	1.727333e+16
9369	6.925937e+15	5.594983e+01	3.321521e+01	7.123440e+15
9370	6.926233e+15	5.825464e+01	3.363869e+01	1.286932e+16
9371	6.926525e+15	5.490346e+01	3.113491e+01	2.996645e+16
9372	6.926824e+15	5.895910e+01	3.406126e+01	2.776077e+16
9373	6.927109e+15	6.031963e+01	3.285929e+01	9.045432e+15
9374	6.927392e+15	6.087164e+01	3.237876e+01	7.102893e+15
9375	6.927670e+15	6.126483e+01	3.278236e+01	1.984673e+16
9376	6.927941e+15	6.113573e+01	3.115161e+01	7.026188e+15
9377	6.928210e+15	6.120929e+01	3.157248e+01	1.825362e+16
9378	6.928480e+15	6.264858e+01	2.892356e+01	2.425250e+16
9379	6.928750e+15	5.996908e+01	2.685993e+01	1.290831e+16
9380	6.929025e+15	5.813186e+01	2.762697e+01	1.208180e+16
9381	6.929300e+15	5.736423e+01	2.838507e+01	2.000215e+16
9382	6.929572e+15	5.542520e+01	2.771513e+01	1.481677e+16
9383	6.929848e+15	5.820016e+01	2.911509e+01	2.897408e+16
9384	6.930121e+15	5.288571e+01	2.809538e+01	2.269554e+16
9385	6.930401e+15	5.101367e+01	2.761518e+01	1.597585e+16
9386	6.930692e+15	5.077126e+01	2.737253e+01	2.785854e+16
9387	6.930991e+15	4.807259e+01	2.686298e+01	1.600837e+16
9388	6.931308e+15	4.975227e+01	2.817158e+01	1.885930e+16
9389	6.931626e+15	4.608691e+01	2.781258e+01	2.023678e+16
9390	6.931952e+15	4.762491e+01	3.027394e+01	2.099106e+16
9391	6.932272e+15	5.155322e+01	3.225223e+01	2.600933e+16
9392	6.932571e+15	4.551856e+01	2.861626e+01	1.354877e+16
9393	6.932877e+15	4.818559e+01	3.167565e+01	1.848010e+16
9394	6.933171e+15	4.424116e+01	2.908734e+01	1.061554e+16
9395	6.933476e+15	4.717479e+01	3.207050e+01	5.334905e+15
9396	6.933769e+15	4.627175e+01	3.127351e+01	1.828431e+16
9397	6.934063e+15	4.614591e+01	3.127553e+01	7.695077e+15
9398	6.934356e+15	4.813430e+01	3.282613e+01	1.491143e+16
9399	6.934639e+15	4.769992e+01	3.151798e+01	1.611147e+16
9400	6.934931e+15	4.582735e+01	3.090762e+01	1.517658e+16
9401	6.935235e+15	4.758955e+01	3.119702e+01	6.157091e+15
9402	6.935542e+15	4.760490e+01	2.954548e+01	2.171548e+16
9403	6.935858e+15	4.945688e+01	3.018425e+01	1.782439e+16
9404	6.936179e+15	5.191889e+01	2.994546e+01	1.001474e+16
9405	6.936499e+15	5.384826e+01	3.001174e+01	1.544056e+16
9406	6.936816e+15	5.439801e+01	2.921686e+01	1.377962e+16
9407	6.937142e+15	5.676568e+01	3.253432e+01	2.526656e+16
9408	6.937451e+15	5.235324e+01	3.099584e+01	1.047831e+16
9409	6.937761e+15	5.295673e+01	3.049724e+01	1.443346e+16
9410	6.938069e+15	5.447620e+01	3.167911e+01	2.089260e+16
9411	6.938376e+15	5.379452e+01	3.034686e+01	1.271997e+16
9412	6.938688e+15	5.161477e+01	2.900657e+01	2.327004e+16
9413	6.939009e+15	5.261335e+01	3.086621e+01	2.157259e+16
9414	6.939330e+15	5.308360e+01	3.158320e+01	1.380892e+16
9415	6.939642e+15	5.346920e+01	3.004680e+01	2.076991e+16
9416	6.939949e+15	5.752957e+01	3.095031e+01	2.995236e+16
9417	6.940241e+15	5.633718e+01	2.756226e+01	2.319758e+16
9418	6.940541e+15	5.448100e+01	2.742102e+01	4.763630e+16
9419	6.940845e+15	5.751056e+01	2.802710e+01	2.556410e+16
9420	6.941139e+15	5.575415e+01	2.614751e+01	2.249788e+16
9421	6.941434e+15	5.779350e+01	2.618335e+01	1.283868e+16
9422	6.941722e+15	6.163702e+01	2.615628e+01	1.472316e+16
9423	6.942004e+15	5.765687e+01	2.430448e+01	1.363920e+16
9424	6.942296e+15	5.453415e+01	2.468114e+01	1.979508e+16
9425	6.942594e+15	5.515692e+01	2.532019e+01	1.790807e+16
9426	6.942884e+15	5.444240e+01	2.490025e+01	2.219087e+16
9427	6.943174e+15	5.131948e+01	2.355592e+01	1.487104e+16
9428	6.943470e+15	5.132786e+01	2.313963e+01	2.011938e+16
9429	6.943766e+15	5.165665e+01	2.281489e+01	1.358701e+16
9430	6.944067e+15	5.177599e+01	2.201276e+01	1.981926e+16
9431	6.944371e+15	4.836067e+01	2.165662e+01	3.390142e+16
9432	6.944679e+15	4.808257e+01	2.217845e+01	1.381277e+16
9433	6.944985e+15	4.782338e+01	2.148823e+01	1.978164e+16
9434	6.945294e+15	4.379743e+01	2.010566e+01	1.384787e+16
9435	6.945618e+15	4.872749e+01	2.251368e+01	1.234678e+16
9436	6.945923e+15	4.080624e+01	1.735541e+01	3.479703e+15
9437	6.946260e+15	4.749969e+01	2.236524e+01	1.638851e+16
9438	6.946586e+15	4.955138e+01	2.263906e+01	2.160568e+16
9439	6.946903e+15	5.024770e+01	2.260681e+01	2.159111e+16
9440	6.947206e+15	4.432246e+01	1.840474e+01	1.185735e+16
9441	6.947522e+15	4.585400e+01	2.154316e+01	2.339852e+16
9442	6.947843e+15	4.997814e+01	2.287396e+01	2.338494e+16
9443	6.948140e+15	4.928893e+01	2.102687e+01	1.607622e+16
9444	6.948442e+15	5.625838e+01	2.329562e+01	2.352384e+16
9445	6.948723e+15	4.999520e+01	2.028598e+01	1.165556e+16
9446	6.949013e+15	5.277290e+01	2.168812e+01	1.515705e+16
9447	6.949298e+15	5.592278e+01	2.297187e+01	1.980627e+16
9448	6.949568e+15	4.448607e+01	1.638796e+01	2.677519e+16
9449	6.949869e+15	4.824916e+01	2.258267e+01	1.509759e+16
9450	6.950171e+15	4.864593e+01	2.379763e+01	1.540770e+16
9451	6.950462e+15	5.199922e+01	2.325240e+01	1.458259e+16
9452	6.950752e+15	5.698073e+01	2.477846e+01	1.597979e+16
9453	6.951030e+15	5.346641e+01	2.329067e+01	5.318699e+15
9454	6.951311e+15	5.870529e+01	2.537207e+01	1.000484e+16
9455	6.951573e+15	5.554779e+01	2.370662e+01	1.661941e+16
9456	6.951837e+15	5.461863e+01	2.334084e+01	1.761743e+16
9457	6.952103e+15	5.706339e+01	2.241132e+01	1.478660e+16
9458	6.952362e+15	5.171743e+01	2.111912e+01	2.339902e+16
9459	6.952638e+15	5.219171e+01	2.265317e+01	1.308575e+16
9460	6.952910e+15	5.261911e+01	2.290422e+01	1.608122e+16
9461	6.953181e+15	4.738496e+01	2.079176e+01	1.312087e+16
9462	6.953469e+15	4.983460e+01	2.254724e+01	1.520976e+16
9463	6.953753e+15	4.689616e+01	2.086116e+01	1.992719e+16
9464	6.954056e+15	5.074148e+01	2.371167e+01	2.349140e+16
9465	6.954358e+15	5.068560e+01	2.345305e+01	1.578376e+16
9466	6.954665e+15	5.499587e+01	2.484442e+01	1.413803e+16
9467	6.954956e+15	5.708669e+01	2.477087e+01	2.515403e+16
9468	6.955237e+15	5.621607e+01	2.513231e+01	6.222822e+15
9469	6.955509e+15	5.597385e+01	2.424819e+01	1.409931e+16
9470	6.955787e+15	5.648891e+01	2.499575e+01	1.691119e+16
9471	6.956059e+15	5.408260e+01	2.485827e+01	1.078515e+16
9472	6.956334e+15	5.721183e+01	2.567564e+01	9.163997e+15
9473	6.956602e+15	5.810766e+01	2.492042e+01	1.762526e+16
9474	6.956868e+15	5.982803e+01	2.579151e+01	1.998327e+16
9475	6.957130e+15	6.036382e+01	2.714628e+01	7.388905e+15
9476	6.957385e+15	5.303137e+01	2.394611e+01	6.956808e+15
9477	6.957654e+15	5.004404e+01	2.539712e+01	1.301037e+16
9478	6.957924e+15	4.821606e+01	2.657101e+01	1.908049e+16
9479	6.958190e+15	4.721218e+01	2.601085e+01	1.647494e+16
9480	6.958461e+15	5.243211e+01	2.713162e+01	5.708527e+15
9481	6.958730e+15	4.754356e+01	2.643196e+01	1.000504e+16
9482	6.959007e+15	4.758698e+01	2.758564e+01	1.218847e+16
9483	6.959281e+15	5.051511e+01	2.855705e+01	1.174920e+16
9484	6.959546e+15	5.097262e+01	2.619520e+01	1.171403e+16
9485	6.959825e+15	5.460879e+01	2.992047e+01	1.398692e+16
9486	6.960102e+15	5.108680e+01	2.795895e+01	1.487099e+16
9487	6.960393e+15	5.132765e+01	2.823539e+01	1.552458e+16
9488	6.960682e+15	5.287694e+01	2.957959e+01	1.282590e+16
9489	6.960963e+15	4.861755e+01	2.751148e+01	4.634060e+15
9490	6.961247e+15	4.947594e+01	2.589297e+01	8.880654e+14
9491	6.961534e+15	5.131185e+01	2.613431e+01	5.428420e+15
9492	6.961827e+15	5.447487e+01	2.738559e+01	1.415670e+16
9493	6.962117e+15	5.621109e+01	2.822361e+01	7.895937e+15
9494	6.962396e+15	5.340981e+01	2.738191e+01	1.675807e+16
9495	6.962674e+15	5.792827e+01	2.764692e+01	1.363611e+16
9496	6.962940e+15	6.170992e+01	2.856524e+01	8.740366e+15
9497	6.963191e+15	5.975436e+01	2.753994e+01	3.534076e+15
9498	6.963441e+15	5.911827e+01	2.699337e+01	1.072653e+16
9499	6.963690e+15	6.007397e+01	2.574480e+01	1.097620e+16
9500	6.963936e+15	5.773636e+01	2.418944e+01	5.187626e+15
9501	6.964199e+15	6.016098e+01	2.499741e+01	3.430637e+15
9502	6.964466e+15	5.941048e+01	2.369538e+01	6.655429e+15
9503	6.964742e+15	5.509000e+01	2.282857e+01	1.250480e+16
9504	6.965030e+15	5.782278e+01	2.614642e+01	1.107427e+16
9505	6.965319e+15	6.248274e+01	2.634928e+01	9.477750e+15
9506	6.965600e+15	6.240810e+01	2.564346e+01	1.380956e+16
9507	6.965884e+15	6.526880e+01	2.551069e+01	1.872935e+16
9508	6.966175e+15	6.863073e+01	2.573217e+01	1.287722e+16
9509	6.966460e+15	7.029074e+01	2.680058e+01	6.362831e+15
9510	6.966732e+15	6.837370e+01	2.681265e+01	1.280721e+16
9511	6.966999e+15	6.635856e+01	2.763640e+01	1.401958e+16
9512	6.967259e+15	6.718031e+01	2.662822e+01	2.024676e+16
9513	6.967521e+15	6.541827e+01	2.568375e+01	9.419760e+15
9514	6.967783e+15	6.362424e+01	2.604852e+01	2.010333e+16
9515	6.968049e+15	6.549700e+01	2.534849e+01	1.903475e+16
9516	6.968316e+15	5.968644e+01	2.410720e+01	1.061041e+16
9517	6.968603e+15	6.670489e+01	2.644100e+01	1.215054e+16
9518	6.968884e+15	6.093004e+01	2.508584e+01	9.577000e+15
9519	6.969178e+15	6.632047e+01	2.954318e+01	1.603355e+16
9520	6.969459e+15	5.904612e+01	2.730240e+01	9.550135e+15
9521	6.969750e+15	5.911700e+01	2.775887e+01	2.494581e+16
9522	6.970035e+15	5.642146e+01	2.684273e+01	1.333220e+16
9523	6.970323e+15	5.359219e+01	2.599502e+01	1.600453e+16
9524	6.970631e+15	5.728809e+01	2.939142e+01	1.645363e+16
9525	6.970926e+15	5.204696e+01	2.795430e+01	1.563522e+16
9526	6.971230e+15	5.485755e+01	2.966049e+01	3.536758e+16
9527	6.971528e+15	5.351811e+01	2.876870e+01	4.579380e+16
9528	6.971830e+15	5.678383e+01	3.097368e+01	5.507301e+16
9529	6.972123e+15	5.173384e+01	2.918203e+01	4.784062e+16
9530	6.972430e+15	5.472341e+01	3.076753e+01	4.993185e+16
9531	6.972736e+15	5.011339e+01	2.916608e+01	7.044636e+16
9532	6.973050e+15	5.051362e+01	3.296032e+01	7.964169e+16
9533	6.973352e+15	5.094496e+01	3.343529e+01	5.501958e+16
9534	6.973643e+15	4.905359e+01	3.148736e+01	3.269130e+16
9535	6.973937e+15	5.341314e+01	3.451268e+01	4.849601e+16
9536	6.974213e+15	5.111288e+01	3.180967e+01	2.289830e+16
9537	6.974495e+15	5.099780e+01	2.998478e+01	3.829987e+16
9538	6.974775e+15	5.284942e+01	3.052242e+01	3.053952e+16
9539	6.975050e+15	5.183911e+01	2.978716e+01	3.217697e+16
9540	6.975321e+15	4.797884e+01	2.710101e+01	2.348856e+16
9541	6.975608e+15	5.218240e+01	3.123127e+01	2.729933e+16
9542	6.975896e+15	5.910320e+01	3.292494e+01	2.883186e+16
9543	6.976169e+15	5.469126e+01	2.787898e+01	1.306361e+16
9544	6.976449e+15	5.977558e+01	3.250698e+01	2.197147e+16
9545	6.976718e+15	5.753981e+01	3.292101e+01	2.747739e+16
9546	6.976987e+15	5.823020e+01	3.333784e+01	3.006039e+16
9547	6.977254e+15	5.812395e+01	3.237059e+01	2.486795e+16
9548	6.977519e+15	5.558883e+01	2.831441e+01	3.916443e+16
9549	6.977797e+15	6.141777e+01	3.378204e+01	2.611991e+16
9550	6.978063e+15	5.597548e+01	3.164145e+01	2.194122e+16
9551	6.978343e+15	5.267567e+01	3.095201e+01	2.331385e+16
9552	6.978640e+15	5.786760e+01	3.643172e+01	2.686129e+16
9553	6.978916e+15	5.281842e+01	3.281178e+01	2.396346e+16
9554	6.979207e+15	5.814162e+01	3.699762e+01	3.373353e+16
9555	6.979487e+15	5.577859e+01	3.485739e+01	1.516474e+16
9556	6.979773e+15	5.634656e+01	3.470480e+01	2.427533e+16
9557	6.980059e+15	6.134344e+01	3.646516e+01	1.559269e+16
9558	6.980329e+15	6.097471e+01	3.289859e+01	2.563452e+16
9559	6.980599e+15	6.708543e+01	3.399838e+01	2.400748e+16
9560	6.980856e+15	6.517821e+01	2.937721e+01	4.730315e+16
9561	6.981122e+15	6.668877e+01	3.145961e+01	2.353920e+16
9562	6.981385e+15	6.986588e+01	3.377701e+01	2.748859e+16
9563	6.981634e+15	6.375070e+01	3.015285e+01	1.636645e+16
9564	6.981885e+15	5.592105e+01	3.095992e+01	2.055039e+16
9565	6.982152e+15	6.141379e+01	3.630946e+01	2.584451e+16
9566	6.982412e+15	5.705510e+01	3.475696e+01	3.336991e+16
9567	6.982684e+15	5.304492e+01	3.424082e+01	9.841193e+15
9568	6.982970e+15	5.538104e+01	3.405247e+01	4.258938e+16
9569	6.983254e+15	5.344728e+01	3.181299e+01	2.878271e+16
9570	6.983554e+15	6.047113e+01	3.452676e+01	3.594891e+16
9571	6.983852e+15	6.214989e+01	3.522066e+01	2.157293e+16
9572	6.984150e+15	6.283835e+01	3.675108e+01	3.174580e+16
9573	6.984433e+15	5.488637e+01	3.322885e+01	2.623689e+16
9574	6.984729e+15	5.739599e+01	3.578232e+01	3.371006e+16
9575	6.985015e+15	5.412560e+01	3.388036e+01	3.957360e+16
9576	6.985299e+15	5.959493e+01	3.510763e+01	3.831276e+16
9577	6.985572e+15	6.309379e+01	3.351065e+01	3.143237e+16
9578	6.985834e+15	5.916146e+01	2.970548e+01	2.744004e+16
9579	6.986108e+15	6.672585e+01	3.253351e+01	1.962890e+16
9580	6.986367e+15	5.254757e+01	2.901520e+01	3.235629e+16
9581	6.986644e+15	5.464638e+01	3.503011e+01	3.838282e+16
9582	6.986911e+15	5.003602e+01	3.242059e+01	3.190114e+16
9583	6.987183e+15	4.824818e+01	3.161729e+01	1.585391e+16
9584	6.987460e+15	5.195636e+01	3.349018e+01	2.110131e+16
9585	6.987731e+15	4.713016e+01	3.075115e+01	2.326795e+16
9586	6.988014e+15	4.617324e+01	3.234617e+01	2.049788e+16
9587	6.988295e+15	4.564431e+01	3.398000e+01	3.237741e+16
9588	6.988567e+15	4.604536e+01	3.391534e+01	1.866248e+16
9589	6.988835e+15	4.632435e+01	3.414447e+01	1.638847e+16
9590	6.989101e+15	4.575000e+01	3.338975e+01	2.451560e+16
9591	6.989369e+15	4.310307e+01	3.135051e+01	1.286621e+16
9592	6.989646e+15	4.239321e+01	3.073104e+01	1.440200e+16
9593	6.989931e+15	4.251306e+01	3.280632e+01	1.396802e+16
9594	6.990224e+15	4.545472e+01	3.450295e+01	4.550616e+16
9595	6.990511e+15	4.782369e+01	3.342180e+01	2.077258e+16
9596	6.990796e+15	4.988379e+01	3.221449e+01	2.446422e+16
9597	6.991083e+15	5.018161e+01	3.333689e+01	2.249957e+16
9598	6.991365e+15	5.308698e+01	3.399434e+01	1.865548e+16
9599	6.991637e+15	5.307129e+01	3.238437e+01	1.756197e+16
9600	6.991904e+15	4.948558e+01	2.955188e+01	2.888906e+16
9601	6.992186e+15	5.596073e+01	3.200198e+01	1.187908e+16
9602	6.992460e+15	5.502365e+01	3.076070e+01	1.929854e+16
9603	6.992732e+15	5.362584e+01	3.033221e+01	1.564761e+16
9604	6.993005e+15	5.515307e+01	3.134485e+01	2.359753e+16
9605	6.993273e+15	5.603724e+01	2.958770e+01	1.523108e+16
9606	6.993546e+15	5.884791e+01	3.010111e+01	1.439311e+16
9607	6.993814e+15	5.676408e+01	2.807861e+01	3.819482e+16
9608	6.994091e+15	6.181489e+01	2.960090e+01	4.651763e+16
9609	6.994360e+15	5.333225e+01	2.310766e+01	3.843501e+16
9610	6.994645e+15	5.725842e+01	2.582746e+01	2.634737e+16
9611	6.994928e+15	5.840755e+01	2.823818e+01	5.421870e+16
9612	6.995194e+15	5.451329e+01	2.514071e+01	3.406717e+16
9613	6.995474e+15	6.111968e+01	2.749026e+01	4.378603e+16
9614	6.995751e+15	6.059674e+01	2.856284e+01	3.615976e+16
9615	6.996028e+15	5.770750e+01	2.954167e+01	3.138122e+16
9616	6.996298e+15	5.403945e+01	2.884266e+01	2.575848e+16
9617	6.996569e+15	5.772995e+01	3.006386e+01	2.415375e+16
9618	6.996825e+15	5.118084e+01	2.836176e+01	4.522618e+16
9619	6.997089e+15	5.423958e+01	2.929124e+01	1.998303e+16
9620	6.997351e+15	5.339105e+01	2.795764e+01	1.700848e+16
9621	6.997622e+15	5.326804e+01	2.952976e+01	1.312377e+16
9622	6.997896e+15	5.221592e+01	2.915766e+01	3.141200e+16
9623	6.998176e+15	5.311378e+01	3.052513e+01	2.336797e+16
9624	6.998459e+15	5.054952e+01	3.119454e+01	2.807670e+16
9625	6.998747e+15	5.055706e+01	3.212539e+01	1.864928e+16
9626	6.999039e+15	5.009577e+01	3.230207e+01	2.805450e+16
9627	6.999328e+15	5.342340e+01	3.220946e+01	2.013896e+16
9628	6.999618e+15	5.865122e+01	3.456933e+01	2.867282e+16
9629	6.999892e+15	5.694538e+01	3.254595e+01	2.185688e+16
9630	7.000164e+15	5.850084e+01	3.444034e+01	1.278161e+16
9631	7.000423e+15	5.705308e+01	3.288763e+01	2.706601e+16
9632	7.000681e+15	5.759521e+01	3.303061e+01	1.896215e+16
9633	7.000937e+15	5.259035e+01	3.143816e+01	3.602843e+16
9634	7.001204e+15	5.992708e+01	3.650742e+01	8.488020e+15
9635	7.001450e+15	5.134339e+01	2.962275e+01	2.126539e+16
9636	7.001721e+15	5.955870e+01	3.438964e+01	2.264024e+16
9637	7.001984e+15	5.954412e+01	3.326087e+01	1.449141e+16
9638	7.002244e+15	5.758580e+01	3.223768e+01	3.356908e+16
9639	7.002508e+15	5.823025e+01	3.282728e+01	1.762412e+16
9640	7.002768e+15	5.763856e+01	3.353058e+01	2.586311e+16
9641	7.003024e+15	5.610644e+01	3.436460e+01	1.213947e+16
9642	7.003272e+15	5.233092e+01	3.116379e+01	2.018863e+16
9643	7.003530e+15	5.258100e+01	3.125048e+01	2.812480e+16
9644	7.003793e+15	5.077241e+01	3.243978e+01	2.432134e+16
9645	7.004055e+15	5.066688e+01	3.163182e+01	2.423831e+16
9646	7.004322e+15	4.530449e+01	2.999818e+01	2.094145e+16
9647	7.004595e+15	4.264517e+01	3.089264e+01	1.829931e+16
9648	7.004878e+15	4.524300e+01	3.377198e+01	2.575840e+16
9649	7.005148e+15	4.112117e+01	3.047108e+01	1.198481e+16
9650	7.005426e+15	4.776194e+01	3.373404e+01	2.169471e+16
9651	7.005686e+15	4.233131e+01	2.784230e+01	1.175681e+16
9652	7.005957e+15	4.820299e+01	3.046261e+01	1.922877e+16
9653	7.006229e+15	4.715251e+01	3.112603e+01	2.366793e+16
9654	7.006510e+15	4.948163e+01	3.311393e+01	2.966278e+16
9655	7.006783e+15	4.811332e+01	3.312866e+01	2.850417e+16
9656	7.007054e+15	4.526561e+01	3.256480e+01	2.957640e+16
9657	7.007336e+15	4.686489e+01	3.345056e+01	2.666505e+16
9658	7.007616e+15	4.708266e+01	3.164997e+01	2.261617e+16
9659	7.007905e+15	4.715998e+01	3.245077e+01	1.792746e+16
9660	7.008201e+15	4.908511e+01	3.445328e+01	2.465144e+16
9661	7.008490e+15	4.633225e+01	3.207052e+01	2.037918e+16
9662	7.008785e+15	4.804099e+01	3.056178e+01	2.388383e+16
9663	7.009084e+15	4.894796e+01	3.125781e+01	1.665534e+16
9664	7.009382e+15	4.945913e+01	3.071718e+01	8.379080e+15
9665	7.009679e+15	5.037485e+01	3.009374e+01	1.976243e+16
9666	7.009976e+15	5.109765e+01	3.007669e+01	1.671620e+16
9667	7.010273e+15	5.092237e+01	3.036255e+01	1.611264e+16
9668	7.010567e+15	5.176402e+01	2.984991e+01	1.072740e+16
9669	7.010861e+15	5.751480e+01	2.849719e+01	2.695288e+16
9670	7.011144e+15	5.908872e+01	2.770774e+01	1.761271e+16
9671	7.011423e+15	6.000097e+01	2.628852e+01	1.435619e+16
9672	7.011697e+15	6.255913e+01	2.734515e+01	1.157628e+16
9673	7.011967e+15	6.259954e+01	2.690820e+01	2.725954e+16
9674	7.012237e+15	6.177370e+01	2.682644e+01	2.741730e+16
9675	7.012502e+15	6.104672e+01	2.702289e+01	2.603732e+16
9676	7.012761e+15	5.888611e+01	2.655095e+01	3.324002e+16
9677	7.013020e+15	5.642472e+01	2.651672e+01	2.043511e+16
9678	7.013281e+15	5.323062e+01	2.618602e+01	3.695544e+16
9679	7.013550e+15	4.959014e+01	2.483938e+01	1.848406e+16
9680	7.013840e+15	4.982652e+01	2.515183e+01	3.582867e+16
9681	7.014143e+15	5.613799e+01	2.672560e+01	3.906497e+16
9682	7.014443e+15	5.935572e+01	2.711555e+01	2.996096e+16
9683	7.014730e+15	5.950328e+01	2.598713e+01	2.950685e+16
9684	7.015014e+15	6.299168e+01	2.536018e+01	2.901295e+16
9685	7.015294e+15	6.414668e+01	2.497810e+01	1.148317e+16
9686	7.015570e+15	5.988200e+01	2.329176e+01	3.655280e+16
9687	7.015854e+15	6.324646e+01	2.568010e+01	3.278272e+16
9688	7.016128e+15	6.373574e+01	2.616287e+01	2.298902e+16
9689	7.016392e+15	6.079595e+01	2.527939e+01	2.700653e+16
9690	7.016659e+15	5.860879e+01	2.535032e+01	1.674120e+16
9691	7.016935e+15	6.009530e+01	2.635842e+01	2.712900e+16
9692	7.017214e+15	5.668880e+01	2.532898e+01	2.164836e+16
9693	7.017506e+15	5.710730e+01	2.647622e+01	2.153983e+16
9694	7.017795e+15	6.401701e+01	2.854445e+01	2.105251e+16
9695	7.018076e+15	6.625016e+01	3.081038e+01	2.372794e+16
9696	7.018337e+15	5.900381e+01	2.849175e+01	8.089797e+15
9697	7.018604e+15	5.942954e+01	2.843088e+01	2.299006e+16
9698	7.018877e+15	6.246748e+01	2.990066e+01	2.609191e+16
9699	7.019137e+15	6.038865e+01	2.825998e+01	2.016952e+16
9700	7.019400e+15	6.332914e+01	2.908839e+01	1.400057e+16
9701	7.019664e+15	5.746044e+01	2.793901e+01	2.328397e+16
9702	7.019936e+15	6.203398e+01	3.072390e+01	1.035236e+16
9703	7.020197e+15	5.933598e+01	2.956470e+01	7.649788e+15
9704	7.020462e+15	5.850094e+01	3.030899e+01	2.999528e+16
9705	7.020728e+15	5.176361e+01	2.864191e+01	1.420649e+16
9706	7.021000e+15	4.884269e+01	2.785330e+01	1.435423e+16
9707	7.021290e+15	5.688113e+01	3.275014e+01	2.596019e+16
9708	7.021561e+15	4.859958e+01	2.923479e+01	3.157847e+16
9709	7.021846e+15	5.695348e+01	3.328777e+01	2.008116e+16
9710	7.022112e+15	5.498486e+01	3.005250e+01	1.994232e+16
9711	7.022379e+15	5.520936e+01	3.031066e+01	1.973295e+16
9712	7.022646e+15	5.760566e+01	3.211772e+01	2.921874e+16
9713	7.022903e+15	5.823415e+01	2.853400e+01	1.626733e+16
9714	7.023165e+15	6.166678e+01	2.989938e+01	2.342269e+16
9715	7.023426e+15	6.515717e+01	3.204035e+01	2.826047e+16
9716	7.023679e+15	6.286152e+01	2.963753e+01	2.732995e+16
9717	7.023935e+15	6.300956e+01	3.039427e+01	8.285255e+15
9718	7.024189e+15	6.423061e+01	3.027456e+01	1.196225e+16
9719	7.024446e+15	6.289265e+01	3.030614e+01	2.041296e+16
9720	7.024707e+15	6.376512e+01	3.090108e+01	1.356958e+16
9721	7.024969e+15	6.304326e+01	3.055431e+01	1.244101e+16
9722	7.025237e+15	6.324270e+01	3.156019e+01	1.261141e+16
9723	7.025498e+15	5.508027e+01	2.833524e+01	3.436910e+16
9724	7.025771e+15	5.516808e+01	3.150382e+01	2.287649e+16
9725	7.026044e+15	5.809787e+01	3.187824e+01	1.017899e+16
9726	7.026314e+15	5.842186e+01	3.184451e+01	1.454453e+16
9727	7.026586e+15	5.721323e+01	3.279590e+01	2.504353e+16
9728	7.026855e+15	5.453759e+01	3.052209e+01	1.448753e+16
9729	7.027136e+15	6.033540e+01	3.037885e+01	3.310996e+16
9730	7.027408e+15	5.727227e+01	2.895005e+01	9.453382e+15
9731	7.027687e+15	5.643854e+01	3.057563e+01	2.638044e+16
9732	7.027964e+15	5.455756e+01	2.886555e+01	1.800588e+16
9733	7.028253e+15	5.229520e+01	2.905174e+01	2.790098e+16
9734	7.028554e+15	5.611467e+01	3.130808e+01	1.859816e+16
9735	7.028847e+15	5.638531e+01	3.109380e+01	3.208731e+16
9736	7.029137e+15	6.110476e+01	3.273508e+01	2.610113e+16
9737	7.029417e+15	6.139201e+01	3.217678e+01	1.173706e+16
9738	7.029694e+15	6.085392e+01	3.284406e+01	2.520433e+16
9739	7.029970e+15	6.059164e+01	3.477553e+01	8.983319e+15
9740	7.030233e+15	5.383719e+01	3.186591e+01	1.407214e+16
9741	7.030505e+15	6.047756e+01	3.635230e+01	2.475400e+16
9742	7.030757e+15	5.044900e+01	2.836037e+01	3.007452e+16
9743	7.031031e+15	5.768950e+01	3.284091e+01	1.775397e+16
9744	7.031293e+15	5.707169e+01	3.239966e+01	1.195508e+16
9745	7.031565e+15	5.707767e+01	3.190488e+01	2.680359e+16
9746	7.031850e+15	5.964012e+01	3.466878e+01	1.413390e+16
9747	7.032127e+15	5.956901e+01	3.498807e+01	1.855325e+16
9748	7.032394e+15	6.069872e+01	3.584008e+01	1.508598e+16
9749	7.032652e+15	6.245174e+01	3.614383e+01	3.360615e+16
9750	7.032902e+15	5.471667e+01	3.308046e+01	1.094134e+16
9751	7.033173e+15	5.509727e+01	3.629098e+01	1.788450e+16
9752	7.033444e+15	5.442489e+01	3.653667e+01	1.988840e+16
9753	7.033713e+15	5.006375e+01	3.301739e+01	2.129904e+16
9754	7.034006e+15	5.265297e+01	3.305483e+01	1.652335e+16
9755	7.034308e+15	5.295517e+01	3.280817e+01	1.826738e+16
9756	7.034627e+15	5.683654e+01	3.662695e+01	1.765701e+16
9757	7.034934e+15	5.539150e+01	3.625894e+01	1.663088e+16
9758	7.035237e+15	5.573844e+01	3.742554e+01	1.439580e+16
9759	7.035536e+15	6.129888e+01	3.841811e+01	3.627569e+16
9760	7.035825e+15	6.792106e+01	4.055254e+01	2.454118e+16
9761	7.036087e+15	6.601012e+01	3.607046e+01	1.639876e+16
9762	7.036353e+15	6.782837e+01	3.536027e+01	2.317906e+16
9763	7.036617e+15	7.032193e+01	3.654259e+01	1.542313e+16
9764	7.036868e+15	6.752120e+01	3.356386e+01	1.017620e+16
9765	7.037117e+15	6.238795e+01	3.365425e+01	2.516321e+16
9766	7.037380e+15	6.265160e+01	3.536441e+01	1.651821e+16
9767	7.037643e+15	6.264242e+01	3.705631e+01	1.421707e+16
9768	7.037902e+15	5.242288e+01	3.225825e+01	1.115095e+16
9769	7.038190e+15	6.435018e+01	3.981758e+01	1.079855e+16
9770	7.038454e+15	5.952193e+01	3.382798e+01	1.418250e+16
9771	7.038727e+15	5.586871e+01	2.950718e+01	1.370442e+16
9772	7.039023e+15	5.997134e+01	3.373810e+01	1.599615e+16
9773	7.039318e+15	5.591822e+01	3.141040e+01	9.631533e+15
9774	7.039632e+15	5.821672e+01	3.383847e+01	1.833071e+16
9775	7.039945e+15	6.754344e+01	3.753531e+01	1.534453e+16
9776	7.040228e+15	6.243561e+01	3.495086e+01	8.692369e+15
9777	7.040509e+15	5.876395e+01	3.191517e+01	1.399868e+16
9778	7.040795e+15	5.520889e+01	3.271149e+01	1.126218e+16
9779	7.041095e+15	5.830366e+01	3.370569e+01	7.624315e+15
9780	7.041388e+15	6.309268e+01	3.427833e+01	1.555138e+16
9781	7.041665e+15	6.078324e+01	3.175732e+01	1.775939e+16
9782	7.041950e+15	6.300859e+01	3.040812e+01	1.450421e+16
9783	7.042234e+15	6.502338e+01	3.058477e+01	7.548537e+15
9784	7.042524e+15	6.838571e+01	3.225081e+01	2.069596e+16
9785	7.042812e+15	6.918944e+01	3.257510e+01	1.948173e+16
9786	7.043089e+15	6.999445e+01	2.606745e+01	2.093411e+16
9787	7.043361e+15	6.925528e+01	2.283147e+01	1.730576e+16
9788	7.043638e+15	7.076318e+01	2.426560e+01	2.075466e+16
9789	7.043915e+15	6.433131e+01	2.348335e+01	1.100441e+16
9790	7.044204e+15	6.395019e+01	2.529051e+01	2.405833e+16
9791	7.044492e+15	6.241088e+01	2.834757e+01	1.349913e+16
9792	7.044767e+15	5.324671e+01	2.695804e+01	8.170100e+15
9793	7.045056e+15	5.180789e+01	2.880217e+01	3.317048e+16
9794	7.045349e+15	5.117789e+01	3.091001e+01	1.352728e+16
9795	7.045637e+15	4.686560e+01	2.734925e+01	1.564211e+16
9796	7.045940e+15	5.090565e+01	2.887272e+01	2.459678e+16
9797	7.046244e+15	5.416029e+01	2.985229e+01	1.469624e+16
9798	7.046535e+15	5.545321e+01	3.029370e+01	1.450254e+16
9799	7.046822e+15	5.417500e+01	2.933103e+01	1.586138e+16
9800	7.047115e+15	5.802580e+01	2.936505e+01	1.837476e+16
9801	7.047407e+15	6.161501e+01	2.938752e+01	2.203975e+16
9802	7.047692e+15	5.865104e+01	2.848507e+01	7.228551e+15
9803	7.047981e+15	6.018413e+01	2.791875e+01	1.779862e+16
9804	7.048268e+15	5.580857e+01	2.504912e+01	1.216429e+16
9805	7.048564e+15	6.352820e+01	2.699396e+01	1.168229e+16
9806	7.048864e+15	6.435725e+01	2.610630e+01	9.494252e+15
9807	7.049161e+15	5.486886e+01	2.178836e+01	1.465963e+16
9808	7.049487e+15	6.322887e+01	2.677183e+01	2.090811e+16
9809	7.049803e+15	6.431396e+01	2.526110e+01	1.820969e+16
9810	7.050112e+15	6.419117e+01	2.404518e+01	1.245883e+16
9811	7.050423e+15	6.305426e+01	2.376483e+01	6.382549e+15
9812	7.050740e+15	6.644701e+01	2.542765e+01	3.890431e+15
9813	7.051047e+15	6.576153e+01	2.447075e+01	9.575457e+15
9814	7.051354e+15	6.624263e+01	2.524805e+01	1.595830e+16
9815	7.051647e+15	4.870669e+01	1.766253e+01	2.428433e+16
9816	7.051993e+15	5.842827e+01	2.450676e+01	9.660507e+15
9817	7.052328e+15	5.505318e+01	2.436164e+01	1.452569e+16
9818	7.052670e+15	5.296088e+01	2.515376e+01	1.880473e+16
9819	7.053017e+15	5.534222e+01	2.817803e+01	1.966133e+16
9820	7.053341e+15	4.967789e+01	2.592900e+01	2.308428e+16
9821	7.053676e+15	5.495531e+01	2.602996e+01	1.185109e+16
9822	7.054002e+15	5.796137e+01	2.548383e+01	9.264062e+15
9823	7.054316e+15	5.760767e+01	2.477073e+01	1.256652e+16
9824	7.054629e+15	6.255513e+01	2.638423e+01	1.158303e+16
9825	7.054938e+15	6.223440e+01	2.589064e+01	8.856273e+15
9826	7.055240e+15	6.073847e+01	2.492978e+01	2.146783e+16
9827	7.055538e+15	6.081210e+01	2.562730e+01	1.978756e+16
9828	7.055835e+15	6.085952e+01	2.565770e+01	2.502867e+16
9829	7.056127e+15	6.157111e+01	2.576369e+01	1.094106e+16
9830	7.056416e+15	6.403525e+01	2.632675e+01	8.967284e+15
9831	7.056701e+15	6.248962e+01	2.551714e+01	2.548997e+16
9832	7.056985e+15	5.904701e+01	2.403676e+01	1.283839e+16
9833	7.057268e+15	5.708399e+01	2.383864e+01	1.222476e+16
9834	7.057551e+15	5.472638e+01	2.187384e+01	9.759665e+15
9835	7.057842e+15	5.365742e+01	2.342771e+01	1.493759e+16
9836	7.058131e+15	5.007988e+01	2.195509e+01	1.093147e+16
9837	7.058428e+15	5.041321e+01	2.217668e+01	1.047766e+16
9838	7.058724e+15	4.901098e+01	2.089696e+01	1.291813e+16
9839	7.059027e+15	4.456609e+01	2.024851e+01	1.737687e+16
9840	7.059347e+15	4.356013e+01	1.868554e+01	1.877140e+16
9841	7.059682e+15	4.751510e+01	2.105857e+01	9.733531e+15
9842	7.060026e+15	5.548696e+01	2.370868e+01	1.094515e+16
9843	7.060352e+15	5.448969e+01	2.258139e+01	2.002778e+16
9844	7.060687e+15	6.449522e+01	2.500578e+01	1.530861e+16
9845	7.060991e+15	5.755934e+01	2.130590e+01	6.533758e+15
9846	7.061300e+15	6.310498e+01	2.343525e+01	2.030516e+16
9847	7.061590e+15	5.444740e+01	1.988385e+01	1.263501e+16
9848	7.061890e+15	5.390806e+01	2.044815e+01	1.556347e+16
9849	7.062196e+15	6.276826e+01	2.282590e+01	2.046850e+16
9850	7.062475e+15	5.132636e+01	1.849520e+01	1.634663e+16
9851	7.062770e+15	5.384578e+01	2.038675e+01	1.828246e+16
9852	7.063059e+15	5.243264e+01	1.862542e+01	1.226700e+16
9853	7.063351e+15	5.021333e+01	1.835322e+01	1.643517e+16
9854	7.063656e+15	5.399987e+01	2.026328e+01	5.410555e+15
9855	7.063954e+15	5.065790e+01	2.041565e+01	7.437261e+15
9856	7.064256e+15	4.956665e+01	2.173990e+01	1.505468e+16
9857	7.064559e+15	4.451087e+01	2.047532e+01	2.244616e+16
9858	7.064882e+15	4.480521e+01	2.107024e+01	1.482548e+16
9859	7.065216e+15	4.644466e+01	2.175503e+01	1.803208e+16
9860	7.065543e+15	4.390084e+01	2.080872e+01	1.790955e+16
9861	7.065888e+15	5.170389e+01	2.499525e+01	1.965115e+16
9862	7.066201e+15	4.608065e+01	2.232029e+01	1.943860e+16
9863	7.066521e+15	4.982771e+01	2.435502e+01	1.831808e+16
9864	7.066825e+15	4.904670e+01	2.425608e+01	1.533624e+16
9865	7.067122e+15	4.911840e+01	2.516086e+01	1.137048e+16
9866	7.067416e+15	4.868098e+01	2.480279e+01	2.086109e+16
9867	7.067710e+15	4.972418e+01	2.455601e+01	4.007622e+16
9868	7.068002e+15	4.932489e+01	2.410766e+01	3.396478e+16
9869	7.068297e+15	4.737567e+01	2.461202e+01	2.923223e+16
9870	7.068596e+15	4.929057e+01	2.529667e+01	4.190242e+16
9871	7.068888e+15	4.720239e+01	2.499067e+01	8.122914e+16
9872	7.069181e+15	4.711304e+01	2.606695e+01	8.615930e+16
9873	7.069471e+15	4.559604e+01	2.422054e+01	4.266798e+16
9874	7.069769e+15	4.602782e+01	2.382102e+01	7.448597e+16
9875	7.070070e+15	4.606245e+01	2.355657e+01	3.646676e+16
9876	7.070375e+15	4.696076e+01	2.347632e+01	4.847382e+16
9877	7.070682e+15	4.713453e+01	2.346522e+01	4.026743e+16
9878	7.070990e+15	4.812323e+01	2.392085e+01	3.648306e+16
9879	7.071294e+15	4.545812e+01	2.134331e+01	3.127495e+16
9880	7.071610e+15	4.436688e+01	2.219175e+01	5.120327e+16
9881	7.071932e+15	4.447273e+01	2.256233e+01	4.062434e+16
9882	7.072254e+15	4.527170e+01	2.401409e+01	3.174495e+16
9883	7.072565e+15	4.308635e+01	2.223835e+01	4.783342e+16
9884	7.072889e+15	4.251035e+01	2.268282e+01	4.050372e+16
9885	7.073223e+15	4.132400e+01	2.233835e+01	3.277114e+16
9886	7.073564e+15	4.102924e+01	2.222024e+01	5.603276e+16
9887	7.073921e+15	4.277721e+01	2.390111e+01	3.684396e+16
9888	7.074280e+15	4.335288e+01	2.489702e+01	5.050089e+16
9889	7.074630e+15	3.799742e+01	2.274728e+01	4.731380e+16
9890	7.075008e+15	4.008978e+01	2.642959e+01	5.591828e+16
9891	7.075376e+15	3.952221e+01	2.714719e+01	4.899952e+16
9892	7.075735e+15	3.559020e+01	2.684512e+01	4.054763e+16
9893	7.076104e+15	3.680411e+01	2.936882e+01	3.700182e+16
9894	7.076455e+15	3.332303e+01	2.811549e+01	5.202784e+16
9895	7.076809e+15	3.753039e+01	2.852530e+01	4.415087e+16
9896	7.077150e+15	3.780793e+01	2.679181e+01	1.340656e+16
9897	7.077490e+15	4.109198e+01	2.789194e+01	4.095190e+16
9898	7.077826e+15	4.198968e+01	2.791255e+01	4.722438e+16
9899	7.078159e+15	3.938613e+01	2.689209e+01	3.450383e+16
9900	7.078498e+15	4.050729e+01	2.770683e+01	3.081649e+16
9901	7.078835e+15	3.902673e+01	2.736563e+01	4.051570e+16
9902	7.079173e+15	4.048034e+01	2.837805e+01	3.476404e+16
9903	7.079506e+15	3.934644e+01	2.676886e+01	2.527440e+16
9904	7.079852e+15	3.848467e+01	2.801450e+01	4.264803e+16
9905	7.080202e+15	3.920551e+01	2.931953e+01	3.424924e+16
9906	7.080549e+15	3.983332e+01	2.989167e+01	2.789282e+16
9907	7.080890e+15	3.860979e+01	2.865766e+01	3.129723e+16
9908	7.081242e+15	3.903330e+01	2.979799e+01	2.654535e+16
9909	7.081598e+15	4.042672e+01	3.069294e+01	4.219550e+16
9910	7.081947e+15	4.227315e+01	3.081708e+01	1.774058e+16
9911	7.082286e+15	4.220846e+01	2.894638e+01	3.314964e+16
9912	7.082620e+15	4.163580e+01	2.916853e+01	2.982090e+16
9913	7.082948e+15	4.141393e+01	2.881720e+01	2.953219e+16
9914	7.083274e+15	4.384402e+01	2.953461e+01	2.057393e+16
9915	7.083591e+15	3.896875e+01	2.588284e+01	1.599007e+16
9916	7.083916e+15	3.769952e+01	2.648857e+01	2.089769e+16
9917	7.084247e+15	3.711679e+01	2.828355e+01	1.855743e+16
9918	7.084582e+15	3.715025e+01	2.950876e+01	2.857857e+16
9919	7.084918e+15	3.343442e+01	2.702421e+01	2.465536e+16
9920	7.085277e+15	3.716097e+01	2.984540e+01	3.571438e+16
9921	7.085637e+15	3.932181e+01	3.107206e+01	2.299691e+16
9922	7.085990e+15	3.630164e+01	2.780045e+01	3.302777e+16
9923	7.086363e+15	4.106612e+01	3.191087e+01	1.210605e+16
9924	7.086720e+15	4.048108e+01	3.013664e+01	3.541345e+16
9925	7.087075e+15	4.294322e+01	3.052141e+01	3.538930e+16
9926	7.087423e+15	4.367133e+01	3.027290e+01	1.980454e+16
9927	7.087766e+15	4.014452e+01	3.035604e+01	2.913062e+16
9928	7.088115e+15	4.286037e+01	3.351274e+01	2.467341e+16
9929	7.088446e+15	4.095086e+01	3.053696e+01	1.558373e+16
9930	7.088779e+15	3.747978e+01	2.971310e+01	3.383508e+16
9931	7.089135e+15	3.911432e+01	3.298157e+01	2.419903e+16
9932	7.089493e+15	3.737086e+01	3.230718e+01	3.018864e+16
9933	7.089861e+15	4.400998e+01	3.544645e+01	3.751843e+16
9934	7.090203e+15	4.422780e+01	3.254449e+01	2.719791e+16
9935	7.090539e+15	4.502252e+01	3.261258e+01	3.136102e+16
9936	7.090869e+15	4.459853e+01	3.308771e+01	2.437680e+16
9937	7.091194e+15	4.157504e+01	3.170320e+01	4.113741e+16
9938	7.091524e+15	4.368257e+01	3.452205e+01	3.364656e+16
9939	7.091838e+15	3.789193e+01	3.100354e+01	2.121485e+16
9940	7.092169e+15	4.196830e+01	3.506610e+01	2.729602e+16
9941	7.092489e+15	3.344345e+01	2.877678e+01	2.068712e+16
9942	7.092861e+15	3.667226e+01	3.392445e+01	2.801448e+16
9943	7.093236e+15	3.378962e+01	3.071268e+01	2.847547e+16
9944	7.093638e+15	3.600914e+01	3.530932e+01	2.994469e+16
9945	7.094041e+15	4.073995e+01	3.824960e+01	1.303926e+16
9946	7.094413e+15	4.371359e+01	3.634415e+01	2.264676e+16
9947	7.094766e+15	4.505028e+01	3.678575e+01	2.891323e+16
9948	7.095098e+15	4.428478e+01	3.494829e+01	3.358797e+16
9949	7.095427e+15	4.765918e+01	3.736639e+01	2.076533e+16
9950	7.095735e+15	4.573491e+01	3.617707e+01	1.385164e+16
9951	7.096036e+15	4.709808e+01	3.772306e+01	1.882231e+16
9952	7.096323e+15	3.749715e+01	3.427499e+01	2.840898e+16
9953	7.096629e+15	4.009844e+01	3.923468e+01	1.972141e+16
9954	7.096926e+15	4.054092e+01	3.834890e+01	2.158971e+16
9955	7.097224e+15	4.006740e+01	3.657984e+01	2.737920e+16
9956	7.097537e+15	4.331577e+01	4.012255e+01	2.681572e+16
9957	7.097842e+15	3.953096e+01	3.821377e+01	2.343650e+16
9958	7.098154e+15	4.252416e+01	4.175777e+01	2.108976e+16
9959	7.098451e+15	3.898174e+01	3.754855e+01	2.359090e+16
9960	7.098756e+15	4.255017e+01	4.041138e+01	1.572188e+16
9961	7.099057e+15	4.302825e+01	4.191527e+01	1.891830e+16
9962	7.099350e+15	4.227700e+01	3.980596e+01	2.195496e+16
9963	7.099643e+15	4.193884e+01	4.043945e+01	1.142434e+16
9964	7.099935e+15	4.117817e+01	4.038235e+01	2.609895e+16
9965	7.100220e+15	3.861265e+01	3.771367e+01	3.952672e+16
9966	7.100512e+15	3.792155e+01	3.660565e+01	2.137319e+16
9967	7.100812e+15	2.900608e+01	2.740494e+01	1.354570e+16
9968	7.101168e+15	3.927565e+01	3.804914e+01	1.873229e+16
9969	7.101509e+15	4.106408e+01	4.096570e+01	2.330657e+16
9970	7.101818e+15	3.703736e+01	3.348071e+01	3.077478e+16
9971	7.102149e+15	4.670320e+01	4.025353e+01	6.617763e+16
9972	7.102448e+15	4.288715e+01	3.486545e+01	5.446784e+16
9973	7.102753e+15	4.355106e+01	3.627490e+01	3.045552e+16
9974	7.103053e+15	4.361708e+01	3.501270e+01	3.357264e+16
9975	7.103350e+15	4.223129e+01	3.512182e+01	2.238158e+16
9976	7.103646e+15	4.444965e+01	3.760250e+01	2.447669e+16
9977	7.103931e+15	4.159968e+01	3.486735e+01	4.463470e+16
9978	7.104230e+15	4.150081e+01	3.706033e+01	2.463864e+16
9979	7.104530e+15	3.882053e+01	3.680010e+01	3.411373e+16
9980	7.104837e+15	3.923273e+01	3.721002e+01	3.875365e+16
9981	7.105148e+15	3.399487e+01	3.513492e+01	3.850555e+16
9982	7.105474e+15	3.657604e+01	3.662493e+01	5.844644e+16
9983	7.105807e+15	4.320857e+01	4.175718e+01	2.462906e+16
9984	7.106113e+15	3.481872e+01	3.434266e+01	4.706225e+16
9985	7.106446e+15	3.912903e+01	3.697970e+01	3.902126e+16
9986	7.106762e+15	3.734020e+01	3.357881e+01	2.187085e+16
9987	7.107081e+15	3.716090e+01	3.256854e+01	2.366652e+16
9988	7.107412e+15	3.925246e+01	3.407467e+01	2.940940e+16
9989	7.107743e+15	3.875788e+01	3.369208e+01	3.047261e+16
9990	7.108072e+15	3.978180e+01	3.344032e+01	3.147184e+16
9991	7.108401e+15	4.137115e+01	3.312375e+01	2.577696e+16
9992	7.108720e+15	4.113033e+01	3.315261e+01	2.726230e+16
9993	7.109039e+15	4.223797e+01	3.370682e+01	2.601285e+16
9994	7.109355e+15	4.135424e+01	3.350285e+01	2.323753e+16
9995	7.109671e+15	4.170580e+01	3.365249e+01	2.591673e+16
9996	7.109984e+15	4.224306e+01	3.394821e+01	2.757294e+16
9997	7.110294e+15	4.240759e+01	3.417552e+01	3.206183e+16
9998	7.110605e+15	4.222706e+01	3.256252e+01	1.864050e+16
9999	7.110929e+15	4.768786e+01	3.460112e+01	3.876949e+16
10000	7.111248e+15	4.616565e+01	3.193839e+01	2.934050e+16
10001	7.111575e+15	5.020300e+01	3.522640e+01	2.373082e+16
10002	7.111886e+15	5.099362e+01	3.357343e+01	2.563732e+16
10003	7.112190e+15	5.023525e+01	3.163361e+01	2.400745e+16
10004	7.112493e+15	5.226998e+01	3.397105e+01	3.722870e+16
10005	7.112786e+15	5.020839e+01	3.335742e+01	3.384856e+16
10006	7.113074e+15	4.935705e+01	3.354836e+01	2.019154e+16
10007	7.113359e+15	4.815660e+01	3.262730e+01	3.394388e+16
10008	7.113650e+15	4.841819e+01	3.363474e+01	3.082470e+16
10009	7.113938e+15	4.696814e+01	3.185112e+01	3.624820e+16
10010	7.114236e+15	4.832228e+01	3.343600e+01	2.095996e+16
10011	7.114533e+15	4.674166e+01	3.193071e+01	3.498954e+16
10012	7.114840e+15	4.486973e+01	3.171540e+01	1.867890e+16
10013	7.115161e+15	4.484656e+01	3.258136e+01	3.995692e+16
10014	7.115487e+15	4.487618e+01	3.327066e+01	3.298104e+16
10015	7.115813e+15	4.442953e+01	3.401241e+01	2.126723e+16
10016	7.116136e+15	4.232816e+01	3.269804e+01	1.544190e+16
10017	7.116466e+15	3.897735e+01	3.292957e+01	2.508957e+16
10018	7.116806e+15	4.136664e+01	3.425596e+01	4.436872e+16
10019	7.117145e+15	3.882543e+01	3.085054e+01	2.757941e+16
10020	7.117514e+15	4.371304e+01	3.361015e+01	5.109758e+16
10021	7.117878e+15	4.515623e+01	3.332583e+01	3.549031e+16
10022	7.118242e+15	4.726989e+01	3.678096e+01	4.217982e+16
10023	7.118584e+15	4.416070e+01	3.413727e+01	2.834203e+16
10024	7.118928e+15	4.330318e+01	3.412835e+01	3.649151e+16
10025	7.119271e+15	4.886270e+01	3.801078e+01	3.589373e+16
10026	7.119587e+15	4.450905e+01	3.355319e+01	2.695376e+16
10027	7.119913e+15	4.828559e+01	3.646993e+01	3.139305e+16
10028	7.120221e+15	4.598025e+01	3.288733e+01	2.281763e+16
10029	7.120541e+15	4.774458e+01	3.301154e+01	4.963060e+16
10030	7.120869e+15	5.099319e+01	3.468719e+01	4.963190e+16
10031	7.121184e+15	4.976507e+01	3.242072e+01	3.561534e+16
10032	7.121501e+15	5.310418e+01	3.372013e+01	2.273293e+16
10033	7.121808e+15	5.109863e+01	3.256870e+01	2.712430e+16
10034	7.122116e+15	5.100032e+01	3.324528e+01	1.095626e+16
10035	7.122422e+15	5.017464e+01	3.422865e+01	1.676302e+16
10036	7.122724e+15	4.896883e+01	3.314276e+01	3.386505e+16
10037	7.123026e+15	5.012255e+01	3.418397e+01	1.024389e+16
10038	7.123321e+15	4.758476e+01	3.432099e+01	2.096734e+16
10039	7.123616e+15	3.951132e+01	3.239639e+01	3.043448e+16
10040	7.123928e+15	4.120689e+01	3.317967e+01	2.454767e+16
10041	7.124252e+15	4.874717e+01	3.955705e+01	2.386912e+16
10042	7.124542e+15	3.774247e+01	2.737239e+01	1.267695e+16
10043	7.124868e+15	4.729670e+01	3.405377e+01	1.706098e+16
10044	7.125177e+15	3.770330e+01	2.701370e+01	3.384098e+16
10045	7.125537e+15	4.598464e+01	3.456672e+01	4.004419e+16
10046	7.125879e+15	4.475337e+01	3.195561e+01	3.613291e+16
10047	7.126214e+15	4.583411e+01	3.380211e+01	2.162658e+16
10048	7.126532e+15	3.810563e+01	2.907788e+01	3.000772e+16
10049	7.126877e+15	3.973393e+01	3.232436e+01	2.922458e+16
10050	7.127226e+15	4.038378e+01	3.295593e+01	3.577742e+16
10051	7.127576e+15	3.918733e+01	3.228638e+01	2.044951e+16
10052	7.127940e+15	4.231104e+01	3.554951e+01	3.543624e+16
10053	7.128305e+15	4.689102e+01	4.075892e+01	3.313432e+16
10054	7.128641e+15	4.543310e+01	3.648719e+01	2.540822e+16
10055	7.128988e+15	4.995937e+01	4.047305e+01	3.161987e+16
10056	7.129324e+15	5.069827e+01	4.122423e+01	1.570835e+16
10057	7.129649e+15	5.331293e+01	4.318502e+01	1.926721e+16
10058	7.129956e+15	5.164447e+01	4.110306e+01	4.022668e+16
10059	7.130257e+15	5.414912e+01	4.001479e+01	3.182883e+16
10060	7.130551e+15	5.332315e+01	3.827987e+01	3.520252e+16
10061	7.130844e+15	5.446524e+01	3.871426e+01	2.491525e+16
10062	7.131132e+15	5.312912e+01	3.751295e+01	3.309089e+16
10063	7.131423e+15	4.992773e+01	3.572271e+01	2.182566e+16
10064	7.131723e+15	5.131416e+01	3.795577e+01	2.362090e+16
10065	7.132025e+15	5.231346e+01	3.669481e+01	2.488649e+16
10066	7.132330e+15	4.966774e+01	3.431509e+01	3.398645e+16
10067	7.132656e+15	5.591942e+01	3.804528e+01	3.181485e+16
10068	7.132971e+15	5.329636e+01	3.598511e+01	1.521595e+16
10069	7.133283e+15	5.083880e+01	3.684460e+01	2.660178e+16
10070	7.133588e+15	5.047455e+01	3.671638e+01	3.185611e+16
10071	7.133889e+15	4.885706e+01	3.458072e+01	3.525967e+16
10072	7.134193e+15	4.713317e+01	3.526321e+01	3.055120e+16
10073	7.134495e+15	4.182638e+01	3.246161e+01	3.125694e+16
10074	7.134818e+15	4.261675e+01	3.319099e+01	4.010413e+16
10075	7.135158e+15	4.176980e+01	3.281036e+01	2.938777e+16
10076	7.135515e+15	4.294726e+01	3.364319e+01	3.248617e+16
10077	7.135871e+15	4.487513e+01	3.527250e+01	3.937056e+16
10078	7.136218e+15	4.344156e+01	3.474316e+01	3.756297e+16
10079	7.136564e+15	4.323259e+01	3.532201e+01	3.860119e+16
10080	7.136908e+15	4.449680e+01	3.701699e+01	4.160199e+16
10081	7.137238e+15	4.821214e+01	3.716964e+01	4.634087e+16
10082	7.137558e+15	4.928997e+01	3.773345e+01	5.495186e+16
10083	7.137867e+15	4.805147e+01	3.663649e+01	4.742491e+16
10084	7.138175e+15	4.870272e+01	3.646860e+01	3.563263e+16
10085	7.138482e+15	5.196536e+01	3.774788e+01	2.625309e+16
10086	7.138780e+15	5.121309e+01	3.465519e+01	2.779542e+16
10087	7.139072e+15	5.141987e+01	3.466763e+01	2.484531e+16
10088	7.139358e+15	4.640268e+01	3.056253e+01	1.142517e+16
10089	7.139664e+15	5.154407e+01	3.308037e+01	4.112141e+16
10090	7.139968e+15	5.257637e+01	3.232172e+01	2.624749e+16
10091	7.140271e+15	5.581703e+01	3.394040e+01	4.549361e+16
10092	7.140564e+15	5.392831e+01	3.450555e+01	3.590316e+16
10093	7.140849e+15	5.224139e+01	3.367484e+01	2.359046e+16
10094	7.141134e+15	5.332005e+01	3.422267e+01	4.628714e+16
10095	7.141416e+15	5.024902e+01	3.325024e+01	3.833524e+16
10096	7.141702e+15	4.800929e+01	3.305595e+01	2.865062e+16
10097	7.141997e+15	5.299566e+01	3.585773e+01	3.130526e+16
10098	7.142276e+15	5.169463e+01	3.317792e+01	3.475008e+16
10099	7.142561e+15	4.792337e+01	3.055838e+01	3.207705e+16
10100	7.142870e+15	4.880758e+01	3.316951e+01	2.906417e+16
10101	7.143183e+15	5.067648e+01	3.439647e+01	3.900015e+16
10102	7.143495e+15	5.149213e+01	3.432957e+01	3.164396e+16
10103	7.143808e+15	5.342852e+01	3.474504e+01	3.709608e+16
10104	7.144117e+15	5.397405e+01	3.385501e+01	3.441677e+16
10105	7.144418e+15	5.334419e+01	3.593688e+01	3.551491e+16
10106	7.144711e+15	5.499558e+01	3.744854e+01	2.159460e+16
10107	7.144993e+15	5.060904e+01	3.581714e+01	1.672243e+16
10108	7.145279e+15	5.255373e+01	3.939568e+01	3.035615e+16
10109	7.145552e+15	4.990278e+01	3.745840e+01	3.671397e+16
10110	7.145824e+15	4.788938e+01	3.609855e+01	1.799953e+16
10111	7.146106e+15	4.746495e+01	3.781948e+01	3.648189e+16
10112	7.146392e+15	4.587355e+01	3.679271e+01	2.434504e+16
10113	7.146686e+15	4.899837e+01	3.901006e+01	4.604146e+16
10114	7.146978e+15	4.886585e+01	3.901135e+01	3.038814e+16
10115	7.147270e+15	4.905156e+01	3.819629e+01	4.576919e+16
10116	7.147567e+15	4.858331e+01	3.729362e+01	3.719441e+16
10117	7.147865e+15	4.958202e+01	3.795192e+01	4.060553e+16
10118	7.148160e+15	5.435773e+01	3.779544e+01	4.437179e+16
10119	7.148445e+15	5.766060e+01	3.767703e+01	2.557853e+16
10120	7.148721e+15	5.908332e+01	3.814034e+01	2.461210e+16
10121	7.148989e+15	5.948944e+01	3.854929e+01	2.456265e+16
10122	7.149250e+15	5.926353e+01	3.922350e+01	1.804162e+16
10123	7.149502e+15	5.661949e+01	3.812464e+01	2.464674e+16
10124	7.149752e+15	5.702468e+01	3.790513e+01	2.843735e+16
10125	7.150005e+15	5.612065e+01	3.695005e+01	2.022210e+16
10126	7.150261e+15	5.505666e+01	3.750859e+01	2.958715e+16
10127	7.150526e+15	5.707072e+01	3.933245e+01	2.930406e+16
10128	7.150793e+15	5.430899e+01	3.713380e+01	2.834043e+16
10129	7.151066e+15	5.434533e+01	3.870580e+01	9.651975e+15
10130	7.151339e+15	5.230743e+01	3.732541e+01	2.361491e+16
10131	7.151625e+15	5.387828e+01	4.094346e+01	3.183914e+16
10132	7.151905e+15	4.912728e+01	3.671437e+01	2.710884e+16
10133	7.152201e+15	5.140174e+01	4.078031e+01	2.454061e+16
10134	7.152488e+15	5.113394e+01	3.988597e+01	2.741283e+16
10135	7.152778e+15	4.876719e+01	3.819943e+01	3.812616e+16
10136	7.153075e+15	4.862192e+01	3.997000e+01	3.140945e+16
10137	7.153362e+15	4.958934e+01	3.480154e+01	4.847553e+16
10138	7.153652e+15	5.321472e+01	3.671114e+01	1.651436e+16
10139	7.153935e+15	5.493335e+01	3.581892e+01	4.424597e+16
10140	7.154214e+15	5.161593e+01	3.426997e+01	2.318473e+16
10141	7.154496e+15	5.364156e+01	3.654506e+01	6.205963e+16
10142	7.154769e+15	5.089068e+01	3.443788e+01	1.709508e+16
10143	7.155049e+15	4.927608e+01	3.547816e+01	3.609570e+16
10144	7.155330e+15	4.710972e+01	3.496537e+01	3.352210e+16
10145	7.155618e+15	4.572761e+01	3.491750e+01	2.584536e+16
10146	7.155915e+15	4.718135e+01	3.622185e+01	1.685289e+16
10147	7.156205e+15	4.394326e+01	3.521150e+01	2.094018e+16
10148	7.156504e+15	4.535168e+01	3.704676e+01	4.981864e+16
10149	7.156806e+15	4.422317e+01	3.777822e+01	3.498192e+16
10150	7.157108e+15	4.147535e+01	3.731861e+01	8.663791e+15
10151	7.157415e+15	4.022867e+01	3.847691e+01	2.018883e+16
10152	7.157720e+15	4.342443e+01	3.958678e+01	1.602895e+16
10153	7.158015e+15	4.680936e+01	4.073593e+01	2.190817e+16
10154	7.158298e+15	4.595640e+01	3.837989e+01	4.856764e+16
10155	7.158585e+15	5.017103e+01	3.948318e+01	2.290967e+16
10156	7.158867e+15	5.018953e+01	3.797307e+01	2.423692e+16
10157	7.159152e+15	5.222542e+01	3.847679e+01	1.566932e+16
10158	7.159439e+15	5.413953e+01	3.858761e+01	2.375779e+16
10159	7.159719e+15	5.239393e+01	3.738956e+01	1.472047e+16
10160	7.160005e+15	5.140476e+01	3.759454e+01	1.477633e+16
10161	7.160307e+15	4.678920e+01	3.230586e+01	2.199662e+16
10162	7.160617e+15	4.812451e+01	3.398728e+01	1.304505e+16
10163	7.160930e+15	4.864403e+01	3.421958e+01	4.274556e+16
10164	7.161247e+15	4.687381e+01	3.486811e+01	2.380617e+16
10165	7.161567e+15	4.740318e+01	3.650245e+01	2.757654e+16
10166	7.161885e+15	4.739257e+01	3.521358e+01	3.968693e+16
10167	7.162207e+15	4.731413e+01	3.583709e+01	2.859999e+16
10168	7.162531e+15	4.957531e+01	3.665325e+01	2.292163e+16
10169	7.162849e+15	4.880604e+01	3.502331e+01	4.713348e+16
10170	7.163165e+15	5.316894e+01	3.602765e+01	2.245564e+16
10171	7.163470e+15	5.363503e+01	3.589885e+01	3.446743e+16
10172	7.163764e+15	5.475015e+01	3.585468e+01	2.370825e+16
10173	7.164050e+15	5.467158e+01	3.505051e+01	2.578447e+16
10174	7.164332e+15	5.215518e+01	3.452283e+01	2.050057e+16
10175	7.164611e+15	4.999391e+01	3.351524e+01	2.642365e+16
10176	7.164894e+15	4.814858e+01	3.168243e+01	3.456413e+16
10177	7.165183e+15	4.662721e+01	3.215235e+01	3.046208e+16
10178	7.165485e+15	4.735158e+01	3.504141e+01	4.191672e+16
10179	7.165785e+15	4.204336e+01	3.237401e+01	2.904155e+16
10180	7.166104e+15	4.061666e+01	3.323123e+01	3.147183e+16
10181	7.166443e+15	4.131155e+01	3.367069e+01	2.472590e+16
10182	7.166795e+15	4.535545e+01	3.612496e+01	4.310811e+16
10183	7.167140e+15	4.489146e+01	3.632892e+01	3.458205e+16
10184	7.167485e+15	4.381960e+01	3.488286e+01	3.685873e+16
10185	7.167829e+15	4.343724e+01	3.466034e+01	5.267970e+16
10186	7.168170e+15	4.453229e+01	3.469745e+01	1.999781e+16
10187	7.168518e+15	5.079015e+01	4.107425e+01	5.267409e+16
10188	7.168834e+15	4.656697e+01	3.697136e+01	2.746008e+16
10189	7.169153e+15	5.229589e+01	4.159746e+01	5.440627e+16
10190	7.169451e+15	4.828760e+01	3.745217e+01	1.780946e+16
10191	7.169756e+15	4.728429e+01	3.838760e+01	2.989110e+16
10192	7.170064e+15	4.793799e+01	4.083499e+01	2.750849e+16
10193	7.170359e+15	4.637665e+01	3.832566e+01	4.417954e+16
10194	7.170659e+15	4.472025e+01	3.884546e+01	3.849370e+16
10195	7.170962e+15	4.703884e+01	4.045237e+01	4.407453e+16
10196	7.171257e+15	4.544516e+01	3.948528e+01	3.301053e+16
10197	7.171558e+15	4.365730e+01	3.933460e+01	2.832921e+16
10198	7.171867e+15	4.585751e+01	4.124723e+01	3.921489e+16
10199	7.172171e+15	4.327913e+01	3.945206e+01	3.318059e+16
10200	7.172480e+15	4.586746e+01	4.194673e+01	4.637638e+16
10201	7.172782e+15	4.487223e+01	4.021725e+01	5.613942e+16
10202	7.173088e+15	4.643963e+01	4.198335e+01	4.572017e+16
10203	7.173390e+15	4.593206e+01	4.217122e+01	2.293703e+16
10204	7.173690e+15	4.446972e+01	4.077306e+01	4.411316e+16
10205	7.173994e+15	4.920692e+01	4.559090e+01	3.912639e+16
10206	7.174278e+15	4.868129e+01	4.411328e+01	3.742539e+16
10207	7.174556e+15	4.888728e+01	4.356821e+01	3.288258e+16
10208	7.174834e+15	5.017284e+01	4.384673e+01	2.430958e+16
10209	7.175113e+15	5.248666e+01	4.334432e+01	3.041228e+16
10210	7.175393e+15	5.546574e+01	4.669478e+01	4.181321e+16
10211	7.175663e+15	5.685495e+01	4.667436e+01	2.237603e+16
10212	7.175929e+15	5.637804e+01	4.652055e+01	3.286431e+16
10213	7.176195e+15	5.564721e+01	4.462617e+01	3.139864e+16
10214	7.176465e+15	5.857547e+01	4.697299e+01	1.177980e+16
10215	7.176732e+15	5.792297e+01	4.821458e+01	2.889228e+16
10216	7.176996e+15	5.526133e+01	4.631098e+01	4.373103e+16
10217	7.177268e+15	5.612880e+01	4.939468e+01	3.358996e+16
10218	7.177537e+15	5.242131e+01	4.709598e+01	4.818168e+16
10219	7.177815e+15	5.400303e+01	5.119869e+01	3.534817e+16
10220	7.178084e+15	5.306319e+01	4.829882e+01	4.816525e+16
10221	7.178357e+15	5.373389e+01	5.053353e+01	3.837688e+16
10222	7.178625e+15	5.479247e+01	5.170967e+01	3.323751e+16
10223	7.178884e+15	5.390436e+01	5.007209e+01	2.676069e+16
10224	7.179143e+15	5.491945e+01	5.212203e+01	3.910062e+16
10225	7.179395e+15	5.057920e+01	4.930433e+01	4.318411e+16
10226	7.179654e+15	5.087213e+01	4.778487e+01	3.071574e+16
10227	7.179922e+15	5.004807e+01	4.681175e+01	3.051792e+16
10228	7.180201e+15	5.002684e+01	5.040379e+01	2.145425e+16
10229	7.180480e+15	4.706409e+01	4.475337e+01	2.041020e+16
10230	7.180784e+15	4.978516e+01	5.180961e+01	3.713309e+16
10231	7.181086e+15	4.662962e+01	5.145801e+01	3.867011e+16
10232	7.181388e+15	4.804634e+01	5.550965e+01	1.799870e+16
10233	7.181680e+15	4.508731e+01	5.452694e+01	2.466957e+16
10234	7.181972e+15	4.070681e+01	5.497837e+01	3.679564e+16
10235	7.182275e+15	4.005509e+01	5.811805e+01	3.116120e+16
10236	7.182579e+15	4.160003e+01	5.986516e+01	2.398805e+16
10237	7.182879e+15	4.186899e+01	5.882267e+01	2.597857e+16
10238	7.183180e+15	4.379360e+01	6.116505e+01	2.556516e+16
10239	7.183478e+15	4.495344e+01	6.176093e+01	2.788422e+16
10240	7.183774e+15	4.474857e+01	6.074189e+01	4.174094e+16
10241	7.184075e+15	4.911064e+01	6.451368e+01	3.915564e+16
10242	7.184365e+15	4.903557e+01	6.327394e+01	2.459569e+16
10243	7.184648e+15	4.976374e+01	6.293424e+01	3.564013e+16
10244	7.184927e+15	5.226391e+01	6.373301e+01	3.043372e+16
10245	7.185202e+15	5.217030e+01	6.298198e+01	3.442375e+16
10246	7.185474e+15	4.967062e+01	6.523394e+01	3.283461e+16
10247	7.185747e+15	5.018845e+01	6.488060e+01	2.369923e+16
10248	7.186023e+15	4.859267e+01	6.670988e+01	2.721795e+16
10249	7.186296e+15	5.249294e+01	6.733062e+01	1.252416e+16
10250	7.186565e+15	5.231769e+01	6.445409e+01	1.512722e+16
10251	7.186840e+15	5.228816e+01	6.345422e+01	2.394052e+16
10252	7.187122e+15	5.018182e+01	6.359801e+01	2.187180e+16
10253	7.187410e+15	5.318476e+01	6.706648e+01	2.240263e+16
10254	7.187694e+15	5.251595e+01	6.572309e+01	2.165832e+16
10255	7.187979e+15	5.300258e+01	6.616968e+01	3.512655e+16
10256	7.188268e+15	5.637451e+01	6.772605e+01	1.148929e+16
10257	7.188554e+15	5.452737e+01	6.571661e+01	3.143764e+16
10258	7.188843e+15	5.530161e+01	6.820886e+01	2.240964e+16
10259	7.189132e+15	5.805421e+01	7.105040e+01	2.198812e+16
10260	7.189408e+15	5.946423e+01	6.838971e+01	1.930014e+16
10261	7.189682e+15	5.882797e+01	6.637068e+01	4.513083e+16
10262	7.189952e+15	5.955605e+01	6.648058e+01	4.710531e+16
10263	7.190218e+15	6.149343e+01	6.685045e+01	4.137829e+16
10264	7.190479e+15	6.088086e+01	6.394047e+01	2.769268e+16
10265	7.190743e+15	6.439055e+01	6.482323e+01	4.757762e+16
10266	7.191008e+15	6.378492e+01	6.427147e+01	3.669777e+16
10267	7.191275e+15	6.677024e+01	6.723607e+01	5.282547e+16
10268	7.191535e+15	6.754097e+01	6.562851e+01	3.618306e+16
10269	7.191793e+15	6.910395e+01	6.594479e+01	4.428385e+16
10270	7.192049e+15	6.195465e+01	6.069109e+01	4.360153e+16
10271	7.192315e+15	6.444263e+01	6.287801e+01	3.265926e+16
10272	7.192592e+15	6.361756e+01	6.418597e+01	4.147815e+16
10273	7.192878e+15	7.137846e+01	7.169757e+01	2.692597e+16
10274	7.193147e+15	7.364141e+01	6.723380e+01	3.495810e+16
10275	7.193411e+15	7.517567e+01	6.838254e+01	3.594216e+16
10276	7.193669e+15	7.614159e+01	6.833101e+01	2.117334e+16
10277	7.193921e+15	7.189850e+01	6.401316e+01	4.878135e+16
10278	7.194181e+15	7.588473e+01	6.514832e+01	2.360433e+16
10279	7.194443e+15	6.978013e+01	5.811862e+01	2.580265e+16
10280	7.194724e+15	7.063054e+01	6.235929e+01	4.102946e+16
10281	7.195012e+15	7.245849e+01	6.491113e+01	3.426125e+16
10282	7.195306e+15	7.760038e+01	6.551653e+01	2.728822e+16
10283	7.195603e+15	8.223498e+01	6.864096e+01	3.937747e+16
10284	7.195894e+15	8.389623e+01	6.761016e+01	3.205782e+16
10285	7.196185e+15	8.659965e+01	6.524641e+01	1.311593e+16
10286	7.196482e+15	8.976268e+01	6.596297e+01	4.375856e+16
10287	7.196784e+15	1.003141e+02	6.783279e+01	2.834268e+16
10288	7.197078e+15	1.035124e+02	6.501141e+01	4.199758e+16
10289	7.197369e+15	1.096834e+02	6.576892e+01	2.161788e+16
10290	7.197654e+15	1.099181e+02	6.503601e+01	3.603666e+16
10291	7.197937e+15	1.109881e+02	6.583356e+01	2.801696e+16
10292	7.198216e+15	1.179300e+02	6.736933e+01	3.149157e+16
10293	7.198486e+15	1.175619e+02	6.595403e+01	3.120551e+16
10294	7.198757e+15	1.212247e+02	6.593315e+01	2.476575e+16
10295	7.199029e+15	1.241881e+02	6.626332e+01	1.876963e+16
10296	7.199302e+15	1.269259e+02	6.692178e+01	3.688532e+16
10297	7.199577e+15	1.302105e+02	6.878520e+01	1.477325e+16
10298	7.199845e+15	1.279830e+02	6.854011e+01	3.613831e+16
10299	7.200109e+15	1.246594e+02	6.579599e+01	4.229851e+16
10300	7.200376e+15	1.230441e+02	6.418515e+01	3.470328e+16
10301	7.200646e+15	1.270277e+02	6.585179e+01	2.655510e+16
10302	7.200911e+15	1.198662e+02	6.218266e+01	1.193718e+16
10303	7.201182e+15	1.195030e+02	6.227208e+01	2.695316e+16
10304	7.201454e+15	1.203763e+02	6.182997e+01	1.151353e+16
10305	7.201728e+15	1.220826e+02	6.300470e+01	5.069180e+16
10306	7.202003e+15	1.221334e+02	6.337399e+01	2.890094e+16
10307	7.202278e+15	1.219270e+02	6.157486e+01	2.930153e+16
10308	7.202557e+15	1.177706e+02	5.874434e+01	1.783283e+16
10309	7.202846e+15	1.246850e+02	6.127298e+01	2.082892e+16
10310	7.203138e+15	1.270573e+02	6.379162e+01	3.543905e+16
10311	7.203427e+15	1.155571e+02	5.980019e+01	2.378405e+16
10312	7.203729e+15	1.173002e+02	6.278101e+01	1.576514e+16
10313	7.204038e+15	1.272373e+02	6.834650e+01	4.921484e+16
10314	7.204331e+15	1.088970e+02	5.764530e+01	3.149416e+16
10315	7.204649e+15	1.337166e+02	7.372860e+01	1.552260e+16
10316	7.204929e+15	1.074377e+02	5.870671e+01	3.852461e+16
10317	7.205230e+15	1.209157e+02	6.713328e+01	3.768028e+16
10318	7.205518e+15	1.151881e+02	6.361165e+01	1.532691e+16
10319	7.205808e+15	1.133826e+02	6.357272e+01	2.676232e+16
10320	7.206103e+15	1.128745e+02	6.529359e+01	2.366291e+16
10321	7.206400e+15	1.142325e+02	6.570583e+01	4.546637e+16
10322	7.206695e+15	1.020112e+02	5.739609e+01	3.014756e+16
10323	7.207016e+15	1.106254e+02	6.524451e+01	3.559529e+16
10324	7.207335e+15	1.132152e+02	6.643613e+01	4.415468e+16
10325	7.207651e+15	1.113285e+02	6.637374e+01	3.135397e+16
10326	7.207963e+15	1.127025e+02	6.781471e+01	3.670322e+16
10327	7.208267e+15	1.080804e+02	6.422385e+01	2.589142e+16
10328	7.208574e+15	1.126641e+02	6.813477e+01	3.604464e+16
10329	7.208868e+15	1.096173e+02	6.624163e+01	1.929042e+16
10330	7.209155e+15	1.069192e+02	6.484428e+01	2.376737e+16
10331	7.209441e+15	1.101819e+02	6.820774e+01	2.502249e+16
10332	7.209714e+15	9.974575e+01	6.245976e+01	3.060085e+16
10333	7.209994e+15	1.008323e+02	6.454435e+01	2.942875e+16
10334	7.210274e+15	1.004737e+02	6.154484e+01	1.935127e+16
10335	7.210560e+15	9.676875e+01	5.848339e+01	2.108563e+16
10336	7.210862e+15	1.042833e+02	6.259983e+01	2.846439e+16
10337	7.211161e+15	1.042072e+02	6.298819e+01	2.660846e+16
10338	7.211456e+15	9.958534e+01	6.118369e+01	1.783244e+16
10339	7.211752e+15	1.073272e+02	6.445844e+01	1.989683e+16
10340	7.212030e+15	1.024429e+02	5.922132e+01	1.613259e+16
10341	7.212309e+15	1.050995e+02	5.996155e+01	2.159571e+16
10342	7.212584e+15	1.051747e+02	5.807208e+01	1.517009e+16
10343	7.212859e+15	1.030186e+02	5.691210e+01	2.551745e+16
10344	7.213135e+15	1.093558e+02	5.816566e+01	3.041255e+16
10345	7.213393e+15	1.097591e+02	6.240430e+01	1.069279e+16
10346	7.213639e+15	1.064625e+02	5.926861e+01	2.661992e+16
10347	7.213885e+15	1.004031e+02	5.716489e+01	1.230838e+16
10348	7.214138e+15	1.069437e+02	6.026121e+01	2.527512e+16
10349	7.214389e+15	9.629157e+01	5.322663e+01	2.940940e+16
10350	7.214662e+15	1.048484e+02	5.803353e+01	1.813207e+16
10351	7.214932e+15	9.736991e+01	5.336756e+01	2.813376e+16
10352	7.215214e+15	1.094484e+02	6.149256e+01	1.614522e+16
10353	7.215479e+15	1.010599e+02	5.558831e+01	3.044185e+16
10354	7.215748e+15	1.000095e+02	5.460084e+01	1.840889e+16
10355	7.216024e+15	1.027285e+02	5.507184e+01	2.551841e+16
10356	7.216299e+15	1.012715e+02	5.037669e+01	2.552809e+16
10357	7.216582e+15	1.048635e+02	5.049036e+01	1.149477e+16
10358	7.216869e+15	1.027827e+02	4.976151e+01	3.094061e+16
10359	7.217160e+15	1.006498e+02	4.892730e+01	2.059384e+16
10360	7.217458e+15	1.031019e+02	4.963977e+01	2.222387e+16
10361	7.217761e+15	9.889317e+01	4.917665e+01	2.504651e+16
10362	7.218073e+15	9.733395e+01	4.899536e+01	3.371198e+16
10363	7.218395e+15	1.023702e+02	5.107439e+01	1.906243e+16
10364	7.218711e+15	9.494159e+01	4.708290e+01	2.992520e+16
10365	7.219036e+15	9.525368e+01	4.862128e+01	1.397447e+16
10366	7.219371e+15	9.781774e+01	5.139972e+01	3.107083e+16
10367	7.219705e+15	9.971391e+01	5.280337e+01	4.064941e+16
10368	7.220028e+15	9.710765e+01	5.246649e+01	4.172694e+16
10369	7.220352e+15	9.270126e+01	5.049052e+01	2.987319e+16
10370	7.220688e+15	1.011122e+02	5.411606e+01	9.367907e+15
10371	7.221011e+15	9.118849e+01	4.898317e+01	3.061300e+16
10372	7.221353e+15	1.095443e+02	5.756238e+01	5.029977e+16
10373	7.221667e+15	1.170274e+02	6.024172e+01	2.044476e+16
10374	7.221935e+15	1.022161e+02	5.864102e+01	3.147150e+16
10375	7.222210e+15	1.084422e+02	6.120936e+01	2.887197e+16
10376	7.222473e+15	9.724086e+01	5.436565e+01	2.960299e+16
10377	7.222738e+15	1.043388e+02	6.105640e+01	2.354340e+16
10378	7.222990e+15	9.709762e+01	5.749943e+01	1.964484e+16
10379	7.223243e+15	1.045479e+02	6.244602e+01	2.469108e+16
10380	7.223482e+15	9.636300e+01	5.880673e+01	1.080537e+16
10381	7.223723e+15	9.509570e+01	5.903315e+01	1.964612e+16
10382	7.223964e+15	9.773687e+01	6.077452e+01	3.397534e+16
10383	7.224201e+15	8.881474e+01	5.516451e+01	2.321682e+16
10384	7.224455e+15	9.698256e+01	6.179608e+01	3.484378e+16
10385	7.224703e+15	8.853198e+01	5.388776e+01	3.330515e+16
10386	7.224973e+15	9.758219e+01	5.824832e+01	1.815121e+16
10387	7.225250e+15	9.702379e+01	5.641880e+01	2.955217e+16
10388	7.225536e+15	1.037750e+02	5.919280e+01	2.526902e+16
10389	7.225814e+15	1.045725e+02	5.666049e+01	2.783794e+16
10390	7.226088e+15	9.892742e+01	5.188774e+01	2.496399e+16
10391	7.226365e+15	1.013821e+02	5.180036e+01	3.110921e+16
10392	7.226642e+15	1.063441e+02	5.418192e+01	3.270719e+16
10393	7.226912e+15	9.829011e+01	5.020789e+01	2.055721e+16
10394	7.227190e+15	1.036112e+02	5.370749e+01	2.363366e+16
10395	7.227462e+15	9.896127e+01	5.188540e+01	2.444751e+16
10396	7.227737e+15	1.009219e+02	5.231242e+01	1.918968e+16
10397	7.228014e+15	1.026582e+02	5.088458e+01	2.513833e+16
10398	7.228295e+15	1.066748e+02	5.249603e+01	1.951811e+16
10399	7.228570e+15	9.770954e+01	4.871326e+01	3.160341e+16
10400	7.228857e+15	1.037253e+02	5.357905e+01	2.543409e+16
10401	7.229137e+15	9.913305e+01	4.957367e+01	4.255000e+16
10402	7.229424e+15	1.025982e+02	5.134450e+01	3.162597e+16
10403	7.229710e+15	9.641983e+01	4.935635e+01	3.091183e+16
10404	7.230000e+15	9.802193e+01	5.059417e+01	2.291531e+16
10405	7.230289e+15	9.969196e+01	5.194071e+01	2.922276e+16
10406	7.230569e+15	9.800456e+01	5.187787e+01	3.549715e+16
10407	7.230846e+15	9.876101e+01	5.229821e+01	3.080513e+16
10408	7.231118e+15	9.760882e+01	5.160722e+01	2.251764e+16
10409	7.231387e+15	9.682953e+01	5.079775e+01	1.297923e+16
10410	7.231652e+15	9.180682e+01	4.796302e+01	6.821387e+15
10411	7.231926e+15	9.594244e+01	5.098108e+01	2.432420e+16
10412	7.232196e+15	8.158023e+01	4.309140e+01	2.179431e+16
10413	7.232491e+15	9.045381e+01	5.013730e+01	1.699238e+16
10414	7.232785e+15	9.846907e+01	5.255621e+01	1.763577e+16
10415	7.233061e+15	1.008367e+02	5.050841e+01	3.513921e+16
10416	7.233333e+15	9.816877e+01	5.056619e+01	2.736821e+16
10417	7.233604e+15	9.660883e+01	5.034448e+01	2.373189e+16
10418	7.233873e+15	9.297817e+01	4.999870e+01	2.806146e+16
10419	7.234139e+15	9.913342e+01	5.310585e+01	2.904652e+16
10420	7.234392e+15	8.680747e+01	4.718597e+01	1.502394e+16
10421	7.234658e+15	8.901707e+01	4.671987e+01	1.607069e+16
10422	7.234929e+15	8.636974e+01	4.527570e+01	3.167386e+16
10423	7.235212e+15	8.298654e+01	4.498051e+01	2.031842e+16
10424	7.235517e+15	9.779564e+01	5.125548e+01	3.138819e+16
10425	7.235810e+15	9.032759e+01	4.679012e+01	1.465293e+16
10426	7.236116e+15	9.581054e+01	5.169201e+01	2.357177e+16
10427	7.236416e+15	9.057403e+01	4.857662e+01	2.487222e+16
10428	7.236721e+15	1.006577e+02	5.344861e+01	3.770919e+16
10429	7.237004e+15	8.992247e+01	4.479840e+01	1.834670e+16
10430	7.237296e+15	9.407201e+01	4.802871e+01	3.072757e+16
10431	7.237583e+15	9.937368e+01	4.920830e+01	3.670087e+16
10432	7.237855e+15	9.332762e+01	4.631101e+01	3.218946e+16
10433	7.238130e+15	9.296054e+01	4.574279e+01	3.212261e+16
10434	7.238405e+15	8.826371e+01	4.406045e+01	2.161790e+16
10435	7.238684e+15	8.979209e+01	4.592114e+01	3.131075e+16
10436	7.238959e+15	8.472578e+01	4.515916e+01	2.660932e+16
10437	7.239242e+15	8.416019e+01	4.801239e+01	2.316458e+16
10438	7.239528e+15	8.908009e+01	5.180836e+01	3.099624e+16
10439	7.239805e+15	8.289819e+01	4.842631e+01	1.628146e+16
10440	7.240087e+15	8.579908e+01	5.088065e+01	2.935788e+16
10441	7.240364e+15	8.568935e+01	5.063687e+01	2.478838e+16
10442	7.240636e+15	7.860495e+01	4.530469e+01	2.559732e+16
10443	7.240923e+15	8.834127e+01	5.168490e+01	3.333941e+16
10444	7.241201e+15	9.701844e+01	5.276791e+01	2.184539e+16
10445	7.241464e+15	8.906118e+01	4.728831e+01	2.754747e+16
10446	7.241735e+15	9.397890e+01	5.207234e+01	3.214049e+16
10447	7.241997e+15	8.673881e+01	4.901329e+01	2.933193e+16
10448	7.242260e+15	9.265830e+01	5.227866e+01	1.818966e+16
10449	7.242510e+15	9.431974e+01	5.250574e+01	3.065730e+16
10450	7.242754e+15	8.788270e+01	4.875063e+01	2.597054e+16
10451	7.243009e+15	8.879796e+01	5.117543e+01	1.426116e+16
10452	7.243266e+15	8.655188e+01	5.051424e+01	2.236221e+16
10453	7.243529e+15	8.069103e+01	5.149774e+01	1.902449e+16
10454	7.243792e+15	7.815078e+01	5.032287e+01	2.484798e+16
10455	7.244060e+15	8.718274e+01	5.417774e+01	1.678748e+16
10456	7.244325e+15	8.882957e+01	5.489035e+01	4.185502e+16
10457	7.244582e+15	7.938873e+01	5.072577e+01	1.516317e+16
10458	7.244849e+15	8.889842e+01	5.803471e+01	3.179185e+16
10459	7.245097e+15	7.715763e+01	4.976151e+01	2.534407e+16
10460	7.245360e+15	8.229750e+01	5.502734e+01	1.759287e+16
10461	7.245621e+15	8.553764e+01	5.706091e+01	2.683066e+16
10462	7.245873e+15	7.595977e+01	5.033519e+01	1.890387e+16
10463	7.246142e+15	8.009163e+01	5.426264e+01	2.666245e+16
10464	7.246407e+15	8.318746e+01	5.427108e+01	2.340071e+16
10465	7.246667e+15	8.542556e+01	5.424615e+01	1.938004e+16
10466	7.246926e+15	8.696891e+01	5.468728e+01	1.399680e+16
10467	7.247182e+15	8.522910e+01	5.451574e+01	1.374152e+16
10468	7.247437e+15	8.799988e+01	5.603695e+01	2.035739e+16
10469	7.247688e+15	8.771836e+01	5.590944e+01	2.364620e+16
10470	7.247933e+15	8.625028e+01	5.471031e+01	3.085791e+16
10471	7.248179e+15	8.055562e+01	4.984851e+01	3.329619e+16
10472	7.248436e+15	7.802515e+01	5.396839e+01	2.402335e+16
10473	7.248700e+15	8.125346e+01	5.682204e+01	1.843178e+16
10474	7.248958e+15	7.946025e+01	5.414594e+01	1.808550e+16
10475	7.249221e+15	8.192709e+01	5.495180e+01	2.149504e+16
10476	7.249487e+15	8.215163e+01	5.509103e+01	1.952947e+16
10477	7.249755e+15	8.018360e+01	5.106567e+01	3.374061e+16
10478	7.250033e+15	8.382225e+01	5.310700e+01	2.158454e+16
10479	7.250315e+15	9.219495e+01	5.629043e+01	2.745014e+16
10480	7.250582e+15	7.990554e+01	4.680890e+01	2.430518e+16
10481	7.250865e+15	8.431917e+01	5.175934e+01	4.193884e+16
10482	7.251145e+15	7.872366e+01	5.241215e+01	1.251722e+16
10483	7.251421e+15	8.348647e+01	5.683625e+01	3.497637e+16
10484	7.251682e+15	7.305759e+01	5.101354e+01	8.083535e+15
10485	7.251960e+15	7.905894e+01	5.673817e+01	2.076076e+16
10486	7.252227e+15	7.548467e+01	5.440172e+01	2.652327e+16
10487	7.252493e+15	7.514085e+01	5.354499e+01	1.767332e+16
10488	7.252762e+15	7.503686e+01	5.780998e+01	3.668852e+16
10489	7.253025e+15	7.358434e+01	5.712353e+01	2.655974e+16
10490	7.253285e+15	7.331759e+01	5.589309e+01	2.362556e+16
10491	7.253548e+15	6.924359e+01	5.343434e+01	9.852979e+15
10492	7.253819e+15	7.329433e+01	5.486712e+01	3.699299e+16
10493	7.254091e+15	7.352849e+01	5.305338e+01	4.169899e+16
10494	7.254370e+15	7.719906e+01	5.538273e+01	3.548314e+16
10495	7.254647e+15	7.784933e+01	5.525458e+01	1.495713e+16
10496	7.254921e+15	8.070112e+01	5.683513e+01	1.752810e+16
10497	7.255190e+15	8.133984e+01	5.594791e+01	2.415802e+16
10498	7.255459e+15	7.749619e+01	5.403884e+01	2.096716e+16
10499	7.255733e+15	7.925365e+01	5.513676e+01	1.480785e+16
10500	7.256008e+15	8.279924e+01	5.646215e+01	3.172933e+16
10501	7.256278e+15	8.205647e+01	5.458159e+01	3.143560e+16
10502	7.256549e+15	8.636347e+01	5.635066e+01	2.975265e+16
10503	7.256814e+15	8.889260e+01	5.495168e+01	2.761660e+16
10504	7.257077e+15	9.055705e+01	5.536204e+01	2.409463e+16
10505	7.257338e+15	9.106727e+01	5.465294e+01	1.114146e+16
10506	7.257595e+15	9.511736e+01	5.451940e+01	2.288126e+16
10507	7.257847e+15	9.682004e+01	5.403338e+01	3.512282e+16
10508	7.258094e+15	9.521873e+01	5.195379e+01	2.805410e+16
10509	7.258342e+15	9.291049e+01	5.049409e+01	1.290163e+16
10510	7.258593e+15	9.020377e+01	4.673034e+01	1.358904e+16
10511	7.258853e+15	9.189436e+01	5.046951e+01	2.386025e+16
10512	7.259113e+15	8.848640e+01	5.005506e+01	3.249366e+16
10513	7.259378e+15	9.364675e+01	5.181205e+01	2.114795e+16
10514	7.259642e+15	8.978119e+01	4.989062e+01	2.278023e+16
10515	7.259913e+15	9.517148e+01	5.182691e+01	1.376040e+16
10516	7.260178e+15	8.830558e+01	4.894162e+01	2.640332e+16
10517	7.260452e+15	9.222104e+01	5.063941e+01	2.367790e+16
10518	7.260725e+15	9.553020e+01	5.169473e+01	2.288409e+16
10519	7.260994e+15	9.393297e+01	5.076643e+01	2.172598e+16
10520	7.261266e+15	9.309384e+01	5.237848e+01	2.294262e+16
10521	7.261537e+15	9.242007e+01	5.313050e+01	2.187381e+16
10522	7.261810e+15	8.980811e+01	5.235899e+01	3.156421e+16
10523	7.262090e+15	9.450539e+01	5.355023e+01	2.263556e+16
10524	7.262365e+15	9.082639e+01	5.112313e+01	2.393792e+16
10525	7.262645e+15	8.758002e+01	5.033668e+01	1.857493e+16
10526	7.262934e+15	9.123374e+01	5.273363e+01	2.498173e+16
10527	7.263222e+15	9.219156e+01	5.187507e+01	2.360833e+16
10528	7.263512e+15	8.937951e+01	4.976056e+01	2.605455e+16
10529	7.263811e+15	8.967322e+01	5.145659e+01	2.282861e+16
10530	7.264110e+15	8.647587e+01	5.073313e+01	1.769730e+16
10531	7.264412e+15	8.686683e+01	4.915922e+01	1.591915e+16
10532	7.264721e+15	9.541293e+01	5.457109e+01	4.049369e+16
10533	7.265013e+15	9.212384e+01	5.236435e+01	2.735190e+16
10534	7.265298e+15	9.061071e+01	5.247432e+01	1.459016e+16
10535	7.265579e+15	8.811263e+01	5.146280e+01	2.066077e+16
10536	7.265856e+15	8.733530e+01	5.179822e+01	1.959410e+16
10537	7.266129e+15	8.398079e+01	5.064875e+01	2.930938e+16
10538	7.266404e+15	8.246989e+01	5.121268e+01	1.638788e+16
10539	7.266678e+15	7.716548e+01	4.842016e+01	2.083945e+16
10540	7.266959e+15	7.784489e+01	4.795590e+01	2.038505e+16
10541	7.267256e+15	8.859149e+01	5.537239e+01	1.896632e+16
10542	7.267535e+15	7.143395e+01	4.492270e+01	3.160538e+16
10543	7.267849e+15	8.646056e+01	5.648789e+01	2.606132e+16
10544	7.268136e+15	7.950784e+01	5.131342e+01	1.935633e+16
10545	7.268424e+15	7.698551e+01	4.916834e+01	1.791026e+16
10546	7.268724e+15	8.516662e+01	5.460767e+01	1.961163e+16
10547	7.269007e+15	8.096260e+01	4.972791e+01	1.837976e+16
10548	7.269297e+15	7.733521e+01	4.862083e+01	2.340044e+16
10549	7.269597e+15	8.052912e+01	5.149579e+01	2.940555e+16
10550	7.269889e+15	7.891962e+01	5.089864e+01	2.553983e+16
10551	7.270182e+15	7.632612e+01	5.011078e+01	2.153838e+16
10552	7.270480e+15	7.560971e+01	4.954244e+01	2.163959e+16
10553	7.270780e+15	6.558106e+01	4.712951e+01	2.909086e+16
10554	7.271107e+15	6.991886e+01	5.511218e+01	1.933638e+16
10555	7.271420e+15	7.027327e+01	5.305103e+01	3.346994e+16
10556	7.271727e+15	7.539244e+01	5.586357e+01	1.810848e+16
10557	7.272022e+15	7.402249e+01	5.336623e+01	2.657029e+16
10558	7.272315e+15	7.254524e+01	5.270663e+01	2.545387e+16
10559	7.272603e+15	7.588993e+01	5.378139e+01	2.006251e+16
10560	7.272885e+15	7.416834e+01	5.250666e+01	2.672329e+16
10561	7.273164e+15	7.366679e+01	5.343908e+01	1.859660e+16
10562	7.273440e+15	7.290243e+01	5.397764e+01	3.267672e+16
10563	7.273711e+15	7.649999e+01	5.521861e+01	2.334443e+16
10564	7.273972e+15	6.974894e+01	4.913819e+01	1.725071e+16
10565	7.274247e+15	7.525717e+01	5.409818e+01	2.167173e+16
10566	7.274520e+15	8.059388e+01	5.507812e+01	2.318320e+16
10567	7.274784e+15	8.013451e+01	5.162171e+01	2.616886e+16
10568	7.275050e+15	8.640736e+01	5.590776e+01	2.807524e+16
10569	7.275303e+15	7.546688e+01	4.793160e+01	1.647153e+16
10570	7.275573e+15	8.329817e+01	5.485793e+01	2.995184e+16
10571	7.275831e+15	8.035626e+01	5.229027e+01	1.768182e+16
10572	7.276088e+15	7.258804e+01	4.636158e+01	2.341887e+16
10573	7.276363e+15	7.755384e+01	5.253310e+01	3.097907e+16
10574	7.276628e+15	7.458799e+01	4.955204e+01	2.003677e+16
10575	7.276900e+15	7.389929e+01	4.749075e+01	1.401437e+16
10576	7.277183e+15	7.732348e+01	5.252844e+01	2.965916e+16
10577	7.277464e+15	8.041663e+01	5.341317e+01	3.105133e+16
10578	7.277738e+15	8.176574e+01	5.214175e+01	2.597097e+16
10579	7.278011e+15	7.919497e+01	5.138958e+01	4.110832e+16
10580	7.278290e+15	7.707866e+01	4.969248e+01	1.661081e+16
10581	7.278583e+15	8.243521e+01	5.542185e+01	3.283498e+16
10582	7.278859e+15	7.812747e+01	5.276142e+01	2.578624e+16
10583	7.279134e+15	7.617816e+01	5.032874e+01	3.906232e+16
10584	7.279416e+15	8.141632e+01	5.168585e+01	1.528758e+16
10585	7.279693e+15	7.557005e+01	4.806199e+01	2.637283e+16
10586	7.279981e+15	7.873339e+01	5.081525e+01	1.583549e+16
10587	7.280266e+15	7.736896e+01	5.000326e+01	2.672898e+16
10588	7.280554e+15	8.218093e+01	5.206337e+01	2.348059e+16
10589	7.280832e+15	8.360834e+01	5.271742e+01	2.177330e+16
10590	7.281101e+15	8.355721e+01	5.128160e+01	2.870108e+16
10591	7.281368e+15	8.501203e+01	5.219465e+01	3.104833e+16
10592	7.281629e+15	8.288529e+01	5.059460e+01	2.027759e+16
10593	7.281890e+15	8.907847e+01	5.234516e+01	1.903280e+16
10594	7.282142e+15	8.699261e+01	4.934131e+01	2.386797e+16
10595	7.282398e+15	8.563167e+01	4.863099e+01	1.723171e+16
10596	7.282657e+15	8.905000e+01	5.005657e+01	3.302913e+16
10597	7.282911e+15	8.802509e+01	4.939290e+01	3.135216e+16
10598	7.283166e+15	8.757493e+01	4.868696e+01	2.264624e+16
10599	7.283422e+15	8.648086e+01	4.757741e+01	2.221337e+16
10600	7.283682e+15	8.773297e+01	4.883681e+01	3.368370e+16
10601	7.283937e+15	8.056701e+01	4.118978e+01	1.324270e+16
10602	7.284204e+15	7.166934e+01	4.076264e+01	3.940924e+16
10603	7.284493e+15	7.784223e+01	4.561386e+01	3.308995e+16
10604	7.284779e+15	7.697500e+01	4.642840e+01	3.229604e+16
10605	7.285070e+15	7.044011e+01	4.181480e+01	2.489744e+16
10606	7.285387e+15	8.078633e+01	4.848508e+01	2.430644e+16
10607	7.285689e+15	8.260156e+01	4.741155e+01	3.202467e+16
10608	7.285983e+15	8.317560e+01	4.659071e+01	2.405381e+16
10609	7.286278e+15	8.783798e+01	4.936059e+01	1.718741e+16
10610	7.286563e+15	8.219413e+01	4.753038e+01	1.799080e+16
10611	7.286849e+15	8.600404e+01	5.116115e+01	2.267374e+16
10612	7.287121e+15	7.310519e+01	4.423481e+01	1.872605e+16
10613	7.287413e+15	7.739274e+01	4.874042e+01	2.827088e+16
10614	7.287704e+15	7.956917e+01	4.877046e+01	3.250477e+16
10615	7.287994e+15	8.018811e+01	4.449924e+01	2.942228e+16
10616	7.288290e+15	8.144737e+01	4.618927e+01	2.288504e+16
10617	7.288578e+15	7.440058e+01	4.478604e+01	1.804400e+16
10618	7.288876e+15	8.104496e+01	4.996869e+01	2.734942e+16
10619	7.289162e+15	7.542929e+01	4.728337e+01	2.928912e+16
10620	7.289453e+15	7.654875e+01	5.009913e+01	3.088580e+16
10621	7.289737e+15	6.964190e+01	4.512847e+01	2.276032e+16
10622	7.290039e+15	7.559371e+01	5.028047e+01	4.404778e+16
10623	7.290342e+15	7.496630e+01	5.069265e+01	3.291322e+16
10624	7.290648e+15	7.547929e+01	5.119739e+01	1.775176e+16
10625	7.290950e+15	7.594664e+01	5.140374e+01	2.529176e+16
10626	7.291247e+15	8.167356e+01	5.332308e+01	3.015266e+16
10627	7.291529e+15	7.893005e+01	5.003449e+01	1.795855e+16
10628	7.291810e+15	8.046353e+01	4.835070e+01	2.940645e+16
10629	7.292092e+15	8.000136e+01	4.743248e+01	3.003711e+16
10630	7.292373e+15	7.760434e+01	4.778051e+01	2.458946e+16
10631	7.292657e+15	7.549012e+01	4.797326e+01	3.261067e+16
10632	7.292941e+15	7.644923e+01	5.038507e+01	2.891498e+16
10633	7.293217e+15	7.271353e+01	4.642432e+01	8.456816e+15
10634	7.293497e+15	6.340217e+01	4.055942e+01	1.879414e+16
10635	7.293806e+15	7.074136e+01	4.663535e+01	4.667422e+16
10636	7.294108e+15	6.726333e+01	4.457486e+01	1.858975e+16
10637	7.294418e+15	6.794964e+01	4.507552e+01	3.463013e+16
10638	7.294734e+15	7.352355e+01	4.876997e+01	2.321321e+16
10639	7.295036e+15	6.456685e+01	4.358738e+01	1.861391e+16
10640	7.295358e+15	7.009721e+01	4.827970e+01	4.161399e+16
10641	7.295667e+15	6.768860e+01	4.658304e+01	2.969192e+16
10642	7.295973e+15	6.317505e+01	4.254001e+01	2.737228e+16
10643	7.296297e+15	6.999497e+01	4.836838e+01	2.685289e+16
10644	7.296609e+15	7.302617e+01	4.933707e+01	1.516473e+16
10645	7.296908e+15	6.504131e+01	4.590047e+01	2.424744e+16
10646	7.297215e+15	6.735070e+01	4.739970e+01	1.525479e+16
10647	7.297521e+15	7.009272e+01	5.141345e+01	1.244587e+16
10648	7.297809e+15	6.160779e+01	4.653255e+01	2.707968e+16
10649	7.298107e+15	6.065816e+01	4.699802e+01	1.479559e+16
10650	7.298411e+15	5.370832e+01	4.461912e+01	1.869593e+16
10651	7.298742e+15	5.933901e+01	5.055437e+01	3.511104e+16
10652	7.299065e+15	5.943328e+01	4.911351e+01	2.544685e+16
10653	7.299387e+15	5.977715e+01	5.099656e+01	4.322008e+16
10654	7.299702e+15	5.625898e+01	5.015965e+01	1.878450e+16
10655	7.300018e+15	6.281403e+01	5.304297e+01	4.241499e+16
10656	7.300320e+15	5.908063e+01	4.848366e+01	2.984616e+16
10657	7.300629e+15	6.385389e+01	5.134465e+01	2.026322e+16
10658	7.300932e+15	6.205258e+01	5.094483e+01	1.717632e+16
10659	7.301235e+15	6.119832e+01	5.079385e+01	3.013657e+16
10660	7.301538e+15	6.598419e+01	5.350433e+01	3.578361e+16
10661	7.301826e+15	6.720799e+01	5.261610e+01	4.182189e+16
10662	7.302104e+15	6.624372e+01	5.043611e+01	4.366932e+16
10663	7.302387e+15	6.460034e+01	5.022245e+01	1.844613e+16
10664	7.302673e+15	6.711882e+01	5.123751e+01	2.940526e+16
10665	7.302955e+15	6.578253e+01	5.105599e+01	2.885248e+16
10666	7.303237e+15	6.763180e+01	5.177070e+01	3.277708e+16
10667	7.303515e+15	6.809093e+01	5.127923e+01	2.375106e+16
10668	7.303790e+15	6.850685e+01	5.011579e+01	2.409048e+16
10669	7.304068e+15	7.095624e+01	5.150833e+01	1.337267e+16
10670	7.304343e+15	6.314383e+01	4.465009e+01	3.989722e+16
10671	7.304642e+15	6.692958e+01	5.019834e+01	2.909352e+16
10672	7.304942e+15	7.486437e+01	5.319438e+01	2.220153e+16
10673	7.305224e+15	7.298806e+01	4.949092e+01	1.994788e+16
10674	7.305504e+15	7.624349e+01	5.105175e+01	1.872047e+16
10675	7.305776e+15	7.161583e+01	4.678809e+01	3.145471e+16
10676	7.306055e+15	7.000809e+01	4.690035e+01	3.397011e+16
10677	7.306331e+15	7.640304e+01	4.941648e+01	1.446306e+16
10678	7.306593e+15	6.955724e+01	4.432191e+01	2.914955e+16
10679	7.306862e+15	7.345393e+01	4.701137e+01	1.541081e+16
10680	7.307124e+15	6.802590e+01	4.078353e+01	2.420907e+16
10681	7.307402e+15	6.999989e+01	4.357008e+01	1.564438e+16
10682	7.307689e+15	7.319603e+01	4.683876e+01	2.600396e+16
10683	7.307971e+15	5.985197e+01	3.820336e+01	1.648803e+16
10684	7.308293e+15	7.459720e+01	5.078636e+01	2.341719e+16
10685	7.308589e+15	7.010312e+01	4.473861e+01	3.789663e+16
10686	7.308891e+15	7.738447e+01	5.009073e+01	2.103318e+16
10687	7.309176e+15	6.616374e+01	4.433166e+01	1.233268e+16
10688	7.309475e+15	7.208055e+01	4.940191e+01	3.308263e+16
10689	7.309765e+15	7.498247e+01	4.965416e+01	2.281799e+16
10690	7.310046e+15	6.926704e+01	4.508427e+01	2.209888e+16
10691	7.310339e+15	7.486067e+01	4.917210e+01	2.827828e+16
10692	7.310622e+15	7.414959e+01	4.638295e+01	2.397099e+16
10693	7.310907e+15	7.341335e+01	4.606764e+01	2.558525e+16
10694	7.311201e+15	7.041156e+01	4.515781e+01	1.802044e+16
10695	7.311504e+15	7.453953e+01	4.953676e+01	3.195932e+16
10696	7.311803e+15	7.259814e+01	4.939049e+01	2.620610e+16
10697	7.312104e+15	7.681488e+01	5.016685e+01	2.058528e+16
10698	7.312402e+15	7.729384e+01	4.866122e+01	2.733753e+16
10699	7.312705e+15	7.675557e+01	4.898801e+01	3.615899e+16
10700	7.313008e+15	7.636443e+01	5.091443e+01	2.935310e+16
10701	7.313308e+15	7.649208e+01	5.285872e+01	2.574329e+16
10702	7.313598e+15	7.684529e+01	5.207745e+01	3.278296e+16
10703	7.313884e+15	7.834075e+01	4.910609e+01	3.799879e+16
10704	7.314173e+15	7.849734e+01	4.933013e+01	2.806817e+16
10705	7.314463e+15	7.774782e+01	5.071182e+01	2.699558e+16
10706	7.314745e+15	7.390454e+01	4.754530e+01	2.236995e+16
10707	7.315036e+15	7.116295e+01	5.026816e+01	7.515675e+15
10708	7.315327e+15	6.876711e+01	4.915960e+01	3.048976e+16
10709	7.315627e+15	7.393752e+01	5.361559e+01	2.320335e+16
10710	7.315914e+15	6.625054e+01	4.993605e+01	2.664210e+16
10711	7.316209e+15	7.017796e+01	5.362877e+01	2.443558e+16
10712	7.316493e+15	6.457617e+01	4.832123e+01	3.115910e+16
10713	7.316786e+15	7.067899e+01	5.135758e+01	2.086777e+16
10714	7.317081e+15	7.766127e+01	5.243640e+01	2.825506e+16
10715	7.317367e+15	7.613761e+01	4.974190e+01	2.568443e+16
10716	7.317653e+15	7.888786e+01	5.003308e+01	1.501118e+16
10717	7.317933e+15	7.489056e+01	4.782140e+01	3.660123e+16
10718	7.318216e+15	8.092687e+01	5.060515e+01	9.726380e+15
10719	7.318489e+15	7.335319e+01	4.665883e+01	1.606745e+16
10720	7.318770e+15	6.828683e+01	4.533828e+01	3.667743e+16
10721	7.319075e+15	7.577524e+01	4.849860e+01	3.709603e+16
10722	7.319379e+15	7.660684e+01	4.717229e+01	2.517589e+16
10723	7.319680e+15	7.534261e+01	4.415270e+01	3.044687e+16
10724	7.319996e+15	8.106318e+01	4.630699e+01	2.535287e+16
10725	7.320311e+15	8.398007e+01	4.716680e+01	1.664997e+16
10726	7.320615e+15	7.978311e+01	4.552420e+01	3.588249e+16
10727	7.320923e+15	8.150038e+01	4.527423e+01	4.163026e+16
10728	7.321231e+15	8.341845e+01	4.518440e+01	3.252796e+16
10729	7.321537e+15	8.171469e+01	4.532154e+01	2.789125e+16
10730	7.321844e+15	8.580445e+01	4.710278e+01	9.135096e+15
10731	7.322145e+15	8.443154e+01	4.561492e+01	2.820376e+16
10732	7.322450e+15	9.096441e+01	4.874024e+01	1.742966e+16
10733	7.322739e+15	8.705352e+01	4.574879e+01	2.209423e+16
10734	7.323032e+15	9.215430e+01	4.789108e+01	2.588928e+16
10735	7.323318e+15	8.742099e+01	4.615378e+01	2.691829e+16
10736	7.323606e+15	8.942201e+01	4.671345e+01	3.094185e+16
10737	7.323894e+15	8.964045e+01	4.704848e+01	1.869296e+16
10738	7.324180e+15	9.036573e+01	4.759109e+01	1.611126e+16
10739	7.324469e+15	9.709665e+01	5.107734e+01	4.681170e+16
10740	7.324743e+15	8.940217e+01	4.619132e+01	2.006573e+16
10741	7.325027e+15	1.006737e+02	5.199091e+01	2.244666e+16
10742	7.325295e+15	9.205587e+01	4.817821e+01	3.254977e+16
10743	7.325567e+15	9.018663e+01	4.731624e+01	2.315599e+16
10744	7.325845e+15	8.916190e+01	4.562606e+01	1.158200e+16
10745	7.326130e+15	8.891850e+01	4.776207e+01	2.461252e+16
10746	7.326422e+15	8.424727e+01	4.674291e+01	2.152901e+16
10747	7.326724e+15	8.585129e+01	4.876318e+01	2.450662e+16
10748	7.327028e+15	8.691960e+01	4.968726e+01	2.523416e+16
10749	7.327326e+15	8.481465e+01	4.577841e+01	4.366647e+16
10750	7.327628e+15	9.068015e+01	4.810148e+01	3.752160e+16
10751	7.327927e+15	9.470867e+01	4.885232e+01	3.675389e+16
10752	7.328221e+15	9.425961e+01	4.789481e+01	2.301968e+16
10753	7.328510e+15	1.012987e+02	4.927611e+01	1.921731e+16
10754	7.328785e+15	9.715820e+01	4.640266e+01	2.354312e+16
10755	7.329059e+15	1.011826e+02	4.831507e+01	2.012559e+16
10756	7.329322e+15	8.481636e+01	4.015856e+01	2.367144e+16
10757	7.329605e+15	9.644297e+01	4.763623e+01	2.879224e+16
10758	7.329875e+15	9.070577e+01	4.425160e+01	2.131426e+16
10759	7.330149e+15	8.735608e+01	4.292148e+01	1.697058e+16
10760	7.330431e+15	1.016727e+02	4.757416e+01	4.002129e+16
10761	7.330701e+15	9.305473e+01	4.230375e+01	2.631251e+16
10762	7.330985e+15	9.402427e+01	4.353150e+01	1.808178e+16
10763	7.331274e+15	9.833990e+01	4.692712e+01	1.592224e+16
10764	7.331552e+15	9.621326e+01	4.560450e+01	9.241382e+15
10765	7.331830e+15	9.229872e+01	4.213146e+01	2.516470e+16
10766	7.332113e+15	9.213822e+01	4.328192e+01	3.201209e+16
10767	7.332399e+15	8.906212e+01	4.323483e+01	2.939846e+16
10768	7.332691e+15	8.855502e+01	4.633609e+01	2.248247e+16
10769	7.332971e+15	8.116562e+01	4.368171e+01	1.892409e+16
10770	7.333255e+15	8.151496e+01	4.418819e+01	2.098485e+16
10771	7.333539e+15	8.143340e+01	4.462762e+01	2.218996e+16
10772	7.333822e+15	6.441874e+01	3.542616e+01	1.115174e+16
10773	7.334145e+15	7.117327e+01	4.217534e+01	1.702034e+16
10774	7.334474e+15	7.142883e+01	4.346556e+01	1.450054e+16
10775	7.334801e+15	7.208943e+01	4.430208e+01	1.585539e+16
10776	7.335124e+15	7.844657e+01	4.794140e+01	3.158788e+16
10777	7.335424e+15	7.688139e+01	4.566647e+01	1.952607e+16
10778	7.335717e+15	7.048305e+01	4.153496e+01	3.338126e+16
10779	7.336024e+15	7.608609e+01	4.622779e+01	2.688346e+16
10780	7.336325e+15	7.394111e+01	4.272171e+01	1.671904e+16
10781	7.336636e+15	8.107496e+01	4.741535e+01	2.696400e+16
10782	7.336932e+15	7.909949e+01	4.546320e+01	2.219192e+16
10783	7.337227e+15	8.327529e+01	4.603799e+01	3.471301e+16
10784	7.337514e+15	7.997904e+01	4.368793e+01	1.661937e+16
10785	7.337803e+15	8.217791e+01	4.505475e+01	2.392722e+16
10786	7.338091e+15	8.125422e+01	4.542996e+01	2.805312e+16
10787	7.338377e+15	7.944293e+01	4.363357e+01	2.446841e+16
10788	7.338669e+15	8.463723e+01	4.547924e+01	2.966129e+16
10789	7.338954e+15	8.346663e+01	4.567973e+01	3.269123e+16
10790	7.339236e+15	8.329701e+01	4.516123e+01	3.364670e+16
10791	7.339513e+15	7.770388e+01	4.355492e+01	1.389939e+16
10792	7.339791e+15	7.747686e+01	4.402091e+01	2.475778e+16
10793	7.340067e+15	7.711002e+01	4.558705e+01	8.824973e+15
10794	7.340338e+15	7.541441e+01	4.487664e+01	1.782424e+16
10795	7.340606e+15	7.414332e+01	4.221720e+01	1.825955e+16
10796	7.340875e+15	6.904311e+01	4.045751e+01	1.439461e+16
10797	7.341162e+15	7.415657e+01	4.338252e+01	1.894207e+16
10798	7.341449e+15	6.625380e+01	3.779154e+01	1.368419e+16
10799	7.341763e+15	6.760597e+01	4.054996e+01	1.666766e+16
10800	7.342096e+15	7.118253e+01	4.447731e+01	2.936327e+16
10801	7.342425e+15	6.653996e+01	4.131598e+01	3.317996e+16
10802	7.342772e+15	8.430336e+01	5.014696e+01	3.029435e+16
10803	7.343081e+15	7.607696e+01	4.346266e+01	2.231609e+16
10804	7.343391e+15	8.042197e+01	4.461127e+01	1.777786e+16
10805	7.343694e+15	8.124655e+01	3.975585e+01	2.122222e+16
10806	7.343994e+15	7.911948e+01	3.923263e+01	1.728496e+16
10807	7.344298e+15	8.141565e+01	4.048183e+01	1.993855e+16
10808	7.344596e+15	8.611454e+01	4.267673e+01	3.000367e+16
10809	7.344880e+15	8.509851e+01	4.079080e+01	2.192147e+16
10810	7.345155e+15	7.977879e+01	3.475926e+01	2.217643e+16
10811	7.345439e+15	8.041616e+01	3.561899e+01	2.634035e+16
10812	7.345728e+15	7.896902e+01	3.357882e+01	2.096966e+16
10813	7.346025e+15	8.299497e+01	3.509384e+01	1.910229e+16
10814	7.346313e+15	8.245827e+01	3.506909e+01	1.468081e+16
10815	7.346600e+15	7.935895e+01	3.217130e+01	2.572449e+16
10816	7.346888e+15	8.114830e+01	3.332646e+01	1.830221e+16
10817	7.347174e+15	7.654843e+01	3.146114e+01	3.121341e+16
10818	7.347470e+15	8.334143e+01	3.577261e+01	2.042158e+16
10819	7.347755e+15	7.865279e+01	3.396366e+01	1.535172e+16
10820	7.348044e+15	8.038754e+01	3.557106e+01	2.152675e+16
10821	7.348331e+15	8.211467e+01	3.550255e+01	1.743581e+16
10822	7.348619e+15	7.915123e+01	3.379827e+01	2.728880e+16
10823	7.348920e+15	8.364859e+01	3.611995e+01	2.522840e+16
10824	7.349211e+15	8.633619e+01	3.658103e+01	1.685932e+16
10825	7.349493e+15	8.711438e+01	3.571152e+01	2.329774e+16
10826	7.349772e+15	8.879073e+01	3.611028e+01	3.315602e+16
10827	7.350044e+15	8.387784e+01	3.390909e+01	1.899824e+16
10828	7.350323e+15	9.098717e+01	3.645713e+01	2.717435e+16
10829	7.350593e+15	8.556644e+01	3.377210e+01	2.077367e+16
10830	7.350866e+15	8.862070e+01	3.467003e+01	2.106257e+16
10831	7.351135e+15	8.541012e+01	3.307225e+01	1.141795e+16
10832	7.351412e+15	9.008397e+01	3.450916e+01	2.530197e+16
10833	7.351683e+15	8.898624e+01	3.367228e+01	1.524718e+16
10834	7.351951e+15	8.595182e+01	3.206188e+01	2.177923e+16
10835	7.352221e+15	8.786487e+01	3.267910e+01	3.274368e+16
10836	7.352486e+15	7.446672e+01	2.694038e+01	2.173052e+16
10837	7.352775e+15	8.182043e+01	3.195445e+01	1.597943e+16
10838	7.353066e+15	8.148769e+01	3.308038e+01	1.909498e+16
10839	7.353357e+15	8.082655e+01	3.216361e+01	2.056776e+16
10840	7.353656e+15	8.391754e+01	3.335175e+01	2.171063e+16
10841	7.353949e+15	6.979009e+01	2.971662e+01	1.927070e+16
10842	7.354279e+15	9.159660e+01	3.971463e+01	2.300168e+16
10843	7.354571e+15	8.128276e+01	3.413855e+01	2.695849e+16
10844	7.354866e+15	8.105344e+01	3.432195e+01	2.635693e+16
10845	7.355159e+15	8.198725e+01	3.291982e+01	2.263930e+16
10846	7.355449e+15	8.221910e+01	3.365026e+01	1.646151e+16
10847	7.355744e+15	8.814241e+01	3.475510e+01	3.246900e+16
10848	7.356027e+15	8.441604e+01	3.238369e+01	2.887712e+16
10849	7.356313e+15	9.103256e+01	3.501027e+01	2.765627e+16
10850	7.356582e+15	8.607380e+01	3.219765e+01	2.523758e+16
10851	7.356851e+15	8.504336e+01	3.121654e+01	2.223619e+16
10852	7.357127e+15	8.165163e+01	3.157334e+01	1.130572e+16
10853	7.357415e+15	9.536706e+01	3.569937e+01	2.116422e+16
10854	7.357679e+15	8.404440e+01	2.981495e+01	1.375821e+16
10855	7.357959e+15	9.515502e+01	3.360103e+01	1.929506e+16
10856	7.358224e+15	7.274516e+01	2.468345e+01	1.938130e+16
10857	7.358525e+15	9.312523e+01	3.228452e+01	3.206333e+16
10858	7.358803e+15	8.033528e+01	3.015063e+01	3.237274e+16
10859	7.359085e+15	7.568338e+01	2.989480e+01	2.716765e+16
10860	7.359375e+15	7.746854e+01	3.213294e+01	2.238296e+16
10861	7.359664e+15	6.874482e+01	2.885641e+01	2.114861e+16
10862	7.359979e+15	8.629193e+01	3.466897e+01	2.677146e+16
10863	7.360266e+15	8.044227e+01	3.055443e+01	2.848100e+16
10864	7.360559e+15	8.510811e+01	3.186807e+01	3.695864e+16
10865	7.360840e+15	7.659666e+01	2.934723e+01	3.675207e+16
10866	7.361131e+15	7.828749e+01	3.144917e+01	2.001509e+16
10867	7.361426e+15	7.539424e+01	3.124091e+01	1.142396e+16
10868	7.361725e+15	7.562352e+01	3.152079e+01	3.589214e+16
10869	7.362017e+15	7.890090e+01	3.125322e+01	1.495038e+16
10870	7.362303e+15	7.513894e+01	2.814125e+01	9.108577e+15
10871	7.362603e+15	7.764392e+01	2.973890e+01	3.458812e+16
10872	7.362909e+15	7.709973e+01	3.111147e+01	2.001413e+16
10873	7.363214e+15	7.572989e+01	3.149647e+01	3.344713e+16
10874	7.363517e+15	7.318730e+01	3.116640e+01	1.408788e+16
10875	7.363824e+15	7.369830e+01	3.217052e+01	2.687697e+16
10876	7.364132e+15	6.932270e+01	3.162052e+01	1.981245e+16
10877	7.364444e+15	7.100121e+01	3.180865e+01	3.237037e+16
10878	7.364758e+15	7.428804e+01	3.370901e+01	2.769064e+16
10879	7.365061e+15	7.441455e+01	3.284521e+01	3.270387e+16
10880	7.365358e+15	7.495152e+01	3.234259e+01	1.812501e+16
10881	7.365649e+15	7.704984e+01	3.264944e+01	2.042485e+16
10882	7.365929e+15	7.791892e+01	3.176425e+01	1.878924e+16
10883	7.366205e+15	7.670099e+01	3.126343e+01	2.823183e+16
10884	7.366481e+15	7.876779e+01	3.186094e+01	2.106998e+16
10885	7.366754e+15	7.370415e+01	3.099054e+01	2.504556e+16
10886	7.367028e+15	7.592026e+01	3.215109e+01	1.921133e+16
10887	7.367295e+15	6.747304e+01	2.914283e+01	2.155993e+16
10888	7.367574e+15	7.080930e+01	3.029616e+01	2.862072e+16
10889	7.367853e+15	6.615591e+01	2.908897e+01	2.373897e+16
10890	7.368151e+15	6.827038e+01	3.094765e+01	4.577302e+16
10891	7.368459e+15	6.520972e+01	3.011091e+01	3.081201e+16
10892	7.368776e+15	6.651061e+01	3.218226e+01	2.837592e+16
10893	7.369092e+15	6.629512e+01	3.253877e+01	2.841276e+16
10894	7.369412e+15	7.060470e+01	3.474112e+01	2.310144e+16
10895	7.369716e+15	6.755545e+01	3.417609e+01	3.684494e+16
10896	7.370017e+15	6.317906e+01	3.196856e+01	2.701946e+16
10897	7.370327e+15	6.962708e+01	3.368246e+01	2.656853e+16
10898	7.370633e+15	6.934006e+01	3.282786e+01	1.866308e+16
10899	7.370938e+15	6.739770e+01	3.259767e+01	2.351345e+16
10900	7.371247e+15	6.978750e+01	3.421163e+01	4.231153e+16
10901	7.371549e+15	6.885940e+01	3.258342e+01	2.894046e+16
10902	7.371853e+15	7.129813e+01	3.350858e+01	3.282986e+16
10903	7.372149e+15	6.742220e+01	3.048356e+01	2.457136e+16
10904	7.372450e+15	6.999918e+01	3.222153e+01	3.368884e+16
10905	7.372747e+15	6.806038e+01	3.233143e+01	3.371043e+16
10906	7.373045e+15	7.103594e+01	3.349798e+01	1.755082e+16
10907	7.373333e+15	6.855408e+01	3.255446e+01	2.139909e+16
10908	7.373620e+15	6.575672e+01	3.228989e+01	2.994781e+16
10909	7.373912e+15	6.644222e+01	3.217333e+01	1.923301e+16
10910	7.374206e+15	6.450318e+01	3.067142e+01	1.574991e+16
10911	7.374511e+15	6.523689e+01	3.230043e+01	2.076032e+16
10912	7.374814e+15	6.152208e+01	3.073116e+01	2.304704e+16
10913	7.375134e+15	6.870777e+01	3.451456e+01	2.944458e+16
10914	7.375439e+15	6.227905e+01	3.127358e+01	2.405127e+16
10915	7.375752e+15	6.398988e+01	3.231497e+01	3.683744e+16
10916	7.376074e+15	6.721137e+01	3.446421e+01	3.693327e+16
10917	7.376387e+15	6.841601e+01	3.582432e+01	3.512587e+16
10918	7.376685e+15	7.181603e+01	3.553234e+01	2.844994e+16
10919	7.376966e+15	6.334667e+01	2.840407e+01	2.661063e+16
10920	7.377271e+15	7.363836e+01	3.681326e+01	1.896493e+16
10921	7.377561e+15	7.105122e+01	3.424964e+01	1.714654e+16
10922	7.377849e+15	6.487193e+01	3.190838e+01	2.451065e+16
10923	7.378149e+15	7.339607e+01	3.578312e+01	3.678051e+16
10924	7.378424e+15	5.886043e+01	2.916319e+01	1.212675e+16
10925	7.378735e+15	7.116200e+01	3.744099e+01	1.970461e+16
10926	7.379023e+15	6.247184e+01	3.207007e+01	2.363738e+16
10927	7.379322e+15	6.505953e+01	3.384451e+01	2.457094e+16
10928	7.379620e+15	6.064025e+01	3.255929e+01	2.707578e+16
10929	7.379924e+15	6.181833e+01	3.107036e+01	1.915597e+16
10930	7.380229e+15	6.556596e+01	3.117029e+01	1.718470e+16
10931	7.380527e+15	6.517892e+01	3.093484e+01	2.567487e+16
10932	7.380828e+15	6.578986e+01	2.965194e+01	3.391825e+16
10933	7.381131e+15	6.762675e+01	3.179666e+01	1.298969e+16
10934	7.381430e+15	6.944428e+01	3.303900e+01	3.152469e+16
10935	7.381720e+15	6.737033e+01	3.144593e+01	3.754920e+16
10936	7.382008e+15	6.591311e+01	3.102144e+01	2.741332e+16
10937	7.382301e+15	6.442640e+01	3.063867e+01	4.084380e+16
10938	7.382602e+15	6.451053e+01	3.027404e+01	3.270467e+16
10939	7.382908e+15	6.572794e+01	3.072412e+01	3.302759e+16
10940	7.383219e+15	6.628454e+01	3.141332e+01	2.287769e+16
10941	7.383530e+15	6.454239e+01	3.138067e+01	2.171557e+16
10942	7.383841e+15	6.313975e+01	3.186655e+01	2.288497e+16
10943	7.384151e+15	6.207667e+01	3.317705e+01	3.754978e+16
10944	7.384455e+15	6.115063e+01	3.354012e+01	2.792229e+16
10945	7.384754e+15	5.569481e+01	3.147593e+01	3.347561e+16
10946	7.385064e+15	5.776965e+01	3.215611e+01	1.191165e+16
10947	7.385375e+15	6.097326e+01	3.262600e+01	2.245075e+16
10948	7.385680e+15	6.111114e+01	3.076866e+01	4.297176e+16
10949	7.385991e+15	6.225930e+01	3.228715e+01	5.226516e+16
10950	7.386296e+15	6.051491e+01	3.312836e+01	2.909831e+16
10951	7.386594e+15	6.176828e+01	3.251739e+01	4.239350e+16
10952	7.386887e+15	6.095639e+01	3.115656e+01	4.104167e+16
10953	7.387180e+15	6.181259e+01	3.025366e+01	3.178156e+16
10954	7.387472e+15	6.250401e+01	3.006222e+01	2.390251e+16
10955	7.387760e+15	6.231525e+01	2.978019e+01	3.265746e+16
10956	7.388048e+15	5.468161e+01	2.698960e+01	2.071059e+16
10957	7.388351e+15	5.709920e+01	3.094515e+01	2.163491e+16
10958	7.388649e+15	5.967156e+01	3.055836e+01	4.897730e+16
10959	7.388937e+15	5.498217e+01	2.644278e+01	9.216329e+15
10960	7.389248e+15	6.114142e+01	2.865539e+01	3.316641e+16
10961	7.389546e+15	5.264289e+01	2.493400e+01	2.604153e+16
10962	7.389867e+15	5.306559e+01	2.683004e+01	2.264506e+16
10963	7.390196e+15	5.284323e+01	2.754351e+01	1.951978e+16
10964	7.390522e+15	5.267130e+01	2.698747e+01	3.346877e+16
10965	7.390854e+15	5.062547e+01	2.856261e+01	2.709917e+16
10966	7.391193e+15	4.853960e+01	3.054407e+01	3.055168e+16
10967	7.391527e+15	4.756139e+01	3.083718e+01	3.480894e+16
10968	7.391854e+15	4.691570e+01	3.212150e+01	1.617980e+16
10969	7.392175e+15	4.823731e+01	3.175014e+01	4.168194e+16
10970	7.392487e+15	4.810114e+01	3.018540e+01	3.872169e+16
10971	7.392803e+15	5.000986e+01	3.092429e+01	5.535170e+16
10972	7.393112e+15	4.563650e+01	2.903254e+01	3.935465e+16
10973	7.393436e+15	5.297048e+01	3.383861e+01	3.852940e+16
10974	7.393742e+15	4.914194e+01	2.982843e+01	3.772330e+16
10975	7.394056e+15	5.118268e+01	3.198555e+01	2.653346e+16
10976	7.394366e+15	5.202902e+01	3.198892e+01	2.166011e+16
10977	7.394674e+15	5.084908e+01	3.192233e+01	3.956573e+16
10978	7.394984e+15	4.642630e+01	3.136450e+01	3.874115e+16
10979	7.395306e+15	5.336034e+01	3.394501e+01	4.907853e+16
10980	7.395605e+15	4.722923e+01	2.990833e+01	1.036757e+16
10981	7.395921e+15	5.254397e+01	3.447261e+01	2.156345e+16
10982	7.396218e+15	4.578116e+01	3.084079e+01	2.012097e+16
10983	7.396526e+15	4.762045e+01	3.303515e+01	2.727716e+16
10984	7.396832e+15	4.366428e+01	3.270670e+01	3.169886e+16
10985	7.397144e+15	4.038069e+01	2.978996e+01	1.769855e+16
10986	7.397481e+15	4.514861e+01	3.314823e+01	2.784600e+16
10987	7.397810e+15	4.199216e+01	3.069644e+01	4.794533e+16
10988	7.398154e+15	4.486989e+01	3.243707e+01	2.310138e+16
10989	7.398499e+15	5.005402e+01	3.510221e+01	1.823854e+16
10990	7.398827e+15	4.780000e+01	3.401225e+01	2.633377e+16
10991	7.399157e+15	4.618992e+01	3.432973e+01	2.210258e+16
10992	7.399489e+15	4.766317e+01	3.456207e+01	2.863929e+16
10993	7.399821e+15	4.757211e+01	3.496730e+01	3.270602e+16
10994	7.400147e+15	4.777882e+01	3.488427e+01	3.085127e+16
10995	7.400474e+15	4.992256e+01	3.627791e+01	4.091459e+16
10996	7.400796e+15	4.676820e+01	3.454336e+01	2.769881e+16
10997	7.401128e+15	4.697674e+01	3.649887e+01	2.925462e+16
10998	7.401456e+15	4.792373e+01	3.741929e+01	2.073644e+16
10999	7.401784e+15	4.741461e+01	3.672220e+01	3.644539e+16
11000	7.402113e+15	4.429775e+01	3.597434e+01	2.109695e+16
11001	7.402453e+15	4.222139e+01	3.724841e+01	2.613640e+16
11002	7.402811e+15	4.214678e+01	4.055299e+01	2.919910e+16
11003	7.403174e+15	3.904835e+01	3.967000e+01	4.518056e+16
11004	7.403549e+15	3.953388e+01	4.330815e+01	2.769911e+16
11005	7.403914e+15	3.733998e+01	4.166098e+01	2.770739e+16
11006	7.404292e+15	4.142037e+01	4.637235e+01	3.164367e+16
11007	7.404656e+15	4.115593e+01	4.570030e+01	3.332850e+16
11008	7.405016e+15	4.467515e+01	4.784346e+01	3.478022e+16
11009	7.405361e+15	4.584303e+01	4.816582e+01	2.603930e+16
11010	7.405692e+15	4.706972e+01	4.855216e+01	4.150438e+16
11011	7.406010e+15	4.958261e+01	4.878060e+01	3.956555e+16
11012	7.406316e+15	5.132552e+01	4.933866e+01	4.936254e+16
11013	7.406612e+15	5.311464e+01	4.960103e+01	4.334574e+16
11014	7.406903e+15	5.111221e+01	4.987130e+01	3.187111e+16
11015	7.407192e+15	5.253768e+01	5.121737e+01	3.429088e+16
11016	7.407476e+15	5.390202e+01	5.149576e+01	3.216099e+16
11017	7.407756e+15	5.419616e+01	5.252039e+01	2.477458e+16
11018	7.408035e+15	5.539652e+01	5.389222e+01	2.733185e+16
11019	7.408310e+15	5.020906e+01	5.190496e+01	2.324429e+16
11020	7.408591e+15	5.410609e+01	5.685143e+01	3.415334e+16
11021	7.408856e+15	4.634874e+01	4.773540e+01	2.227942e+16
11022	7.409142e+15	4.754327e+01	5.077918e+01	4.316809e+16
11023	7.409432e+15	4.677686e+01	4.949341e+01	3.637693e+16
11024	7.409729e+15	4.838483e+01	5.190886e+01	2.696015e+16
11025	7.410027e+15	4.759088e+01	4.874035e+01	3.103144e+16
11026	7.410338e+15	4.633922e+01	5.082680e+01	3.248970e+16
11027	7.410655e+15	4.362908e+01	5.205331e+01	5.012620e+16
11028	7.410975e+15	4.296014e+01	5.186813e+01	2.914643e+16
11029	7.411295e+15	4.053189e+01	5.309878e+01	6.533276e+15
11030	7.411620e+15	4.100235e+01	5.618470e+01	3.336803e+16
11031	7.411943e+15	3.834902e+01	5.605895e+01	3.656678e+16
11032	7.412267e+15	3.720728e+01	5.541064e+01	3.989156e+16
11033	7.412599e+15	4.080940e+01	5.785294e+01	2.714486e+16
11034	7.412922e+15	4.221611e+01	5.578352e+01	3.390910e+16
11035	7.413242e+15	4.596283e+01	5.878476e+01	2.149924e+16
11036	7.413538e+15	4.598117e+01	5.370683e+01	2.840712e+16
11037	7.413833e+15	4.381616e+01	4.871250e+01	3.252768e+16
11038	7.414144e+15	4.905982e+01	5.328829e+01	3.801086e+16
11039	7.414447e+15	5.589130e+01	5.371136e+01	4.036163e+16
11040	7.414734e+15	5.702056e+01	5.090633e+01	1.359883e+16
11041	7.415019e+15	6.110458e+01	5.259401e+01	3.664854e+16
11042	7.415293e+15	5.470045e+01	4.707368e+01	4.132686e+16
11043	7.415580e+15	6.174397e+01	5.291684e+01	5.763153e+16
11044	7.415851e+15	6.106560e+01	5.068081e+01	4.452609e+16
11045	7.416116e+15	4.762722e+01	4.023136e+01	3.451133e+16
11046	7.416424e+15	5.729058e+01	4.939501e+01	4.738622e+16
11047	7.416733e+15	6.352622e+01	5.248289e+01	4.936829e+16
11048	7.417021e+15	5.764402e+01	4.423015e+01	2.697149e+16
11049	7.417333e+15	6.663955e+01	5.173479e+01	4.802564e+16
11050	7.417625e+15	6.086860e+01	4.717138e+01	5.736860e+16
11051	7.417921e+15	6.844037e+01	5.294190e+01	3.721657e+16
11052	7.418197e+15	6.433920e+01	4.631669e+01	4.119145e+16
11053	7.418483e+15	6.732682e+01	4.708344e+01	3.373388e+16
11054	7.418769e+15	6.503437e+01	4.735091e+01	2.808713e+16
11055	7.419054e+15	6.600097e+01	4.787015e+01	3.292370e+16
11056	7.419336e+15	6.328421e+01	4.436587e+01	2.687599e+16
11057	7.419633e+15	6.815120e+01	4.676591e+01	2.980923e+16
11058	7.419928e+15	6.997243e+01	4.859743e+01	3.567394e+16
11059	7.420213e+15	6.982162e+01	4.731480e+01	3.687589e+16
11060	7.420498e+15	7.038083e+01	4.735258e+01	2.830298e+16
11061	7.420780e+15	7.129324e+01	4.755758e+01	2.528341e+16
11062	7.421057e+15	7.666320e+01	4.872982e+01	3.336179e+16
11063	7.421325e+15	7.334517e+01	4.523069e+01	3.610326e+16
11064	7.421600e+15	7.556104e+01	4.739041e+01	3.204619e+16
11065	7.421873e+15	7.251467e+01	4.452050e+01	2.391870e+16
11066	7.422155e+15	7.389162e+01	4.533442e+01	3.666827e+16
11067	7.422437e+15	7.275591e+01	4.353763e+01	2.100874e+16
11068	7.422729e+15	7.074944e+01	4.368748e+01	2.572007e+16
11069	7.423033e+15	7.514125e+01	4.704556e+01	3.184858e+16
11070	7.423336e+15	7.321263e+01	4.390999e+01	2.761432e+16
11071	7.423657e+15	8.144438e+01	4.870362e+01	2.778916e+16
11072	7.423972e+15	8.566719e+01	4.984949e+01	3.983565e+16
11073	7.424274e+15	8.493403e+01	4.851319e+01	2.805162e+16
11074	7.424572e+15	8.065486e+01	4.652397e+01	3.355765e+16
11075	7.424876e+15	8.673807e+01	5.170150e+01	2.711259e+16
11076	7.425160e+15	7.935833e+01	4.653829e+01	1.703027e+16
11077	7.425450e+15	7.976769e+01	4.720342e+01	2.919404e+16
11078	7.425751e+15	8.865628e+01	5.448468e+01	2.072324e+16
11079	7.426033e+15	7.410110e+01	4.550945e+01	3.807378e+16
11080	7.426336e+15	9.268699e+01	5.638129e+01	3.246899e+16
11081	7.426608e+15	6.983564e+01	4.148892e+01	3.275492e+16
11082	7.426918e+15	7.990158e+01	5.121826e+01	2.538588e+16
11083	7.427222e+15	8.979413e+01	5.485611e+01	4.770280e+16
11084	7.427500e+15	7.611537e+01	4.415015e+01	1.619173e+16
11085	7.427801e+15	8.133110e+01	5.099356e+01	4.052177e+16
11086	7.428098e+15	8.467245e+01	5.315520e+01	1.817782e+16
11087	7.428379e+15	8.359325e+01	5.134967e+01	2.826318e+16
11088	7.428654e+15	8.839764e+01	5.296139e+01	1.175049e+16
11089	7.428918e+15	8.098197e+01	4.833423e+01	2.045778e+16
11090	7.429194e+15	9.107578e+01	5.590754e+01	2.820999e+16
11091	7.429449e+15	7.675886e+01	4.477254e+01	1.490171e+16
11092	7.429725e+15	7.831723e+01	4.926393e+01	1.104898e+16
11093	7.430004e+15	8.357381e+01	5.068993e+01	2.341972e+16
11094	7.430279e+15	7.821397e+01	4.631378e+01	3.675740e+16
11095	7.430570e+15	8.454237e+01	5.030874e+01	4.286947e+16
11096	7.430857e+15	8.170725e+01	4.877193e+01	4.332804e+16
11097	7.431148e+15	8.145364e+01	4.845403e+01	2.831273e+16
11098	7.431445e+15	8.528726e+01	4.881178e+01	4.078477e+16
11099	7.431745e+15	9.018311e+01	5.000855e+01	2.323806e+16
11100	7.432036e+15	8.993876e+01	4.854635e+01	2.389883e+16
11101	7.432326e+15	9.478620e+01	4.790932e+01	2.315297e+16
11102	7.432613e+15	9.843508e+01	4.726923e+01	2.313016e+16
11103	7.432897e+15	1.006213e+02	4.784918e+01	1.950760e+16
11104	7.433178e+15	1.012190e+02	4.633926e+01	1.691219e+16
11105	7.433455e+15	1.053873e+02	4.576936e+01	3.502547e+16
11106	7.433731e+15	1.070567e+02	4.470808e+01	2.379864e+16
11107	7.434001e+15	1.034558e+02	4.271120e+01	2.096299e+16
11108	7.434282e+15	1.177963e+02	4.732830e+01	2.236634e+16
11109	7.434548e+15	1.144410e+02	4.575101e+01	1.917344e+16
11110	7.434814e+15	1.191756e+02	4.825041e+01	2.059091e+16
11111	7.435068e+15	1.030469e+02	4.157010e+01	1.847020e+16
11112	7.435344e+15	1.140012e+02	4.519120e+01	3.100734e+16
11113	7.435617e+15	1.076874e+02	3.999284e+01	2.727714e+16
11114	7.435908e+15	1.201113e+02	4.200469e+01	2.345875e+16
11115	7.436196e+15	1.105772e+02	4.079236e+01	2.298701e+16
11116	7.436497e+15	1.132835e+02	4.267601e+01	2.195776e+16
11117	7.436804e+15	1.116217e+02	4.456416e+01	4.543629e+16
11118	7.437115e+15	1.195585e+02	4.852265e+01	2.868606e+16
11119	7.437410e+15	1.020918e+02	4.103292e+01	3.429408e+16
11120	7.437733e+15	1.159520e+02	4.572409e+01	3.340675e+16
11121	7.438052e+15	1.189677e+02	4.742484e+01	2.435343e+16
11122	7.438357e+15	1.150886e+02	4.550538e+01	2.616043e+16
11123	7.438661e+15	1.171349e+02	4.516340e+01	2.462764e+16
11124	7.438963e+15	1.124145e+02	4.476161e+01	3.984040e+16
11125	7.439264e+15	1.284404e+02	5.022353e+01	1.686387e+16
11126	7.439538e+15	1.173718e+02	4.479713e+01	2.163456e+16
11127	7.439816e+15	1.240813e+02	4.602886e+01	3.255882e+16
11128	7.440093e+15	1.203012e+02	4.469393e+01	2.208338e+16
11129	7.440372e+15	1.194793e+02	4.501047e+01	3.273605e+16
11130	7.440650e+15	1.222000e+02	4.643738e+01	1.429390e+16
11131	7.440923e+15	1.165463e+02	4.576560e+01	2.033711e+16
11132	7.441199e+15	1.186647e+02	4.735397e+01	2.130540e+16
11133	7.441471e+15	1.129523e+02	4.603045e+01	3.058124e+16
11134	7.441743e+15	1.058858e+02	4.352065e+01	2.797926e+16
11135	7.442022e+15	1.089725e+02	4.544241e+01	3.637363e+16
11136	7.442299e+15	9.930409e+01	4.206144e+01	1.350441e+16
11137	7.442587e+15	1.023563e+02	4.371969e+01	2.653803e+16
11138	7.442872e+15	1.005637e+02	4.203760e+01	3.003136e+16
11139	7.443159e+15	9.958365e+01	4.181994e+01	2.643499e+16
11140	7.443449e+15	1.017671e+02	4.342566e+01	3.127785e+16
11141	7.443733e+15	9.569753e+01	4.129499e+01	2.654328e+16
11142	7.444021e+15	9.343294e+01	4.023700e+01	3.866119e+16
11143	7.444314e+15	8.569046e+01	3.712178e+01	1.475401e+16
11144	7.444623e+15	9.254664e+01	4.495524e+01	3.837717e+16
11145	7.444925e+15	9.128531e+01	4.122747e+01	1.700363e+16
11146	7.445225e+15	8.747718e+01	3.745082e+01	2.247001e+16
11147	7.445543e+15	9.580889e+01	4.064854e+01	3.592721e+16
11148	7.445852e+15	9.291340e+01	3.901116e+01	3.226754e+16
11149	7.446159e+15	9.078045e+01	3.651723e+01	1.980910e+16
11150	7.446469e+15	9.168445e+01	3.667528e+01	3.089321e+16
11151	7.446782e+15	9.631874e+01	4.026621e+01	3.223113e+16
11152	7.447081e+15	9.241618e+01	3.983123e+01	2.826869e+16
11153	7.447378e+15	9.271797e+01	4.240067e+01	1.758527e+16
11154	7.447669e+15	9.035802e+01	4.340396e+01	3.412307e+16
11155	7.447953e+15	9.168399e+01	4.335500e+01	2.388081e+16
11156	7.448228e+15	9.033706e+01	4.218513e+01	2.910426e+16
11157	7.448501e+15	9.919541e+01	4.444820e+01	2.132631e+16
11158	7.448761e+15	9.105755e+01	4.175188e+01	1.968229e+16
11159	7.449029e+15	9.421594e+01	4.371043e+01	1.817233e+16
11160	7.449296e+15	8.613036e+01	4.097698e+01	1.463576e+16
11161	7.449574e+15	1.023409e+02	4.851431e+01	3.033856e+16
11162	7.449826e+15	8.215193e+01	3.884367e+01	3.784585e+16
11163	7.450100e+15	8.676426e+01	3.990036e+01	3.090929e+16
11164	7.450386e+15	9.086463e+01	4.149063e+01	2.670886e+16
11165	7.450668e+15	7.431871e+01	3.511084e+01	2.075692e+16
11166	7.450989e+15	8.836357e+01	4.329323e+01	3.593283e+16
11167	7.451304e+15	9.133734e+01	4.372828e+01	3.024770e+16
11168	7.451611e+15	9.265997e+01	4.381592e+01	3.334270e+16
11169	7.451914e+15	9.214197e+01	4.200943e+01	2.087780e+16
11170	7.452214e+15	9.402010e+01	4.222475e+01	2.624931e+16
11171	7.452510e+15	9.406518e+01	4.233284e+01	2.743238e+16
11172	7.452793e+15	9.569864e+01	4.218640e+01	1.730184e+16
11173	7.453063e+15	8.826964e+01	3.933123e+01	2.383993e+16
11174	7.453338e+15	9.081410e+01	4.078942e+01	1.875960e+16
11175	7.453605e+15	8.132028e+01	3.561282e+01	2.837050e+16
11176	7.453886e+15	8.560993e+01	4.073140e+01	4.306732e+16
11177	7.454169e+15	8.425826e+01	4.117883e+01	2.216093e+16
11178	7.454455e+15	8.454073e+01	4.024445e+01	2.735190e+16
11179	7.454749e+15	8.583265e+01	4.110034e+01	2.734792e+16
11180	7.455047e+15	8.231101e+01	3.979470e+01	2.136536e+16
11181	7.455352e+15	8.571203e+01	4.068179e+01	3.138945e+16
11182	7.455660e+15	8.809194e+01	4.144902e+01	2.894917e+16
11183	7.455965e+15	8.941647e+01	4.291646e+01	3.611596e+16
11184	7.456262e+15	8.999718e+01	4.484984e+01	2.385682e+16
11185	7.456544e+15	8.385787e+01	4.104893e+01	4.124086e+16
11186	7.456833e+15	7.942444e+01	4.102046e+01	2.680117e+16
11187	7.457131e+15	8.589357e+01	4.465495e+01	3.166297e+16
11188	7.457415e+15	7.908770e+01	4.122976e+01	1.662991e+16
11189	7.457707e+15	8.468342e+01	4.442685e+01	3.526627e+16
11190	7.457987e+15	7.782510e+01	3.819235e+01	2.198559e+16
11191	7.458278e+15	7.614960e+01	4.101068e+01	4.569158e+16
11192	7.458575e+15	7.535088e+01	4.293185e+01	3.185222e+16
11193	7.458875e+15	7.590959e+01	4.505638e+01	2.442998e+16
11194	7.459165e+15	7.839093e+01	4.408831e+01	2.364049e+16
11195	7.459449e+15	7.188686e+01	4.076685e+01	2.532342e+16
11196	7.459746e+15	7.690910e+01	4.605318e+01	2.479340e+16
11197	7.460029e+15	7.029115e+01	4.151068e+01	1.489940e+16
11198	7.460323e+15	7.347123e+01	4.392407e+01	3.396896e+16
11199	7.460616e+15	7.526912e+01	4.535634e+01	2.665798e+16
11200	7.460902e+15	6.902115e+01	4.200422e+01	1.832670e+16
11201	7.461202e+15	7.259879e+01	4.356679e+01	1.825721e+16
11202	7.461499e+15	7.464681e+01	4.381619e+01	2.564609e+16
11203	7.461793e+15	7.457047e+01	4.420360e+01	1.590728e+16
11204	7.462084e+15	6.948996e+01	4.135596e+01	2.922827e+16
11205	7.462386e+15	7.472722e+01	4.576902e+01	2.390934e+16
11206	7.462676e+15	6.813598e+01	4.263923e+01	2.495157e+16
11207	7.462975e+15	7.374201e+01	4.582318e+01	1.866195e+16
11208	7.463261e+15	7.366285e+01	4.406882e+01	3.096980e+16
11209	7.463542e+15	7.292980e+01	4.058283e+01	1.843341e+16
11210	7.463829e+15	7.329961e+01	4.290074e+01	1.592763e+16
11211	7.464110e+15	6.906884e+01	4.036271e+01	2.779189e+16
11212	7.464397e+15	6.962418e+01	4.214773e+01	2.163104e+16
11213	7.464685e+15	7.692775e+01	4.641338e+01	1.481480e+16
11214	7.464952e+15	6.143535e+01	3.766259e+01	1.866837e+16
11215	7.465246e+15	6.291484e+01	4.271289e+01	2.027213e+16
11216	7.465541e+15	6.437555e+01	4.337034e+01	2.018389e+16
11217	7.465835e+15	5.784715e+01	3.872813e+01	3.542952e+16
11218	7.466154e+15	5.938121e+01	4.086735e+01	4.029952e+16
11219	7.466482e+15	6.364725e+01	4.486053e+01	3.566856e+16
11220	7.466799e+15	5.943514e+01	4.081666e+01	3.004266e+16
11221	7.467131e+15	6.494055e+01	4.613105e+01	3.255188e+16
11222	7.467449e+15	5.894452e+01	4.212923e+01	2.627240e+16
11223	7.467779e+15	6.331682e+01	4.641249e+01	3.941107e+16
11224	7.468098e+15	6.498756e+01	4.471308e+01	2.200239e+16
11225	7.468412e+15	6.846579e+01	4.746107e+01	3.383518e+16
11226	7.468711e+15	6.496048e+01	4.502501e+01	2.516832e+16
11227	7.469010e+15	6.591818e+01	4.571547e+01	3.776944e+16
11228	7.469306e+15	7.044462e+01	4.664138e+01	3.522543e+16
11229	7.469593e+15	6.926887e+01	4.489560e+01	8.310789e+15
11230	7.469878e+15	6.789013e+01	4.350642e+01	2.176456e+16
11231	7.470167e+15	6.965146e+01	4.538469e+01	1.897089e+16
11232	7.470451e+15	6.268776e+01	4.128958e+01	1.869378e+16
11233	7.470754e+15	6.701781e+01	4.266534e+01	2.923229e+16
11234	7.471058e+15	6.576290e+01	4.159494e+01	2.925636e+16
11235	7.471375e+15	6.925604e+01	4.391637e+01	1.927232e+16
11236	7.471687e+15	7.060337e+01	4.488556e+01	1.781508e+16
11237	7.471988e+15	6.448878e+01	4.105255e+01	3.018178e+16
11238	7.472303e+15	6.745988e+01	4.486439e+01	2.890089e+16
11239	7.472612e+15	6.060302e+01	4.135836e+01	3.476322e+16
11240	7.472935e+15	6.171686e+01	4.338587e+01	4.054413e+16
11241	7.473270e+15	6.492307e+01	4.692182e+01	3.579042e+16
11242	7.473601e+15	6.181380e+01	4.426040e+01	3.000655e+16
11243	7.473944e+15	6.616202e+01	4.513074e+01	3.426208e+16
11244	7.474292e+15	6.677998e+01	4.632397e+01	4.529373e+16
11245	7.474643e+15	7.039387e+01	4.872772e+01	4.378424e+16
11246	7.474984e+15	7.179679e+01	4.977953e+01	3.219199e+16
11247	7.475309e+15	6.770907e+01	4.723661e+01	3.129914e+16
11248	7.475636e+15	7.088917e+01	4.916427e+01	3.042495e+16
11249	7.475956e+15	6.981345e+01	4.688111e+01	4.963727e+16
11250	7.476277e+15	7.324224e+01	4.930539e+01	2.630814e+16
11251	7.476587e+15	7.241641e+01	4.720366e+01	2.942355e+16
11252	7.476895e+15	6.784581e+01	4.479071e+01	3.299245e+16
11253	7.477218e+15	7.127741e+01	4.746336e+01	4.549883e+16
11254	7.477540e+15	6.906339e+01	4.612359e+01	4.219238e+16
11255	7.477870e+15	7.076840e+01	4.780323e+01	2.914864e+16
11256	7.478203e+15	7.449389e+01	5.083160e+01	2.762495e+16
11257	7.478525e+15	7.118175e+01	4.848282e+01	4.469393e+16
11258	7.478850e+15	7.155236e+01	4.909774e+01	5.149968e+16
11259	7.479174e+15	7.032087e+01	4.792444e+01	3.875918e+16
11260	7.479507e+15	7.253355e+01	4.950337e+01	3.652517e+16
11261	7.479844e+15	7.634633e+01	5.185981e+01	2.916001e+16
11262	7.480171e+15	7.334156e+01	4.705831e+01	4.347132e+16
11263	7.480502e+15	7.822061e+01	4.919751e+01	4.746479e+16
11264	7.480828e+15	8.022950e+01	4.869899e+01	2.232894e+16
11265	7.481147e+15	8.381559e+01	4.966304e+01	4.343250e+16
11266	7.481457e+15	8.063157e+01	4.797824e+01	3.683022e+16
11267	7.481770e+15	8.203555e+01	4.833319e+01	3.515027e+16
11268	7.482085e+15	8.199159e+01	4.848478e+01	3.012377e+16
11269	7.482397e+15	8.351944e+01	4.814011e+01	3.423166e+16
11270	7.482707e+15	8.235481e+01	4.615321e+01	3.188205e+16
11271	7.483028e+15	7.769792e+01	4.549562e+01	2.491611e+16
11272	7.483362e+15	7.776348e+01	4.806994e+01	2.765724e+16
11273	7.483704e+15	7.342404e+01	4.708978e+01	2.352971e+16
11274	7.484064e+15	8.134084e+01	5.244717e+01	3.084976e+16
11275	7.484411e+15	7.190120e+01	4.585688e+01	3.982523e+16
11276	7.484777e+15	7.309857e+01	4.954716e+01	3.986146e+16
11277	7.485157e+15	8.640805e+01	5.724524e+01	4.105303e+16
11278	7.485506e+15	8.101887e+01	5.191253e+01	2.867248e+16
11279	7.485854e+15	8.270585e+01	5.166987e+01	3.291720e+16
11280	7.486204e+15	8.691279e+01	5.369096e+01	3.814535e+16
11281	7.486546e+15	8.158111e+01	5.074696e+01	3.571935e+16
11282	7.486893e+15	9.259462e+01	5.885250e+01	3.898451e+16
11283	7.487208e+15	8.307953e+01	5.214171e+01	2.409829e+16
11284	7.487527e+15	8.800316e+01	5.474736e+01	5.240478e+16
11285	7.487834e+15	8.552137e+01	5.261709e+01	1.205641e+16
11286	7.488140e+15	8.724014e+01	5.372946e+01	1.977904e+16
11287	7.488441e+15	8.460252e+01	5.293259e+01	1.439038e+16
11288	7.488742e+15	8.148339e+01	5.009162e+01	2.519860e+16
11289	7.489047e+15	7.715974e+01	4.984395e+01	2.207499e+16
11290	7.489369e+15	7.618271e+01	4.898528e+01	4.185874e+16
11291	7.489711e+15	8.142679e+01	5.385813e+01	2.508136e+16
11292	7.490052e+15	7.863980e+01	5.170979e+01	4.735879e+16
11293	7.490405e+15	8.160075e+01	5.507315e+01	4.481281e+16
11294	7.490751e+15	8.575193e+01	5.697899e+01	5.207410e+16
11295	7.491085e+15	8.507600e+01	5.417183e+01	2.179351e+16
11296	7.491418e+15	8.558002e+01	5.432860e+01	1.687992e+16
11297	7.491750e+15	8.354690e+01	5.439999e+01	4.212925e+16
11298	7.492081e+15	8.634328e+01	5.615067e+01	2.122448e+16
11299	7.492400e+15	8.541056e+01	5.391906e+01	2.467586e+16
11300	7.492717e+15	8.176765e+01	5.247459e+01	3.360390e+16
11301	7.493037e+15	8.443906e+01	5.503321e+01	2.540447e+16
11302	7.493346e+15	7.016730e+01	4.590830e+01	2.645422e+16
11303	7.493687e+15	7.237412e+01	5.115280e+01	1.925171e+16
11304	7.494036e+15	7.370993e+01	5.234682e+01	1.876544e+16
11305	7.494390e+15	7.315510e+01	5.328138e+01	1.933848e+16
11306	7.494742e+15	6.861294e+01	5.146115e+01	2.963995e+16
11307	7.495103e+15	7.098451e+01	5.310428e+01	2.805968e+16
11308	7.495460e+15	1.064775e+02	7.563761e+01	1.158673e+16
11309	7.495710e+15	6.612422e+01	4.731236e+01	2.747283e+16
11310	7.495984e+15	8.164799e+01	5.654701e+01	2.707809e+16
11311	7.496248e+15	8.141452e+01	5.331448e+01	3.001669e+16
11312	7.496511e+15	7.851038e+01	5.066450e+01	5.332593e+16
11313	7.496785e+15	9.046747e+01	5.243549e+01	2.664784e+16
11314	7.497055e+15	9.607044e+01	4.796452e+01	4.344727e+16
11315	7.497335e+15	9.026991e+01	4.494318e+01	4.315358e+16
11316	7.497639e+15	9.411910e+01	4.638439e+01	4.484610e+16
11317	7.497949e+15	9.954257e+01	4.502090e+01	4.925876e+16
11318	7.498265e+15	9.665163e+01	4.039942e+01	3.404577e+16
11319	7.498602e+15	1.095306e+02	4.247369e+01	3.133498e+16
11320	7.498935e+15	1.049784e+02	3.808164e+01	4.402996e+16
11321	7.499285e+15	9.756478e+01	3.334873e+01	3.070604e+16
11322	7.499670e+15	1.099096e+02	3.757259e+01	4.237588e+16
11323	7.500048e+15	1.120108e+02	3.663545e+01	4.529408e+16
11324	7.500427e+15	1.028678e+02	3.576644e+01	3.174479e+16
11325	7.500826e+15	1.056880e+02	3.816285e+01	6.739030e+16
11326	7.501234e+15	1.089785e+02	3.950846e+01	4.394546e+16
11327	7.501637e+15	1.020008e+02	3.737058e+01	2.832970e+16
11328	7.502049e+15	1.048969e+02	3.862029e+01	3.975463e+16
11329	7.502455e+15	9.687328e+01	3.709304e+01	2.973654e+16
11330	7.502874e+15	1.042389e+02	4.004042e+01	6.883547e+16
11331	7.503283e+15	9.103380e+01	3.531504e+01	3.528827e+16
11332	7.503723e+15	1.018392e+02	3.998039e+01	4.978230e+16
11333	7.504151e+15	9.412197e+01	3.859969e+01	3.433736e+16
11334	7.504587e+15	9.293213e+01	3.992564e+01	3.630358e+16
11335	7.505024e+15	9.419714e+01	4.241478e+01	4.294679e+16
11336	7.505441e+15	9.471557e+01	4.254220e+01	5.154929e+16
11337	7.505840e+15	9.685775e+01	4.292584e+01	3.263895e+16
11338	7.506219e+15	9.162524e+01	4.419789e+01	4.230725e+16
11339	7.506577e+15	8.787875e+01	4.328561e+01	2.217626e+16
11340	7.506924e+15	8.416536e+01	4.103449e+01	3.859771e+16
11341	7.507270e+15	8.748316e+01	4.288862e+01	3.324498e+16
11342	7.507602e+15	8.537242e+01	4.175145e+01	2.038231e+16
11343	7.507923e+15	8.493737e+01	4.086663e+01	3.841861e+16
11344	7.508238e+15	8.065935e+01	3.785559e+01	2.798992e+16
11345	7.508556e+15	8.048431e+01	3.741915e+01	2.145008e+16
11346	7.508878e+15	8.118997e+01	3.719890e+01	2.194670e+16
11347	7.509200e+15	8.070199e+01	3.643613e+01	2.140427e+16
11348	7.509529e+15	7.771869e+01	3.535986e+01	3.765995e+16
11349	7.509855e+15	7.320025e+01	3.443180e+01	2.062916e+16
11350	7.510190e+15	7.000112e+01	3.420567e+01	2.812611e+16
11351	7.510548e+15	8.430344e+01	4.173252e+01	3.256505e+16
11352	7.510879e+15	6.802086e+01	3.428262e+01	4.273563e+16
11353	7.511239e+15	8.306919e+01	4.138657e+01	1.995620e+16
11354	7.511577e+15	8.557292e+01	4.125368e+01	3.963922e+16
11355	7.511895e+15	7.597618e+01	3.758882e+01	3.213611e+16
11356	7.512223e+15	8.325419e+01	4.155676e+01	1.288121e+16
11357	7.512539e+15	8.339388e+01	4.101074e+01	3.692418e+16
11358	7.512848e+15	6.768872e+01	3.521663e+01	1.344896e+16
11359	7.513193e+15	8.783495e+01	4.518006e+01	3.545168e+16
11360	7.513510e+15	7.082643e+01	3.594864e+01	3.963650e+16
11361	7.513853e+15	7.347409e+01	4.011209e+01	3.834141e+16
11362	7.514203e+15	6.898764e+01	4.004358e+01	3.149709e+16
11363	7.514571e+15	6.818565e+01	4.146335e+01	4.342440e+16
11364	7.514952e+15	7.689741e+01	4.587044e+01	4.878445e+16
11365	7.515312e+15	7.559588e+01	4.407848e+01	2.438053e+16
11366	7.515664e+15	8.084405e+01	4.686928e+01	2.332525e+16
11367	7.515996e+15	7.664751e+01	4.305057e+01	2.339166e+16
11368	7.516327e+15	8.252554e+01	4.545649e+01	2.123202e+16
11369	7.516643e+15	8.382950e+01	4.488908e+01	3.170451e+16
11370	7.516950e+15	8.719421e+01	4.525198e+01	2.666121e+16
11371	7.517246e+15	8.018814e+01	4.239406e+01	2.582361e+16
11372	7.517549e+15	8.906695e+01	4.657765e+01	2.378843e+16
11373	7.517836e+15	8.589851e+01	4.396339e+01	3.394097e+16
11374	7.518122e+15	7.618204e+01	3.924897e+01	2.240630e+16
11375	7.518433e+15	8.263150e+01	4.384236e+01	2.390057e+16
11376	7.518743e+15	7.721547e+01	4.374416e+01	2.819620e+16
11377	7.519057e+15	7.715983e+01	4.287425e+01	2.999740e+16
11378	7.519375e+15	7.570842e+01	4.234124e+01	3.873420e+16
11379	7.519703e+15	7.899891e+01	4.545758e+01	2.147265e+16
11380	7.520025e+15	7.979737e+01	4.541503e+01	1.156774e+16
11381	7.520342e+15	7.658257e+01	4.265670e+01	3.144153e+16
11382	7.520673e+15	8.138157e+01	4.529776e+01	1.778107e+16
11383	7.520997e+15	7.286039e+01	4.160155e+01	3.530054e+16
11384	7.521343e+15	7.916282e+01	4.522998e+01	2.275306e+16
11385	7.521686e+15	8.016378e+01	4.665185e+01	3.136824e+16
11386	7.522022e+15	7.831334e+01	4.538473e+01	3.272528e+16
11387	7.522360e+15	7.764114e+01	4.482012e+01	2.599569e+16
11388	7.522698e+15	8.119223e+01	4.626561e+01	3.582707e+16
11389	7.523029e+15	7.991934e+01	4.379813e+01	2.562691e+16
11390	7.523366e+15	7.906087e+01	4.491880e+01	4.152336e+16
11391	7.523702e+15	7.947783e+01	4.462605e+01	3.869710e+16
11392	7.524040e+15	8.035632e+01	4.524718e+01	3.356008e+16
11393	7.524382e+15	8.337865e+01	4.729468e+01	3.693318e+16
11394	7.524717e+15	7.939555e+01	4.508982e+01	3.966111e+16
11395	7.525059e+15	8.080348e+01	4.595747e+01	3.432020e+16
11396	7.525401e+15	7.990161e+01	4.561765e+01	3.969832e+16
11397	7.525743e+15	7.793550e+01	4.524787e+01	3.363518e+16
11398	7.526087e+15	6.726522e+01	4.010862e+01	2.395660e+16
11399	7.526464e+15	7.724622e+01	4.915523e+01	2.650742e+16
11400	7.526831e+15	8.205215e+01	5.196243e+01	2.051540e+16
11401	7.527175e+15	7.198657e+01	4.574275e+01	3.350767e+16
11402	7.527529e+15	7.371027e+01	4.865917e+01	3.182090e+16
11403	7.527877e+15	6.677154e+01	4.548732e+01	2.557410e+16
11404	7.528236e+15	7.347418e+01	5.118196e+01	2.904081e+16
11405	7.528573e+15	7.087286e+01	4.710622e+01	2.218494e+16
11406	7.528912e+15	6.898685e+01	4.534542e+01	2.408816e+16
11407	7.529265e+15	7.446127e+01	4.946937e+01	4.080207e+16
11408	7.529607e+15	7.292333e+01	4.527585e+01	3.043410e+16
11409	7.529956e+15	7.013934e+01	4.341867e+01	2.550264e+16
11410	7.530321e+15	7.480380e+01	4.582706e+01	4.485785e+16
11411	7.530684e+15	7.836995e+01	4.677724e+01	4.759096e+16
11412	7.531035e+15	7.775421e+01	4.271196e+01	5.656190e+16
11413	7.531392e+15	8.755780e+01	4.475309e+01	4.410161e+16
11414	7.531734e+15	8.183477e+01	4.116287e+01	2.795452e+16
11415	7.532082e+15	8.770662e+01	4.223213e+01	3.770434e+16
11416	7.532424e+15	8.444853e+01	4.051632e+01	3.482448e+16
11417	7.532780e+15	8.677742e+01	4.117192e+01	5.518794e+16
11418	7.533141e+15	7.958261e+01	3.833756e+01	5.014160e+16
11419	7.533528e+15	8.887106e+01	4.409726e+01	4.174102e+16
11420	7.533906e+15	8.522415e+01	4.220781e+01	3.302525e+16
11421	7.534290e+15	9.344949e+01	4.591469e+01	4.426837e+16
11422	7.534654e+15	9.761893e+01	4.661417e+01	4.015171e+16
11423	7.534997e+15	9.680106e+01	4.387951e+01	3.740882e+16
11424	7.535335e+15	1.005938e+02	4.685801e+01	4.222743e+16
11425	7.535654e+15	8.845854e+01	4.111626e+01	5.326707e+16
11426	7.535989e+15	9.014776e+01	4.318147e+01	4.123698e+16
11427	7.536327e+15	9.838646e+01	4.882381e+01	4.938835e+16
11428	7.536643e+15	8.841215e+01	4.470377e+01	4.388737e+16
11429	7.536967e+15	8.492168e+01	4.533566e+01	2.853031e+16
11430	7.537297e+15	8.642903e+01	4.758449e+01	4.169318e+16
11431	7.537625e+15	8.277241e+01	4.462115e+01	3.231168e+16
11432	7.537966e+15	9.703119e+01	5.379336e+01	3.989844e+16
11433	7.538271e+15	7.184433e+01	3.844046e+01	2.827423e+16
11434	7.538624e+15	9.510537e+01	5.160829e+01	5.203391e+16
11435	7.538949e+15	7.747144e+01	4.193475e+01	2.892294e+16
11436	7.539306e+15	8.631254e+01	4.679496e+01	4.069096e+16
11437	7.539664e+15	9.387000e+01	5.109714e+01	2.702530e+16
11438	7.539993e+15	8.907760e+01	4.857906e+01	3.417324e+16
11439	7.540313e+15	9.058972e+01	4.957938e+01	2.178489e+16
11440	7.540621e+15	8.874715e+01	4.940722e+01	2.762943e+16
11441	7.540922e+15	8.281109e+01	4.723487e+01	4.215240e+16
11442	7.541227e+15	8.670699e+01	4.922214e+01	2.851357e+16
11443	7.541525e+15	8.405331e+01	4.754994e+01	2.548612e+16
11444	7.541825e+15	9.061539e+01	5.102301e+01	2.624289e+16
11445	7.542114e+15	8.609644e+01	4.551485e+01	3.458948e+16
11446	7.542413e+15	9.027142e+01	4.745434e+01	2.819081e+16
11447	7.542710e+15	9.368858e+01	4.748977e+01	3.305250e+16
11448	7.543006e+15	9.275215e+01	4.669686e+01	3.249727e+16
11449	7.543303e+15	8.609203e+01	4.430994e+01	1.486252e+16
11450	7.543610e+15	9.452556e+01	4.863974e+01	4.308466e+16
11451	7.543903e+15	8.529178e+01	4.570002e+01	4.144013e+16
11452	7.544195e+15	8.356305e+01	4.450911e+01	2.848056e+16
11453	7.544489e+15	8.485518e+01	4.489454e+01	2.205857e+16
11454	7.544785e+15	8.281775e+01	4.355230e+01	2.041779e+16
11455	7.545086e+15	7.802555e+01	4.255496e+01	3.729554e+16
11456	7.545399e+15	7.900164e+01	4.280134e+01	1.866931e+16
11457	7.545724e+15	7.848430e+01	4.325389e+01	2.411146e+16
11458	7.546053e+15	8.372744e+01	4.650368e+01	3.188640e+16
11459	7.546373e+15	6.313765e+01	3.669123e+01	2.514906e+16
11460	7.546746e+15	7.807947e+01	4.777539e+01	6.108904e+16
11461	7.547113e+15	6.954845e+01	4.097515e+01	4.905363e+16
11462	7.547509e+15	7.800433e+01	4.839637e+01	3.348819e+16
11463	7.547900e+15	8.357482e+01	5.166433e+01	5.544675e+16
11464	7.548267e+15	8.246936e+01	5.108292e+01	6.251736e+16
11465	7.548612e+15	7.945726e+01	4.805579e+01	3.975377e+16
11466	7.548949e+15	8.630483e+01	4.927850e+01	2.445258e+16
11467	7.549268e+15	8.119366e+01	4.528202e+01	5.405805e+16
11468	7.549588e+15	7.941111e+01	4.515130e+01	2.960551e+16
11469	7.549914e+15	8.481428e+01	4.824728e+01	4.105727e+16
11470	7.550226e+15	8.041487e+01	4.516118e+01	2.398905e+16
11471	7.550539e+15	8.357790e+01	4.615278e+01	2.166821e+16
11472	7.550848e+15	8.003705e+01	4.291203e+01	2.757196e+16
11473	7.551166e+15	7.914496e+01	4.237705e+01	3.646806e+16
11474	7.551491e+15	8.158345e+01	4.302740e+01	2.026374e+16
11475	7.551822e+15	8.479533e+01	4.349186e+01	2.600301e+16
11476	7.552155e+15	7.537803e+01	4.132875e+01	3.498961e+16
11477	7.552497e+15	7.891280e+01	4.584232e+01	3.171166e+16
11478	7.552832e+15	7.407347e+01	4.239158e+01	3.066248e+16
11479	7.553181e+15	7.693879e+01	4.424053e+01	3.678299e+16
11480	7.553533e+15	8.133685e+01	4.618101e+01	3.710646e+16
11481	7.553878e+15	7.945953e+01	4.434257e+01	2.724196e+16
11482	7.554225e+15	8.169842e+01	4.603852e+01	3.818669e+16
11483	7.554564e+15	7.768650e+01	4.372040e+01	2.532739e+16
11484	7.554909e+15	8.344585e+01	4.693169e+01	3.359096e+16
11485	7.555237e+15	8.231037e+01	4.343846e+01	1.986227e+16
11486	7.555561e+15	8.381577e+01	4.321123e+01	3.379788e+16
11487	7.555880e+15	8.704205e+01	4.319158e+01	2.681809e+16
11488	7.556191e+15	8.810060e+01	4.393455e+01	1.424198e+16
11489	7.556496e+15	8.500983e+01	4.378921e+01	2.462749e+16
11490	7.556800e+15	8.819307e+01	4.403213e+01	2.930142e+16
11491	7.557099e+15	9.080370e+01	4.372919e+01	3.413854e+16
11492	7.557390e+15	9.236726e+01	4.162512e+01	3.520603e+16
11493	7.557676e+15	9.314506e+01	4.062542e+01	1.385838e+16
11494	7.557960e+15	9.592612e+01	4.028475e+01	2.831505e+16
11495	7.558243e+15	9.561031e+01	3.970122e+01	2.088632e+16
11496	7.558525e+15	9.185056e+01	3.795907e+01	2.676730e+16
11497	7.558810e+15	9.634571e+01	3.753622e+01	1.331697e+16
11498	7.559093e+15	9.195406e+01	3.675014e+01	3.374254e+16
11499	7.559384e+15	8.498985e+01	3.410934e+01	2.497085e+16
11500	7.559700e+15	9.926357e+01	3.902939e+01	3.881349e+16
11501	7.560002e+15	8.620324e+01	3.564884e+01	3.256980e+16
11502	7.560329e+15	9.088533e+01	3.960516e+01	4.825958e+16
11503	7.560657e+15	9.106959e+01	4.062426e+01	6.353159e+16
11504	7.560980e+15	9.350811e+01	4.107256e+01	2.724265e+16
11505	7.561297e+15	9.691844e+01	4.219452e+01	3.418808e+16
11506	7.561603e+15	9.913664e+01	4.123345e+01	2.966898e+16
11507	7.561902e+15	1.026978e+02	4.173247e+01	3.465530e+16
11508	7.562188e+15	1.014404e+02	3.983297e+01	3.703558e+16
11509	7.562472e+15	9.553087e+01	3.836448e+01	2.357442e+16
11510	7.562761e+15	9.113293e+01	3.628680e+01	1.701569e+16
11511	7.563061e+15	9.623270e+01	4.019482e+01	3.124668e+16
11512	7.563356e+15	8.890512e+01	3.655446e+01	2.123992e+16
11513	7.563665e+15	9.543635e+01	3.927009e+01	2.460366e+16
11514	7.563970e+15	9.870842e+01	3.908441e+01	3.517168e+16
11515	7.564267e+15	8.819156e+01	3.273967e+01	3.149415e+16
11516	7.564584e+15	9.109670e+01	3.563857e+01	2.727591e+16
11517	7.564904e+15	8.599681e+01	3.474122e+01	2.957622e+16
11518	7.565228e+15	9.060149e+01	3.822426e+01	2.148820e+16
11519	7.565534e+15	8.587316e+01	3.639573e+01	2.746458e+16
11520	7.565839e+15	8.473261e+01	3.628931e+01	1.671852e+16
11521	7.566145e+15	8.545932e+01	3.601630e+01	2.266691e+16
11522	7.566453e+15	8.993785e+01	3.732283e+01	3.836080e+16
11523	7.566752e+15	7.754038e+01	3.393576e+01	3.254599e+16
11524	7.567071e+15	9.099246e+01	3.886090e+01	1.166149e+16
11525	7.567368e+15	8.352393e+01	3.450943e+01	2.237416e+16
11526	7.567673e+15	8.517233e+01	3.609815e+01	3.069789e+16
11527	7.567973e+15	7.805206e+01	3.421202e+01	2.605796e+16
11528	7.568290e+15	8.274222e+01	3.642670e+01	3.736635e+16
11529	7.568601e+15	7.946386e+01	3.475954e+01	1.708801e+16
11530	7.568914e+15	8.533169e+01	3.592815e+01	3.204587e+16
11531	7.569221e+15	8.496398e+01	3.533535e+01	3.980075e+16
11532	7.569527e+15	8.390719e+01	3.525288e+01	2.652304e+16
11533	7.569832e+15	8.211519e+01	3.497495e+01	2.798865e+16
11534	7.570140e+15	7.840491e+01	3.309459e+01	2.927389e+16
11535	7.570458e+15	8.006544e+01	3.280461e+01	2.581839e+16
11536	7.570775e+15	8.102288e+01	3.645519e+01	1.982001e+16
11537	7.571086e+15	7.992610e+01	3.734530e+01	2.120678e+16
11538	7.571397e+15	8.143094e+01	3.922380e+01	2.538010e+16
11539	7.571697e+15	7.913649e+01	3.843256e+01	2.854635e+16
11540	7.571993e+15	8.061456e+01	3.889101e+01	2.059559e+16
11541	7.572283e+15	7.743126e+01	3.443552e+01	3.680173e+16
11542	7.572579e+15	7.948280e+01	3.618480e+01	3.464614e+16
11543	7.572878e+15	8.363804e+01	3.703791e+01	2.823472e+16
11544	7.573171e+15	8.526395e+01	3.717506e+01	2.907421e+16
11545	7.573461e+15	7.627936e+01	3.359315e+01	2.342381e+16
11546	7.573777e+15	7.996980e+01	3.687352e+01	2.853748e+16
11547	7.574099e+15	8.814941e+01	3.951655e+01	3.411034e+16
11548	7.574406e+15	8.312061e+01	3.586134e+01	1.696514e+16
11549	7.574718e+15	8.828269e+01	3.933000e+01	2.961329e+16
11550	7.575016e+15	8.976864e+01	3.827967e+01	2.165698e+16
11551	7.575307e+15	8.462013e+01	3.607110e+01	1.928306e+16
11552	7.575609e+15	8.994669e+01	3.845573e+01	1.474930e+16
11553	7.575898e+15	8.617622e+01	3.736729e+01	3.999671e+16
11554	7.576184e+15	9.144045e+01	3.954363e+01	2.839621e+16
11555	7.576456e+15	9.144949e+01	3.914352e+01	2.144426e+16
11556	7.576720e+15	8.882989e+01	3.837887e+01	4.010555e+16
11557	7.576982e+15	9.107047e+01	3.834510e+01	2.521774e+16
11558	7.577242e+15	8.927250e+01	3.757098e+01	2.457243e+16
11559	7.577503e+15	9.189682e+01	3.863332e+01	2.211171e+16
11560	7.577757e+15	8.985776e+01	3.820433e+01	2.299209e+16
11561	7.578008e+15	8.676456e+01	3.531357e+01	2.433979e+16
11562	7.578265e+15	8.710903e+01	3.619056e+01	2.049703e+16
11563	7.578523e+15	8.466598e+01	3.653691e+01	2.804865e+16
11564	7.578784e+15	8.086672e+01	3.488500e+01	1.704652e+16
11565	7.579056e+15	7.902330e+01	3.493806e+01	1.588724e+16
11566	7.579337e+15	8.578461e+01	3.871692e+01	3.057043e+16
11567	7.579604e+15	7.358560e+01	3.319927e+01	9.668113e+15
11568	7.579892e+15	7.896264e+01	3.600995e+01	2.575198e+16
11569	7.580179e+15	8.229233e+01	3.680734e+01	2.826623e+16
11570	7.580463e+15	7.890369e+01	3.566056e+01	1.691942e+16
11571	7.580749e+15	7.277121e+01	3.389089e+01	4.293383e+16
11572	7.581049e+15	7.696089e+01	3.689309e+01	2.019416e+16
11573	7.581345e+15	7.308034e+01	3.524965e+01	2.340236e+16
11574	7.581640e+15	8.019655e+01	3.853550e+01	3.365731e+16
11575	7.581920e+15	7.796317e+01	3.569254e+01	1.837748e+16
11576	7.582201e+15	6.918114e+01	3.289888e+01	2.832396e+16
11577	7.582505e+15	7.947229e+01	3.897035e+01	1.709475e+16
11578	7.582790e+15	7.007887e+01	3.558254e+01	2.914119e+16
11579	7.583084e+15	7.635976e+01	3.954968e+01	2.161052e+16
11580	7.583365e+15	8.156515e+01	3.932616e+01	4.426646e+16
11581	7.583633e+15	8.378865e+01	3.752821e+01	1.923784e+16
11582	7.583896e+15	8.299262e+01	3.616663e+01	1.787834e+16
11583	7.584165e+15	8.675820e+01	3.938157e+01	2.749843e+16
11584	7.584420e+15	7.414957e+01	3.534759e+01	1.804867e+16
11585	7.584688e+15	8.439589e+01	4.269424e+01	3.232931e+16
11586	7.584935e+15	6.714397e+01	3.515164e+01	2.105661e+16
11587	7.585211e+15	7.286464e+01	3.844970e+01	5.216927e+16
11588	7.585491e+15	8.471128e+01	4.280630e+01	3.052366e+16
11589	7.585749e+15	6.785531e+01	3.181039e+01	2.163493e+16
11590	7.586049e+15	8.258387e+01	4.074939e+01	1.924066e+16
11591	7.586341e+15	8.841212e+01	4.345326e+01	2.126680e+16
11592	7.586610e+15	8.433121e+01	3.924426e+01	3.390997e+16
11593	7.586877e+15	8.741101e+01	4.039204e+01	1.067990e+16
11594	7.587139e+15	8.035354e+01	3.772445e+01	2.434862e+16
11595	7.587408e+15	8.634729e+01	4.090775e+01	2.129259e+16
11596	7.587667e+15	8.778519e+01	3.992012e+01	3.579864e+16
11597	7.587923e+15	8.586744e+01	3.786194e+01	2.484623e+16
11598	7.588186e+15	9.328276e+01	4.030881e+01	2.242991e+16
11599	7.588441e+15	9.087603e+01	3.853978e+01	2.043478e+16
11600	7.588696e+15	8.646960e+01	3.742387e+01	2.050806e+16
11601	7.588957e+15	8.876007e+01	3.739688e+01	3.332746e+16
11602	7.589217e+15	8.344317e+01	3.153998e+01	1.334146e+16
11603	7.589492e+15	8.616229e+01	3.390708e+01	2.677290e+16
11604	7.589770e+15	8.005521e+01	3.351898e+01	2.607318e+16
11605	7.590058e+15	8.005571e+01	3.570412e+01	3.499840e+16
11606	7.590345e+15	7.578896e+01	3.508190e+01	9.435287e+15
11607	7.590641e+15	7.855203e+01	3.696205e+01	2.561278e+16
11608	7.590936e+15	8.109734e+01	3.829504e+01	2.117689e+16
11609	7.591224e+15	8.074346e+01	3.913251e+01	2.517911e+16
11610	7.591505e+15	7.607015e+01	3.725987e+01	2.446503e+16
11611	7.591789e+15	7.757166e+01	3.831496e+01	3.427426e+16
11612	7.592076e+15	8.159684e+01	3.908396e+01	2.363086e+16
11613	7.592353e+15	7.919899e+01	3.946887e+01	2.429717e+16
11614	7.592631e+15	8.036549e+01	4.065165e+01	2.226070e+16
11615	7.592905e+15	7.952028e+01	4.101920e+01	2.082975e+16
11616	7.593180e+15	8.565723e+01	4.201733e+01	2.290443e+16
11617	7.593448e+15	8.089461e+01	3.642524e+01	2.389712e+16
11618	7.593726e+15	8.145431e+01	3.727910e+01	3.570889e+16
11619	7.594012e+15	8.711946e+01	3.976605e+01	4.108026e+16
11620	7.594291e+15	8.536732e+01	4.035984e+01	1.980762e+16
11621	7.594568e+15	8.379909e+01	4.161837e+01	2.644738e+16
11622	7.594844e+15	8.108801e+01	4.136493e+01	3.192972e+16
11623	7.595127e+15	7.937963e+01	3.865157e+01	3.624256e+16
11624	7.595423e+15	8.535942e+01	4.209494e+01	2.043841e+16
11625	7.595711e+15	7.903836e+01	3.890585e+01	2.456120e+16
11626	7.596014e+15	8.387749e+01	4.140900e+01	2.879827e+16
11627	7.596314e+15	8.882328e+01	4.502007e+01	3.768263e+16
11628	7.596591e+15	7.829888e+01	3.792470e+01	1.126925e+16
11629	7.596889e+15	9.992246e+01	4.600100e+01	2.828005e+16
11630	7.597160e+15	8.387820e+01	3.697547e+01	2.139360e+16
11631	7.597449e+15	8.907159e+01	4.100571e+01	2.255263e+16
11632	7.597741e+15	9.517467e+01	4.355702e+01	2.266546e+16
11633	7.598019e+15	9.160659e+01	4.070164e+01	2.171395e+16
11634	7.598296e+15	9.881168e+01	4.312154e+01	2.288333e+16
11635	7.598557e+15	9.179194e+01	3.866819e+01	1.836676e+16
11636	7.598824e+15	9.989987e+01	4.260390e+01	3.291657e+16
11637	7.599077e+15	9.193843e+01	3.841459e+01	3.570263e+16
11638	7.599338e+15	9.515847e+01	4.115555e+01	1.557302e+16
11639	7.599593e+15	9.275980e+01	3.974054e+01	1.507698e+16
11640	7.599848e+15	8.102219e+01	3.715734e+01	6.324142e+15
11641	7.600125e+15	9.460890e+01	4.521913e+01	3.130284e+16
11642	7.600385e+15	8.641903e+01	4.214501e+01	2.378657e+16
11643	7.600651e+15	8.598864e+01	4.299647e+01	1.755896e+16
11644	7.600925e+15	8.978679e+01	4.611327e+01	3.259579e+16
11645	7.601195e+15	8.984842e+01	4.528374e+01	1.674176e+16
11646	7.601469e+15	8.862297e+01	4.435969e+01	2.883844e+16
11647	7.601744e+15	8.914589e+01	4.386813e+01	2.078181e+16
11648	7.602023e+15	9.175444e+01	4.519675e+01	1.696354e+16
11649	7.602302e+15	8.860538e+01	4.451483e+01	2.434080e+16
11650	7.602582e+15	8.961245e+01	4.518767e+01	2.440937e+16
11651	7.602862e+15	8.533704e+01	4.457300e+01	3.662569e+16
11652	7.603143e+15	8.644827e+01	4.542236e+01	2.365593e+16
11653	7.603421e+15	8.709274e+01	4.575855e+01	2.643742e+16
11654	7.603695e+15	8.671438e+01	4.462700e+01	8.978245e+15
11655	7.603967e+15	8.135717e+01	4.122660e+01	2.277907e+16
11656	7.604249e+15	8.206258e+01	4.458396e+01	2.409746e+16
11657	7.604533e+15	8.436375e+01	4.617396e+01	3.802548e+16
11658	7.604815e+15	8.491336e+01	4.601560e+01	2.128432e+16
11659	7.605098e+15	9.142452e+01	4.825937e+01	1.339433e+16
11660	7.605368e+15	9.197492e+01	4.605335e+01	1.740411e+16
11661	7.605633e+15	8.678060e+01	4.347473e+01	2.632942e+16
11662	7.605905e+15	9.137858e+01	4.502156e+01	3.130777e+16
11663	7.606172e+15	7.899582e+01	3.868951e+01	2.889262e+16
11664	7.606460e+15	8.915076e+01	4.686258e+01	1.444617e+16
11665	7.606738e+15	8.162883e+01	4.245067e+01	3.279909e+16
11666	7.607026e+15	8.791954e+01	4.434878e+01	3.346380e+16
11667	7.607312e+15	9.049125e+01	4.448365e+01	2.993708e+16
11668	7.607597e+15	8.458513e+01	4.128552e+01	1.557706e+16
11669	7.607898e+15	8.734408e+01	4.178604e+01	2.296945e+16
11670	7.608204e+15	8.894420e+01	4.154976e+01	5.522693e+16
11671	7.608523e+15	9.595670e+01	4.575395e+01	2.369288e+16
11672	7.608830e+15	9.875237e+01	4.574749e+01	3.320134e+16
11673	7.609127e+15	9.763872e+01	4.364920e+01	1.152275e+16
11674	7.609422e+15	1.063154e+02	4.597753e+01	2.240904e+16
11675	7.609701e+15	1.042851e+02	4.362433e+01	3.085127e+16
11676	7.609978e+15	1.057903e+02	4.453094e+01	3.066776e+16
11677	7.610252e+15	1.032699e+02	4.251638e+01	1.516921e+16
11678	7.610532e+15	1.114068e+02	4.348650e+01	2.502950e+16
11679	7.610803e+15	1.092098e+02	4.087946e+01	1.897940e+16
11680	7.611072e+15	1.013611e+02	4.027359e+01	3.412625e+16
11681	7.611355e+15	1.070901e+02	4.451218e+01	2.119174e+16
11682	7.611635e+15	1.029871e+02	4.303340e+01	3.317273e+16
11683	7.611919e+15	1.039028e+02	4.407490e+01	2.338407e+16
11684	7.612203e+15	1.015512e+02	4.298276e+01	2.845309e+16
11685	7.612492e+15	1.079061e+02	4.499065e+01	2.788648e+16
11686	7.612775e+15	1.071168e+02	4.418215e+01	2.600333e+16
11687	7.613059e+15	1.062225e+02	4.495493e+01	3.706126e+16
11688	7.613342e+15	1.014216e+02	4.254874e+01	2.757334e+16
11689	7.613635e+15	1.008219e+02	4.444745e+01	4.126344e+16
11690	7.613933e+15	9.785242e+01	4.525540e+01	2.194130e+16
11691	7.614233e+15	9.845627e+01	4.569490e+01	2.797266e+16
11692	7.614528e+15	1.011488e+02	4.677735e+01	3.631825e+16
11693	7.614812e+15	1.017957e+02	4.377859e+01	2.507428e+16
11694	7.615095e+15	1.058210e+02	4.548618e+01	3.827755e+16
11695	7.615369e+15	8.655291e+01	3.835383e+01	2.729444e+16
11696	7.615666e+15	9.472518e+01	4.183775e+01	1.915197e+16
11697	7.615970e+15	1.056510e+02	4.845016e+01	2.700431e+16
11698	7.616255e+15	9.320712e+01	4.363980e+01	1.864627e+16
11699	7.616552e+15	9.752879e+01	4.599451e+01	3.134509e+16
11700	7.616842e+15	1.006731e+02	4.731144e+01	2.323935e+16
11701	7.617125e+15	9.500600e+01	4.315319e+01	1.594069e+16
11702	7.617425e+15	1.114666e+02	4.884885e+01	4.688800e+16
11703	7.617705e+15	1.061267e+02	4.207049e+01	2.925999e+16
11704	7.617980e+15	1.043162e+02	4.189691e+01	1.446527e+16
11705	7.618253e+15	1.036350e+02	4.098330e+01	3.266977e+16
11706	7.618528e+15	1.056439e+02	4.090074e+01	1.368946e+16
11707	7.618800e+15	1.020113e+02	3.892447e+01	2.612316e+16
11708	7.619074e+15	1.151830e+02	4.179665e+01	1.827818e+16
11709	7.619327e+15	9.940877e+01	3.460987e+01	1.951741e+16
11710	7.619604e+15	1.122067e+02	3.929752e+01	1.692552e+16
11711	7.619873e+15	1.098670e+02	3.774063e+01	2.330764e+16
11712	7.620144e+15	1.035432e+02	3.604601e+01	3.435082e+16
11713	7.620424e+15	1.065499e+02	3.689899e+01	3.200546e+16
11714	7.620707e+15	1.099224e+02	3.880395e+01	2.992117e+16
11715	7.620986e+15	1.087452e+02	3.848339e+01	1.885998e+16
11716	7.621258e+15	1.012665e+02	3.770582e+01	2.076592e+16
11717	7.621529e+15	9.472798e+01	3.782543e+01	2.865825e+16
11718	7.621804e+15	9.464620e+01	3.870765e+01	2.351775e+16
11719	7.622078e+15	9.467432e+01	3.940492e+01	1.795355e+16
11720	7.622349e+15	8.715411e+01	3.822771e+01	5.603077e+16
11721	7.622629e+15	9.214392e+01	4.094010e+01	6.793883e+15
11722	7.622901e+15	8.886463e+01	4.022444e+01	3.349638e+16
11723	7.623175e+15	8.583648e+01	3.967279e+01	2.743251e+16
11724	7.623454e+15	8.684966e+01	3.855715e+01	2.974885e+16
11725	7.623736e+15	9.175806e+01	3.867562e+01	3.632925e+16
11726	7.624018e+15	9.705279e+01	3.888410e+01	2.339721e+16
11727	7.624298e+15	9.863974e+01	3.836973e+01	2.463559e+16
11728	7.624573e+15	9.480878e+01	3.715945e+01	3.442609e+16
11729	7.624851e+15	9.076450e+01	3.430930e+01	2.568149e+16
11730	7.625139e+15	9.302948e+01	3.765903e+01	4.676756e+16
11731	7.625422e+15	9.686347e+01	3.889246e+01	1.947590e+16
11732	7.625693e+15	8.917042e+01	3.014675e+01	3.057979e+16
11733	7.625978e+15	9.023539e+01	3.278865e+01	3.270766e+16
11734	7.626264e+15	8.875144e+01	3.141610e+01	2.488748e+16
11735	7.626551e+15	8.094883e+01	3.018994e+01	2.028068e+16
11736	7.626846e+15	8.578906e+01	3.334600e+01	2.507687e+16
11737	7.627129e+15	7.005635e+01	2.942732e+01	3.020617e+16
11738	7.627437e+15	7.324212e+01	3.309487e+01	3.119537e+16
11739	7.627747e+15	7.749606e+01	3.598890e+01	3.465604e+16
11740	7.628043e+15	6.357373e+01	3.159056e+01	1.460774e+16
11741	7.628362e+15	6.552296e+01	3.530895e+01	3.690414e+16
11742	7.628684e+15	6.598151e+01	3.741680e+01	2.438665e+16
11743	7.629000e+15	6.535675e+01	3.714161e+01	3.679200e+16
11744	7.629313e+15	8.083045e+01	4.144977e+01	2.889747e+16
11745	7.629595e+15	7.128335e+01	3.648621e+01	2.311755e+16
11746	7.629882e+15	7.766733e+01	3.813552e+01	3.042547e+16
11747	7.630163e+15	8.153805e+01	3.758256e+01	3.543902e+16
11748	7.630437e+15	7.772753e+01	3.382821e+01	2.783590e+16
11749	7.630718e+15	7.781132e+01	3.405642e+01	2.185855e+16
11750	7.631003e+15	7.642528e+01	3.455516e+01	2.419591e+16
11751	7.631297e+15	7.906889e+01	3.503860e+01	2.116304e+16
11752	7.631594e+15	8.348208e+01	3.536830e+01	1.913729e+16
11753	7.631881e+15	8.044209e+01	3.304325e+01	2.837194e+16
11754	7.632175e+15	8.617277e+01	3.421520e+01	2.225119e+16
11755	7.632455e+15	7.602482e+01	3.019900e+01	2.954465e+16
11756	7.632751e+15	8.294540e+01	3.224853e+01	3.528694e+16
11757	7.633046e+15	8.102669e+01	3.107495e+01	2.238073e+16
11758	7.633343e+15	7.618227e+01	3.056338e+01	2.181511e+16
11759	7.633651e+15	7.471983e+01	3.315910e+01	2.234781e+16
11760	7.633961e+15	6.894830e+01	3.244134e+01	2.125858e+16
11761	7.634280e+15	7.498601e+01	3.485368e+01	2.134626e+16
11762	7.634589e+15	7.200899e+01	3.291098e+01	3.975613e+16
11763	7.634909e+15	7.444059e+01	3.512374e+01	2.659281e+16
11764	7.635226e+15	7.482533e+01	3.585955e+01	3.635711e+16
11765	7.635539e+15	7.533365e+01	3.613310e+01	4.010531e+16
11766	7.635847e+15	7.439610e+01	3.664626e+01	1.805923e+16
11767	7.636153e+15	7.257666e+01	3.636252e+01	2.120451e+16
11768	7.636466e+15	7.444322e+01	3.805334e+01	3.176935e+16
11769	7.636777e+15	7.821868e+01	3.989111e+01	2.739305e+16
11770	7.637078e+15	7.302400e+01	3.722152e+01	2.844499e+16
11771	7.637388e+15	7.538048e+01	3.846995e+01	3.991387e+16
11772	7.637698e+15	7.416068e+01	3.783990e+01	2.382667e+16
11773	7.638013e+15	7.653620e+01	3.975314e+01	4.704976e+16
11774	7.638320e+15	7.779760e+01	3.934985e+01	3.398240e+16
11775	7.638627e+15	7.741965e+01	3.634160e+01	2.121233e+16
11776	7.638936e+15	8.390011e+01	3.773774e+01	2.227075e+16
11777	7.639235e+15	8.488024e+01	3.722428e+01	1.429361e+16
11778	7.639527e+15	8.153551e+01	3.577764e+01	2.511563e+16
11779	7.639823e+15	8.671894e+01	3.696283e+01	3.462812e+16
11780	7.640113e+15	8.471549e+01	3.637080e+01	3.914151e+16
11781	7.640403e+15	8.600706e+01	3.705996e+01	2.756698e+16
11782	7.640689e+15	7.874838e+01	3.449406e+01	2.253859e+16
11783	7.640989e+15	7.714388e+01	3.397230e+01	2.349734e+16
11784	7.641299e+15	7.333848e+01	3.272435e+01	2.631973e+16
11785	7.641642e+15	8.004594e+01	3.812103e+01	2.001972e+16
11786	7.641989e+15	8.381283e+01	4.329250e+01	3.408423e+16
11787	7.642312e+15	7.917608e+01	4.289128e+01	1.503246e+16
11788	7.642624e+15	7.626062e+01	4.246078e+01	1.584922e+16
11789	7.642933e+15	6.989734e+01	4.026907e+01	1.561082e+16
11790	7.643258e+15	8.117720e+01	4.666255e+01	8.457218e+15
11791	7.643563e+15	7.700493e+01	4.376900e+01	3.470404e+16
11792	7.643868e+15	7.893952e+01	4.394715e+01	1.977647e+16
11793	7.644172e+15	8.305908e+01	4.376586e+01	3.591399e+16
11794	7.644469e+15	7.582063e+01	3.891854e+01	2.526745e+16
11795	7.644780e+15	8.269300e+01	4.370356e+01	2.214328e+16
11796	7.645093e+15	8.689028e+01	4.664737e+01	2.419828e+16
11797	7.645395e+15	7.994252e+01	4.271900e+01	3.438911e+16
11798	7.645707e+15	9.217526e+01	4.809164e+01	2.237058e+16
11799	7.645999e+15	8.682094e+01	4.502917e+01	3.529028e+16
11800	7.646289e+15	8.396543e+01	4.460339e+01	1.165373e+16
11801	7.646583e+15	7.919010e+01	4.395287e+01	2.087345e+16
11802	7.646884e+15	8.407022e+01	4.624102e+01	2.551272e+16
11803	7.647178e+15	8.165576e+01	4.278032e+01	2.631475e+16
11804	7.647473e+15	8.057968e+01	4.050251e+01	1.714658e+16
11805	7.647777e+15	7.793441e+01	3.974349e+01	2.084003e+16
11806	7.648099e+15	8.436277e+01	4.385465e+01	4.700449e+16
11807	7.648417e+15	8.433022e+01	4.328997e+01	1.067913e+16
11808	7.648731e+15	8.830904e+01	4.436755e+01	1.668863e+16
11809	7.649034e+15	8.770760e+01	4.354373e+01	4.176838e+16
11810	7.649325e+15	9.180397e+01	4.467843e+01	2.937681e+16
11811	7.649599e+15	8.152975e+01	3.800740e+01	1.163321e+16
11812	7.649884e+15	8.819292e+01	4.173645e+01	2.344854e+16
11813	7.650167e+15	7.910928e+01	3.844340e+01	2.182345e+16
11814	7.650465e+15	8.477351e+01	4.248444e+01	3.188808e+16
11815	7.650757e+15	9.013515e+01	4.262119e+01	2.767728e+16
11816	7.651040e+15	9.146381e+01	4.198324e+01	3.386133e+16
11817	7.651313e+15	9.277173e+01	4.021411e+01	1.853089e+16
11818	7.651577e+15	9.180846e+01	3.793634e+01	1.564857e+16
11819	7.651842e+15	1.000457e+02	3.904952e+01	1.468848e+16
11820	7.652094e+15	8.893124e+01	3.610180e+01	9.565792e+15
11821	7.652358e+15	9.027435e+01	3.800409e+01	1.268874e+16
11822	7.652626e+15	1.006614e+02	4.014566e+01	3.093878e+16
11823	7.652877e+15	7.932304e+01	3.015610e+01	1.534853e+16
11824	7.653160e+15	8.684062e+01	3.786765e+01	2.537595e+16
11825	7.653445e+15	8.576730e+01	3.797306e+01	1.463630e+16
11826	7.653732e+15	8.531675e+01	3.610434e+01	1.909050e+16
11827	7.654020e+15	8.139851e+01	3.291791e+01	3.564350e+16
11828	7.654320e+15	8.947413e+01	3.502578e+01	2.084482e+16
11829	7.654606e+15	8.589309e+01	3.172631e+01	1.237914e+16
11830	7.654896e+15	8.446370e+01	3.065080e+01	9.015237e+15
11831	7.655198e+15	8.061403e+01	3.084450e+01	1.252362e+16
11832	7.655504e+15	8.894207e+01	3.569492e+01	1.540069e+16
11833	7.655784e+15	7.636684e+01	3.210791e+01	2.106549e+16
11834	7.656072e+15	7.934963e+01	3.532127e+01	2.585860e+16
11835	7.656350e+15	7.309734e+01	3.317177e+01	2.315598e+16
11836	7.656632e+15	7.453958e+01	3.319399e+01	3.146138e+16
11837	7.656920e+15	7.425473e+01	3.291620e+01	1.680619e+16
11838	7.657213e+15	8.643091e+01	3.692675e+01	2.759741e+16
11839	7.657484e+15	7.928304e+01	3.247340e+01	1.944410e+16
11840	7.657762e+15	8.119692e+01	3.263360e+01	1.272279e+16
11841	7.658047e+15	8.622469e+01	3.364938e+01	1.078400e+16
11842	7.658329e+15	8.344656e+01	3.169650e+01	2.405262e+16
11843	7.658614e+15	8.200654e+01	3.101758e+01	2.437670e+16
11844	7.658902e+15	8.400195e+01	3.037051e+01	2.013568e+16
11845	7.659189e+15	7.897726e+01	2.915283e+01	1.512334e+16
11846	7.659491e+15	8.067812e+01	3.051868e+01	2.957901e+16
11847	7.659797e+15	8.284397e+01	3.270241e+01	2.006738e+16
11848	7.660092e+15	7.570984e+01	3.162569e+01	1.967017e+16
11849	7.660393e+15	6.713404e+01	2.934080e+01	2.000372e+16
11850	7.660718e+15	7.522715e+01	3.347545e+01	2.298675e+16
11851	7.661031e+15	6.716126e+01	2.988359e+01	2.264125e+16
11852	7.661366e+15	7.029847e+01	3.212126e+01	2.571159e+16
11853	7.661708e+15	7.247994e+01	3.190418e+01	4.200473e+16
11854	7.662050e+15	7.607324e+01	3.247370e+01	3.207085e+16
11855	7.662383e+15	7.755424e+01	3.256485e+01	1.742831e+16
11856	7.662709e+15	8.064539e+01	3.329570e+01	3.317573e+16
11857	7.663018e+15	7.749068e+01	3.121561e+01	3.333632e+15
11858	7.663326e+15	7.859026e+01	3.146330e+01	2.588105e+16
11859	7.663628e+15	7.791021e+01	3.148836e+01	1.059741e+16
11860	7.663925e+15	7.485959e+01	3.077772e+01	1.420379e+16
11861	7.664226e+15	7.938376e+01	3.174271e+01	1.538683e+16
11862	7.664518e+15	7.779496e+01	3.045845e+01	1.028716e+16
11863	7.664809e+15	7.865409e+01	2.981652e+01	2.496320e+16
11864	7.665100e+15	7.916359e+01	2.899339e+01	1.371052e+16
11865	7.665390e+15	6.922996e+01	2.510837e+01	1.091098e+16
11866	7.665699e+15	7.403036e+01	2.795062e+01	2.287172e+16
11867	7.666009e+15	6.899630e+01	2.730826e+01	3.102340e+16
11868	7.666326e+15	7.049632e+01	2.901917e+01	3.284597e+16
11869	7.666635e+15	6.699980e+01	2.644574e+01	2.658783e+16
11870	7.666956e+15	6.131177e+01	2.733164e+01	1.228809e+16
11871	7.667294e+15	6.040453e+01	2.820189e+01	2.063621e+16
11872	7.667643e+15	6.205471e+01	2.767517e+01	2.853502e+16
11873	7.668006e+15	6.985285e+01	3.198717e+01	1.311519e+16
11874	7.668346e+15	7.182978e+01	3.356471e+01	1.948001e+16
11875	7.668657e+15	6.365773e+01	3.067193e+01	1.945574e+16
11876	7.668965e+15	6.566097e+01	3.200064e+01	1.573820e+16
11877	7.669263e+15	6.575696e+01	3.212380e+01	2.283863e+16
11878	7.669553e+15	5.811486e+01	2.765132e+01	3.090517e+16
11879	7.669867e+15	6.395861e+01	3.162566e+01	2.968901e+16
11880	7.670182e+15	6.978920e+01	3.212955e+01	2.312803e+16
11881	7.670482e+15	6.222998e+01	2.553344e+01	1.726822e+16
11882	7.670803e+15	6.708076e+01	2.917505e+01	2.166211e+16
11883	7.671116e+15	5.738776e+01	2.662166e+01	2.373638e+16
11884	7.671453e+15	6.402910e+01	3.169262e+01	3.408444e+16
11885	7.671769e+15	5.747401e+01	3.090411e+01	1.907287e+16
11886	7.672085e+15	5.468004e+01	3.041425e+01	2.184570e+16
11887	7.672412e+15	5.995845e+01	3.434133e+01	1.748692e+16
11888	7.672721e+15	5.674585e+01	3.333118e+01	1.424060e+16
11889	7.673025e+15	5.393730e+01	3.287488e+01	3.697489e+16
11890	7.673329e+15	5.792853e+01	3.429598e+01	2.412462e+16
11891	7.673626e+15	6.159864e+01	3.484986e+01	2.826958e+16
11892	7.673910e+15	6.275258e+01	3.418911e+01	2.047375e+14
11893	7.674191e+15	6.658465e+01	3.458361e+01	1.470677e+16
11894	7.674468e+15	6.935403e+01	3.344205e+01	1.228487e+16
11895	7.674742e+15	7.173827e+01	3.297751e+01	1.824561e+16
11896	7.675015e+15	7.316288e+01	3.242445e+01	8.480592e+15
11897	7.675286e+15	7.398003e+01	3.357998e+01	2.525684e+16
11898	7.675552e+15	7.534979e+01	3.413251e+01	3.576753e+16
11899	7.675819e+15	7.357534e+01	3.079223e+01	1.608070e+16
11900	7.676089e+15	7.451689e+01	3.314244e+01	2.080615e+16
11901	7.676359e+15	7.070927e+01	3.398883e+01	1.757781e+16
11902	7.676635e+15	6.782466e+01	3.232794e+01	1.845794e+16
11903	7.676926e+15	7.177735e+01	3.014819e+01	1.405791e+16
11904	7.677219e+15	7.425286e+01	3.041649e+01	1.502310e+16
11905	7.677510e+15	7.409173e+01	2.876668e+01	3.115362e+16
11906	7.677806e+15	6.700847e+01	2.700218e+01	2.124113e+16
11907	7.678123e+15	6.875534e+01	3.063515e+01	1.769320e+16
11908	7.678435e+15	7.435351e+01	3.079515e+01	2.110195e+16
11909	7.678739e+15	7.371735e+01	2.961236e+01	1.598657e+16
11910	7.679045e+15	7.433103e+01	3.116577e+01	2.468469e+16
11911	7.679343e+15	6.654798e+01	2.857017e+01	2.005027e+16
11912	7.679651e+15	7.239017e+01	3.224942e+01	1.640488e+16
11913	7.679944e+15	6.379330e+01	2.639914e+01	1.579574e+16
11914	7.680249e+15	6.649394e+01	2.831057e+01	3.087458e+16
11915	7.680552e+15	6.421107e+01	2.807400e+01	2.097462e+16
11916	7.680862e+15	6.085693e+01	2.769752e+01	1.740495e+16
11917	7.681183e+15	6.424490e+01	2.982817e+01	1.684769e+16
11918	7.681497e+15	6.132030e+01	2.903098e+01	2.782858e+16
11919	7.681812e+15	6.358382e+01	3.088553e+01	9.899985e+15
11920	7.682119e+15	6.190867e+01	3.012589e+01	8.368220e+15
11921	7.682420e+15	5.873986e+01	2.867960e+01	1.106256e+16
11922	7.682731e+15	6.125804e+01	2.978029e+01	7.015419e+15
11923	7.683046e+15	5.768294e+01	2.825946e+01	1.343472e+16
11924	7.683382e+15	6.306859e+01	3.131851e+01	1.745668e+16
11925	7.683714e+15	6.425791e+01	3.177606e+01	1.866133e+16
11926	7.684044e+15	6.694929e+01	3.303108e+01	1.188937e+16
11927	7.684369e+15	6.454469e+01	3.276068e+01	1.870191e+15
11928	7.684695e+15	6.279700e+01	3.245955e+01	3.944221e+16
11929	7.685027e+15	6.272643e+01	3.371250e+01	1.767120e+16
11930	7.685360e+15	6.261754e+01	3.442716e+01	1.722673e+16
11931	7.685685e+15	6.310275e+01	3.401228e+01	1.587899e+16
11932	7.686004e+15	6.352777e+01	3.383062e+01	1.708408e+16
11933	7.686319e+15	6.685239e+01	3.470543e+01	2.110065e+16
11934	7.686620e+15	6.539399e+01	3.406468e+01	1.615946e+16
11935	7.686917e+15	6.728987e+01	3.367267e+01	3.226805e+16
11936	7.687208e+15	6.754652e+01	3.285648e+01	2.109912e+16
11937	7.687494e+15	6.696923e+01	3.279582e+01	1.846075e+16
11938	7.687780e+15	6.809862e+01	3.314191e+01	3.576832e+16
11939	7.688063e+15	6.658545e+01	3.233724e+01	2.406470e+16
11940	7.688346e+15	6.519727e+01	3.027921e+01	2.136699e+16
11941	7.688634e+15	6.855746e+01	3.233448e+01	1.109163e+16
11942	7.688927e+15	7.360772e+01	3.427067e+01	2.580138e+16
11943	7.689214e+15	7.288665e+01	3.521269e+01	2.014076e+16
11944	7.689499e+15	7.201249e+01	3.562346e+01	2.099065e+16
11945	7.689784e+15	7.439343e+01	3.529259e+01	2.938386e+16
11946	7.690065e+15	7.953357e+01	3.507665e+01	2.628104e+16
11947	7.690337e+15	8.066492e+01	3.225140e+01	1.650732e+16
11948	7.690608e+15	7.723720e+01	3.194807e+01	2.376312e+16
11949	7.690891e+15	7.914993e+01	3.240157e+01	2.269017e+16
11950	7.691177e+15	8.154567e+01	3.437978e+01	1.851584e+16
11951	7.691451e+15	8.179864e+01	3.422054e+01	3.493929e+16
11952	7.691718e+15	7.905368e+01	3.216387e+01	1.456074e+16
11953	7.691997e+15	8.139667e+01	3.189511e+01	1.681913e+16
11954	7.692284e+15	8.421666e+01	3.288002e+01	1.677250e+16
11955	7.692572e+15	8.080190e+01	3.226670e+01	1.525727e+16
11956	7.692857e+15	7.341284e+01	3.052081e+01	1.992482e+16
11957	7.693156e+15	8.608592e+01	3.553624e+01	1.698724e+16
11958	7.693430e+15	7.620785e+01	3.005406e+01	1.524237e+16
11959	7.693715e+15	8.962503e+01	3.438272e+01	1.392959e+16
11960	7.693980e+15	8.275677e+01	3.216439e+01	1.573405e+16
11961	7.694246e+15	7.635054e+01	2.922850e+01	1.714651e+16
11962	7.694526e+15	8.602866e+01	3.259101e+01	8.800248e+15
11963	7.694789e+15	8.139257e+01	3.016704e+01	1.254670e+16
11964	7.695053e+15	7.685586e+01	2.910468e+01	1.608306e+16
11965	7.695322e+15	7.925130e+01	2.920952e+01	6.810016e+15
11966	7.695591e+15	7.643586e+01	3.000650e+01	2.156785e+16
11967	7.695863e+15	7.440457e+01	2.994628e+01	2.306330e+16
11968	7.696139e+15	7.142653e+01	2.901515e+01	2.080805e+16
11969	7.696420e+15	7.211954e+01	2.953217e+01	1.921675e+16
11970	7.696707e+15	7.464839e+01	2.940910e+01	1.809296e+16
11971	7.697003e+15	7.759086e+01	3.141927e+01	1.381996e+16
11972	7.697284e+15	7.059210e+01	2.939516e+01	2.514375e+16
11973	7.697566e+15	6.644770e+01	2.785415e+01	2.073218e+16
11974	7.697860e+15	7.241369e+01	3.092485e+01	1.435576e+16
11975	7.698145e+15	6.566599e+01	2.894897e+01	1.184394e+16
11976	7.698441e+15	6.352802e+01	2.832701e+01	2.084491e+16
11977	7.698746e+15	6.526564e+01	2.950811e+01	1.778037e+16
11978	7.699053e+15	7.095487e+01	3.058920e+01	2.495793e+16
11979	7.699351e+15	7.076097e+01	2.973679e+01	2.268371e+16
11980	7.699649e+15	6.867329e+01	3.057116e+01	2.359753e+16
11981	7.699945e+15	6.211529e+01	2.863264e+01	1.597327e+16
11982	7.700253e+15	7.428591e+01	3.248998e+01	1.018695e+16
11983	7.700531e+15	6.738421e+01	2.757797e+01	2.902921e+16
11984	7.700817e+15	7.592740e+01	3.041164e+01	1.499821e+16
11985	7.701087e+15	7.060254e+01	2.852908e+01	1.506447e+16
11986	7.701361e+15	7.007742e+01	2.800205e+01	1.410502e+16
11987	7.701636e+15	7.042820e+01	2.820050e+01	1.618094e+16
11988	7.701910e+15	6.939673e+01	2.952436e+01	1.427430e+16
11989	7.702178e+15	6.409778e+01	2.700267e+01	2.277039e+16
11990	7.702459e+15	6.721807e+01	2.800171e+01	1.157450e+16
11991	7.702743e+15	6.278482e+01	2.453642e+01	5.997049e+15
11992	7.703040e+15	6.260385e+01	2.363756e+01	2.249380e+16
11993	7.703357e+15	6.729220e+01	2.471580e+01	2.030099e+16
11994	7.703678e+15	7.258814e+01	2.551597e+01	2.696643e+16
11995	7.703988e+15	7.211523e+01	2.545382e+01	1.240199e+16
11996	7.704298e+15	7.571044e+01	2.642564e+01	1.627018e+16
11997	7.704602e+15	6.690245e+01	2.345307e+01	2.296408e+16
11998	7.704924e+15	7.727937e+01	3.006698e+01	7.962559e+15
11999	7.705223e+15	7.277633e+01	2.855483e+01	1.934478e+16
12000	7.705516e+15	6.821109e+01	2.738359e+01	1.450589e+16
12001	7.705817e+15	7.309712e+01	3.054868e+01	4.497987e+15
12002	7.706101e+15	6.243802e+01	2.655367e+01	1.893264e+16
12003	7.706402e+15	7.686167e+01	3.109205e+01	1.742358e+16
12004	7.706679e+15	6.927332e+01	2.671012e+01	1.452925e+16
12005	7.706964e+15	7.153406e+01	2.749260e+01	1.844154e+16
12006	7.707248e+15	7.203638e+01	2.724105e+01	1.694092e+16
12007	7.707526e+15	6.866385e+01	2.463259e+01	2.130115e+16
12008	7.707816e+15	6.773496e+01	2.537506e+01	3.033204e+16
12009	7.708104e+15	6.405927e+01	2.583436e+01	2.172807e+16
12010	7.708389e+15	6.196106e+01	2.627385e+01	1.858209e+16
12011	7.708671e+15	6.043910e+01	2.685572e+01	7.408779e+15
12012	7.708946e+15	4.993945e+01	2.308739e+01	1.079263e+16
12013	7.709245e+15	5.532761e+01	2.724789e+01	1.852077e+16
12014	7.709530e+15	4.771521e+01	2.412630e+01	8.258452e+15
12015	7.709825e+15	4.821281e+01	2.528047e+01	1.239310e+16
12016	7.710131e+15	5.314412e+01	2.791602e+01	1.341498e+16
12017	7.710427e+15	5.261945e+01	2.786751e+01	1.682391e+16
12018	7.710717e+15	4.891338e+01	2.700325e+01	2.998884e+16
12019	7.711019e+15	5.329444e+01	2.989573e+01	1.542950e+16
12020	7.711308e+15	4.815630e+01	2.785891e+01	2.155809e+16
12021	7.711607e+15	4.729930e+01	2.863355e+01	1.507628e+16
12022	7.711912e+15	4.913991e+01	3.065431e+01	6.899972e+15
12023	7.712215e+15	4.964425e+01	3.019153e+01	1.826000e+16
12024	7.712517e+15	4.913010e+01	2.825071e+01	2.936194e+16
12025	7.712829e+15	5.307481e+01	3.151766e+01	2.227823e+16
12026	7.713138e+15	5.780017e+01	2.984994e+01	2.993693e+16
12027	7.713438e+15	5.306403e+01	2.777021e+01	1.228933e+16
12028	7.713763e+15	5.745147e+01	3.121249e+01	2.046177e+16
12029	7.714080e+15	5.671677e+01	3.095218e+01	2.653452e+16
12030	7.714390e+15	5.737976e+01	3.023704e+01	1.671814e+16
12031	7.714703e+15	6.654847e+01	3.312146e+01	1.539453e+16
12032	7.714992e+15	5.932001e+01	2.829762e+01	4.549217e+15
12033	7.715294e+15	6.157673e+01	3.043667e+01	1.713940e+16
12034	7.715595e+15	6.245332e+01	3.020900e+01	1.682601e+16
12035	7.715889e+15	6.289788e+01	2.682799e+01	8.543521e+15
12036	7.716187e+15	6.709732e+01	2.690235e+01	4.818994e+15
12037	7.716475e+15	6.729893e+01	2.496296e+01	3.200286e+16
12038	7.716765e+15	7.104898e+01	2.704844e+01	1.933647e+16
12039	7.717053e+15	6.576181e+01	2.611187e+01	1.676380e+16
12040	7.717351e+15	6.681576e+01	2.691757e+01	4.556672e+15
12041	7.717641e+15	6.248262e+01	2.558370e+01	1.163816e+16
12042	7.717940e+15	5.914327e+01	2.506563e+01	1.548389e+16
12043	7.718254e+15	6.717948e+01	2.776416e+01	1.649973e+16
12044	7.718548e+15	6.354314e+01	2.514477e+01	1.301570e+16
12045	7.718844e+15	6.902515e+01	2.642598e+01	1.138103e+16
12046	7.719126e+15	6.556278e+01	2.557208e+01	2.425557e+16
12047	7.719409e+15	6.314538e+01	2.311627e+01	1.144556e+16
12048	7.719705e+15	6.375749e+01	2.381354e+01	2.004932e+16
12049	7.720000e+15	6.182125e+01	2.399748e+01	1.611306e+16
12050	7.720299e+15	5.498673e+01	2.187776e+01	1.195457e+16
12051	7.720632e+15	6.338020e+01	2.610478e+01	2.558885e+16
12052	7.720951e+15	5.978338e+01	2.427788e+01	1.099457e+16
12053	7.721281e+15	6.260141e+01	2.612482e+01	2.635637e+16
12054	7.721605e+15	5.887150e+01	2.575520e+01	1.480443e+16
12055	7.721931e+15	6.241663e+01	2.725033e+01	2.578425e+16
12056	7.722245e+15	6.418096e+01	2.744765e+01	2.387651e+16
12057	7.722541e+15	6.042726e+01	2.456345e+01	2.539762e+16
12058	7.722840e+15	6.503495e+01	2.664460e+01	2.087661e+16
12059	7.723121e+15	5.774494e+01	2.426374e+01	1.598649e+16
12060	7.723411e+15	6.294304e+01	2.613088e+01	1.503881e+16
12061	7.723693e+15	5.552913e+01	2.243660e+01	1.041376e+16
12062	7.723988e+15	5.197632e+01	2.278061e+01	1.551522e+16
12063	7.724302e+15	6.146448e+01	2.845501e+01	2.994331e+16
12064	7.724585e+15	4.996964e+01	2.185481e+01	1.480168e+16
12065	7.724889e+15	6.024025e+01	2.480706e+01	1.928233e+16
12066	7.725186e+15	6.106032e+01	2.442506e+01	7.787154e+15
12067	7.725479e+15	6.244297e+01	2.433502e+01	1.393938e+16
12068	7.725768e+15	6.307531e+01	2.250387e+01	1.667729e+16
12069	7.726061e+15	5.958127e+01	2.167775e+01	2.044711e+16
12070	7.726367e+15	6.371408e+01	2.391019e+01	3.143089e+16
12071	7.726664e+15	5.822047e+01	2.170346e+01	3.515951e+15
12072	7.726969e+15	6.154264e+01	2.307633e+01	2.688203e+16
12073	7.727264e+15	5.414961e+01	2.008507e+01	1.300233e+16
12074	7.727574e+15	5.460545e+01	2.233569e+01	5.682926e+15
12075	7.727892e+15	5.344608e+01	2.335430e+01	1.407130e+16
12076	7.728214e+15	5.191494e+01	2.276404e+01	1.487501e+16
12077	7.728550e+15	5.405030e+01	2.382552e+01	1.277902e+16
12078	7.728886e+15	5.155511e+01	2.276939e+01	1.978066e+16
12079	7.729236e+15	5.492747e+01	2.431174e+01	2.616893e+16
12080	7.729578e+15	5.850825e+01	2.450247e+01	1.930815e+16
12081	7.729903e+15	5.394502e+01	2.179670e+01	1.375208e+16
12082	7.730245e+15	6.166315e+01	2.463770e+01	9.862326e+15
12083	7.730570e+15	5.795521e+01	2.216433e+01	1.901232e+16
12084	7.730907e+15	6.255760e+01	2.383486e+01	1.546079e+16
12085	7.731231e+15	6.294746e+01	2.349058e+01	2.289234e+16
12086	7.731551e+15	6.466553e+01	2.368291e+01	1.810929e+16
12087	7.731866e+15	6.493136e+01	2.358473e+01	1.460952e+16
12088	7.732180e+15	6.975775e+01	2.435083e+01	2.701187e+16
12089	7.732478e+15	6.422455e+01	2.223779e+01	2.062700e+16
12090	7.732784e+15	6.860627e+01	2.344097e+01	1.666319e+16
12091	7.733082e+15	6.757208e+01	2.156795e+01	3.437791e+15
12092	7.733382e+15	6.844844e+01	2.142229e+01	1.676185e+16
12093	7.733682e+15	7.091638e+01	2.107006e+01	1.692650e+16
12094	7.733983e+15	7.030461e+01	2.192670e+01	3.021409e+16
12095	7.734283e+15	7.094270e+01	2.280325e+01	1.784731e+16
12096	7.734574e+15	6.742327e+01	2.172573e+01	1.092660e+16
12097	7.734869e+15	6.647275e+01	2.194168e+01	1.608665e+16
12098	7.735165e+15	6.635209e+01	2.162776e+01	1.930786e+16
12099	7.735463e+15	6.610286e+01	2.118067e+01	1.809926e+16
12100	7.735763e+15	6.012919e+01	1.865148e+01	1.836446e+16
12101	7.736079e+15	6.344535e+01	2.137946e+01	1.356907e+16
12102	7.736389e+15	5.753242e+01	2.122819e+01	1.997357e+16
12103	7.736705e+15	5.755242e+01	2.183101e+01	1.495682e+16
12104	7.737019e+15	5.433922e+01	2.076805e+01	2.330130e+16
12105	7.737334e+15	5.622509e+01	1.953522e+01	1.803810e+16
12106	7.737646e+15	5.262020e+01	1.864024e+01	2.233632e+16
12107	7.737973e+15	5.556919e+01	2.014765e+01	2.444771e+16
12108	7.738301e+15	5.498455e+01	2.078109e+01	1.752744e+16
12109	7.738623e+15	5.334379e+01	2.109443e+01	2.028996e+16
12110	7.738943e+15	5.370429e+01	2.204798e+01	3.776659e+16
12111	7.739256e+15	5.314881e+01	2.322010e+01	1.481395e+16
12112	7.739560e+15	4.903287e+01	2.117457e+01	1.143024e+16
12113	7.739873e+15	5.339248e+01	2.336496e+01	2.186904e+16
12114	7.740173e+15	4.841342e+01	2.000224e+01	1.529935e+16
12115	7.740494e+15	5.490407e+01	2.215341e+01	1.842650e+16
12116	7.740806e+15	5.675463e+01	2.116492e+01	2.069788e+16
12117	7.741113e+15	5.186163e+01	1.966165e+01	1.530852e+16
12118	7.741431e+15	5.707654e+01	2.116481e+01	8.714017e+15
12119	7.741736e+15	5.544728e+01	1.984619e+01	3.236583e+16
12120	7.742033e+15	5.460062e+01	1.886152e+01	1.813490e+16
12121	7.742334e+15	5.179491e+01	1.815129e+01	1.214955e+16
12122	7.742648e+15	5.252766e+01	1.860044e+01	1.921567e+16
12123	7.742966e+15	5.241312e+01	1.989763e+01	1.738722e+16
12124	7.743279e+15	5.096881e+01	1.865884e+01	7.142331e+15
12125	7.743597e+15	5.298131e+01	2.017111e+01	1.583511e+16
12126	7.743907e+15	5.236212e+01	1.970230e+01	2.028875e+16
12127	7.744217e+15	5.116941e+01	2.042895e+01	2.213691e+16
12128	7.744523e+15	4.631624e+01	1.833511e+01	1.016215e+16
12129	7.744841e+15	4.985163e+01	2.041523e+01	2.069050e+16
12130	7.745159e+15	5.204765e+01	2.061744e+01	1.875758e+16
12131	7.745473e+15	4.929311e+01	1.966294e+01	1.472630e+16
12132	7.745790e+15	5.334154e+01	2.167603e+01	1.845196e+16
12133	7.746092e+15	4.483112e+01	1.891476e+01	1.342859e+16
12134	7.746401e+15	4.645324e+01	1.994493e+01	1.654578e+16
12135	7.746722e+15	5.421979e+01	2.345717e+01	1.944210e+16
12136	7.747019e+15	4.680819e+01	2.001751e+01	1.134887e+16
12137	7.747337e+15	5.261860e+01	2.255405e+01	1.413494e+16
12138	7.747641e+15	5.145081e+01	2.155298e+01	3.480860e+16
12139	7.747943e+15	5.272479e+01	2.129559e+01	1.648804e+16
12140	7.748250e+15	5.695049e+01	2.248496e+01	2.072524e+16
12141	7.748545e+15	5.370441e+01	1.976320e+01	2.949486e+16
12142	7.748851e+15	5.518306e+01	2.143855e+01	2.773177e+16
12143	7.749159e+15	5.487093e+01	2.208661e+01	1.409418e+16
12144	7.749464e+15	5.701213e+01	2.191886e+01	1.795759e+16
12145	7.749758e+15	5.501991e+01	2.090646e+01	2.473133e+16
12146	7.750057e+15	5.605212e+01	2.137028e+01	2.686574e+16
12147	7.750357e+15	5.505836e+01	2.099393e+01	1.955844e+16
12148	7.750664e+15	5.835414e+01	2.205596e+01	2.169869e+16
12149	7.750963e+15	5.650644e+01	2.078558e+01	1.861022e+16
12150	7.751264e+15	5.475922e+01	2.156517e+01	2.607336e+16
12151	7.751561e+15	5.308518e+01	2.058838e+01	4.182995e+16
12152	7.751860e+15	5.529898e+01	2.024388e+01	1.053742e+16
12153	7.752155e+15	5.018208e+01	1.921037e+01	2.177724e+16
12154	7.752464e+15	4.819407e+01	1.947194e+01	3.221176e+16
12155	7.752783e+15	4.720787e+01	2.056563e+01	1.149805e+16
12156	7.753105e+15	4.797730e+01	2.070747e+01	9.373017e+15
12157	7.753428e+15	4.895354e+01	1.902140e+01	3.792197e+16
12158	7.753753e+15	5.048185e+01	1.917389e+01	1.809316e+16
12159	7.754071e+15	4.932229e+01	1.756381e+01	1.440826e+16
12160	7.754395e+15	5.292422e+01	1.798221e+01	2.499827e+16
12161	7.754709e+15	5.299165e+01	1.813881e+01	1.512061e+16
12162	7.755010e+15	4.979195e+01	1.698344e+01	1.520281e+16
12163	7.755313e+15	5.236459e+01	1.736805e+01	2.086829e+16
12164	7.755607e+15	5.011783e+01	1.675954e+01	2.795962e+16
12165	7.755903e+15	4.949461e+01	1.767762e+01	1.142856e+16
12166	7.756193e+15	4.851841e+01	1.757392e+01	3.231021e+16
12167	7.756484e+15	4.635457e+01	1.699456e+01	6.502783e+15
12168	7.756779e+15	4.955919e+01	1.853963e+01	9.285448e+15
12169	7.757064e+15	4.212456e+01	1.615464e+01	2.754154e+16
12170	7.757374e+15	4.359714e+01	1.765152e+01	1.706071e+16
12171	7.757684e+15	4.354331e+01	1.661260e+01	9.045035e+15
12172	7.757996e+15	4.369760e+01	1.697218e+01	3.061560e+16
12173	7.758318e+15	4.580822e+01	1.889991e+01	8.435048e+15
12174	7.758626e+15	3.757674e+01	1.704877e+01	2.223705e+16
12175	7.758962e+15	4.040886e+01	1.995464e+01	1.289847e+16
12176	7.759289e+15	4.386928e+01	2.008210e+01	8.751072e+15
12177	7.759607e+15	4.403865e+01	1.899713e+01	1.280456e+16
12178	7.759931e+15	4.457555e+01	2.126900e+01	1.654884e+16
12179	7.760235e+15	4.340326e+01	2.023267e+01	2.158704e+16
12180	7.760524e+15	4.788540e+01	1.928596e+01	1.821771e+16
12181	7.760802e+15	4.828076e+01	1.832333e+01	1.581485e+16
12182	7.761079e+15	5.018640e+01	1.907958e+01	1.654736e+16
12183	7.761347e+15	4.911967e+01	1.842534e+01	1.646464e+16
12184	7.761617e+15	4.783996e+01	1.811137e+01	1.360673e+16
12185	7.761889e+15	4.793200e+01	1.892677e+01	1.069153e+16
12186	7.762159e+15	4.405966e+01	1.844945e+01	2.191120e+16
12187	7.762442e+15	4.611020e+01	1.834737e+01	1.080356e+16
12188	7.762721e+15	5.033973e+01	1.796722e+01	8.373349e+15
12189	7.763001e+15	4.925921e+01	1.676879e+01	1.005171e+16
12190	7.763299e+15	5.035765e+01	1.751658e+01	3.409953e+16
12191	7.763593e+15	5.000455e+01	1.734841e+01	9.396456e+15
12192	7.763880e+15	4.763745e+01	1.683147e+01	3.066309e+16
12193	7.764172e+15	4.642233e+01	1.694792e+01	2.401732e+16
12194	7.764467e+15	4.722143e+01	1.713030e+01	1.389845e+16
12195	7.764762e+15	4.582710e+01	1.622270e+01	1.692589e+16
12196	7.765062e+15	4.536520e+01	1.667760e+01	1.663418e+16
12197	7.765357e+15	4.624689e+01	1.678666e+01	1.707109e+16
12198	7.765648e+15	4.315557e+01	1.679376e+01	2.462637e+16
12199	7.765942e+15	4.131028e+01	1.610790e+01	1.623162e+16
12200	7.766239e+15	4.163350e+01	1.600733e+01	2.572858e+16
12201	7.766536e+15	4.055650e+01	1.623878e+01	1.588345e+16
12202	7.766841e+15	4.087282e+01	1.734270e+01	2.768279e+16
12203	7.767148e+15	4.096332e+01	1.749813e+01	2.902181e+16
12204	7.767457e+15	3.683185e+01	1.740397e+01	1.834191e+16
12205	7.767779e+15	3.375798e+01	1.760791e+01	1.449339e+16
12206	7.768117e+15	3.653648e+01	1.968255e+01	1.840241e+16
12207	7.768442e+15	3.436199e+01	1.811879e+01	2.915532e+16
12208	7.768779e+15	3.377605e+01	1.840255e+01	3.086992e+16
12209	7.769132e+15	3.530529e+01	1.851415e+01	4.546929e+16
12210	7.769493e+15	3.950382e+01	1.864602e+01	3.029433e+16
12211	7.769847e+15	4.103750e+01	1.900555e+01	2.558140e+16
12212	7.770187e+15	3.801435e+01	1.925266e+01	2.206546e+16
12213	7.770526e+15	3.777863e+01	1.725409e+01	3.248991e+16
12214	7.770872e+15	3.984295e+01	1.829005e+01	1.379849e+16
12215	7.771207e+15	3.929752e+01	1.746566e+01	2.261145e+16
12216	7.771543e+15	3.999244e+01	1.775160e+01	1.590748e+16
12217	7.771878e+15	4.193578e+01	1.791045e+01	2.261415e+16
12218	7.772215e+15	4.211803e+01	1.742539e+01	2.048490e+16
12219	7.772563e+15	4.469302e+01	1.825412e+01	2.612506e+16
12220	7.772903e+15	4.407785e+01	1.734039e+01	3.993026e+16
12221	7.773246e+15	4.683695e+01	1.951382e+01	2.937237e+16
12222	7.773582e+15	4.541874e+01	1.966795e+01	9.430577e+15
12223	7.773922e+15	4.245697e+01	1.971234e+01	2.818811e+16
12224	7.774273e+15	4.580833e+01	2.093094e+01	2.619275e+16
12225	7.774608e+15	4.598292e+01	2.039052e+01	1.483408e+16
12226	7.774938e+15	4.849010e+01	2.103094e+01	2.184297e+16
12227	7.775259e+15	4.693336e+01	2.078596e+01	1.122411e+16
12228	7.775581e+15	4.749685e+01	2.177125e+01	3.149224e+16
12229	7.775893e+15	4.482778e+01	2.135531e+01	2.119523e+16
12230	7.776197e+15	4.044655e+01	1.883001e+01	2.416128e+16
12231	7.776519e+15	4.124559e+01	2.212743e+01	1.816505e+16
12232	7.776837e+15	4.102973e+01	2.372208e+01	3.213559e+16
12233	7.777147e+15	4.000002e+01	2.407483e+01	2.013061e+16
12234	7.777459e+15	3.999737e+01	2.525171e+01	1.424138e+16
12235	7.777768e+15	3.628101e+01	2.330481e+01	3.872395e+16
12236	7.778088e+15	4.235562e+01	2.495974e+01	2.446594e+16
12237	7.778397e+15	4.565304e+01	2.471505e+01	2.386388e+16
12238	7.778697e+15	4.713294e+01	2.462867e+01	1.179281e+16
12239	7.778995e+15	4.829863e+01	2.509387e+01	2.405619e+16
12240	7.779286e+15	4.608938e+01	2.396540e+01	1.548928e+16
12241	7.779576e+15	5.026984e+01	2.557137e+01	2.057379e+16
12242	7.779850e+15	4.459640e+01	2.418677e+01	1.481724e+16
12243	7.780137e+15	4.289771e+01	2.555136e+01	3.644393e+16
12244	7.780434e+15	4.312279e+01	2.868215e+01	9.131209e+15
12245	7.780714e+15	3.840163e+01	2.394142e+01	1.391529e+16
12246	7.781011e+15	4.656815e+01	2.896235e+01	3.838992e+16
12247	7.781293e+15	4.922886e+01	2.765189e+01	2.733307e+16
12248	7.781571e+15	5.081714e+01	2.677581e+01	1.791075e+16
12249	7.781847e+15	5.110094e+01	2.777472e+01	1.615431e+16
12250	7.782116e+15	5.027311e+01	2.663192e+01	8.418286e+15
12251	7.782390e+15	5.059664e+01	2.688674e+01	1.548421e+16
12252	7.782668e+15	5.021845e+01	2.621227e+01	1.343446e+16
12253	7.782946e+15	5.231343e+01	2.543128e+01	2.173595e+16
12254	7.783222e+15	5.125681e+01	2.236959e+01	1.636457e+16
12255	7.783508e+15	5.298868e+01	2.432279e+01	2.652425e+16
12256	7.783784e+15	4.419696e+01	2.121627e+01	1.368851e+16
12257	7.784083e+15	4.951348e+01	2.606061e+01	2.383170e+16
12258	7.784369e+15	4.589695e+01	2.382926e+01	7.260496e+15
12259	7.784664e+15	4.773110e+01	2.399661e+01	1.661210e+16
12260	7.784959e+15	4.522618e+01	2.348169e+01	2.436938e+16
12261	7.785254e+15	4.223502e+01	2.257292e+01	1.646535e+16
12262	7.785567e+15	3.799895e+01	2.177612e+01	2.781740e+16
12263	7.785892e+15	4.014530e+01	2.484971e+01	1.144266e+16
12264	7.786220e+15	4.160623e+01	2.887961e+01	2.440552e+16
12265	7.786528e+15	3.324661e+01	2.293461e+01	1.539077e+16
12266	7.786877e+15	4.044582e+01	2.925203e+01	2.421057e+16
12267	7.787209e+15	3.710562e+01	2.667490e+01	1.812838e+16
12268	7.787546e+15	3.874300e+01	2.760842e+01	2.393066e+16
12269	7.787884e+15	4.379947e+01	3.100557e+01	1.526828e+16
12270	7.788199e+15	3.723270e+01	2.598097e+01	2.294838e+16
12271	7.788543e+15	4.915459e+01	3.286526e+01	2.690155e+16
12272	7.788848e+15	4.488589e+01	2.928223e+01	2.900863e+16
12273	7.789152e+15	4.693387e+01	3.076019e+01	2.829431e+16
12274	7.789450e+15	4.602259e+01	3.043882e+01	8.943183e+15
12275	7.789744e+15	4.473921e+01	2.865159e+01	2.099943e+16
12276	7.790037e+15	4.398968e+01	3.041528e+01	1.832730e+16
12277	7.790327e+15	4.310803e+01	3.167798e+01	2.017822e+16
12278	7.790616e+15	4.495597e+01	3.185256e+01	1.852121e+16
12279	7.790903e+15	4.371615e+01	3.112651e+01	1.972484e+16
12280	7.791202e+15	4.490503e+01	3.228938e+01	3.346654e+16
12281	7.791503e+15	4.586792e+01	3.341293e+01	1.420996e+16
12282	7.791796e+15	4.746151e+01	3.348085e+01	1.047560e+16
12283	7.792084e+15	4.701884e+01	3.159218e+01	2.523934e+16
12284	7.792380e+15	4.637295e+01	3.199770e+01	1.243692e+16
12285	7.792684e+15	4.747150e+01	3.288562e+01	3.254369e+16
12286	7.792983e+15	5.194807e+01	3.367352e+01	2.569376e+16
12287	7.793267e+15	5.412076e+01	3.132646e+01	2.419157e+16
12288	7.793548e+15	5.773309e+01	3.167659e+01	3.118708e+16
12289	7.793816e+15	5.421228e+01	2.863167e+01	1.446019e+16
12290	7.794089e+15	6.161902e+01	3.145076e+01	2.948922e+16
12291	7.794344e+15	5.359533e+01	2.466696e+01	1.595987e+16
12292	7.794616e+15	5.797980e+01	2.692564e+01	2.539417e+16
12293	7.794885e+15	5.849762e+01	2.846747e+01	1.723403e+16
12294	7.795143e+15	5.045957e+01	2.542678e+01	2.110007e+16
12295	7.795414e+15	5.282692e+01	2.943895e+01	3.227693e+16
12296	7.795676e+15	4.867604e+01	2.813960e+01	2.329043e+16
12297	7.795946e+15	5.358274e+01	3.129219e+01	2.071185e+16
12298	7.796197e+15	4.376584e+01	2.450159e+01	1.206235e+16
12299	7.796474e+15	4.742960e+01	2.689167e+01	1.739628e+16
12300	7.796764e+15	5.173980e+01	2.898572e+01	1.456158e+16
12301	7.797048e+15	4.442971e+01	2.544537e+01	2.440786e+16
12302	7.797368e+15	4.743291e+01	2.736752e+01	2.919791e+16
12303	7.797708e+15	5.007019e+01	3.128254e+01	1.709696e+16
12304	7.798030e+15	4.962535e+01	3.052623e+01	2.338331e+16
12305	7.798353e+15	4.965944e+01	2.969024e+01	1.972823e+16
12306	7.798677e+15	5.399418e+01	3.094719e+01	2.603723e+16
12307	7.798990e+15	5.312418e+01	2.996369e+01	1.698480e+16
12308	7.799306e+15	5.447597e+01	3.089600e+01	2.180732e+16
12309	7.799612e+15	5.502058e+01	2.911728e+01	4.230347e+16
12310	7.799918e+15	5.924880e+01	3.015403e+01	2.291129e+16
12311	7.800214e+15	5.909582e+01	3.131878e+01	2.325589e+16
12312	7.800495e+15	5.348129e+01	2.814369e+01	2.906328e+16
12313	7.800789e+15	5.680126e+01	2.935301e+01	1.416300e+16
12314	7.801078e+15	5.543639e+01	2.831034e+01	1.201552e+16
12315	7.801368e+15	5.601576e+01	2.854601e+01	9.872771e+15
12316	7.801656e+15	5.583364e+01	2.722695e+01	1.799108e+16
12317	7.801949e+15	5.732695e+01	2.743833e+01	2.303962e+16
12318	7.802242e+15	5.787326e+01	2.787850e+01	1.994179e+16
12319	7.802533e+15	5.650906e+01	2.766754e+01	2.114058e+16
12320	7.802826e+15	5.263155e+01	2.803436e+01	2.635251e+16
12321	7.803119e+15	5.348588e+01	2.852193e+01	1.508574e+16
12322	7.803406e+15	5.381142e+01	2.866352e+01	1.791351e+16
12323	7.803691e+15	5.249145e+01	2.639137e+01	1.000016e+16
12324	7.803985e+15	5.440352e+01	2.717972e+01	1.928699e+16
12325	7.804272e+15	5.629342e+01	2.574201e+01	1.566977e+16
12326	7.804561e+15	5.565864e+01	2.512587e+01	1.870010e+16
12327	7.804850e+15	5.252175e+01	2.407886e+01	1.821568e+16
12328	7.805150e+15	5.446094e+01	2.608368e+01	1.489349e+16
12329	7.805439e+15	5.447733e+01	2.623907e+01	1.929017e+16
12330	7.805719e+15	5.193723e+01	2.441033e+01	2.057372e+16
12331	7.806008e+15	5.386945e+01	2.601556e+01	1.083282e+16
12332	7.806300e+15	5.109073e+01	2.366841e+01	2.152048e+16
12333	7.806610e+15	5.534783e+01	2.685362e+01	3.159977e+16
12334	7.806917e+15	5.678209e+01	2.773950e+01	1.624852e+16
12335	7.807214e+15	5.229853e+01	2.526815e+01	2.931198e+16
12336	7.807522e+15	6.140125e+01	2.797025e+01	2.316052e+16
12337	7.807808e+15	5.925770e+01	2.622236e+01	2.018952e+16
12338	7.808092e+15	5.766235e+01	2.497202e+01	1.580037e+16
12339	7.808377e+15	5.606191e+01	2.495089e+01	1.927668e+16
12340	7.808659e+15	5.295113e+01	2.338235e+01	2.596897e+16
12341	7.808953e+15	5.489257e+01	2.525202e+01	1.251523e+16
12342	7.809243e+15	5.481206e+01	2.533634e+01	2.527515e+16
12343	7.809530e+15	5.340632e+01	2.489559e+01	2.002541e+16
12344	7.809822e+15	5.150605e+01	2.572304e+01	1.186368e+16
12345	7.810119e+15	4.909940e+01	2.488416e+01	1.697608e+16
12346	7.810421e+15	4.647558e+01	2.404852e+01	2.323741e+16
12347	7.810741e+15	5.032007e+01	2.621106e+01	3.489199e+16
12348	7.811054e+15	4.760399e+01	2.495051e+01	2.183653e+16
12349	7.811382e+15	5.047430e+01	2.668257e+01	3.064219e+16
12350	7.811708e+15	5.115912e+01	2.613167e+01	2.510229e+16
12351	7.812036e+15	5.211144e+01	2.703202e+01	3.696133e+16
12352	7.812356e+15	5.318500e+01	2.722716e+01	2.039943e+16
12353	7.812668e+15	5.645737e+01	2.709045e+01	1.662305e+16
12354	7.812971e+15	5.774537e+01	2.700906e+01	1.331388e+16
12355	7.813264e+15	5.611184e+01	2.568821e+01	1.512008e+16
12356	7.813561e+15	5.788643e+01	2.566716e+01	1.457627e+16
12357	7.813863e+15	6.074213e+01	2.521072e+01	3.363094e+16
12358	7.814165e+15	5.866814e+01	2.271751e+01	3.637936e+16
12359	7.814469e+15	6.065100e+01	2.471959e+01	2.029995e+16
12360	7.814771e+15	6.406765e+01	2.679698e+01	1.149682e+16
12361	7.815064e+15	6.008686e+01	2.516766e+01	1.487560e+16
12362	7.815364e+15	6.513856e+01	2.680640e+01	2.310459e+16
12363	7.815650e+15	6.135217e+01	2.419481e+01	2.068934e+16
12364	7.815946e+15	6.794665e+01	2.598106e+01	2.297472e+16
12365	7.816226e+15	6.087330e+01	2.362902e+01	1.103037e+16
12366	7.816514e+15	6.638649e+01	2.502063e+01	3.125338e+16
12367	7.816791e+15	6.573017e+01	2.470159e+01	1.940573e+16
12368	7.817063e+15	5.923342e+01	2.191625e+01	2.774766e+16
12369	7.817348e+15	6.379420e+01	2.393663e+01	2.648530e+16
12370	7.817625e+15	5.963821e+01	2.217202e+01	2.229507e+16
12371	7.817915e+15	5.879392e+01	2.235971e+01	1.072212e+16
12372	7.818209e+15	6.037623e+01	2.309709e+01	2.108388e+16
12373	7.818503e+15	6.504026e+01	2.438487e+01	1.298848e+16
12374	7.818782e+15	5.888067e+01	2.277562e+01	2.503198e+16
12375	7.819069e+15	6.103201e+01	2.473970e+01	1.021560e+16
12376	7.819351e+15	5.753057e+01	2.416215e+01	3.622951e+16
12377	7.819632e+15	5.434193e+01	2.317830e+01	1.994398e+16
12378	7.819921e+15	5.718912e+01	2.392955e+01	1.918655e+16
12379	7.820217e+15	5.695677e+01	2.312925e+01	2.564678e+16
12380	7.820525e+15	5.973254e+01	2.460399e+01	1.813712e+16
12381	7.820832e+15	6.157785e+01	2.525319e+01	1.743069e+16
12382	7.821136e+15	5.572904e+01	2.467573e+01	2.418152e+16
12383	7.821452e+15	6.229125e+01	2.680531e+01	2.452750e+16
12384	7.821758e+15	6.171961e+01	2.564118e+01	3.224635e+16
12385	7.822071e+15	6.103085e+01	2.599800e+01	1.550240e+16
12386	7.822390e+15	6.348924e+01	2.757801e+01	2.858688e+16
12387	7.822701e+15	6.479287e+01	2.802218e+01	2.549260e+16
12388	7.823003e+15	6.777443e+01	2.806909e+01	1.417273e+16
12389	7.823297e+15	6.787381e+01	2.784467e+01	2.177398e+16
12390	7.823582e+15	6.731579e+01	2.787140e+01	2.268401e+16
12391	7.823866e+15	6.881362e+01	2.749147e+01	1.779806e+16
12392	7.824144e+15	6.440353e+01	2.548495e+01	1.744456e+16
12393	7.824426e+15	6.715085e+01	2.732739e+01	2.762577e+16
12394	7.824698e+15	6.057942e+01	2.602040e+01	1.695308e+16
12395	7.824978e+15	6.171020e+01	2.682534e+01	1.895392e+16
12396	7.825258e+15	6.155307e+01	2.774882e+01	1.993011e+16
12397	7.825534e+15	5.650141e+01	2.572840e+01	1.891629e+16
12398	7.825821e+15	5.728564e+01	2.613523e+01	1.937046e+16
12399	7.826112e+15	5.867593e+01	2.597318e+01	1.301683e+16
12400	7.826407e+15	5.672882e+01	2.523552e+01	1.385341e+16
12401	7.826711e+15	5.943716e+01	2.893391e+01	3.658878e+15
12402	7.826995e+15	5.381654e+01	2.368947e+01	2.004533e+16
12403	7.827293e+15	5.572527e+01	2.466002e+01	2.374479e+16
12404	7.827592e+15	5.976632e+01	2.633264e+01	1.589934e+16
12405	7.827883e+15	5.903584e+01	2.672183e+01	2.005654e+16
12406	7.828169e+15	5.263149e+01	2.556848e+01	3.552597e+16
12407	7.828469e+15	5.747483e+01	2.687713e+01	2.454850e+16
12408	7.828768e+15	5.583749e+01	2.621887e+01	3.068871e+16
12409	7.829076e+15	5.703683e+01	2.620960e+01	2.077243e+16
12410	7.829385e+15	5.771730e+01	2.680148e+01	1.173700e+16
12411	7.829684e+15	5.827803e+01	2.587640e+01	3.554776e+16
12412	7.829981e+15	5.861543e+01	2.810212e+01	1.334209e+16
12413	7.830270e+15	5.782007e+01	2.652409e+01	2.335961e+16
12414	7.830557e+15	5.720025e+01	2.775618e+01	2.325835e+16
12415	7.830836e+15	5.654062e+01	2.480150e+01	1.595987e+16
12416	7.831121e+15	5.680150e+01	2.471233e+01	1.246853e+16
12417	7.831401e+15	5.596717e+01	2.464401e+01	2.093532e+16
12418	7.831681e+15	5.525835e+01	2.520060e+01	2.109593e+16
12419	7.831963e+15	5.398895e+01	2.521650e+01	1.626385e+16
12420	7.832243e+15	5.400906e+01	2.595797e+01	3.091988e+16
12421	7.832517e+15	5.314180e+01	2.551836e+01	1.633907e+16
12422	7.832792e+15	4.878997e+01	2.400286e+01	1.775465e+16
12423	7.833078e+15	4.781080e+01	2.560326e+01	1.233128e+16
12424	7.833378e+15	5.593904e+01	3.015535e+01	1.888208e+16
12425	7.833651e+15	4.952979e+01	2.675511e+01	1.047495e+16
12426	7.833933e+15	5.235553e+01	2.781583e+01	2.215049e+16
12427	7.834211e+15	4.494679e+01	2.493268e+01	1.957207e+16
12428	7.834494e+15	4.615929e+01	2.323930e+01	1.099163e+16
12429	7.834782e+15	4.774913e+01	2.304113e+01	1.076673e+16
12430	7.835074e+15	4.634916e+01	2.357576e+01	2.128274e+16
12431	7.835377e+15	4.756735e+01	2.515791e+01	9.855351e+15
12432	7.835681e+15	4.088108e+01	2.086169e+01	1.386102e+16
12433	7.836030e+15	4.908194e+01	2.622558e+01	2.252094e+16
12434	7.836362e+15	5.165303e+01	2.626982e+01	1.300992e+16
12435	7.836671e+15	5.098075e+01	2.503970e+01	1.571615e+16
12436	7.836978e+15	5.205496e+01	2.538751e+01	3.880092e+16
12437	7.837279e+15	4.802156e+01	2.436272e+01	1.985424e+16
12438	7.837587e+15	5.355342e+01	2.622667e+01	1.168249e+16
12439	7.837880e+15	5.369332e+01	2.682164e+01	1.517251e+16
12440	7.838160e+15	4.583554e+01	2.422087e+01	1.646375e+16
12441	7.838455e+15	4.848692e+01	2.569210e+01	2.894658e+16
12442	7.838749e+15	4.319019e+01	2.404515e+01	1.730003e+16
12443	7.839056e+15	4.975050e+01	2.671549e+01	1.840773e+16
12444	7.839360e+15	5.861877e+01	3.185655e+01	2.554168e+16
12445	7.839629e+15	4.697490e+01	2.644207e+01	1.164849e+16
12446	7.839915e+15	4.997345e+01	2.976133e+01	2.122944e+16
12447	7.840193e+15	4.872370e+01	2.884167e+01	1.366202e+16
12448	7.840475e+15	4.940355e+01	3.054552e+01	1.484008e+16
12449	7.840751e+15	4.409425e+01	2.868845e+01	1.399160e+16
12450	7.841033e+15	4.601601e+01	3.050976e+01	1.407884e+16
12451	7.841307e+15	4.779226e+01	3.083137e+01	2.440446e+16
12452	7.841573e+15	4.577835e+01	2.844144e+01	7.793123e+15
12453	7.841848e+15	4.668730e+01	3.088707e+01	3.083146e+16
12454	7.842120e+15	4.767337e+01	2.991827e+01	1.503842e+16
12455	7.842397e+15	4.584328e+01	2.927896e+01	1.708243e+16
12456	7.842688e+15	5.343599e+01	2.944004e+01	1.577072e+16
12457	7.842976e+15	5.352745e+01	2.841046e+01	1.658158e+16
12458	7.843274e+15	5.708579e+01	3.007993e+01	1.898830e+16
12459	7.843570e+15	5.628938e+01	2.545014e+01	6.373922e+15
12460	7.843867e+15	6.008207e+01	2.536994e+01	1.230712e+16
12461	7.844172e+15	6.305236e+01	2.605118e+01	1.551706e+16
12462	7.844468e+15	6.147059e+01	2.590394e+01	1.695245e+16
12463	7.844755e+15	6.175803e+01	2.540842e+01	2.240873e+16
12464	7.845045e+15	6.107743e+01	2.631846e+01	8.114415e+15
12465	7.845328e+15	6.012258e+01	2.776749e+01	9.082113e+15
12466	7.845603e+15	5.642565e+01	2.816650e+01	1.597290e+16
12467	7.845875e+15	5.325584e+01	2.812320e+01	1.854094e+16
12468	7.846148e+15	5.458302e+01	2.901951e+01	1.930338e+16
12469	7.846415e+15	5.294797e+01	2.859136e+01	1.169444e+16
12470	7.846686e+15	5.542098e+01	2.937815e+01	1.423249e+16
12471	7.846956e+15	5.541235e+01	2.846875e+01	1.604785e+16
12472	7.847228e+15	5.677050e+01	2.901427e+01	1.120499e+16
12473	7.847497e+15	6.023750e+01	2.883149e+01	7.747440e+15
12474	7.847767e+15	5.841483e+01	2.747422e+01	1.143936e+16
12475	7.848049e+15	6.114137e+01	2.842962e+01	1.696594e+16
12476	7.848330e+15	6.383470e+01	2.949061e+01	1.365256e+16
12477	7.848622e+15	6.440810e+01	2.978958e+01	2.647704e+16
12478	7.848922e+15	6.208171e+01	3.025111e+01	2.214856e+16
12479	7.849220e+15	6.013496e+01	3.138527e+01	1.848225e+16
12480	7.849510e+15	5.846918e+01	2.895069e+01	1.106331e+16
12481	7.849810e+15	6.149443e+01	3.079494e+01	7.943869e+15
12482	7.850111e+15	6.259295e+01	3.072823e+01	2.437314e+16
12483	7.850403e+15	6.206093e+01	2.817017e+01	9.324203e+15
12484	7.850692e+15	6.263358e+01	2.834283e+01	1.164327e+16
12485	7.850984e+15	6.484960e+01	2.840283e+01	1.346871e+16
12486	7.851272e+15	6.295459e+01	2.775266e+01	1.362429e+16
12487	7.851558e+15	6.512308e+01	2.795831e+01	9.728650e+15
12488	7.851842e+15	6.359020e+01	2.772106e+01	7.175343e+15
12489	7.852128e+15	6.474995e+01	2.805685e+01	1.308916e+16
12490	7.852410e+15	6.610500e+01	2.818404e+01	1.275336e+16
12491	7.852685e+15	6.549252e+01	2.751305e+01	1.784259e+16
12492	7.852956e+15	6.764907e+01	2.700281e+01	1.237702e+16
12493	7.853222e+15	5.638744e+01	2.127859e+01	1.019370e+16
12494	7.853504e+15	5.996061e+01	2.472227e+01	7.396176e+15
12495	7.853775e+15	5.393010e+01	2.361663e+01	1.299539e+16
12496	7.854053e+15	5.068556e+01	2.510290e+01	9.130908e+15
12497	7.854342e+15	4.679449e+01	2.508118e+01	2.011623e+16
12498	7.854644e+15	4.549391e+01	2.600294e+01	1.154825e+16
12499	7.854948e+15	4.482977e+01	2.681970e+01	1.672035e+16
12500	7.855254e+15	4.679228e+01	2.741645e+01	5.129949e+15
12501	7.855558e+15	4.841825e+01	2.630108e+01	1.720779e+16
12502	7.855853e+15	5.072744e+01	2.762407e+01	1.442248e+16
12503	7.856144e+15	5.156149e+01	2.747404e+01	8.857254e+15
12504	7.856434e+15	5.039274e+01	2.792220e+01	1.198944e+16
12505	7.856721e+15	5.152767e+01	2.908754e+01	5.567775e+15
12506	7.857004e+15	5.134813e+01	2.810958e+01	1.835380e+16
12507	7.857292e+15	5.493078e+01	2.822836e+01	8.696751e+15
12508	7.857574e+15	5.317583e+01	2.378435e+01	1.542455e+16
12509	7.857862e+15	5.334246e+01	2.447211e+01	1.791750e+16
12510	7.858155e+15	5.259125e+01	2.398961e+01	1.954403e+16
12511	7.858448e+15	5.432124e+01	2.514244e+01	1.894944e+16
12512	7.858733e+15	5.405331e+01	2.480383e+01	2.464299e+15
12513	7.859013e+15	5.145992e+01	2.565049e+01	8.612818e+15
12514	7.859285e+15	4.740065e+01	2.249715e+01	1.254313e+16
12515	7.859560e+15	4.446387e+01	2.166630e+01	1.300498e+16
12516	7.859844e+15	4.703929e+01	2.170813e+01	1.463913e+16
12517	7.860119e+15	4.241744e+01	2.121826e+01	9.716324e+15
12518	7.860396e+15	4.190116e+01	2.019830e+01	1.580834e+16
12519	7.860696e+15	4.475044e+01	2.136389e+01	1.577212e+16
12520	7.860992e+15	4.237346e+01	2.128774e+01	3.698971e+15
12521	7.861296e+15	4.369029e+01	2.059254e+01	1.594832e+16
12522	7.861623e+15	4.662986e+01	2.412021e+01	8.903069e+15
12523	7.861933e+15	4.889709e+01	2.442571e+01	2.163759e+16
12524	7.862232e+15	5.302525e+01	2.612309e+01	1.397845e+16
12525	7.862513e+15	5.321375e+01	2.527699e+01	1.009797e+16
12526	7.862788e+15	5.224257e+01	2.414376e+01	1.329292e+16
12527	7.863062e+15	5.299593e+01	2.478141e+01	1.577550e+16
12528	7.863332e+15	5.075126e+01	2.265719e+01	2.422492e+16
12529	7.863609e+15	5.272339e+01	2.263040e+01	2.110369e+16
12530	7.863889e+15	5.394233e+01	2.324782e+01	1.776202e+16
12531	7.864163e+15	5.080340e+01	2.199354e+01	1.450922e+16
12532	7.864443e+15	4.395433e+01	1.912050e+01	1.026947e+16
12533	7.864746e+15	3.980328e+01	1.830084e+01	1.834138e+16
12534	7.865061e+15	3.319037e+01	1.840249e+01	4.757715e+15
12535	7.865405e+15	3.816107e+01	2.507113e+01	7.616644e+15
12536	7.865717e+15	3.218612e+01	2.255577e+01	1.379377e+16
12537	7.866041e+15	3.403624e+01	2.333888e+01	1.521193e+16
12538	7.866370e+15	3.861341e+01	2.422848e+01	1.400745e+16
12539	7.866678e+15	3.723640e+01	2.203923e+01	5.915283e+15
12540	7.866991e+15	3.981023e+01	2.372416e+01	1.712336e+16
12541	7.867294e+15	3.934855e+01	2.306090e+01	1.524435e+16
12542	7.867597e+15	4.109112e+01	2.313219e+01	1.336322e+16
12543	7.867901e+15	4.078622e+01	2.342121e+01	1.696137e+16
12544	7.868207e+15	4.181246e+01	2.397046e+01	1.635734e+16
12545	7.868506e+15	4.010969e+01	2.270828e+01	1.589598e+16
12546	7.868813e+15	4.390158e+01	2.159885e+01	1.985879e+16
12547	7.869116e+15	4.085738e+01	1.815783e+01	9.923098e+15
12548	7.869432e+15	4.378075e+01	1.854725e+01	1.793911e+16
12549	7.869742e+15	4.374412e+01	1.912508e+01	1.186953e+16
12550	7.870050e+15	3.909665e+01	1.840128e+01	9.231256e+15
12551	7.870375e+15	4.076663e+01	1.831034e+01	1.878919e+16
12552	7.870698e+15	3.972832e+01	1.734096e+01	1.624783e+16
12553	7.871019e+15	3.985598e+01	1.887151e+01	1.361078e+16
12554	7.871335e+15	3.993946e+01	1.918534e+01	1.231957e+16
12555	7.871650e+15	4.027228e+01	1.832919e+01	1.084856e+16
12556	7.871967e+15	4.186015e+01	2.014215e+01	8.373235e+15
12557	7.872284e+15	3.946970e+01	1.893491e+01	6.680860e+15
12558	7.872616e+15	4.047533e+01	1.929819e+01	1.452414e+16
12559	7.872948e+15	4.398647e+01	1.934975e+01	1.235770e+16
12560	7.873268e+15	4.460365e+01	1.900249e+01	1.564068e+16
12561	7.873578e+15	4.537029e+01	1.948588e+01	7.161923e+15
12562	7.873880e+15	4.373283e+01	1.947590e+01	5.184249e+15
12563	7.874186e+15	4.299126e+01	2.008475e+01	9.810250e+15
12564	7.874490e+15	4.215679e+01	2.004799e+01	5.152252e+15
12565	7.874786e+15	3.853395e+01	1.882830e+01	1.793530e+16
12566	7.875094e+15	4.099606e+01	1.989011e+01	1.258106e+16
