# W => 2.0e6
# method => lookup
# mantle temperature => 1573.0
# melting plot interval => 6.3e13
# max step => -1
# nx => 101
# lithosphere thickness => 90000.13
# marky => 12
# plot interval field => 1.575e14
# plot interval marker => 1.575e15
# H => 2.85e6
# g => 10.0
# ny => 143
# Tcmb => 3098.5489127396577
# max time => 7.56e15
# output directory => /nfs/peloton/waltz/rudolphlab/mpi-io-DOES-NOT-WORK-ON-HIVE/qxl51/plume-melt/plume_150000.7_450.0_90000.13
# eclogite frac => 0.15
# markx => 6
1	0.000000e+00	0.000000e+00	0.000000e+00	0.000000e+00
2	1.000000e+10	0.000000e+00	0.000000e+00	0.000000e+00
3	2.200000e+10	0.000000e+00	0.000000e+00	0.000000e+00
4	3.640000e+10	0.000000e+00	0.000000e+00	0.000000e+00
5	5.368000e+10	0.000000e+00	0.000000e+00	0.000000e+00
6	7.441600e+10	0.000000e+00	0.000000e+00	0.000000e+00
7	9.929920e+10	0.000000e+00	0.000000e+00	0.000000e+00
8	1.291590e+11	0.000000e+00	0.000000e+00	0.000000e+00
9	1.649908e+11	0.000000e+00	0.000000e+00	0.000000e+00
10	2.079890e+11	0.000000e+00	0.000000e+00	0.000000e+00
11	2.595868e+11	0.000000e+00	0.000000e+00	0.000000e+00
12	3.215042e+11	0.000000e+00	0.000000e+00	0.000000e+00
13	3.958050e+11	0.000000e+00	0.000000e+00	0.000000e+00
14	4.849660e+11	0.000000e+00	0.000000e+00	0.000000e+00
15	5.919592e+11	0.000000e+00	0.000000e+00	0.000000e+00
16	7.203511e+11	0.000000e+00	0.000000e+00	0.000000e+00
17	8.744213e+11	0.000000e+00	0.000000e+00	0.000000e+00
18	1.059306e+12	0.000000e+00	0.000000e+00	0.000000e+00
19	1.281167e+12	0.000000e+00	0.000000e+00	0.000000e+00
20	1.547400e+12	0.000000e+00	0.000000e+00	0.000000e+00
21	1.866880e+12	0.000000e+00	0.000000e+00	0.000000e+00
22	2.250256e+12	0.000000e+00	0.000000e+00	0.000000e+00
23	2.710307e+12	0.000000e+00	0.000000e+00	0.000000e+00
24	3.262369e+12	0.000000e+00	0.000000e+00	0.000000e+00
25	3.924842e+12	0.000000e+00	0.000000e+00	0.000000e+00
26	4.719811e+12	0.000000e+00	0.000000e+00	0.000000e+00
27	5.673773e+12	0.000000e+00	0.000000e+00	0.000000e+00
28	6.818528e+12	0.000000e+00	0.000000e+00	0.000000e+00
29	8.192233e+12	0.000000e+00	0.000000e+00	0.000000e+00
30	9.840680e+12	0.000000e+00	0.000000e+00	0.000000e+00
31	1.181882e+13	0.000000e+00	0.000000e+00	0.000000e+00
32	1.419258e+13	0.000000e+00	0.000000e+00	0.000000e+00
33	1.704109e+13	0.000000e+00	0.000000e+00	0.000000e+00
34	2.045931e+13	0.000000e+00	0.000000e+00	0.000000e+00
35	2.456118e+13	0.000000e+00	0.000000e+00	0.000000e+00
36	2.948341e+13	0.000000e+00	0.000000e+00	0.000000e+00
37	3.539009e+13	0.000000e+00	0.000000e+00	0.000000e+00
38	4.247811e+13	0.000000e+00	0.000000e+00	0.000000e+00
39	5.098373e+13	0.000000e+00	0.000000e+00	0.000000e+00
40	6.119048e+13	0.000000e+00	0.000000e+00	0.000000e+00
41	7.343858e+13	0.000000e+00	0.000000e+00	0.000000e+00
42	8.813629e+13	0.000000e+00	0.000000e+00	0.000000e+00
43	1.057736e+14	0.000000e+00	0.000000e+00	0.000000e+00
44	1.269383e+14	0.000000e+00	0.000000e+00	0.000000e+00
45	1.523359e+14	0.000000e+00	0.000000e+00	0.000000e+00
46	1.828131e+14	0.000000e+00	0.000000e+00	0.000000e+00
47	2.193857e+14	0.000000e+00	0.000000e+00	0.000000e+00
48	2.586602e+14	0.000000e+00	0.000000e+00	0.000000e+00
49	2.980608e+14	0.000000e+00	0.000000e+00	0.000000e+00
50	3.374673e+14	0.000000e+00	0.000000e+00	0.000000e+00
51	3.768740e+14	0.000000e+00	0.000000e+00	0.000000e+00
52	4.162808e+14	0.000000e+00	0.000000e+00	0.000000e+00
53	4.556876e+14	0.000000e+00	0.000000e+00	0.000000e+00
54	4.950944e+14	0.000000e+00	0.000000e+00	0.000000e+00
55	5.343717e+14	0.000000e+00	0.000000e+00	0.000000e+00
56	5.685732e+14	0.000000e+00	0.000000e+00	0.000000e+00
57	5.974621e+14	0.000000e+00	0.000000e+00	0.000000e+00
58	6.240660e+14	0.000000e+00	0.000000e+00	0.000000e+00
59	6.490754e+14	0.000000e+00	0.000000e+00	0.000000e+00
60	6.728085e+14	0.000000e+00	0.000000e+00	0.000000e+00
61	6.957921e+14	0.000000e+00	0.000000e+00	0.000000e+00
62	7.182897e+14	0.000000e+00	0.000000e+00	0.000000e+00
63	7.404488e+14	0.000000e+00	0.000000e+00	0.000000e+00
64	7.622924e+14	0.000000e+00	0.000000e+00	0.000000e+00
65	7.839742e+14	0.000000e+00	0.000000e+00	0.000000e+00
66	8.053831e+14	0.000000e+00	0.000000e+00	0.000000e+00
67	8.267602e+14	0.000000e+00	0.000000e+00	0.000000e+00
68	8.480130e+14	0.000000e+00	0.000000e+00	0.000000e+00
69	8.690328e+14	0.000000e+00	0.000000e+00	0.000000e+00
70	8.895143e+14	0.000000e+00	0.000000e+00	0.000000e+00
71	9.096422e+14	0.000000e+00	0.000000e+00	0.000000e+00
72	9.295291e+14	0.000000e+00	0.000000e+00	0.000000e+00
73	9.493153e+14	0.000000e+00	0.000000e+00	0.000000e+00
74	9.690945e+14	0.000000e+00	0.000000e+00	0.000000e+00
75	9.886424e+14	0.000000e+00	0.000000e+00	0.000000e+00
76	1.007923e+15	0.000000e+00	0.000000e+00	0.000000e+00
77	1.027151e+15	0.000000e+00	0.000000e+00	0.000000e+00
78	1.046213e+15	0.000000e+00	0.000000e+00	0.000000e+00
79	1.065179e+15	0.000000e+00	0.000000e+00	0.000000e+00
80	1.083979e+15	0.000000e+00	0.000000e+00	0.000000e+00
81	1.102724e+15	0.000000e+00	0.000000e+00	0.000000e+00
82	1.121397e+15	0.000000e+00	0.000000e+00	0.000000e+00
83	1.139899e+15	0.000000e+00	0.000000e+00	0.000000e+00
84	1.158413e+15	0.000000e+00	0.000000e+00	0.000000e+00
85	1.177050e+15	0.000000e+00	0.000000e+00	0.000000e+00
86	1.195428e+15	0.000000e+00	0.000000e+00	0.000000e+00
87	1.213953e+15	0.000000e+00	0.000000e+00	0.000000e+00
88	1.232525e+15	0.000000e+00	0.000000e+00	0.000000e+00
89	1.250779e+15	0.000000e+00	0.000000e+00	0.000000e+00
90	1.268761e+15	0.000000e+00	0.000000e+00	0.000000e+00
91	1.286674e+15	0.000000e+00	0.000000e+00	0.000000e+00
92	1.304465e+15	0.000000e+00	0.000000e+00	0.000000e+00
93	1.322168e+15	0.000000e+00	0.000000e+00	0.000000e+00
94	1.339789e+15	0.000000e+00	0.000000e+00	0.000000e+00
95	1.357304e+15	0.000000e+00	0.000000e+00	0.000000e+00
96	1.374859e+15	0.000000e+00	0.000000e+00	0.000000e+00
97	1.392271e+15	0.000000e+00	0.000000e+00	0.000000e+00
98	1.409731e+15	0.000000e+00	0.000000e+00	0.000000e+00
99	1.427205e+15	0.000000e+00	0.000000e+00	0.000000e+00
100	1.444598e+15	0.000000e+00	0.000000e+00	0.000000e+00
101	1.461956e+15	0.000000e+00	0.000000e+00	0.000000e+00
102	1.479323e+15	0.000000e+00	0.000000e+00	0.000000e+00
103	1.496701e+15	0.000000e+00	0.000000e+00	0.000000e+00
104	1.514199e+15	0.000000e+00	0.000000e+00	0.000000e+00
105	1.531915e+15	0.000000e+00	0.000000e+00	0.000000e+00
106	1.549691e+15	0.000000e+00	0.000000e+00	0.000000e+00
107	1.567395e+15	0.000000e+00	0.000000e+00	0.000000e+00
108	1.585082e+15	0.000000e+00	0.000000e+00	0.000000e+00
109	1.602873e+15	0.000000e+00	0.000000e+00	0.000000e+00
110	1.620925e+15	0.000000e+00	0.000000e+00	0.000000e+00
111	1.639168e+15	0.000000e+00	0.000000e+00	0.000000e+00
112	1.657663e+15	0.000000e+00	0.000000e+00	0.000000e+00
113	1.676012e+15	0.000000e+00	0.000000e+00	0.000000e+00
114	1.694393e+15	0.000000e+00	0.000000e+00	0.000000e+00
115	1.712441e+15	0.000000e+00	0.000000e+00	0.000000e+00
116	1.730336e+15	0.000000e+00	0.000000e+00	0.000000e+00
117	1.747895e+15	0.000000e+00	0.000000e+00	0.000000e+00
118	1.765131e+15	0.000000e+00	0.000000e+00	0.000000e+00
119	1.782236e+15	0.000000e+00	0.000000e+00	0.000000e+00
120	1.799100e+15	0.000000e+00	0.000000e+00	0.000000e+00
121	1.815975e+15	0.000000e+00	0.000000e+00	0.000000e+00
122	1.832647e+15	0.000000e+00	0.000000e+00	0.000000e+00
123	1.849509e+15	0.000000e+00	0.000000e+00	0.000000e+00
124	1.866312e+15	0.000000e+00	0.000000e+00	0.000000e+00
125	1.882819e+15	0.000000e+00	0.000000e+00	0.000000e+00
126	1.899454e+15	0.000000e+00	0.000000e+00	0.000000e+00
127	1.916206e+15	0.000000e+00	0.000000e+00	0.000000e+00
128	1.932999e+15	0.000000e+00	0.000000e+00	0.000000e+00
129	1.949721e+15	0.000000e+00	0.000000e+00	0.000000e+00
130	1.966304e+15	0.000000e+00	0.000000e+00	0.000000e+00
131	1.983050e+15	0.000000e+00	0.000000e+00	0.000000e+00
132	1.999949e+15	0.000000e+00	0.000000e+00	0.000000e+00
133	2.016772e+15	0.000000e+00	0.000000e+00	0.000000e+00
134	2.033975e+15	0.000000e+00	0.000000e+00	0.000000e+00
135	2.051133e+15	0.000000e+00	0.000000e+00	0.000000e+00
136	2.068430e+15	0.000000e+00	0.000000e+00	0.000000e+00
137	2.085420e+15	0.000000e+00	0.000000e+00	0.000000e+00
138	2.102463e+15	0.000000e+00	0.000000e+00	0.000000e+00
139	2.119713e+15	0.000000e+00	0.000000e+00	0.000000e+00
140	2.137124e+15	0.000000e+00	0.000000e+00	0.000000e+00
141	2.154580e+15	0.000000e+00	0.000000e+00	0.000000e+00
142	2.171790e+15	0.000000e+00	0.000000e+00	0.000000e+00
143	2.189297e+15	0.000000e+00	0.000000e+00	0.000000e+00
144	2.206611e+15	0.000000e+00	0.000000e+00	0.000000e+00
145	2.223899e+15	0.000000e+00	0.000000e+00	0.000000e+00
146	2.241284e+15	0.000000e+00	0.000000e+00	0.000000e+00
147	2.258942e+15	0.000000e+00	0.000000e+00	0.000000e+00
148	2.276417e+15	0.000000e+00	0.000000e+00	0.000000e+00
149	2.293531e+15	0.000000e+00	0.000000e+00	0.000000e+00
150	2.310816e+15	0.000000e+00	0.000000e+00	0.000000e+00
151	2.328345e+15	0.000000e+00	0.000000e+00	0.000000e+00
152	2.345919e+15	0.000000e+00	0.000000e+00	0.000000e+00
153	2.363153e+15	0.000000e+00	0.000000e+00	0.000000e+00
154	2.380420e+15	0.000000e+00	0.000000e+00	0.000000e+00
155	2.398025e+15	0.000000e+00	0.000000e+00	0.000000e+00
156	2.415568e+15	0.000000e+00	0.000000e+00	0.000000e+00
157	2.432932e+15	0.000000e+00	0.000000e+00	0.000000e+00
158	2.450423e+15	0.000000e+00	0.000000e+00	0.000000e+00
159	2.467953e+15	0.000000e+00	0.000000e+00	0.000000e+00
160	2.485625e+15	0.000000e+00	0.000000e+00	0.000000e+00
161	2.503217e+15	0.000000e+00	0.000000e+00	0.000000e+00
162	2.520495e+15	0.000000e+00	0.000000e+00	0.000000e+00
163	2.537894e+15	0.000000e+00	0.000000e+00	0.000000e+00
164	2.555270e+15	0.000000e+00	0.000000e+00	0.000000e+00
165	2.572834e+15	0.000000e+00	0.000000e+00	0.000000e+00
166	2.590240e+15	0.000000e+00	0.000000e+00	0.000000e+00
167	2.607765e+15	0.000000e+00	0.000000e+00	0.000000e+00
168	2.625078e+15	0.000000e+00	0.000000e+00	0.000000e+00
169	2.642416e+15	0.000000e+00	0.000000e+00	0.000000e+00
170	2.660173e+15	0.000000e+00	0.000000e+00	0.000000e+00
171	2.677635e+15	0.000000e+00	0.000000e+00	0.000000e+00
172	2.694730e+15	0.000000e+00	0.000000e+00	0.000000e+00
173	2.712275e+15	0.000000e+00	0.000000e+00	0.000000e+00
174	2.729774e+15	0.000000e+00	0.000000e+00	0.000000e+00
175	2.747241e+15	0.000000e+00	0.000000e+00	0.000000e+00
176	2.764669e+15	0.000000e+00	0.000000e+00	0.000000e+00
177	2.782031e+15	0.000000e+00	0.000000e+00	0.000000e+00
178	2.799693e+15	0.000000e+00	0.000000e+00	0.000000e+00
179	2.816927e+15	0.000000e+00	0.000000e+00	0.000000e+00
180	2.834121e+15	0.000000e+00	0.000000e+00	0.000000e+00
181	2.851349e+15	0.000000e+00	0.000000e+00	0.000000e+00
182	2.868696e+15	0.000000e+00	0.000000e+00	0.000000e+00
183	2.885916e+15	0.000000e+00	0.000000e+00	0.000000e+00
184	2.903233e+15	0.000000e+00	0.000000e+00	0.000000e+00
185	2.920577e+15	0.000000e+00	0.000000e+00	0.000000e+00
186	2.937799e+15	0.000000e+00	0.000000e+00	0.000000e+00
187	2.955137e+15	0.000000e+00	0.000000e+00	0.000000e+00
188	2.972146e+15	0.000000e+00	0.000000e+00	0.000000e+00
189	2.989187e+15	0.000000e+00	0.000000e+00	0.000000e+00
190	3.006428e+15	0.000000e+00	0.000000e+00	0.000000e+00
191	3.023601e+15	0.000000e+00	0.000000e+00	0.000000e+00
192	3.040752e+15	0.000000e+00	0.000000e+00	0.000000e+00
193	3.058381e+15	0.000000e+00	0.000000e+00	0.000000e+00
194	3.075472e+15	0.000000e+00	0.000000e+00	0.000000e+00
195	3.092556e+15	0.000000e+00	0.000000e+00	0.000000e+00
196	3.109860e+15	0.000000e+00	0.000000e+00	0.000000e+00
197	3.126971e+15	0.000000e+00	0.000000e+00	0.000000e+00
198	3.144487e+15	0.000000e+00	0.000000e+00	0.000000e+00
199	3.161675e+15	0.000000e+00	0.000000e+00	0.000000e+00
200	3.179076e+15	0.000000e+00	0.000000e+00	0.000000e+00
201	3.196760e+15	0.000000e+00	0.000000e+00	0.000000e+00
202	3.213897e+15	0.000000e+00	0.000000e+00	0.000000e+00
203	3.231449e+15	0.000000e+00	0.000000e+00	0.000000e+00
204	3.249002e+15	0.000000e+00	0.000000e+00	0.000000e+00
205	3.266298e+15	0.000000e+00	0.000000e+00	0.000000e+00
206	3.284008e+15	0.000000e+00	0.000000e+00	0.000000e+00
207	3.301522e+15	0.000000e+00	0.000000e+00	0.000000e+00
208	3.318994e+15	0.000000e+00	0.000000e+00	0.000000e+00
209	3.336668e+15	0.000000e+00	0.000000e+00	0.000000e+00
210	3.354280e+15	0.000000e+00	0.000000e+00	0.000000e+00
211	3.372242e+15	0.000000e+00	0.000000e+00	0.000000e+00
212	3.390007e+15	0.000000e+00	0.000000e+00	0.000000e+00
213	3.407474e+15	0.000000e+00	0.000000e+00	0.000000e+00
214	3.425392e+15	0.000000e+00	0.000000e+00	0.000000e+00
215	3.442992e+15	0.000000e+00	0.000000e+00	0.000000e+00
216	3.460589e+15	0.000000e+00	0.000000e+00	0.000000e+00
217	3.478148e+15	0.000000e+00	0.000000e+00	0.000000e+00
218	3.495530e+15	0.000000e+00	0.000000e+00	0.000000e+00
219	3.512541e+15	0.000000e+00	0.000000e+00	0.000000e+00
220	3.529151e+15	0.000000e+00	0.000000e+00	0.000000e+00
221	3.545383e+15	0.000000e+00	0.000000e+00	0.000000e+00
222	3.561249e+15	0.000000e+00	0.000000e+00	0.000000e+00
223	3.576760e+15	0.000000e+00	0.000000e+00	0.000000e+00
224	3.591934e+15	0.000000e+00	0.000000e+00	0.000000e+00
225	3.606777e+15	0.000000e+00	0.000000e+00	0.000000e+00
226	3.621309e+15	0.000000e+00	0.000000e+00	0.000000e+00
227	3.635539e+15	0.000000e+00	0.000000e+00	0.000000e+00
228	3.649483e+15	0.000000e+00	0.000000e+00	0.000000e+00
229	3.663150e+15	0.000000e+00	0.000000e+00	0.000000e+00
230	3.676556e+15	0.000000e+00	0.000000e+00	0.000000e+00
231	3.689705e+15	0.000000e+00	0.000000e+00	0.000000e+00
232	3.702609e+15	0.000000e+00	0.000000e+00	0.000000e+00
233	3.715272e+15	0.000000e+00	0.000000e+00	0.000000e+00
234	3.727705e+15	0.000000e+00	0.000000e+00	0.000000e+00
235	3.739917e+15	0.000000e+00	0.000000e+00	0.000000e+00
236	3.751916e+15	0.000000e+00	0.000000e+00	0.000000e+00
237	3.763712e+15	0.000000e+00	0.000000e+00	0.000000e+00
238	3.775310e+15	0.000000e+00	0.000000e+00	0.000000e+00
239	3.786718e+15	0.000000e+00	0.000000e+00	0.000000e+00
240	3.797937e+15	0.000000e+00	0.000000e+00	0.000000e+00
241	3.808977e+15	0.000000e+00	0.000000e+00	0.000000e+00
242	3.819841e+15	0.000000e+00	0.000000e+00	0.000000e+00
243	3.830538e+15	0.000000e+00	0.000000e+00	0.000000e+00
244	3.841073e+15	0.000000e+00	0.000000e+00	0.000000e+00
245	3.851449e+15	0.000000e+00	0.000000e+00	0.000000e+00
246	3.861679e+15	0.000000e+00	0.000000e+00	0.000000e+00
247	3.871759e+15	0.000000e+00	0.000000e+00	0.000000e+00
248	3.881696e+15	0.000000e+00	0.000000e+00	0.000000e+00
249	3.891493e+15	0.000000e+00	0.000000e+00	0.000000e+00
250	3.901152e+15	0.000000e+00	0.000000e+00	0.000000e+00
251	3.910683e+15	0.000000e+00	0.000000e+00	0.000000e+00
252	3.920085e+15	0.000000e+00	0.000000e+00	0.000000e+00
253	3.929366e+15	0.000000e+00	0.000000e+00	0.000000e+00
254	3.938528e+15	0.000000e+00	0.000000e+00	0.000000e+00
255	3.947574e+15	0.000000e+00	0.000000e+00	0.000000e+00
256	3.956509e+15	0.000000e+00	0.000000e+00	0.000000e+00
257	3.965333e+15	0.000000e+00	0.000000e+00	0.000000e+00
258	3.974051e+15	0.000000e+00	0.000000e+00	0.000000e+00
259	3.982663e+15	0.000000e+00	0.000000e+00	0.000000e+00
260	3.991176e+15	0.000000e+00	0.000000e+00	0.000000e+00
261	3.999590e+15	0.000000e+00	0.000000e+00	0.000000e+00
262	4.007909e+15	0.000000e+00	0.000000e+00	0.000000e+00
263	4.016137e+15	0.000000e+00	0.000000e+00	0.000000e+00
264	4.024275e+15	0.000000e+00	0.000000e+00	0.000000e+00
265	4.032324e+15	0.000000e+00	0.000000e+00	0.000000e+00
266	4.040287e+15	0.000000e+00	0.000000e+00	0.000000e+00
267	4.048165e+15	0.000000e+00	0.000000e+00	0.000000e+00
268	4.055961e+15	0.000000e+00	0.000000e+00	0.000000e+00
269	4.063675e+15	0.000000e+00	0.000000e+00	0.000000e+00
270	4.071312e+15	0.000000e+00	0.000000e+00	0.000000e+00
271	4.078873e+15	0.000000e+00	0.000000e+00	0.000000e+00
272	4.086363e+15	0.000000e+00	0.000000e+00	0.000000e+00
273	4.093779e+15	0.000000e+00	0.000000e+00	0.000000e+00
274	4.101128e+15	0.000000e+00	0.000000e+00	0.000000e+00
275	4.108405e+15	0.000000e+00	0.000000e+00	0.000000e+00
276	4.115616e+15	0.000000e+00	0.000000e+00	0.000000e+00
277	4.122759e+15	0.000000e+00	0.000000e+00	0.000000e+00
278	4.129838e+15	0.000000e+00	0.000000e+00	0.000000e+00
279	4.136854e+15	0.000000e+00	0.000000e+00	0.000000e+00
280	4.143809e+15	0.000000e+00	0.000000e+00	0.000000e+00
281	4.150701e+15	0.000000e+00	0.000000e+00	0.000000e+00
282	4.157535e+15	0.000000e+00	0.000000e+00	0.000000e+00
283	4.164309e+15	0.000000e+00	0.000000e+00	0.000000e+00
284	4.171027e+15	0.000000e+00	0.000000e+00	0.000000e+00
285	4.177687e+15	0.000000e+00	0.000000e+00	0.000000e+00
286	4.184295e+15	0.000000e+00	0.000000e+00	0.000000e+00
287	4.190848e+15	0.000000e+00	0.000000e+00	0.000000e+00
288	4.197350e+15	0.000000e+00	0.000000e+00	0.000000e+00
289	4.203799e+15	0.000000e+00	0.000000e+00	0.000000e+00
290	4.210203e+15	0.000000e+00	0.000000e+00	0.000000e+00
291	4.216553e+15	0.000000e+00	0.000000e+00	0.000000e+00
292	4.222858e+15	0.000000e+00	0.000000e+00	0.000000e+00
293	4.229116e+15	0.000000e+00	0.000000e+00	0.000000e+00
294	4.235329e+15	0.000000e+00	0.000000e+00	0.000000e+00
295	4.241494e+15	0.000000e+00	0.000000e+00	0.000000e+00
296	4.247617e+15	0.000000e+00	0.000000e+00	0.000000e+00
297	4.253695e+15	0.000000e+00	0.000000e+00	0.000000e+00
298	4.259732e+15	0.000000e+00	0.000000e+00	0.000000e+00
299	4.265725e+15	0.000000e+00	0.000000e+00	0.000000e+00
300	4.271681e+15	0.000000e+00	0.000000e+00	0.000000e+00
301	4.277593e+15	0.000000e+00	0.000000e+00	0.000000e+00
302	4.283469e+15	0.000000e+00	0.000000e+00	0.000000e+00
303	4.289304e+15	0.000000e+00	0.000000e+00	0.000000e+00
304	4.295104e+15	0.000000e+00	0.000000e+00	0.000000e+00
305	4.300864e+15	0.000000e+00	0.000000e+00	0.000000e+00
306	4.306588e+15	0.000000e+00	0.000000e+00	0.000000e+00
307	4.312276e+15	0.000000e+00	0.000000e+00	0.000000e+00
308	4.317928e+15	0.000000e+00	0.000000e+00	0.000000e+00
309	4.323545e+15	0.000000e+00	0.000000e+00	0.000000e+00
310	4.329127e+15	0.000000e+00	0.000000e+00	0.000000e+00
311	4.334675e+15	0.000000e+00	0.000000e+00	0.000000e+00
312	4.340190e+15	0.000000e+00	0.000000e+00	0.000000e+00
313	4.345670e+15	0.000000e+00	0.000000e+00	0.000000e+00
314	4.351120e+15	0.000000e+00	0.000000e+00	0.000000e+00
315	4.356536e+15	0.000000e+00	0.000000e+00	0.000000e+00
316	4.361921e+15	0.000000e+00	0.000000e+00	0.000000e+00
317	4.367278e+15	0.000000e+00	0.000000e+00	0.000000e+00
318	4.372602e+15	0.000000e+00	0.000000e+00	0.000000e+00
319	4.377901e+15	0.000000e+00	0.000000e+00	0.000000e+00
320	4.383167e+15	0.000000e+00	0.000000e+00	0.000000e+00
321	4.388409e+15	0.000000e+00	0.000000e+00	0.000000e+00
322	4.393621e+15	0.000000e+00	0.000000e+00	0.000000e+00
323	4.398806e+15	0.000000e+00	0.000000e+00	0.000000e+00
324	4.403962e+15	0.000000e+00	0.000000e+00	0.000000e+00
325	4.409093e+15	0.000000e+00	0.000000e+00	0.000000e+00
326	4.414194e+15	0.000000e+00	0.000000e+00	0.000000e+00
327	4.419273e+15	0.000000e+00	0.000000e+00	0.000000e+00
328	4.424324e+15	0.000000e+00	0.000000e+00	0.000000e+00
329	4.429351e+15	0.000000e+00	0.000000e+00	0.000000e+00
330	4.434354e+15	0.000000e+00	0.000000e+00	0.000000e+00
331	4.439331e+15	0.000000e+00	0.000000e+00	0.000000e+00
332	4.444287e+15	0.000000e+00	0.000000e+00	0.000000e+00
333	4.449218e+15	0.000000e+00	0.000000e+00	0.000000e+00
334	4.454129e+15	0.000000e+00	0.000000e+00	0.000000e+00
335	4.459014e+15	0.000000e+00	0.000000e+00	0.000000e+00
336	4.463879e+15	0.000000e+00	0.000000e+00	0.000000e+00
337	4.468720e+15	0.000000e+00	0.000000e+00	0.000000e+00
338	4.473538e+15	0.000000e+00	0.000000e+00	0.000000e+00
339	4.478336e+15	0.000000e+00	0.000000e+00	0.000000e+00
340	4.483112e+15	0.000000e+00	0.000000e+00	0.000000e+00
341	4.487868e+15	0.000000e+00	0.000000e+00	0.000000e+00
342	4.492604e+15	0.000000e+00	0.000000e+00	0.000000e+00
343	4.497320e+15	0.000000e+00	0.000000e+00	0.000000e+00
344	4.502016e+15	0.000000e+00	0.000000e+00	0.000000e+00
345	4.506692e+15	0.000000e+00	0.000000e+00	0.000000e+00
346	4.511349e+15	0.000000e+00	0.000000e+00	0.000000e+00
347	4.515987e+15	0.000000e+00	0.000000e+00	0.000000e+00
348	4.520605e+15	0.000000e+00	0.000000e+00	0.000000e+00
349	4.525208e+15	0.000000e+00	0.000000e+00	0.000000e+00
350	4.529789e+15	0.000000e+00	0.000000e+00	0.000000e+00
351	4.534353e+15	0.000000e+00	0.000000e+00	0.000000e+00
352	4.538899e+15	0.000000e+00	0.000000e+00	0.000000e+00
353	4.543426e+15	0.000000e+00	0.000000e+00	0.000000e+00
354	4.547937e+15	0.000000e+00	0.000000e+00	0.000000e+00
355	4.552429e+15	0.000000e+00	0.000000e+00	0.000000e+00
356	4.556906e+15	0.000000e+00	0.000000e+00	0.000000e+00
357	4.561365e+15	0.000000e+00	0.000000e+00	0.000000e+00
358	4.565809e+15	0.000000e+00	0.000000e+00	0.000000e+00
359	4.570236e+15	0.000000e+00	0.000000e+00	0.000000e+00
360	4.574648e+15	0.000000e+00	0.000000e+00	0.000000e+00
361	4.579043e+15	0.000000e+00	0.000000e+00	0.000000e+00
362	4.583424e+15	0.000000e+00	0.000000e+00	0.000000e+00
363	4.587790e+15	0.000000e+00	0.000000e+00	0.000000e+00
364	4.592142e+15	0.000000e+00	0.000000e+00	0.000000e+00
365	4.596479e+15	0.000000e+00	0.000000e+00	0.000000e+00
366	4.600801e+15	0.000000e+00	0.000000e+00	0.000000e+00
367	4.605112e+15	0.000000e+00	0.000000e+00	0.000000e+00
368	4.609408e+15	0.000000e+00	0.000000e+00	0.000000e+00
369	4.613690e+15	0.000000e+00	0.000000e+00	0.000000e+00
370	4.617958e+15	0.000000e+00	0.000000e+00	0.000000e+00
371	4.622213e+15	0.000000e+00	0.000000e+00	0.000000e+00
372	4.626454e+15	0.000000e+00	0.000000e+00	0.000000e+00
373	4.630683e+15	0.000000e+00	0.000000e+00	0.000000e+00
374	4.634899e+15	0.000000e+00	0.000000e+00	0.000000e+00
375	4.639101e+15	0.000000e+00	0.000000e+00	0.000000e+00
376	4.643291e+15	0.000000e+00	0.000000e+00	0.000000e+00
377	4.647466e+15	0.000000e+00	0.000000e+00	0.000000e+00
378	4.651632e+15	0.000000e+00	0.000000e+00	0.000000e+00
379	4.655784e+15	0.000000e+00	0.000000e+00	0.000000e+00
380	4.659925e+15	0.000000e+00	0.000000e+00	0.000000e+00
381	4.664054e+15	0.000000e+00	0.000000e+00	0.000000e+00
382	4.668171e+15	0.000000e+00	0.000000e+00	0.000000e+00
383	4.672277e+15	0.000000e+00	0.000000e+00	0.000000e+00
384	4.676370e+15	0.000000e+00	0.000000e+00	0.000000e+00
385	4.680454e+15	0.000000e+00	0.000000e+00	0.000000e+00
386	4.684524e+15	0.000000e+00	0.000000e+00	0.000000e+00
387	4.688586e+15	0.000000e+00	0.000000e+00	0.000000e+00
388	4.692635e+15	0.000000e+00	0.000000e+00	0.000000e+00
389	4.696673e+15	0.000000e+00	0.000000e+00	0.000000e+00
390	4.700701e+15	0.000000e+00	0.000000e+00	0.000000e+00
391	4.704719e+15	0.000000e+00	0.000000e+00	0.000000e+00
392	4.708727e+15	0.000000e+00	0.000000e+00	0.000000e+00
393	4.712725e+15	0.000000e+00	0.000000e+00	0.000000e+00
394	4.716713e+15	0.000000e+00	0.000000e+00	0.000000e+00
395	4.720692e+15	0.000000e+00	0.000000e+00	0.000000e+00
396	4.724661e+15	0.000000e+00	0.000000e+00	0.000000e+00
397	4.728621e+15	0.000000e+00	0.000000e+00	0.000000e+00
398	4.732571e+15	0.000000e+00	0.000000e+00	0.000000e+00
399	4.736512e+15	0.000000e+00	0.000000e+00	0.000000e+00
400	4.740445e+15	0.000000e+00	0.000000e+00	0.000000e+00
401	4.744368e+15	0.000000e+00	0.000000e+00	0.000000e+00
402	4.748281e+15	0.000000e+00	0.000000e+00	0.000000e+00
403	4.752187e+15	0.000000e+00	0.000000e+00	0.000000e+00
404	4.756082e+15	0.000000e+00	0.000000e+00	0.000000e+00
405	4.759969e+15	0.000000e+00	0.000000e+00	0.000000e+00
406	4.763847e+15	0.000000e+00	0.000000e+00	0.000000e+00
407	4.767716e+15	0.000000e+00	0.000000e+00	0.000000e+00
408	4.771580e+15	0.000000e+00	0.000000e+00	0.000000e+00
409	4.775434e+15	0.000000e+00	0.000000e+00	0.000000e+00
410	4.779281e+15	0.000000e+00	0.000000e+00	0.000000e+00
411	4.783119e+15	0.000000e+00	0.000000e+00	0.000000e+00
412	4.786950e+15	0.000000e+00	0.000000e+00	0.000000e+00
413	4.790773e+15	0.000000e+00	0.000000e+00	0.000000e+00
414	4.794590e+15	0.000000e+00	0.000000e+00	0.000000e+00
415	4.798398e+15	0.000000e+00	0.000000e+00	0.000000e+00
416	4.802199e+15	0.000000e+00	0.000000e+00	0.000000e+00
417	4.805993e+15	0.000000e+00	0.000000e+00	0.000000e+00
418	4.809780e+15	0.000000e+00	0.000000e+00	0.000000e+00
419	4.813559e+15	0.000000e+00	0.000000e+00	0.000000e+00
420	4.817333e+15	0.000000e+00	0.000000e+00	0.000000e+00
421	4.821098e+15	0.000000e+00	0.000000e+00	0.000000e+00
422	4.824857e+15	0.000000e+00	0.000000e+00	0.000000e+00
423	4.828611e+15	0.000000e+00	0.000000e+00	0.000000e+00
424	4.832355e+15	0.000000e+00	0.000000e+00	0.000000e+00
425	4.836094e+15	0.000000e+00	0.000000e+00	0.000000e+00
426	4.839826e+15	0.000000e+00	0.000000e+00	0.000000e+00
427	4.843552e+15	0.000000e+00	0.000000e+00	0.000000e+00
428	4.847270e+15	0.000000e+00	0.000000e+00	0.000000e+00
429	4.850982e+15	0.000000e+00	0.000000e+00	0.000000e+00
430	4.854687e+15	0.000000e+00	0.000000e+00	0.000000e+00
431	4.858386e+15	0.000000e+00	0.000000e+00	0.000000e+00
432	4.862079e+15	0.000000e+00	0.000000e+00	0.000000e+00
433	4.865766e+15	0.000000e+00	0.000000e+00	0.000000e+00
434	4.869446e+15	0.000000e+00	0.000000e+00	0.000000e+00
435	4.873121e+15	0.000000e+00	0.000000e+00	0.000000e+00
436	4.876789e+15	0.000000e+00	0.000000e+00	0.000000e+00
437	4.880453e+15	0.000000e+00	0.000000e+00	0.000000e+00
438	4.884110e+15	0.000000e+00	0.000000e+00	0.000000e+00
439	4.887762e+15	0.000000e+00	0.000000e+00	0.000000e+00
440	4.891409e+15	0.000000e+00	0.000000e+00	0.000000e+00
441	4.895052e+15	0.000000e+00	0.000000e+00	0.000000e+00
442	4.898687e+15	0.000000e+00	0.000000e+00	0.000000e+00
443	4.902320e+15	0.000000e+00	0.000000e+00	0.000000e+00
444	4.905944e+15	0.000000e+00	0.000000e+00	0.000000e+00
445	4.909566e+15	0.000000e+00	0.000000e+00	0.000000e+00
446	4.913182e+15	0.000000e+00	0.000000e+00	0.000000e+00
447	4.916792e+15	0.000000e+00	0.000000e+00	0.000000e+00
448	4.920398e+15	0.000000e+00	0.000000e+00	0.000000e+00
449	4.923998e+15	0.000000e+00	0.000000e+00	0.000000e+00
450	4.927594e+15	0.000000e+00	0.000000e+00	0.000000e+00
451	4.931185e+15	0.000000e+00	0.000000e+00	0.000000e+00
452	4.934770e+15	0.000000e+00	0.000000e+00	0.000000e+00
453	4.938354e+15	0.000000e+00	0.000000e+00	0.000000e+00
454	4.941930e+15	0.000000e+00	0.000000e+00	0.000000e+00
455	4.945504e+15	0.000000e+00	0.000000e+00	0.000000e+00
456	4.949071e+15	0.000000e+00	0.000000e+00	0.000000e+00
457	4.952635e+15	0.000000e+00	0.000000e+00	0.000000e+00
458	4.956193e+15	0.000000e+00	0.000000e+00	0.000000e+00
459	4.959748e+15	0.000000e+00	0.000000e+00	0.000000e+00
460	4.963299e+15	0.000000e+00	0.000000e+00	0.000000e+00
461	4.966847e+15	0.000000e+00	0.000000e+00	0.000000e+00
462	4.970389e+15	0.000000e+00	0.000000e+00	0.000000e+00
463	4.973929e+15	0.000000e+00	0.000000e+00	0.000000e+00
464	4.977464e+15	0.000000e+00	0.000000e+00	0.000000e+00
465	4.980995e+15	0.000000e+00	0.000000e+00	0.000000e+00
466	4.984522e+15	0.000000e+00	0.000000e+00	0.000000e+00
467	4.988045e+15	0.000000e+00	0.000000e+00	0.000000e+00
468	4.991564e+15	0.000000e+00	0.000000e+00	0.000000e+00
469	4.995079e+15	0.000000e+00	0.000000e+00	0.000000e+00
470	4.998590e+15	0.000000e+00	0.000000e+00	0.000000e+00
471	5.002097e+15	0.000000e+00	0.000000e+00	0.000000e+00
472	5.005599e+15	0.000000e+00	0.000000e+00	0.000000e+00
473	5.009097e+15	0.000000e+00	0.000000e+00	0.000000e+00
474	5.012592e+15	0.000000e+00	0.000000e+00	0.000000e+00
475	5.016081e+15	0.000000e+00	0.000000e+00	0.000000e+00
476	5.019567e+15	0.000000e+00	0.000000e+00	0.000000e+00
477	5.023050e+15	0.000000e+00	0.000000e+00	0.000000e+00
478	5.026527e+15	0.000000e+00	0.000000e+00	0.000000e+00
479	5.030002e+15	0.000000e+00	0.000000e+00	0.000000e+00
480	5.033473e+15	0.000000e+00	0.000000e+00	0.000000e+00
481	5.036940e+15	0.000000e+00	0.000000e+00	0.000000e+00
482	5.040402e+15	0.000000e+00	0.000000e+00	0.000000e+00
483	5.043862e+15	0.000000e+00	0.000000e+00	0.000000e+00
484	5.047319e+15	0.000000e+00	0.000000e+00	0.000000e+00
485	5.050772e+15	0.000000e+00	0.000000e+00	0.000000e+00
486	5.054220e+15	0.000000e+00	0.000000e+00	0.000000e+00
487	5.057666e+15	0.000000e+00	0.000000e+00	0.000000e+00
488	5.061106e+15	0.000000e+00	0.000000e+00	0.000000e+00
489	5.064545e+15	0.000000e+00	0.000000e+00	0.000000e+00
490	5.067979e+15	0.000000e+00	0.000000e+00	0.000000e+00
491	5.071410e+15	0.000000e+00	0.000000e+00	0.000000e+00
492	5.074837e+15	0.000000e+00	0.000000e+00	0.000000e+00
493	5.078260e+15	0.000000e+00	0.000000e+00	0.000000e+00
494	5.081678e+15	0.000000e+00	0.000000e+00	0.000000e+00
495	5.085093e+15	0.000000e+00	0.000000e+00	0.000000e+00
496	5.088503e+15	0.000000e+00	0.000000e+00	0.000000e+00
497	5.091912e+15	0.000000e+00	0.000000e+00	0.000000e+00
498	5.095316e+15	0.000000e+00	0.000000e+00	0.000000e+00
499	5.098718e+15	0.000000e+00	0.000000e+00	0.000000e+00
500	5.102114e+15	0.000000e+00	0.000000e+00	0.000000e+00
501	5.105508e+15	0.000000e+00	0.000000e+00	0.000000e+00
502	5.108898e+15	0.000000e+00	0.000000e+00	0.000000e+00
503	5.112285e+15	0.000000e+00	0.000000e+00	0.000000e+00
504	5.115667e+15	0.000000e+00	0.000000e+00	0.000000e+00
505	5.119047e+15	0.000000e+00	0.000000e+00	0.000000e+00
506	5.122420e+15	0.000000e+00	0.000000e+00	0.000000e+00
507	5.125791e+15	0.000000e+00	0.000000e+00	0.000000e+00
508	5.129155e+15	0.000000e+00	0.000000e+00	0.000000e+00
509	5.132517e+15	0.000000e+00	0.000000e+00	0.000000e+00
510	5.135873e+15	0.000000e+00	0.000000e+00	0.000000e+00
511	5.138278e+15	0.000000e+00	0.000000e+00	0.000000e+00
512	5.141164e+15	0.000000e+00	0.000000e+00	0.000000e+00
513	5.144507e+15	0.000000e+00	0.000000e+00	0.000000e+00
514	5.147848e+15	0.000000e+00	0.000000e+00	0.000000e+00
515	5.151181e+15	0.000000e+00	0.000000e+00	0.000000e+00
516	5.154508e+15	0.000000e+00	0.000000e+00	0.000000e+00
517	5.157830e+15	0.000000e+00	0.000000e+00	0.000000e+00
518	5.161146e+15	0.000000e+00	0.000000e+00	0.000000e+00
519	5.164455e+15	0.000000e+00	0.000000e+00	0.000000e+00
520	5.167756e+15	0.000000e+00	0.000000e+00	0.000000e+00
521	5.171048e+15	0.000000e+00	0.000000e+00	0.000000e+00
522	5.174331e+15	0.000000e+00	0.000000e+00	0.000000e+00
523	5.177606e+15	0.000000e+00	0.000000e+00	0.000000e+00
524	5.180870e+15	0.000000e+00	0.000000e+00	0.000000e+00
525	5.184121e+15	0.000000e+00	0.000000e+00	0.000000e+00
526	5.187358e+15	0.000000e+00	0.000000e+00	0.000000e+00
527	5.190577e+15	0.000000e+00	0.000000e+00	0.000000e+00
528	5.193779e+15	0.000000e+00	0.000000e+00	0.000000e+00
529	5.196954e+15	0.000000e+00	0.000000e+00	0.000000e+00
530	5.199950e+15	0.000000e+00	0.000000e+00	0.000000e+00
531	5.202747e+15	0.000000e+00	0.000000e+00	0.000000e+00
532	5.205333e+15	0.000000e+00	0.000000e+00	0.000000e+00
533	5.207717e+15	0.000000e+00	0.000000e+00	0.000000e+00
534	5.209886e+15	0.000000e+00	0.000000e+00	0.000000e+00
535	5.211900e+15	0.000000e+00	0.000000e+00	0.000000e+00
536	5.212928e+15	0.000000e+00	0.000000e+00	0.000000e+00
537	5.214162e+15	0.000000e+00	0.000000e+00	0.000000e+00
538	5.215642e+15	0.000000e+00	0.000000e+00	0.000000e+00
539	5.217348e+15	0.000000e+00	0.000000e+00	0.000000e+00
540	5.219000e+15	0.000000e+00	0.000000e+00	0.000000e+00
541	5.220499e+15	0.000000e+00	0.000000e+00	0.000000e+00
542	5.221957e+15	0.000000e+00	0.000000e+00	0.000000e+00
543	5.223395e+15	0.000000e+00	0.000000e+00	0.000000e+00
544	5.224606e+15	0.000000e+00	0.000000e+00	0.000000e+00
545	5.226048e+15	0.000000e+00	0.000000e+00	0.000000e+00
546	5.227433e+15	0.000000e+00	0.000000e+00	0.000000e+00
547	5.228650e+15	0.000000e+00	0.000000e+00	0.000000e+00
548	5.229954e+15	0.000000e+00	0.000000e+00	0.000000e+00
549	5.231255e+15	0.000000e+00	0.000000e+00	0.000000e+00
550	5.232422e+15	0.000000e+00	0.000000e+00	0.000000e+00
551	5.233645e+15	0.000000e+00	0.000000e+00	0.000000e+00
552	5.234855e+15	0.000000e+00	0.000000e+00	0.000000e+00
553	5.236007e+15	0.000000e+00	0.000000e+00	0.000000e+00
554	5.237083e+15	0.000000e+00	0.000000e+00	0.000000e+00
555	5.238237e+15	0.000000e+00	0.000000e+00	0.000000e+00
556	5.239454e+15	0.000000e+00	0.000000e+00	0.000000e+00
557	5.240595e+15	0.000000e+00	0.000000e+00	0.000000e+00
558	5.241717e+15	0.000000e+00	0.000000e+00	0.000000e+00
559	5.242714e+15	0.000000e+00	0.000000e+00	0.000000e+00
560	5.243821e+15	0.000000e+00	0.000000e+00	0.000000e+00
561	5.244906e+15	0.000000e+00	0.000000e+00	0.000000e+00
562	5.245952e+15	0.000000e+00	0.000000e+00	0.000000e+00
563	5.247084e+15	0.000000e+00	0.000000e+00	0.000000e+00
564	5.248123e+15	0.000000e+00	0.000000e+00	0.000000e+00
565	5.249068e+15	0.000000e+00	0.000000e+00	0.000000e+00
566	5.250084e+15	0.000000e+00	0.000000e+00	0.000000e+00
567	5.251128e+15	0.000000e+00	0.000000e+00	0.000000e+00
568	5.252079e+15	0.000000e+00	0.000000e+00	0.000000e+00
569	5.253096e+15	0.000000e+00	0.000000e+00	0.000000e+00
570	5.254053e+15	0.000000e+00	0.000000e+00	0.000000e+00
571	5.255050e+15	0.000000e+00	0.000000e+00	0.000000e+00
572	5.256053e+15	0.000000e+00	0.000000e+00	0.000000e+00
573	5.257056e+15	0.000000e+00	0.000000e+00	0.000000e+00
574	5.257652e+15	0.000000e+00	0.000000e+00	0.000000e+00
575	5.258110e+15	0.000000e+00	0.000000e+00	0.000000e+00
576	5.258562e+15	0.000000e+00	0.000000e+00	0.000000e+00
577	5.259045e+15	0.000000e+00	0.000000e+00	0.000000e+00
578	5.259536e+15	0.000000e+00	0.000000e+00	0.000000e+00
579	5.260046e+15	0.000000e+00	0.000000e+00	0.000000e+00
580	5.260538e+15	0.000000e+00	0.000000e+00	0.000000e+00
581	5.261100e+15	0.000000e+00	0.000000e+00	0.000000e+00
582	5.261673e+15	0.000000e+00	0.000000e+00	0.000000e+00
583	5.262174e+15	0.000000e+00	0.000000e+00	0.000000e+00
584	5.262710e+15	0.000000e+00	0.000000e+00	0.000000e+00
585	5.263280e+15	0.000000e+00	0.000000e+00	0.000000e+00
586	5.263800e+15	0.000000e+00	0.000000e+00	0.000000e+00
587	5.264224e+15	0.000000e+00	0.000000e+00	0.000000e+00
588	5.264658e+15	0.000000e+00	0.000000e+00	0.000000e+00
589	5.265140e+15	0.000000e+00	0.000000e+00	0.000000e+00
590	5.265619e+15	0.000000e+00	0.000000e+00	0.000000e+00
591	5.266117e+15	0.000000e+00	0.000000e+00	0.000000e+00
592	5.266661e+15	0.000000e+00	0.000000e+00	0.000000e+00
593	5.267038e+15	0.000000e+00	0.000000e+00	0.000000e+00
594	5.267444e+15	0.000000e+00	0.000000e+00	0.000000e+00
595	5.267872e+15	0.000000e+00	0.000000e+00	0.000000e+00
596	5.268284e+15	0.000000e+00	0.000000e+00	0.000000e+00
597	5.268742e+15	0.000000e+00	0.000000e+00	0.000000e+00
598	5.269231e+15	0.000000e+00	0.000000e+00	0.000000e+00
599	5.269578e+15	0.000000e+00	0.000000e+00	0.000000e+00
600	5.269994e+15	0.000000e+00	0.000000e+00	0.000000e+00
601	5.270372e+15	0.000000e+00	0.000000e+00	0.000000e+00
602	5.270711e+15	0.000000e+00	0.000000e+00	0.000000e+00
603	5.271113e+15	0.000000e+00	0.000000e+00	0.000000e+00
604	5.271499e+15	0.000000e+00	0.000000e+00	0.000000e+00
605	5.271962e+15	0.000000e+00	0.000000e+00	0.000000e+00
606	5.272414e+15	0.000000e+00	1.524297e-01	0.000000e+00
607	5.272821e+15	0.000000e+00	7.120989e-01	1.412845e+15
608	5.273192e+15	0.000000e+00	1.446329e+00	5.789298e+15
609	5.273572e+15	0.000000e+00	2.635070e+00	1.262949e+16
610	5.273960e+15	0.000000e+00	3.490420e+00	2.073376e+16
611	5.274363e+15	0.000000e+00	4.944979e+00	2.181523e+16
612	5.274740e+15	0.000000e+00	5.924926e+00	1.663976e+16
613	5.275123e+15	0.000000e+00	9.215379e+00	2.271659e+16
614	5.275463e+15	0.000000e+00	8.735984e+00	2.739107e+16
615	5.275819e+15	0.000000e+00	9.855477e+00	2.552862e+16
616	5.276202e+15	0.000000e+00	1.323508e+01	2.754836e+16
617	5.276569e+15	0.000000e+00	1.385313e+01	3.126695e+16
618	5.276953e+15	0.000000e+00	1.952603e+01	3.376767e+16
619	5.277293e+15	0.000000e+00	1.996655e+01	3.393373e+16
620	5.277618e+15	0.000000e+00	2.032788e+01	3.165716e+16
621	5.277955e+15	0.000000e+00	1.813370e+01	3.619311e+16
622	5.278359e+15	0.000000e+00	3.888980e+01	4.097522e+16
623	5.278651e+15	0.000000e+00	2.768764e+01	3.322721e+16
624	5.278953e+15	0.000000e+00	3.557200e+01	4.194452e+16
625	5.279231e+15	0.000000e+00	2.776170e+01	3.515735e+16
626	5.279565e+15	0.000000e+00	4.667337e+01	5.157149e+16
627	5.279853e+15	0.000000e+00	3.474051e+01	3.726731e+16
628	5.280185e+15	0.000000e+00	3.834165e+01	5.369807e+16
629	5.280559e+15	0.000000e+00	4.714081e+01	5.619751e+16
630	5.280933e+15	0.000000e+00	6.591262e+01	5.187871e+16
631	5.281236e+15	7.948146e-05	5.563338e+01	4.576215e+16
632	5.281533e+15	7.294394e-03	4.477698e+01	2.920884e+16
633	5.281890e+15	7.475303e-02	7.482939e+01	5.401463e+16
634	5.282189e+15	5.116522e-01	5.356696e+01	3.449635e+16
635	5.282534e+15	2.080668e+00	7.242002e+01	5.313897e+16
636	5.282866e+15	3.566637e+00	6.990530e+01	6.630840e+16
637	5.283205e+15	7.254065e+00	7.168948e+01	5.495131e+16
638	5.283553e+15	1.514911e+01	8.685023e+01	6.678125e+16
639	5.283874e+15	1.940730e+01	7.668059e+01	6.008730e+16
640	5.284210e+15	2.872140e+01	1.194286e+02	5.183124e+16
641	5.284467e+15	1.852892e+01	6.861079e+01	5.532890e+16
642	5.284776e+15	2.593529e+01	8.651002e+01	4.683174e+16
643	5.285092e+15	3.967197e+01	1.058052e+02	5.384228e+16
644	5.285376e+15	3.433841e+01	7.532099e+01	5.586965e+16
645	5.285716e+15	4.781591e+01	9.316578e+01	7.801827e+16
646	5.286071e+15	6.078281e+01	1.223969e+02	6.547044e+16
647	5.286382e+15	5.923027e+01	1.142047e+02	7.435802e+16
648	5.286674e+15	5.790610e+01	1.040420e+02	5.613336e+16
649	5.286971e+15	7.044942e+01	1.221685e+02	5.922777e+16
650	5.287244e+15	5.429727e+01	8.820136e+01	6.148439e+16
651	5.287572e+15	9.178582e+01	1.465060e+02	6.764801e+16
652	5.287839e+15	5.966968e+01	8.966677e+01	4.787649e+16
653	5.288160e+15	9.706979e+01	1.408253e+02	7.589170e+16
654	5.288436e+15	6.675418e+01	9.354002e+01	4.154471e+16
655	5.288768e+15	8.855743e+01	1.269278e+02	8.968396e+16
656	5.289087e+15	8.265198e+01	1.173863e+02	6.187349e+16
657	5.289416e+15	1.158630e+02	1.633929e+02	8.178829e+16
658	5.289677e+15	7.822853e+01	1.024570e+02	4.874526e+16
659	5.289984e+15	7.625067e+01	1.001348e+02	6.299139e+16
660	5.290351e+15	1.390911e+02	1.858351e+02	8.678648e+16
661	5.290625e+15	8.706486e+01	1.085408e+02	6.832643e+16
662	5.290935e+15	1.273637e+02	1.565537e+02	7.022860e+16
663	5.291202e+15	9.973225e+01	1.136541e+02	6.714132e+16
664	5.291496e+15	1.091452e+02	1.197715e+02	4.905941e+16
665	5.291808e+15	1.017763e+02	1.152239e+02	6.695837e+16
666	5.292148e+15	1.310464e+02	1.569296e+02	5.861476e+16
667	5.292446e+15	1.063472e+02	1.273195e+02	6.560922e+16
668	5.292754e+15	1.618197e+02	1.923321e+02	9.743820e+16
669	5.292985e+15	9.839373e+01	1.049204e+02	4.333936e+16
670	5.293262e+15	1.035713e+02	1.052126e+02	6.369920e+16
671	5.293594e+15	1.529057e+02	1.518703e+02	9.361387e+16
672	5.293899e+15	1.713855e+02	1.752222e+02	8.007212e+16
673	5.294150e+15	1.019678e+02	1.091434e+02	3.998472e+16
674	5.294451e+15	1.027968e+02	1.163899e+02	7.846029e+16
675	5.294800e+15	1.420001e+02	1.731640e+02	9.770836e+16
676	5.295099e+15	1.169284e+02	1.407397e+02	7.121593e+16
677	5.295400e+15	1.442740e+02	1.716486e+02	7.697068e+16
678	5.295661e+15	1.026311e+02	1.119488e+02	7.200357e+16
679	5.295973e+15	1.369283e+02	1.466610e+02	7.084692e+16
680	5.296279e+15	1.652797e+02	1.731314e+02	7.964337e+16
681	5.296543e+15	1.357830e+02	1.414876e+02	6.689460e+16
682	5.296813e+15	1.106979e+02	1.155346e+02	6.409796e+16
683	5.297136e+15	1.410389e+02	1.551288e+02	7.651819e+16
684	5.297448e+15	1.553527e+02	1.762460e+02	9.014198e+16
685	5.297718e+15	1.188067e+02	1.337176e+02	5.282122e+16
686	5.298007e+15	1.192401e+02	1.301480e+02	8.145945e+16
687	5.298324e+15	1.488883e+02	1.580100e+02	6.836778e+16
688	5.298623e+15	1.325414e+02	1.366824e+02	6.633851e+16
689	5.298938e+15	1.886039e+02	1.978549e+02	6.713038e+16
690	5.299187e+15	1.333628e+02	1.386102e+02	8.827536e+16
691	5.299449e+15	1.192439e+02	1.223548e+02	6.452510e+16
692	5.299751e+15	1.242109e+02	1.260320e+02	7.198153e+16
693	5.300094e+15	1.472124e+02	1.501465e+02	9.189415e+16
694	5.300437e+15	1.648780e+02	1.697349e+02	9.044261e+16
695	5.300748e+15	1.678877e+02	1.743366e+02	7.881494e+16
696	5.301022e+15	1.307453e+02	1.350530e+02	7.137716e+16
697	5.301318e+15	1.629793e+02	1.688375e+02	8.140112e+16
698	5.301590e+15	1.216435e+02	1.242493e+02	6.456259e+16
699	5.301905e+15	1.677235e+02	1.753650e+02	9.045232e+16
700	5.302185e+15	1.140622e+02	1.201318e+02	5.988677e+16
701	5.302517e+15	1.687847e+02	1.772239e+02	7.235370e+16
702	5.302811e+15	1.537478e+02	1.602020e+02	9.216902e+16
703	5.303094e+15	1.554133e+02	1.663244e+02	8.774735e+16
704	5.303363e+15	1.505150e+02	1.635636e+02	8.856319e+16
705	5.303620e+15	1.091940e+02	1.205244e+02	4.368475e+16
706	5.303929e+15	1.479302e+02	1.632908e+02	5.184361e+16
707	5.304224e+15	1.101477e+02	1.199841e+02	8.602643e+16
708	5.304577e+15	1.777842e+02	1.903051e+02	8.260668e+16
709	5.304871e+15	1.619041e+02	1.712800e+02	7.840606e+16
710	5.305134e+15	1.141833e+02	1.192533e+02	5.569793e+16
711	5.305451e+15	1.492048e+02	1.544620e+02	1.044798e+17
712	5.305765e+15	1.497690e+02	1.538759e+02	6.437981e+16
713	5.306074e+15	1.501262e+02	1.537062e+02	7.333885e+16
714	5.306380e+15	2.141393e+02	2.219601e+02	8.996464e+16
715	5.306605e+15	1.164853e+02	1.206636e+02	3.989002e+16
716	5.306875e+15	1.297791e+02	1.347894e+02	7.695154e+16
717	5.307176e+15	1.388474e+02	1.416299e+02	9.872702e+16
718	5.307495e+15	1.486649e+02	1.485813e+02	8.167590e+16
719	5.307821e+15	1.783882e+02	1.691691e+02	8.535168e+16
720	5.308118e+15	1.912325e+02	1.808342e+02	8.926906e+16
721	5.308375e+15	1.304869e+02	1.287520e+02	5.736942e+16
722	5.308668e+15	1.200904e+02	1.224748e+02	7.306188e+16
723	5.309020e+15	1.768363e+02	1.857971e+02	1.242949e+17
724	5.309327e+15	1.721575e+02	1.780670e+02	9.032215e+16
725	5.309601e+15	1.538572e+02	1.545860e+02	6.896518e+16
726	5.309869e+15	1.409370e+02	1.364650e+02	3.482041e+16
727	5.310156e+15	1.611277e+02	1.553531e+02	6.672730e+16
728	5.310435e+15	1.875149e+02	1.851505e+02	8.815528e+16
729	5.310674e+15	1.185633e+02	1.206672e+02	5.030420e+16
730	5.310961e+15	1.412248e+02	1.469162e+02	6.728104e+16
731	5.311255e+15	1.701495e+02	1.719853e+02	9.050675e+16
732	5.311516e+15	1.465650e+02	1.459201e+02	4.787246e+16
733	5.311781e+15	1.266603e+02	1.260286e+02	6.160863e+16
734	5.312081e+15	1.760006e+02	1.716288e+02	8.106071e+16
735	5.312350e+15	1.207579e+02	1.182314e+02	5.692105e+16
736	5.312672e+15	1.932478e+02	1.900735e+02	1.206532e+17
737	5.312941e+15	1.250325e+02	1.240360e+02	7.949792e+16
738	5.313257e+15	2.076379e+02	2.118277e+02	8.379379e+16
739	5.313502e+15	1.167168e+02	1.206162e+02	4.942584e+16
740	5.313796e+15	1.557178e+02	1.608341e+02	9.958726e+16
741	5.314078e+15	1.300620e+02	1.308712e+02	7.021964e+16
742	5.314394e+15	1.657650e+02	1.618370e+02	7.307770e+16
743	5.314692e+15	1.927380e+02	1.842212e+02	7.130632e+16
744	5.314944e+15	1.229811e+02	1.167781e+02	5.917008e+16
745	5.315247e+15	2.018583e+02	1.901386e+02	8.412376e+16
746	5.315499e+15	1.564741e+02	1.521846e+02	7.233421e+16
747	5.315749e+15	1.186500e+02	1.197367e+02	8.361107e+16
748	5.316049e+15	1.607262e+02	1.673095e+02	8.055008e+16
749	5.316329e+15	1.588053e+02	1.640488e+02	6.412170e+16
750	5.316592e+15	1.184561e+02	1.214145e+02	6.851564e+16
751	5.316903e+15	1.685125e+02	1.683852e+02	7.265124e+16
752	5.317187e+15	1.198934e+02	1.213610e+02	6.784192e+16
753	5.317522e+15	1.811696e+02	1.818631e+02	9.218404e+16
754	5.317812e+15	1.570357e+02	1.579712e+02	8.645269e+16
755	5.318093e+15	1.269603e+02	1.299680e+02	7.274691e+16
756	5.318412e+15	1.918034e+02	2.020394e+02	8.056616e+16
757	5.318667e+15	1.238159e+02	1.332479e+02	7.080421e+16
758	5.318952e+15	1.512991e+02	1.591164e+02	6.539752e+16
759	5.319228e+15	1.353991e+02	1.397942e+02	7.796338e+16
760	5.319521e+15	1.677976e+02	1.724103e+02	7.113121e+16
761	5.319784e+15	1.307202e+02	1.361492e+02	6.205869e+16
762	5.320067e+15	1.780791e+02	1.885204e+02	8.944670e+16
763	5.320304e+15	1.186718e+02	1.282481e+02	6.206263e+16
764	5.320576e+15	1.114106e+02	1.197725e+02	7.549132e+16
765	5.320901e+15	1.528294e+02	1.604995e+02	8.870960e+16
766	5.321212e+15	1.531543e+02	1.635811e+02	7.413554e+16
767	5.321506e+15	1.538882e+02	1.649901e+02	8.463009e+16
768	5.321781e+15	1.485628e+02	1.615325e+02	6.173246e+16
769	5.322042e+15	1.151862e+02	1.255920e+02	6.897857e+16
770	5.322345e+15	1.549298e+02	1.675062e+02	9.530490e+16
771	5.322629e+15	1.133727e+02	1.243004e+02	7.002732e+16
772	5.322963e+15	1.956061e+02	2.088492e+02	9.394300e+16
773	5.323221e+15	1.188127e+02	1.242068e+02	6.317208e+16
774	5.323519e+15	1.849773e+02	1.889125e+02	7.865568e+16
775	5.323771e+15	1.164317e+02	1.196337e+02	6.270148e+16
776	5.324074e+15	1.889311e+02	1.943386e+02	8.056735e+16
777	5.324323e+15	1.125198e+02	1.197119e+02	4.891918e+16
778	5.324623e+15	1.725262e+02	1.843524e+02	9.283402e+16
779	5.324879e+15	1.110652e+02	1.212915e+02	6.085926e+16
780	5.325182e+15	1.485588e+02	1.607517e+02	7.783655e+16
781	5.325474e+15	1.242086e+02	1.351787e+02	8.167466e+16
782	5.325797e+15	1.223051e+02	1.329957e+02	1.122889e+17
783	5.326156e+15	1.701251e+02	1.874889e+02	9.218197e+16
784	5.326464e+15	1.283257e+02	1.433938e+02	9.166158e+16
785	5.326786e+15	1.635369e+02	1.796113e+02	1.109118e+17
786	5.327070e+15	1.540796e+02	1.706297e+02	8.233640e+16
787	5.327330e+15	1.252032e+02	1.378657e+02	6.187848e+16
788	5.327613e+15	1.432015e+02	1.594647e+02	7.071556e+16
789	5.327889e+15	1.086510e+02	1.235265e+02	5.919186e+16
790	5.328220e+15	1.249107e+02	1.409579e+02	9.628258e+16
791	5.328580e+15	2.053472e+02	2.292007e+02	1.172625e+17
792	5.328847e+15	1.692626e+02	1.869271e+02	6.658456e+16
793	5.329078e+15	1.519496e+02	1.600963e+02	5.027272e+16
794	5.329297e+15	1.108761e+02	1.192448e+02	5.392939e+16
795	5.329560e+15	1.102123e+02	1.196509e+02	4.790593e+16
796	5.329875e+15	1.184018e+02	1.332447e+02	1.331361e+17
797	5.330229e+15	1.570572e+02	1.821885e+02	8.824297e+16
798	5.330541e+15	1.306562e+02	1.552862e+02	8.793715e+16
799	5.330847e+15	1.161418e+02	1.397501e+02	5.225123e+16
800	5.331174e+15	1.174744e+02	1.455094e+02	9.442990e+16
801	5.331518e+15	1.643872e+02	2.012455e+02	7.476037e+16
802	5.331799e+15	1.029010e+02	1.278884e+02	1.044585e+17
803	5.332127e+15	1.204495e+02	1.452292e+02	9.713896e+16
804	5.332475e+15	1.741638e+02	1.983402e+02	9.257354e+16
805	5.332761e+15	1.177218e+02	1.356900e+02	6.069823e+16
806	5.333076e+15	1.900499e+02	2.157078e+02	8.462043e+16
807	5.333318e+15	1.021997e+02	1.215305e+02	4.329666e+16
808	5.333607e+15	1.291929e+02	1.556315e+02	8.447235e+16
809	5.333898e+15	1.250458e+02	1.526044e+02	6.286002e+16
810	5.334198e+15	1.386805e+02	1.651956e+02	1.235135e+17
811	5.334485e+15	1.189976e+02	1.416874e+02	8.111125e+16
812	5.334797e+15	1.088617e+02	1.288546e+02	8.488644e+16
813	5.335160e+15	1.699596e+02	1.961057e+02	8.639183e+16
814	5.335464e+15	1.675489e+02	1.909955e+02	8.975422e+16
815	5.335720e+15	1.026907e+02	1.207429e+02	6.542346e+16
816	5.336027e+15	1.234698e+02	1.446332e+02	7.078198e+16
817	5.336351e+15	1.119929e+02	1.357820e+02	8.744741e+16
818	5.336711e+15	1.505671e+02	1.774695e+02	8.758935e+16
819	5.337033e+15	1.697776e+02	1.958328e+02	6.485965e+16
820	5.337296e+15	1.190874e+02	1.374115e+02	7.924636e+16
821	5.337581e+15	1.024131e+02	1.227137e+02	9.261162e+16
822	5.337919e+15	1.318706e+02	1.542247e+02	9.512635e+16
823	5.338256e+15	1.325393e+02	1.532226e+02	1.060636e+17
824	5.338593e+15	1.770736e+02	1.978687e+02	8.637466e+16
825	5.338866e+15	1.154878e+02	1.288416e+02	6.459851e+16
826	5.339176e+15	1.356624e+02	1.482149e+02	7.155883e+16
827	5.339495e+15	1.376546e+02	1.515322e+02	6.335504e+16
828	5.339822e+15	1.376031e+02	1.484165e+02	7.110124e+16
829	5.340159e+15	1.828983e+02	2.002523e+02	7.000671e+16
830	5.340433e+15	1.050598e+02	1.218203e+02	8.772170e+16
831	5.340761e+15	1.282351e+02	1.463335e+02	8.785166e+16
832	5.341106e+15	1.448697e+02	1.578749e+02	1.146373e+17
833	5.341446e+15	1.455138e+02	1.543127e+02	8.421036e+16
834	5.341783e+15	1.454763e+02	1.566103e+02	9.434150e+16
835	5.342117e+15	1.559957e+02	1.703126e+02	1.121850e+17
836	5.342424e+15	1.196199e+02	1.345839e+02	7.856519e+16
837	5.342759e+15	1.213851e+02	1.378300e+02	8.353330e+16
838	5.343116e+15	1.403161e+02	1.587597e+02	9.794885e+16
839	5.343461e+15	1.386625e+02	1.532283e+02	9.816750e+16
840	5.343807e+15	1.954828e+02	2.141970e+02	8.530475e+16
841	5.344070e+15	1.210840e+02	1.354553e+02	5.700656e+16
842	5.344359e+15	1.107115e+02	1.229416e+02	8.031604e+16
843	5.344699e+15	1.771814e+02	1.854602e+02	7.753481e+16
844	5.344988e+15	1.435659e+02	1.464214e+02	6.664756e+16
845	5.345281e+15	1.192162e+02	1.176174e+02	8.280652e+16
846	5.345633e+15	1.555413e+02	1.563887e+02	1.010938e+17
847	5.345972e+15	2.032092e+02	2.095539e+02	9.097436e+16
848	5.346230e+15	1.164374e+02	1.255380e+02	7.163676e+16
849	5.346523e+15	1.105776e+02	1.211544e+02	8.500061e+16
850	5.346862e+15	1.986637e+02	2.198509e+02	8.186428e+16
851	5.347115e+15	1.084809e+02	1.257791e+02	8.724111e+16
852	5.347413e+15	1.301050e+02	1.539723e+02	9.437004e+16
853	5.347715e+15	1.048376e+02	1.286223e+02	7.636175e+16
854	5.348065e+15	1.765533e+02	2.090795e+02	8.293905e+16
855	5.348343e+15	1.016186e+02	1.206699e+02	5.247491e+16
856	5.348677e+15	1.455549e+02	1.703192e+02	8.041506e+16
857	5.348986e+15	1.171628e+02	1.391847e+02	8.417275e+16
858	5.349320e+15	1.194092e+02	1.424378e+02	8.512160e+16
859	5.349680e+15	1.583161e+02	1.833046e+02	1.286181e+17
860	5.349995e+15	1.287687e+02	1.439004e+02	8.771783e+16
861	5.350323e+15	1.257631e+02	1.399502e+02	8.049815e+16
862	5.350668e+15	1.264675e+02	1.464515e+02	8.373129e+16
863	5.351021e+15	1.476069e+02	1.721905e+02	8.928406e+16
864	5.351339e+15	1.109527e+02	1.308272e+02	7.944003e+16
865	5.351689e+15	1.369482e+02	1.578961e+02	8.732397e+16
866	5.352020e+15	1.295940e+02	1.460136e+02	8.285294e+16
867	5.352349e+15	1.317550e+02	1.406330e+02	6.423525e+16
868	5.352682e+15	1.286860e+02	1.374335e+02	9.027960e+16
869	5.353032e+15	1.597757e+02	1.655540e+02	8.689660e+16
870	5.353348e+15	1.196102e+02	1.257109e+02	6.227608e+16
871	5.353700e+15	1.503354e+02	1.568080e+02	8.725627e+16
872	5.354029e+15	1.460357e+02	1.457551e+02	8.775699e+16
873	5.354350e+15	1.225637e+02	1.221267e+02	9.043455e+16
874	5.354711e+15	1.580704e+02	1.609659e+02	7.663139e+16
875	5.355039e+15	1.370250e+02	1.472206e+02	6.866174e+16
876	5.355362e+15	1.393268e+02	1.540885e+02	8.771657e+16
877	5.355671e+15	1.130748e+02	1.264163e+02	6.603290e+16
878	5.356013e+15	1.454995e+02	1.559927e+02	8.931975e+16
879	5.356332e+15	1.295385e+02	1.368321e+02	8.002122e+16
880	5.356656e+15	1.595761e+02	1.624583e+02	6.110760e+16
881	5.356941e+15	1.085841e+02	1.099860e+02	5.325943e+16
882	5.357279e+15	1.292814e+02	1.315898e+02	6.166421e+16
883	5.357625e+15	1.292633e+02	1.371737e+02	7.634427e+16
884	5.357971e+15	1.181726e+02	1.273222e+02	7.936947e+16
885	5.358331e+15	1.438451e+02	1.550240e+02	9.943468e+16
886	5.358658e+15	1.271836e+02	1.344780e+02	9.549668e+16
887	5.358992e+15	1.183362e+02	1.257809e+02	8.305804e+16
888	5.359347e+15	1.307868e+02	1.392540e+02	8.974703e+16
889	5.359700e+15	1.278090e+02	1.349917e+02	7.056312e+16
890	5.360054e+15	1.318107e+02	1.384388e+02	1.040724e+17
891	5.360408e+15	1.348490e+02	1.421037e+02	7.003935e+16
892	5.360755e+15	1.315214e+02	1.414026e+02	1.255784e+17
893	5.361095e+15	1.632280e+02	1.735340e+02	8.753663e+16
894	5.361379e+15	9.962349e+01	1.073721e+02	7.424387e+16
895	5.361719e+15	1.304650e+02	1.368796e+02	9.631783e+16
896	5.362057e+15	1.435850e+02	1.499497e+02	9.140122e+16
897	5.362370e+15	1.028734e+02	1.097017e+02	9.600564e+16
898	5.362737e+15	1.260144e+02	1.335994e+02	9.898905e+16
899	5.363106e+15	1.181617e+02	1.282498e+02	7.729832e+16
900	5.363495e+15	1.626817e+02	1.789303e+02	1.141088e+17
901	5.363813e+15	1.211717e+02	1.355163e+02	8.179005e+16
902	5.364138e+15	1.004690e+02	1.152836e+02	6.978987e+16
903	5.364515e+15	1.310200e+02	1.480243e+02	7.172630e+16
904	5.364876e+15	1.470530e+02	1.624700e+02	5.577870e+16
905	5.365198e+15	1.136319e+02	1.263415e+02	1.122842e+17
906	5.365548e+15	1.224810e+02	1.400685e+02	1.019657e+17
907	5.365900e+15	1.299106e+02	1.536988e+02	9.874656e+16
908	5.366233e+15	1.114534e+02	1.318672e+02	9.466029e+16
909	5.366585e+15	1.424196e+02	1.618638e+02	8.519495e+16
910	5.366903e+15	1.352874e+02	1.510137e+02	8.063741e+16
911	5.367205e+15	1.081454e+02	1.237960e+02	6.298506e+16
912	5.367542e+15	1.227187e+02	1.423039e+02	7.299849e+16
913	5.367880e+15	1.201427e+02	1.416255e+02	7.237830e+16
914	5.368221e+15	1.200232e+02	1.404880e+02	5.775322e+16
915	5.368565e+15	1.270807e+02	1.462179e+02	1.053658e+17
916	5.368896e+15	1.127846e+02	1.305123e+02	5.114454e+16
917	5.369241e+15	1.185701e+02	1.356867e+02	7.480218e+16
918	5.369588e+15	1.159462e+02	1.333965e+02	9.874903e+16
919	5.369942e+15	1.380633e+02	1.609414e+02	7.467549e+16
920	5.370258e+15	1.025869e+02	1.231725e+02	8.621213e+16
921	5.370607e+15	1.123400e+02	1.357020e+02	8.856046e+16
922	5.370968e+15	1.183544e+02	1.439705e+02	9.521976e+16
923	5.371322e+15	1.233308e+02	1.473693e+02	1.024725e+17
924	5.371662e+15	1.136406e+02	1.376492e+02	8.068481e+16
925	5.372009e+15	1.141208e+02	1.416936e+02	8.055102e+16
926	5.372356e+15	1.192906e+02	1.488274e+02	9.233526e+16
927	5.372691e+15	1.121600e+02	1.374320e+02	1.216769e+17
928	5.373033e+15	1.168732e+02	1.364724e+02	1.079297e+17
929	5.373379e+15	1.267166e+02	1.451303e+02	7.571104e+16
930	5.373710e+15	1.217225e+02	1.357195e+02	9.107375e+16
931	5.374043e+15	1.242605e+02	1.360837e+02	8.012728e+16
932	5.374376e+15	1.279733e+02	1.383966e+02	8.944870e+16
933	5.374704e+15	1.135967e+02	1.214156e+02	7.097508e+16
934	5.375060e+15	1.290962e+02	1.435204e+02	8.433203e+16
935	5.375404e+15	1.167414e+02	1.337066e+02	6.867414e+16
936	5.375755e+15	1.252606e+02	1.439929e+02	9.544182e+16
937	5.376095e+15	1.238007e+02	1.349381e+02	7.372752e+16
938	5.376427e+15	1.219397e+02	1.336069e+02	8.907393e+16
939	5.376756e+15	1.269574e+02	1.390918e+02	9.778415e+16
940	5.377071e+15	1.228923e+02	1.365328e+02	1.104923e+17
941	5.377380e+15	1.183816e+02	1.305684e+02	1.150399e+17
942	5.377697e+15	1.229975e+02	1.339371e+02	1.013053e+17
943	5.378018e+15	1.303679e+02	1.400203e+02	9.991492e+16
944	5.378331e+15	1.196947e+02	1.294588e+02	1.028876e+17
945	5.378661e+15	1.278937e+02	1.397562e+02	1.008496e+17
946	5.378988e+15	1.233640e+02	1.372232e+02	7.841809e+16
947	5.379315e+15	1.199774e+02	1.346205e+02	1.009923e+17
948	5.379648e+15	1.267794e+02	1.425179e+02	9.298873e+16
949	5.379967e+15	1.144393e+02	1.294902e+02	6.554553e+16
950	5.380298e+15	1.192143e+02	1.378945e+02	8.063666e+16
951	5.380623e+15	1.156432e+02	1.297465e+02	5.548550e+16
952	5.380959e+15	1.160419e+02	1.310831e+02	7.805434e+16
953	5.381303e+15	1.201505e+02	1.395286e+02	7.776116e+16
954	5.381640e+15	1.108775e+02	1.297725e+02	7.556427e+16
955	5.381989e+15	1.176672e+02	1.391282e+02	9.810551e+16
956	5.382331e+15	1.188404e+02	1.374136e+02	9.633331e+16
957	5.382669e+15	1.157366e+02	1.373622e+02	7.044125e+16
958	5.383004e+15	1.095736e+02	1.296054e+02	7.145636e+16
959	5.383349e+15	1.149864e+02	1.398958e+02	8.541626e+16
960	5.383691e+15	1.125188e+02	1.422787e+02	1.161169e+17
961	5.384027e+15	1.062012e+02	1.349687e+02	8.346628e+16
962	5.384371e+15	1.090191e+02	1.382321e+02	9.765375e+16
963	5.384716e+15	1.100941e+02	1.407525e+02	1.263863e+17
964	5.385057e+15	1.084639e+02	1.395440e+02	1.216563e+17
965	5.385395e+15	1.067138e+02	1.391738e+02	7.063815e+16
966	5.385733e+15	1.299563e+02	1.684433e+02	1.016412e+17
967	5.386027e+15	1.018125e+02	1.387796e+02	7.501528e+16
968	5.386328e+15	9.659059e+01	1.328186e+02	9.327400e+16
969	5.386646e+15	1.082395e+02	1.473425e+02	7.143179e+16
970	5.386960e+15	1.060325e+02	1.486955e+02	1.117887e+17
971	5.387272e+15	9.824055e+01	1.433070e+02	5.936472e+16
972	5.387593e+15	9.942025e+01	1.478974e+02	6.701886e+16
973	5.387914e+15	9.986776e+01	1.479400e+02	8.196328e+16
974	5.388236e+15	9.895298e+01	1.469944e+02	1.215540e+17
975	5.388562e+15	1.045147e+02	1.548594e+02	1.012407e+17
976	5.388879e+15	1.026164e+02	1.521703e+02	1.129733e+17
977	5.389194e+15	1.016978e+02	1.501271e+02	1.106214e+17
978	5.389508e+15	1.025167e+02	1.515370e+02	8.992844e+16
979	5.389820e+15	1.022227e+02	1.491902e+02	6.024415e+16
980	5.390132e+15	1.069454e+02	1.507648e+02	5.364751e+16
981	5.390440e+15	1.119720e+02	1.514025e+02	1.078142e+17
982	5.390746e+15	1.099375e+02	1.480278e+02	5.226402e+16
983	5.391057e+15	1.142502e+02	1.512372e+02	7.691321e+16
984	5.391368e+15	1.098900e+02	1.435821e+02	6.010399e+16
985	5.391692e+15	1.162711e+02	1.529004e+02	7.513328e+16
986	5.392014e+15	1.075710e+02	1.414277e+02	6.798405e+16
987	5.392353e+15	1.177393e+02	1.515211e+02	7.847670e+16
988	5.392693e+15	1.219194e+02	1.542231e+02	9.039267e+16
989	5.393029e+15	1.160129e+02	1.479988e+02	1.022072e+17
990	5.393373e+15	1.332186e+02	1.701113e+02	1.140640e+17
991	5.393690e+15	1.145068e+02	1.455839e+02	7.255801e+16
992	5.394017e+15	1.239603e+02	1.580438e+02	6.639509e+16
993	5.394332e+15	1.170501e+02	1.452863e+02	7.193320e+16
994	5.394655e+15	1.172967e+02	1.475501e+02	5.941973e+16
995	5.394982e+15	1.190836e+02	1.541307e+02	7.946413e+16
996	5.395305e+15	1.114054e+02	1.456489e+02	7.267836e+16
997	5.395635e+15	1.153629e+02	1.491127e+02	1.088842e+17
998	5.395971e+15	1.236262e+02	1.584564e+02	1.087557e+17
999	5.396295e+15	1.126717e+02	1.448543e+02	7.264117e+16
1000	5.396629e+15	1.133158e+02	1.461691e+02	1.075694e+17
1001	5.396970e+15	1.246958e+02	1.575488e+02	1.023305e+17
1002	5.397299e+15	1.230454e+02	1.562726e+02	9.737428e+16
1003	5.397620e+15	1.174473e+02	1.508208e+02	1.169098e+17
1004	5.397940e+15	1.167935e+02	1.485630e+02	9.995500e+16
1005	5.398259e+15	1.193303e+02	1.522559e+02	9.410472e+16
1006	5.398570e+15	1.142007e+02	1.477247e+02	9.322385e+16
1007	5.398879e+15	1.090279e+02	1.427103e+02	8.388788e+16
1008	5.399190e+15	1.081949e+02	1.422380e+02	6.492538e+16
1009	5.399506e+15	1.077661e+02	1.422761e+02	6.186792e+16
1010	5.399828e+15	1.009682e+02	1.375023e+02	5.343880e+16
1011	5.400172e+15	1.177672e+02	1.567705e+02	1.004138e+17
1012	5.400504e+15	1.169558e+02	1.519119e+02	1.144915e+17
1013	5.400831e+15	1.023265e+02	1.301277e+02	9.424724e+16
1014	5.401188e+15	1.233612e+02	1.578030e+02	9.454188e+16
1015	5.401524e+15	1.090440e+02	1.406959e+02	8.343114e+16
1016	5.401872e+15	1.218568e+02	1.569247e+02	7.898522e+16
1017	5.402206e+15	1.139241e+02	1.383204e+02	7.036068e+16
1018	5.402543e+15	1.161336e+02	1.486306e+02	4.644133e+16
1019	5.402869e+15	1.135862e+02	1.464800e+02	8.192283e+16
1020	5.403193e+15	1.054931e+02	1.375386e+02	1.009541e+17
1021	5.403532e+15	1.195870e+02	1.567957e+02	9.048860e+16
1022	5.403855e+15	1.044623e+02	1.387109e+02	8.743857e+16
1023	5.404196e+15	1.167269e+02	1.562707e+02	1.316709e+17
1024	5.404524e+15	1.068368e+02	1.435972e+02	9.384042e+16
1025	5.404856e+15	1.060184e+02	1.420338e+02	1.117547e+17
1026	5.405193e+15	1.093638e+02	1.471438e+02	8.376299e+16
1027	5.405525e+15	1.100295e+02	1.489017e+02	9.146922e+16
1028	5.405850e+15	1.059614e+02	1.485632e+02	7.511777e+16
1029	5.406173e+15	1.027431e+02	1.459739e+02	9.277863e+16
1030	5.406504e+15	1.114690e+02	1.544415e+02	8.244095e+16
1031	5.406831e+15	1.072197e+02	1.470054e+02	9.547189e+16
1032	5.407167e+15	1.149136e+02	1.585799e+02	8.057085e+16
1033	5.407495e+15	1.028619e+02	1.439451e+02	7.876392e+16
1034	5.407843e+15	1.142366e+02	1.635051e+02	9.414589e+16
1035	5.408174e+15	1.001100e+02	1.454947e+02	6.446372e+16
1036	5.408519e+15	1.066864e+02	1.564659e+02	9.171360e+16
1037	5.408862e+15	1.045679e+02	1.509705e+02	1.124511e+17
1038	5.409211e+15	1.099892e+02	1.578806e+02	1.033809e+17
1039	5.409556e+15	1.070368e+02	1.504058e+02	9.977097e+16
1040	5.409912e+15	1.121849e+02	1.588451e+02	1.066049e+17
1041	5.410265e+15	1.072947e+02	1.554414e+02	9.320074e+16
1042	5.410626e+15	1.057297e+02	1.569176e+02	1.428494e+17
1043	5.410992e+15	1.125404e+02	1.675282e+02	8.646127e+16
1044	5.411341e+15	1.102638e+02	1.615597e+02	9.780076e+16
1045	5.411680e+15	1.074738e+02	1.574931e+02	9.200792e+16
1046	5.412018e+15	1.108561e+02	1.563538e+02	9.723469e+16
1047	5.412354e+15	1.124295e+02	1.527127e+02	7.077695e+16
1048	5.412694e+15	1.158348e+02	1.558006e+02	7.265873e+16
1049	5.413029e+15	1.049237e+02	1.407845e+02	1.042125e+17
1050	5.413384e+15	1.178868e+02	1.554813e+02	1.145746e+17
1051	5.413733e+15	1.186653e+02	1.589182e+02	7.950939e+16
1052	5.414070e+15	1.147439e+02	1.541998e+02	1.127894e+17
1053	5.414404e+15	1.145170e+02	1.547844e+02	8.559288e+16
1054	5.414735e+15	1.206061e+02	1.643661e+02	9.129883e+16
1055	5.415050e+15	1.168670e+02	1.570544e+02	9.709827e+16
1056	5.415360e+15	1.223312e+02	1.580105e+02	1.057729e+17
1057	5.415663e+15	1.146061e+02	1.482205e+02	8.575558e+16
1058	5.415973e+15	1.075135e+02	1.421268e+02	7.467537e+16
1059	5.416304e+15	1.203661e+02	1.597980e+02	8.688581e+16
1060	5.416628e+15	1.213154e+02	1.630494e+02	7.120645e+16
1061	5.416937e+15	1.042011e+02	1.422094e+02	9.284443e+16
1062	5.417266e+15	1.269059e+02	1.688229e+02	8.877704e+16
1063	5.417569e+15	1.077537e+02	1.419997e+02	6.487784e+16
1064	5.417887e+15	1.192625e+02	1.544554e+02	7.282695e+16
1065	5.418200e+15	1.161882e+02	1.506812e+02	7.420405e+16
1066	5.418514e+15	1.133543e+02	1.482487e+02	8.938884e+16
1067	5.418835e+15	1.174572e+02	1.526355e+02	8.253707e+16
1068	5.419154e+15	1.132071e+02	1.468552e+02	8.260864e+16
1069	5.419478e+15	1.179464e+02	1.534955e+02	1.056639e+17
1070	5.419797e+15	1.191143e+02	1.552277e+02	9.440901e+16
1071	5.420112e+15	1.111943e+02	1.459347e+02	1.036699e+17
1072	5.420441e+15	1.200174e+02	1.575659e+02	8.534521e+16
1073	5.420765e+15	1.119746e+02	1.465670e+02	6.656315e+16
1074	5.421102e+15	1.168392e+02	1.554970e+02	1.313609e+17
1075	5.421438e+15	1.210371e+02	1.609743e+02	9.386836e+16
1076	5.421764e+15	1.075370e+02	1.466437e+02	1.045862e+17
1077	5.422104e+15	1.194474e+02	1.599597e+02	9.760836e+16
1078	5.422435e+15	1.122135e+02	1.471049e+02	9.629713e+16
1079	5.422777e+15	1.177731e+02	1.565877e+02	7.599420e+16
1080	5.423114e+15	1.222077e+02	1.601638e+02	9.434655e+16
1081	5.423442e+15	1.164410e+02	1.533720e+02	6.709825e+16
1082	5.423772e+15	1.218705e+02	1.573909e+02	1.089302e+17
1083	5.424095e+15	1.267709e+02	1.589545e+02	6.381520e+16
1084	5.424409e+15	1.181403e+02	1.452795e+02	8.058238e+16
1085	5.424733e+15	1.204897e+02	1.489572e+02	6.294575e+16
1086	5.425059e+15	1.183345e+02	1.506992e+02	7.232720e+16
1087	5.425385e+15	1.255561e+02	1.604374e+02	6.252184e+16
1088	5.425697e+15	1.187790e+02	1.495244e+02	8.937788e+16
1089	5.426014e+15	1.259363e+02	1.574326e+02	1.086431e+17
1090	5.426325e+15	1.247289e+02	1.543017e+02	1.029697e+17
1091	5.426631e+15	1.264031e+02	1.513841e+02	9.489973e+16
1092	5.426937e+15	1.267426e+02	1.475997e+02	4.958276e+16
1093	5.427247e+15	1.261254e+02	1.480168e+02	7.349247e+16
1094	5.427559e+15	1.233779e+02	1.459133e+02	1.024836e+17
1095	5.427875e+15	1.191985e+02	1.419799e+02	6.631243e+16
1096	5.428202e+15	1.386632e+02	1.621678e+02	6.972980e+16
1097	5.428506e+15	1.238182e+02	1.479685e+02	6.104851e+16
1098	5.428809e+15	1.220146e+02	1.498735e+02	1.041472e+17
1099	5.429112e+15	1.100720e+02	1.387121e+02	6.009514e+16
1100	5.429432e+15	1.108680e+02	1.461884e+02	6.159493e+16
1101	5.429762e+15	1.237486e+02	1.634128e+02	8.534748e+16
1102	5.430078e+15	1.148549e+02	1.533251e+02	5.433932e+16
1103	5.430397e+15	1.191785e+02	1.598433e+02	1.006223e+17
1104	5.430712e+15	1.185795e+02	1.593137e+02	1.050695e+17
1105	5.431025e+15	1.220006e+02	1.620059e+02	1.257018e+17
1106	5.431335e+15	1.207098e+02	1.607889e+02	1.012338e+17
1107	5.431644e+15	1.159126e+02	1.529768e+02	1.170607e+17
1108	5.431964e+15	1.237576e+02	1.612248e+02	1.207720e+17
1109	5.432281e+15	1.101890e+02	1.436596e+02	8.281433e+16
1110	5.432620e+15	1.136413e+02	1.517125e+02	1.198330e+17
1111	5.432967e+15	1.211769e+02	1.601038e+02	9.826797e+16
1112	5.433305e+15	1.184593e+02	1.642137e+02	8.242956e+16
1113	5.433627e+15	1.127368e+02	1.530959e+02	9.419169e+16
1114	5.433949e+15	1.117349e+02	1.557758e+02	8.195394e+16
1115	5.434267e+15	1.047134e+02	1.496737e+02	7.641854e+16
1116	5.434591e+15	1.043331e+02	1.518843e+02	7.918712e+16
1117	5.434920e+15	1.147226e+02	1.649900e+02	7.560725e+16
1118	5.435234e+15	1.072051e+02	1.501132e+02	6.028907e+16
1119	5.435554e+15	1.069899e+02	1.462227e+02	5.627665e+16
1120	5.435885e+15	1.195009e+02	1.610420e+02	8.370759e+16
1121	5.436204e+15	1.086181e+02	1.452450e+02	8.730209e+16
1122	5.436537e+15	1.221271e+02	1.608868e+02	9.726455e+16
1123	5.436859e+15	1.110577e+02	1.472202e+02	9.941504e+16
1124	5.437198e+15	1.329626e+02	1.747921e+02	8.564494e+16
1125	5.437509e+15	1.167928e+02	1.498589e+02	8.300445e+16
1126	5.437830e+15	1.235281e+02	1.585114e+02	1.317591e+17
1127	5.438144e+15	1.087205e+02	1.427140e+02	6.393977e+16
1128	5.438477e+15	1.171364e+02	1.534623e+02	7.458517e+16
1129	5.438810e+15	1.289422e+02	1.608295e+02	8.173942e+16
1130	5.439130e+15	1.190640e+02	1.485951e+02	1.000530e+17
1131	5.439456e+15	1.292727e+02	1.595674e+02	5.354516e+16
1132	5.439771e+15	1.251188e+02	1.531837e+02	7.576676e+16
1133	5.440080e+15	1.221325e+02	1.492120e+02	5.743825e+16
1134	5.440385e+15	1.212070e+02	1.440073e+02	6.227497e+16
1135	5.440695e+15	1.167032e+02	1.397625e+02	7.423521e+16
1136	5.441016e+15	1.110031e+02	1.357969e+02	6.156147e+16
1137	5.441355e+15	1.290754e+02	1.584907e+02	8.620309e+16
1138	5.441672e+15	1.158465e+02	1.434705e+02	9.046134e+16
1139	5.441993e+15	1.148293e+02	1.441284e+02	9.331863e+16
1140	5.442317e+15	1.198564e+02	1.471739e+02	6.745510e+16
1141	5.442640e+15	1.235603e+02	1.520169e+02	5.399587e+16
1142	5.442957e+15	1.172304e+02	1.445631e+02	7.441409e+16
1143	5.443279e+15	1.240362e+02	1.510934e+02	7.338394e+16
1144	5.443597e+15	1.271728e+02	1.560264e+02	9.417582e+16
1145	5.443904e+15	1.135061e+02	1.399436e+02	5.421726e+16
1146	5.444229e+15	1.269390e+02	1.577930e+02	8.490192e+16
1147	5.444544e+15	1.143860e+02	1.430867e+02	7.702861e+16
1148	5.444873e+15	1.248380e+02	1.565741e+02	7.481924e+16
1149	5.445196e+15	1.194017e+02	1.502280e+02	7.884576e+16
1150	5.445525e+15	1.170440e+02	1.500469e+02	8.375130e+16
1151	5.445859e+15	1.282113e+02	1.588622e+02	8.285601e+16
1152	5.446181e+15	1.273382e+02	1.571948e+02	6.689202e+16
1153	5.446491e+15	1.215679e+02	1.451069e+02	7.204077e+16
1154	5.446809e+15	1.305506e+02	1.556053e+02	7.056012e+16
1155	5.447118e+15	1.144695e+02	1.381700e+02	7.532497e+16
1156	5.447448e+15	1.315365e+02	1.586537e+02	9.873850e+16
1157	5.447770e+15	1.300808e+02	1.568790e+02	7.474513e+16
1158	5.448086e+15	1.174322e+02	1.466009e+02	5.445880e+16
1159	5.448412e+15	1.315735e+02	1.595707e+02	9.652004e+16
1160	5.448722e+15	1.257068e+02	1.502571e+02	1.363417e+17
1161	5.449030e+15	1.225794e+02	1.463917e+02	7.602766e+16
1162	5.449340e+15	1.269862e+02	1.493645e+02	9.719616e+16
1163	5.449644e+15	1.270339e+02	1.466204e+02	8.097042e+16
1164	5.449945e+15	1.243339e+02	1.416994e+02	3.988675e+16
1165	5.450247e+15	1.284209e+02	1.435181e+02	8.343594e+16
1166	5.450545e+15	1.209242e+02	1.342553e+02	8.003927e+16
1167	5.450851e+15	1.312473e+02	1.470336e+02	4.330485e+16
1168	5.451144e+15	1.142670e+02	1.273580e+02	6.176463e+16
1169	5.451455e+15	1.243098e+02	1.400046e+02	8.281610e+16
1170	5.451764e+15	1.269037e+02	1.439686e+02	5.455855e+16
1171	5.452065e+15	1.116458e+02	1.268470e+02	4.726388e+16
1172	5.452388e+15	1.293820e+02	1.539699e+02	9.039032e+16
1173	5.452687e+15	1.092044e+02	1.313038e+02	9.411262e+16
1174	5.453003e+15	1.286050e+02	1.563288e+02	7.746993e+16
1175	5.453296e+15	1.138840e+02	1.399441e+02	6.736261e+16
1176	5.453593e+15	1.070823e+02	1.356255e+02	8.338354e+16
1177	5.453900e+15	1.120292e+02	1.446495e+02	6.606396e+16
1178	5.454207e+15	1.121672e+02	1.467162e+02	5.767649e+16
1179	5.454511e+15	1.127138e+02	1.481207e+02	8.114221e+16
1180	5.454810e+15	1.009876e+02	1.317802e+02	6.603849e+16
1181	5.455126e+15	9.687370e+01	1.284753e+02	1.033908e+17
1182	5.455467e+15	1.140350e+02	1.512414e+02	8.871401e+16
1183	5.455792e+15	9.996980e+01	1.321941e+02	6.552703e+16
1184	5.456136e+15	1.070920e+02	1.446615e+02	1.235263e+17
1185	5.456475e+15	1.035422e+02	1.405436e+02	9.227115e+16
1186	5.456814e+15	1.049431e+02	1.438646e+02	7.760235e+16
1187	5.457150e+15	1.097297e+02	1.534896e+02	7.387913e+16
1188	5.457471e+15	1.026122e+02	1.442229e+02	1.128854e+17
1189	5.457795e+15	1.069388e+02	1.486389e+02	7.978564e+16
1190	5.458113e+15	1.022008e+02	1.405061e+02	1.139217e+17
1191	5.458439e+15	1.065315e+02	1.476288e+02	8.298895e+16
1192	5.458761e+15	1.053109e+02	1.468855e+02	6.977240e+16
1193	5.459085e+15	1.040967e+02	1.479745e+02	6.773089e+16
1194	5.459405e+15	1.050552e+02	1.449876e+02	6.245265e+16
1195	5.459728e+15	1.068267e+02	1.498513e+02	9.350044e+16
1196	5.460045e+15	8.849259e+01	1.282970e+02	9.823059e+16
1197	5.460397e+15	1.051623e+02	1.586725e+02	7.309378e+16
1198	5.460736e+15	1.059646e+02	1.611871e+02	7.050195e+16
1199	5.461059e+15	9.741769e+01	1.476876e+02	1.004566e+17
1200	5.461387e+15	1.117017e+02	1.585863e+02	9.284403e+16
1201	5.461698e+15	1.043839e+02	1.386560e+02	9.380551e+16
1202	5.462023e+15	1.272452e+02	1.641464e+02	6.009552e+16
1203	5.462319e+15	1.050096e+02	1.378829e+02	1.175083e+17
1204	5.462631e+15	1.113261e+02	1.456598e+02	1.091147e+17
1205	5.462948e+15	1.202918e+02	1.541943e+02	8.229162e+16
1206	5.463252e+15	1.086025e+02	1.409905e+02	6.530705e+16
1207	5.463565e+15	1.032154e+02	1.404507e+02	8.103343e+16
1208	5.463891e+15	1.093001e+02	1.496002e+02	6.187474e+16
1209	5.464212e+15	1.268445e+02	1.672775e+02	9.782410e+16
1210	5.464499e+15	1.086645e+02	1.412069e+02	4.992655e+16
1211	5.464794e+15	1.113905e+02	1.457053e+02	8.594035e+16
1212	5.465088e+15	1.079830e+02	1.440782e+02	6.680668e+16
1213	5.465387e+15	1.034749e+02	1.404028e+02	5.116302e+16
1214	5.465694e+15	1.011710e+02	1.367721e+02	7.809502e+16
1215	5.466011e+15	1.064356e+02	1.448340e+02	6.331988e+16
1216	5.466324e+15	1.135058e+02	1.520495e+02	7.781603e+16
1217	5.466619e+15	1.054921e+02	1.363614e+02	9.405404e+16
1218	5.466919e+15	1.165747e+02	1.472960e+02	7.916118e+16
1219	5.467204e+15	1.023084e+02	1.310198e+02	7.939141e+16
1220	5.467502e+15	1.036385e+02	1.357546e+02	4.670886e+16
1221	5.467806e+15	1.131044e+02	1.488027e+02	1.123203e+17
1222	5.468094e+15	9.992945e+01	1.339562e+02	7.400183e+16
1223	5.468393e+15	1.010478e+02	1.387622e+02	6.895534e+16
1224	5.468698e+15	1.068728e+02	1.462404e+02	8.106940e+16
1225	5.468998e+15	1.045735e+02	1.414429e+02	8.645066e+16
1226	5.469300e+15	1.106317e+02	1.466035e+02	6.832897e+16
1227	5.469597e+15	1.079347e+02	1.433599e+02	7.057598e+16
1228	5.469895e+15	1.069957e+02	1.413946e+02	9.614999e+16
1229	5.470200e+15	1.147542e+02	1.569046e+02	1.023690e+17
1230	5.470489e+15	9.526381e+01	1.292863e+02	3.939063e+16
1231	5.470802e+15	1.163686e+02	1.552300e+02	6.659062e+16
1232	5.471098e+15	9.648029e+01	1.274277e+02	9.319931e+16
1233	5.471421e+15	1.019973e+02	1.393469e+02	8.288365e+16
1234	5.471753e+15	1.187874e+02	1.653397e+02	7.745463e+16
1235	5.472050e+15	9.295901e+01	1.293512e+02	6.746190e+16
1236	5.472373e+15	1.175597e+02	1.647357e+02	6.164297e+16
1237	5.472663e+15	9.280321e+01	1.319247e+02	8.324806e+16
1238	5.472974e+15	1.045469e+02	1.459986e+02	5.711621e+16
1239	5.473281e+15	1.063496e+02	1.411701e+02	8.394765e+16
1240	5.473588e+15	1.055807e+02	1.354576e+02	3.681613e+16
1241	5.473905e+15	1.108189e+02	1.393668e+02	6.969323e+16
1242	5.474226e+15	1.222551e+02	1.509164e+02	8.968014e+16
1243	5.474531e+15	1.148640e+02	1.416174e+02	6.927928e+16
1244	5.474833e+15	1.157330e+02	1.424214e+02	4.495804e+16
1245	5.475134e+15	1.001575e+02	1.264452e+02	9.058809e+16
1246	5.475459e+15	1.160697e+02	1.530208e+02	7.343517e+16
1247	5.475766e+15	1.029802e+02	1.391438e+02	8.467775e+16
1248	5.476080e+15	1.033524e+02	1.433855e+02	8.553285e+16
1249	5.476398e+15	1.002685e+02	1.427747e+02	6.466638e+16
1250	5.476725e+15	1.074572e+02	1.529430e+02	9.943379e+16
1251	5.477043e+15	1.061021e+02	1.495639e+02	1.081630e+17
1252	5.477357e+15	9.944260e+01	1.381960e+02	1.218557e+17
1253	5.477685e+15	1.163858e+02	1.562442e+02	9.901245e+16
1254	5.477995e+15	1.132207e+02	1.525296e+02	8.776902e+16
1255	5.478293e+15	1.034042e+02	1.394704e+02	6.629394e+16
1256	5.478603e+15	1.045275e+02	1.416266e+02	9.327701e+16
1257	5.478920e+15	1.006437e+02	1.374973e+02	8.571511e+16
1258	5.479251e+15	1.051669e+02	1.419910e+02	1.025316e+17
1259	5.479588e+15	1.094490e+02	1.448242e+02	1.013098e+17
1260	5.479919e+15	1.113552e+02	1.456763e+02	8.616038e+16
1261	5.480243e+15	1.145967e+02	1.440775e+02	7.826796e+16
1262	5.480563e+15	1.114263e+02	1.401520e+02	8.348554e+16
1263	5.480887e+15	1.137685e+02	1.449986e+02	8.542682e+16
1264	5.481205e+15	1.123279e+02	1.413240e+02	6.825920e+16
1265	5.481519e+15	1.105297e+02	1.418387e+02	6.920004e+16
1266	5.481831e+15	1.115532e+02	1.432264e+02	5.594381e+16
1267	5.482139e+15	1.146496e+02	1.453503e+02	7.139399e+16
1268	5.482441e+15	1.159199e+02	1.459113e+02	8.044496e+16
1269	5.482738e+15	1.191544e+02	1.489151e+02	6.342105e+16
1270	5.483030e+15	1.146367e+02	1.417501e+02	9.617721e+16
1271	5.483329e+15	1.165610e+02	1.476834e+02	4.498447e+16
1272	5.483628e+15	1.155043e+02	1.480110e+02	4.658327e+16
1273	5.483926e+15	1.147164e+02	1.484079e+02	7.806991e+16
1274	5.484222e+15	1.131906e+02	1.475730e+02	6.786854e+16
1275	5.484520e+15	1.085472e+02	1.428324e+02	8.224953e+16
1276	5.484826e+15	1.158630e+02	1.498506e+02	8.055851e+16
1277	5.485127e+15	1.175051e+02	1.491753e+02	8.679885e+16
1278	5.485422e+15	1.189844e+02	1.432797e+02	4.402153e+16
1279	5.485720e+15	1.229413e+02	1.457400e+02	8.884347e+16
1280	5.486015e+15	1.182492e+02	1.433948e+02	6.776769e+16
1281	5.486312e+15	1.194489e+02	1.445905e+02	7.653220e+16
1282	5.486609e+15	1.183830e+02	1.460070e+02	8.592264e+16
1283	5.486900e+15	1.162102e+02	1.415977e+02	6.029147e+16
1284	5.487192e+15	1.176448e+02	1.431270e+02	8.832326e+16
1285	5.487482e+15	1.191589e+02	1.436832e+02	8.961388e+16
1286	5.487766e+15	1.178459e+02	1.408735e+02	8.862688e+16
1287	5.488051e+15	1.208090e+02	1.468025e+02	6.334359e+16
1288	5.488327e+15	1.111798e+02	1.342848e+02	7.480436e+16
1289	5.488615e+15	1.203721e+02	1.484087e+02	9.770667e+16
1290	5.488896e+15	1.077250e+02	1.385605e+02	6.976454e+16
1291	5.489187e+15	9.588127e+01	1.290151e+02	9.419581e+16
1292	5.489506e+15	1.072747e+02	1.440560e+02	9.668708e+16
1293	5.489827e+15	1.106699e+02	1.493891e+02	8.721622e+16
1294	5.490143e+15	1.039249e+02	1.458479e+02	9.606921e+16
1295	5.490459e+15	1.136403e+02	1.581585e+02	6.736803e+16
1296	5.490759e+15	1.104293e+02	1.466995e+02	8.080008e+16
1297	5.491061e+15	1.081870e+02	1.474946e+02	8.387000e+16
1298	5.491366e+15	1.005151e+02	1.442058e+02	4.995800e+16
1299	5.491678e+15	1.020420e+02	1.455584e+02	6.201696e+16
1300	5.491992e+15	1.086708e+02	1.540225e+02	9.627201e+16
1301	5.492291e+15	1.030107e+02	1.448332e+02	6.351074e+16
1302	5.492589e+15	9.898869e+01	1.382803e+02	8.779313e+16
1303	5.492895e+15	1.090910e+02	1.493915e+02	6.620502e+16
1304	5.493190e+15	1.089935e+02	1.501564e+02	9.525338e+16
1305	5.493471e+15	9.867468e+01	1.360061e+02	5.630106e+16
1306	5.493761e+15	1.016193e+02	1.395469e+02	5.504501e+16
1307	5.494052e+15	9.371725e+01	1.309025e+02	9.387086e+16
1308	5.494360e+15	9.576713e+01	1.357390e+02	7.391462e+16
1309	5.494675e+15	1.085718e+02	1.613216e+02	7.607569e+16
1310	5.494955e+15	8.632715e+01	1.268890e+02	6.820038e+16
1311	5.495254e+15	9.105053e+01	1.333976e+02	8.391669e+16
1312	5.495561e+15	9.105451e+01	1.347834e+02	7.076504e+16
1313	5.495877e+15	1.023575e+02	1.504138e+02	5.871535e+16
1314	5.496175e+15	1.023467e+02	1.463035e+02	8.336809e+16
1315	5.496465e+15	1.037499e+02	1.426738e+02	5.013227e+16
1316	5.496755e+15	1.097567e+02	1.473903e+02	8.449387e+16
1317	5.497038e+15	1.068703e+02	1.459085e+02	8.549719e+16
1318	5.497319e+15	9.780804e+01	1.424963e+02	9.073164e+16
1319	5.497605e+15	9.440176e+01	1.429825e+02	9.231633e+16
1320	5.497897e+15	9.806673e+01	1.488399e+02	9.536303e+16
1321	5.498185e+15	9.733121e+01	1.476633e+02	9.433153e+16
1322	5.498472e+15	9.549351e+01	1.455995e+02	5.930938e+16
1323	5.498762e+15	9.756440e+01	1.500620e+02	8.606989e+16
1324	5.499049e+15	9.882186e+01	1.492011e+02	6.443495e+16
1325	5.499335e+15	9.652250e+01	1.441652e+02	1.022843e+17
1326	5.499628e+15	9.688967e+01	1.455578e+02	9.160580e+16
1327	5.499926e+15	9.693103e+01	1.470299e+02	7.268377e+16
1328	5.500227e+15	9.757091e+01	1.453894e+02	1.233012e+17
1329	5.500534e+15	1.009362e+02	1.511561e+02	7.030222e+16
1330	5.500841e+15	9.724940e+01	1.499705e+02	1.082748e+17
1331	5.501153e+15	1.052420e+02	1.591834e+02	7.066976e+16
1332	5.501455e+15	1.041617e+02	1.579237e+02	7.134601e+16
1333	5.501747e+15	1.004601e+02	1.520142e+02	6.912062e+16
1334	5.502036e+15	1.035838e+02	1.550941e+02	8.196237e+16
1335	5.502318e+15	1.034228e+02	1.508109e+02	1.052822e+17
1336	5.502599e+15	9.990263e+01	1.486212e+02	9.074080e+16
1337	5.502882e+15	9.845700e+01	1.476783e+02	8.472158e+16
1338	5.503167e+15	9.012010e+01	1.396534e+02	7.115824e+16
1339	5.503467e+15	9.668295e+01	1.515015e+02	8.378428e+16
1340	5.503765e+15	9.957507e+01	1.528183e+02	4.680935e+16
1341	5.504060e+15	8.968036e+01	1.349139e+02	8.485106e+16
1342	5.504378e+15	1.094158e+02	1.681598e+02	6.458896e+16
1343	5.504667e+15	8.772036e+01	1.316305e+02	6.806942e+16
1344	5.504985e+15	9.481092e+01	1.406848e+02	1.245731e+17
1345	5.505317e+15	1.048292e+02	1.583573e+02	8.582648e+16
1346	5.505635e+15	9.912259e+01	1.501306e+02	1.077046e+17
1347	5.505953e+15	9.985515e+01	1.523799e+02	8.768926e+16
1348	5.506267e+15	1.126709e+02	1.659011e+02	6.157204e+16
1349	5.506556e+15	1.030869e+02	1.471320e+02	9.749958e+16
1350	5.506848e+15	1.041924e+02	1.499639e+02	1.020809e+17
1351	5.507140e+15	9.311544e+01	1.356723e+02	8.693144e+16
1352	5.507456e+15	1.043578e+02	1.571726e+02	8.524602e+16
1353	5.507761e+15	9.703430e+01	1.451987e+02	9.473247e+16
1354	5.508068e+15	9.153735e+01	1.430252e+02	6.846840e+16
1355	5.508380e+15	9.778458e+01	1.547513e+02	8.474915e+16
1356	5.508680e+15	9.867417e+01	1.553608e+02	9.643098e+16
1357	5.508969e+15	9.243278e+01	1.476203e+02	4.253635e+16
1358	5.509259e+15	8.965920e+01	1.469677e+02	7.237567e+16
1359	5.509553e+15	8.737591e+01	1.485354e+02	8.600527e+16
1360	5.509847e+15	8.567203e+01	1.487662e+02	9.654696e+16
1361	5.510143e+15	8.484335e+01	1.499427e+02	7.248977e+16
1362	5.510437e+15	8.436501e+01	1.530267e+02	6.803099e+16
1363	5.510727e+15	7.757339e+01	1.418863e+02	9.619507e+16
1364	5.511030e+15	8.439819e+01	1.542088e+02	6.096536e+16
1365	5.511328e+15	8.208377e+01	1.504932e+02	8.246867e+16
1366	5.511628e+15	7.789090e+01	1.463804e+02	1.078110e+17
1367	5.511936e+15	8.217171e+01	1.533946e+02	6.810240e+16
1368	5.512241e+15	8.649035e+01	1.584342e+02	8.940208e+16
1369	5.512539e+15	8.562313e+01	1.557150e+02	7.629398e+16
1370	5.512834e+15	8.696817e+01	1.574811e+02	8.470937e+16
1371	5.513126e+15	7.304848e+01	1.353452e+02	4.645715e+16
1372	5.513451e+15	8.719218e+01	1.646185e+02	9.444900e+16
1373	5.513768e+15	8.558900e+01	1.626297e+02	6.598844e+16
1374	5.514078e+15	8.032608e+01	1.564536e+02	1.171780e+17
1375	5.514391e+15	9.126314e+01	1.730940e+02	8.987792e+16
1376	5.514685e+15	8.221263e+01	1.503356e+02	6.486987e+16
1377	5.514991e+15	9.488150e+01	1.693839e+02	9.890484e+16
1378	5.515280e+15	8.794502e+01	1.493359e+02	6.807629e+16
1379	5.515578e+15	9.452724e+01	1.566821e+02	7.791148e+16
1380	5.515874e+15	9.848763e+01	1.622686e+02	7.242196e+16
1381	5.516162e+15	8.850759e+01	1.481504e+02	5.505340e+16
1382	5.516463e+15	9.447620e+01	1.609023e+02	6.952292e+16
1383	5.516758e+15	9.458695e+01	1.559371e+02	1.126485e+17
1384	5.517053e+15	9.862999e+01	1.570942e+02	7.163283e+16
1385	5.517347e+15	1.010640e+02	1.627159e+02	5.908079e+16
1386	5.517636e+15	9.487475e+01	1.586140e+02	1.227487e+17
1387	5.517930e+15	1.018920e+02	1.660966e+02	1.094820e+17
1388	5.518217e+15	1.069848e+02	1.690096e+02	9.365726e+16
1389	5.518492e+15	1.011098e+02	1.622032e+02	6.132536e+16
1390	5.518766e+15	9.587085e+01	1.566002e+02	7.739339e+16
1391	5.519050e+15	9.273227e+01	1.562107e+02	7.536392e+16
1392	5.519347e+15	9.797527e+01	1.718791e+02	1.186218e+17
1393	5.519640e+15	8.801340e+01	1.589718e+02	9.379240e+16
1394	5.519948e+15	7.733900e+01	1.504384e+02	7.899909e+16
1395	5.520290e+15	1.125697e+02	2.061724e+02	1.248648e+17
1396	5.520585e+15	8.796231e+01	1.610180e+02	1.251775e+17
1397	5.520892e+15	8.734084e+01	1.671630e+02	8.073979e+16
1398	5.521203e+15	1.007790e+02	1.852590e+02	8.250902e+16
1399	5.521492e+15	9.570450e+01	1.690007e+02	8.805233e+16
1400	5.521779e+15	9.927613e+01	1.685732e+02	6.715242e+16
1401	5.522065e+15	1.015425e+02	1.712448e+02	8.146810e+16
1402	5.522347e+15	9.839964e+01	1.664038e+02	5.181180e+16
1403	5.522632e+15	9.638175e+01	1.683722e+02	8.304866e+16
1404	5.522919e+15	9.410971e+01	1.681069e+02	9.719176e+16
1405	5.523210e+15	9.180189e+01	1.697461e+02	7.872476e+16
1406	5.523504e+15	9.389589e+01	1.736489e+02	7.167661e+16
1407	5.523797e+15	9.527735e+01	1.783352e+02	9.975209e+16
1408	5.524086e+15	8.663148e+01	1.652742e+02	7.500951e+16
1409	5.524387e+15	8.964211e+01	1.719256e+02	1.258300e+17
1410	5.524689e+15	8.745374e+01	1.697785e+02	7.587585e+16
1411	5.524993e+15	9.101769e+01	1.738945e+02	1.220602e+17
1412	5.525293e+15	9.015618e+01	1.682629e+02	8.837071e+16
1413	5.525595e+15	9.155134e+01	1.682080e+02	1.401987e+17
1414	5.525897e+15	8.758790e+01	1.614973e+02	8.911271e+16
1415	5.526207e+15	9.145290e+01	1.671916e+02	6.247330e+16
1416	5.526519e+15	9.400960e+01	1.694121e+02	6.674598e+16
1417	5.526828e+15	9.311828e+01	1.653421e+02	9.125502e+16
1418	5.527144e+15	9.564190e+01	1.746606e+02	1.053880e+17
1419	5.527453e+15	9.055116e+01	1.650311e+02	1.076325e+17
1420	5.527768e+15	9.807489e+01	1.759826e+02	8.290962e+16
1421	5.528075e+15	1.005358e+02	1.748750e+02	5.863532e+16
1422	5.528377e+15	1.020505e+02	1.740554e+02	8.286694e+16
1423	5.528675e+15	1.016239e+02	1.715565e+02	6.517257e+16
1424	5.528971e+15	1.003810e+02	1.701616e+02	7.356527e+16
1425	5.529270e+15	1.034762e+02	1.732473e+02	7.646988e+16
1426	5.529566e+15	1.059870e+02	1.726329e+02	9.874095e+16
1427	5.529861e+15	1.015654e+02	1.666296e+02	9.530126e+16
1428	5.530160e+15	1.075159e+02	1.755626e+02	8.338081e+16
1429	5.530451e+15	1.071663e+02	1.728753e+02	6.775180e+16
1430	5.530737e+15	1.051728e+02	1.720810e+02	7.876406e+16
1431	5.531019e+15	1.014260e+02	1.675722e+02	7.412395e+16
1432	5.531303e+15	1.000249e+02	1.662894e+02	8.616894e+16
1433	5.531592e+15	1.080108e+02	1.767490e+02	1.003203e+17
1434	5.531875e+15	1.001401e+02	1.630678e+02	6.968992e+16
1435	5.532166e+15	1.017858e+02	1.683124e+02	9.935384e+16
1436	5.532460e+15	9.837095e+01	1.615354e+02	5.234340e+16
1437	5.532767e+15	1.030249e+02	1.721755e+02	1.093716e+17
1438	5.533070e+15	1.041473e+02	1.768210e+02	9.874879e+16
1439	5.533365e+15	9.387230e+01	1.619848e+02	1.034452e+17
1440	5.533672e+15	1.048078e+02	1.830705e+02	9.898979e+16
1441	5.533966e+15	9.251263e+01	1.578335e+02	7.790760e+16
1442	5.534280e+15	1.102790e+02	1.823852e+02	6.951235e+16
1443	5.534582e+15	9.974038e+01	1.689402e+02	1.033453e+17
1444	5.534888e+15	9.737392e+01	1.684198e+02	7.951994e+16
1445	5.535200e+15	1.056730e+02	1.833565e+02	9.853943e+16
1446	5.535501e+15	1.075174e+02	1.778951e+02	7.160139e+16
1447	5.535796e+15	1.100134e+02	1.752228e+02	9.335264e+16
1448	5.536086e+15	1.046853e+02	1.669144e+02	1.345123e+17
1449	5.536382e+15	1.049495e+02	1.682103e+02	8.647741e+16
1450	5.536682e+15	1.095959e+02	1.796672e+02	1.041839e+17
1451	5.536973e+15	1.043927e+02	1.744391e+02	7.217770e+16
1452	5.537263e+15	9.890830e+01	1.703931e+02	6.283648e+16
1453	5.537562e+15	1.024277e+02	1.762638e+02	9.173779e+16
1454	5.537863e+15	1.041236e+02	1.754852e+02	6.683128e+16
1455	5.538167e+15	1.037422e+02	1.756739e+02	9.819821e+16
1456	5.538478e+15	1.074076e+02	1.796624e+02	1.464957e+17
1457	5.538789e+15	1.062857e+02	1.811753e+02	1.255956e+17
1458	5.539097e+15	1.054276e+02	1.783346e+02	1.045259e+17
1459	5.539408e+15	1.076419e+02	1.844319e+02	1.179985e+17
1460	5.539716e+15	1.064949e+02	1.838173e+02	1.112489e+17
1461	5.540021e+15	9.785799e+01	1.663400e+02	1.042318e+17
1462	5.540344e+15	1.058331e+02	1.790763e+02	8.644282e+16
1463	5.540661e+15	1.069526e+02	1.701488e+02	8.159397e+16
1464	5.540982e+15	1.063810e+02	1.717349e+02	9.220877e+16
1465	5.541301e+15	1.029968e+02	1.665286e+02	7.723594e+16
1466	5.541622e+15	1.070935e+02	1.738191e+02	7.368930e+16
1467	5.541936e+15	1.056872e+02	1.679418e+02	8.785410e+16
1468	5.542254e+15	1.053075e+02	1.740386e+02	8.564041e+16
1469	5.542567e+15	1.046807e+02	1.765490e+02	1.228566e+17
1470	5.542877e+15	1.099743e+02	1.823527e+02	6.472532e+16
1471	5.543178e+15	1.029488e+02	1.743507e+02	1.019995e+17
1472	5.543485e+15	1.035828e+02	1.801878e+02	7.824288e+16
1473	5.543789e+15	1.059920e+02	1.824137e+02	4.256021e+16
1474	5.544087e+15	1.027764e+02	1.779414e+02	6.310823e+16
1475	5.544385e+15	1.061819e+02	1.793854e+02	1.065081e+17
1476	5.544682e+15	1.076129e+02	1.791758e+02	1.115683e+17
1477	5.544979e+15	9.960904e+01	1.696815e+02	8.570448e+16
1478	5.545289e+15	1.097861e+02	1.819067e+02	1.092623e+17
1479	5.545598e+15	1.104778e+02	1.831575e+02	8.292634e+16
1480	5.545907e+15	1.055427e+02	1.784176e+02	8.631610e+16
1481	5.546223e+15	1.174857e+02	1.919984e+02	1.076779e+17
1482	5.546525e+15	1.158209e+02	1.843539e+02	1.250049e+17
1483	5.546823e+15	1.187838e+02	1.869271e+02	8.720366e+16
1484	5.547116e+15	1.137329e+02	1.770260e+02	1.347670e+17
1485	5.547414e+15	1.231076e+02	1.912614e+02	1.217089e+17
1486	5.547702e+15	1.111959e+02	1.738942e+02	5.360711e+16
1487	5.548001e+15	1.194034e+02	1.843853e+02	9.570861e+16
1488	5.548294e+15	1.066772e+02	1.597746e+02	8.531623e+16
1489	5.548614e+15	1.161469e+02	1.773408e+02	9.995236e+16
1490	5.548937e+15	1.153032e+02	1.754256e+02	1.370088e+17
1491	5.549266e+15	1.249433e+02	1.887415e+02	1.133018e+17
1492	5.549582e+15	1.251637e+02	1.808292e+02	9.709655e+16
1493	5.549893e+15	1.217910e+02	1.761033e+02	5.342925e+16
1494	5.550202e+15	1.253374e+02	1.817021e+02	9.152557e+16
1495	5.550501e+15	1.165824e+02	1.704140e+02	7.895189e+16
1496	5.550805e+15	1.141327e+02	1.673613e+02	9.155036e+16
1497	5.551117e+15	1.114606e+02	1.648388e+02	4.554026e+16
1498	5.551442e+15	1.205555e+02	1.803051e+02	9.295694e+16
1499	5.551759e+15	1.245181e+02	1.874382e+02	7.277299e+16
1500	5.552056e+15	1.133313e+02	1.653967e+02	7.774930e+16
1501	5.552366e+15	1.254537e+02	1.835527e+02	1.135227e+17
1502	5.552663e+15	1.043995e+02	1.548165e+02	5.432521e+16
1503	5.552987e+15	1.283490e+02	1.848247e+02	9.550385e+16
1504	5.553295e+15	1.177331e+02	1.700903e+02	9.761521e+16
1505	5.553610e+15	1.161530e+02	1.677234e+02	1.188074e+17
1506	5.553936e+15	1.313319e+02	1.854458e+02	1.132769e+17
1507	5.554248e+15	1.251589e+02	1.767036e+02	9.856497e+16
1508	5.554559e+15	1.228764e+02	1.728195e+02	9.903601e+16
1509	5.554874e+15	1.250167e+02	1.745623e+02	1.033364e+17
1510	5.555193e+15	1.321864e+02	1.848598e+02	1.121210e+17
1511	5.555503e+15	1.277149e+02	1.822561e+02	8.852461e+16
1512	5.555809e+15	1.256441e+02	1.792526e+02	1.076473e+17
1513	5.556116e+15	1.316020e+02	1.841337e+02	7.733740e+16
1514	5.556418e+15	1.231466e+02	1.702056e+02	1.191960e+17
1515	5.556735e+15	1.263105e+02	1.787356e+02	8.536268e+16
1516	5.557053e+15	1.337415e+02	1.859936e+02	1.122016e+17
1517	5.557364e+15	1.313902e+02	1.829909e+02	1.218885e+17
1518	5.557673e+15	1.238162e+02	1.718489e+02	7.195804e+16
1519	5.557996e+15	1.396472e+02	1.946431e+02	1.108557e+17
1520	5.558302e+15	1.234627e+02	1.747985e+02	8.692532e+16
1521	5.558615e+15	1.209702e+02	1.744989e+02	1.019343e+17
1522	5.558935e+15	1.283354e+02	1.843304e+02	9.544253e+16
1523	5.559250e+15	1.271051e+02	1.827317e+02	1.013501e+17
1524	5.559563e+15	1.182528e+02	1.732414e+02	9.590335e+16
1525	5.559886e+15	1.284662e+02	1.858060e+02	8.234293e+16
1526	5.560203e+15	1.128922e+02	1.621612e+02	9.653342e+16
1527	5.560548e+15	1.269025e+02	1.817260e+02	9.170983e+16
1528	5.560893e+15	1.365278e+02	1.937342e+02	9.558331e+16
1529	5.561221e+15	1.321594e+02	1.871280e+02	1.070650e+17
1530	5.561541e+15	1.333270e+02	1.878806e+02	8.726294e+16
1531	5.561852e+15	1.329959e+02	1.831857e+02	1.040729e+17
1532	5.562161e+15	1.402397e+02	1.911930e+02	1.054781e+17
1533	5.562454e+15	1.325571e+02	1.806185e+02	7.467471e+16
1534	5.562748e+15	1.333420e+02	1.813615e+02	6.904812e+16
1535	5.563040e+15	1.331438e+02	1.807824e+02	1.161231e+17
1536	5.563330e+15	1.228051e+02	1.683542e+02	8.488341e+16
1537	5.563635e+15	1.272423e+02	1.780934e+02	9.655800e+16
1538	5.563944e+15	1.187984e+02	1.766283e+02	7.684513e+16
1539	5.564262e+15	1.090376e+02	1.657351e+02	9.338431e+16
1540	5.564606e+15	1.138907e+02	1.734608e+02	1.023817e+17
1541	5.564967e+15	1.346467e+02	2.022682e+02	1.026704e+17
1542	5.565305e+15	1.176915e+02	1.730464e+02	1.087290e+17
1543	5.565660e+15	1.387066e+02	2.030595e+02	1.343648e+17
1544	5.565985e+15	1.179916e+02	1.727841e+02	9.501919e+16
1545	5.566318e+15	1.281107e+02	1.857021e+02	9.123336e+16
1546	5.566638e+15	1.157481e+02	1.708541e+02	6.970859e+16
1547	5.566967e+15	1.243160e+02	1.782296e+02	9.220298e+16
1548	5.567296e+15	1.256560e+02	1.775132e+02	1.063979e+17
1549	5.567626e+15	1.241221e+02	1.750254e+02	1.047016e+17
1550	5.567963e+15	1.194716e+02	1.728396e+02	9.809787e+16
1551	5.568312e+15	1.281202e+02	1.843811e+02	1.156923e+17
1552	5.568654e+15	1.306525e+02	1.864292e+02	1.108899e+17
1553	5.568987e+15	1.168537e+02	1.682941e+02	1.279296e+17
1554	5.569339e+15	1.290925e+02	1.856807e+02	1.155302e+17
1555	5.569684e+15	1.300952e+02	1.868171e+02	1.004925e+17
1556	5.570021e+15	1.289129e+02	1.849683e+02	1.070465e+17
1557	5.570355e+15	1.346053e+02	1.901691e+02	1.161613e+17
1558	5.570679e+15	1.359220e+02	1.861409e+02	1.027991e+17
1559	5.570998e+15	1.237807e+02	1.717211e+02	1.050265e+17
1560	5.571329e+15	1.310599e+02	1.830370e+02	1.183646e+17
1561	5.571658e+15	1.305818e+02	1.792221e+02	5.756776e+16
1562	5.571991e+15	1.311602e+02	1.780821e+02	6.681392e+16
1563	5.572330e+15	1.390265e+02	1.864477e+02	8.635004e+16
1564	5.572662e+15	1.197075e+02	1.627752e+02	1.078183e+17
1565	5.573017e+15	1.370331e+02	1.851228e+02	9.977155e+16
1566	5.573357e+15	1.290977e+02	1.761942e+02	1.655157e+17
1567	5.573693e+15	1.215379e+02	1.717613e+02	1.220301e+17
1568	5.574033e+15	1.305524e+02	1.822808e+02	1.003329e+17
1569	5.574360e+15	1.164621e+02	1.631087e+02	5.682461e+16
1570	5.574700e+15	1.199890e+02	1.675882e+02	1.013087e+17
1571	5.575046e+15	1.247038e+02	1.756136e+02	9.118275e+16
1572	5.575388e+15	1.166476e+02	1.635594e+02	1.125897e+17
1573	5.575748e+15	1.354766e+02	1.892636e+02	1.338759e+17
1574	5.576090e+15	1.411388e+02	1.945803e+02	1.007962e+17
1575	5.576412e+15	1.357237e+02	1.887163e+02	1.152389e+17
1576	5.576722e+15	1.317968e+02	1.831744e+02	8.143400e+16
1577	5.577030e+15	1.348722e+02	1.876580e+02	9.525745e+16
1578	5.577333e+15	1.337890e+02	1.862965e+02	1.194728e+17
1579	5.577637e+15	1.310659e+02	1.842343e+02	8.046289e+16
1580	5.577947e+15	1.378314e+02	1.947103e+02	9.129931e+16
1581	5.578247e+15	1.238634e+02	1.763797e+02	1.172523e+17
1582	5.578561e+15	1.318479e+02	1.896707e+02	9.221184e+16
1583	5.578871e+15	1.288898e+02	1.849702e+02	7.191542e+16
1584	5.579184e+15	1.171502e+02	1.641593e+02	1.050718e+17
1585	5.579522e+15	1.349800e+02	1.883848e+02	6.762158e+16
1586	5.579851e+15	1.294931e+02	1.840059e+02	1.020579e+17
1587	5.580175e+15	1.275710e+02	1.822251e+02	9.485823e+16
1588	5.580497e+15	1.343189e+02	1.891020e+02	8.647120e+16
1589	5.580805e+15	1.319459e+02	1.819917e+02	1.002244e+17
1590	5.581110e+15	1.348661e+02	1.832187e+02	8.583556e+16
1591	5.581410e+15	1.362781e+02	1.811261e+02	6.506443e+16
1592	5.581707e+15	1.267095e+02	1.659094e+02	9.605264e+16
1593	5.582018e+15	1.301034e+02	1.706153e+02	5.792628e+16
1594	5.582339e+15	1.340940e+02	1.781144e+02	9.643804e+16
1595	5.582659e+15	1.390686e+02	1.832133e+02	1.214412e+17
1596	5.582971e+15	1.316455e+02	1.658101e+02	9.656932e+16
1597	5.583298e+15	1.409217e+02	1.779014e+02	1.129770e+17
1598	5.583622e+15	1.242976e+02	1.628089e+02	1.187541e+17
1599	5.583968e+15	1.282822e+02	1.735468e+02	8.260718e+16
1600	5.584320e+15	1.290293e+02	1.794078e+02	1.274295e+17
1601	5.584670e+15	1.143882e+02	1.610847e+02	1.211602e+17
1602	5.585050e+15	1.382894e+02	1.923562e+02	8.745739e+16
1603	5.585409e+15	1.220831e+02	1.680038e+02	7.618194e+16
1604	5.585786e+15	1.308225e+02	1.750976e+02	9.738706e+16
1605	5.586166e+15	1.317883e+02	1.716364e+02	9.908572e+16
1606	5.586549e+15	1.258689e+02	1.665092e+02	1.298676e+17
1607	5.586944e+15	1.436845e+02	1.898036e+02	1.234592e+17
1608	5.587307e+15	1.431053e+02	1.788800e+02	1.250339e+17
1609	5.587651e+15	1.370644e+02	1.649173e+02	6.972334e+16
1610	5.587993e+15	1.408253e+02	1.680102e+02	7.067519e+16
1611	5.588332e+15	1.310383e+02	1.552091e+02	1.135199e+17
1612	5.588689e+15	1.423490e+02	1.738830e+02	5.083129e+16
1613	5.589042e+15	1.298408e+02	1.622917e+02	1.358495e+17
1614	5.589415e+15	1.341176e+02	1.714898e+02	9.900362e+16
1615	5.589796e+15	1.408527e+02	1.842608e+02	1.524902e+17
1616	5.590168e+15	1.412358e+02	1.832768e+02	1.468598e+17
1617	5.590533e+15	1.430781e+02	1.823435e+02	9.984066e+16
1618	5.590891e+15	1.378865e+02	1.795445e+02	1.207285e+17
1619	5.591248e+15	1.288160e+02	1.694788e+02	1.081508e+17
1620	5.591621e+15	1.428864e+02	1.906504e+02	1.426290e+17
1621	5.591978e+15	1.340283e+02	1.803909e+02	1.180772e+17
1622	5.592334e+15	1.258661e+02	1.694528e+02	1.049162e+17
1623	5.592705e+15	1.462965e+02	1.964796e+02	9.560569e+16
1624	5.593049e+15	1.218556e+02	1.647600e+02	1.028116e+17
1625	5.593416e+15	1.285430e+02	1.765062e+02	7.958099e+16
1626	5.593788e+15	1.343550e+02	1.823401e+02	1.092371e+17
1627	5.594151e+15	1.236222e+02	1.708995e+02	6.542673e+16
1628	5.594521e+15	1.256553e+02	1.750409e+02	1.497340e+17
1629	5.594889e+15	1.309355e+02	1.795209e+02	1.171241e+17
1630	5.595247e+15	1.237872e+02	1.718104e+02	1.144814e+17
1631	5.595606e+15	1.183801e+02	1.676442e+02	1.365466e+17
1632	5.595974e+15	1.255290e+02	1.818913e+02	1.087268e+17
1633	5.596327e+15	1.162736e+02	1.705490e+02	1.090415e+17
1634	5.596688e+15	1.229452e+02	1.783594e+02	1.256984e+17
1635	5.597044e+15	1.231147e+02	1.807674e+02	9.250650e+16
1636	5.597392e+15	1.162580e+02	1.709672e+02	9.963071e+16
1637	5.597752e+15	1.297084e+02	1.910259e+02	1.230247e+17
1638	5.598094e+15	1.236263e+02	1.783337e+02	7.286387e+16
1639	5.598437e+15	1.282101e+02	1.846350e+02	1.246919e+17
1640	5.598773e+15	1.269710e+02	1.808996e+02	9.379191e+16
1641	5.599106e+15	1.303826e+02	1.843456e+02	9.816233e+16
1642	5.599427e+15	1.219490e+02	1.709275e+02	5.526914e+16
1643	5.599755e+15	1.221086e+02	1.649711e+02	9.004076e+16
1644	5.600095e+15	1.351432e+02	1.788359e+02	9.110637e+16
1645	5.600424e+15	1.194028e+02	1.605040e+02	9.477064e+16
1646	5.600770e+15	1.282823e+02	1.766622e+02	1.222833e+17
1647	5.601110e+15	1.303784e+02	1.783062e+02	7.738057e+16
1648	5.601443e+15	1.217783e+02	1.677051e+02	1.139441e+17
1649	5.601783e+15	1.294453e+02	1.749134e+02	6.841134e+16
1650	5.602120e+15	1.292624e+02	1.750682e+02	1.013742e+17
1651	5.602454e+15	1.298680e+02	1.753866e+02	1.142737e+17
1652	5.602784e+15	1.311160e+02	1.739953e+02	1.255880e+17
1653	5.603112e+15	1.310346e+02	1.743384e+02	7.812253e+16
1654	5.603435e+15	1.293482e+02	1.723364e+02	1.035739e+17
1655	5.603760e+15	1.333768e+02	1.752226e+02	7.932383e+16
1656	5.604080e+15	1.338849e+02	1.731593e+02	1.094714e+17
1657	5.604399e+15	1.300263e+02	1.667365e+02	7.986957e+16
1658	5.604725e+15	1.347539e+02	1.720809e+02	1.055753e+17
1659	5.605050e+15	1.292425e+02	1.670394e+02	8.232759e+16
1660	5.605386e+15	1.227645e+02	1.612925e+02	8.776036e+16
1661	5.605743e+15	1.471437e+02	1.967560e+02	1.376536e+17
1662	5.606073e+15	1.394295e+02	1.811485e+02	7.628284e+16
1663	5.606400e+15	1.374473e+02	1.760888e+02	1.042317e+17
1664	5.606729e+15	1.382131e+02	1.807245e+02	1.471488e+17
1665	5.607057e+15	1.442414e+02	1.884913e+02	1.071847e+17
1666	5.607373e+15	1.397764e+02	1.777391e+02	1.048769e+17
1667	5.607690e+15	1.387572e+02	1.805732e+02	1.194875e+17
1668	5.608002e+15	1.324934e+02	1.706735e+02	1.099397e+17
1669	5.608322e+15	1.376115e+02	1.755188e+02	6.418010e+16
1670	5.608646e+15	1.432054e+02	1.827948e+02	1.128207e+17
1671	5.608962e+15	1.294180e+02	1.644232e+02	1.074478e+17
1672	5.609295e+15	1.307982e+02	1.695664e+02	7.587262e+16
1673	5.609639e+15	1.534400e+02	1.923464e+02	1.114321e+17
1674	5.609961e+15	1.369674e+02	1.694616e+02	1.012061e+17
1675	5.610296e+15	1.428185e+02	1.786113e+02	1.225740e+17
1676	5.610629e+15	1.413546e+02	1.785049e+02	9.126478e+16
1677	5.610962e+15	1.475353e+02	1.815599e+02	9.302759e+16
1678	5.611287e+15	1.474244e+02	1.788047e+02	7.059210e+16
1679	5.611607e+15	1.454092e+02	1.765676e+02	8.480297e+16
1680	5.611925e+15	1.448916e+02	1.757459e+02	1.036806e+17
1681	5.612242e+15	1.376605e+02	1.667639e+02	7.474964e+16
1682	5.612572e+15	1.535165e+02	1.885494e+02	8.077206e+16
1683	5.612886e+15	1.339228e+02	1.646645e+02	1.091569e+17
1684	5.613216e+15	1.466574e+02	1.775877e+02	1.092672e+17
1685	5.613541e+15	1.384767e+02	1.679778e+02	7.720568e+16
1686	5.613874e+15	1.419196e+02	1.721102e+02	1.088744e+17
1687	5.614205e+15	1.492086e+02	1.756111e+02	7.740315e+16
1688	5.614528e+15	1.394627e+02	1.648677e+02	1.008830e+17
1689	5.614858e+15	1.452054e+02	1.729502e+02	9.592453e+16
1690	5.615187e+15	1.415819e+02	1.710370e+02	7.935502e+16
1691	5.615518e+15	1.290968e+02	1.579551e+02	9.621554e+16
1692	5.615871e+15	1.429503e+02	1.753719e+02	1.176309e+17
1693	5.616221e+15	1.309942e+02	1.688403e+02	1.131360e+17
1694	5.616583e+15	1.382268e+02	1.798694e+02	1.423233e+17
1695	5.616942e+15	1.496043e+02	1.935952e+02	1.112596e+17
1696	5.617278e+15	1.370611e+02	1.730203e+02	9.895097e+16
1697	5.617617e+15	1.447386e+02	1.803635e+02	1.546105e+17
1698	5.617947e+15	1.373261e+02	1.705480e+02	9.824591e+16
1699	5.618281e+15	1.352774e+02	1.669167e+02	9.449245e+16
1700	5.618626e+15	1.451899e+02	1.787091e+02	9.645520e+16
1701	5.618969e+15	1.400427e+02	1.747255e+02	8.589504e+16
1702	5.619318e+15	1.382426e+02	1.725935e+02	7.667639e+16
1703	5.619679e+15	1.462707e+02	1.824839e+02	8.591147e+16
1704	5.620036e+15	1.461817e+02	1.812729e+02	1.359001e+17
1705	5.620389e+15	1.354422e+02	1.718999e+02	1.055437e+17
1706	5.620749e+15	1.408800e+02	1.745660e+02	1.112680e+17
1707	5.621110e+15	1.405136e+02	1.670359e+02	8.494515e+16
1708	5.621479e+15	1.469214e+02	1.721395e+02	9.487610e+16
1709	5.621849e+15	1.443515e+02	1.723497e+02	1.115229e+17
1710	5.622221e+15	1.422916e+02	1.702284e+02	9.298021e+16
1711	5.622599e+15	1.483286e+02	1.740976e+02	1.197160e+17
1712	5.622979e+15	1.430276e+02	1.702061e+02	1.306135e+17
1713	5.623371e+15	1.501117e+02	1.811548e+02	9.373722e+16
1714	5.623759e+15	1.444695e+02	1.749918e+02	1.316491e+17
1715	5.624151e+15	1.540160e+02	1.849005e+02	7.989385e+16
1716	5.624528e+15	1.538560e+02	1.817567e+02	1.260028e+17
1717	5.624891e+15	1.485218e+02	1.751270e+02	1.081729e+17
1718	5.625248e+15	1.559000e+02	1.816467e+02	8.260965e+16
1719	5.625590e+15	1.398489e+02	1.655804e+02	7.004209e+16
1720	5.625944e+15	1.493613e+02	1.768676e+02	1.120611e+17
1721	5.626289e+15	1.384237e+02	1.642385e+02	9.459940e+16
1722	5.626646e+15	1.458497e+02	1.712655e+02	1.080492e+17
1723	5.627001e+15	1.457361e+02	1.705374e+02	6.396113e+16
1724	5.627356e+15	1.465142e+02	1.709064e+02	1.032938e+17
1725	5.627710e+15	1.561442e+02	1.801327e+02	1.346550e+17
1726	5.628050e+15	1.270944e+02	1.487529e+02	1.079112e+17
1727	5.628425e+15	1.496786e+02	1.816253e+02	1.059677e+17
1728	5.628784e+15	1.376761e+02	1.679590e+02	1.420773e+17
1729	5.629151e+15	1.459734e+02	1.793971e+02	1.628069e+17
1730	5.629505e+15	1.280620e+02	1.598632e+02	7.915005e+16
1731	5.629883e+15	1.384267e+02	1.735409e+02	1.171546e+17
1732	5.630261e+15	1.412570e+02	1.784508e+02	1.320147e+17
1733	5.630633e+15	1.339994e+02	1.726830e+02	8.489628e+16
1734	5.631007e+15	1.353413e+02	1.744154e+02	1.158527e+17
1735	5.631386e+15	1.460786e+02	1.866233e+02	1.129298e+17
1736	5.631749e+15	1.364121e+02	1.744879e+02	1.186432e+17
1737	5.632118e+15	1.434499e+02	1.792565e+02	6.082199e+16
1738	5.632482e+15	1.386129e+02	1.690790e+02	1.451791e+17
1739	5.632859e+15	1.620280e+02	1.925600e+02	1.019106e+17
1740	5.633209e+15	1.362998e+02	1.591060e+02	1.160722e+17
1741	5.633578e+15	1.521767e+02	1.724298e+02	1.461709e+17
1742	5.633940e+15	1.414360e+02	1.582556e+02	1.049846e+17
1743	5.634310e+15	1.421055e+02	1.592063e+02	9.553087e+16
1744	5.634686e+15	1.458057e+02	1.677109e+02	9.147142e+16
1745	5.635052e+15	1.324169e+02	1.531055e+02	8.932784e+16
1746	5.635434e+15	1.305486e+02	1.537692e+02	7.178188e+16
1747	5.635834e+15	1.382988e+02	1.624325e+02	1.209875e+17
1748	5.636236e+15	1.488533e+02	1.766548e+02	1.211105e+17
1749	5.636620e+15	1.435363e+02	1.687780e+02	7.518950e+16
1750	5.637000e+15	1.380644e+02	1.621736e+02	1.010991e+17
1751	5.637384e+15	1.546757e+02	1.801071e+02	1.231464e+17
1752	5.637740e+15	1.451381e+02	1.690283e+02	1.012870e+17
1753	5.638090e+15	1.379020e+02	1.596790e+02	9.501687e+16
1754	5.638450e+15	1.506635e+02	1.736902e+02	1.060569e+17
1755	5.638799e+15	1.424053e+02	1.643823e+02	6.475298e+16
1756	5.639157e+15	1.411435e+02	1.654729e+02	1.187947e+17
1757	5.639524e+15	1.432739e+02	1.709835e+02	1.125689e+17
1758	5.639891e+15	1.406611e+02	1.707876e+02	8.810696e+16
1759	5.640262e+15	1.496358e+02	1.772832e+02	1.085632e+17
1760	5.640626e+15	1.390729e+02	1.688993e+02	1.165793e+17
1761	5.640996e+15	1.460398e+02	1.805739e+02	8.888379e+16
1762	5.641351e+15	1.362350e+02	1.701134e+02	8.684866e+16
1763	5.641707e+15	1.328156e+02	1.673148e+02	1.025698e+17
1764	5.642063e+15	1.341200e+02	1.701032e+02	7.999238e+16
1765	5.642418e+15	1.407732e+02	1.766935e+02	1.178962e+17
1766	5.642762e+15	1.303887e+02	1.639679e+02	1.156889e+17
1767	5.643114e+15	1.359632e+02	1.718558e+02	1.175892e+17
1768	5.643461e+15	1.315983e+02	1.700615e+02	1.281253e+17
1769	5.643806e+15	1.258988e+02	1.654659e+02	1.003226e+17
1770	5.644155e+15	1.328398e+02	1.728024e+02	1.016955e+17
1771	5.644494e+15	1.283590e+02	1.606705e+02	7.529168e+16
1772	5.644834e+15	1.328731e+02	1.618118e+02	9.044363e+16
1773	5.645173e+15	1.375789e+02	1.645712e+02	9.464473e+16
1774	5.645505e+15	1.337431e+02	1.581969e+02	6.486594e+16
1775	5.645842e+15	1.387817e+02	1.592836e+02	6.619934e+16
1776	5.646181e+15	1.360497e+02	1.553390e+02	1.153354e+17
1777	5.646527e+15	1.281247e+02	1.480894e+02	1.191408e+17
1778	5.646896e+15	1.559270e+02	1.768025e+02	9.103807e+16
1779	5.647238e+15	1.423643e+02	1.607995e+02	9.064775e+16
1780	5.647581e+15	1.433192e+02	1.579613e+02	7.724944e+16
1781	5.647929e+15	1.429986e+02	1.570506e+02	1.251878e+17
1782	5.648287e+15	1.397186e+02	1.579156e+02	1.403798e+17
1783	5.648654e+15	1.480587e+02	1.673976e+02	1.040687e+17
1784	5.649014e+15	1.466910e+02	1.675260e+02	1.287657e+17
1785	5.649370e+15	1.432913e+02	1.642631e+02	8.256969e+16
1786	5.649730e+15	1.491611e+02	1.674565e+02	9.437475e+16
1787	5.650086e+15	1.508440e+02	1.658077e+02	7.994685e+16
1788	5.650440e+15	1.482885e+02	1.680209e+02	7.783602e+16
1789	5.650786e+15	1.350402e+02	1.526930e+02	6.596063e+16
1790	5.651151e+15	1.489949e+02	1.682077e+02	8.739115e+16
1791	5.651509e+15	1.490847e+02	1.664191e+02	8.785342e+16
1792	5.651862e+15	1.475712e+02	1.617074e+02	1.050113e+17
1793	5.652212e+15	1.409302e+02	1.580818e+02	6.388986e+16
1794	5.652564e+15	1.387890e+02	1.541814e+02	1.068477e+17
1795	5.652925e+15	1.483153e+02	1.621745e+02	1.072647e+17
1796	5.653280e+15	1.431559e+02	1.571572e+02	4.143296e+16
1797	5.653639e+15	1.432201e+02	1.590812e+02	9.388491e+16
1798	5.653995e+15	1.350523e+02	1.502040e+02	1.022877e+17
1799	5.654361e+15	1.420437e+02	1.571875e+02	9.693090e+16
1800	5.654725e+15	1.375355e+02	1.537925e+02	9.561215e+16
1801	5.655098e+15	1.452583e+02	1.625748e+02	1.016443e+17
1802	5.655465e+15	1.455248e+02	1.614892e+02	9.191178e+16
1803	5.655829e+15	1.375170e+02	1.560233e+02	1.092218e+17
1804	5.656200e+15	1.441023e+02	1.617483e+02	1.456713e+17
1805	5.656568e+15	1.474638e+02	1.657380e+02	8.789101e+16
1806	5.656928e+15	1.376542e+02	1.550761e+02	1.207829e+17
1807	5.657298e+15	1.480967e+02	1.649777e+02	1.088518e+17
1808	5.657660e+15	1.406508e+02	1.557070e+02	7.644469e+16
1809	5.658025e+15	1.456766e+02	1.608760e+02	5.899601e+16
1810	5.658383e+15	1.394664e+02	1.508013e+02	1.163168e+17
1811	5.658751e+15	1.405076e+02	1.535280e+02	8.060300e+16
1812	5.659125e+15	1.540423e+02	1.688105e+02	8.588900e+16
1813	5.659478e+15	1.374412e+02	1.506782e+02	8.726115e+16
1814	5.659840e+15	1.401726e+02	1.539228e+02	9.679618e+16
1815	5.660204e+15	1.443977e+02	1.572691e+02	7.306669e+16
1816	5.660564e+15	1.448596e+02	1.549481e+02	9.474462e+16
1817	5.660920e+15	1.478107e+02	1.543057e+02	7.467831e+16
1818	5.661273e+15	1.467291e+02	1.521246e+02	8.027237e+16
1819	5.661623e+15	1.427681e+02	1.464382e+02	9.987699e+16
1820	5.661979e+15	1.468957e+02	1.492547e+02	7.271532e+16
1821	5.662332e+15	1.313758e+02	1.356674e+02	1.120057e+17
1822	5.662713e+15	1.501517e+02	1.550727e+02	1.253821e+17
1823	5.663083e+15	1.252775e+02	1.327073e+02	9.591314e+16
1824	5.663489e+15	1.457469e+02	1.564476e+02	1.182226e+17
1825	5.663883e+15	1.401244e+02	1.482517e+02	1.312624e+17
1826	5.664281e+15	1.494162e+02	1.550145e+02	1.207602e+17
1827	5.664669e+15	1.450242e+02	1.502859e+02	1.088296e+17
1828	5.665055e+15	1.421736e+02	1.477625e+02	1.174242e+17
1829	5.665449e+15	1.514447e+02	1.583825e+02	8.269297e+16
1830	5.665831e+15	1.480045e+02	1.587351e+02	8.359402e+16
1831	5.666204e+15	1.335256e+02	1.466606e+02	9.033734e+16
1832	5.666596e+15	1.444465e+02	1.596912e+02	1.255121e+17
1833	5.666982e+15	1.581304e+02	1.727482e+02	9.796359e+16
1834	5.667342e+15	1.376507e+02	1.504221e+02	1.087237e+17
1835	5.667716e+15	1.431287e+02	1.546658e+02	1.094046e+17
1836	5.668097e+15	1.393356e+02	1.552802e+02	1.012077e+17
1837	5.668483e+15	1.390428e+02	1.590301e+02	1.132133e+17
1838	5.668868e+15	1.371512e+02	1.584879e+02	1.040890e+17
1839	5.669251e+15	1.424798e+02	1.608710e+02	1.148050e+17
1840	5.669621e+15	1.379679e+02	1.517412e+02	7.192101e+16
1841	5.669992e+15	1.422761e+02	1.546486e+02	1.081382e+17
1842	5.670360e+15	1.403131e+02	1.514294e+02	7.477056e+16
1843	5.670728e+15	1.386532e+02	1.495055e+02	8.107736e+16
1844	5.671101e+15	1.416562e+02	1.538693e+02	8.899014e+16
1845	5.671468e+15	1.364104e+02	1.487816e+02	9.672595e+16
1846	5.671838e+15	1.355565e+02	1.486942e+02	8.564933e+16
1847	5.672212e+15	1.412174e+02	1.532866e+02	1.275824e+17
1848	5.672581e+15	1.208159e+02	1.338784e+02	1.024570e+17
1849	5.672984e+15	1.374752e+02	1.552384e+02	9.511792e+16
1850	5.673379e+15	1.474425e+02	1.655382e+02	1.052669e+17
1851	5.673746e+15	1.311640e+02	1.469558e+02	6.162844e+16
1852	5.674118e+15	1.460045e+02	1.614956e+02	1.007825e+17
1853	5.674466e+15	1.225500e+02	1.365010e+02	5.868732e+16
1854	5.674839e+15	1.345078e+02	1.487403e+02	9.611633e+16
1855	5.675212e+15	1.381637e+02	1.533286e+02	1.117110e+17
1856	5.675577e+15	1.237863e+02	1.383080e+02	7.769305e+16
1857	5.675963e+15	1.383293e+02	1.543732e+02	7.649212e+16
1858	5.676340e+15	1.332509e+02	1.498569e+02	9.751336e+16
1859	5.676717e+15	1.354726e+02	1.505953e+02	6.575161e+16
1860	5.677093e+15	1.315705e+02	1.476330e+02	6.589072e+16
1861	5.677474e+15	1.183931e+02	1.384742e+02	1.071050e+17
1862	5.677881e+15	1.277734e+02	1.499064e+02	6.059233e+16
1863	5.678287e+15	1.269972e+02	1.475680e+02	1.192843e+17
1864	5.678698e+15	1.294552e+02	1.499360e+02	1.241331e+17
1865	5.679108e+15	1.266451e+02	1.439401e+02	1.059194e+17
1866	5.679531e+15	1.276407e+02	1.435642e+02	1.158588e+17
1867	5.679965e+15	1.303014e+02	1.452864e+02	8.750765e+16
1868	5.680404e+15	1.417601e+02	1.557364e+02	1.077180e+17
1869	5.680824e+15	1.360422e+02	1.483261e+02	9.429131e+16
1870	5.681241e+15	1.441448e+02	1.538834e+02	6.228567e+16
1871	5.681638e+15	1.300374e+02	1.390262e+02	7.853241e+16
1872	5.682046e+15	1.431337e+02	1.496243e+02	1.424390e+17
1873	5.682443e+15	1.355682e+02	1.402062e+02	4.914322e+16
1874	5.682844e+15	1.410588e+02	1.471621e+02	1.241629e+17
1875	5.683236e+15	1.472102e+02	1.521010e+02	1.309574e+17
1876	5.683608e+15	1.414789e+02	1.426512e+02	7.058285e+16
1877	5.683977e+15	1.420068e+02	1.413163e+02	6.792742e+16
1878	5.684343e+15	1.381804e+02	1.373433e+02	1.298046e+17
1879	5.684713e+15	1.388601e+02	1.370584e+02	4.480624e+16
1880	5.685088e+15	1.438674e+02	1.420732e+02	7.914698e+16
1881	5.685455e+15	1.256348e+02	1.243650e+02	8.708810e+16
1882	5.685852e+15	1.356505e+02	1.339645e+02	6.542137e+16
1883	5.686257e+15	1.463064e+02	1.449077e+02	1.070006e+17
1884	5.686649e+15	1.551345e+02	1.521548e+02	8.288604e+16
1885	5.687015e+15	1.295292e+02	1.278126e+02	1.050682e+17
1886	5.687405e+15	1.392336e+02	1.383939e+02	8.509832e+16
1887	5.687799e+15	1.384913e+02	1.353746e+02	1.141705e+17
1888	5.688202e+15	1.435198e+02	1.400001e+02	5.481838e+16
1889	5.688601e+15	1.405745e+02	1.360294e+02	1.072266e+17
1890	5.689002e+15	1.227930e+02	1.172110e+02	6.586573e+16
1891	5.689451e+15	1.557660e+02	1.470364e+02	8.894791e+16
1892	5.689873e+15	1.462833e+02	1.358228e+02	9.839601e+16
1893	5.690300e+15	1.323276e+02	1.241320e+02	8.347853e+16
1894	5.690762e+15	1.503713e+02	1.383456e+02	8.582086e+16
1895	5.691221e+15	1.562744e+02	1.419064e+02	1.041999e+17
1896	5.691666e+15	1.640511e+02	1.438702e+02	1.384421e+17
1897	5.692088e+15	1.565644e+02	1.352659e+02	7.933805e+16
1898	5.692506e+15	1.563903e+02	1.331950e+02	9.738084e+16
1899	5.692924e+15	1.518522e+02	1.287790e+02	7.224450e+16
1900	5.693354e+15	1.645409e+02	1.390492e+02	8.480906e+16
1901	5.693770e+15	1.500144e+02	1.287047e+02	8.319507e+16
1902	5.694203e+15	1.609830e+02	1.357430e+02	9.807631e+16
1903	5.694631e+15	1.679450e+02	1.398276e+02	8.077811e+16
1904	5.695043e+15	1.553867e+02	1.306515e+02	1.205915e+17
1905	5.695460e+15	1.670043e+02	1.408393e+02	6.914942e+16
1906	5.695857e+15	1.565839e+02	1.330509e+02	1.065707e+17
1907	5.696253e+15	1.509291e+02	1.291860e+02	1.062483e+17
1908	5.696656e+15	1.630568e+02	1.376202e+02	9.521294e+16
1909	5.697044e+15	1.543132e+02	1.299808e+02	8.607213e+16
1910	5.697434e+15	1.507855e+02	1.270834e+02	8.108864e+16
1911	5.697830e+15	1.568788e+02	1.299672e+02	7.604549e+16
1912	5.698220e+15	1.478549e+02	1.215158e+02	9.320622e+16
1913	5.698622e+15	1.559873e+02	1.277778e+02	8.344209e+16
1914	5.699018e+15	1.542992e+02	1.270844e+02	7.353339e+16
1915	5.699413e+15	1.632237e+02	1.322819e+02	8.087584e+16
1916	5.699796e+15	1.610340e+02	1.304249e+02	4.420066e+16
1917	5.700171e+15	1.667437e+02	1.321427e+02	6.571095e+16
1918	5.700535e+15	1.732483e+02	1.331902e+02	5.019261e+16
1919	5.700882e+15	1.589561e+02	1.208135e+02	6.789978e+16
1920	5.701238e+15	1.646745e+02	1.217306e+02	9.939866e+16
1921	5.701592e+15	1.604912e+02	1.192118e+02	7.415195e+16
1922	5.701951e+15	1.621643e+02	1.204887e+02	6.778458e+16
1923	5.702310e+15	1.665974e+02	1.232138e+02	7.741939e+16
1924	5.702668e+15	1.625267e+02	1.232789e+02	5.912511e+16
1925	5.703024e+15	1.566127e+02	1.209719e+02	8.396176e+16
1926	5.703384e+15	1.593170e+02	1.237343e+02	9.722573e+16
1927	5.703741e+15	1.553698e+02	1.201018e+02	6.933913e+16
1928	5.704102e+15	1.497762e+02	1.161209e+02	8.231898e+16
1929	5.704475e+15	1.610916e+02	1.248779e+02	7.481600e+16
1930	5.704841e+15	1.593860e+02	1.247153e+02	8.152508e+16
1931	5.705201e+15	1.571939e+02	1.241477e+02	7.503875e+16
1932	5.705557e+15	1.440110e+02	1.151687e+02	6.407081e+16
1933	5.705930e+15	1.582823e+02	1.257652e+02	9.316924e+16
1934	5.706292e+15	1.514178e+02	1.225134e+02	4.726421e+16
1935	5.706650e+15	1.501927e+02	1.201480e+02	5.903101e+16
1936	5.707008e+15	1.554026e+02	1.215494e+02	9.538983e+16
1937	5.707364e+15	1.551861e+02	1.226362e+02	7.993610e+16
1938	5.707710e+15	1.513160e+02	1.223897e+02	6.924149e+16
1939	5.708049e+15	1.431171e+02	1.185418e+02	7.649457e+16
1940	5.708388e+15	1.315264e+02	1.094521e+02	5.439350e+16
1941	5.708746e+15	1.405844e+02	1.162769e+02	8.321435e+16
1942	5.709107e+15	1.412516e+02	1.168490e+02	5.141518e+16
1943	5.709467e+15	1.363301e+02	1.098604e+02	7.125698e+16
1944	5.709836e+15	1.299291e+02	1.065960e+02	4.752139e+16
1945	5.710223e+15	1.371315e+02	1.141448e+02	5.660437e+16
1946	5.710609e+15	1.460908e+02	1.233150e+02	4.553238e+16
1947	5.710976e+15	1.379292e+02	1.169958e+02	6.106945e+16
1948	5.711337e+15	1.338082e+02	1.161020e+02	1.042253e+17
1949	5.711692e+15	1.211609e+02	1.054189e+02	9.224905e+16
1950	5.712068e+15	1.390540e+02	1.205577e+02	6.670945e+16
1951	5.712423e+15	1.197945e+02	1.047309e+02	6.641117e+16
1952	5.712791e+15	1.259730e+02	1.100110e+02	8.001704e+16
1953	5.713160e+15	1.267575e+02	1.114243e+02	4.328477e+16
1954	5.713524e+15	1.170009e+02	1.050324e+02	6.416310e+16
1955	5.713902e+15	1.253358e+02	1.099661e+02	4.059311e+16
1956	5.714281e+15	1.172275e+02	1.081858e+02	5.263467e+16
1957	5.714664e+15	1.100047e+02	1.025687e+02	5.788691e+16
1958	5.715069e+15	1.290617e+02	1.186611e+02	9.794683e+16
1959	5.715451e+15	1.223377e+02	1.111986e+02	7.241955e+16
1960	5.715830e+15	1.215198e+02	1.099619e+02	8.884644e+16
1961	5.716208e+15	1.302283e+02	1.157225e+02	6.098763e+16
1962	5.716570e+15	1.152939e+02	1.048337e+02	6.178728e+16
1963	5.716942e+15	1.300817e+02	1.160147e+02	8.867371e+16
1964	5.717295e+15	1.167550e+02	1.038948e+02	6.018977e+16
1965	5.717657e+15	1.209611e+02	1.062546e+02	6.922552e+16
1966	5.718021e+15	1.266084e+02	1.103233e+02	1.338173e+17
1967	5.718374e+15	1.086181e+02	9.689595e+01	8.460102e+16
1968	5.718752e+15	1.281551e+02	1.125331e+02	3.042528e+16
1969	5.719115e+15	1.111639e+02	9.980508e+01	6.778798e+16
1970	5.719500e+15	1.278540e+02	1.139711e+02	5.948291e+16
1971	5.719872e+15	1.213509e+02	1.088023e+02	6.763226e+16
1972	5.720248e+15	1.282927e+02	1.135549e+02	3.665285e+16
1973	5.720615e+15	1.279719e+02	1.124147e+02	7.001683e+16
1974	5.720977e+15	1.175129e+02	1.049095e+02	7.776549e+16
1975	5.721355e+15	1.216128e+02	1.081949e+02	5.164373e+16
1976	5.721744e+15	1.256544e+02	1.117687e+02	5.745878e+16
1977	5.722137e+15	1.189449e+02	1.082500e+02	7.777709e+16
1978	5.722544e+15	1.308988e+02	1.179688e+02	9.690013e+16
1979	5.722938e+15	1.333839e+02	1.184548e+02	8.107614e+16
1980	5.723320e+15	1.188104e+02	1.027387e+02	6.629112e+16
1981	5.723725e+15	1.296970e+02	1.121493e+02	7.087619e+16
1982	5.724129e+15	1.427065e+02	1.202880e+02	6.772023e+16
1983	5.724509e+15	1.313984e+02	1.112424e+02	8.828303e+16
1984	5.724885e+15	1.414967e+02	1.180059e+02	7.272230e+16
1985	5.725238e+15	1.311127e+02	1.103620e+02	7.179795e+16
1986	5.725590e+15	1.264094e+02	1.082324e+02	5.969349e+16
1987	5.725947e+15	1.224683e+02	1.050106e+02	3.938161e+16
1988	5.726314e+15	1.243565e+02	1.064694e+02	6.139024e+16
1989	5.726691e+15	1.286807e+02	1.091007e+02	6.355386e+16
1990	5.727069e+15	1.306717e+02	1.093470e+02	4.836631e+16
1991	5.727445e+15	1.260014e+02	1.076265e+02	9.008391e+16
1992	5.727821e+15	1.286986e+02	1.109293e+02	1.008435e+17
1993	5.728188e+15	1.232308e+02	1.054782e+02	5.890205e+16
1994	5.728562e+15	1.196623e+02	1.006949e+02	7.308132e+16
1995	5.728952e+15	1.277186e+02	1.085400e+02	5.505401e+16
1996	5.729335e+15	1.183525e+02	1.013781e+02	4.275495e+16
1997	5.729733e+15	1.196465e+02	1.035550e+02	6.737225e+16
1998	5.730138e+15	1.400898e+02	1.192956e+02	8.854902e+16
1999	5.730508e+15	1.220742e+02	1.067265e+02	6.073911e+16
2000	5.730878e+15	1.244746e+02	1.095247e+02	5.282271e+16
2001	5.731238e+15	1.165667e+02	1.048489e+02	7.575370e+16
2002	5.731603e+15	1.188935e+02	1.086868e+02	5.333593e+16
2003	5.731965e+15	1.209370e+02	1.092774e+02	8.979208e+16
2004	5.732319e+15	1.233139e+02	1.097501e+02	8.664142e+16
2005	5.732660e+15	1.144884e+02	1.012767e+02	5.592230e+16
2006	5.733009e+15	1.141874e+02	1.016045e+02	4.754645e+16
2007	5.733364e+15	1.178781e+02	1.056865e+02	5.172538e+16
2008	5.733715e+15	1.089604e+02	9.761072e+01	4.580751e+16
2009	5.734081e+15	1.201029e+02	1.070849e+02	6.432901e+16
2010	5.734438e+15	1.153037e+02	1.024344e+02	5.879963e+16
2011	5.734794e+15	1.097961e+02	9.746315e+01	4.694734e+16
2012	5.735164e+15	1.249514e+02	1.091415e+02	4.398949e+16
2013	5.735514e+15	1.058806e+02	9.394754e+01	6.673072e+16
2014	5.735885e+15	1.147776e+02	1.001421e+02	6.889284e+16
2015	5.736261e+15	1.168231e+02	1.052288e+02	6.083597e+16
2016	5.736630e+15	1.079767e+02	9.884798e+01	8.783499e+16
2017	5.737009e+15	1.148267e+02	1.033158e+02	5.595183e+16
2018	5.737386e+15	1.219602e+02	1.072142e+02	6.042221e+16
2019	5.737746e+15	1.129229e+02	1.006661e+02	6.821462e+16
2020	5.738108e+15	1.029706e+02	9.529131e+01	7.545840e+16
2021	5.738487e+15	1.055035e+02	9.800156e+01	6.703447e+16
2022	5.738873e+15	9.966976e+01	9.455344e+01	7.750929e+16
2023	5.739279e+15	1.149938e+02	1.082688e+02	6.254750e+16
2024	5.739668e+15	1.139536e+02	1.054464e+02	6.049929e+16
2025	5.740043e+15	1.011046e+02	9.550505e+01	7.201507e+16
2026	5.740434e+15	1.135102e+02	1.036802e+02	8.262393e+16
2027	5.740810e+15	1.136408e+02	1.017273e+02	6.652239e+16
2028	5.741175e+15	1.043356e+02	9.236693e+01	5.786292e+16
2029	5.741555e+15	1.178156e+02	1.015620e+02	5.461562e+16
2030	5.741921e+15	1.084564e+02	9.457065e+01	6.482751e+16
2031	5.742295e+15	1.093016e+02	9.605070e+01	5.143212e+16
2032	5.742671e+15	1.184023e+02	1.022107e+02	7.698275e+16
2033	5.743029e+15	1.083820e+02	9.495789e+01	4.211151e+16
2034	5.743394e+15	1.144874e+02	9.968408e+01	6.473606e+16
2035	5.743751e+15	1.174712e+02	1.009781e+02	4.915784e+16
2036	5.744099e+15	1.123213e+02	9.613936e+01	6.156568e+16
2037	5.744449e+15	1.150530e+02	9.907018e+01	4.549052e+16
2038	5.744794e+15	1.111709e+02	9.648397e+01	3.500236e+16
2039	5.745143e+15	1.229014e+02	1.049160e+02	5.928015e+16
2040	5.745475e+15	1.041924e+02	8.952447e+01	6.627457e+16
2041	5.745828e+15	1.081343e+02	9.540833e+01	7.931845e+16
2042	5.746191e+15	1.072658e+02	9.668989e+01	5.430732e+16
2043	5.746562e+15	1.135666e+02	1.018856e+02	7.614304e+16
2044	5.746924e+15	1.104249e+02	9.964861e+01	4.852407e+16
2045	5.747284e+15	1.108878e+02	1.000632e+02	6.356274e+16
2046	5.747643e+15	1.199868e+02	1.035403e+02	3.643185e+16
2047	5.747987e+15	1.115587e+02	9.590418e+01	3.881830e+16
2048	5.748339e+15	1.199764e+02	1.033924e+02	6.603426e+16
2049	5.748679e+15	1.160585e+02	1.019850e+02	6.942422e+16
2050	5.749013e+15	1.077340e+02	9.837337e+01	4.535090e+16
2051	5.749356e+15	1.156486e+02	1.066279e+02	7.158873e+16
2052	5.749688e+15	1.089281e+02	1.005973e+02	5.942222e+16
2053	5.750023e+15	1.074641e+02	9.953155e+01	6.208293e+16
2054	5.750362e+15	1.114804e+02	1.025288e+02	7.062079e+16
2055	5.750692e+15	1.062798e+02	9.624051e+01	5.074130e+16
2056	5.751025e+15	1.072093e+02	9.561622e+01	6.003619e+16
2057	5.751362e+15	1.028362e+02	9.282811e+01	7.255154e+16
2058	5.751711e+15	1.042882e+02	9.710677e+01	5.462251e+16
2059	5.752063e+15	1.108919e+02	1.030524e+02	5.953248e+16
2060	5.752399e+15	9.537239e+01	9.097003e+01	4.373266e+16
2061	5.752751e+15	9.695784e+01	9.192297e+01	4.157635e+16
2062	5.753110e+15	1.009547e+02	9.565467e+01	4.670765e+16
2063	5.753467e+15	9.619126e+01	9.257240e+01	7.459983e+16
2064	5.753830e+15	9.822330e+01	9.758903e+01	4.841139e+16
2065	5.754183e+15	9.202033e+01	9.081983e+01	4.079819e+16
2066	5.754543e+15	9.324230e+01	9.272277e+01	5.449241e+16
2067	5.754904e+15	9.093112e+01	8.986673e+01	5.784199e+16
2068	5.755274e+15	9.733341e+01	9.559317e+01	4.268592e+16
2069	5.755638e+15	9.101731e+01	9.071444e+01	9.076575e+16
2070	5.756014e+15	9.815713e+01	9.785158e+01	7.221309e+16
2071	5.756382e+15	1.000933e+02	9.890542e+01	5.352665e+16
2072	5.756739e+15	9.118493e+01	9.083452e+01	3.916744e+16
2073	5.757108e+15	1.025369e+02	1.007404e+02	6.313079e+16
2074	5.757460e+15	1.006547e+02	9.724097e+01	2.830694e+16
2075	5.757805e+15	1.002948e+02	9.654892e+01	5.266958e+16
2076	5.758148e+15	1.028712e+02	9.831199e+01	7.344600e+16
2077	5.758484e+15	9.884894e+01	9.423858e+01	5.067700e+16
2078	5.758821e+15	1.015155e+02	9.878213e+01	4.974365e+16
2079	5.759150e+15	9.807779e+01	9.361386e+01	5.000951e+16
2080	5.759481e+15	9.869854e+01	9.504576e+01	6.472036e+16
2081	5.759811e+15	9.934802e+01	9.643826e+01	7.487633e+16
2082	5.760133e+15	9.257681e+01	8.954977e+01	4.343637e+16
2083	5.760465e+15	9.932348e+01	9.519515e+01	4.224048e+16
2084	5.760794e+15	9.823694e+01	9.385694e+01	5.705533e+16
2085	5.761122e+15	9.045946e+01	8.653119e+01	5.507464e+16
2086	5.761470e+15	1.006806e+02	9.553226e+01	7.986438e+16
2087	5.761812e+15	1.000107e+02	9.624669e+01	3.171619e+16
2088	5.762148e+15	8.704816e+01	8.682990e+01	5.659304e+16
2089	5.762507e+15	9.586204e+01	9.545501e+01	5.950755e+16
2090	5.762869e+15	8.324321e+01	8.541959e+01	7.045400e+16
2091	5.763246e+15	9.001117e+01	9.495731e+01	6.764896e+16
2092	5.763614e+15	9.086206e+01	9.941826e+01	4.990439e+16
2093	5.763960e+15	8.230644e+01	9.260039e+01	7.045650e+16
2094	5.764306e+15	8.425700e+01	9.629621e+01	4.060084e+16
2095	5.764640e+15	7.879971e+01	9.171435e+01	5.030501e+16
2096	5.764979e+15	8.271726e+01	9.520153e+01	4.104108e+16
2097	5.765315e+15	8.361268e+01	9.532887e+01	5.795296e+16
2098	5.765649e+15	8.000276e+01	9.204062e+01	5.432025e+16
2099	5.765990e+15	8.507934e+01	9.668994e+01	6.259028e+16
2100	5.766326e+15	8.446135e+01	9.417641e+01	6.345469e+16
2101	5.766665e+15	8.713205e+01	9.432376e+01	6.946000e+16
2102	5.767004e+15	8.755175e+01	9.509545e+01	5.983092e+16
2103	5.767338e+15	8.264286e+01	8.836914e+01	3.623407e+16
2104	5.767685e+15	8.438899e+01	8.764225e+01	5.103299e+16
2105	5.768046e+15	9.097066e+01	9.337530e+01	5.324630e+16
2106	5.768404e+15	8.474421e+01	8.907455e+01	5.940280e+16
2107	5.768773e+15	9.158924e+01	9.429291e+01	4.641636e+16
2108	5.769135e+15	8.883550e+01	9.129507e+01	2.796815e+16
2109	5.769500e+15	8.309941e+01	8.703483e+01	5.192592e+16
2110	5.769882e+15	8.994614e+01	9.363960e+01	9.658487e+16
2111	5.770261e+15	9.577573e+01	9.708688e+01	6.355917e+16
2112	5.770627e+15	9.706461e+01	9.804339e+01	5.207170e+16
2113	5.770976e+15	8.846226e+01	8.992080e+01	5.996094e+16
2114	5.771333e+15	9.616500e+01	9.464283e+01	5.408241e+16
2115	5.771681e+15	9.570857e+01	9.132285e+01	2.785021e+16
2116	5.772024e+15	9.041685e+01	8.776351e+01	4.452070e+16
2117	5.772380e+15	1.042858e+02	9.744777e+01	6.727220e+16
2118	5.772718e+15	9.628838e+01	8.920617e+01	4.400814e+16
2119	5.773063e+15	1.011220e+02	9.581317e+01	5.277021e+16
2120	5.773395e+15	9.090908e+01	8.675575e+01	5.047634e+16
2121	5.773741e+15	1.000991e+02	9.418699e+01	4.274619e+16
2122	5.774081e+15	1.019926e+02	9.620221e+01	5.796334e+16
2123	5.774409e+15	8.777376e+01	8.606605e+01	5.073348e+16
2124	5.774756e+15	9.504052e+01	9.413776e+01	4.865225e+16
2125	5.775100e+15	9.927496e+01	9.784386e+01	7.439949e+16
2126	5.775431e+15	9.151128e+01	9.086676e+01	6.507483e+16
2127	5.775770e+15	9.417571e+01	9.234470e+01	4.489383e+16
2128	5.776111e+15	9.349434e+01	9.105373e+01	3.376997e+16
2129	5.776459e+15	9.451898e+01	9.165425e+01	4.417639e+16
2130	5.776810e+15	9.633647e+01	9.299757e+01	6.065938e+16
2131	5.777164e+15	9.499414e+01	9.122387e+01	4.169968e+16
2132	5.777520e+15	9.637072e+01	9.337992e+01	6.434129e+16
2133	5.777878e+15	1.047756e+02	1.000784e+02	6.096414e+16
2134	5.778219e+15	9.366667e+01	8.906616e+01	4.813642e+16
2135	5.778576e+15	1.063778e+02	9.949065e+01	4.072347e+16
2136	5.778916e+15	9.705205e+01	9.173714e+01	4.961432e+16
2137	5.779265e+15	9.611977e+01	9.151345e+01	4.859248e+16
2138	5.779630e+15	1.106570e+02	1.029795e+02	4.113644e+16
2139	5.779970e+15	9.595584e+01	9.144084e+01	5.020847e+16
2140	5.780320e+15	9.609536e+01	9.382123e+01	3.759203e+16
2141	5.780671e+15	1.024529e+02	9.758293e+01	5.982838e+16
2142	5.781011e+15	1.021109e+02	9.554135e+01	8.239911e+16
2143	5.781345e+15	1.042080e+02	9.565265e+01	5.755920e+16
2144	5.781672e+15	1.010825e+02	9.247388e+01	5.383741e+16
2145	5.782004e+15	9.537198e+01	8.968925e+01	4.666788e+16
2146	5.782350e+15	1.002540e+02	9.520041e+01	7.777946e+16
2147	5.782695e+15	9.165362e+01	9.061141e+01	5.947009e+16
2148	5.783049e+15	9.498489e+01	9.305624e+01	3.627647e+16
2149	5.783405e+15	9.648666e+01	9.426812e+01	4.851224e+16
2150	5.783756e+15	9.594523e+01	9.462905e+01	5.369847e+16
2151	5.784103e+15	9.218615e+01	9.095588e+01	6.662564e+16
2152	5.784454e+15	9.783945e+01	9.611149e+01	5.276514e+16
2153	5.784793e+15	9.387712e+01	9.236896e+01	6.205061e+16
2154	5.785132e+15	9.423742e+01	9.204250e+01	2.674973e+16
2155	5.785472e+15	9.272729e+01	9.052362e+01	5.264388e+16
2156	5.785817e+15	8.803081e+01	8.488069e+01	7.202926e+16
2157	5.786177e+15	9.236189e+01	9.027103e+01	6.087109e+16
2158	5.786537e+15	9.842967e+01	9.562181e+01	5.935228e+16
2159	5.786880e+15	8.977383e+01	8.905387e+01	2.618482e+16
2160	5.787225e+15	9.316587e+01	9.120137e+01	2.575198e+16
2161	5.787560e+15	8.444293e+01	8.378698e+01	4.674414e+16
2162	5.787908e+15	9.703111e+01	9.427730e+01	4.962104e+16
2163	5.788233e+15	8.601579e+01	8.563215e+01	4.137608e+16
2164	5.788565e+15	9.189062e+01	9.198021e+01	4.788403e+16
2165	5.788887e+15	8.516188e+01	8.784736e+01	4.956476e+16
2166	5.789213e+15	8.920811e+01	9.429392e+01	4.973552e+16
2167	5.789525e+15	8.587472e+01	9.248220e+01	4.027815e+16
2168	5.789831e+15	8.435745e+01	9.275332e+01	6.338998e+16
2169	5.790133e+15	8.373249e+01	9.295315e+01	5.644407e+16
2170	5.790431e+15	8.541551e+01	9.413350e+01	5.625232e+16
2171	5.790726e+15	8.034295e+01	9.048301e+01	4.163675e+16
2172	5.791029e+15	8.035449e+01	9.036085e+01	7.842127e+16
2173	5.791341e+15	8.536767e+01	9.383953e+01	4.071563e+16
2174	5.791654e+15	8.238517e+01	9.150952e+01	5.821232e+16
2175	5.791976e+15	9.303704e+01	9.870367e+01	4.820231e+16
2176	5.792286e+15	8.091247e+01	8.796017e+01	5.119781e+16
2177	5.792614e+15	8.919143e+01	9.359360e+01	3.512592e+16
2178	5.792941e+15	8.466847e+01	8.655873e+01	6.110317e+16
2179	5.793286e+15	8.986707e+01	9.350551e+01	4.145423e+16
2180	5.793629e+15	9.160121e+01	9.648922e+01	4.659273e+16
2181	5.793964e+15	8.732425e+01	9.332901e+01	5.249670e+16
2182	5.794298e+15	8.952675e+01	9.525578e+01	4.626678e+16
2183	5.794626e+15	8.958914e+01	9.268124e+01	2.682571e+16
2184	5.794951e+15	9.056253e+01	9.256352e+01	6.387390e+16
2185	5.795274e+15	9.345130e+01	9.482128e+01	6.763191e+16
2186	5.795589e+15	9.191398e+01	9.246743e+01	7.350565e+16
2187	5.795904e+15	9.224375e+01	9.285693e+01	4.160299e+16
2188	5.796218e+15	9.186761e+01	9.293652e+01	3.404562e+16
2189	5.796528e+15	8.656596e+01	8.818273e+01	4.615677e+16
2190	5.796845e+15	9.070039e+01	9.112059e+01	5.645059e+16
2191	5.797162e+15	9.218556e+01	9.180994e+01	4.631575e+16
2192	5.797477e+15	9.193291e+01	9.111528e+01	6.394176e+16
2193	5.797792e+15	8.814060e+01	8.899251e+01	6.005264e+16
2194	5.798113e+15	8.933073e+01	9.028684e+01	5.635245e+16
2195	5.798436e+15	8.607219e+01	8.787465e+01	3.935840e+16
2196	5.798771e+15	8.845829e+01	9.157588e+01	4.331349e+16
2197	5.799107e+15	9.011256e+01	9.117357e+01	5.245013e+16
2198	5.799443e+15	8.509887e+01	8.705697e+01	5.130458e+16
2199	5.799788e+15	8.977226e+01	9.049322e+01	6.262352e+16
2200	5.800133e+15	9.439111e+01	9.337034e+01	3.862089e+16
2201	5.800470e+15	9.048327e+01	8.994780e+01	4.622147e+16
2202	5.800810e+15	9.197498e+01	9.026718e+01	5.451524e+16
2203	5.801147e+15	9.068317e+01	8.876419e+01	4.217258e+16
2204	5.801484e+15	9.692606e+01	9.195072e+01	4.763387e+16
2205	5.801813e+15	9.778963e+01	9.047503e+01	5.110719e+16
2206	5.802140e+15	9.487306e+01	8.870145e+01	4.904151e+16
2207	5.802473e+15	1.023245e+02	9.396210e+01	4.978898e+16
2208	5.802793e+15	9.617818e+01	8.896780e+01	3.042928e+16
2209	5.803118e+15	1.042410e+02	9.507608e+01	5.898464e+16
2210	5.803430e+15	9.575456e+01	8.710769e+01	3.675693e+16
2211	5.803750e+15	9.421078e+01	8.518932e+01	4.260582e+16
2212	5.804085e+15	9.867842e+01	9.055407e+01	1.048468e+17
2213	5.804420e+15	9.696055e+01	9.137146e+01	5.331841e+16
2214	5.804752e+15	9.981305e+01	9.590965e+01	3.770769e+16
2215	5.805074e+15	9.302006e+01	9.109766e+01	3.896137e+16
2216	5.805400e+15	9.992530e+01	9.715357e+01	5.376597e+16
2217	5.805717e+15	9.314253e+01	9.196456e+01	7.086143e+16
2218	5.806037e+15	9.313377e+01	9.023612e+01	3.987496e+16
2219	5.806363e+15	9.488133e+01	9.173060e+01	3.634453e+16
2220	5.806689e+15	9.201296e+01	8.947683e+01	3.185615e+16
2221	5.807019e+15	9.632172e+01	9.053266e+01	4.082510e+16
2222	5.807346e+15	1.035703e+02	9.095171e+01	4.147155e+16
2223	5.807662e+15	1.058166e+02	8.907170e+01	4.100840e+16
2224	5.807970e+15	1.041236e+02	8.320855e+01	5.316883e+16
2225	5.808282e+15	1.065173e+02	8.407852e+01	5.082758e+16
2226	5.808592e+15	1.026366e+02	8.186221e+01	4.840356e+16
2227	5.808906e+15	1.065513e+02	8.483508e+01	6.097498e+16
2228	5.809215e+15	1.026233e+02	8.210450e+01	5.603074e+16
2229	5.809526e+15	9.861344e+01	7.988338e+01	6.545625e+16
2230	5.809843e+15	9.728904e+01	8.126324e+01	3.045846e+16
2231	5.810162e+15	9.473031e+01	8.098800e+01	5.251700e+16
2232	5.810484e+15	9.281663e+01	8.030267e+01	4.984223e+16
2233	5.810812e+15	9.374890e+01	8.130187e+01	7.162228e+16
2234	5.811144e+15	9.458687e+01	8.358483e+01	5.657161e+16
2235	5.811474e+15	8.441481e+01	7.632940e+01	6.185146e+16
2236	5.811828e+15	8.903639e+01	8.176031e+01	6.930218e+16
2237	5.812187e+15	8.923700e+01	8.250897e+01	4.429927e+16
2238	5.812548e+15	9.286543e+01	8.495008e+01	5.441332e+16
2239	5.812904e+15	9.166043e+01	8.380263e+01	4.230506e+16
2240	5.813259e+15	9.593527e+01	8.573975e+01	4.617898e+16
2241	5.813604e+15	9.548543e+01	8.471557e+01	5.461400e+16
2242	5.813940e+15	9.696466e+01	8.321509e+01	5.213930e+16
2243	5.814270e+15	9.791718e+01	8.094482e+01	4.465148e+16
2244	5.814602e+15	1.039370e+02	8.391986e+01	6.476464e+16
2245	5.814924e+15	1.023719e+02	8.182257e+01	2.277242e+16
2246	5.815241e+15	9.889289e+01	7.956787e+01	5.349103e+16
2247	5.815558e+15	9.709624e+01	7.779886e+01	5.207352e+16
2248	5.815876e+15	9.483051e+01	7.611995e+01	4.483998e+16
2249	5.816200e+15	9.861534e+01	7.879091e+01	3.014888e+16
2250	5.816522e+15	9.988141e+01	7.964425e+01	4.822915e+16
2251	5.816839e+15	8.898436e+01	7.254414e+01	3.191131e+16
2252	5.817177e+15	1.050339e+02	8.687087e+01	4.725787e+16
2253	5.817493e+15	9.430249e+01	8.002749e+01	4.880693e+16
2254	5.817813e+15	9.228872e+01	7.914491e+01	4.227290e+16
2255	5.818139e+15	9.993972e+01	8.449753e+01	6.762650e+16
2256	5.818458e+15	9.744234e+01	8.373288e+01	3.084785e+16
2257	5.818775e+15	9.427657e+01	8.383543e+01	3.825314e+16
2258	5.819093e+15	9.505909e+01	8.363624e+01	3.417887e+16
2259	5.819409e+15	9.470006e+01	8.035436e+01	5.622888e+16
2260	5.819725e+15	9.327072e+01	7.862777e+01	5.208512e+16
2261	5.820044e+15	9.789499e+01	8.102318e+01	4.770627e+16
2262	5.820355e+15	9.222667e+01	7.663518e+01	5.652910e+16
2263	5.820675e+15	8.991613e+01	7.640702e+01	4.504265e+16
2264	5.821007e+15	9.734452e+01	8.174814e+01	3.771064e+16
2265	5.821331e+15	9.278431e+01	7.880632e+01	2.957364e+16
2266	5.821655e+15	9.281466e+01	8.064460e+01	3.445754e+16
2267	5.821974e+15	9.294041e+01	8.224550e+01	4.667236e+16
2268	5.822288e+15	8.996882e+01	7.960075e+01	4.202384e+16
2269	5.822604e+15	8.976642e+01	8.207905e+01	5.642780e+16
2270	5.822914e+15	9.193045e+01	8.426862e+01	4.972095e+16
2271	5.823216e+15	8.597296e+01	7.829217e+01	3.644814e+16
2272	5.823527e+15	9.226510e+01	8.336967e+01	4.813786e+16
2273	5.823831e+15	9.163837e+01	8.386785e+01	3.320803e+16
2274	5.824129e+15	8.298436e+01	7.799110e+01	4.764647e+16
2275	5.824440e+15	9.006220e+01	8.575043e+01	5.668892e+16
2276	5.824741e+15	7.033922e+01	7.007100e+01	2.947499e+16
2277	5.825078e+15	8.482062e+01	8.845108e+01	6.550751e+16
2278	5.825402e+15	8.425591e+01	8.838201e+01	3.502146e+16
2279	5.825716e+15	7.515154e+01	7.956130e+01	6.784759e+16
2280	5.826045e+15	8.610578e+01	8.929023e+01	4.700557e+16
2281	5.826358e+15	7.935119e+01	7.887048e+01	5.684521e+16
2282	5.826684e+15	9.295261e+01	8.867146e+01	5.556215e+16
2283	5.826994e+15	8.418639e+01	8.305488e+01	4.165160e+16
2284	5.827306e+15	8.118621e+01	8.135498e+01	1.540502e+16
2285	5.827625e+15	9.096485e+01	8.653451e+01	4.771003e+16
2286	5.827931e+15	9.042095e+01	8.396780e+01	5.332954e+16
2287	5.828231e+15	8.702876e+01	8.079306e+01	3.788749e+16
2288	5.828533e+15	8.893472e+01	8.093303e+01	4.706004e+16
2289	5.828836e+15	8.620023e+01	7.753583e+01	4.850702e+16
2290	5.829152e+15	9.083551e+01	8.391594e+01	7.072072e+16
2291	5.829461e+15	8.794199e+01	8.303002e+01	4.178703e+16
2292	5.829767e+15	8.296735e+01	7.750084e+01	4.387876e+16
2293	5.830080e+15	7.956536e+01	7.657843e+01	4.657974e+16
2294	5.830401e+15	9.174327e+01	8.778849e+01	2.367591e+16
2295	5.830698e+15	7.157500e+01	7.010371e+01	3.320774e+16
2296	5.831029e+15	8.160834e+01	8.228446e+01	6.063909e+16
2297	5.831358e+15	8.520290e+01	8.582371e+01	3.141039e+16
2298	5.831673e+15	8.074178e+01	8.122929e+01	5.005230e+16
2299	5.831988e+15	8.564676e+01	8.476506e+01	5.755748e+16
2300	5.832290e+15	7.345990e+01	7.065372e+01	4.859260e+16
2301	5.832621e+15	8.160983e+01	7.945878e+01	7.130593e+16
2302	5.832960e+15	8.395202e+01	8.507727e+01	4.039263e+16
2303	5.833292e+15	8.348299e+01	8.376114e+01	5.078344e+16
2304	5.833625e+15	8.603426e+01	8.550449e+01	3.966031e+16
2305	5.833952e+15	8.646028e+01	8.725235e+01	3.815605e+16
2306	5.834270e+15	8.202318e+01	8.432084e+01	4.876261e+16
2307	5.834589e+15	8.050166e+01	8.232205e+01	3.509765e+16
2308	5.834909e+15	7.734785e+01	8.153384e+01	4.802968e+16
2309	5.835235e+15	8.362629e+01	8.689128e+01	4.726466e+16
2310	5.835553e+15	8.215484e+01	8.489154e+01	3.984637e+16
2311	5.835869e+15	7.854298e+01	8.415334e+01	6.473757e+16
2312	5.836184e+15	8.019770e+01	8.813037e+01	5.154565e+16
2313	5.836488e+15	7.690842e+01	8.504484e+01	3.841446e+16
2314	5.836790e+15	7.992721e+01	8.797203e+01	4.679020e+16
2315	5.837080e+15	7.594445e+01	8.245137e+01	3.995284e+16
2316	5.837373e+15	7.620386e+01	7.815313e+01	3.667741e+16
2317	5.837673e+15	7.376062e+01	7.652841e+01	4.509320e+16
2318	5.837987e+15	7.570650e+01	8.431989e+01	5.547641e+16
2319	5.838291e+15	6.517404e+01	7.674117e+01	2.955989e+16
2320	5.838614e+15	7.577445e+01	8.944515e+01	5.396735e+16
2321	5.838918e+15	6.440976e+01	7.886132e+01	5.490501e+16
2322	5.839239e+15	6.489626e+01	8.005507e+01	7.105717e+16
2323	5.839572e+15	6.496673e+01	8.439999e+01	5.332108e+16
2324	5.839913e+15	6.254579e+01	8.354350e+01	5.488557e+16
2325	5.840268e+15	6.723897e+01	9.129681e+01	5.103464e+16
2326	5.840611e+15	6.976829e+01	9.179473e+01	5.447464e+16
2327	5.840939e+15	6.534093e+01	8.289148e+01	4.089468e+16
2328	5.841280e+15	7.008166e+01	8.840122e+01	3.931887e+16
2329	5.841616e+15	6.817442e+01	8.730634e+01	4.014743e+16
2330	5.841945e+15	6.647888e+01	8.168897e+01	4.622897e+16
2331	5.842281e+15	7.124106e+01	8.642223e+01	4.961779e+16
2332	5.842610e+15	6.648378e+01	8.018061e+01	4.683352e+16
2333	5.842951e+15	6.958346e+01	8.466409e+01	6.339801e+16
2334	5.843290e+15	6.985190e+01	8.540248e+01	4.997922e+16
2335	5.843628e+15	6.607752e+01	8.338900e+01	5.640980e+16
2336	5.843973e+15	6.741324e+01	8.593549e+01	5.894203e+16
2337	5.844319e+15	7.078855e+01	8.758896e+01	5.407868e+16
2338	5.844660e+15	7.321793e+01	9.067782e+01	5.084734e+16
2339	5.844990e+15	7.132105e+01	8.991388e+01	5.491438e+16
2340	5.845311e+15	7.140344e+01	8.908803e+01	5.983784e+16
2341	5.845627e+15	7.581096e+01	9.141528e+01	3.380202e+16
2342	5.845934e+15	7.501497e+01	8.940224e+01	4.848775e+16
2343	5.846237e+15	7.751768e+01	9.153683e+01	6.099448e+16
2344	5.846533e+15	7.142053e+01	8.353547e+01	6.688412e+16
2345	5.846844e+15	7.700206e+01	9.321383e+01	5.876321e+16
2346	5.847145e+15	6.731355e+01	8.339564e+01	5.801900e+16
2347	5.847464e+15	6.792693e+01	8.628124e+01	3.442901e+16
2348	5.847797e+15	7.165564e+01	9.275942e+01	6.293484e+16
2349	5.848128e+15	6.689167e+01	8.945270e+01	7.669500e+16
2350	5.848468e+15	7.012243e+01	9.503409e+01	5.227982e+16
2351	5.848804e+15	6.636551e+01	8.945550e+01	3.778891e+16
2352	5.849153e+15	6.798138e+01	9.276804e+01	6.603015e+16
2353	5.849502e+15	6.764876e+01	9.269305e+01	4.546931e+16
2354	5.849852e+15	6.973655e+01	9.552178e+01	5.737931e+16
2355	5.850197e+15	7.113664e+01	9.614785e+01	5.631659e+16
2356	5.850536e+15	7.210030e+01	9.640434e+01	6.150410e+16
2357	5.850869e+15	6.679409e+01	8.798349e+01	4.341132e+16
2358	5.851217e+15	7.470661e+01	1.005746e+02	5.184601e+16
2359	5.851547e+15	6.638528e+01	9.115692e+01	5.729687e+16
2360	5.851891e+15	7.172637e+01	9.761031e+01	6.124213e+16
2361	5.852230e+15	6.920249e+01	9.437406e+01	5.443285e+16
2362	5.852573e+15	7.395376e+01	1.021094e+02	5.167539e+16
2363	5.852897e+15	6.706499e+01	9.410913e+01	5.930233e+16
2364	5.853228e+15	7.400388e+01	1.049978e+02	7.100017e+16
2365	5.853539e+15	6.694861e+01	9.615945e+01	4.507601e+16
2366	5.853852e+15	6.321965e+01	8.940521e+01	4.627653e+16
2367	5.854185e+15	6.713132e+01	9.614468e+01	6.623227e+16
2368	5.854523e+15	7.352493e+01	1.038162e+02	5.362865e+16
2369	5.854847e+15	6.637470e+01	9.686444e+01	5.543674e+16
2370	5.855178e+15	6.485770e+01	9.801645e+01	7.890352e+16
2371	5.855517e+15	7.226482e+01	1.055089e+02	5.966875e+16
2372	5.855836e+15	7.018487e+01	9.713485e+01	5.994072e+16
2373	5.856158e+15	6.694526e+01	9.473154e+01	5.470420e+16
2374	5.856487e+15	6.691353e+01	9.496784e+01	5.438094e+16
2375	5.856824e+15	6.768666e+01	9.846728e+01	6.434805e+16
2376	5.857161e+15	6.412072e+01	9.719271e+01	4.970738e+16
2377	5.857504e+15	6.720187e+01	1.026926e+02	4.305529e+16
2378	5.857833e+15	6.715560e+01	1.019761e+02	3.893254e+16
2379	5.858152e+15	6.646641e+01	9.653392e+01	4.898538e+16
2380	5.858472e+15	6.669578e+01	9.582673e+01	5.139279e+16
2381	5.858794e+15	6.802400e+01	9.712313e+01	9.849710e+16
2382	5.859118e+15	6.880072e+01	9.754373e+01	6.552123e+16
2383	5.859444e+15	7.168014e+01	1.021943e+02	6.718574e+16
2384	5.859758e+15	6.493365e+01	9.079551e+01	6.224878e+16
2385	5.860093e+15	6.633489e+01	9.494293e+01	5.882181e+16
2386	5.860442e+15	7.170763e+01	1.017218e+02	6.307603e+16
2387	5.860787e+15	6.687674e+01	9.632862e+01	4.594172e+16
2388	5.861143e+15	6.882252e+01	1.065680e+02	6.819463e+16
2389	5.861483e+15	6.418580e+01	1.002899e+02	8.508217e+16
2390	5.861825e+15	6.887008e+01	1.070172e+02	5.006387e+16
2391	5.862151e+15	6.711667e+01	1.033873e+02	3.021137e+16
2392	5.862473e+15	6.702544e+01	1.018502e+02	3.940673e+16
2393	5.862795e+15	7.447890e+01	1.059055e+02	6.582422e+16
2394	5.863107e+15	7.363524e+01	1.030802e+02	5.502847e+16
2395	5.863416e+15	7.283705e+01	1.010134e+02	2.269785e+16
2396	5.863728e+15	7.389689e+01	1.026283e+02	5.111440e+16
2397	5.864037e+15	6.652021e+01	9.045364e+01	4.714719e+16
2398	5.864370e+15	7.278163e+01	9.743758e+01	7.060421e+16
2399	5.864709e+15	7.221905e+01	9.834111e+01	7.205705e+16
2400	5.865053e+15	7.050901e+01	9.854702e+01	4.669779e+16
2401	5.865405e+15	7.136043e+01	1.028591e+02	7.291289e+16
2402	5.865753e+15	7.139487e+01	1.022486e+02	8.222619e+16
2403	5.866101e+15	7.542424e+01	1.078439e+02	6.157344e+16
2404	5.866435e+15	6.666712e+01	9.855233e+01	5.666079e+16
2405	5.866780e+15	6.924290e+01	1.049867e+02	2.334539e+16
2406	5.867122e+15	7.243389e+01	1.101465e+02	7.381729e+16
2407	5.867450e+15	6.834498e+01	1.010509e+02	6.374494e+16
2408	5.867785e+15	7.166221e+01	1.043007e+02	5.417902e+16
2409	5.868118e+15	7.487536e+01	1.078257e+02	7.514757e+16
2410	5.868442e+15	6.975892e+01	1.001928e+02	4.422509e+16
2411	5.868777e+15	6.991280e+01	1.028148e+02	5.477832e+16
2412	5.869119e+15	7.142761e+01	1.075925e+02	8.886913e+16
2413	5.869456e+15	6.887622e+01	1.004097e+02	5.391919e+16
2414	5.869808e+15	7.218058e+01	1.079362e+02	8.255768e+16
2415	5.870159e+15	7.650895e+01	1.123422e+02	1.173827e+17
2416	5.870500e+15	7.567948e+01	1.081435e+02	7.332683e+16
2417	5.870840e+15	7.150264e+01	1.033983e+02	9.666519e+16
2418	5.871189e+15	7.601853e+01	1.096221e+02	1.000096e+17
2419	5.871528e+15	7.292859e+01	1.033103e+02	4.947325e+16
2420	5.871876e+15	7.460978e+01	1.045945e+02	8.682651e+16
2421	5.872226e+15	7.647160e+01	1.069930e+02	8.285668e+16
2422	5.872574e+15	7.571836e+01	1.051101e+02	4.132231e+16
2423	5.872924e+15	7.954484e+01	1.086154e+02	6.427497e+16
2424	5.873267e+15	7.774257e+01	1.059868e+02	7.324074e+16
2425	5.873608e+15	8.080369e+01	1.078255e+02	6.283835e+16
2426	5.873944e+15	7.860960e+01	1.049501e+02	6.321939e+16
2427	5.874283e+15	8.168149e+01	1.106300e+02	1.036104e+17
2428	5.874613e+15	7.478482e+01	1.018689e+02	6.738763e+16
2429	5.874956e+15	7.567711e+01	1.007979e+02	8.601955e+16
2430	5.875316e+15	8.691262e+01	1.129575e+02	9.373498e+16
2431	5.875665e+15	8.153188e+01	1.063445e+02	7.208284e+16
2432	5.876020e+15	8.662760e+01	1.111337e+02	9.240007e+16
2433	5.876370e+15	8.517209e+01	1.071517e+02	5.479603e+16
2434	5.876724e+15	8.562727e+01	1.060741e+02	6.695120e+16
2435	5.877085e+15	8.874666e+01	1.083357e+02	8.904288e+16
2436	5.877447e+15	8.753913e+01	1.066414e+02	7.817045e+16
2437	5.877815e+15	9.062786e+01	1.103659e+02	4.012745e+16
2438	5.878179e+15	8.839952e+01	1.090355e+02	5.895820e+16
2439	5.878548e+15	8.524382e+01	1.065805e+02	1.064006e+17
2440	5.878932e+15	9.792027e+01	1.224209e+02	9.761740e+16
2441	5.879292e+15	8.295616e+01	1.051624e+02	1.055739e+17
2442	5.879676e+15	9.208673e+01	1.168794e+02	9.201859e+16
2443	5.880055e+15	9.266968e+01	1.166988e+02	1.225356e+17
2444	5.880431e+15	8.914275e+01	1.141195e+02	1.468324e+17
2445	5.880811e+15	8.511266e+01	1.072161e+02	7.864915e+16
2446	5.881211e+15	9.263855e+01	1.177148e+02	1.258593e+17
2447	5.881607e+15	9.435085e+01	1.204187e+02	1.133420e+17
2448	5.881997e+15	8.777067e+01	1.125050e+02	7.803940e+16
2449	5.882405e+15	1.026828e+02	1.336289e+02	1.174344e+17
2450	5.882783e+15	8.901426e+01	1.179367e+02	1.192024e+17
2451	5.883173e+15	1.009378e+02	1.319224e+02	8.922735e+16
2452	5.883542e+15	1.002293e+02	1.268130e+02	7.269330e+16
2453	5.883901e+15	9.668869e+01	1.236075e+02	6.757201e+16
2454	5.884256e+15	9.710819e+01	1.210396e+02	5.833022e+16
2455	5.884608e+15	9.150807e+01	1.115580e+02	3.083961e+16
2456	5.884982e+15	1.004703e+02	1.203542e+02	7.099386e+16
2457	5.885353e+15	9.857333e+01	1.154283e+02	2.167111e+16
2458	5.885727e+15	9.961625e+01	1.166728e+02	5.678378e+16
2459	5.886099e+15	9.708275e+01	1.127964e+02	6.439471e+16
2460	5.886473e+15	1.026120e+02	1.158461e+02	2.732757e+16
2461	5.886837e+15	1.002570e+02	1.118788e+02	7.678621e+16
2462	5.887200e+15	1.022393e+02	1.104806e+02	6.328537e+16
2463	5.887564e+15	1.019618e+02	1.073741e+02	6.264333e+16
2464	5.887933e+15	1.054997e+02	1.074045e+02	9.158121e+16
2465	5.888302e+15	1.082271e+02	1.077201e+02	5.917793e+16
2466	5.888667e+15	1.083299e+02	1.061173e+02	1.007867e+17
2467	5.889027e+15	1.044359e+02	1.058331e+02	9.755587e+16
2468	5.889391e+15	1.008275e+02	1.079192e+02	7.997845e+16
2469	5.889758e+15	9.849366e+01	1.135640e+02	5.651820e+16
2470	5.890119e+15	9.374570e+01	1.119100e+02	8.332077e+16
2471	5.890477e+15	9.747369e+01	1.154158e+02	9.186431e+16
2472	5.890823e+15	1.035821e+02	1.185283e+02	1.060199e+17
2473	5.891158e+15	9.993890e+01	1.154515e+02	1.278608e+17
2474	5.891494e+15	1.114411e+02	1.240654e+02	1.142648e+17
2475	5.891819e+15	1.110017e+02	1.214666e+02	1.103902e+17
2476	5.892141e+15	1.072774e+02	1.187120e+02	1.077948e+17
2477	5.892467e+15	1.075112e+02	1.156106e+02	7.121012e+16
2478	5.892803e+15	1.098591e+02	1.175531e+02	1.392419e+17
2479	5.893146e+15	1.164737e+02	1.271663e+02	6.582689e+16
2480	5.893475e+15	1.002737e+02	1.094750e+02	9.151582e+16
2481	5.893825e+15	1.079230e+02	1.199914e+02	7.475172e+16
2482	5.894170e+15	9.991806e+01	1.129180e+02	1.139814e+17
2483	5.894519e+15	1.085068e+02	1.213996e+02	9.869603e+16
2484	5.894842e+15	1.037246e+02	1.166530e+02	7.824464e+16
2485	5.895152e+15	9.568944e+01	1.113114e+02	1.000321e+17
2486	5.895459e+15	8.712044e+01	9.933140e+01	6.376987e+16
2487	5.895783e+15	9.048332e+01	1.050917e+02	9.170218e+16
2488	5.896111e+15	1.009978e+02	1.218074e+02	5.745685e+16
2489	5.896412e+15	8.314542e+01	1.046287e+02	8.837534e+16
2490	5.896726e+15	9.333941e+01	1.226104e+02	8.658853e+16
2491	5.897016e+15	8.030256e+01	1.034769e+02	7.096061e+16
2492	5.897324e+15	8.768260e+01	1.181036e+02	4.324681e+16
2493	5.897624e+15	8.003169e+01	1.118462e+02	6.197433e+16
2494	5.897932e+15	8.184914e+01	1.184343e+02	7.329321e+16
2495	5.898234e+15	7.988088e+01	1.147452e+02	8.127306e+16
2496	5.898539e+15	7.808856e+01	1.173119e+02	8.371168e+16
2497	5.898843e+15	7.626626e+01	1.181908e+02	6.227209e+16
2498	5.899147e+15	7.852279e+01	1.180314e+02	4.947735e+16
2499	5.899451e+15	7.766772e+01	1.180392e+02	8.565678e+16
2500	5.899753e+15	7.617938e+01	1.185590e+02	5.872596e+16
2501	5.900054e+15	7.603142e+01	1.189556e+02	6.454871e+16
2502	5.900352e+15	7.681680e+01	1.198660e+02	3.738986e+16
2503	5.900646e+15	7.310327e+01	1.161700e+02	7.079883e+16
2504	5.900944e+15	7.173381e+01	1.157397e+02	9.895073e+16
2505	5.901246e+15	7.558951e+01	1.210124e+02	8.513771e+16
2506	5.901543e+15	7.014960e+01	1.137106e+02	6.783517e+16
2507	5.901849e+15	7.300530e+01	1.214644e+02	5.299312e+16
2508	5.902146e+15	7.366290e+01	1.203183e+02	1.033630e+17
2509	5.902437e+15	7.311065e+01	1.181702e+02	3.249373e+16
2510	5.902725e+15	7.511627e+01	1.201770e+02	4.544658e+16
2511	5.903006e+15	7.727725e+01	1.197437e+02	5.644076e+16
2512	5.903283e+15	7.777700e+01	1.172220e+02	9.869926e+16
2513	5.903559e+15	7.904442e+01	1.182888e+02	4.243962e+16
2514	5.903832e+15	7.515934e+01	1.118766e+02	7.405140e+16
2515	5.904115e+15	7.792759e+01	1.166315e+02	4.908456e+16
2516	5.904399e+15	7.354794e+01	1.102403e+02	3.273624e+16
2517	5.904694e+15	8.023464e+01	1.175535e+02	4.846657e+16
2518	5.904985e+15	7.843365e+01	1.146053e+02	7.426077e+16
2519	5.905280e+15	8.098102e+01	1.194383e+02	5.332967e+16
2520	5.905571e+15	7.941231e+01	1.175787e+02	7.667758e+16
2521	5.905865e+15	7.891043e+01	1.151038e+02	8.533156e+16
2522	5.906165e+15	8.252405e+01	1.184698e+02	7.866425e+16
2523	5.906463e+15	7.901492e+01	1.149697e+02	9.213444e+16
2524	5.906768e+15	7.993145e+01	1.179887e+02	1.005505e+17
2525	5.907072e+15	7.588248e+01	1.130861e+02	9.579100e+16
2526	5.907387e+15	8.199036e+01	1.230343e+02	6.708983e+16
2527	5.907691e+15	8.316248e+01	1.237862e+02	8.260879e+16
2528	5.907988e+15	8.395450e+01	1.242369e+02	8.535757e+16
2529	5.908280e+15	7.914233e+01	1.151153e+02	1.099046e+17
2530	5.908581e+15	8.050954e+01	1.174128e+02	9.981614e+16
2531	5.908889e+15	8.312355e+01	1.198821e+02	7.371913e+16
2532	5.909201e+15	9.037102e+01	1.275683e+02	5.783614e+16
2533	5.909499e+15	8.331591e+01	1.182941e+02	5.378457e+16
2534	5.909800e+15	8.781334e+01	1.225090e+02	6.630601e+16
2535	5.910096e+15	8.831320e+01	1.211398e+02	6.941709e+16
2536	5.910387e+15	8.575921e+01	1.199323e+02	6.228372e+16
2537	5.910675e+15	8.198582e+01	1.176989e+02	9.251654e+16
2538	5.910966e+15	8.200092e+01	1.135678e+02	7.959620e+16
2539	5.911269e+15	9.030049e+01	1.265312e+02	8.525482e+16
2540	5.911560e+15	7.904437e+01	1.142638e+02	9.319287e+16
2541	5.911867e+15	8.614066e+01	1.245466e+02	6.993353e+16
2542	5.912168e+15	8.728608e+01	1.229216e+02	1.191624e+17
2543	5.912467e+15	8.505598e+01	1.207329e+02	8.354239e+16
2544	5.912771e+15	8.305438e+01	1.199510e+02	8.976051e+16
2545	5.913085e+15	8.723873e+01	1.271284e+02	8.192665e+16
2546	5.913394e+15	8.732062e+01	1.273011e+02	1.049449e+17
2547	5.913697e+15	8.458902e+01	1.282276e+02	7.277066e+16
2548	5.913998e+15	8.353378e+01	1.276645e+02	6.886283e+16
2549	5.914300e+15	8.451816e+01	1.296771e+02	1.264512e+17
2550	5.914603e+15	8.511631e+01	1.315804e+02	7.399227e+16
2551	5.914903e+15	8.457615e+01	1.307610e+02	7.496150e+16
2552	5.915203e+15	8.645776e+01	1.330301e+02	1.146016e+17
2553	5.915498e+15	8.690242e+01	1.317550e+02	6.995618e+16
2554	5.915791e+15	8.713268e+01	1.317717e+02	4.693362e+16
2555	5.916082e+15	8.443326e+01	1.240110e+02	8.761794e+16
2556	5.916380e+15	8.102423e+01	1.221579e+02	7.580394e+16
2557	5.916690e+15	8.328462e+01	1.284846e+02	9.844670e+16
2558	5.916998e+15	8.006515e+01	1.262102e+02	8.511276e+16
2559	5.917312e+15	7.193993e+01	1.125722e+02	5.537777e+16
2560	5.917660e+15	9.000197e+01	1.446906e+02	9.306600e+16
2561	5.917981e+15	8.324397e+01	1.349138e+02	7.271822e+16
2562	5.918299e+15	7.584785e+01	1.345247e+02	8.082671e+16
2563	5.918616e+15	8.309948e+01	1.452505e+02	1.237608e+17
2564	5.918914e+15	8.025760e+01	1.290864e+02	8.479679e+16
2565	5.919220e+15	8.996876e+01	1.421446e+02	9.762891e+16
2566	5.919513e+15	8.294582e+01	1.331166e+02	8.539741e+16
2567	5.919808e+15	8.378798e+01	1.325508e+02	6.069273e+16
2568	5.920106e+15	8.987909e+01	1.386471e+02	6.527837e+16
2569	5.920394e+15	8.850686e+01	1.338855e+02	6.503579e+16
2570	5.920680e+15	8.542657e+01	1.281970e+02	6.036205e+16
2571	5.920976e+15	8.880600e+01	1.357616e+02	7.585125e+16
2572	5.921268e+15	8.904648e+01	1.378380e+02	8.800309e+16
2573	5.921553e+15	8.358361e+01	1.315885e+02	6.104176e+16
2574	5.921844e+15	8.424050e+01	1.357215e+02	9.465585e+16
2575	5.922136e+15	8.292213e+01	1.327109e+02	9.548928e+16
2576	5.922432e+15	8.695767e+01	1.377312e+02	6.343222e+16
2577	5.922725e+15	8.728265e+01	1.373506e+02	9.285998e+16
2578	5.923017e+15	8.595848e+01	1.367755e+02	7.926417e+16
2579	5.923310e+15	8.620103e+01	1.352268e+02	8.029442e+16
2580	5.923604e+15	8.721791e+01	1.375827e+02	1.132332e+17
2581	5.923895e+15	8.500880e+01	1.313045e+02	7.376280e+16
2582	5.924190e+15	8.402607e+01	1.290636e+02	6.519312e+16
2583	5.924490e+15	8.235728e+01	1.229587e+02	6.783101e+16
2584	5.924805e+15	8.008544e+01	1.236765e+02	7.160560e+16
2585	5.925136e+15	9.435599e+01	1.457562e+02	9.173607e+16
2586	5.925441e+15	7.507668e+01	1.196922e+02	1.231560e+17
2587	5.925771e+15	7.938552e+01	1.350858e+02	6.894869e+16
2588	5.926097e+15	8.121853e+01	1.386351e+02	8.481615e+16
2589	5.926415e+15	8.341372e+01	1.420547e+02	1.128720e+17
2590	5.926721e+15	7.784506e+01	1.320613e+02	9.739470e+16
2591	5.927033e+15	8.332389e+01	1.387278e+02	8.345269e+16
2592	5.927342e+15	8.149871e+01	1.335206e+02	6.952152e+16
2593	5.927656e+15	8.599672e+01	1.424380e+02	5.824875e+16
2594	5.927961e+15	8.448466e+01	1.391248e+02	9.803663e+16
2595	5.928262e+15	8.465444e+01	1.384030e+02	1.105471e+17
2596	5.928558e+15	8.552901e+01	1.405289e+02	6.178521e+16
2597	5.928848e+15	8.719563e+01	1.398675e+02	8.112515e+16
2598	5.929136e+15	8.758891e+01	1.401295e+02	1.042136e+17
2599	5.929420e+15	8.226571e+01	1.348467e+02	1.087813e+17
2600	5.929712e+15	9.002775e+01	1.469644e+02	7.164762e+16
2601	5.929993e+15	8.056239e+01	1.315713e+02	8.709857e+16
2602	5.930289e+15	8.726849e+01	1.419323e+02	7.596697e+16
2603	5.930581e+15	8.293833e+01	1.360512e+02	9.670184e+16
2604	5.930882e+15	8.493393e+01	1.394945e+02	9.612289e+16
2605	5.931183e+15	8.732573e+01	1.405677e+02	8.999863e+16
2606	5.931483e+15	8.152428e+01	1.338104e+02	6.837748e+16
2607	5.931791e+15	8.643195e+01	1.413867e+02	5.823608e+16
2608	5.932097e+15	8.879325e+01	1.425479e+02	8.531651e+16
2609	5.932400e+15	8.362336e+01	1.350874e+02	1.028515e+17
2610	5.932709e+15	8.681343e+01	1.393609e+02	8.302403e+16
2611	5.933019e+15	8.334434e+01	1.345486e+02	7.894680e+16
2612	5.933336e+15	8.762921e+01	1.407898e+02	8.600301e+16
2613	5.933646e+15	8.086959e+01	1.332570e+02	7.661253e+16
2614	5.933965e+15	8.501075e+01	1.407311e+02	9.145599e+16
2615	5.934281e+15	7.973514e+01	1.330272e+02	5.686127e+16
2616	5.934610e+15	8.322868e+01	1.405112e+02	1.064854e+17
2617	5.934940e+15	9.224783e+01	1.535925e+02	1.132966e+17
2618	5.935247e+15	8.683610e+01	1.401534e+02	1.063840e+17
2619	5.935561e+15	9.632291e+01	1.552535e+02	6.242493e+16
2620	5.935858e+15	9.484907e+01	1.485851e+02	9.771121e+16
2621	5.936147e+15	9.225416e+01	1.411998e+02	8.539678e+16
2622	5.936439e+15	9.649725e+01	1.444783e+02	5.353617e+16
2623	5.936730e+15	8.959985e+01	1.404285e+02	1.113414e+17
2624	5.937031e+15	8.917873e+01	1.460001e+02	9.930190e+16
2625	5.937334e+15	8.511971e+01	1.387977e+02	7.754230e+16
2626	5.937650e+15	9.796907e+01	1.553221e+02	5.631936e+16
2627	5.937951e+15	9.933135e+01	1.498305e+02	6.863267e+16
2628	5.938245e+15	9.680365e+01	1.413914e+02	7.072499e+16
2629	5.938548e+15	9.135872e+01	1.409930e+02	6.779331e+16
2630	5.938860e+15	9.407006e+01	1.512234e+02	1.278516e+17
2631	5.939166e+15	8.834285e+01	1.401038e+02	8.309177e+16
2632	5.939480e+15	8.991579e+01	1.403293e+02	9.462576e+16
2633	5.939801e+15	9.080186e+01	1.408359e+02	7.530726e+16
2634	5.940128e+15	9.131260e+01	1.455335e+02	7.829688e+16
2635	5.940456e+15	9.483587e+01	1.503216e+02	8.779507e+16
2636	5.940779e+15	9.111170e+01	1.473642e+02	8.928449e+16
2637	5.941104e+15	9.207898e+01	1.517957e+02	1.124574e+17
2638	5.941421e+15	9.518138e+01	1.575418e+02	1.133500e+17
2639	5.941722e+15	9.145684e+01	1.513818e+02	8.295608e+16
2640	5.942020e+15	8.993155e+01	1.481355e+02	7.724710e+16
2641	5.942318e+15	8.681175e+01	1.447222e+02	6.208582e+16
2642	5.942623e+15	8.939469e+01	1.481607e+02	6.015459e+16
2643	5.942928e+15	9.648573e+01	1.575715e+02	9.420657e+16
2644	5.943220e+15	8.685978e+01	1.417545e+02	8.316550e+16
2645	5.943525e+15	9.181203e+01	1.483559e+02	5.281826e+16
2646	5.943832e+15	8.531254e+01	1.396729e+02	9.088487e+16
2647	5.944157e+15	9.589215e+01	1.604205e+02	6.683044e+16
2648	5.944469e+15	9.311023e+01	1.526070e+02	9.716381e+16
2649	5.944784e+15	9.780329e+01	1.571794e+02	1.088265e+17
2650	5.945092e+15	9.599400e+01	1.523725e+02	1.006286e+17
2651	5.945399e+15	9.227814e+01	1.437807e+02	5.995403e+16
2652	5.945719e+15	1.059110e+02	1.603624e+02	9.736569e+16
2653	5.946026e+15	1.033945e+02	1.522173e+02	1.390511e+17
2654	5.946334e+15	1.034529e+02	1.451774e+02	9.403081e+16
2655	5.946650e+15	1.118266e+02	1.540941e+02	9.564019e+16
2656	5.946960e+15	1.112109e+02	1.531197e+02	8.303282e+16
2657	5.947265e+15	1.084841e+02	1.515780e+02	9.437934e+16
2658	5.947572e+15	1.094131e+02	1.535339e+02	7.983195e+16
2659	5.947878e+15	1.113631e+02	1.582806e+02	8.197085e+16
2660	5.948176e+15	1.032336e+02	1.451292e+02	1.096300e+17
2661	5.948484e+15	1.139037e+02	1.594734e+02	6.023124e+16
2662	5.948781e+15	1.043213e+02	1.460264e+02	6.415238e+16
2663	5.949086e+15	1.096217e+02	1.515648e+02	8.896779e+16
2664	5.949386e+15	1.045535e+02	1.400286e+02	6.669143e+16
2665	5.949697e+15	1.080102e+02	1.464097e+02	8.333521e+16
2666	5.950009e+15	1.097913e+02	1.543096e+02	8.016940e+16
2667	5.950311e+15	1.032998e+02	1.454902e+02	9.681573e+16
2668	5.950620e+15	1.083124e+02	1.533609e+02	1.174929e+17
2669	5.950925e+15	1.040690e+02	1.514734e+02	8.630453e+16
2670	5.951231e+15	1.012670e+02	1.492741e+02	1.004644e+17
2671	5.951543e+15	1.024747e+02	1.564867e+02	8.806208e+16
2672	5.951853e+15	1.009241e+02	1.556662e+02	9.318256e+16
2673	5.952164e+15	1.001367e+02	1.547557e+02	9.151819e+16
2674	5.952478e+15	1.000472e+02	1.554267e+02	1.067101e+17
2675	5.952791e+15	1.018143e+02	1.519764e+02	1.175943e+17
2676	5.953108e+15	1.043022e+02	1.556891e+02	9.251801e+16
2677	5.953421e+15	1.004913e+02	1.530533e+02	9.265373e+16
2678	5.953736e+15	1.048728e+02	1.577010e+02	8.434939e+16
2679	5.954044e+15	1.073624e+02	1.568594e+02	1.285040e+17
2680	5.954345e+15	1.060463e+02	1.537251e+02	1.014056e+17
2681	5.954643e+15	1.092668e+02	1.528928e+02	8.668283e+16
2682	5.954938e+15	1.100509e+02	1.525175e+02	9.162775e+16
2683	5.955229e+15	1.020702e+02	1.422185e+02	1.042356e+17
2684	5.955532e+15	1.073258e+02	1.495887e+02	9.079066e+16
2685	5.955838e+15	1.173316e+02	1.581008e+02	1.033284e+17
2686	5.956131e+15	1.011492e+02	1.383731e+02	9.616827e+16
2687	5.956442e+15	1.128715e+02	1.567585e+02	1.144262e+17
2688	5.956741e+15	1.136184e+02	1.528428e+02	8.956812e+16
2689	5.957030e+15	1.037283e+02	1.405028e+02	6.510693e+16
2690	5.957328e+15	1.115355e+02	1.463763e+02	9.175660e+16
2691	5.957623e+15	1.084998e+02	1.398437e+02	7.498080e+16
2692	5.957927e+15	1.163588e+02	1.547413e+02	7.287012e+16
2693	5.958218e+15	1.060992e+02	1.456782e+02	6.438556e+16
2694	5.958514e+15	1.097005e+02	1.539015e+02	6.313416e+16
2695	5.958802e+15	1.116725e+02	1.548424e+02	7.309304e+16
2696	5.959081e+15	1.056232e+02	1.447606e+02	8.758084e+16
2697	5.959369e+15	1.057399e+02	1.442796e+02	5.657490e+16
2698	5.959664e+15	1.047440e+02	1.460545e+02	1.166620e+17
2699	5.959965e+15	1.071780e+02	1.482793e+02	6.053907e+16
2700	5.960270e+15	1.135778e+02	1.561873e+02	7.709726e+16
2701	5.960565e+15	1.113169e+02	1.528191e+02	7.329550e+16
2702	5.960859e+15	1.117825e+02	1.544475e+02	4.246891e+16
2703	5.961150e+15	1.130590e+02	1.566054e+02	7.265553e+16
2704	5.961435e+15	1.079736e+02	1.486251e+02	7.084517e+16
2705	5.961725e+15	1.171067e+02	1.607798e+02	7.441139e+16
2706	5.962003e+15	1.151520e+02	1.564503e+02	5.061109e+16
2707	5.962279e+15	1.029500e+02	1.404990e+02	7.617845e+16
2708	5.962576e+15	1.189830e+02	1.656228e+02	1.114986e+17
2709	5.962859e+15	9.749935e+01	1.362026e+02	5.533448e+16
2710	5.963171e+15	1.096652e+02	1.585314e+02	8.275316e+16
2711	5.963478e+15	1.113996e+02	1.609719e+02	9.909425e+16
2712	5.963778e+15	1.026494e+02	1.496564e+02	5.844533e+16
2713	5.964089e+15	1.076359e+02	1.554078e+02	7.952228e+16
2714	5.964397e+15	1.115781e+02	1.572870e+02	8.412050e+16
2715	5.964698e+15	1.094869e+02	1.534046e+02	5.657991e+16
2716	5.964996e+15	1.085919e+02	1.500112e+02	5.971326e+16
2717	5.965294e+15	1.035203e+02	1.486127e+02	7.768944e+16
2718	5.965595e+15	1.031149e+02	1.518612e+02	7.681069e+16
2719	5.965892e+15	1.004007e+02	1.422747e+02	9.322998e+16
2720	5.966201e+15	1.106347e+02	1.542624e+02	6.240998e+16
2721	5.966499e+15	1.022674e+02	1.430640e+02	6.024968e+16
2722	5.966805e+15	1.129143e+02	1.556544e+02	3.809172e+16
2723	5.967097e+15	1.217701e+02	1.609675e+02	1.002784e+17
2724	5.967370e+15	1.095780e+02	1.403865e+02	6.743034e+16
2725	5.967655e+15	1.134444e+02	1.478146e+02	3.640905e+16
2726	5.967940e+15	1.061067e+02	1.431031e+02	7.274513e+16
2727	5.968232e+15	1.067656e+02	1.467627e+02	5.143427e+16
2728	5.968533e+15	1.082578e+02	1.508508e+02	9.737249e+16
2729	5.968833e+15	1.048927e+02	1.472337e+02	6.131708e+16
2730	5.969138e+15	1.098739e+02	1.492438e+02	7.220025e+16
2731	5.969444e+15	1.118285e+02	1.530599e+02	8.014810e+16
2732	5.969748e+15	1.083652e+02	1.500005e+02	7.129791e+16
2733	5.970054e+15	1.069022e+02	1.500225e+02	7.758788e+16
2734	5.970366e+15	1.053497e+02	1.460586e+02	9.274574e+16
2735	5.970690e+15	1.106184e+02	1.520631e+02	1.074441e+17
2736	5.971014e+15	1.127259e+02	1.540717e+02	8.477276e+16
2737	5.971336e+15	1.139824e+02	1.547244e+02	6.997896e+16
2738	5.971656e+15	1.113942e+02	1.520350e+02	1.049253e+17
2739	5.971980e+15	1.124498e+02	1.529935e+02	1.170721e+17
2740	5.972304e+15	1.146510e+02	1.571395e+02	1.052050e+17
2741	5.972620e+15	1.111100e+02	1.533198e+02	9.391940e+16
2742	5.972934e+15	1.068687e+02	1.487451e+02	7.740466e+16
2743	5.973250e+15	1.055274e+02	1.429373e+02	9.403560e+16
2744	5.973575e+15	1.078774e+02	1.423161e+02	1.142114e+17
2745	5.973908e+15	1.120773e+02	1.454209e+02	8.457209e+16
2746	5.974243e+15	1.067985e+02	1.406837e+02	7.545152e+16
2747	5.974590e+15	1.150518e+02	1.523388e+02	5.792306e+16
2748	5.974931e+15	1.067854e+02	1.436833e+02	9.557755e+16
2749	5.975281e+15	1.119409e+02	1.516678e+02	9.566247e+16
2750	5.975627e+15	1.080624e+02	1.521598e+02	8.398120e+16
2751	5.975971e+15	1.091287e+02	1.589589e+02	8.952879e+16
2752	5.976304e+15	9.884143e+01	1.466168e+02	7.336171e+16
2753	5.976652e+15	1.096380e+02	1.635618e+02	7.771442e+16
2754	5.976986e+15	9.945455e+01	1.512416e+02	9.435187e+16
2755	5.977330e+15	1.075122e+02	1.653244e+02	1.137770e+17
2756	5.977661e+15	1.072432e+02	1.622775e+02	7.651862e+16
2757	5.977985e+15	1.096025e+02	1.654846e+02	4.541894e+16
2758	5.978299e+15	1.051609e+02	1.579783e+02	7.234714e+16
2759	5.978617e+15	1.049806e+02	1.573762e+02	5.987167e+16
2760	5.978941e+15	1.042068e+02	1.568667e+02	8.141577e+16
2761	5.979271e+15	1.042050e+02	1.570591e+02	7.239485e+16
2762	5.979605e+15	1.016202e+02	1.516871e+02	5.221761e+16
2763	5.979950e+15	1.106409e+02	1.646648e+02	1.114453e+17
2764	5.980283e+15	1.049113e+02	1.538063e+02	8.239403e+16
2765	5.980626e+15	9.445261e+01	1.397009e+02	9.009744e+16
2766	5.981005e+15	1.103584e+02	1.660521e+02	7.351618e+16
2767	5.981369e+15	1.024199e+02	1.542951e+02	7.959222e+16
2768	5.981741e+15	1.068071e+02	1.608538e+02	5.974082e+16
2769	5.982113e+15	1.107031e+02	1.675229e+02	7.596192e+16
2770	5.982468e+15	1.094204e+02	1.660486e+02	8.162844e+16
2771	5.982810e+15	1.038296e+02	1.540908e+02	7.389185e+16
2772	5.983159e+15	1.092095e+02	1.591803e+02	8.426205e+16
2773	5.983503e+15	1.036252e+02	1.482298e+02	8.183027e+16
2774	5.983863e+15	1.113627e+02	1.581732e+02	5.763863e+16
2775	5.984219e+15	1.056768e+02	1.511324e+02	8.316554e+16
2776	5.984580e+15	1.181375e+02	1.642169e+02	8.955249e+16
2777	5.984919e+15	1.180326e+02	1.495731e+02	8.067377e+16
2778	5.985259e+15	1.216195e+02	1.500425e+02	8.309234e+16
2779	5.985595e+15	1.194512e+02	1.447929e+02	6.432350e+16
2780	5.985931e+15	1.275810e+02	1.472172e+02	7.138633e+16
2781	5.986259e+15	1.291736e+02	1.482611e+02	4.522465e+16
2782	5.986573e+15	1.171622e+02	1.275736e+02	6.988415e+16
2783	5.986903e+15	1.235620e+02	1.348571e+02	6.285170e+16
2784	5.987234e+15	1.201943e+02	1.309257e+02	8.104737e+16
2785	5.987571e+15	1.306742e+02	1.415239e+02	7.785557e+16
2786	5.987894e+15	1.127554e+02	1.234591e+02	5.964579e+16
2787	5.988241e+15	1.224200e+02	1.418202e+02	9.417114e+16
2788	5.988581e+15	1.219655e+02	1.399448e+02	9.608495e+16
2789	5.988918e+15	1.187796e+02	1.415338e+02	7.690636e+16
2790	5.989254e+15	1.279210e+02	1.477027e+02	1.059188e+17
2791	5.989578e+15	1.300291e+02	1.477177e+02	9.941944e+16
2792	5.989896e+15	1.301879e+02	1.429645e+02	8.897348e+16
2793	5.990212e+15	1.289319e+02	1.407907e+02	8.595621e+16
2794	5.990531e+15	1.277292e+02	1.411430e+02	8.622993e+16
2795	5.990848e+15	1.265171e+02	1.356842e+02	9.947526e+16
2796	5.991166e+15	1.294829e+02	1.346822e+02	8.347030e+16
2797	5.991478e+15	1.127617e+02	1.145795e+02	6.831383e+16
2798	5.991813e+15	1.263409e+02	1.247384e+02	9.616853e+16
2799	5.992147e+15	1.464161e+02	1.360319e+02	8.098053e+16
2800	5.992456e+15	1.281382e+02	1.161066e+02	7.371904e+16
2801	5.992779e+15	1.421346e+02	1.250783e+02	8.816877e+16
2802	5.993093e+15	1.386009e+02	1.186130e+02	8.435590e+16
2803	5.993408e+15	1.305796e+02	1.146837e+02	1.009149e+17
2804	5.993735e+15	1.398876e+02	1.250780e+02	1.025932e+17
2805	5.994055e+15	1.309466e+02	1.176648e+02	7.384940e+16
2806	5.994384e+15	1.429949e+02	1.275312e+02	9.480424e+16
2807	5.994698e+15	1.434675e+02	1.258587e+02	1.083022e+17
2808	5.995006e+15	1.405207e+02	1.243115e+02	1.000245e+17
2809	5.995312e+15	1.298060e+02	1.201913e+02	8.938198e+16
2810	5.995627e+15	1.352486e+02	1.259730e+02	9.170306e+16
2811	5.995939e+15	1.289995e+02	1.252423e+02	7.942501e+16
2812	5.996251e+15	1.269837e+02	1.238403e+02	9.350374e+16
2813	5.996568e+15	1.224208e+02	1.194218e+02	6.985765e+16
2814	5.996894e+15	1.322124e+02	1.274952e+02	7.603160e+16
2815	5.997212e+15	1.222590e+02	1.172811e+02	8.578598e+16
2816	5.997541e+15	1.194593e+02	1.183048e+02	6.793682e+16
2817	5.997877e+15	1.206520e+02	1.199910e+02	5.839682e+16
2818	5.998216e+15	1.139898e+02	1.142392e+02	7.755442e+16
2819	5.998568e+15	1.201972e+02	1.177199e+02	9.558206e+16
2820	5.998920e+15	1.146023e+02	1.141263e+02	8.031054e+16
2821	5.999282e+15	1.020005e+02	1.035848e+02	7.191665e+16
2822	5.999681e+15	1.143573e+02	1.218828e+02	4.436599e+16
2823	6.000066e+15	1.115447e+02	1.223492e+02	3.811050e+16
2824	6.000440e+15	1.081515e+02	1.182269e+02	2.959841e+16
2825	6.000814e+15	1.065517e+02	1.161185e+02	4.365483e+16
2826	6.001192e+15	1.062015e+02	1.201852e+02	4.747386e+16
2827	6.001572e+15	1.009115e+02	1.093497e+02	5.054607e+16
2828	6.001992e+15	1.091230e+02	1.200496e+02	5.903857e+16
2829	6.002423e+15	1.111774e+02	1.263989e+02	7.046533e+16
2830	6.002852e+15	1.075503e+02	1.248767e+02	8.070720e+16
2831	6.003290e+15	1.190442e+02	1.358892e+02	8.353860e+16
2832	6.003710e+15	1.265425e+02	1.385802e+02	1.006059e+17
2833	6.004109e+15	1.140013e+02	1.239315e+02	1.040788e+17
2834	6.004526e+15	1.168326e+02	1.300479e+02	8.314079e+16
2835	6.004945e+15	1.162190e+02	1.321849e+02	1.106398e+17
2836	6.005353e+15	9.900731e+01	1.173913e+02	1.630015e+17
2837	6.005784e+15	1.093056e+02	1.271667e+02	1.466556e+17
2838	6.006204e+15	9.856930e+01	1.100559e+02	1.159811e+17
2839	6.006658e+15	1.152593e+02	1.206655e+02	1.523490e+17
2840	6.007119e+15	1.296939e+02	1.318876e+02	1.448107e+17
2841	6.007571e+15	1.410069e+02	1.377778e+02	2.076342e+17
2842	6.008012e+15	1.445032e+02	1.426620e+02	1.459525e+17
2843	6.008441e+15	1.409145e+02	1.390344e+02	1.380022e+17
2844	6.008866e+15	1.477585e+02	1.424592e+02	1.210798e+17
2845	6.009281e+15	1.398111e+02	1.441773e+02	6.112128e+16
2846	6.009684e+15	1.332718e+02	1.416042e+02	9.079135e+16
2847	6.010085e+15	1.234116e+02	1.377925e+02	9.136740e+16
2848	6.010495e+15	1.197090e+02	1.425764e+02	8.708420e+16
2849	6.010900e+15	1.111368e+02	1.328038e+02	6.585954e+16
2850	6.011310e+15	1.051034e+02	1.309057e+02	9.770719e+16
2851	6.011725e+15	1.088641e+02	1.387912e+02	8.050555e+16
2852	6.012117e+15	9.786951e+01	1.233286e+02	8.800587e+16
2853	6.012523e+15	1.080796e+02	1.354895e+02	8.974817e+16
2854	6.012913e+15	1.059456e+02	1.287035e+02	1.078222e+17
2855	6.013297e+15	1.096631e+02	1.319110e+02	5.697196e+16
2856	6.013670e+15	1.098445e+02	1.247578e+02	8.771848e+16
2857	6.014046e+15	1.208011e+02	1.276818e+02	8.351107e+16
2858	6.014418e+15	1.284171e+02	1.246304e+02	9.164409e+16
2859	6.014788e+15	1.311797e+02	1.176227e+02	4.966514e+16
2860	6.015167e+15	1.456869e+02	1.243673e+02	6.992277e+16
2861	6.015534e+15	1.426307e+02	1.228683e+02	8.710143e+16
2862	6.015896e+15	1.335004e+02	1.212593e+02	1.249512e+17
2863	6.016258e+15	1.344570e+02	1.275265e+02	1.210060e+17
2864	6.016611e+15	1.255660e+02	1.252635e+02	1.005287e+17
2865	6.016964e+15	1.313424e+02	1.319421e+02	1.226309e+17
2866	6.017309e+15	1.235581e+02	1.286504e+02	1.097607e+17
2867	6.017657e+15	1.226868e+02	1.328477e+02	1.016955e+17
2868	6.018005e+15	1.118940e+02	1.213424e+02	8.300669e+16
2869	6.018378e+15	1.136235e+02	1.273289e+02	7.712570e+16
2870	6.018761e+15	1.324331e+02	1.410616e+02	7.896907e+16
2871	6.019115e+15	1.172475e+02	1.221293e+02	8.327900e+16
2872	6.019473e+15	1.184733e+02	1.206977e+02	6.953989e+16
2873	6.019830e+15	1.119088e+02	1.138816e+02	7.572413e+16
2874	6.020208e+15	1.364093e+02	1.362075e+02	6.087219e+16
2875	6.020552e+15	1.112843e+02	1.085130e+02	1.026736e+17
2876	6.020918e+15	1.294434e+02	1.262020e+02	4.594151e+16
2877	6.021263e+15	1.047690e+02	1.023102e+02	5.750591e+16
2878	6.021645e+15	1.238303e+02	1.204302e+02	7.607414e+16
2879	6.022020e+15	1.214804e+02	1.210922e+02	6.913704e+16
2880	6.022390e+15	1.215697e+02	1.218772e+02	5.369597e+16
2881	6.022755e+15	1.222619e+02	1.224649e+02	8.449564e+16
2882	6.023115e+15	1.225982e+02	1.221746e+02	6.019321e+16
2883	6.023466e+15	1.204256e+02	1.180273e+02	8.808389e+16
2884	6.023819e+15	1.225276e+02	1.200216e+02	7.275352e+16
2885	6.024169e+15	1.250811e+02	1.230855e+02	7.461682e+16
2886	6.024510e+15	1.235973e+02	1.219364e+02	7.966592e+16
2887	6.024844e+15	1.233328e+02	1.198488e+02	6.283730e+16
2888	6.025178e+15	1.197569e+02	1.161172e+02	8.373695e+16
2889	6.025515e+15	1.218523e+02	1.161103e+02	5.972203e+16
2890	6.025857e+15	1.172808e+02	1.097303e+02	6.735412e+16
2891	6.026217e+15	1.322365e+02	1.199268e+02	8.293175e+16
2892	6.026565e+15	1.148078e+02	1.030068e+02	6.453731e+16
2893	6.026940e+15	1.305117e+02	1.178603e+02	7.194535e+16
2894	6.027304e+15	1.301543e+02	1.179661e+02	7.206436e+16
2895	6.027658e+15	1.281150e+02	1.130735e+02	7.037874e+16
2896	6.028014e+15	1.259251e+02	1.115739e+02	7.535642e+16
2897	6.028374e+15	1.233712e+02	1.104317e+02	7.514464e+16
2898	6.028741e+15	1.256955e+02	1.150716e+02	9.885098e+16
2899	6.029107e+15	1.237378e+02	1.162542e+02	7.069230e+16
2900	6.029470e+15	1.242073e+02	1.161060e+02	8.350458e+16
2901	6.029831e+15	1.128848e+02	1.084940e+02	6.565616e+16
2902	6.030211e+15	1.186640e+02	1.157547e+02	7.520592e+16
2903	6.030588e+15	1.221624e+02	1.165771e+02	9.370914e+16
2904	6.030955e+15	1.127231e+02	1.097821e+02	6.808924e+16
2905	6.031325e+15	1.157512e+02	1.107109e+02	4.815442e+16
2906	6.031694e+15	1.213131e+02	1.139991e+02	5.496174e+16
2907	6.032050e+15	1.102291e+02	1.041446e+02	4.408949e+16
2908	6.032424e+15	1.153506e+02	1.086183e+02	8.867373e+16
2909	6.032800e+15	1.198375e+02	1.102818e+02	8.216329e+16
2910	6.033170e+15	1.160522e+02	1.058873e+02	6.469573e+16
2911	6.033542e+15	1.221823e+02	1.085513e+02	3.693752e+16
2912	6.033907e+15	1.245984e+02	1.100057e+02	5.739620e+16
2913	6.034264e+15	1.222611e+02	1.060907e+02	8.981168e+16
2914	6.034622e+15	1.230333e+02	1.056973e+02	6.824125e+16
2915	6.034980e+15	1.218296e+02	1.049112e+02	6.469639e+16
2916	6.035339e+15	1.184510e+02	1.010644e+02	8.087542e+16
2917	6.035706e+15	1.147981e+02	9.881867e+01	7.967242e+16
2918	6.036087e+15	1.090469e+02	9.570987e+01	7.392781e+16
2919	6.036493e+15	1.142886e+02	1.024478e+02	7.719282e+16
2920	6.036905e+15	1.136114e+02	1.023266e+02	8.345421e+16
2921	6.037321e+15	1.151011e+02	1.005070e+02	7.733249e+16
2922	6.037743e+15	1.135485e+02	1.006147e+02	4.759177e+16
2923	6.038166e+15	1.155347e+02	1.001332e+02	8.510493e+16
2924	6.038583e+15	1.153950e+02	9.827720e+01	5.396819e+16
2925	6.038990e+15	1.212262e+02	9.929589e+01	8.912693e+16
2926	6.039378e+15	1.125758e+02	9.144687e+01	6.051698e+16
2927	6.039770e+15	1.153882e+02	9.302361e+01	7.204608e+16
2928	6.040158e+15	1.114326e+02	9.010467e+01	7.346753e+16
2929	6.040555e+15	1.051059e+02	8.783623e+01	5.628246e+16
2930	6.040969e+15	1.160084e+02	9.547294e+01	9.155667e+16
2931	6.041373e+15	8.884074e+01	7.358146e+01	6.816221e+16
2932	6.041855e+15	1.197938e+02	1.017016e+02	7.337462e+16
2933	6.042302e+15	1.054565e+02	8.670254e+01	5.507423e+16
2934	6.042759e+15	1.091211e+02	8.957471e+01	5.370122e+16
2935	6.043212e+15	9.561188e+01	8.040299e+01	8.114986e+16
2936	6.043704e+15	1.188948e+02	9.918429e+01	8.152628e+16
2937	6.044155e+15	9.893320e+01	8.221006e+01	6.144443e+16
2938	6.044640e+15	1.084575e+02	8.693919e+01	8.819715e+16
2939	6.045134e+15	1.056397e+02	8.520348e+01	6.161764e+16
2940	6.045646e+15	1.088185e+02	8.887516e+01	6.673282e+16
2941	6.046151e+15	1.132784e+02	9.148892e+01	1.014617e+17
2942	6.046629e+15	1.103350e+02	8.443911e+01	1.021987e+17
2943	6.047104e+15	1.152124e+02	8.709410e+01	5.381088e+16
2944	6.047562e+15	1.168612e+02	8.849212e+01	7.102105e+16
2945	6.048000e+15	1.182298e+02	8.997633e+01	1.084850e+17
2946	6.048420e+15	1.137972e+02	8.363467e+01	1.037722e+17
2947	6.048844e+15	1.129741e+02	8.569378e+01	7.583355e+16
2948	6.049267e+15	1.115388e+02	8.567679e+01	8.275634e+16
2949	6.049686e+15	1.097338e+02	8.552704e+01	8.676932e+16
2950	6.050106e+15	1.311655e+02	9.738038e+01	8.213711e+16
2951	6.050487e+15	1.168597e+02	8.471267e+01	9.682441e+16
2952	6.050879e+15	1.251973e+02	8.879809e+01	9.205219e+16
2953	6.051263e+15	1.255944e+02	8.772290e+01	7.474405e+16
2954	6.051641e+15	1.165747e+02	8.079930e+01	6.956644e+16
2955	6.052032e+15	1.246489e+02	8.458226e+01	8.042502e+16
2956	6.052413e+15	1.248241e+02	8.062526e+01	4.920119e+16
2957	6.052788e+15	1.138111e+02	7.147561e+01	4.630570e+16
2958	6.053184e+15	1.196737e+02	7.196648e+01	7.065344e+16
2959	6.053585e+15	1.139363e+02	6.999136e+01	4.016802e+16
2960	6.053998e+15	1.122234e+02	7.075771e+01	6.687870e+16
2961	6.054415e+15	1.069923e+02	6.960877e+01	7.901103e+16
2962	6.054836e+15	1.017939e+02	6.687772e+01	4.089588e+16
2963	6.055279e+15	1.046394e+02	6.852656e+01	6.106642e+16
2964	6.055731e+15	9.985433e+01	6.610511e+01	5.975049e+16
2965	6.056204e+15	1.102282e+02	7.252431e+01	4.918676e+16
2966	6.056661e+15	1.121841e+02	7.238984e+01	4.848289e+16
2967	6.057106e+15	1.142214e+02	7.380294e+01	6.229160e+16
2968	6.057532e+15	1.091552e+02	7.055040e+01	4.837249e+16
2969	6.057950e+15	1.119346e+02	7.057371e+01	7.286265e+16
2970	6.058354e+15	1.168945e+02	7.386793e+01	5.178871e+16
2971	6.058728e+15	1.116898e+02	7.065470e+01	5.566142e+16
2972	6.059090e+15	1.091695e+02	6.924711e+01	4.230721e+16
2973	6.059445e+15	1.067166e+02	6.921020e+01	5.643282e+16
2974	6.059794e+15	1.001543e+02	6.499799e+01	5.505129e+16
2975	6.060153e+15	1.021359e+02	6.934282e+01	8.666400e+16
2976	6.060509e+15	9.544326e+01	6.767579e+01	4.422898e+16
2977	6.060872e+15	9.607546e+01	6.942718e+01	6.387828e+16
2978	6.061232e+15	9.007203e+01	6.890625e+01	5.742308e+16
2979	6.061600e+15	8.909768e+01	6.956245e+01	5.808792e+16
2980	6.061975e+15	8.847814e+01	6.822805e+01	7.203141e+16
2981	6.062357e+15	8.759745e+01	6.491415e+01	5.232421e+16
2982	6.062760e+15	1.011191e+02	7.077503e+01	6.555472e+16
2983	6.063148e+15	9.533796e+01	6.534763e+01	5.916822e+16
2984	6.063541e+15	8.974270e+01	6.288136e+01	5.661173e+16
2985	6.063954e+15	1.012208e+02	6.772754e+01	3.714883e+16
2986	6.064358e+15	8.672872e+01	5.789889e+01	5.733826e+16
2987	6.064799e+15	7.746732e+01	5.226262e+01	3.473134e+16
2988	6.065316e+15	1.117259e+02	6.911173e+01	6.266200e+16
2989	6.065790e+15	9.218525e+01	5.771563e+01	3.792301e+16
2990	6.066291e+15	1.089444e+02	6.821433e+01	7.560728e+16
2991	6.066755e+15	9.780601e+01	6.258514e+01	6.613589e+16
2992	6.067221e+15	9.698602e+01	6.259812e+01	4.779592e+16
2993	6.067691e+15	1.114867e+02	7.241554e+01	7.354320e+16
2994	6.068114e+15	9.625240e+01	6.314741e+01	5.152536e+16
2995	6.068548e+15	1.007255e+02	6.668807e+01	3.223440e+16
2996	6.068978e+15	9.728296e+01	6.564663e+01	7.121424e+16
2997	6.069411e+15	1.017703e+02	6.734655e+01	5.186627e+16
2998	6.069833e+15	9.085797e+01	5.996424e+01	3.652439e+16
2999	6.070275e+15	9.723478e+01	6.475589e+01	7.091078e+16
3000	6.070708e+15	9.473088e+01	6.460959e+01	5.277357e+16
3001	6.071133e+15	8.874993e+01	6.005420e+01	5.668255e+16
3002	6.071573e+15	8.497120e+01	5.596192e+01	5.645844e+16
3003	6.072043e+15	8.757883e+01	5.850372e+01	5.777962e+16
3004	6.072530e+15	8.936430e+01	6.155888e+01	7.180861e+16
3005	6.073020e+15	9.335188e+01	6.421020e+01	8.711504e+16
3006	6.073505e+15	9.132683e+01	6.104723e+01	1.003456e+17
3007	6.074003e+15	9.474619e+01	6.522038e+01	8.801794e+16
3008	6.074490e+15	8.137839e+01	5.661846e+01	8.036616e+16
3009	6.075023e+15	9.199418e+01	6.482080e+01	1.289847e+17
3010	6.075556e+15	1.034472e+02	7.099941e+01	1.010063e+17
3011	6.076043e+15	8.544833e+01	5.647260e+01	9.978579e+16
3012	6.076561e+15	9.655431e+01	6.273158e+01	7.332087e+16
3013	6.077052e+15	9.270332e+01	5.808024e+01	6.230674e+16
3014	6.077539e+15	9.134021e+01	5.564701e+01	6.190678e+16
3015	6.078027e+15	9.080672e+01	5.408949e+01	7.713550e+16
3016	6.078523e+15	8.975065e+01	5.487717e+01	3.998849e+16
3017	6.079023e+15	9.350957e+01	5.796570e+01	8.841268e+16
3018	6.079513e+15	9.274471e+01	5.897687e+01	5.400725e+16
3019	6.079992e+15	9.144938e+01	5.943438e+01	6.521254e+16
3020	6.080471e+15	9.345407e+01	6.370181e+01	3.634111e+16
3021	6.080937e+15	8.524907e+01	5.821561e+01	5.455374e+16
3022	6.081428e+15	8.862149e+01	6.037327e+01	4.886295e+16
3023	6.081924e+15	9.728559e+01	6.553006e+01	4.935761e+16
3024	6.082391e+15	8.377317e+01	5.668336e+01	5.219060e+16
3025	6.082888e+15	9.673316e+01	6.401112e+01	5.859713e+16
3026	6.083363e+15	8.092791e+01	5.140264e+01	5.209383e+16
3027	6.083882e+15	9.048075e+01	5.688680e+01	3.814373e+16
3028	6.084404e+15	1.028159e+02	6.172098e+01	4.310752e+16
3029	6.084896e+15	9.576784e+01	5.698034e+01	3.436764e+16
3030	6.085390e+15	1.003548e+02	5.985738e+01	4.400276e+16
3031	6.085870e+15	9.687680e+01	5.827709e+01	5.348053e+16
3032	6.086347e+15	1.014477e+02	6.172421e+01	8.225636e+16
3033	6.086798e+15	8.930597e+01	5.790684e+01	8.228687e+16
3034	6.087248e+15	8.955737e+01	5.972949e+01	6.309998e+16
3035	6.087689e+15	8.711319e+01	5.676775e+01	5.982120e+16
3036	6.088141e+15	9.840627e+01	5.942799e+01	6.974504e+16
3037	6.088578e+15	9.320460e+01	5.216747e+01	5.427740e+16
3038	6.089037e+15	9.959034e+01	5.378215e+01	5.956224e+16
3039	6.089502e+15	1.148770e+02	5.868494e+01	6.303298e+16
3040	6.089932e+15	1.061048e+02	5.160570e+01	4.530000e+16
3041	6.090368e+15	1.128856e+02	5.344276e+01	5.249807e+16
3042	6.090792e+15	1.140184e+02	5.202251e+01	4.485375e+16
3043	6.091206e+15	1.137997e+02	5.040802e+01	5.680213e+16
3044	6.091619e+15	1.125909e+02	4.993999e+01	3.724315e+16
3045	6.092033e+15	1.107035e+02	4.820591e+01	4.760333e+16
3046	6.092455e+15	1.111236e+02	4.825956e+01	5.909637e+16
3047	6.092881e+15	1.044079e+02	4.688106e+01	3.264361e+16
3048	6.093330e+15	1.160543e+02	5.407648e+01	4.610209e+16
3049	6.093759e+15	1.085898e+02	4.952283e+01	7.990548e+16
3050	6.094197e+15	1.080504e+02	4.996404e+01	7.034663e+16
3051	6.094643e+15	1.090627e+02	5.134916e+01	6.557079e+16
3052	6.095083e+15	1.089316e+02	5.028377e+01	8.228021e+16
3053	6.095518e+15	1.058760e+02	4.757289e+01	4.854265e+16
3054	6.095959e+15	1.084444e+02	4.868320e+01	7.517338e+16
3055	6.096399e+15	1.025936e+02	4.726972e+01	5.778780e+16
3056	6.096849e+15	1.076424e+02	5.010123e+01	4.678867e+16
3057	6.097288e+15	1.013705e+02	4.735448e+01	4.068920e+16
3058	6.097735e+15	1.044706e+02	4.829798e+01	5.720480e+16
3059	6.098185e+15	1.087205e+02	5.221685e+01	4.794942e+16
3060	6.098617e+15	1.010091e+02	5.059433e+01	5.134576e+16
3061	6.099054e+15	9.822500e+01	5.060574e+01	5.156450e+16
3062	6.099501e+15	1.008023e+02	5.264421e+01	4.634630e+16
3063	6.099943e+15	9.678802e+01	5.149671e+01	3.098888e+16
3064	6.100382e+15	9.476564e+01	5.054743e+01	3.587503e+16
3065	6.100819e+15	9.484617e+01	4.939513e+01	3.368729e+16
3066	6.101253e+15	9.900025e+01	5.087016e+01	4.699369e+16
3067	6.101670e+15	9.275072e+01	4.900156e+01	4.056149e+16
3068	6.102088e+15	9.047056e+01	4.844194e+01	4.208475e+16
3069	6.102511e+15	9.759000e+01	5.155959e+01	4.605339e+16
3070	6.102916e+15	9.214307e+01	4.803641e+01	4.507531e+16
3071	6.103327e+15	9.256376e+01	4.513254e+01	2.115715e+16
3072	6.103757e+15	1.038713e+02	4.908286e+01	3.617819e+16
3073	6.104166e+15	8.087079e+01	3.850508e+01	2.819879e+16
3074	6.104633e+15	9.288296e+01	4.505393e+01	6.828927e+16
3075	6.105100e+15	9.706346e+01	4.718114e+01	5.163308e+16
3076	6.105547e+15	8.891202e+01	4.384334e+01	6.079523e+16
3077	6.106001e+15	9.472989e+01	4.539404e+01	4.664748e+16
3078	6.106445e+15	8.967675e+01	4.106795e+01	4.970526e+16
3079	6.106906e+15	9.155355e+01	4.044686e+01	5.280328e+16
3080	6.107385e+15	8.540463e+01	3.723850e+01	4.448912e+16
3081	6.107909e+15	9.873143e+01	4.324155e+01	4.218805e+16
3082	6.108424e+15	8.797486e+01	4.091962e+01	6.455300e+16
3083	6.108959e+15	9.016053e+01	4.356897e+01	6.207863e+16
3084	6.109493e+15	9.924706e+01	5.069721e+01	5.853880e+16
3085	6.109970e+15	8.515863e+01	4.557319e+01	5.134876e+16
3086	6.110442e+15	7.809889e+01	4.400643e+01	4.703052e+16
3087	6.110925e+15	7.815425e+01	4.745601e+01	5.223975e+16
3088	6.111395e+15	6.812100e+01	4.426235e+01	3.759729e+16
3089	6.111886e+15	7.050434e+01	4.783358e+01	6.242516e+16
3090	6.112371e+15	7.145241e+01	4.901088e+01	6.573368e+16
3091	6.112844e+15	7.469613e+01	5.243515e+01	5.367910e+16
3092	6.113290e+15	7.009102e+01	4.941946e+01	7.896161e+16
3093	6.113739e+15	6.729892e+01	4.794973e+01	8.143305e+16
3094	6.114201e+15	6.318006e+01	4.504079e+01	8.419003e+16
3095	6.114697e+15	7.519965e+01	5.234310e+01	1.003669e+17
3096	6.115162e+15	5.334990e+01	3.794688e+01	5.468714e+16
3097	6.115720e+15	7.040541e+01	5.146911e+01	9.570158e+16
3098	6.116249e+15	6.289990e+01	4.491734e+01	4.573253e+16
3099	6.116810e+15	6.180011e+01	4.386175e+01	4.754413e+16
3100	6.117410e+15	6.643205e+01	4.644845e+01	4.810262e+16
3101	6.118021e+15	7.565910e+01	5.099321e+01	3.486875e+16
3102	6.118603e+15	7.265917e+01	4.789597e+01	5.161562e+16
3103	6.119195e+15	9.111504e+01	5.753442e+01	4.433955e+16
3104	6.119721e+15	6.375931e+01	3.978461e+01	6.614561e+16
3105	6.120352e+15	8.491240e+01	5.151553e+01	6.443834e+16
3106	6.120983e+15	8.550420e+01	4.903838e+01	6.981101e+16
3107	6.121631e+15	9.608735e+01	5.196652e+01	6.604370e+16
3108	6.122249e+15	9.169408e+01	4.902313e+01	5.280371e+16
3109	6.122865e+15	9.120149e+01	4.795019e+01	3.289599e+16
3110	6.123493e+15	8.410348e+01	4.439664e+01	6.206012e+16
3111	6.124156e+15	7.794374e+01	4.639093e+01	5.051604e+16
3112	6.124849e+15	7.909547e+01	5.249225e+01	7.621865e+16
3113	6.125540e+15	8.764549e+01	5.489847e+01	1.048564e+17
3114	6.126198e+15	8.449606e+01	5.329013e+01	8.425415e+16
3115	6.126832e+15	8.411276e+01	5.020527e+01	1.105697e+17
3116	6.127450e+15	8.876815e+01	4.962210e+01	8.092994e+16
3117	6.128049e+15	9.296839e+01	4.800003e+01	1.027190e+17
3118	6.128627e+15	1.012993e+02	4.796319e+01	6.456455e+16
3119	6.129173e+15	1.086724e+02	4.850446e+01	8.539064e+16
3120	6.129678e+15	1.076857e+02	4.511908e+01	7.499170e+16
3121	6.130169e+15	1.127806e+02	4.589000e+01	7.186863e+16
3122	6.130637e+15	1.133492e+02	4.483352e+01	6.526302e+16
3123	6.131089e+15	1.072119e+02	4.279268e+01	3.425292e+16
3124	6.131543e+15	1.140188e+02	4.706020e+01	6.270059e+16
3125	6.131973e+15	9.766427e+01	4.163289e+01	5.937646e+16
3126	6.132422e+15	1.148046e+02	4.854015e+01	5.549044e+16
3127	6.132830e+15	9.747402e+01	4.040898e+01	4.567782e+16
3128	6.133261e+15	1.019893e+02	4.335310e+01	3.949601e+16
3129	6.133690e+15	1.048689e+02	4.375707e+01	4.767690e+16
3130	6.134107e+15	1.030728e+02	4.129907e+01	5.227479e+16
3131	6.134523e+15	1.027955e+02	4.208784e+01	3.260328e+16
3132	6.134934e+15	9.971547e+01	4.180329e+01	4.484130e+16
3133	6.135340e+15	1.035618e+02	4.224909e+01	4.310080e+16
3134	6.135739e+15	1.002408e+02	4.048599e+01	3.175761e+16
3135	6.136142e+15	9.728465e+01	3.931189e+01	2.154828e+16
3136	6.136558e+15	9.827625e+01	4.080728e+01	3.239687e+16
3137	6.136975e+15	9.642401e+01	3.950330e+01	3.858000e+16
3138	6.137400e+15	9.635350e+01	3.907756e+01	3.301050e+16
3139	6.137830e+15	9.361783e+01	3.810072e+01	4.015214e+16
3140	6.138271e+15	9.249870e+01	3.789639e+01	3.968688e+16
3141	6.138719e+15	9.099630e+01	3.653087e+01	3.835981e+16
3142	6.139185e+15	9.452384e+01	3.722316e+01	3.161597e+16
3143	6.139657e+15	8.513358e+01	3.417843e+01	3.159224e+16
3144	6.140167e+15	9.122103e+01	3.589594e+01	4.204774e+16
3145	6.140689e+15	8.621450e+01	3.512287e+01	5.393568e+16
3146	6.141235e+15	7.960721e+01	3.330530e+01	4.527188e+16
3147	6.141825e+15	8.664703e+01	3.726294e+01	4.847649e+16
3148	6.142410e+15	7.704542e+01	3.525874e+01	6.697312e+16
3149	6.143019e+15	9.156099e+01	4.297856e+01	4.814151e+16
3150	6.143561e+15	7.877378e+01	3.745964e+01	5.042591e+16
3151	6.144091e+15	6.832848e+01	3.302377e+01	3.977283e+16
3152	6.144666e+15	8.401816e+01	4.432699e+01	5.520160e+16
3153	6.145172e+15	7.224690e+01	4.021509e+01	4.046556e+16
3154	6.145667e+15	7.419057e+01	4.266030e+01	6.115840e+16
3155	6.146137e+15	7.077982e+01	4.148896e+01	5.050586e+16
3156	6.146601e+15	7.175124e+01	4.152268e+01	4.668127e+16
3157	6.147063e+15	7.035330e+01	4.088240e+01	4.562382e+16
3158	6.147532e+15	7.076917e+01	4.179156e+01	3.468453e+16
3159	6.148002e+15	6.405483e+01	3.742394e+01	4.573731e+16
3160	6.148504e+15	7.159818e+01	4.060285e+01	5.048470e+16
3161	6.149002e+15	7.810310e+01	4.361930e+01	4.454959e+16
3162	6.149467e+15	7.468312e+01	4.214271e+01	2.113209e+16
3163	6.149921e+15	7.616144e+01	4.328908e+01	4.083068e+16
3164	6.150357e+15	7.158380e+01	4.091007e+01	2.625388e+16
3165	6.150795e+15	7.204226e+01	4.142747e+01	5.581686e+16
3166	6.151231e+15	6.804452e+01	3.963828e+01	3.154861e+16
3167	6.151687e+15	6.607588e+01	3.814621e+01	3.515892e+16
3168	6.152178e+15	8.267897e+01	4.691345e+01	3.924297e+16
3169	6.152625e+15	7.211321e+01	4.065603e+01	6.564221e+16
3170	6.153077e+15	5.906476e+01	3.298267e+01	4.447086e+16
3171	6.153608e+15	7.084216e+01	3.898277e+01	4.129269e+16
3172	6.154138e+15	7.286912e+01	4.036372e+01	4.934725e+16
3173	6.154649e+15	6.452780e+01	3.752746e+01	3.139988e+16
3174	6.155182e+15	6.229539e+01	3.735748e+01	5.649730e+16
3175	6.155747e+15	6.902255e+01	4.153382e+01	6.651546e+16
3176	6.156296e+15	6.283525e+01	3.732856e+01	6.871012e+16
3177	6.156864e+15	6.606776e+01	3.798000e+01	4.130116e+16
3178	6.157440e+15	7.553730e+01	4.325554e+01	4.921728e+16
3179	6.157969e+15	6.514545e+01	3.651441e+01	6.715726e+16
3180	6.158515e+15	6.993517e+01	3.885553e+01	5.264328e+16
3181	6.159051e+15	6.955166e+01	3.897333e+01	5.261813e+16
3182	6.159581e+15	6.989975e+01	4.013879e+01	5.085054e+16
3183	6.160101e+15	7.165046e+01	4.001839e+01	5.579643e+16
3184	6.160603e+15	6.883114e+01	3.703364e+01	4.028122e+16
3185	6.161108e+15	6.952831e+01	3.579936e+01	3.709393e+16
3186	6.161625e+15	7.238062e+01	3.669080e+01	3.681030e+16
3187	6.162133e+15	7.592037e+01	3.712647e+01	2.871120e+16
3188	6.162627e+15	7.328992e+01	3.601849e+01	4.292743e+16
3189	6.163120e+15	7.317718e+01	3.702383e+01	4.294484e+16
3190	6.163608e+15	6.960486e+01	3.595068e+01	5.232673e+16
3191	6.164111e+15	7.157984e+01	3.766932e+01	5.466919e+16
3192	6.164604e+15	7.309767e+01	3.823401e+01	4.075378e+16
3193	6.165079e+15	6.739874e+01	3.513914e+01	3.704614e+16
3194	6.165572e+15	7.385207e+01	3.852274e+01	6.212313e+16
3195	6.166049e+15	6.257822e+01	3.114476e+01	3.914991e+16
3196	6.166583e+15	7.163321e+01	3.620774e+01	5.171544e+16
3197	6.167112e+15	7.685223e+01	3.822600e+01	5.633292e+16
3198	6.167608e+15	7.179545e+01	3.484935e+01	3.365869e+16
3199	6.168103e+15	6.848092e+01	3.220593e+01	3.382865e+16
3200	6.168610e+15	7.001691e+01	3.405452e+01	4.025764e+16
3201	6.169116e+15	6.034869e+01	3.047377e+01	3.711077e+16
3202	6.169665e+15	7.380577e+01	3.684975e+01	5.205506e+16
3203	6.170175e+15	6.938562e+01	3.349745e+01	3.438860e+16
3204	6.170676e+15	6.216707e+01	2.949124e+01	3.169990e+16
3205	6.171213e+15	6.430081e+01	3.140988e+01	3.804529e+16
3206	6.171761e+15	6.247847e+01	3.102382e+01	3.575454e+16
3207	6.172323e+15	6.477196e+01	3.293703e+01	4.272423e+16
3208	6.172875e+15	5.845463e+01	2.963629e+01	3.075680e+16
3209	6.173465e+15	6.230019e+01	3.028315e+01	6.811117e+16
3210	6.174077e+15	6.833624e+01	3.172317e+01	5.071617e+16
3211	6.174679e+15	5.356383e+01	2.480331e+01	4.017788e+16
3212	6.175384e+15	7.186932e+01	3.263432e+01	6.248225e+16
3213	6.176052e+15	7.127068e+01	3.384067e+01	3.616586e+16
3214	6.176685e+15	6.024758e+01	2.997635e+01	7.319388e+16
3215	6.177351e+15	7.629147e+01	4.039538e+01	6.652532e+16
3216	6.177918e+15	5.506903e+01	3.091543e+01	5.114291e+16
3217	6.178532e+15	6.014038e+01	3.533247e+01	4.340794e+16
3218	6.179137e+15	5.973686e+01	3.566649e+01	5.392110e+16
3219	6.179734e+15	6.031289e+01	3.671997e+01	5.604032e+16
3220	6.180306e+15	6.074130e+01	3.780138e+01	3.883525e+16
3221	6.180846e+15	5.795699e+01	3.766136e+01	5.525292e+16
3222	6.181373e+15	5.810196e+01	3.934578e+01	4.650442e+16
3223	6.181881e+15	5.801071e+01	3.946348e+01	3.344592e+16
3224	6.182374e+15	5.746499e+01	3.840549e+01	3.124873e+16
3225	6.182864e+15	6.172565e+01	3.913257e+01	4.045238e+16
3226	6.183337e+15	6.179615e+01	3.681361e+01	7.263111e+16
3227	6.183805e+15	5.846538e+01	3.352656e+01	3.834416e+16
3228	6.184295e+15	6.817440e+01	3.720447e+01	3.401557e+16
3229	6.184762e+15	6.184913e+01	3.157054e+01	4.451791e+16
3230	6.185248e+15	7.228369e+01	3.385311e+01	4.595788e+16
3231	6.185714e+15	6.779633e+01	3.093989e+01	2.219792e+16
3232	6.186182e+15	7.098683e+01	3.009011e+01	4.394567e+16
3233	6.186640e+15	6.493303e+01	2.714380e+01	3.199981e+16
3234	6.187121e+15	7.061065e+01	2.905189e+01	3.202329e+16
3235	6.187600e+15	6.413835e+01	2.678987e+01	3.199405e+16
3236	6.188115e+15	7.646385e+01	3.209796e+01	3.675807e+16
3237	6.188596e+15	6.098701e+01	2.629137e+01	4.050122e+16
3238	6.189133e+15	6.627789e+01	2.870416e+01	3.722619e+16
3239	6.189690e+15	7.062570e+01	3.017026e+01	3.296329e+16
3240	6.190236e+15	6.179421e+01	2.888696e+01	4.186232e+16
3241	6.190804e+15	6.045459e+01	3.110596e+01	3.649809e+16
3242	6.191373e+15	5.555670e+01	3.096764e+01	2.753719e+16
3243	6.191957e+15	5.569755e+01	3.390915e+01	5.373000e+16
3244	6.192524e+15	5.401705e+01	3.466917e+01	3.730093e+16
3245	6.193070e+15	4.971287e+01	3.327787e+01	3.448999e+16
3246	6.193624e+15	5.623663e+01	3.979284e+01	5.590583e+16
3247	6.194126e+15	4.516379e+01	3.381114e+01	4.976825e+16
3248	6.194656e+15	5.336663e+01	3.974235e+01	3.778172e+16
3249	6.195153e+15	4.741756e+01	3.543819e+01	2.816700e+16
3250	6.195664e+15	4.786446e+01	3.612085e+01	4.104231e+16
3251	6.196184e+15	5.243516e+01	3.924714e+01	4.915277e+16
3252	6.196673e+15	4.044512e+01	2.884554e+01	4.807387e+16
3253	6.197227e+15	4.620505e+01	3.354229e+01	4.986972e+16
3254	6.197784e+15	5.073288e+01	3.399005e+01	5.709647e+16
3255	6.198324e+15	3.997155e+01	2.616230e+01	2.403720e+16
3256	6.198961e+15	4.894254e+01	3.343801e+01	4.763698e+16
3257	6.199607e+15	5.617964e+01	3.739374e+01	5.854339e+16
3258	6.200202e+15	5.082897e+01	3.329437e+01	5.201959e+16
3259	6.200808e+15	6.793352e+01	4.333790e+01	4.412308e+16
3260	6.201307e+15	4.208688e+01	2.683053e+01	4.525647e+16
3261	6.201901e+15	5.492850e+01	3.439381e+01	6.288137e+16
3262	6.202477e+15	5.696066e+01	3.698457e+01	5.052260e+16
3263	6.203020e+15	4.402493e+01	3.073202e+01	5.106339e+16
3264	6.203620e+15	5.185859e+01	3.633977e+01	3.745376e+16
3265	6.204203e+15	5.419408e+01	3.877214e+01	2.993426e+16
3266	6.204746e+15	4.533329e+01	3.456700e+01	3.419564e+16
3267	6.205311e+15	4.720736e+01	3.742233e+01	3.757980e+16
3268	6.205867e+15	4.881310e+01	3.876327e+01	3.943658e+16
3269	6.206398e+15	4.365723e+01	3.621765e+01	3.698652e+16
3270	6.206943e+15	4.559827e+01	3.818208e+01	4.523393e+16
3271	6.207477e+15	4.741151e+01	3.710979e+01	3.272768e+16
3272	6.208013e+15	4.850279e+01	3.745164e+01	3.499519e+16
3273	6.208543e+15	5.010921e+01	3.820376e+01	4.838462e+16
3274	6.209053e+15	4.898253e+01	3.588035e+01	2.938592e+16
3275	6.209559e+15	4.881678e+01	3.562888e+01	3.113683e+16
3276	6.210063e+15	5.049593e+01	3.543140e+01	3.883658e+16
3277	6.210559e+15	5.180703e+01	3.561414e+01	3.247033e+16
3278	6.211045e+15	5.488250e+01	3.558048e+01	2.571992e+16
3279	6.211516e+15	5.672593e+01	3.526669e+01	1.680336e+16
3280	6.211980e+15	5.638350e+01	3.438211e+01	2.087605e+16
3281	6.212449e+15	5.708606e+01	3.429092e+01	2.883481e+16
3282	6.212921e+15	5.460237e+01	3.061181e+01	3.351478e+16
3283	6.213418e+15	5.591148e+01	3.171439e+01	4.431666e+16
3284	6.213920e+15	5.623236e+01	3.259559e+01	3.680463e+16
3285	6.214418e+15	4.681954e+01	2.923271e+01	3.041501e+16
3286	6.214954e+15	4.918038e+01	3.083119e+01	3.944372e+16
3287	6.215511e+15	5.569134e+01	3.556593e+01	4.471416e+16
3288	6.216030e+15	4.254550e+01	2.795503e+01	3.184658e+16
3289	6.216606e+15	5.362930e+01	3.532498e+01	3.859332e+16
3290	6.217125e+15	4.896055e+01	3.129128e+01	4.391119e+16
3291	6.217623e+15	3.886132e+01	2.459948e+01	2.443042e+16
3292	6.218191e+15	5.105927e+01	3.245459e+01	3.591343e+16
3293	6.218717e+15	4.338938e+01	2.690284e+01	2.729021e+16
3294	6.219283e+15	4.696323e+01	2.942940e+01	3.000337e+16
3295	6.219850e+15	4.785399e+01	3.013458e+01	4.169669e+16
3296	6.220405e+15	5.031938e+01	3.172156e+01	5.461581e+16
3297	6.220919e+15	4.500757e+01	2.940226e+01	2.768327e+16
3298	6.221433e+15	4.913322e+01	3.157933e+01	4.310201e+16
3299	6.221922e+15	3.535086e+01	2.310313e+01	4.227699e+16
3300	6.222509e+15	5.055372e+01	3.543334e+01	2.338075e+16
3301	6.223014e+15	3.164540e+01	2.331974e+01	2.908421e+16
3302	6.223620e+15	4.122412e+01	3.210281e+01	3.840576e+16
3303	6.224191e+15	4.245218e+01	3.363180e+01	4.757319e+16
3304	6.224715e+15	3.834666e+01	2.990608e+01	2.313060e+16
3305	6.225241e+15	3.931191e+01	2.995296e+01	3.938420e+16
3306	6.225760e+15	3.635085e+01	2.661711e+01	4.029680e+16
3307	6.226301e+15	3.842459e+01	2.747282e+01	3.096153e+16
3308	6.226863e+15	4.586688e+01	3.196099e+01	4.175409e+16
3309	6.227377e+15	3.973633e+01	2.798077e+01	3.831161e+16
3310	6.227903e+15	4.379839e+01	3.318969e+01	2.725935e+16
3311	6.228386e+15	4.020051e+01	2.946351e+01	2.892277e+16
3312	6.228884e+15	4.182332e+01	2.929351e+01	3.329911e+16
3313	6.229380e+15	3.904914e+01	2.740234e+01	3.916206e+16
3314	6.229907e+15	4.786616e+01	3.268355e+01	3.834043e+16
3315	6.230392e+15	4.350629e+01	2.952443e+01	3.376007e+16
3316	6.230882e+15	4.505171e+01	2.994204e+01	3.496051e+16
3317	6.231368e+15	4.425959e+01	2.818722e+01	4.899202e+16
3318	6.231855e+15	4.402283e+01	2.690184e+01	1.993321e+16
3319	6.232353e+15	4.956598e+01	3.069000e+01	2.463243e+16
3320	6.232816e+15	4.130698e+01	2.576605e+01	2.270544e+16
3321	6.233315e+15	4.827561e+01	2.816025e+01	3.368946e+16
3322	6.233805e+15	4.396098e+01	2.567258e+01	4.804779e+16
3323	6.234325e+15	5.297798e+01	2.864762e+01	2.842636e+16
3324	6.234813e+15	4.924671e+01	2.660007e+01	2.051911e+16
3325	6.235300e+15	4.860579e+01	2.626062e+01	3.163553e+16
3326	6.235790e+15	4.677800e+01	2.473072e+01	1.857023e+16
3327	6.236304e+15	4.739694e+01	2.458167e+01	3.549311e+16
3328	6.236832e+15	4.831523e+01	2.405081e+01	4.337312e+16
3329	6.237359e+15	4.700910e+01	2.314435e+01	2.858548e+16
3330	6.237896e+15	4.768847e+01	2.309571e+01	2.875034e+16
3331	6.238441e+15	4.783627e+01	2.200464e+01	3.914998e+16
3332	6.238988e+15	5.166045e+01	2.290199e+01	1.730618e+16
3333	6.239517e+15	5.175433e+01	2.222522e+01	3.009604e+16
3334	6.240022e+15	4.724965e+01	2.016758e+01	2.752866e+16
3335	6.240525e+15	9.009679e+01	3.555534e+01	1.861304e+16
3336	6.240815e+15	5.261566e+01	2.299960e+01	1.525856e+16
3337	6.241092e+15	5.516980e+01	2.413675e+01	6.210049e+15
3338	6.241349e+15	4.540249e+01	1.995071e+01	1.888748e+16
3339	6.241635e+15	5.642008e+01	2.464622e+01	8.358767e+15
3340	6.241899e+15	4.639174e+01	2.005554e+01	1.022552e+16
3341	6.242194e+15	5.530573e+01	2.278824e+01	1.256990e+16
3342	6.242486e+15	4.389326e+01	1.963534e+01	1.916264e+16
3343	6.242815e+15	4.039895e+01	1.915370e+01	1.894119e+16
3344	6.243181e+15	3.714118e+01	1.819692e+01	2.571515e+16
3345	6.243608e+15	3.531398e+01	1.878697e+01	3.001026e+16
3346	6.244120e+15	3.932967e+01	2.258867e+01	2.976164e+16
3347	6.244655e+15	3.839299e+01	2.359687e+01	4.362251e+16
3348	6.245200e+15	3.826939e+01	2.520797e+01	3.447737e+16
3349	6.245729e+15	3.161695e+01	2.294182e+01	4.215233e+16
3350	6.246287e+15	3.644006e+01	2.792061e+01	4.168927e+16
3351	6.246788e+15	3.253502e+01	2.516461e+01	4.534704e+16
3352	6.247285e+15	3.394103e+01	2.671437e+01	2.126977e+16
3353	6.247751e+15	3.296827e+01	2.511365e+01	2.169149e+16
3354	6.248208e+15	3.170291e+01	2.405004e+01	2.653747e+16
3355	6.248674e+15	2.689913e+01	2.043056e+01	2.137362e+16
3356	6.249198e+15	3.136342e+01	2.531789e+01	3.368925e+16
3357	6.249708e+15	2.874800e+01	2.397495e+01	1.950017e+16
3358	6.250247e+15	3.445466e+01	2.785481e+01	2.365452e+16
3359	6.250743e+15	3.186504e+01	2.382788e+01	2.098412e+16
3360	6.251243e+15	3.273330e+01	2.332497e+01	2.431950e+16
3361	6.251764e+15	3.919939e+01	2.694639e+01	3.724856e+16
3362	6.252242e+15	3.662512e+01	2.525722e+01	2.594649e+16
3363	6.252705e+15	3.616211e+01	2.497403e+01	2.334209e+16
3364	6.253158e+15	3.729369e+01	2.551062e+01	2.541984e+16
3365	6.253591e+15	3.451963e+01	2.447477e+01	1.778323e+16
3366	6.254020e+15	2.906471e+01	2.045402e+01	2.665817e+16
3367	6.254490e+15	3.289497e+01	2.384709e+01	2.375061e+16
3368	6.254953e+15	3.403419e+01	2.469179e+01	2.026761e+16
3369	6.255395e+15	3.028138e+01	2.261178e+01	3.266874e+16
3370	6.255853e+15	3.716534e+01	2.677265e+01	2.247948e+16
3371	6.256263e+15	3.205024e+01	2.271127e+01	2.338544e+16
3372	6.256678e+15	2.843497e+01	2.042709e+01	3.012742e+16
3373	6.257130e+15	3.765016e+01	2.550855e+01	1.769376e+16
3374	6.257539e+15	3.246671e+01	2.020428e+01	2.265856e+16
3375	6.257976e+15	3.655735e+01	2.264826e+01	3.081150e+16
3376	6.258402e+15	3.693238e+01	2.129068e+01	3.246653e+16
3377	6.258826e+15	3.419111e+01	1.890026e+01	2.229903e+16
3378	6.259280e+15	3.591878e+01	1.986566e+01	4.351429e+16
3379	6.259736e+15	3.834686e+01	2.033734e+01	3.587307e+16
3380	6.260184e+15	3.495666e+01	1.821081e+01	2.281190e+16
3381	6.260663e+15	3.919860e+01	2.066249e+01	3.566959e+16
3382	6.261128e+15	3.684380e+01	1.957571e+01	4.046875e+16
3383	6.261607e+15	3.923921e+01	2.122678e+01	2.936536e+16
3384	6.262090e+15	4.185504e+01	2.175852e+01	6.209246e+16
3385	6.262566e+15	4.238692e+01	2.062512e+01	5.250170e+16
3386	6.263021e+15	4.009847e+01	1.973096e+01	2.655215e+16
3387	6.263470e+15	4.000187e+01	1.967440e+01	4.333368e+16
3388	6.263914e+15	4.039331e+01	1.915037e+01	6.698272e+16
3389	6.264357e+15	4.081706e+01	1.977033e+01	3.814404e+16
3390	6.264788e+15	3.981452e+01	1.903903e+01	4.989969e+16
3391	6.265224e+15	4.371607e+01	1.961870e+01	4.396128e+16
3392	6.265629e+15	3.609163e+01	1.832439e+01	4.294426e+16
3393	6.266050e+15	3.638215e+01	1.973541e+01	2.325228e+16
3394	6.266467e+15	3.573978e+01	1.954620e+01	2.223142e+16
3395	6.266885e+15	3.306993e+01	1.947858e+01	4.064721e+16
3396	6.267318e+15	3.690359e+01	2.283941e+01	4.088840e+16
3397	6.267720e+15	2.910846e+01	1.794026e+01	3.205623e+16
3398	6.268174e+15	3.349772e+01	2.238501e+01	4.565044e+16
3399	6.268618e+15	3.255370e+01	2.367603e+01	4.145979e+16
3400	6.269046e+15	3.150563e+01	2.300421e+01	3.963038e+16
3401	6.269474e+15	3.448869e+01	2.482097e+01	3.323103e+16
3402	6.269878e+15	3.033305e+01	2.237893e+01	2.666877e+16
3403	6.270302e+15	3.295476e+01	2.192852e+01	3.143983e+16
3404	6.270733e+15	3.648026e+01	2.304439e+01	2.177927e+16
3405	6.271149e+15	3.631885e+01	2.289009e+01	4.552860e+16
3406	6.271563e+15	3.330146e+01	2.091887e+01	3.449887e+16
3407	6.272001e+15	3.464290e+01	2.204232e+01	3.421017e+16
3408	6.272446e+15	3.545534e+01	2.238743e+01	3.002925e+16
3409	6.272890e+15	3.622311e+01	2.272761e+01	3.886976e+16
3410	6.273326e+15	3.579859e+01	2.067016e+01	2.406355e+16
3411	6.273769e+15	3.668699e+01	2.094408e+01	3.940468e+16
3412	6.274218e+15	4.219553e+01	2.314491e+01	2.775548e+16
3413	6.274627e+15	3.986756e+01	2.123337e+01	5.685150e+16
3414	6.275029e+15	4.177577e+01	2.124897e+01	4.311032e+16
3415	6.275413e+15	3.543822e+01	2.039686e+01	2.273376e+16
3416	6.275825e+15	3.564682e+01	2.293137e+01	2.657131e+16
3417	6.276246e+15	3.745338e+01	2.422164e+01	4.189366e+16
3418	6.276644e+15	3.306265e+01	2.057907e+01	4.305656e+16
3419	6.277062e+15	3.661033e+01	2.301560e+01	2.116090e+16
3420	6.277455e+15	3.314280e+01	1.948330e+01	3.496462e+16
3421	6.277882e+15	3.984617e+01	2.229078e+01	2.341222e+16
3422	6.278286e+15	3.339745e+01	1.999849e+01	1.764290e+16
3423	6.278715e+15	3.531461e+01	2.198665e+01	3.405900e+16
3424	6.279127e+15	3.641305e+01	2.211861e+01	4.749286e+16
3425	6.279528e+15	3.201422e+01	2.006054e+01	2.357573e+16
3426	6.279968e+15	3.486141e+01	2.186400e+01	4.472462e+16
3427	6.280406e+15	3.558500e+01	2.216622e+01	3.927193e+16
3428	6.280830e+15	3.643074e+01	2.122516e+01	1.697552e+16
3429	6.281267e+15	3.863212e+01	2.290323e+01	3.571895e+16
3430	6.281691e+15	3.558593e+01	2.103349e+01	3.510700e+16
3431	6.282134e+15	4.102631e+01	2.512104e+01	2.203728e+16
3432	6.282534e+15	3.529882e+01	2.181825e+01	2.042775e+16
3433	6.282946e+15	3.850912e+01	2.322945e+01	3.158472e+16
3434	6.283341e+15	4.007297e+01	2.334012e+01	2.595440e+16
3435	6.283724e+15	3.924182e+01	2.200838e+01	3.267170e+16
3436	6.284111e+15	3.882122e+01	2.140312e+01	3.043915e+16
3437	6.284499e+15	3.785719e+01	1.887236e+01	2.499433e+16
3438	6.284905e+15	3.988498e+01	2.174058e+01	3.793915e+16
3439	6.285304e+15	3.874160e+01	2.162316e+01	3.084648e+16
3440	6.285710e+15	3.709700e+01	2.076270e+01	3.298470e+16
3441	6.286127e+15	3.715629e+01	2.118600e+01	3.476949e+16
3442	6.286547e+15	3.660283e+01	1.984054e+01	3.255019e+16
3443	6.286984e+15	4.040260e+01	2.080533e+01	2.868501e+16
3444	6.287408e+15	3.989031e+01	1.992861e+01	1.821731e+16
3445	6.287836e+15	4.086220e+01	1.957987e+01	2.764848e+16
3446	6.288246e+15	3.878611e+01	1.751625e+01	2.376359e+16
3447	6.288657e+15	3.804176e+01	1.679891e+01	3.967326e+16
3448	6.289072e+15	3.350017e+01	1.513415e+01	1.305493e+16
3449	6.289521e+15	3.371441e+01	1.655571e+01	2.215201e+16
3450	6.289974e+15	3.247506e+01	1.623910e+01	1.963255e+16
3451	6.290428e+15	2.973926e+01	1.525556e+01	2.617352e+16
3452	6.290897e+15	2.930858e+01	1.613691e+01	2.009895e+16
3453	6.291357e+15	3.336201e+01	1.704990e+01	1.978081e+16
3454	6.291777e+15	3.084187e+01	1.567320e+01	2.876579e+16
3455	6.292207e+15	3.193364e+01	1.595526e+01	3.662994e+16
3456	6.292648e+15	2.848044e+01	1.477045e+01	4.574699e+16
3457	6.293112e+15	2.941353e+01	1.627572e+01	2.194682e+16
3458	6.293562e+15	2.771070e+01	1.616919e+01	2.660200e+16
3459	6.294013e+15	2.963253e+01	1.626000e+01	3.189468e+16
3460	6.294465e+15	2.875247e+01	1.666337e+01	4.644077e+16
3461	6.294904e+15	2.522292e+01	1.609067e+01	3.670465e+16
3462	6.295352e+15	2.897002e+01	1.751445e+01	4.055383e+16
3463	6.295780e+15	2.761832e+01	1.708021e+01	5.032207e+16
3464	6.296218e+15	2.845101e+01	1.828348e+01	4.728965e+16
3465	6.296648e+15	2.741908e+01	1.750472e+01	3.926288e+16
3466	6.297083e+15	2.518320e+01	1.762415e+01	3.964028e+16
3467	6.297545e+15	2.487879e+01	1.834669e+01	4.437875e+16
3468	6.298009e+15	2.019079e+01	1.725778e+01	4.521723e+16
3469	6.298544e+15	2.084417e+01	1.972107e+01	4.360256e+16
3470	6.299100e+15	2.375589e+01	2.319058e+01	4.679030e+16
3471	6.299614e+15	2.294011e+01	2.393125e+01	5.209691e+16
3472	6.300090e+15	2.287744e+01	2.327361e+01	3.707513e+16
3473	6.300549e+15	2.432772e+01	2.261425e+01	4.449930e+16
3474	6.300997e+15	2.623286e+01	2.357610e+01	5.127771e+16
3475	6.301414e+15	2.446270e+01	2.178061e+01	2.455812e+16
3476	6.301829e+15	2.601499e+01	2.228094e+01	2.584419e+16
3477	6.302231e+15	2.632788e+01	2.205027e+01	2.561368e+16
3478	6.302628e+15	2.870600e+01	2.277956e+01	2.565150e+16
3479	6.303013e+15	2.950141e+01	2.325997e+01	2.540461e+16
3480	6.303389e+15	2.973173e+01	2.318759e+01	2.572281e+16
3481	6.303759e+15	3.035045e+01	2.363205e+01	2.530300e+16
3482	6.304122e+15	3.123858e+01	2.345408e+01	2.774097e+16
3483	6.304481e+15	3.147978e+01	2.281015e+01	2.861760e+16
3484	6.304846e+15	2.813553e+01	1.856278e+01	2.842167e+16
3485	6.305244e+15	2.916962e+01	2.144213e+01	3.580536e+16
3486	6.305637e+15	3.297976e+01	2.322071e+01	1.952383e+16
3487	6.306012e+15	3.256288e+01	2.180168e+01	2.342702e+16
3488	6.306380e+15	3.065596e+01	2.062058e+01	4.309415e+16
3489	6.306754e+15	3.338696e+01	2.140836e+01	3.414239e+16
3490	6.307123e+15	3.155227e+01	2.037559e+01	2.654475e+16
3491	6.307508e+15	2.996788e+01	2.254900e+01	2.533503e+16
3492	6.307886e+15	2.529343e+01	2.287437e+01	2.116357e+16
3493	6.308252e+15	2.265423e+01	2.149374e+01	3.217153e+16
3494	6.308630e+15	2.523897e+01	2.396766e+01	4.137524e+16
3495	6.308988e+15	2.155794e+01	2.101335e+01	4.560847e+16
3496	6.309370e+15	2.320575e+01	2.230376e+01	3.312769e+16
3497	6.309745e+15	2.406298e+01	2.226675e+01	2.515053e+16
3498	6.310111e+15	2.424416e+01	2.098759e+01	3.831222e+16
3499	6.310478e+15	2.341434e+01	2.055069e+01	2.804818e+16
3500	6.310857e+15	2.323324e+01	2.140135e+01	3.128589e+16
3501	6.311236e+15	2.554871e+01	2.341458e+01	1.584272e+16
3502	6.311600e+15	2.360430e+01	2.204990e+01	2.021599e+16
3503	6.311978e+15	2.369570e+01	2.288945e+01	3.161272e+16
3504	6.312362e+15	2.456194e+01	2.358962e+01	2.635388e+16
3505	6.312742e+15	2.552841e+01	2.426131e+01	3.642270e+16
3506	6.313119e+15	2.542557e+01	2.404193e+01	3.015384e+16
3507	6.313498e+15	2.078501e+01	2.069606e+01	2.993881e+16
3508	6.313920e+15	2.107131e+01	2.390596e+01	3.625192e+16
3509	6.314349e+15	2.319185e+01	2.887300e+01	2.648865e+16
3510	6.314738e+15	1.899076e+01	2.560835e+01	2.123241e+16
3511	6.315136e+15	2.168291e+01	2.930304e+01	4.501260e+16
3512	6.315510e+15	1.878360e+01	2.601225e+01	3.568174e+16
3513	6.315905e+15	1.927721e+01	2.911033e+01	3.946571e+16
3514	6.316292e+15	1.964998e+01	2.880466e+01	3.312829e+16
3515	6.316671e+15	2.674565e+01	3.009006e+01	3.685784e+16
3516	6.317032e+15	2.668753e+01	2.842721e+01	2.586443e+16
3517	6.317397e+15	2.446847e+01	2.801231e+01	3.494475e+16
3518	6.317775e+15	2.762047e+01	3.064680e+01	3.964153e+16
3519	6.318139e+15	2.572058e+01	2.894559e+01	2.262155e+16
3520	6.318511e+15	2.885683e+01	3.117146e+01	3.540940e+16
3521	6.318872e+15	2.965477e+01	3.037971e+01	1.919084e+16
3522	6.319232e+15	3.096371e+01	3.058669e+01	3.319198e+16
3523	6.319589e+15	3.416837e+01	3.062526e+01	2.811990e+16
3524	6.319935e+15	3.624604e+01	3.092203e+01	2.289599e+16
3525	6.320266e+15	3.462336e+01	2.913784e+01	3.205003e+16
3526	6.320606e+15	3.389106e+01	2.829865e+01	3.316587e+16
3527	6.320961e+15	3.694473e+01	3.203778e+01	3.017897e+16
3528	6.321293e+15	3.446337e+01	2.946083e+01	2.452850e+16
3529	6.321632e+15	3.329115e+01	2.957042e+01	3.153825e+16
3530	6.321982e+15	3.422330e+01	3.095969e+01	4.437755e+16
3531	6.322326e+15	3.116200e+01	2.884817e+01	2.838563e+16
3532	6.322682e+15	3.516439e+01	3.057943e+01	2.699506e+16
3533	6.323030e+15	3.330996e+01	2.818495e+01	4.525557e+16
3534	6.323395e+15	3.169444e+01	2.861221e+01	2.490375e+16
3535	6.323763e+15	3.273770e+01	2.741036e+01	3.468229e+16
3536	6.324134e+15	3.520842e+01	2.792825e+01	2.290531e+16
3537	6.324502e+15	3.301919e+01	2.550857e+01	1.897386e+16
3538	6.324889e+15	3.201649e+01	2.726657e+01	3.143164e+16
3539	6.325287e+15	3.031913e+01	2.746284e+01	3.291520e+16
3540	6.325694e+15	3.179731e+01	2.892117e+01	2.244410e+16
3541	6.326094e+15	3.344457e+01	3.002204e+01	4.288350e+16
3542	6.326477e+15	3.240309e+01	2.847867e+01	4.533651e+16
3543	6.326854e+15	3.617090e+01	2.990470e+01	4.495563e+16
3544	6.327210e+15	3.328476e+01	2.415003e+01	2.139591e+16
3545	6.327593e+15	3.207274e+01	2.322121e+01	4.866764e+16
3546	6.328002e+15	3.498396e+01	2.776871e+01	4.528412e+16
3547	6.328387e+15	2.939823e+01	2.423004e+01	4.288138e+16
3548	6.328796e+15	2.870279e+01	2.613573e+01	4.160281e+16
3549	6.329216e+15	2.739428e+01	2.685971e+01	4.387814e+16
3550	6.329645e+15	2.751055e+01	2.721116e+01	2.981999e+16
3551	6.330073e+15	2.727586e+01	2.629591e+01	4.728329e+16
3552	6.330516e+15	2.952889e+01	2.709280e+01	2.509202e+16
3553	6.330960e+15	3.250026e+01	2.885718e+01	2.794477e+16
3554	6.331371e+15	3.246955e+01	2.676811e+01	2.877554e+16
3555	6.331775e+15	3.133618e+01	2.498162e+01	3.475189e+16
3556	6.332194e+15	3.174518e+01	2.539247e+01	1.731357e+16
3557	6.332618e+15	3.340090e+01	2.584794e+01	2.854498e+16
3558	6.333030e+15	3.094849e+01	2.208500e+01	2.328087e+16
3559	6.333471e+15	2.750503e+01	2.109064e+01	2.997651e+16
3560	6.333949e+15	3.245431e+01	2.495671e+01	2.637886e+16
3561	6.334407e+15	2.988193e+01	2.345645e+01	3.020561e+16
3562	6.334881e+15	2.744624e+01	2.279865e+01	2.102286e+16
3563	6.335384e+15	3.057458e+01	2.639082e+01	5.064499e+16
3564	6.335863e+15	2.860261e+01	2.595545e+01	2.003380e+16
3565	6.336333e+15	2.762951e+01	2.634448e+01	4.458253e+16
3566	6.336800e+15	2.761775e+01	2.680923e+01	3.098873e+16
3567	6.337259e+15	2.750160e+01	2.704677e+01	1.604611e+16
3568	6.337701e+15	2.807506e+01	2.746976e+01	2.593830e+16
3569	6.338133e+15	2.564135e+01	2.635437e+01	3.652769e+16
3570	6.338579e+15	2.507716e+01	2.770373e+01	1.724625e+16
3571	6.339032e+15	2.478810e+01	2.806167e+01	1.728388e+16
3572	6.339487e+15	2.502981e+01	2.936035e+01	5.852573e+16
3573	6.339931e+15	2.313595e+01	2.781675e+01	3.170166e+16
3574	6.340382e+15	2.316916e+01	2.853541e+01	3.212466e+16
3575	6.340826e+15	2.439940e+01	2.880092e+01	2.674657e+16
3576	6.341259e+15	2.455915e+01	2.894043e+01	2.732091e+16
3577	6.341685e+15	2.443604e+01	2.955529e+01	1.297832e+16
3578	6.342107e+15	2.348221e+01	3.055117e+01	2.321708e+16
3579	6.342521e+15	2.423579e+01	3.210902e+01	2.717248e+16
3580	6.342922e+15	2.475984e+01	3.421291e+01	4.171180e+16
3581	6.343310e+15	2.563779e+01	3.606448e+01	4.562201e+16
3582	6.343683e+15	2.566008e+01	3.620352e+01	4.308375e+16
3583	6.344051e+15	2.654182e+01	3.813067e+01	3.455999e+16
3584	6.344411e+15	2.741810e+01	3.883167e+01	2.749390e+16
3585	6.344762e+15	2.771181e+01	3.830273e+01	2.631972e+16
3586	6.345110e+15	2.750381e+01	3.737167e+01	2.155607e+16
3587	6.345462e+15	2.988709e+01	3.915293e+01	4.729206e+16
3588	6.345802e+15	2.914102e+01	3.651433e+01	3.753616e+16
3589	6.346147e+15	2.904187e+01	3.431585e+01	3.450649e+16
3590	6.346508e+15	3.142332e+01	3.850437e+01	5.570164e+16
3591	6.346861e+15	2.833917e+01	3.548630e+01	4.635375e+16
3592	6.347238e+15	2.744998e+01	3.556745e+01	5.189011e+16
3593	6.347642e+15	3.480336e+01	4.379707e+01	4.678619e+16
3594	6.348015e+15	3.494536e+01	4.109888e+01	5.847887e+16
3595	6.348389e+15	3.594057e+01	4.374069e+01	4.141709e+16
3596	6.348757e+15	3.706925e+01	4.594860e+01	2.844071e+16
3597	6.349111e+15	3.489888e+01	4.332204e+01	4.646749e+16
3598	6.349474e+15	3.789964e+01	4.786479e+01	3.121938e+16
3599	6.349824e+15	3.396985e+01	4.588267e+01	4.800295e+16
3600	6.350177e+15	3.478400e+01	4.821992e+01	3.412380e+16
3601	6.350520e+15	3.774503e+01	4.986916e+01	3.246923e+16
3602	6.350849e+15	3.667892e+01	4.567021e+01	2.630032e+16
3603	6.351182e+15	3.804857e+01	4.656769e+01	4.068467e+16
3604	6.351512e+15	3.861838e+01	4.559003e+01	3.911052e+16
3605	6.351841e+15	3.854459e+01	4.391818e+01	3.256633e+16
3606	6.352174e+15	4.115683e+01	4.447007e+01	4.357712e+16
3607	6.352503e+15	4.088002e+01	4.221575e+01	3.189129e+16
3608	6.352840e+15	4.020709e+01	4.306185e+01	3.120045e+16
3609	6.353176e+15	3.811271e+01	4.077252e+01	2.309043e+16
3610	6.353529e+15	3.997082e+01	4.543519e+01	3.207865e+16
3611	6.353871e+15	3.649972e+01	4.256983e+01	3.002168e+16
3612	6.354232e+15	3.965947e+01	4.603146e+01	2.863863e+16
3613	6.354592e+15	3.849863e+01	4.546904e+01	3.116691e+16
3614	6.354954e+15	3.830837e+01	4.563806e+01	3.241715e+16
3615	6.355326e+15	4.093390e+01	4.668465e+01	3.492968e+16
3616	6.355700e+15	4.034598e+01	4.418568e+01	3.070827e+16
3617	6.356092e+15	4.497948e+01	4.808094e+01	5.327741e+16
3618	6.356475e+15	4.371998e+01	4.630778e+01	1.992240e+16
3619	6.356868e+15	4.359737e+01	4.514917e+01	2.494455e+16
3620	6.357272e+15	4.590039e+01	4.517973e+01	3.374915e+16
3621	6.357673e+15	4.567780e+01	4.503495e+01	2.922839e+16
3622	6.358072e+15	4.459300e+01	4.481503e+01	2.792586e+16
3623	6.358470e+15	4.639239e+01	4.575707e+01	3.296662e+16
3624	6.358868e+15	4.672905e+01	4.624586e+01	3.727728e+16
3625	6.359265e+15	4.776119e+01	4.733485e+01	2.936523e+16
3626	6.359661e+15	4.519047e+01	4.593943e+01	4.096866e+16
3627	6.360067e+15	4.348646e+01	4.516475e+01	3.481347e+16
3628	6.360485e+15	5.121271e+01	4.858618e+01	3.168037e+16
3629	6.360888e+15	4.963836e+01	4.521599e+01	1.692634e+16
3630	6.361291e+15	4.584013e+01	4.299353e+01	2.789287e+16
3631	6.361711e+15	5.043817e+01	4.744472e+01	2.687181e+16
3632	6.362117e+15	5.008370e+01	4.568536e+01	4.336293e+16
3633	6.362517e+15	4.627974e+01	4.375846e+01	2.157652e+16
3634	6.362932e+15	5.060084e+01	4.819315e+01	3.357985e+16
3635	6.363343e+15	5.291575e+01	4.952483e+01	1.837208e+16
3636	6.363743e+15	5.206759e+01	4.986029e+01	2.788685e+16
3637	6.364127e+15	4.829771e+01	4.701693e+01	3.201906e+16
3638	6.364517e+15	4.912973e+01	4.858802e+01	1.996267e+16
3639	6.364905e+15	5.181937e+01	5.095218e+01	2.649555e+16
3640	6.365279e+15	4.300732e+01	4.154956e+01	3.854928e+16
3641	6.365691e+15	4.590981e+01	4.841500e+01	2.432728e+16
3642	6.366099e+15	4.673472e+01	4.882802e+01	2.013729e+16
3643	6.366497e+15	4.792414e+01	4.795154e+01	2.324388e+16
3644	6.366884e+15	4.977050e+01	4.528712e+01	2.998971e+16
3645	6.367268e+15	5.019550e+01	4.351914e+01	4.000991e+16
3646	6.367654e+15	4.995053e+01	4.272332e+01	2.643171e+16
3647	6.368043e+15	5.346020e+01	4.365161e+01	3.017229e+16
3648	6.368420e+15	4.124954e+01	3.355172e+01	3.916488e+16
3649	6.368857e+15	4.907949e+01	3.974980e+01	2.610798e+16
3650	6.369302e+15	5.871187e+01	4.354851e+01	4.888270e+16
3651	6.369727e+15	6.356388e+01	4.217952e+01	2.437095e+16
3652	6.370140e+15	6.096245e+01	4.100444e+01	4.905466e+16
3653	6.370549e+15	5.454130e+01	3.759144e+01	3.442436e+16
3654	6.370973e+15	5.731119e+01	4.007138e+01	4.174523e+16
3655	6.371399e+15	5.759748e+01	3.923509e+01	3.147227e+16
3656	6.371839e+15	6.693907e+01	4.567249e+01	2.160009e+16
3657	6.372238e+15	5.136562e+01	3.637651e+01	2.457374e+16
3658	6.372676e+15	6.033566e+01	4.220185e+01	5.484045e+16
3659	6.373098e+15	6.370169e+01	4.263112e+01	2.550790e+16
3660	6.373489e+15	5.854454e+01	3.841918e+01	4.870241e+16
3661	6.373879e+15	5.639349e+01	3.767304e+01	2.595171e+16
3662	6.374270e+15	6.040142e+01	3.938217e+01	2.139881e+16
3663	6.374645e+15	5.905845e+01	3.752980e+01	2.753291e+16
3664	6.375016e+15	6.013736e+01	3.827930e+01	2.307012e+16
3665	6.375381e+15	6.124214e+01	3.945215e+01	2.136727e+16
3666	6.375737e+15	6.040035e+01	3.967089e+01	3.059365e+16
3667	6.376085e+15	5.847687e+01	3.881241e+01	1.910779e+16
3668	6.376433e+15	6.158998e+01	4.080744e+01	2.610477e+16
3669	6.376765e+15	5.781141e+01	3.805303e+01	3.960937e+16
3670	6.377099e+15	6.308949e+01	3.861811e+01	2.047498e+16
3671	6.377426e+15	6.061061e+01	3.635714e+01	1.987186e+16
3672	6.377755e+15	5.498799e+01	3.474335e+01	2.499065e+16
3673	6.378103e+15	5.450154e+01	3.664687e+01	2.886055e+16
3674	6.378460e+15	5.097257e+01	3.485754e+01	2.339938e+16
3675	6.378841e+15	5.539256e+01	3.827538e+01	2.048193e+16
3676	6.379217e+15	5.865730e+01	3.710562e+01	3.280521e+16
3677	6.379592e+15	6.066411e+01	3.632020e+01	2.231495e+16
3678	6.379967e+15	5.877517e+01	3.660159e+01	3.789931e+16
3679	6.380331e+15	5.533931e+01	3.427520e+01	1.693501e+16
3680	6.380695e+15	5.635735e+01	3.455256e+01	2.558270e+16
3681	6.381054e+15	5.880688e+01	3.470581e+01	3.777770e+16
3682	6.381403e+15	5.673902e+01	3.298550e+01	3.576764e+16
3683	6.381755e+15	5.669778e+01	3.350518e+01	2.277518e+16
3684	6.382107e+15	5.673412e+01	3.362268e+01	2.249024e+16
3685	6.382457e+15	4.410226e+01	2.614744e+01	2.246209e+16
3686	6.382875e+15	6.026322e+01	3.924549e+01	3.063564e+16
3687	6.383252e+15	4.900615e+01	3.301871e+01	1.192094e+16
3688	6.383653e+15	5.197602e+01	3.754386e+01	2.768845e+16
3689	6.384036e+15	4.806552e+01	3.593613e+01	3.241439e+16
3690	6.384409e+15	4.899659e+01	3.602749e+01	1.584824e+16
3691	6.384774e+15	4.710483e+01	3.493779e+01	1.577871e+16
3692	6.385146e+15	4.842856e+01	3.672623e+01	2.113500e+16
3693	6.385508e+15	4.133756e+01	3.353183e+01	1.779119e+16
3694	6.385891e+15	4.389312e+01	3.575105e+01	1.917092e+16
3695	6.386267e+15	4.387602e+01	3.448024e+01	3.054379e+16
3696	6.386641e+15	4.330609e+01	3.458134e+01	2.043656e+16
3697	6.387020e+15	4.236374e+01	3.394176e+01	2.113450e+16
3698	6.387410e+15	3.814521e+01	3.089260e+01	3.246707e+16
3699	6.387838e+15	4.349734e+01	3.712109e+01	2.620325e+16
3700	6.388255e+15	4.545151e+01	3.620109e+01	2.345923e+16
3701	6.388665e+15	4.669131e+01	3.601616e+01	2.316757e+16
3702	6.389061e+15	4.497602e+01	3.453108e+01	1.550881e+16
3703	6.389457e+15	4.623485e+01	3.407297e+01	2.896709e+16
3704	6.389858e+15	4.790877e+01	3.533819e+01	3.766524e+16
3705	6.390249e+15	4.209525e+01	3.224181e+01	2.535808e+16
3706	6.390652e+15	4.326366e+01	3.322652e+01	3.534424e+16
3707	6.391058e+15	5.229767e+01	3.846554e+01	2.513760e+16
3708	6.391419e+15	4.801650e+01	3.337194e+01	2.045701e+16
3709	6.391783e+15	4.750309e+01	3.218872e+01	1.236182e+16
3710	6.392162e+15	4.832380e+01	3.416533e+01	3.522452e+16
3711	6.392535e+15	4.619034e+01	3.233813e+01	3.278492e+16
3712	6.392913e+15	3.774011e+01	2.954043e+01	2.686052e+16
3713	6.393340e+15	4.350570e+01	3.651472e+01	2.360477e+16
3714	6.393753e+15	4.399633e+01	3.718287e+01	3.395336e+16
3715	6.394148e+15	3.745137e+01	3.147661e+01	3.635141e+16
3716	6.394580e+15	4.061598e+01	3.362257e+01	1.194354e+16
3717	6.395016e+15	4.112830e+01	3.461639e+01	4.697548e+16
3718	6.395451e+15	4.510524e+01	3.861825e+01	2.965478e+16
3719	6.395850e+15	3.942534e+01	3.433764e+01	2.098123e+16
3720	6.396258e+15	4.240096e+01	3.817814e+01	3.617473e+16
3721	6.396643e+15	3.767535e+01	3.378196e+01	2.119059e+16
3722	6.397049e+15	4.370799e+01	3.960776e+01	4.943025e+16
3723	6.397426e+15	4.050547e+01	3.566624e+01	1.074422e+16
3724	6.397810e+15	3.942888e+01	3.473793e+01	2.445370e+16
3725	6.398209e+15	4.474960e+01	3.835892e+01	2.313873e+16
3726	6.398593e+15	4.363291e+01	3.664405e+01	2.204881e+16
3727	6.398982e+15	4.400999e+01	3.656906e+01	3.370283e+16
3728	6.399373e+15	4.409923e+01	3.608595e+01	3.842904e+16
3729	6.399774e+15	4.603500e+01	3.743070e+01	2.910572e+16
3730	6.400166e+15	4.687429e+01	3.648150e+01	2.315150e+16
3731	6.400554e+15	4.752497e+01	3.669436e+01	2.495082e+16
3732	6.400936e+15	4.476677e+01	3.412229e+01	2.638559e+16
3733	6.401338e+15	4.808752e+01	3.752271e+01	3.080743e+16
3734	6.401732e+15	4.628258e+01	3.696979e+01	2.647372e+16
3735	6.402123e+15	3.988390e+01	3.267437e+01	3.254402e+16
3736	6.402554e+15	4.955109e+01	3.971643e+01	2.736379e+16
3737	6.402957e+15	4.994214e+01	3.802598e+01	3.378205e+16
3738	6.403350e+15	5.022105e+01	3.830422e+01	2.730529e+16
3739	6.403733e+15	4.874929e+01	3.753870e+01	2.836243e+16
3740	6.404110e+15	5.065333e+01	3.851565e+01	3.300843e+16
3741	6.404479e+15	4.913998e+01	3.766684e+01	1.505631e+16
3742	6.404850e+15	4.675230e+01	3.706481e+01	3.215737e+16
3743	6.405229e+15	4.390189e+01	3.638521e+01	1.947004e+16
3744	6.405621e+15	4.275309e+01	3.692763e+01	3.365714e+16
3745	6.406017e+15	4.806141e+01	3.980742e+01	2.961885e+16
3746	6.406391e+15	4.172223e+01	3.500411e+01	1.677883e+16
3747	6.406791e+15	4.082904e+01	3.678911e+01	1.292238e+16
3748	6.407195e+15	4.571113e+01	4.052814e+01	4.552422e+16
3749	6.407573e+15	3.960193e+01	3.623179e+01	3.127677e+16
3750	6.407967e+15	4.344339e+01	4.052755e+01	2.999069e+16
3751	6.408343e+15	3.529252e+01	3.402915e+01	2.321949e+16
3752	6.408760e+15	4.260007e+01	4.220919e+01	4.159001e+16
3753	6.409149e+15	4.044816e+01	3.833435e+01	2.716859e+16
3754	6.409540e+15	3.848602e+01	3.658945e+01	1.818982e+16
3755	6.409945e+15	3.441125e+01	3.276371e+01	4.067723e+16
3756	6.410393e+15	4.098472e+01	3.889404e+01	4.149144e+16
3757	6.410813e+15	3.923700e+01	3.416904e+01	3.864665e+16
3758	6.411247e+15	4.038942e+01	3.488621e+01	1.917899e+16
3759	6.411687e+15	3.800073e+01	3.280232e+01	2.606339e+16
3760	6.412146e+15	3.807920e+01	3.406701e+01	1.895663e+16
3761	6.412607e+15	3.911577e+01	3.519754e+01	2.284642e+16
3762	6.413059e+15	3.843745e+01	3.330194e+01	2.744680e+16
3763	6.413528e+15	3.989966e+01	3.483093e+01	1.581430e+16
3764	6.414003e+15	3.936641e+01	3.658284e+01	3.177771e+16
3765	6.414468e+15	4.120550e+01	3.904603e+01	2.165335e+16
3766	6.414905e+15	4.005033e+01	3.724387e+01	2.160741e+16
3767	6.415338e+15	4.230799e+01	3.871985e+01	4.449090e+16
3768	6.415757e+15	3.901077e+01	3.659993e+01	2.610134e+16
3769	6.416186e+15	4.283808e+01	3.954283e+01	4.044821e+16
3770	6.416595e+15	3.317069e+01	3.093184e+01	2.703662e+16
3771	6.417069e+15	3.975053e+01	3.931691e+01	4.441449e+16
3772	6.417541e+15	4.535929e+01	4.229869e+01	5.052139e+16
3773	6.417987e+15	3.995966e+01	3.681095e+01	1.874016e+16
3774	6.418455e+15	4.373574e+01	3.977986e+01	1.955742e+16
3775	6.418916e+15	4.531814e+01	3.828990e+01	3.630893e+16
3776	6.419385e+15	4.914202e+01	4.149192e+01	4.204932e+16
3777	6.419832e+15	4.446741e+01	3.773905e+01	3.216353e+16
3778	6.420302e+15	4.726452e+01	4.068580e+01	6.549142e+16
3779	6.420763e+15	5.033009e+01	4.246509e+01	3.164855e+16
3780	6.421195e+15	4.604294e+01	3.864276e+01	3.920914e+16
3781	6.421629e+15	4.273485e+01	3.707793e+01	4.989027e+16
3782	6.422083e+15	4.666469e+01	4.049852e+01	4.512228e+16
3783	6.422524e+15	3.856345e+01	3.504068e+01	3.531100e+16
3784	6.423011e+15	4.299609e+01	4.168419e+01	3.879601e+16
3785	6.423483e+15	4.300314e+01	4.150136e+01	2.151629e+16
3786	6.423954e+15	3.852128e+01	3.888613e+01	3.211723e+16
3787	6.424458e+15	3.953645e+01	4.536458e+01	3.480894e+16
3788	6.424945e+15	3.900423e+01	4.587603e+01	2.584845e+16
3789	6.425415e+15	3.554508e+01	4.188786e+01	4.218540e+16
3790	6.425905e+15	3.712017e+01	4.633556e+01	3.645261e+16
3791	6.426373e+15	3.441996e+01	4.250535e+01	2.596903e+16
3792	6.426851e+15	3.505462e+01	4.319207e+01	3.051023e+16
3793	6.427329e+15	3.602652e+01	4.330334e+01	3.432735e+16
3794	6.427802e+15	3.797978e+01	4.239098e+01	5.825953e+16
3795	6.428269e+15	4.026309e+01	4.271657e+01	3.338882e+16
3796	6.428721e+15	4.332117e+01	4.070719e+01	3.536459e+16
3797	6.429171e+15	4.262786e+01	3.778586e+01	2.642540e+16
3798	6.429641e+15	4.366103e+01	3.712139e+01	4.206153e+16
3799	6.430127e+15	4.846875e+01	3.783103e+01	3.937040e+16
3800	6.430608e+15	4.779713e+01	3.638445e+01	3.076267e+16
3801	6.431097e+15	4.426851e+01	3.283059e+01	3.151752e+16
3802	6.431627e+15	5.386454e+01	3.779557e+01	2.823785e+16
3803	6.432143e+15	5.116573e+01	3.461948e+01	3.315682e+16
3804	6.432683e+15	5.260157e+01	3.540816e+01	4.342575e+16
3805	6.433243e+15	5.740435e+01	3.780155e+01	4.395889e+16
3806	6.433795e+15	5.474883e+01	3.672756e+01	3.563899e+16
3807	6.434351e+15	5.947896e+01	4.011608e+01	2.494292e+16
3808	6.434864e+15	6.213286e+01	4.185041e+01	3.619774e+16
3809	6.435328e+15	5.044754e+01	3.613947e+01	3.176574e+16
3810	6.435805e+15	5.675143e+01	4.313903e+01	3.703084e+16
3811	6.436240e+15	4.871673e+01	3.756715e+01	3.404452e+16
3812	6.436693e+15	5.320323e+01	4.210428e+01	3.681826e+16
3813	6.437120e+15	4.942258e+01	4.057125e+01	3.353007e+16
3814	6.437535e+15	4.070301e+01	3.352710e+01	2.075298e+16
3815	6.437990e+15	4.471323e+01	3.912756e+01	2.222391e+16
3816	6.438433e+15	4.929356e+01	4.463033e+01	1.345462e+16
3817	6.438823e+15	3.836970e+01	3.475747e+01	2.545700e+16
3818	6.439244e+15	4.659820e+01	4.217768e+01	1.338215e+16
3819	6.439637e+15	4.099138e+01	3.578605e+01	2.318852e+16
3820	6.440054e+15	4.737556e+01	4.028031e+01	2.862956e+16
3821	6.440455e+15	4.418650e+01	3.571708e+01	3.876524e+16
3822	6.440866e+15	4.506280e+01	3.484848e+01	3.213401e+16
3823	6.441286e+15	4.878026e+01	3.529212e+01	3.306541e+16
3824	6.441699e+15	4.937421e+01	3.281944e+01	1.743277e+16
3825	6.442121e+15	4.933681e+01	3.112653e+01	3.976618e+16
3826	6.442557e+15	5.384606e+01	3.299716e+01	2.885333e+16
3827	6.442988e+15	4.547777e+01	2.657803e+01	1.642012e+16
3828	6.443491e+15	5.471494e+01	3.375459e+01	2.270117e+16
3829	6.444000e+15	6.381104e+01	3.828321e+01	4.743284e+16
3830	6.444470e+15	5.837315e+01	3.464241e+01	2.998726e+16
3831	6.444953e+15	6.479290e+01	3.754074e+01	4.019376e+16
3832	6.445410e+15	6.048910e+01	3.381086e+01	3.336498e+16
3833	6.445868e+15	6.498386e+01	3.644179e+01	2.410275e+16
3834	6.446302e+15	5.987367e+01	3.303629e+01	3.645621e+16
3835	6.446742e+15	5.979542e+01	3.285834e+01	2.740253e+16
3836	6.447182e+15	6.223553e+01	3.501085e+01	1.801333e+16
3837	6.447610e+15	5.929810e+01	3.330450e+01	2.543296e+16
3838	6.448040e+15	6.078446e+01	3.286663e+01	3.951540e+16
3839	6.448462e+15	5.782908e+01	3.081672e+01	2.969394e+16
3840	6.448892e+15	5.538456e+01	3.079144e+01	3.314546e+16
3841	6.449331e+15	5.629872e+01	3.285152e+01	3.709496e+16
3842	6.449764e+15	5.275325e+01	3.078331e+01	2.971559e+16
3843	6.450204e+15	4.892004e+01	2.960456e+01	3.814134e+16
3844	6.450664e+15	4.866331e+01	3.006043e+01	3.691494e+16
3845	6.451139e+15	5.418909e+01	3.227551e+01	3.309609e+16
3846	6.451599e+15	5.075943e+01	2.939058e+01	1.677014e+16
3847	6.452074e+15	5.114637e+01	2.790076e+01	3.554683e+16
3848	6.452580e+15	5.791114e+01	3.234672e+01	2.337154e+16
3849	6.453070e+15	5.579602e+01	3.170117e+01	7.214777e+16
3850	6.453556e+15	5.492672e+01	3.177155e+01	3.925547e+16
3851	6.454036e+15	5.381474e+01	3.071325e+01	3.656956e+16
3852	6.454524e+15	5.551008e+01	3.231627e+01	3.083698e+16
3853	6.455001e+15	5.192865e+01	3.053529e+01	3.324138e+16
3854	6.455486e+15	4.957657e+01	2.946601e+01	4.061082e+16
3855	6.455987e+15	5.069235e+01	3.075825e+01	2.552928e+16
3856	6.456487e+15	4.746168e+01	2.992748e+01	2.964115e+16
3857	6.457000e+15	4.134196e+01	2.776126e+01	4.232525e+16
3858	6.457552e+15	4.113066e+01	2.981680e+01	3.065580e+16
3859	6.458126e+15	3.304112e+01	2.572509e+01	5.647446e+16
3860	6.458811e+15	4.076282e+01	3.422197e+01	6.096747e+16
3861	6.459493e+15	4.343399e+01	3.618216e+01	5.560659e+16
3862	6.460142e+15	3.959080e+01	3.103280e+01	4.693529e+16
3863	6.460828e+15	4.097915e+01	3.346672e+01	5.226307e+16
3864	6.461518e+15	4.025678e+01	3.426055e+01	3.687288e+16
3865	6.462213e+15	3.974176e+01	3.643500e+01	6.152487e+16
3866	6.462901e+15	4.721547e+01	4.504100e+01	5.946151e+16
3867	6.463501e+15	4.835652e+01	4.336541e+01	7.048013e+16
3868	6.464056e+15	4.526617e+01	3.904414e+01	4.744354e+16
3869	6.464610e+15	4.609851e+01	4.141584e+01	4.759711e+16
3870	6.465139e+15	4.983661e+01	4.323056e+01	5.436185e+16
3871	6.465628e+15	4.869176e+01	4.093166e+01	3.921872e+16
3872	6.466101e+15	4.905285e+01	3.935389e+01	3.401661e+16
3873	6.466562e+15	4.930978e+01	3.749101e+01	4.141075e+16
3874	6.467015e+15	4.736279e+01	3.514781e+01	3.591654e+16
3875	6.467479e+15	5.111678e+01	3.523269e+01	3.359714e+16
3876	6.467940e+15	5.274044e+01	3.373013e+01	3.432328e+16
3877	6.468399e+15	4.922818e+01	3.071237e+01	2.732485e+16
3878	6.468889e+15	5.569830e+01	3.325660e+01	2.726295e+16
3879	6.469374e+15	5.587896e+01	2.944586e+01	2.963594e+16
3880	6.469880e+15	5.594197e+01	2.765165e+01	3.562866e+16
3881	6.470422e+15	5.837649e+01	2.862859e+01	3.797984e+16
3882	6.471001e+15	7.180297e+01	3.222519e+01	2.846131e+16
3883	6.471549e+15	6.593958e+01	2.834123e+01	3.084119e+16
3884	6.472117e+15	6.683864e+01	2.984689e+01	2.772280e+16
3885	6.472696e+15	7.358686e+01	3.282396e+01	3.118830e+16
3886	6.473239e+15	6.291436e+01	3.010683e+01	3.660857e+16
3887	6.473798e+15	1.097026e+02	5.556770e+01	5.966666e+16
3888	6.474148e+15	6.884397e+01	3.828846e+01	3.840861e+16
3889	6.474470e+15	6.603448e+01	3.790137e+01	1.998804e+16
3890	6.474769e+15	6.784559e+01	3.993961e+01	3.674743e+16
3891	6.475041e+15	6.556157e+01	3.898421e+01	3.679958e+16
3892	6.475299e+15	6.229540e+01	3.712715e+01	3.026409e+16
3893	6.475561e+15	6.716273e+01	3.964410e+01	1.542487e+16
3894	6.475813e+15	6.093499e+01	3.565972e+01	2.920528e+16
3895	6.476075e+15	5.866001e+01	3.477843e+01	1.467557e+16
3896	6.476352e+15	5.840769e+01	3.434765e+01	1.871722e+16
3897	6.476643e+15	5.568383e+01	3.317067e+01	1.709750e+16
3898	6.476951e+15	4.948857e+01	2.981766e+01	1.875601e+16
3899	6.477304e+15	4.917490e+01	2.960508e+01	3.375423e+16
3900	6.477708e+15	4.857776e+01	2.897153e+01	2.650701e+16
3901	6.478167e+15	5.271761e+01	3.023762e+01	4.006920e+16
3902	6.478659e+15	5.153160e+01	2.992690e+01	3.722356e+16
3903	6.479187e+15	5.401272e+01	2.996849e+01	3.871823e+16
3904	6.479749e+15	5.572793e+01	3.102919e+01	4.540695e+16
3905	6.480326e+15	5.896451e+01	3.256712e+01	4.209277e+16
3906	6.480898e+15	6.011465e+01	3.224018e+01	3.210222e+16
3907	6.481471e+15	6.046637e+01	3.262945e+01	5.332763e+16
3908	6.482042e+15	6.544907e+01	3.423685e+01	4.567889e+16
3909	6.482583e+15	5.891741e+01	3.088952e+01	2.559543e+16
3910	6.483142e+15	5.930962e+01	3.318181e+01	5.064767e+16
3911	6.483697e+15	5.879971e+01	3.338512e+01	3.924140e+16
3912	6.484254e+15	6.484053e+01	3.662317e+01	3.261333e+16
3913	6.484767e+15	6.260764e+01	3.505764e+01	2.752458e+16
3914	6.485253e+15	5.885498e+01	3.309602e+01	3.541957e+16
3915	6.485735e+15	5.928813e+01	3.372317e+01	1.981266e+16
3916	6.486203e+15	5.947329e+01	3.473897e+01	3.644353e+16
3917	6.486650e+15	5.096007e+01	2.972739e+01	3.001817e+16
3918	6.487126e+15	5.444864e+01	3.361226e+01	3.390053e+16
3919	6.487597e+15	6.101589e+01	3.938988e+01	3.458519e+16
3920	6.488015e+15	5.146548e+01	3.261127e+01	3.017497e+16
3921	6.488456e+15	5.810399e+01	3.735452e+01	4.006755e+16
3922	6.488875e+15	5.313946e+01	3.511815e+01	3.236136e+16
3923	6.489299e+15	5.354231e+01	3.530627e+01	4.285551e+16
3924	6.489722e+15	5.733626e+01	3.856223e+01	2.651812e+16
3925	6.490118e+15	5.453766e+01	3.651351e+01	2.703429e+16
3926	6.490512e+15	5.273410e+01	3.509796e+01	2.418199e+16
3927	6.490916e+15	4.750309e+01	3.289727e+01	1.433883e+16
3928	6.491351e+15	5.276688e+01	3.792638e+01	3.505795e+16
3929	6.491776e+15	5.024514e+01	3.489015e+01	3.654263e+16
3930	6.492220e+15	5.438239e+01	3.747535e+01	3.803750e+16
3931	6.492656e+15	5.528972e+01	3.755336e+01	2.431291e+16
3932	6.493080e+15	5.286428e+01	3.458850e+01	2.941865e+16
3933	6.493517e+15	5.755440e+01	3.557004e+01	2.548952e+16
3934	6.493938e+15	5.334595e+01	3.154062e+01	2.884232e+16
3935	6.494371e+15	4.972849e+01	3.126652e+01	1.359176e+16
3936	6.494823e+15	5.569404e+01	3.525779e+01	1.836148e+16
3937	6.495250e+15	5.260862e+01	3.211332e+01	2.163442e+16
3938	6.495680e+15	5.353511e+01	3.146173e+01	2.889218e+16
3939	6.496114e+15	5.751620e+01	3.158160e+01	3.011523e+16
3940	6.496541e+15	5.707079e+01	3.045713e+01	3.083972e+16
3941	6.496972e+15	5.666398e+01	2.919776e+01	3.034141e+16
3942	6.497413e+15	5.665809e+01	2.885684e+01	2.259057e+16
3943	6.497867e+15	5.619340e+01	2.876650e+01	2.136385e+16
3944	6.498334e+15	5.379372e+01	2.749351e+01	4.605915e+16
3945	6.498821e+15	5.520642e+01	2.805698e+01	4.145578e+16
3946	6.499314e+15	5.089282e+01	2.616905e+01	2.174652e+16
3947	6.499838e+15	4.709008e+01	2.568828e+01	2.263768e+16
3948	6.500392e+15	4.896101e+01	2.684341e+01	3.143406e+16
3949	6.500939e+15	4.819765e+01	2.669423e+01	3.467217e+16
3950	6.501482e+15	4.606422e+01	2.706086e+01	4.256962e+16
3951	6.502027e+15	4.247862e+01	2.674049e+01	3.299296e+16
3952	6.502587e+15	4.511422e+01	2.881078e+01	4.061395e+16
3953	6.503133e+15	4.131465e+01	2.694057e+01	3.993022e+16
3954	6.503705e+15	4.202145e+01	2.969847e+01	4.182489e+16
3955	6.504270e+15	4.154680e+01	3.061018e+01	3.550258e+16
3956	6.504824e+15	3.825547e+01	2.953001e+01	4.335008e+16
3957	6.505385e+15	4.106039e+01	3.356094e+01	4.745311e+16
3958	6.505907e+15	4.198524e+01	3.193348e+01	5.037547e+16
3959	6.506422e+15	4.381852e+01	3.204426e+01	3.681340e+16
3960	6.506922e+15	4.172508e+01	3.015121e+01	2.884095e+16
3961	6.507424e+15	4.256866e+01	2.972611e+01	3.958482e+16
3962	6.507937e+15	4.280744e+01	3.058807e+01	3.209132e+16
3963	6.508453e+15	3.908122e+01	2.962227e+01	2.850052e+16
3964	6.508996e+15	4.454970e+01	3.386181e+01	1.939512e+16
3965	6.509508e+15	3.706128e+01	2.742171e+01	3.585899e+16
3966	6.510059e+15	3.704307e+01	2.860572e+01	2.344118e+16
3967	6.510631e+15	3.802073e+01	3.176090e+01	3.223511e+16
3968	6.511177e+15	3.977865e+01	3.282456e+01	3.759551e+16
3969	6.511686e+15	3.760725e+01	3.017541e+01	1.958240e+16
3970	6.512200e+15	3.379469e+01	2.874963e+01	2.594345e+16
3971	6.512740e+15	3.494265e+01	3.046679e+01	3.646121e+16
3972	6.513281e+15	3.499938e+01	3.200530e+01	2.056589e+16
3973	6.513806e+15	3.405502e+01	2.957854e+01	4.654587e+16
3974	6.514348e+15	3.703644e+01	2.945365e+01	4.397662e+16
3975	6.514885e+15	3.696887e+01	2.813245e+01	3.121890e+16
3976	6.515435e+15	3.909461e+01	2.962522e+01	1.936739e+16
3977	6.515985e+15	4.001499e+01	3.015991e+01	3.653976e+16
3978	6.516528e+15	4.056010e+01	2.958072e+01	2.412904e+16
3979	6.517066e+15	4.337833e+01	3.049247e+01	3.654291e+16
3980	6.517585e+15	4.391107e+01	2.993055e+01	3.878881e+16
3981	6.518100e+15	4.195951e+01	2.831237e+01	2.858653e+16
3982	6.518632e+15	4.765374e+01	3.049931e+01	3.037490e+16
3983	6.519130e+15	4.194014e+01	2.675671e+01	2.339604e+16
3984	6.519652e+15	4.060480e+01	2.672554e+01	5.012064e+16
3985	6.520207e+15	4.952265e+01	3.357720e+01	3.659484e+16
3986	6.520713e+15	3.890851e+01	2.716944e+01	2.997672e+16
3987	6.521268e+15	4.697113e+01	3.277918e+01	5.587347e+16
3988	6.521792e+15	4.778844e+01	3.414464e+01	2.611694e+16
3989	6.522286e+15	4.376605e+01	3.225609e+01	2.789807e+16
3990	6.522780e+15	4.510122e+01	3.412228e+01	2.611733e+16
3991	6.523249e+15	4.443030e+01	3.311197e+01	2.530534e+16
3992	6.523708e+15	4.454576e+01	3.195338e+01	3.327120e+16
3993	6.524166e+15	4.484775e+01	3.183935e+01	2.978868e+16
3994	6.524621e+15	4.388957e+01	3.212529e+01	2.333717e+16
3995	6.525072e+15	4.569631e+01	3.266411e+01	1.322573e+16
3996	6.525502e+15	4.358884e+01	3.210483e+01	2.137084e+16
3997	6.525924e+15	4.142399e+01	3.048317e+01	3.154326e+16
3998	6.526364e+15	4.614292e+01	3.340338e+01	3.621155e+16
3999	6.526787e+15	4.213785e+01	3.004548e+01	2.485817e+16
4000	6.527228e+15	4.018640e+01	2.799661e+01	2.872576e+16
4001	6.527700e+15	4.219647e+01	2.938752e+01	2.678161e+16
4002	6.528188e+15	4.728990e+01	3.375871e+01	2.393858e+16
4003	6.528646e+15	3.998624e+01	2.872659e+01	3.597105e+16
4004	6.529141e+15	4.878294e+01	3.387598e+01	3.432488e+16
4005	6.529609e+15	4.386373e+01	2.884015e+01	2.255027e+16
4006	6.530105e+15	5.002284e+01	2.974318e+01	2.569399e+16
4007	6.530612e+15	5.828352e+01	3.240957e+01	3.609346e+16
4008	6.531082e+15	4.791455e+01	2.700437e+01	2.683311e+16
4009	6.531586e+15	5.181124e+01	2.934563e+01	3.143945e+16
4010	6.532089e+15	5.387845e+01	3.041261e+01	2.504959e+16
4011	6.532577e+15	4.504606e+01	2.522557e+01	1.462133e+16
4012	6.533121e+15	5.312225e+01	2.980030e+01	3.512411e+16
4013	6.533656e+15	5.037794e+01	2.856224e+01	2.572755e+16
4014	6.534188e+15	5.185028e+01	2.974581e+01	2.745360e+16
4015	6.534699e+15	4.879142e+01	2.828246e+01	3.644540e+16
4016	6.535218e+15	4.845936e+01	2.916089e+01	3.280788e+16
4017	6.535732e+15	4.370883e+01	2.672945e+01	3.450263e+16
4018	6.536269e+15	4.561508e+01	2.859680e+01	3.418192e+16
4019	6.536804e+15	4.706416e+01	2.984407e+01	3.933487e+16
4020	6.537321e+15	4.919945e+01	3.134333e+01	2.308340e+16
4021	6.537800e+15	4.572055e+01	2.911164e+01	1.961216e+16
4022	6.538270e+15	4.842675e+01	3.078775e+01	3.614832e+16
4023	6.538710e+15	4.569642e+01	2.888165e+01	2.505731e+16
4024	6.539148e+15	4.761880e+01	2.985287e+01	2.182688e+16
4025	6.539571e+15	4.067607e+01	2.611302e+01	2.256532e+16
4026	6.540025e+15	4.309888e+01	2.945187e+01	1.510630e+16
4027	6.540473e+15	4.430464e+01	3.082669e+01	2.863641e+16
4028	6.540899e+15	4.042211e+01	2.759858e+01	4.447963e+16
4029	6.541342e+15	3.793941e+01	2.633784e+01	2.559119e+16
4030	6.541820e+15	4.710810e+01	3.125320e+01	1.907272e+16
4031	6.542270e+15	4.516884e+01	3.109678e+01	2.400276e+16
4032	6.542703e+15	4.249361e+01	2.760353e+01	2.752522e+16
4033	6.543149e+15	4.173810e+01	2.416292e+01	2.038148e+16
4034	6.543606e+15	4.560748e+01	2.618011e+01	2.109033e+16
4035	6.544044e+15	4.108512e+01	2.282847e+01	2.795249e+16
4036	6.544509e+15	4.292733e+01	2.459344e+01	2.093841e+16
4037	6.544981e+15	4.415228e+01	2.589855e+01	3.082027e+16
4038	6.545448e+15	4.628962e+01	2.560012e+01	1.818059e+16
4039	6.545922e+15	4.522156e+01	2.413798e+01	2.748680e+16
4040	6.546401e+15	4.227792e+01	2.349891e+01	3.048991e+16
4041	6.546909e+15	4.264330e+01	2.531280e+01	2.101880e+16
4042	6.547424e+15	4.534099e+01	2.737882e+01	4.558218e+16
4043	6.547912e+15	3.627181e+01	2.286162e+01	2.821630e+16
4044	6.548456e+15	3.793206e+01	2.430899e+01	1.558069e+16
4045	6.549034e+15	4.746207e+01	3.027825e+01	3.811541e+16
4046	6.549548e+15	4.155034e+01	2.755650e+01	2.762889e+16
4047	6.550046e+15	3.785113e+01	2.346836e+01	2.428586e+16
4048	6.550563e+15	4.229526e+01	2.464557e+01	2.027415e+16
4049	6.551061e+15	4.619895e+01	2.576221e+01	2.514447e+16
4050	6.551527e+15	4.102401e+01	2.359154e+01	3.432818e+16
4051	6.552009e+15	3.831977e+01	2.206804e+01	1.929052e+16
4052	6.552515e+15	3.687731e+01	2.371048e+01	3.008901e+16
4053	6.553039e+15	3.767693e+01	2.598231e+01	4.167042e+16
4054	6.553542e+15	3.822082e+01	2.714582e+01	4.114098e+16
4055	6.554011e+15	3.646268e+01	2.495705e+01	2.381013e+16
4056	6.554466e+15	2.816915e+01	1.942198e+01	2.817257e+16
4057	6.555000e+15	3.801569e+01	2.802220e+01	2.140081e+16
4058	6.555492e+15	3.826176e+01	2.848392e+01	1.695032e+16
4059	6.555952e+15	2.990322e+01	2.121349e+01	2.396274e+16
4060	6.556492e+15	3.959020e+01	2.548963e+01	4.877374e+16
4061	6.557010e+15	3.337079e+01	2.260058e+01	2.715471e+16
4062	6.557564e+15	3.812457e+01	2.707615e+01	3.079704e+16
4063	6.558081e+15	3.636933e+01	2.653012e+01	2.086993e+16
4064	6.558582e+15	3.393870e+01	2.482571e+01	1.757811e+16
4065	6.559105e+15	3.738420e+01	2.787814e+01	4.495056e+16
4066	6.559602e+15	3.100842e+01	2.401274e+01	1.818483e+16
4067	6.560133e+15	3.423141e+01	2.728819e+01	4.009400e+16
4068	6.560636e+15	3.416519e+01	2.812520e+01	3.581691e+16
4069	6.561107e+15	3.302034e+01	2.776278e+01	3.606262e+16
4070	6.561565e+15	3.446712e+01	2.895304e+01	2.286112e+16
4071	6.562007e+15	3.481561e+01	2.975642e+01	2.272762e+16
4072	6.562436e+15	3.481250e+01	2.940638e+01	2.395243e+16
4073	6.562859e+15	3.530392e+01	2.986869e+01	1.920575e+16
4074	6.563274e+15	3.200884e+01	2.862185e+01	1.835859e+16
4075	6.563696e+15	3.184011e+01	2.862333e+01	2.128205e+16
4076	6.564128e+15	3.425067e+01	3.025651e+01	2.719640e+16
4077	6.564549e+15	3.229228e+01	2.831798e+01	3.043143e+16
4078	6.564984e+15	3.520539e+01	2.900406e+01	1.873946e+16
4079	6.565429e+15	3.625865e+01	2.914904e+01	2.473772e+16
4080	6.565879e+15	3.734090e+01	2.898877e+01	1.919924e+16
4081	6.566335e+15	3.909145e+01	2.926767e+01	2.105134e+16
4082	6.566792e+15	4.217526e+01	2.995496e+01	1.288185e+16
4083	6.567245e+15	4.318952e+01	3.027811e+01	3.164202e+16
4084	6.567691e+15	4.307377e+01	3.027861e+01	2.671254e+16
4085	6.568130e+15	4.297029e+01	2.766292e+01	2.720954e+16
4086	6.568577e+15	4.561128e+01	2.844403e+01	2.426376e+16
4087	6.569022e+15	4.577733e+01	2.810258e+01	2.726964e+16
4088	6.569466e+15	4.465655e+01	2.658772e+01	2.618289e+16
4089	6.569920e+15	4.433569e+01	2.620635e+01	2.621539e+16
4090	6.570389e+15	4.680919e+01	2.636511e+01	3.004781e+16
4091	6.570861e+15	4.473841e+01	2.394567e+01	2.787445e+16
4092	6.571354e+15	4.729817e+01	2.531087e+01	2.320702e+16
4093	6.571852e+15	4.987559e+01	2.719579e+01	1.726061e+16
4094	6.572334e+15	4.819787e+01	2.683085e+01	4.014273e+16
4095	6.572796e+15	4.330207e+01	2.529940e+01	3.040876e+16
4096	6.573263e+15	4.348236e+01	2.566137e+01	2.374198e+16
4097	6.573727e+15	4.347771e+01	2.549210e+01	2.545957e+16
4098	6.574179e+15	4.295170e+01	2.482477e+01	2.125743e+16
4099	6.574632e+15	4.111074e+01	2.325106e+01	1.497766e+16
4100	6.575106e+15	4.527267e+01	2.537817e+01	2.536662e+16
4101	6.575563e+15	3.926545e+01	2.252577e+01	2.209864e+16
4102	6.576049e+15	3.855529e+01	2.272441e+01	2.778186e+16
4103	6.576557e+15	4.233292e+01	2.492264e+01	2.472171e+16
4104	6.577047e+15	3.936116e+01	2.464446e+01	3.861168e+16
4105	6.577535e+15	3.988903e+01	2.534868e+01	2.813232e+16
4106	6.578015e+15	4.104097e+01	2.457811e+01	1.690772e+16
4107	6.578494e+15	4.232977e+01	2.122044e+01	3.710255e+16
4108	6.578959e+15	4.001672e+01	1.917915e+01	3.691403e+16
4109	6.579422e+15	3.854129e+01	1.821897e+01	2.905662e+16
4110	6.579894e+15	3.631595e+01	1.786067e+01	3.156626e+16
4111	6.580365e+15	3.394020e+01	1.769536e+01	1.364939e+16
4112	6.580833e+15	3.257807e+01	1.799800e+01	3.053237e+16
4113	6.581301e+15	3.249833e+01	1.835433e+01	2.568936e+16
4114	6.581758e+15	2.952617e+01	1.769760e+01	2.629820e+16
4115	6.582224e+15	2.906060e+01	1.812944e+01	2.208478e+16
4116	6.582679e+15	2.936066e+01	1.952059e+01	2.437352e+16
4117	6.583110e+15	2.641107e+01	1.823862e+01	1.971048e+16
4118	6.583560e+15	2.812595e+01	2.020961e+01	3.658787e+16
4119	6.584008e+15	2.893080e+01	1.967259e+01	5.086664e+16
4120	6.584460e+15	2.883824e+01	2.010914e+01	4.383300e+16
4121	6.584917e+15	3.005871e+01	2.115266e+01	1.667642e+16
4122	6.585360e+15	3.030541e+01	2.042449e+01	2.475606e+16
4123	6.585802e+15	2.950992e+01	1.953233e+01	3.348177e+16
4124	6.586242e+15	3.084189e+01	1.996063e+01	2.226429e+16
4125	6.586671e+15	3.071517e+01	1.896653e+01	2.359629e+16
4126	6.587102e+15	2.810798e+01	1.750554e+01	2.890649e+16
4127	6.587558e+15	2.529409e+01	1.768291e+01	1.419931e+16
4128	6.588044e+15	2.782503e+01	2.103751e+01	2.747556e+16
4129	6.588516e+15	2.768352e+01	2.161048e+01	4.513610e+16
4130	6.588971e+15	2.627956e+01	1.921129e+01	2.974838e+16
4131	6.589430e+15	2.442462e+01	1.721785e+01	2.830903e+16
4132	6.589927e+15	2.514043e+01	1.884589e+01	1.853674e+16
4133	6.590438e+15	2.638766e+01	2.225054e+01	2.845984e+16
4134	6.590917e+15	2.498964e+01	2.100451e+01	1.797690e+16
4135	6.591401e+15	2.587328e+01	2.019442e+01	2.568174e+16
4136	6.591887e+15	2.698935e+01	2.130277e+01	3.908451e+16
4137	6.592353e+15	2.842383e+01	2.253323e+01	3.032617e+16
4138	6.592786e+15	2.929648e+01	2.176012e+01	5.145141e+16
4139	6.593211e+15	2.903295e+01	2.184887e+01	3.405697e+16
4140	6.593639e+15	2.826685e+01	2.237636e+01	3.699095e+16
4141	6.594071e+15	2.851097e+01	2.384502e+01	2.881392e+16
4142	6.594485e+15	2.725540e+01	2.451845e+01	4.088654e+16
4143	6.594889e+15	2.784637e+01	2.628786e+01	2.634542e+16
4144	6.595274e+15	2.809119e+01	2.644555e+01	3.894746e+16
4145	6.595646e+15	2.639899e+01	2.631439e+01	3.544356e+16
4146	6.596014e+15	2.880705e+01	2.898600e+01	1.432372e+16
4147	6.596364e+15	2.759091e+01	2.735684e+01	2.272973e+16
4148	6.596717e+15	2.688844e+01	2.737228e+01	2.683499e+16
4149	6.597074e+15	2.707404e+01	2.732370e+01	3.100078e+16
4150	6.597438e+15	2.732661e+01	2.860189e+01	3.311015e+16
4151	6.597794e+15	2.850750e+01	2.801566e+01	1.637840e+16
4152	6.598148e+15	2.690234e+01	2.614899e+01	2.070732e+16
4153	6.598521e+15	2.702761e+01	2.597764e+01	3.615978e+16
4154	6.598905e+15	2.711152e+01	2.528557e+01	3.307337e+16
4155	6.599306e+15	3.014615e+01	2.657845e+01	2.248240e+16
4156	6.599704e+15	3.337413e+01	2.778110e+01	1.439611e+16
4157	6.600085e+15	3.326030e+01	2.770898e+01	1.478745e+16
4158	6.600452e+15	2.799776e+01	2.406411e+01	3.560609e+16
4159	6.600840e+15	3.081806e+01	2.707765e+01	3.267784e+16
4160	6.601212e+15	2.798691e+01	2.385301e+01	1.422572e+16
4161	6.601595e+15	2.574563e+01	2.304731e+01	3.345413e+16
4162	6.602021e+15	3.432973e+01	2.846304e+01	9.553989e+15
4163	6.602397e+15	2.922370e+01	2.090206e+01	3.322446e+16
4164	6.602797e+15	3.312495e+01	2.336816e+01	3.402563e+16
4165	6.603192e+15	3.087819e+01	2.226906e+01	2.188006e+16
4166	6.603590e+15	3.097833e+01	2.263541e+01	2.888117e+16
4167	6.603978e+15	3.186746e+01	2.309039e+01	1.910577e+16
4168	6.604348e+15	2.988987e+01	2.128840e+01	1.905287e+16
4169	6.604727e+15	3.087706e+01	2.236927e+01	1.831331e+16
4170	6.605103e+15	2.797720e+01	2.176699e+01	2.132365e+16
4171	6.605471e+15	2.493944e+01	2.113953e+01	2.490210e+16
4172	6.605859e+15	2.650802e+01	2.231078e+01	2.345707e+16
4173	6.606247e+15	2.523141e+01	2.146201e+01	2.508861e+16
4174	6.606639e+15	2.834201e+01	2.122855e+01	1.854863e+16
4175	6.607051e+15	3.006203e+01	2.303396e+01	2.533148e+16
4176	6.607451e+15	2.389420e+01	2.039695e+01	2.393345e+16
4177	6.607900e+15	3.130196e+01	2.517402e+01	1.682286e+16
4178	6.608314e+15	3.220631e+01	2.322036e+01	3.092461e+16
4179	6.608717e+15	3.014757e+01	2.285181e+01	4.180276e+16
4180	6.609123e+15	2.592099e+01	2.169021e+01	2.358067e+16
4181	6.609549e+15	2.637779e+01	2.326874e+01	3.511882e+16
4182	6.609971e+15	2.607138e+01	2.381816e+01	1.573527e+16
4183	6.610391e+15	2.396037e+01	2.320982e+01	2.024258e+16
4184	6.610825e+15	2.114165e+01	2.304486e+01	1.800433e+16
4185	6.611289e+15	2.095969e+01	2.600202e+01	3.155203e+16
4186	6.611743e+15	2.028175e+01	2.596895e+01	2.993733e+16
4187	6.612196e+15	1.870338e+01	2.584338e+01	3.000440e+16
4188	6.612665e+15	1.969377e+01	2.864069e+01	3.606474e+16
4189	6.613122e+15	1.959823e+01	2.834068e+01	2.016124e+16
4190	6.613579e+15	1.853031e+01	2.741297e+01	3.028481e+16
4191	6.614051e+15	2.086629e+01	2.970199e+01	2.649818e+16
4192	6.614508e+15	2.122233e+01	2.929242e+01	2.665158e+16
4193	6.614955e+15	2.152725e+01	2.847457e+01	2.313923e+16
4194	6.615410e+15	2.520070e+01	3.166051e+01	2.949739e+16
4195	6.615832e+15	2.337546e+01	2.833482e+01	2.892874e+16
4196	6.616270e+15	2.758813e+01	3.062136e+01	3.094645e+16
4197	6.616694e+15	2.821803e+01	2.967308e+01	3.423655e+16
4198	6.617112e+15	2.845233e+01	2.941741e+01	2.737042e+16
4199	6.617528e+15	3.198798e+01	3.043493e+01	2.963487e+16
4200	6.617930e+15	3.289381e+01	2.920438e+01	3.400865e+16
4201	6.618331e+15	2.982831e+01	2.684986e+01	3.068298e+16
4202	6.618743e+15	3.128742e+01	2.881043e+01	2.268745e+16
4203	6.619152e+15	3.299656e+01	2.970546e+01	2.532662e+16
4204	6.619544e+15	3.484355e+01	2.900864e+01	2.395730e+16
4205	6.619927e+15	3.465676e+01	2.505849e+01	3.539876e+16
4206	6.620320e+15	3.134072e+01	2.382514e+01	2.199557e+16
4207	6.620751e+15	3.550146e+01	2.733835e+01	3.179976e+16
4208	6.621172e+15	3.629449e+01	2.742794e+01	2.628731e+16
4209	6.621590e+15	3.476561e+01	2.665529e+01	3.501999e+16
4210	6.622019e+15	3.463798e+01	2.657153e+01	2.262099e+16
4211	6.622461e+15	3.184064e+01	2.652970e+01	1.590778e+16
4212	6.622910e+15	3.227038e+01	2.739078e+01	2.506550e+16
4213	6.623350e+15	3.136117e+01	2.679559e+01	2.688886e+16
4214	6.623798e+15	2.906848e+01	2.500954e+01	1.151110e+16
4215	6.624277e+15	2.814810e+01	2.476286e+01	3.334523e+16
4216	6.624813e+15	3.656766e+01	3.193326e+01	5.299993e+16
4217	6.625309e+15	2.914519e+01	2.714995e+01	3.213809e+16
4218	6.625847e+15	3.053266e+01	2.998055e+01	3.522868e+16
4219	6.626397e+15	3.573143e+01	3.508761e+01	3.345349e+16
4220	6.626899e+15	2.769439e+01	2.805613e+01	2.939146e+16
4221	6.627455e+15	3.176117e+01	3.273466e+01	3.073583e+16
4222	6.628009e+15	3.400010e+01	3.387429e+01	3.168392e+16
4223	6.628541e+15	3.189130e+01	3.085738e+01	4.434171e+16
4224	6.629092e+15	3.775090e+01	3.607819e+01	3.507744e+16
4225	6.629608e+15	3.651600e+01	3.264657e+01	3.459116e+16
4226	6.630115e+15	3.812515e+01	3.338385e+01	4.352164e+16
4227	6.630608e+15	4.000409e+01	3.425634e+01	2.949240e+16
4228	6.631081e+15	4.028445e+01	3.425793e+01	4.812229e+16
4229	6.631543e+15	4.110789e+01	3.471687e+01	4.222147e+16
4230	6.631989e+15	4.041642e+01	3.307076e+01	4.316843e+16
4231	6.632435e+15	4.245865e+01	3.413702e+01	3.397130e+16
4232	6.632867e+15	4.032491e+01	3.246033e+01	3.299388e+16
4233	6.633312e+15	4.064600e+01	3.157892e+01	4.403943e+16
4234	6.633778e+15	4.591298e+01	3.366899e+01	2.502392e+16
4235	6.634244e+15	4.878612e+01	3.505881e+01	2.800459e+16
4236	6.634694e+15	4.935976e+01	3.303435e+01	2.352486e+16
4237	6.635140e+15	5.325463e+01	3.347504e+01	3.406030e+16
4238	6.635570e+15	5.246343e+01	3.189185e+01	3.478091e+16
4239	6.636001e+15	5.693394e+01	3.242686e+01	2.582264e+16
4240	6.636417e+15	5.597662e+01	3.047554e+01	2.257151e+16
4241	6.636828e+15	5.356971e+01	2.793517e+01	2.133879e+16
4242	6.637260e+15	5.600251e+01	2.984691e+01	1.664760e+16
4243	6.637693e+15	5.549205e+01	3.036143e+01	2.186526e+16
4244	6.638119e+15	5.447439e+01	2.980881e+01	1.445658e+16
4245	6.638550e+15	5.689498e+01	3.225745e+01	2.328751e+16
4246	6.638971e+15	5.299438e+01	3.100937e+01	2.307422e+16
4247	6.639393e+15	5.272401e+01	3.111954e+01	3.814413e+16
4248	6.639810e+15	5.103050e+01	3.152512e+01	2.241475e+16
4249	6.640221e+15	4.771118e+01	3.045363e+01	1.771017e+16
4250	6.640638e+15	4.379937e+01	2.947448e+01	2.813994e+16
4251	6.641073e+15	4.793858e+01	3.191010e+01	2.361953e+16
4252	6.641489e+15	3.840725e+01	2.585337e+01	2.201695e+16
4253	6.641958e+15	5.167791e+01	3.258947e+01	1.632858e+16
4254	6.642388e+15	4.818222e+01	2.794491e+01	1.512087e+16
4255	6.642826e+15	4.625484e+01	2.669430e+01	2.577616e+16
4256	6.643283e+15	5.206841e+01	2.962504e+01	3.097274e+16
4257	6.643717e+15	4.988843e+01	2.726805e+01	2.526358e+16
4258	6.644157e+15	4.699868e+01	2.482061e+01	3.245774e+16
4259	6.644627e+15	5.385106e+01	2.824639e+01	2.065865e+16
4260	6.645075e+15	4.799532e+01	2.634026e+01	2.145338e+16
4261	6.645538e+15	4.588946e+01	2.625477e+01	4.154234e+16
4262	6.646021e+15	5.291231e+01	2.868991e+01	2.567091e+16
4263	6.646484e+15	4.492087e+01	2.337988e+01	3.143777e+16
4264	6.646994e+15	4.787571e+01	2.633229e+01	3.537681e+16
4265	6.647507e+15	4.547142e+01	2.706926e+01	3.044132e+16
4266	6.648020e+15	4.352019e+01	2.790456e+01	2.935307e+16
4267	6.648535e+15	4.850844e+01	3.200965e+01	2.780320e+16
4268	6.649013e+15	4.528058e+01	3.156834e+01	3.910403e+16
4269	6.649474e+15	4.499630e+01	3.295287e+01	2.059367e+16
4270	6.649907e+15	4.409889e+01	3.142303e+01	3.505475e+16
4271	6.650327e+15	4.734390e+01	3.357681e+01	1.810745e+16
4272	6.650714e+15	4.080104e+01	2.831308e+01	2.108612e+16
4273	6.651129e+15	4.054488e+01	2.622881e+01	3.899916e+16
4274	6.651585e+15	4.812325e+01	3.131193e+01	2.548012e+16
4275	6.652020e+15	4.888471e+01	3.187646e+01	1.341470e+16
4276	6.652433e+15	4.680847e+01	3.090607e+01	2.317019e+16
4277	6.652835e+15	3.997684e+01	2.742184e+01	1.848099e+16
4278	6.653261e+15	4.276325e+01	3.170678e+01	2.787116e+16
4279	6.653682e+15	4.741387e+01	3.396593e+01	2.272236e+16
4280	6.654073e+15	4.296357e+01	2.979820e+01	3.845426e+16
4281	6.654477e+15	4.868891e+01	3.289747e+01	2.579607e+16
4282	6.654864e+15	4.855131e+01	3.088171e+01	3.162643e+16
4283	6.655243e+15	4.819917e+01	3.006969e+01	3.337257e+16
4284	6.655622e+15	4.808989e+01	2.750744e+01	2.867290e+16
4285	6.656003e+15	4.230769e+01	2.491467e+01	2.007406e+16
4286	6.656420e+15	5.119902e+01	2.910214e+01	2.399870e+16
4287	6.656819e+15	3.973682e+01	2.172774e+01	1.807769e+16
4288	6.657281e+15	4.507064e+01	2.584409e+01	2.211043e+16
4289	6.657751e+15	4.995582e+01	2.922135e+01	2.840533e+16
4290	6.658193e+15	4.191966e+01	2.590850e+01	2.609780e+16
4291	6.658661e+15	5.040346e+01	3.179416e+01	3.014956e+16
4292	6.659086e+15	3.808574e+01	2.479299e+01	3.271911e+16
4293	6.659562e+15	4.360606e+01	2.948884e+01	3.154072e+16
4294	6.660029e+15	4.838914e+01	3.345942e+01	4.319199e+16
4295	6.660454e+15	4.168140e+01	2.946242e+01	3.670356e+16
4296	6.660892e+15	4.280831e+01	3.040498e+01	2.921848e+16
4297	6.661329e+15	3.757983e+01	2.598927e+01	3.530700e+16
4298	6.661807e+15	4.338220e+01	3.063111e+01	3.777690e+16
4299	6.662274e+15	4.266504e+01	2.884688e+01	1.728388e+16
4300	6.662745e+15	4.700514e+01	3.004557e+01	1.193094e+16
4301	6.663195e+15	4.549281e+01	2.657551e+01	2.975541e+16
4302	6.663651e+15	5.266623e+01	3.023088e+01	1.174327e+16
4303	6.664076e+15	5.033111e+01	2.841173e+01	1.053413e+16
4304	6.664494e+15	4.382097e+01	2.507884e+01	1.642978e+16
4305	6.664950e+15	4.608315e+01	2.745537e+01	2.562571e+16
4306	6.665398e+15	5.155513e+01	3.083849e+01	3.300696e+16
4307	6.665805e+15	4.792127e+01	2.739746e+01	1.673669e+16
4308	6.666211e+15	4.579547e+01	2.679165e+01	1.873233e+16
4309	6.666626e+15	4.923291e+01	2.915442e+01	1.993885e+16
4310	6.667026e+15	4.907337e+01	2.845859e+01	2.500136e+16
4311	6.667417e+15	4.421037e+01	2.655540e+01	3.632603e+16
4312	6.667826e+15	4.677628e+01	2.861152e+01	2.562086e+16
4313	6.668227e+15	4.406386e+01	2.661280e+01	2.522648e+16
4314	6.668650e+15	4.030934e+01	2.545804e+01	2.923156e+16
4315	6.669106e+15	4.355940e+01	2.791269e+01	2.610074e+16
4316	6.669558e+15	3.947852e+01	2.573618e+01	2.173381e+16
4317	6.670025e+15	4.258246e+01	2.750366e+01	3.010574e+16
4318	6.670484e+15	4.610578e+01	2.788492e+01	2.169422e+16
4319	6.670915e+15	4.081995e+01	2.425106e+01	2.217109e+16
4320	6.671371e+15	4.591605e+01	2.741606e+01	3.209516e+16
4321	6.671808e+15	3.709425e+01	2.245699e+01	2.456339e+16
4322	6.672291e+15	4.179252e+01	2.628304e+01	2.619349e+16
4323	6.672766e+15	4.586227e+01	2.822781e+01	1.646285e+16
4324	6.673206e+15	3.612717e+01	2.206707e+01	2.000665e+16
4325	6.673696e+15	3.855444e+01	2.488952e+01	1.620402e+16
4326	6.674198e+15	3.736488e+01	2.439862e+01	2.570460e+16
4327	6.674718e+15	3.534579e+01	2.444597e+01	3.260611e+16
4328	6.675263e+15	3.443623e+01	2.612878e+01	2.500518e+16
4329	6.675822e+15	3.399781e+01	2.831076e+01	2.976194e+16
4330	6.676368e+15	3.312600e+01	2.839141e+01	2.316592e+16
4331	6.676901e+15	3.462131e+01	3.037355e+01	1.988016e+16
4332	6.677407e+15	3.335785e+01	2.980571e+01	3.426544e+16
4333	6.677897e+15	3.271423e+01	2.896440e+01	2.912489e+16
4334	6.678381e+15	3.318152e+01	2.814264e+01	1.458433e+16
4335	6.678868e+15	4.012685e+01	3.366250e+01	3.054394e+16
4336	6.679299e+15	3.202321e+01	2.598362e+01	3.129105e+16
4337	6.679772e+15	3.506092e+01	2.798060e+01	2.555983e+16
4338	6.680265e+15	3.953364e+01	2.936034e+01	2.811618e+16
4339	6.680753e+15	4.616898e+01	3.260136e+01	2.865580e+16
4340	6.681197e+15	4.106941e+01	2.753868e+01	2.382573e+16
4341	6.681660e+15	4.276125e+01	2.747545e+01	2.726865e+16
4342	6.682128e+15	4.705675e+01	2.826692e+01	2.858099e+16
4343	6.682576e+15	4.813221e+01	2.697431e+01	4.172539e+16
4344	6.683018e+15	4.976063e+01	2.735144e+01	1.774272e+16
4345	6.683453e+15	4.284415e+01	2.295867e+01	2.506783e+16
4346	6.683927e+15	4.960076e+01	2.682221e+01	2.970578e+16
4347	6.684393e+15	4.601570e+01	2.669059e+01	1.863093e+16
4348	6.684865e+15	4.134361e+01	2.502857e+01	2.531339e+16
4349	6.685369e+15	4.622577e+01	2.808786e+01	4.339321e+16
4350	6.685863e+15	4.839752e+01	2.809093e+01	3.681718e+16
4351	6.686344e+15	4.141489e+01	2.453657e+01	2.784444e+16
4352	6.686859e+15	4.548566e+01	2.657252e+01	2.021103e+16
4353	6.687364e+15	4.156452e+01	2.397376e+01	1.700476e+16
4354	6.687897e+15	5.139181e+01	3.010825e+01	3.185820e+16
4355	6.688376e+15	4.706550e+01	2.611421e+01	1.644495e+16
4356	6.688855e+15	4.582113e+01	2.484434e+01	3.833707e+16
4357	6.689353e+15	5.100970e+01	2.814644e+01	3.672247e+16
4358	6.689825e+15	5.021558e+01	2.662150e+01	2.967002e+16
4359	6.690279e+15	4.593343e+01	2.388025e+01	2.444142e+16
4360	6.690743e+15	4.644998e+01	2.494318e+01	2.578732e+16
4361	6.691204e+15	3.867908e+01	2.066649e+01	2.683709e+16
4362	6.691724e+15	4.677323e+01	2.666215e+01	1.758692e+16
4363	6.692207e+15	4.050511e+01	2.338389e+01	2.903901e+16
4364	6.692711e+15	3.634833e+01	2.181590e+01	3.819682e+16
4365	6.693269e+15	4.870922e+01	3.015341e+01	2.552214e+16
4366	6.693760e+15	3.927264e+01	2.396755e+01	3.264354e+16
4367	6.694276e+15	4.131361e+01	2.599535e+01	3.045628e+16
4368	6.694775e+15	4.007558e+01	2.557959e+01	3.308727e+16
4369	6.695255e+15	3.585624e+01	2.152968e+01	2.384715e+16
4370	6.695779e+15	4.659346e+01	2.788200e+01	1.981833e+16
4371	6.696243e+15	4.219485e+01	2.548131e+01	1.598679e+16
4372	6.696688e+15	3.263807e+01	2.102202e+01	1.887084e+16
4373	6.697188e+15	3.905534e+01	2.503245e+01	2.656595e+16
4374	6.697676e+15	3.950697e+01	2.538267e+01	3.177154e+16
4375	6.698157e+15	3.451248e+01	2.301771e+01	2.120493e+16
4376	6.698675e+15	3.491266e+01	2.463226e+01	2.508718e+16
4377	6.699208e+15	3.710734e+01	2.713861e+01	1.997652e+16
4378	6.699724e+15	2.948395e+01	2.321078e+01	2.461853e+16
4379	6.700301e+15	3.999060e+01	3.131267e+01	3.251196e+16
4380	6.700818e+15	3.431853e+01	2.836561e+01	3.105876e+16
4381	6.701328e+15	3.758844e+01	3.066313e+01	3.005942e+16
4382	6.701805e+15	4.149164e+01	3.202614e+01	2.151773e+16
4383	6.702233e+15	3.700051e+01	2.678820e+01	2.855016e+16
4384	6.702678e+15	4.158142e+01	3.062969e+01	4.650412e+16
4385	6.703102e+15	4.101128e+01	2.931073e+01	2.988076e+16
4386	6.703518e+15	3.862159e+01	2.770339e+01	2.462719e+16
4387	6.703944e+15	4.390854e+01	3.042346e+01	1.978886e+16
4388	6.704341e+15	3.902567e+01	2.549671e+01	2.426888e+16
4389	6.704766e+15	4.064546e+01	2.641712e+01	2.315775e+16
4390	6.705201e+15	4.109822e+01	2.600588e+01	3.333149e+16
4391	6.705640e+15	4.399179e+01	2.641286e+01	3.156169e+16
4392	6.706089e+15	4.831253e+01	2.916740e+01	2.414637e+16
4393	6.706516e+15	4.001434e+01	2.363417e+01	1.169536e+16
4394	6.706996e+15	5.028662e+01	2.927989e+01	3.129355e+16
4395	6.707442e+15	5.052975e+01	2.954465e+01	1.603439e+16
4396	6.707868e+15	4.456041e+01	2.737765e+01	2.946166e+16
4397	6.708316e+15	4.946658e+01	3.085329e+01	1.681568e+16
4398	6.708741e+15	4.420761e+01	2.831618e+01	1.800512e+16
4399	6.709175e+15	4.794472e+01	3.002150e+01	2.144372e+16
4400	6.709603e+15	4.624993e+01	2.967077e+01	1.816559e+16
4401	6.710035e+15	4.651265e+01	2.990869e+01	1.347084e+16
4402	6.710470e+15	4.835706e+01	3.054668e+01	2.158600e+16
4403	6.710896e+15	4.648655e+01	2.990669e+01	2.204153e+16
4404	6.711318e+15	4.711264e+01	2.927291e+01	2.732458e+16
4405	6.711743e+15	4.568510e+01	2.839756e+01	3.129868e+16
4406	6.712179e+15	4.464843e+01	2.807175e+01	3.517932e+16
4407	6.712622e+15	4.774779e+01	2.902462e+01	2.324530e+16
4408	6.713055e+15	4.967035e+01	2.875710e+01	1.850222e+16
4409	6.713477e+15	4.554756e+01	2.489719e+01	1.822011e+16
4410	6.713922e+15	4.655034e+01	2.602685e+01	1.879509e+16
4411	6.714385e+15	5.150475e+01	2.911466e+01	2.598143e+16
4412	6.714825e+15	4.296766e+01	2.540385e+01	2.489411e+16
4413	6.715296e+15	5.067518e+01	3.079682e+01	2.592339e+16
4414	6.715728e+15	4.429652e+01	2.646931e+01	1.954977e+16
4415	6.716165e+15	4.266821e+01	2.548433e+01	2.326663e+16
4416	6.716614e+15	4.574728e+01	2.646127e+01	1.786632e+16
4417	6.717061e+15	4.430000e+01	2.540751e+01	1.936109e+16
4418	6.717519e+15	4.478426e+01	2.585760e+01	1.654321e+16
4419	6.717981e+15	3.842533e+01	2.291137e+01	1.971247e+16
4420	6.718503e+15	4.516031e+01	2.614632e+01	2.253102e+16
4421	6.719029e+15	4.360424e+01	2.506132e+01	2.506965e+16
4422	6.719585e+15	4.954549e+01	2.772229e+01	3.704321e+16
4423	6.720105e+15	4.970548e+01	2.623136e+01	1.933042e+16
4424	6.720610e+15	4.885045e+01	2.565162e+01	3.401040e+16
4425	6.721117e+15	5.376810e+01	2.899050e+01	2.611944e+16
4426	6.721575e+15	4.363757e+01	2.438570e+01	1.652108e+16
4427	6.722059e+15	5.148245e+01	2.778680e+01	1.920888e+16
4428	6.722502e+15	4.922763e+01	2.444540e+01	1.729592e+16
4429	6.722931e+15	4.486704e+01	2.075106e+01	2.398924e+16
4430	6.723376e+15	4.226830e+01	1.997280e+01	3.430463e+16
4431	6.723852e+15	4.962925e+01	2.310603e+01	2.348810e+16
4432	6.724306e+15	4.672426e+01	2.254281e+01	2.482051e+16
4433	6.724758e+15	3.715458e+01	1.938984e+01	3.139778e+16
4434	6.725282e+15	4.174620e+01	2.231864e+01	3.913407e+16
4435	6.725817e+15	4.006228e+01	2.238777e+01	3.671822e+16
4436	6.726369e+15	3.751672e+01	2.201799e+01	2.843200e+16
4437	6.726964e+15	3.499855e+01	2.209653e+01	3.262810e+16
4438	6.727618e+15	3.834485e+01	2.610918e+01	4.043506e+16
4439	6.728252e+15	3.884816e+01	2.784096e+01	4.240525e+16
4440	6.728851e+15	3.790253e+01	2.808642e+01	2.584463e+16
4441	6.729422e+15	3.778766e+01	2.925066e+01	2.434765e+16
4442	6.729948e+15	3.511678e+01	2.793540e+01	1.301394e+16
4443	6.730461e+15	3.457129e+01	2.889602e+01	3.268285e+16
4444	6.730947e+15	3.353877e+01	2.799016e+01	2.893917e+16
4445	6.731418e+15	3.326808e+01	2.707784e+01	1.943769e+16
4446	6.731884e+15	3.553406e+01	2.899509e+01	2.736297e+16
4447	6.732325e+15	3.332421e+01	2.727615e+01	2.070979e+16
4448	6.732770e+15	3.498683e+01	2.810605e+01	1.356832e+16
4449	6.733203e+15	3.841293e+01	2.890045e+01	1.556009e+16
4450	6.733612e+15	3.697345e+01	2.695311e+01	1.782714e+16
4451	6.734015e+15	3.475038e+01	2.610217e+01	2.116973e+16
4452	6.734425e+15	3.748723e+01	2.801075e+01	2.920120e+16
4453	6.734824e+15	3.743224e+01	2.699488e+01	1.223906e+16
4454	6.735218e+15	3.450672e+01	2.604937e+01	1.289986e+16
4455	6.735622e+15	3.832907e+01	2.782551e+01	1.808928e+16
4456	6.736018e+15	3.477977e+01	2.625483e+01	1.786600e+16
4457	6.736421e+15	3.470185e+01	2.584835e+01	2.561497e+16
4458	6.736830e+15	3.705200e+01	2.681726e+01	2.315285e+16
4459	6.737236e+15	3.660580e+01	2.614249e+01	1.795435e+16
4460	6.737641e+15	3.511415e+01	2.524993e+01	2.203816e+16
4461	6.738054e+15	3.615038e+01	2.537404e+01	2.275943e+16
4462	6.738466e+15	3.693578e+01	2.517094e+01	1.012632e+16
4463	6.738878e+15	3.601793e+01	2.471034e+01	1.473040e+16
4464	6.739291e+15	3.705295e+01	2.438810e+01	1.969727e+16
4465	6.739703e+15	3.511440e+01	2.276686e+01	1.431455e+16
4466	6.740127e+15	3.714760e+01	2.330965e+01	1.956276e+16
4467	6.740547e+15	3.947902e+01	2.279909e+01	1.027743e+16
4468	6.740962e+15	3.556579e+01	2.153139e+01	2.158605e+16
4469	6.741394e+15	3.680752e+01	2.278471e+01	2.811672e+16
4470	6.741822e+15	3.731615e+01	2.244684e+01	1.452396e+16
4471	6.742250e+15	3.497896e+01	2.174861e+01	2.001831e+16
4472	6.742684e+15	3.526799e+01	2.131767e+01	2.824523e+16
4473	6.743130e+15	3.924174e+01	2.357898e+01	2.946618e+16
4474	6.743559e+15	3.596227e+01	2.258017e+01	2.605822e+16
4475	6.743998e+15	3.408292e+01	2.204614e+01	3.248808e+16
4476	6.744452e+15	3.665829e+01	2.339333e+01	2.375172e+16
4477	6.744893e+15	3.451669e+01	2.114671e+01	2.269450e+16
4478	6.745352e+15	3.534895e+01	2.154954e+01	1.807247e+16
4479	6.745811e+15	3.674117e+01	2.201888e+01	3.295249e+16
4480	6.746264e+15	3.658925e+01	2.212620e+01	4.467570e+16
4481	6.746716e+15	3.483073e+01	2.147810e+01	2.478151e+16
4482	6.747182e+15	3.819414e+01	2.350575e+01	3.895856e+16
4483	6.747629e+15	3.522602e+01	2.083994e+01	2.372925e+16
4484	6.748099e+15	3.905203e+01	2.338972e+01	2.095604e+16
4485	6.748547e+15	3.928926e+01	2.295129e+01	1.520036e+16
4486	6.748973e+15	3.978062e+01	2.263235e+01	1.330716e+16
4487	6.749385e+15	3.881202e+01	2.191044e+01	2.458250e+16
4488	6.749789e+15	3.760406e+01	2.122045e+01	3.173891e+16
4489	6.750201e+15	3.594171e+01	2.053428e+01	1.490938e+16
4490	6.750619e+15	3.309515e+01	1.877284e+01	2.104558e+16
4491	6.751060e+15	3.039455e+01	1.923733e+01	1.829947e+16
4492	6.751547e+15	3.357318e+01	2.178787e+01	2.214448e+16
4493	6.752028e+15	3.239777e+01	2.001551e+01	1.742725e+16
4494	6.752533e+15	3.264381e+01	1.942035e+01	2.683960e+16
4495	6.753073e+15	3.493046e+01	2.138379e+01	2.839278e+16
4496	6.753614e+15	3.872515e+01	2.368847e+01	3.179010e+16
4497	6.754101e+15	3.137530e+01	1.964708e+01	1.713321e+16
4498	6.754610e+15	3.748560e+01	2.444140e+01	2.020005e+16
4499	6.755062e+15	3.278519e+01	2.028791e+01	2.893726e+16
4500	6.755542e+15	3.776455e+01	2.338530e+01	2.932119e+16
4501	6.756003e+15	3.665626e+01	2.421744e+01	1.485860e+16
4502	6.756438e+15	2.982996e+01	2.041097e+01	5.294050e+15
4503	6.756918e+15	3.360755e+01	2.363120e+01	1.887317e+16
4504	6.757378e+15	3.371145e+01	2.307454e+01	2.285851e+16
4505	6.757826e+15	3.060185e+01	2.040243e+01	1.469113e+16
4506	6.758301e+15	3.063417e+01	2.163879e+01	1.873467e+16
4507	6.758775e+15	3.101569e+01	2.090332e+01	1.618170e+16
4508	6.759247e+15	3.027773e+01	1.975725e+01	2.412942e+16
4509	6.759723e+15	3.007111e+01	1.992234e+01	1.117790e+16
4510	6.760202e+15	2.993326e+01	1.930732e+01	1.159615e+16
4511	6.760682e+15	2.874713e+01	1.820946e+01	2.992511e+16
4512	6.761175e+15	2.989535e+01	1.870332e+01	2.887100e+16
4513	6.761663e+15	3.285961e+01	1.986532e+01	2.572380e+16
4514	6.762126e+15	3.363256e+01	1.968168e+01	2.990362e+16
4515	6.762561e+15	3.251917e+01	1.860616e+01	2.074275e+16
4516	6.762982e+15	3.240568e+01	1.755796e+01	1.640375e+16
4517	6.763403e+15	3.521884e+01	1.850839e+01	1.981786e+16
4518	6.763801e+15	3.327989e+01	1.763897e+01	1.340286e+16
4519	6.764204e+15	3.468646e+01	1.785135e+01	2.022605e+16
4520	6.764601e+15	2.962296e+01	1.504831e+01	3.009865e+16
4521	6.765025e+15	3.066858e+01	1.705748e+01	2.427584e+16
4522	6.765449e+15	3.441805e+01	1.903991e+01	2.438533e+16
4523	6.765837e+15	2.863989e+01	1.564976e+01	2.200526e+16
4524	6.766249e+15	2.910369e+01	1.535040e+01	2.227223e+16
4525	6.766666e+15	2.761592e+01	1.491629e+01	2.500580e+16
4526	6.767095e+15	2.932962e+01	1.596792e+01	2.449570e+16
4527	6.767524e+15	3.116785e+01	1.739008e+01	3.276226e+16
4528	6.767934e+15	2.830239e+01	1.615193e+01	1.728989e+16
4529	6.768358e+15	2.932214e+01	1.660354e+01	3.186830e+16
4530	6.768792e+15	2.511142e+01	1.471413e+01	2.317099e+16
4531	6.769285e+15	2.998045e+01	2.039483e+01	4.515856e+16
4532	6.769759e+15	3.110030e+01	2.133660e+01	2.571823e+16
4533	6.770219e+15	2.986470e+01	2.063421e+01	4.240870e+16
4534	6.770670e+15	3.111001e+01	2.028838e+01	2.988260e+16
4535	6.771103e+15	3.082664e+01	1.846344e+01	2.224256e+16
4536	6.771545e+15	2.878993e+01	1.881902e+01	2.568284e+16
4537	6.771988e+15	2.461934e+01	1.889689e+01	2.108381e+16
4538	6.772453e+15	2.350330e+01	1.990134e+01	3.269538e+16
4539	6.772923e+15	2.193325e+01	1.876209e+01	3.229004e+16
4540	6.773414e+15	2.393998e+01	2.138898e+01	2.480273e+16
4541	6.773898e+15	2.230621e+01	2.181458e+01	2.654600e+16
4542	6.774368e+15	2.100684e+01	2.137959e+01	1.525627e+16
4543	6.774836e+15	2.383169e+01	2.348879e+01	1.979516e+16
4544	6.775272e+15	2.313349e+01	2.247655e+01	2.881732e+16
4545	6.775705e+15	2.481529e+01	2.356855e+01	2.256942e+16
4546	6.776128e+15	2.141908e+01	2.197646e+01	2.339105e+16
4547	6.776569e+15	2.266451e+01	2.453249e+01	2.744948e+16
4548	6.776994e+15	2.517398e+01	2.548913e+01	1.368257e+16
4549	6.777394e+15	2.560708e+01	2.450059e+01	2.342800e+16
4550	6.777785e+15	2.583198e+01	2.347088e+01	2.444865e+16
4551	6.778180e+15	2.675954e+01	2.357088e+01	2.078516e+16
4552	6.778569e+15	2.518727e+01	2.233777e+01	2.058918e+16
4553	6.778967e+15	2.760015e+01	2.389408e+01	1.209554e+16
4554	6.779348e+15	2.557668e+01	2.097405e+01	3.972406e+16
4555	6.779748e+15	2.506972e+01	2.164503e+01	2.362655e+16
4556	6.780155e+15	2.288272e+01	2.117646e+01	1.594459e+16
4557	6.780574e+15	1.847441e+01	1.856599e+01	3.287704e+16
4558	6.781027e+15	1.811976e+01	1.986254e+01	1.435248e+16
4559	6.781515e+15	1.890338e+01	2.378024e+01	2.952728e+16
4560	6.781977e+15	1.655953e+01	2.061482e+01	2.442148e+16
4561	6.782479e+15	1.928106e+01	2.353597e+01	2.712635e+16
4562	6.782976e+15	2.093177e+01	2.472427e+01	2.718475e+16
4563	6.783447e+15	2.101209e+01	2.432477e+01	2.375073e+16
4564	6.783906e+15	2.033923e+01	2.213298e+01	4.189457e+16
4565	6.784378e+15	2.148636e+01	2.372853e+01	3.074084e+16
4566	6.784849e+15	2.123877e+01	2.347177e+01	1.557915e+16
4567	6.785324e+15	2.241405e+01	2.423778e+01	2.037306e+16
4568	6.785796e+15	2.221439e+01	2.398057e+01	3.364586e+16
4569	6.786269e+15	2.189607e+01	2.418915e+01	2.805118e+16
4570	6.786743e+15	2.027711e+01	2.499726e+01	2.590293e+16
4571	6.787220e+15	1.957904e+01	2.475535e+01	1.858308e+16
4572	6.787708e+15	1.776399e+01	2.232852e+01	3.581387e+16
4573	6.788243e+15	1.928781e+01	2.509584e+01	2.945189e+16
4574	6.788781e+15	1.765061e+01	2.305484e+01	4.180391e+16
4575	6.789355e+15	1.739555e+01	2.444892e+01	3.083429e+16
4576	6.789949e+15	2.000655e+01	2.836875e+01	2.101712e+16
4577	6.790489e+15	1.779792e+01	2.343080e+01	3.196378e+16
4578	6.791047e+15	1.817274e+01	2.551864e+01	3.321751e+16
4579	6.791576e+15	1.728514e+01	2.282787e+01	3.219299e+16
4580	6.792126e+15	1.917445e+01	2.448940e+01	2.436123e+16
4581	6.792671e+15	1.885475e+01	2.551226e+01	3.053220e+16
4582	6.793214e+15	1.538350e+01	2.280537e+01	2.720606e+16
4583	6.793811e+15	1.663499e+01	2.770074e+01	4.936833e+16
4584	6.794380e+15	1.365398e+01	2.366997e+01	2.585840e+16
4585	6.795006e+15	1.217659e+01	2.396905e+01	3.530589e+16
4586	6.795699e+15	1.683723e+01	3.055097e+01	5.748140e+16
4587	6.796347e+15	1.494204e+01	2.950614e+01	3.995393e+16
4588	6.796989e+15	1.569687e+01	3.226411e+01	5.391783e+16
4589	6.797581e+15	1.470434e+01	3.072462e+01	2.328021e+16
4590	6.798151e+15	2.417631e+01	4.660583e+01	4.667132e+16
4591	6.798541e+15	2.662035e+01	2.887171e+01	1.885244e+16
4592	6.798950e+15	2.669812e+01	2.983097e+01	2.151380e+16
4593	6.799374e+15	2.345551e+01	2.871944e+01	2.920042e+16
4594	6.799833e+15	2.210904e+01	3.292770e+01	2.086570e+16
4595	6.800279e+15	1.948808e+01	3.066222e+01	2.848889e+16
4596	6.800737e+15	1.898247e+01	3.073805e+01	3.706242e+16
4597	6.801216e+15	1.631633e+01	2.893769e+01	2.844914e+16
4598	6.801743e+15	1.648226e+01	3.264422e+01	4.054709e+16
4599	6.802282e+15	1.525928e+01	3.052814e+01	3.969088e+16
4600	6.802874e+15	1.585253e+01	3.424459e+01	3.707732e+16
4601	6.803484e+15	1.305999e+01	3.298871e+01	3.579724e+16
4602	6.804125e+15	1.500486e+01	4.092432e+01	5.515239e+16
4603	6.804714e+15	1.596438e+01	3.764237e+01	3.178962e+16
4604	6.805293e+15	1.930792e+01	3.819629e+01	4.487492e+16
4605	6.805849e+15	2.562844e+01	4.004746e+01	5.311969e+16
4606	6.806343e+15	2.679255e+01	3.287118e+01	4.830090e+16
4607	6.806835e+15	3.482967e+01	3.574908e+01	3.658959e+16
4608	6.807282e+15	3.388870e+01	3.189750e+01	4.445184e+16
4609	6.807735e+15	4.045614e+01	3.459507e+01	4.223971e+16
4610	6.808167e+15	4.626415e+01	3.534890e+01	3.144169e+16
4611	6.808577e+15	4.738984e+01	3.405418e+01	4.000097e+16
4612	6.808976e+15	4.895107e+01	3.239085e+01	2.580201e+16
4613	6.809368e+15	5.578273e+01	3.380596e+01	2.252723e+16
4614	6.809734e+15	5.065372e+01	2.937519e+01	2.739713e+16
4615	6.810114e+15	6.118675e+01	3.226465e+01	3.222883e+16
4616	6.810466e+15	4.853237e+01	2.548777e+01	1.749834e+16
4617	6.810855e+15	5.186979e+01	2.988750e+01	2.700975e+16
4618	6.811243e+15	5.217074e+01	2.941737e+01	2.382226e+16
4619	6.811640e+15	5.163356e+01	2.827274e+01	2.331469e+16
4620	6.812063e+15	6.106787e+01	3.433955e+01	3.157887e+16
4621	6.812450e+15	4.882027e+01	2.714278e+01	2.408447e+16
4622	6.812878e+15	6.288878e+01	3.587109e+01	2.291641e+16
4623	6.813255e+15	5.233810e+01	2.813404e+01	2.889371e+16
4624	6.813658e+15	4.846624e+01	2.738927e+01	3.085687e+16
4625	6.814093e+15	4.806115e+01	3.067936e+01	4.210724e+16
4626	6.814537e+15	5.140687e+01	3.496004e+01	3.084117e+16
4627	6.814951e+15	4.406069e+01	3.147539e+01	2.474155e+16
4628	6.815379e+15	4.312253e+01	3.236007e+01	3.648080e+16
4629	6.815813e+15	4.294634e+01	3.322481e+01	2.979860e+16
4630	6.816241e+15	4.499508e+01	3.394250e+01	2.707023e+16
4631	6.816656e+15	4.336739e+01	3.166780e+01	2.961932e+16
4632	6.817079e+15	4.105618e+01	3.046095e+01	2.739774e+16
4633	6.817520e+15	4.458649e+01	3.376472e+01	4.305874e+16
4634	6.817945e+15	4.182955e+01	3.162559e+01	3.602404e+16
4635	6.818375e+15	3.702469e+01	2.835528e+01	1.588870e+16
4636	6.818844e+15	4.308702e+01	3.363541e+01	2.813886e+16
4637	6.819292e+15	4.057094e+01	3.083126e+01	3.464723e+16
4638	6.819751e+15	4.373145e+01	3.223697e+01	2.355536e+16
4639	6.820199e+15	4.260626e+01	2.989985e+01	2.934005e+16
4640	6.820655e+15	4.119034e+01	3.075775e+01	1.006101e+16
4641	6.821112e+15	3.730916e+01	2.751379e+01	3.035560e+16
4642	6.821604e+15	4.142303e+01	3.232250e+01	2.257862e+16
4643	6.822091e+15	4.037679e+01	3.146591e+01	2.321718e+16
4644	6.822577e+15	3.747536e+01	2.986379e+01	1.989509e+16
4645	6.823091e+15	3.876934e+01	3.164798e+01	2.161442e+16
4646	6.823602e+15	4.184988e+01	3.198339e+01	2.352079e+16
4647	6.824097e+15	3.790170e+01	2.876790e+01	1.889438e+16
4648	6.824618e+15	4.315777e+01	3.259074e+01	1.494370e+16
4649	6.825113e+15	3.540212e+01	2.736941e+01	2.334566e+16
4650	6.825650e+15	4.265278e+01	3.364258e+01	2.632126e+16
4651	6.826143e+15	3.280635e+01	2.512110e+01	1.614273e+16
4652	6.826694e+15	3.582303e+01	2.904635e+01	2.532516e+16
4653	6.827258e+15	3.663784e+01	2.980675e+01	4.159517e+16
4654	6.827831e+15	3.062298e+01	2.363362e+01	2.772163e+16
4655	6.828505e+15	3.753708e+01	3.027006e+01	2.308712e+16
4656	6.829173e+15	3.633928e+01	2.991350e+01	3.605470e+16
4657	6.829863e+15	3.725998e+01	3.197636e+01	6.389533e+16
4658	6.830555e+15	3.728075e+01	3.173399e+01	4.644610e+16
4659	6.831264e+15	4.165304e+01	3.538308e+01	4.702580e+16
4660	6.831935e+15	3.987780e+01	3.326202e+01	3.504213e+16
4661	6.832612e+15	4.454251e+01	3.526364e+01	4.100005e+16
4662	6.833256e+15	4.736755e+01	3.625941e+01	4.331247e+16
4663	6.833852e+15	4.689642e+01	3.450549e+01	4.032403e+16
4664	6.834414e+15	4.831200e+01	3.383801e+01	2.417619e+16
4665	6.834951e+15	4.814523e+01	3.268738e+01	1.991949e+16
4666	6.835472e+15	5.062960e+01	3.470673e+01	2.060703e+16
4667	6.835959e+15	4.871705e+01	3.237425e+01	3.431279e+16
4668	6.836448e+15	5.171236e+01	3.410232e+01	3.245432e+16
4669	6.836920e+15	5.032904e+01	3.291348e+01	3.038018e+16
4670	6.837389e+15	4.710727e+01	3.244843e+01	2.712103e+16
4671	6.837864e+15	5.131384e+01	3.543761e+01	3.202856e+16
4672	6.838307e+15	4.594364e+01	3.175474e+01	2.121182e+16
4673	6.838762e+15	4.838110e+01	3.385143e+01	1.725713e+16
4674	6.839204e+15	4.349421e+01	3.160939e+01	3.068756e+16
4675	6.839660e+15	4.293743e+01	3.157080e+01	2.652161e+16
4676	6.840129e+15	4.372495e+01	3.297134e+01	3.213428e+16
4677	6.840594e+15	3.871241e+01	2.978626e+01	3.292193e+16
4678	6.841097e+15	3.729790e+01	3.012546e+01	3.176402e+16
4679	6.841638e+15	3.905542e+01	3.115366e+01	2.884229e+16
4680	6.842194e+15	3.887646e+01	3.112878e+01	3.402470e+16
4681	6.842765e+15	4.168509e+01	3.302705e+01	4.697453e+16
4682	6.843320e+15	4.181774e+01	3.096548e+01	2.839760e+16
4683	6.843869e+15	4.095846e+01	3.042174e+01	3.806495e+16
4684	6.844444e+15	4.418454e+01	3.208959e+01	3.983654e+16
4685	6.845023e+15	4.603768e+01	3.283848e+01	2.832857e+16
4686	6.845585e+15	4.565826e+01	3.179775e+01	4.395888e+16
4687	6.846143e+15	4.404857e+01	3.066291e+01	2.909094e+16
4688	6.846718e+15	4.954764e+01	3.151734e+01	4.777305e+16
4689	6.847283e+15	4.820735e+01	2.982362e+01	5.084125e+16
4690	6.847872e+15	5.146541e+01	3.235159e+01	4.614347e+16
4691	6.848458e+15	4.865492e+01	3.131830e+01	5.214139e+16
4692	6.849061e+15	5.067710e+01	3.251678e+01	5.075024e+16
4693	6.849667e+15	5.279676e+01	3.317689e+01	3.582934e+16
4694	6.850274e+15	5.863699e+01	3.661760e+01	3.820604e+16
4695	6.850833e+15	5.226115e+01	3.239424e+01	5.044733e+16
4696	6.851401e+15	5.490293e+01	3.341468e+01	3.858818e+16
4697	6.851969e+15	6.129722e+01	3.724769e+01	2.927075e+16
4698	6.852496e+15	6.004985e+01	3.571464e+01	4.155724e+16
4699	6.853002e+15	6.111573e+01	3.617706e+01	3.332507e+16
4700	6.853483e+15	6.031930e+01	3.526975e+01	2.576228e+16
4701	6.853944e+15	5.813243e+01	3.293777e+01	2.976981e+16
4702	6.854413e+15	6.281475e+01	3.630556e+01	2.371970e+16
4703	6.854852e+15	5.902963e+01	3.457060e+01	3.294906e+16
4704	6.855285e+15	5.665926e+01	3.355876e+01	9.220809e+15
4705	6.855723e+15	6.140048e+01	3.595055e+01	3.896854e+16
4706	6.856133e+15	5.357268e+01	3.216698e+01	2.327964e+16
4707	6.856558e+15	5.724154e+01	3.535197e+01	2.236127e+16
4708	6.856973e+15	5.453857e+01	3.278641e+01	2.146314e+16
4709	6.857400e+15	5.360051e+01	3.346046e+01	2.656749e+16
4710	6.857830e+15	5.763122e+01	3.505395e+01	2.777037e+16
4711	6.858249e+15	6.026515e+01	3.478952e+01	2.096708e+16
4712	6.858659e+15	5.516440e+01	3.168803e+01	2.252580e+16
4713	6.859083e+15	5.838410e+01	3.305641e+01	2.419728e+16
4714	6.859500e+15	5.969669e+01	3.212710e+01	3.436944e+16
4715	6.859912e+15	5.887533e+01	3.128257e+01	2.664406e+16
4716	6.860329e+15	5.554781e+01	3.083839e+01	1.502606e+16
4717	6.860754e+15	5.575301e+01	2.934694e+01	2.623887e+16
4718	6.861185e+15	5.591252e+01	2.911265e+01	1.904194e+16
4719	6.861622e+15	5.442774e+01	2.886910e+01	1.995518e+16
4720	6.862069e+15	9.792511e+01	4.914097e+01	2.450465e+16
4721	6.862350e+15	6.377886e+01	3.267916e+01	2.072726e+16
4722	6.862607e+15	5.784534e+01	3.008123e+01	2.066201e+16
4723	6.862857e+15	5.986168e+01	2.987318e+01	1.564383e+16
4724	6.863098e+15	5.806407e+01	3.002682e+01	1.461843e+16
4725	6.863333e+15	4.755796e+01	2.639097e+01	1.274072e+16
4726	6.863591e+15	5.383791e+01	3.078800e+01	2.288136e+16
4727	6.863843e+15	4.215788e+01	2.498958e+01	8.330834e+15
4728	6.864132e+15	4.628219e+01	2.700259e+01	2.033058e+16
4729	6.864441e+15	4.376887e+01	2.526944e+01	2.220843e+16
4730	6.864789e+15	4.029304e+01	2.339604e+01	2.873845e+16
4731	6.865206e+15	4.170646e+01	2.520807e+01	3.124616e+16
4732	6.865676e+15	4.430363e+01	2.662458e+01	1.635980e+16
4733	6.866175e+15	4.568978e+01	2.751765e+01	2.064442e+16
4734	6.866690e+15	4.825727e+01	2.861312e+01	3.101913e+16
4735	6.867205e+15	4.425487e+01	2.714614e+01	3.790782e+16
4736	6.867751e+15	4.820326e+01	3.141337e+01	1.901798e+16
4737	6.868265e+15	4.055739e+01	2.653132e+01	2.709672e+16
4738	6.868809e+15	4.697541e+01	3.013078e+01	3.454517e+16
4739	6.869321e+15	4.667143e+01	2.926138e+01	2.556069e+16
4740	6.869814e+15	4.141133e+01	2.673281e+01	3.478617e+16
4741	6.870328e+15	4.447973e+01	2.941973e+01	1.950419e+16
4742	6.870816e+15	3.963916e+01	2.792924e+01	3.197521e+16
4743	6.871311e+15	4.143625e+01	3.101671e+01	2.794698e+16
4744	6.871782e+15	4.070534e+01	3.109279e+01	2.162513e+16
4745	6.872239e+15	3.968086e+01	3.097548e+01	2.371997e+16
4746	6.872687e+15	3.805703e+01	3.064329e+01	4.056190e+16
4747	6.873135e+15	3.738326e+01	3.078251e+01	3.005293e+16
4748	6.873584e+15	3.789455e+01	3.277153e+01	2.012586e+16
4749	6.874013e+15	3.505802e+01	3.053139e+01	2.178384e+16
4750	6.874451e+15	3.596364e+01	3.197347e+01	2.196644e+16
4751	6.874886e+15	3.625162e+01	3.214336e+01	1.812800e+16
4752	6.875319e+15	3.357459e+01	3.141633e+01	1.829769e+16
4753	6.875759e+15	3.232943e+01	3.017159e+01	2.547825e+16
4754	6.876217e+15	3.667725e+01	3.286656e+01	1.463477e+16
4755	6.876660e+15	3.658756e+01	3.066223e+01	1.913644e+16
4756	6.877103e+15	3.407209e+01	3.003585e+01	2.141558e+16
4757	6.877560e+15	3.481656e+01	3.202672e+01	3.106759e+16
4758	6.878010e+15	3.533441e+01	3.243559e+01	4.643796e+16
4759	6.878456e+15	3.806484e+01	3.329862e+01	3.013352e+16
4760	6.878882e+15	4.077868e+01	3.340286e+01	4.038632e+16
4761	6.879277e+15	3.691769e+01	2.997406e+01	1.110790e+16
4762	6.879668e+15	3.964928e+01	2.956867e+01	2.286749e+16
4763	6.880059e+15	3.827899e+01	2.814161e+01	1.945332e+16
4764	6.880453e+15	3.771721e+01	2.816030e+01	2.091515e+16
4765	6.880852e+15	4.694326e+01	3.104721e+01	1.082701e+16
4766	6.881219e+15	3.909243e+01	2.766553e+01	2.396446e+16
4767	6.881590e+15	3.409431e+01	2.491787e+01	1.610259e+16
4768	6.882003e+15	4.523791e+01	3.301898e+01	2.497752e+16
4769	6.882369e+15	3.364343e+01	2.406752e+01	2.525221e+16
4770	6.882789e+15	4.471466e+01	3.153374e+01	3.839919e+16
4771	6.883175e+15	4.050751e+01	2.799471e+01	3.659133e+16
4772	6.883560e+15	3.814347e+01	2.429553e+01	2.577639e+16
4773	6.883995e+15	4.867875e+01	3.135709e+01	3.947072e+16
4774	6.884392e+15	3.654677e+01	2.395962e+01	1.811516e+16
4775	6.884850e+15	3.947897e+01	2.772086e+01	3.725535e+16
4776	6.885331e+15	3.864821e+01	2.880808e+01	2.308499e+16
4777	6.885825e+15	4.278420e+01	3.040011e+01	2.456723e+16
4778	6.886299e+15	4.095329e+01	2.772648e+01	3.228726e+16
4779	6.886773e+15	4.181404e+01	2.881808e+01	3.177005e+16
4780	6.887247e+15	4.114460e+01	2.816392e+01	3.737766e+16
4781	6.887728e+15	4.173544e+01	2.835682e+01	3.020927e+16
4782	6.888202e+15	4.138737e+01	2.698272e+01	1.178750e+16
4783	6.888674e+15	3.920931e+01	2.343044e+01	2.649708e+16
4784	6.889197e+15	5.122091e+01	3.205482e+01	3.003126e+16
4785	6.889643e+15	3.288721e+01	2.243364e+01	2.568704e+16
4786	6.890169e+15	4.464724e+01	3.093617e+01	3.612022e+16
4787	6.890668e+15	4.263184e+01	3.044406e+01	4.680227e+16
4788	6.891146e+15	4.220537e+01	3.043742e+01	2.635687e+16
4789	6.891609e+15	4.385640e+01	3.180374e+01	2.844872e+16
4790	6.892049e+15	4.378291e+01	3.159922e+01	1.571829e+16
4791	6.892477e+15	4.409986e+01	3.312293e+01	2.341495e+16
4792	6.892883e+15	4.265158e+01	3.122171e+01	3.062396e+16
4793	6.893287e+15	3.947755e+01	2.940977e+01	1.451196e+16
4794	6.893710e+15	4.509323e+01	3.295576e+01	1.171772e+16
4795	6.894104e+15	3.847790e+01	2.729932e+01	2.305465e+16
4796	6.894525e+15	4.160823e+01	3.106309e+01	1.307772e+16
4797	6.894951e+15	4.355512e+01	3.317243e+01	2.998945e+16
4798	6.895361e+15	4.415838e+01	3.320834e+01	3.457007e+16
4799	6.895761e+15	4.398428e+01	3.207492e+01	2.363278e+16
4800	6.896166e+15	4.654871e+01	3.207508e+01	3.347149e+16
4801	6.896573e+15	4.933209e+01	3.291380e+01	2.623065e+16
4802	6.896968e+15	4.400136e+01	3.029834e+01	2.262507e+16
4803	6.897379e+15	4.591689e+01	3.060961e+01	1.474428e+16
4804	6.897801e+15	4.852874e+01	3.147006e+01	3.137940e+16
4805	6.898217e+15	4.351921e+01	2.847637e+01	2.242287e+16
4806	6.898656e+15	4.846700e+01	3.173614e+01	3.626032e+16
4807	6.899075e+15	4.854928e+01	3.028250e+01	2.581449e+16
4808	6.899494e+15	4.574755e+01	2.979513e+01	3.816714e+16
4809	6.899922e+15	4.431328e+01	2.967810e+01	2.944234e+16
4810	6.900355e+15	4.647935e+01	3.198295e+01	3.119000e+16
4811	6.900773e+15	4.122595e+01	2.861911e+01	2.530292e+16
4812	6.901214e+15	3.997414e+01	2.764581e+01	3.528822e+16
4813	6.901683e+15	3.994841e+01	3.000840e+01	3.170664e+16
4814	6.902177e+15	4.659273e+01	3.489021e+01	1.613115e+16
4815	6.902637e+15	4.383767e+01	3.272122e+01	2.415648e+16
4816	6.903090e+15	4.506148e+01	3.280003e+01	4.369777e+16
4817	6.903532e+15	4.658400e+01	3.234247e+01	2.461006e+16
4818	6.903967e+15	4.660345e+01	3.154864e+01	2.867462e+16
4819	6.904408e+15	4.193178e+01	2.849625e+01	1.666986e+16
4820	6.904878e+15	4.283809e+01	3.015376e+01	3.328415e+16
4821	6.905356e+15	4.797798e+01	3.387599e+01	3.754453e+16
4822	6.905797e+15	3.835375e+01	2.836364e+01	3.771842e+16
4823	6.906272e+15	4.291856e+01	3.071167e+01	1.209181e+16
4824	6.906757e+15	4.576981e+01	3.240703e+01	4.555180e+16
4825	6.907216e+15	4.821530e+01	3.433413e+01	2.167311e+16
4826	6.907633e+15	4.442365e+01	2.938970e+01	1.754916e+16
4827	6.908067e+15	4.921200e+01	3.292827e+01	3.084288e+16
4828	6.908476e+15	3.832727e+01	2.628517e+01	1.850993e+16
4829	6.908937e+15	4.269543e+01	3.146508e+01	2.719476e+16
4830	6.909397e+15	4.899296e+01	3.577518e+01	2.340760e+16
4831	6.909811e+15	4.334450e+01	3.044347e+01	2.602872e+16
4832	6.910244e+15	4.645110e+01	3.256145e+01	2.674031e+16
4833	6.910667e+15	4.446759e+01	3.186282e+01	2.173298e+16
4834	6.911087e+15	4.663504e+01	3.347980e+01	2.718409e+16
4835	6.911496e+15	4.899076e+01	3.379337e+01	2.029805e+16
4836	6.911892e+15	4.397183e+01	3.048697e+01	2.360657e+16
4837	6.912311e+15	4.829021e+01	3.286755e+01	1.307146e+16
4838	6.912723e+15	4.515317e+01	2.915180e+01	2.032599e+16
4839	6.913147e+15	4.340542e+01	2.992969e+01	1.907040e+16
4840	6.913583e+15	4.289119e+01	3.127172e+01	4.424669e+16
4841	6.914021e+15	4.309461e+01	3.198676e+01	3.531333e+16
4842	6.914460e+15	4.083977e+01	3.073740e+01	1.329162e+16
4843	6.914912e+15	4.186659e+01	3.209174e+01	2.357548e+16
4844	6.915344e+15	3.818242e+01	3.067283e+01	1.448063e+16
4845	6.915774e+15	3.653279e+01	2.979840e+01	2.401268e+16
4846	6.916209e+15	3.680899e+01	3.116088e+01	3.636093e+16
4847	6.916636e+15	3.421841e+01	2.972179e+01	2.170896e+16
4848	6.917074e+15	3.783773e+01	3.123202e+01	3.244589e+16
4849	6.917502e+15	3.710575e+01	2.976305e+01	2.348925e+16
4850	6.917935e+15	3.690042e+01	3.013631e+01	2.785006e+16
4851	6.918374e+15	3.909829e+01	3.051113e+01	3.447722e+16
4852	6.918817e+15	4.098125e+01	3.137301e+01	2.970054e+16
4853	6.919250e+15	4.126009e+01	3.011587e+01	1.216719e+16
4854	6.919682e+15	4.422003e+01	3.012439e+01	2.668645e+16
4855	6.920109e+15	4.413953e+01	3.023023e+01	1.819173e+16
4856	6.920533e+15	4.597314e+01	3.022585e+01	2.320384e+16
4857	6.920952e+15	4.540374e+01	2.996579e+01	9.424907e+15
4858	6.921362e+15	4.147592e+01	2.865666e+01	2.527811e+16
4859	6.921787e+15	4.479462e+01	2.980893e+01	1.450430e+16
4860	6.922212e+15	4.416559e+01	2.867456e+01	3.346732e+16
4861	6.922645e+15	4.159995e+01	2.678250e+01	3.329052e+16
4862	6.923104e+15	4.414347e+01	2.895502e+01	2.009661e+16
4863	6.923555e+15	4.294713e+01	2.816209e+01	2.757767e+16
4864	6.924012e+15	3.648777e+01	2.417653e+01	2.695552e+16
4865	6.924531e+15	4.151842e+01	2.793074e+01	2.768522e+16
4866	6.925044e+15	4.218622e+01	3.052432e+01	2.477546e+16
4867	6.925517e+15	4.034818e+01	2.842299e+01	1.880122e+16
4868	6.925984e+15	4.351911e+01	3.027730e+01	2.444552e+16
4869	6.926429e+15	4.533226e+01	3.013465e+01	3.261945e+16
4870	6.926855e+15	4.165019e+01	2.776938e+01	1.716335e+16
4871	6.927289e+15	4.409187e+01	2.922373e+01	2.138136e+16
4872	6.927708e+15	4.497847e+01	2.845485e+01	1.529949e+16
4873	6.928122e+15	4.413388e+01	2.832457e+01	2.015986e+16
4874	6.928526e+15	4.108988e+01	2.679010e+01	2.589965e+16
4875	6.928943e+15	4.203549e+01	2.743379e+01	1.782032e+16
4876	6.929364e+15	4.079353e+01	2.694299e+01	1.748929e+16
4877	6.929795e+15	4.244115e+01	2.840408e+01	1.327167e+16
4878	6.930220e+15	3.718159e+01	2.553100e+01	1.534627e+16
4879	6.930675e+15	4.074610e+01	2.801908e+01	2.683035e+16
4880	6.931132e+15	3.579171e+01	2.515344e+01	1.473622e+16
4881	6.931629e+15	3.824190e+01	2.748480e+01	4.062963e+16
4882	6.932133e+15	3.961697e+01	2.802690e+01	2.971076e+16
4883	6.932638e+15	3.841970e+01	2.833449e+01	2.130730e+16
4884	6.933149e+15	4.207388e+01	3.047404e+01	3.714344e+16
4885	6.933634e+15	4.391385e+01	3.091878e+01	2.883433e+16
4886	6.934095e+15	4.114231e+01	3.012564e+01	2.824941e+16
4887	6.934544e+15	4.143844e+01	2.946886e+01	3.730903e+16
4888	6.934985e+15	4.386133e+01	3.050292e+01	3.547516e+16
4889	6.935407e+15	4.268210e+01	2.970760e+01	4.856437e+16
4890	6.935826e+15	4.424011e+01	3.078518e+01	3.434253e+16
4891	6.936233e+15	4.278085e+01	3.082688e+01	3.383331e+16
4892	6.936626e+15	3.846520e+01	2.801473e+01	3.573273e+16
4893	6.937031e+15	4.144492e+01	3.003276e+01	1.990006e+16
4894	6.937432e+15	4.312785e+01	3.092641e+01	3.300453e+16
4895	6.937822e+15	3.710690e+01	2.683088e+01	1.153697e+16
4896	6.938245e+15	4.068620e+01	2.997583e+01	2.570289e+16
4897	6.938664e+15	4.183922e+01	2.899628e+01	1.369364e+16
4898	6.939087e+15	3.411648e+01	2.545343e+01	1.345603e+16
4899	6.939570e+15	3.996447e+01	3.022874e+01	2.986559e+16
4900	6.940047e+15	3.640365e+01	2.748729e+01	1.421958e+16
4901	6.940548e+15	3.563172e+01	2.788250e+01	2.966147e+16
4902	6.941070e+15	3.588316e+01	2.838307e+01	1.573108e+16
4903	6.941605e+15	3.821246e+01	3.163649e+01	2.294793e+16
4904	6.942112e+15	4.327218e+01	3.632594e+01	2.439583e+16
4905	6.942552e+15	3.593817e+01	2.988912e+01	2.104839e+16
4906	6.942998e+15	4.258430e+01	3.400479e+01	2.074287e+16
4907	6.943405e+15	4.416008e+01	3.088765e+01	3.779206e+16
4908	6.943798e+15	4.287292e+01	2.825473e+01	2.510580e+16
4909	6.944205e+15	4.550396e+01	3.183607e+01	3.168982e+16
4910	6.944592e+15	3.885722e+01	2.760961e+01	1.086117e+16
4911	6.945006e+15	3.967535e+01	3.005862e+01	1.771753e+16
4912	6.945430e+15	4.300325e+01	3.219501e+01	1.671409e+16
4913	6.945839e+15	4.144800e+01	2.939850e+01	2.329548e+16
4914	6.946254e+15	4.187384e+01	3.046942e+01	2.527082e+16
4915	6.946659e+15	4.367508e+01	2.926813e+01	1.812031e+16
4916	6.947047e+15	4.235989e+01	2.754616e+01	2.004988e+16
4917	6.947429e+15	3.956650e+01	2.433460e+01	2.006524e+16
4918	6.947833e+15	3.799103e+01	2.610681e+01	1.861654e+16
4919	6.948246e+15	2.990792e+01	2.149191e+01	1.803763e+16
4920	6.948725e+15	3.852504e+01	2.939603e+01	2.041753e+16
4921	6.949162e+15	2.784473e+01	2.116539e+01	2.188449e+16
4922	6.949667e+15	3.381610e+01	2.739752e+01	3.471646e+16
4923	6.950167e+15	3.132713e+01	2.383371e+01	2.601018e+16
4924	6.950718e+15	3.971323e+01	2.837255e+01	2.738860e+16
4925	6.951222e+15	3.724077e+01	2.402809e+01	2.850037e+16
4926	6.951743e+15	4.228246e+01	2.643120e+01	2.704510e+16
4927	6.952242e+15	3.603425e+01	2.235655e+01	1.477745e+16
4928	6.952778e+15	4.109674e+01	2.531479e+01	2.783421e+16
4929	6.953305e+15	4.444709e+01	2.717520e+01	3.585174e+16
4930	6.953803e+15	4.004731e+01	2.396270e+01	2.850318e+16
4931	6.954325e+15	4.301042e+01	2.488878e+01	1.330362e+16
4932	6.954842e+15	4.491925e+01	2.505878e+01	3.426551e+16
4933	6.955339e+15	4.244602e+01	2.352727e+01	3.041159e+16
4934	6.955840e+15	4.272921e+01	2.393482e+01	3.085332e+16
4935	6.956338e+15	4.116889e+01	2.417696e+01	2.517986e+16
4936	6.956835e+15	3.967714e+01	2.425567e+01	3.202252e+16
4937	6.957332e+15	3.971037e+01	2.488559e+01	4.241850e+16
4938	6.957825e+15	3.910395e+01	2.467879e+01	2.940135e+16
4939	6.958324e+15	3.933980e+01	2.583186e+01	3.892901e+16
4940	6.958814e+15	3.950880e+01	2.581950e+01	2.327941e+16
4941	6.959294e+15	3.686156e+01	2.429365e+01	2.836132e+16
4942	6.959789e+15	4.016798e+01	2.671196e+01	1.402025e+16
4943	6.960262e+15	3.427341e+01	2.271408e+01	2.375862e+16
4944	6.960767e+15	3.698212e+01	2.486395e+01	2.615793e+16
4945	6.961263e+15	3.898525e+01	2.600672e+01	1.783851e+16
4946	6.961733e+15	3.587258e+01	2.475469e+01	1.650144e+16
4947	6.962204e+15	3.748625e+01	2.607429e+01	2.942634e+16
4948	6.962656e+15	3.844043e+01	2.622288e+01	2.925737e+16
4949	6.963088e+15	3.857706e+01	2.537198e+01	1.331931e+16
4950	6.963509e+15	3.883760e+01	2.558604e+01	3.539843e+16
4951	6.963919e+15	4.016328e+01	2.549761e+01	2.085617e+16
4952	6.964320e+15	3.727133e+01	2.227521e+01	1.013963e+16
4953	6.964736e+15	3.925043e+01	2.363708e+01	1.962955e+16
4954	6.965139e+15	3.603025e+01	2.292564e+01	7.702745e+15
4955	6.965540e+15	3.404389e+01	2.518405e+01	3.388741e+16
4956	6.965956e+15	3.065930e+01	2.578710e+01	1.690161e+16
4957	6.966381e+15	3.232509e+01	2.591196e+01	3.153283e+16
4958	6.966809e+15	3.410566e+01	2.671053e+01	3.132416e+16
4959	6.967240e+15	3.148221e+01	2.543944e+01	3.060029e+16
4960	6.967700e+15	3.355655e+01	2.724862e+01	2.008393e+16
4961	6.968157e+15	3.142024e+01	2.713669e+01	2.889970e+16
4962	6.968613e+15	3.171295e+01	2.716066e+01	3.027759e+16
4963	6.969075e+15	2.937629e+01	2.317635e+01	3.113578e+16
4964	6.969583e+15	3.010777e+01	2.547834e+01	3.047950e+16
4965	6.970105e+15	3.337092e+01	2.842471e+01	5.016437e+16
4966	6.970603e+15	3.188766e+01	2.791272e+01	2.080797e+16
4967	6.971087e+15	3.255954e+01	2.782458e+01	1.932178e+16
4968	6.971561e+15	3.337749e+01	2.894363e+01	2.540714e+16
4969	6.972020e+15	3.314448e+01	3.006011e+01	2.130252e+16
4970	6.972463e+15	3.098018e+01	2.925367e+01	2.630180e+16
4971	6.972908e+15	3.308043e+01	3.101809e+01	3.787663e+16
4972	6.973325e+15	3.222459e+01	2.921753e+01	3.647414e+16
4973	6.973733e+15	3.012262e+01	2.532895e+01	3.147119e+16
4974	6.974165e+15	2.908927e+01	2.379310e+01	3.233070e+16
4975	6.974629e+15	3.251318e+01	2.768826e+01	3.628765e+16
4976	6.975076e+15	2.862256e+01	2.546560e+01	1.493543e+16
4977	6.975532e+15	3.210985e+01	2.906644e+01	2.566936e+16
4978	6.975945e+15	2.773879e+01	2.331375e+01	2.735353e+16
4979	6.976396e+15	2.888976e+01	2.628794e+01	2.311064e+16
4980	6.976855e+15	2.879738e+01	2.807998e+01	1.250349e+16
4981	6.977294e+15	2.681179e+01	2.663347e+01	2.463030e+16
4982	6.977737e+15	3.009816e+01	2.923890e+01	3.076765e+16
4983	6.978147e+15	2.837581e+01	2.634543e+01	2.015245e+16
4984	6.978569e+15	2.889644e+01	2.725588e+01	1.981907e+16
4985	6.978997e+15	2.831199e+01	2.817600e+01	2.260101e+16
4986	6.979413e+15	2.256668e+01	2.417381e+01	1.474518e+16
4987	6.979883e+15	2.557913e+01	3.033608e+01	2.665716e+16
4988	6.980337e+15	2.665360e+01	2.992631e+01	2.311849e+16
4989	6.980792e+15	2.728142e+01	2.972186e+01	3.598800e+16
4990	6.981247e+15	2.909616e+01	2.981053e+01	4.175808e+16
4991	6.981703e+15	3.151485e+01	3.038110e+01	2.411367e+16
4992	6.982149e+15	3.176135e+01	3.032113e+01	3.291898e+16
4993	6.982583e+15	3.100044e+01	2.875338e+01	3.566961e+16
4994	6.983019e+15	3.676520e+01	2.984853e+01	2.476891e+16
4995	6.983433e+15	3.522253e+01	2.747263e+01	2.734188e+16
4996	6.983853e+15	3.421203e+01	2.631882e+01	2.981870e+16
4997	6.984291e+15	3.612182e+01	2.840468e+01	1.944497e+16
4998	6.984727e+15	3.554014e+01	2.809903e+01	2.047238e+16
4999	6.985161e+15	3.960554e+01	2.946474e+01	2.958285e+16
5000	6.985572e+15	7.456055e+01	4.904382e+01	4.482228e+16
5001	6.985810e+15	4.195908e+01	2.438462e+01	1.792707e+16
5002	6.986074e+15	4.393594e+01	2.702812e+01	2.079365e+16
5003	6.986335e+15	4.202909e+01	2.463260e+01	9.992906e+15
5004	6.986614e+15	4.435309e+01	2.556191e+01	1.115780e+16
5005	6.986900e+15	3.556850e+01	2.216932e+01	1.647810e+16
5006	6.987221e+15	3.417049e+01	2.291861e+01	1.885379e+16
5007	6.987577e+15	3.315228e+01	2.381588e+01	1.562962e+16
5008	6.987968e+15	3.122399e+01	2.322585e+01	3.069724e+16
5009	6.988408e+15	3.549963e+01	2.655911e+01	2.414668e+16
5010	6.988852e+15	3.492312e+01	2.493187e+01	3.450768e+16
5011	6.989323e+15	4.087681e+01	2.854253e+01	3.209707e+16
5012	6.989768e+15	3.616522e+01	2.617968e+01	3.084287e+16
5013	6.990232e+15	3.073558e+01	2.327328e+01	3.069821e+16
5014	6.990787e+15	4.792266e+01	3.694276e+01	3.801257e+16
5015	6.991236e+15	3.552238e+01	2.763675e+01	1.458119e+16
5016	6.991715e+15	3.970534e+01	3.202317e+01	2.415551e+16
5017	6.992177e+15	3.543436e+01	2.994058e+01	3.197352e+16
5018	6.992653e+15	3.564706e+01	3.247110e+01	2.495186e+16
5019	6.993121e+15	4.028708e+01	3.752675e+01	3.583574e+16
5020	6.993540e+15	3.226162e+01	2.996626e+01	2.142112e+16
5021	6.993999e+15	3.319160e+01	3.322443e+01	2.036925e+16
5022	6.994469e+15	3.610019e+01	3.706187e+01	2.405405e+16
5023	6.994911e+15	3.529809e+01	3.697312e+01	2.772056e+16
5024	6.995329e+15	3.457481e+01	3.657915e+01	1.668647e+16
5025	6.995731e+15	3.491135e+01	3.551954e+01	2.216288e+16
5026	6.996125e+15	3.327249e+01	3.331440e+01	1.765485e+16
5027	6.996525e+15	2.914794e+01	3.054737e+01	2.975186e+16
5028	6.996955e+15	3.224123e+01	3.635003e+01	3.872448e+16
5029	6.997375e+15	3.263431e+01	3.828293e+01	2.008602e+16
5030	6.997771e+15	2.810731e+01	3.238430e+01	3.446362e+16
5031	6.998196e+15	3.441983e+01	3.764798e+01	3.614919e+16
5032	6.998592e+15	2.863486e+01	3.053851e+01	2.286649e+16
5033	6.999023e+15	3.503663e+01	3.485569e+01	3.333959e+16
5034	6.999441e+15	3.503936e+01	3.234403e+01	2.864288e+16
5035	6.999863e+15	3.220990e+01	2.867561e+01	1.330476e+16
5036	7.000321e+15	3.681193e+01	3.118965e+01	1.961340e+16
5037	7.000775e+15	4.305577e+01	3.216546e+01	2.315920e+16
5038	7.001212e+15	4.548006e+01	3.199899e+01	1.548983e+16
5039	7.001634e+15	4.347514e+01	3.010538e+01	1.870190e+16
5040	7.002060e+15	4.652526e+01	3.060544e+01	3.724523e+16
5041	7.002475e+15	4.799726e+01	3.018885e+01	2.367833e+16
5042	7.002882e+15	4.974646e+01	3.112766e+01	1.899951e+16
5043	7.003277e+15	5.105740e+01	3.109896e+01	1.153594e+16
5044	7.003666e+15	5.078711e+01	3.202417e+01	1.081466e+16
5045	7.004046e+15	4.839924e+01	3.029504e+01	2.067124e+16
5046	7.004432e+15	4.907599e+01	2.991112e+01	2.219250e+16
5047	7.004821e+15	4.812258e+01	2.842378e+01	2.817103e+16
5048	7.005222e+15	5.179274e+01	3.069114e+01	1.742903e+16
5049	7.005614e+15	4.825559e+01	2.818371e+01	1.527483e+16
5050	7.006012e+15	4.956552e+01	2.898420e+01	1.659172e+16
5051	7.006419e+15	5.526713e+01	3.171239e+01	1.344919e+16
5052	7.006799e+15	3.994298e+01	2.413526e+01	1.227813e+16
5053	7.007239e+15	5.070129e+01	3.027987e+01	3.346911e+16
5054	7.007650e+15	4.762431e+01	2.852846e+01	1.755858e+16
5055	7.008060e+15	4.400194e+01	2.687047e+01	1.468209e+16
5056	7.008490e+15	4.608684e+01	2.731088e+01	2.127527e+16
5057	7.008937e+15	4.492716e+01	2.785990e+01	2.220480e+16
5058	7.009390e+15	4.855491e+01	2.884254e+01	3.136038e+16
5059	7.009836e+15	4.616924e+01	2.855353e+01	2.042437e+16
5060	7.010273e+15	3.932753e+01	2.245241e+01	1.204345e+16
5061	7.010759e+15	4.326402e+01	2.657674e+01	2.696087e+16
5062	7.011240e+15	4.834227e+01	3.039500e+01	2.967438e+16
5063	7.011676e+15	4.216599e+01	2.600661e+01	2.149605e+16
5064	7.012126e+15	5.110507e+01	3.037155e+01	3.243251e+16
5065	7.012531e+15	4.493111e+01	2.639250e+01	1.360477e+16
5066	7.012941e+15	4.740844e+01	2.776282e+01	2.817963e+16
5067	7.013341e+15	4.300068e+01	2.618676e+01	2.006144e+16
5068	7.013751e+15	4.482640e+01	2.806310e+01	2.927181e+16
5069	7.014150e+15	4.156213e+01	2.434253e+01	1.567928e+16
5070	7.014572e+15	3.744897e+01	2.422948e+01	2.772079e+16
5071	7.015038e+15	4.636771e+01	3.126656e+01	1.981145e+16
5072	7.015466e+15	4.143400e+01	2.693502e+01	1.733837e+16
5073	7.015903e+15	4.228791e+01	2.830367e+01	1.820638e+16
5074	7.016334e+15	3.402844e+01	2.282107e+01	4.136898e+16
5075	7.016850e+15	4.866569e+01	3.495288e+01	2.314516e+16
5076	7.017290e+15	3.705837e+01	2.895387e+01	3.665877e+16
5077	7.017740e+15	3.060887e+01	2.501195e+01	2.093483e+16
5078	7.018261e+15	4.089809e+01	3.423477e+01	3.771901e+16
5079	7.018724e+15	3.748935e+01	3.082439e+01	1.263686e+16
5080	7.019184e+15	3.390268e+01	2.766383e+01	2.813316e+16
5081	7.019682e+15	3.765973e+01	3.290423e+01	3.374345e+16
5082	7.020158e+15	4.042288e+01	3.507431e+01	2.766440e+16
5083	7.020593e+15	3.651626e+01	3.102936e+01	2.134861e+16
5084	7.021028e+15	4.032723e+01	3.269925e+01	1.919104e+16
5085	7.021435e+15	3.823994e+01	2.824578e+01	3.104857e+16
5086	7.021859e+15	4.348463e+01	3.160098e+01	1.519771e+16
5087	7.022258e+15	3.447061e+01	2.427071e+01	1.265533e+16
5088	7.022711e+15	3.835501e+01	2.872797e+01	1.684814e+16
5089	7.023178e+15	4.642459e+01	3.358851e+01	3.729840e+16
5090	7.023596e+15	3.934576e+01	2.817329e+01	2.619632e+16
5091	7.024027e+15	4.492644e+01	3.092556e+01	2.401679e+16
5092	7.024436e+15	4.388107e+01	2.844963e+01	2.074412e+16
5093	7.024847e+15	4.744740e+01	3.152033e+01	1.345314e+16
5094	7.025233e+15	3.656229e+01	2.591508e+01	1.855562e+16
5095	7.025670e+15	4.215029e+01	3.049527e+01	3.919386e+16
5096	7.026101e+15	4.204752e+01	2.990979e+01	3.302713e+16
5097	7.026530e+15	3.859601e+01	2.847642e+01	1.969782e+16
5098	7.026981e+15	3.860486e+01	2.831511e+01	3.785151e+16
5099	7.027453e+15	3.781748e+01	2.842890e+01	3.203053e+16
5100	7.027943e+15	3.798811e+01	2.981169e+01	2.139834e+16
5101	7.028442e+15	4.164942e+01	3.220785e+01	2.722271e+16
5102	7.028919e+15	3.316113e+01	2.624503e+01	2.482212e+16
5103	7.029476e+15	4.505682e+01	3.744362e+01	4.207831e+16
5104	7.029976e+15	3.616029e+01	3.113878e+01	3.871308e+16
5105	7.030496e+15	3.706325e+01	3.387568e+01	2.956336e+16
5106	7.030996e+15	4.284065e+01	3.839893e+01	3.110280e+16
5107	7.031425e+15	4.187181e+01	3.301176e+01	2.589103e+16
5108	7.031845e+15	4.031390e+01	3.042388e+01	2.587674e+16
5109	7.032284e+15	4.115611e+01	3.327051e+01	2.533689e+16
5110	7.032709e+15	3.833205e+01	3.282937e+01	1.837637e+16
5111	7.033130e+15	3.853460e+01	3.295238e+01	1.875667e+16
5112	7.033547e+15	3.764485e+01	3.266242e+01	2.390284e+16
5113	7.033962e+15	4.082361e+01	3.402409e+01	2.089571e+16
5114	7.034364e+15	3.987440e+01	3.084043e+01	3.994398e+16
5115	7.034786e+15	4.301857e+01	3.256019e+01	3.320872e+16
5116	7.035209e+15	4.769625e+01	3.480376e+01	3.943975e+16
5117	7.035602e+15	4.412774e+01	3.122399e+01	2.724785e+16
5118	7.036006e+15	4.434360e+01	3.096355e+01	2.576068e+16
5119	7.036420e+15	4.195410e+01	2.831325e+01	3.082884e+16
5120	7.036860e+15	4.292159e+01	2.944492e+01	3.481399e+16
5121	7.037312e+15	4.528893e+01	3.119527e+01	2.976302e+16
5122	7.037770e+15	5.169796e+01	3.361706e+01	3.967395e+16
5123	7.038198e+15	4.636737e+01	3.126749e+01	2.804777e+16
5124	7.038634e+15	4.935187e+01	3.307179e+01	1.669853e+16
5125	7.039051e+15	5.301950e+01	3.333930e+01	2.726572e+16
5126	7.039445e+15	5.149648e+01	3.061749e+01	2.854158e+16
5127	7.039845e+15	5.235976e+01	3.210065e+01	1.855437e+16
5128	7.040233e+15	4.551646e+01	2.822670e+01	3.112279e+16
5129	7.040646e+15	4.993220e+01	3.081156e+01	2.706927e+16
5130	7.041048e+15	4.054519e+01	2.298727e+01	2.004753e+16
5131	7.041497e+15	4.192213e+01	2.626248e+01	2.843415e+16
5132	7.041963e+15	4.585128e+01	3.018025e+01	3.523616e+16
5133	7.042392e+15	4.139399e+01	2.530491e+01	9.270723e+15
5134	7.042835e+15	4.192638e+01	2.789069e+01	2.463648e+16
5135	7.043278e+15	3.792091e+01	2.533118e+01	3.221356e+16
5136	7.043753e+15	4.252105e+01	2.889098e+01	2.412879e+16
5137	7.044196e+15	4.165055e+01	2.991573e+01	2.831942e+16
5138	7.044614e+15	3.537211e+01	2.534632e+01	1.364213e+16
5139	7.045062e+15	3.618041e+01	2.668095e+01	3.211126e+16
5140	7.045525e+15	4.069223e+01	2.974800e+01	2.531483e+16
5141	7.045961e+15	3.482579e+01	2.608062e+01	1.364171e+16
5142	7.046423e+15	3.526387e+01	2.660085e+01	3.486562e+16
5143	7.046904e+15	3.499255e+01	2.786047e+01	1.862644e+16
5144	7.047389e+15	3.002960e+01	2.544505e+01	2.677785e+16
5145	7.047915e+15	3.504672e+01	3.024430e+01	1.959824e+16
5146	7.048410e+15	3.286288e+01	2.825594e+01	2.297710e+16
5147	7.048908e+15	3.306820e+01	2.880230e+01	3.320382e+16
5148	7.049411e+15	3.358525e+01	3.063973e+01	2.065335e+16
5149	7.049907e+15	3.288669e+01	2.961344e+01	2.193787e+16
5150	7.050412e+15	3.501954e+01	3.063002e+01	3.225850e+16
5151	7.050907e+15	3.539669e+01	2.990150e+01	4.101392e+16
5152	7.051394e+15	3.622689e+01	2.982653e+01	3.826677e+16
5153	7.051870e+15	3.781999e+01	2.981567e+01	1.825206e+16
5154	7.052330e+15	3.573552e+01	2.752948e+01	2.557892e+16
5155	7.052804e+15	3.341612e+01	2.632409e+01	1.937547e+16
5156	7.053313e+15	3.987959e+01	3.036370e+01	3.338819e+16
5157	7.053800e+15	3.876654e+01	2.733540e+01	2.744733e+16
5158	7.054310e+15	3.763344e+01	2.692461e+01	3.168935e+16
5159	7.054846e+15	4.517985e+01	3.126823e+01	2.488508e+16
5160	7.055350e+15	4.768003e+01	3.066583e+01	2.982126e+16
5161	7.055826e+15	4.898705e+01	3.008495e+01	2.875338e+16
5162	7.056283e+15	4.865803e+01	2.921786e+01	2.513416e+16
5163	7.056733e+15	5.254265e+01	2.984407e+01	2.044106e+16
5164	7.057159e+15	4.047533e+01	2.312527e+01	3.073524e+16
5165	7.057651e+15	4.419660e+01	2.866956e+01	2.486454e+16
5166	7.058152e+15	5.282946e+01	3.547084e+01	2.554343e+16
5167	7.058593e+15	4.047602e+01	2.805790e+01	1.156946e+16
5168	7.059067e+15	4.853490e+01	3.455767e+01	5.103583e+16
5169	7.059493e+15	4.438165e+01	3.034849e+01	2.050215e+16
5170	7.059921e+15	4.501229e+01	3.208025e+01	2.218640e+16
5171	7.060327e+15	4.356762e+01	3.087594e+01	2.554266e+16
5172	7.060723e+15	3.433615e+01	2.626922e+01	1.726027e+16
5173	7.061160e+15	4.377467e+01	3.348070e+01	3.267863e+16
5174	7.061559e+15	4.325707e+01	3.123892e+01	9.205056e+15
5175	7.061943e+15	3.799688e+01	2.798914e+01	1.556218e+16
5176	7.062347e+15	3.806360e+01	2.952182e+01	2.838525e+16
5177	7.062760e+15	4.305730e+01	3.216496e+01	1.578794e+16
5178	7.063157e+15	4.057042e+01	2.921099e+01	2.615225e+16
5179	7.063563e+15	3.895773e+01	2.936489e+01	2.905582e+16
5180	7.063977e+15	4.201299e+01	2.903448e+01	1.511868e+16
5181	7.064391e+15	4.309734e+01	3.024473e+01	2.208831e+16
5182	7.064799e+15	4.077347e+01	2.833113e+01	2.489396e+16
5183	7.065225e+15	3.692460e+01	2.636610e+01	3.092343e+16
5184	7.065697e+15	4.437513e+01	3.251951e+01	3.396384e+16
5185	7.066137e+15	3.918572e+01	2.823159e+01	2.383085e+16
5186	7.066603e+15	4.376116e+01	3.233577e+01	3.935493e+16
5187	7.067054e+15	4.386245e+01	3.191599e+01	3.189984e+16
5188	7.067501e+15	4.482768e+01	3.195976e+01	2.772282e+16
5189	7.067941e+15	4.884238e+01	3.489405e+01	3.519976e+16
5190	7.068346e+15	4.390937e+01	3.001678e+01	2.964979e+16
5191	7.068762e+15	4.622580e+01	3.215094e+01	2.695139e+16
5192	7.069170e+15	4.583258e+01	3.149826e+01	2.072435e+16
5193	7.069574e+15	3.899163e+01	2.856355e+01	1.678740e+16
5194	7.070006e+15	4.718266e+01	3.452103e+01	2.539602e+16
5195	7.070402e+15	4.082871e+01	2.881973e+01	1.648432e+16
5196	7.070822e+15	4.620083e+01	3.163091e+01	2.401299e+16
5197	7.071233e+15	4.857607e+01	3.114116e+01	1.817610e+16
5198	7.071630e+15	4.963589e+01	3.062961e+01	2.152089e+16
5199	7.072005e+15	5.063012e+01	2.882900e+01	2.744521e+16
5200	7.072378e+15	5.233330e+01	2.810801e+01	1.485044e+16
5201	7.072751e+15	4.497941e+01	2.438592e+01	1.255348e+16
5202	7.073159e+15	5.264014e+01	2.816779e+01	2.692675e+16
5203	7.073556e+15	5.836469e+01	2.850228e+01	1.532534e+16
5204	7.073926e+15	5.403213e+01	2.517486e+01	2.507976e+16
5205	7.074307e+15	5.414750e+01	2.590987e+01	1.429484e+16
5206	7.074684e+15	4.703816e+01	2.287610e+01	2.004056e+16
5207	7.075094e+15	4.773259e+01	2.600023e+01	1.675723e+16
5208	7.075505e+15	4.473309e+01	2.446957e+01	2.105988e+16
5209	7.075931e+15	4.792627e+01	2.541813e+01	2.844822e+16
5210	7.076358e+15	4.699591e+01	2.528970e+01	2.862833e+16
5211	7.076780e+15	5.126349e+01	2.696931e+01	2.130295e+16
5212	7.077177e+15	4.384548e+01	2.324569e+01	2.337170e+16
5213	7.077587e+15	4.366380e+01	2.457064e+01	2.560755e+16
5214	7.077996e+15	4.533370e+01	2.547420e+01	1.520589e+16
5215	7.078389e+15	4.528574e+01	2.488784e+01	1.839050e+16
5216	7.078775e+15	4.484309e+01	2.480930e+01	3.497170e+16
5217	7.079158e+15	4.320538e+01	2.414653e+01	2.253392e+16
5218	7.079548e+15	4.389710e+01	2.437370e+01	1.490093e+16
5219	7.079941e+15	3.891754e+01	2.209191e+01	1.583473e+16
5220	7.080374e+15	4.288642e+01	2.533662e+01	4.196155e+16
5221	7.080795e+15	3.441384e+01	2.052876e+01	3.221588e+16
5222	7.081288e+15	3.738346e+01	2.199197e+01	2.526800e+16
5223	7.081828e+15	4.387666e+01	2.559287e+01	1.623471e+16
5224	7.082347e+15	4.393641e+01	2.550951e+01	1.796812e+16
5225	7.082858e+15	4.582109e+01	2.691756e+01	2.626394e+16
5226	7.083338e+15	4.296826e+01	2.429873e+01	3.222101e+16
5227	7.083821e+15	4.550196e+01	2.658414e+01	1.031887e+16
5228	7.084265e+15	4.132627e+01	2.474385e+01	2.663362e+16
5229	7.084707e+15	4.046886e+01	2.300995e+01	3.181084e+16
5230	7.085156e+15	3.775169e+01	2.347915e+01	1.425910e+16
5231	7.085621e+15	3.488528e+01	2.421685e+01	3.047864e+16
5232	7.086098e+15	3.717704e+01	2.790303e+01	2.536412e+16
5233	7.086555e+15	3.486228e+01	2.647197e+01	1.611940e+16
5234	7.087017e+15	3.849817e+01	2.842959e+01	1.944235e+16
5235	7.087459e+15	4.038979e+01	2.885335e+01	2.720119e+16
5236	7.087868e+15	3.527300e+01	2.407416e+01	2.244501e+16
5237	7.088299e+15	3.873917e+01	2.600526e+01	1.699371e+16
5238	7.088729e+15	3.973494e+01	2.633673e+01	2.144250e+16
5239	7.089153e+15	3.648548e+01	2.394238e+01	2.355704e+16
5240	7.089601e+15	4.136136e+01	2.740751e+01	2.637108e+16
5241	7.090021e+15	3.861850e+01	2.373601e+01	1.039930e+16
5242	7.090459e+15	4.358568e+01	2.757852e+01	3.279303e+16
5243	7.090870e+15	3.505566e+01	2.262295e+01	3.355940e+16
5244	7.091321e+15	4.194656e+01	2.760095e+01	2.243283e+16
5245	7.091739e+15	4.119587e+01	2.580631e+01	1.859028e+16
5246	7.092155e+15	3.814404e+01	2.382782e+01	1.479149e+16
5247	7.092582e+15	3.985273e+01	2.603421e+01	1.661730e+16
5248	7.093008e+15	4.092379e+01	2.648233e+01	1.989871e+16
5249	7.093432e+15	3.839547e+01	2.516086e+01	3.075717e+16
5250	7.093863e+15	3.828291e+01	2.650652e+01	2.954938e+16
5251	7.094286e+15	3.834944e+01	2.556316e+01	1.480950e+16
5252	7.094708e+15	3.428434e+01	2.252817e+01	1.738361e+16
5253	7.095178e+15	3.966043e+01	2.711556e+01	1.902422e+16
5254	7.095636e+15	3.691105e+01	2.459544e+01	2.875233e+16
5255	7.096123e+15	3.650291e+01	2.473199e+01	1.537293e+16
5256	7.096637e+15	4.057668e+01	2.836417e+01	2.973171e+16
5257	7.097122e+15	3.887554e+01	2.720315e+01	2.860032e+16
5258	7.097601e+15	3.933583e+01	2.816247e+01	1.919166e+16
5259	7.098063e+15	4.448407e+01	3.040932e+01	2.039990e+16
5260	7.098479e+15	4.363453e+01	2.699361e+01	1.896399e+16
5261	7.098883e+15	3.829937e+01	2.252907e+01	1.806862e+16
5262	7.099325e+15	3.618687e+01	2.269430e+01	2.030720e+16
5263	7.099810e+15	4.029718e+01	2.555374e+01	1.421825e+16
5264	7.100288e+15	3.781944e+01	2.476159e+01	2.582531e+16
5265	7.100782e+15	3.509593e+01	2.409928e+01	1.301428e+16
5266	7.101314e+15	4.090108e+01	2.694232e+01	2.434025e+16
5267	7.101824e+15	3.948258e+01	2.551258e+01	2.711462e+16
5268	7.102330e+15	3.768381e+01	2.363564e+01	1.925909e+16
5269	7.102866e+15	4.131613e+01	2.726539e+01	1.495446e+16
5270	7.103372e+15	3.754337e+01	2.375296e+01	3.599045e+16
5271	7.103903e+15	3.994639e+01	2.421971e+01	2.496566e+16
5272	7.104446e+15	4.539427e+01	2.649840e+01	2.833183e+16
5273	7.104945e+15	4.336629e+01	2.419311e+01	2.761326e+16
5274	7.105426e+15	4.400781e+01	2.345152e+01	2.530084e+16
5275	7.105887e+15	4.510828e+01	2.432167e+01	2.545270e+16
5276	7.106333e+15	4.357453e+01	2.468022e+01	2.302304e+16
5277	7.106764e+15	4.226793e+01	2.439693e+01	2.224277e+16
5278	7.107182e+15	4.075463e+01	2.368211e+01	1.798759e+16
5279	7.107592e+15	4.082579e+01	2.425019e+01	1.816327e+16
5280	7.107980e+15	3.291891e+01	1.896459e+01	9.212328e+15
5281	7.108418e+15	3.895922e+01	2.446950e+01	2.228904e+16
5282	7.108840e+15	3.781703e+01	2.435821e+01	1.600950e+16
5283	7.109256e+15	3.785859e+01	2.628319e+01	2.866433e+16
5284	7.109659e+15	3.555463e+01	2.585850e+01	3.008540e+16
5285	7.110058e+15	3.561656e+01	2.534662e+01	2.724915e+16
5286	7.110467e+15	3.324290e+01	2.423678e+01	1.764479e+16
5287	7.110911e+15	3.542106e+01	2.777301e+01	2.438439e+16
5288	7.111346e+15	3.148113e+01	2.582100e+01	1.532232e+16
5289	7.111799e+15	3.493490e+01	2.693178e+01	2.269611e+16
5290	7.112240e+15	2.734647e+01	1.992539e+01	1.821196e+16
5291	7.112769e+15	3.296862e+01	2.357601e+01	2.545984e+16
5292	7.113313e+15	3.310651e+01	2.239962e+01	3.649312e+16
5293	7.113887e+15	3.394422e+01	2.350066e+01	3.042136e+16
5294	7.114460e+15	3.330425e+01	2.317761e+01	2.880793e+16
5295	7.115034e+15	3.147796e+01	2.289565e+01	2.969738e+16
5296	7.115616e+15	3.614112e+01	2.600919e+01	2.612586e+16
5297	7.116167e+15	3.671239e+01	2.581725e+01	3.831108e+16
5298	7.116698e+15	3.832612e+01	2.675134e+01	3.100832e+16
5299	7.117198e+15	3.912890e+01	2.688296e+01	3.975660e+16
5300	7.117674e+15	4.139111e+01	2.811359e+01	1.186159e+16
5301	7.118116e+15	3.554349e+01	2.444911e+01	3.190549e+16
5302	7.118587e+15	4.332625e+01	2.912493e+01	2.088748e+16
5303	7.119022e+15	3.852850e+01	2.444441e+01	2.329430e+16
5304	7.119483e+15	4.543682e+01	2.827091e+01	3.915977e+16
5305	7.119909e+15	4.054213e+01	2.456910e+01	2.426861e+16
5306	7.120340e+15	4.428500e+01	2.598569e+01	2.512163e+16
5307	7.120756e+15	4.084470e+01	2.451456e+01	2.044501e+16
5308	7.121182e+15	4.025933e+01	2.404774e+01	3.673272e+16
5309	7.121616e+15	4.307733e+01	2.479058e+01	2.296714e+16
5310	7.122038e+15	4.362971e+01	2.403203e+01	1.687076e+16
5311	7.122460e+15	4.294418e+01	2.392832e+01	1.452752e+16
5312	7.122884e+15	3.701000e+01	2.088384e+01	1.378196e+16
5313	7.123351e+15	4.366322e+01	2.565566e+01	1.972352e+16
5314	7.123798e+15	4.089928e+01	2.494658e+01	3.680798e+16
5315	7.124254e+15	3.670073e+01	2.211543e+01	1.740073e+16
5316	7.124767e+15	4.300980e+01	2.551698e+01	3.359051e+16
5317	7.125269e+15	4.195213e+01	2.389919e+01	4.938223e+16
5318	7.125771e+15	4.086325e+01	2.259640e+01	3.969376e+16
5319	7.126280e+15	3.967101e+01	2.330893e+01	3.220496e+16
5320	7.126790e+15	4.363473e+01	2.589960e+01	3.455709e+16
5321	7.127259e+15	3.802960e+01	2.407740e+01	3.117798e+16
5322	7.127723e+15	3.656769e+01	2.472087e+01	2.453311e+16
5323	7.128181e+15	3.598164e+01	2.652407e+01	3.881691e+16
5324	7.128614e+15	2.998392e+01	2.409268e+01	1.929621e+16
5325	7.129063e+15	3.515118e+01	2.804173e+01	1.866092e+16
5326	7.129474e+15	3.227269e+01	2.544414e+01	2.294067e+16
5327	7.129886e+15	3.403572e+01	2.725811e+01	2.647708e+16
5328	7.130272e+15	3.180094e+01	2.532379e+01	2.768995e+16
5329	7.130662e+15	3.285579e+01	2.705353e+01	1.958838e+16
5330	7.131038e+15	2.810006e+01	2.427210e+01	1.832295e+16
5331	7.131435e+15	3.328646e+01	2.715549e+01	1.291909e+16
5332	7.131820e+15	3.007263e+01	2.199084e+01	9.800686e+15
5333	7.132237e+15	3.317113e+01	2.489323e+01	1.498409e+16
5334	7.132677e+15	2.825048e+01	2.139869e+01	1.943735e+16
5335	7.133180e+15	3.544499e+01	3.087881e+01	2.554813e+16
5336	7.133619e+15	3.202540e+01	2.757162e+01	2.899931e+16
5337	7.134057e+15	3.663177e+01	2.943373e+01	8.884392e+15
5338	7.134475e+15	3.302190e+01	2.664061e+01	2.643243e+16
5339	7.134904e+15	3.662421e+01	2.928028e+01	2.434489e+16
5340	7.135304e+15	3.350627e+01	2.497485e+01	2.569463e+16
5341	7.135726e+15	3.893254e+01	2.916541e+01	2.968598e+16
5342	7.136117e+15	3.389265e+01	2.665759e+01	1.732883e+16
5343	7.136513e+15	3.063650e+01	2.524207e+01	2.275069e+16
5344	7.136942e+15	3.892852e+01	3.183766e+01	1.581480e+16
5345	7.137330e+15	3.053523e+01	2.429189e+01	1.220491e+16
5346	7.137770e+15	3.573302e+01	2.891054e+01	2.627011e+16
5347	7.138208e+15	3.710306e+01	2.868150e+01	2.472058e+16
5348	7.138629e+15	3.752321e+01	2.753255e+01	2.219880e+16
5349	7.139040e+15	3.515532e+01	2.028857e+01	2.350471e+16
5350	7.139464e+15	3.325911e+01	2.031423e+01	1.438027e+16
5351	7.139907e+15	3.368463e+01	2.158461e+01	3.048787e+16
5352	7.140347e+15	3.527876e+01	2.337854e+01	2.901455e+16
5353	7.140771e+15	3.260603e+01	2.229957e+01	1.794668e+16
5354	7.141194e+15	3.085955e+01	2.168487e+01	3.045957e+16
5355	7.141627e+15	3.329210e+01	2.190998e+01	3.260976e+16
5356	7.142056e+15	3.175071e+01	2.004341e+01	1.841022e+16
5357	7.142505e+15	3.222404e+01	1.955060e+01	2.231658e+16
5358	7.142972e+15	3.492683e+01	2.218801e+01	2.527175e+16
5359	7.143423e+15	3.227778e+01	1.983644e+01	2.276564e+16
5360	7.143907e+15	3.819541e+01	2.266472e+01	2.199955e+16
5361	7.144366e+15	3.622047e+01	2.116644e+01	2.312090e+16
5362	7.144828e+15	3.825472e+01	2.271132e+01	2.133233e+16
5363	7.145273e+15	3.583271e+01	2.101652e+01	3.076939e+16
5364	7.145734e+15	3.916391e+01	2.331980e+01	2.074745e+16
5365	7.146183e+15	3.695413e+01	2.273684e+01	2.855741e+16
5366	7.146638e+15	3.902799e+01	2.511418e+01	2.586503e+16
5367	7.147067e+15	3.575589e+01	2.280906e+01	1.798972e+16
5368	7.147504e+15	3.920686e+01	2.461765e+01	2.868637e+16
5369	7.147921e+15	3.519063e+01	2.256055e+01	2.409679e+16
5370	7.148343e+15	3.641605e+01	2.397877e+01	1.921472e+16
5371	7.148752e+15	3.324284e+01	2.252115e+01	2.340015e+16
5372	7.149165e+15	3.009517e+01	2.232603e+01	2.933008e+16
5373	7.149597e+15	3.482362e+01	2.566544e+01	3.381883e+16
5374	7.150004e+15	3.035121e+01	2.336935e+01	2.389535e+16
5375	7.150432e+15	3.071736e+01	2.578058e+01	1.858914e+16
5376	7.150858e+15	3.098994e+01	2.527244e+01	1.957980e+16
5377	7.151297e+15	3.097591e+01	2.514780e+01	1.461259e+16
5378	7.151744e+15	3.198367e+01	2.528210e+01	1.762855e+16
5379	7.152188e+15	2.911664e+01	2.408488e+01	1.853630e+16
5380	7.152650e+15	3.030700e+01	2.707006e+01	3.269404e+16
5381	7.153111e+15	3.098567e+01	2.722555e+01	2.413895e+16
5382	7.153567e+15	3.418360e+01	2.847603e+01	3.132411e+16
5383	7.154014e+15	3.496651e+01	2.719990e+01	2.259203e+16
5384	7.154468e+15	3.723822e+01	2.955549e+01	5.448330e+16
5385	7.154901e+15	3.860182e+01	2.970252e+01	2.429756e+16
5386	7.155309e+15	3.665858e+01	2.688839e+01	1.202287e+16
5387	7.155723e+15	3.779164e+01	2.731166e+01	2.440700e+16
5388	7.156134e+15	3.867950e+01	2.819756e+01	1.948835e+16
5389	7.156534e+15	3.799045e+01	2.879521e+01	9.620171e+15
5390	7.156927e+15	3.857991e+01	2.919199e+01	1.300071e+16
5391	7.157312e+15	3.412540e+01	2.573641e+01	1.319816e+16
5392	7.157729e+15	3.464684e+01	2.713019e+01	2.057357e+16
5393	7.158169e+15	3.486368e+01	2.813448e+01	1.093979e+16
5394	7.158612e+15	3.346669e+01	2.839351e+01	3.087477e+16
5395	7.159059e+15	3.256083e+01	2.815598e+01	1.551503e+16
5396	7.159519e+15	3.362841e+01	2.958210e+01	1.389070e+16
5397	7.159975e+15	3.462052e+01	2.993520e+01	2.034143e+16
5398	7.160424e+15	3.197520e+01	2.763700e+01	3.330427e+16
5399	7.160893e+15	3.342930e+01	2.961658e+01	2.723864e+16
5400	7.161364e+15	3.638046e+01	3.193145e+01	1.947846e+16
5401	7.161816e+15	3.313821e+01	2.870528e+01	2.257182e+16
5402	7.162286e+15	3.806682e+01	3.254013e+01	3.257835e+16
5403	7.162719e+15	3.813308e+01	2.839388e+01	2.275002e+16
5404	7.163146e+15	3.967971e+01	2.994350e+01	2.365455e+16
5405	7.163555e+15	4.010435e+01	3.072444e+01	6.350591e+15
5406	7.163944e+15	3.770830e+01	2.981205e+01	1.533710e+16
5407	7.164328e+15	3.884255e+01	3.023920e+01	2.109453e+16
5408	7.164700e+15	3.252309e+01	2.642329e+01	2.141580e+16
5409	7.165103e+15	3.917831e+01	3.068955e+01	1.595084e+16
5410	7.165488e+15	3.300051e+01	2.739951e+01	2.896492e+16
5411	7.165901e+15	3.008893e+01	2.615192e+01	2.641977e+16
5412	7.166361e+15	3.498696e+01	3.116980e+01	1.117082e+16
5413	7.166805e+15	3.209769e+01	2.791182e+01	1.397102e+16
5414	7.167280e+15	3.439081e+01	2.985695e+01	2.987367e+16
5415	7.167760e+15	3.591716e+01	2.903282e+01	1.974642e+16
5416	7.168240e+15	4.224198e+01	3.094434e+01	2.418435e+16
5417	7.168686e+15	4.156020e+01	2.819324e+01	1.441308e+16
5418	7.169128e+15	4.098574e+01	2.773417e+01	1.385385e+16
5419	7.169570e+15	3.886918e+01	2.637668e+01	2.236575e+16
5420	7.170022e+15	3.878730e+01	2.643603e+01	1.153294e+16
5421	7.170483e+15	4.381021e+01	3.056815e+01	3.047440e+16
5422	7.170905e+15	4.301097e+01	2.860480e+01	2.999808e+16
5423	7.171316e+15	4.204968e+01	2.629385e+01	1.748183e+16
5424	7.171736e+15	4.322112e+01	2.670470e+01	2.743374e+16
5425	7.172153e+15	3.869081e+01	2.321007e+01	2.384930e+16
5426	7.172598e+15	4.340028e+01	2.654839e+01	2.991738e+16
5427	7.173027e+15	3.580728e+01	2.178486e+01	2.452410e+16
5428	7.173509e+15	4.476730e+01	2.770409e+01	3.371078e+16
5429	7.173953e+15	3.723124e+01	2.336697e+01	2.512776e+16
5430	7.174438e+15	3.594901e+01	2.428006e+01	2.028637e+16
5431	7.174967e+15	4.454407e+01	3.024599e+01	3.411637e+16
5432	7.175460e+15	4.390494e+01	2.980742e+01	2.908905e+16
5433	7.175941e+15	4.039017e+01	2.886805e+01	2.285644e+16
5434	7.176431e+15	4.300867e+01	3.108864e+01	3.822475e+16
5435	7.176900e+15	4.750667e+01	3.210835e+01	3.290598e+16
5436	7.177334e+15	4.584820e+01	2.991685e+01	2.057605e+16
5437	7.177757e+15	4.764335e+01	2.971269e+01	1.735896e+16
5438	7.178166e+15	4.795003e+01	2.981425e+01	1.867371e+16
5439	7.178561e+15	4.410569e+01	2.851604e+01	1.479249e+16
5440	7.178966e+15	4.583817e+01	2.894142e+01	1.995001e+16
5441	7.179360e+15	4.801818e+01	2.885822e+01	2.433398e+16
5442	7.179737e+15	4.806775e+01	2.714370e+01	1.807550e+16
5443	7.180118e+15	5.105815e+01	2.857682e+01	1.237061e+16
5444	7.180483e+15	4.122050e+01	2.462009e+01	1.327858e+16
5445	7.180878e+15	4.599053e+01	2.852319e+01	2.053947e+16
5446	7.181262e+15	3.991092e+01	2.597213e+01	1.386563e+16
5447	7.181666e+15	4.041332e+01	2.683398e+01	2.055547e+16
5448	7.182079e+15	4.201542e+01	2.691996e+01	1.760531e+16
5449	7.182494e+15	4.111791e+01	2.581660e+01	7.416452e+15
5450	7.182918e+15	4.041993e+01	2.656825e+01	2.063224e+16
5451	7.183342e+15	3.698465e+01	2.460100e+01	2.293777e+16
5452	7.183792e+15	3.775056e+01	2.607053e+01	1.778971e+16
5453	7.184253e+15	3.665136e+01	2.521946e+01	2.121559e+16
5454	7.184723e+15	3.777273e+01	2.651829e+01	2.382723e+16
5455	7.185182e+15	3.955633e+01	2.733154e+01	1.711730e+16
5456	7.185624e+15	3.615365e+01	2.595146e+01	1.893042e+16
5457	7.186079e+15	3.775192e+01	2.730951e+01	2.160842e+16
5458	7.186532e+15	3.500225e+01	2.515031e+01	2.153779e+16
5459	7.186990e+15	3.342463e+01	2.595987e+01	1.325090e+16
5460	7.187454e+15	3.667447e+01	2.866337e+01	1.152056e+16
5461	7.187890e+15	3.210696e+01	2.620563e+01	2.831758e+16
5462	7.188332e+15	3.427606e+01	2.773451e+01	1.341401e+16
5463	7.188759e+15	3.456511e+01	2.697068e+01	2.090923e+16
5464	7.189178e+15	3.087672e+01	2.464590e+01	6.302601e+15
5465	7.189618e+15	3.844089e+01	2.928216e+01	1.194091e+16
5466	7.190017e+15	3.385513e+01	2.384478e+01	1.304392e+16
5467	7.190441e+15	3.438231e+01	2.383724e+01	1.996791e+16
5468	7.190888e+15	3.974740e+01	2.674477e+01	1.849835e+16
5469	7.191313e+15	3.779696e+01	2.445006e+01	1.837447e+16
5470	7.191744e+15	3.767990e+01	2.335553e+01	2.399658e+16
5471	7.192200e+15	4.057950e+01	2.435013e+01	1.988234e+16
5472	7.192659e+15	3.811450e+01	2.261036e+01	2.301733e+16
5473	7.193145e+15	4.092837e+01	2.475576e+01	1.781927e+16
5474	7.193625e+15	3.662230e+01	2.222163e+01	2.548803e+16
5475	7.194140e+15	3.878506e+01	2.473533e+01	1.564277e+16
5476	7.194658e+15	4.030935e+01	2.477956e+01	3.692020e+16
5477	7.195181e+15	4.623460e+01	2.645258e+01	3.296115e+16
5478	7.195665e+15	4.052709e+01	2.249061e+01	1.534907e+16
5479	7.196171e+15	4.394124e+01	2.498246e+01	2.326930e+16
5480	7.196663e+15	4.382991e+01	2.501909e+01	1.257948e+16
5481	7.197133e+15	4.432931e+01	2.405645e+01	1.788954e+16
5482	7.197572e+15	4.252813e+01	2.147854e+01	1.413975e+16
5483	7.198003e+15	4.351221e+01	2.079946e+01	1.154670e+16
5484	7.198444e+15	4.178559e+01	2.076600e+01	2.846662e+16
5485	7.198917e+15	4.817003e+01	2.583740e+01	1.744696e+16
5486	7.199348e+15	3.622453e+01	2.045954e+01	1.543880e+16
5487	7.199825e+15	4.222149e+01	2.500152e+01	1.787902e+16
5488	7.200286e+15	4.345282e+01	2.464134e+01	1.472731e+16
5489	7.200714e+15	4.141735e+01	2.178440e+01	1.484948e+16
5490	7.201141e+15	4.107707e+01	1.905489e+01	2.425355e+16
5491	7.201585e+15	4.217826e+01	2.063096e+01	1.929271e+16
5492	7.202023e+15	4.074669e+01	2.044833e+01	1.120255e+16
5493	7.202457e+15	3.455415e+01	1.819393e+01	1.467827e+16
5494	7.202934e+15	4.290016e+01	2.334150e+01	1.247772e+16
5495	7.203367e+15	3.366239e+01	1.834782e+01	1.727917e+16
5496	7.203834e+15	3.825765e+01	2.111304e+01	1.512787e+16
5497	7.204279e+15	3.728517e+01	1.966137e+01	2.087900e+16
5498	7.204725e+15	3.601539e+01	1.786379e+01	1.152132e+16
5499	7.205182e+15	3.384087e+01	1.635738e+01	1.813568e+16
5500	7.205665e+15	3.652163e+01	1.812978e+01	2.419823e+16
5501	7.206134e+15	2.933033e+01	1.555043e+01	2.852076e+16
5502	7.206659e+15	3.450696e+01	1.828207e+01	1.188307e+16
5503	7.207184e+15	3.449296e+01	1.839386e+01	7.991977e+15
5504	7.207676e+15	3.433083e+01	1.841292e+01	1.134534e+16
5505	7.208141e+15	3.616927e+01	1.790487e+01	2.272306e+16
5506	7.208594e+15	3.466651e+01	1.653049e+01	2.388018e+16
5507	7.209071e+15	3.841011e+01	1.823477e+01	1.877187e+16
5508	7.209522e+15	3.259608e+01	1.671468e+01	1.594464e+16
5509	7.209983e+15	2.985105e+01	1.587182e+01	1.208174e+16
5510	7.210464e+15	3.409490e+01	1.717173e+01	1.834225e+16
5511	7.210909e+15	2.999192e+01	1.581059e+01	1.119784e+16
5512	7.211363e+15	2.919877e+01	1.653720e+01	1.621768e+16
5513	7.211829e+15	2.828301e+01	1.677016e+01	1.640635e+16
5514	7.212313e+15	2.914187e+01	1.768075e+01	1.413922e+16
5515	7.212788e+15	3.060672e+01	1.768597e+01	1.163754e+16
5516	7.213244e+15	2.710872e+01	1.523519e+01	1.887561e+16
5517	7.213723e+15	2.774800e+01	1.582176e+01	1.558063e+16
5518	7.214191e+15	2.329061e+01	1.337460e+01	1.376099e+16
5519	7.214706e+15	2.852956e+01	1.580247e+01	2.533144e+16
5520	7.215200e+15	2.691753e+01	1.590476e+01	3.063666e+16
5521	7.215701e+15	2.540984e+01	1.577379e+01	3.238981e+16
5522	7.216222e+15	2.604073e+01	1.496346e+01	2.300923e+16
5523	7.216718e+15	3.149078e+01	2.434089e+01	3.599975e+16
5524	7.217245e+15	3.058139e+01	2.612619e+01	5.674899e+16
5525	7.217797e+15	3.194187e+01	2.775011e+01	3.156786e+16
5526	7.218353e+15	3.181652e+01	2.677616e+01	3.552586e+16
5527	7.218925e+15	3.279475e+01	2.704193e+01	3.815328e+16
5528	7.219502e+15	3.480682e+01	2.825439e+01	2.754296e+16
5529	7.220060e+15	3.263398e+01	2.627012e+01	3.513403e+16
5530	7.220630e+15	3.540366e+01	2.773064e+01	3.114467e+16
5531	7.221175e+15	3.777213e+01	2.760513e+01	2.610573e+16
5532	7.221697e+15	3.627406e+01	2.682576e+01	2.899558e+16
5533	7.222214e+15	3.624951e+01	2.681930e+01	1.762108e+16
5534	7.222710e+15	3.634148e+01	2.539637e+01	4.288688e+16
5535	7.223198e+15	3.860964e+01	2.506382e+01	4.154791e+16
5536	7.223682e+15	4.225498e+01	2.572307e+01	3.981353e+16
5537	7.224153e+15	3.963735e+01	2.440220e+01	2.986012e+16
5538	7.224627e+15	4.042382e+01	2.460612e+01	2.211223e+16
5539	7.225090e+15	3.973948e+01	2.264956e+01	1.934233e+16
5540	7.225553e+15	3.828761e+01	2.326987e+01	4.065773e+16
5541	7.225999e+15	3.445222e+01	2.121388e+01	3.161204e+16
5542	7.226469e+15	3.558021e+01	2.323352e+01	3.073589e+16
5543	7.226939e+15	3.452082e+01	2.368394e+01	2.553136e+16
5544	7.227406e+15	3.269143e+01	2.214417e+01	2.227596e+16
5545	7.227881e+15	3.591921e+01	2.267792e+01	4.430365e+16
5546	7.228333e+15	3.173972e+01	1.856717e+01	1.898385e+16
5547	7.228823e+15	3.811526e+01	2.273224e+01	2.188400e+16
5548	7.229262e+15	3.148625e+01	1.964885e+01	1.968194e+16
5549	7.229718e+15	2.686887e+01	1.635811e+01	2.093096e+16
5550	7.230238e+15	3.611353e+01	2.143883e+01	3.537816e+16
5551	7.230685e+15	2.700124e+01	1.610910e+01	1.149768e+16
5552	7.231190e+15	2.827623e+01	1.806243e+01	1.787118e+16
5553	7.231710e+15	2.955154e+01	1.923971e+01	1.598914e+16
5554	7.232198e+15	3.027890e+01	2.011898e+01	1.690302e+16
5555	7.232649e+15	2.597142e+01	1.737457e+01	2.266425e+16
5556	7.233120e+15	2.957662e+01	2.023759e+01	2.762312e+16
5557	7.233553e+15	2.727638e+01	1.794841e+01	2.151136e+16
5558	7.233998e+15	2.720762e+01	1.823881e+01	2.714065e+16
5559	7.234464e+15	2.553293e+01	1.843281e+01	1.182588e+16
5560	7.234945e+15	2.441591e+01	1.954308e+01	1.925720e+16
5561	7.235423e+15	2.456417e+01	2.050045e+01	1.626004e+16
5562	7.235891e+15	2.381979e+01	1.928055e+01	3.213345e+16
5563	7.236373e+15	2.421075e+01	2.018357e+01	3.380876e+16
5564	7.236839e+15	2.305814e+01	1.900347e+01	2.922772e+16
5565	7.237303e+15	2.340684e+01	1.895442e+01	2.073619e+16
5566	7.237760e+15	2.484613e+01	1.887539e+01	2.217465e+16
5567	7.238204e+15	2.323310e+01	1.800348e+01	1.897930e+16
5568	7.238662e+15	2.542872e+01	1.885614e+01	1.233698e+16
5569	7.239116e+15	2.444537e+01	1.814837e+01	2.404203e+16
5570	7.239587e+15	2.525636e+01	1.959074e+01	2.048666e+16
5571	7.240048e+15	2.365400e+01	1.831294e+01	2.268278e+16
5572	7.240525e+15	2.398207e+01	1.932366e+01	1.971021e+16
5573	7.241003e+15	2.560425e+01	2.050364e+01	2.084550e+16
5574	7.241471e+15	2.407687e+01	1.991342e+01	3.442922e+16
5575	7.241944e+15	2.314861e+01	1.994923e+01	9.328371e+15
5576	7.242424e+15	2.571113e+01	2.188211e+01	4.788753e+16
5577	7.242880e+15	2.400028e+01	2.040629e+01	1.996838e+16
5578	7.243355e+15	2.423000e+01	2.112875e+01	2.296839e+16
5579	7.243834e+15	2.405596e+01	2.114057e+01	2.294766e+16
5580	7.244311e+15	2.336817e+01	2.127648e+01	3.051906e+16
5581	7.244784e+15	2.455866e+01	2.201008e+01	2.487711e+16
5582	7.245235e+15	2.505595e+01	2.163560e+01	1.230451e+16
5583	7.245668e+15	2.764286e+01	2.242177e+01	3.098819e+16
5584	7.246075e+15	2.524341e+01	1.987127e+01	1.270061e+16
5585	7.246495e+15	2.679480e+01	2.129920e+01	1.414530e+16
5586	7.246913e+15	2.730310e+01	2.179791e+01	2.637482e+16
5587	7.247329e+15	2.570947e+01	2.062200e+01	8.658648e+15
5588	7.247757e+15	2.093607e+01	1.904440e+01	2.012971e+16
5589	7.248221e+15	2.240953e+01	2.115470e+01	3.456770e+16
5590	7.248673e+15	1.942434e+01	1.795831e+01	2.507169e+16
5591	7.249162e+15	2.029352e+01	1.951644e+01	1.599938e+16
5592	7.249663e+15	2.077566e+01	2.063132e+01	2.458809e+16
5593	7.250146e+15	2.217413e+01	2.131596e+01	2.738723e+16
5594	7.250591e+15	2.150758e+01	1.924525e+01	1.770470e+16
5595	7.251023e+15	2.106404e+01	1.821038e+01	1.889510e+16
5596	7.251464e+15	2.258030e+01	1.935380e+01	1.558653e+16
5597	7.251891e+15	2.056020e+01	1.698199e+01	3.197026e+16
5598	7.252345e+15	1.972998e+01	1.822167e+01	1.923211e+16
5599	7.252813e+15	2.053778e+01	1.956418e+01	1.653441e+16
5600	7.253268e+15	1.903039e+01	1.871858e+01	2.062817e+16
5601	7.253744e+15	1.949953e+01	2.029316e+01	2.182415e+16
5602	7.254235e+15	2.169316e+01	2.285054e+01	2.553123e+16
5603	7.254685e+15	1.822025e+01	1.846845e+01	3.051756e+16
5604	7.255155e+15	2.042940e+01	2.010338e+01	3.865160e+16
5605	7.255613e+15	2.231289e+01	2.071028e+01	2.351426e+16
5606	7.256055e+15	2.039579e+01	1.905011e+01	1.470369e+16
5607	7.256510e+15	2.108901e+01	2.186298e+01	1.835619e+16
5608	7.256931e+15	1.524792e+01	1.735743e+01	1.476352e+16
5609	7.257404e+15	1.864226e+01	2.220202e+01	1.460777e+16
5610	7.257831e+15	1.503491e+01	1.810258e+01	1.981793e+16
5611	7.258288e+15	1.498063e+01	1.952792e+01	1.041681e+16
5612	7.258775e+15	1.881277e+01	2.275522e+01	1.135577e+16
5613	7.259232e+15	1.985381e+01	1.972459e+01	1.812888e+16
5614	7.259700e+15	1.917755e+01	2.196837e+01	3.592717e+16
5615	7.260158e+15	1.834537e+01	2.099973e+01	2.904170e+16
5616	7.260625e+15	2.002791e+01	2.152847e+01	3.654004e+16
5617	7.261090e+15	2.149566e+01	2.223873e+01	1.888278e+16
5618	7.261527e+15	1.872689e+01	2.086065e+01	3.196509e+16
5619	7.261986e+15	2.052913e+01	2.329657e+01	2.957015e+16
5620	7.262428e+15	2.022787e+01	2.248667e+01	2.596965e+16
5621	7.262871e+15	2.037034e+01	2.284196e+01	3.050262e+16
5622	7.263310e+15	1.993330e+01	2.144671e+01	1.716727e+16
5623	7.263746e+15	1.977282e+01	2.156928e+01	1.783610e+16
5624	7.264176e+15	2.127772e+01	2.219867e+01	2.239112e+16
5625	7.264588e+15	2.205570e+01	2.106914e+01	2.324428e+16
5626	7.264999e+15	2.187976e+01	2.061174e+01	2.207615e+16
5627	7.265418e+15	2.301347e+01	2.153145e+01	1.124404e+16
5628	7.265829e+15	2.086283e+01	1.856421e+01	1.464978e+16
5629	7.266270e+15	2.081788e+01	1.970421e+01	1.160111e+16
5630	7.266724e+15	2.013640e+01	2.041221e+01	2.240305e+16
5631	7.267188e+15	1.992841e+01	2.287030e+01	3.286752e+16
5632	7.267637e+15	1.867376e+01	2.282630e+01	2.131731e+16
5633	7.268089e+15	1.912399e+01	2.355474e+01	2.769211e+16
5634	7.268530e+15	1.729730e+01	2.201231e+01	1.709756e+16
5635	7.268980e+15	1.781600e+01	2.239038e+01	2.151970e+16
5636	7.269435e+15	1.841121e+01	2.283847e+01	2.596361e+16
5637	7.269889e+15	1.920643e+01	2.345723e+01	3.062145e+16
5638	7.270337e+15	1.895118e+01	2.324103e+01	3.688146e+16
5639	7.270781e+15	2.032271e+01	2.350151e+01	1.334169e+16
5640	7.271217e+15	2.039232e+01	2.369704e+01	3.216271e+16
5641	7.271645e+15	1.956889e+01	2.325663e+01	1.648244e+16
5642	7.272077e+15	2.002861e+01	2.327732e+01	2.688882e+16
5643	7.272519e+15	1.816813e+01	2.276338e+01	2.812177e+16
5644	7.272985e+15	1.931094e+01	2.580010e+01	3.824608e+16
5645	7.273431e+15	1.638918e+01	2.265962e+01	4.389840e+16
5646	7.273913e+15	1.629080e+01	2.632498e+01	1.825553e+16
5647	7.274379e+15	1.585461e+01	2.305913e+01	1.965645e+16
5648	7.274886e+15	1.851668e+01	2.756309e+01	2.568373e+16
5649	7.275364e+15	1.799862e+01	2.638280e+01	3.695770e+16
5650	7.275839e+15	1.712764e+01	2.449598e+01	4.322354e+16
5651	7.276338e+15	1.775948e+01	2.393431e+01	3.334392e+16
5652	7.276848e+15	1.732638e+01	2.364080e+01	3.387583e+16
5653	7.277386e+15	1.639952e+01	2.448662e+01	2.493410e+16
5654	7.277934e+15	1.730006e+01	2.597896e+01	4.940814e+16
5655	7.278466e+15	1.740387e+01	2.623790e+01	3.670258e+16
5656	7.278987e+15	1.678325e+01	2.596816e+01	3.317449e+16
5657	7.279515e+15	1.583705e+01	2.777476e+01	1.573510e+16
5658	7.280040e+15	1.545724e+01	2.892894e+01	3.873892e+16
5659	7.280553e+15	1.444769e+01	2.826571e+01	3.754757e+16
5660	7.281067e+15	1.416355e+01	2.881237e+01	2.852509e+16
5661	7.281572e+15	1.481282e+01	2.824567e+01	3.322173e+16
5662	7.282066e+15	1.471186e+01	2.835625e+01	2.612582e+16
5663	7.282546e+15	1.375460e+01	2.470959e+01	2.387735e+16
5664	7.283064e+15	1.418682e+01	2.694695e+01	1.015950e+16
5665	7.283587e+15	1.374693e+01	2.656485e+01	2.724542e+16
5666	7.284119e+15	1.422486e+01	2.818031e+01	3.019326e+16
5667	7.284645e+15	1.460194e+01	2.874513e+01	2.601082e+16
5668	7.285163e+15	1.476105e+01	2.745505e+01	2.654706e+16
5669	7.285687e+15	1.521152e+01	2.871881e+01	2.726701e+16
5670	7.286201e+15	1.477896e+01	2.697322e+01	1.612905e+16
5671	7.286724e+15	1.437781e+01	2.681619e+01	2.282989e+16
5672	7.287255e+15	1.559465e+01	2.860649e+01	3.929297e+16
5673	7.287772e+15	1.570674e+01	2.757561e+01	1.536891e+16
5674	7.288293e+15	1.534224e+01	2.755487e+01	1.402009e+16
5675	7.288830e+15	1.555328e+01	2.919968e+01	1.446201e+16
5676	7.289370e+15	1.570119e+01	2.791765e+01	1.843031e+16
5677	7.289934e+15	1.623503e+01	3.017495e+01	3.801192e+16
5678	7.290493e+15	1.699563e+01	2.957913e+01	2.761242e+16
5679	7.291057e+15	1.561163e+01	2.741243e+01	3.906214e+16
5680	7.291662e+15	1.519553e+01	2.872472e+01	4.419524e+16
5681	7.292291e+15	1.647839e+01	2.916814e+01	3.761202e+16
5682	7.292930e+15	1.590698e+01	2.861476e+01	2.516133e+16
5683	7.293581e+15	1.726975e+01	2.995388e+01	1.111871e+16
5684	7.294218e+15	1.583039e+01	2.658344e+01	3.769046e+16
5685	7.294910e+15	1.880087e+01	3.487352e+01	4.400041e+16
5686	7.295535e+15	1.720370e+01	2.977159e+01	3.593591e+16
5687	7.296189e+15	1.865969e+01	3.133977e+01	5.294974e+16
5688	7.296855e+15	1.924402e+01	3.145126e+01	5.052298e+16
5689	7.297525e+15	2.094580e+01	3.181663e+01	4.217577e+16
5690	7.298164e+15	2.112369e+01	3.234229e+01	4.210542e+16
5691	7.298758e+15	2.208277e+01	3.223861e+01	3.552548e+16
5692	7.299308e+15	1.820211e+01	2.452749e+01	2.808365e+16
5693	7.299925e+15	2.849991e+01	3.820060e+01	1.670036e+16
5694	7.300419e+15	2.228332e+01	2.827012e+01	4.592581e+16
5695	7.300925e+15	2.219415e+01	2.740907e+01	2.054514e+16
5696	7.301453e+15	2.559592e+01	3.079739e+01	3.260436e+16
5697	7.301950e+15	2.277252e+01	2.660133e+01	3.408613e+16
5698	7.302468e+15	2.360280e+01	2.757255e+01	3.286153e+16
5699	7.303004e+15	2.612872e+01	3.076399e+01	3.493005e+16
5700	7.303518e+15	2.671189e+01	3.062796e+01	4.436508e+16
5701	7.304012e+15	2.740376e+01	3.047762e+01	4.009393e+16
5702	7.304484e+15	2.834178e+01	2.910565e+01	3.218266e+16
5703	7.304949e+15	2.583386e+01	2.633117e+01	2.547124e+16
5704	7.305449e+15	2.880353e+01	3.013669e+01	3.765674e+16
5705	7.305935e+15	2.665936e+01	2.744628e+01	3.719264e+16
5706	7.306438e+15	2.789343e+01	2.875245e+01	2.073360e+16
5707	7.306939e+15	2.713261e+01	2.804864e+01	3.472888e+16
5708	7.307450e+15	6.256514e+01	5.939758e+01	2.680141e+16
5709	7.307730e+15	2.738519e+01	2.389003e+01	2.138162e+16
5710	7.308066e+15	3.286406e+01	2.828713e+01	1.662026e+16
5711	7.308415e+15	2.712307e+01	2.366392e+01	1.507119e+16
5712	7.308834e+15	2.492912e+01	2.425261e+01	2.437183e+16
5713	7.309329e+15	2.913547e+01	2.840338e+01	2.304849e+16
5714	7.309854e+15	2.981887e+01	2.912522e+01	1.729109e+16
5715	7.310401e+15	3.542628e+01	3.351007e+01	2.885741e+16
5716	7.310918e+15	3.476072e+01	3.271465e+01	2.708434e+16
5717	7.311416e+15	3.572966e+01	3.306557e+01	3.204414e+16
5718	7.311890e+15	3.637069e+01	3.376588e+01	1.878083e+16
5719	7.312334e+15	3.623785e+01	3.366567e+01	1.920444e+16
5720	7.312752e+15	3.401723e+01	3.091308e+01	1.944854e+16
5721	7.313176e+15	4.034040e+01	3.452522e+01	1.939154e+16
5722	7.313566e+15	3.449711e+01	2.999063e+01	2.714679e+16
5723	7.313972e+15	3.922259e+01	3.502447e+01	2.642209e+16
5724	7.314344e+15	3.627358e+01	3.210842e+01	2.004788e+16
5725	7.314719e+15	3.623534e+01	3.105981e+01	2.061381e+16
5726	7.315106e+15	4.091387e+01	3.355907e+01	2.056790e+16
5727	7.315476e+15	4.048929e+01	3.091181e+01	2.789463e+16
5728	7.315846e+15	4.072190e+01	3.096775e+01	2.183627e+16
5729	7.316221e+15	4.261213e+01	3.373038e+01	2.415398e+16
5730	7.316582e+15	3.557718e+01	2.862760e+01	2.479700e+16
5731	7.316976e+15	4.505381e+01	3.483940e+01	4.507605e+16
5732	7.317341e+15	3.836847e+01	2.885011e+01	2.860678e+16
5733	7.317731e+15	3.997611e+01	3.075942e+01	3.131664e+16
5734	7.318130e+15	4.054645e+01	3.164049e+01	1.975529e+16
5735	7.318532e+15	4.078180e+01	3.125612e+01	1.815363e+16
5736	7.318939e+15	3.885302e+01	2.892879e+01	1.721147e+16
5737	7.319373e+15	4.288354e+01	3.152391e+01	3.238532e+16
5738	7.319812e+15	4.139074e+01	3.187313e+01	1.759828e+16
5739	7.320259e+15	4.295588e+01	3.336260e+01	3.180434e+16
5740	7.320698e+15	4.610119e+01	3.561393e+01	2.986474e+16
5741	7.321111e+15	4.884518e+01	3.559906e+01	2.708812e+16
5742	7.321493e+15	4.055952e+01	2.814059e+01	1.889621e+16
5743	7.321909e+15	5.034395e+01	3.359201e+01	2.821237e+16
5744	7.322300e+15	4.853231e+01	3.062690e+01	1.963543e+16
5745	7.322690e+15	4.867582e+01	3.073852e+01	1.197405e+16
5746	7.323076e+15	4.356136e+01	2.691566e+01	1.266129e+16
5747	7.323494e+15	5.311390e+01	3.199959e+01	5.995695e+15
5748	7.323881e+15	4.704743e+01	2.747446e+01	6.609396e+15
5749	7.324285e+15	4.770321e+01	2.871942e+01	1.584115e+16
5750	7.324693e+15	4.396528e+01	2.720227e+01	1.495302e+16
5751	7.325123e+15	4.852041e+01	3.076380e+01	2.649314e+16
5752	7.325534e+15	4.531012e+01	2.843589e+01	3.143752e+16
5753	7.325947e+15	4.867752e+01	2.920984e+01	1.723202e+16
5754	7.326352e+15	3.739464e+01	2.225746e+01	1.773959e+16
5755	7.326829e+15	4.427716e+01	2.889924e+01	3.035634e+16
5756	7.327307e+15	4.219227e+01	2.881620e+01	2.714470e+16
5757	7.327798e+15	4.530590e+01	3.203393e+01	9.641556e+15
5758	7.328266e+15	4.341543e+01	3.175291e+01	2.826694e+16
5759	7.328722e+15	4.555764e+01	3.189826e+01	1.742351e+16
5760	7.329159e+15	4.179164e+01	2.769351e+01	2.186225e+16
5761	7.329611e+15	4.612257e+01	3.099244e+01	2.046196e+16
5762	7.330039e+15	4.162894e+01	2.825712e+01	1.554429e+16
5763	7.330478e+15	4.172317e+01	2.882020e+01	1.871018e+16
5764	7.330925e+15	4.006095e+01	2.840509e+01	2.581567e+16
5765	7.331386e+15	4.187849e+01	3.086154e+01	2.545296e+16
5766	7.331832e+15	4.057233e+01	3.115122e+01	1.709257e+16
5767	7.332270e+15	3.304850e+01	2.590847e+01	1.906135e+16
5768	7.332768e+15	3.847334e+01	3.070956e+01	1.673099e+16
5769	7.333262e+15	3.903264e+01	3.099348e+01	1.575222e+16
5770	7.333749e+15	3.460972e+01	2.856679e+01	1.389630e+16
5771	7.334265e+15	3.731583e+01	3.045257e+01	1.072542e+16
5772	7.334787e+15	3.790803e+01	3.159006e+01	3.804346e+16
5773	7.335300e+15	3.687173e+01	3.156983e+01	9.699308e+15
5774	7.335809e+15	3.860073e+01	3.361998e+01	2.506610e+16
5775	7.336293e+15	3.700975e+01	3.238575e+01	2.584424e+16
5776	7.336765e+15	3.606660e+01	3.213493e+01	3.118122e+16
5777	7.337224e+15	3.554782e+01	2.975899e+01	1.963934e+16
5778	7.337678e+15	3.558094e+01	2.742015e+01	2.436627e+16
5779	7.338140e+15	3.634997e+01	2.792469e+01	2.372211e+16
5780	7.338598e+15	3.223058e+01	2.377331e+01	5.615430e+15
5781	7.339089e+15	3.752826e+01	2.769274e+01	2.661143e+16
5782	7.339560e+15	3.744100e+01	2.643838e+01	1.535759e+16
5783	7.340028e+15	3.747069e+01	2.651898e+01	2.091521e+16
5784	7.340487e+15	3.570808e+01	2.499831e+01	1.475397e+16
5785	7.340963e+15	3.963786e+01	2.742168e+01	2.042797e+16
5786	7.341425e+15	3.407313e+01	2.442640e+01	2.844236e+16
5787	7.341919e+15	3.775213e+01	2.643769e+01	2.546550e+16
5788	7.342414e+15	4.034440e+01	2.837665e+01	3.561162e+16
5789	7.342892e+15	3.733014e+01	2.638853e+01	2.279671e+16
5790	7.343390e+15	3.807868e+01	2.908532e+01	2.403952e+16
5791	7.343885e+15	3.770822e+01	2.918064e+01	2.616332e+16
5792	7.344376e+15	3.474009e+01	2.700916e+01	3.147391e+16
5793	7.344895e+15	3.840556e+01	2.979525e+01	2.582895e+16
5794	7.345405e+15	3.566182e+01	2.852784e+01	1.366987e+16
5795	7.345922e+15	3.531517e+01	2.882044e+01	2.346616e+16
5796	7.346445e+15	3.837744e+01	3.161268e+01	3.014399e+16
5797	7.346938e+15	3.637561e+01	3.044587e+01	1.625547e+16
5798	7.347421e+15	3.522068e+01	2.993005e+01	4.026869e+16
5799	7.347898e+15	3.399833e+01	2.764297e+01	2.109616e+16
5800	7.348387e+15	3.472047e+01	2.862199e+01	3.281952e+16
5801	7.348884e+15	3.631309e+01	3.051374e+01	3.092036e+16
5802	7.349368e+15	3.071843e+01	2.663579e+01	2.214716e+16
5803	7.349886e+15	3.575306e+01	3.100414e+01	2.580043e+16
5804	7.350375e+15	3.474476e+01	2.936856e+01	3.171970e+16
5805	7.350853e+15	3.278745e+01	2.758927e+01	3.058856e+16
5806	7.351335e+15	3.590226e+01	2.832574e+01	3.319531e+16
5807	7.351797e+15	3.164154e+01	2.518447e+01	1.941706e+16
5808	7.352289e+15	3.398700e+01	2.709600e+01	1.502044e+16
5809	7.352780e+15	2.877609e+01	2.347489e+01	2.076686e+16
5810	7.353320e+15	3.204539e+01	2.650970e+01	2.043815e+16
5811	7.353856e+15	3.598292e+01	2.878994e+01	3.904483e+16
5812	7.354356e+15	3.087096e+01	2.485153e+01	1.943429e+16
5813	7.354894e+15	3.510000e+01	2.874328e+01	3.792319e+16
5814	7.355419e+15	3.663913e+01	3.015977e+01	3.133488e+16
5815	7.355915e+15	3.534807e+01	2.830454e+01	2.784865e+16
5816	7.356410e+15	3.527917e+01	2.897181e+01	2.813181e+16
5817	7.356900e+15	3.498437e+01	2.902942e+01	2.019749e+16
5818	7.357382e+15	3.385365e+01	2.815554e+01	4.402685e+16
5819	7.357867e+15	3.834141e+01	3.173514e+01	2.181126e+16
5820	7.358316e+15	3.387936e+01	2.770835e+01	1.206736e+16
5821	7.358778e+15	3.346663e+01	2.764173e+01	2.513898e+16
5822	7.359258e+15	3.660318e+01	2.990940e+01	3.481427e+16
5823	7.359724e+15	3.364719e+01	2.808039e+01	1.727477e+16
5824	7.360198e+15	3.149799e+01	2.752013e+01	2.639019e+16
5825	7.360688e+15	3.312892e+01	2.836562e+01	2.772304e+16
5826	7.361177e+15	2.801891e+01	2.474448e+01	2.627761e+16
5827	7.361725e+15	3.391786e+01	2.943757e+01	1.547120e+16
5828	7.362255e+15	3.438626e+01	2.894991e+01	2.390232e+16
5829	7.362773e+15	3.533982e+01	3.062100e+01	3.977209e+16
5830	7.363265e+15	3.684989e+01	3.279139e+01	2.019371e+16
5831	7.363712e+15	3.106309e+01	2.669308e+01	1.583969e+16
5832	7.364189e+15	3.811866e+01	3.141277e+01	1.901936e+16
5833	7.364630e+15	3.693765e+01	2.916551e+01	1.988126e+16
5834	7.365063e+15	3.951900e+01	3.088943e+01	2.705286e+16
5835	7.365470e+15	3.521923e+01	2.667066e+01	1.864978e+16
5836	7.365892e+15	3.539723e+01	2.777812e+01	1.573964e+16
5837	7.366321e+15	4.237625e+01	3.271344e+01	3.149924e+16
5838	7.366708e+15	3.543286e+01	2.694496e+01	2.515019e+16
5839	7.367113e+15	3.557085e+01	2.726690e+01	2.934598e+16
5840	7.367537e+15	3.780651e+01	2.913496e+01	3.283414e+16
5841	7.367957e+15	3.828328e+01	2.850888e+01	2.870656e+16
5842	7.368372e+15	3.547507e+01	2.655580e+01	1.891588e+16
5843	7.368804e+15	3.313681e+01	2.394974e+01	1.766170e+16
5844	7.369277e+15	3.161169e+01	2.546443e+01	3.206615e+16
5845	7.369792e+15	2.767604e+01	2.427882e+01	3.965428e+16
5846	7.370385e+15	3.475980e+01	3.113565e+01	4.483381e+16
5847	7.370949e+15	3.653624e+01	3.108071e+01	3.726399e+16
5848	7.371487e+15	3.788630e+01	3.084539e+01	2.846515e+16
5849	7.371993e+15	3.706725e+01	2.850243e+01	1.192873e+16
5850	7.372491e+15	3.888241e+01	2.728732e+01	2.263558e+16
5851	7.372981e+15	3.830680e+01	2.535140e+01	1.815106e+16
5852	7.373472e+15	3.990061e+01	2.646860e+01	1.586933e+16
5853	7.373950e+15	3.654274e+01	2.510932e+01	2.105455e+16
5854	7.374441e+15	3.515361e+01	2.495353e+01	2.555210e+16
5855	7.374954e+15	3.907166e+01	2.699952e+01	3.127127e+16
5856	7.375458e+15	3.557134e+01	2.468551e+01	3.554622e+16
5857	7.375993e+15	3.571435e+01	2.575026e+01	2.693677e+16
5858	7.376547e+15	3.018714e+01	2.221283e+01	1.874349e+16
5859	7.377185e+15	3.475160e+01	2.702853e+01	2.318020e+16
5860	7.377819e+15	4.117470e+01	3.050051e+01	2.249906e+16
5861	7.378393e+15	3.046906e+01	2.381632e+01	3.773821e+16
5862	7.379032e+15	3.374539e+01	2.795133e+01	3.702848e+16
5863	7.379663e+15	3.193094e+01	2.900858e+01	2.418734e+16
5864	7.380279e+15	3.039488e+01	3.023735e+01	3.194227e+16
5865	7.380877e+15	2.398545e+01	2.628329e+01	3.247457e+16
5866	7.381542e+15	3.150688e+01	3.890514e+01	4.343012e+16
5867	7.382073e+15	2.013524e+01	2.532735e+01	2.210946e+16
5868	7.382680e+15	2.168881e+01	3.046697e+01	3.483647e+16
5869	7.383291e+15	2.478933e+01	3.789269e+01	3.191111e+16
5870	7.383817e+15	2.069228e+01	3.110900e+01	3.066224e+16
5871	7.384360e+15	1.936557e+01	3.047622e+01	4.047609e+16
5872	7.384929e+15	2.200027e+01	3.489391e+01	4.658055e+16
5873	7.385467e+15	2.378124e+01	3.411339e+01	6.159091e+16
5874	7.385980e+15	2.648323e+01	3.316626e+01	4.856762e+16
5875	7.386471e+15	2.719768e+01	3.215006e+01	4.029684e+16
5876	7.386943e+15	2.897780e+01	3.073519e+01	4.111192e+16
5877	7.387413e+15	2.953505e+01	3.075604e+01	4.528584e+16
5878	7.387871e+15	2.750356e+01	2.890436e+01	3.454985e+16
5879	7.388341e+15	2.846235e+01	2.984644e+01	4.342242e+16
5880	7.388816e+15	3.419492e+01	3.344893e+01	2.650961e+16
5881	7.389254e+15	3.095504e+01	2.837025e+01	3.327068e+16
5882	7.389717e+15	3.610130e+01	3.198195e+01	3.633947e+16
5883	7.390159e+15	3.490818e+01	2.974740e+01	3.360695e+16
5884	7.390603e+15	3.561827e+01	2.938816e+01	2.926293e+16
5885	7.391052e+15	3.615946e+01	2.927763e+01	2.525623e+16
5886	7.391502e+15	3.440180e+01	2.745962e+01	3.021020e+16
5887	7.391972e+15	3.632984e+01	2.981090e+01	2.629257e+16
5888	7.392429e+15	3.738846e+01	2.895705e+01	2.185139e+16
5889	7.392885e+15	3.854002e+01	3.228155e+01	1.283103e+16
5890	7.393304e+15	3.375025e+01	2.722718e+01	2.302392e+16
5891	7.393740e+15	3.764178e+01	2.941605e+01	3.959592e+16
5892	7.394167e+15	3.676133e+01	2.792763e+01	2.740475e+16
5893	7.394597e+15	3.610811e+01	2.635984e+01	2.492874e+16
5894	7.395049e+15	3.793778e+01	2.783939e+01	3.401509e+16
5895	7.395508e+15	3.451666e+01	2.452759e+01	2.760975e+16
5896	7.396010e+15	3.495646e+01	2.744494e+01	3.230536e+16
5897	7.396532e+15	3.699495e+01	2.802802e+01	3.653051e+16
5898	7.397067e+15	3.893885e+01	2.951722e+01	1.800517e+16
5899	7.397594e+15	3.631724e+01	2.897737e+01	4.941552e+16
5900	7.398127e+15	3.678377e+01	2.892430e+01	3.512541e+16
5901	7.398667e+15	4.046860e+01	3.214349e+01	3.581910e+16
5902	7.399174e+15	3.795945e+01	3.011171e+01	2.303756e+16
5903	7.399678e+15	3.955326e+01	3.108929e+01	1.610122e+16
5904	7.400169e+15	4.019566e+01	3.138520e+01	1.723353e+16
5905	7.400638e+15	4.074230e+01	3.027370e+01	1.600958e+16
5906	7.401097e+15	4.089875e+01	2.991230e+01	4.344343e+16
5907	7.401556e+15	4.402822e+01	3.149554e+01	1.351800e+16
5908	7.401996e+15	4.187828e+01	3.024983e+01	2.305552e+16
5909	7.402435e+15	4.467300e+01	3.120277e+01	2.346874e+16
5910	7.402864e+15	4.450027e+01	3.009073e+01	1.230872e+16
5911	7.403292e+15	4.631940e+01	3.075951e+01	3.136684e+16
5912	7.403708e+15	4.696243e+01	3.012596e+01	2.844081e+16
5913	7.404116e+15	4.737447e+01	2.914394e+01	1.103904e+16
5914	7.404521e+15	4.342146e+01	2.728815e+01	1.954512e+16
5915	7.404950e+15	4.852245e+01	3.049351e+01	2.430064e+16
5916	7.405365e+15	4.115214e+01	2.650276e+01	1.450666e+16
5917	7.405815e+15	4.659824e+01	2.899809e+01	2.559347e+16
5918	7.406264e+15	5.128315e+01	3.218500e+01	3.838322e+16
5919	7.406677e+15	4.497244e+01	2.770125e+01	2.292840e+16
5920	7.407112e+15	5.097523e+01	3.129293e+01	2.069486e+16
5921	7.407532e+15	4.947357e+01	3.056478e+01	3.293295e+16
5922	7.407947e+15	4.706711e+01	2.858076e+01	2.257538e+16
5923	7.408376e+15	4.565170e+01	2.839057e+01	1.029383e+16
5924	7.408819e+15	4.948855e+01	3.053389e+01	1.692863e+16
5925	7.409246e+15	4.799163e+01	2.911693e+01	2.139261e+16
5926	7.409678e+15	4.895937e+01	2.978562e+01	2.425264e+16
5927	7.410105e+15	4.621137e+01	2.867180e+01	2.247514e+16
5928	7.410536e+15	4.620202e+01	2.848621e+01	2.253727e+16
5929	7.410975e+15	4.739129e+01	3.006010e+01	2.298572e+16
5930	7.411409e+15	4.461913e+01	2.930340e+01	2.716817e+16
5931	7.411852e+15	4.229577e+01	2.848768e+01	2.591432e+16
5932	7.412313e+15	4.580920e+01	3.011155e+01	2.376440e+16
5933	7.412768e+15	4.541169e+01	2.988604e+01	2.807966e+16
5934	7.413221e+15	4.270356e+01	2.784777e+01	3.127020e+16
5935	7.413695e+15	4.442850e+01	2.825190e+01	2.813649e+16
5936	7.414172e+15	4.262756e+01	2.657094e+01	1.832472e+16
5937	7.414665e+15	4.971724e+01	2.999525e+01	2.348290e+16
5938	7.415120e+15	4.352260e+01	2.655998e+01	3.599457e+16
5939	7.415596e+15	4.690071e+01	2.925607e+01	3.530812e+16
5940	7.416065e+15	4.354674e+01	2.764025e+01	2.381881e+16
5941	7.416555e+15	4.395040e+01	2.986741e+01	3.578042e+16
5942	7.417042e+15	4.242349e+01	2.931135e+01	1.124334e+16
5943	7.417536e+15	4.162366e+01	2.977371e+01	2.608825e+16
5944	7.418033e+15	4.164735e+01	2.946270e+01	2.679816e+16
5945	7.418537e+15	4.184652e+01	2.975212e+01	3.320524e+16
5946	7.419044e+15	4.220333e+01	3.128511e+01	2.878676e+16
5947	7.419536e+15	3.890555e+01	2.896196e+01	2.813099e+16
5948	7.420042e+15	4.312759e+01	3.190397e+01	1.615969e+16
5949	7.420519e+15	4.219583e+01	3.074111e+01	1.895883e+16
5950	7.420980e+15	4.049131e+01	2.988077e+01	2.005320e+16
5951	7.421443e+15	4.058327e+01	3.085945e+01	2.344732e+16
5952	7.421896e+15	4.129989e+01	3.108982e+01	4.153069e+16
5953	7.422340e+15	3.955528e+01	3.056667e+01	2.028289e+16
5954	7.422779e+15	3.872612e+01	2.985389e+01	2.018136e+16
5955	7.423218e+15	4.192046e+01	3.188566e+01	4.291241e+16
5956	7.423634e+15	4.070038e+01	3.034366e+01	1.948495e+16
5957	7.424046e+15	3.929414e+01	2.908249e+01	2.841090e+16
5958	7.424469e+15	4.354842e+01	3.153703e+01	1.905542e+16
5959	7.424873e+15	3.650824e+01	2.752716e+01	1.786090e+16
5960	7.425309e+15	4.445842e+01	3.340154e+01	2.703236e+16
5961	7.425714e+15	3.847754e+01	2.824399e+01	3.124001e+16
5962	7.426141e+15	4.423508e+01	3.163119e+01	2.010243e+16
5963	7.426558e+15	4.591909e+01	3.205175e+01	2.717753e+16
5964	7.426959e+15	4.115000e+01	2.891828e+01	2.171406e+16
5965	7.427376e+15	4.082926e+01	2.814653e+01	1.994191e+16
5966	7.427816e+15	4.795495e+01	3.306191e+01	9.700452e+15
5967	7.428218e+15	4.203293e+01	2.856254e+01	2.596550e+16
5968	7.428633e+15	3.951823e+01	2.624136e+01	3.461642e+16
5969	7.429089e+15	4.517165e+01	2.973425e+01	2.020098e+16
5970	7.429538e+15	4.250423e+01	2.822020e+01	3.060132e+16
5971	7.430006e+15	3.985789e+01	2.697348e+01	2.387105e+16
5972	7.430513e+15	4.251214e+01	2.999795e+01	3.236297e+16
5973	7.431014e+15	4.649963e+01	2.998604e+01	2.355047e+16
5974	7.431497e+15	4.028777e+01	2.710508e+01	2.036505e+16
5975	7.432021e+15	5.058188e+01	3.692612e+01	2.533919e+16
5976	7.432471e+15	3.638944e+01	2.641065e+01	2.860933e+16
5977	7.432979e+15	4.100020e+01	3.109359e+01	3.657739e+16
5978	7.433491e+15	5.269954e+01	3.886365e+01	2.499043e+16
5979	7.433923e+15	4.234517e+01	2.870955e+01	2.613830e+16
5980	7.434386e+15	4.718582e+01	3.195410e+01	4.266954e+16
5981	7.434828e+15	4.766603e+01	3.098373e+01	2.448674e+16
5982	7.435256e+15	5.024054e+01	3.097260e+01	2.243659e+16
5983	7.435667e+15	4.697810e+01	2.891320e+01	1.478404e+16
5984	7.436083e+15	4.566609e+01	2.761324e+01	1.279624e+16
5985	7.436514e+15	4.924288e+01	3.033284e+01	2.135930e+16
5986	7.436921e+15	4.536144e+01	2.715037e+01	1.944854e+16
5987	7.437341e+15	4.569051e+01	2.774838e+01	2.098194e+16
5988	7.437765e+15	4.430475e+01	2.725877e+01	3.401703e+16
5989	7.438194e+15	4.225190e+01	2.595952e+01	2.099679e+16
5990	7.438644e+15	4.270911e+01	2.666665e+01	1.040069e+16
5991	7.439105e+15	4.191871e+01	2.640761e+01	1.193536e+16
5992	7.439581e+15	3.989676e+01	2.511930e+01	2.071460e+16
5993	7.440096e+15	4.642761e+01	2.848984e+01	2.263984e+16
5994	7.440593e+15	3.958148e+01	2.449245e+01	2.790192e+16
5995	7.441140e+15	4.223548e+01	2.798719e+01	2.700014e+16
5996	7.441688e+15	4.288774e+01	2.951034e+01	1.432525e+16
5997	7.442218e+15	4.392981e+01	3.056880e+01	1.828071e+16
5998	7.442721e+15	4.546650e+01	3.070129e+01	1.692946e+16
5999	7.443198e+15	4.379231e+01	2.898915e+01	4.001374e+16
6000	7.443673e+15	4.616133e+01	2.957739e+01	1.999381e+16
6001	7.444140e+15	4.703183e+01	2.966959e+01	2.667907e+16
6002	7.444594e+15	4.768638e+01	2.974624e+01	2.629510e+16
6003	7.445033e+15	4.836818e+01	2.989599e+01	2.107728e+16
6004	7.445463e+15	4.939488e+01	3.009888e+01	3.099641e+16
6005	7.445876e+15	4.989513e+01	2.939336e+01	2.016038e+16
6006	7.446275e+15	3.987419e+01	2.348599e+01	2.156770e+16
6007	7.446738e+15	5.134465e+01	3.216942e+01	3.519654e+16
6008	7.447164e+15	4.173495e+01	2.745562e+01	1.078972e+16
6009	7.447618e+15	5.089218e+01	3.293108e+01	3.452937e+16
6010	7.448030e+15	4.608346e+01	2.733078e+01	1.950208e+16
6011	7.448454e+15	4.434816e+01	2.659036e+01	2.115837e+16
6012	7.448912e+15	5.268015e+01	3.106394e+01	2.545328e+16
6013	7.449341e+15	4.840276e+01	2.893935e+01	2.202635e+16
6014	7.449765e+15	4.852923e+01	3.021258e+01	2.672116e+16
6015	7.450168e+15	5.021690e+01	2.926849e+01	1.494581e+16
6016	7.450557e+15	4.983810e+01	2.736977e+01	1.925711e+16
6017	7.450947e+15	4.574185e+01	2.658133e+01	1.829526e+16
6018	7.451349e+15	4.308747e+01	2.708721e+01	1.602732e+16
6019	7.451766e+15	4.716124e+01	2.998755e+01	1.934719e+16
6020	7.452159e+15	3.602086e+01	2.299148e+01	1.309271e+16
6021	7.452613e+15	4.225380e+01	2.694630e+01	2.774214e+16
6022	7.453067e+15	4.341904e+01	3.065412e+01	2.676853e+16
6023	7.453481e+15	3.049547e+01	2.141808e+01	2.335011e+16
6024	7.453977e+15	4.022694e+01	2.960101e+01	2.668424e+16
6025	7.454439e+15	4.184051e+01	2.856337e+01	3.578804e+16
6026	7.454886e+15	3.165108e+01	2.161783e+01	2.248855e+16
6027	7.455422e+15	4.305663e+01	3.057271e+01	3.125497e+16
6028	7.455911e+15	4.222236e+01	2.780163e+01	1.845757e+16
6029	7.456394e+15	3.304395e+01	2.207720e+01	2.616490e+16
6030	7.456966e+15	3.726017e+01	2.787270e+01	3.666924e+16
6031	7.457532e+15	3.906745e+01	2.919407e+01	2.120508e+16
6032	7.458066e+15	3.452953e+01	2.572399e+01	9.647477e+15
6033	7.458619e+15	3.608078e+01	2.670307e+01	2.938710e+16
6034	7.459166e+15	3.704772e+01	2.718443e+01	3.052317e+16
6035	7.459722e+15	3.782626e+01	2.717696e+01	3.637138e+16
6036	7.460285e+15	3.939706e+01	2.754424e+01	2.493780e+16
6037	7.460849e+15	4.356284e+01	3.065162e+01	3.859268e+16
6038	7.461367e+15	4.193246e+01	2.775181e+01	2.959033e+16
6039	7.461878e+15	4.353359e+01	2.882657e+01	3.556891e+16
6040	7.462366e+15	4.207647e+01	2.776329e+01	2.117650e+16
6041	7.462847e+15	4.213042e+01	2.865192e+01	1.773211e+16
6042	7.463315e+15	4.332544e+01	2.965848e+01	2.537869e+16
6043	7.463763e+15	4.280576e+01	2.867439e+01	1.426291e+16
6044	7.464199e+15	4.277740e+01	2.861711e+01	1.707965e+16
6045	7.464629e+15	4.371311e+01	2.851068e+01	1.493369e+16
6046	7.465052e+15	3.912590e+01	2.573590e+01	2.398559e+16
6047	7.465496e+15	4.513776e+01	2.764799e+01	2.595033e+16
6048	7.465924e+15	4.428606e+01	2.694674e+01	2.937725e+16
6049	7.466346e+15	3.704501e+01	2.330717e+01	1.858428e+16
6050	7.466817e+15	3.999554e+01	2.606707e+01	2.206244e+16
6051	7.467292e+15	3.855178e+01	2.500854e+01	2.586128e+16
6052	7.467780e+15	3.577674e+01	2.334606e+01	2.088575e+16
6053	7.468291e+15	3.408599e+01	2.235697e+01	4.155235e+15
6054	7.468841e+15	4.066027e+01	2.796977e+01	2.626781e+16
6055	7.469342e+15	3.771068e+01	2.504174e+01	1.156453e+16
6056	7.469848e+15	4.007431e+01	2.641198e+01	1.889869e+16
6057	7.470328e+15	4.147176e+01	2.574077e+01	2.651882e+16
6058	7.470793e+15	3.934997e+01	2.295531e+01	1.102251e+16
6059	7.471271e+15	3.932172e+01	2.313681e+01	1.988547e+16
6060	7.471738e+15	4.080094e+01	2.578776e+01	1.687203e+16
6061	7.472184e+15	3.532013e+01	2.237919e+01	1.433170e+16
6062	7.472665e+15	3.571733e+01	2.310135e+01	2.347455e+16
6063	7.473158e+15	3.582040e+01	2.305209e+01	1.696870e+16
6064	7.473649e+15	3.602457e+01	2.181722e+01	1.570580e+16
6065	7.474138e+15	3.171567e+01	1.839372e+01	1.803700e+16
6066	7.474690e+15	4.401059e+01	2.515209e+01	1.120748e+16
6067	7.475164e+15	3.606426e+01	2.066908e+01	1.265728e+16
6068	7.475648e+15	3.331516e+01	1.935748e+01	1.650917e+16
6069	7.476175e+15	4.075393e+01	2.359766e+01	2.259293e+16
6070	7.476676e+15	3.940766e+01	2.264401e+01	1.909591e+16
6071	7.477192e+15	4.297312e+01	2.485539e+01	2.173165e+16
6072	7.477692e+15	4.113963e+01	2.336583e+01	2.778215e+16
6073	7.478200e+15	4.344026e+01	2.343515e+01	1.286257e+16
6074	7.478696e+15	4.321097e+01	2.213832e+01	2.235597e+16
6075	7.479188e+15	4.386574e+01	2.225362e+01	2.371545e+16
6076	7.479662e+15	4.235064e+01	2.155123e+01	1.928857e+16
6077	7.480128e+15	3.671317e+01	1.949276e+01	2.107142e+16
6078	7.480637e+15	3.909828e+01	2.139704e+01	2.612333e+16
6079	7.481146e+15	3.667170e+01	1.976180e+01	8.161783e+15
6080	7.481671e+15	3.513754e+01	2.007913e+01	1.856267e+16
6081	7.482217e+15	3.472569e+01	1.979822e+01	2.577887e+16
6082	7.482787e+15	9.226076e+01	4.791843e+01	3.389416e+16
6083	7.483064e+15	4.664289e+01	2.323310e+01	1.709753e+16
6084	7.483356e+15	4.408862e+01	2.287338e+01	1.209783e+16
6085	7.483663e+15	4.062959e+01	2.077864e+01	7.730116e+15
6086	7.483995e+15	3.930520e+01	1.953986e+01	2.908900e+15
6087	7.484361e+15	3.459328e+01	1.806464e+01	9.727723e+15
6088	7.484786e+15	3.809839e+01	1.919062e+01	1.444538e+16
6089	7.485245e+15	3.960241e+01	1.957473e+01	1.048118e+16
6090	7.485728e+15	3.980735e+01	1.961512e+01	2.226366e+16
6091	7.486233e+15	3.991763e+01	2.077444e+01	2.547495e+16
6092	7.486741e+15	4.021569e+01	2.089460e+01	1.198098e+16
6093	7.487229e+15	3.959998e+01	2.036537e+01	1.661936e+16
6094	7.487704e+15	3.954972e+01	1.942971e+01	3.327430e+16
6095	7.488175e+15	3.882752e+01	1.916970e+01	1.352758e+16
6096	7.488645e+15	4.004745e+01	2.039674e+01	2.863609e+16
6097	7.489104e+15	3.860825e+01	2.021766e+01	9.452352e+15
6098	7.489570e+15	4.739278e+01	3.219714e+01	4.507620e+16
6099	7.489973e+15	3.760534e+01	2.068008e+01	1.642496e+16
6100	7.490384e+15	3.692718e+01	2.053146e+01	1.635879e+16
6101	7.490795e+15	3.915358e+01	2.209350e+01	1.562773e+16
6102	7.491178e+15	3.336550e+01	1.896887e+01	1.045951e+16
6103	7.491595e+15	3.693834e+01	2.166591e+01	1.945980e+16
6104	7.491995e+15	3.478667e+01	2.054793e+01	1.643341e+16
6105	7.492394e+15	3.228210e+01	1.880794e+01	1.998644e+16
6106	7.492818e+15	3.314603e+01	1.978777e+01	1.288176e+16
6107	7.493247e+15	3.462224e+01	2.075940e+01	1.516240e+16
6108	7.493666e+15	2.972687e+01	1.670294e+01	1.650947e+16
6109	7.494121e+15	3.126081e+01	1.799223e+01	1.740632e+16
6110	7.494589e+15	3.435396e+01	2.029611e+01	1.175339e+16
6111	7.495026e+15	2.680567e+01	1.743636e+01	2.336172e+16
6112	7.495516e+15	2.914788e+01	2.045241e+01	2.262710e+16
6113	7.496002e+15	2.876784e+01	2.127372e+01	3.006469e+16
6114	7.496478e+15	2.545543e+01	1.909251e+01	1.537096e+16
6115	7.496980e+15	2.794504e+01	2.058094e+01	3.513899e+16
6116	7.497469e+15	2.864845e+01	2.122843e+01	2.198290e+16
6117	7.497946e+15	2.906004e+01	2.168224e+01	1.614097e+16
6118	7.498414e+15	2.797806e+01	2.069052e+01	3.339416e+16
6119	7.498879e+15	3.030005e+01	2.257076e+01	2.620758e+16
6120	7.499310e+15	2.912392e+01	2.188158e+01	1.585688e+16
6121	7.499740e+15	2.951069e+01	2.248935e+01	1.685342e+16
6122	7.500162e+15	2.886866e+01	2.251024e+01	1.636437e+16
6123	7.500583e+15	2.951791e+01	2.273353e+01	1.602135e+16
6124	7.500996e+15	2.869301e+01	2.139838e+01	7.573342e+15
6125	7.501420e+15	3.044656e+01	2.217237e+01	2.072743e+16
6126	7.501843e+15	2.862215e+01	2.225229e+01	1.579400e+16
6127	7.502283e+15	2.922164e+01	2.288958e+01	1.881898e+16
6128	7.502732e+15	3.401697e+01	2.495886e+01	2.223612e+16
6129	7.503149e+15	2.944865e+01	2.023867e+01	8.665737e+15
6130	7.503608e+15	3.517595e+01	2.536450e+01	2.096834e+16
6131	7.504026e+15	2.986873e+01	2.206970e+01	1.560615e+16
6132	7.504455e+15	3.063455e+01	2.328725e+01	1.320215e+16
6133	7.504870e+15	3.241750e+01	2.377793e+01	2.505177e+16
6134	7.505267e+15	3.205098e+01	2.205044e+01	1.069258e+16
6135	7.505665e+15	3.369024e+01	2.201938e+01	1.429469e+16
6136	7.506056e+15	3.109629e+01	2.160612e+01	1.757423e+16
6137	7.506450e+15	3.008161e+01	2.022882e+01	1.804052e+16
6138	7.506852e+15	3.086209e+01	2.008843e+01	1.437696e+16
6139	7.507252e+15	3.066936e+01	1.909670e+01	1.191188e+16
6140	7.507662e+15	2.709175e+01	1.787646e+01	1.393547e+16
6141	7.508103e+15	2.836759e+01	1.906446e+01	1.509243e+16
6142	7.508547e+15	2.802220e+01	1.871656e+01	1.142520e+16
6143	7.508991e+15	2.619456e+01	1.747717e+01	1.646392e+16
6144	7.509456e+15	2.983993e+01	1.913175e+01	1.443313e+16
6145	7.509911e+15	2.721933e+01	1.801223e+01	2.150867e+16
6146	7.510380e+15	2.730185e+01	1.963423e+01	1.657689e+16
6147	7.510831e+15	2.697741e+01	1.865058e+01	1.344051e+16
6148	7.511285e+15	2.716913e+01	1.790837e+01	1.877348e+16
6149	7.511752e+15	2.803462e+01	1.904986e+01	2.347798e+16
6150	7.512206e+15	2.527849e+01	1.747480e+01	1.816909e+16
6151	7.512673e+15	2.791567e+01	1.903648e+01	3.253117e+16
6152	7.513116e+15	2.455377e+01	1.521591e+01	1.770382e+16
6153	7.513601e+15	2.661920e+01	1.780244e+01	2.073046e+16
6154	7.514074e+15	2.832500e+01	1.931306e+01	1.937730e+16
6155	7.514528e+15	2.562032e+01	1.893063e+01	3.318510e+16
6156	7.514996e+15	2.762536e+01	1.979302e+01	3.544729e+16
6157	7.515459e+15	3.014337e+01	2.102504e+01	1.496133e+16
6158	7.515887e+15	3.064253e+01	2.137386e+01	1.895297e+16
6159	7.516293e+15	2.814475e+01	1.874943e+01	1.596740e+16
6160	7.516715e+15	3.182843e+01	2.043856e+01	1.492746e+16
6161	7.517122e+15	3.053206e+01	1.870699e+01	1.696598e+16
6162	7.517547e+15	3.154927e+01	1.919431e+01	2.638174e+16
6163	7.517977e+15	2.886472e+01	1.887899e+01	1.562899e+16
6164	7.518426e+15	2.942388e+01	1.914745e+01	2.074818e+16
6165	7.518877e+15	2.797128e+01	1.798444e+01	7.962830e+15
6166	7.519339e+15	2.788547e+01	1.845977e+01	1.966955e+16
6167	7.519828e+15	3.163212e+01	2.161210e+01	2.209790e+16
6168	7.520264e+15	2.295595e+01	1.621214e+01	9.741530e+15
6169	7.520748e+15	3.248374e+01	2.042180e+01	2.247527e+16
6170	7.521172e+15	2.597496e+01	1.382796e+01	1.612599e+16
6171	7.521646e+15	2.860553e+01	1.706642e+01	1.674121e+16
6172	7.522099e+15	2.642679e+01	1.649606e+01	2.128959e+16
6173	7.522549e+15	2.543300e+01	1.615066e+01	2.145214e+16
6174	7.523007e+15	2.925816e+01	1.825214e+01	1.063379e+16
6175	7.523432e+15	2.479986e+01	1.651594e+01	1.186521e+16
6176	7.523876e+15	2.422057e+01	1.729955e+01	1.548147e+16
6177	7.524325e+15	2.365943e+01	1.752475e+01	1.160705e+16
6178	7.524773e+15	2.147462e+01	1.600332e+01	2.296501e+16
6179	7.525242e+15	2.336198e+01	1.946249e+01	1.498329e+16
6180	7.525695e+15	2.318060e+01	1.979530e+01	7.209621e+15
6181	7.526133e+15	2.189120e+01	1.845077e+01	1.758660e+16
6182	7.526579e+15	2.550242e+01	1.942302e+01	1.652085e+16
6183	7.526997e+15	2.269042e+01	1.509485e+01	9.002812e+15
6184	7.527467e+15	2.849608e+01	2.008597e+01	2.918813e+16
6185	7.527900e+15	2.302560e+01	1.650777e+01	1.831570e+16
6186	7.528365e+15	2.169867e+01	1.540735e+01	2.122530e+16
6187	7.528882e+15	2.926273e+01	2.066593e+01	1.649362e+16
6188	7.529325e+15	2.088456e+01	1.432056e+01	1.522824e+16
6189	7.529824e+15	2.486141e+01	1.623410e+01	2.982655e+16
6190	7.530316e+15	2.588312e+01	1.622805e+01	1.129367e+16
6191	7.530808e+15	2.708905e+01	1.639836e+01	1.564704e+16
6192	7.531301e+15	2.851245e+01	1.699612e+01	3.082685e+16
6193	7.531777e+15	2.693961e+01	1.648967e+01	1.019939e+16
6194	7.532243e+15	2.480743e+01	1.478328e+01	1.197847e+16
6195	7.532709e+15	2.418625e+01	1.461894e+01	1.045603e+16
6196	7.533178e+15	2.284597e+01	1.359898e+01	2.013521e+16
6197	7.533676e+15	2.526043e+01	1.536731e+01	1.871083e+16
6198	7.534155e+15	2.228531e+01	1.438668e+01	1.251377e+16
6199	7.534644e+15	2.331290e+01	1.531722e+01	2.663970e+16
6200	7.535127e+15	2.304485e+01	1.485885e+01	1.297714e+16
6201	7.535616e+15	2.299120e+01	1.568514e+01	3.232619e+16
6202	7.536089e+15	2.200504e+01	1.567803e+01	1.407288e+16
6203	7.536556e+15	2.006214e+01	1.503857e+01	1.442284e+16
6204	7.537044e+15	2.139756e+01	1.594722e+01	1.555433e+16
6205	7.537531e+15	2.140356e+01	1.547623e+01	1.937295e+16
6206	7.538027e+15	2.183103e+01	1.564402e+01	1.346653e+16
6207	7.538529e+15	2.082298e+01	1.479897e+01	2.057386e+16
6208	7.539032e+15	2.098102e+01	1.566095e+01	3.810109e+16
6209	7.539528e+15	2.365033e+01	1.620475e+01	2.473494e+16
6210	7.539988e+15	2.015255e+01	1.216787e+01	1.197776e+16
6211	7.540500e+15	2.493624e+01	1.549143e+01	2.786324e+16
6212	7.540962e+15	1.955450e+01	1.263995e+01	1.880142e+16
6213	7.541459e+15	2.219206e+01	1.463620e+01	1.378634e+16
6214	7.541939e+15	2.075411e+01	1.444829e+01	1.475171e+16
6215	7.542421e+15	2.015535e+01	1.524380e+01	1.421744e+16
6216	7.542901e+15	2.149244e+01	1.629417e+01	1.919440e+16
6217	7.543375e+15	2.000645e+01	1.663922e+01	2.847132e+16
6218	7.543854e+15	1.856284e+01	1.669122e+01	2.318661e+16
6219	7.544346e+15	1.962936e+01	1.881793e+01	2.098214e+16
6220	7.544816e+15	1.837425e+01	1.866641e+01	1.955543e+16
6221	7.545288e+15	1.823181e+01	1.986903e+01	2.348357e+16
6222	7.545747e+15	1.880780e+01	2.041165e+01	1.461931e+16
6223	7.546189e+15	1.966712e+01	2.057001e+01	1.935477e+16
6224	7.546613e+15	1.987023e+01	1.942899e+01	1.993514e+16
6225	7.547028e+15	2.090410e+01	1.867947e+01	1.470759e+16
6226	7.547445e+15	2.142894e+01	1.893389e+01	1.645661e+16
6227	7.547860e+15	1.799112e+01	1.491424e+01	2.249701e+16
6228	7.548333e+15	2.270627e+01	1.983994e+01	1.527978e+16
6229	7.548774e+15	2.246100e+01	1.910835e+01	1.982140e+16
6230	7.549202e+15	2.110660e+01	1.877358e+01	1.888406e+16
6231	7.549624e+15	2.273900e+01	1.879409e+01	2.030694e+16
6232	7.550041e+15	2.440035e+01	1.928728e+01	1.191577e+16
6233	7.550445e+15	2.329332e+01	1.836790e+01	1.544981e+16
6234	7.550848e+15	2.060402e+01	1.666239e+01	1.645521e+16
6235	7.551279e+15	2.171083e+01	1.803866e+01	1.244562e+16
6236	7.551707e+15	2.078720e+01	1.697296e+01	2.296223e+16
6237	7.552147e+15	2.128634e+01	1.725239e+01	2.005643e+16
6238	7.552590e+15	1.967162e+01	1.581546e+01	2.395834e+16
6239	7.553055e+15	1.968073e+01	1.617695e+01	2.770876e+16
6240	7.553545e+15	1.957638e+01	1.626711e+01	1.906736e+16
6241	7.554053e+15	1.929353e+01	1.604274e+01	1.919448e+16
6242	7.554583e+15	1.945846e+01	1.724552e+01	8.478759e+15
6243	7.555120e+15	2.299697e+01	2.042593e+01	2.047094e+16
6244	7.555596e+15	1.798787e+01	1.490347e+01	1.563096e+16
6245	7.556103e+15	2.035177e+01	1.623523e+01	3.388294e+16
6246	7.556600e+15	2.075837e+01	1.644123e+01	1.655420e+16
6247	7.557077e+15	1.746283e+01	1.430418e+01	1.705257e+16
6248	7.557581e+15	1.709317e+01	1.669108e+01	2.382929e+16
6249	7.558091e+15	1.867908e+01	1.808129e+01	2.049292e+16
6250	7.558567e+15	1.769974e+01	1.669277e+01	1.883013e+16
6251	7.559053e+15	2.247795e+01	1.782236e+01	3.591336e+16
6252	7.559490e+15	1.942764e+01	1.369138e+01	1.698039e+16
6253	7.559959e+15	2.289074e+01	1.652901e+01	2.390147e+16
6254	7.560391e+15	1.769077e+01	1.323492e+01	1.440283e+16
