# W => 2.0e6
# method => lookup
# mantle temperature => 1573.0
# melting plot interval => 6.3e13
# max step => -1
# nx => 101
# lithosphere thickness => 120000.19
# marky => 12
# plot interval field => 1.575e14
# plot interval marker => 1.575e15
# H => 2.85e6
# g => 10.0
# ny => 143
# Tcmb => 2998.5489127396577
# max time => 9.45e15
# output directory => /nfs/peloton/waltz/rudolphlab/mpi-io-DOES-NOT-WORK-ON-HIVE/qxl51/plume-melt/plume_150000.8_350.0_120000.19
# eclogite frac => 0.1
# markx => 6
1	0.000000e+00	0.000000e+00	0.000000e+00	0.000000e+00
2	1.000000e+10	0.000000e+00	0.000000e+00	0.000000e+00
3	2.200000e+10	0.000000e+00	0.000000e+00	0.000000e+00
4	3.640000e+10	0.000000e+00	0.000000e+00	0.000000e+00
5	5.368000e+10	0.000000e+00	0.000000e+00	0.000000e+00
6	7.441600e+10	0.000000e+00	0.000000e+00	0.000000e+00
7	9.929920e+10	0.000000e+00	0.000000e+00	0.000000e+00
8	1.291590e+11	0.000000e+00	0.000000e+00	0.000000e+00
9	1.649908e+11	0.000000e+00	0.000000e+00	0.000000e+00
10	2.079890e+11	0.000000e+00	0.000000e+00	0.000000e+00
11	2.595868e+11	0.000000e+00	0.000000e+00	0.000000e+00
12	3.215042e+11	0.000000e+00	0.000000e+00	0.000000e+00
13	3.958050e+11	0.000000e+00	0.000000e+00	0.000000e+00
14	4.849660e+11	0.000000e+00	0.000000e+00	0.000000e+00
15	5.919592e+11	0.000000e+00	0.000000e+00	0.000000e+00
16	7.203511e+11	0.000000e+00	0.000000e+00	0.000000e+00
17	8.744213e+11	0.000000e+00	0.000000e+00	0.000000e+00
18	1.059306e+12	0.000000e+00	0.000000e+00	0.000000e+00
19	1.281167e+12	0.000000e+00	0.000000e+00	0.000000e+00
20	1.547400e+12	0.000000e+00	0.000000e+00	0.000000e+00
21	1.866880e+12	0.000000e+00	0.000000e+00	0.000000e+00
22	2.250256e+12	0.000000e+00	0.000000e+00	0.000000e+00
23	2.710307e+12	0.000000e+00	0.000000e+00	0.000000e+00
24	3.262369e+12	0.000000e+00	0.000000e+00	0.000000e+00
25	3.924842e+12	0.000000e+00	0.000000e+00	0.000000e+00
26	4.719811e+12	0.000000e+00	0.000000e+00	0.000000e+00
27	5.673773e+12	0.000000e+00	0.000000e+00	0.000000e+00
28	6.818528e+12	0.000000e+00	0.000000e+00	0.000000e+00
29	8.192233e+12	0.000000e+00	0.000000e+00	0.000000e+00
30	9.840680e+12	0.000000e+00	0.000000e+00	0.000000e+00
31	1.181882e+13	0.000000e+00	0.000000e+00	0.000000e+00
32	1.419258e+13	0.000000e+00	0.000000e+00	0.000000e+00
33	1.704109e+13	0.000000e+00	0.000000e+00	0.000000e+00
34	2.045931e+13	0.000000e+00	0.000000e+00	0.000000e+00
35	2.456118e+13	0.000000e+00	0.000000e+00	0.000000e+00
36	2.948341e+13	0.000000e+00	0.000000e+00	0.000000e+00
37	3.539009e+13	0.000000e+00	0.000000e+00	0.000000e+00
38	4.247811e+13	0.000000e+00	0.000000e+00	0.000000e+00
39	5.098373e+13	0.000000e+00	0.000000e+00	0.000000e+00
40	6.119048e+13	0.000000e+00	0.000000e+00	0.000000e+00
41	7.343858e+13	0.000000e+00	0.000000e+00	0.000000e+00
42	8.813629e+13	0.000000e+00	0.000000e+00	0.000000e+00
43	1.057736e+14	0.000000e+00	0.000000e+00	0.000000e+00
44	1.269383e+14	0.000000e+00	0.000000e+00	0.000000e+00
45	1.523359e+14	0.000000e+00	0.000000e+00	0.000000e+00
46	1.828131e+14	0.000000e+00	0.000000e+00	0.000000e+00
47	2.193857e+14	0.000000e+00	0.000000e+00	0.000000e+00
48	2.632729e+14	0.000000e+00	0.000000e+00	0.000000e+00
49	3.159374e+14	0.000000e+00	0.000000e+00	0.000000e+00
50	3.791349e+14	0.000000e+00	0.000000e+00	0.000000e+00
51	4.549719e+14	0.000000e+00	0.000000e+00	0.000000e+00
52	5.174107e+14	0.000000e+00	0.000000e+00	0.000000e+00
53	5.589605e+14	0.000000e+00	0.000000e+00	0.000000e+00
54	5.909277e+14	0.000000e+00	0.000000e+00	0.000000e+00
55	6.167681e+14	0.000000e+00	0.000000e+00	0.000000e+00
56	6.389988e+14	0.000000e+00	0.000000e+00	0.000000e+00
57	6.589762e+14	0.000000e+00	0.000000e+00	0.000000e+00
58	6.773500e+14	0.000000e+00	0.000000e+00	0.000000e+00
59	6.946497e+14	0.000000e+00	0.000000e+00	0.000000e+00
60	7.112331e+14	0.000000e+00	0.000000e+00	0.000000e+00
61	7.273552e+14	0.000000e+00	0.000000e+00	0.000000e+00
62	7.430167e+14	0.000000e+00	0.000000e+00	0.000000e+00
63	7.583824e+14	0.000000e+00	0.000000e+00	0.000000e+00
64	7.735845e+14	0.000000e+00	0.000000e+00	0.000000e+00
65	7.889156e+14	0.000000e+00	0.000000e+00	0.000000e+00
66	8.043088e+14	0.000000e+00	0.000000e+00	0.000000e+00
67	8.199812e+14	0.000000e+00	0.000000e+00	0.000000e+00
68	8.361017e+14	0.000000e+00	0.000000e+00	0.000000e+00
69	8.525659e+14	0.000000e+00	0.000000e+00	0.000000e+00
70	8.689271e+14	0.000000e+00	0.000000e+00	0.000000e+00
71	8.850915e+14	0.000000e+00	0.000000e+00	0.000000e+00
72	9.003953e+14	0.000000e+00	0.000000e+00	0.000000e+00
73	9.148878e+14	0.000000e+00	0.000000e+00	0.000000e+00
74	9.289322e+14	0.000000e+00	0.000000e+00	0.000000e+00
75	9.424823e+14	0.000000e+00	0.000000e+00	0.000000e+00
76	9.557294e+14	0.000000e+00	0.000000e+00	0.000000e+00
77	9.687301e+14	0.000000e+00	0.000000e+00	0.000000e+00
78	9.814008e+14	0.000000e+00	0.000000e+00	0.000000e+00
79	9.938947e+14	0.000000e+00	0.000000e+00	0.000000e+00
80	1.006270e+15	0.000000e+00	0.000000e+00	0.000000e+00
81	1.018458e+15	0.000000e+00	0.000000e+00	0.000000e+00
82	1.030389e+15	0.000000e+00	0.000000e+00	0.000000e+00
83	1.042251e+15	0.000000e+00	0.000000e+00	0.000000e+00
84	1.054026e+15	0.000000e+00	0.000000e+00	0.000000e+00
85	1.065560e+15	0.000000e+00	0.000000e+00	0.000000e+00
86	1.077155e+15	0.000000e+00	0.000000e+00	0.000000e+00
87	1.088685e+15	0.000000e+00	0.000000e+00	0.000000e+00
88	1.100086e+15	0.000000e+00	0.000000e+00	0.000000e+00
89	1.111537e+15	0.000000e+00	0.000000e+00	0.000000e+00
90	1.123036e+15	0.000000e+00	0.000000e+00	0.000000e+00
91	1.134577e+15	0.000000e+00	0.000000e+00	0.000000e+00
92	1.146259e+15	0.000000e+00	0.000000e+00	0.000000e+00
93	1.157846e+15	0.000000e+00	0.000000e+00	0.000000e+00
94	1.169509e+15	0.000000e+00	0.000000e+00	0.000000e+00
95	1.181179e+15	0.000000e+00	0.000000e+00	0.000000e+00
96	1.192862e+15	0.000000e+00	0.000000e+00	0.000000e+00
97	1.204688e+15	0.000000e+00	0.000000e+00	0.000000e+00
98	1.216255e+15	0.000000e+00	0.000000e+00	0.000000e+00
99	1.228068e+15	0.000000e+00	0.000000e+00	0.000000e+00
100	1.239781e+15	0.000000e+00	0.000000e+00	0.000000e+00
101	1.251669e+15	0.000000e+00	0.000000e+00	0.000000e+00
102	1.263669e+15	0.000000e+00	0.000000e+00	0.000000e+00
103	1.275588e+15	0.000000e+00	0.000000e+00	0.000000e+00
104	1.287899e+15	0.000000e+00	0.000000e+00	0.000000e+00
105	1.300062e+15	0.000000e+00	0.000000e+00	0.000000e+00
106	1.312490e+15	0.000000e+00	0.000000e+00	0.000000e+00
107	1.325001e+15	0.000000e+00	0.000000e+00	0.000000e+00
108	1.337402e+15	0.000000e+00	0.000000e+00	0.000000e+00
109	1.350396e+15	0.000000e+00	0.000000e+00	0.000000e+00
110	1.363276e+15	0.000000e+00	0.000000e+00	0.000000e+00
111	1.376802e+15	0.000000e+00	0.000000e+00	0.000000e+00
112	1.390213e+15	0.000000e+00	0.000000e+00	0.000000e+00
113	1.403720e+15	0.000000e+00	0.000000e+00	0.000000e+00
114	1.417521e+15	0.000000e+00	0.000000e+00	0.000000e+00
115	1.431438e+15	0.000000e+00	0.000000e+00	0.000000e+00
116	1.445396e+15	0.000000e+00	0.000000e+00	0.000000e+00
117	1.459652e+15	0.000000e+00	0.000000e+00	0.000000e+00
118	1.474248e+15	0.000000e+00	0.000000e+00	0.000000e+00
119	1.488709e+15	0.000000e+00	0.000000e+00	0.000000e+00
120	1.503604e+15	0.000000e+00	0.000000e+00	0.000000e+00
121	1.518498e+15	0.000000e+00	0.000000e+00	0.000000e+00
122	1.533321e+15	0.000000e+00	0.000000e+00	0.000000e+00
123	1.549183e+15	0.000000e+00	0.000000e+00	0.000000e+00
124	1.565052e+15	0.000000e+00	0.000000e+00	0.000000e+00
125	1.581030e+15	0.000000e+00	0.000000e+00	0.000000e+00
126	1.598527e+15	0.000000e+00	0.000000e+00	0.000000e+00
127	1.615971e+15	0.000000e+00	0.000000e+00	0.000000e+00
128	1.633145e+15	0.000000e+00	0.000000e+00	0.000000e+00
129	1.651632e+15	0.000000e+00	0.000000e+00	0.000000e+00
130	1.669540e+15	0.000000e+00	0.000000e+00	0.000000e+00
131	1.687139e+15	0.000000e+00	0.000000e+00	0.000000e+00
132	1.707081e+15	0.000000e+00	0.000000e+00	0.000000e+00
133	1.726130e+15	0.000000e+00	0.000000e+00	0.000000e+00
134	1.745819e+15	0.000000e+00	0.000000e+00	0.000000e+00
135	1.765215e+15	0.000000e+00	0.000000e+00	0.000000e+00
136	1.784191e+15	0.000000e+00	0.000000e+00	0.000000e+00
137	1.802806e+15	0.000000e+00	0.000000e+00	0.000000e+00
138	1.821039e+15	0.000000e+00	0.000000e+00	0.000000e+00
139	1.839087e+15	0.000000e+00	0.000000e+00	0.000000e+00
140	1.857104e+15	0.000000e+00	0.000000e+00	0.000000e+00
141	1.874694e+15	0.000000e+00	0.000000e+00	0.000000e+00
142	1.892041e+15	0.000000e+00	0.000000e+00	0.000000e+00
143	1.909208e+15	0.000000e+00	0.000000e+00	0.000000e+00
144	1.926012e+15	0.000000e+00	0.000000e+00	0.000000e+00
145	1.942413e+15	0.000000e+00	0.000000e+00	0.000000e+00
146	1.958497e+15	0.000000e+00	0.000000e+00	0.000000e+00
147	1.974573e+15	0.000000e+00	0.000000e+00	0.000000e+00
148	1.990139e+15	0.000000e+00	0.000000e+00	0.000000e+00
149	2.005489e+15	0.000000e+00	0.000000e+00	0.000000e+00
150	2.020559e+15	0.000000e+00	0.000000e+00	0.000000e+00
151	2.035346e+15	0.000000e+00	0.000000e+00	0.000000e+00
152	2.049922e+15	0.000000e+00	0.000000e+00	0.000000e+00
153	2.064346e+15	0.000000e+00	0.000000e+00	0.000000e+00
154	2.078595e+15	0.000000e+00	0.000000e+00	0.000000e+00
155	2.092567e+15	0.000000e+00	0.000000e+00	0.000000e+00
156	2.106432e+15	0.000000e+00	0.000000e+00	0.000000e+00
157	2.120135e+15	0.000000e+00	0.000000e+00	0.000000e+00
158	2.133717e+15	0.000000e+00	0.000000e+00	0.000000e+00
159	2.147210e+15	0.000000e+00	0.000000e+00	0.000000e+00
160	2.160583e+15	0.000000e+00	0.000000e+00	0.000000e+00
161	2.174002e+15	0.000000e+00	0.000000e+00	0.000000e+00
162	2.187289e+15	0.000000e+00	0.000000e+00	0.000000e+00
163	2.199891e+15	0.000000e+00	0.000000e+00	0.000000e+00
164	2.213177e+15	0.000000e+00	0.000000e+00	0.000000e+00
165	2.226337e+15	0.000000e+00	0.000000e+00	0.000000e+00
166	2.239497e+15	0.000000e+00	0.000000e+00	0.000000e+00
167	2.252577e+15	0.000000e+00	0.000000e+00	0.000000e+00
168	2.265027e+15	0.000000e+00	0.000000e+00	0.000000e+00
169	2.278077e+15	0.000000e+00	0.000000e+00	0.000000e+00
170	2.291155e+15	0.000000e+00	0.000000e+00	0.000000e+00
171	2.304144e+15	0.000000e+00	0.000000e+00	0.000000e+00
172	2.317202e+15	0.000000e+00	0.000000e+00	0.000000e+00
173	2.330324e+15	0.000000e+00	0.000000e+00	0.000000e+00
174	2.343413e+15	0.000000e+00	0.000000e+00	0.000000e+00
175	2.356593e+15	0.000000e+00	0.000000e+00	0.000000e+00
176	2.369778e+15	0.000000e+00	0.000000e+00	0.000000e+00
177	2.383049e+15	0.000000e+00	0.000000e+00	0.000000e+00
178	2.396232e+15	0.000000e+00	0.000000e+00	0.000000e+00
179	2.409281e+15	0.000000e+00	0.000000e+00	0.000000e+00
180	2.422219e+15	0.000000e+00	0.000000e+00	0.000000e+00
181	2.435102e+15	0.000000e+00	0.000000e+00	0.000000e+00
182	2.447930e+15	0.000000e+00	0.000000e+00	0.000000e+00
183	2.460681e+15	0.000000e+00	0.000000e+00	0.000000e+00
184	2.471737e+15	0.000000e+00	0.000000e+00	0.000000e+00
185	2.484391e+15	0.000000e+00	0.000000e+00	0.000000e+00
186	2.494227e+15	0.000000e+00	0.000000e+00	0.000000e+00
187	2.506031e+15	0.000000e+00	0.000000e+00	0.000000e+00
188	2.515691e+15	0.000000e+00	0.000000e+00	0.000000e+00
189	2.527282e+15	0.000000e+00	0.000000e+00	0.000000e+00
190	2.539735e+15	0.000000e+00	0.000000e+00	0.000000e+00
191	2.552674e+15	0.000000e+00	0.000000e+00	0.000000e+00
192	2.562054e+15	0.000000e+00	0.000000e+00	0.000000e+00
193	2.573309e+15	0.000000e+00	0.000000e+00	0.000000e+00
194	2.585840e+15	0.000000e+00	0.000000e+00	0.000000e+00
195	2.598351e+15	0.000000e+00	0.000000e+00	0.000000e+00
196	2.610691e+15	0.000000e+00	0.000000e+00	0.000000e+00
197	2.621594e+15	0.000000e+00	0.000000e+00	0.000000e+00
198	2.631987e+15	0.000000e+00	0.000000e+00	0.000000e+00
199	2.643449e+15	0.000000e+00	0.000000e+00	0.000000e+00
200	2.654598e+15	0.000000e+00	0.000000e+00	0.000000e+00
201	2.666731e+15	0.000000e+00	0.000000e+00	0.000000e+00
202	2.678635e+15	0.000000e+00	0.000000e+00	0.000000e+00
203	2.689914e+15	0.000000e+00	0.000000e+00	0.000000e+00
204	2.700130e+15	0.000000e+00	0.000000e+00	0.000000e+00
205	2.711683e+15	0.000000e+00	0.000000e+00	0.000000e+00
206	2.724156e+15	0.000000e+00	0.000000e+00	0.000000e+00
207	2.734639e+15	0.000000e+00	0.000000e+00	0.000000e+00
208	2.746022e+15	0.000000e+00	0.000000e+00	0.000000e+00
209	2.756506e+15	0.000000e+00	0.000000e+00	0.000000e+00
210	2.767365e+15	0.000000e+00	0.000000e+00	0.000000e+00
211	2.780126e+15	0.000000e+00	0.000000e+00	0.000000e+00
212	2.792149e+15	0.000000e+00	0.000000e+00	0.000000e+00
213	2.802104e+15	0.000000e+00	0.000000e+00	0.000000e+00
214	2.812967e+15	0.000000e+00	0.000000e+00	0.000000e+00
215	2.826003e+15	0.000000e+00	0.000000e+00	0.000000e+00
216	2.837252e+15	0.000000e+00	0.000000e+00	0.000000e+00
217	2.847435e+15	0.000000e+00	0.000000e+00	0.000000e+00
218	2.858975e+15	0.000000e+00	0.000000e+00	0.000000e+00
219	2.871695e+15	0.000000e+00	0.000000e+00	0.000000e+00
220	2.883428e+15	0.000000e+00	0.000000e+00	0.000000e+00
221	2.895256e+15	0.000000e+00	0.000000e+00	0.000000e+00
222	2.907168e+15	0.000000e+00	0.000000e+00	0.000000e+00
223	2.917866e+15	0.000000e+00	0.000000e+00	0.000000e+00
224	2.930061e+15	0.000000e+00	0.000000e+00	0.000000e+00
225	2.941062e+15	0.000000e+00	0.000000e+00	0.000000e+00
226	2.952742e+15	0.000000e+00	0.000000e+00	0.000000e+00
227	2.964512e+15	0.000000e+00	0.000000e+00	0.000000e+00
228	2.975593e+15	0.000000e+00	0.000000e+00	0.000000e+00
229	2.988416e+15	0.000000e+00	0.000000e+00	0.000000e+00
230	2.999082e+15	0.000000e+00	0.000000e+00	0.000000e+00
231	3.008807e+15	0.000000e+00	0.000000e+00	0.000000e+00
232	3.018367e+15	0.000000e+00	0.000000e+00	0.000000e+00
233	3.028119e+15	0.000000e+00	0.000000e+00	0.000000e+00
234	3.039717e+15	0.000000e+00	0.000000e+00	0.000000e+00
235	3.052711e+15	0.000000e+00	0.000000e+00	0.000000e+00
236	3.063453e+15	0.000000e+00	0.000000e+00	0.000000e+00
237	3.074910e+15	0.000000e+00	0.000000e+00	0.000000e+00
238	3.085943e+15	0.000000e+00	0.000000e+00	0.000000e+00
239	3.095626e+15	0.000000e+00	0.000000e+00	0.000000e+00
240	3.104649e+15	0.000000e+00	0.000000e+00	0.000000e+00
241	3.114456e+15	0.000000e+00	0.000000e+00	0.000000e+00
242	3.125350e+15	0.000000e+00	0.000000e+00	0.000000e+00
243	3.136959e+15	0.000000e+00	0.000000e+00	0.000000e+00
244	3.148079e+15	0.000000e+00	0.000000e+00	0.000000e+00
245	3.157494e+15	0.000000e+00	0.000000e+00	0.000000e+00
246	3.168792e+15	0.000000e+00	0.000000e+00	0.000000e+00
247	3.179730e+15	0.000000e+00	0.000000e+00	0.000000e+00
248	3.191951e+15	0.000000e+00	0.000000e+00	0.000000e+00
249	3.204623e+15	0.000000e+00	0.000000e+00	0.000000e+00
250	3.214787e+15	0.000000e+00	0.000000e+00	0.000000e+00
251	3.225983e+15	0.000000e+00	0.000000e+00	0.000000e+00
252	3.238271e+15	0.000000e+00	0.000000e+00	0.000000e+00
253	3.248859e+15	0.000000e+00	0.000000e+00	0.000000e+00
254	3.259398e+15	0.000000e+00	0.000000e+00	0.000000e+00
255	3.270306e+15	0.000000e+00	0.000000e+00	0.000000e+00
256	3.282904e+15	0.000000e+00	0.000000e+00	0.000000e+00
257	3.294320e+15	0.000000e+00	0.000000e+00	0.000000e+00
258	3.306312e+15	0.000000e+00	0.000000e+00	0.000000e+00
259	3.319050e+15	0.000000e+00	0.000000e+00	0.000000e+00
260	3.330641e+15	0.000000e+00	0.000000e+00	0.000000e+00
261	3.343422e+15	0.000000e+00	0.000000e+00	0.000000e+00
262	3.356556e+15	0.000000e+00	0.000000e+00	0.000000e+00
263	3.368826e+15	0.000000e+00	0.000000e+00	0.000000e+00
264	3.382108e+15	0.000000e+00	0.000000e+00	0.000000e+00
265	3.395444e+15	0.000000e+00	0.000000e+00	0.000000e+00
266	3.408946e+15	0.000000e+00	0.000000e+00	0.000000e+00
267	3.422403e+15	0.000000e+00	0.000000e+00	0.000000e+00
268	3.435915e+15	0.000000e+00	0.000000e+00	0.000000e+00
269	3.448926e+15	0.000000e+00	0.000000e+00	0.000000e+00
270	3.462903e+15	0.000000e+00	0.000000e+00	0.000000e+00
271	3.477164e+15	0.000000e+00	0.000000e+00	0.000000e+00
272	3.491525e+15	0.000000e+00	0.000000e+00	0.000000e+00
273	3.505619e+15	0.000000e+00	0.000000e+00	0.000000e+00
274	3.519045e+15	0.000000e+00	0.000000e+00	0.000000e+00
275	3.534013e+15	0.000000e+00	0.000000e+00	0.000000e+00
276	3.549208e+15	0.000000e+00	0.000000e+00	0.000000e+00
277	3.564790e+15	0.000000e+00	0.000000e+00	0.000000e+00
278	3.578028e+15	0.000000e+00	0.000000e+00	0.000000e+00
279	3.592219e+15	0.000000e+00	0.000000e+00	0.000000e+00
280	3.608799e+15	0.000000e+00	0.000000e+00	0.000000e+00
281	3.625461e+15	0.000000e+00	0.000000e+00	0.000000e+00
282	3.639145e+15	0.000000e+00	0.000000e+00	0.000000e+00
283	3.653050e+15	0.000000e+00	0.000000e+00	0.000000e+00
284	3.669462e+15	0.000000e+00	0.000000e+00	0.000000e+00
285	3.685649e+15	0.000000e+00	0.000000e+00	0.000000e+00
286	3.700637e+15	0.000000e+00	0.000000e+00	0.000000e+00
287	3.714688e+15	0.000000e+00	0.000000e+00	0.000000e+00
288	3.729928e+15	0.000000e+00	0.000000e+00	0.000000e+00
289	3.744923e+15	0.000000e+00	0.000000e+00	0.000000e+00
290	3.759620e+15	0.000000e+00	0.000000e+00	0.000000e+00
291	3.774110e+15	0.000000e+00	0.000000e+00	0.000000e+00
292	3.788538e+15	0.000000e+00	0.000000e+00	0.000000e+00
293	3.802858e+15	0.000000e+00	0.000000e+00	0.000000e+00
294	3.816930e+15	0.000000e+00	0.000000e+00	0.000000e+00
295	3.830850e+15	0.000000e+00	0.000000e+00	0.000000e+00
296	3.844717e+15	0.000000e+00	0.000000e+00	0.000000e+00
297	3.858474e+15	0.000000e+00	0.000000e+00	0.000000e+00
298	3.872110e+15	0.000000e+00	0.000000e+00	0.000000e+00
299	3.885654e+15	0.000000e+00	0.000000e+00	0.000000e+00
300	3.899205e+15	0.000000e+00	0.000000e+00	0.000000e+00
301	3.912770e+15	0.000000e+00	0.000000e+00	0.000000e+00
302	3.926319e+15	0.000000e+00	0.000000e+00	0.000000e+00
303	3.939792e+15	0.000000e+00	0.000000e+00	0.000000e+00
304	3.953200e+15	0.000000e+00	0.000000e+00	0.000000e+00
305	3.966569e+15	0.000000e+00	0.000000e+00	0.000000e+00
306	3.980006e+15	0.000000e+00	0.000000e+00	0.000000e+00
307	3.993384e+15	0.000000e+00	0.000000e+00	0.000000e+00
308	4.006827e+15	0.000000e+00	0.000000e+00	0.000000e+00
309	4.020308e+15	0.000000e+00	0.000000e+00	0.000000e+00
310	4.033822e+15	0.000000e+00	0.000000e+00	0.000000e+00
311	4.047496e+15	0.000000e+00	0.000000e+00	0.000000e+00
312	4.061314e+15	0.000000e+00	0.000000e+00	0.000000e+00
313	4.075322e+15	0.000000e+00	0.000000e+00	0.000000e+00
314	4.089406e+15	0.000000e+00	0.000000e+00	0.000000e+00
315	4.103490e+15	0.000000e+00	0.000000e+00	0.000000e+00
316	4.117532e+15	0.000000e+00	0.000000e+00	0.000000e+00
317	4.131729e+15	0.000000e+00	0.000000e+00	0.000000e+00
318	4.146094e+15	0.000000e+00	0.000000e+00	0.000000e+00
319	4.160660e+15	0.000000e+00	0.000000e+00	0.000000e+00
320	4.175390e+15	0.000000e+00	0.000000e+00	0.000000e+00
321	4.190213e+15	0.000000e+00	0.000000e+00	0.000000e+00
322	4.202710e+15	0.000000e+00	0.000000e+00	0.000000e+00
323	4.214976e+15	0.000000e+00	0.000000e+00	0.000000e+00
324	4.229696e+15	0.000000e+00	0.000000e+00	0.000000e+00
325	4.244972e+15	0.000000e+00	0.000000e+00	0.000000e+00
326	4.260681e+15	0.000000e+00	0.000000e+00	0.000000e+00
327	4.276682e+15	0.000000e+00	0.000000e+00	0.000000e+00
328	4.292842e+15	0.000000e+00	0.000000e+00	0.000000e+00
329	4.309124e+15	0.000000e+00	0.000000e+00	0.000000e+00
330	4.325786e+15	0.000000e+00	0.000000e+00	0.000000e+00
331	4.342900e+15	0.000000e+00	0.000000e+00	0.000000e+00
332	4.358455e+15	0.000000e+00	0.000000e+00	0.000000e+00
333	4.375556e+15	0.000000e+00	0.000000e+00	0.000000e+00
334	4.393221e+15	0.000000e+00	0.000000e+00	0.000000e+00
335	4.409515e+15	0.000000e+00	0.000000e+00	0.000000e+00
336	4.427298e+15	0.000000e+00	0.000000e+00	0.000000e+00
337	4.445326e+15	0.000000e+00	0.000000e+00	0.000000e+00
338	4.460826e+15	0.000000e+00	0.000000e+00	0.000000e+00
339	4.477867e+15	0.000000e+00	0.000000e+00	0.000000e+00
340	4.496297e+15	0.000000e+00	0.000000e+00	0.000000e+00
341	4.514932e+15	0.000000e+00	0.000000e+00	0.000000e+00
342	4.531762e+15	0.000000e+00	0.000000e+00	0.000000e+00
343	4.550421e+15	0.000000e+00	0.000000e+00	0.000000e+00
344	4.569137e+15	0.000000e+00	0.000000e+00	0.000000e+00
345	4.583995e+15	0.000000e+00	0.000000e+00	0.000000e+00
346	4.598101e+15	0.000000e+00	0.000000e+00	0.000000e+00
347	4.615027e+15	0.000000e+00	0.000000e+00	0.000000e+00
348	4.634124e+15	0.000000e+00	0.000000e+00	0.000000e+00
349	4.652971e+15	0.000000e+00	0.000000e+00	0.000000e+00
350	4.671294e+15	0.000000e+00	0.000000e+00	0.000000e+00
351	4.686704e+15	0.000000e+00	0.000000e+00	0.000000e+00
352	4.702797e+15	0.000000e+00	0.000000e+00	0.000000e+00
353	4.718768e+15	0.000000e+00	0.000000e+00	0.000000e+00
354	4.737505e+15	0.000000e+00	0.000000e+00	0.000000e+00
355	4.755903e+15	0.000000e+00	0.000000e+00	0.000000e+00
356	4.773973e+15	0.000000e+00	0.000000e+00	0.000000e+00
357	4.791735e+15	0.000000e+00	0.000000e+00	0.000000e+00
358	4.809197e+15	0.000000e+00	0.000000e+00	0.000000e+00
359	4.826358e+15	0.000000e+00	0.000000e+00	0.000000e+00
360	4.843232e+15	0.000000e+00	0.000000e+00	0.000000e+00
361	4.859825e+15	0.000000e+00	0.000000e+00	0.000000e+00
362	4.876148e+15	0.000000e+00	0.000000e+00	0.000000e+00
363	4.892214e+15	0.000000e+00	0.000000e+00	0.000000e+00
364	4.908030e+15	0.000000e+00	0.000000e+00	0.000000e+00
365	4.923610e+15	0.000000e+00	0.000000e+00	0.000000e+00
366	4.938949e+15	0.000000e+00	0.000000e+00	0.000000e+00
367	4.954055e+15	0.000000e+00	0.000000e+00	0.000000e+00
368	4.968940e+15	0.000000e+00	0.000000e+00	0.000000e+00
369	4.983607e+15	0.000000e+00	0.000000e+00	0.000000e+00
370	4.998073e+15	0.000000e+00	0.000000e+00	0.000000e+00
371	5.012336e+15	0.000000e+00	0.000000e+00	0.000000e+00
372	5.026403e+15	0.000000e+00	0.000000e+00	0.000000e+00
373	5.040266e+15	0.000000e+00	0.000000e+00	0.000000e+00
374	5.053946e+15	0.000000e+00	0.000000e+00	0.000000e+00
375	5.067442e+15	0.000000e+00	0.000000e+00	0.000000e+00
376	5.080768e+15	0.000000e+00	0.000000e+00	0.000000e+00
377	5.093928e+15	0.000000e+00	0.000000e+00	0.000000e+00
378	5.106926e+15	0.000000e+00	0.000000e+00	0.000000e+00
379	5.119771e+15	0.000000e+00	0.000000e+00	0.000000e+00
380	5.132451e+15	0.000000e+00	0.000000e+00	0.000000e+00
381	5.144972e+15	0.000000e+00	0.000000e+00	0.000000e+00
382	5.157337e+15	0.000000e+00	0.000000e+00	0.000000e+00
383	5.169556e+15	0.000000e+00	0.000000e+00	0.000000e+00
384	5.181631e+15	0.000000e+00	0.000000e+00	0.000000e+00
385	5.193569e+15	0.000000e+00	0.000000e+00	0.000000e+00
386	5.205371e+15	0.000000e+00	0.000000e+00	0.000000e+00
387	5.217042e+15	0.000000e+00	0.000000e+00	0.000000e+00
388	5.228580e+15	0.000000e+00	0.000000e+00	0.000000e+00
389	5.239991e+15	0.000000e+00	0.000000e+00	0.000000e+00
390	5.251278e+15	0.000000e+00	0.000000e+00	0.000000e+00
391	5.262446e+15	0.000000e+00	0.000000e+00	0.000000e+00
392	5.273498e+15	0.000000e+00	0.000000e+00	0.000000e+00
393	5.284440e+15	0.000000e+00	0.000000e+00	0.000000e+00
394	5.295270e+15	0.000000e+00	0.000000e+00	0.000000e+00
395	5.305991e+15	0.000000e+00	0.000000e+00	0.000000e+00
396	5.316608e+15	0.000000e+00	0.000000e+00	0.000000e+00
397	5.327124e+15	0.000000e+00	0.000000e+00	0.000000e+00
398	5.337538e+15	0.000000e+00	0.000000e+00	0.000000e+00
399	5.347855e+15	0.000000e+00	0.000000e+00	0.000000e+00
400	5.358075e+15	0.000000e+00	0.000000e+00	0.000000e+00
401	5.368197e+15	0.000000e+00	0.000000e+00	0.000000e+00
402	5.378228e+15	0.000000e+00	0.000000e+00	0.000000e+00
403	5.388169e+15	0.000000e+00	0.000000e+00	0.000000e+00
404	5.398021e+15	0.000000e+00	0.000000e+00	0.000000e+00
405	5.407785e+15	0.000000e+00	0.000000e+00	0.000000e+00
406	5.417466e+15	0.000000e+00	0.000000e+00	0.000000e+00
407	5.427064e+15	0.000000e+00	0.000000e+00	0.000000e+00
408	5.436575e+15	0.000000e+00	0.000000e+00	0.000000e+00
409	5.446008e+15	0.000000e+00	0.000000e+00	0.000000e+00
410	5.455359e+15	0.000000e+00	0.000000e+00	0.000000e+00
411	5.464634e+15	0.000000e+00	0.000000e+00	0.000000e+00
412	5.473833e+15	0.000000e+00	0.000000e+00	0.000000e+00
413	5.482960e+15	0.000000e+00	0.000000e+00	0.000000e+00
414	5.492015e+15	0.000000e+00	0.000000e+00	0.000000e+00
415	5.501003e+15	0.000000e+00	0.000000e+00	0.000000e+00
416	5.509922e+15	0.000000e+00	0.000000e+00	0.000000e+00
417	5.518777e+15	0.000000e+00	0.000000e+00	0.000000e+00
418	5.527564e+15	0.000000e+00	0.000000e+00	0.000000e+00
419	5.536285e+15	0.000000e+00	0.000000e+00	0.000000e+00
420	5.544941e+15	0.000000e+00	0.000000e+00	0.000000e+00
421	5.553534e+15	0.000000e+00	0.000000e+00	0.000000e+00
422	5.562058e+15	0.000000e+00	0.000000e+00	0.000000e+00
423	5.570526e+15	0.000000e+00	0.000000e+00	0.000000e+00
424	5.578931e+15	0.000000e+00	0.000000e+00	0.000000e+00
425	5.587282e+15	0.000000e+00	0.000000e+00	0.000000e+00
426	5.595574e+15	0.000000e+00	0.000000e+00	0.000000e+00
427	5.603810e+15	0.000000e+00	0.000000e+00	0.000000e+00
428	5.611988e+15	0.000000e+00	0.000000e+00	0.000000e+00
429	5.620110e+15	0.000000e+00	0.000000e+00	0.000000e+00
430	5.628179e+15	0.000000e+00	0.000000e+00	0.000000e+00
431	5.636196e+15	0.000000e+00	0.000000e+00	0.000000e+00
432	5.644158e+15	0.000000e+00	0.000000e+00	0.000000e+00
433	5.652067e+15	0.000000e+00	0.000000e+00	0.000000e+00
434	5.659924e+15	0.000000e+00	0.000000e+00	0.000000e+00
435	5.667731e+15	0.000000e+00	0.000000e+00	0.000000e+00
436	5.675491e+15	0.000000e+00	0.000000e+00	0.000000e+00
437	5.683199e+15	0.000000e+00	0.000000e+00	0.000000e+00
438	5.690864e+15	0.000000e+00	0.000000e+00	0.000000e+00
439	5.698474e+15	0.000000e+00	0.000000e+00	0.000000e+00
440	5.706044e+15	0.000000e+00	0.000000e+00	0.000000e+00
441	5.713563e+15	0.000000e+00	0.000000e+00	0.000000e+00
442	5.721042e+15	0.000000e+00	0.000000e+00	0.000000e+00
443	5.728472e+15	0.000000e+00	0.000000e+00	0.000000e+00
444	5.735863e+15	0.000000e+00	0.000000e+00	0.000000e+00
445	5.743201e+15	0.000000e+00	0.000000e+00	0.000000e+00
446	5.750500e+15	0.000000e+00	0.000000e+00	0.000000e+00
447	5.757751e+15	0.000000e+00	0.000000e+00	0.000000e+00
448	5.764964e+15	0.000000e+00	0.000000e+00	0.000000e+00
449	5.772135e+15	0.000000e+00	0.000000e+00	0.000000e+00
450	5.779274e+15	0.000000e+00	0.000000e+00	0.000000e+00
451	5.786376e+15	0.000000e+00	0.000000e+00	0.000000e+00
452	5.793442e+15	0.000000e+00	0.000000e+00	0.000000e+00
453	5.800470e+15	0.000000e+00	0.000000e+00	0.000000e+00
454	5.807459e+15	0.000000e+00	0.000000e+00	0.000000e+00
455	5.814415e+15	0.000000e+00	0.000000e+00	0.000000e+00
456	5.821336e+15	0.000000e+00	0.000000e+00	0.000000e+00
457	5.828219e+15	0.000000e+00	0.000000e+00	0.000000e+00
458	5.835069e+15	0.000000e+00	0.000000e+00	0.000000e+00
459	5.841881e+15	0.000000e+00	0.000000e+00	0.000000e+00
460	5.848660e+15	0.000000e+00	0.000000e+00	0.000000e+00
461	5.855404e+15	0.000000e+00	0.000000e+00	0.000000e+00
462	5.862122e+15	0.000000e+00	0.000000e+00	0.000000e+00
463	5.868804e+15	0.000000e+00	0.000000e+00	0.000000e+00
464	5.875457e+15	0.000000e+00	0.000000e+00	0.000000e+00
465	5.882080e+15	0.000000e+00	0.000000e+00	0.000000e+00
466	5.888672e+15	0.000000e+00	0.000000e+00	0.000000e+00
467	5.895235e+15	0.000000e+00	0.000000e+00	0.000000e+00
468	5.901765e+15	0.000000e+00	0.000000e+00	0.000000e+00
469	5.908268e+15	0.000000e+00	0.000000e+00	0.000000e+00
470	5.914742e+15	0.000000e+00	0.000000e+00	0.000000e+00
471	5.921184e+15	0.000000e+00	0.000000e+00	0.000000e+00
472	5.927602e+15	0.000000e+00	0.000000e+00	0.000000e+00
473	5.933991e+15	0.000000e+00	0.000000e+00	0.000000e+00
474	5.940352e+15	0.000000e+00	0.000000e+00	0.000000e+00
475	5.946682e+15	0.000000e+00	0.000000e+00	0.000000e+00
476	5.952985e+15	0.000000e+00	0.000000e+00	0.000000e+00
477	5.959264e+15	0.000000e+00	0.000000e+00	0.000000e+00
478	5.965518e+15	0.000000e+00	0.000000e+00	0.000000e+00
479	5.971747e+15	0.000000e+00	0.000000e+00	0.000000e+00
480	5.977949e+15	0.000000e+00	0.000000e+00	0.000000e+00
481	5.984125e+15	0.000000e+00	0.000000e+00	0.000000e+00
482	5.990275e+15	0.000000e+00	0.000000e+00	0.000000e+00
483	5.996399e+15	0.000000e+00	0.000000e+00	0.000000e+00
484	6.002500e+15	0.000000e+00	0.000000e+00	0.000000e+00
485	6.008575e+15	0.000000e+00	0.000000e+00	0.000000e+00
486	6.014630e+15	0.000000e+00	0.000000e+00	0.000000e+00
487	6.020656e+15	0.000000e+00	0.000000e+00	0.000000e+00
488	6.026666e+15	0.000000e+00	0.000000e+00	0.000000e+00
489	6.032652e+15	0.000000e+00	0.000000e+00	0.000000e+00
490	6.038618e+15	0.000000e+00	0.000000e+00	0.000000e+00
491	6.044565e+15	0.000000e+00	0.000000e+00	0.000000e+00
492	6.050489e+15	0.000000e+00	0.000000e+00	0.000000e+00
493	6.056390e+15	0.000000e+00	0.000000e+00	0.000000e+00
494	6.062270e+15	0.000000e+00	0.000000e+00	0.000000e+00
495	6.068129e+15	0.000000e+00	0.000000e+00	0.000000e+00
496	6.073967e+15	0.000000e+00	0.000000e+00	0.000000e+00
497	6.079784e+15	0.000000e+00	0.000000e+00	0.000000e+00
498	6.085581e+15	0.000000e+00	0.000000e+00	0.000000e+00
499	6.091365e+15	0.000000e+00	0.000000e+00	0.000000e+00
500	6.097127e+15	0.000000e+00	0.000000e+00	0.000000e+00
501	6.102869e+15	0.000000e+00	0.000000e+00	0.000000e+00
502	6.108589e+15	0.000000e+00	0.000000e+00	0.000000e+00
503	6.114298e+15	0.000000e+00	0.000000e+00	0.000000e+00
504	6.119984e+15	0.000000e+00	0.000000e+00	0.000000e+00
505	6.125659e+15	0.000000e+00	0.000000e+00	0.000000e+00
506	6.131309e+15	0.000000e+00	0.000000e+00	0.000000e+00
507	6.136947e+15	0.000000e+00	0.000000e+00	0.000000e+00
508	6.142561e+15	0.000000e+00	0.000000e+00	0.000000e+00
509	6.148160e+15	0.000000e+00	0.000000e+00	0.000000e+00
510	6.153735e+15	0.000000e+00	0.000000e+00	0.000000e+00
511	6.159293e+15	0.000000e+00	0.000000e+00	0.000000e+00
512	6.164832e+15	0.000000e+00	0.000000e+00	0.000000e+00
513	6.170354e+15	0.000000e+00	0.000000e+00	0.000000e+00
514	6.175856e+15	0.000000e+00	0.000000e+00	0.000000e+00
515	6.181346e+15	0.000000e+00	0.000000e+00	0.000000e+00
516	6.186819e+15	0.000000e+00	0.000000e+00	0.000000e+00
517	6.192273e+15	0.000000e+00	0.000000e+00	0.000000e+00
518	6.197709e+15	0.000000e+00	0.000000e+00	0.000000e+00
519	6.203127e+15	0.000000e+00	0.000000e+00	0.000000e+00
520	6.208528e+15	0.000000e+00	0.000000e+00	0.000000e+00
521	6.213911e+15	0.000000e+00	0.000000e+00	0.000000e+00
522	6.219277e+15	0.000000e+00	0.000000e+00	0.000000e+00
523	6.224628e+15	0.000000e+00	0.000000e+00	0.000000e+00
524	6.229966e+15	0.000000e+00	0.000000e+00	0.000000e+00
525	6.235289e+15	0.000000e+00	0.000000e+00	0.000000e+00
526	6.240600e+15	0.000000e+00	0.000000e+00	0.000000e+00
527	6.245893e+15	0.000000e+00	0.000000e+00	0.000000e+00
528	6.251176e+15	0.000000e+00	0.000000e+00	0.000000e+00
529	6.256440e+15	0.000000e+00	0.000000e+00	0.000000e+00
530	6.261691e+15	0.000000e+00	0.000000e+00	0.000000e+00
531	6.266928e+15	0.000000e+00	0.000000e+00	0.000000e+00
532	6.272150e+15	0.000000e+00	0.000000e+00	0.000000e+00
533	6.277360e+15	0.000000e+00	0.000000e+00	0.000000e+00
534	6.282556e+15	0.000000e+00	0.000000e+00	0.000000e+00
535	6.287739e+15	0.000000e+00	0.000000e+00	0.000000e+00
536	6.292905e+15	0.000000e+00	0.000000e+00	0.000000e+00
537	6.298060e+15	0.000000e+00	0.000000e+00	0.000000e+00
538	6.303201e+15	0.000000e+00	0.000000e+00	0.000000e+00
539	6.308330e+15	0.000000e+00	0.000000e+00	0.000000e+00
540	6.313441e+15	0.000000e+00	0.000000e+00	0.000000e+00
541	6.318538e+15	0.000000e+00	0.000000e+00	0.000000e+00
542	6.323622e+15	0.000000e+00	0.000000e+00	0.000000e+00
543	6.328691e+15	0.000000e+00	0.000000e+00	0.000000e+00
544	6.333747e+15	0.000000e+00	0.000000e+00	0.000000e+00
545	6.338791e+15	0.000000e+00	0.000000e+00	0.000000e+00
546	6.343817e+15	0.000000e+00	0.000000e+00	0.000000e+00
547	6.348833e+15	0.000000e+00	0.000000e+00	0.000000e+00
548	6.353830e+15	0.000000e+00	0.000000e+00	0.000000e+00
549	6.358817e+15	0.000000e+00	0.000000e+00	0.000000e+00
550	6.363786e+15	0.000000e+00	0.000000e+00	0.000000e+00
551	6.368745e+15	0.000000e+00	0.000000e+00	0.000000e+00
552	6.373687e+15	0.000000e+00	0.000000e+00	0.000000e+00
553	6.378618e+15	0.000000e+00	0.000000e+00	0.000000e+00
554	6.383534e+15	0.000000e+00	0.000000e+00	0.000000e+00
555	6.388441e+15	0.000000e+00	0.000000e+00	0.000000e+00
556	6.393332e+15	0.000000e+00	0.000000e+00	0.000000e+00
557	6.398208e+15	0.000000e+00	0.000000e+00	0.000000e+00
558	6.403064e+15	0.000000e+00	0.000000e+00	0.000000e+00
559	6.407910e+15	0.000000e+00	0.000000e+00	0.000000e+00
560	6.412736e+15	0.000000e+00	0.000000e+00	0.000000e+00
561	6.417549e+15	0.000000e+00	0.000000e+00	0.000000e+00
562	6.422347e+15	0.000000e+00	0.000000e+00	0.000000e+00
563	6.427134e+15	0.000000e+00	0.000000e+00	0.000000e+00
564	6.431905e+15	0.000000e+00	0.000000e+00	0.000000e+00
565	6.436664e+15	0.000000e+00	0.000000e+00	0.000000e+00
566	6.441405e+15	0.000000e+00	0.000000e+00	0.000000e+00
567	6.446133e+15	0.000000e+00	0.000000e+00	0.000000e+00
568	6.450847e+15	0.000000e+00	0.000000e+00	0.000000e+00
569	6.455550e+15	0.000000e+00	0.000000e+00	0.000000e+00
570	6.460230e+15	0.000000e+00	0.000000e+00	0.000000e+00
571	6.464892e+15	0.000000e+00	0.000000e+00	0.000000e+00
572	6.469537e+15	0.000000e+00	0.000000e+00	0.000000e+00
573	6.474168e+15	0.000000e+00	0.000000e+00	0.000000e+00
574	6.478773e+15	0.000000e+00	0.000000e+00	0.000000e+00
575	6.483357e+15	0.000000e+00	0.000000e+00	0.000000e+00
576	6.487915e+15	0.000000e+00	0.000000e+00	0.000000e+00
577	6.492448e+15	0.000000e+00	0.000000e+00	0.000000e+00
578	6.496949e+15	0.000000e+00	0.000000e+00	0.000000e+00
579	6.500708e+15	0.000000e+00	0.000000e+00	0.000000e+00
580	6.502841e+15	0.000000e+00	0.000000e+00	0.000000e+00
581	6.505400e+15	0.000000e+00	0.000000e+00	0.000000e+00
582	6.508471e+15	0.000000e+00	0.000000e+00	0.000000e+00
583	6.510970e+15	0.000000e+00	0.000000e+00	0.000000e+00
584	6.513967e+15	0.000000e+00	0.000000e+00	0.000000e+00
585	6.516783e+15	0.000000e+00	0.000000e+00	0.000000e+00
586	6.520162e+15	0.000000e+00	0.000000e+00	0.000000e+00
587	6.523201e+15	0.000000e+00	0.000000e+00	0.000000e+00
588	6.526847e+15	0.000000e+00	0.000000e+00	0.000000e+00
589	6.529087e+15	0.000000e+00	0.000000e+00	0.000000e+00
590	6.531775e+15	0.000000e+00	0.000000e+00	0.000000e+00
591	6.533987e+15	0.000000e+00	0.000000e+00	0.000000e+00
592	6.536387e+15	0.000000e+00	0.000000e+00	0.000000e+00
593	6.538657e+15	0.000000e+00	0.000000e+00	0.000000e+00
594	6.539992e+15	0.000000e+00	0.000000e+00	0.000000e+00
595	6.541595e+15	0.000000e+00	0.000000e+00	0.000000e+00
596	6.543518e+15	0.000000e+00	0.000000e+00	0.000000e+00
597	6.545826e+15	0.000000e+00	0.000000e+00	0.000000e+00
598	6.548595e+15	0.000000e+00	0.000000e+00	0.000000e+00
599	6.549774e+15	0.000000e+00	0.000000e+00	0.000000e+00
600	6.551190e+15	0.000000e+00	0.000000e+00	0.000000e+00
601	6.552838e+15	0.000000e+00	0.000000e+00	0.000000e+00
602	6.554817e+15	0.000000e+00	0.000000e+00	0.000000e+00
603	6.557191e+15	0.000000e+00	0.000000e+00	0.000000e+00
604	6.558996e+15	0.000000e+00	0.000000e+00	0.000000e+00
605	6.561161e+15	0.000000e+00	0.000000e+00	0.000000e+00
606	6.563760e+15	0.000000e+00	0.000000e+00	0.000000e+00
607	6.566506e+15	0.000000e+00	0.000000e+00	0.000000e+00
608	6.569223e+15	0.000000e+00	0.000000e+00	0.000000e+00
609	6.569897e+15	0.000000e+00	0.000000e+00	0.000000e+00
610	6.570705e+15	0.000000e+00	0.000000e+00	0.000000e+00
611	6.571471e+15	0.000000e+00	0.000000e+00	0.000000e+00
612	6.572391e+15	0.000000e+00	0.000000e+00	0.000000e+00
613	6.573496e+15	0.000000e+00	0.000000e+00	0.000000e+00
614	6.574725e+15	0.000000e+00	0.000000e+00	0.000000e+00
615	6.576201e+15	0.000000e+00	0.000000e+00	0.000000e+00
616	6.577307e+15	0.000000e+00	0.000000e+00	0.000000e+00
617	6.578634e+15	0.000000e+00	0.000000e+00	0.000000e+00
618	6.580227e+15	0.000000e+00	0.000000e+00	0.000000e+00
619	6.581766e+15	0.000000e+00	0.000000e+00	0.000000e+00
620	6.582940e+15	0.000000e+00	0.000000e+00	0.000000e+00
621	6.584349e+15	0.000000e+00	0.000000e+00	0.000000e+00
622	6.585367e+15	0.000000e+00	0.000000e+00	0.000000e+00
623	6.586589e+15	0.000000e+00	0.000000e+00	0.000000e+00
624	6.587775e+15	0.000000e+00	0.000000e+00	0.000000e+00
625	6.589198e+15	0.000000e+00	0.000000e+00	0.000000e+00
626	6.590450e+15	0.000000e+00	0.000000e+00	0.000000e+00
627	6.591953e+15	0.000000e+00	0.000000e+00	0.000000e+00
628	6.592701e+15	0.000000e+00	0.000000e+00	0.000000e+00
629	6.593599e+15	0.000000e+00	0.000000e+00	0.000000e+00
630	6.594676e+15	0.000000e+00	0.000000e+00	0.000000e+00
631	6.595969e+15	0.000000e+00	0.000000e+00	0.000000e+00
632	6.597520e+15	0.000000e+00	0.000000e+00	0.000000e+00
633	6.598025e+15	0.000000e+00	0.000000e+00	0.000000e+00
634	6.598631e+15	0.000000e+00	0.000000e+00	0.000000e+00
635	6.599358e+15	0.000000e+00	0.000000e+00	0.000000e+00
636	6.600231e+15	0.000000e+00	0.000000e+00	0.000000e+00
637	6.601278e+15	0.000000e+00	0.000000e+00	0.000000e+00
638	6.602535e+15	0.000000e+00	0.000000e+00	0.000000e+00
639	6.604043e+15	0.000000e+00	0.000000e+00	0.000000e+00
640	6.605061e+15	0.000000e+00	0.000000e+00	0.000000e+00
641	6.605959e+15	0.000000e+00	0.000000e+00	0.000000e+00
642	6.607037e+15	0.000000e+00	0.000000e+00	0.000000e+00
643	6.608330e+15	0.000000e+00	0.000000e+00	0.000000e+00
644	6.609465e+15	0.000000e+00	0.000000e+00	0.000000e+00
645	6.610277e+15	0.000000e+00	0.000000e+00	0.000000e+00
646	6.611252e+15	0.000000e+00	0.000000e+00	0.000000e+00
647	6.612421e+15	0.000000e+00	0.000000e+00	0.000000e+00
648	6.613467e+15	0.000000e+00	0.000000e+00	0.000000e+00
649	6.614513e+15	0.000000e+00	0.000000e+00	0.000000e+00
650	6.615511e+15	0.000000e+00	0.000000e+00	0.000000e+00
651	6.616709e+15	0.000000e+00	0.000000e+00	0.000000e+00
652	6.618145e+15	0.000000e+00	0.000000e+00	0.000000e+00
653	6.619870e+15	0.000000e+00	0.000000e+00	0.000000e+00
654	6.621328e+15	0.000000e+00	0.000000e+00	0.000000e+00
655	6.622114e+15	0.000000e+00	0.000000e+00	0.000000e+00
656	6.623057e+15	0.000000e+00	0.000000e+00	0.000000e+00
657	6.624188e+15	0.000000e+00	0.000000e+00	0.000000e+00
658	6.624895e+15	0.000000e+00	0.000000e+00	0.000000e+00
659	6.625743e+15	0.000000e+00	0.000000e+00	0.000000e+00
660	6.626706e+15	0.000000e+00	0.000000e+00	0.000000e+00
661	6.627688e+15	0.000000e+00	0.000000e+00	0.000000e+00
662	6.628551e+15	0.000000e+00	0.000000e+00	0.000000e+00
663	6.629531e+15	0.000000e+00	0.000000e+00	0.000000e+00
664	6.630507e+15	0.000000e+00	0.000000e+00	0.000000e+00
665	6.631563e+15	0.000000e+00	0.000000e+00	0.000000e+00
666	6.632539e+15	0.000000e+00	0.000000e+00	0.000000e+00
667	6.633176e+15	0.000000e+00	0.000000e+00	0.000000e+00
668	6.633939e+15	0.000000e+00	0.000000e+00	0.000000e+00
669	6.634855e+15	0.000000e+00	0.000000e+00	0.000000e+00
670	6.635883e+15	0.000000e+00	0.000000e+00	0.000000e+00
671	6.637002e+15	0.000000e+00	0.000000e+00	0.000000e+00
672	6.637926e+15	0.000000e+00	0.000000e+00	0.000000e+00
673	6.639034e+15	0.000000e+00	0.000000e+00	0.000000e+00
674	6.639696e+15	0.000000e+00	0.000000e+00	0.000000e+00
675	6.640489e+15	0.000000e+00	0.000000e+00	0.000000e+00
676	6.641442e+15	0.000000e+00	0.000000e+00	0.000000e+00
677	6.642585e+15	0.000000e+00	0.000000e+00	0.000000e+00
678	6.643441e+15	0.000000e+00	0.000000e+00	0.000000e+00
679	6.644156e+15	0.000000e+00	0.000000e+00	0.000000e+00
680	6.645014e+15	0.000000e+00	0.000000e+00	0.000000e+00
681	6.645956e+15	0.000000e+00	0.000000e+00	0.000000e+00
682	6.646989e+15	0.000000e+00	0.000000e+00	0.000000e+00
683	6.647867e+15	0.000000e+00	0.000000e+00	0.000000e+00
684	6.648556e+15	0.000000e+00	0.000000e+00	0.000000e+00
685	6.649229e+15	0.000000e+00	0.000000e+00	0.000000e+00
686	6.649957e+15	0.000000e+00	0.000000e+00	0.000000e+00
687	6.650830e+15	0.000000e+00	0.000000e+00	0.000000e+00
688	6.651597e+15	0.000000e+00	0.000000e+00	0.000000e+00
689	6.652348e+15	0.000000e+00	0.000000e+00	0.000000e+00
690	6.653249e+15	0.000000e+00	0.000000e+00	0.000000e+00
691	6.654188e+15	0.000000e+00	0.000000e+00	0.000000e+00
692	6.654986e+15	0.000000e+00	0.000000e+00	0.000000e+00
693	6.655943e+15	0.000000e+00	0.000000e+00	0.000000e+00
694	6.656727e+15	0.000000e+00	0.000000e+00	0.000000e+00
695	6.657628e+15	0.000000e+00	0.000000e+00	0.000000e+00
696	6.658579e+15	0.000000e+00	0.000000e+00	0.000000e+00
697	6.659150e+15	0.000000e+00	0.000000e+00	0.000000e+00
698	6.659834e+15	0.000000e+00	0.000000e+00	0.000000e+00
699	6.660653e+15	0.000000e+00	0.000000e+00	0.000000e+00
700	6.661526e+15	0.000000e+00	0.000000e+00	0.000000e+00
701	6.662251e+15	0.000000e+00	0.000000e+00	0.000000e+00
702	6.662970e+15	0.000000e+00	0.000000e+00	0.000000e+00
703	6.663706e+15	0.000000e+00	0.000000e+00	0.000000e+00
704	6.664473e+15	0.000000e+00	0.000000e+00	0.000000e+00
705	6.665250e+15	0.000000e+00	0.000000e+00	0.000000e+00
706	6.665875e+15	0.000000e+00	0.000000e+00	0.000000e+00
707	6.666625e+15	0.000000e+00	0.000000e+00	0.000000e+00
708	6.667418e+15	0.000000e+00	0.000000e+00	0.000000e+00
709	6.668203e+15	0.000000e+00	0.000000e+00	0.000000e+00
710	6.668887e+15	0.000000e+00	7.895624e-02	0.000000e+00
711	6.669642e+15	0.000000e+00	4.838308e-01	0.000000e+00
712	6.670436e+15	0.000000e+00	1.065209e+00	0.000000e+00
713	6.671207e+15	0.000000e+00	1.750074e+00	0.000000e+00
714	6.671889e+15	0.000000e+00	2.492971e+00	1.328355e+16
715	6.672511e+15	0.000000e+00	2.323113e+00	3.267894e+16
716	6.673258e+15	0.000000e+00	3.046810e+00	2.777067e+16
717	6.674154e+15	0.000000e+00	5.519106e+00	4.953104e+16
718	6.674990e+15	0.000000e+00	7.598903e+00	5.617980e+16
719	6.675736e+15	0.000000e+00	7.218494e+00	6.439550e+16
720	6.676548e+15	0.000000e+00	1.236934e+01	7.584904e+16
721	6.677206e+15	0.000000e+00	8.653583e+00	6.998022e+16
722	6.677975e+15	0.000000e+00	2.153036e+01	1.016068e+17
723	6.678446e+15	0.000000e+00	1.025046e+01	5.041035e+16
724	6.679011e+15	0.000000e+00	1.345076e+01	5.108326e+16
725	6.679592e+15	0.000000e+00	1.162647e+01	5.534186e+16
726	6.680288e+15	0.000000e+00	1.351352e+01	5.791809e+16
727	6.681078e+15	0.000000e+00	2.111416e+01	8.892004e+16
728	6.681749e+15	0.000000e+00	1.494638e+01	6.988129e+16
729	6.682534e+15	0.000000e+00	1.922201e+01	9.888312e+16
730	6.683323e+15	0.000000e+00	2.126154e+01	1.188201e+17
731	6.684101e+15	0.000000e+00	3.125867e+01	1.067170e+17
732	6.684690e+15	0.000000e+00	1.842164e+01	5.333715e+16
733	6.685397e+15	0.000000e+00	1.891426e+01	7.370449e+16
734	6.686245e+15	0.000000e+00	3.400530e+01	9.793920e+16
735	6.686921e+15	0.000000e+00	2.162188e+01	9.304634e+16
736	6.687719e+15	0.000000e+00	3.745070e+01	1.117667e+17
737	6.688357e+15	0.000000e+00	2.427448e+01	6.888611e+16
738	6.689106e+15	0.000000e+00	3.829762e+01	1.179658e+17
739	6.689743e+15	0.000000e+00	2.570717e+01	8.394099e+16
740	6.690506e+15	0.000000e+00	3.110414e+01	8.272450e+16
741	6.691317e+15	0.000000e+00	4.121043e+01	1.252404e+17
742	6.692026e+15	0.000000e+00	3.155527e+01	1.103330e+17
743	6.692821e+15	0.000000e+00	4.346091e+01	9.909703e+16
744	6.693539e+15	0.000000e+00	4.352245e+01	1.361563e+17
745	6.694214e+15	0.000000e+00	5.354656e+01	1.186899e+17
746	6.694766e+15	0.000000e+00	3.321597e+01	8.223275e+16
747	6.695428e+15	0.000000e+00	4.421933e+01	9.243117e+16
748	6.696071e+15	0.000000e+00	3.433622e+01	1.084800e+17
749	6.696841e+15	0.000000e+00	5.283087e+01	1.056706e+17
750	6.697515e+15	0.000000e+00	4.171955e+01	9.518123e+16
751	6.698238e+15	0.000000e+00	4.705083e+01	1.089642e+17
752	6.698953e+15	0.000000e+00	5.757443e+01	1.057385e+17
753	6.699565e+15	0.000000e+00	5.766974e+01	7.748632e+16
754	6.700099e+15	0.000000e+00	4.102450e+01	7.944288e+16
755	6.700712e+15	0.000000e+00	4.503403e+01	9.266305e+16
756	6.701377e+15	0.000000e+00	5.970586e+01	1.284916e+17
757	6.701970e+15	2.883428e-03	5.721868e+01	1.007455e+17
758	6.702523e+15	1.916757e-02	4.166968e+01	9.428133e+16
759	6.703186e+15	9.390617e-02	7.189563e+01	1.459118e+17
760	6.703720e+15	9.550415e-02	5.264782e+01	7.693653e+16
761	6.704275e+15	1.026741e-01	4.447975e+01	1.049995e+17
762	6.704935e+15	2.374073e-01	6.834997e+01	1.368757e+17
763	6.705508e+15	2.203586e-01	5.170314e+01	9.004527e+16
764	6.706132e+15	2.708151e-01	6.322793e+01	9.624931e+16
765	6.706717e+15	2.266253e-01	4.627483e+01	9.592658e+16
766	6.707418e+15	3.621018e-01	6.326269e+01	1.396656e+17
767	6.708084e+15	3.658499e-01	5.609460e+01	1.204339e+17
768	6.708785e+15	7.152054e-01	1.057837e+02	1.318463e+17
769	6.709228e+15	3.812081e-01	5.311165e+01	7.954789e+16
770	6.709726e+15	3.819532e-01	4.846143e+01	9.598120e+16
771	6.710322e+15	4.061053e-01	4.857103e+01	1.080986e+17
772	6.711039e+15	6.321409e-01	7.583955e+01	1.657167e+17
773	6.711646e+15	4.469290e-01	5.662976e+01	1.005116e+17
774	6.712301e+15	4.899693e-01	6.440007e+01	7.785423e+16
775	6.712948e+15	6.194632e-01	7.827335e+01	1.278929e+17
776	6.713499e+15	4.622428e-01	5.615776e+01	1.086447e+17
777	6.714110e+15	4.384992e-01	5.484232e+01	1.395210e+17
778	6.714804e+15	6.743209e-01	7.473636e+01	1.262956e+17
779	6.715424e+15	5.554464e-01	5.896151e+01	1.135602e+17
780	6.716097e+15	5.907194e-01	6.113483e+01	1.220099e+17
781	6.716808e+15	1.038948e+00	1.033189e+02	1.604736e+17
782	6.717306e+15	5.128491e-01	5.237417e+01	7.616199e+16
783	6.717903e+15	6.622010e-01	6.816162e+01	1.177495e+17
784	6.718493e+15	5.577239e-01	5.349687e+01	1.125848e+17
785	6.719202e+15	1.068391e+00	8.762181e+01	1.516233e+17
786	6.719784e+15	9.145100e-01	7.051402e+01	1.267706e+17
787	6.720349e+15	7.583231e-01	5.560279e+01	1.070108e+17
788	6.721006e+15	1.268448e+00	9.310166e+01	1.123826e+17
789	6.721522e+15	1.002572e+00	7.715070e+01	9.882086e+16
790	6.722000e+15	7.015407e-01	5.515849e+01	7.035348e+16
791	6.722574e+15	6.984979e-01	5.500444e+01	1.765632e+17
792	6.723262e+15	1.430472e+00	1.079932e+02	1.328007e+17
793	6.723753e+15	7.072038e-01	5.574443e+01	8.414786e+16
794	6.724341e+15	1.031707e+00	7.841219e+01	1.323154e+17
795	6.724885e+15	8.897180e-01	7.166438e+01	9.444423e+16
796	6.725432e+15	9.563305e-01	8.257943e+01	1.365969e+17
797	6.725928e+15	6.288981e-01	6.021688e+01	1.069149e+17
798	6.726503e+15	6.764015e-01	5.780823e+01	1.253604e+17
799	6.727193e+15	1.064812e+00	8.182795e+01	1.379728e+17
800	6.727830e+15	9.196893e-01	6.489707e+01	1.157203e+17
801	6.728532e+15	9.911331e-01	7.019802e+01	1.467922e+17
802	6.729260e+15	1.514418e+00	1.129599e+02	1.508821e+17
803	6.729776e+15	8.202082e-01	6.507177e+01	1.028880e+17
804	6.730349e+15	6.815001e-01	5.872808e+01	1.266336e+17
805	6.731035e+15	8.300677e-01	7.338326e+01	1.432554e+17
806	6.731728e+15	1.332484e+00	1.123435e+02	1.480699e+17
807	6.732230e+15	7.556885e-01	6.702339e+01	9.735971e+16
808	6.732786e+15	1.151127e+00	9.880986e+01	1.272402e+17
809	6.733246e+15	6.555423e-01	6.091363e+01	1.158547e+17
810	6.733797e+15	7.186792e-01	6.067297e+01	1.120644e+17
811	6.734459e+15	1.224618e+00	9.088499e+01	1.474203e+17
812	6.735038e+15	1.174727e+00	8.424518e+01	1.121353e+17
813	6.735571e+15	8.136829e-01	6.076491e+01	9.000164e+16
814	6.736211e+15	1.210272e+00	8.857618e+01	1.369991e+17
815	6.736788e+15	1.033762e+00	7.185112e+01	1.530579e+17
816	6.737400e+15	9.408287e-01	6.611829e+01	1.301952e+17
817	6.738093e+15	1.493759e+00	1.019968e+02	1.448247e+17
818	6.738650e+15	8.833345e-01	6.099010e+01	1.194360e+17
819	6.739318e+15	1.240318e+00	8.238576e+01	1.408694e+17
820	6.739952e+15	1.330402e+00	8.698278e+01	1.271882e+17
821	6.740533e+15	1.335998e+00	8.399127e+01	1.315356e+17
822	6.741084e+15	1.426884e+00	8.910515e+01	1.196805e+17
823	6.741583e+15	9.939844e-01	6.276607e+01	1.268788e+17
824	6.742171e+15	1.008159e+00	6.138409e+01	1.076420e+17
825	6.742877e+15	1.272941e+00	7.484930e+01	1.492785e+17
826	6.743604e+15	1.719758e+00	1.016273e+02	1.540637e+17
827	6.744189e+15	1.168616e+00	6.856571e+01	1.200685e+17
828	6.744827e+15	1.323678e+00	7.791005e+01	1.213749e+17
829	6.745458e+15	1.278917e+00	7.644123e+01	1.644384e+17
830	6.746098e+15	1.918629e+00	1.086464e+02	1.453522e+17
831	6.746587e+15	1.243679e+00	7.097669e+01	1.062529e+17
832	6.747110e+15	1.412682e+00	7.957632e+01	1.012190e+17
833	6.747625e+15	1.450242e+00	7.693015e+01	1.168829e+17
834	6.748153e+15	1.201800e+00	6.299549e+01	1.285177e+17
835	6.748787e+15	1.988816e+00	9.894146e+01	1.730025e+17
836	6.749321e+15	1.604611e+00	8.269472e+01	1.347237e+17
837	6.749838e+15	1.271100e+00	6.665076e+01	8.106345e+16
838	6.750427e+15	1.301549e+00	6.929014e+01	1.028759e+17
839	6.751083e+15	1.263949e+00	6.859776e+01	1.576320e+17
840	6.751816e+15	1.359385e+00	7.507945e+01	1.669905e+17
841	6.752585e+15	2.666829e+00	1.409929e+02	2.021067e+17
842	6.753059e+15	1.078544e+00	6.096956e+01	6.859828e+16
843	6.753628e+15	1.124839e+00	6.154154e+01	7.560185e+16
844	6.754310e+15	1.337158e+00	7.145989e+01	1.774434e+17
845	6.755043e+15	2.647513e+00	1.307394e+02	1.783485e+17
846	6.755531e+15	1.244780e+00	6.260100e+01	1.015244e+17
847	6.756116e+15	1.344730e+00	6.594868e+01	1.066290e+17
848	6.756789e+15	3.517303e+00	1.542155e+02	1.804321e+17
849	6.757173e+15	1.299275e+00	6.175266e+01	6.432968e+16
850	6.757634e+15	1.331384e+00	6.183228e+01	7.349324e+16
851	6.758187e+15	1.582288e+00	7.160339e+01	1.232181e+17
852	6.758783e+15	1.376437e+00	6.413418e+01	1.467170e+17
853	6.759477e+15	1.560880e+00	7.293672e+01	1.437273e+17
854	6.760209e+15	2.118055e+00	1.010003e+02	1.580342e+17
855	6.760804e+15	1.249359e+00	6.167945e+01	1.162373e+17
856	6.761519e+15	2.635912e+00	1.076450e+02	1.718285e+17
857	6.762071e+15	2.320326e+00	9.206236e+01	1.062468e+17
858	6.762556e+15	1.512993e+00	6.137581e+01	8.364679e+16
859	6.763138e+15	1.949710e+00	7.389776e+01	1.331976e+17
860	6.763747e+15	1.604320e+00	6.394824e+01	1.424118e+17
861	6.764463e+15	2.265761e+00	9.557827e+01	1.664473e+17
862	6.765082e+15	2.938676e+00	1.218403e+02	1.553826e+17
863	6.765518e+15	1.342676e+00	6.260891e+01	8.331378e+16
864	6.766042e+15	1.296957e+00	6.299675e+01	8.219038e+16
865	6.766670e+15	1.334790e+00	6.247124e+01	1.523271e+17
866	6.767424e+15	3.556928e+00	1.467885e+02	1.642877e+17
867	6.767881e+15	1.518375e+00	6.244252e+01	9.997451e+16
868	6.768429e+15	1.703213e+00	6.361118e+01	1.275241e+17
869	6.769079e+15	2.736316e+00	9.328305e+01	1.124476e+17
870	6.769652e+15	2.172837e+00	6.932199e+01	1.119430e+17
871	6.770290e+15	2.524906e+00	8.242673e+01	1.298708e+17
872	6.770910e+15	2.554313e+00	8.243761e+01	1.311127e+17
873	6.771511e+15	2.474406e+00	7.728170e+01	1.374027e+17
874	6.772127e+15	3.276295e+00	9.754154e+01	1.091946e+17
875	6.772655e+15	2.188368e+00	6.306753e+01	1.429522e+17
876	6.773288e+15	2.560313e+00	7.095120e+01	1.361980e+17
877	6.773985e+15	2.398185e+00	6.298482e+01	1.531961e+17
878	6.774820e+15	6.689094e+00	1.651434e+02	1.780831e+17
879	6.775281e+15	2.499767e+00	6.258932e+01	9.933301e+16
880	6.775834e+15	2.544347e+00	6.282887e+01	1.191670e+17
881	6.776496e+15	3.857687e+00	9.264069e+01	1.196815e+17
882	6.777080e+15	4.554689e+00	1.050163e+02	1.318103e+17
883	6.777543e+15	2.588474e+00	6.161604e+01	6.132896e+16
884	6.778098e+15	3.043880e+00	7.468907e+01	1.120451e+17
885	6.778677e+15	2.551173e+00	6.576110e+01	1.260118e+17
886	6.779345e+15	4.464646e+00	1.039856e+02	2.032399e+17
887	6.779887e+15	2.856269e+00	6.243138e+01	1.157855e+17
888	6.780533e+15	3.359043e+00	6.762022e+01	1.310072e+17
889	6.781268e+15	5.502869e+00	9.742202e+01	1.821316e+17
890	6.781901e+15	1.224357e+01	1.930625e+02	1.398481e+17
891	6.782209e+15	3.719519e+00	6.395305e+01	6.360208e+16
892	6.782579e+15	3.668754e+00	6.360605e+01	8.064941e+16
893	6.783022e+15	3.732316e+00	6.317210e+01	8.062104e+16
894	6.783554e+15	4.491391e+00	7.412766e+01	1.205486e+17
895	6.784119e+15	4.223363e+00	7.176078e+01	1.034906e+17
896	6.784731e+15	1.130609e+01	1.739113e+02	1.312262e+17
897	6.785050e+15	3.537611e+00	6.159553e+01	6.338423e+16
898	6.785433e+15	3.430972e+00	6.105777e+01	5.890898e+16
899	6.785893e+15	3.316210e+00	6.120094e+01	8.431481e+16
900	6.786444e+15	3.907248e+00	7.225877e+01	1.069334e+17
901	6.787030e+15	4.170325e+00	7.943548e+01	1.387985e+17
902	6.787614e+15	4.282499e+00	8.393772e+01	1.505615e+17
903	6.788179e+15	3.504898e+00	7.113377e+01	1.677417e+17
904	6.788797e+15	3.281371e+00	7.080467e+01	1.237125e+17
905	6.789479e+15	6.468147e+00	1.271098e+02	1.504663e+17
906	6.789955e+15	3.173113e+00	7.024996e+01	9.831080e+16
907	6.790481e+15	2.741439e+00	6.284866e+01	9.466808e+16
908	6.791114e+15	2.740484e+00	6.316103e+01	1.088854e+17
909	6.791872e+15	4.797986e+00	1.009232e+02	1.655736e+17
910	6.792505e+15	5.212870e+00	9.937232e+01	1.639060e+17
911	6.793034e+15	4.672970e+00	9.029369e+01	1.223526e+17
912	6.793508e+15	2.979489e+00	6.140543e+01	7.497066e+16
913	6.794077e+15	3.316180e+00	6.765449e+01	8.395166e+16
914	6.794717e+15	4.721964e+00	9.070857e+01	1.627483e+17
915	6.795293e+15	3.435491e+00	7.084307e+01	1.415296e+17
916	6.795921e+15	2.904692e+00	6.406739e+01	1.304129e+17
917	6.796660e+15	5.607468e+00	1.095316e+02	1.583676e+17
918	6.797234e+15	4.182736e+00	8.049526e+01	1.315056e+17
919	6.797809e+15	3.224427e+00	6.383199e+01	9.741936e+16
920	6.798496e+15	4.631552e+00	8.627785e+01	1.572982e+17
921	6.799154e+15	5.215187e+00	8.974172e+01	1.606139e+17
922	6.799762e+15	3.640886e+00	6.354277e+01	1.316218e+17
923	6.800492e+15	7.090761e+00	1.145293e+02	1.622465e+17
924	6.801047e+15	4.229543e+00	7.348390e+01	1.150130e+17
925	6.801651e+15	3.662609e+00	6.607563e+01	1.375110e+17
926	6.802362e+15	6.549199e+00	1.102101e+02	1.650595e+17
927	6.802928e+15	3.694744e+00	6.599912e+01	1.184498e+17
928	6.803607e+15	3.907064e+00	7.354180e+01	1.397535e+17
929	6.804355e+15	8.922148e+00	1.567792e+02	1.950898e+17
930	6.804804e+15	3.195774e+00	6.559900e+01	9.699092e+16
931	6.805343e+15	3.514931e+00	6.819013e+01	1.098895e+17
932	6.805970e+15	7.656357e+00	1.295471e+02	1.198106e+17
933	6.806410e+15	3.616052e+00	6.586027e+01	6.657930e+16
934	6.806939e+15	3.740836e+00	6.634391e+01	1.518250e+17
935	6.807573e+15	4.181029e+00	7.334056e+01	1.430929e+17
936	6.808285e+15	6.562356e+00	1.057838e+02	1.608224e+17
937	6.808892e+15	7.892491e+00	1.140277e+02	1.482409e+17
938	6.809374e+15	4.850946e+00	7.008122e+01	9.105299e+16
939	6.809932e+15	4.742278e+00	6.590674e+01	8.869465e+16
940	6.810601e+15	1.282083e+01	1.585097e+02	1.438297e+17
941	6.810997e+15	4.690767e+00	6.561582e+01	4.814513e+16
942	6.811473e+15	4.816260e+00	6.459928e+01	8.939985e+16
943	6.812043e+15	6.249331e+00	8.102976e+01	1.372630e+17
944	6.812619e+15	6.110124e+00	8.219848e+01	1.304194e+17
945	6.813196e+15	5.981792e+00	7.691012e+01	1.204669e+17
946	6.813805e+15	7.061652e+00	8.463225e+01	1.453960e+17
947	6.814403e+15	8.593041e+00	9.603180e+01	1.303707e+17
948	6.814941e+15	5.828871e+00	6.596865e+01	1.187787e+17
949	6.815587e+15	1.320984e+01	1.391119e+02	1.298376e+17
950	6.816018e+15	5.966903e+00	6.601008e+01	8.245555e+16
951	6.816535e+15	6.480055e+00	7.272745e+01	1.325837e+17
952	6.817112e+15	6.531866e+00	7.294090e+01	1.089563e+17
953	6.817758e+15	8.892450e+00	9.385773e+01	1.368603e+17
954	6.818351e+15	1.178253e+01	1.197075e+02	1.114387e+17
955	6.818796e+15	6.734226e+00	7.251370e+01	9.658051e+16
956	6.819293e+15	5.792815e+00	6.503229e+01	6.265421e+16
957	6.819889e+15	7.651383e+00	8.461400e+01	1.280942e+17
958	6.820480e+15	9.961526e+00	1.021690e+02	1.256010e+17
959	6.820987e+15	9.397610e+00	9.610379e+01	1.243624e+17
960	6.821445e+15	6.204352e+00	6.587529e+01	1.077594e+17
961	6.821995e+15	6.098167e+00	6.571522e+01	1.275802e+17
962	6.822655e+15	9.222742e+00	9.323390e+01	1.485642e+17
963	6.823266e+15	7.705076e+00	8.213698e+01	1.120761e+17
964	6.823896e+15	9.451781e+00	9.986952e+01	1.364210e+17
965	6.824457e+15	6.444983e+00	7.369080e+01	1.271383e+17
966	6.825096e+15	1.282567e+01	1.348077e+02	1.764944e+17
967	6.825547e+15	5.934932e+00	7.209760e+01	9.181767e+16
968	6.826063e+15	5.349123e+00	6.764716e+01	1.099430e+17
969	6.826681e+15	9.165801e+00	1.020218e+02	1.270492e+17
970	6.827219e+15	6.389144e+00	7.276025e+01	1.052216e+17
971	6.827824e+15	8.529401e+00	9.079377e+01	9.307381e+16
972	6.828401e+15	8.392871e+00	8.889800e+01	1.514780e+17
973	6.828962e+15	6.085796e+00	6.794223e+01	1.008265e+17
974	6.829636e+15	1.265464e+01	1.276976e+02	1.592869e+17
975	6.830133e+15	6.693312e+00	7.303585e+01	1.220573e+17
976	6.830703e+15	1.003297e+01	1.033233e+02	1.353692e+17
977	6.831204e+15	6.202867e+00	6.860564e+01	1.286447e+17
978	6.831805e+15	8.193077e+00	9.214445e+01	1.181817e+17
979	6.832383e+15	8.484666e+00	9.788790e+01	1.127220e+17
980	6.832914e+15	6.269009e+00	7.838284e+01	9.406613e+16
981	6.833493e+15	5.766265e+00	7.547054e+01	1.118262e+17
982	6.834138e+15	9.843032e+00	1.247282e+02	1.539896e+17
983	6.834627e+15	6.168646e+00	8.698264e+01	8.293899e+16
984	6.835125e+15	4.600820e+00	6.935545e+01	1.064626e+17
985	6.835723e+15	6.240447e+00	8.431207e+01	1.422071e+17
986	6.836340e+15	5.972472e+00	8.079951e+01	1.080495e+17
987	6.836998e+15	7.509745e+00	1.009154e+02	1.220333e+17
988	6.837590e+15	5.392098e+00	7.677753e+01	1.191771e+17
989	6.838241e+15	6.356858e+00	8.702999e+01	1.310443e+17
990	6.838888e+15	8.025987e+00	9.752168e+01	1.140805e+17
991	6.839478e+15	7.942069e+00	9.259657e+01	1.057086e+17
992	6.840037e+15	9.535661e+00	1.069524e+02	1.219163e+17
993	6.840508e+15	5.360510e+00	6.749946e+01	8.178038e+16
994	6.841074e+15	5.921314e+00	7.419031e+01	1.171467e+17
995	6.841712e+15	5.952531e+00	7.661971e+01	1.646456e+17
996	6.842422e+15	9.471204e+00	1.115788e+02	2.146999e+17
997	6.843016e+15	8.844161e+00	9.308049e+01	1.416965e+17
998	6.843595e+15	1.299825e+01	1.210563e+02	1.705167e+17
999	6.844053e+15	7.516393e+00	7.120759e+01	8.065939e+16
1000	6.844603e+15	7.680940e+00	7.097911e+01	1.109989e+17
1001	6.845262e+15	1.012482e+01	8.521523e+01	1.266482e+17
1002	6.845936e+15	1.787176e+01	1.406357e+02	1.149134e+17
1003	6.846396e+15	8.340611e+00	6.896076e+01	6.657507e+16
1004	6.846946e+15	7.958026e+00	6.795532e+01	1.333684e+17
1005	6.847607e+15	1.232263e+01	9.997364e+01	1.667149e+17
1006	6.848186e+15	7.732162e+00	6.604177e+01	1.064086e+17
1007	6.848881e+15	1.008007e+01	8.517151e+01	1.064424e+17
1008	6.849584e+15	1.839465e+01	1.448635e+02	1.637982e+17
1009	6.850046e+15	8.427863e+00	6.862656e+01	1.024488e+17
1010	6.850601e+15	1.026344e+01	8.577294e+01	1.223210e+17
1011	6.851163e+15	9.470765e+00	8.395712e+01	1.457624e+17
1012	6.851739e+15	1.234283e+01	1.091921e+02	1.173713e+17
1013	6.852213e+15	6.957997e+00	6.724657e+01	8.529752e+16
1014	6.852782e+15	8.836556e+00	8.365115e+01	1.019317e+17
1015	6.853360e+15	9.387646e+00	8.732097e+01	1.243769e+17
1016	6.853926e+15	6.757621e+00	6.640089e+01	1.074480e+17
1017	6.854605e+15	1.107316e+01	1.029848e+02	1.365326e+17
1018	6.855183e+15	8.416531e+00	7.943951e+01	1.109337e+17
1019	6.855775e+15	6.469766e+00	6.327284e+01	1.174149e+17
1020	6.856485e+15	1.841807e+01	1.413903e+02	1.277710e+17
1021	6.856935e+15	8.761873e+00	6.448769e+01	7.720423e+16
1022	6.857475e+15	9.088238e+00	6.393192e+01	7.769686e+16
1023	6.858123e+15	1.400870e+01	8.647170e+01	1.630406e+17
1024	6.858735e+15	1.507062e+01	9.217860e+01	1.374659e+17
1025	6.859282e+15	1.680130e+01	1.050331e+02	1.121086e+17
1026	6.859724e+15	1.070113e+01	7.372854e+01	8.849499e+16
1027	6.860196e+15	9.487793e+00	7.075911e+01	8.840632e+16
1028	6.860716e+15	7.824904e+00	6.279881e+01	1.215859e+17
1029	6.861340e+15	7.703456e+00	6.339703e+01	1.300686e+17
1030	6.862089e+15	1.370034e+01	1.087591e+02	1.602562e+17
1031	6.862680e+15	1.183910e+01	9.372310e+01	1.662588e+17
1032	6.863207e+15	1.108689e+01	8.859518e+01	1.107465e+17
1033	6.863701e+15	1.138011e+01	9.022557e+01	1.390586e+17
1034	6.864154e+15	9.154349e+00	7.447130e+01	1.311844e+17
1035	6.864636e+15	7.825960e+00	6.347972e+01	6.508727e+16
1036	6.865214e+15	1.117642e+01	8.629245e+01	1.073137e+17
1037	6.865763e+15	9.859854e+00	7.704981e+01	1.070085e+17
1038	6.866335e+15	1.023269e+01	8.062943e+01	1.421025e+17
1039	6.866905e+15	1.043144e+01	8.125541e+01	1.255610e+17
1040	6.867467e+15	7.659273e+00	6.251950e+01	9.497435e+16
1041	6.868142e+15	9.688383e+00	8.545936e+01	1.377325e+17
1042	6.868784e+15	7.979616e+00	7.655860e+01	1.289673e+17
1043	6.869446e+15	7.403711e+00	8.050672e+01	1.459765e+17
1044	6.870106e+15	6.935725e+00	8.652346e+01	1.471905e+17
1045	6.870737e+15	7.392730e+00	9.958902e+01	1.639782e+17
1046	6.871283e+15	5.003577e+00	7.805064e+01	1.178848e+17
1047	6.871858e+15	6.174599e+00	9.641297e+01	1.320335e+17
1048	6.872371e+15	3.857633e+00	6.609697e+01	9.019317e+16
1049	6.872986e+15	3.015037e+00	6.770542e+01	1.313895e+17
1050	6.873709e+15	6.965758e+00	1.505772e+02	1.742277e+17
1051	6.874158e+15	2.637804e+00	6.618093e+01	5.633130e+16
1052	6.874697e+15	2.654448e+00	6.692475e+01	8.971957e+16
1053	6.875344e+15	4.773884e+00	1.008830e+02	1.048729e+17
1054	6.875909e+15	4.400704e+00	7.851619e+01	1.139705e+17
1055	6.876509e+15	5.266442e+00	9.692451e+01	1.355968e+17
1056	6.877052e+15	4.617557e+00	7.812270e+01	1.054748e+17
1057	6.877637e+15	6.797085e+00	9.457985e+01	1.242323e+17
1058	6.878179e+15	7.558979e+00	9.087098e+01	9.612030e+16
1059	6.878702e+15	9.523157e+00	1.003855e+02	1.188828e+17
1060	6.879175e+15	7.780951e+00	6.950216e+01	8.639287e+16
1061	6.879742e+15	1.059565e+01	8.337494e+01	1.279952e+17
1062	6.880336e+15	1.226087e+01	8.731896e+01	1.585440e+17
1063	6.880931e+15	1.471469e+01	9.376910e+01	1.472039e+17
1064	6.881488e+15	1.294706e+01	7.868474e+01	1.049360e+17
1065	6.882081e+15	1.610304e+01	9.342424e+01	1.294658e+17
1066	6.882636e+15	1.359366e+01	7.546870e+01	1.021888e+17
1067	6.883246e+15	1.243878e+01	6.723072e+01	1.413717e+17
1068	6.883977e+15	1.717674e+01	8.542003e+01	1.821240e+17
1069	6.884705e+15	2.105315e+01	1.037334e+02	2.343437e+17
1070	6.885315e+15	1.465919e+01	7.284798e+01	1.539189e+17
1071	6.885970e+15	1.565812e+01	7.873383e+01	1.157541e+17
1072	6.886629e+15	1.875436e+01	9.660276e+01	1.001855e+17
1073	6.887192e+15	1.496926e+01	8.053887e+01	8.080442e+16
1074	6.887742e+15	1.214940e+01	6.698544e+01	1.120637e+17
1075	6.888353e+15	1.316527e+01	7.799860e+01	1.112943e+17
1076	6.888956e+15	1.421282e+01	8.958594e+01	1.085606e+17
1077	6.889485e+15	8.972450e+00	6.321629e+01	1.338066e+17
1078	6.890090e+15	9.509907e+00	7.192189e+01	1.348141e+17
1079	6.890715e+15	8.857758e+00	7.025561e+01	1.241543e+17
1080	6.891377e+15	1.003480e+01	8.462262e+01	1.300392e+17
1081	6.891985e+15	9.381159e+00	8.996839e+01	1.655145e+17
1082	6.892518e+15	6.084707e+00	6.809673e+01	1.271256e+17
1083	6.893101e+15	4.830587e+00	6.012225e+01	9.263262e+16
1084	6.893799e+15	6.150132e+00	8.644076e+01	1.002182e+17
1085	6.894441e+15	4.536230e+00	7.184484e+01	1.085834e+17
1086	6.895122e+15	5.151657e+00	9.492746e+01	1.261338e+17
1087	6.895705e+15	3.608788e+00	8.065901e+01	1.273687e+17
1088	6.896280e+15	2.685049e+00	6.883803e+01	7.829515e+16
1089	6.896922e+15	2.620054e+00	7.422783e+01	1.242358e+17
1090	6.897605e+15	2.139968e+00	8.126689e+01	1.371745e+17
1091	6.898291e+15	2.510224e+00	1.099636e+02	1.398143e+17
1092	6.898850e+15	2.225075e+00	9.651250e+01	1.273017e+17
1093	6.899368e+15	1.709419e+00	6.963918e+01	9.131949e+16
1094	6.899989e+15	2.439180e+00	7.275772e+01	1.328515e+17
1095	6.900716e+15	4.785722e+00	1.075776e+02	1.754987e+17
1096	6.901354e+15	4.240019e+00	7.803232e+01	1.550754e+17
1097	6.902069e+15	6.767765e+00	9.609679e+01	1.241612e+17
1098	6.902748e+15	8.838021e+00	8.797262e+01	1.083271e+17
1099	6.903430e+15	1.044956e+01	8.143960e+01	1.167621e+17
1100	6.904150e+15	1.630869e+01	9.642406e+01	1.311180e+17
1101	6.904810e+15	2.127130e+01	9.477911e+01	1.281080e+17
1102	6.905404e+15	1.676784e+01	6.853610e+01	9.316317e+16
1103	6.906063e+15	1.751696e+01	7.065765e+01	1.021959e+17
1104	6.906772e+15	2.013242e+01	8.116143e+01	8.769197e+16
1105	6.907453e+15	1.726419e+01	7.191622e+01	1.370015e+17
1106	6.908165e+15	1.401071e+01	6.258245e+01	1.590074e+17
1107	6.908993e+15	2.039299e+01	9.159012e+01	1.424278e+17
1108	6.909706e+15	1.582435e+01	6.825034e+01	1.743514e+17
1109	6.910465e+15	1.805895e+01	7.708709e+01	1.441527e+17
1110	6.911188e+15	1.527711e+01	6.475168e+01	1.373220e+17
1111	6.911962e+15	2.748168e+01	1.175209e+02	1.702581e+17
1112	6.912470e+15	1.160126e+01	5.345340e+01	1.117123e+17
1113	6.913080e+15	1.157231e+01	5.277861e+01	1.106483e+17
1114	6.913812e+15	1.849779e+01	8.069647e+01	1.143887e+17
1115	6.914447e+15	1.117261e+01	5.232308e+01	1.305258e+17
1116	6.915209e+15	1.324486e+01	6.473345e+01	1.481044e+17
1117	6.915981e+15	1.217043e+01	6.115132e+01	1.482843e+17
1118	6.916784e+15	1.873663e+01	9.736240e+01	1.228781e+17
1119	6.917355e+15	8.780322e+00	4.975208e+01	6.402500e+16
1120	6.918041e+15	8.742625e+00	5.318544e+01	1.170160e+17
1121	6.918829e+15	9.252402e+00	5.875652e+01	1.205297e+17
1122	6.919668e+15	7.318231e+00	5.117138e+01	1.114866e+17
1123	6.920647e+15	9.085682e+00	7.495658e+01	1.537624e+17
1124	6.921515e+15	1.028038e+01	9.514735e+01	1.586015e+17
1125	6.922157e+15	4.769775e+00	5.116592e+01	9.618212e+16
1126	6.922928e+15	5.338496e+00	6.273864e+01	1.118164e+17
1127	6.923720e+15	6.648904e+00	8.235957e+01	1.567948e+17
1128	6.924390e+15	3.684888e+00	5.386222e+01	9.658324e+16
1129	6.925184e+15	4.432630e+00	7.103429e+01	1.255198e+17
1130	6.925949e+15	4.604304e+00	8.343970e+01	1.167643e+17
1131	6.926611e+15	2.896175e+00	5.619854e+01	9.343533e+16
1132	6.927385e+15	3.348375e+00	6.608449e+01	1.527820e+17
1133	6.928194e+15	3.659992e+00	6.492296e+01	1.363292e+17
1134	6.929051e+15	4.212205e+00	5.498905e+01	1.188945e+17
1135	6.930079e+15	6.455115e+00	6.714829e+01	1.114208e+17
1136	6.931135e+15	1.488064e+01	1.208838e+02	1.932887e+17
1137	6.931799e+15	9.404038e+00	6.220378e+01	9.013133e+16
1138	6.932502e+15	1.406241e+01	7.388975e+01	1.208779e+17
1139	6.933152e+15	1.257924e+01	5.071938e+01	8.569244e+16
1140	6.933932e+15	1.347308e+01	4.966698e+01	1.158248e+17
1141	6.934868e+15	2.332700e+01	7.987374e+01	1.468022e+17
1142	6.935625e+15	1.650254e+01	5.153738e+01	1.144309e+17
1143	6.936461e+15	1.442611e+01	4.436611e+01	9.410205e+16
1144	6.937463e+15	1.934334e+01	6.215516e+01	1.241529e+17
1145	6.938386e+15	2.323507e+01	7.542006e+01	1.813441e+17
1146	6.939106e+15	1.279906e+01	4.206632e+01	1.121295e+17
1147	6.939971e+15	1.188256e+01	4.168961e+01	1.369825e+17
1148	6.941008e+15	1.530871e+01	5.712883e+01	1.454128e+17
1149	6.941990e+15	1.803289e+01	7.069479e+01	1.438539e+17
1150	6.942760e+15	1.319204e+01	5.689309e+01	1.203472e+17
1151	6.943479e+15	8.518097e+00	4.072130e+01	1.060970e+17
1152	6.944342e+15	1.297328e+01	6.046971e+01	1.304487e+17
1153	6.945111e+15	9.131134e+00	4.653237e+01	1.042388e+17
1154	6.945943e+15	6.866987e+00	3.994120e+01	1.104724e+17
1155	6.946942e+15	9.517466e+00	5.804476e+01	9.033615e+16
1156	6.947838e+15	9.259090e+00	6.103925e+01	1.322213e+17
1157	6.948608e+15	7.650372e+00	5.596949e+01	1.182263e+17
1158	6.949319e+15	6.348748e+00	5.249732e+01	9.469634e+16
1159	6.950010e+15	3.804748e+00	3.951167e+01	8.180976e+16
1160	6.950839e+15	6.488497e+00	6.702117e+01	1.100347e+17
1161	6.951507e+15	2.682777e+00	3.957071e+01	7.929869e+16
1162	6.952308e+15	5.032302e+00	7.104512e+01	1.356789e+17
1163	6.952921e+15	1.944409e+00	3.907504e+01	5.954949e+16
1164	6.953655e+15	2.341492e+00	4.833020e+01	1.119446e+17
1165	6.954421e+15	2.238755e+00	5.977948e+01	1.076871e+17
1166	6.955104e+15	1.176181e+00	4.517597e+01	9.705340e+16
1167	6.955866e+15	1.160263e+00	4.504161e+01	8.418502e+16
1168	6.956716e+15	1.460941e+00	4.083698e+01	1.095616e+17
1169	6.957737e+15	2.992764e+00	5.976138e+01	1.336426e+17
1170	6.958661e+15	3.376301e+00	5.832023e+01	1.465010e+17
1171	6.959513e+15	4.336142e+00	6.385982e+01	1.054714e+17
1172	6.960241e+15	3.720712e+00	4.063427e+01	8.719440e+16
1173	6.961115e+15	4.558270e+00	4.326887e+01	1.294236e+17
1174	6.962117e+15	1.389425e+01	1.152834e+02	1.993567e+17
1175	6.962639e+15	5.698253e+00	4.080085e+01	8.187863e+16
1176	6.963265e+15	6.865300e+00	4.786718e+01	1.090738e+17
1177	6.963934e+15	5.986844e+00	4.159720e+01	8.125500e+16
1178	6.964733e+15	6.462168e+00	4.420579e+01	1.164484e+17
1179	6.965649e+15	9.073103e+00	6.050774e+01	1.428988e+17
1180	6.966470e+15	5.331219e+00	3.985095e+01	1.401312e+17
1181	6.967454e+15	6.013353e+00	4.538179e+01	1.558844e+17
1182	6.968518e+15	8.615094e+00	6.001144e+01	1.299298e+17
1183	6.969438e+15	7.065794e+00	5.268217e+01	1.376550e+17
1184	6.970322e+15	7.554797e+00	5.431845e+01	1.105559e+17
1185	6.971146e+15	7.975248e+00	5.561048e+01	1.344229e+17
1186	6.971894e+15	6.284192e+00	4.700501e+01	9.582665e+16
1187	6.972664e+15	5.883702e+00	4.371183e+01	9.738832e+16
1188	6.973494e+15	8.088845e+00	5.602429e+01	1.152397e+17
1189	6.974220e+15	5.399024e+00	4.089130e+01	8.640002e+16
1190	6.975023e+15	6.151393e+00	4.610790e+01	8.762826e+16
1191	6.975829e+15	4.577570e+00	3.668491e+01	8.173233e+16
1192	6.976780e+15	1.095633e+01	8.266825e+01	1.486977e+17
1193	6.977370e+15	4.229896e+00	3.617990e+01	7.521320e+16
1194	6.978078e+15	4.177032e+00	3.589239e+01	8.425818e+16
1195	6.978928e+15	7.848942e+00	6.584797e+01	1.556661e+17
1196	6.979576e+15	5.125197e+00	4.346542e+01	1.036773e+17
1197	6.980271e+15	4.133786e+00	3.776554e+01	1.119367e+17
1198	6.981104e+15	5.934757e+00	5.595301e+01	1.781396e+17
1199	6.981845e+15	3.865578e+00	4.186394e+01	1.481993e+17
1200	6.982679e+15	4.906725e+00	4.992006e+01	1.518235e+17
1201	6.983499e+15	7.196513e+00	7.015492e+01	1.254105e+17
1202	6.984104e+15	3.334092e+00	3.763527e+01	6.932154e+16
1203	6.984829e+15	4.626851e+00	5.304864e+01	1.322313e+17
1204	6.985504e+15	2.961830e+00	3.844364e+01	9.896534e+16
1205	6.986314e+15	3.647224e+00	4.759067e+01	1.475669e+17
1206	6.987132e+15	3.565155e+00	4.600532e+01	1.458645e+17
1207	6.987980e+15	4.104360e+00	5.188311e+01	1.198267e+17
1208	6.988789e+15	3.414073e+00	4.400751e+01	1.470577e+17
1209	6.989663e+15	2.983890e+00	4.162967e+01	1.567618e+17
1210	6.990650e+15	8.148074e+00	1.000815e+02	1.781961e+17
1211	6.991196e+15	2.602629e+00	3.821278e+01	8.333680e+16
1212	6.991852e+15	2.546172e+00	3.847356e+01	1.028036e+17
1213	6.992639e+15	2.962813e+00	4.427422e+01	9.301899e+16
1214	6.993500e+15	3.277184e+00	4.807165e+01	1.204864e+17
1215	6.994399e+15	3.667102e+00	5.401770e+01	1.325375e+17
1216	6.995260e+15	2.990923e+00	4.324030e+01	1.442664e+17
1217	6.996241e+15	4.647131e+00	5.673018e+01	2.054670e+17
1218	6.997146e+15	4.048359e+00	4.838379e+01	1.325039e+17
1219	6.998081e+15	5.739373e+00	6.007401e+01	1.558165e+17
1220	6.998898e+15	6.491994e+00	5.945389e+01	1.034289e+17
1221	6.999612e+15	5.869597e+00	5.424288e+01	9.260481e+16
1222	7.000271e+15	3.746000e+00	4.137772e+01	8.141211e+16
1223	7.001016e+15	5.730812e+00	6.192250e+01	1.361854e+17
1224	7.001636e+15	2.989869e+00	3.891906e+01	7.891868e+16
1225	7.002380e+15	2.757072e+00	3.958943e+01	1.338567e+17
1226	7.003272e+15	4.785679e+00	6.176657e+01	1.794472e+17
1227	7.004043e+15	4.124751e+00	5.685120e+01	1.275336e+17
1228	7.004748e+15	2.433077e+00	3.902641e+01	1.407844e+17
1229	7.005595e+15	4.242289e+00	6.554073e+01	1.272998e+17
1230	7.006271e+15	2.507826e+00	4.180600e+01	1.154046e+17
1231	7.007048e+15	3.300615e+00	5.859123e+01	1.414494e+17
1232	7.007737e+15	2.903609e+00	5.595553e+01	1.111609e+17
1233	7.008375e+15	3.334261e+00	5.655337e+01	1.240563e+17
1234	7.008965e+15	2.150293e+00	3.899432e+01	9.706985e+16
1235	7.009673e+15	2.089926e+00	4.407104e+01	1.154555e+17
1236	7.010445e+15	2.490765e+00	6.139027e+01	1.385944e+17
1237	7.011106e+15	1.491859e+00	4.242722e+01	8.255551e+16
1238	7.011865e+15	2.020615e+00	5.864223e+01	1.335612e+17
1239	7.012538e+15	1.476879e+00	4.934185e+01	1.038495e+17
1240	7.013222e+15	9.499501e-01	3.962364e+01	1.350095e+17
1241	7.014042e+15	1.214685e+00	5.222895e+01	1.412322e+17
1242	7.014843e+15	1.264580e+00	4.697665e+01	1.083357e+17
1243	7.015692e+15	1.617496e+00	5.054227e+01	1.245462e+17
1244	7.016545e+15	2.021526e+00	5.746343e+01	1.364259e+17
1245	7.017320e+15	1.819155e+00	4.916701e+01	1.515468e+17
1246	7.018134e+15	3.810661e+00	8.283613e+01	1.486150e+17
1247	7.018704e+15	2.429916e+00	4.526343e+01	1.175762e+17
1248	7.019349e+15	2.485134e+00	4.463439e+01	1.253282e+17
1249	7.020089e+15	2.933950e+00	4.929148e+01	1.153737e+17
1250	7.020885e+15	4.384396e+00	7.023682e+01	1.600095e+17
1251	7.021538e+15	2.898609e+00	4.302364e+01	1.425905e+17
1252	7.022322e+15	3.506510e+00	5.421245e+01	1.482046e+17
1253	7.023106e+15	3.374094e+00	5.198177e+01	1.389035e+17
1254	7.023912e+15	2.929122e+00	4.671831e+01	2.019853e+17
1255	7.024810e+15	6.891132e+00	9.746310e+01	1.555151e+17
1256	7.025352e+15	2.736133e+00	4.141567e+01	8.913924e+16
1257	7.026002e+15	2.797516e+00	4.115038e+01	1.109832e+17
1258	7.026782e+15	4.257934e+00	5.595562e+01	1.248965e+17
1259	7.027517e+15	3.102704e+00	4.648086e+01	1.085318e+17
1260	7.028317e+15	3.206268e+00	4.868838e+01	1.241232e+17
1261	7.029158e+15	5.933692e+00	8.037552e+01	1.288106e+17
1262	7.029746e+15	2.298211e+00	4.055371e+01	9.289535e+16
1263	7.030451e+15	2.225659e+00	4.051750e+01	1.442949e+17
1264	7.031296e+15	3.059047e+00	5.531919e+01	1.575283e+17
1265	7.032102e+15	3.010483e+00	5.356669e+01	1.328264e+17
1266	7.032899e+15	2.855866e+00	5.427840e+01	9.763144e+16
1267	7.033686e+15	3.433780e+00	6.240859e+01	1.196666e+17
1268	7.034389e+15	2.011956e+00	4.345648e+01	1.302793e+17
1269	7.035233e+15	1.992194e+00	4.620589e+01	1.577613e+17
1270	7.036209e+15	4.388777e+00	8.729106e+01	1.912710e+17
1271	7.036885e+15	3.110950e+00	6.808106e+01	1.166788e+17
1272	7.037462e+15	1.643044e+00	4.384404e+01	1.097206e+17
1273	7.038156e+15	1.643563e+00	4.554976e+01	1.634971e+17
1274	7.038966e+15	2.193156e+00	5.853613e+01	1.479566e+17
1275	7.039751e+15	1.942989e+00	5.854894e+01	1.723852e+17
1276	7.040520e+15	1.921454e+00	6.055455e+01	1.810142e+17
1277	7.041253e+15	2.796580e+00	7.394876e+01	1.278624e+17
1278	7.041847e+15	1.520836e+00	4.488120e+01	9.396140e+16
1279	7.042559e+15	1.614394e+00	5.014093e+01	1.315648e+17
1280	7.043347e+15	1.364587e+00	4.727747e+01	9.784209e+16
1281	7.044265e+15	3.374669e+00	8.873591e+01	2.220662e+17
1282	7.044917e+15	2.061726e+00	4.675232e+01	1.185855e+17
1283	7.045700e+15	3.935454e+00	7.396723e+01	1.761923e+17
1284	7.046357e+15	2.629907e+00	5.032133e+01	1.077723e+17
1285	7.047111e+15	4.177528e+00	6.803671e+01	1.742795e+17
1286	7.047796e+15	3.151520e+00	4.819220e+01	1.531859e+17
1287	7.048619e+15	7.261647e+00	9.058386e+01	1.666710e+17
1288	7.049218e+15	4.374247e+00	5.102566e+01	1.195086e+17
1289	7.049910e+15	4.557576e+00	5.120803e+01	1.257857e+17
1290	7.050706e+15	5.043990e+00	5.273844e+01	1.782144e+17
1291	7.051604e+15	5.506346e+00	5.495464e+01	1.619012e+17
1292	7.052574e+15	1.331870e+01	1.204356e+02	2.202597e+17
1293	7.053112e+15	4.392413e+00	4.665071e+01	8.132105e+16
1294	7.053757e+15	4.099791e+00	4.859494e+01	1.140717e+17
1295	7.054509e+15	5.587718e+00	6.476063e+01	1.459881e+17
1296	7.055209e+15	4.207729e+00	5.045061e+01	1.389196e+17
1297	7.056001e+15	7.138895e+00	7.492377e+01	1.187914e+17
1298	7.056652e+15	4.136026e+00	4.573684e+01	1.139981e+17
1299	7.057432e+15	6.696086e+00	6.821534e+01	1.069082e+17
1300	7.058113e+15	4.167215e+00	4.561794e+01	1.093087e+17
1301	7.058929e+15	8.816206e+00	8.525472e+01	1.498060e+17
1302	7.059528e+15	4.380105e+00	4.746142e+01	1.076544e+17
1303	7.060236e+15	6.296632e+00	6.638138e+01	1.854466e+17
1304	7.060896e+15	4.660172e+00	5.161891e+01	1.455807e+17
1305	7.061656e+15	7.980445e+00	7.967684e+01	1.677479e+17
1306	7.062284e+15	4.604532e+00	5.052562e+01	1.803286e+17
1307	7.063038e+15	7.847587e+00	8.482920e+01	2.675436e+17
1308	7.063643e+15	5.240353e+00	6.173570e+01	1.385127e+17
1309	7.064271e+15	4.387278e+00	5.549664e+01	1.451796e+17
1310	7.064979e+15	4.170050e+00	5.783115e+01	1.836152e+17
1311	7.065752e+15	3.393251e+00	5.057932e+01	1.813187e+17
1312	7.066679e+15	6.378709e+00	8.814949e+01	2.134476e+17
1313	7.067395e+15	5.244375e+00	7.361644e+01	1.502760e+17
1314	7.068033e+15	3.208317e+00	5.036649e+01	1.254513e+17
1315	7.068799e+15	7.431643e+00	1.040906e+02	1.376800e+17
1316	7.069316e+15	3.167058e+00	5.163267e+01	6.844251e+16
1317	7.069936e+15	3.068508e+00	5.233794e+01	1.230279e+17
1318	7.070680e+15	2.947533e+00	5.304552e+01	1.110682e+17
1319	7.071572e+15	4.665226e+00	7.771523e+01	1.713659e+17
1320	7.072367e+15	4.365979e+00	7.601634e+01	2.209694e+17
1321	7.073088e+15	3.063145e+00	5.662648e+01	1.849644e+17
1322	7.073914e+15	3.443403e+00	6.360533e+01	1.992801e+17
1323	7.074782e+15	4.400503e+00	7.605458e+01	1.968124e+17
1324	7.075585e+15	3.435512e+00	5.958228e+01	1.622519e+17
1325	7.076485e+15	4.169048e+00	6.796246e+01	1.977648e+17
1326	7.077405e+15	4.305560e+00	6.486201e+01	1.788231e+17
1327	7.078385e+15	7.373095e+00	9.718360e+01	2.893731e+17
1328	7.079148e+15	6.724516e+00	8.818984e+01	1.836308e+17
1329	7.079804e+15	4.942505e+00	6.815182e+01	1.766997e+17
1330	7.080494e+15	4.051340e+00	5.698510e+01	1.495110e+17
1331	7.081322e+15	5.609743e+00	7.508202e+01	1.914821e+17
1332	7.082119e+15	6.374782e+00	8.260400e+01	1.911132e+17
1333	7.082830e+15	4.169632e+00	5.670385e+01	1.519842e+17
1334	7.083682e+15	6.808243e+00	8.560485e+01	1.891764e+17
1335	7.084435e+15	1.270684e+01	1.393254e+02	2.016753e+17
1336	7.084880e+15	4.708699e+00	6.018537e+01	7.758462e+16
1337	7.085397e+15	4.368768e+00	5.754267e+01	1.266379e+17
1338	7.086018e+15	4.213359e+00	5.728803e+01	1.300633e+17
1339	7.086763e+15	4.852621e+00	6.616311e+01	1.895530e+17
1340	7.087564e+15	7.625530e+00	9.137313e+01	1.995147e+17
1341	7.088225e+15	4.126791e+00	5.924068e+01	9.612581e+16
1342	7.088998e+15	6.954729e+00	8.798607e+01	1.893541e+17
1343	7.089662e+15	4.135705e+00	5.819437e+01	1.602017e+17
1344	7.090457e+15	6.469256e+00	8.024021e+01	2.265114e+17
1345	7.091204e+15	9.203966e+00	1.083800e+02	1.990655e+17
1346	7.091755e+15	5.735499e+00	7.530480e+01	1.332079e+17
1347	7.092309e+15	4.324616e+00	5.977734e+01	1.120388e+17
1348	7.092973e+15	4.363077e+00	5.994942e+01	1.842232e+17
1349	7.093770e+15	9.359261e+00	1.150753e+02	2.314704e+17
1350	7.094335e+15	4.099428e+00	6.066456e+01	1.194979e+17
1351	7.095012e+15	4.043065e+00	6.080145e+01	1.477718e+17
1352	7.095825e+15	6.466627e+00	9.543958e+01	1.606748e+17
1353	7.096511e+15	3.353767e+00	6.053661e+01	1.811623e+17
1354	7.097333e+15	5.234449e+00	8.968944e+01	2.150049e+17
1355	7.098059e+15	2.738059e+00	6.058385e+01	1.176175e+17
1356	7.098930e+15	5.756553e+00	1.054222e+02	1.746693e+17
1357	7.099601e+15	2.501303e+00	5.998332e+01	1.664826e+17
1358	7.100405e+15	4.332934e+00	9.089373e+01	1.608769e+17
1359	7.101107e+15	3.001181e+00	7.186863e+01	1.345427e+17
1360	7.101847e+15	4.139249e+00	8.802672e+01	1.992910e+17
1361	7.102516e+15	2.691190e+00	6.157578e+01	1.725783e+17
1362	7.103319e+15	7.733519e+00	1.345949e+02	2.255039e+17
1363	7.103832e+15	4.540075e+00	8.228806e+01	1.367730e+17
1364	7.104325e+15	3.041831e+00	6.189301e+01	1.008241e+17
1365	7.104916e+15	2.839403e+00	6.222460e+01	1.253201e+17
1366	7.105626e+15	4.488929e+00	8.843534e+01	1.388593e+17
1367	7.106271e+15	2.858701e+00	6.095836e+01	1.600333e+17
1368	7.107044e+15	5.244636e+00	9.334938e+01	2.008466e+17
1369	7.107707e+15	5.452282e+00	9.599695e+01	1.595153e+17
1370	7.108269e+15	3.217114e+00	6.152127e+01	9.015043e+16
1371	7.108942e+15	3.638322e+00	6.912477e+01	1.538675e+17
1372	7.109685e+15	4.130431e+00	7.446618e+01	1.196447e+17
1373	7.110458e+15	7.134445e+00	1.179595e+02	2.597731e+17
1374	7.111010e+15	5.275501e+00	8.800581e+01	1.063760e+17
1375	7.111510e+15	3.378516e+00	6.160030e+01	1.376222e+17
1376	7.112111e+15	3.449821e+00	6.149097e+01	1.056885e+17
1377	7.112832e+15	3.498974e+00	6.212275e+01	1.638253e+17
1378	7.113683e+15	9.704680e+00	1.331536e+02	1.691749e+17
1379	7.114215e+15	4.314429e+00	5.942255e+01	7.270355e+16
1380	7.114855e+15	4.409198e+00	6.016468e+01	1.212749e+17
1381	7.115622e+15	6.790779e+00	8.966745e+01	1.729974e+17
1382	7.116300e+15	6.504869e+00	8.947953e+01	1.864671e+17
1383	7.116902e+15	4.111666e+00	6.087338e+01	1.480591e+17
1384	7.117623e+15	5.793897e+00	8.126148e+01	1.713029e+17
1385	7.118317e+15	4.328928e+00	6.165846e+01	1.217019e+17
1386	7.119151e+15	7.323200e+00	9.271647e+01	2.225343e+17
1387	7.119881e+15	7.042211e+00	9.125349e+01	1.809658e+17
1388	7.120533e+15	4.378985e+00	6.231445e+01	1.300382e+17
1389	7.121315e+15	7.457957e+00	9.759918e+01	1.733487e+17
1390	7.121961e+15	6.174602e+00	8.494355e+01	2.005143e+17
1391	7.122562e+15	3.974219e+00	6.122840e+01	1.375023e+17
1392	7.123284e+15	7.426240e+00	9.486202e+01	1.449633e+17
1393	7.123894e+15	4.227300e+00	6.052897e+01	1.295223e+17
1394	7.124628e+15	3.859916e+00	6.042803e+01	1.504923e+17
1395	7.125507e+15	1.306388e+01	1.603165e+02	2.378276e+17
1396	7.125977e+15	4.390082e+00	6.398029e+01	1.081832e+17
1397	7.126517e+15	3.793117e+00	6.081005e+01	1.131390e+17
1398	7.127164e+15	3.725852e+00	6.037312e+01	9.116737e+16
1399	7.127942e+15	3.952832e+00	6.421115e+01	1.419092e+17
1400	7.128832e+15	5.294986e+00	8.135494e+01	2.174589e+17
1401	7.129676e+15	6.070725e+00	8.946936e+01	1.848431e+17
1402	7.130417e+15	6.096648e+00	8.817745e+01	1.486757e+17
1403	7.131080e+15	3.790526e+00	6.462037e+01	1.557272e+17
1404	7.131843e+15	3.419274e+00	6.082619e+01	1.764117e+17
1405	7.132757e+15	6.055523e+00	9.767068e+01	2.340584e+17
1406	7.133516e+15	3.554509e+00	6.390568e+01	1.603125e+17
1407	7.134396e+15	8.790245e+00	1.295656e+02	2.288632e+17
1408	7.134974e+15	3.067753e+00	6.111835e+01	1.173988e+17
1409	7.135667e+15	3.584122e+00	6.889833e+01	1.827249e+17
1410	7.136423e+15	3.264944e+00	6.605621e+01	1.638699e+17
1411	7.137279e+15	3.104845e+00	6.868959e+01	1.347488e+17
1412	7.138214e+15	6.509073e+00	1.307799e+02	2.134296e+17
1413	7.138813e+15	2.728201e+00	6.816721e+01	9.324430e+16
1414	7.139470e+15	2.451265e+00	6.039584e+01	1.390499e+17
1415	7.140259e+15	2.929017e+00	6.594746e+01	1.642857e+17
1416	7.141138e+15	6.084491e+00	1.226861e+02	1.831331e+17
1417	7.141730e+15	2.322335e+00	6.056853e+01	9.540642e+16
1418	7.142440e+15	1.976812e+00	6.076543e+01	1.206660e+17
1419	7.143293e+15	3.766594e+00	1.017048e+02	1.727046e+17
1420	7.143970e+15	2.567706e+00	7.410966e+01	1.670237e+17
1421	7.144667e+15	2.312847e+00	6.082594e+01	1.062722e+17
1422	7.145504e+15	2.617319e+00	6.276303e+01	1.833029e+17
1423	7.146490e+15	5.148083e+00	1.049471e+02	2.044326e+17
1424	7.147265e+15	5.056722e+00	9.123392e+01	1.529698e+17
1425	7.147940e+15	4.122647e+00	6.701240e+01	1.672492e+17
1426	7.148678e+15	7.403353e+00	1.002429e+02	1.431911e+17
1427	7.149257e+15	4.749914e+00	5.925044e+01	1.010462e+17
1428	7.149944e+15	4.993941e+00	5.778286e+01	1.249695e+17
1429	7.150768e+15	5.359844e+00	5.730433e+01	1.497813e+17
1430	7.151757e+15	8.689211e+00	8.597998e+01	2.306086e+17
1431	7.152616e+15	6.506020e+00	6.639161e+01	1.451728e+17
1432	7.153518e+15	1.074970e+01	1.084579e+02	2.248175e+17
1433	7.154144e+15	4.921674e+00	5.435932e+01	7.865771e+16
1434	7.154895e+15	6.244434e+00	6.804706e+01	1.484361e+17
1435	7.155655e+15	6.194062e+00	6.676314e+01	1.217568e+17
1436	7.156434e+15	6.330729e+00	7.117287e+01	1.625322e+17
1437	7.157190e+15	5.971744e+00	7.263542e+01	1.253676e+17
1438	7.157911e+15	5.167804e+00	6.658181e+01	1.568313e+17
1439	7.158645e+15	3.913959e+00	5.399154e+01	1.616343e+17
1440	7.159526e+15	4.718910e+00	6.358099e+01	1.703987e+17
1441	7.160451e+15	6.794515e+00	8.643371e+01	1.954749e+17
1442	7.161202e+15	3.538245e+00	5.492659e+01	1.785900e+17
1443	7.162060e+15	4.158207e+00	6.357413e+01	1.607950e+17
1444	7.162937e+15	6.863561e+00	9.737677e+01	1.767422e+17
1445	7.163578e+15	2.700521e+00	5.246505e+01	1.297212e+17
1446	7.164348e+15	2.484329e+00	5.210555e+01	1.687318e+17
1447	7.165272e+15	5.604131e+00	9.621206e+01	2.040699e+17
1448	7.165953e+15	2.294377e+00	5.237838e+01	1.167922e+17
1449	7.166770e+15	2.430562e+00	5.447858e+01	1.601624e+17
1450	7.167720e+15	3.835140e+00	7.745745e+01	1.789106e+17
1451	7.168559e+15	2.449540e+00	5.195525e+01	1.472610e+17
1452	7.169562e+15	4.729308e+00	9.045857e+01	1.540167e+17
1453	7.170330e+15	2.746617e+00	6.241478e+01	1.672549e+17
1454	7.171120e+15	3.245291e+00	7.201516e+01	1.547464e+17
1455	7.171843e+15	2.192968e+00	5.022865e+01	1.324633e+17
1456	7.172711e+15	2.820946e+00	6.038368e+01	1.343731e+17
1457	7.173615e+15	2.625193e+00	5.692792e+01	1.085342e+17
1458	7.174601e+15	4.435713e+00	8.726084e+01	1.624788e+17
1459	7.175369e+15	4.007066e+00	8.126279e+01	1.690045e+17
1460	7.176008e+15	3.276855e+00	7.443986e+01	1.286663e+17
1461	7.176583e+15	2.073112e+00	5.117123e+01	1.236984e+17
1462	7.177272e+15	2.063657e+00	5.072525e+01	1.291611e+17
1463	7.178100e+15	2.667115e+00	6.397296e+01	1.884574e+17
1464	7.178926e+15	2.311127e+00	5.497730e+01	1.544228e+17
1465	7.179855e+15	3.244611e+00	8.194236e+01	1.614606e+17
1466	7.180621e+15	2.746630e+00	7.727355e+01	1.406538e+17
1467	7.181282e+15	3.105498e+00	1.003693e+02	1.383290e+17
1468	7.181748e+15	1.184564e+00	5.202510e+01	7.114368e+16
1469	7.182307e+15	1.197185e+00	5.227838e+01	1.299756e+17
1470	7.182978e+15	1.169329e+00	5.233924e+01	1.231348e+17
1471	7.183783e+15	1.898387e+00	7.146853e+01	1.760177e+17
1472	7.184542e+15	1.334591e+00	5.189573e+01	1.698956e+17
1473	7.185453e+15	1.828399e+00	7.071274e+01	2.353579e+17
1474	7.186314e+15	1.821633e+00	7.468209e+01	1.475109e+17
1475	7.187092e+15	2.209721e+00	7.145492e+01	1.387947e+17
1476	7.187826e+15	1.883001e+00	5.855117e+01	9.531666e+16
1477	7.188629e+15	3.007130e+00	8.517124e+01	1.380847e+17
1478	7.189283e+15	1.908063e+00	5.258273e+01	8.432284e+16
1479	7.190068e+15	3.041771e+00	7.061649e+01	1.478094e+17
1480	7.190827e+15	2.835183e+00	5.526616e+01	1.427610e+17
1481	7.191717e+15	3.890578e+00	7.245477e+01	1.773079e+17
1482	7.192565e+15	4.450754e+00	7.601631e+01	1.560381e+17
1483	7.193341e+15	3.330563e+00	5.254251e+01	1.416187e+17
1484	7.194272e+15	5.120539e+00	7.463495e+01	1.961167e+17
1485	7.195118e+15	3.667336e+00	5.223756e+01	1.297547e+17
1486	7.196124e+15	9.211924e+00	1.123045e+02	1.585762e+17
1487	7.196773e+15	4.365431e+00	5.211810e+01	8.343063e+16
1488	7.197551e+15	5.333131e+00	5.974967e+01	1.299090e+17
1489	7.198394e+15	5.534294e+00	6.177127e+01	1.231141e+17
1490	7.199275e+15	5.956074e+00	6.265390e+01	1.328724e+17
1491	7.200173e+15	9.698480e+00	8.730978e+01	2.031901e+17
1492	7.200872e+15	5.893768e+00	5.033274e+01	9.975058e+16
1493	7.201710e+15	6.099415e+00	5.026799e+01	1.376055e+17
1494	7.202716e+15	1.153859e+01	8.620911e+01	1.942302e+17
1495	7.203502e+15	6.705003e+00	5.176043e+01	1.117276e+17
1496	7.204416e+15	9.112161e+00	6.657320e+01	1.506874e+17
1497	7.205287e+15	7.411889e+00	5.632765e+01	1.221744e+17
1498	7.206226e+15	7.930620e+00	5.906554e+01	1.301903e+17
1499	7.207200e+15	9.393979e+00	7.000103e+01	1.547135e+17
1500	7.208088e+15	8.191451e+00	6.510944e+01	1.521381e+17
1501	7.208944e+15	7.703476e+00	6.254224e+01	1.436702e+17
1502	7.209793e+15	5.279942e+00	4.906679e+01	1.195143e+17
1503	7.210797e+15	1.002551e+01	8.461712e+01	1.981107e+17
1504	7.211569e+15	5.424704e+00	5.398159e+01	1.502572e+17
1505	7.212422e+15	7.180810e+00	6.987680e+01	1.582645e+17
1506	7.213192e+15	6.111414e+00	6.463044e+01	1.406475e+17
1507	7.213929e+15	6.699016e+00	7.116491e+01	1.230829e+17
1508	7.214586e+15	4.043351e+00	5.170646e+01	1.180375e+17
1509	7.215335e+15	3.444659e+00	4.878545e+01	1.131544e+17
1510	7.216234e+15	4.967758e+00	6.514079e+01	1.476542e+17
1511	7.217101e+15	5.769212e+00	7.169855e+01	1.702971e+17
1512	7.217876e+15	3.886972e+00	5.630015e+01	1.054595e+17
1513	7.218718e+15	3.561063e+00	5.237771e+01	1.422379e+17
1514	7.219676e+15	4.688247e+00	6.199220e+01	1.724985e+17
1515	7.220633e+15	3.968164e+00	5.368448e+01	1.100734e+17
1516	7.221687e+15	6.819756e+00	7.495696e+01	1.240214e+17
1517	7.222562e+15	4.229981e+00	4.642644e+01	7.842425e+16
1518	7.223612e+15	9.581628e+00	8.765986e+01	1.149669e+17
1519	7.224377e+15	5.594505e+00	4.692492e+01	1.357031e+17
1520	7.225294e+15	5.623306e+00	4.649269e+01	1.505143e+17
1521	7.226395e+15	1.194006e+01	9.458487e+01	1.862731e+17
1522	7.227136e+15	5.674660e+00	4.582022e+01	8.560746e+16
1523	7.228026e+15	7.023583e+00	5.390430e+01	1.105500e+17
1524	7.228972e+15	7.898350e+00	5.777367e+01	1.051664e+17
1525	7.229919e+15	9.584651e+00	6.366494e+01	1.720778e+17
1526	7.230794e+15	7.499036e+00	5.177268e+01	1.209391e+17
1527	7.231728e+15	9.430635e+00	6.595896e+01	1.217433e+17
1528	7.232541e+15	5.704716e+00	4.289654e+01	8.050684e+16
1529	7.233516e+15	8.891875e+00	6.050698e+01	1.127482e+17
1530	7.234409e+15	7.492513e+00	5.161659e+01	1.458102e+17
1531	7.235336e+15	1.132427e+01	7.276789e+01	1.262489e+17
1532	7.236066e+15	5.818859e+00	4.441313e+01	8.640619e+16
1533	7.236919e+15	5.101127e+00	4.236351e+01	1.427729e+17
1534	7.237943e+15	7.374347e+00	6.178098e+01	1.245564e+17
1535	7.238863e+15	4.120389e+00	4.208198e+01	1.070280e+17
1536	7.239969e+15	1.798279e+01	1.400734e+02	1.372315e+17
1537	7.240453e+15	4.017255e+00	4.144041e+01	3.568919e+16
1538	7.241033e+15	4.236317e+00	4.068736e+01	5.745108e+16
1539	7.241730e+15	4.079507e+00	4.044345e+01	7.785355e+16
1540	7.242567e+15	4.007959e+00	4.045558e+01	1.002115e+17
1541	7.243570e+15	3.919983e+00	4.019281e+01	1.085296e+17
1542	7.244775e+15	1.030409e+01	8.117272e+01	1.961355e+17
1543	7.245579e+15	5.436435e+00	4.613514e+01	6.558562e+16
1544	7.246408e+15	4.586407e+00	3.689570e+01	7.970970e+16
1545	7.247403e+15	5.881087e+00	4.328246e+01	1.373907e+17
1546	7.248458e+15	8.666032e+00	5.964388e+01	1.093586e+17
1547	7.249318e+15	7.849618e+00	5.475629e+01	9.931245e+16
1548	7.250065e+15	4.632345e+00	3.596421e+01	1.041131e+17
1549	7.250962e+15	4.833372e+00	3.592958e+01	9.081826e+16
1550	7.252038e+15	7.468673e+00	5.071278e+01	1.352879e+17
1551	7.253022e+15	1.088755e+01	6.701302e+01	1.156692e+17
1552	7.253728e+15	4.419990e+00	3.398663e+01	5.541728e+16
1553	7.254575e+15	5.921527e+00	4.171154e+01	9.009869e+16
1554	7.255435e+15	5.403849e+00	3.886465e+01	7.423398e+16
1555	7.256345e+15	5.078034e+00	3.735131e+01	7.470367e+16
1556	7.257330e+15	4.246414e+00	3.214601e+01	9.840168e+16
1557	7.258513e+15	6.725447e+00	4.662154e+01	1.026017e+17
1558	7.259568e+15	4.368945e+00	3.362584e+01	8.508194e+16
1559	7.260755e+15	6.817494e+00	4.885132e+01	1.199533e+17
1560	7.261737e+15	4.356932e+00	3.556686e+01	1.085909e+17
1561	7.262765e+15	4.785914e+00	3.927841e+01	8.966189e+16
1562	7.263750e+15	5.599425e+00	4.430963e+01	1.144374e+17
1563	7.264611e+15	4.612363e+00	3.849884e+01	5.401366e+16
1564	7.265443e+15	3.088161e+00	2.990705e+01	1.084325e+17
1565	7.266408e+15	3.079835e+00	2.849476e+01	8.131064e+16
1566	7.267559e+15	5.045544e+00	4.345478e+01	8.740036e+16
1567	7.268549e+15	4.998091e+00	4.826952e+01	9.073499e+16
1568	7.269326e+15	2.597714e+00	3.234052e+01	7.830472e+16
1569	7.270157e+15	2.158886e+00	2.779182e+01	6.006227e+16
1570	7.271154e+15	2.710539e+00	3.254025e+01	9.018646e+16
1571	7.272214e+15	3.522073e+00	4.285661e+01	9.050176e+16
1572	7.273113e+15	2.471832e+00	3.310847e+01	5.355646e+16
1573	7.274050e+15	4.178811e+00	5.284150e+01	6.523661e+16
1574	7.274721e+15	1.766041e+00	2.739688e+01	6.068092e+16
1575	7.275527e+15	2.269791e+00	3.356417e+01	8.480243e+16
1576	7.276361e+15	2.901467e+00	4.084346e+01	6.722797e+16
1577	7.277101e+15	2.077304e+00	3.200400e+01	7.579857e+16
1578	7.277896e+15	3.110018e+00	4.269258e+01	5.924716e+16
1579	7.278563e+15	1.674151e+00	2.648291e+01	6.491579e+16
1580	7.279365e+15	1.661301e+00	2.624659e+01	6.249527e+16
1581	7.280327e+15	2.182033e+00	3.237222e+01	6.368030e+16
1582	7.281305e+15	3.082839e+00	3.935743e+01	6.075977e+16
1583	7.282148e+15	2.094008e+00	2.562590e+01	4.851520e+16
1584	7.283161e+15	2.279442e+00	2.576255e+01	6.349182e+16
1585	7.284375e+15	6.611826e+00	5.927294e+01	9.006477e+16
1586	7.285116e+15	2.754260e+00	2.499791e+01	7.293572e+16
1587	7.286005e+15	3.510774e+00	2.905287e+01	7.007679e+16
1588	7.286956e+15	2.845307e+00	2.448967e+01	5.664694e+16
1589	7.288098e+15	2.784889e+00	2.417743e+01	8.191182e+16
1590	7.289455e+15	4.205173e+00	3.362475e+01	1.149130e+17
1591	7.290690e+15	3.766267e+00	3.007049e+01	9.286565e+16
1592	7.291903e+15	7.352832e+00	4.944171e+01	8.659471e+16
1593	7.292687e+15	2.900520e+00	2.240570e+01	3.726051e+16
1594	7.293628e+15	3.146942e+00	2.312355e+01	5.945169e+16
1595	7.294721e+15	5.901469e+00	3.879226e+01	7.527603e+16
1596	7.295549e+15	2.839372e+00	2.102958e+01	7.338981e+16
1597	7.296543e+15	2.871677e+00	2.090878e+01	5.323567e+16
1598	7.297736e+15	3.050399e+00	2.232389e+01	6.728380e+16
1599	7.299089e+15	4.222897e+00	2.893153e+01	6.595915e+16
1600	7.300315e+15	4.242522e+00	3.038910e+01	9.837865e+16
1601	7.301372e+15	2.447608e+00	2.109012e+01	7.757068e+16
1602	7.302556e+15	4.774305e+00	3.786699e+01	8.964424e+16
1603	7.303382e+15	1.795741e+00	1.919810e+01	3.809743e+16
1604	7.304372e+15	1.642986e+00	1.932942e+01	5.945624e+16
1605	7.305562e+15	3.837028e+00	3.710272e+01	7.491699e+16
1606	7.306416e+15	1.538874e+00	1.923633e+01	5.076025e+16
1607	7.307441e+15	1.808952e+00	2.265863e+01	5.414145e+16
1608	7.308538e+15	2.447258e+00	3.002733e+01	7.303199e+16
1609	7.309487e+15	1.388369e+00	1.954268e+01	5.656011e+16
1610	7.310627e+15	2.842920e+00	3.405510e+01	1.054093e+17
1611	7.311513e+15	1.466192e+00	1.973513e+01	6.824264e+16
1612	7.312576e+15	2.250177e+00	2.564955e+01	7.169057e+16
1613	7.313625e+15	2.569165e+00	2.697672e+01	4.538741e+16
1614	7.314625e+15	1.879407e+00	2.045138e+01	4.901744e+16
1615	7.315813e+15	2.976297e+00	2.710290e+01	6.801449e+16
1616	7.316965e+15	5.975183e+00	4.420774e+01	6.921008e+16
1617	7.317707e+15	2.652686e+00	2.033500e+01	6.981611e+16
1618	7.318596e+15	4.877556e+00	3.193969e+01	8.457924e+16
1619	7.319345e+15	2.921765e+00	2.011467e+01	5.678443e+16
1620	7.320244e+15	3.525691e+00	2.358184e+01	7.628297e+16
1621	7.321199e+15	4.381083e+00	2.796829e+01	7.838272e+16
1622	7.322080e+15	4.117596e+00	2.795160e+01	7.478108e+16
1623	7.322893e+15	2.734886e+00	1.975645e+01	4.656754e+16
1624	7.323868e+15	2.735079e+00	2.010225e+01	5.599129e+16
1625	7.325039e+15	3.934223e+00	2.830925e+01	8.364862e+16
1626	7.326141e+15	3.352636e+00	2.512613e+01	7.846567e+16
1627	7.327298e+15	2.719440e+00	2.259786e+01	1.181228e+17
1628	7.328636e+15	7.233424e+00	5.335728e+01	1.161284e+17
1629	7.329406e+15	2.124629e+00	2.121561e+01	3.701941e+16
1630	7.330330e+15	3.562133e+00	3.142980e+01	5.830285e+16
1631	7.331147e+15	2.082222e+00	2.080511e+01	6.755747e+16
1632	7.332128e+15	2.600623e+00	2.525153e+01	7.968185e+16
1633	7.333135e+15	1.937371e+00	2.032837e+01	6.790038e+16
1634	7.334343e+15	2.085186e+00	2.260381e+01	8.586309e+16
1635	7.335678e+15	2.715548e+00	2.641605e+01	8.149955e+16
1636	7.336970e+15	3.155092e+00	3.005702e+01	9.049529e+16
1637	7.338110e+15	2.632936e+00	2.618179e+01	6.903882e+16
1638	7.339237e+15	2.281600e+00	2.301287e+01	7.293062e+16
1639	7.340447e+15	3.419682e+00	3.138749e+01	7.426635e+16
1640	7.341460e+15	2.250443e+00	2.248907e+01	6.917512e+16
1641	7.342571e+15	2.222970e+00	2.235723e+01	6.647209e+16
1642	7.343808e+15	3.594065e+00	3.160819e+01	9.622773e+16
1643	7.344845e+15	2.082672e+00	1.922632e+01	8.562436e+16
1644	7.346089e+15	5.091895e+00	3.839304e+01	9.546962e+16
1645	7.346920e+15	2.697044e+00	2.004553e+01	3.627523e+16
1646	7.347851e+15	2.439470e+00	1.835096e+01	5.408633e+16
1647	7.348968e+15	2.865497e+00	2.221534e+01	7.462335e+16
1648	7.350142e+15	2.956894e+00	2.135038e+01	7.713633e+16
1649	7.351413e+15	3.554584e+00	2.336259e+01	7.392230e+16
1650	7.352681e+15	6.540913e+00	3.792992e+01	6.017071e+16
1651	7.353518e+15	3.987575e+00	2.282104e+01	4.512067e+16
1652	7.354349e+15	2.931367e+00	1.758445e+01	4.741131e+16
1653	7.355346e+15	2.772389e+00	1.733517e+01	4.547018e+16
1654	7.356542e+15	4.925565e+00	2.742095e+01	6.232867e+16
1655	7.357528e+15	6.956348e+00	3.420027e+01	5.951613e+16
1656	7.358201e+15	3.115810e+00	1.681377e+01	3.416401e+16
1657	7.359009e+15	3.072891e+00	1.675725e+01	5.125925e+16
1658	7.359979e+15	4.177641e+00	2.198724e+01	6.347843e+16
1659	7.360926e+15	2.921006e+00	1.643059e+01	5.656472e+16
1660	7.362061e+15	4.020316e+00	2.029590e+01	5.769428e+16
1661	7.363227e+15	4.912410e+00	2.203744e+01	7.726201e+16
1662	7.364336e+15	4.820357e+00	2.138111e+01	5.158827e+16
1663	7.365430e+15	4.476630e+00	2.165126e+01	7.394605e+16
1664	7.366506e+15	3.994937e+00	2.147658e+01	6.720355e+16
1665	7.367581e+15	3.797138e+00	2.139671e+01	7.403530e+16
1666	7.368675e+15	3.894316e+00	2.266120e+01	6.503487e+16
1667	7.369730e+15	3.292204e+00	2.276270e+01	7.188125e+16
1668	7.370746e+15	4.076809e+00	2.356391e+01	4.245592e+16
1669	7.371699e+15	4.350430e+00	2.453959e+01	5.076727e+16
1670	7.372558e+15	2.888549e+00	1.881717e+01	6.502990e+16
1671	7.373525e+15	3.440108e+00	2.222706e+01	5.014963e+16
1672	7.374487e+15	3.595460e+00	2.349789e+01	6.275892e+16
1673	7.375406e+15	3.473408e+00	2.264045e+01	6.300654e+16
1674	7.376312e+15	3.546231e+00	2.294123e+01	4.371983e+16
1675	7.377197e+15	3.372542e+00	2.167866e+01	5.641106e+16
1676	7.378107e+15	4.564360e+00	2.761745e+01	4.460056e+16
1677	7.378870e+15	2.825211e+00	1.894331e+01	4.263105e+16
1678	7.379731e+15	3.822671e+00	2.362091e+01	5.088190e+16
1679	7.380554e+15	3.699294e+00	2.320984e+01	5.690963e+16
1680	7.381358e+15	3.475724e+00	2.246259e+01	3.740579e+16
1681	7.382175e+15	3.793408e+00	2.422054e+01	9.411158e+16
1682	7.382964e+15	3.318294e+00	2.255912e+01	5.416056e+16
1683	7.383782e+15	4.068993e+00	2.564711e+01	5.052437e+16
1684	7.384550e+15	3.641442e+00	2.353519e+01	3.788185e+16
1685	7.385338e+15	3.644568e+00	2.405688e+01	6.173481e+16
1686	7.386136e+15	3.616992e+00	2.374179e+01	6.496515e+16
1687	7.386923e+15	3.584887e+00	2.515264e+01	5.647717e+16
1688	7.387704e+15	3.414412e+00	2.400063e+01	4.532232e+16
1689	7.388503e+15	3.840171e+00	2.776647e+01	7.363803e+16
1690	7.389246e+15	3.402455e+00	2.412969e+01	5.262915e+16
1691	7.390007e+15	3.801085e+00	2.457821e+01	4.563623e+16
1692	7.390783e+15	4.194047e+00	2.745342e+01	3.222848e+16
1693	7.391534e+15	4.084502e+00	2.696250e+01	7.560341e+16
1694	7.392286e+15	4.344747e+00	2.890022e+01	7.818282e+16
1695	7.393000e+15	3.750949e+00	2.514192e+01	4.338094e+16
1696	7.393750e+15	4.428607e+00	2.839415e+01	5.837137e+16
1697	7.394477e+15	4.024171e+00	2.830487e+01	5.800512e+16
1698	7.395190e+15	3.913045e+00	2.761854e+01	7.672997e+16
1699	7.395919e+15	3.894003e+00	2.772748e+01	5.638098e+16
1700	7.396658e+15	4.055033e+00	2.801173e+01	4.580309e+16
1701	7.397386e+15	4.066001e+00	2.870048e+01	5.909894e+16
1702	7.398105e+15	4.134406e+00	2.850079e+01	5.978457e+16
1703	7.398822e+15	3.723362e+00	2.646776e+01	8.033165e+16
1704	7.399589e+15	4.292708e+00	2.980719e+01	4.865057e+16
1705	7.400347e+15	4.396130e+00	2.976110e+01	5.754744e+16
1706	7.401109e+15	4.564053e+00	3.023075e+01	7.428459e+16
1707	7.401867e+15	5.033881e+00	3.299888e+01	6.795411e+16
1708	7.402576e+15	4.132027e+00	2.880202e+01	7.001631e+16
1709	7.403319e+15	4.450755e+00	3.160202e+01	4.611145e+16
1710	7.404041e+15	4.504972e+00	3.177386e+01	6.829057e+16
1711	7.404743e+15	4.326108e+00	3.122313e+01	5.837618e+16
1712	7.405443e+15	4.826379e+00	3.197265e+01	4.324882e+16
1713	7.406132e+15	4.857458e+00	3.223676e+01	5.451629e+16
1714	7.406815e+15	4.986619e+00	3.271665e+01	4.965396e+16
1715	7.407494e+15	5.206295e+00	3.264443e+01	8.393393e+16
1716	7.408171e+15	5.606245e+00	3.228372e+01	6.961330e+16
1717	7.408847e+15	5.770737e+00	3.154771e+01	5.370328e+16
1718	7.409538e+15	5.828285e+00	3.227378e+01	5.645517e+16
1719	7.410230e+15	5.588592e+00	3.147314e+01	5.926769e+16
1720	7.410934e+15	5.496553e+00	3.093068e+01	5.818967e+16
1721	7.411661e+15	5.815030e+00	3.230617e+01	4.573241e+16
1722	7.412385e+15	5.918300e+00	3.311577e+01	7.314814e+16
1723	7.413091e+15	5.585886e+00	3.284519e+01	7.004654e+16
1724	7.413786e+15	4.958427e+00	2.970539e+01	4.245631e+16
1725	7.414528e+15	5.805342e+00	3.404021e+01	6.331009e+16
1726	7.415241e+15	5.837784e+00	3.131030e+01	3.144199e+16
1727	7.415955e+15	5.650894e+00	3.082990e+01	6.801392e+16
1728	7.416709e+15	6.284096e+00	3.392853e+01	9.071109e+16
1729	7.417444e+15	6.096192e+00	3.261439e+01	4.006310e+16
1730	7.418185e+15	5.932107e+00	3.290620e+01	6.462554e+16
1731	7.418933e+15	5.919978e+00	3.363936e+01	5.890497e+16
1732	7.419669e+15	5.563340e+00	3.262065e+01	6.095092e+16
1733	7.420406e+15	5.681860e+00	3.281448e+01	5.113350e+16
1734	7.421146e+15	6.336611e+00	3.485204e+01	7.468823e+16
1735	7.421847e+15	5.528121e+00	3.123634e+01	6.135813e+16
1736	7.422575e+15	6.211792e+00	3.422375e+01	6.071251e+16
1737	7.423271e+15	5.810927e+00	3.318041e+01	5.813409e+16
1738	7.423957e+15	5.661051e+00	3.359555e+01	4.468684e+16
1739	7.424631e+15	5.110872e+00	3.096914e+01	4.522746e+16
1740	7.425325e+15	5.415125e+00	3.200449e+01	7.191614e+16
1741	7.426018e+15	5.811021e+00	3.342114e+01	8.546170e+16
1742	7.426688e+15	5.838990e+00	3.318575e+01	4.638068e+16
1743	7.427340e+15	5.552509e+00	3.204653e+01	6.057210e+16
1744	7.427990e+15	5.213763e+00	3.136744e+01	5.965892e+16
1745	7.428644e+15	5.154530e+00	3.326399e+01	6.624174e+16
1746	7.429278e+15	4.537591e+00	3.143391e+01	5.328013e+16
1747	7.429928e+15	4.475889e+00	3.234271e+01	4.905787e+16
1748	7.430571e+15	4.389388e+00	3.245514e+01	5.344196e+16
1749	7.431196e+15	4.408544e+00	3.074214e+01	4.259527e+16
1750	7.431832e+15	4.450090e+00	3.217255e+01	3.271198e+16
1751	7.432454e+15	3.554255e+00	2.757487e+01	6.337795e+16
1752	7.433138e+15	4.263938e+00	3.103334e+01	5.319184e+16
1753	7.433803e+15	4.139112e+00	2.870095e+01	4.937966e+16
1754	7.434471e+15	3.708100e+00	2.746867e+01	5.183549e+16
1755	7.435157e+15	4.076174e+00	2.909941e+01	7.787004e+16
1756	7.435826e+15	3.617024e+00	2.524890e+01	4.517024e+16
1757	7.436553e+15	3.832188e+00	2.540962e+01	5.751133e+16
1758	7.437324e+15	4.072256e+00	2.515282e+01	5.935043e+16
1759	7.438117e+15	4.148581e+00	2.516238e+01	3.956031e+16
1760	7.438914e+15	3.771420e+00	2.463158e+01	6.911755e+16
1761	7.439745e+15	4.067578e+00	2.736021e+01	7.691046e+16
1762	7.440556e+15	5.754830e+00	3.938136e+01	5.758762e+16
1763	7.441149e+15	2.734444e+00	2.123936e+01	7.154108e+16
1764	7.441860e+15	3.253268e+00	2.467752e+01	8.346529e+16
1765	7.442625e+15	3.753930e+00	2.667206e+01	6.814333e+16
1766	7.443410e+15	3.807522e+00	2.900604e+01	7.308707e+16
1767	7.444173e+15	3.429411e+00	2.823958e+01	7.352959e+16
1768	7.444926e+15	3.323576e+00	2.876182e+01	4.058065e+16
1769	7.445654e+15	3.215430e+00	2.868647e+01	5.537675e+16
1770	7.446359e+15	3.042758e+00	2.783244e+01	7.081278e+16
1771	7.447058e+15	2.898286e+00	2.591041e+01	4.610186e+16
1772	7.447797e+15	3.330641e+00	2.800743e+01	6.587509e+16
1773	7.448517e+15	3.425688e+00	2.781099e+01	3.684573e+16
1774	7.449219e+15	3.338291e+00	2.733398e+01	7.057103e+16
1775	7.449934e+15	4.006746e+00	3.064893e+01	6.883276e+16
1776	7.450600e+15	3.323468e+00	2.549340e+01	4.030699e+16
1777	7.451313e+15	4.051699e+00	2.931135e+01	5.033362e+16
1778	7.451996e+15	3.655179e+00	2.608407e+01	4.892378e+16
1779	7.452703e+15	3.456001e+00	2.508940e+01	4.316674e+16
1780	7.453456e+15	3.672138e+00	2.634872e+01	3.539913e+16
1781	7.454200e+15	3.595917e+00	2.542525e+01	3.380010e+16
1782	7.454935e+15	3.279359e+00	2.294851e+01	5.855189e+16
1783	7.455708e+15	3.598889e+00	2.439468e+01	8.235011e+16
1784	7.456465e+15	3.537254e+00	2.325789e+01	5.923397e+16
1785	7.457240e+15	3.770143e+00	2.359074e+01	5.547699e+16
1786	7.458006e+15	4.025537e+00	2.361631e+01	4.882999e+16
1787	7.458761e+15	4.038861e+00	2.348933e+01	5.198200e+16
1788	7.459545e+15	4.216492e+00	2.415321e+01	5.404322e+16
1789	7.460336e+15	4.799646e+00	2.700691e+01	4.534692e+16
1790	7.461055e+15	3.387908e+00	2.093599e+01	6.254254e+16
1791	7.461853e+15	3.677766e+00	2.388197e+01	4.558775e+16
1792	7.462655e+15	3.465200e+00	2.300037e+01	5.341672e+16
1793	7.463462e+15	3.215482e+00	2.298812e+01	4.280586e+16
1794	7.464267e+15	3.099494e+00	2.340529e+01	4.694280e+16
1795	7.465072e+15	2.956357e+00	2.318619e+01	5.606101e+16
1796	7.465875e+15	2.720065e+00	2.233490e+01	5.494702e+16
1797	7.466683e+15	2.422406e+00	2.154652e+01	4.596674e+16
1798	7.467507e+15	2.490474e+00	2.270556e+01	3.646794e+16
1799	7.468318e+15	2.476388e+00	2.215399e+01	3.683202e+16
1800	7.469135e+15	2.438184e+00	2.260881e+01	5.769825e+16
1801	7.469935e+15	2.273839e+00	2.082375e+01	4.368599e+16
1802	7.470711e+15	2.096918e+00	2.118962e+01	3.848632e+16
1803	7.471489e+15	2.161575e+00	2.163167e+01	6.737169e+16
1804	7.472266e+15	2.244882e+00	2.146522e+01	4.475682e+16
1805	7.473055e+15	2.358638e+00	2.204481e+01	4.604714e+16
1806	7.473843e+15	2.260994e+00	2.126732e+01	3.294609e+16
1807	7.474655e+15	2.301252e+00	2.223250e+01	4.599733e+16
1808	7.475464e+15	2.152565e+00	2.202659e+01	4.948023e+16
1809	7.476273e+15	2.025010e+00	2.195805e+01	4.212147e+16
1810	7.477089e+15	2.059899e+00	2.334204e+01	4.473334e+16
1811	7.477874e+15	1.931631e+00	2.166971e+01	3.374957e+16
1812	7.478668e+15	1.963183e+00	2.274620e+01	5.153337e+16
1813	7.479458e+15	1.917880e+00	2.278776e+01	5.382785e+16
1814	7.480242e+15	1.980124e+00	2.248162e+01	4.423523e+16
1815	7.481022e+15	2.033613e+00	2.262452e+01	3.661697e+16
1816	7.481795e+15	2.113099e+00	2.273220e+01	5.746879e+16
1817	7.482564e+15	2.026447e+00	2.268678e+01	6.154243e+16
1818	7.483345e+15	2.047276e+00	2.270672e+01	5.903615e+16
1819	7.484135e+15	2.033635e+00	2.343076e+01	4.355808e+16
1820	7.484920e+15	2.052294e+00	2.334467e+01	5.338665e+16
1821	7.485709e+15	2.053897e+00	2.387018e+01	5.596055e+16
1822	7.486503e+15	1.968123e+00	2.448858e+01	5.625138e+16
1823	7.487304e+15	1.927394e+00	2.432729e+01	7.227539e+16
1824	7.488117e+15	1.901055e+00	2.502956e+01	5.943010e+16
1825	7.488925e+15	1.829232e+00	2.504428e+01	7.516014e+16
1826	7.489726e+15	1.946760e+00	2.539656e+01	7.133482e+16
1827	7.490514e+15	1.977456e+00	2.506347e+01	8.764818e+16
1828	7.491300e+15	2.020862e+00	2.597911e+01	4.036742e+16
1829	7.492075e+15	2.055910e+00	2.384487e+01	7.930003e+16
1830	7.492871e+15	2.173280e+00	2.394817e+01	4.534805e+16
1831	7.493679e+15	2.435243e+00	2.467429e+01	6.404706e+16
1832	7.494478e+15	2.329123e+00	2.389275e+01	4.849947e+16
1833	7.495286e+15	2.477258e+00	2.519199e+01	4.204190e+16
1834	7.496064e+15	2.190934e+00	2.206620e+01	5.410634e+16
1835	7.496874e+15	2.317126e+00	2.365640e+01	3.013445e+16
1836	7.497676e+15	2.404677e+00	2.473934e+01	4.934888e+16
1837	7.498445e+15	2.045647e+00	2.226635e+01	6.259899e+16
1838	7.499245e+15	2.128173e+00	2.418557e+01	4.810846e+16
1839	7.500026e+15	2.215595e+00	2.479014e+01	3.769421e+16
1840	7.500791e+15	2.104607e+00	2.544749e+01	5.290969e+16
1841	7.501544e+15	2.053972e+00	2.610914e+01	7.431337e+16
1842	7.502276e+15	1.989045e+00	2.544402e+01	6.945309e+16
1843	7.503022e+15	2.098130e+00	2.464475e+01	5.505900e+16
1844	7.503802e+15	2.157246e+00	2.531418e+01	3.966776e+16
1845	7.504590e+15	2.145005e+00	2.397484e+01	5.256377e+16
1846	7.505391e+15	2.248561e+00	2.462112e+01	5.965656e+16
1847	7.506207e+15	2.807221e+00	2.807569e+01	4.861145e+16
1848	7.506937e+15	2.016526e+00	2.241878e+01	3.281129e+16
1849	7.507750e+15	2.645098e+00	2.482195e+01	5.628689e+16
1850	7.508530e+15	2.475060e+00	2.442329e+01	5.223272e+16
1851	7.509299e+15	2.099026e+00	2.309715e+01	4.873441e+16
1852	7.510110e+15	2.074023e+00	2.272918e+01	7.431175e+16
1853	7.510939e+15	2.435009e+00	2.481484e+01	5.248484e+16
1854	7.511733e+15	2.575785e+00	2.547952e+01	5.061475e+16
1855	7.512498e+15	2.385211e+00	2.502701e+01	3.351657e+16
1856	7.513248e+15	2.101339e+00	2.352656e+01	5.444471e+16
1857	7.514008e+15	2.024027e+00	2.314385e+01	5.372215e+16
1858	7.514779e+15	1.961643e+00	2.365203e+01	4.430683e+16
1859	7.515548e+15	2.056582e+00	2.422885e+01	5.256963e+16
1860	7.516311e+15	2.477054e+00	2.433149e+01	3.834093e+16
1861	7.517020e+15	2.278712e+00	2.207558e+01	3.421325e+16
1862	7.517742e+15	2.613709e+00	2.366494e+01	4.049501e+16
1863	7.518447e+15	2.270189e+00	2.221071e+01	4.369996e+16
1864	7.519182e+15	2.566392e+00	2.333215e+01	6.588535e+16
1865	7.519928e+15	2.928233e+00	2.451047e+01	5.849284e+16
1866	7.520670e+15	2.888336e+00	2.410839e+01	7.232594e+16
1867	7.521411e+15	2.763766e+00	2.375036e+01	3.523630e+16
1868	7.522163e+15	2.888156e+00	2.371305e+01	4.021188e+16
1869	7.522928e+15	3.116158e+00	2.406588e+01	3.246899e+16
1870	7.523685e+15	3.141297e+00	2.428948e+01	6.828720e+16
1871	7.524436e+15	3.119926e+00	2.389396e+01	6.512409e+16
1872	7.525201e+15	3.470696e+00	2.510775e+01	5.245273e+16
1873	7.525952e+15	3.323207e+00	2.388528e+01	5.800227e+16
1874	7.526719e+15	3.661779e+00	2.395573e+01	3.838097e+16
1875	7.527502e+15	4.035182e+00	2.479826e+01	4.952108e+16
1876	7.528273e+15	3.985864e+00	2.437050e+01	5.509027e+16
1877	7.529046e+15	4.101298e+00	2.425153e+01	5.095257e+16
1878	7.529818e+15	4.290226e+00	2.516694e+01	4.614950e+16
1879	7.530564e+15	3.903773e+00	2.319035e+01	5.325224e+16
1880	7.531342e+15	4.569468e+00	2.594317e+01	4.676033e+16
1881	7.532061e+15	3.713070e+00	2.235851e+01	4.601902e+16
1882	7.532826e+15	4.260917e+00	2.470531e+01	7.158971e+16
1883	7.533576e+15	4.652518e+00	2.652709e+01	5.316592e+16
1884	7.534292e+15	3.891236e+00	2.448819e+01	4.905588e+16
1885	7.535040e+15	4.240150e+00	2.659151e+01	6.196044e+16
1886	7.535777e+15	4.510356e+00	2.797688e+01	6.387832e+16
1887	7.536476e+15	4.373776e+00	2.759001e+01	6.422197e+16
1888	7.537156e+15	4.123993e+00	2.718585e+01	6.045172e+16
1889	7.537837e+15	4.125450e+00	2.644702e+01	6.983805e+16
1890	7.538519e+15	3.322259e+00	2.115291e+01	5.326182e+16
1891	7.539288e+15	4.076438e+00	2.506709e+01	4.645815e+16
1892	7.540042e+15	3.943117e+00	2.526627e+01	6.369663e+16
1893	7.540778e+15	4.063131e+00	2.445490e+01	7.255278e+16
1894	7.541506e+15	4.642753e+00	2.712204e+01	3.759940e+16
1895	7.542182e+15	3.806488e+00	2.371619e+01	6.543981e+16
1896	7.542896e+15	4.262730e+00	2.596561e+01	6.581231e+16
1897	7.543607e+15	4.452728e+00	2.659722e+01	7.280352e+16
1898	7.544309e+15	3.775236e+00	2.495970e+01	5.577689e+16
1899	7.545046e+15	4.054842e+00	2.737382e+01	6.363849e+16
1900	7.545768e+15	3.933203e+00	2.745341e+01	6.378749e+16
1901	7.546481e+15	3.673190e+00	2.670141e+01	7.604417e+16
1902	7.547211e+15	4.403144e+00	2.794700e+01	4.452396e+16
1903	7.547941e+15	3.552982e+00	2.357183e+01	5.412325e+16
1904	7.548741e+15	4.218600e+00	2.684543e+01	5.180294e+16
1905	7.549536e+15	4.638363e+00	2.895373e+01	7.436058e+16
1906	7.550287e+15	4.403514e+00	2.783467e+01	7.579406e+16
1907	7.551041e+15	4.953501e+00	3.108335e+01	6.292329e+16
1908	7.551756e+15	4.602120e+00	2.845195e+01	7.401943e+16
1909	7.552491e+15	5.143580e+00	2.959132e+01	9.633953e+16
1910	7.553218e+15	5.051595e+00	2.950519e+01	6.470353e+16
1911	7.553942e+15	5.266067e+00	2.885762e+01	7.093193e+16
1912	7.554668e+15	4.408563e+00	2.787167e+01	5.224182e+16
1913	7.555404e+15	4.961005e+00	2.949717e+01	5.783294e+16
1914	7.556126e+15	4.667936e+00	2.790602e+01	7.209306e+16
1915	7.556867e+15	4.751979e+00	2.775458e+01	5.369156e+16
1916	7.557619e+15	4.665013e+00	2.767564e+01	5.281148e+16
1917	7.558365e+15	4.275861e+00	2.640695e+01	5.157127e+16
1918	7.559133e+15	4.586463e+00	2.748166e+01	6.099181e+16
1919	7.559899e+15	4.381034e+00	2.690552e+01	4.015995e+16
1920	7.560678e+15	4.430735e+00	2.758743e+01	6.346628e+16
1921	7.561453e+15	5.124568e+00	2.734186e+01	4.513549e+16
1922	7.562226e+15	5.352235e+00	2.772709e+01	5.575933e+16
1923	7.562992e+15	5.496489e+00	2.748085e+01	6.865911e+16
1924	7.563759e+15	5.532918e+00	2.684553e+01	4.356181e+16
1925	7.564528e+15	5.475980e+00	2.714407e+01	4.259034e+16
1926	7.565294e+15	5.382409e+00	2.708610e+01	5.654521e+16
1927	7.566070e+15	5.873288e+00	2.778660e+01	5.104885e+16
1928	7.566841e+15	5.532187e+00	2.701031e+01	8.601427e+16
1929	7.567626e+15	5.761766e+00	2.690637e+01	5.990216e+16
1930	7.568422e+15	6.168969e+00	2.762019e+01	6.062451e+16
1931	7.569193e+15	5.689058e+00	2.609429e+01	4.947683e+16
1932	7.569974e+15	5.677453e+00	2.612481e+01	5.891787e+16
1933	7.570770e+15	5.854888e+00	2.746722e+01	4.671389e+16
1934	7.571551e+15	5.107833e+00	2.619297e+01	5.689914e+16
1935	7.572368e+15	5.599229e+00	2.931166e+01	7.315970e+16
1936	7.573150e+15	4.900552e+00	2.672488e+01	3.819594e+16
1937	7.573957e+15	5.384268e+00	2.855244e+01	3.804399e+16
1938	7.574756e+15	5.473152e+00	2.960617e+01	7.848169e+16
1939	7.575511e+15	4.644632e+00	2.720579e+01	7.674214e+16
1940	7.576295e+15	5.197160e+00	2.987211e+01	6.698580e+16
1941	7.577053e+15	4.732080e+00	2.838889e+01	7.112113e+16
1942	7.577822e+15	4.612033e+00	2.906545e+01	6.163820e+16
1943	7.578590e+15	6.331552e+00	3.888589e+01	5.850317e+16
1944	7.579190e+15	3.009842e+00	2.271349e+01	3.448999e+16
1945	7.579909e+15	3.890231e+00	2.819417e+01	6.970932e+16
1946	7.580650e+15	4.330742e+00	3.158151e+01	7.498431e+16
1947	7.581365e+15	3.514369e+00	2.867918e+01	4.626960e+16
1948	7.582119e+15	3.521550e+00	2.895334e+01	7.131154e+16
1949	7.582886e+15	3.446720e+00	2.894947e+01	3.856299e+16
1950	7.583665e+15	3.587484e+00	2.922916e+01	5.418032e+16
1951	7.584451e+15	3.778889e+00	2.953836e+01	6.854772e+16
1952	7.585238e+15	4.245585e+00	3.059916e+01	6.944387e+16
1953	7.586016e+15	4.234483e+00	2.974356e+01	4.316931e+16
1954	7.586809e+15	4.915501e+00	3.214996e+01	7.357553e+16
1955	7.587551e+15	4.172831e+00	2.683391e+01	5.864427e+16
1956	7.588343e+15	4.660532e+00	2.973033e+01	6.930857e+16
1957	7.589114e+15	4.539368e+00	2.833300e+01	8.032474e+16
1958	7.589890e+15	4.635213e+00	2.863838e+01	6.276965e+16
1959	7.590653e+15	4.345333e+00	2.808492e+01	6.287330e+16
1960	7.591414e+15	4.270888e+00	2.832886e+01	5.307385e+16
1961	7.592165e+15	4.287812e+00	2.845068e+01	5.950806e+16
1962	7.592912e+15	4.204918e+00	2.943545e+01	3.945593e+16
1963	7.593640e+15	3.818891e+00	2.779162e+01	7.096235e+16
1964	7.594386e+15	4.754476e+00	3.454713e+01	4.022743e+16
1965	7.595020e+15	2.847398e+00	2.303435e+01	5.395134e+16
1966	7.595763e+15	3.621150e+00	2.795743e+01	4.867802e+16
1967	7.596511e+15	3.706290e+00	2.782272e+01	5.398503e+16
1968	7.597267e+15	3.647579e+00	2.789016e+01	6.029166e+16
1969	7.598035e+15	4.566086e+00	3.051000e+01	3.987933e+16
1970	7.598736e+15	3.478663e+00	2.593910e+01	4.983242e+16
1971	7.599474e+15	3.822817e+00	2.829055e+01	3.770531e+16
1972	7.600206e+15	4.279842e+00	3.068272e+01	8.187551e+16
1973	7.600893e+15	3.721890e+00	2.746793e+01	6.886618e+16
1974	7.601615e+15	4.361509e+00	3.111462e+01	7.710347e+16
1975	7.602305e+15	4.155219e+00	2.944724e+01	6.136840e+16
1976	7.603014e+15	4.060368e+00	2.926838e+01	6.641807e+16
1977	7.603756e+15	4.005776e+00	3.013931e+01	4.302462e+16
1978	7.604517e+15	4.072082e+00	3.164997e+01	5.431760e+16
1979	7.605260e+15	3.522871e+00	3.013373e+01	5.246901e+16
1980	7.606009e+15	3.560009e+00	3.195152e+01	6.391286e+16
1981	7.606745e+15	3.539649e+00	3.291879e+01	7.392495e+16
1982	7.607460e+15	4.049994e+00	3.441999e+01	6.474949e+16
1983	7.608148e+15	3.692535e+00	3.328182e+01	7.643857e+16
1984	7.608839e+15	3.936411e+00	3.596900e+01	6.767483e+16
1985	7.609504e+15	3.891886e+00	3.576723e+01	6.130325e+16
1986	7.610155e+15	3.419037e+00	3.196108e+01	5.180286e+16
1987	7.610856e+15	4.217927e+00	3.401720e+01	7.328134e+16
1988	7.611562e+15	4.012912e+00	3.600162e+01	6.905262e+16
1989	7.612246e+15	3.888609e+00	3.385282e+01	6.273045e+16
1990	7.612936e+15	4.335401e+00	3.640102e+01	5.050693e+16
1991	7.613593e+15	4.064120e+00	3.495023e+01	6.012783e+16
1992	7.614247e+15	3.802127e+00	3.255529e+01	8.391160e+16
1993	7.614934e+15	4.317038e+00	3.547704e+01	9.532290e+16
1994	7.615604e+15	3.903640e+00	3.200244e+01	5.902155e+16
1995	7.616314e+15	4.792753e+00	3.552345e+01	7.563599e+16
1996	7.617000e+15	4.474326e+00	3.286897e+01	6.181713e+16
1997	7.617708e+15	4.833942e+00	3.427543e+01	9.211432e+16
1998	7.618411e+15	5.266086e+00	3.654767e+01	7.026635e+16
1999	7.619084e+15	5.451496e+00	3.656855e+01	5.702463e+16
2000	7.619727e+15	5.022639e+00	3.286176e+01	4.212759e+16
2001	7.620388e+15	5.365030e+00	3.401874e+01	6.753912e+16
2002	7.621054e+15	5.465027e+00	3.407182e+01	9.120596e+16
2003	7.621717e+15	5.565914e+00	3.321623e+01	9.695542e+16
2004	7.622397e+15	6.424360e+00	3.635950e+01	7.155085e+16
2005	7.623051e+15	5.425036e+00	3.158401e+01	6.928220e+16
2006	7.623753e+15	6.758870e+00	3.677418e+01	8.287003e+16
2007	7.624409e+15	5.249839e+00	3.048242e+01	8.223499e+16
2008	7.625113e+15	5.458548e+00	3.272226e+01	9.249060e+16
2009	7.625820e+15	5.348263e+00	3.279509e+01	7.426905e+16
2010	7.626516e+15	5.314777e+00	3.243555e+01	1.181279e+17
2011	7.627198e+15	4.452127e+00	2.572778e+01	7.169768e+16
2012	7.627954e+15	4.981850e+00	2.845046e+01	6.277078e+16
2013	7.628716e+15	5.240194e+00	3.069536e+01	4.908420e+16
2014	7.629432e+15	4.583123e+00	2.646383e+01	5.223843e+16
2015	7.630185e+15	5.143415e+00	2.969635e+01	2.970628e+16
2016	7.630900e+15	4.994188e+00	2.872162e+01	4.419893e+16
2017	7.631592e+15	4.476873e+00	2.631037e+01	2.432384e+16
2018	7.632319e+15	4.710463e+00	2.752688e+01	5.277002e+16
2019	7.633043e+15	4.967478e+00	2.766125e+01	4.609989e+16
2020	7.633758e+15	4.970854e+00	2.642957e+01	4.636649e+16
2021	7.634479e+15	4.973168e+00	2.416407e+01	2.754334e+16
2022	7.635239e+15	4.964978e+00	2.486966e+01	3.787492e+16
2023	7.635983e+15	4.377108e+00	2.253541e+01	4.145362e+16
2024	7.636759e+15	4.754050e+00	2.406018e+01	2.614076e+16
2025	7.637511e+15	4.186330e+00	2.434626e+01	3.184802e+16
2026	7.638229e+15	4.075826e+00	2.302617e+01	4.245241e+16
2027	7.638947e+15	4.240106e+00	2.207720e+01	3.821402e+16
2028	7.639649e+15	4.128332e+00	2.173084e+01	3.529986e+16
2029	7.640348e+15	4.080273e+00	2.265557e+01	4.457413e+16
2030	7.641040e+15	4.304606e+00	2.395905e+01	4.643561e+16
2031	7.641703e+15	3.998848e+00	2.179620e+01	4.762292e+16
2032	7.642398e+15	4.504459e+00	2.299419e+01	3.768955e+16
2033	7.643097e+15	4.823991e+00	2.369047e+01	3.893794e+16
2034	7.643797e+15	4.983003e+00	2.441107e+01	3.971418e+16
2035	7.644504e+15	5.131370e+00	2.453551e+01	7.252485e+16
2036	7.645213e+15	4.635885e+00	2.342158e+01	5.891666e+16
2037	7.645957e+15	4.883470e+00	2.492489e+01	6.660654e+16
2038	7.646702e+15	5.128701e+00	2.746016e+01	5.024281e+16
2039	7.647395e+15	4.242630e+00	2.404158e+01	5.585660e+16
2040	7.648138e+15	5.011836e+00	2.833135e+01	8.968897e+16
2041	7.648842e+15	4.471769e+00	2.575483e+01	7.280220e+16
2042	7.649564e+15	5.007804e+00	2.748478e+01	4.208819e+16
2043	7.650276e+15	4.908167e+00	2.686593e+01	5.605071e+16
2044	7.650992e+15	4.875777e+00	2.478717e+01	4.876749e+16
2045	7.651729e+15	5.584123e+00	2.707187e+01	6.215274e+16
2046	7.652439e+15	5.264586e+00	2.620155e+01	7.229227e+16
2047	7.653140e+15	5.027509e+00	2.531473e+01	6.755368e+16
2048	7.653849e+15	6.039776e+00	2.828739e+01	6.150515e+16
2049	7.654516e+15	4.901721e+00	2.503860e+01	4.433047e+16
2050	7.655219e+15	5.846977e+00	2.759599e+01	6.629967e+16
2051	7.655906e+15	5.054332e+00	2.554183e+01	4.282506e+16
2052	7.656631e+15	5.302925e+00	2.802720e+01	7.830279e+16
2053	7.657350e+15	5.687112e+00	2.949259e+01	3.300547e+16
2054	7.658041e+15	5.161305e+00	2.748392e+01	5.994178e+16
2055	7.658741e+15	5.474682e+00	2.903781e+01	4.111999e+16
2056	7.659417e+15	4.942475e+00	2.670524e+01	7.061160e+16
2057	7.660115e+15	5.363261e+00	2.830385e+01	6.206519e+16
2058	7.660804e+15	5.245729e+00	2.687622e+01	6.392685e+16
2059	7.661510e+15	5.566959e+00	2.717792e+01	5.949555e+16
2060	7.662225e+15	5.927128e+00	2.868838e+01	6.941602e+16
2061	7.662923e+15	5.703552e+00	2.754253e+01	6.351424e+16
2062	7.663624e+15	5.685937e+00	2.834879e+01	5.995219e+16
2063	7.664317e+15	5.972469e+00	3.027511e+01	7.773931e+16
2064	7.664978e+15	5.318037e+00	2.789178e+01	6.223976e+16
2065	7.665663e+15	5.860933e+00	3.096306e+01	6.900829e+16
2066	7.666333e+15	5.411918e+00	3.031079e+01	3.721000e+16
2067	7.667012e+15	5.265141e+00	3.148758e+01	5.797718e+16
2068	7.667688e+15	5.010929e+00	3.116593e+01	6.176628e+16
2069	7.668365e+15	4.633661e+00	2.989434e+01	5.845950e+16
2070	7.669064e+15	4.520766e+00	3.047109e+01	5.984238e+16
2071	7.669784e+15	5.295629e+00	3.402481e+01	4.440634e+16
2072	7.670475e+15	4.359259e+00	2.986490e+01	6.088125e+16
2073	7.671228e+15	4.835943e+00	3.351335e+01	8.630180e+16
2074	7.671970e+15	4.281997e+00	3.320787e+01	6.094029e+16
2075	7.672715e+15	4.441497e+00	3.406290e+01	7.317298e+16
2076	7.673446e+15	4.223286e+00	3.316938e+01	4.788253e+16
2077	7.674177e+15	4.027905e+00	3.370924e+01	6.072759e+16
2078	7.674904e+15	4.619178e+00	3.645388e+01	6.620190e+16
2079	7.675586e+15	4.274569e+00	3.194103e+01	4.119207e+16
2080	7.676306e+15	5.255979e+00	3.527213e+01	7.291572e+16
2081	7.677007e+15	5.118445e+00	3.397765e+01	7.128365e+16
2082	7.677708e+15	4.393888e+00	3.084013e+01	6.922826e+16
2083	7.678465e+15	5.525327e+00	3.588742e+01	8.855063e+16
2084	7.679172e+15	4.753900e+00	3.173548e+01	6.710326e+16
2085	7.679899e+15	4.706854e+00	3.259594e+01	3.628684e+16
2086	7.680626e+15	4.912715e+00	3.326570e+01	6.913215e+16
2087	7.681335e+15	4.611594e+00	3.076947e+01	4.349984e+16
2088	7.682080e+15	4.539546e+00	3.004538e+01	5.548800e+16
2089	7.682871e+15	4.727306e+00	3.164215e+01	5.332555e+16
2090	7.683653e+15	4.808308e+00	3.238174e+01	3.559335e+16
2091	7.684406e+15	4.570398e+00	3.160713e+01	6.712413e+16
2092	7.685146e+15	4.835988e+00	3.223313e+01	4.968902e+16
2093	7.685867e+15	4.374733e+00	2.964480e+01	3.215683e+16
2094	7.686618e+15	4.723846e+00	3.147957e+01	5.156208e+16
2095	7.687348e+15	4.442349e+00	3.005634e+01	4.628634e+16
2096	7.688085e+15	3.697558e+00	2.714340e+01	5.886504e+16
2097	7.688896e+15	4.502365e+00	3.112202e+01	5.862500e+16
2098	7.689680e+15	4.609763e+00	2.802221e+01	5.020348e+16
2099	7.690455e+15	4.067877e+00	2.664501e+01	3.675627e+16
2100	7.691263e+15	3.989902e+00	2.874625e+01	6.732907e+16
2101	7.692057e+15	3.542175e+00	2.779821e+01	5.472597e+16
2102	7.692855e+15	3.562364e+00	2.842531e+01	3.694597e+16
2103	7.693629e+15	3.439939e+00	2.874136e+01	4.509955e+16
2104	7.694379e+15	3.860820e+00	2.842414e+01	5.910269e+16
2105	7.695129e+15	3.971599e+00	2.896665e+01	4.685403e+16
2106	7.695880e+15	3.747296e+00	2.705734e+01	4.940556e+16
2107	7.696655e+15	3.708327e+00	2.788761e+01	6.410735e+16
2108	7.697438e+15	3.324773e+00	2.643020e+01	6.457032e+16
2109	7.698255e+15	3.901956e+00	2.793337e+01	5.357214e+16
2110	7.699047e+15	3.375043e+00	2.514028e+01	3.900227e+16
2111	7.699880e+15	3.594748e+00	2.671615e+01	3.416280e+16
2112	7.700704e+15	3.447703e+00	2.574768e+01	5.632021e+16
2113	7.701551e+15	3.396150e+00	2.623700e+01	5.552826e+16
2114	7.702402e+15	3.660009e+00	2.769930e+01	4.224012e+16
2115	7.703212e+15	3.485983e+00	2.749994e+01	5.714530e+16
2116	7.704021e+15	4.026903e+00	2.952886e+01	6.356958e+16
2117	7.704785e+15	3.777256e+00	2.819448e+01	3.755364e+16
2118	7.705566e+15	4.483483e+00	3.423209e+01	7.592991e+16
2119	7.706242e+15	3.418970e+00	2.541289e+01	4.865519e+16
2120	7.706964e+15	3.574005e+00	2.582248e+01	4.358525e+16
2121	7.707747e+15	4.260060e+00	2.993124e+01	5.076631e+16
2122	7.708498e+15	3.706423e+00	2.657805e+01	4.722080e+16
2123	7.709269e+15	3.536832e+00	2.595522e+01	4.414680e+16
2124	7.710071e+15	4.032582e+00	2.971795e+01	5.248786e+16
2125	7.710824e+15	3.159505e+00	2.525540e+01	5.043308e+16
2126	7.711628e+15	3.492994e+00	2.664854e+01	6.650219e+16
2127	7.712445e+15	3.509648e+00	2.737246e+01	5.568202e+16
2128	7.713251e+15	3.682571e+00	2.776468e+01	5.939857e+16
2129	7.714046e+15	3.808493e+00	2.825235e+01	6.480435e+16
2130	7.714835e+15	4.205240e+00	2.966243e+01	6.974712e+16
2131	7.715583e+15	4.281990e+00	2.833091e+01	4.788722e+16
2132	7.716341e+15	4.813892e+00	2.914220e+01	5.218093e+16
2133	7.717093e+15	4.850048e+00	2.919381e+01	8.301214e+16
2134	7.717847e+15	5.151932e+00	3.084228e+01	4.491308e+16
2135	7.718563e+15	4.273148e+00	2.842483e+01	6.939017e+16
2136	7.719293e+15	4.542867e+00	2.967370e+01	5.870725e+16
2137	7.719998e+15	4.030822e+00	2.768634e+01	5.097713e+16
2138	7.720702e+15	4.041301e+00	2.800303e+01	4.876969e+16
2139	7.721410e+15	4.526393e+00	3.152954e+01	5.824425e+16
2140	7.722072e+15	3.437422e+00	2.488396e+01	4.411931e+16
2141	7.722830e+15	4.168921e+00	2.848853e+01	7.849573e+16
2142	7.723607e+15	4.807510e+00	3.088273e+01	6.264060e+16
2143	7.724352e+15	4.786985e+00	2.855113e+01	3.904175e+16
2144	7.725109e+15	4.583745e+00	2.803781e+01	7.254996e+16
2145	7.725881e+15	5.183560e+00	3.051008e+01	5.135257e+16
2146	7.726612e+15	4.771820e+00	2.791804e+01	5.608484e+16
2147	7.727357e+15	5.191012e+00	2.946639e+01	7.103785e+16
2148	7.728073e+15	5.238013e+00	2.972330e+01	4.460857e+16
2149	7.728762e+15	4.829074e+00	2.765084e+01	3.931446e+16
2150	7.729470e+15	5.331971e+00	2.936087e+01	4.524496e+16
2151	7.730164e+15	5.364431e+00	2.757548e+01	4.376825e+16
2152	7.730881e+15	6.350416e+00	2.983237e+01	6.993480e+16
2153	7.731566e+15	4.987506e+00	2.609720e+01	3.486882e+16
2154	7.732292e+15	5.021975e+00	2.753172e+01	5.394603e+16
2155	7.733023e+15	5.158519e+00	2.784695e+01	3.916573e+16
2156	7.733740e+15	4.018550e+00	2.400699e+01	3.074283e+16
2157	7.734509e+15	4.406528e+00	2.641424e+01	3.211167e+16
2158	7.735274e+15	3.770132e+00	2.661953e+01	6.719993e+16
2159	7.736030e+15	4.129904e+00	2.872724e+01	5.198720e+16
2160	7.736744e+15	4.085720e+00	2.664911e+01	5.718168e+16
2161	7.737472e+15	4.348936e+00	2.691292e+01	4.205784e+16
2162	7.738211e+15	4.813425e+00	2.786245e+01	3.976239e+16
2163	7.738936e+15	4.478424e+00	2.597896e+01	2.923527e+16
2164	7.739693e+15	5.225374e+00	2.822739e+01	3.625853e+16
2165	7.740424e+15	4.630560e+00	2.549373e+01	4.686071e+16
2166	7.741186e+15	5.146356e+00	2.712390e+01	4.669444e+16
2167	7.741929e+15	4.767241e+00	2.489597e+01	3.420389e+16
2168	7.742692e+15	5.034303e+00	2.511705e+01	3.541713e+16
2169	7.743459e+15	5.483465e+00	2.618279e+01	4.165083e+16
2170	7.744200e+15	4.973910e+00	2.353071e+01	2.806026e+16
2171	7.744973e+15	4.986023e+00	2.383528e+01	4.558052e+16
2172	7.745749e+15	4.958943e+00	2.327343e+01	4.170117e+16
2173	7.746548e+15	5.484199e+00	2.491943e+01	5.349668e+16
2174	7.747321e+15	5.588457e+00	2.409639e+01	3.701949e+16
2175	7.748083e+15	5.991739e+00	2.430704e+01	4.728103e+16
2176	7.748838e+15	6.678835e+00	2.463877e+01	3.962411e+16
2177	7.749574e+15	6.677556e+00	2.398202e+01	4.470376e+16
2178	7.750296e+15	7.162683e+00	2.462046e+01	3.179602e+16
2179	7.750991e+15	6.708666e+00	2.455615e+01	3.403779e+16
2180	7.751673e+15	5.713011e+00	2.211041e+01	4.412765e+16
2181	7.752403e+15	6.887437e+00	2.555751e+01	5.109778e+16
2182	7.753096e+15	5.797954e+00	2.276760e+01	4.992336e+16
2183	7.753818e+15	5.973936e+00	2.410966e+01	4.008577e+16
2184	7.754540e+15	6.217260e+00	2.568667e+01	4.778962e+16
2185	7.755222e+15	5.389591e+00	2.293389e+01	4.236798e+16
2186	7.755929e+15	5.284810e+00	2.251440e+01	2.259821e+16
2187	7.756663e+15	5.488211e+00	2.310228e+01	5.887378e+16
2188	7.757403e+15	6.548694e+00	2.436018e+01	4.567935e+16
2189	7.758108e+15	7.127379e+00	2.450002e+01	3.494676e+16
2190	7.758783e+15	6.762116e+00	2.286547e+01	5.188598e+16
2191	7.759471e+15	7.615780e+00	2.474745e+01	6.134287e+16
2192	7.760140e+15	7.491631e+00	2.497148e+01	4.283178e+16
2193	7.760790e+15	6.586539e+00	2.364476e+01	7.033630e+16
2194	7.761460e+15	7.374305e+00	2.629336e+01	5.953448e+16
2195	7.762109e+15	7.145743e+00	2.479193e+01	5.323888e+16
2196	7.762774e+15	7.239023e+00	2.587715e+01	3.709856e+16
2197	7.763425e+15	6.492830e+00	2.355433e+01	4.694303e+16
2198	7.764129e+15	6.515641e+00	2.615617e+01	7.593314e+16
2199	7.764843e+15	6.687868e+00	2.741298e+01	7.072879e+16
2200	7.765545e+15	5.991511e+00	2.589850e+01	8.885632e+16
2201	7.766280e+15	6.368128e+00	2.763633e+01	5.008142e+16
2202	7.767011e+15	6.221227e+00	2.814793e+01	6.498744e+16
2203	7.767736e+15	5.919510e+00	2.802485e+01	6.434503e+16
2204	7.768465e+15	6.448355e+00	2.949689e+01	6.898632e+16
2205	7.769174e+15	6.634400e+00	2.894635e+01	5.268052e+16
2206	7.769885e+15	7.094957e+00	2.917852e+01	6.621915e+16
2207	7.770592e+15	6.926114e+00	2.942688e+01	5.701202e+16
2208	7.771301e+15	6.411912e+00	3.029564e+01	5.233806e+16
2209	7.771995e+15	5.902100e+00	2.895014e+01	6.295892e+16
2210	7.772710e+15	6.379157e+00	3.077562e+01	5.956401e+16
2211	7.773409e+15	5.007611e+00	2.572918e+01	3.931261e+16
2212	7.774193e+15	5.903452e+00	3.065990e+01	4.424655e+16
2213	7.774957e+15	5.700347e+00	3.079133e+01	5.839697e+16
2214	7.775719e+15	6.202623e+00	3.251353e+01	6.964443e+16
2215	7.776450e+15	5.612844e+00	3.126398e+01	4.858147e+16
2216	7.777171e+15	5.160587e+00	2.943858e+01	5.012722e+16
2217	7.777924e+15	5.534300e+00	3.174973e+01	5.760247e+16
2218	7.778659e+15	4.998203e+00	3.055523e+01	6.300396e+16
2219	7.779406e+15	4.918333e+00	3.136032e+01	4.904935e+16
2220	7.780157e+15	5.180059e+00	3.174470e+01	8.324389e+16
2221	7.780901e+15	5.621131e+00	3.217031e+01	1.076509e+17
2222	7.781630e+15	5.568870e+00	3.227146e+01	8.412220e+16
2223	7.782347e+15	5.306064e+00	3.044816e+01	6.606072e+16
2224	7.783087e+15	5.167561e+00	2.912009e+01	7.465833e+16
2225	7.783852e+15	5.006257e+00	2.971453e+01	5.610170e+16
2226	7.784610e+15	4.409873e+00	2.930099e+01	6.292644e+16
2227	7.785391e+15	4.993408e+00	3.102546e+01	7.235458e+16
2228	7.786153e+15	4.746035e+00	3.005498e+01	5.117346e+16
2229	7.786928e+15	4.998216e+00	3.247321e+01	7.144571e+16
2230	7.787665e+15	4.083166e+00	2.859406e+01	8.597150e+16
2231	7.788452e+15	4.625692e+00	3.105627e+01	8.830552e+16
2232	7.789224e+15	4.636171e+00	3.132962e+01	6.665222e+16
2233	7.789970e+15	4.159866e+00	2.812227e+01	5.861547e+16
2234	7.790753e+15	4.797429e+00	3.027799e+01	7.630783e+16
2235	7.791508e+15	4.871545e+00	3.000556e+01	6.746415e+16
2236	7.792243e+15	4.971461e+00	2.918726e+01	6.030836e+16
2237	7.792973e+15	4.686577e+00	2.857824e+01	3.797548e+16
2238	7.793708e+15	4.450401e+00	2.786521e+01	4.124660e+16
2239	7.794446e+15	4.312385e+00	2.736781e+01	4.744717e+16
2240	7.795171e+15	3.996669e+00	2.669173e+01	2.989379e+16
2241	7.795887e+15	4.008387e+00	2.629155e+01	3.680644e+16
2242	7.796596e+15	3.931866e+00	2.477938e+01	3.396434e+16
2243	7.797323e+15	4.272180e+00	2.504192e+01	3.705090e+16
2244	7.798053e+15	4.266399e+00	2.423563e+01	3.389888e+16
2245	7.798793e+15	4.347449e+00	2.368333e+01	3.593209e+16
2246	7.799542e+15	4.272433e+00	2.311381e+01	3.817235e+16
2247	7.800300e+15	4.271684e+00	2.218500e+01	4.377163e+16
2248	7.801079e+15	4.151815e+00	1.877028e+01	2.468943e+16
2249	7.801866e+15	4.041987e+00	1.894339e+01	3.415051e+16
2250	7.802649e+15	4.045975e+00	1.944048e+01	3.109855e+16
2251	7.803405e+15	3.695351e+00	1.735819e+01	3.169700e+16
2252	7.804199e+15	4.510962e+00	2.003903e+01	3.011730e+16
2253	7.804949e+15	3.673780e+00	1.726427e+01	3.411551e+16
2254	7.805751e+15	4.148033e+00	1.887020e+01	4.188904e+16
2255	7.806551e+15	4.486593e+00	1.952660e+01	3.851352e+16
2256	7.807328e+15	4.387605e+00	1.973404e+01	2.782038e+16
2257	7.808100e+15	3.997985e+00	1.915815e+01	3.119744e+16
2258	7.808890e+15	4.068229e+00	1.899978e+01	3.978737e+16
2259	7.809674e+15	3.691145e+00	1.931435e+01	2.839909e+16
2260	7.810453e+15	3.675305e+00	2.031084e+01	5.260318e+16
2261	7.811223e+15	3.931873e+00	2.076919e+01	3.779508e+16
2262	7.811987e+15	3.739066e+00	2.148113e+01	3.738666e+16
2263	7.812745e+15	3.564269e+00	2.182396e+01	4.405933e+16
2264	7.813496e+15	3.407816e+00	2.094120e+01	5.430317e+16
2265	7.814256e+15	4.017046e+00	2.146640e+01	2.579798e+16
2266	7.815001e+15	4.104470e+00	2.094308e+01	5.266699e+16
2267	7.815765e+15	4.432049e+00	2.134269e+01	6.718970e+16
2268	7.816543e+15	4.644717e+00	2.259137e+01	4.627506e+16
2269	7.817288e+15	3.919031e+00	2.111166e+01	5.688080e+16
2270	7.818045e+15	4.146324e+00	2.190537e+01	4.987349e+16
2271	7.818778e+15	3.972518e+00	1.943924e+01	3.749195e+16
2272	7.819522e+15	4.041094e+00	2.007144e+01	5.116269e+16
2273	7.820253e+15	3.972962e+00	1.867116e+01	3.738069e+16
2274	7.821003e+15	4.752883e+00	1.953166e+01	3.291931e+16
2275	7.821718e+15	4.836172e+00	2.023707e+01	6.306898e+16
2276	7.822429e+15	4.713638e+00	1.978352e+01	5.462985e+16
2277	7.823171e+15	5.558368e+00	1.996292e+01	5.238613e+16
2278	7.823891e+15	5.400895e+00	2.111644e+01	5.123785e+16
2279	7.824613e+15	5.961979e+00	2.457839e+01	4.155602e+16
2280	7.825294e+15	5.947881e+00	2.441599e+01	5.490810e+16
2281	7.825956e+15	5.674376e+00	2.380156e+01	5.153479e+16
2282	7.826639e+15	6.335241e+00	2.683290e+01	4.299274e+16
2283	7.827299e+15	5.624588e+00	2.497941e+01	7.584137e+16
2284	7.827983e+15	6.264335e+00	2.763571e+01	7.297185e+16
2285	7.828636e+15	5.728634e+00	2.615750e+01	5.711665e+16
2286	7.829295e+15	5.911459e+00	2.646830e+01	5.579551e+16
2287	7.829947e+15	5.721427e+00	2.639488e+01	4.454194e+16
2288	7.830590e+15	5.632436e+00	2.561134e+01	4.298970e+16
2289	7.831261e+15	6.804380e+00	3.001668e+01	6.124954e+16
2290	7.831880e+15	5.956705e+00	2.619922e+01	7.704358e+16
2291	7.832519e+15	5.682967e+00	2.499133e+01	4.773806e+16
2292	7.833199e+15	6.833702e+00	2.764053e+01	3.971115e+16
2293	7.833868e+15	7.178963e+00	2.686399e+01	5.961964e+16
2294	7.834554e+15	6.773669e+00	2.471116e+01	5.382566e+16
2295	7.835300e+15	8.194931e+00	2.756446e+01	6.127950e+16
2296	7.836044e+15	8.174375e+00	2.724067e+01	7.096352e+16
2297	7.836798e+15	8.129952e+00	2.714577e+01	4.939738e+16
2298	7.837566e+15	8.447098e+00	2.921483e+01	8.702838e+16
2299	7.838315e+15	8.341111e+00	2.790728e+01	8.789916e+16
2300	7.839082e+15	9.034466e+00	2.836825e+01	7.104895e+16
2301	7.839862e+15	8.942183e+00	2.941138e+01	6.225834e+16
2302	7.840627e+15	8.618779e+00	2.853975e+01	5.881405e+16
2303	7.841398e+15	8.287947e+00	2.825463e+01	5.984767e+16
2304	7.842178e+15	9.447392e+00	3.158429e+01	7.698863e+16
2305	7.842891e+15	7.137821e+00	2.564515e+01	6.495558e+16
2306	7.843695e+15	9.040076e+00	3.138063e+01	7.416286e+16
2307	7.844452e+15	7.746239e+00	2.866872e+01	5.834606e+16
2308	7.845211e+15	7.629708e+00	2.942910e+01	5.847900e+16
2309	7.845977e+15	8.372187e+00	3.183223e+01	6.531084e+16
2310	7.846715e+15	7.102586e+00	2.768292e+01	5.480143e+16
2311	7.847513e+15	8.263932e+00	3.202550e+01	6.811816e+16
2312	7.848282e+15	8.122682e+00	3.270511e+01	8.399168e+16
2313	7.849032e+15	7.792012e+00	3.172251e+01	9.217160e+16
2314	7.849777e+15	7.741336e+00	3.295062e+01	4.324683e+16
2315	7.850492e+15	7.054676e+00	3.062623e+01	7.398162e+16
2316	7.851203e+15	6.929632e+00	3.017914e+01	4.147221e+16
2317	7.851915e+15	6.778465e+00	2.898050e+01	7.138126e+16
2318	7.852646e+15	7.741735e+00	2.949937e+01	5.153258e+16
2319	7.853339e+15	6.118354e+00	2.374535e+01	3.663421e+16
2320	7.854111e+15	7.414935e+00	2.629097e+01	5.745334e+16
2321	7.854874e+15	7.757872e+00	2.753089e+01	2.867327e+16
2322	7.855600e+15	7.474945e+00	2.547382e+01	3.707748e+16
2323	7.856316e+15	6.419917e+00	2.261441e+01	2.924253e+16
2324	7.857070e+15	6.596557e+00	2.281136e+01	3.255423e+16
2325	7.857842e+15	6.636659e+00	2.361737e+01	2.683346e+16
2326	7.858609e+15	6.856547e+00	2.462897e+01	3.492934e+16
2327	7.859346e+15	7.028343e+00	2.364446e+01	3.654947e+16
2328	7.860084e+15	7.575463e+00	2.387369e+01	3.205512e+16
2329	7.860825e+15	7.538790e+00	2.339654e+01	3.593941e+16
2330	7.861585e+15	7.467035e+00	2.464813e+01	3.586591e+16
2331	7.862330e+15	6.905430e+00	2.428328e+01	3.740564e+16
2332	7.863062e+15	6.329876e+00	2.301313e+01	3.094225e+16
2333	7.863814e+15	5.938609e+00	2.223867e+01	3.717599e+16
2334	7.864593e+15	6.232967e+00	2.284884e+01	3.899817e+16
2335	7.865363e+15	6.213870e+00	2.216910e+01	2.317997e+16
2336	7.866136e+15	6.242189e+00	2.240830e+01	3.462211e+16
2337	7.866898e+15	6.321278e+00	2.260466e+01	3.272130e+16
2338	7.867635e+15	4.746686e+00	1.976021e+01	1.860460e+16
2339	7.868408e+15	4.894984e+00	2.026429e+01	2.639129e+16
2340	7.869183e+15	5.047839e+00	2.022871e+01	1.051926e+16
2341	7.869955e+15	5.306754e+00	2.070852e+01	3.094457e+16
2342	7.870712e+15	5.341630e+00	2.031085e+01	2.887158e+16
2343	7.871469e+15	5.648760e+00	2.075229e+01	3.489154e+16
2344	7.872217e+15	5.917561e+00	2.078544e+01	3.877832e+16
2345	7.872944e+15	5.781176e+00	1.992608e+01	5.329334e+16
2346	7.873676e+15	6.184925e+00	2.119818e+01	3.735009e+16
2347	7.874390e+15	6.094094e+00	2.049734e+01	3.715405e+16
2348	7.875113e+15	6.476919e+00	2.118939e+01	4.773134e+16
2349	7.875841e+15	6.851630e+00	2.190852e+01	4.350866e+16
2350	7.876562e+15	6.533410e+00	2.150387e+01	3.480515e+16
2351	7.877295e+15	6.850628e+00	2.227685e+01	3.741594e+16
2352	7.878030e+15	7.292280e+00	2.307191e+01	4.012555e+16
2353	7.878756e+15	7.265839e+00	2.263878e+01	4.358497e+16
2354	7.879495e+15	8.079792e+00	2.501647e+01	6.383351e+16
2355	7.880186e+15	6.498956e+00	2.130110e+01	7.330981e+16
2356	7.880932e+15	8.499036e+00	2.468707e+01	6.378552e+16
2357	7.881645e+15	8.234255e+00	2.319737e+01	3.632265e+16
2358	7.882373e+15	9.056693e+00	2.335156e+01	5.233629e+16
2359	7.883110e+15	9.383675e+00	2.402507e+01	4.157570e+16
2360	7.883841e+15	9.473826e+00	2.386608e+01	5.427289e+16
2361	7.884571e+15	9.779760e+00	2.506865e+01	5.501388e+16
2362	7.885282e+15	9.580436e+00	2.548435e+01	3.971431e+16
2363	7.885977e+15	9.198401e+00	2.474256e+01	4.244678e+16
2364	7.886682e+15	9.271806e+00	2.533536e+01	7.448440e+16
2365	7.887381e+15	9.387711e+00	2.579705e+01	4.841954e+16
2366	7.888067e+15	8.693973e+00	2.393768e+01	5.039412e+16
2367	7.888779e+15	9.206249e+00	2.504025e+01	5.124541e+16
2368	7.889482e+15	8.326471e+00	2.305842e+01	3.360404e+16
2369	7.890228e+15	8.655200e+00	2.471277e+01	4.194991e+16
2370	7.890986e+15	9.902819e+00	2.729023e+01	7.032717e+16
2371	7.891682e+15	7.834470e+00	2.298405e+01	5.105149e+16
2372	7.892414e+15	8.709154e+00	2.484445e+01	5.086837e+16
2373	7.893134e+15	8.226314e+00	2.408048e+01	5.260787e+16
2374	7.893862e+15	8.169943e+00	2.446883e+01	4.475342e+16
2375	7.894583e+15	7.688562e+00	2.375503e+01	4.076026e+16
2376	7.895320e+15	7.787231e+00	2.387535e+01	3.263581e+16
2377	7.896065e+15	7.467668e+00	2.322129e+01	4.944489e+16
2378	7.896826e+15	7.328115e+00	2.356723e+01	3.735702e+16
2379	7.897591e+15	7.574354e+00	2.385910e+01	6.551034e+16
2380	7.898346e+15	7.259039e+00	2.288824e+01	2.951705e+16
2381	7.899112e+15	7.196268e+00	2.293510e+01	3.502652e+16
2382	7.899888e+15	7.734042e+00	2.369768e+01	4.091707e+16
2383	7.900640e+15	7.615158e+00	2.376114e+01	3.680253e+16
2384	7.901373e+15	6.975489e+00	2.184881e+01	3.467816e+16
2385	7.902129e+15	7.834843e+00	2.364529e+01	4.918249e+16
2386	7.902849e+15	7.242753e+00	2.216282e+01	3.621216e+16
2387	7.903569e+15	7.542272e+00	2.273441e+01	2.981490e+16
2388	7.904280e+15	7.226679e+00	2.140643e+01	3.542471e+16
2389	7.905010e+15	6.570380e+00	2.085839e+01	4.811406e+16
2390	7.905758e+15	7.120009e+00	2.206941e+01	3.645786e+16
2391	7.906474e+15	5.944643e+00	2.061862e+01	4.557423e+16
2392	7.907217e+15	6.229929e+00	2.120541e+01	3.888435e+16
2393	7.907963e+15	6.077997e+00	2.072379e+01	2.999750e+16
2394	7.908723e+15	6.809073e+00	2.249191e+01	2.898330e+16
2395	7.909451e+15	6.311599e+00	2.149203e+01	3.203942e+16
2396	7.910187e+15	6.122232e+00	2.079272e+01	3.516435e+16
2397	7.910955e+15	6.817652e+00	2.190876e+01	3.965595e+16
2398	7.911720e+15	6.564679e+00	2.115347e+01	2.846056e+16
2399	7.912501e+15	6.650281e+00	2.123599e+01	3.340099e+16
2400	7.913296e+15	6.258329e+00	2.047059e+01	4.545703e+16
2401	7.914127e+15	7.308809e+00	2.153854e+01	5.460007e+16
2402	7.914944e+15	7.567171e+00	2.163286e+01	3.656414e+16
2403	7.915755e+15	8.146015e+00	2.210553e+01	3.065762e+16
2404	7.916548e+15	8.642936e+00	2.229353e+01	4.904646e+16
2405	7.917320e+15	9.185408e+00	2.197185e+01	4.810232e+16
2406	7.918089e+15	1.033484e+01	2.248747e+01	4.671588e+16
2407	7.918836e+15	9.657708e+00	2.092586e+01	3.720986e+16
2408	7.919605e+15	9.693329e+00	2.201517e+01	2.974597e+16
2409	7.920357e+15	9.169809e+00	2.089380e+01	2.540545e+16
2410	7.921103e+15	8.987320e+00	2.014582e+01	4.423668e+16
2411	7.921868e+15	9.473858e+00	2.129709e+01	3.954794e+16
2412	7.922625e+15	1.023123e+01	2.196667e+01	4.689676e+16
2413	7.923365e+15	1.014853e+01	2.165973e+01	4.241562e+16
2414	7.924102e+15	9.324283e+00	2.041279e+01	4.941775e+16
2415	7.924877e+15	1.022328e+01	2.135451e+01	2.013407e+16
2416	7.925638e+15	9.787418e+00	1.978321e+01	3.407908e+16
2417	7.926387e+15	9.405465e+00	1.896684e+01	1.868897e+16
2418	7.927120e+15	9.473758e+00	1.910160e+01	2.583976e+16
2419	7.927833e+15	8.478131e+00	1.815194e+01	3.596730e+16
2420	7.928578e+15	8.283358e+00	1.901347e+01	3.534198e+16
2421	7.929325e+15	7.272172e+00	1.856306e+01	2.785226e+16
2422	7.930088e+15	6.917630e+00	1.907955e+01	5.966474e+16
2423	7.930840e+15	6.532823e+00	1.936692e+01	3.376787e+16
2424	7.931587e+15	6.415550e+00	1.980748e+01	5.051251e+16
2425	7.932328e+15	6.244137e+00	1.996164e+01	3.489526e+16
2426	7.933059e+15	5.427527e+00	1.941585e+01	4.027042e+16
2427	7.933795e+15	5.160293e+00	2.060534e+01	4.454959e+16
2428	7.934521e+15	5.050532e+00	1.846057e+01	3.987027e+16
2429	7.935256e+15	4.559649e+00	1.777175e+01	3.424098e+16
2430	7.936027e+15	4.721153e+00	1.920785e+01	3.491945e+16
2431	7.936791e+15	4.879256e+00	1.992761e+01	5.755376e+16
2432	7.937541e+15	4.696289e+00	1.923342e+01	5.705864e+16
2433	7.938291e+15	4.607244e+00	1.878626e+01	4.118476e+16
2434	7.939043e+15	3.922370e+00	1.750407e+01	3.231315e+16
2435	7.939834e+15	4.383993e+00	1.956686e+01	3.369140e+16
2436	7.940588e+15	3.588541e+00	1.757595e+01	3.904575e+16
2437	7.941373e+15	4.078892e+00	1.897942e+01	3.745205e+16
2438	7.942128e+15	4.266287e+00	1.953906e+01	4.142664e+16
2439	7.942843e+15	4.332689e+00	1.883957e+01	4.580897e+16
2440	7.943560e+15	4.592832e+00	1.885060e+01	4.958038e+16
2441	7.944291e+15	4.733548e+00	1.775296e+01	5.311241e+16
2442	7.945055e+15	5.425220e+00	1.894769e+01	2.422599e+16
2443	7.945795e+15	5.239719e+00	1.784583e+01	2.138031e+16
2444	7.946562e+15	5.248010e+00	1.786698e+01	3.438855e+16
2445	7.947351e+15	4.927179e+00	1.635766e+01	2.047313e+16
2446	7.948180e+15	5.443986e+00	1.773939e+01	3.189873e+16
2447	7.948999e+15	5.699690e+00	1.816820e+01	3.612677e+16
2448	7.949785e+15	5.255698e+00	1.647942e+01	2.478450e+16
2449	7.950581e+15	5.830021e+00	1.755661e+01	2.979213e+16
2450	7.951336e+15	4.929257e+00	1.539835e+01	3.016648e+16
2451	7.952139e+15	5.819880e+00	1.686861e+01	4.169797e+16
2452	7.952914e+15	5.910318e+00	1.705090e+01	3.036853e+16
2453	7.953650e+15	4.931098e+00	1.521379e+01	1.645154e+16
2454	7.954424e+15	5.730809e+00	1.680476e+01	2.806855e+16
2455	7.955192e+15	5.871842e+00	1.665414e+01	3.410519e+16
2456	7.955941e+15	5.534266e+00	1.562817e+01	1.475796e+16
2457	7.956695e+15	5.576546e+00	1.537341e+01	2.188502e+16
2458	7.957458e+15	5.542843e+00	1.482886e+01	2.970924e+16
2459	7.958249e+15	5.618523e+00	1.448572e+01	4.036062e+16
2460	7.959057e+15	5.791427e+00	1.435816e+01	2.078823e+16
2461	7.959859e+15	5.974267e+00	1.412498e+01	2.937341e+16
2462	7.960667e+15	6.319965e+00	1.452796e+01	2.362323e+16
2463	7.961466e+15	5.639189e+00	1.437125e+01	3.016214e+16
2464	7.962266e+15	5.790664e+00	1.484070e+01	3.648513e+16
2465	7.963068e+15	5.583840e+00	1.473879e+01	3.456352e+16
2466	7.963891e+15	8.364083e+00	2.052515e+01	4.480379e+16
2467	7.964528e+15	4.247257e+00	1.199708e+01	3.206918e+16
2468	7.965293e+15	5.271318e+00	1.466036e+01	3.312326e+16
2469	7.966097e+15	5.846766e+00	1.567463e+01	6.084137e+16
2470	7.966898e+15	5.915266e+00	1.501895e+01	3.415950e+16
2471	7.967718e+15	6.213633e+00	1.522805e+01	4.151089e+16
2472	7.968542e+15	6.529308e+00	1.576790e+01	3.511210e+16
2473	7.969351e+15	6.136769e+00	1.563262e+01	3.966667e+16
2474	7.970172e+15	5.716522e+00	1.458631e+01	3.105476e+16
2475	7.971037e+15	6.789923e+00	1.663907e+01	3.450745e+16
2476	7.971851e+15	6.283732e+00	1.645638e+01	2.297145e+16
2477	7.972653e+15	6.492114e+00	1.739304e+01	4.151407e+16
2478	7.973422e+15	6.333782e+00	1.732472e+01	3.574315e+16
2479	7.974159e+15	5.334598e+00	1.561512e+01	3.767856e+16
2480	7.974944e+15	7.037885e+00	1.965230e+01	2.684259e+16
2481	7.975644e+15	5.404518e+00	1.564598e+01	4.796419e+16
2482	7.976378e+15	5.672127e+00	1.712461e+01	3.570687e+16
2483	7.977119e+15	6.028331e+00	1.861880e+01	4.779921e+16
2484	7.977828e+15	5.141886e+00	1.701724e+01	4.248932e+16
2485	7.978574e+15	5.420433e+00	1.835902e+01	5.069550e+16
2486	7.979327e+15	5.508269e+00	1.924121e+01	5.104518e+16
2487	7.980071e+15	5.267018e+00	1.906759e+01	4.226930e+16
2488	7.980824e+15	5.533578e+00	2.001732e+01	3.726924e+16
2489	7.981558e+15	5.244631e+00	2.003903e+01	6.161883e+16
2490	7.982281e+15	5.394157e+00	2.044206e+01	2.661209e+16
2491	7.982999e+15	5.076186e+00	1.952477e+01	5.117423e+16
2492	7.983742e+15	4.991738e+00	1.953993e+01	4.654541e+16
2493	7.984501e+15	5.309708e+00	1.822695e+01	3.815481e+16
2494	7.985262e+15	5.483914e+00	1.859161e+01	4.121871e+16
2495	7.986032e+15	6.182804e+00	2.003643e+01	4.692970e+16
2496	7.986769e+15	5.608443e+00	1.903047e+01	2.783489e+16
2497	7.987525e+15	6.082098e+00	1.978432e+01	5.040239e+16
2498	7.988271e+15	5.915886e+00	2.040471e+01	2.705383e+16
2499	7.988999e+15	4.841865e+00	1.779495e+01	3.693582e+16
2500	7.989794e+15	5.353547e+00	2.023913e+01	6.724423e+16
2501	7.990585e+15	6.275363e+00	2.230351e+01	3.822994e+16
2502	7.991327e+15	5.966015e+00	1.969205e+01	5.360308e+16
2503	7.992101e+15	6.625076e+00	2.086646e+01	2.937302e+16
2504	7.992875e+15	6.814491e+00	2.138418e+01	2.888975e+16
2505	7.993633e+15	6.658741e+00	2.097874e+01	4.143144e+16
2506	7.994408e+15	8.824187e+00	2.775215e+01	4.897492e+16
2507	7.995038e+15	5.370018e+00	1.814728e+01	4.894060e+16
2508	7.995781e+15	7.501638e+00	2.386852e+01	4.529057e+16
2509	7.996490e+15	6.509987e+00	2.258860e+01	6.679144e+16
2510	7.997228e+15	6.769106e+00	2.465184e+01	6.609991e+16
2511	7.997982e+15	7.583566e+00	2.613703e+01	5.863256e+16
2512	7.998698e+15	7.066018e+00	2.395066e+01	6.236163e+16
2513	7.999434e+15	8.190061e+00	2.594560e+01	3.935169e+16
2514	8.000123e+15	7.974256e+00	2.442378e+01	4.804784e+16
2515	8.000804e+15	8.666322e+00	2.571421e+01	5.095707e+16
2516	8.001454e+15	7.336052e+00	2.179735e+01	3.983999e+16
2517	8.002156e+15	7.915504e+00	2.321784e+01	4.588908e+16
2518	8.002871e+15	9.613545e+00	2.516783e+01	4.447462e+16
2519	8.003526e+15	7.346345e+00	2.104832e+01	4.032581e+16
2520	8.004240e+15	8.393216e+00	2.390860e+01	4.791631e+16
2521	8.004931e+15	7.540342e+00	2.209461e+01	3.927082e+16
2522	8.005658e+15	8.080471e+00	2.387135e+01	5.469718e+16
2523	8.006384e+15	8.259956e+00	2.451727e+01	4.712264e+16
2524	8.007102e+15	7.968052e+00	2.416964e+01	3.764508e+16
2525	8.007837e+15	7.834674e+00	2.428270e+01	4.070849e+16
2526	8.008591e+15	8.025753e+00	2.501634e+01	4.623050e+16
2527	8.009352e+15	8.010632e+00	2.589079e+01	6.230974e+16
2528	8.010106e+15	6.936997e+00	2.442360e+01	5.996983e+16
2529	8.010900e+15	7.278986e+00	2.608888e+01	4.371585e+16
2530	8.011686e+15	7.125031e+00	2.497794e+01	4.232789e+16
2531	8.012495e+15	7.346320e+00	2.585167e+01	8.378833e+16
2532	8.013293e+15	7.046282e+00	2.523242e+01	6.632886e+16
2533	8.014079e+15	8.051401e+00	2.806033e+01	6.177865e+16
2534	8.014790e+15	6.491817e+00	2.312526e+01	4.613887e+16
2535	8.015547e+15	7.376292e+00	2.565563e+01	6.444018e+16
2536	8.016279e+15	7.046861e+00	2.436323e+01	5.677582e+16
2537	8.017011e+15	7.306935e+00	2.559299e+01	6.960719e+16
2538	8.017726e+15	6.919030e+00	2.461421e+01	4.894955e+16
2539	8.018439e+15	7.081072e+00	2.544542e+01	4.293305e+16
2540	8.019140e+15	7.339266e+00	2.586476e+01	4.508109e+16
2541	8.019823e+15	6.293297e+00	2.270549e+01	4.226252e+16
2542	8.020562e+15	7.810720e+00	2.745504e+01	5.093609e+16
2543	8.021244e+15	7.373107e+00	2.593925e+01	4.097156e+16
2544	8.021901e+15	6.694126e+00	2.386073e+01	4.143169e+16
2545	8.022572e+15	7.145966e+00	2.497766e+01	4.361124e+16
2546	8.023234e+15	7.378042e+00	2.503369e+01	4.279220e+16
2547	8.023887e+15	7.334469e+00	2.464453e+01	4.716518e+16
2548	8.024534e+15	7.112940e+00	2.410775e+01	2.171884e+16
2549	8.025191e+15	7.822230e+00	2.508911e+01	4.246276e+16
2550	8.025831e+15	6.943242e+00	2.255768e+01	4.171283e+16
2551	8.026512e+15	7.374038e+00	2.366190e+01	4.642230e+16
2552	8.027203e+15	7.745221e+00	2.422433e+01	4.553223e+16
2553	8.027889e+15	7.374822e+00	2.325103e+01	3.265414e+16
2554	8.028589e+15	7.768389e+00	2.394445e+01	4.036762e+16
2555	8.029269e+15	7.026245e+00	2.406705e+01	4.655693e+16
2556	8.029922e+15	7.123900e+00	2.311126e+01	4.005082e+16
2557	8.030573e+15	7.068837e+00	2.149770e+01	2.641756e+16
2558	8.031267e+15	8.375981e+00	2.449952e+01	3.255924e+16
2559	8.031917e+15	8.106562e+00	2.305665e+01	4.246918e+16
2560	8.032568e+15	8.323362e+00	2.302769e+01	2.479129e+16
2561	8.033220e+15	9.025761e+00	2.484384e+01	3.539381e+16
2562	8.033831e+15	6.952414e+00	2.062530e+01	4.410396e+16
2563	8.034500e+15	8.473629e+00	2.448082e+01	4.268236e+16
2564	8.035126e+15	7.222343e+00	2.185762e+01	3.076358e+16
2565	8.035769e+15	7.579082e+00	2.266206e+01	3.915763e+16
2566	8.036395e+15	7.626861e+00	2.327385e+01	2.726080e+16
2567	8.037009e+15	8.218605e+00	2.386026e+01	4.589664e+16
2568	8.037603e+15	7.007788e+00	2.050295e+01	3.015816e+16
2569	8.038245e+15	8.503156e+00	2.248454e+01	3.644351e+16
2570	8.038870e+15	7.940398e+00	2.079789e+01	4.131243e+16
2571	8.039514e+15	8.374545e+00	2.135696e+01	4.537593e+16
2572	8.040157e+15	8.577213e+00	2.120023e+01	4.719087e+16
2573	8.040800e+15	8.569205e+00	2.081955e+01	3.405536e+16
2574	8.041447e+15	7.798413e+00	1.972867e+01	3.572992e+16
2575	8.042116e+15	8.515335e+00	2.048949e+01	3.567743e+16
2576	8.042790e+15	9.060094e+00	2.151770e+01	3.853153e+16
2577	8.043449e+15	9.006289e+00	2.140340e+01	4.595061e+16
2578	8.044100e+15	9.082766e+00	2.120291e+01	4.743571e+16
2579	8.044754e+15	8.497834e+00	2.054529e+01	4.200463e+16
2580	8.045429e+15	9.055141e+00	2.253551e+01	4.368987e+16
2581	8.046080e+15	8.330558e+00	2.106369e+01	4.213123e+16
2582	8.046749e+15	8.225306e+00	2.100202e+01	3.705974e+16
2583	8.047435e+15	8.248106e+00	2.174142e+01	3.420727e+16
2584	8.048115e+15	8.236288e+00	2.167276e+01	4.240084e+16
2585	8.048792e+15	8.706806e+00	2.276696e+01	4.107856e+16
2586	8.049446e+15	7.850307e+00	2.146028e+01	4.766126e+16
2587	8.050125e+15	8.099489e+00	2.312510e+01	3.473108e+16
2588	8.050776e+15	6.269277e+00	1.981985e+01	5.767225e+16
2589	8.051496e+15	8.057831e+00	2.553779e+01	6.199521e+16
2590	8.052155e+15	6.698730e+00	2.240760e+01	4.697412e+16
2591	8.052845e+15	8.569857e+00	2.658536e+01	3.775004e+16
2592	8.053500e+15	6.946101e+00	2.261417e+01	5.759256e+16
2593	8.054217e+15	7.450088e+00	2.560811e+01	6.952236e+16
2594	8.054921e+15	8.081711e+00	2.927913e+01	5.514324e+16
2595	8.055554e+15	6.420702e+00	2.557853e+01	5.228774e+16
2596	8.056216e+15	6.535431e+00	2.630889e+01	7.405960e+16
2597	8.056887e+15	6.820277e+00	2.781646e+01	4.645336e+16
2598	8.057526e+15	6.589768e+00	2.618995e+01	4.225934e+16
2599	8.058163e+15	7.451178e+00	2.709183e+01	3.669051e+16
2600	8.058788e+15	8.263196e+00	2.839970e+01	3.972524e+16
2601	8.059382e+15	7.179583e+00	2.444364e+01	3.654953e+16
2602	8.060020e+15	7.463196e+00	2.601420e+01	5.327492e+16
2603	8.060658e+15	7.266863e+00	2.689409e+01	4.173441e+16
2604	8.061280e+15	7.105295e+00	2.655416e+01	5.601526e+16
2605	8.061902e+15	7.369485e+00	2.828734e+01	7.091144e+16
2606	8.062495e+15	7.723763e+00	2.739326e+01	3.337848e+16
2607	8.063083e+15	7.771745e+00	2.554173e+01	7.173182e+16
2608	8.063681e+15	8.140093e+00	2.557285e+01	3.263022e+16
2609	8.064279e+15	7.774130e+00	2.674072e+01	4.691812e+16
2610	8.064855e+15	6.959370e+00	2.347076e+01	3.963551e+16
2611	8.065471e+15	7.943247e+00	2.582806e+01	6.019651e+16
2612	8.066080e+15	7.801218e+00	2.458451e+01	6.067209e+16
2613	8.066706e+15	7.237771e+00	2.282488e+01	4.659422e+16
2614	8.067382e+15	8.377697e+00	2.512286e+01	4.647629e+16
2615	8.068049e+15	8.190700e+00	2.454011e+01	3.043567e+16
2616	8.068723e+15	8.433935e+00	2.531641e+01	4.752133e+16
2617	8.069388e+15	8.835160e+00	2.534785e+01	3.273828e+16
2618	8.070043e+15	9.338809e+00	2.523213e+01	3.641491e+16
2619	8.070677e+15	8.727252e+00	2.467712e+01	4.401614e+16
2620	8.071314e+15	8.323203e+00	2.491891e+01	3.169856e+16
2621	8.071957e+15	8.397944e+00	2.526150e+01	3.849302e+16
2622	8.072587e+15	6.390220e+00	1.948806e+01	2.479156e+16
2623	8.073323e+15	7.946321e+00	2.441315e+01	2.294108e+16
2624	8.074023e+15	7.339991e+00	2.288901e+01	2.011389e+16
2625	8.074723e+15	7.185242e+00	2.264627e+01	4.244866e+16
2626	8.075431e+15	7.797129e+00	2.410704e+01	3.090799e+16
2627	8.076110e+15	6.407691e+00	2.283154e+01	3.859907e+16
2628	8.076792e+15	7.149129e+00	2.491918e+01	3.987817e+16
2629	8.077435e+15	6.841407e+00	2.406177e+01	3.352764e+16
2630	8.078059e+15	6.597005e+00	2.276025e+01	3.097239e+16
2631	8.078700e+15	6.875592e+00	2.300690e+01	2.945506e+16
2632	8.079349e+15	7.591663e+00	2.549604e+01	2.907441e+16
2633	8.079956e+15	6.564551e+00	2.315201e+01	1.924097e+16
2634	8.080569e+15	6.859489e+00	2.454252e+01	4.310422e+16
2635	8.081158e+15	6.597987e+00	2.414215e+01	2.930013e+16
2636	8.081736e+15	6.034409e+00	2.090202e+01	4.552647e+16
2637	8.082343e+15	6.365855e+00	2.160188e+01	2.079145e+16
2638	8.082959e+15	7.237669e+00	2.390746e+01	4.115412e+16
2639	8.083536e+15	5.970255e+00	2.032437e+01	3.815969e+16
2640	8.084150e+15	6.126713e+00	2.067251e+01	2.988818e+16
2641	8.084792e+15	6.735450e+00	2.153447e+01	4.101490e+16
2642	8.085439e+15	7.349850e+00	2.346899e+01	3.018304e+16
2643	8.086054e+15	6.955808e+00	2.262400e+01	3.469417e+16
2644	8.086660e+15	6.670432e+00	2.139426e+01	2.591174e+16
2645	8.087279e+15	7.317226e+00	2.391900e+01	2.818043e+16
2646	8.087867e+15	7.406783e+00	2.172670e+01	2.920017e+16
2647	8.088450e+15	6.977886e+00	2.294552e+01	4.318209e+16
2648	8.089033e+15	6.470043e+00	2.227977e+01	2.951604e+16
2649	8.089629e+15	6.568485e+00	2.312052e+01	3.587987e+16
2650	8.090218e+15	6.263301e+00	2.232252e+01	4.344393e+16
2651	8.090821e+15	6.278705e+00	2.262613e+01	2.944440e+16
2652	8.091444e+15	5.839565e+00	2.310554e+01	4.828741e+16
2653	8.092072e+15	5.724647e+00	2.212637e+01	3.077649e+16
2654	8.092709e+15	5.899509e+00	2.121500e+01	4.573794e+16
2655	8.093383e+15	6.715751e+00	2.341976e+01	5.799261e+16
2656	8.094036e+15	5.660126e+00	2.130152e+01	3.906852e+16
2657	8.094718e+15	5.583717e+00	2.161006e+01	5.890631e+16
2658	8.095410e+15	5.437918e+00	2.221761e+01	4.097218e+16
2659	8.096093e+15	5.191347e+00	2.141547e+01	4.827987e+16
2660	8.096806e+15	5.902060e+00	2.360022e+01	6.335346e+16
2661	8.097504e+15	5.599452e+00	2.237788e+01	5.116639e+16
2662	8.098214e+15	5.473961e+00	2.162194e+01	4.872971e+16
2663	8.098935e+15	5.281321e+00	2.282564e+01	3.921850e+16
2664	8.099659e+15	4.816461e+00	2.230703e+01	4.331565e+16
2665	8.100411e+15	5.029777e+00	2.369917e+01	7.682853e+16
2666	8.101154e+15	5.313956e+00	2.432946e+01	3.393212e+16
2667	8.101886e+15	4.311887e+00	2.347468e+01	5.373565e+16
2668	8.102638e+15	4.422593e+00	2.490792e+01	6.412607e+16
2669	8.103372e+15	4.227783e+00	2.429863e+01	4.994727e+16
2670	8.104114e+15	4.339291e+00	2.481582e+01	6.255193e+16
2671	8.104862e+15	4.435184e+00	2.557293e+01	5.748468e+16
2672	8.105608e+15	4.464963e+00	2.538447e+01	6.457650e+16
2673	8.106375e+15	5.151175e+00	2.806297e+01	5.929656e+16
2674	8.107120e+15	5.229970e+00	2.824982e+01	1.031678e+17
2675	8.107854e+15	5.046531e+00	2.819826e+01	8.741069e+16
2676	8.108596e+15	5.503993e+00	2.986497e+01	7.550978e+16
2677	8.109311e+15	5.365018e+00	2.863334e+01	6.625753e+16
2678	8.110032e+15	5.333801e+00	2.878575e+01	7.879731e+16
2679	8.110768e+15	5.598957e+00	3.069100e+01	5.491707e+16
2680	8.111484e+15	5.532432e+00	3.085775e+01	5.247163e+16
2681	8.112187e+15	5.349943e+00	3.076509e+01	1.032632e+17
2682	8.112895e+15	5.053969e+00	2.964794e+01	6.207217e+16
2683	8.113628e+15	5.648336e+00	3.183037e+01	1.007967e+17
2684	8.114349e+15	5.549212e+00	3.132924e+01	7.168051e+16
2685	8.115059e+15	5.758314e+00	3.171547e+01	7.093542e+16
2686	8.115752e+15	5.759313e+00	2.973713e+01	4.816477e+16
2687	8.116456e+15	5.839265e+00	2.975390e+01	5.565147e+16
2688	8.117162e+15	5.566050e+00	2.972264e+01	6.864778e+16
2689	8.117868e+15	5.580981e+00	2.974417e+01	6.099137e+16
2690	8.118567e+15	5.310915e+00	2.870764e+01	3.917508e+16
2691	8.119274e+15	5.439031e+00	2.982056e+01	4.950722e+16
2692	8.119965e+15	5.475374e+00	2.884020e+01	4.203586e+16
2693	8.120644e+15	5.758927e+00	2.778752e+01	4.057293e+16
2694	8.121320e+15	6.548206e+00	2.841842e+01	5.595292e+16
2695	8.121973e+15	5.705068e+00	2.369639e+01	3.247343e+16
2696	8.122690e+15	7.319671e+00	2.743699e+01	5.629323e+16
2697	8.123379e+15	7.403383e+00	2.562125e+01	2.674282e+16
2698	8.124054e+15	7.022732e+00	2.390212e+01	2.261980e+16
2699	8.124743e+15	8.115274e+00	2.725013e+01	3.652955e+16
2700	8.125367e+15	5.775065e+00	1.962246e+01	3.585287e+16
2701	8.126104e+15	9.226140e+00	2.826603e+01	4.991481e+16
2702	8.126744e+15	6.875511e+00	2.271638e+01	2.378253e+16
2703	8.127410e+15	7.608701e+00	2.425310e+01	3.613869e+16
2704	8.128065e+15	9.192079e+00	2.736834e+01	2.780300e+16
2705	8.128641e+15	7.004280e+00	2.225203e+01	4.742013e+16
2706	8.129253e+15	8.071622e+00	2.344150e+01	3.442495e+16
2707	8.129868e+15	8.732571e+00	2.336294e+01	3.310835e+16
2708	8.130482e+15	7.604642e+00	2.065938e+01	1.194147e+16
2709	8.131146e+15	8.919429e+00	2.366945e+01	3.973516e+16
2710	8.131786e+15	8.434446e+00	2.213719e+01	3.256905e+16
2711	8.132440e+15	7.806968e+00	2.092894e+01	3.221366e+16
2712	8.133141e+15	8.623126e+00	2.159318e+01	2.098002e+16
2713	8.133851e+15	9.762701e+00	2.318558e+01	4.143810e+16
2714	8.134522e+15	9.257430e+00	2.280345e+01	4.528627e+16
2715	8.135179e+15	9.379572e+00	2.305573e+01	4.539314e+16
2716	8.135810e+15	8.955416e+00	2.306421e+01	5.086411e+16
2717	8.136434e+15	8.651359e+00	2.331992e+01	3.274899e+16
2718	8.137053e+15	9.028127e+00	2.549755e+01	3.839218e+16
2719	8.137639e+15	7.585455e+00	2.263620e+01	4.841465e+16
2720	8.138264e+15	7.973727e+00	2.260060e+01	5.558278e+16
2721	8.138894e+15	8.828944e+00	2.559042e+01	4.158776e+16
2722	8.139489e+15	7.817285e+00	2.309252e+01	3.773095e+16
2723	8.140109e+15	7.113776e+00	2.218164e+01	4.476476e+16
2724	8.140767e+15	7.289807e+00	2.359824e+01	5.323784e+16
2725	8.141427e+15	6.865522e+00	2.440443e+01	4.417288e+16
2726	8.142078e+15	6.113001e+00	2.428574e+01	4.890549e+16
2727	8.142738e+15	6.543250e+00	2.513470e+01	5.546691e+16
2728	8.143384e+15	6.412488e+00	2.635989e+01	5.533547e+16
2729	8.144031e+15	6.578157e+00	2.645560e+01	4.135132e+16
2730	8.144688e+15	6.593297e+00	2.689408e+01	7.306366e+16
2731	8.145342e+15	6.346253e+00	2.601062e+01	5.454319e+16
2732	8.146003e+15	6.769791e+00	2.715727e+01	7.034964e+16
2733	8.146655e+15	6.142426e+00	2.561408e+01	5.947655e+16
2734	8.147334e+15	6.055443e+00	2.620003e+01	7.738313e+16
2735	8.148018e+15	5.733208e+00	2.581750e+01	4.988096e+16
2736	8.148716e+15	5.909440e+00	2.724916e+01	8.449489e+16
2737	8.149405e+15	5.629727e+00	2.645553e+01	5.523224e+16
2738	8.150104e+15	6.000757e+00	2.773344e+01	5.702450e+16
2739	8.150789e+15	5.535343e+00	2.596028e+01	5.388545e+16
2740	8.151492e+15	6.005805e+00	2.702475e+01	6.199877e+16
2741	8.152185e+15	5.926434e+00	2.766564e+01	5.314053e+16
2742	8.152855e+15	5.545035e+00	2.623408e+01	5.308901e+16
2743	8.153541e+15	5.994175e+00	2.680689e+01	6.158539e+16
2744	8.154231e+15	6.349233e+00	2.652544e+01	7.177848e+16
2745	8.154930e+15	6.017573e+00	2.339238e+01	4.663577e+16
2746	8.155693e+15	6.711427e+00	2.567206e+01	4.218035e+16
2747	8.156457e+15	6.399702e+00	2.632798e+01	5.146290e+16
2748	8.157201e+15	5.586015e+00	2.398472e+01	4.668155e+16
2749	8.157964e+15	6.547862e+00	2.740289e+01	5.364386e+16
2750	8.158669e+15	5.738849e+00	2.445760e+01	5.611245e+16
2751	8.159379e+15	6.419347e+00	2.625655e+01	4.354754e+16
2752	8.160058e+15	6.129252e+00	2.482762e+01	4.215624e+16
2753	8.160737e+15	5.358086e+00	2.239189e+01	3.335417e+16
2754	8.161475e+15	6.765239e+00	2.725802e+01	5.529962e+16
2755	8.162159e+15	5.544984e+00	2.589917e+01	3.907135e+16
2756	8.162831e+15	4.592355e+00	2.295106e+01	5.522074e+16
2757	8.163552e+15	5.183540e+00	2.553350e+01	3.375547e+16
2758	8.164254e+15	4.704433e+00	2.651114e+01	2.374487e+16
2759	8.164929e+15	4.655822e+00	2.607814e+01	4.303395e+16
2760	8.165591e+15	4.892304e+00	2.673003e+01	3.780063e+16
2761	8.166228e+15	5.719243e+00	2.630596e+01	4.536489e+16
2762	8.166853e+15	6.513888e+00	2.538431e+01	3.595549e+16
2763	8.167480e+15	6.836519e+00	2.467609e+01	2.287123e+16
2764	8.168090e+15	6.398391e+00	2.341131e+01	2.456170e+16
2765	8.168699e+15	6.004280e+00	2.300765e+01	2.546981e+16
2766	8.169307e+15	6.251822e+00	2.293748e+01	3.385863e+16
2767	8.169916e+15	6.187874e+00	2.232548e+01	2.833991e+16
2768	8.170545e+15	7.359915e+00	2.405797e+01	4.479173e+16
2769	8.171158e+15	5.411562e+00	1.779874e+01	4.318206e+16
2770	8.171887e+15	6.572347e+00	2.129703e+01	3.937925e+16
2771	8.172614e+15	7.299921e+00	2.344657e+01	6.414823e+16
2772	8.173282e+15	6.997150e+00	2.253608e+01	4.594277e+16
2773	8.173931e+15	7.388038e+00	2.396461e+01	5.758948e+16
2774	8.174538e+15	6.479320e+00	2.143379e+01	3.253615e+16
2775	8.175163e+15	5.911945e+00	2.101251e+01	3.918321e+16
2776	8.175823e+15	6.403494e+00	2.417190e+01	3.710158e+16
2777	8.176448e+15	4.652575e+00	1.926484e+01	2.585384e+16
2778	8.177156e+15	5.071896e+00	2.051551e+01	3.462857e+16
2779	8.177916e+15	5.850221e+00	2.380284e+01	4.364934e+16
2780	8.178653e+15	5.310685e+00	2.251279e+01	3.379408e+16
2781	8.179392e+15	5.566822e+00	2.492530e+01	4.978317e+16
2782	8.180090e+15	5.266153e+00	2.336199e+01	2.828823e+16
2783	8.180798e+15	5.969326e+00	2.400705e+01	5.582910e+16
2784	8.181511e+15	6.665762e+00	2.583207e+01	3.427888e+16
2785	8.182201e+15	6.604615e+00	2.446248e+01	3.845024e+16
2786	8.182884e+15	5.979982e+00	2.345498e+01	4.057018e+16
2787	8.183584e+15	6.595500e+00	2.653610e+01	5.910121e+16
2788	8.184237e+15	6.718014e+00	2.582174e+01	4.054430e+16
2789	8.184874e+15	6.613215e+00	2.530112e+01	2.229887e+16
2790	8.185513e+15	6.475138e+00	2.502655e+01	4.698893e+16
2791	8.186154e+15	6.317679e+00	2.454588e+01	3.973704e+16
2792	8.186800e+15	5.688368e+00	2.317803e+01	3.369561e+16
2793	8.187486e+15	6.048877e+00	2.451249e+01	4.016448e+16
2794	8.188185e+15	5.154189e+00	2.208810e+01	4.106063e+16
2795	8.188948e+15	5.905241e+00	2.491617e+01	5.575360e+16
2796	8.189686e+15	1.051022e+01	3.736278e+01	3.887518e+16
2797	8.190187e+15	6.283144e+00	2.432060e+01	3.188725e+16
2798	8.190700e+15	6.507305e+00	2.474201e+01	3.583313e+16
2799	8.191216e+15	6.104393e+00	2.291595e+01	5.362619e+16
2800	8.191776e+15	6.153313e+00	2.384426e+01	3.323362e+16
2801	8.192358e+15	6.391773e+00	2.488532e+01	2.673868e+16
2802	8.192933e+15	5.673408e+00	2.066832e+01	3.220002e+16
2803	8.193558e+15	5.987037e+00	2.102170e+01	2.723533e+16
2804	8.194206e+15	5.703102e+00	2.005588e+01	3.287767e+16
2805	8.194880e+15	5.632741e+00	1.951302e+01	4.457886e+16
2806	8.195585e+15	5.992842e+00	2.057501e+01	3.060377e+16
2807	8.196295e+15	6.610300e+00	2.103602e+01	4.199309e+16
2808	8.196997e+15	6.207539e+00	1.975845e+01	5.788758e+16
2809	8.197721e+15	6.513964e+00	1.919934e+01	3.360968e+16
2810	8.198429e+15	5.980715e+00	1.821335e+01	4.295588e+16
2811	8.199160e+15	6.087607e+00	2.149889e+01	3.465385e+16
2812	8.199839e+15	5.376649e+00	2.049969e+01	4.359547e+16
2813	8.200505e+15	4.922726e+00	2.159994e+01	4.848431e+16
2814	8.201165e+15	4.249506e+00	2.093175e+01	3.782803e+16
2815	8.201840e+15	4.101796e+00	2.125103e+01	4.517043e+16
2816	8.202519e+15	4.296756e+00	2.292025e+01	4.069810e+16
2817	8.203180e+15	3.926476e+00	2.240774e+01	3.578526e+16
2818	8.203860e+15	3.855465e+00	2.191528e+01	2.776584e+16
2819	8.204580e+15	3.831526e+00	2.344261e+01	2.933497e+16
2820	8.205301e+15	3.906575e+00	2.374706e+01	4.132011e+16
2821	8.206019e+15	4.655620e+00	2.472830e+01	4.972067e+16
2822	8.206714e+15	4.830514e+00	2.357475e+01	3.756436e+16
2823	8.207431e+15	5.100180e+00	2.506614e+01	4.941385e+16
2824	8.208131e+15	4.080810e+00	2.009705e+01	4.868385e+16
2825	8.208915e+15	4.609857e+00	2.383636e+01	5.966422e+16
2826	8.209698e+15	4.554898e+00	2.417521e+01	3.532761e+16
2827	8.210468e+15	4.550663e+00	2.469763e+01	6.795427e+16
2828	8.211220e+15	4.435026e+00	2.447214e+01	4.443546e+16
2829	8.211966e+15	4.407730e+00	2.474225e+01	5.529663e+16
2830	8.212691e+15	4.206512e+00	2.406950e+01	4.761348e+16
2831	8.213403e+15	4.307154e+00	2.386269e+01	3.657117e+16
2832	8.214105e+15	3.963062e+00	2.288686e+01	1.859422e+16
2833	8.214824e+15	3.800485e+00	2.174115e+01	4.178380e+16
2834	8.215589e+15	4.855488e+00	2.503862e+01	6.373491e+16
2835	8.216313e+15	4.869364e+00	2.377948e+01	5.518624e+16
2836	8.217034e+15	5.177441e+00	2.376287e+01	4.831179e+16
2837	8.217748e+15	5.810759e+00	2.509207e+01	3.907435e+16
2838	8.218410e+15	5.674207e+00	2.312328e+01	3.012889e+16
2839	8.219070e+15	5.025431e+00	2.041709e+01	4.531069e+16
2840	8.219776e+15	5.048435e+00	2.086196e+01	6.439321e+16
2841	8.220518e+15	6.052719e+00	2.399310e+01	3.396902e+16
2842	8.221208e+15	5.196760e+00	2.115719e+01	3.561144e+16
2843	8.221920e+15	5.572660e+00	2.348630e+01	5.579268e+16
2844	8.222599e+15	4.896750e+00	2.132868e+01	3.532467e+16
2845	8.223299e+15	4.864194e+00	2.162127e+01	3.910850e+16
2846	8.224006e+15	5.106541e+00	2.193682e+01	5.211903e+16
2847	8.224696e+15	4.356638e+00	1.878384e+01	1.908836e+16
2848	8.225463e+15	5.285714e+00	2.122382e+01	4.128338e+16
2849	8.226225e+15	5.135555e+00	2.069155e+01	3.911907e+16
2850	8.226999e+15	5.215553e+00	2.105052e+01	4.277196e+16
2851	8.227780e+15	5.111527e+00	2.055667e+01	4.053753e+16
2852	8.228579e+15	5.449508e+00	2.172033e+01	4.385446e+16
2853	8.229360e+15	5.028716e+00	2.075829e+01	4.561969e+16
2854	8.230148e+15	5.076987e+00	2.018548e+01	4.349987e+16
2855	8.230935e+15	4.416322e+00	1.916140e+01	3.590463e+16
2856	8.231746e+15	4.585426e+00	1.889429e+01	4.574236e+16
2857	8.232576e+15	4.427651e+00	1.857656e+01	3.221817e+16
2858	8.233431e+15	4.911509e+00	1.906031e+01	2.551284e+16
2859	8.234274e+15	4.459761e+00	1.773205e+01	4.127075e+16
2860	8.235149e+15	4.744693e+00	1.839383e+01	3.088877e+16
2861	8.236034e+15	5.313368e+00	1.773375e+01	4.212021e+16
2862	8.236885e+15	5.296695e+00	1.776163e+01	3.760634e+16
2863	8.237709e+15	5.564181e+00	1.868186e+01	3.355822e+16
2864	8.238468e+15	5.246234e+00	1.755860e+01	2.074596e+16
2865	8.239228e+15	5.948158e+00	1.935677e+01	3.207368e+16
2866	8.239940e+15	5.898333e+00	1.958814e+01	3.214128e+16
2867	8.240615e+15	4.363774e+00	1.487300e+01	2.755423e+16
2868	8.241386e+15	5.367354e+00	1.698231e+01	2.707447e+16
2869	8.242135e+15	5.493914e+00	1.817770e+01	2.938409e+16
2870	8.242835e+15	4.481130e+00	1.602959e+01	3.026950e+16
2871	8.243554e+15	5.153383e+00	1.759266e+01	4.071725e+16
2872	8.244242e+15	4.555155e+00	1.562342e+01	4.038463e+16
2873	8.244962e+15	4.679532e+00	1.668130e+01	4.318552e+16
2874	8.245669e+15	4.935468e+00	1.731098e+01	2.528701e+16
2875	8.246353e+15	4.491088e+00	1.635873e+01	3.525175e+16
2876	8.247050e+15	4.688544e+00	1.714263e+01	4.170416e+16
2877	8.247753e+15	4.751354e+00	1.709233e+01	4.181289e+16
2878	8.248479e+15	5.043387e+00	1.853782e+01	4.464113e+16
2879	8.249196e+15	4.990641e+00	1.795352e+01	5.838685e+16
2880	8.249920e+15	4.773711e+00	1.828425e+01	4.594559e+16
2881	8.250665e+15	4.948207e+00	1.945518e+01	5.432233e+16
2882	8.251400e+15	4.696304e+00	1.950347e+01	5.826272e+16
2883	8.252135e+15	4.371779e+00	2.026595e+01	4.313837e+16
2884	8.252874e+15	3.985983e+00	2.138430e+01	5.599672e+16
2885	8.253606e+15	4.045851e+00	2.197624e+01	3.072139e+16
2886	8.254333e+15	4.224194e+00	2.258588e+01	5.252888e+16
2887	8.255053e+15	4.279090e+00	2.259401e+01	4.606543e+16
2888	8.255776e+15	4.097726e+00	2.217958e+01	2.640667e+16
2889	8.256509e+15	4.306752e+00	2.344001e+01	3.678926e+16
2890	8.257223e+15	4.027533e+00	2.254298e+01	4.577092e+16
2891	8.257943e+15	4.030517e+00	2.277486e+01	7.487667e+16
2892	8.258656e+15	3.998329e+00	2.257706e+01	6.269543e+16
2893	8.259359e+15	3.971825e+00	2.237344e+01	6.435392e+16
2894	8.260058e+15	4.204034e+00	2.291179e+01	5.069271e+16
2895	8.260742e+15	4.499696e+00	2.339840e+01	2.906426e+16
2896	8.261415e+15	3.796080e+00	1.923715e+01	4.292841e+16
2897	8.262184e+15	4.586345e+00	2.360188e+01	4.465865e+16
2898	8.262921e+15	5.108013e+00	2.443037e+01	4.500469e+16
2899	8.263599e+15	4.162188e+00	2.057855e+01	5.157278e+16
2900	8.264331e+15	4.679988e+00	2.514952e+01	4.369572e+16
2901	8.265002e+15	4.231737e+00	2.342919e+01	5.128311e+16
2902	8.265670e+15	4.602395e+00	2.406096e+01	4.598215e+16
2903	8.266338e+15	4.391161e+00	2.375355e+01	3.755030e+16
2904	8.267013e+15	4.657307e+00	2.661735e+01	6.313382e+16
2905	8.267637e+15	3.409515e+00	1.868684e+01	3.523829e+16
2906	8.268386e+15	4.235915e+00	2.234264e+01	5.940339e+16
2907	8.269166e+15	5.474275e+00	2.868492e+01	6.306224e+16
2908	8.269818e+15	3.530346e+00	2.013368e+01	3.607178e+16
2909	8.270554e+15	4.059384e+00	2.351779e+01	5.399031e+16
2910	8.271288e+15	4.270062e+00	2.532771e+01	6.903500e+16
2911	8.271969e+15	4.215170e+00	2.424237e+01	4.227758e+16
2912	8.272621e+15	3.982611e+00	2.248823e+01	3.313567e+16
2913	8.273298e+15	4.054329e+00	2.243070e+01	3.453526e+16
2914	8.273997e+15	4.635826e+00	2.301854e+01	1.879043e+16
2915	8.274693e+15	4.711941e+00	2.257224e+01	3.923252e+16
2916	8.275387e+15	4.683173e+00	2.242998e+01	1.646080e+16
2917	8.276080e+15	4.173182e+00	2.052043e+01	3.948234e+16
2918	8.276801e+15	4.163080e+00	2.111923e+01	2.656301e+16
2919	8.277530e+15	5.047930e+00	2.393879e+01	2.687168e+16
2920	8.278199e+15	4.764722e+00	2.169149e+01	2.936548e+16
2921	8.278862e+15	4.774442e+00	2.101998e+01	2.508104e+16
2922	8.279534e+15	5.327954e+00	2.221851e+01	2.514631e+16
2923	8.280188e+15	4.841217e+00	1.974709e+01	4.391537e+16
2924	8.280886e+15	5.062655e+00	2.025584e+01	1.824400e+16
2925	8.281614e+15	5.370785e+00	2.004499e+01	3.807059e+16
2926	8.282371e+15	5.413161e+00	1.930966e+01	2.230820e+16
2927	8.283171e+15	5.929029e+00	2.091376e+01	4.309029e+16
2928	8.283961e+15	6.049440e+00	2.064494e+01	3.445502e+16
2929	8.284742e+15	6.077848e+00	1.996111e+01	3.004157e+16
2930	8.285530e+15	6.935083e+00	2.093383e+01	4.371688e+16
2931	8.286289e+15	6.826046e+00	2.019828e+01	3.158989e+16
2932	8.287051e+15	7.056791e+00	2.096617e+01	4.413169e+16
2933	8.287793e+15	6.683104e+00	2.034634e+01	3.409550e+16
2934	8.288526e+15	6.424706e+00	1.978413e+01	5.171676e+16
2935	8.289272e+15	6.716661e+00	2.036707e+01	2.999764e+16
2936	8.290006e+15	6.095431e+00	1.898582e+01	4.580460e+16
2937	8.290757e+15	6.315464e+00	1.955225e+01	4.291863e+16
2938	8.291495e+15	6.467773e+00	1.942630e+01	3.245588e+16
2939	8.292220e+15	6.043602e+00	1.821632e+01	2.436735e+16
2940	8.292966e+15	6.258859e+00	1.789776e+01	3.336448e+16
2941	8.293726e+15	6.827114e+00	1.877420e+01	4.771856e+16
2942	8.294463e+15	6.669633e+00	1.769488e+01	2.208078e+16
2943	8.295213e+15	6.729043e+00	1.750640e+01	3.695733e+16
2944	8.295994e+15	6.647624e+00	1.785938e+01	3.477143e+16
2945	8.296788e+15	6.695068e+00	1.802337e+01	3.583202e+16
2946	8.297573e+15	7.102407e+00	1.876652e+01	3.697740e+16
2947	8.298322e+15	6.646326e+00	1.856206e+01	2.707899e+16
2948	8.299064e+15	7.046135e+00	1.904358e+01	4.280589e+16
2949	8.299779e+15	6.849085e+00	1.953840e+01	3.182019e+16
2950	8.300456e+15	6.177506e+00	1.829622e+01	3.282777e+16
2951	8.301141e+15	5.473312e+00	1.728362e+01	4.148024e+16
2952	8.301872e+15	6.362666e+00	1.957551e+01	4.824668e+16
2953	8.302584e+15	5.736190e+00	1.948317e+01	4.508722e+16
2954	8.303290e+15	5.510981e+00	1.801802e+01	4.663903e+16
2955	8.304016e+15	5.347908e+00	1.734062e+01	6.041448e+16
2956	8.304769e+15	5.863409e+00	1.885543e+01	4.875913e+16
2957	8.305488e+15	6.137776e+00	1.923381e+01	5.676516e+16
2958	8.306163e+15	5.814257e+00	1.773084e+01	3.850551e+16
2959	8.306856e+15	6.601826e+00	1.879245e+01	3.681952e+16
2960	8.307532e+15	6.285251e+00	1.813968e+01	5.501845e+16
2961	8.308209e+15	5.997707e+00	1.860593e+01	4.122178e+16
2962	8.308892e+15	6.102521e+00	2.007645e+01	2.168329e+16
2963	8.309564e+15	6.033407e+00	2.051564e+01	6.266584e+16
2964	8.310227e+15	5.230675e+00	1.855582e+01	6.386764e+16
2965	8.310937e+15	6.148361e+00	2.203169e+01	3.678748e+16
2966	8.311595e+15	6.017263e+00	2.036083e+01	2.700022e+16
2967	8.312266e+15	5.387627e+00	1.939299e+01	4.303359e+16
2968	8.312983e+15	6.078655e+00	2.244310e+01	3.688131e+16
2969	8.313668e+15	5.605121e+00	2.026106e+01	5.866933e+16
2970	8.314381e+15	6.211166e+00	2.119795e+01	5.265697e+16
2971	8.315108e+15	6.765366e+00	2.181248e+01	3.269493e+16
2972	8.315832e+15	6.818033e+00	2.180445e+01	2.702162e+16
2973	8.316548e+15	6.289779e+00	2.044208e+01	3.462102e+16
2974	8.317308e+15	6.313325e+00	2.168195e+01	4.744911e+16
2975	8.318072e+15	6.214679e+00	2.201199e+01	4.300128e+16
2976	8.318824e+15	5.542267e+00	2.139761e+01	4.366385e+16
2977	8.319571e+15	6.176785e+00	2.147936e+01	3.253858e+16
2978	8.320263e+15	5.344731e+00	1.938821e+01	3.487577e+16
2979	8.320966e+15	5.816548e+00	2.101494e+01	3.247453e+16
2980	8.321634e+15	5.350641e+00	2.037748e+01	3.289036e+16
2981	8.322283e+15	5.045006e+00	1.862372e+01	3.838133e+16
2982	8.322966e+15	5.513991e+00	1.958853e+01	1.958273e+16
2983	8.323653e+15	5.324242e+00	1.903751e+01	3.016534e+16
2984	8.324368e+15	5.432120e+00	1.951919e+01	4.018906e+16
2985	8.325098e+15	5.617096e+00	1.858716e+01	3.039430e+16
2986	8.325857e+15	6.203186e+00	2.015771e+01	4.441345e+16
2987	8.326592e+15	6.675685e+00	2.180020e+01	2.556443e+16
2988	8.327254e+15	6.155944e+00	2.030600e+01	4.347740e+16
2989	8.327898e+15	6.162051e+00	2.010900e+01	2.092929e+16
2990	8.328541e+15	6.577760e+00	2.172112e+01	3.888809e+16
2991	8.329150e+15	5.656733e+00	2.066985e+01	2.454298e+16
2992	8.329758e+15	4.957059e+00	1.906677e+01	2.654032e+16
2993	8.330403e+15	5.224997e+00	2.084997e+01	3.510135e+16
2994	8.331045e+15	4.961029e+00	2.057854e+01	3.534262e+16
2995	8.331703e+15	4.678836e+00	1.947891e+01	4.099634e+16
2996	8.332400e+15	4.332731e+00	1.910899e+01	3.541011e+16
2997	8.333141e+15	4.543744e+00	2.077098e+01	3.975846e+16
2998	8.333884e+15	5.522714e+00	2.393800e+01	4.471952e+16
2999	8.334554e+15	4.549134e+00	2.033421e+01	5.624475e+16
3000	8.335263e+15	5.438287e+00	2.366981e+01	4.354796e+16
3001	8.335933e+15	4.393913e+00	2.033378e+01	4.025969e+16
3002	8.336643e+15	4.728590e+00	2.082475e+01	6.054444e+16
3003	8.337374e+15	6.227609e+00	2.476320e+01	3.465599e+16
3004	8.338034e+15	5.432376e+00	2.080014e+01	3.968739e+16
3005	8.338724e+15	5.651558e+00	2.168185e+01	4.518112e+16
3006	8.339403e+15	5.535919e+00	2.167467e+01	2.710209e+16
3007	8.340062e+15	5.790297e+00	2.154973e+01	1.511210e+16
3008	8.340709e+15	6.131051e+00	2.104694e+01	2.666511e+16
3009	8.341351e+15	6.318139e+00	1.948364e+01	2.765412e+16
3010	8.342025e+15	6.784713e+00	2.036713e+01	2.286548e+16
3011	8.342708e+15	6.265881e+00	1.899789e+01	4.109101e+16
3012	8.343437e+15	5.976102e+00	1.977984e+01	4.571909e+16
3013	8.344185e+15	5.944526e+00	1.942142e+01	2.748891e+16
3014	8.344963e+15	7.134492e+00	2.166877e+01	6.684676e+16
3015	8.345703e+15	6.371916e+00	1.815298e+01	4.241332e+16
3016	8.346515e+15	8.327308e+00	2.198326e+01	5.069251e+16
3017	8.347269e+15	7.641515e+00	2.019219e+01	4.216160e+16
3018	8.348029e+15	7.387197e+00	2.124089e+01	2.220526e+16
3019	8.348756e+15	7.007301e+00	2.045988e+01	2.254971e+16
3020	8.349476e+15	6.241875e+00	2.073024e+01	2.501612e+16
3021	8.350172e+15	6.100075e+00	2.101145e+01	2.404207e+16
3022	8.350844e+15	6.454151e+00	2.215955e+01	2.293137e+16
3023	8.351494e+15	6.619000e+00	2.221782e+01	3.479925e+16
3024	8.352135e+15	6.967335e+00	2.276612e+01	2.411211e+16
3025	8.352761e+15	7.064555e+00	2.355655e+01	1.934441e+16
3026	8.353372e+15	6.433412e+00	2.127071e+01	1.787614e+16
3027	8.354015e+15	7.359298e+00	2.408388e+01	4.103507e+16
3028	8.354640e+15	8.426458e+00	2.540171e+01	3.540373e+16
3029	8.355234e+15	8.343752e+00	2.371522e+01	4.372698e+16
3030	8.355841e+15	1.022111e+01	2.670094e+01	3.655955e+16
3031	8.356406e+15	8.035232e+00	2.125945e+01	2.718531e+16
3032	8.357028e+15	9.965486e+00	2.520204e+01	4.052855e+16
3033	8.357617e+15	9.962411e+00	2.459752e+01	2.988041e+16
3034	8.358183e+15	9.235425e+00	2.226327e+01	2.103611e+16
3035	8.358749e+15	7.156277e+00	1.787892e+01	3.469593e+16
3036	8.359410e+15	1.010622e+01	2.534058e+01	5.098701e+16
3037	8.359990e+15	8.123715e+00	2.105646e+01	3.133151e+16
3038	8.360596e+15	9.115482e+00	2.312372e+01	2.965079e+16
3039	8.361192e+15	9.685428e+00	2.441482e+01	3.408139e+16
3040	8.361749e+15	8.975890e+00	2.318593e+01	4.932608e+16
3041	8.362299e+15	7.566857e+00	2.024290e+01	2.228016e+16
3042	8.362907e+15	8.197933e+00	2.255997e+01	3.439361e+16
3043	8.363526e+15	8.980146e+00	2.538113e+01	5.834083e+16
3044	8.364099e+15	7.302904e+00	2.212981e+01	2.808017e+16
3045	8.364694e+15	7.855556e+00	2.465504e+01	1.793492e+16
3046	8.365262e+15	6.316089e+00	2.099638e+01	3.013993e+16
3047	8.365883e+15	7.674476e+00	2.413500e+01	3.438606e+16
3048	8.366493e+15	7.282581e+00	2.294321e+01	3.342434e+16
3049	8.367109e+15	6.584855e+00	2.060681e+01	3.633785e+16
3050	8.367776e+15	7.686027e+00	2.353319e+01	2.298889e+16
3051	8.368417e+15	7.178122e+00	2.202694e+01	3.485103e+16
3052	8.369067e+15	7.479750e+00	2.230933e+01	2.813627e+16
3053	8.369720e+15	7.875002e+00	2.257200e+01	4.465886e+16
3054	8.370365e+15	7.081832e+00	2.131312e+01	4.255075e+16
3055	8.371030e+15	7.452809e+00	2.161745e+01	2.948261e+16
3056	8.371707e+15	8.026877e+00	2.184317e+01	3.257198e+16
3057	8.372386e+15	8.333404e+00	2.265809e+01	4.391969e+16
3058	8.373041e+15	7.982790e+00	2.104670e+01	3.165673e+16
3059	8.373704e+15	7.766991e+00	2.072306e+01	4.095247e+16
3060	8.374377e+15	8.225565e+00	2.199622e+01	3.771964e+16
3061	8.375035e+15	7.691971e+00	2.110235e+01	2.816935e+16
3062	8.375705e+15	7.531673e+00	2.072178e+01	5.134125e+16
3063	8.376396e+15	8.040432e+00	2.080856e+01	3.076838e+16
3064	8.377100e+15	7.889865e+00	2.093888e+01	2.609015e+16
3065	8.377816e+15	8.346676e+00	2.167180e+01	4.960018e+16
3066	8.378527e+15	7.951552e+00	2.014607e+01	3.837931e+16
3067	8.379263e+15	8.410838e+00	2.083661e+01	2.787276e+16
3068	8.379994e+15	8.188308e+00	2.042287e+01	2.937240e+16
3069	8.380727e+15	8.308651e+00	2.063472e+01	2.636979e+16
3070	8.381455e+15	8.357359e+00	2.164783e+01	2.921424e+16
3071	8.382153e+15	7.186890e+00	1.942980e+01	3.406412e+16
3072	8.382882e+15	7.656359e+00	2.119871e+01	2.812122e+16
3073	8.383597e+15	7.510206e+00	2.129525e+01	3.186344e+16
3074	8.384294e+15	7.380357e+00	2.070246e+01	4.045514e+16
3075	8.384995e+15	8.076186e+00	2.201445e+01	3.457558e+16
3076	8.385667e+15	7.576338e+00	2.057248e+01	2.904335e+16
3077	8.386336e+15	8.325665e+00	2.098432e+01	2.288962e+16
3078	8.386979e+15	7.486872e+00	2.020918e+01	2.433359e+16
3079	8.387602e+15	6.789976e+00	1.841347e+01	4.017825e+16
3080	8.388246e+15	7.660877e+00	2.024225e+01	3.022523e+16
3081	8.388856e+15	6.481253e+00	1.692577e+01	4.076106e+16
3082	8.389516e+15	7.647024e+00	1.897413e+01	1.885008e+16
3083	8.390151e+15	7.455030e+00	1.775391e+01	2.426381e+16
3084	8.390796e+15	7.375227e+00	1.670361e+01	2.500337e+16
3085	8.391473e+15	7.955325e+00	1.814858e+01	3.337838e+16
3086	8.392132e+15	7.298768e+00	1.717616e+01	2.671227e+16
3087	8.392807e+15	7.900806e+00	1.853789e+01	3.072746e+16
3088	8.393455e+15	7.265727e+00	1.731299e+01	2.494997e+16
3089	8.394119e+15	7.271523e+00	1.730178e+01	2.510027e+16
3090	8.394803e+15	7.870899e+00	1.982317e+01	4.169356e+16
3091	8.395452e+15	6.609655e+00	1.839413e+01	3.421776e+16
3092	8.396114e+15	6.782457e+00	1.917463e+01	3.122463e+16
3093	8.396773e+15	7.087655e+00	2.034821e+01	3.533661e+16
3094	8.397394e+15	6.387063e+00	1.859863e+01	1.628120e+16
3095	8.398023e+15	6.454554e+00	1.977462e+01	4.006907e+16
3096	8.398631e+15	6.006857e+00	1.900027e+01	2.754348e+16
3097	8.399244e+15	6.221305e+00	2.073093e+01	1.864212e+16
3098	8.399826e+15	4.889476e+00	1.692127e+01	4.503053e+16
3099	8.400482e+15	6.953683e+00	2.239080e+01	2.235726e+16
3100	8.401060e+15	4.464880e+00	1.628854e+01	1.704692e+16
3101	8.401730e+15	5.877583e+00	2.164447e+01	2.669335e+16
3102	8.402353e+15	5.753828e+00	2.115698e+01	3.286037e+16
3103	8.402952e+15	5.104461e+00	1.845559e+01	3.762180e+16
3104	8.403603e+15	6.235236e+00	2.063600e+01	3.388361e+16
3105	8.404235e+15	7.040363e+00	2.198213e+01	3.302966e+16
3106	8.404826e+15	6.999987e+00	2.151260e+01	3.074589e+16
3107	8.405393e+15	6.770162e+00	1.961572e+01	3.222758e+16
3108	8.405961e+15	6.842396e+00	1.870012e+01	1.424991e+16
3109	8.406547e+15	7.317016e+00	1.991406e+01	1.966393e+16
3110	8.407123e+15	6.331833e+00	1.735397e+01	2.403272e+16
3111	8.407757e+15	7.534563e+00	2.103205e+01	2.597167e+16
3112	8.408353e+15	6.560824e+00	1.899273e+01	4.188352e+16
3113	8.408966e+15	6.563842e+00	1.861287e+01	4.084778e+16
3114	8.409604e+15	7.538626e+00	2.025614e+01	2.836797e+16
3115	8.410221e+15	7.483869e+00	1.877521e+01	2.157478e+16
3116	8.410855e+15	8.246882e+00	1.928624e+01	3.345993e+16
3117	8.411490e+15	7.733926e+00	1.811193e+01	3.195609e+16
3118	8.412152e+15	8.404719e+00	1.942930e+01	3.759825e+16
3119	8.412812e+15	7.999828e+00	1.910751e+01	2.335660e+16
3120	8.413478e+15	8.260511e+00	2.023852e+01	3.314652e+16
3121	8.414125e+15	7.992264e+00	2.001667e+01	2.498854e+16
3122	8.414770e+15	7.996136e+00	2.033952e+01	3.919950e+16
3123	8.415395e+15	7.386524e+00	1.948089e+01	2.681441e+16
3124	8.416021e+15	6.908769e+00	1.744261e+01	2.688342e+16
3125	8.416667e+15	6.942766e+00	1.843159e+01	3.477969e+16
3126	8.417304e+15	6.915587e+00	1.825791e+01	2.495383e+16
3127	8.417928e+15	6.427675e+00	1.716277e+01	2.324244e+16
3128	8.418568e+15	6.405733e+00	1.836479e+01	3.911609e+16
3129	8.419188e+15	6.026574e+00	1.717615e+01	2.931894e+16
3130	8.419810e+15	5.954899e+00	1.729364e+01	3.743199e+16
3131	8.420422e+15	5.571424e+00	1.771585e+01	3.080591e+16
3132	8.421016e+15	5.113749e+00	1.709158e+01	2.268827e+16
3133	8.421618e+15	5.283913e+00	1.780667e+01	3.040127e+16
3134	8.422215e+15	4.868483e+00	1.858596e+01	2.773584e+16
3135	8.422811e+15	4.641565e+00	1.904258e+01	4.152558e+16
3136	8.423408e+15	4.477974e+00	1.809289e+01	2.876423e+16
3137	8.424021e+15	4.533495e+00	1.853359e+01	4.176144e+16
3138	8.424632e+15	4.639117e+00	1.925671e+01	2.141465e+16
3139	8.425234e+15	4.106190e+00	1.764960e+01	2.473106e+16
3140	8.425885e+15	4.811734e+00	2.052183e+01	4.329161e+16
3141	8.426518e+15	4.718198e+00	2.029491e+01	3.961608e+16
3142	8.427163e+15	4.530869e+00	2.067600e+01	3.563980e+16
3143	8.427824e+15	4.986124e+00	2.203326e+01	5.129248e+16
3144	8.428476e+15	5.186397e+00	2.347798e+01	4.937997e+16
3145	8.429098e+15	4.269256e+00	2.025159e+01	4.441426e+16
3146	8.429773e+15	4.905821e+00	2.330964e+01	5.620734e+16
3147	8.430435e+15	5.138781e+00	2.452548e+01	3.554543e+16
3148	8.431066e+15	4.630074e+00	2.334953e+01	3.655832e+16
3149	8.431699e+15	4.988424e+00	2.596433e+01	6.524386e+16
3150	8.432287e+15	4.417273e+00	2.340826e+01	3.080043e+16
3151	8.432886e+15	4.303547e+00	2.349487e+01	4.622095e+16
3152	8.433498e+15	5.078670e+00	2.652767e+01	3.699344e+16
3153	8.434066e+15	4.724713e+00	2.381725e+01	3.814689e+16
3154	8.434650e+15	4.909164e+00	2.289894e+01	4.182407e+16
3155	8.435260e+15	5.437138e+00	2.490952e+01	3.872692e+16
3156	8.435853e+15	5.458332e+00	2.394981e+01	3.438234e+16
3157	8.436449e+15	5.778551e+00	2.489089e+01	3.814878e+16
3158	8.437029e+15	6.370040e+00	2.368080e+01	4.164507e+16
3159	8.437613e+15	6.515993e+00	2.244821e+01	3.033947e+16
3160	8.438222e+15	7.131834e+00	2.379828e+01	4.749930e+16
3161	8.438830e+15	7.177201e+00	2.288182e+01	3.949903e+16
3162	8.439428e+15	6.317027e+00	2.049288e+01	4.655020e+16
3163	8.440062e+15	7.805828e+00	2.460839e+01	2.236268e+16
3164	8.440628e+15	6.118043e+00	1.943077e+01	2.508210e+16
3165	8.441241e+15	5.963052e+00	2.080557e+01	1.915162e+16
3166	8.441874e+15	6.748959e+00	2.425705e+01	3.643185e+16
3167	8.442458e+15	5.999002e+00	2.227713e+01	4.117309e+16
3168	8.443042e+15	5.393452e+00	2.030769e+01	3.777164e+16
3169	8.443677e+15	5.770060e+00	2.218565e+01	3.831232e+16
3170	8.444321e+15	6.186459e+00	2.446827e+01	4.683754e+16
3171	8.444925e+15	5.251185e+00	2.180666e+01	2.410417e+16
3172	8.445558e+15	5.436335e+00	2.273512e+01	3.271396e+16
3173	8.446192e+15	5.627401e+00	2.350775e+01	3.105519e+16
3174	8.446814e+15	5.390569e+00	2.208788e+01	4.091282e+16
3175	8.447463e+15	5.511080e+00	2.255887e+01	4.133165e+16
3176	8.448129e+15	5.583685e+00	2.400965e+01	4.810379e+16
3177	8.448774e+15	5.286417e+00	2.306627e+01	3.894895e+16
3178	8.449420e+15	5.435802e+00	2.284407e+01	3.206445e+16
3179	8.450076e+15	5.410250e+00	2.383903e+01	5.577823e+16
3180	8.450724e+15	5.257052e+00	2.303031e+01	3.347894e+16
3181	8.451374e+15	5.225697e+00	2.217745e+01	3.488205e+16
3182	8.452040e+15	5.912164e+00	2.394261e+01	5.086477e+16
3183	8.452689e+15	6.070571e+00	2.383284e+01	4.871713e+16
3184	8.453330e+15	5.781269e+00	2.363750e+01	3.417728e+16
3185	8.453973e+15	6.224113e+00	2.427473e+01	3.017949e+16
3186	8.454603e+15	6.348690e+00	2.405385e+01	4.156671e+16
3187	8.455223e+15	6.575241e+00	2.361371e+01	5.167794e+16
3188	8.455839e+15	6.207174e+00	2.138315e+01	3.869478e+16
3189	8.456493e+15	6.961350e+00	2.306717e+01	4.052811e+16
3190	8.457140e+15	6.447198e+00	2.201241e+01	3.854910e+16
3191	8.457799e+15	5.957345e+00	2.040958e+01	3.598875e+16
3192	8.458502e+15	7.893873e+00	2.481397e+01	4.353463e+16
3193	8.459141e+15	6.606184e+00	1.998729e+01	3.939102e+16
3194	8.459822e+15	7.290148e+00	2.135344e+01	3.383010e+16
3195	8.460492e+15	8.063431e+00	2.118497e+01	2.973158e+16
3196	8.461124e+15	7.095681e+00	2.082063e+01	2.983352e+16
3197	8.461753e+15	7.751973e+00	2.282805e+01	3.283059e+16
3198	8.462350e+15	7.236433e+00	2.180433e+01	3.284950e+16
3199	8.462960e+15	6.581169e+00	2.214237e+01	3.367412e+16
3200	8.463582e+15	7.415855e+00	2.537180e+01	3.672406e+16
3201	8.464154e+15	6.029805e+00	2.121705e+01	3.283806e+16
3202	8.464766e+15	6.503579e+00	2.325836e+01	3.103305e+16
3203	8.465368e+15	7.175822e+00	2.499659e+01	3.425469e+16
3204	8.465926e+15	6.658244e+00	2.256362e+01	2.578666e+16
3205	8.466500e+15	6.590150e+00	2.199724e+01	1.923575e+16
3206	8.467091e+15	6.651632e+00	2.390935e+01	4.477611e+16
3207	8.467652e+15	6.264650e+00	2.268046e+01	2.479897e+16
3208	8.468206e+15	6.216092e+00	2.144281e+01	1.967472e+16
3209	8.468772e+15	6.901693e+00	1.989242e+01	2.300035e+16
3210	8.469366e+15	6.806315e+00	1.871960e+01	2.697208e+16
3211	8.470023e+15	7.579565e+00	2.138902e+01	2.546246e+16
3212	8.470675e+15	8.223432e+00	2.287109e+01	4.012116e+16
3213	8.471276e+15	7.916305e+00	2.221827e+01	2.127563e+16
3214	8.471860e+15	8.385310e+00	2.291967e+01	3.188418e+16
3215	8.472420e+15	8.318338e+00	2.236835e+01	2.580828e+16
3216	8.472974e+15	7.969300e+00	2.089368e+01	3.176312e+16
3217	8.473545e+15	7.352590e+00	1.922670e+01	2.229645e+16
3218	8.474158e+15	7.821315e+00	2.084438e+01	2.684211e+16
3219	8.474768e+15	7.535889e+00	2.057234e+01	2.799590e+16
3220	8.475377e+15	7.412875e+00	2.015363e+01	1.056792e+16
3221	8.475983e+15	7.968517e+00	2.062446e+01	3.997401e+16
3222	8.476574e+15	8.699567e+00	2.061236e+01	2.463828e+16
3223	8.477141e+15	8.599139e+00	1.984857e+01	2.251163e+16
3224	8.477699e+15	8.927343e+00	1.938617e+01	2.019846e+16
3225	8.478260e+15	8.789723e+00	1.946555e+01	3.855959e+16
3226	8.478824e+15	8.863469e+00	2.080415e+01	3.762029e+16
3227	8.479364e+15	7.967797e+00	1.835414e+01	1.497562e+16
3228	8.479943e+15	8.111361e+00	1.999894e+01	1.995833e+16
3229	8.480527e+15	9.136942e+00	2.200456e+01	3.244571e+16
3230	8.481069e+15	7.446845e+00	1.887190e+01	1.982142e+16
3231	8.481642e+15	8.986283e+00	2.266843e+01	3.848695e+16
3232	8.482171e+15	6.881589e+00	1.885499e+01	3.330164e+16
3233	8.482740e+15	7.806726e+00	2.089104e+01	2.930144e+16
3234	8.483295e+15	8.115968e+00	2.111994e+01	2.328930e+16
3235	8.483844e+15	6.849728e+00	1.820982e+01	2.780482e+16
3236	8.484448e+15	7.086745e+00	1.948347e+01	2.356142e+16
3237	8.485065e+15	6.885768e+00	2.071213e+01	2.689877e+16
3238	8.485673e+15	6.431593e+00	2.064095e+01	2.822706e+16
3239	8.486282e+15	6.430868e+00	2.101752e+01	2.746282e+16
3240	8.486891e+15	6.728783e+00	2.113305e+01	1.588699e+16
3241	8.487503e+15	6.438914e+00	2.063685e+01	2.699441e+16
3242	8.488127e+15	6.127055e+00	2.032423e+01	2.445342e+16
3243	8.488768e+15	5.928215e+00	1.960626e+01	4.404471e+16
3244	8.489432e+15	6.538260e+00	2.157664e+01	4.471678e+16
3245	8.490067e+15	5.801952e+00	1.938035e+01	3.023236e+16
3246	8.490744e+15	6.245845e+00	1.989681e+01	2.918647e+16
3247	8.491428e+15	6.694842e+00	2.338857e+01	4.010817e+16
3248	8.492071e+15	6.274079e+00	2.350128e+01	4.851769e+16
3249	8.492687e+15	6.174642e+00	2.404811e+01	4.306480e+16
3250	8.493281e+15	5.889810e+00	2.257918e+01	4.102355e+16
3251	8.493886e+15	5.919987e+00	2.311232e+01	5.026762e+16
3252	8.494486e+15	6.822891e+00	2.517740e+01	4.964178e+16
3253	8.495061e+15	6.557775e+00	2.380987e+01	3.146600e+16
3254	8.495655e+15	6.678977e+00	2.412229e+01	2.485062e+16
3255	8.496245e+15	6.759758e+00	2.456360e+01	4.368463e+16
3256	8.496814e+15	6.209399e+00	2.290571e+01	3.246525e+16
3257	8.497398e+15	6.602401e+00	2.391353e+01	3.143850e+16
3258	8.497981e+15	6.813801e+00	2.338685e+01	2.808751e+16
3259	8.498569e+15	7.380701e+00	2.314254e+01	3.143370e+16
3260	8.499173e+15	7.625236e+00	2.304255e+01	2.647156e+16
3261	8.499784e+15	7.912318e+00	2.220059e+01	3.172392e+16
3262	8.500411e+15	8.241421e+00	2.215719e+01	4.792448e+16
3263	8.501025e+15	8.162345e+00	2.141016e+01	4.592183e+16
3264	8.501633e+15	7.863357e+00	2.096426e+01	4.099047e+16
3265	8.502247e+15	8.058046e+00	2.085942e+01	3.201360e+16
3266	8.502869e+15	7.643461e+00	2.009070e+01	2.611618e+16
3267	8.503519e+15	7.518118e+00	2.011883e+01	2.258488e+16
3268	8.504188e+15	7.999082e+00	2.142677e+01	3.438063e+16
3269	8.504830e+15	7.001029e+00	1.978057e+01	3.103154e+16
3270	8.505496e+15	7.124050e+00	1.992146e+01	2.703670e+16
3271	8.506171e+15	8.249408e+00	2.307497e+01	2.864620e+16
3272	8.506775e+15	6.461926e+00	1.882381e+01	2.523951e+16
3273	8.507433e+15	8.058692e+00	2.149049e+01	3.720972e+16
3274	8.508055e+15	6.941788e+00	1.941882e+01	1.744907e+16
3275	8.508684e+15	6.944682e+00	1.967367e+01	2.559365e+16
3276	8.509301e+15	6.367524e+00	1.760286e+01	1.908658e+16
3277	8.509959e+15	7.073456e+00	1.875873e+01	2.069432e+16
3278	8.510606e+15	7.146782e+00	1.879167e+01	1.934247e+16
3279	8.511237e+15	6.635582e+00	1.698615e+01	3.005746e+16
3280	8.511915e+15	7.103667e+00	1.560616e+01	2.480577e+16
3281	8.512597e+15	6.611829e+00	1.469748e+01	2.356812e+16
3282	8.513289e+15	7.079477e+00	1.564623e+01	1.419560e+16
3283	8.513946e+15	5.909213e+00	1.375507e+01	1.873178e+16
3284	8.514655e+15	7.370530e+00	1.667505e+01	2.328159e+16
3285	8.515317e+15	6.427827e+00	1.557481e+01	3.239448e+16
3286	8.516002e+15	6.388382e+00	1.724761e+01	3.684240e+16
3287	8.516654e+15	6.102741e+00	1.689522e+01	2.103969e+16
3288	8.517290e+15	5.932621e+00	1.673076e+01	2.547319e+16
3289	8.517920e+15	6.070688e+00	1.728474e+01	2.334095e+16
3290	8.518531e+15	5.967110e+00	1.706439e+01	2.701461e+16
3291	8.519138e+15	5.752065e+00	1.661437e+01	2.023531e+16
3292	8.519765e+15	6.545179e+00	1.853160e+01	2.710635e+16
3293	8.520359e+15	5.327193e+00	1.561177e+01	2.944112e+16
3294	8.521007e+15	5.839029e+00	1.720942e+01	2.642943e+16
3295	8.521661e+15	6.677891e+00	1.824864e+01	2.511114e+16
3296	8.522291e+15	6.152266e+00	1.753358e+01	2.479097e+16
3297	8.522932e+15	6.738701e+00	1.835180e+01	3.221470e+16
3298	8.523557e+15	6.118474e+00	1.640088e+01	5.087351e+16
3299	8.524189e+15	6.563406e+00	1.765583e+01	2.333785e+16
3300	8.524793e+15	6.709353e+00	1.768912e+01	2.227474e+16
3301	8.525367e+15	6.280853e+00	1.650827e+01	9.982762e+15
3302	8.525953e+15	7.438818e+00	1.821071e+01	2.000660e+16
3303	8.526504e+15	6.094162e+00	1.437008e+01	3.120267e+16
3304	8.527118e+15	7.319303e+00	1.645073e+01	2.364187e+16
3305	8.527719e+15	6.804289e+00	1.565183e+01	2.581539e+16
3306	8.528324e+15	5.726016e+00	1.407686e+01	3.683941e+16
3307	8.528976e+15	5.814701e+00	1.461519e+01	2.430647e+16
3308	8.529643e+15	5.469231e+00	1.526699e+01	3.909523e+16
3309	8.530308e+15	6.109992e+00	1.648637e+01	4.907374e+16
3310	8.530948e+15	5.895916e+00	1.519077e+01	4.487242e+16
3311	8.531607e+15	5.563268e+00	1.625925e+01	1.713437e+16
3312	8.532276e+15	5.712563e+00	1.661375e+01	3.575782e+16
3313	8.532954e+15	4.908209e+00	1.522202e+01	3.543521e+16
3314	8.533696e+15	5.153613e+00	1.746262e+01	4.375491e+16
3315	8.534397e+15	4.379256e+00	1.597331e+01	3.436965e+16
3316	8.535098e+15	4.330396e+00	1.597378e+01	3.257521e+16
3317	8.535804e+15	3.912083e+00	1.650902e+01	3.147722e+16
3318	8.536511e+15	3.959019e+00	1.674866e+01	4.129677e+16
3319	8.537216e+15	4.250325e+00	1.739732e+01	3.055218e+16
3320	8.537913e+15	4.097124e+00	1.666214e+01	3.152723e+16
3321	8.538639e+15	4.604330e+00	1.817902e+01	5.770438e+16
3322	8.539346e+15	4.508226e+00	1.722235e+01	2.010616e+16
3323	8.540077e+15	5.057175e+00	1.974688e+01	3.173047e+16
3324	8.540767e+15	5.043672e+00	1.932166e+01	3.773648e+16
3325	8.541452e+15	5.050208e+00	1.973159e+01	3.290323e+16
3326	8.542136e+15	5.193048e+00	2.074617e+01	3.833258e+16
3327	8.542802e+15	5.202628e+00	2.000609e+01	4.885471e+16
3328	8.543478e+15	5.613875e+00	2.148795e+01	3.326984e+16
3329	8.544122e+15	5.438173e+00	2.010436e+01	2.673271e+16
3330	8.544753e+15	5.284938e+00	1.990426e+01	4.022929e+16
3331	8.545386e+15	5.871054e+00	2.109953e+01	3.417682e+16
3332	8.545988e+15	5.399444e+00	1.928378e+01	2.902762e+16
3333	8.546610e+15	6.461488e+00	2.061122e+01	5.519440e+16
3334	8.547215e+15	6.646316e+00	2.088985e+01	3.752298e+16
3335	8.547795e+15	6.296737e+00	1.935413e+01	2.561978e+16
3336	8.548389e+15	6.416707e+00	1.985958e+01	2.805213e+16
3337	8.548985e+15	5.926104e+00	1.805932e+01	3.452889e+16
3338	8.549604e+15	6.152547e+00	1.872912e+01	3.416305e+16
3339	8.550228e+15	7.006459e+00	2.078380e+01	2.348168e+16
3340	8.550815e+15	6.642513e+00	1.864425e+01	3.190418e+16
3341	8.551423e+15	7.022592e+00	1.923894e+01	3.367926e+16
3342	8.552030e+15	6.323256e+00	1.773789e+01	3.710785e+16
3343	8.552684e+15	7.196354e+00	2.117582e+01	3.082791e+16
3344	8.553288e+15	5.726052e+00	1.889444e+01	2.456879e+16
3345	8.553896e+15	5.628746e+00	1.859438e+01	2.986648e+16
3346	8.554505e+15	4.873679e+00	1.721160e+01	1.476896e+16
3347	8.555160e+15	5.646527e+00	1.956525e+01	3.576894e+16
3348	8.555777e+15	4.597962e+00	1.907308e+01	3.371448e+16
3349	8.556385e+15	4.299072e+00	1.926800e+01	1.839232e+16
3350	8.556997e+15	4.444474e+00	2.092714e+01	2.760588e+16
3351	8.557589e+15	4.647876e+00	2.033841e+01	3.836296e+16
3352	8.558187e+15	4.486084e+00	1.960644e+01	4.380810e+16
3353	8.558813e+15	4.779617e+00	2.137470e+01	4.019879e+16
3354	8.559416e+15	4.226553e+00	1.909570e+01	2.857759e+16
3355	8.560043e+15	4.148333e+00	1.856204e+01	1.628722e+16
3356	8.560689e+15	3.858437e+00	1.811273e+01	3.477402e+16
3357	8.561363e+15	4.677285e+00	2.142990e+01	3.706923e+16
3358	8.561980e+15	3.888448e+00	1.859271e+01	2.976796e+16
3359	8.562615e+15	4.577072e+00	2.086274e+01	2.943646e+16
3360	8.563206e+15	4.487385e+00	1.910293e+01	1.444276e+16
3361	8.563806e+15	5.023367e+00	1.985835e+01	3.906652e+16
3362	8.564388e+15	4.535522e+00	1.767108e+01	2.196248e+16
3363	8.564997e+15	4.956023e+00	1.865429e+01	3.368662e+16
3364	8.565603e+15	5.191105e+00	1.918081e+01	2.916363e+16
3365	8.566197e+15	4.603233e+00	1.710908e+01	3.200628e+16
3366	8.566831e+15	5.697131e+00	1.865608e+01	3.294732e+16
3367	8.567468e+15	5.970887e+00	1.884666e+01	2.528164e+16
3368	8.568108e+15	5.860994e+00	1.658425e+01	3.474724e+16
3369	8.568764e+15	5.786093e+00	1.903389e+01	3.107195e+16
3370	8.569408e+15	5.522930e+00	1.893831e+01	3.084222e+16
3371	8.570034e+15	5.070353e+00	1.883709e+01	3.763588e+16
3372	8.570685e+15	5.082548e+00	1.934540e+01	3.682866e+16
3373	8.571335e+15	4.845116e+00	1.817293e+01	2.884782e+16
3374	8.572007e+15	5.506041e+00	1.902780e+01	3.323835e+16
3375	8.572662e+15	5.776398e+00	1.858520e+01	3.795843e+16
3376	8.573312e+15	5.431365e+00	1.795815e+01	3.040084e+16
3377	8.573973e+15	5.716499e+00	1.897746e+01	3.785715e+16
3378	8.574611e+15	5.302791e+00	1.913481e+01	3.801610e+16
3379	8.575242e+15	5.531058e+00	2.005071e+01	4.432717e+16
3380	8.575863e+15	5.863013e+00	2.122432e+01	3.498955e+16
3381	8.576470e+15	5.602927e+00	2.098776e+01	3.281523e+16
3382	8.577081e+15	5.912805e+00	2.243846e+01	4.588647e+16
3383	8.577675e+15	5.672662e+00	2.149854e+01	3.860145e+16
3384	8.578270e+15	5.473152e+00	2.114556e+01	3.110692e+16
3385	8.578872e+15	6.260969e+00	2.270500e+01	6.063774e+16
3386	8.579438e+15	6.035238e+00	2.076394e+01	3.744396e+16
3387	8.580009e+15	5.949377e+00	1.965177e+01	3.716968e+16
3388	8.580618e+15	6.697413e+00	2.155905e+01	5.068164e+16
3389	8.581206e+15	4.938515e+00	1.596073e+01	2.702125e+16
3390	8.581902e+15	6.862003e+00	2.175496e+01	3.719548e+16
3391	8.582540e+15	6.444476e+00	2.107517e+01	4.388234e+16
3392	8.583151e+15	6.744941e+00	2.058097e+01	4.220854e+16
3393	8.583742e+15	6.710569e+00	2.020298e+01	3.413060e+16
3394	8.584334e+15	6.673748e+00	1.971941e+01	3.387480e+16
3395	8.584946e+15	7.204580e+00	2.165199e+01	5.123724e+16
3396	8.585539e+15	6.558042e+00	2.039922e+01	3.284967e+16
3397	8.586155e+15	7.209552e+00	2.262247e+01	2.972973e+16
3398	8.586752e+15	6.117723e+00	1.985090e+01	3.401605e+16
3399	8.587406e+15	8.025674e+00	2.434372e+01	3.944557e+16
3400	8.588006e+15	6.924685e+00	2.043619e+01	2.606852e+16
3401	8.588644e+15	6.771705e+00	2.003285e+01	4.095998e+16
3402	8.589312e+15	6.740724e+00	2.180612e+01	2.823453e+16
3403	8.589951e+15	6.382260e+00	2.067772e+01	3.090196e+16
3404	8.590585e+15	6.510549e+00	2.105492e+01	2.802448e+16
3405	8.591202e+15	6.016148e+00	1.941189e+01	1.929468e+16
3406	8.591845e+15	6.769503e+00	2.208573e+01	3.061762e+16
3407	8.592441e+15	5.446206e+00	1.801125e+01	2.500008e+16
3408	8.593091e+15	5.920360e+00	1.921237e+01	3.499338e+16
3409	8.593741e+15	6.375835e+00	2.028580e+01	2.442782e+16
3410	8.594348e+15	5.633319e+00	1.687109e+01	8.938967e+15
3411	8.594993e+15	6.891288e+00	1.967269e+01	1.928421e+16
3412	8.595604e+15	6.533878e+00	1.882484e+01	3.227729e+16
3413	8.596207e+15	6.493704e+00	1.889829e+01	4.310116e+16
3414	8.596795e+15	6.593561e+00	1.912221e+01	3.151112e+16
3415	8.597357e+15	6.957341e+00	1.857322e+01	1.576056e+16
3416	8.597916e+15	6.802169e+00	1.692466e+01	9.815255e+15
3417	8.598504e+15	6.553181e+00	1.667468e+01	2.604191e+16
3418	8.599111e+15	6.169078e+00	1.754636e+01	2.181452e+16
3419	8.599722e+15	5.960016e+00	1.730526e+01	3.331599e+16
3420	8.600355e+15	6.108206e+00	1.653575e+01	2.590304e+16
3421	8.601027e+15	5.842324e+00	1.683533e+01	2.418456e+16
3422	8.601727e+15	6.435702e+00	1.843729e+01	2.658655e+16
3423	8.602405e+15	6.921898e+00	1.935783e+01	3.098247e+16
3424	8.603035e+15	6.820991e+00	1.793761e+01	3.762896e+16
3425	8.603660e+15	6.428015e+00	1.751912e+01	9.961696e+15
3426	8.604279e+15	6.248208e+00	1.807056e+01	2.983153e+16
3427	8.604893e+15	5.759263e+00	1.757058e+01	1.813313e+16
3428	8.605515e+15	5.775630e+00	1.820185e+01	2.325294e+16
3429	8.606129e+15	5.799074e+00	1.870148e+01	1.369142e+16
3430	8.606741e+15	5.946845e+00	1.873608e+01	3.448755e+16
3431	8.607342e+15	5.947450e+00	1.863426e+01	2.365403e+16
3432	8.607941e+15	6.073230e+00	1.849436e+01	2.428068e+16
3433	8.608533e+15	6.436331e+00	1.868561e+01	2.840227e+16
3434	8.609112e+15	6.654679e+00	1.816043e+01	2.231231e+16
3435	8.609700e+15	6.230979e+00	1.756432e+01	1.753301e+16
3436	8.610283e+15	6.158112e+00	1.711890e+01	1.739613e+16
3437	8.610877e+15	6.617811e+00	1.889501e+01	3.380969e+16
3438	8.611456e+15	5.892707e+00	1.703354e+01	2.698266e+16
3439	8.612087e+15	7.284064e+00	1.989655e+01	4.311369e+16
3440	8.612690e+15	7.162969e+00	1.920064e+01	2.751036e+16
3441	8.613303e+15	7.447944e+00	1.968836e+01	2.821907e+16
3442	8.613915e+15	7.384107e+00	1.922442e+01	2.513300e+16
3443	8.614528e+15	7.303564e+00	1.969436e+01	1.974241e+16
3444	8.615118e+15	6.755013e+00	1.871752e+01	2.114051e+16
3445	8.615711e+15	6.804766e+00	1.867596e+01	3.387394e+16
3446	8.616308e+15	6.972761e+00	1.827157e+01	3.663502e+16
3447	8.616921e+15	6.980654e+00	1.840763e+01	2.972638e+16
3448	8.617546e+15	7.372905e+00	1.869030e+01	3.125347e+16
3449	8.618176e+15	7.586054e+00	1.845236e+01	3.202636e+16
3450	8.618820e+15	8.185207e+00	1.845184e+01	3.195148e+16
3451	8.619459e+15	8.020831e+00	1.782018e+01	1.868044e+16
3452	8.620087e+15	8.126825e+00	1.810274e+01	3.103560e+16
3453	8.620710e+15	7.661661e+00	1.801393e+01	2.262669e+16
3454	8.621333e+15	7.731241e+00	1.853609e+01	3.783613e+16
3455	8.621948e+15	8.034912e+00	1.940324e+01	3.119238e+16
3456	8.622541e+15	7.055525e+00	1.703680e+01	2.722853e+16
3457	8.623171e+15	7.636388e+00	1.896236e+01	3.494955e+16
3458	8.623787e+15	7.767696e+00	1.904641e+01	3.174583e+16
3459	8.624396e+15	7.114242e+00	1.740777e+01	3.408200e+16
3460	8.625034e+15	7.618015e+00	1.799109e+01	1.614911e+16
3461	8.625673e+15	7.401775e+00	1.755053e+01	4.338004e+16
3462	8.626320e+15	6.902405e+00	1.732057e+01	3.721662e+16
3463	8.626985e+15	7.467946e+00	1.908322e+01	5.029806e+16
3464	8.627611e+15	6.839419e+00	1.717046e+01	2.783981e+16
3465	8.628267e+15	7.725520e+00	1.853086e+01	4.393891e+16
3466	8.628914e+15	7.526148e+00	1.849828e+01	3.579120e+16
3467	8.629555e+15	7.034371e+00	1.801499e+01	3.541804e+16
3468	8.630218e+15	7.178756e+00	1.884157e+01	3.801468e+16
3469	8.630863e+15	7.246858e+00	1.868312e+01	2.989324e+16
3470	8.631493e+15	7.408253e+00	1.872897e+01	2.792404e+16
3471	8.632123e+15	6.920486e+00	1.791950e+01	3.905776e+16
3472	8.632760e+15	6.495965e+00	1.727429e+01	2.246439e+16
3473	8.633417e+15	6.895636e+00	1.965058e+01	3.707611e+16
3474	8.634032e+15	6.471345e+00	1.917874e+01	5.094729e+16
3475	8.634639e+15	6.601701e+00	1.945976e+01	3.810017e+16
3476	8.635244e+15	6.743121e+00	1.981591e+01	5.267153e+16
3477	8.635859e+15	7.137333e+00	2.119528e+01	2.412268e+16
3478	8.636457e+15	6.443825e+00	2.019264e+01	4.549966e+16
3479	8.637068e+15	6.780889e+00	2.120191e+01	3.209669e+16
3480	8.637676e+15	7.292231e+00	2.226510e+01	4.115045e+16
3481	8.638275e+15	6.611367e+00	2.103221e+01	3.109331e+16
3482	8.638896e+15	6.326154e+00	2.117139e+01	4.664120e+16
3483	8.639515e+15	6.327014e+00	2.186636e+01	2.805992e+16
3484	8.640105e+15	6.245529e+00	2.086727e+01	2.379401e+16
3485	8.640700e+15	6.904944e+00	2.046983e+01	2.051064e+16
3486	8.641278e+15	7.380036e+00	2.016722e+01	1.384516e+16
3487	8.641850e+15	8.398481e+00	2.099649e+01	3.352566e+16
3488	8.642394e+15	6.445720e+00	1.565398e+01	1.878572e+16
3489	8.643026e+15	7.040852e+00	1.836157e+01	4.105653e+16
3490	8.643636e+15	6.779196e+00	1.767899e+01	2.360178e+16
3491	8.644249e+15	6.180908e+00	1.675795e+01	2.658759e+16
3492	8.644893e+15	6.742116e+00	1.824522e+01	2.781344e+16
3493	8.645513e+15	6.950010e+00	1.833652e+01	4.075895e+16
3494	8.646127e+15	7.359931e+00	1.938765e+01	4.084979e+16
3495	8.646730e+15	7.514916e+00	2.055101e+01	4.350916e+16
3496	8.647304e+15	7.241506e+00	2.012220e+01	3.249560e+16
3497	8.647869e+15	6.587785e+00	1.909553e+01	2.234506e+16
3498	8.648445e+15	6.121077e+00	1.860344e+01	3.961314e+16
3499	8.649058e+15	6.336316e+00	2.110098e+01	3.251861e+16
3500	8.649649e+15	5.639377e+00	1.972480e+01	3.153244e+16
3501	8.650260e+15	6.010692e+00	2.048408e+01	3.364362e+16
3502	8.650856e+15	5.049762e+00	1.832171e+01	2.507943e+16
3503	8.651476e+15	5.262483e+00	2.119441e+01	3.665367e+16
3504	8.652071e+15	5.038656e+00	2.198721e+01	2.756731e+16
3505	8.652648e+15	4.610373e+00	2.139189e+01	2.663425e+16
3506	8.653246e+15	5.066151e+00	2.470696e+01	2.769032e+16
3507	8.653793e+15	4.177106e+00	2.061232e+01	2.490609e+16
3508	8.654377e+15	4.330190e+00	2.097681e+01	1.885290e+16
3509	8.654976e+15	5.722247e+00	2.455980e+01	2.548068e+16
3510	8.655530e+15	5.594951e+00	2.163350e+01	3.235701e+16
3511	8.656094e+15	5.641367e+00	2.189907e+01	1.628983e+16
3512	8.656653e+15	5.907639e+00	2.258758e+01	3.222451e+16
3513	8.657194e+15	6.015236e+00	2.258573e+01	3.408058e+16
3514	8.657718e+15	6.890256e+00	2.248087e+01	1.628263e+16
3515	8.658227e+15	7.032314e+00	2.090314e+01	2.411429e+16
3516	8.658742e+15	6.747955e+00	1.904661e+01	2.210964e+16
3517	8.659284e+15	7.635377e+00	2.072852e+01	2.511627e+16
3518	8.659811e+15	7.314949e+00	1.927599e+01	2.603351e+16
3519	8.660362e+15	6.329351e+00	1.739281e+01	2.702115e+16
3520	8.660985e+15	7.282423e+00	2.044063e+01	2.566713e+16
3521	8.661595e+15	7.488883e+00	2.007784e+01	1.384295e+16
3522	8.662178e+15	6.247311e+00	1.787490e+01	3.017639e+16
3523	8.662787e+15	7.550731e+00	2.152659e+01	3.937226e+16
3524	8.663330e+15	5.042972e+00	1.547087e+01	9.877669e+15
3525	8.663963e+15	6.469410e+00	1.929544e+01	2.310232e+16
3526	8.664569e+15	6.982882e+00	1.977959e+01	2.515131e+16
3527	8.665147e+15	6.351740e+00	1.664731e+01	2.013482e+16
3528	8.665776e+15	6.918451e+00	1.834385e+01	2.113950e+16
3529	8.666397e+15	6.983271e+00	1.823579e+01	2.907803e+16
3530	8.667009e+15	6.941964e+00	1.836828e+01	4.702258e+16
3531	8.667617e+15	6.552487e+00	1.805213e+01	1.584797e+16
3532	8.668228e+15	6.388265e+00	1.761858e+01	3.238683e+16
3533	8.668858e+15	6.413186e+00	1.788105e+01	2.262610e+16
3534	8.669490e+15	6.513315e+00	1.842347e+01	2.990919e+16
3535	8.670120e+15	6.974961e+00	1.893026e+01	3.340972e+16
3536	8.670728e+15	6.831453e+00	1.799829e+01	1.740997e+16
3537	8.671346e+15	7.395504e+00	1.828820e+01	1.415719e+16
3538	8.671958e+15	7.554733e+00	1.822079e+01	2.922289e+16
3539	8.672557e+15	7.601091e+00	1.888980e+01	2.611070e+16
3540	8.673145e+15	7.634031e+00	1.893264e+01	2.107699e+16
3541	8.673728e+15	7.457118e+00	1.876059e+01	3.188787e+16
3542	8.674306e+15	7.737353e+00	1.864219e+01	2.330947e+16
3543	8.674879e+15	7.722535e+00	1.842648e+01	1.405241e+16
3544	8.675460e+15	8.303631e+00	1.931181e+01	3.210545e+16
3545	8.676025e+15	7.885058e+00	1.864481e+01	2.443902e+16
3546	8.676590e+15	7.220505e+00	1.661851e+01	2.137940e+16
3547	8.677187e+15	7.937892e+00	1.756112e+01	1.239693e+16
3548	8.677774e+15	6.992246e+00	1.437341e+01	1.967452e+16
3549	8.678401e+15	7.343331e+00	1.483259e+01	2.901591e+16
3550	8.679038e+15	8.917547e+00	1.629917e+01	1.247990e+16
3551	8.679639e+15	7.966711e+00	1.453294e+01	2.422446e+16
3552	8.680272e+15	8.354936e+00	1.536167e+01	2.236682e+16
3553	8.680892e+15	7.817672e+00	1.467989e+01	2.527161e+16
3554	8.681520e+15	7.747086e+00	1.565560e+01	2.428006e+16
3555	8.682127e+15	7.592617e+00	1.545996e+01	2.593143e+16
3556	8.682731e+15	7.303692e+00	1.534470e+01	2.619562e+16
3557	8.683348e+15	7.548793e+00	1.676532e+01	2.822902e+16
3558	8.683936e+15	7.021199e+00	1.666300e+01	2.824523e+16
3559	8.684511e+15	6.452955e+00	1.661960e+01	2.160305e+16
3560	8.685091e+15	6.418469e+00	1.690593e+01	3.039641e+16
3561	8.685669e+15	6.383673e+00	1.730466e+01	9.795829e+15
3562	8.686233e+15	6.237721e+00	1.740984e+01	3.078200e+16
3563	8.686794e+15	6.316228e+00	1.683622e+01	1.913772e+16
3564	8.687362e+15	6.620379e+00	1.714320e+01	2.673910e+16
3565	8.687928e+15	6.785011e+00	1.765458e+01	1.875671e+16
3566	8.688487e+15	6.275091e+00	1.679349e+01	2.163297e+16
3567	8.689076e+15	6.941360e+00	1.773354e+01	3.564956e+16
3568	8.689664e+15	6.636691e+00	1.560632e+01	1.715414e+16
3569	8.690271e+15	6.583060e+00	1.523498e+01	1.945845e+16
3570	8.690900e+15	7.605217e+00	1.636169e+01	1.145723e+16
3571	8.691499e+15	6.945331e+00	1.525031e+01	2.994476e+16
3572	8.692105e+15	7.061015e+00	1.511936e+01	1.825425e+16
3573	8.692723e+15	7.801170e+00	1.658365e+01	3.210482e+16
3574	8.693302e+15	6.640806e+00	1.442887e+01	3.733023e+16
3575	8.693919e+15	7.890201e+00	1.636747e+01	2.505305e+16
3576	8.694501e+15	7.455649e+00	1.527069e+01	2.463280e+16
3577	8.695083e+15	7.637808e+00	1.546082e+01	2.458874e+16
3578	8.695673e+15	7.878809e+00	1.513534e+01	2.617489e+16
3579	8.696262e+15	7.511305e+00	1.469578e+01	2.076439e+16
3580	8.696859e+15	7.560546e+00	1.597279e+01	1.489698e+16
3581	8.697434e+15	7.384577e+00	1.558677e+01	3.197426e+16
3582	8.698013e+15	7.230499e+00	1.407688e+01	3.070273e+16
3583	8.698627e+15	7.449855e+00	1.578209e+01	2.748375e+16
3584	8.699241e+15	7.863396e+00	1.701281e+01	2.828290e+16
3585	8.699821e+15	6.976439e+00	1.595665e+01	2.572290e+16
3586	8.700430e+15	7.384524e+00	1.721234e+01	3.049530e+16
3587	8.701026e+15	7.532191e+00	1.757235e+01	4.090915e+16
3588	8.701617e+15	7.292492e+00	1.731944e+01	3.109434e+16
3589	8.702218e+15	7.096882e+00	1.685874e+01	2.048770e+16
3590	8.702821e+15	7.806387e+00	1.757964e+01	3.130134e+16
3591	8.703414e+15	8.048989e+00	1.798440e+01	3.558797e+16
3592	8.704015e+15	8.088494e+00	1.750358e+01	3.456649e+16
3593	8.704636e+15	8.250973e+00	1.818602e+01	3.153124e+16
3594	8.705241e+15	7.326391e+00	1.713899e+01	2.332090e+16
3595	8.705861e+15	7.663527e+00	1.718724e+01	2.659222e+16
3596	8.706483e+15	7.950864e+00	1.773789e+01	3.494259e+16
3597	8.707089e+15	7.442919e+00	1.686771e+01	4.038850e+16
3598	8.707711e+15	7.803897e+00	1.747447e+01	3.832880e+16
3599	8.708329e+15	8.205879e+00	1.833734e+01	3.634415e+16
3600	8.708929e+15	7.232668e+00	1.762825e+01	3.068489e+16
3601	8.709535e+15	7.376763e+00	1.796667e+01	2.561813e+16
3602	8.710123e+15	7.258966e+00	1.726323e+01	2.814809e+16
3603	8.710707e+15	6.913334e+00	1.633728e+01	1.814250e+16
3604	8.711320e+15	7.698530e+00	1.812783e+01	3.032187e+16
3605	8.711913e+15	7.159152e+00	1.662139e+01	2.519397e+16
3606	8.712523e+15	6.955107e+00	1.669017e+01	3.371181e+16
3607	8.713144e+15	7.412887e+00	1.772814e+01	2.415455e+16
3608	8.713749e+15	6.855211e+00	1.665364e+01	2.305381e+16
3609	8.714368e+15	7.164081e+00	1.720853e+01	2.998945e+16
3610	8.714992e+15	7.271998e+00	1.725519e+01	3.412596e+16
3611	8.715619e+15	7.162152e+00	1.682536e+01	1.523131e+16
3612	8.716261e+15	7.723626e+00	1.754433e+01	2.747954e+16
3613	8.716902e+15	7.814729e+00	1.779352e+01	3.206850e+16
3614	8.717530e+15	7.946831e+00	1.781654e+01	2.519622e+16
3615	8.718153e+15	8.143486e+00	1.860114e+01	2.490978e+16
3616	8.718758e+15	7.702375e+00	1.830273e+01	1.727944e+16
3617	8.719360e+15	8.090531e+00	1.888037e+01	2.434976e+16
3618	8.719943e+15	7.706651e+00	1.824426e+01	1.623476e+16
3619	8.720529e+15	7.976407e+00	1.868774e+01	4.370006e+16
3620	8.721110e+15	7.373275e+00	1.942404e+01	2.581201e+16
3621	8.721664e+15	6.334954e+00	1.665155e+01	2.224702e+16
3622	8.722250e+15	6.862074e+00	1.933846e+01	3.842245e+16
3623	8.722823e+15	6.098439e+00	1.753116e+01	2.472503e+16
3624	8.723412e+15	6.285727e+00	1.793130e+01	3.313130e+16
3625	8.723999e+15	6.650325e+00	1.829651e+01	2.417349e+16
3626	8.724569e+15	6.289316e+00	1.708321e+01	1.875826e+16
3627	8.725154e+15	6.471534e+00	1.696674e+01	1.828504e+16
3628	8.725747e+15	7.423746e+00	1.843704e+01	1.522104e+16
3629	8.726308e+15	6.890010e+00	1.678829e+01	2.709568e+16
3630	8.726877e+15	7.163267e+00	1.740141e+01	3.133960e+16
3631	8.727420e+15	7.106141e+00	1.626681e+01	8.594890e+15
3632	8.727964e+15	6.938009e+00	1.635658e+01	2.061335e+16
3633	8.728507e+15	6.982663e+00	1.632875e+01	2.642877e+16
3634	8.729053e+15	7.009919e+00	1.649164e+01	2.411590e+16
3635	8.729609e+15	7.433068e+00	1.765096e+01	2.483611e+16
3636	8.730166e+15	8.062824e+00	1.770323e+01	2.302326e+16
3637	8.730720e+15	7.975526e+00	1.667703e+01	2.504236e+16
3638	8.731300e+15	8.551510e+00	1.757751e+01	2.837957e+16
3639	8.731879e+15	8.273805e+00	1.698732e+01	1.599767e+16
3640	8.732459e+15	8.222218e+00	1.678704e+01	2.912347e+16
3641	8.733051e+15	8.574460e+00	1.704084e+01	1.818856e+16
3642	8.733655e+15	8.368292e+00	1.649969e+01	1.986691e+16
3643	8.734287e+15	8.752816e+00	1.709264e+01	2.808180e+16
3644	8.734928e+15	8.562440e+00	1.726129e+01	2.508808e+16
3645	8.735564e+15	8.585124e+00	1.788296e+01	2.314918e+16
3646	8.736180e+15	7.848055e+00	1.644610e+01	3.598798e+16
3647	8.736804e+15	7.996670e+00	1.639445e+01	2.043874e+16
3648	8.737420e+15	7.705983e+00	1.668129e+01	1.141160e+16
3649	8.738041e+15	7.171508e+00	1.610480e+01	2.382008e+16
3650	8.738688e+15	7.593580e+00	1.715357e+01	3.508972e+16
3651	8.739320e+15	7.143102e+00	1.648411e+01	2.033861e+16
3652	8.739954e+15	6.753712e+00	1.613254e+01	2.796921e+16
3653	8.740619e+15	7.102123e+00	1.736912e+01	3.289000e+16
3654	8.741274e+15	6.906100e+00	1.724266e+01	1.887054e+16
3655	8.741924e+15	6.714888e+00	1.694866e+01	2.435560e+16
3656	8.742587e+15	7.248102e+00	1.816106e+01	3.261027e+16
3657	8.743226e+15	6.643912e+00	1.746547e+01	3.954931e+16
3658	8.743867e+15	6.324757e+00	1.736965e+01	3.059536e+16
3659	8.744509e+15	6.662971e+00	1.801785e+01	3.149903e+16
3660	8.745136e+15	6.464341e+00	1.735379e+01	3.109199e+16
3661	8.745766e+15	6.849523e+00	1.780222e+01	1.414556e+16
3662	8.746375e+15	6.718545e+00	1.782632e+01	2.041472e+16
3663	8.746968e+15	6.287362e+00	1.680722e+01	2.520775e+16
3664	8.747588e+15	6.691651e+00	1.770549e+01	3.303408e+16
3665	8.748195e+15	6.166924e+00	1.524625e+01	2.547721e+16
3666	8.748810e+15	6.252684e+00	1.548488e+01	2.107022e+16
3667	8.749418e+15	6.505846e+00	1.496422e+01	3.048624e+16
3668	8.750025e+15	6.568033e+00	1.469517e+01	2.404720e+16
3669	8.750646e+15	6.540906e+00	1.545682e+01	2.365897e+16
3670	8.751242e+15	6.203599e+00	1.500362e+01	2.713799e+16
3671	8.751839e+15	6.250738e+00	1.510500e+01	3.208255e+16
3672	8.752441e+15	6.166554e+00	1.479340e+01	1.975018e+16
3673	8.753041e+15	6.517495e+00	1.624507e+01	2.862441e+16
3674	8.753616e+15	5.903822e+00	1.530430e+01	1.692106e+16
3675	8.754211e+15	5.944387e+00	1.682070e+01	3.763994e+16
3676	8.754802e+15	5.884666e+00	1.758412e+01	4.393807e+16
3677	8.755381e+15	5.575733e+00	1.592313e+01	1.598481e+16
3678	8.755963e+15	6.520935e+00	1.696292e+01	1.973179e+16
3679	8.756538e+15	6.415786e+00	1.667288e+01	2.143815e+16
3680	8.757116e+15	7.242744e+00	1.837179e+01	1.362745e+16
3681	8.757667e+15	7.820712e+00	1.844596e+01	2.417173e+16
3682	8.758195e+15	6.798712e+00	1.585036e+01	1.789543e+16
3683	8.758754e+15	6.945977e+00	1.680384e+01	1.767907e+16
3684	8.759306e+15	6.508902e+00	1.572025e+01	1.630535e+16
3685	8.759887e+15	6.483371e+00	1.606728e+01	1.582497e+16
3686	8.760484e+15	7.140584e+00	1.705077e+01	1.947863e+16
3687	8.761071e+15	7.453125e+00	1.654742e+01	2.707210e+16
3688	8.761670e+15	7.747559e+00	1.660577e+01	1.506705e+16
3689	8.762269e+15	7.686602e+00	1.693468e+01	2.223557e+16
3690	8.762848e+15	7.235645e+00	1.682160e+01	1.894599e+16
3691	8.763423e+15	6.434265e+00	1.462504e+01	1.416069e+16
3692	8.764050e+15	7.553555e+00	1.659900e+01	4.465561e+16
3693	8.764658e+15	6.972132e+00	1.549696e+01	2.937831e+16
3694	8.765261e+15	7.026405e+00	1.561044e+01	2.508911e+16
3695	8.765852e+15	7.025587e+00	1.609577e+01	1.775517e+16
3696	8.766420e+15	6.367513e+00	1.479551e+01	1.733612e+16
3697	8.767013e+15	7.803085e+00	1.779745e+01	2.464745e+16
3698	8.767538e+15	6.218890e+00	1.535589e+01	2.339599e+16
3699	8.768083e+15	7.658349e+00	1.714491e+01	2.658818e+16
3700	8.768598e+15	6.811500e+00	1.536837e+01	1.626962e+16
3701	8.769144e+15	7.488876e+00	1.635774e+01	2.630830e+16
3702	8.769688e+15	7.165106e+00	1.718727e+01	2.535392e+16
3703	8.770218e+15	6.746029e+00	1.602034e+01	2.532518e+16
3704	8.770774e+15	7.350103e+00	1.619904e+01	3.601080e+16
3705	8.771340e+15	7.803414e+00	1.697905e+01	3.007990e+16
3706	8.771889e+15	8.218170e+00	1.700887e+01	2.140812e+16
3707	8.772428e+15	8.292591e+00	1.621026e+01	1.218564e+16
3708	8.772964e+15	8.312826e+00	1.554633e+01	1.233994e+16
3709	8.773505e+15	8.205685e+00	1.416234e+01	2.457394e+16
3710	8.774050e+15	7.694491e+00	1.438028e+01	2.641632e+16
3711	8.774587e+15	7.218241e+00	1.392580e+01	1.882334e+16
3712	8.775149e+15	7.999643e+00	1.523228e+01	3.398755e+16
3713	8.775697e+15	7.260772e+00	1.395736e+01	3.168474e+16
3714	8.776275e+15	8.100927e+00	1.549484e+01	2.235515e+16
3715	8.776836e+15	8.205380e+00	1.574572e+01	2.318035e+16
3716	8.777384e+15	8.125744e+00	1.601078e+01	3.128599e+16
3717	8.777921e+15	7.691467e+00	1.572268e+01	1.856011e+16
3718	8.778467e+15	8.213032e+00	1.755723e+01	1.672721e+16
3719	8.778992e+15	6.966565e+00	1.645861e+01	3.067526e+16
3720	8.779550e+15	7.120344e+00	1.790189e+01	3.524157e+16
3721	8.780113e+15	7.431254e+00	1.916395e+01	3.320712e+16
3722	8.780665e+15	7.153353e+00	1.873856e+01	3.070315e+16
3723	8.781221e+15	7.870566e+00	1.999225e+01	3.726627e+16
3724	8.781749e+15	7.452582e+00	1.963982e+01	1.645595e+16
3725	8.782261e+15	7.400530e+00	1.873710e+01	3.179620e+16
3726	8.782783e+15	7.995547e+00	1.893359e+01	2.636851e+16
3727	8.783292e+15	6.818884e+00	1.650846e+01	2.189174e+16
3728	8.783845e+15	8.031356e+00	1.805224e+01	2.432303e+16
3729	8.784409e+15	7.964476e+00	1.798013e+01	3.363689e+16
3730	8.784985e+15	7.868665e+00	1.822511e+01	3.117335e+16
3731	8.785569e+15	8.189051e+00	1.986549e+01	3.097559e+16
3732	8.786120e+15	8.151408e+00	1.931892e+01	3.867980e+16
3733	8.786658e+15	7.420246e+00	1.626035e+01	1.046267e+16
3734	8.787231e+15	8.095680e+00	1.898080e+01	1.499186e+16
3735	8.787778e+15	7.799511e+00	1.870528e+01	2.590518e+16
3736	8.788309e+15	6.961109e+00	1.735216e+01	1.839508e+16
3737	8.788857e+15	7.412330e+00	1.797820e+01	3.915451e+16
3738	8.789395e+15	7.532536e+00	1.769778e+01	2.812672e+16
3739	8.789933e+15	7.300655e+00	1.786678e+01	2.125674e+16
3740	8.790489e+15	7.474225e+00	1.922777e+01	3.022706e+16
3741	8.791019e+15	6.917976e+00	1.799311e+01	2.782181e+16
3742	8.791568e+15	7.284797e+00	1.847831e+01	3.810374e+16
3743	8.792132e+15	7.747818e+00	1.863724e+01	2.361339e+16
3744	8.792687e+15	8.512284e+00	1.845600e+01	2.807637e+16
3745	8.793201e+15	7.018538e+00	1.574518e+01	2.279492e+16
3746	8.793758e+15	7.558811e+00	1.698737e+01	3.361791e+16
3747	8.794324e+15	7.251599e+00	1.710291e+01	3.400984e+16
3748	8.794895e+15	6.825043e+00	1.589294e+01	2.940103e+16
3749	8.795485e+15	6.517459e+00	1.626708e+01	2.120008e+16
3750	8.796094e+15	7.923297e+00	1.986458e+01	2.981792e+16
3751	8.796636e+15	6.043815e+00	1.635682e+01	1.555412e+16
3752	8.797224e+15	6.862514e+00	1.951169e+01	2.907446e+16
3753	8.797783e+15	6.418061e+00	1.912699e+01	2.581584e+16
3754	8.798327e+15	5.760037e+00	1.770930e+01	2.993128e+16
3755	8.798898e+15	6.301462e+00	1.999033e+01	2.981386e+16
3756	8.799436e+15	5.814149e+00	1.860745e+01	2.771878e+16
3757	8.799973e+15	5.725675e+00	1.880582e+01	2.802454e+16
3758	8.800509e+15	6.404899e+00	1.986542e+01	2.473476e+16
3759	8.801025e+15	6.353277e+00	1.871719e+01	1.136081e+16
3760	8.801540e+15	5.898062e+00	1.702017e+01	1.442292e+16
3761	8.802089e+15	6.256652e+00	1.688908e+01	1.762309e+16
3762	8.802656e+15	6.729088e+00	1.763590e+01	2.655511e+16
3763	8.803211e+15	5.693149e+00	1.597928e+01	2.970240e+16
3764	8.803800e+15	8.011608e+00	1.977426e+01	2.194447e+16
3765	8.804317e+15	6.466254e+00	1.540017e+01	1.049702e+16
3766	8.804879e+15	7.688685e+00	1.772712e+01	1.572528e+16
3767	8.805410e+15	6.994554e+00	1.572065e+01	1.349379e+16
3768	8.805946e+15	6.785014e+00	1.429666e+01	9.389739e+15
3769	8.806503e+15	7.323558e+00	1.643024e+01	9.616151e+15
3770	8.807046e+15	6.614968e+00	1.492465e+01	1.839965e+16
3771	8.807603e+15	7.008809e+00	1.514087e+01	2.708440e+16
3772	8.808165e+15	6.841817e+00	1.528255e+01	2.836805e+16
3773	8.808715e+15	7.280869e+00	1.623659e+01	1.855957e+16
3774	8.809242e+15	7.251806e+00	1.580251e+01	2.306969e+16
3775	8.809765e+15	6.376644e+00	1.467311e+01	1.295022e+16
3776	8.810291e+15	6.556028e+00	1.376810e+01	2.926503e+16
3777	8.810826e+15	6.027399e+00	1.408784e+01	1.735991e+16
3778	8.811399e+15	5.977495e+00	1.498804e+01	9.400272e+15
3779	8.811996e+15	6.749393e+00	1.728253e+01	1.346817e+16
3780	8.812548e+15	5.380322e+00	1.493687e+01	2.994695e+16
3781	8.813128e+15	6.603696e+00	1.772051e+01	1.650279e+16
3782	8.813657e+15	5.650669e+00	1.266330e+01	1.713840e+16
3783	8.814231e+15	5.907141e+00	1.388501e+01	1.912226e+16
3784	8.814808e+15	6.591636e+00	1.597728e+01	1.924013e+16
3785	8.815340e+15	5.839552e+00	1.249863e+01	2.965577e+16
3786	8.815893e+15	5.753087e+00	1.379086e+01	2.392718e+16
3787	8.816436e+15	5.964504e+00	1.535004e+01	1.796658e+16
3788	8.816952e+15	5.648615e+00	1.479937e+01	2.054012e+16
3789	8.817485e+15	6.227922e+00	1.566343e+01	2.195476e+16
3790	8.818007e+15	5.884930e+00	1.453283e+01	2.214831e+16
3791	8.818558e+15	6.290687e+00	1.534494e+01	2.237568e+16
3792	8.819120e+15	6.093508e+00	1.473272e+01	3.638446e+16
3793	8.819679e+15	5.586237e+00	1.301543e+01	1.393219e+16
3794	8.820265e+15	6.319636e+00	1.627006e+01	3.142748e+16
3795	8.820826e+15	6.187577e+00	1.505068e+01	2.427237e+16
3796	8.821392e+15	6.063825e+00	1.492086e+01	2.804135e+16
3797	8.821985e+15	6.999694e+00	1.857912e+01	3.458786e+16
3798	8.822527e+15	5.123582e+00	1.534472e+01	3.012068e+16
3799	8.823113e+15	6.027141e+00	1.832509e+01	2.139779e+16
3800	8.823666e+15	6.138548e+00	1.871444e+01	2.124678e+16
3801	8.824202e+15	6.001009e+00	1.762636e+01	2.843222e+16
3802	8.824751e+15	6.353153e+00	1.779287e+01	3.523633e+16
3803	8.825296e+15	6.002020e+00	1.759547e+01	1.771831e+16
3804	8.825846e+15	6.324113e+00	1.815360e+01	3.840105e+16
3805	8.826394e+15	6.348994e+00	1.754395e+01	1.329369e+16
3806	8.826945e+15	6.462425e+00	1.751876e+01	1.586833e+16
3807	8.827511e+15	7.045602e+00	1.801524e+01	2.841646e+16
3808	8.828080e+15	6.817460e+00	1.709227e+01	3.642799e+16
3809	8.828662e+15	7.312247e+00	1.768695e+01	2.323436e+16
3810	8.829237e+15	7.217643e+00	1.665797e+01	1.908058e+16
3811	8.829824e+15	7.219219e+00	1.679001e+01	2.518595e+16
3812	8.830407e+15	7.137252e+00	1.701674e+01	1.663891e+16
3813	8.830991e+15	6.919123e+00	1.589360e+01	3.023666e+16
3814	8.831593e+15	7.361311e+00	1.515304e+01	2.697645e+16
3815	8.832191e+15	6.136750e+00	1.479834e+01	2.150139e+16
3816	8.832831e+15	6.442317e+00	1.688169e+01	2.894112e+16
3817	8.833458e+15	5.321261e+00	1.574590e+01	3.348958e+16
3818	8.834113e+15	6.338500e+00	1.797703e+01	3.209131e+16
3819	8.834738e+15	5.551300e+00	1.633230e+01	1.870659e+16
3820	8.835376e+15	6.264110e+00	1.773620e+01	3.370585e+16
3821	8.835982e+15	6.205366e+00	1.760817e+01	2.032198e+16
3822	8.836579e+15	6.524080e+00	1.833127e+01	2.232219e+16
3823	8.837151e+15	6.336387e+00	1.784912e+01	2.651377e+16
3824	8.837718e+15	5.952830e+00	1.756474e+01	3.347322e+16
3825	8.838287e+15	4.633660e+00	1.352145e+01	1.382640e+16
3826	8.838944e+15	6.336400e+00	1.687433e+01	2.102960e+16
3827	8.839568e+15	6.999067e+00	1.771643e+01	2.901034e+16
3828	8.840158e+15	5.653901e+00	1.477613e+01	2.118169e+16
3829	8.840815e+15	6.570498e+00	1.912577e+01	4.769710e+16
3830	8.841395e+15	4.488948e+00	1.504143e+01	1.815676e+16
3831	8.842031e+15	6.159315e+00	1.799039e+01	3.456751e+16
3832	8.842632e+15	6.478468e+00	1.762745e+01	1.815734e+16
3833	8.843228e+15	5.984186e+00	1.621038e+01	2.449408e+16
3834	8.843828e+15	5.905739e+00	1.699489e+01	2.764566e+16
3835	8.844403e+15	6.184607e+00	1.723300e+01	2.908410e+16
3836	8.844954e+15	5.500552e+00	1.381036e+01	1.989895e+16
3837	8.845538e+15	6.269517e+00	1.473315e+01	2.444249e+16
3838	8.846120e+15	6.797645e+00	1.485974e+01	2.840272e+16
3839	8.846697e+15	6.628356e+00	1.504826e+01	1.726137e+16
3840	8.847266e+15	6.783317e+00	1.624157e+01	1.956151e+16
3841	8.847806e+15	6.094123e+00	1.474437e+01	2.748383e+16
3842	8.848362e+15	7.033600e+00	1.672979e+01	3.017890e+16
3843	8.848873e+15	6.643710e+00	1.559415e+01	1.709376e+16
3844	8.849380e+15	6.227154e+00	1.504866e+01	2.529017e+16
3845	8.849911e+15	7.332120e+00	1.733218e+01	2.573429e+16
3846	8.850417e+15	7.009337e+00	1.375548e+01	2.195350e+16
3847	8.850957e+15	6.797090e+00	1.549097e+01	2.820905e+16
3848	8.851522e+15	7.146713e+00	1.616352e+01	2.071611e+16
3849	8.852057e+15	6.738727e+00	1.666956e+01	2.785085e+16
3850	8.852605e+15	7.949345e+00	1.805168e+01	1.286535e+16
3851	8.853133e+15	8.288103e+00	1.810216e+01	2.795284e+16
3852	8.853662e+15	7.430552e+00	1.647742e+01	2.115568e+16
3853	8.854228e+15	7.745318e+00	1.781376e+01	2.328499e+16
3854	8.854786e+15	7.419134e+00	1.718971e+01	3.217569e+16
3855	8.855349e+15	7.392283e+00	1.724563e+01	2.400446e+16
3856	8.855897e+15	7.076420e+00	1.634188e+01	3.039058e+16
3857	8.856451e+15	7.389958e+00	1.617476e+01	1.798836e+16
3858	8.857009e+15	7.891098e+00	1.536055e+01	2.546513e+16
3859	8.857546e+15	6.604649e+00	1.496269e+01	2.018919e+16
3860	8.858111e+15	7.369122e+00	1.723065e+01	2.979798e+16
3861	8.858635e+15	6.816843e+00	1.612880e+01	2.355618e+16
3862	8.859168e+15	7.015798e+00	1.614203e+01	1.981696e+16
3863	8.859703e+15	7.770847e+00	1.686131e+01	2.583677e+16
3864	8.860227e+15	7.638811e+00	1.646918e+01	2.436775e+16
3865	8.860744e+15	7.827843e+00	1.587426e+01	2.814169e+16
3866	8.861277e+15	8.230370e+00	1.691255e+01	3.283589e+16
3867	8.861799e+15	7.327718e+00	1.595217e+01	2.127628e+16
3868	8.862334e+15	6.760051e+00	1.685947e+01	2.728773e+16
3869	8.862862e+15	6.998703e+00	1.849526e+01	1.431797e+16
3870	8.863357e+15	7.189938e+00	1.902025e+01	2.217450e+16
3871	8.863829e+15	6.074511e+00	1.617949e+01	2.320911e+16
3872	8.864346e+15	6.475473e+00	1.760184e+01	2.930758e+16
3873	8.864872e+15	6.262329e+00	1.778455e+01	2.010596e+16
3874	8.865410e+15	6.332649e+00	1.870384e+01	3.458274e+16
3875	8.865951e+15	6.683901e+00	1.894942e+01	2.378768e+16
3876	8.866473e+15	6.010772e+00	1.826746e+01	1.910677e+16
3877	8.866999e+15	6.974272e+00	1.964974e+01	3.602842e+16
3878	8.867490e+15	6.121838e+00	1.748383e+01	2.336464e+16
3879	8.868011e+15	6.474891e+00	1.835151e+01	2.691294e+16
3880	8.868535e+15	6.770101e+00	1.951680e+01	3.307085e+16
3881	8.869034e+15	6.237915e+00	1.764317e+01	2.158874e+16
3882	8.869547e+15	6.726313e+00	1.958908e+01	2.577107e+16
3883	8.870048e+15	6.723606e+00	1.979447e+01	3.301740e+16
3884	8.870536e+15	7.009330e+00	1.980398e+01	2.970042e+16
3885	8.871014e+15	6.724655e+00	1.911629e+01	2.688666e+16
3886	8.871502e+15	6.553256e+00	1.868467e+01	1.800807e+16
3887	8.871999e+15	7.744836e+00	2.012432e+01	3.691545e+16
3888	8.872493e+15	7.866750e+00	1.993445e+01	2.910392e+16
3889	8.872994e+15	7.340769e+00	1.976934e+01	3.373740e+16
3890	8.873513e+15	7.880165e+00	2.008962e+01	3.158380e+16
3891	8.874030e+15	7.880203e+00	1.963116e+01	3.414082e+16
3892	8.874545e+15	7.473640e+00	1.836449e+01	2.984820e+16
3893	8.875093e+15	8.122915e+00	2.000198e+01	2.544588e+16
3894	8.875633e+15	8.225707e+00	1.906164e+01	3.538020e+16
3895	8.876173e+15	7.835541e+00	1.942753e+01	2.454056e+16
3896	8.876714e+15	7.018836e+00	1.936363e+01	2.632277e+16
3897	8.877250e+15	6.518918e+00	1.886831e+01	2.714501e+16
3898	8.877792e+15	6.293784e+00	1.913463e+01	1.569387e+16
3899	8.878340e+15	5.848388e+00	1.864604e+01	3.833573e+16
3900	8.878904e+15	6.317695e+00	1.995154e+01	2.566033e+16
3901	8.879461e+15	6.261039e+00	1.948857e+01	4.106855e+16
3902	8.880034e+15	6.505897e+00	2.088899e+01	3.499492e+16
3903	8.880594e+15	6.335456e+00	2.223818e+01	3.745069e+16
3904	8.881139e+15	6.469479e+00	2.334088e+01	3.557835e+16
3905	8.881678e+15	6.315059e+00	2.477031e+01	4.680904e+16
3906	8.882205e+15	6.178373e+00	2.411684e+01	4.483490e+16
3907	8.882725e+15	5.557874e+00	2.301558e+01	4.569117e+16
3908	8.883275e+15	6.013164e+00	2.470670e+01	3.598867e+16
3909	8.883818e+15	6.762003e+00	2.534947e+01	3.346672e+16
3910	8.884338e+15	5.927862e+00	2.093417e+01	3.286569e+16
3911	8.884907e+15	7.284617e+00	2.478408e+01	3.176582e+16
3912	8.885446e+15	6.882007e+00	2.264939e+01	6.202592e+16
3913	8.886006e+15	7.229048e+00	2.401003e+01	5.304432e+16
3914	8.886552e+15	7.102770e+00	2.336839e+01	3.376948e+16
3915	8.887100e+15	7.544261e+00	2.457265e+01	3.313261e+16
3916	8.887638e+15	8.076860e+00	2.454465e+01	3.359671e+16
3917	8.888160e+15	7.907460e+00	2.407110e+01	3.279600e+16
3918	8.888679e+15	8.044651e+00	2.429357e+01	2.879734e+16
3919	8.889186e+15	8.466831e+00	2.421307e+01	3.419868e+16
3920	8.889667e+15	9.072392e+00	2.388596e+01	2.558944e+16
3921	8.890124e+15	9.354715e+00	2.295573e+01	1.545949e+16
3922	8.890559e+15	9.245349e+00	2.204702e+01	1.692641e+16
3923	8.890973e+15	9.055045e+00	2.099300e+01	1.152691e+16
3924	8.891374e+15	9.384189e+00	2.014401e+01	2.504516e+16
3925	8.891771e+15	9.075814e+00	2.018995e+01	1.690268e+16
3926	8.892171e+15	9.157369e+00	1.960030e+01	1.708192e+16
3927	8.892585e+15	9.535857e+00	1.925096e+01	2.126167e+16
3928	8.893017e+15	1.049473e+01	1.931963e+01	3.387327e+16
3929	8.893463e+15	1.084520e+01	1.877600e+01	2.019866e+16
3930	8.893930e+15	1.093185e+01	1.881892e+01	2.315249e+16
3931	8.894409e+15	1.067692e+01	1.843951e+01	1.451187e+16
3932	8.894895e+15	1.075095e+01	1.833705e+01	2.454686e+16
3933	8.895394e+15	1.074652e+01	1.797918e+01	2.486812e+16
3934	8.895907e+15	1.065658e+01	1.715030e+01	1.548809e+16
3935	8.896443e+15	1.040984e+01	1.623622e+01	2.006667e+16
3936	8.897007e+15	1.080490e+01	1.750961e+01	1.491625e+16
3937	8.897543e+15	9.172207e+00	1.638950e+01	2.724931e+16
3938	8.898090e+15	9.407302e+00	1.658278e+01	2.332225e+16
3939	8.898619e+15	9.259506e+00	1.637313e+01	2.599587e+16
3940	8.899135e+15	8.337968e+00	1.427479e+01	1.213658e+16
3941	8.899699e+15	8.200134e+00	1.409107e+01	1.555297e+16
3942	8.900284e+15	8.551666e+00	1.505192e+01	2.753732e+16
3943	8.900853e+15	8.124758e+00	1.421026e+01	1.662003e+16
3944	8.901422e+15	6.992930e+00	1.409147e+01	2.353751e+16
3945	8.902051e+15	8.006807e+00	1.687708e+01	2.213155e+16
3946	8.902653e+15	7.127190e+00	1.500828e+01	1.955084e+16
3947	8.903266e+15	6.801055e+00	1.553288e+01	2.395946e+16
3948	8.903905e+15	7.293851e+00	1.753731e+01	2.650185e+16
3949	8.904492e+15	7.043327e+00	1.743440e+01	3.026047e+16
3950	8.905066e+15	6.999635e+00	1.737854e+01	1.399618e+16
3951	8.905627e+15	6.037637e+00	1.508962e+01	2.656576e+16
3952	8.906224e+15	6.718601e+00	1.634498e+01	2.430000e+16
3953	8.906800e+15	6.473637e+00	1.586756e+01	9.804820e+15
3954	8.907378e+15	6.380631e+00	1.577351e+01	3.157705e+16
3955	8.907973e+15	6.523304e+00	1.662423e+01	3.387920e+16
3956	8.908565e+15	6.662730e+00	1.681733e+01	2.801142e+16
3957	8.909143e+15	7.114398e+00	1.754532e+01	2.207109e+16
3958	8.909692e+15	7.217300e+00	1.654084e+01	1.862061e+16
3959	8.910250e+15	7.309415e+00	1.641861e+01	2.024539e+16
3960	8.910815e+15	7.594441e+00	1.690527e+01	3.330087e+16
3961	8.911367e+15	6.539771e+00	1.509877e+01	1.095780e+16
3962	8.911966e+15	6.739825e+00	1.459609e+01	2.089300e+16
3963	8.912573e+15	6.895826e+00	1.631067e+01	2.951512e+16
3964	8.913144e+15	6.058477e+00	1.432357e+01	2.530490e+16
3965	8.913727e+15	7.065558e+00	1.601809e+01	2.299548e+16
3966	8.914270e+15	6.323260e+00	1.413320e+01	2.256186e+16
3967	8.914834e+15	6.048167e+00	1.477788e+01	2.406479e+16
3968	8.915401e+15	6.337440e+00	1.605082e+01	1.548072e+16
3969	8.915934e+15	5.797174e+00	1.256202e+01	3.942628e+16
3970	8.916517e+15	5.943982e+00	1.415673e+01	2.405682e+16
3971	8.917102e+15	6.233410e+00	1.525632e+01	2.340618e+16
3972	8.917656e+15	6.251075e+00	1.536259e+01	1.143352e+16
3973	8.918208e+15	6.882576e+00	1.593688e+01	3.421399e+16
3974	8.918753e+15	7.221066e+00	1.667090e+01	2.139842e+16
3975	8.919285e+15	7.037046e+00	1.576223e+01	2.006971e+16
3976	8.919832e+15	6.579617e+00	1.562888e+01	2.391170e+16
3977	8.920391e+15	6.665209e+00	1.688257e+01	2.821686e+16
3978	8.920938e+15	6.713611e+00	1.782212e+01	2.477333e+16
3979	8.921469e+15	6.572036e+00	1.735717e+01	2.952645e+16
3980	8.921998e+15	6.585718e+00	1.683029e+01	2.524726e+16
3981	8.922536e+15	6.644586e+00	1.671490e+01	3.407697e+16
3982	8.923090e+15	7.287395e+00	1.792494e+01	3.070693e+16
3983	8.923632e+15	6.670217e+00	1.669502e+01	3.111759e+16
3984	8.924176e+15	6.385374e+00	1.611536e+01	2.753298e+16
3985	8.924730e+15	6.712657e+00	1.706116e+01	1.894269e+16
3986	8.925262e+15	5.741636e+00	1.361680e+01	1.432939e+16
3987	8.925851e+15	6.681824e+00	1.548269e+01	2.196626e+16
3988	8.926444e+15	6.867135e+00	1.643970e+01	2.017548e+16
3989	8.927016e+15	6.527459e+00	1.614706e+01	2.229419e+16
3990	8.927577e+15	6.511052e+00	1.559480e+01	2.131166e+16
3991	8.928132e+15	6.033274e+00	1.495751e+01	3.283047e+16
3992	8.928686e+15	6.268993e+00	1.602620e+01	2.139263e+16
3993	8.929210e+15	5.801573e+00	1.525327e+01	2.077942e+16
3994	8.929728e+15	5.754336e+00	1.551758e+01	1.477040e+16
3995	8.930241e+15	5.472188e+00	1.442808e+01	1.722655e+16
3996	8.930773e+15	5.563570e+00	1.476162e+01	2.388216e+16
3997	8.931303e+15	5.385844e+00	1.458035e+01	1.911004e+16
3998	8.931831e+15	5.027904e+00	1.410057e+01	1.874567e+16
3999	8.932370e+15	5.240796e+00	1.503154e+01	1.366197e+16
4000	8.932907e+15	5.632128e+00	1.553596e+01	1.707501e+16
4001	8.933451e+15	6.556009e+00	1.630261e+01	2.412652e+16
4002	8.933991e+15	6.948276e+00	1.663836e+01	2.733871e+16
4003	8.934528e+15	7.006589e+00	1.736976e+01	3.054765e+16
4004	8.935067e+15	7.062281e+00	1.776860e+01	2.063180e+16
4005	8.935604e+15	6.598118e+00	1.798088e+01	2.460519e+16
4006	8.936153e+15	7.056266e+00	1.960215e+01	4.068601e+16
4007	8.936686e+15	6.963164e+00	1.873027e+01	2.473639e+16
4008	8.937220e+15	7.025976e+00	1.885909e+01	3.587391e+16
4009	8.937748e+15	6.840685e+00	1.781094e+01	2.678949e+16
4010	8.938285e+15	7.063480e+00	1.772143e+01	1.407490e+16
4011	8.938823e+15	7.200136e+00	1.842216e+01	2.520897e+16
4012	8.939355e+15	6.840099e+00	1.803056e+01	2.855244e+16
4013	8.939898e+15	6.993341e+00	1.901642e+01	2.666191e+16
4014	8.940430e+15	6.680238e+00	1.889923e+01	3.961463e+16
4015	8.940969e+15	7.174227e+00	1.971442e+01	3.097896e+16
4016	8.941498e+15	6.465418e+00	1.805424e+01	2.682962e+16
4017	8.942058e+15	6.319179e+00	1.838762e+01	3.360835e+16
4018	8.942645e+15	7.404891e+00	2.017861e+01	3.601269e+16
4019	8.943223e+15	7.326222e+00	1.993330e+01	5.149524e+16
4020	8.943794e+15	7.050099e+00	1.977092e+01	3.460310e+16
4021	8.944358e+15	6.984399e+00	1.924092e+01	2.561119e+16
4022	8.944889e+15	6.326464e+00	1.761005e+01	2.191835e+16
4023	8.945426e+15	6.629333e+00	1.824180e+01	1.644637e+16
4024	8.945941e+15	6.213242e+00	1.712352e+01	3.013345e+16
4025	8.946460e+15	7.031431e+00	1.781652e+01	1.388717e+16
4026	8.946960e+15	6.104509e+00	1.546390e+01	2.068671e+16
4027	8.947492e+15	6.391648e+00	1.619289e+01	1.828454e+16
4028	8.948027e+15	6.695338e+00	1.621221e+01	3.183731e+16
4029	8.948550e+15	6.046595e+00	1.497400e+01	1.723920e+16
4030	8.949101e+15	6.444612e+00	1.562338e+01	2.516547e+16
4031	8.949653e+15	6.842668e+00	1.582478e+01	2.155257e+16
4032	8.950194e+15	6.084445e+00	1.482141e+01	3.859569e+16
4033	8.950772e+15	7.030574e+00	1.718014e+01	3.437681e+16
4034	8.951328e+15	6.274552e+00	1.535960e+01	2.841953e+16
4035	8.951919e+15	6.738900e+00	1.733378e+01	3.156295e+16
4036	8.952495e+15	6.927862e+00	1.870335e+01	3.187417e+16
4037	8.953032e+15	6.250898e+00	1.720141e+01	3.502004e+16
4038	8.953566e+15	5.573312e+00	1.639937e+01	1.683398e+16
4039	8.954110e+15	6.321151e+00	1.922903e+01	3.581069e+16
4040	8.954603e+15	5.831883e+00	1.765208e+01	2.400705e+16
4041	8.955106e+15	5.683990e+00	1.772627e+01	3.241108e+16
4042	8.955620e+15	5.637809e+00	1.745935e+01	3.291956e+16
4043	8.956153e+15	5.243545e+00	1.647049e+01	2.647208e+16
4044	8.956730e+15	6.608058e+00	2.074109e+01	4.233121e+16
4045	8.957242e+15	5.458185e+00	1.730452e+01	3.422144e+16
4046	8.957784e+15	5.918774e+00	1.880650e+01	2.396431e+16
4047	8.958314e+15	5.658487e+00	1.787591e+01	2.301170e+16
4048	8.958849e+15	5.275694e+00	1.599804e+01	3.055778e+16
4049	8.959442e+15	6.793153e+00	1.986899e+01	2.527552e+16
4050	8.960009e+15	6.086907e+00	1.733004e+01	3.681336e+16
4051	8.960621e+15	5.833688e+00	1.934398e+01	2.549240e+16
4052	8.961211e+15	6.056040e+00	2.009584e+01	3.330543e+16
4053	8.961751e+15	5.261058e+00	1.834644e+01	2.719395e+16
4054	8.962313e+15	5.322848e+00	1.928189e+01	3.348277e+16
4055	8.962875e+15	5.530741e+00	1.955632e+01	2.646436e+16
4056	8.963428e+15	5.106728e+00	1.830707e+01	3.166601e+16
4057	8.964009e+15	5.858966e+00	2.047231e+01	2.542548e+16
4058	8.964558e+15	5.642362e+00	1.893043e+01	4.324863e+16
4059	8.965127e+15	6.086200e+00	1.957418e+01	4.491539e+16
4060	8.965700e+15	6.027920e+00	1.882144e+01	2.401157e+16
4061	8.966290e+15	5.914731e+00	1.921668e+01	2.627105e+16
4062	8.966881e+15	6.041083e+00	1.844905e+01	3.077594e+16
4063	8.967475e+15	6.306116e+00	1.866837e+01	2.352448e+16
4064	8.968084e+15	5.935472e+00	1.801073e+01	2.686545e+16
4065	8.968725e+15	5.930057e+00	1.903326e+01	2.968862e+16
4066	8.969359e+15	5.628094e+00	1.897482e+01	1.950759e+16
4067	8.969993e+15	5.664489e+00	2.011163e+01	3.830321e+16
4068	8.970605e+15	5.991019e+00	2.075661e+01	5.448420e+16
4069	8.971194e+15	5.528881e+00	2.135850e+01	4.282291e+16
4070	8.971755e+15	5.081027e+00	2.093506e+01	3.132760e+16
4071	8.972295e+15	4.670641e+00	1.953603e+01	2.854387e+16
4072	8.972859e+15	4.824963e+00	2.049850e+01	4.761013e+16
4073	8.973425e+15	5.182228e+00	2.060716e+01	3.180066e+16
4074	8.973985e+15	4.906839e+00	2.007779e+01	3.098660e+16
4075	8.974547e+15	5.199358e+00	2.071349e+01	2.232356e+16
4076	8.975094e+15	5.274308e+00	2.087647e+01	3.315812e+16
4077	8.975625e+15	5.181451e+00	1.924865e+01	2.669304e+16
4078	8.976176e+15	6.609143e+00	2.206853e+01	2.779136e+16
4079	8.976689e+15	5.747394e+00	1.788470e+01	1.910881e+16
4080	8.977258e+15	7.467921e+00	2.135813e+01	1.559640e+16
4081	8.977791e+15	7.333441e+00	1.948744e+01	3.678755e+16
4082	8.978330e+15	7.374822e+00	1.888088e+01	1.756280e+16
4083	8.978866e+15	7.400672e+00	1.860030e+01	7.443789e+15
4084	8.979396e+15	7.858751e+00	1.878501e+01	1.560729e+16
4085	8.979908e+15	7.162745e+00	1.707500e+01	1.090205e+16
4086	8.980447e+15	7.864610e+00	1.863060e+01	1.995541e+16
4087	8.980973e+15	6.298870e+00	1.476296e+01	2.734846e+16
4088	8.981582e+15	7.246040e+00	1.776098e+01	1.793681e+16
4089	8.982184e+15	7.721083e+00	1.867336e+01	2.951313e+16
4090	8.982750e+15	7.290427e+00	1.806905e+01	3.071940e+16
4091	8.983314e+15	7.786135e+00	1.929265e+01	2.006256e+16
4092	8.983851e+15	6.448106e+00	1.662534e+01	2.714990e+16
4093	8.984415e+15	6.306935e+00	1.788282e+01	1.908372e+16
4094	8.984972e+15	6.567952e+00	1.819719e+01	1.805501e+16
4095	8.985515e+15	6.249478e+00	1.683835e+01	1.819393e+16
4096	8.986075e+15	6.548660e+00	1.726581e+01	1.956021e+16
4097	8.986622e+15	6.536111e+00	1.747758e+01	2.287453e+16
4098	8.987154e+15	6.533275e+00	1.669230e+01	2.341903e+16
4099	8.987686e+15	6.891155e+00	1.629075e+01	2.035810e+16
4100	8.988226e+15	6.912763e+00	1.595432e+01	2.629092e+16
4101	8.988775e+15	6.607596e+00	1.549707e+01	7.007920e+15
4102	8.989340e+15	7.129022e+00	1.609301e+01	2.778655e+16
4103	8.989899e+15	7.087733e+00	1.561142e+01	2.387041e+16
4104	8.990454e+15	6.773809e+00	1.471328e+01	1.863500e+16
4105	8.991027e+15	6.815502e+00	1.483364e+01	2.611988e+16
4106	8.991600e+15	6.934689e+00	1.519350e+01	1.417329e+16
4107	8.992165e+15	6.242503e+00	1.368367e+01	1.242422e+16
4108	8.992767e+15	6.188475e+00	1.425346e+01	1.510861e+16
4109	8.993384e+15	6.433595e+00	1.577277e+01	2.120166e+16
4110	8.993970e+15	5.913896e+00	1.477917e+01	2.929834e+16
4111	8.994576e+15	5.941163e+00	1.513755e+01	3.052818e+16
4112	8.995190e+15	5.959712e+00	1.604743e+01	1.716874e+16
4113	8.995778e+15	5.743312e+00	1.660930e+01	1.604708e+16
4114	8.996350e+15	5.550019e+00	1.676967e+01	1.533578e+16
4115	8.996910e+15	5.117239e+00	1.592551e+01	2.558259e+16
4116	8.997480e+15	5.179953e+00	1.652779e+01	2.484550e+16
4117	8.998039e+15	4.978855e+00	1.592264e+01	1.250319e+16
4118	8.998601e+15	5.171724e+00	1.587964e+01	2.026088e+16
4119	8.999160e+15	5.164351e+00	1.559040e+01	1.827544e+16
4120	8.999729e+15	5.574490e+00	1.681472e+01	2.337509e+16
4121	9.000279e+15	5.412618e+00	1.545430e+01	1.824322e+16
4122	9.000845e+15	5.764229e+00	1.484753e+01	2.260444e+16
4123	9.001442e+15	6.527290e+00	1.640389e+01	2.263006e+16
4124	9.002023e+15	5.738741e+00	1.475151e+01	2.381296e+16
4125	9.002631e+15	6.388104e+00	1.596905e+01	2.380264e+16
4126	9.003227e+15	6.760466e+00	1.589383e+01	1.860030e+16
4127	9.003813e+15	6.451496e+00	1.541048e+01	3.444480e+16
4128	9.004401e+15	6.636511e+00	1.561012e+01	2.264701e+16
4129	9.004982e+15	6.267561e+00	1.500878e+01	2.090763e+16
4130	9.005561e+15	5.558827e+00	1.424350e+01	1.996930e+16
4131	9.006157e+15	5.601252e+00	1.381301e+01	9.252683e+15
4132	9.006745e+15	5.191873e+00	1.421023e+01	1.790935e+16
4133	9.007317e+15	5.204271e+00	1.514744e+01	2.056622e+16
4134	9.007872e+15	4.364943e+00	1.232059e+01	1.525241e+16
4135	9.008482e+15	5.410578e+00	1.503310e+01	2.013525e+16
4136	9.009051e+15	4.881795e+00	1.380856e+01	2.179738e+16
4137	9.009639e+15	4.553222e+00	1.310378e+01	1.521305e+16
4138	9.010262e+15	4.316259e+00	1.317511e+01	1.861999e+16
4139	9.010879e+15	5.112812e+00	1.464499e+01	1.324042e+16
4140	9.011454e+15	5.768222e+00	1.487389e+01	2.168111e+16
4141	9.012017e+15	6.662533e+00	1.517041e+01	2.631620e+16
4142	9.012552e+15	6.488181e+00	1.426789e+01	1.390950e+16
4143	9.013096e+15	6.715647e+00	1.504586e+01	1.646935e+16
4144	9.013634e+15	5.735452e+00	1.408634e+01	2.147247e+16
4145	9.014194e+15	5.526527e+00	1.450348e+01	2.903343e+16
4146	9.014763e+15	5.637581e+00	1.556358e+01	1.621900e+16
4147	9.015309e+15	4.251810e+00	1.203201e+01	1.913926e+16
4148	9.015957e+15	6.052482e+00	1.759802e+01	2.950562e+16
4149	9.016533e+15	6.067513e+00	1.644035e+01	2.676818e+16
4150	9.017093e+15	6.431227e+00	1.667225e+01	2.992174e+16
4151	9.017640e+15	7.010509e+00	1.735981e+01	4.342097e+16
4152	9.018156e+15	5.745266e+00	1.455148e+01	3.333547e+16
4153	9.018719e+15	5.992224e+00	1.691361e+01	1.554097e+16
4154	9.019257e+15	5.703749e+00	1.629904e+01	1.677636e+16
4155	9.019797e+15	5.889991e+00	1.370880e+01	3.722794e+16
4156	9.020350e+15	5.887216e+00	1.328129e+01	2.556394e+16
4157	9.020920e+15	6.361670e+00	1.493838e+01	2.061465e+16
4158	9.021452e+15	6.122745e+00	1.424127e+01	7.911385e+15
4159	9.022009e+15	6.307683e+00	1.523059e+01	3.833894e+16
4160	9.022567e+15	6.171195e+00	1.563305e+01	3.140628e+16
4161	9.023119e+15	6.118045e+00	1.500696e+01	2.485392e+16
4162	9.023708e+15	5.669756e+00	1.632407e+01	2.277797e+16
4163	9.024316e+15	5.746154e+00	1.678297e+01	4.136483e+16
4164	9.024913e+15	5.613666e+00	1.638769e+01	3.883984e+16
4165	9.025521e+15	5.346641e+00	1.650827e+01	3.167840e+16
4166	9.026129e+15	5.581172e+00	1.757921e+01	4.279079e+16
4167	9.026703e+15	5.157823e+00	1.691077e+01	3.447509e+16
4168	9.027282e+15	5.439429e+00	1.748698e+01	2.724487e+16
4169	9.027842e+15	5.392358e+00	1.750947e+01	2.284451e+16
4170	9.028390e+15	5.537687e+00	1.694045e+01	2.065130e+16
4171	9.028944e+15	5.386838e+00	1.674699e+01	3.067847e+16
4172	9.029509e+15	5.574258e+00	1.776124e+01	3.379528e+16
4173	9.030063e+15	5.069146e+00	1.644279e+01	3.610838e+16
4174	9.030637e+15	5.404688e+00	1.723255e+01	3.009545e+16
4175	9.031205e+15	5.810420e+00	1.705443e+01	5.271318e+16
4176	9.031778e+15	6.038908e+00	1.714192e+01	2.563490e+16
4177	9.032360e+15	6.610609e+00	1.793212e+01	5.771462e+16
4178	9.032943e+15	6.354670e+00	1.683742e+01	4.329709e+16
4179	9.033562e+15	6.898641e+00	1.782636e+01	6.095425e+16
4180	9.034179e+15	6.219196e+00	1.685344e+01	4.113040e+16
4181	9.034816e+15	5.909546e+00	1.738863e+01	2.957411e+16
4182	9.035459e+15	5.621465e+00	1.822951e+01	3.158585e+16
4183	9.036090e+15	5.427059e+00	1.768166e+01	4.372339e+16
4184	9.036743e+15	5.506789e+00	1.799994e+01	3.088697e+16
4185	9.037412e+15	5.102931e+00	1.816017e+01	3.402301e+16
4186	9.038092e+15	4.786429e+00	1.819576e+01	2.863516e+16
4187	9.038796e+15	5.650056e+00	2.276051e+01	4.401138e+16
4188	9.039400e+15	4.534716e+00	1.746993e+01	3.409030e+16
4189	9.040012e+15	4.029573e+00	1.712816e+01	2.809084e+16
4190	9.040648e+15	4.436920e+00	1.902301e+01	3.133223e+16
4191	9.041261e+15	5.284152e+00	2.031717e+01	3.361418e+16
4192	9.041854e+15	5.003643e+00	1.982708e+01	2.190922e+16
4193	9.042464e+15	5.230938e+00	2.057114e+01	2.277193e+16
4194	9.043066e+15	5.123226e+00	2.035057e+01	2.368959e+16
4195	9.043652e+15	4.832376e+00	1.961646e+01	1.535261e+16
4196	9.044231e+15	4.993159e+00	1.994244e+01	2.580233e+16
4197	9.044793e+15	4.502111e+00	1.714047e+01	3.259462e+16
4198	9.045397e+15	5.590342e+00	1.979051e+01	1.852490e+16
4199	9.045961e+15	5.463252e+00	1.761621e+01	2.817079e+16
4200	9.046537e+15	5.375574e+00	1.684849e+01	3.075794e+16
4201	9.047095e+15	5.109805e+00	1.825378e+01	2.759212e+16
4202	9.047628e+15	5.356676e+00	1.803162e+01	2.866288e+16
4203	9.048145e+15	5.391538e+00	1.700807e+01	1.854419e+16
4204	9.048676e+15	5.864045e+00	1.758890e+01	2.138930e+16
4205	9.049210e+15	5.563779e+00	1.695264e+01	2.071506e+16
4206	9.049758e+15	5.739172e+00	1.791510e+01	3.427680e+16
4207	9.050307e+15	5.614801e+00	1.732730e+01	2.333233e+16
4208	9.050879e+15	5.895211e+00	1.678379e+01	3.033087e+16
4209	9.051455e+15	5.684355e+00	1.443803e+01	2.823848e+16
4210	9.052070e+15	5.931528e+00	1.539234e+01	1.461017e+16
4211	9.052671e+15	5.474649e+00	1.491161e+01	2.205923e+16
4212	9.053290e+15	5.320721e+00	1.461658e+01	1.552357e+16
4213	9.053938e+15	6.060353e+00	1.628058e+01	2.809797e+16
4214	9.054565e+15	6.581427e+00	1.669254e+01	2.785114e+16
4215	9.055162e+15	5.536909e+00	1.602968e+01	1.207680e+16
4216	9.055756e+15	4.970044e+00	1.526448e+01	1.538409e+16
4217	9.056357e+15	4.393638e+00	1.547495e+01	2.419885e+16
4218	9.056968e+15	4.622288e+00	1.726049e+01	1.593960e+16
4219	9.057529e+15	4.179467e+00	1.519502e+01	1.788372e+16
4220	9.058094e+15	4.117578e+00	1.496510e+01	1.215237e+16
4221	9.058664e+15	4.109665e+00	1.376398e+01	2.015333e+16
4222	9.059259e+15	5.191222e+00	1.633999e+01	1.938108e+16
4223	9.059812e+15	4.460093e+00	1.332997e+01	1.350719e+16
4224	9.060406e+15	4.505683e+00	1.224204e+01	3.251355e+16
4225	9.061039e+15	5.199019e+00	1.458472e+01	2.613418e+16
4226	9.061636e+15	4.774675e+00	1.379524e+01	1.144477e+16
4227	9.062229e+15	5.205203e+00	1.399499e+01	2.438898e+16
4228	9.062828e+15	5.463292e+00	1.414077e+01	2.555344e+16
4229	9.063436e+15	5.307619e+00	1.447102e+01	2.009766e+16
4230	9.064039e+15	4.939126e+00	1.478758e+01	2.639822e+16
4231	9.064642e+15	4.501802e+00	1.384172e+01	2.669075e+16
4232	9.065280e+15	5.466982e+00	1.514448e+01	2.307866e+16
4233	9.065911e+15	5.921341e+00	1.460332e+01	1.980958e+16
4234	9.066543e+15	5.746806e+00	1.405924e+01	3.272778e+16
4235	9.067202e+15	6.104001e+00	1.639456e+01	1.915475e+16
4236	9.067802e+15	5.412088e+00	1.464289e+01	2.326487e+16
4237	9.068406e+15	5.647911e+00	1.589613e+01	2.798850e+16
4238	9.068964e+15	5.039922e+00	1.436262e+01	2.065379e+16
4239	9.069534e+15	4.569422e+00	1.465451e+01	2.704201e+16
4240	9.070114e+15	4.845307e+00	1.625252e+01	2.628827e+16
4241	9.070669e+15	4.142128e+00	1.396796e+01	2.456368e+16
4242	9.071275e+15	4.307859e+00	1.498358e+01	2.727110e+16
4243	9.071891e+15	4.294096e+00	1.518242e+01	2.550451e+16
4244	9.072514e+15	5.010925e+00	1.579257e+01	2.347961e+16
4245	9.073141e+15	5.527466e+00	1.569521e+01	3.044930e+16
4246	9.073772e+15	6.042089e+00	1.631127e+01	2.867902e+16
4247	9.074391e+15	5.835371e+00	1.630883e+01	1.973980e+16
4248	9.075004e+15	4.934973e+00	1.617101e+01	2.084235e+16
4249	9.075614e+15	4.927090e+00	1.651961e+01	2.931461e+16
4250	9.076207e+15	4.709071e+00	1.513264e+01	2.205047e+16
4251	9.076792e+15	4.462404e+00	1.505159e+01	3.047723e+16
4252	9.077404e+15	5.211895e+00	1.720525e+01	1.927779e+16
4253	9.077959e+15	4.863986e+00	1.477137e+01	1.675369e+16
4254	9.078548e+15	4.981183e+00	1.541138e+01	1.632219e+16
4255	9.079141e+15	5.332029e+00	1.518086e+01	4.092008e+16
4256	9.079726e+15	4.975390e+00	1.450293e+01	1.760834e+16
4257	9.080343e+15	5.399458e+00	1.521826e+01	1.497234e+16
4258	9.080967e+15	5.783854e+00	1.603101e+01	3.520640e+16
4259	9.081570e+15	5.420997e+00	1.495340e+01	3.252420e+16
4260	9.082188e+15	5.643684e+00	1.584297e+01	2.386583e+16
4261	9.082794e+15	6.140535e+00	1.686598e+01	2.741553e+16
4262	9.083368e+15	5.315477e+00	1.487030e+01	2.350424e+16
4263	9.083979e+15	6.389540e+00	1.673441e+01	3.618165e+16
4264	9.084551e+15	5.636242e+00	1.478461e+01	2.693928e+16
4265	9.085149e+15	6.085370e+00	1.513242e+01	3.301948e+16
4266	9.085736e+15	6.640845e+00	1.582497e+01	2.143934e+16
4267	9.086295e+15	6.351003e+00	1.408762e+01	1.756523e+16
4268	9.086886e+15	7.047079e+00	1.501960e+01	2.668931e+16
4269	9.087460e+15	7.065871e+00	1.361737e+01	1.992808e+16
4270	9.088029e+15	7.032854e+00	1.451169e+01	1.736699e+16
4271	9.088606e+15	7.619116e+00	1.544377e+01	1.532227e+16
4272	9.089173e+15	7.888711e+00	1.546653e+01	2.202100e+16
4273	9.089737e+15	7.262166e+00	1.494050e+01	2.651060e+16
4274	9.090334e+15	7.947015e+00	1.619397e+01	3.376367e+16
4275	9.090911e+15	6.883098e+00	1.509335e+01	3.318267e+16
4276	9.091505e+15	7.277607e+00	1.615806e+01	1.962461e+16
4277	9.092099e+15	7.875176e+00	1.736068e+01	2.274342e+16
4278	9.092667e+15	7.326748e+00	1.673696e+01	2.044345e+16
4279	9.093242e+15	7.877126e+00	1.769428e+01	2.133942e+16
4280	9.093801e+15	6.798903e+00	1.535852e+01	2.447393e+16
4281	9.094390e+15	7.624884e+00	1.745672e+01	3.251942e+16
4282	9.094953e+15	7.866835e+00	1.765474e+01	2.203685e+16
4283	9.095499e+15	7.898254e+00	1.641291e+01	2.660819e+16
4284	9.096056e+15	8.141629e+00	1.716683e+01	2.750185e+16
4285	9.096604e+15	8.710652e+00	1.880537e+01	2.948131e+16
4286	9.097134e+15	8.771253e+00	1.850786e+01	2.688596e+16
4287	9.097661e+15	8.980254e+00	1.873754e+01	3.215723e+16
4288	9.098183e+15	9.237986e+00	1.910995e+01	1.825101e+16
4289	9.098717e+15	1.012487e+01	2.084023e+01	3.288523e+16
4290	9.099224e+15	8.535781e+00	1.733601e+01	3.019656e+16
4291	9.099752e+15	8.923320e+00	1.945561e+01	2.969789e+16
4292	9.100269e+15	8.911331e+00	1.956189e+01	3.524864e+16
4293	9.100776e+15	8.540039e+00	1.861497e+01	2.327275e+16
4294	9.101295e+15	9.030537e+00	1.905942e+01	2.322302e+16
4295	9.101803e+15	8.673962e+00	1.804644e+01	1.008126e+16
4296	9.102308e+15	8.943591e+00	1.824517e+01	1.524489e+16
4297	9.102814e+15	8.945988e+00	1.804766e+01	2.615688e+16
4298	9.103325e+15	9.292143e+00	1.811257e+01	3.171054e+16
4299	9.103841e+15	9.322144e+00	1.798304e+01	2.732193e+16
4300	9.104366e+15	1.032752e+01	1.953259e+01	2.176517e+16
4301	9.104866e+15	8.752254e+00	1.641815e+01	3.199492e+16
4302	9.105418e+15	1.184539e+01	2.083206e+01	2.449296e+16
4303	9.105918e+15	1.074086e+01	1.834825e+01	3.437824e+16
4304	9.106431e+15	1.072659e+01	1.803215e+01	3.334171e+16
4305	9.106962e+15	1.004484e+01	1.656956e+01	1.601277e+16
4306	9.107488e+15	9.549477e+00	1.575161e+01	1.846753e+16
4307	9.108018e+15	9.589354e+00	1.618980e+01	2.664641e+16
4308	9.108545e+15	9.637898e+00	1.557471e+01	2.863158e+16
4309	9.109090e+15	9.034011e+00	1.623214e+01	3.526607e+16
4310	9.109632e+15	8.395098e+00	1.648495e+01	2.489703e+16
4311	9.110182e+15	8.254233e+00	1.724342e+01	4.127977e+16
4312	9.110726e+15	7.650939e+00	1.713807e+01	2.059845e+16
4313	9.111277e+15	7.561552e+00	1.809362e+01	3.475693e+16
4314	9.111817e+15	7.266461e+00	1.820787e+01	2.878820e+16
4315	9.112354e+15	6.702743e+00	1.762269e+01	2.327251e+16
4316	9.112912e+15	6.836515e+00	1.894011e+01	2.867222e+16
4317	9.113458e+15	6.732145e+00	1.887248e+01	1.192642e+16
4318	9.113994e+15	6.654916e+00	1.844167e+01	2.563200e+16
4319	9.114541e+15	6.902701e+00	1.901809e+01	1.772403e+16
4320	9.115081e+15	7.046576e+00	1.943917e+01	2.006133e+16
4321	9.115615e+15	6.830711e+00	1.920497e+01	2.932970e+16
4322	9.116155e+15	6.827093e+00	1.953891e+01	2.308104e+16
4323	9.116689e+15	6.648297e+00	1.924123e+01	2.409405e+16
4324	9.117222e+15	6.216351e+00	1.749267e+01	1.827410e+16
4325	9.117793e+15	6.823946e+00	1.677015e+01	2.186091e+16
4326	9.118373e+15	6.522504e+00	1.814281e+01	2.329472e+16
4327	9.118960e+15	6.072080e+00	1.838683e+01	2.591479e+16
4328	9.119558e+15	6.067808e+00	1.902173e+01	4.050562e+16
4329	9.120170e+15	6.219892e+00	2.000058e+01	1.926261e+16
4330	9.120770e+15	6.175049e+00	2.002495e+01	3.180465e+16
4331	9.121364e+15	6.468390e+00	2.049406e+01	2.707608e+16
4332	9.121956e+15	6.356498e+00	2.075300e+01	3.729235e+16
4333	9.122537e+15	6.139219e+00	2.009975e+01	2.758065e+16
4334	9.123109e+15	6.249296e+00	2.005734e+01	2.620862e+16
4335	9.123669e+15	5.956853e+00	1.960005e+01	2.200978e+16
4336	9.124234e+15	6.288251e+00	2.052477e+01	2.683599e+16
4337	9.124792e+15	6.456094e+00	2.017117e+01	2.508334e+16
4338	9.125354e+15	6.736968e+00	1.979902e+01	2.187515e+16
4339	9.125924e+15	6.794074e+00	1.941760e+01	3.231613e+16
4340	9.126505e+15	6.877891e+00	1.958918e+01	3.735027e+16
4341	9.127089e+15	6.962636e+00	2.076086e+01	3.347436e+16
4342	9.127647e+15	7.254175e+00	2.063229e+01	3.330777e+16
4343	9.128191e+15	7.513269e+00	2.094682e+01	2.307858e+16
4344	9.128724e+15	7.848823e+00	2.096770e+01	2.444484e+16
4345	9.129254e+15	7.869726e+00	2.099196e+01	2.667024e+16
4346	9.129782e+15	7.834122e+00	2.081309e+01	2.585515e+16
4347	9.130314e+15	7.784749e+00	2.064907e+01	3.064222e+16
4348	9.130854e+15	7.901770e+00	2.049778e+01	2.770005e+16
4349	9.131402e+15	7.923386e+00	2.004082e+01	2.939311e+16
4350	9.131958e+15	7.945968e+00	1.991261e+01	2.488106e+16
4351	9.132521e+15	7.861753e+00	1.813119e+01	2.308574e+16
4352	9.133098e+15	8.257747e+00	1.913187e+01	2.280109e+16
4353	9.133663e+15	8.764297e+00	1.935521e+01	1.986544e+16
4354	9.134213e+15	8.897642e+00	1.893878e+01	3.730550e+16
4355	9.134761e+15	8.737389e+00	1.886895e+01	2.460984e+16
4356	9.135306e+15	8.539297e+00	1.914281e+01	3.399142e+16
4357	9.135838e+15	8.095253e+00	1.874606e+01	2.969181e+16
4358	9.136372e+15	8.102806e+00	1.971152e+01	3.355066e+16
4359	9.136892e+15	7.302994e+00	1.821228e+01	3.932954e+16
4360	9.137441e+15	7.462649e+00	1.978186e+01	4.303758e+16
4361	9.137992e+15	7.046658e+00	2.006997e+01	3.985373e+16
4362	9.138540e+15	7.381143e+00	2.047011e+01	3.488956e+16
4363	9.139092e+15	7.323225e+00	2.086883e+01	3.598235e+16
4364	9.139639e+15	7.225741e+00	2.136647e+01	3.117578e+16
4365	9.140177e+15	8.102802e+00	2.266500e+01	2.959505e+16
4366	9.140684e+15	7.351943e+00	2.033966e+01	3.176234e+16
4367	9.141215e+15	7.604464e+00	2.174470e+01	1.988030e+16
4368	9.141744e+15	7.056307e+00	2.109615e+01	3.325675e+16
4369	9.142282e+15	7.241006e+00	2.194431e+01	2.808533e+16
4370	9.142819e+15	7.269562e+00	2.173490e+01	3.341130e+16
4371	9.143355e+15	6.903348e+00	2.046816e+01	3.402781e+16
4372	9.143919e+15	7.146484e+00	2.247432e+01	4.295977e+16
4373	9.144464e+15	7.538115e+00	2.136169e+01	3.434475e+16
4374	9.145004e+15	8.103329e+00	2.091589e+01	2.965674e+16
4375	9.145550e+15	8.123078e+00	2.057680e+01	3.690131e+16
4376	9.146105e+15	7.668025e+00	2.033901e+01	3.968504e+16
4377	9.146665e+15	8.118331e+00	2.139369e+01	3.001487e+16
4378	9.147205e+15	7.267163e+00	1.917710e+01	3.740171e+16
4379	9.147764e+15	7.264793e+00	1.926217e+01	2.316626e+16
4380	9.148341e+15	8.060693e+00	2.099303e+01	3.704151e+16
4381	9.148893e+15	7.245332e+00	1.891334e+01	3.943788e+16
4382	9.149469e+15	7.590997e+00	1.926666e+01	4.199819e+16
4383	9.150052e+15	8.018491e+00	2.001872e+01	2.430396e+16
4384	9.150614e+15	7.550520e+00	1.887581e+01	2.609685e+16
4385	9.151192e+15	7.836614e+00	2.099114e+01	3.512548e+16
4386	9.151747e+15	7.715801e+00	2.067419e+01	2.797523e+16
4387	9.152303e+15	7.292347e+00	2.125409e+01	2.686454e+16
4388	9.152854e+15	7.265774e+00	2.132989e+01	3.896310e+16
4389	9.153405e+15	7.339555e+00	2.288732e+01	2.518365e+16
4390	9.153935e+15	6.201593e+00	1.979055e+01	3.034548e+16
4391	9.154510e+15	7.553821e+00	2.254986e+01	3.242486e+16
4392	9.155048e+15	7.311049e+00	2.016457e+01	1.814780e+16
4393	9.155601e+15	7.409342e+00	1.968540e+01	2.178855e+16
4394	9.156166e+15	7.646862e+00	2.008496e+01	2.164733e+16
4395	9.156715e+15	7.040690e+00	1.672589e+01	2.237345e+16
4396	9.157295e+15	7.554670e+00	1.861986e+01	2.698700e+16
4397	9.157862e+15	7.517626e+00	1.822028e+01	3.325315e+16
4398	9.158430e+15	7.038666e+00	1.799249e+01	2.000772e+16
4399	9.159011e+15	6.970942e+00	1.661987e+01	2.360732e+16
4400	9.159595e+15	6.291387e+00	1.686714e+01	1.383092e+16
4401	9.160185e+15	6.788015e+00	1.953342e+01	2.212752e+16
4402	9.160726e+15	5.131059e+00	1.541708e+01	2.219675e+16
4403	9.161351e+15	6.510515e+00	1.959365e+01	2.394684e+16
4404	9.161938e+15	6.374852e+00	1.875647e+01	2.309738e+16
4405	9.162519e+15	6.310893e+00	1.742223e+01	2.504525e+16
4406	9.163136e+15	6.848743e+00	1.929892e+01	3.022825e+16
4407	9.163729e+15	6.492251e+00	1.880206e+01	2.677551e+16
4408	9.164314e+15	6.708053e+00	2.045679e+01	2.718729e+16
4409	9.164857e+15	7.387455e+00	1.884914e+01	4.319954e+16
4410	9.165408e+15	7.891663e+00	1.904294e+01	2.102648e+16
4411	9.165971e+15	7.898509e+00	2.038178e+01	1.778335e+16
4412	9.166526e+15	6.897780e+00	1.839728e+01	2.725165e+16
4413	9.167102e+15	6.987450e+00	1.950736e+01	2.991199e+16
4414	9.167670e+15	7.421755e+00	2.035841e+01	3.478367e+16
4415	9.168217e+15	7.140024e+00	1.936351e+01	3.099076e+16
4416	9.168773e+15	7.431400e+00	2.034663e+01	3.262071e+16
4417	9.169318e+15	7.026143e+00	1.884312e+01	2.894920e+16
4418	9.169878e+15	7.562407e+00	1.980649e+01	1.531414e+16
4419	9.170432e+15	8.390022e+00	2.001118e+01	1.904548e+16
4420	9.170972e+15	8.346251e+00	1.865911e+01	2.440196e+16
4421	9.171520e+15	9.238123e+00	1.934495e+01	2.567182e+16
4422	9.172054e+15	9.424434e+00	1.934822e+01	2.783689e+16
4423	9.172575e+15	8.265915e+00	1.722548e+01	2.158345e+16
4424	9.173142e+15	9.455274e+00	2.003314e+01	3.031633e+16
4425	9.173685e+15	8.488499e+00	1.739095e+01	3.229299e+16
4426	9.174273e+15	9.222426e+00	1.897868e+01	2.447449e+16
4427	9.174850e+15	9.015545e+00	1.922410e+01	2.734791e+16
4428	9.175423e+15	9.385015e+00	2.087286e+01	2.489984e+16
4429	9.175957e+15	8.344171e+00	1.916324e+01	2.719384e+16
4430	9.176497e+15	9.219804e+00	2.096245e+01	2.578941e+16
4431	9.177009e+15	7.336594e+00	1.792302e+01	1.851357e+16
4432	9.177572e+15	7.997950e+00	2.037543e+01	1.575859e+16
4433	9.178123e+15	7.989610e+00	1.998161e+01	3.175215e+16
4434	9.178666e+15	7.501852e+00	1.863916e+01	2.097902e+16
4435	9.179227e+15	8.148101e+00	2.020663e+01	1.688038e+16
4436	9.179759e+15	8.104751e+00	1.954577e+01	1.529573e+16
4437	9.180281e+15	8.159438e+00	1.904416e+01	2.664624e+16
4438	9.180813e+15	8.239122e+00	1.901997e+01	1.475471e+16
4439	9.181349e+15	7.961177e+00	1.850666e+01	2.440872e+16
4440	9.181908e+15	8.233505e+00	1.952690e+01	3.020582e+16
4441	9.182480e+15	8.073623e+00	1.931194e+01	2.800845e+16
4442	9.183056e+15	8.587961e+00	1.935300e+01	3.118929e+16
4443	9.183634e+15	8.473155e+00	1.909144e+01	2.433191e+16
4444	9.184214e+15	7.901989e+00	2.017089e+01	1.880307e+16
4445	9.184761e+15	7.309234e+00	1.910894e+01	2.136141e+16
4446	9.185314e+15	6.481331e+00	1.857101e+01	4.235652e+16
4447	9.185884e+15	7.362572e+00	2.135661e+01	4.342440e+16
4448	9.186413e+15	5.631465e+00	1.746494e+01	2.255185e+16
4449	9.187002e+15	6.438645e+00	1.946536e+01	2.436732e+16
4450	9.187589e+15	6.451045e+00	1.872109e+01	6.907241e+16
4451	9.188171e+15	6.294034e+00	2.021936e+01	2.928861e+16
4452	9.188740e+15	5.973252e+00	2.122779e+01	3.131690e+16
4453	9.189295e+15	6.437603e+00	2.260294e+01	5.436133e+16
4454	9.189815e+15	5.555889e+00	1.991924e+01	3.372775e+16
4455	9.190356e+15	6.137024e+00	2.146519e+01	2.871878e+16
4456	9.190877e+15	5.049007e+00	1.473704e+01	2.771717e+16
4457	9.191474e+15	5.551664e+00	1.724116e+01	3.178171e+16
4458	9.192077e+15	6.114842e+00	1.967366e+01	4.077613e+16
4459	9.192645e+15	5.075650e+00	1.665190e+01	2.542892e+16
4460	9.193293e+15	7.266098e+00	2.222007e+01	4.876266e+16
4461	9.193889e+15	7.248570e+00	2.053523e+01	3.408400e+16
4462	9.194477e+15	7.433330e+00	2.039143e+01	4.110816e+16
4463	9.195060e+15	6.821626e+00	1.883929e+01	2.608414e+16
4464	9.195665e+15	5.820235e+00	1.894713e+01	6.173014e+16
4465	9.196307e+15	6.763197e+00	2.237583e+01	4.135008e+16
4466	9.196911e+15	6.988234e+00	2.129713e+01	2.724671e+16
4467	9.197505e+15	7.432935e+00	2.064725e+01	2.481159e+16
4468	9.198099e+15	7.568903e+00	2.141985e+01	2.435140e+16
4469	9.198687e+15	7.908395e+00	2.275135e+01	3.804541e+16
4470	9.199249e+15	7.206032e+00	2.146932e+01	3.333707e+16
4471	9.199818e+15	7.358749e+00	2.202192e+01	3.174934e+16
4472	9.200386e+15	6.683083e+00	2.046162e+01	5.229882e+16
4473	9.200981e+15	6.900664e+00	2.216386e+01	4.191234e+16
4474	9.201568e+15	7.059293e+00	2.213214e+01	2.275127e+16
4475	9.202142e+15	7.050785e+00	2.161162e+01	2.521411e+16
4476	9.202707e+15	6.967612e+00	2.176731e+01	2.639920e+16
4477	9.203262e+15	7.134566e+00	2.215548e+01	3.957982e+16
4478	9.203808e+15	5.985003e+00	1.798654e+01	3.070209e+16
4479	9.204420e+15	7.101958e+00	2.087725e+01	4.705576e+16
4480	9.205017e+15	7.313820e+00	2.109612e+01	3.979475e+16
4481	9.205591e+15	6.723173e+00	2.006596e+01	2.114049e+16
4482	9.206169e+15	7.773759e+00	2.199222e+01	3.100920e+16
4483	9.206705e+15	7.090374e+00	1.885183e+01	3.027289e+16
4484	9.207271e+15	7.195847e+00	2.019102e+01	2.929522e+16
4485	9.207839e+15	7.553158e+00	2.114404e+01	3.989180e+16
4486	9.208395e+15	6.596996e+00	1.888626e+01	2.550423e+16
4487	9.208996e+15	7.190093e+00	2.057812e+01	3.277543e+16
4488	9.209597e+15	7.119143e+00	2.039875e+01	4.007262e+16
4489	9.210197e+15	7.068895e+00	2.074347e+01	3.386788e+16
4490	9.210786e+15	6.523385e+00	2.024225e+01	2.543382e+16
4491	9.211374e+15	6.333941e+00	2.020359e+01	2.260784e+16
4492	9.211968e+15	6.379703e+00	1.943272e+01	1.962447e+16
4493	9.212583e+15	6.070084e+00	1.953233e+01	3.311982e+16
4494	9.213204e+15	6.042284e+00	2.040402e+01	1.900378e+16
4495	9.213805e+15	5.607390e+00	1.959366e+01	2.768343e+16
4496	9.214405e+15	6.003372e+00	2.026511e+01	2.857523e+16
4497	9.214987e+15	5.950199e+00	1.958959e+01	2.107908e+16
4498	9.215568e+15	6.128356e+00	2.002522e+01	2.237572e+16
4499	9.216146e+15	6.202753e+00	1.983008e+01	1.750321e+16
4500	9.216718e+15	5.982973e+00	1.909433e+01	1.888843e+16
4501	9.217298e+15	5.865121e+00	1.816697e+01	1.709098e+16
4502	9.217897e+15	6.049717e+00	1.904234e+01	2.113183e+16
4503	9.218503e+15	6.145262e+00	1.860239e+01	2.400121e+16
4504	9.219119e+15	6.127976e+00	1.878042e+01	2.962040e+16
4505	9.219741e+15	5.937764e+00	1.784346e+01	2.768147e+16
4506	9.220393e+15	6.481640e+00	1.882123e+01	2.212954e+16
4507	9.221034e+15	5.937883e+00	1.664646e+01	1.376051e+16
4508	9.221721e+15	6.123305e+00	1.795161e+01	1.479918e+16
4509	9.222399e+15	6.487728e+00	1.768278e+01	1.734772e+16
4510	9.223068e+15	5.760100e+00	1.728211e+01	2.635991e+16
4511	9.223750e+15	6.032142e+00	1.893382e+01	2.978418e+16
4512	9.224398e+15	5.655585e+00	1.820687e+01	2.503340e+16
4513	9.225029e+15	5.318912e+00	1.850179e+01	2.753434e+16
4514	9.225646e+15	5.471114e+00	1.929967e+01	3.166627e+16
4515	9.226232e+15	5.470564e+00	1.922159e+01	2.807829e+16
4516	9.226807e+15	5.607968e+00	1.954656e+01	2.845246e+16
4517	9.227375e+15	5.330879e+00	1.901015e+01	2.144294e+16
4518	9.227934e+15	5.266610e+00	1.919976e+01	2.991143e+16
4519	9.228484e+15	5.541824e+00	1.878193e+01	3.413430e+16
4520	9.229037e+15	6.519716e+00	1.917221e+01	1.821024e+16
4521	9.229588e+15	7.047843e+00	1.902277e+01	2.352249e+16
4522	9.230137e+15	8.214701e+00	1.922114e+01	1.750510e+16
4523	9.230679e+15	8.051230e+00	1.846548e+01	3.413611e+16
4524	9.231227e+15	8.244648e+00	1.851681e+01	2.073981e+16
4525	9.231782e+15	9.099711e+00	1.962473e+01	3.498206e+16
4526	9.232308e+15	8.016747e+00	1.721444e+01	2.989065e+16
4527	9.232874e+15	9.152605e+00	1.910937e+01	3.130172e+16
4528	9.233425e+15	8.891490e+00	1.865043e+01	2.590224e+16
4529	9.233976e+15	8.517791e+00	1.857790e+01	3.832120e+16
4530	9.234525e+15	8.521291e+00	1.847989e+01	2.572688e+16
4531	9.235067e+15	8.335403e+00	1.768362e+01	2.099295e+16
4532	9.235623e+15	8.517124e+00	1.858276e+01	2.736115e+16
4533	9.236183e+15	8.672013e+00	1.856141e+01	2.810537e+16
4534	9.236737e+15	8.102164e+00	1.782843e+01	3.494972e+16
4535	9.237304e+15	8.616918e+00	1.916095e+01	3.072428e+16
4536	9.237846e+15	8.539558e+00	1.829656e+01	3.665238e+16
4537	9.238396e+15	8.934013e+00	1.858095e+01	3.900833e+16
4538	9.238952e+15	9.087995e+00	1.915808e+01	1.972637e+16
4539	9.239500e+15	8.576936e+00	1.855797e+01	3.399825e+16
4540	9.240060e+15	8.280231e+00	1.941654e+01	2.870670e+16
4541	9.240609e+15	8.358553e+00	1.930698e+01	4.147009e+16
4542	9.241135e+15	8.293327e+00	1.850314e+01	9.473968e+15
4543	9.241649e+15	7.825226e+00	1.812316e+01	2.975830e+16
4544	9.242155e+15	7.428821e+00	1.777490e+01	1.708516e+16
4545	9.242658e+15	6.309009e+00	1.621734e+01	3.158623e+16
4546	9.243205e+15	7.695034e+00	1.955789e+01	3.380395e+16
4547	9.243743e+15	6.984488e+00	1.750922e+01	2.894834e+16
4548	9.244323e+15	7.905989e+00	1.923388e+01	2.279932e+16
4549	9.244890e+15	8.547658e+00	1.997869e+01	2.302583e+16
4550	9.245428e+15	8.226735e+00	1.968515e+01	2.017575e+16
4551	9.245949e+15	8.004380e+00	1.974977e+01	3.580358e+16
4552	9.246465e+15	7.804634e+00	1.962854e+01	3.007970e+16
4553	9.246964e+15	6.272640e+00	1.688674e+01	1.970031e+16
4554	9.247508e+15	6.106130e+00	1.823172e+01	2.586459e+16
4555	9.248045e+15	6.537488e+00	1.800393e+01	2.002620e+16
4556	9.248579e+15	6.085437e+00	1.571922e+01	3.410364e+16
4557	9.249173e+15	6.351955e+00	1.735701e+01	4.257071e+16
4558	9.249772e+15	6.196990e+00	1.845933e+01	2.834316e+16
4559	9.250351e+15	6.180827e+00	1.735105e+01	4.068361e+16
4560	9.250947e+15	7.011089e+00	1.859861e+01	2.206276e+16
4561	9.251538e+15	6.868437e+00	1.834094e+01	1.740236e+16
4562	9.252144e+15	6.502289e+00	1.880447e+01	2.467182e+16
4563	9.252754e+15	6.555627e+00	1.983327e+01	3.228687e+16
4564	9.253341e+15	6.119369e+00	1.849767e+01	3.121296e+16
4565	9.253934e+15	5.635443e+00	1.925767e+01	1.989966e+16
4566	9.254521e+15	6.063072e+00	2.069135e+01	2.993019e+16
4567	9.255074e+15	5.021402e+00	1.802307e+01	2.540577e+16
4568	9.255673e+15	6.113695e+00	2.114639e+01	2.263076e+16
4569	9.256248e+15	6.268820e+00	1.951918e+01	2.631700e+16
4570	9.256824e+15	6.562813e+00	1.820248e+01	2.448269e+16
4571	9.257436e+15	6.739836e+00	1.891084e+01	2.258211e+16
4572	9.258040e+15	6.014081e+00	1.819808e+01	2.625443e+16
4573	9.258641e+15	6.197049e+00	1.893241e+01	2.142791e+16
4574	9.259219e+15	6.781981e+00	1.864338e+01	2.049538e+16
4575	9.259795e+15	6.976434e+00	1.842243e+01	1.930641e+16
4576	9.260378e+15	6.651881e+00	1.846411e+01	1.216960e+16
4577	9.260959e+15	6.500840e+00	1.803645e+01	2.111920e+16
4578	9.261546e+15	6.776939e+00	1.888440e+01	1.741806e+16
4579	9.262115e+15	6.869664e+00	1.807398e+01	2.494985e+16
4580	9.262686e+15	6.818087e+00	1.788703e+01	3.209314e+16
4581	9.263262e+15	7.368777e+00	1.903145e+01	1.963747e+16
4582	9.263817e+15	7.165124e+00	1.838780e+01	2.841760e+16
4583	9.264375e+15	7.197740e+00	1.872535e+01	2.522410e+16
4584	9.264927e+15	7.250203e+00	1.814340e+01	4.101841e+16
4585	9.265476e+15	7.451289e+00	1.794383e+01	1.375150e+16
4586	9.266030e+15	7.526353e+00	1.795294e+01	2.761929e+16
4587	9.266591e+15	7.419600e+00	1.818010e+01	2.414288e+16
4588	9.267149e+15	7.177315e+00	1.705208e+01	2.396988e+16
4589	9.267739e+15	8.063496e+00	1.890971e+01	2.149852e+16
4590	9.268312e+15	7.658980e+00	1.850816e+01	3.369296e+16
4591	9.268878e+15	7.508048e+00	1.854740e+01	3.092060e+16
4592	9.269447e+15	7.293193e+00	1.900021e+01	1.656213e+16
4593	9.270010e+15	6.838041e+00	1.805065e+01	2.743193e+16
4594	9.270584e+15	6.805811e+00	1.844807e+01	2.543090e+16
4595	9.271157e+15	7.103662e+00	1.895140e+01	2.885859e+16
4596	9.271720e+15	6.739196e+00	1.807696e+01	2.744639e+16
4597	9.272303e+15	7.105894e+00	1.899216e+01	2.055783e+16
4598	9.272874e+15	7.173012e+00	1.834735e+01	2.181122e+16
4599	9.273445e+15	7.809080e+00	1.950567e+01	3.051525e+16
4600	9.273990e+15	8.140072e+00	1.876715e+01	2.414691e+16
4601	9.274529e+15	8.655159e+00	1.821596e+01	1.959858e+16
4602	9.275053e+15	7.788092e+00	1.591278e+01	2.094063e+16
4603	9.275606e+15	7.914093e+00	1.602467e+01	1.646537e+16
4604	9.276168e+15	7.916054e+00	1.542924e+01	2.118105e+16
4605	9.276750e+15	8.950929e+00	1.672420e+01	1.051229e+16
4606	9.277311e+15	8.152157e+00	1.515892e+01	2.419115e+16
4607	9.277895e+15	8.473291e+00	1.547469e+01	2.543512e+16
4608	9.278468e+15	8.522518e+00	1.548612e+01	3.298297e+16
4609	9.279031e+15	9.042771e+00	1.619028e+01	1.985803e+16
4610	9.279569e+15	8.684232e+00	1.538326e+01	2.265407e+16
4611	9.280098e+15	8.004870e+00	1.422237e+01	3.129714e+16
4612	9.280654e+15	8.485089e+00	1.566739e+01	2.468477e+16
4613	9.281202e+15	8.583683e+00	1.650742e+01	2.574948e+16
4614	9.281738e+15	7.993100e+00	1.607621e+01	2.708582e+16
4615	9.282283e+15	8.168164e+00	1.769777e+01	1.923981e+16
4616	9.282812e+15	7.409113e+00	1.680577e+01	2.570390e+16
4617	9.283359e+15	8.228025e+00	1.787973e+01	2.619621e+16
4618	9.283896e+15	8.497697e+00	1.864800e+01	3.088234e+16
4619	9.284411e+15	7.545170e+00	1.673265e+01	2.403463e+16
4620	9.284951e+15	8.855260e+00	1.883840e+01	2.062674e+16
4621	9.285463e+15	7.420229e+00	1.608402e+01	2.630903e+16
4622	9.286023e+15	8.589073e+00	1.817279e+01	2.552470e+16
4623	9.286576e+15	8.824806e+00	1.820535e+01	2.225228e+16
4624	9.287118e+15	8.002413e+00	1.728911e+01	2.803891e+16
4625	9.287678e+15	8.540397e+00	1.840333e+01	2.051456e+16
4626	9.288220e+15	8.427843e+00	1.851034e+01	4.219343e+16
4627	9.288753e+15	7.564999e+00	1.677105e+01	1.056982e+16
4628	9.289322e+15	8.829339e+00	1.884531e+01	2.752107e+16
4629	9.289859e+15	8.125670e+00	1.693291e+01	2.542018e+16
4630	9.290408e+15	7.941408e+00	1.761834e+01	2.713406e+16
4631	9.290939e+15	7.799450e+00	1.807509e+01	2.739582e+16
4632	9.291446e+15	7.736563e+00	1.772280e+01	2.908780e+16
4633	9.291945e+15	6.575414e+00	1.551725e+01	1.069455e+16
4634	9.292514e+15	8.117005e+00	1.900575e+01	2.729195e+16
4635	9.293055e+15	8.401510e+00	1.820160e+01	2.583958e+16
4636	9.293584e+15	7.042532e+00	1.558511e+01	2.468303e+16
4637	9.294157e+15	8.452706e+00	1.916981e+01	2.912903e+16
4638	9.294686e+15	7.798899e+00	1.714294e+01	2.390849e+16
4639	9.295233e+15	7.999162e+00	1.722793e+01	4.158937e+16
4640	9.295797e+15	9.316032e+00	1.917354e+01	2.776459e+16
4641	9.296321e+15	7.330686e+00	1.488661e+01	2.361449e+16
4642	9.296908e+15	7.762312e+00	1.703890e+01	1.905174e+16
4643	9.297488e+15	8.241430e+00	1.826607e+01	2.217532e+16
4644	9.298037e+15	7.385019e+00	1.661254e+01	2.343844e+16
4645	9.298617e+15	8.718415e+00	1.860620e+01	3.247925e+16
4646	9.299172e+15	8.252735e+00	1.673327e+01	2.160882e+16
4647	9.299744e+15	8.704878e+00	1.771829e+01	2.456047e+16
4648	9.300294e+15	7.982785e+00	1.680036e+01	2.691020e+16
4649	9.300855e+15	8.289718e+00	1.772215e+01	3.131008e+16
4650	9.301407e+15	9.168062e+00	1.846429e+01	2.888408e+16
4651	9.301940e+15	8.034377e+00	1.636680e+01	2.452787e+16
4652	9.302509e+15	8.930540e+00	1.786327e+01	2.947028e+16
4653	9.303066e+15	7.909331e+00	1.716724e+01	3.636952e+16
4654	9.303641e+15	8.459653e+00	1.867222e+01	2.611657e+16
4655	9.304204e+15	8.994904e+00	1.855848e+01	2.396830e+16
4656	9.304752e+15	8.672555e+00	1.779018e+01	2.635264e+16
4657	9.305302e+15	8.727700e+00	1.849962e+01	2.306976e+16
4658	9.305839e+15	8.153245e+00	1.821877e+01	2.478632e+16
4659	9.306367e+15	7.806887e+00	1.719401e+01	3.653333e+16
4660	9.306919e+15	8.361227e+00	1.875156e+01	2.685572e+16
4661	9.307452e+15	7.480117e+00	1.702674e+01	1.838698e+16
4662	9.308015e+15	7.402510e+00	1.561561e+01	1.777224e+16
4663	9.308608e+15	7.203851e+00	1.708866e+01	3.002749e+16
4664	9.309207e+15	7.672527e+00	1.889581e+01	3.454383e+16
4665	9.309772e+15	7.729081e+00	1.798981e+01	1.537769e+16
4666	9.310352e+15	7.790492e+00	1.929166e+01	3.543127e+16
4667	9.310907e+15	6.984344e+00	1.767498e+01	2.416056e+16
4668	9.311483e+15	7.218533e+00	1.881162e+01	3.229149e+16
4669	9.312049e+15	7.057009e+00	1.927176e+01	3.102855e+16
4670	9.312592e+15	5.815080e+00	1.600856e+01	2.726576e+16
4671	9.313197e+15	6.686965e+00	1.753805e+01	1.648667e+16
4672	9.313800e+15	6.285750e+00	1.650342e+01	2.026255e+16
4673	9.314427e+15	6.682876e+00	1.689895e+01	2.390100e+16
4674	9.315058e+15	6.757520e+00	1.691168e+01	2.414342e+16
4675	9.315688e+15	6.413846e+00	1.621696e+01	1.748905e+16
4676	9.316345e+15	7.606738e+00	1.891737e+01	1.705573e+16
4677	9.316937e+15	6.666547e+00	1.643462e+01	2.176123e+16
4678	9.317545e+15	6.690039e+00	1.717104e+01	1.565425e+16
4679	9.318136e+15	6.565376e+00	1.659788e+01	1.421374e+16
4680	9.318709e+15	6.567781e+00	1.666438e+01	1.049253e+16
4681	9.319260e+15	6.076460e+00	1.528103e+01	1.605834e+16
4682	9.319838e+15	5.858141e+00	1.550179e+01	1.612827e+16
4683	9.320426e+15	7.193660e+00	1.707408e+01	2.086854e+16
4684	9.320984e+15	6.230329e+00	1.488268e+01	1.720045e+16
4685	9.321595e+15	6.720431e+00	1.663877e+01	1.333780e+16
4686	9.322191e+15	7.180797e+00	1.673439e+01	2.647257e+16
4687	9.322775e+15	7.045073e+00	1.724113e+01	2.265172e+16
4688	9.323347e+15	7.931673e+00	1.779401e+01	1.794974e+16
4689	9.323899e+15	7.622494e+00	1.650696e+01	2.714725e+16
4690	9.324460e+15	7.399236e+00	1.621367e+01	1.357714e+16
4691	9.325040e+15	7.830226e+00	1.744186e+01	2.407699e+16
4692	9.325608e+15	6.985528e+00	1.590048e+01	1.509378e+16
4693	9.326199e+15	7.812798e+00	1.719904e+01	1.965181e+16
4694	9.326771e+15	7.622024e+00	1.648386e+01	1.638975e+16
4695	9.327343e+15	7.294201e+00	1.639561e+01	1.741577e+16
4696	9.327912e+15	6.838907e+00	1.470716e+01	2.476086e+16
4697	9.328513e+15	7.986422e+00	1.744110e+01	1.934509e+16
4698	9.329084e+15	7.255129e+00	1.627230e+01	2.372431e+16
4699	9.329659e+15	7.239690e+00	1.629115e+01	1.787196e+16
4700	9.330223e+15	7.374748e+00	1.713330e+01	1.993718e+16
4701	9.330754e+15	6.240514e+00	1.472420e+01	2.498250e+16
4702	9.331321e+15	6.469811e+00	1.580570e+01	2.205754e+16
4703	9.331875e+15	6.779552e+00	1.532270e+01	1.800389e+16
4704	9.332430e+15	6.049690e+00	1.343047e+01	1.738986e+16
4705	9.333027e+15	6.555070e+00	1.444816e+01	2.310110e+16
4706	9.333614e+15	6.597338e+00	1.446050e+01	1.950854e+16
4707	9.334201e+15	6.688487e+00	1.559891e+01	2.927206e+16
4708	9.334758e+15	7.134426e+00	1.587166e+01	2.675044e+16
4709	9.335288e+15	6.482132e+00	1.320969e+01	2.238690e+16
4710	9.335868e+15	7.164251e+00	1.418568e+01	2.036853e+16
4711	9.336434e+15	6.571149e+00	1.294246e+01	1.644051e+16
4712	9.337029e+15	6.670701e+00	1.329594e+01	2.313174e+16
4713	9.337626e+15	6.400238e+00	1.323143e+01	2.110340e+16
4714	9.338231e+15	6.766339e+00	1.409493e+01	2.411937e+16
4715	9.338822e+15	7.041441e+00	1.482297e+01	2.401471e+16
4716	9.339384e+15	6.281329e+00	1.314863e+01	1.935587e+16
4717	9.339995e+15	7.834955e+00	1.501513e+01	2.710384e+16
4718	9.340567e+15	7.102194e+00	1.353684e+01	2.389928e+16
4719	9.341160e+15	7.124617e+00	1.364349e+01	2.147443e+16
4720	9.341759e+15	6.661425e+00	1.395686e+01	3.008757e+16
4721	9.342344e+15	6.485733e+00	1.386083e+01	1.831323e+16
4722	9.342918e+15	5.961242e+00	1.272170e+01	1.632232e+16
4723	9.343534e+15	6.509555e+00	1.398119e+01	2.638815e+16
4724	9.344161e+15	7.091722e+00	1.502875e+01	2.677802e+16
4725	9.344758e+15	6.913377e+00	1.494141e+01	2.322234e+16
4726	9.345345e+15	5.950787e+00	1.309235e+01	1.161090e+16
4727	9.345967e+15	6.510084e+00	1.474080e+01	2.417254e+16
4728	9.346542e+15	5.916191e+00	1.348818e+01	2.593219e+16
4729	9.347126e+15	6.071349e+00	1.387200e+01	2.502714e+16
4730	9.347705e+15	5.307381e+00	1.248007e+01	3.834818e+16
4731	9.348334e+15	6.742787e+00	1.539915e+01	3.382270e+16
4732	9.348915e+15	5.899585e+00	1.353445e+01	4.012719e+16
4733	9.349526e+15	5.932253e+00	1.278882e+01	2.353838e+16
4734	9.350165e+15	6.711889e+00	1.417501e+01	1.690835e+16
4735	9.350763e+15	6.390640e+00	1.405667e+01	2.473744e+16
4736	9.351352e+15	6.058276e+00	1.363773e+01	2.465996e+16
4737	9.351957e+15	6.806752e+00	1.446462e+01	1.455000e+16
4738	9.352540e+15	5.222840e+00	1.177640e+01	2.588943e+16
4739	9.353199e+15	5.519006e+00	1.351994e+01	1.531893e+16
4740	9.353856e+15	5.409853e+00	1.331875e+01	3.416218e+16
4741	9.354525e+15	5.228056e+00	1.305493e+01	3.731444e+16
4742	9.355232e+15	6.385954e+00	1.589603e+01	3.852811e+16
4743	9.355867e+15	4.794142e+00	1.365780e+01	2.721212e+16
4744	9.356525e+15	5.653994e+00	1.576494e+01	2.353761e+16
4745	9.357140e+15	5.877747e+00	1.541991e+01	2.785811e+16
4746	9.357738e+15	5.767414e+00	1.465837e+01	2.121265e+16
4747	9.358328e+15	5.150246e+00	1.375761e+01	2.315641e+16
4748	9.358930e+15	5.344063e+00	1.427997e+01	2.146949e+16
4749	9.359546e+15	6.551716e+00	1.655672e+01	2.608703e+16
4750	9.360112e+15	5.971782e+00	1.449331e+01	1.813685e+16
4751	9.360698e+15	6.418844e+00	1.538556e+01	1.764632e+16
4752	9.361270e+15	5.759826e+00	1.404674e+01	2.427846e+16
4753	9.361853e+15	5.342148e+00	1.414361e+01	2.158523e+16
4754	9.362457e+15	6.108229e+00	1.639282e+01	2.076037e+16
4755	9.363018e+15	5.114055e+00	1.357186e+01	2.696584e+16
4756	9.363626e+15	6.583997e+00	1.661708e+01	2.790413e+16
4757	9.364183e+15	6.184492e+00	1.466674e+01	1.675966e+16
4758	9.364757e+15	5.442898e+00	1.294135e+01	2.994159e+16
4759	9.365388e+15	5.904077e+00	1.448853e+01	2.687800e+16
4760	9.366010e+15	7.005448e+00	1.608817e+01	1.846760e+16
4761	9.366583e+15	6.218464e+00	1.310895e+01	1.452338e+16
4762	9.367226e+15	6.871541e+00	1.542732e+01	3.453883e+16
4763	9.367855e+15	6.066921e+00	1.486675e+01	2.818221e+16
4764	9.368487e+15	5.342437e+00	1.477645e+01	2.673497e+16
4765	9.369132e+15	5.847342e+00	1.650903e+01	1.913111e+16
4766	9.369732e+15	4.816576e+00	1.376770e+01	2.288619e+16
4767	9.370382e+15	4.907517e+00	1.409775e+01	4.735268e+16
4768	9.371063e+15	5.804704e+00	1.555100e+01	2.529810e+16
4769	9.371718e+15	6.599973e+00	1.620221e+01	3.549723e+16
4770	9.372347e+15	6.057743e+00	1.547518e+01	2.301758e+16
4771	9.372975e+15	5.287843e+00	1.443987e+01	2.625935e+16
4772	9.373625e+15	4.989184e+00	1.485090e+01	2.203571e+16
4773	9.374260e+15	4.528343e+00	1.387166e+01	1.545656e+16
4774	9.374903e+15	4.717409e+00	1.427221e+01	2.011960e+16
4775	9.375539e+15	5.142118e+00	1.461880e+01	2.682585e+16
4776	9.376156e+15	4.447588e+00	1.236968e+01	1.539316e+16
4777	9.376824e+15	5.288789e+00	1.385197e+01	2.138978e+16
4778	9.377471e+15	5.655108e+00	1.396288e+01	2.050990e+16
4779	9.378113e+15	6.066069e+00	1.450494e+01	2.649795e+16
4780	9.378761e+15	6.321763e+00	1.580167e+01	2.938681e+16
4781	9.379395e+15	5.725139e+00	1.549821e+01	3.175987e+16
4782	9.380044e+15	6.017653e+00	1.690443e+01	2.785389e+16
4783	9.380663e+15	5.283526e+00	1.437582e+01	1.739992e+16
4784	9.381311e+15	5.542733e+00	1.704845e+01	2.704619e+16
4785	9.381937e+15	5.287418e+00	1.709308e+01	2.725496e+16
4786	9.382558e+15	5.314426e+00	1.754213e+01	2.157966e+16
4787	9.383169e+15	5.440824e+00	1.805123e+01	1.580445e+16
4788	9.383750e+15	5.028809e+00	1.744399e+01	1.638431e+16
4789	9.384330e+15	4.904148e+00	1.742832e+01	2.151311e+16
4790	9.384912e+15	5.082457e+00	1.761409e+01	2.337887e+16
4791	9.385475e+15	5.614187e+00	1.577016e+01	2.147553e+16
4792	9.386056e+15	6.164500e+00	1.595307e+01	1.788501e+16
4793	9.386644e+15	6.234065e+00	1.510898e+01	3.113958e+16
4794	9.387267e+15	7.385414e+00	1.591810e+01	2.929327e+16
4795	9.387889e+15	7.890882e+00	1.700918e+01	1.983745e+16
4796	9.388488e+15	6.545324e+00	1.443196e+01	3.727747e+16
4797	9.389135e+15	7.446640e+00	1.710955e+01	2.627139e+16
4798	9.389734e+15	6.973479e+00	1.555313e+01	2.496407e+16
4799	9.390349e+15	6.681547e+00	1.550676e+01	2.266256e+16
4800	9.390977e+15	6.799450e+00	1.625843e+01	3.096069e+16
4801	9.391590e+15	6.974351e+00	1.648468e+01	1.081341e+16
4802	9.392181e+15	7.284863e+00	1.626614e+01	1.844040e+16
4803	9.392751e+15	7.573131e+00	1.575141e+01	3.941500e+16
4804	9.393332e+15	6.946767e+00	1.487694e+01	1.753747e+16
4805	9.393947e+15	7.250855e+00	1.588299e+01	2.810753e+16
4806	9.394553e+15	7.020377e+00	1.556675e+01	1.226778e+16
4807	9.395165e+15	7.019108e+00	1.546614e+01	1.940547e+16
4808	9.395786e+15	7.618729e+00	1.615856e+01	2.988748e+16
4809	9.396386e+15	7.344480e+00	1.555417e+01	1.645250e+16
4810	9.396985e+15	7.231792e+00	1.652131e+01	1.810886e+16
4811	9.397565e+15	7.495314e+00	1.608654e+01	2.078224e+16
4812	9.398138e+15	7.632639e+00	1.636598e+01	2.529609e+16
4813	9.398704e+15	7.572185e+00	1.612212e+01	8.843126e+15
4814	9.399269e+15	7.188576e+00	1.532280e+01	2.676878e+16
4815	9.399845e+15	6.527462e+00	1.505361e+01	2.309045e+16
4816	9.400445e+15	7.087490e+00	1.649078e+01	2.112704e+16
4817	9.401017e+15	7.219718e+00	1.528602e+01	1.012607e+16
4818	9.401596e+15	6.751671e+00	1.459696e+01	1.682594e+16
4819	9.402203e+15	7.649661e+00	1.533783e+01	1.940600e+16
4820	9.402788e+15	6.635640e+00	1.398284e+01	2.451945e+16
4821	9.403403e+15	7.481107e+00	1.545583e+01	2.749038e+16
4822	9.404006e+15	7.597509e+00	1.534780e+01	2.445967e+16
4823	9.404603e+15	7.595421e+00	1.509831e+01	2.237819e+16
4824	9.405222e+15	8.561194e+00	1.718485e+01	1.804294e+16
4825	9.405802e+15	8.177229e+00	1.662979e+01	2.420067e+16
4826	9.406370e+15	7.617860e+00	1.582223e+01	1.829274e+16
4827	9.406950e+15	7.809196e+00	1.665977e+01	2.647050e+16
4828	9.407502e+15	6.792259e+00	1.530092e+01	2.455635e+16
4829	9.408064e+15	6.627563e+00	1.494801e+01	1.565611e+16
4830	9.408640e+15	6.839605e+00	1.575100e+01	1.487850e+16
4831	9.409206e+15	6.881349e+00	1.501047e+01	1.161548e+16
4832	9.409792e+15	7.272460e+00	1.608078e+01	2.769213e+16
4833	9.410368e+15	6.919665e+00	1.609949e+01	2.541714e+16
4834	9.410942e+15	7.521345e+00	1.709009e+01	2.704010e+16
4835	9.411492e+15	7.715691e+00	1.731804e+01	3.107425e+16
4836	9.412026e+15	7.712985e+00	1.761303e+01	2.955853e+16
4837	9.412541e+15	7.439330e+00	1.580165e+01	2.046943e+16
4838	9.413068e+15	7.480936e+00	1.616848e+01	1.158796e+16
4839	9.413598e+15	7.355180e+00	1.558244e+01	2.124258e+16
4840	9.414144e+15	6.052873e+00	1.393912e+01	1.510117e+16
4841	9.414755e+15	7.991068e+00	1.785085e+01	2.316085e+16
4842	9.415323e+15	8.022043e+00	1.662859e+01	1.320683e+16
4843	9.415888e+15	7.753124e+00	1.658301e+01	1.961632e+16
4844	9.416444e+15	7.970711e+00	1.666867e+01	1.937533e+16
4845	9.416976e+15	7.164954e+00	1.590011e+01	3.320642e+16
4846	9.417533e+15	7.206886e+00	1.656909e+01	1.815127e+16
4847	9.418099e+15	7.503922e+00	1.755759e+01	1.336603e+16
4848	9.418649e+15	6.304573e+00	1.525496e+01	2.294608e+16
4849	9.419239e+15	7.160458e+00	1.730204e+01	2.864708e+16
4850	9.419800e+15	6.706516e+00	1.664909e+01	1.420718e+16
4851	9.420361e+15	7.033728e+00	1.640372e+01	2.597272e+16
4852	9.420926e+15	7.095248e+00	1.587415e+01	2.167997e+16
4853	9.421506e+15	6.968806e+00	1.594276e+01	2.175101e+16
4854	9.422093e+15	7.325854e+00	1.658879e+01	2.975779e+16
4855	9.422655e+15	7.100020e+00	1.561947e+01	3.960835e+16
4856	9.423226e+15	7.237297e+00	1.586760e+01	3.007098e+16
4857	9.423801e+15	6.918207e+00	1.525313e+01	2.846895e+16
4858	9.424356e+15	7.162817e+00	1.698207e+01	2.833322e+16
4859	9.424916e+15	8.215281e+00	1.770506e+01	2.397390e+16
4860	9.425477e+15	8.295493e+00	1.748729e+01	3.129517e+16
4861	9.426047e+15	8.374801e+00	1.720015e+01	3.086161e+16
4862	9.426624e+15	8.470160e+00	1.734881e+01	2.415313e+16
4863	9.427201e+15	8.903956e+00	1.732410e+01	1.678031e+16
4864	9.427784e+15	8.148103e+00	1.668496e+01	1.407885e+16
4865	9.428391e+15	7.957221e+00	1.654043e+01	2.838631e+16
4866	9.429014e+15	7.998082e+00	1.710211e+01	2.653999e+16
4867	9.429642e+15	7.299205e+00	1.647684e+01	2.752295e+16
4868	9.430310e+15	8.422683e+00	1.833183e+01	4.969384e+16
4869	9.430946e+15	8.156608e+00	1.752465e+01	4.017214e+16
4870	9.431578e+15	8.165572e+00	1.773045e+01	5.082526e+16
4871	9.432212e+15	8.384146e+00	1.792360e+01	5.160619e+16
4872	9.432843e+15	8.393282e+00	1.761855e+01	3.425834e+16
4873	9.433474e+15	8.602621e+00	1.809287e+01	3.712895e+16
4874	9.434088e+15	7.978391e+00	1.778398e+01	3.802940e+16
4875	9.434697e+15	8.263247e+00	1.818814e+01	3.826721e+16
4876	9.435300e+15	7.946660e+00	1.794159e+01	2.321973e+16
4877	9.435893e+15	7.718507e+00	1.776162e+01	3.759491e+16
4878	9.436469e+15	7.074739e+00	1.730117e+01	2.538313e+16
4879	9.437042e+15	7.062787e+00	1.818183e+01	3.469883e+16
4880	9.437596e+15	6.757663e+00	1.701907e+01	1.895601e+16
4881	9.438153e+15	6.579592e+00	1.671004e+01	2.610500e+16
4882	9.438718e+15	6.986364e+00	1.689841e+01	2.106571e+16
4883	9.439281e+15	6.804193e+00	1.625358e+01	2.561502e+16
4884	9.439858e+15	7.941755e+00	1.783189e+01	3.343748e+16
4885	9.440406e+15	8.166458e+00	1.649735e+01	2.094849e+16
4886	9.440950e+15	8.360211e+00	1.630746e+01	2.155116e+16
4887	9.441481e+15	8.524978e+00	1.652128e+01	1.988897e+16
4888	9.442002e+15	7.992647e+00	1.431234e+01	1.325574e+16
4889	9.442569e+15	7.529779e+00	1.388871e+01	3.358010e+16
4890	9.443198e+15	9.073361e+00	1.678838e+01	3.199377e+16
4891	9.443788e+15	8.700259e+00	1.623999e+01	2.187849e+16
4892	9.444370e+15	8.987979e+00	1.680902e+01	3.148953e+16
4893	9.444934e+15	8.257888e+00	1.584945e+01	2.169548e+16
4894	9.445484e+15	8.538712e+00	1.698259e+01	2.206962e+16
4895	9.445998e+15	8.265625e+00	1.634333e+01	2.261554e+16
4896	9.446526e+15	8.824734e+00	1.697240e+01	3.155962e+16
4897	9.447060e+15	8.006004e+00	1.660833e+01	1.705894e+16
4898	9.447625e+15	8.523516e+00	1.745683e+01	2.060858e+16
4899	9.448173e+15	7.626865e+00	1.603803e+01	3.207959e+16
4900	9.448746e+15	8.620039e+00	1.812864e+01	2.197025e+16
4901	9.449293e+15	8.837911e+00	1.867903e+01	1.774407e+16
4902	9.449810e+15	8.231158e+00	1.749380e+01	2.043138e+16
4903	9.450343e+15	8.764343e+00	1.849924e+01	2.954149e+16
