# W => 2.0e6
# method => lookup
# mantle temperature => 1573.0
# melting plot interval => 6.3e13
# max step => -1
# nx => 101
# lithosphere thickness => 120000.23
# marky => 12
# plot interval field => 1.26e14
# plot interval marker => 1.26e15
# H => 2.85e6
# g => 10.0
# ny => 143
# Tcmb => 3098.5489127396577
# max time => 6.3e15
# output directory => plume_150000.3_450.0_120000.23
# eclogite frac => 0.1
# markx => 6
1	0.000000e+00	0.000000e+00	0.000000e+00	0.000000e+00
2	1.000000e+10	0.000000e+00	0.000000e+00	0.000000e+00
3	2.200000e+10	0.000000e+00	0.000000e+00	0.000000e+00
4	3.640000e+10	0.000000e+00	0.000000e+00	0.000000e+00
5	5.368000e+10	0.000000e+00	0.000000e+00	0.000000e+00
6	7.441600e+10	0.000000e+00	0.000000e+00	0.000000e+00
7	9.929920e+10	0.000000e+00	0.000000e+00	0.000000e+00
8	1.291590e+11	0.000000e+00	0.000000e+00	0.000000e+00
9	1.649908e+11	0.000000e+00	0.000000e+00	0.000000e+00
10	2.079890e+11	0.000000e+00	0.000000e+00	0.000000e+00
11	2.595868e+11	0.000000e+00	0.000000e+00	0.000000e+00
12	3.215042e+11	0.000000e+00	0.000000e+00	0.000000e+00
13	3.958050e+11	0.000000e+00	0.000000e+00	0.000000e+00
14	4.849660e+11	0.000000e+00	0.000000e+00	0.000000e+00
15	5.919592e+11	0.000000e+00	0.000000e+00	0.000000e+00
16	7.203511e+11	0.000000e+00	0.000000e+00	0.000000e+00
17	8.744213e+11	0.000000e+00	0.000000e+00	0.000000e+00
18	1.059306e+12	0.000000e+00	0.000000e+00	0.000000e+00
19	1.281167e+12	0.000000e+00	0.000000e+00	0.000000e+00
20	1.547400e+12	0.000000e+00	0.000000e+00	0.000000e+00
21	1.866880e+12	0.000000e+00	0.000000e+00	0.000000e+00
22	2.250256e+12	0.000000e+00	0.000000e+00	0.000000e+00
23	2.710307e+12	0.000000e+00	0.000000e+00	0.000000e+00
24	3.262369e+12	0.000000e+00	0.000000e+00	0.000000e+00
25	3.924842e+12	0.000000e+00	0.000000e+00	0.000000e+00
26	4.719811e+12	0.000000e+00	0.000000e+00	0.000000e+00
27	5.673773e+12	0.000000e+00	0.000000e+00	0.000000e+00
28	6.818528e+12	0.000000e+00	0.000000e+00	0.000000e+00
29	8.192233e+12	0.000000e+00	0.000000e+00	0.000000e+00
30	9.840680e+12	0.000000e+00	0.000000e+00	0.000000e+00
31	1.181882e+13	0.000000e+00	0.000000e+00	0.000000e+00
32	1.419258e+13	0.000000e+00	0.000000e+00	0.000000e+00
33	1.704109e+13	0.000000e+00	0.000000e+00	0.000000e+00
34	2.045931e+13	0.000000e+00	0.000000e+00	0.000000e+00
35	2.456118e+13	0.000000e+00	0.000000e+00	0.000000e+00
36	2.948341e+13	0.000000e+00	0.000000e+00	0.000000e+00
37	3.539009e+13	0.000000e+00	0.000000e+00	0.000000e+00
38	4.247811e+13	0.000000e+00	0.000000e+00	0.000000e+00
39	5.098373e+13	0.000000e+00	0.000000e+00	0.000000e+00
40	6.119048e+13	0.000000e+00	0.000000e+00	0.000000e+00
41	7.343858e+13	0.000000e+00	0.000000e+00	0.000000e+00
42	8.813629e+13	0.000000e+00	0.000000e+00	0.000000e+00
43	1.057736e+14	0.000000e+00	0.000000e+00	0.000000e+00
44	1.269383e+14	0.000000e+00	0.000000e+00	0.000000e+00
45	1.523359e+14	0.000000e+00	0.000000e+00	0.000000e+00
46	1.828131e+14	0.000000e+00	0.000000e+00	0.000000e+00
47	2.193857e+14	0.000000e+00	0.000000e+00	0.000000e+00
48	2.632729e+14	0.000000e+00	0.000000e+00	0.000000e+00
49	3.159374e+14	0.000000e+00	0.000000e+00	0.000000e+00
50	3.791349e+14	0.000000e+00	0.000000e+00	0.000000e+00
51	4.549719e+14	0.000000e+00	0.000000e+00	0.000000e+00
52	4.981012e+14	0.000000e+00	0.000000e+00	0.000000e+00
53	5.271358e+14	0.000000e+00	0.000000e+00	0.000000e+00
54	5.495021e+14	0.000000e+00	0.000000e+00	0.000000e+00
55	5.681518e+14	0.000000e+00	0.000000e+00	0.000000e+00
56	5.844781e+14	0.000000e+00	0.000000e+00	0.000000e+00
57	5.991619e+14	0.000000e+00	0.000000e+00	0.000000e+00
58	6.127158e+14	0.000000e+00	0.000000e+00	0.000000e+00
59	6.253275e+14	0.000000e+00	0.000000e+00	0.000000e+00
60	6.374476e+14	0.000000e+00	0.000000e+00	0.000000e+00
61	6.490332e+14	0.000000e+00	0.000000e+00	0.000000e+00
62	6.603215e+14	0.000000e+00	0.000000e+00	0.000000e+00
63	6.712436e+14	0.000000e+00	0.000000e+00	0.000000e+00
64	6.818405e+14	0.000000e+00	0.000000e+00	0.000000e+00
65	6.923098e+14	0.000000e+00	0.000000e+00	0.000000e+00
66	7.026673e+14	0.000000e+00	0.000000e+00	0.000000e+00
67	7.128970e+14	0.000000e+00	0.000000e+00	0.000000e+00
68	7.231446e+14	0.000000e+00	0.000000e+00	0.000000e+00
69	7.333976e+14	0.000000e+00	0.000000e+00	0.000000e+00
70	7.436862e+14	0.000000e+00	0.000000e+00	0.000000e+00
71	7.540796e+14	0.000000e+00	0.000000e+00	0.000000e+00
72	7.644885e+14	0.000000e+00	0.000000e+00	0.000000e+00
73	7.750456e+14	0.000000e+00	0.000000e+00	0.000000e+00
74	7.859411e+14	0.000000e+00	0.000000e+00	0.000000e+00
75	7.970904e+14	0.000000e+00	0.000000e+00	0.000000e+00
76	8.084985e+14	0.000000e+00	0.000000e+00	0.000000e+00
77	8.202513e+14	0.000000e+00	0.000000e+00	0.000000e+00
78	8.319473e+14	0.000000e+00	0.000000e+00	0.000000e+00
79	8.443733e+14	0.000000e+00	0.000000e+00	0.000000e+00
80	8.573290e+14	0.000000e+00	0.000000e+00	0.000000e+00
81	8.704414e+14	0.000000e+00	0.000000e+00	0.000000e+00
82	8.838624e+14	0.000000e+00	0.000000e+00	0.000000e+00
83	8.983824e+14	0.000000e+00	0.000000e+00	0.000000e+00
84	9.130016e+14	0.000000e+00	0.000000e+00	0.000000e+00
85	9.282144e+14	0.000000e+00	0.000000e+00	0.000000e+00
86	9.432756e+14	0.000000e+00	0.000000e+00	0.000000e+00
87	9.582338e+14	0.000000e+00	0.000000e+00	0.000000e+00
88	9.731612e+14	0.000000e+00	0.000000e+00	0.000000e+00
89	9.879731e+14	0.000000e+00	0.000000e+00	0.000000e+00
90	1.002605e+15	0.000000e+00	0.000000e+00	0.000000e+00
91	1.017160e+15	0.000000e+00	0.000000e+00	0.000000e+00
92	1.031570e+15	0.000000e+00	0.000000e+00	0.000000e+00
93	1.045957e+15	0.000000e+00	0.000000e+00	0.000000e+00
94	1.060287e+15	0.000000e+00	0.000000e+00	0.000000e+00
95	1.074796e+15	0.000000e+00	0.000000e+00	0.000000e+00
96	1.089327e+15	0.000000e+00	0.000000e+00	0.000000e+00
97	1.103867e+15	0.000000e+00	0.000000e+00	0.000000e+00
98	1.118614e+15	0.000000e+00	0.000000e+00	0.000000e+00
99	1.133388e+15	0.000000e+00	0.000000e+00	0.000000e+00
100	1.148348e+15	0.000000e+00	0.000000e+00	0.000000e+00
101	1.163371e+15	0.000000e+00	0.000000e+00	0.000000e+00
102	1.178504e+15	0.000000e+00	0.000000e+00	0.000000e+00
103	1.193658e+15	0.000000e+00	0.000000e+00	0.000000e+00
104	1.208977e+15	0.000000e+00	0.000000e+00	0.000000e+00
105	1.224435e+15	0.000000e+00	0.000000e+00	0.000000e+00
106	1.240068e+15	0.000000e+00	0.000000e+00	0.000000e+00
107	1.255884e+15	0.000000e+00	0.000000e+00	0.000000e+00
108	1.271864e+15	0.000000e+00	0.000000e+00	0.000000e+00
109	1.288086e+15	0.000000e+00	0.000000e+00	0.000000e+00
110	1.304524e+15	0.000000e+00	0.000000e+00	0.000000e+00
111	1.321141e+15	0.000000e+00	0.000000e+00	0.000000e+00
112	1.338100e+15	0.000000e+00	0.000000e+00	0.000000e+00
113	1.355266e+15	0.000000e+00	0.000000e+00	0.000000e+00
114	1.372792e+15	0.000000e+00	0.000000e+00	0.000000e+00
115	1.390642e+15	0.000000e+00	0.000000e+00	0.000000e+00
116	1.408833e+15	0.000000e+00	0.000000e+00	0.000000e+00
117	1.427551e+15	0.000000e+00	0.000000e+00	0.000000e+00
118	1.446857e+15	0.000000e+00	0.000000e+00	0.000000e+00
119	1.466786e+15	0.000000e+00	0.000000e+00	0.000000e+00
120	1.487546e+15	0.000000e+00	0.000000e+00	0.000000e+00
121	1.509356e+15	0.000000e+00	0.000000e+00	0.000000e+00
122	1.532074e+15	0.000000e+00	0.000000e+00	0.000000e+00
123	1.555172e+15	0.000000e+00	0.000000e+00	0.000000e+00
124	1.578734e+15	0.000000e+00	0.000000e+00	0.000000e+00
125	1.602611e+15	0.000000e+00	0.000000e+00	0.000000e+00
126	1.627368e+15	0.000000e+00	0.000000e+00	0.000000e+00
127	1.652913e+15	0.000000e+00	0.000000e+00	0.000000e+00
128	1.678233e+15	0.000000e+00	0.000000e+00	0.000000e+00
129	1.703238e+15	0.000000e+00	0.000000e+00	0.000000e+00
130	1.727797e+15	0.000000e+00	0.000000e+00	0.000000e+00
131	1.749318e+15	0.000000e+00	0.000000e+00	0.000000e+00
132	1.773039e+15	0.000000e+00	0.000000e+00	0.000000e+00
133	1.797612e+15	0.000000e+00	0.000000e+00	0.000000e+00
134	1.821347e+15	0.000000e+00	0.000000e+00	0.000000e+00
135	1.845194e+15	0.000000e+00	0.000000e+00	0.000000e+00
136	1.868264e+15	0.000000e+00	0.000000e+00	0.000000e+00
137	1.890460e+15	0.000000e+00	0.000000e+00	0.000000e+00
138	1.912036e+15	0.000000e+00	0.000000e+00	0.000000e+00
139	1.933020e+15	0.000000e+00	0.000000e+00	0.000000e+00
140	1.953614e+15	0.000000e+00	0.000000e+00	0.000000e+00
141	1.973951e+15	0.000000e+00	0.000000e+00	0.000000e+00
142	1.993989e+15	0.000000e+00	0.000000e+00	0.000000e+00
143	2.013954e+15	0.000000e+00	0.000000e+00	0.000000e+00
144	2.033810e+15	0.000000e+00	0.000000e+00	0.000000e+00
145	2.053359e+15	0.000000e+00	0.000000e+00	0.000000e+00
146	2.072542e+15	0.000000e+00	0.000000e+00	0.000000e+00
147	2.091380e+15	0.000000e+00	0.000000e+00	0.000000e+00
148	2.109851e+15	0.000000e+00	0.000000e+00	0.000000e+00
149	2.128162e+15	0.000000e+00	0.000000e+00	0.000000e+00
150	2.146229e+15	0.000000e+00	0.000000e+00	0.000000e+00
151	2.164316e+15	0.000000e+00	0.000000e+00	0.000000e+00
152	2.182287e+15	0.000000e+00	0.000000e+00	0.000000e+00
153	2.200338e+15	0.000000e+00	0.000000e+00	0.000000e+00
154	2.218507e+15	0.000000e+00	0.000000e+00	0.000000e+00
155	2.236758e+15	0.000000e+00	0.000000e+00	0.000000e+00
156	2.255313e+15	0.000000e+00	0.000000e+00	0.000000e+00
157	2.274026e+15	0.000000e+00	0.000000e+00	0.000000e+00
158	2.292561e+15	0.000000e+00	0.000000e+00	0.000000e+00
159	2.310804e+15	0.000000e+00	0.000000e+00	0.000000e+00
160	2.328939e+15	0.000000e+00	0.000000e+00	0.000000e+00
161	2.346901e+15	0.000000e+00	0.000000e+00	0.000000e+00
162	2.364980e+15	0.000000e+00	0.000000e+00	0.000000e+00
163	2.383096e+15	0.000000e+00	0.000000e+00	0.000000e+00
164	2.401244e+15	0.000000e+00	0.000000e+00	0.000000e+00
165	2.419292e+15	0.000000e+00	0.000000e+00	0.000000e+00
166	2.437046e+15	0.000000e+00	0.000000e+00	0.000000e+00
167	2.454576e+15	0.000000e+00	0.000000e+00	0.000000e+00
168	2.471615e+15	0.000000e+00	0.000000e+00	0.000000e+00
169	2.488013e+15	0.000000e+00	0.000000e+00	0.000000e+00
170	2.505267e+15	0.000000e+00	0.000000e+00	0.000000e+00
171	2.520820e+15	0.000000e+00	0.000000e+00	0.000000e+00
172	2.537177e+15	0.000000e+00	0.000000e+00	0.000000e+00
173	2.550762e+15	0.000000e+00	0.000000e+00	0.000000e+00
174	2.567063e+15	0.000000e+00	0.000000e+00	0.000000e+00
175	2.583571e+15	0.000000e+00	0.000000e+00	0.000000e+00
176	2.599443e+15	0.000000e+00	0.000000e+00	0.000000e+00
177	2.615344e+15	0.000000e+00	0.000000e+00	0.000000e+00
178	2.629542e+15	0.000000e+00	0.000000e+00	0.000000e+00
179	2.640666e+15	0.000000e+00	0.000000e+00	0.000000e+00
180	2.652109e+15	0.000000e+00	0.000000e+00	0.000000e+00
181	2.665840e+15	0.000000e+00	0.000000e+00	0.000000e+00
182	2.680593e+15	0.000000e+00	0.000000e+00	0.000000e+00
183	2.695618e+15	0.000000e+00	0.000000e+00	0.000000e+00
184	2.710057e+15	0.000000e+00	0.000000e+00	0.000000e+00
185	2.721852e+15	0.000000e+00	0.000000e+00	0.000000e+00
186	2.735742e+15	0.000000e+00	0.000000e+00	0.000000e+00
187	2.750244e+15	0.000000e+00	0.000000e+00	0.000000e+00
188	2.764736e+15	0.000000e+00	0.000000e+00	0.000000e+00
189	2.779243e+15	0.000000e+00	0.000000e+00	0.000000e+00
190	2.793782e+15	0.000000e+00	0.000000e+00	0.000000e+00
191	2.808413e+15	0.000000e+00	0.000000e+00	0.000000e+00
192	2.823082e+15	0.000000e+00	0.000000e+00	0.000000e+00
193	2.835128e+15	0.000000e+00	0.000000e+00	0.000000e+00
194	2.847171e+15	0.000000e+00	0.000000e+00	0.000000e+00
195	2.861622e+15	0.000000e+00	0.000000e+00	0.000000e+00
196	2.876711e+15	0.000000e+00	0.000000e+00	0.000000e+00
197	2.891947e+15	0.000000e+00	0.000000e+00	0.000000e+00
198	2.907420e+15	0.000000e+00	0.000000e+00	0.000000e+00
199	2.917570e+15	0.000000e+00	0.000000e+00	0.000000e+00
200	2.927042e+15	0.000000e+00	0.000000e+00	0.000000e+00
201	2.937698e+15	0.000000e+00	0.000000e+00	0.000000e+00
202	2.950484e+15	0.000000e+00	0.000000e+00	0.000000e+00
203	2.965828e+15	0.000000e+00	0.000000e+00	0.000000e+00
204	2.979722e+15	0.000000e+00	0.000000e+00	0.000000e+00
205	2.993088e+15	0.000000e+00	0.000000e+00	0.000000e+00
206	3.008502e+15	0.000000e+00	0.000000e+00	0.000000e+00
207	3.023572e+15	0.000000e+00	0.000000e+00	0.000000e+00
208	3.035140e+15	0.000000e+00	0.000000e+00	0.000000e+00
209	3.046394e+15	0.000000e+00	0.000000e+00	0.000000e+00
210	3.057240e+15	0.000000e+00	0.000000e+00	0.000000e+00
211	3.070254e+15	0.000000e+00	0.000000e+00	0.000000e+00
212	3.081902e+15	0.000000e+00	0.000000e+00	0.000000e+00
213	3.090198e+15	0.000000e+00	0.000000e+00	0.000000e+00
214	3.100153e+15	0.000000e+00	0.000000e+00	0.000000e+00
215	3.112100e+15	0.000000e+00	0.000000e+00	0.000000e+00
216	3.124658e+15	0.000000e+00	0.000000e+00	0.000000e+00
217	3.137283e+15	0.000000e+00	0.000000e+00	0.000000e+00
218	3.146803e+15	0.000000e+00	0.000000e+00	0.000000e+00
219	3.157087e+15	0.000000e+00	0.000000e+00	0.000000e+00
220	3.169429e+15	0.000000e+00	0.000000e+00	0.000000e+00
221	3.184239e+15	0.000000e+00	0.000000e+00	0.000000e+00
222	3.197284e+15	0.000000e+00	0.000000e+00	0.000000e+00
223	3.206770e+15	0.000000e+00	0.000000e+00	0.000000e+00
224	3.218155e+15	0.000000e+00	0.000000e+00	0.000000e+00
225	3.230488e+15	0.000000e+00	0.000000e+00	0.000000e+00
226	3.240762e+15	0.000000e+00	0.000000e+00	0.000000e+00
227	3.253092e+15	0.000000e+00	0.000000e+00	0.000000e+00
228	3.266598e+15	0.000000e+00	0.000000e+00	0.000000e+00
229	3.276554e+15	0.000000e+00	0.000000e+00	0.000000e+00
230	3.287669e+15	0.000000e+00	0.000000e+00	0.000000e+00
231	3.301007e+15	0.000000e+00	0.000000e+00	0.000000e+00
232	3.312811e+15	0.000000e+00	0.000000e+00	0.000000e+00
233	3.323794e+15	0.000000e+00	0.000000e+00	0.000000e+00
234	3.334178e+15	0.000000e+00	0.000000e+00	0.000000e+00
235	3.346638e+15	0.000000e+00	0.000000e+00	0.000000e+00
236	3.359324e+15	0.000000e+00	0.000000e+00	0.000000e+00
237	3.371308e+15	0.000000e+00	0.000000e+00	0.000000e+00
238	3.379542e+15	0.000000e+00	0.000000e+00	0.000000e+00
239	3.389422e+15	0.000000e+00	0.000000e+00	0.000000e+00
240	3.401269e+15	0.000000e+00	0.000000e+00	0.000000e+00
241	3.412893e+15	0.000000e+00	0.000000e+00	0.000000e+00
242	3.423346e+15	0.000000e+00	0.000000e+00	0.000000e+00
243	3.433917e+15	0.000000e+00	0.000000e+00	0.000000e+00
244	3.443325e+15	0.000000e+00	0.000000e+00	0.000000e+00
245	3.454191e+15	0.000000e+00	0.000000e+00	0.000000e+00
246	3.464870e+15	0.000000e+00	0.000000e+00	0.000000e+00
247	3.475364e+15	0.000000e+00	0.000000e+00	0.000000e+00
248	3.485682e+15	0.000000e+00	0.000000e+00	0.000000e+00
249	3.495828e+15	0.000000e+00	0.000000e+00	0.000000e+00
250	3.505810e+15	0.000000e+00	0.000000e+00	0.000000e+00
251	3.515632e+15	0.000000e+00	0.000000e+00	0.000000e+00
252	3.525303e+15	0.000000e+00	0.000000e+00	0.000000e+00
253	3.534823e+15	0.000000e+00	0.000000e+00	0.000000e+00
254	3.544102e+15	0.000000e+00	0.000000e+00	0.000000e+00
255	3.553341e+15	0.000000e+00	0.000000e+00	0.000000e+00
256	3.562441e+15	0.000000e+00	0.000000e+00	0.000000e+00
257	3.571407e+15	0.000000e+00	0.000000e+00	0.000000e+00
258	3.580246e+15	0.000000e+00	0.000000e+00	0.000000e+00
259	3.588960e+15	0.000000e+00	0.000000e+00	0.000000e+00
260	3.597553e+15	0.000000e+00	0.000000e+00	0.000000e+00
261	3.606031e+15	0.000000e+00	0.000000e+00	0.000000e+00
262	3.614396e+15	0.000000e+00	0.000000e+00	0.000000e+00
263	3.622654e+15	0.000000e+00	0.000000e+00	0.000000e+00
264	3.630805e+15	0.000000e+00	0.000000e+00	0.000000e+00
265	3.638853e+15	0.000000e+00	0.000000e+00	0.000000e+00
266	3.646798e+15	0.000000e+00	0.000000e+00	0.000000e+00
267	3.654643e+15	0.000000e+00	0.000000e+00	0.000000e+00
268	3.662392e+15	0.000000e+00	0.000000e+00	0.000000e+00
269	3.670045e+15	0.000000e+00	0.000000e+00	0.000000e+00
270	3.677610e+15	0.000000e+00	0.000000e+00	0.000000e+00
271	3.685087e+15	0.000000e+00	0.000000e+00	0.000000e+00
272	3.692479e+15	0.000000e+00	0.000000e+00	0.000000e+00
273	3.699788e+15	0.000000e+00	0.000000e+00	0.000000e+00
274	3.707014e+15	0.000000e+00	0.000000e+00	0.000000e+00
275	3.714161e+15	0.000000e+00	0.000000e+00	0.000000e+00
276	3.721230e+15	0.000000e+00	0.000000e+00	0.000000e+00
277	3.728222e+15	0.000000e+00	0.000000e+00	0.000000e+00
278	3.735141e+15	0.000000e+00	0.000000e+00	0.000000e+00
279	3.741986e+15	0.000000e+00	0.000000e+00	0.000000e+00
280	3.748764e+15	0.000000e+00	0.000000e+00	0.000000e+00
281	3.755469e+15	0.000000e+00	0.000000e+00	0.000000e+00
282	3.762109e+15	0.000000e+00	0.000000e+00	0.000000e+00
283	3.768682e+15	0.000000e+00	0.000000e+00	0.000000e+00
284	3.775189e+15	0.000000e+00	0.000000e+00	0.000000e+00
285	3.781635e+15	0.000000e+00	0.000000e+00	0.000000e+00
286	3.788018e+15	0.000000e+00	0.000000e+00	0.000000e+00
287	3.794343e+15	0.000000e+00	0.000000e+00	0.000000e+00
288	3.800608e+15	0.000000e+00	0.000000e+00	0.000000e+00
289	3.806817e+15	0.000000e+00	0.000000e+00	0.000000e+00
290	3.812970e+15	0.000000e+00	0.000000e+00	0.000000e+00
291	3.819069e+15	0.000000e+00	0.000000e+00	0.000000e+00
292	3.825113e+15	0.000000e+00	0.000000e+00	0.000000e+00
293	3.831107e+15	0.000000e+00	0.000000e+00	0.000000e+00
294	3.837047e+15	0.000000e+00	0.000000e+00	0.000000e+00
295	3.842937e+15	0.000000e+00	0.000000e+00	0.000000e+00
296	3.848776e+15	0.000000e+00	0.000000e+00	0.000000e+00
297	3.854567e+15	0.000000e+00	0.000000e+00	0.000000e+00
298	3.860310e+15	0.000000e+00	0.000000e+00	0.000000e+00
299	3.866008e+15	0.000000e+00	0.000000e+00	0.000000e+00
300	3.871660e+15	0.000000e+00	0.000000e+00	0.000000e+00
301	3.877269e+15	0.000000e+00	0.000000e+00	0.000000e+00
302	3.882833e+15	0.000000e+00	0.000000e+00	0.000000e+00
303	3.888355e+15	0.000000e+00	0.000000e+00	0.000000e+00
304	3.893835e+15	0.000000e+00	0.000000e+00	0.000000e+00
305	3.899273e+15	0.000000e+00	0.000000e+00	0.000000e+00
306	3.904669e+15	0.000000e+00	0.000000e+00	0.000000e+00
307	3.910023e+15	0.000000e+00	0.000000e+00	0.000000e+00
308	3.915338e+15	0.000000e+00	0.000000e+00	0.000000e+00
309	3.920613e+15	0.000000e+00	0.000000e+00	0.000000e+00
310	3.925851e+15	0.000000e+00	0.000000e+00	0.000000e+00
311	3.931052e+15	0.000000e+00	0.000000e+00	0.000000e+00
312	3.936219e+15	0.000000e+00	0.000000e+00	0.000000e+00
313	3.941349e+15	0.000000e+00	0.000000e+00	0.000000e+00
314	3.946447e+15	0.000000e+00	0.000000e+00	0.000000e+00
315	3.951509e+15	0.000000e+00	0.000000e+00	0.000000e+00
316	3.956540e+15	0.000000e+00	0.000000e+00	0.000000e+00
317	3.961535e+15	0.000000e+00	0.000000e+00	0.000000e+00
318	3.966499e+15	0.000000e+00	0.000000e+00	0.000000e+00
319	3.971429e+15	0.000000e+00	0.000000e+00	0.000000e+00
320	3.976330e+15	0.000000e+00	0.000000e+00	0.000000e+00
321	3.981198e+15	0.000000e+00	0.000000e+00	0.000000e+00
322	3.986037e+15	0.000000e+00	0.000000e+00	0.000000e+00
323	3.990843e+15	0.000000e+00	0.000000e+00	0.000000e+00
324	3.995623e+15	0.000000e+00	0.000000e+00	0.000000e+00
325	4.000372e+15	0.000000e+00	0.000000e+00	0.000000e+00
326	4.005097e+15	0.000000e+00	0.000000e+00	0.000000e+00
327	4.009790e+15	0.000000e+00	0.000000e+00	0.000000e+00
328	4.014459e+15	0.000000e+00	0.000000e+00	0.000000e+00
329	4.019098e+15	0.000000e+00	0.000000e+00	0.000000e+00
330	4.023712e+15	0.000000e+00	0.000000e+00	0.000000e+00
331	4.028298e+15	0.000000e+00	0.000000e+00	0.000000e+00
332	4.032858e+15	0.000000e+00	0.000000e+00	0.000000e+00
333	4.037394e+15	0.000000e+00	0.000000e+00	0.000000e+00
334	4.041902e+15	0.000000e+00	0.000000e+00	0.000000e+00
335	4.046388e+15	0.000000e+00	0.000000e+00	0.000000e+00
336	4.050849e+15	0.000000e+00	0.000000e+00	0.000000e+00
337	4.055287e+15	0.000000e+00	0.000000e+00	0.000000e+00
338	4.059700e+15	0.000000e+00	0.000000e+00	0.000000e+00
339	4.064091e+15	0.000000e+00	0.000000e+00	0.000000e+00
340	4.068459e+15	0.000000e+00	0.000000e+00	0.000000e+00
341	4.072807e+15	0.000000e+00	0.000000e+00	0.000000e+00
342	4.077132e+15	0.000000e+00	0.000000e+00	0.000000e+00
343	4.081435e+15	0.000000e+00	0.000000e+00	0.000000e+00
344	4.085716e+15	0.000000e+00	0.000000e+00	0.000000e+00
345	4.089974e+15	0.000000e+00	0.000000e+00	0.000000e+00
346	4.094212e+15	0.000000e+00	0.000000e+00	0.000000e+00
347	4.098428e+15	0.000000e+00	0.000000e+00	0.000000e+00
348	4.102625e+15	0.000000e+00	0.000000e+00	0.000000e+00
349	4.106802e+15	0.000000e+00	0.000000e+00	0.000000e+00
350	4.110960e+15	0.000000e+00	0.000000e+00	0.000000e+00
351	4.115098e+15	0.000000e+00	0.000000e+00	0.000000e+00
352	4.119220e+15	0.000000e+00	0.000000e+00	0.000000e+00
353	4.123321e+15	0.000000e+00	0.000000e+00	0.000000e+00
354	4.127405e+15	0.000000e+00	0.000000e+00	0.000000e+00
355	4.131471e+15	0.000000e+00	0.000000e+00	0.000000e+00
356	4.135517e+15	0.000000e+00	0.000000e+00	0.000000e+00
357	4.139547e+15	0.000000e+00	0.000000e+00	0.000000e+00
358	4.143557e+15	0.000000e+00	0.000000e+00	0.000000e+00
359	4.147552e+15	0.000000e+00	0.000000e+00	0.000000e+00
360	4.151528e+15	0.000000e+00	0.000000e+00	0.000000e+00
361	4.155487e+15	0.000000e+00	0.000000e+00	0.000000e+00
362	4.159430e+15	0.000000e+00	0.000000e+00	0.000000e+00
363	4.163358e+15	0.000000e+00	0.000000e+00	0.000000e+00
364	4.167269e+15	0.000000e+00	0.000000e+00	0.000000e+00
365	4.171167e+15	0.000000e+00	0.000000e+00	0.000000e+00
366	4.175048e+15	0.000000e+00	0.000000e+00	0.000000e+00
367	4.178916e+15	0.000000e+00	0.000000e+00	0.000000e+00
368	4.182767e+15	0.000000e+00	0.000000e+00	0.000000e+00
369	4.186605e+15	0.000000e+00	0.000000e+00	0.000000e+00
370	4.190427e+15	0.000000e+00	0.000000e+00	0.000000e+00
371	4.194236e+15	0.000000e+00	0.000000e+00	0.000000e+00
372	4.198029e+15	0.000000e+00	0.000000e+00	0.000000e+00
373	4.201811e+15	0.000000e+00	0.000000e+00	0.000000e+00
374	4.205578e+15	0.000000e+00	0.000000e+00	0.000000e+00
375	4.209334e+15	0.000000e+00	0.000000e+00	0.000000e+00
376	4.213075e+15	0.000000e+00	0.000000e+00	0.000000e+00
377	4.216805e+15	0.000000e+00	0.000000e+00	0.000000e+00
378	4.220521e+15	0.000000e+00	0.000000e+00	0.000000e+00
379	4.224228e+15	0.000000e+00	0.000000e+00	0.000000e+00
380	4.227919e+15	0.000000e+00	0.000000e+00	0.000000e+00
381	4.231599e+15	0.000000e+00	0.000000e+00	0.000000e+00
382	4.235265e+15	0.000000e+00	0.000000e+00	0.000000e+00
383	4.238918e+15	0.000000e+00	0.000000e+00	0.000000e+00
384	4.242559e+15	0.000000e+00	0.000000e+00	0.000000e+00
385	4.246187e+15	0.000000e+00	0.000000e+00	0.000000e+00
386	4.249805e+15	0.000000e+00	0.000000e+00	0.000000e+00
387	4.253411e+15	0.000000e+00	0.000000e+00	0.000000e+00
388	4.257008e+15	0.000000e+00	0.000000e+00	0.000000e+00
389	4.260592e+15	0.000000e+00	0.000000e+00	0.000000e+00
390	4.264168e+15	0.000000e+00	0.000000e+00	0.000000e+00
391	4.267732e+15	0.000000e+00	0.000000e+00	0.000000e+00
392	4.271285e+15	0.000000e+00	0.000000e+00	0.000000e+00
393	4.274828e+15	0.000000e+00	0.000000e+00	0.000000e+00
394	4.278360e+15	0.000000e+00	0.000000e+00	0.000000e+00
395	4.281882e+15	0.000000e+00	0.000000e+00	0.000000e+00
396	4.285393e+15	0.000000e+00	0.000000e+00	0.000000e+00
397	4.288895e+15	0.000000e+00	0.000000e+00	0.000000e+00
398	4.292386e+15	0.000000e+00	0.000000e+00	0.000000e+00
399	4.295868e+15	0.000000e+00	0.000000e+00	0.000000e+00
400	4.299339e+15	0.000000e+00	0.000000e+00	0.000000e+00
401	4.302802e+15	0.000000e+00	0.000000e+00	0.000000e+00
402	4.306254e+15	0.000000e+00	0.000000e+00	0.000000e+00
403	4.309699e+15	0.000000e+00	0.000000e+00	0.000000e+00
404	4.313133e+15	0.000000e+00	0.000000e+00	0.000000e+00
405	4.316560e+15	0.000000e+00	0.000000e+00	0.000000e+00
406	4.319976e+15	0.000000e+00	0.000000e+00	0.000000e+00
407	4.323385e+15	0.000000e+00	0.000000e+00	0.000000e+00
408	4.326785e+15	0.000000e+00	0.000000e+00	0.000000e+00
409	4.330176e+15	0.000000e+00	0.000000e+00	0.000000e+00
410	4.333559e+15	0.000000e+00	0.000000e+00	0.000000e+00
411	4.336934e+15	0.000000e+00	0.000000e+00	0.000000e+00
412	4.340301e+15	0.000000e+00	0.000000e+00	0.000000e+00
413	4.343660e+15	0.000000e+00	0.000000e+00	0.000000e+00
414	4.347011e+15	0.000000e+00	0.000000e+00	0.000000e+00
415	4.350354e+15	0.000000e+00	0.000000e+00	0.000000e+00
416	4.353689e+15	0.000000e+00	0.000000e+00	0.000000e+00
417	4.357015e+15	0.000000e+00	0.000000e+00	0.000000e+00
418	4.360334e+15	0.000000e+00	0.000000e+00	0.000000e+00
419	4.363646e+15	0.000000e+00	0.000000e+00	0.000000e+00
420	4.366949e+15	0.000000e+00	0.000000e+00	0.000000e+00
421	4.370246e+15	0.000000e+00	0.000000e+00	0.000000e+00
422	4.373535e+15	0.000000e+00	0.000000e+00	0.000000e+00
423	4.376817e+15	0.000000e+00	0.000000e+00	0.000000e+00
424	4.380093e+15	0.000000e+00	0.000000e+00	0.000000e+00
425	4.383361e+15	0.000000e+00	0.000000e+00	0.000000e+00
426	4.386622e+15	0.000000e+00	0.000000e+00	0.000000e+00
427	4.389877e+15	0.000000e+00	0.000000e+00	0.000000e+00
428	4.393125e+15	0.000000e+00	0.000000e+00	0.000000e+00
429	4.396367e+15	0.000000e+00	0.000000e+00	0.000000e+00
430	4.399603e+15	0.000000e+00	0.000000e+00	0.000000e+00
431	4.402831e+15	0.000000e+00	0.000000e+00	0.000000e+00
432	4.406054e+15	0.000000e+00	0.000000e+00	0.000000e+00
433	4.409270e+15	0.000000e+00	0.000000e+00	0.000000e+00
434	4.412482e+15	0.000000e+00	0.000000e+00	0.000000e+00
435	4.415687e+15	0.000000e+00	0.000000e+00	0.000000e+00
436	4.418887e+15	0.000000e+00	0.000000e+00	0.000000e+00
437	4.422082e+15	0.000000e+00	0.000000e+00	0.000000e+00
438	4.425271e+15	0.000000e+00	0.000000e+00	0.000000e+00
439	4.428453e+15	0.000000e+00	0.000000e+00	0.000000e+00
440	4.431629e+15	0.000000e+00	0.000000e+00	0.000000e+00
441	4.434800e+15	0.000000e+00	0.000000e+00	0.000000e+00
442	4.437965e+15	0.000000e+00	0.000000e+00	0.000000e+00
443	4.441125e+15	0.000000e+00	0.000000e+00	0.000000e+00
444	4.444280e+15	0.000000e+00	0.000000e+00	0.000000e+00
445	4.447429e+15	0.000000e+00	0.000000e+00	0.000000e+00
446	4.450574e+15	0.000000e+00	0.000000e+00	0.000000e+00
447	4.453713e+15	0.000000e+00	0.000000e+00	0.000000e+00
448	4.456847e+15	0.000000e+00	0.000000e+00	0.000000e+00
449	4.459975e+15	0.000000e+00	0.000000e+00	0.000000e+00
450	4.463099e+15	0.000000e+00	0.000000e+00	0.000000e+00
451	4.466217e+15	0.000000e+00	0.000000e+00	0.000000e+00
452	4.469329e+15	0.000000e+00	0.000000e+00	0.000000e+00
453	4.472437e+15	0.000000e+00	0.000000e+00	0.000000e+00
454	4.475542e+15	0.000000e+00	0.000000e+00	0.000000e+00
455	4.478642e+15	0.000000e+00	0.000000e+00	0.000000e+00
456	4.481738e+15	0.000000e+00	0.000000e+00	0.000000e+00
457	4.484829e+15	0.000000e+00	0.000000e+00	0.000000e+00
458	4.487916e+15	0.000000e+00	0.000000e+00	0.000000e+00
459	4.490998e+15	0.000000e+00	0.000000e+00	0.000000e+00
460	4.494075e+15	0.000000e+00	0.000000e+00	0.000000e+00
461	4.497148e+15	0.000000e+00	0.000000e+00	0.000000e+00
462	4.500217e+15	0.000000e+00	0.000000e+00	0.000000e+00
463	4.503282e+15	0.000000e+00	0.000000e+00	0.000000e+00
464	4.506341e+15	0.000000e+00	0.000000e+00	0.000000e+00
465	4.509398e+15	0.000000e+00	0.000000e+00	0.000000e+00
466	4.512448e+15	0.000000e+00	0.000000e+00	0.000000e+00
467	4.515494e+15	0.000000e+00	0.000000e+00	0.000000e+00
468	4.518536e+15	0.000000e+00	0.000000e+00	0.000000e+00
469	4.521572e+15	0.000000e+00	0.000000e+00	0.000000e+00
470	4.524606e+15	0.000000e+00	0.000000e+00	0.000000e+00
471	4.527635e+15	0.000000e+00	0.000000e+00	0.000000e+00
472	4.530660e+15	0.000000e+00	0.000000e+00	0.000000e+00
473	4.533682e+15	0.000000e+00	0.000000e+00	0.000000e+00
474	4.536698e+15	0.000000e+00	0.000000e+00	0.000000e+00
475	4.539711e+15	0.000000e+00	0.000000e+00	0.000000e+00
476	4.542720e+15	0.000000e+00	0.000000e+00	0.000000e+00
477	4.545724e+15	0.000000e+00	0.000000e+00	0.000000e+00
478	4.548726e+15	0.000000e+00	0.000000e+00	0.000000e+00
479	4.551722e+15	0.000000e+00	0.000000e+00	0.000000e+00
480	4.554716e+15	0.000000e+00	0.000000e+00	0.000000e+00
481	4.557705e+15	0.000000e+00	0.000000e+00	0.000000e+00
482	4.560691e+15	0.000000e+00	0.000000e+00	0.000000e+00
483	4.563671e+15	0.000000e+00	0.000000e+00	0.000000e+00
484	4.566649e+15	0.000000e+00	0.000000e+00	0.000000e+00
485	4.569622e+15	0.000000e+00	0.000000e+00	0.000000e+00
486	4.572590e+15	0.000000e+00	0.000000e+00	0.000000e+00
487	4.575556e+15	0.000000e+00	0.000000e+00	0.000000e+00
488	4.578517e+15	0.000000e+00	0.000000e+00	0.000000e+00
489	4.581475e+15	0.000000e+00	0.000000e+00	0.000000e+00
490	4.584427e+15	0.000000e+00	0.000000e+00	0.000000e+00
491	4.587378e+15	0.000000e+00	0.000000e+00	0.000000e+00
492	4.590324e+15	0.000000e+00	0.000000e+00	0.000000e+00
493	4.593268e+15	0.000000e+00	0.000000e+00	0.000000e+00
494	4.596208e+15	0.000000e+00	0.000000e+00	0.000000e+00
495	4.599146e+15	0.000000e+00	0.000000e+00	0.000000e+00
496	4.602079e+15	0.000000e+00	0.000000e+00	0.000000e+00
497	4.605009e+15	0.000000e+00	0.000000e+00	0.000000e+00
498	4.607935e+15	0.000000e+00	0.000000e+00	0.000000e+00
499	4.610858e+15	0.000000e+00	0.000000e+00	0.000000e+00
500	4.613776e+15	0.000000e+00	0.000000e+00	0.000000e+00
501	4.616690e+15	0.000000e+00	0.000000e+00	0.000000e+00
502	4.619600e+15	0.000000e+00	0.000000e+00	0.000000e+00
503	4.622506e+15	0.000000e+00	0.000000e+00	0.000000e+00
504	4.625409e+15	0.000000e+00	0.000000e+00	0.000000e+00
505	4.628308e+15	0.000000e+00	0.000000e+00	0.000000e+00
506	4.631204e+15	0.000000e+00	0.000000e+00	0.000000e+00
507	4.634094e+15	0.000000e+00	0.000000e+00	0.000000e+00
508	4.636979e+15	0.000000e+00	0.000000e+00	0.000000e+00
509	4.639860e+15	0.000000e+00	0.000000e+00	0.000000e+00
510	4.642734e+15	0.000000e+00	0.000000e+00	0.000000e+00
511	4.645605e+15	0.000000e+00	0.000000e+00	0.000000e+00
512	4.648471e+15	0.000000e+00	0.000000e+00	0.000000e+00
513	4.651330e+15	0.000000e+00	0.000000e+00	0.000000e+00
514	4.654183e+15	0.000000e+00	0.000000e+00	0.000000e+00
515	4.657029e+15	0.000000e+00	0.000000e+00	0.000000e+00
516	4.659870e+15	0.000000e+00	0.000000e+00	0.000000e+00
517	4.662705e+15	0.000000e+00	0.000000e+00	0.000000e+00
518	4.665534e+15	0.000000e+00	0.000000e+00	0.000000e+00
519	4.668356e+15	0.000000e+00	0.000000e+00	0.000000e+00
520	4.671171e+15	0.000000e+00	0.000000e+00	0.000000e+00
521	4.673978e+15	0.000000e+00	0.000000e+00	0.000000e+00
522	4.676776e+15	0.000000e+00	0.000000e+00	0.000000e+00
523	4.679566e+15	0.000000e+00	0.000000e+00	0.000000e+00
524	4.682346e+15	0.000000e+00	0.000000e+00	0.000000e+00
525	4.685115e+15	0.000000e+00	0.000000e+00	0.000000e+00
526	4.687869e+15	0.000000e+00	0.000000e+00	0.000000e+00
527	4.690612e+15	0.000000e+00	0.000000e+00	0.000000e+00
528	4.693337e+15	0.000000e+00	0.000000e+00	0.000000e+00
529	4.696046e+15	0.000000e+00	0.000000e+00	0.000000e+00
530	4.698735e+15	0.000000e+00	0.000000e+00	0.000000e+00
531	4.701345e+15	0.000000e+00	0.000000e+00	0.000000e+00
532	4.703812e+15	0.000000e+00	0.000000e+00	0.000000e+00
533	4.706123e+15	0.000000e+00	0.000000e+00	0.000000e+00
534	4.708266e+15	0.000000e+00	0.000000e+00	0.000000e+00
535	4.710255e+15	0.000000e+00	0.000000e+00	0.000000e+00
536	4.712132e+15	0.000000e+00	0.000000e+00	0.000000e+00
537	4.713656e+15	0.000000e+00	0.000000e+00	0.000000e+00
538	4.715375e+15	0.000000e+00	0.000000e+00	0.000000e+00
539	4.717047e+15	0.000000e+00	0.000000e+00	0.000000e+00
540	4.718675e+15	0.000000e+00	0.000000e+00	0.000000e+00
541	4.720272e+15	0.000000e+00	0.000000e+00	0.000000e+00
542	4.721744e+15	0.000000e+00	0.000000e+00	0.000000e+00
543	4.723050e+15	0.000000e+00	0.000000e+00	0.000000e+00
544	4.724413e+15	0.000000e+00	0.000000e+00	0.000000e+00
545	4.725662e+15	0.000000e+00	0.000000e+00	0.000000e+00
546	4.726859e+15	0.000000e+00	0.000000e+00	0.000000e+00
547	4.728122e+15	0.000000e+00	0.000000e+00	0.000000e+00
548	4.729451e+15	0.000000e+00	0.000000e+00	0.000000e+00
549	4.730653e+15	0.000000e+00	0.000000e+00	0.000000e+00
550	4.731738e+15	0.000000e+00	0.000000e+00	0.000000e+00
551	4.732949e+15	0.000000e+00	0.000000e+00	0.000000e+00
552	4.734183e+15	0.000000e+00	0.000000e+00	0.000000e+00
553	4.735234e+15	0.000000e+00	0.000000e+00	0.000000e+00
554	4.736357e+15	0.000000e+00	0.000000e+00	0.000000e+00
555	4.737583e+15	0.000000e+00	0.000000e+00	0.000000e+00
556	4.738788e+15	0.000000e+00	0.000000e+00	0.000000e+00
557	4.739885e+15	0.000000e+00	0.000000e+00	0.000000e+00
558	4.740993e+15	0.000000e+00	0.000000e+00	0.000000e+00
559	4.742131e+15	0.000000e+00	0.000000e+00	0.000000e+00
560	4.743269e+15	0.000000e+00	0.000000e+00	0.000000e+00
561	4.744350e+15	0.000000e+00	0.000000e+00	0.000000e+00
562	4.745249e+15	0.000000e+00	0.000000e+00	0.000000e+00
563	4.746327e+15	0.000000e+00	0.000000e+00	0.000000e+00
564	4.747421e+15	0.000000e+00	0.000000e+00	0.000000e+00
565	4.748455e+15	0.000000e+00	0.000000e+00	0.000000e+00
566	4.749406e+15	0.000000e+00	0.000000e+00	0.000000e+00
567	4.750427e+15	0.000000e+00	0.000000e+00	0.000000e+00
568	4.751436e+15	0.000000e+00	0.000000e+00	0.000000e+00
569	4.752418e+15	0.000000e+00	0.000000e+00	0.000000e+00
570	4.753414e+15	0.000000e+00	0.000000e+00	0.000000e+00
571	4.754456e+15	0.000000e+00	0.000000e+00	0.000000e+00
572	4.755425e+15	0.000000e+00	0.000000e+00	0.000000e+00
573	4.756380e+15	0.000000e+00	0.000000e+00	0.000000e+00
574	4.757296e+15	0.000000e+00	0.000000e+00	0.000000e+00
575	4.758297e+15	0.000000e+00	0.000000e+00	0.000000e+00
576	4.759250e+15	0.000000e+00	0.000000e+00	0.000000e+00
577	4.760193e+15	0.000000e+00	0.000000e+00	0.000000e+00
578	4.761084e+15	0.000000e+00	0.000000e+00	0.000000e+00
579	4.762007e+15	0.000000e+00	0.000000e+00	0.000000e+00
580	4.762964e+15	0.000000e+00	0.000000e+00	0.000000e+00
581	4.763908e+15	0.000000e+00	0.000000e+00	0.000000e+00
582	4.764854e+15	0.000000e+00	0.000000e+00	0.000000e+00
583	4.765836e+15	0.000000e+00	0.000000e+00	0.000000e+00
584	4.766721e+15	0.000000e+00	0.000000e+00	0.000000e+00
585	4.767646e+15	0.000000e+00	0.000000e+00	0.000000e+00
586	4.768569e+15	0.000000e+00	0.000000e+00	0.000000e+00
587	4.769493e+15	0.000000e+00	0.000000e+00	0.000000e+00
588	4.770286e+15	0.000000e+00	0.000000e+00	0.000000e+00
589	4.770928e+15	0.000000e+00	0.000000e+00	0.000000e+00
590	4.771614e+15	0.000000e+00	0.000000e+00	0.000000e+00
591	4.772261e+15	0.000000e+00	0.000000e+00	0.000000e+00
592	4.772900e+15	0.000000e+00	0.000000e+00	0.000000e+00
593	4.773598e+15	0.000000e+00	0.000000e+00	0.000000e+00
594	4.774273e+15	0.000000e+00	0.000000e+00	0.000000e+00
595	4.775083e+15	0.000000e+00	0.000000e+00	0.000000e+00
596	4.775766e+15	0.000000e+00	0.000000e+00	0.000000e+00
597	4.776506e+15	0.000000e+00	0.000000e+00	0.000000e+00
598	4.777210e+15	0.000000e+00	0.000000e+00	0.000000e+00
599	4.777792e+15	0.000000e+00	0.000000e+00	0.000000e+00
600	4.778490e+15	0.000000e+00	0.000000e+00	0.000000e+00
601	4.779230e+15	0.000000e+00	0.000000e+00	0.000000e+00
602	4.779884e+15	0.000000e+00	0.000000e+00	0.000000e+00
603	4.780572e+15	0.000000e+00	0.000000e+00	0.000000e+00
604	4.781235e+15	0.000000e+00	0.000000e+00	0.000000e+00
605	4.781829e+15	0.000000e+00	0.000000e+00	0.000000e+00
606	4.782404e+15	0.000000e+00	0.000000e+00	0.000000e+00
607	4.783039e+15	0.000000e+00	0.000000e+00	0.000000e+00
608	4.783618e+15	0.000000e+00	0.000000e+00	0.000000e+00
609	4.784180e+15	0.000000e+00	0.000000e+00	0.000000e+00
610	4.784776e+15	0.000000e+00	0.000000e+00	0.000000e+00
611	4.785344e+15	0.000000e+00	0.000000e+00	0.000000e+00
612	4.785862e+15	0.000000e+00	0.000000e+00	0.000000e+00
613	4.786392e+15	0.000000e+00	0.000000e+00	0.000000e+00
614	4.786987e+15	0.000000e+00	0.000000e+00	0.000000e+00
615	4.787484e+15	0.000000e+00	0.000000e+00	0.000000e+00
616	4.788040e+15	0.000000e+00	0.000000e+00	0.000000e+00
617	4.788557e+15	0.000000e+00	0.000000e+00	0.000000e+00
618	4.789069e+15	0.000000e+00	0.000000e+00	0.000000e+00
619	4.789557e+15	0.000000e+00	0.000000e+00	0.000000e+00
620	4.790070e+15	0.000000e+00	0.000000e+00	0.000000e+00
621	4.790520e+15	0.000000e+00	0.000000e+00	0.000000e+00
622	4.790983e+15	0.000000e+00	0.000000e+00	0.000000e+00
623	4.791423e+15	0.000000e+00	0.000000e+00	0.000000e+00
624	4.791929e+15	0.000000e+00	0.000000e+00	0.000000e+00
625	4.792396e+15	0.000000e+00	0.000000e+00	0.000000e+00
626	4.792850e+15	0.000000e+00	0.000000e+00	0.000000e+00
627	4.793308e+15	0.000000e+00	0.000000e+00	0.000000e+00
628	4.793802e+15	0.000000e+00	0.000000e+00	0.000000e+00
629	4.794277e+15	0.000000e+00	6.414149e-01	0.000000e+00
630	4.794708e+15	0.000000e+00	2.850180e+00	0.000000e+00
631	4.795082e+15	0.000000e+00	3.695623e+00	0.000000e+00
632	4.795493e+15	0.000000e+00	5.158489e+00	0.000000e+00
633	4.795969e+15	0.000000e+00	1.064767e+01	1.211340e+16
634	4.796360e+15	0.000000e+00	9.800517e+00	6.222470e+16
635	4.796768e+15	0.000000e+00	1.050769e+01	6.454815e+16
636	4.797230e+15	0.000000e+00	1.437916e+01	1.024557e+17
637	4.797690e+15	0.000000e+00	2.150936e+01	1.024441e+17
638	4.798058e+15	0.000000e+00	1.712872e+01	7.280861e+16
639	4.798440e+15	0.000000e+00	1.834629e+01	8.609331e+16
640	4.798846e+15	0.000000e+00	2.187823e+01	6.850021e+16
641	4.799252e+15	0.000000e+00	2.458160e+01	9.781232e+16
642	4.799649e+15	0.000000e+00	2.317859e+01	8.175330e+16
643	4.800075e+15	0.000000e+00	3.163731e+01	9.494490e+16
644	4.800454e+15	0.000000e+00	2.680922e+01	7.938577e+16
645	4.800855e+15	0.000000e+00	2.819942e+01	9.013105e+16
646	4.801286e+15	0.000000e+00	4.201727e+01	1.067602e+17
647	4.801646e+15	0.000000e+00	3.579278e+01	7.893663e+16
648	4.802000e+15	0.000000e+00	3.143170e+01	7.816891e+16
649	4.802400e+15	0.000000e+00	3.719990e+01	1.026610e+17
650	4.802811e+15	0.000000e+00	4.372029e+01	9.878790e+16
651	4.803196e+15	0.000000e+00	4.397509e+01	7.042009e+16
652	4.803567e+15	0.000000e+00	4.276644e+01	6.657883e+16
653	4.803945e+15	0.000000e+00	4.724590e+01	7.840894e+16
654	4.804317e+15	0.000000e+00	5.735863e+01	6.230587e+16
655	4.804644e+15	0.000000e+00	4.898614e+01	6.423195e+16
656	4.804982e+15	0.000000e+00	5.204289e+01	7.950331e+16
657	4.805326e+15	0.000000e+00	5.618608e+01	8.762514e+16
658	4.805666e+15	0.000000e+00	4.810438e+01	8.129872e+16
659	4.806053e+15	0.000000e+00	7.045800e+01	1.129366e+17
660	4.806393e+15	0.000000e+00	4.995465e+01	9.656165e+16
661	4.806791e+15	0.000000e+00	6.617791e+01	9.968057e+16
662	4.807179e+15	0.000000e+00	8.086322e+01	1.113945e+17
663	4.807515e+15	0.000000e+00	6.579919e+01	1.012985e+17
664	4.807864e+15	0.000000e+00	7.406540e+01	1.010832e+17
665	4.808202e+15	0.000000e+00	7.518014e+01	8.756967e+16
666	4.808532e+15	0.000000e+00	5.892953e+01	8.939128e+16
667	4.808929e+15	0.000000e+00	9.695839e+01	1.188953e+17
668	4.809261e+15	0.000000e+00	8.383947e+01	7.165709e+16
669	4.809579e+15	0.000000e+00	7.096831e+01	8.780809e+16
670	4.809927e+15	0.000000e+00	8.852523e+01	1.075220e+17
671	4.810258e+15	0.000000e+00	7.809363e+01	8.173071e+16
672	4.810609e+15	0.000000e+00	8.444857e+01	7.775735e+16
673	4.810966e+15	0.000000e+00	9.084926e+01	8.875184e+16
674	4.811316e+15	0.000000e+00	1.093677e+02	1.136366e+17
675	4.811618e+15	0.000000e+00	8.341835e+01	6.006128e+16
676	4.811945e+15	0.000000e+00	9.205439e+01	8.042565e+16
677	4.812280e+15	0.000000e+00	8.314957e+01	6.963761e+16
678	4.812659e+15	0.000000e+00	1.258660e+02	8.401611e+16
679	4.812978e+15	0.000000e+00	9.547035e+01	8.972682e+16
680	4.813316e+15	0.000000e+00	9.443051e+01	9.568085e+16
681	4.813684e+15	1.339706e-04	1.467554e+02	1.266149e+17
682	4.813972e+15	1.347019e-02	8.574049e+01	5.828441e+16
683	4.814317e+15	5.882832e-02	1.080660e+02	9.958672e+16
684	4.814670e+15	1.037320e-01	1.134090e+02	1.039330e+17
685	4.815024e+15	2.012201e-01	1.207017e+02	1.188226e+17
686	4.815370e+15	2.400606e-01	1.022648e+02	8.063791e+16
687	4.815758e+15	4.718506e-01	1.242544e+02	1.106487e+17
688	4.816140e+15	1.086404e+00	1.320446e+02	1.337084e+17
689	4.816506e+15	2.477349e+00	1.556768e+02	1.408893e+17
690	4.816813e+15	3.384312e+00	1.159033e+02	9.761052e+16
691	4.817141e+15	4.886888e+00	1.238427e+02	1.108339e+17
692	4.817474e+15	7.417385e+00	1.447076e+02	1.120295e+17
693	4.817776e+15	7.191951e+00	1.084347e+02	9.591095e+16
694	4.818119e+15	9.914100e+00	1.256386e+02	1.032283e+17
695	4.818471e+15	1.301509e+01	1.356560e+02	1.215223e+17
696	4.818813e+15	1.769573e+01	1.559429e+02	1.001450e+17
697	4.819112e+15	1.572281e+01	1.133361e+02	9.804872e+16
698	4.819449e+15	1.638835e+01	1.050492e+02	1.083084e+17
699	4.819852e+15	2.972570e+01	1.791064e+02	1.392503e+17
700	4.820172e+15	2.419410e+01	1.317848e+02	1.316389e+17
701	4.820498e+15	2.788749e+01	1.439080e+02	1.320408e+17
702	4.820810e+15	2.270045e+01	1.074003e+02	1.082282e+17
703	4.821184e+15	3.138737e+01	1.464210e+02	1.152089e+17
704	4.821543e+15	2.792459e+01	1.198234e+02	9.604979e+16
705	4.821948e+15	3.237768e+01	1.369680e+02	1.430989e+17
706	4.822363e+15	3.921912e+01	1.594611e+02	1.585946e+17
707	4.822745e+15	4.495308e+01	1.745026e+02	1.592800e+17
708	4.823073e+15	3.177006e+01	1.183387e+02	1.143220e+17
709	4.823456e+15	4.231616e+01	1.531021e+02	1.425650e+17
710	4.823823e+15	3.768478e+01	1.319231e+02	1.518045e+17
711	4.824219e+15	4.526249e+01	1.544157e+02	1.432234e+17
712	4.824595e+15	4.731714e+01	1.563532e+02	1.507561e+17
713	4.824950e+15	3.830040e+01	1.227310e+02	1.272914e+17
714	4.825356e+15	4.173395e+01	1.317989e+02	1.210425e+17
715	4.825795e+15	5.407296e+01	1.664059e+02	1.796744e+17
716	4.826194e+15	3.983888e+01	1.218184e+02	1.209469e+17
717	4.826657e+15	5.849315e+01	1.778911e+02	2.229402e+17
718	4.827060e+15	4.945846e+01	1.524021e+02	1.236756e+17
719	4.827456e+15	3.741749e+01	1.184219e+02	1.688401e+17
720	4.827923e+15	4.297256e+01	1.351209e+02	1.276421e+17
721	4.828419e+15	6.227044e+01	1.937974e+02	1.794874e+17
722	4.828822e+15	5.275499e+01	1.663710e+02	1.393353e+17
723	4.829196e+15	4.389641e+01	1.402113e+02	1.607778e+17
724	4.829595e+15	4.951142e+01	1.567013e+02	1.568456e+17
725	4.829990e+15	3.752138e+01	1.217301e+02	1.694079e+17
726	4.830463e+15	4.739459e+01	1.519261e+02	1.553572e+17
727	4.830944e+15	4.214181e+01	1.384046e+02	1.776190e+17
728	4.831471e+15	6.694542e+01	2.111565e+02	2.368217e+17
729	4.831880e+15	4.285886e+01	1.440176e+02	1.776950e+17
730	4.832311e+15	3.501050e+01	1.205568e+02	1.572731e+17
731	4.832827e+15	5.778093e+01	1.857149e+02	1.849941e+17
732	4.833271e+15	4.580975e+01	1.475637e+02	1.757455e+17
733	4.833723e+15	5.762171e+01	1.795972e+02	1.732841e+17
734	4.834117e+15	4.468745e+01	1.410967e+02	1.290378e+17
735	4.834528e+15	4.372840e+01	1.371110e+02	1.200538e+17
736	4.834967e+15	3.973365e+01	1.269218e+02	1.408176e+17
737	4.835463e+15	4.601999e+01	1.451175e+02	1.302633e+17
738	4.835967e+15	4.629262e+01	1.467787e+02	2.018403e+17
739	4.836475e+15	5.105547e+01	1.588431e+02	1.525381e+17
740	4.836950e+15	3.509322e+01	1.163132e+02	1.650712e+17
741	4.837515e+15	5.142405e+01	1.608751e+02	1.989554e+17
742	4.838040e+15	5.557123e+01	1.742822e+02	2.111148e+17
743	4.838492e+15	4.279373e+01	1.441944e+02	1.414268e+17
744	4.838940e+15	3.391379e+01	1.227886e+02	1.313621e+17
745	4.839445e+15	4.405387e+01	1.532665e+02	1.652763e+17
746	4.839923e+15	3.520577e+01	1.279732e+02	1.413140e+17
747	4.840445e+15	3.562831e+01	1.278092e+02	1.682654e+17
748	4.841009e+15	5.250903e+01	1.699558e+02	2.151853e+17
749	4.841490e+15	3.453753e+01	1.252451e+02	1.551476e+17
750	4.842007e+15	3.528252e+01	1.303322e+02	9.523898e+16
751	4.842546e+15	4.381005e+01	1.562823e+02	1.264067e+17
752	4.843030e+15	3.209401e+01	1.260302e+02	1.620417e+17
753	4.843545e+15	3.501041e+01	1.352721e+02	1.813795e+17
754	4.844064e+15	2.520870e+01	1.067069e+02	1.426601e+17
755	4.844687e+15	5.340394e+01	1.867078e+02	2.360809e+17
756	4.845170e+15	2.431307e+01	1.059333e+02	1.760131e+17
757	4.845749e+15	2.870461e+01	1.198887e+02	1.895613e+17
758	4.846383e+15	4.759009e+01	1.721211e+02	1.780105e+17
759	4.846898e+15	3.533048e+01	1.363783e+02	1.419773e+17
760	4.847395e+15	3.937342e+01	1.457120e+02	1.301475e+17
761	4.847850e+15	3.590066e+01	1.360455e+02	1.260948e+17
762	4.848291e+15	3.868736e+01	1.427848e+02	1.087391e+17
763	4.848703e+15	2.389836e+01	1.023258e+02	1.193241e+17
764	4.849198e+15	3.113611e+01	1.234622e+02	1.872063e+17
765	4.849711e+15	2.946043e+01	1.181916e+02	1.699174e+17
766	4.850260e+15	3.362676e+01	1.313655e+02	1.510410e+17
767	4.850802e+15	2.742857e+01	1.108746e+02	1.529865e+17
768	4.851410e+15	4.117382e+01	1.460683e+02	2.255767e+17
769	4.851956e+15	2.981387e+01	1.176774e+02	1.490167e+17
770	4.852538e+15	3.780377e+01	1.390463e+02	1.366441e+17
771	4.853081e+15	4.038996e+01	1.455241e+02	1.889717e+17
772	4.853568e+15	2.333634e+01	9.841771e+01	1.591918e+17
773	4.854152e+15	3.691103e+01	1.301666e+02	1.621745e+17
774	4.854716e+15	3.003981e+01	1.115019e+02	1.508711e+17
775	4.855330e+15	3.901975e+01	1.346489e+02	1.760410e+17
776	4.855912e+15	3.979285e+01	1.343133e+02	1.775146e+17
777	4.856465e+15	3.191511e+01	1.102441e+02	1.931968e+17
778	4.857075e+15	3.943956e+01	1.265813e+02	1.834296e+17
779	4.857681e+15	3.856874e+01	1.239515e+02	1.757257e+17
780	4.858292e+15	3.867418e+01	1.226881e+02	1.683825e+17
781	4.858917e+15	3.463107e+01	1.119687e+02	2.071320e+17
782	4.859602e+15	4.966501e+01	1.497133e+02	1.904224e+17
783	4.860200e+15	3.042248e+01	1.017584e+02	1.334504e+17
784	4.860900e+15	5.230550e+01	1.539254e+02	2.667497e+17
785	4.861488e+15	3.377775e+01	1.095436e+02	1.459296e+17
786	4.862135e+15	4.836922e+01	1.415269e+02	1.774370e+17
787	4.862711e+15	4.333614e+01	1.266597e+02	1.574594e+17
788	4.863268e+15	3.879518e+01	1.153021e+02	1.249560e+17
789	4.863848e+15	3.689338e+01	1.104717e+02	1.539531e+17
790	4.864474e+15	4.390065e+01	1.261141e+02	1.754251e+17
791	4.865081e+15	3.354938e+01	1.010511e+02	1.710572e+17
792	4.865775e+15	4.820654e+01	1.328627e+02	1.879981e+17
793	4.866411e+15	4.609636e+01	1.279688e+02	1.573172e+17
794	4.867013e+15	4.582475e+01	1.278293e+02	2.123190e+17
795	4.867581e+15	3.436038e+01	1.030347e+02	1.582187e+17
796	4.868215e+15	4.066153e+01	1.178289e+02	1.966961e+17
797	4.868853e+15	4.470155e+01	1.263383e+02	1.789524e+17
798	4.869458e+15	4.199950e+01	1.204289e+02	2.119417e+17
799	4.870057e+15	3.084864e+01	9.325921e+01	1.474830e+17
800	4.870776e+15	4.081311e+01	1.157029e+02	2.029702e+17
801	4.871504e+15	5.906548e+01	1.555500e+02	1.630135e+17
802	4.872088e+15	3.430761e+01	9.833940e+01	1.881996e+17
803	4.872758e+15	4.508390e+01	1.190965e+02	2.252476e+17
804	4.873423e+15	4.979169e+01	1.270860e+02	1.623557e+17
805	4.874050e+15	4.825920e+01	1.211344e+02	2.012245e+17
806	4.874657e+15	3.726542e+01	9.653617e+01	1.160016e+17
807	4.875353e+15	5.241132e+01	1.251112e+02	2.174366e+17
808	4.876001e+15	3.846760e+01	9.645129e+01	1.464994e+17
809	4.876735e+15	4.725398e+01	1.131757e+02	1.784696e+17
810	4.877462e+15	4.700918e+01	1.134195e+02	1.820772e+17
811	4.878179e+15	4.696973e+01	1.141897e+02	2.018366e+17
812	4.878886e+15	4.378918e+01	1.108745e+02	2.160859e+17
813	4.879595e+15	4.802502e+01	1.203579e+02	1.542362e+17
814	4.880270e+15	4.352710e+01	1.116618e+02	2.123261e+17
815	4.880956e+15	4.830813e+01	1.191712e+02	2.087920e+17
816	4.881614e+15	3.268646e+01	8.757739e+01	1.823865e+17
817	4.882404e+15	4.122063e+01	1.082372e+02	1.715111e+17
818	4.883220e+15	5.820662e+01	1.386288e+02	2.422381e+17
819	4.883904e+15	5.154851e+01	1.231230e+02	1.659743e+17
820	4.884533e+15	3.622975e+01	9.002898e+01	1.349105e+17
821	4.885272e+15	4.805049e+01	1.129615e+02	2.313428e+17
822	4.886006e+15	5.945366e+01	1.366516e+02	2.068331e+17
823	4.886631e+15	4.584538e+01	1.118364e+02	1.621285e+17
824	4.887263e+15	4.524690e+01	1.114056e+02	2.131699e+17
825	4.887904e+15	5.416362e+01	1.278913e+02	1.962678e+17
826	4.888484e+15	3.617346e+01	9.102955e+01	1.463066e+17
827	4.889163e+15	5.092248e+01	1.169407e+02	1.259351e+17
828	4.889811e+15	4.790284e+01	1.097243e+02	1.381826e+17
829	4.890458e+15	3.596441e+01	8.641250e+01	1.836927e+17
830	4.891235e+15	6.990775e+01	1.453652e+02	2.175002e+17
831	4.891863e+15	4.312797e+01	9.866997e+01	1.696163e+17
832	4.892559e+15	4.410111e+01	1.011319e+02	2.301349e+17
833	4.893317e+15	5.729435e+01	1.266271e+02	2.543840e+17
834	4.894011e+15	4.604454e+01	1.078118e+02	1.522491e+17
835	4.894730e+15	5.979332e+01	1.336635e+02	2.177691e+17
836	4.895355e+15	3.881536e+01	9.471748e+01	1.426181e+17
837	4.896061e+15	4.482892e+01	1.085902e+02	1.863969e+17
838	4.896789e+15	3.802501e+01	9.786359e+01	2.179428e+17
839	4.897602e+15	4.093211e+01	1.078227e+02	2.188314e+17
840	4.898446e+15	6.319509e+01	1.562216e+02	2.546257e+17
841	4.899093e+15	3.902063e+01	1.042968e+02	1.568761e+17
842	4.899774e+15	4.085013e+01	1.088762e+02	1.504641e+17
843	4.900464e+15	4.773951e+01	1.227570e+02	2.036864e+17
844	4.901104e+15	4.079359e+01	1.076889e+02	1.710624e+17
845	4.901764e+15	5.325203e+01	1.273796e+02	1.644274e+17
846	4.902350e+15	3.384863e+01	8.603906e+01	1.127446e+17
847	4.903054e+15	5.382712e+01	1.255089e+02	1.928549e+17
848	4.903689e+15	3.643131e+01	9.130066e+01	1.415039e+17
849	4.904419e+15	4.680385e+01	1.163850e+02	2.163460e+17
850	4.905120e+15	3.816294e+01	1.030617e+02	1.574683e+17
851	4.905862e+15	4.424390e+01	1.191931e+02	2.337223e+17
852	4.906569e+15	4.790749e+01	1.276878e+02	1.799899e+17
853	4.907206e+15	3.136102e+01	8.618181e+01	1.719378e+17
854	4.907970e+15	4.575320e+01	1.191787e+02	1.878286e+17
855	4.908693e+15	4.671023e+01	1.233104e+02	1.955967e+17
856	4.909364e+15	3.059382e+01	8.712534e+01	1.830052e+17
857	4.910170e+15	5.422871e+01	1.457943e+02	1.933086e+17
858	4.910824e+15	3.878575e+01	1.091945e+02	1.889527e+17
859	4.911499e+15	3.082243e+01	8.944697e+01	1.904155e+17
860	4.912310e+15	7.635944e+01	1.963240e+02	2.653547e+17
861	4.912830e+15	3.061954e+01	8.963570e+01	9.807244e+16
862	4.913455e+15	3.034347e+01	8.942873e+01	1.435830e+17
863	4.914205e+15	3.546080e+01	1.052539e+02	2.210660e+17
864	4.915001e+15	4.054246e+01	1.205193e+02	2.314955e+17
865	4.915757e+15	3.513131e+01	1.059666e+02	1.763253e+17
866	4.916541e+15	4.536606e+01	1.332601e+02	1.574999e+17
867	4.917228e+15	3.553381e+01	1.112222e+02	2.520097e+17
868	4.917928e+15	3.665588e+01	1.192927e+02	2.122458e+17
869	4.918605e+15	3.223010e+01	1.081011e+02	1.766344e+17
870	4.919313e+15	3.288235e+01	1.107558e+02	2.157749e+17
871	4.920043e+15	3.983465e+01	1.285873e+02	1.799176e+17
872	4.920707e+15	2.854221e+01	9.563811e+01	1.483850e+17
873	4.921469e+15	2.895315e+01	9.420281e+01	1.983998e+17
874	4.922353e+15	5.084890e+01	1.542765e+02	2.802307e+17
875	4.923058e+15	3.359721e+01	1.069138e+02	1.818523e+17
876	4.923807e+15	4.020195e+01	1.223310e+02	2.285291e+17
877	4.924522e+15	4.277849e+01	1.277032e+02	1.503738e+17
878	4.925182e+15	3.582964e+01	1.086442e+02	1.917753e+17
879	4.925871e+15	4.076276e+01	1.211110e+02	1.870440e+17
880	4.926534e+15	3.934276e+01	1.162191e+02	1.901030e+17
881	4.927190e+15	4.756695e+01	1.363495e+02	1.876126e+17
882	4.927762e+15	2.933211e+01	9.015019e+01	1.460022e+17
883	4.928449e+15	3.238256e+01	9.686533e+01	1.882014e+17
884	4.929226e+15	5.056981e+01	1.421384e+02	2.241574e+17
885	4.929879e+15	3.190364e+01	9.316640e+01	1.158701e+17
886	4.930630e+15	3.777569e+01	1.079024e+02	1.886899e+17
887	4.931400e+15	3.720591e+01	1.084695e+02	1.911638e+17
888	4.932194e+15	4.527292e+01	1.269388e+02	2.243616e+17
889	4.932921e+15	3.970039e+01	1.129884e+02	1.888328e+17
890	4.933657e+15	6.276438e+01	1.668313e+02	2.464576e+17
891	4.934200e+15	4.175980e+01	1.132461e+02	1.641367e+17
892	4.934752e+15	3.406911e+01	9.261970e+01	1.556442e+17
893	4.935400e+15	4.771007e+01	1.240186e+02	1.787126e+17
894	4.936007e+15	3.577104e+01	9.598024e+01	1.324894e+17
895	4.936695e+15	4.102805e+01	1.079847e+02	1.549346e+17
896	4.937408e+15	5.166574e+01	1.336897e+02	1.938106e+17
897	4.938042e+15	3.613435e+01	9.806756e+01	1.998131e+17
898	4.938763e+15	4.423422e+01	1.185266e+02	2.037378e+17
899	4.939471e+15	4.826967e+01	1.257334e+02	2.241153e+17
900	4.940139e+15	4.117785e+01	1.073226e+02	2.153624e+17
901	4.940849e+15	4.956105e+01	1.242259e+02	1.910457e+17
902	4.941519e+15	4.293034e+01	1.069112e+02	1.767047e+17
903	4.942227e+15	3.487625e+01	9.025488e+01	1.649931e+17
904	4.943076e+15	5.701776e+01	1.403957e+02	2.350929e+17
905	4.943797e+15	4.031037e+01	1.044472e+02	1.818415e+17
906	4.944561e+15	1.018686e+02	2.404783e+02	1.795872e+17
907	4.944970e+15	3.276595e+01	8.866889e+01	1.179873e+17
908	4.945461e+15	3.233400e+01	8.875457e+01	1.431962e+17
909	4.946050e+15	3.215592e+01	8.808506e+01	2.008582e+17
910	4.946757e+15	4.181124e+01	1.136798e+02	1.791572e+17
911	4.947465e+15	5.531282e+01	1.480095e+02	2.615532e+17
912	4.948045e+15	3.026569e+01	9.005513e+01	1.833858e+17
913	4.948742e+15	4.111500e+01	1.202035e+02	2.206256e+17
914	4.949420e+15	4.625851e+01	1.345865e+02	1.763924e+17
915	4.950030e+15	2.994870e+01	9.176847e+01	1.852294e+17
916	4.950761e+15	4.026883e+01	1.176924e+02	1.509839e+17
917	4.951480e+15	4.147593e+01	1.194673e+02	2.231076e+17
918	4.952176e+15	9.531283e+01	2.514801e+02	2.102528e+17
919	4.952544e+15	2.961733e+01	9.202017e+01	1.087474e+17
920	4.952985e+15	2.952601e+01	9.229896e+01	1.136546e+17
921	4.953514e+15	2.954170e+01	9.444917e+01	1.441243e+17
922	4.954149e+15	4.451638e+01	1.340401e+02	2.236389e+17
923	4.954733e+15	3.300609e+01	1.007898e+02	1.584771e+17
924	4.955401e+15	4.770294e+01	1.416466e+02	1.947721e+17
925	4.955987e+15	2.960578e+01	9.462033e+01	1.877692e+17
926	4.956690e+15	3.677866e+01	1.203623e+02	1.900194e+17
927	4.957403e+15	4.299929e+01	1.399226e+02	2.260867e+17
928	4.958036e+15	5.448573e+01	1.702184e+02	2.139860e+17
929	4.958514e+15	2.764027e+01	9.420090e+01	9.902827e+16
930	4.959088e+15	3.172453e+01	1.061964e+02	1.642104e+17
931	4.959717e+15	4.326947e+01	1.380319e+02	1.888540e+17
932	4.960281e+15	4.821184e+01	1.476289e+02	1.928776e+17
933	4.960762e+15	2.983953e+01	9.445051e+01	1.388027e+17
934	4.961339e+15	3.011001e+01	9.348944e+01	1.279282e+17
935	4.962032e+15	3.285546e+01	1.000677e+02	1.707405e+17
936	4.962827e+15	3.997859e+01	1.219168e+02	2.349580e+17
937	4.963616e+15	6.755069e+01	1.983814e+02	2.647068e+17
938	4.964142e+15	2.984947e+01	9.568786e+01	1.348859e+17
939	4.964774e+15	2.921236e+01	9.739882e+01	1.707450e+17
940	4.965522e+15	5.420722e+01	1.644396e+02	2.678889e+17
941	4.966109e+15	5.996399e+01	1.759983e+02	1.452871e+17
942	4.966543e+15	3.061292e+01	9.529278e+01	1.062499e+17
943	4.967065e+15	3.074790e+01	9.563243e+01	1.559297e+17
944	4.967690e+15	4.668551e+01	1.375161e+02	1.774906e+17
945	4.968261e+15	4.875968e+01	1.420245e+02	1.805923e+17
946	4.968767e+15	3.651913e+01	1.073391e+02	1.486845e+17
947	4.969317e+15	3.823044e+01	1.128765e+02	1.323753e+17
948	4.969889e+15	3.383205e+01	1.026542e+02	1.103793e+17
949	4.970524e+15	6.638752e+01	1.894970e+02	2.206534e+17
950	4.970961e+15	3.002746e+01	9.384956e+01	9.083141e+16
951	4.971486e+15	3.570814e+01	1.110127e+02	1.858988e+17
952	4.972047e+15	3.430061e+01	1.092581e+02	1.508260e+17
953	4.972655e+15	4.927113e+01	1.545507e+02	1.976845e+17
954	4.973165e+15	3.036861e+01	1.047500e+02	1.852661e+17
955	4.973742e+15	2.700712e+01	9.646634e+01	1.597420e+17
956	4.974436e+15	4.324803e+01	1.481276e+02	1.997302e+17
957	4.975039e+15	3.184744e+01	1.175241e+02	1.757548e+17
958	4.975668e+15	4.202230e+01	1.537773e+02	1.879771e+17
959	4.976204e+15	4.046119e+01	1.508803e+02	2.029397e+17
960	4.976670e+15	2.457719e+01	9.825984e+01	1.500383e+17
961	4.977230e+15	3.308332e+01	1.262219e+02	1.493080e+17
962	4.977785e+15	3.350860e+01	1.297087e+02	1.559997e+17
963	4.978326e+15	5.442721e+01	2.016810e+02	1.262445e+17
964	4.978701e+15	2.408703e+01	1.003563e+02	1.330101e+17
965	4.979151e+15	2.408633e+01	1.004587e+02	1.233034e+17
966	4.979691e+15	2.466496e+01	1.015804e+02	1.555005e+17
967	4.980336e+15	7.145668e+01	2.606924e+02	2.380618e+17
968	4.980698e+15	2.431839e+01	1.005272e+02	9.818610e+16
969	4.981133e+15	2.401737e+01	1.000918e+02	8.308512e+16
970	4.981655e+15	2.379834e+01	9.894401e+01	1.518109e+17
971	4.982281e+15	4.069919e+01	1.631929e+02	2.279639e+17
972	4.982792e+15	2.852302e+01	1.207711e+02	1.154556e+17
973	4.983321e+15	2.987204e+01	1.266291e+02	1.476905e+17
974	4.983855e+15	3.891367e+01	1.596035e+02	1.612722e+17
975	4.984305e+15	2.270272e+01	9.933656e+01	1.399416e+17
976	4.984845e+15	2.299337e+01	9.951935e+01	1.562709e+17
977	4.985492e+15	2.808582e+01	1.194792e+02	1.807838e+17
978	4.986174e+15	5.961801e+01	2.353961e+02	2.010137e+17
979	4.986592e+15	2.761928e+01	1.217326e+02	1.430860e+17
980	4.987028e+15	2.273673e+01	1.007436e+02	1.382876e+17
981	4.987551e+15	2.873690e+01	1.208953e+02	1.188758e+17
982	4.988091e+15	3.993581e+01	1.607524e+02	1.667834e+17
983	4.988535e+15	2.270819e+01	9.752443e+01	1.008478e+17
984	4.989069e+15	2.815930e+01	1.179665e+02	1.219297e+17
985	4.989621e+15	3.647708e+01	1.461373e+02	2.159289e+17
986	4.990106e+15	2.440665e+01	1.019735e+02	1.355190e+17
987	4.990661e+15	3.182388e+01	1.307057e+02	1.621809e+17
988	4.991192e+15	2.654350e+01	1.118526e+02	1.830356e+17
989	4.991765e+15	4.418976e+01	1.780385e+02	1.593568e+17
990	4.992198e+15	2.153132e+01	9.710508e+01	1.130737e+17
991	4.992717e+15	2.685113e+01	1.182465e+02	1.540217e+17
992	4.993253e+15	2.170642e+01	1.003170e+02	1.905270e+17
993	4.993878e+15	3.706543e+01	1.616768e+02	1.887523e+17
994	4.994387e+15	2.236636e+01	1.086104e+02	1.049160e+17
995	4.994946e+15	1.879961e+01	9.588556e+01	1.645813e+17
996	4.995617e+15	3.781327e+01	1.739363e+02	2.027031e+17
997	4.996128e+15	2.102784e+01	1.074040e+02	1.388282e+17
998	4.996694e+15	2.388887e+01	1.221149e+02	2.079913e+17
999	4.997267e+15	3.214115e+01	1.572493e+02	2.054888e+17
1000	4.997747e+15	1.835551e+01	9.795904e+01	1.252941e+17
1001	4.998324e+15	1.879582e+01	9.976333e+01	1.441863e+17
1002	4.999008e+15	6.153817e+01	2.700169e+02	2.434450e+17
1003	4.999379e+15	1.837421e+01	1.003768e+02	9.118794e+16
1004	4.999824e+15	2.194684e+01	1.159211e+02	1.626904e+17
1005	5.000305e+15	2.798574e+01	1.431860e+02	1.471002e+17
1006	5.000749e+15	1.844679e+01	9.939520e+01	1.492184e+17
1007	5.001281e+15	1.831216e+01	9.851784e+01	1.754371e+17
1008	5.001919e+15	3.131777e+01	1.496409e+02	2.132273e+17
1009	5.002479e+15	3.492028e+01	1.542335e+02	1.690870e+17
1010	5.002958e+15	2.610995e+01	1.188212e+02	1.258805e+17
1011	5.003460e+15	2.925008e+01	1.314548e+02	1.239156e+17
1012	5.003947e+15	2.029428e+01	9.982937e+01	1.444631e+17
1013	5.004532e+15	4.899452e+01	2.114017e+02	2.014776e+17
1014	5.004926e+15	2.130154e+01	1.019549e+02	1.514664e+17
1015	5.005400e+15	2.284743e+01	1.035073e+02	1.515671e+17
1016	5.005969e+15	2.842625e+01	1.177690e+02	1.922427e+17
1017	5.006594e+15	4.977138e+01	1.864885e+02	2.437175e+17
1018	5.007076e+15	3.914406e+01	1.472733e+02	1.583919e+17
1019	5.007526e+15	3.644099e+01	1.371476e+02	1.084724e+17
1020	5.007969e+15	2.880531e+01	1.120579e+02	1.544044e+17
1021	5.008480e+15	2.736227e+01	1.128881e+02	1.266322e+17
1022	5.009069e+15	3.426230e+01	1.465448e+02	2.000288e+17
1023	5.009630e+15	2.696849e+01	1.183375e+02	1.384718e+17
1024	5.010261e+15	5.038227e+01	2.071692e+02	1.930233e+17
1025	5.010719e+15	2.943861e+01	1.213882e+02	1.506326e+17
1026	5.011223e+15	2.709012e+01	1.086160e+02	1.203350e+17
1027	5.011828e+15	4.436782e+01	1.671388e+02	1.990346e+17
1028	5.012354e+15	3.944894e+01	1.487679e+02	1.567958e+17
1029	5.012853e+15	5.579629e+01	2.083262e+02	1.686985e+17
1030	5.013214e+15	2.800935e+01	1.093362e+02	1.139357e+17
1031	5.013648e+15	2.777794e+01	1.096987e+02	1.026127e+17
1032	5.014168e+15	3.142463e+01	1.268036e+02	1.733872e+17
1033	5.014728e+15	4.138485e+01	1.662183e+02	2.008831e+17
1034	5.015214e+15	2.579319e+01	1.084397e+02	1.499950e+17
1035	5.015798e+15	3.839756e+01	1.569977e+02	1.719026e+17
1036	5.016328e+15	3.229031e+01	1.333241e+02	1.776577e+17
1037	5.016876e+15	3.238623e+01	1.359891e+02	1.450939e+17
1038	5.017434e+15	5.295651e+01	2.141212e+02	2.218713e+17
1039	5.017830e+15	2.595021e+01	1.082895e+02	9.141748e+16
1040	5.018305e+15	3.751622e+01	1.543647e+02	1.273605e+17
1041	5.018741e+15	3.064833e+01	1.288416e+02	1.461391e+17
1042	5.019198e+15	2.534340e+01	1.066157e+02	1.265845e+17
1043	5.019746e+15	3.046170e+01	1.274853e+02	1.564407e+17
1044	5.020324e+15	4.089937e+01	1.671952e+02	1.622875e+17
1045	5.020817e+15	4.247569e+01	1.676850e+02	1.341306e+17
1046	5.021231e+15	2.511577e+01	1.036637e+02	8.155721e+16
1047	5.021729e+15	3.588352e+01	1.430700e+02	1.588411e+17
1048	5.022196e+15	3.469301e+01	1.414381e+02	1.483393e+17
1049	5.022638e+15	2.864545e+01	1.224298e+02	1.142463e+17
1050	5.023111e+15	2.587886e+01	1.146755e+02	1.391386e+17
1051	5.023637e+15	2.503749e+01	1.168292e+02	1.343098e+17
1052	5.024218e+15	3.175027e+01	1.437094e+02	1.422360e+17
1053	5.024769e+15	2.869572e+01	1.336624e+02	1.769521e+17
1054	5.025325e+15	2.522341e+01	1.204568e+02	1.542973e+17
1055	5.025931e+15	3.597991e+01	1.647876e+02	1.685269e+17
1056	5.026449e+15	3.903706e+01	1.788168e+02	1.940059e+17
1057	5.026865e+15	2.154671e+01	1.068993e+02	1.104809e+17
1058	5.027355e+15	2.131459e+01	1.038210e+02	1.393612e+17
1059	5.027943e+15	3.675447e+01	1.620538e+02	2.003160e+17
1060	5.028443e+15	3.769930e+01	1.644585e+02	1.175044e+17
1061	5.028862e+15	2.323359e+01	1.079222e+02	9.158043e+16
1062	5.029344e+15	3.601656e+01	1.578748e+02	1.003001e+17
1063	5.029759e+15	3.393219e+01	1.496006e+02	1.080762e+17
1064	5.030131e+15	3.299017e+01	1.480390e+02	1.146589e+17
1065	5.030467e+15	2.140575e+01	1.014598e+02	8.696504e+16
1066	5.030871e+15	2.169785e+01	1.038968e+02	1.296069e+17
1067	5.031347e+15	2.436372e+01	1.153978e+02	1.803259e+17
1068	5.031864e+15	3.511835e+01	1.575790e+02	2.013923e+17
1069	5.032308e+15	2.808361e+01	1.307012e+02	1.402801e+17
1070	5.032746e+15	2.727657e+01	1.312163e+02	1.226326e+17
1071	5.033181e+15	1.933508e+01	1.027477e+02	1.372487e+17
1072	5.033703e+15	2.215496e+01	1.210155e+02	1.529203e+17
1073	5.034261e+15	2.545081e+01	1.418124e+02	2.314542e+17
1074	5.034788e+15	3.363816e+01	1.750309e+02	1.800589e+17
1075	5.035211e+15	1.990021e+01	1.077247e+02	1.059907e+17
1076	5.035706e+15	2.194432e+01	1.167630e+02	1.733800e+17
1077	5.036251e+15	3.243775e+01	1.609547e+02	1.798324e+17
1078	5.036726e+15	2.902908e+01	1.345671e+02	1.409056e+17
1079	5.037203e+15	3.635446e+01	1.617209e+02	1.385385e+17
1080	5.037622e+15	2.479730e+01	1.073833e+02	1.264406e+17
1081	5.038124e+15	3.328022e+01	1.383106e+02	1.452069e+17
1082	5.038627e+15	3.024278e+01	1.292623e+02	1.631307e+17
1083	5.039159e+15	5.259026e+01	2.184225e+02	2.094302e+17
1084	5.039533e+15	2.437621e+01	1.097807e+02	1.370975e+17
1085	5.039982e+15	2.659616e+01	1.284779e+02	1.703957e+17
1086	5.040464e+15	2.336709e+01	1.232448e+02	1.817807e+17
1087	5.041005e+15	4.029096e+01	2.005680e+02	1.639626e+17
1088	5.041422e+15	2.417330e+01	1.289240e+02	1.739618e+17
1089	5.041876e+15	2.060949e+01	1.155079e+02	1.362048e+17
1090	5.042421e+15	3.021363e+01	1.529987e+02	1.470538e+17
1091	5.042953e+15	3.454614e+01	1.664709e+02	2.060902e+17
1092	5.043442e+15	3.010328e+01	1.466499e+02	1.707073e+17
1093	5.043937e+15	3.721345e+01	1.765140e+02	1.780675e+17
1094	5.044367e+15	3.281980e+01	1.592334e+02	1.262323e+17
1095	5.044771e+15	2.608395e+01	1.306037e+02	8.650425e+16
1096	5.045210e+15	2.879971e+01	1.465021e+02	1.128460e+17
1097	5.045649e+15	2.470535e+01	1.281903e+02	1.773606e+17
1098	5.046132e+15	3.067171e+01	1.573907e+02	1.867275e+17
1099	5.046587e+15	2.337419e+01	1.213683e+02	9.950233e+16
1100	5.047111e+15	2.976085e+01	1.508882e+02	1.575296e+17
1101	5.047624e+15	3.901859e+01	1.913622e+02	1.826551e+17
1102	5.048040e+15	2.332590e+01	1.172677e+02	1.568468e+17
1103	5.048530e+15	3.440003e+01	1.643752e+02	1.581316e+17
1104	5.048980e+15	3.648440e+01	1.662488e+02	1.297902e+17
1105	5.049389e+15	2.489136e+01	1.140310e+02	1.197479e+17
1106	5.049880e+15	4.825388e+01	2.061254e+02	1.974576e+17
1107	5.050254e+15	2.797380e+01	1.206788e+02	1.039682e+17
1108	5.050684e+15	2.619004e+01	1.153109e+02	1.122772e+17
1109	5.051200e+15	4.077990e+01	1.724563e+02	1.565058e+17
1110	5.051657e+15	3.331024e+01	1.403554e+02	1.648407e+17
1111	5.052126e+15	3.475401e+01	1.422902e+02	1.149547e+17
1112	5.052602e+15	4.138884e+01	1.662854e+02	1.350462e+17
1113	5.053035e+15	3.080260e+01	1.247129e+02	1.116897e+17
1114	5.053522e+15	4.435411e+01	1.745486e+02	1.238498e+17
1115	5.053944e+15	3.153670e+01	1.246094e+02	1.557611e+17
1116	5.054417e+15	3.572206e+01	1.380092e+02	1.278945e+17
1117	5.054905e+15	3.273353e+01	1.267899e+02	1.420796e+17
1118	5.055445e+15	4.276776e+01	1.625114e+02	1.318828e+17
1119	5.055937e+15	4.530219e+01	1.699981e+02	1.333459e+17
1120	5.056370e+15	3.602844e+01	1.365151e+02	1.031426e+17
1121	5.056821e+15	3.326759e+01	1.264005e+02	1.132879e+17
1122	5.057317e+15	5.219993e+01	1.957734e+02	1.517010e+17
1123	5.057706e+15	3.253552e+01	1.266749e+02	1.129601e+17
1124	5.058130e+15	4.261271e+01	1.631693e+02	1.572851e+17
1125	5.058512e+15	2.814022e+01	1.113297e+02	9.070999e+16
1126	5.058970e+15	3.726892e+01	1.468162e+02	1.234819e+17
1127	5.059418e+15	3.878506e+01	1.554875e+02	1.216338e+17
1128	5.059835e+15	3.052433e+01	1.263346e+02	1.458154e+17
1129	5.060289e+15	3.462614e+01	1.454079e+02	1.265543e+17
1130	5.060735e+15	3.067316e+01	1.325091e+02	1.431160e+17
1131	5.061205e+15	4.016306e+01	1.676883e+02	1.631005e+17
1132	5.061618e+15	3.670967e+01	1.547009e+02	1.048663e+17
1133	5.062005e+15	3.294055e+01	1.414262e+02	1.087422e+17
1134	5.062396e+15	3.813349e+01	1.599837e+02	1.343729e+17
1135	5.062754e+15	2.962921e+01	1.249809e+02	1.293593e+17
1136	5.063148e+15	3.012101e+01	1.261346e+02	1.067311e+17
1137	5.063576e+15	3.729677e+01	1.532446e+02	1.350331e+17
1138	5.063975e+15	2.641393e+01	1.084121e+02	7.778849e+16
1139	5.064454e+15	4.564525e+01	1.799448e+02	1.351138e+17
1140	5.064846e+15	2.606446e+01	1.070368e+02	8.204340e+16
1141	5.065316e+15	5.246108e+01	2.050041e+02	1.453680e+17
1142	5.065658e+15	2.956153e+01	1.207274e+02	1.013697e+17
1143	5.066032e+15	2.900046e+01	1.191495e+02	9.316002e+16
1144	5.066442e+15	3.237917e+01	1.328638e+02	8.612724e+16
1145	5.066857e+15	3.894058e+01	1.575090e+02	1.101950e+17
1146	5.067230e+15	2.643502e+01	1.106033e+02	9.136645e+16
1147	5.067667e+15	3.502025e+01	1.428451e+02	1.628339e+17
1148	5.068085e+15	3.645118e+01	1.502593e+02	1.306843e+17
1149	5.068472e+15	3.867644e+01	1.588586e+02	1.252967e+17
1150	5.068815e+15	2.884737e+01	1.216040e+02	9.645796e+16
1151	5.069187e+15	2.566212e+01	1.086678e+02	1.127705e+17
1152	5.069623e+15	3.330624e+01	1.374861e+02	1.177562e+17
1153	5.070054e+15	3.725894e+01	1.486171e+02	1.065465e+17
1154	5.070454e+15	3.816710e+01	1.513824e+02	1.091988e+17
1155	5.070818e+15	3.439026e+01	1.342816e+02	9.786426e+16
1156	5.071180e+15	2.771305e+01	1.101785e+02	1.069716e+17
1157	5.071595e+15	3.746763e+01	1.444031e+02	1.097336e+17
1158	5.071983e+15	3.737044e+01	1.422389e+02	9.575815e+16
1159	5.072345e+15	2.690178e+01	1.035234e+02	8.177431e+16
1160	5.072776e+15	3.385021e+01	1.306829e+02	1.402984e+17
1161	5.073211e+15	4.194788e+01	1.637694e+02	1.100685e+17
1162	5.073582e+15	2.524908e+01	1.041982e+02	9.393617e+16
1163	5.074027e+15	2.975459e+01	1.233309e+02	1.442994e+17
1164	5.074503e+15	6.126223e+01	2.356820e+02	1.758236e+17
1165	5.074807e+15	2.473129e+01	1.036814e+02	8.554055e+16
1166	5.075173e+15	2.443658e+01	1.031310e+02	1.540711e+17
1167	5.075611e+15	3.402796e+01	1.392970e+02	1.251625e+17
1168	5.076033e+15	3.276398e+01	1.357801e+02	7.816202e+16
1169	5.076446e+15	2.936259e+01	1.220950e+02	1.623741e+17
1170	5.076882e+15	3.487738e+01	1.441528e+02	1.176463e+17
1171	5.077286e+15	3.336316e+01	1.409449e+02	1.012865e+17
1172	5.077671e+15	3.245425e+01	1.403906e+02	7.768784e+16
1173	5.078046e+15	3.262632e+01	1.451732e+02	1.075134e+17
1174	5.078407e+15	3.067727e+01	1.386820e+02	1.266292e+17
1175	5.078771e+15	2.389884e+01	1.099857e+02	1.439769e+17
1176	5.079208e+15	3.993046e+01	1.739976e+02	1.891306e+17
1177	5.079583e+15	2.436060e+01	1.111408e+02	1.329878e+17
1178	5.080033e+15	3.408624e+01	1.541379e+02	1.514559e+17
1179	5.080460e+15	3.098466e+01	1.428919e+02	1.302126e+17
1180	5.080893e+15	4.609631e+01	2.080008e+02	1.525934e+17
1181	5.081225e+15	2.641722e+01	1.160777e+02	1.074807e+17
1182	5.081623e+15	2.849633e+01	1.160765e+02	1.087752e+17
1183	5.082102e+15	4.812997e+01	1.919736e+02	1.803320e+17
1184	5.082495e+15	4.373000e+01	1.777601e+02	1.297837e+17
1185	5.082838e+15	2.713442e+01	1.162624e+02	1.436795e+17
1186	5.083250e+15	3.702207e+01	1.596542e+02	1.082582e+17
1187	5.083643e+15	2.995628e+01	1.397458e+02	1.073775e+17
1188	5.084060e+15	3.132100e+01	1.556408e+02	1.534944e+17
1189	5.084469e+15	3.114605e+01	1.646250e+02	1.767331e+17
1190	5.084858e+15	2.094866e+01	1.220868e+02	6.407982e+16
1191	5.085318e+15	3.219980e+01	1.764436e+02	1.758374e+17
1192	5.085731e+15	2.748174e+01	1.553442e+02	1.307010e+17
1193	5.086143e+15	2.691294e+01	1.515182e+02	1.161067e+17
1194	5.086567e+15	4.338752e+01	2.167600e+02	1.269265e+17
1195	5.086895e+15	2.956498e+01	1.503670e+02	9.638874e+16
1196	5.087233e+15	2.358639e+01	1.235563e+02	8.841678e+16
1197	5.087639e+15	2.961337e+01	1.466701e+02	1.357705e+17
1198	5.088071e+15	3.868847e+01	1.815234e+02	1.373624e+17
1199	5.088462e+15	3.580602e+01	1.613742e+02	1.449813e+17
1200	5.088852e+15	3.369837e+01	1.475699e+02	1.246715e+17
1201	5.089272e+15	3.190869e+01	1.393700e+02	1.269288e+17
1202	5.089746e+15	4.636722e+01	1.947419e+02	1.692214e+17
1203	5.090161e+15	4.152325e+01	1.774503e+02	1.371238e+17
1204	5.090549e+15	4.608123e+01	1.972139e+02	1.553086e+17
1205	5.090879e+15	2.839849e+01	1.233630e+02	9.321369e+16
1206	5.091274e+15	4.038515e+01	1.728126e+02	9.998840e+16
1207	5.091642e+15	2.833777e+01	1.229641e+02	7.186567e+16
1208	5.092084e+15	2.901266e+01	1.284075e+02	8.388201e+16
1209	5.092596e+15	7.100009e+01	2.910070e+02	1.602324e+17
1210	5.092904e+15	3.312477e+01	1.404581e+02	1.264054e+17
1211	5.093234e+15	2.812768e+01	1.194780e+02	1.102976e+17
1212	5.093631e+15	2.848640e+01	1.194633e+02	1.014839e+17
1213	5.094106e+15	4.362918e+01	1.768473e+02	1.293037e+17
1214	5.094530e+15	5.556942e+01	2.210348e+02	1.353623e+17
1215	5.094847e+15	2.905245e+01	1.188297e+02	9.163968e+16
1216	5.095227e+15	3.229766e+01	1.308679e+02	1.103113e+17
1217	5.095650e+15	3.530939e+01	1.392600e+02	1.035738e+17
1218	5.096096e+15	4.030142e+01	1.578378e+02	1.322482e+17
1219	5.096517e+15	4.366876e+01	1.723913e+02	1.169875e+17
1220	5.096886e+15	3.115720e+01	1.257767e+02	1.067895e+17
1221	5.097293e+15	3.587965e+01	1.419282e+02	1.128588e+17
1222	5.097701e+15	4.017279e+01	1.572264e+02	1.217920e+17
1223	5.098078e+15	3.335117e+01	1.298806e+02	7.670259e+16
1224	5.098479e+15	4.133887e+01	1.564678e+02	1.012019e+17
1225	5.098847e+15	4.683468e+01	1.750200e+02	7.682468e+16
1226	5.099155e+15	3.088352e+01	1.169345e+02	8.234498e+16
1227	5.099499e+15	2.839843e+01	1.052420e+02	9.365306e+16
1228	5.099913e+15	3.087661e+01	1.151975e+02	1.002093e+17
1229	5.100378e+15	4.915350e+01	1.797068e+02	1.224927e+17
1230	5.100751e+15	3.063991e+01	1.161107e+02	9.894347e+16
1231	5.101166e+15	4.989575e+01	1.838675e+02	1.207820e+17
1232	5.101492e+15	3.591820e+01	1.336787e+02	8.937139e+16
1233	5.101820e+15	2.815574e+01	1.068414e+02	9.723175e+16
1234	5.102207e+15	2.694346e+01	1.048146e+02	1.071931e+17
1235	5.102673e+15	4.534849e+01	1.747471e+02	1.691242e+17
1236	5.103053e+15	3.506437e+01	1.392143e+02	1.269304e+17
1237	5.103423e+15	3.698114e+01	1.478890e+02	9.829231e+16
1238	5.103767e+15	2.507743e+01	1.047327e+02	8.280329e+16
1239	5.104179e+15	3.914565e+01	1.572206e+02	1.399998e+17
1240	5.104548e+15	3.700492e+01	1.445535e+02	1.236939e+17
1241	5.104899e+15	4.287529e+01	1.650559e+02	1.156708e+17
1242	5.105203e+15	2.628848e+01	1.059308e+02	9.394638e+16
1243	5.105568e+15	2.619296e+01	1.053646e+02	1.042430e+17
1244	5.106006e+15	3.892537e+01	1.507517e+02	1.347910e+17
1245	5.106408e+15	3.485147e+01	1.348517e+02	1.041698e+17
1246	5.106808e+15	4.717689e+01	1.762155e+02	1.057470e+17
1247	5.107131e+15	3.078798e+01	1.192295e+02	6.715513e+16
1248	5.107482e+15	3.644597e+01	1.370577e+02	8.776808e+16
1249	5.107825e+15	3.076086e+01	1.156713e+02	7.113613e+16
1250	5.108203e+15	4.658501e+01	1.651288e+02	9.680051e+16
1251	5.108521e+15	2.761500e+01	1.018036e+02	7.588776e+16
1252	5.108903e+15	2.799311e+01	1.021548e+02	7.940097e+16
1253	5.109361e+15	5.091148e+01	1.743957e+02	1.389146e+17
1254	5.109730e+15	5.061424e+01	1.701689e+02	9.926701e+16
1255	5.110034e+15	3.174854e+01	1.108992e+02	8.426207e+16
1256	5.110378e+15	3.890979e+01	1.322002e+02	1.280388e+17
1257	5.110722e+15	4.306510e+01	1.437375e+02	1.198891e+17
1258	5.111044e+15	3.370311e+01	1.123603e+02	7.823270e+16
1259	5.111407e+15	3.357882e+01	1.092499e+02	1.086604e+17
1260	5.111825e+15	4.679761e+01	1.542125e+02	1.143014e+17
1261	5.112201e+15	4.128926e+01	1.362910e+02	1.101999e+17
1262	5.112574e+15	5.605610e+01	1.672202e+02	7.770234e+16
1263	5.112892e+15	4.382843e+01	1.254485e+02	8.414250e+16
1264	5.113229e+15	3.820627e+01	1.064007e+02	9.686658e+16
1265	5.113631e+15	5.726065e+01	1.587964e+02	1.256471e+17
1266	5.113988e+15	5.252741e+01	1.503462e+02	9.310496e+16
1267	5.114320e+15	4.362913e+01	1.285926e+02	9.147202e+16
1268	5.114664e+15	4.279187e+01	1.295496e+02	1.205451e+17
1269	5.115019e+15	3.781923e+01	1.187557e+02	1.001197e+17
1270	5.115409e+15	3.266231e+01	1.109734e+02	1.084357e+17
1271	5.115862e+15	6.515798e+01	2.219295e+02	1.406662e+17
1272	5.116173e+15	3.258155e+01	1.242127e+02	6.693081e+16
1273	5.116512e+15	2.772273e+01	1.093733e+02	7.773735e+16
1274	5.116919e+15	3.697127e+01	1.435847e+02	9.140170e+16
1275	5.117321e+15	4.533056e+01	1.718323e+02	1.633579e+17
1276	5.117668e+15	2.799074e+01	1.104917e+02	1.006653e+17
1277	5.118084e+15	5.391418e+01	1.964061e+02	1.478790e+17
1278	5.118410e+15	3.867734e+01	1.403115e+02	9.482342e+16
1279	5.118740e+15	3.006937e+01	1.106480e+02	1.021913e+17
1280	5.119136e+15	3.804546e+01	1.365272e+02	7.795377e+16
1281	5.119543e+15	5.540205e+01	1.922349e+02	1.180390e+17
1282	5.119864e+15	3.754219e+01	1.327445e+02	8.728188e+16
1283	5.120203e+15	3.712687e+01	1.324716e+02	7.107948e+16
1284	5.120563e+15	3.823673e+01	1.365547e+02	1.090458e+17
1285	5.120935e+15	3.056880e+01	1.113518e+02	1.193218e+17
1286	5.121381e+15	4.723580e+01	1.705749e+02	1.447366e+17
1287	5.121773e+15	3.155696e+01	1.171985e+02	8.392487e+16
1288	5.122232e+15	4.732795e+01	1.733481e+02	1.178220e+17
1289	5.122637e+15	5.562528e+01	1.968255e+02	1.075727e+17
1290	5.122962e+15	3.290394e+01	1.163788e+02	8.528473e+16
1291	5.123352e+15	6.131703e+01	2.103483e+02	1.431205e+17
1292	5.123653e+15	3.520110e+01	1.178121e+02	1.072273e+17
1293	5.124015e+15	4.603138e+01	1.494703e+02	1.093193e+17
1294	5.124378e+15	4.217506e+01	1.366304e+02	1.167567e+17
1295	5.124768e+15	4.167689e+01	1.349670e+02	1.198007e+17
1296	5.125194e+15	6.997432e+01	2.165528e+02	1.309190e+17
1297	5.125515e+15	4.037254e+01	1.297006e+02	7.188643e+16
1298	5.125875e+15	4.705741e+01	1.579563e+02	8.606142e+16
1299	5.126225e+15	4.783662e+01	1.623904e+02	7.173361e+16
1300	5.126557e+15	3.316223e+01	1.186033e+02	9.607923e+16
1301	5.126955e+15	4.705998e+01	1.644242e+02	1.017350e+17
1302	5.127332e+15	3.956919e+01	1.421792e+02	8.098959e+16
1303	5.127734e+15	3.571624e+01	1.302857e+02	1.627170e+17
1304	5.128194e+15	6.712487e+01	2.171801e+02	1.589708e+17
1305	5.128549e+15	3.889906e+01	1.317915e+02	1.053069e+17
1306	5.128946e+15	6.121511e+01	1.951266e+02	1.177217e+17
1307	5.129273e+15	4.098956e+01	1.297137e+02	6.224008e+16
1308	5.129643e+15	6.686780e+01	2.005457e+02	9.021691e+16
1309	5.129944e+15	4.031546e+01	1.207311e+02	6.495283e+16
1310	5.130304e+15	4.708157e+01	1.377560e+02	5.938268e+16
1311	5.130698e+15	7.851974e+01	2.193181e+02	9.509387e+16
1312	5.130999e+15	4.400804e+01	1.209119e+02	8.189768e+16
1313	5.131361e+15	5.804496e+01	1.610774e+02	8.828346e+16
1314	5.131715e+15	5.387729e+01	1.483690e+02	1.032320e+17
1315	5.132083e+15	5.802958e+01	1.576677e+02	1.124237e+17
1316	5.132451e+15	5.279848e+01	1.451690e+02	1.258462e+17
1317	5.132842e+15	4.315895e+01	1.215102e+02	9.310756e+16
1318	5.133311e+15	6.553416e+01	1.881945e+02	1.178071e+17
1319	5.133719e+15	5.316686e+01	1.537625e+02	1.191065e+17
1320	5.134134e+15	5.842512e+01	1.692466e+02	9.466581e+16
1321	5.134528e+15	5.976803e+01	1.741776e+02	1.192432e+17
1322	5.134892e+15	5.072915e+01	1.466535e+02	1.213661e+17
1323	5.135274e+15	5.560032e+01	1.590584e+02	1.377209e+17
1324	5.135648e+15	6.940440e+01	2.015157e+02	1.026081e+17
1325	5.135954e+15	4.193019e+01	1.202854e+02	5.057487e+16
1326	5.136320e+15	4.717210e+01	1.354098e+02	7.994449e+16
1327	5.136726e+15	5.605147e+01	1.601873e+02	9.382648e+16
1328	5.137123e+15	5.409770e+01	1.543398e+02	8.789265e+16
1329	5.137523e+15	6.223643e+01	1.785570e+02	1.466664e+17
1330	5.137881e+15	5.154764e+01	1.489737e+02	7.554032e+16
1331	5.138252e+15	4.952804e+01	1.444655e+02	8.576210e+16
1332	5.138644e+15	6.011295e+01	1.731647e+02	1.022879e+17
1333	5.139007e+15	4.679023e+01	1.355244e+02	1.022556e+17
1334	5.139409e+15	7.184434e+01	1.973290e+02	1.475684e+17
1335	5.139742e+15	5.830135e+01	1.604722e+02	9.815727e+16
1336	5.140066e+15	4.454163e+01	1.204503e+02	6.679664e+16
1337	5.140455e+15	5.433948e+01	1.525944e+02	1.024052e+17
1338	5.140847e+15	4.247943e+01	1.188076e+02	9.384126e+16
1339	5.141317e+15	5.800075e+01	1.621831e+02	1.025214e+17
1340	5.141767e+15	6.869228e+01	1.925990e+02	8.163194e+16
1341	5.142147e+15	5.631456e+01	1.612780e+02	9.836378e+16
1342	5.142515e+15	4.966973e+01	1.491595e+02	8.878704e+16
1343	5.142896e+15	5.618456e+01	1.753723e+02	1.106755e+17
1344	5.143249e+15	4.433576e+01	1.434602e+02	9.273120e+16
1345	5.143631e+15	6.771240e+01	2.155992e+02	1.030998e+17
1346	5.143935e+15	4.268500e+01	1.410718e+02	8.848913e+16
1347	5.144270e+15	3.990490e+01	1.354583e+02	9.980175e+16
1348	5.144651e+15	4.994716e+01	1.672736e+02	1.255890e+17
1349	5.145025e+15	3.923127e+01	1.377932e+02	8.377183e+16
1350	5.145447e+15	6.254727e+01	2.112407e+02	1.397358e+17
1351	5.145792e+15	4.755956e+01	1.617504e+02	8.780859e+16
1352	5.146137e+15	4.133748e+01	1.321893e+02	8.661695e+16
1353	5.146534e+15	5.146757e+01	1.552545e+02	7.734088e+16
1354	5.146940e+15	8.382189e+01	2.392974e+02	9.815244e+16
1355	5.147236e+15	4.187818e+01	1.231965e+02	6.705316e+16
1356	5.147591e+15	4.062901e+01	1.229647e+02	1.040030e+17
1357	5.148018e+15	5.013285e+01	1.538516e+02	1.013279e+17
1358	5.148452e+15	6.830460e+01	2.109029e+02	1.310539e+17
1359	5.148798e+15	3.669494e+01	1.208258e+02	1.101685e+17
1360	5.149213e+15	5.874201e+01	1.919256e+02	8.697641e+16
1361	5.149565e+15	3.996617e+01	1.379039e+02	5.037758e+16
1362	5.149946e+15	3.732584e+01	1.354917e+02	5.828323e+16
1363	5.150364e+15	4.680054e+01	1.714623e+02	5.880857e+16
1364	5.150751e+15	4.002505e+01	1.512144e+02	8.176722e+16
1365	5.151145e+15	5.192534e+01	1.860727e+02	1.047502e+17
1366	5.151490e+15	3.641654e+01	1.317490e+02	9.944382e+16
1367	5.151877e+15	4.346446e+01	1.521274e+02	1.045781e+17
1368	5.152270e+15	5.555589e+01	1.889367e+02	1.078951e+17
1369	5.152608e+15	4.006610e+01	1.390187e+02	1.389586e+17
1370	5.152972e+15	3.511816e+01	1.173082e+02	1.043244e+17
1371	5.153408e+15	4.432289e+01	1.440193e+02	8.889269e+16
1372	5.153855e+15	6.990305e+01	2.196168e+02	1.032267e+17
1373	5.154182e+15	3.860607e+01	1.194712e+02	5.796813e+16
1374	5.154558e+15	6.112552e+01	1.895050e+02	1.030779e+17
1375	5.154866e+15	3.979480e+01	1.266820e+02	5.674904e+16
1376	5.155204e+15	3.373297e+01	1.117374e+02	7.854749e+16
1377	5.155611e+15	5.973212e+01	1.949204e+02	1.165573e+17
1378	5.155932e+15	3.345324e+01	1.091507e+02	8.018223e+16
1379	5.156317e+15	4.794178e+01	1.569964e+02	1.102095e+17
1380	5.156674e+15	4.300542e+01	1.378058e+02	8.942047e+16
1381	5.157038e+15	3.666778e+01	1.167623e+02	7.729337e+16
1382	5.157456e+15	4.368788e+01	1.383113e+02	1.444022e+17
1383	5.157878e+15	5.037859e+01	1.639566e+02	1.308223e+17
1384	5.158252e+15	3.883314e+01	1.294804e+02	9.396506e+16
1385	5.158642e+15	4.907101e+01	1.633397e+02	7.479960e+16
1386	5.158979e+15	3.913499e+01	1.339875e+02	6.944907e+16
1387	5.159315e+15	2.951698e+01	1.014569e+02	6.740978e+16
1388	5.159717e+15	5.721321e+01	1.875809e+02	8.412431e+16
1389	5.160025e+15	3.164529e+01	1.029080e+02	5.047715e+16
1390	5.160393e+15	3.875801e+01	1.250646e+02	1.190095e+17
1391	5.160782e+15	4.264117e+01	1.432146e+02	1.211883e+17
1392	5.161154e+15	3.159059e+01	1.036826e+02	8.103637e+16
1393	5.161599e+15	3.688633e+01	1.191543e+02	1.308202e+17
1394	5.162080e+15	4.722054e+01	1.508786e+02	8.978084e+16
1395	5.162516e+15	5.011559e+01	1.633241e+02	9.390868e+16
1396	5.162892e+15	5.242025e+01	1.677437e+02	9.254297e+16
1397	5.163209e+15	3.438979e+01	1.057424e+02	6.843057e+16
1398	5.163587e+15	5.080204e+01	1.496676e+02	1.101828e+17
1399	5.163933e+15	6.278501e+01	1.792037e+02	9.782202e+16
1400	5.164209e+15	3.628110e+01	1.025216e+02	6.079297e+16
1401	5.164540e+15	3.611201e+01	1.027693e+02	8.133338e+16
1402	5.164938e+15	5.816098e+01	1.673147e+02	9.247586e+16
1403	5.165272e+15	4.341513e+01	1.246764e+02	8.749557e+16
1404	5.165625e+15	3.584742e+01	1.029877e+02	6.678190e+16
1405	5.166048e+15	3.457224e+01	1.019965e+02	1.031367e+17
1406	5.166556e+15	6.751080e+01	2.020408e+02	1.364219e+17
1407	5.166920e+15	5.016653e+01	1.544578e+02	5.685099e+16
1408	5.167245e+15	3.585210e+01	1.085500e+02	5.289826e+16
1409	5.167620e+15	3.994741e+01	1.178644e+02	9.913288e+16
1410	5.168030e+15	7.335603e+01	2.096614e+02	9.336845e+16
1411	5.168321e+15	3.751494e+01	1.043065e+02	3.979344e+16
1412	5.168671e+15	5.261823e+01	1.419296e+02	6.792897e+16
1413	5.169006e+15	4.899094e+01	1.295308e+02	9.049179e+16
1414	5.169349e+15	4.008742e+01	1.034477e+02	8.073346e+16
1415	5.169760e+15	4.914097e+01	1.223320e+02	1.079889e+17
1416	5.170195e+15	7.702801e+01	1.824727e+02	1.109940e+17
1417	5.170532e+15	5.542479e+01	1.238958e+02	6.690361e+16
1418	5.170879e+15	4.489188e+01	9.967337e+01	6.484898e+16
1419	5.171295e+15	6.855707e+01	1.520660e+02	9.924537e+16
1420	5.171662e+15	6.545139e+01	1.379407e+02	9.713156e+16
1421	5.172005e+15	6.693138e+01	1.360442e+02	8.489540e+16
1422	5.172330e+15	4.822331e+01	9.616759e+01	5.498173e+16
1423	5.172720e+15	5.023460e+01	9.837299e+01	5.743371e+16
1424	5.173178e+15	9.402869e+01	1.790147e+02	7.893243e+16
1425	5.173525e+15	8.226895e+01	1.540009e+02	6.400066e+16
1426	5.173821e+15	5.134545e+01	9.579810e+01	6.796439e+16
1427	5.174176e+15	5.170430e+01	9.573740e+01	8.426457e+16
1428	5.174603e+15	8.482802e+01	1.544923e+02	6.756099e+16
1429	5.174960e+15	5.244787e+01	9.443173e+01	7.543935e+16
1430	5.175390e+15	6.103231e+01	1.096622e+02	1.029766e+17
1431	5.175850e+15	7.310076e+01	1.364158e+02	9.506306e+16
1432	5.176264e+15	9.267796e+01	1.698618e+02	9.728219e+16
1433	5.176577e+15	4.953854e+01	9.057167e+01	6.882484e+16
1434	5.176953e+15	4.984318e+01	8.999110e+01	7.128680e+16
1435	5.177405e+15	5.823017e+01	1.078711e+02	8.570991e+16
1436	5.177881e+15	7.816799e+01	1.486578e+02	1.191697e+17
1437	5.178275e+15	4.706717e+01	9.288212e+01	7.615015e+16
1438	5.178739e+15	8.764390e+01	1.729242e+02	1.061115e+17
1439	5.179082e+15	5.232548e+01	1.059851e+02	7.348837e+16
1440	5.179451e+15	5.723788e+01	1.167234e+02	7.776101e+16
1441	5.179821e+15	5.166572e+01	1.080679e+02	5.681610e+16
1442	5.180214e+15	6.630526e+01	1.371310e+02	8.538884e+16
1443	5.180564e+15	5.427321e+01	1.138352e+02	5.251389e+16
1444	5.180920e+15	4.640441e+01	9.956328e+01	9.393055e+16
1445	5.181314e+15	5.470555e+01	1.153184e+02	7.075631e+16
1446	5.181704e+15	5.246600e+01	1.135078e+02	8.311121e+16
1447	5.182094e+15	4.036664e+01	8.720320e+01	5.834546e+16
1448	5.182561e+15	4.487144e+01	9.695755e+01	6.080372e+16
1449	5.183077e+15	6.956364e+01	1.474755e+02	1.012946e+17
1450	5.183488e+15	5.842617e+01	1.248390e+02	8.005188e+16
1451	5.183859e+15	3.773786e+01	8.391240e+01	8.087623e+16
1452	5.184303e+15	3.948923e+01	8.639218e+01	1.081046e+17
1453	5.184826e+15	7.137084e+01	1.547870e+02	1.016407e+17
1454	5.185224e+15	7.843052e+01	1.718579e+02	6.600011e+16
1455	5.185504e+15	4.093686e+01	9.087420e+01	6.852372e+16
1456	5.185819e+15	4.543741e+01	1.015175e+02	6.295252e+16
1457	5.186148e+15	3.671468e+01	8.339850e+01	5.461532e+16
1458	5.186542e+15	3.578825e+01	8.349504e+01	6.374096e+16
1459	5.187015e+15	4.488514e+01	1.058965e+02	7.508932e+16
1460	5.187493e+15	5.934708e+01	1.388600e+02	8.837000e+16
1461	5.187882e+15	3.368800e+01	8.086391e+01	4.825697e+16
1462	5.188350e+15	3.821397e+01	9.262687e+01	8.440090e+16
1463	5.188858e+15	3.638454e+01	8.759507e+01	8.005725e+16
1464	5.189431e+15	7.131336e+01	1.728574e+02	1.112693e+17
1465	5.189815e+15	3.309445e+01	8.217207e+01	6.689852e+16
1466	5.190258e+15	3.321885e+01	8.286350e+01	7.795944e+16
1467	5.190764e+15	5.337581e+01	1.320195e+02	7.924456e+16
1468	5.191170e+15	3.933866e+01	9.832829e+01	8.043043e+16
1469	5.191576e+15	5.189867e+01	1.269978e+02	6.797546e+16
1470	5.191911e+15	3.322021e+01	8.143081e+01	5.253780e+16
1471	5.192294e+15	4.387071e+01	1.061532e+02	7.714004e+16
1472	5.192656e+15	3.087424e+01	7.552964e+01	5.287729e+16
1473	5.193089e+15	4.512445e+01	1.044276e+02	9.450627e+16
1474	5.193503e+15	5.328605e+01	1.222002e+02	6.866645e+16
1475	5.193852e+15	3.934104e+01	9.448719e+01	5.916167e+16
1476	5.194208e+15	3.080486e+01	7.513998e+01	6.297850e+16
1477	5.194636e+15	3.988746e+01	9.827219e+01	8.573800e+16
1478	5.195062e+15	4.677100e+01	1.165809e+02	8.176693e+16
1479	5.195438e+15	3.072115e+01	7.564687e+01	7.720512e+16
1480	5.195889e+15	3.686242e+01	9.158013e+01	8.106238e+16
1481	5.196361e+15	4.447267e+01	1.146853e+02	7.481130e+16
1482	5.196776e+15	4.404534e+01	1.127067e+02	7.289091e+16
1483	5.197145e+15	3.661003e+01	9.350783e+01	4.111327e+16
1484	5.197522e+15	2.986537e+01	7.406869e+01	6.734825e+16
1485	5.197975e+15	3.514153e+01	8.878627e+01	6.943842e+16
1486	5.198454e+15	5.052193e+01	1.314314e+02	1.039465e+17
1487	5.198833e+15	2.831984e+01	7.355261e+01	6.111321e+16
1488	5.199287e+15	3.266158e+01	8.607932e+01	5.591847e+16
1489	5.199776e+15	3.959724e+01	1.049271e+02	1.018112e+17
1490	5.200236e+15	3.353918e+01	9.409764e+01	6.757889e+16
1491	5.200705e+15	4.006228e+01	1.162973e+02	8.177770e+16
1492	5.201113e+15	2.943723e+01	8.294205e+01	6.200245e+16
1493	5.201570e+15	3.228070e+01	8.318145e+01	7.864562e+16
1494	5.202074e+15	5.150721e+01	1.266565e+02	9.639058e+16
1495	5.202480e+15	3.831574e+01	8.935629e+01	6.836727e+16
1496	5.202905e+15	4.034471e+01	9.308326e+01	5.491437e+16
1497	5.203336e+15	3.254409e+01	7.329034e+01	7.401222e+16
1498	5.203854e+15	4.112653e+01	9.623163e+01	7.646772e+16
1499	5.204372e+15	5.010822e+01	1.217779e+02	9.946408e+16
1500	5.204809e+15	4.238346e+01	1.072424e+02	7.868306e+16
1501	5.205218e+15	3.227807e+01	8.491184e+01	7.775771e+16
1502	5.205671e+15	4.056982e+01	1.070123e+02	1.034189e+17
1503	5.206093e+15	3.491756e+01	9.151173e+01	7.975030e+16
1504	5.206534e+15	3.353139e+01	8.894280e+01	7.172863e+16
1505	5.207007e+15	4.149925e+01	1.097895e+02	8.557899e+16
1506	5.207441e+15	2.874835e+01	7.529607e+01	7.384783e+16
1507	5.207962e+15	4.895867e+01	1.257556e+02	8.180296e+16
1508	5.208394e+15	3.117723e+01	7.822942e+01	1.163161e+17
1509	5.208898e+15	5.184973e+01	1.322649e+02	1.122396e+17
1510	5.209297e+15	2.759488e+01	7.378451e+01	6.837051e+16
1511	5.209776e+15	3.644588e+01	1.010249e+02	6.069455e+16
1512	5.210237e+15	4.063709e+01	1.125918e+02	7.391128e+16
1513	5.210649e+15	2.793441e+01	7.783893e+01	7.180799e+16
1514	5.211134e+15	5.173111e+01	1.442089e+02	9.176899e+16
1515	5.211496e+15	2.661372e+01	7.542924e+01	4.885028e+16
1516	5.211931e+15	2.615488e+01	7.320719e+01	6.874105e+16
1517	5.212453e+15	4.177915e+01	1.125782e+02	7.782866e+16
1518	5.212907e+15	2.756424e+01	7.152547e+01	6.579439e+16
1519	5.213452e+15	3.371296e+01	8.629701e+01	7.177381e+16
1520	5.214025e+15	5.100507e+01	1.285510e+02	9.430724e+16
1521	5.214474e+15	3.041642e+01	7.785744e+01	6.937257e+16
1522	5.214980e+15	5.889111e+01	1.452942e+02	7.437402e+16
1523	5.215333e+15	2.765844e+01	6.883500e+01	5.527306e+16
1524	5.215757e+15	2.970204e+01	7.524483e+01	6.505430e+16
1525	5.216236e+15	3.314301e+01	8.339671e+01	8.233442e+16
1526	5.216736e+15	3.614132e+01	9.504027e+01	9.077248e+16
1527	5.217215e+15	4.636489e+01	1.246378e+02	7.614991e+16
1528	5.217592e+15	2.536123e+01	7.033366e+01	6.667551e+16
1529	5.218044e+15	3.968871e+01	1.100668e+02	9.327356e+16
1530	5.218443e+15	2.868337e+01	8.025983e+01	6.842254e+16
1531	5.218890e+15	3.910763e+01	1.114008e+02	8.995288e+16
1532	5.219287e+15	3.617042e+01	1.028390e+02	8.007829e+16
1533	5.219659e+15	2.546007e+01	7.347410e+01	7.473206e+16
1534	5.220106e+15	3.664626e+01	1.055922e+02	7.610875e+16
1535	5.220518e+15	3.348858e+01	9.742914e+01	7.588345e+16
1536	5.220921e+15	3.655605e+01	1.079463e+02	7.882186e+16
1537	5.221282e+15	2.384891e+01	7.113106e+01	6.539194e+16
1538	5.221715e+15	2.366406e+01	7.154931e+01	8.197939e+16
1539	5.222231e+15	3.700664e+01	1.149457e+02	7.659472e+16
1540	5.222671e+15	4.390278e+01	1.323403e+02	6.249141e+16
1541	5.223009e+15	2.446248e+01	7.131686e+01	5.332310e+16
1542	5.223414e+15	2.584768e+01	7.448426e+01	6.694099e+16
1543	5.223886e+15	3.378638e+01	9.779771e+01	9.079643e+16
1544	5.224338e+15	4.172851e+01	1.204391e+02	8.528976e+16
1545	5.224711e+15	2.527771e+01	7.208574e+01	3.913465e+16
1546	5.225158e+15	5.186903e+01	1.521672e+02	1.013614e+17
1547	5.225466e+15	2.415169e+01	7.176765e+01	5.022131e+16
1548	5.225836e+15	2.860779e+01	8.700024e+01	5.071827e+16
1549	5.226225e+15	3.146581e+01	9.788000e+01	9.314842e+16
1550	5.226601e+15	2.972017e+01	9.379119e+01	7.424707e+16
1551	5.226976e+15	2.172892e+01	7.263357e+01	7.321880e+16
1552	5.227426e+15	3.389286e+01	1.163125e+02	7.630222e+16
1553	5.227813e+15	2.090216e+01	7.581269e+01	8.629989e+16
1554	5.228269e+15	3.327068e+01	1.161677e+02	9.790760e+16
1555	5.228666e+15	2.195591e+01	7.897645e+01	6.203096e+16
1556	5.229127e+15	3.233695e+01	1.143210e+02	1.210762e+17
1557	5.229535e+15	2.019626e+01	7.613780e+01	9.714347e+16
1558	5.230024e+15	4.319989e+01	1.564954e+02	1.121460e+17
1559	5.230371e+15	1.993772e+01	7.695666e+01	6.563102e+16
1560	5.230787e+15	1.976658e+01	7.873218e+01	7.842412e+16
1561	5.231277e+15	2.249320e+01	8.950802e+01	7.432054e+16
1562	5.231804e+15	3.501033e+01	1.350576e+02	1.344309e+17
1563	5.232222e+15	2.132208e+01	8.663289e+01	9.078593e+16
1564	5.232682e+15	3.089849e+01	1.187870e+02	9.224633e+16
1565	5.233086e+15	2.321623e+01	9.110665e+01	7.721098e+16
1566	5.233518e+15	2.870262e+01	1.126930e+02	8.313683e+16
1567	5.233910e+15	2.126970e+01	8.658818e+01	5.985237e+16
1568	5.234341e+15	2.550861e+01	9.896210e+01	8.772715e+16
1569	5.234773e+15	2.489883e+01	9.989376e+01	7.732539e+16
1570	5.235208e+15	2.894164e+01	1.130950e+02	7.909411e+16
1571	5.235613e+15	2.197036e+01	8.479798e+01	7.260679e+16
1572	5.236084e+15	3.663909e+01	1.357352e+02	1.017075e+17
1573	5.236468e+15	2.600560e+01	9.604302e+01	7.942220e+16
1574	5.236877e+15	3.096407e+01	1.120210e+02	1.413987e+17
1575	5.237264e+15	2.314843e+01	8.188919e+01	1.187966e+17
1576	5.237729e+15	2.919990e+01	1.010711e+02	1.424718e+17
1577	5.238212e+15	3.132140e+01	1.063995e+02	1.300941e+17
1578	5.238687e+15	3.212244e+01	1.062522e+02	1.196357e+17
1579	5.239154e+15	4.317478e+01	1.370714e+02	8.288743e+16
1580	5.239532e+15	2.585601e+01	8.218254e+01	4.622343e+16
1581	5.239980e+15	3.838365e+01	1.213070e+02	8.677121e+16
1582	5.240380e+15	2.815180e+01	8.967754e+01	7.949780e+16
1583	5.240825e+15	3.250160e+01	1.062855e+02	5.967049e+16
1584	5.241263e+15	4.021621e+01	1.347062e+02	8.186797e+16
1585	5.241621e+15	2.490268e+01	8.560349e+01	6.860351e+16
1586	5.242035e+15	2.936494e+01	1.017285e+02	1.265311e+17
1587	5.242458e+15	2.417257e+01	8.559628e+01	9.843586e+16
1588	5.242950e+15	3.087342e+01	1.096711e+02	1.161745e+17
1589	5.243426e+15	3.976171e+01	1.388269e+02	1.051051e+17
1590	5.243814e+15	3.357596e+01	1.161957e+02	1.116450e+17
1591	5.244176e+15	2.262934e+01	8.113168e+01	1.017251e+17
1592	5.244610e+15	2.921476e+01	1.104388e+02	9.932939e+16
1593	5.245027e+15	2.236980e+01	9.034356e+01	9.667440e+16
1594	5.245497e+15	3.029501e+01	1.257865e+02	9.661701e+16
1595	5.245912e+15	1.910710e+01	8.660507e+01	9.858407e+16
1596	5.246397e+15	3.703188e+01	1.617947e+02	1.514362e+17
1597	5.246753e+15	1.821532e+01	8.538672e+01	6.348601e+16
1598	5.247181e+15	2.550064e+01	1.172749e+02	8.881044e+16
1599	5.247588e+15	1.871928e+01	9.042637e+01	9.863546e+16
1600	5.248057e+15	2.463632e+01	1.128937e+02	8.851847e+16
1601	5.248515e+15	2.644725e+01	1.182119e+02	5.950238e+16
1602	5.248949e+15	2.082779e+01	9.735483e+01	6.780054e+16
1603	5.249426e+15	2.925416e+01	1.284551e+02	7.980496e+16
1604	5.249853e+15	3.057253e+01	1.314378e+02	1.019386e+17
1605	5.250224e+15	2.991354e+01	1.294118e+02	8.381575e+16
1606	5.250549e+15	1.871386e+01	8.510410e+01	7.949584e+16
1607	5.250939e+15	1.877132e+01	8.648234e+01	7.217116e+16
1608	5.251406e+15	3.043343e+01	1.325893e+02	8.026727e+16
1609	5.251818e+15	2.142131e+01	9.438591e+01	9.392558e+16
1610	5.252287e+15	2.718913e+01	1.096949e+02	7.886223e+16
1611	5.252760e+15	3.622274e+01	1.409340e+02	1.082692e+17
1612	5.253156e+15	2.130214e+01	8.596092e+01	7.355270e+16
1613	5.253631e+15	2.914458e+01	1.160845e+02	8.661542e+16
1614	5.254092e+15	3.402518e+01	1.282160e+02	9.635613e+16
1615	5.254511e+15	3.385102e+01	1.282484e+02	7.967192e+16
1616	5.254887e+15	2.743078e+01	1.104623e+02	6.421222e+16
1617	5.255264e+15	2.522865e+01	1.102637e+02	5.665459e+16
1618	5.255643e+15	2.341857e+01	1.094408e+02	6.982437e+16
1619	5.256025e+15	2.197418e+01	1.067465e+02	7.974044e+16
1620	5.256419e+15	2.169210e+01	1.063772e+02	8.753050e+16
1621	5.256826e+15	1.784180e+01	8.953901e+01	5.768444e+16
1622	5.257301e+15	2.785189e+01	1.306574e+02	8.907552e+16
1623	5.257724e+15	1.999526e+01	9.650935e+01	6.789035e+16
1624	5.258199e+15	2.493521e+01	1.140073e+02	9.313480e+16
1625	5.258671e+15	3.560777e+01	1.564832e+02	1.230611e+17
1626	5.259040e+15	1.971988e+01	8.716615e+01	6.768638e+16
1627	5.259484e+15	3.599655e+01	1.509946e+02	9.351017e+16
1628	5.259836e+15	2.023878e+01	8.703167e+01	5.662847e+16
1629	5.260259e+15	2.366699e+01	1.020919e+02	7.765235e+16
1630	5.260713e+15	2.679152e+01	1.199661e+02	1.238919e+17
1631	5.261137e+15	2.378968e+01	1.069855e+02	9.220661e+16
1632	5.261568e+15	2.540680e+01	1.158429e+02	8.098334e+16
1633	5.261983e+15	2.629059e+01	1.165350e+02	6.656862e+16
1634	5.262381e+15	2.421035e+01	1.020819e+02	8.395069e+16
1635	5.262802e+15	2.606392e+01	1.083613e+02	1.062283e+17
1636	5.263228e+15	2.372820e+01	9.859164e+01	6.714461e+16
1637	5.263689e+15	2.445858e+01	1.071137e+02	8.433144e+16
1638	5.264163e+15	2.859283e+01	1.295204e+02	9.060984e+16
1639	5.264586e+15	3.192911e+01	1.485940e+02	5.248100e+16
1640	5.264927e+15	1.702649e+01	8.600324e+01	4.860513e+16
1641	5.265336e+15	1.920887e+01	9.547503e+01	5.165627e+16
1642	5.265788e+15	2.620694e+01	1.218868e+02	8.167396e+16
1643	5.266201e+15	2.434944e+01	1.074655e+02	4.348111e+16
1644	5.266615e+15	2.270323e+01	9.693104e+01	8.550721e+16
1645	5.267066e+15	2.934554e+01	1.163383e+02	6.620997e+16
1646	5.267490e+15	3.380190e+01	1.244351e+02	7.150062e+16
1647	5.267867e+15	2.589430e+01	9.541567e+01	5.211017e+16
1648	5.268275e+15	3.014017e+01	1.092020e+02	8.054521e+16
1649	5.268678e+15	3.213624e+01	1.165024e+02	9.026675e+16
1650	5.269060e+15	2.309776e+01	8.612220e+01	7.816246e+16
1651	5.269505e+15	2.355113e+01	8.734708e+01	9.625215e+16
1652	5.270017e+15	3.866279e+01	1.386779e+02	1.183431e+17
1653	5.270437e+15	3.944644e+01	1.411697e+02	4.694644e+16
1654	5.270771e+15	2.512535e+01	9.111182e+01	6.593048e+16
1655	5.271137e+15	2.181186e+01	7.898679e+01	3.964058e+16
1656	5.271576e+15	2.387714e+01	8.930442e+01	7.047108e+16
1657	5.272060e+15	3.181971e+01	1.227396e+02	8.682803e+16
1658	5.272487e+15	2.278692e+01	8.866280e+01	8.553057e+16
1659	5.272967e+15	3.797016e+01	1.452208e+02	8.725395e+16
1660	5.273343e+15	2.490109e+01	9.675616e+01	8.854333e+16
1661	5.273740e+15	2.697645e+01	1.101991e+02	9.318507e+16
1662	5.274128e+15	3.112016e+01	1.342368e+02	5.523735e+16
1663	5.274457e+15	1.829129e+01	8.322747e+01	6.714432e+16
1664	5.274852e+15	2.057038e+01	9.474662e+01	6.679888e+16
1665	5.275291e+15	2.512431e+01	1.089079e+02	8.515537e+16
1666	5.275731e+15	2.313918e+01	1.034267e+02	8.446456e+16
1667	5.276197e+15	2.675964e+01	1.189315e+02	9.342407e+16
1668	5.276647e+15	3.264022e+01	1.439944e+02	9.277251e+16
1669	5.277022e+15	2.716433e+01	1.217155e+02	5.679999e+16
1670	5.277378e+15	1.924683e+01	8.675740e+01	6.342132e+16
1671	5.277805e+15	2.426859e+01	1.082268e+02	8.720747e+16
1672	5.278246e+15	2.710389e+01	1.159342e+02	6.863120e+16
1673	5.278680e+15	3.243343e+01	1.381314e+02	7.781038e+16
1674	5.279053e+15	1.986428e+01	8.661854e+01	4.805147e+16
1675	5.279500e+15	2.448822e+01	1.097230e+02	6.555112e+16
1676	5.279954e+15	2.021827e+01	9.314368e+01	7.216563e+16
1677	5.280472e+15	3.609501e+01	1.673187e+02	9.332277e+16
1678	5.280854e+15	1.848994e+01	8.508365e+01	4.342684e+16
1679	5.281312e+15	3.056308e+01	1.450469e+02	9.920814e+16
1680	5.281691e+15	1.767863e+01	8.589815e+01	6.519949e+16
1681	5.282146e+15	2.768614e+01	1.386978e+02	8.006603e+16
1682	5.282529e+15	1.793519e+01	8.768247e+01	5.735435e+16
1683	5.282971e+15	2.367533e+01	1.111326e+02	6.043718e+16
1684	5.283399e+15	3.532587e+01	1.670137e+02	7.762550e+16
1685	5.283704e+15	1.858143e+01	8.814549e+01	6.616099e+16
1686	5.284050e+15	1.656871e+01	8.081544e+01	4.596218e+16
1687	5.284465e+15	2.251293e+01	1.104898e+02	5.389039e+16
1688	5.284864e+15	1.803243e+01	8.822940e+01	1.034248e+17
1689	5.285313e+15	2.146315e+01	1.039883e+02	6.738889e+16
1690	5.285761e+15	2.782617e+01	1.296809e+02	7.190073e+16
1691	5.286140e+15	2.317861e+01	1.036748e+02	5.548361e+16
1692	5.286517e+15	1.691611e+01	7.918965e+01	5.981368e+16
1693	5.286967e+15	2.323276e+01	1.134550e+02	6.340440e+16
1694	5.287387e+15	2.011089e+01	9.913794e+01	7.173449e+16
1695	5.287823e+15	2.362056e+01	1.168226e+02	8.894497e+16
1696	5.288227e+15	2.538666e+01	1.278936e+02	7.504901e+16
1697	5.288578e+15	1.723112e+01	8.906700e+01	7.984650e+16
1698	5.288973e+15	1.656494e+01	8.452315e+01	6.820657e+16
1699	5.289431e+15	2.070962e+01	1.024920e+02	6.762331e+16
1700	5.289894e+15	2.265132e+01	1.092824e+02	9.779677e+16
1701	5.290345e+15	2.356830e+01	1.099702e+02	5.727508e+16
1702	5.290777e+15	2.800960e+01	1.271643e+02	8.520649e+16
1703	5.291147e+15	2.152358e+01	9.719045e+01	6.233804e+16
1704	5.291532e+15	2.347813e+01	1.056679e+02	6.407078e+16
1705	5.291912e+15	2.650580e+01	1.177213e+02	7.417324e+16
1706	5.292257e+15	1.811693e+01	7.916967e+01	7.488554e+16
1707	5.292670e+15	2.721355e+01	1.154707e+02	7.592068e+16
1708	5.293049e+15	3.453253e+01	1.423118e+02	5.502746e+16
1709	5.293342e+15	1.799441e+01	7.691073e+01	4.389759e+16
1710	5.293694e+15	1.806977e+01	7.689262e+01	5.384481e+16
1711	5.294116e+15	3.065502e+01	1.337448e+02	5.616315e+16
1712	5.294457e+15	1.956539e+01	8.586415e+01	4.507210e+16
1713	5.294837e+15	2.857792e+01	1.265077e+02	5.197384e+16
1714	5.295157e+15	1.781902e+01	7.800533e+01	3.925880e+16
1715	5.295542e+15	1.835978e+01	8.204151e+01	4.878483e+16
1716	5.295987e+15	2.275581e+01	1.044705e+02	7.461634e+16
1717	5.296423e+15	3.018894e+01	1.410695e+02	8.703080e+16
1718	5.296768e+15	1.671979e+01	7.845169e+01	4.722478e+16
1719	5.297181e+15	1.968721e+01	9.183378e+01	8.470530e+16
1720	5.297622e+15	3.494941e+01	1.606943e+02	9.637153e+16
1721	5.297933e+15	1.635308e+01	7.631962e+01	3.236744e+16
1722	5.298305e+15	1.605358e+01	7.622947e+01	3.637338e+16
1723	5.298752e+15	2.437678e+01	1.146416e+02	6.170293e+16
1724	5.299154e+15	2.094999e+01	9.620479e+01	6.090309e+16
1725	5.299562e+15	1.752986e+01	8.242948e+01	5.734932e+16
1726	5.300025e+15	2.711717e+01	1.291830e+02	7.165302e+16
1727	5.300404e+15	2.291934e+01	1.116809e+02	4.263817e+16
1728	5.300752e+15	1.606744e+01	7.670140e+01	3.280893e+16
1729	5.301165e+15	1.828010e+01	7.914600e+01	3.951911e+16
1730	5.301649e+15	4.462655e+01	1.904857e+02	7.032785e+16
1731	5.301945e+15	1.708650e+01	7.665916e+01	4.421630e+16
1732	5.302298e+15	1.685487e+01	7.590652e+01	6.400947e+16
1733	5.302722e+15	1.698594e+01	7.712438e+01	6.267411e+16
1734	5.303226e+15	4.060980e+01	1.848027e+02	6.350282e+16
1735	5.303544e+15	1.716810e+01	7.733754e+01	4.448866e+16
1736	5.303926e+15	1.787125e+01	8.004054e+01	4.788055e+16
1737	5.304377e+15	2.895090e+01	1.269606e+02	1.008119e+17
1738	5.304760e+15	2.824249e+01	1.215046e+02	5.453030e+16
1739	5.305097e+15	2.098059e+01	9.377067e+01	5.464748e+16
1740	5.305455e+15	1.715465e+01	7.842456e+01	4.907066e+16
1741	5.305886e+15	1.878183e+01	8.785480e+01	6.952726e+16
1742	5.306356e+15	3.440395e+01	1.519141e+02	4.964257e+16
1743	5.306700e+15	1.714054e+01	7.667892e+01	4.840427e+16
1744	5.307113e+15	2.710988e+01	1.224024e+02	5.380495e+16
1745	5.307473e+15	2.513493e+01	1.140764e+02	5.635877e+16
1746	5.307804e+15	1.720704e+01	8.037344e+01	5.541270e+16
1747	5.308196e+15	2.294950e+01	1.052904e+02	5.913891e+16
1748	5.308578e+15	1.911572e+01	8.536501e+01	4.057128e+16
1749	5.309008e+15	3.219153e+01	1.329000e+02	5.322938e+16
1750	5.309359e+15	1.725565e+01	7.653445e+01	3.396526e+16
1751	5.309779e+15	3.468852e+01	1.431670e+02	4.959441e+16
1752	5.310100e+15	1.842849e+01	7.615291e+01	2.852395e+16
1753	5.310486e+15	1.879605e+01	7.712100e+01	5.196790e+16
1754	5.310949e+15	2.697283e+01	1.051868e+02	5.532496e+16
1755	5.311391e+15	3.768185e+01	1.395924e+02	6.148850e+16
1756	5.311732e+15	2.057187e+01	7.540020e+01	2.756774e+16
1757	5.312138e+15	2.809709e+01	9.996442e+01	5.152108e+16
1758	5.312534e+15	1.947718e+01	7.316634e+01	3.388372e+16
1759	5.313009e+15	2.358633e+01	9.181492e+01	5.879278e+16
1760	5.313493e+15	2.636039e+01	1.042788e+02	4.445758e+16
1761	5.313941e+15	2.795180e+01	1.091910e+02	6.257501e+16
1762	5.314338e+15	3.385524e+01	1.319233e+02	5.229635e+16
1763	5.314645e+15	1.757992e+01	7.192904e+01	3.705427e+16
1764	5.315012e+15	1.753973e+01	7.244109e+01	4.662146e+16
1765	5.315452e+15	3.501747e+01	1.328938e+02	6.052276e+16
1766	5.315794e+15	2.391664e+01	9.822776e+01	5.209529e+16
1767	5.316127e+15	1.762617e+01	7.211153e+01	4.628274e+16
1768	5.316527e+15	1.786915e+01	7.234698e+01	4.938214e+16
1769	5.317006e+15	3.011781e+01	1.173538e+02	5.543354e+16
1770	5.317422e+15	1.967870e+01	7.919456e+01	2.685430e+16
1771	5.317902e+15	2.984480e+01	1.184972e+02	7.260568e+16
1772	5.318320e+15	2.585753e+01	1.019355e+02	6.265361e+16
1773	5.318727e+15	3.069460e+01	1.187192e+02	6.093236e+16
1774	5.319084e+15	2.234989e+01	8.382412e+01	4.300193e+16
1775	5.319487e+15	2.509061e+01	9.176494e+01	6.628367e+16
1776	5.319914e+15	2.424820e+01	8.745524e+01	6.466563e+16
1777	5.320383e+15	3.946534e+01	1.505451e+02	5.511355e+16
1778	5.320735e+15	2.766301e+01	1.084546e+02	4.222440e+16
1779	5.321073e+15	2.759218e+01	1.101392e+02	3.308538e+16
1780	5.321395e+15	1.924139e+01	7.900612e+01	3.256668e+16
1781	5.321781e+15	2.205682e+01	8.979453e+01	6.612494e+16
1782	5.322208e+15	2.168321e+01	8.948456e+01	6.831932e+16
1783	5.322683e+15	4.156919e+01	1.742195e+02	7.468548e+16
1784	5.323005e+15	1.929057e+01	7.881518e+01	4.068295e+16
1785	5.323392e+15	1.935920e+01	8.053438e+01	5.663270e+16
1786	5.323847e+15	3.475279e+01	1.409116e+02	7.632305e+16
1787	5.324205e+15	1.959371e+01	7.701183e+01	4.894890e+16
1788	5.324634e+15	2.187599e+01	8.801372e+01	6.493084e+16
1789	5.325102e+15	2.663130e+01	1.090436e+02	4.985368e+16
1790	5.325537e+15	3.123366e+01	1.252528e+02	4.420313e+16
1791	5.325901e+15	1.944872e+01	7.528245e+01	5.424862e+16
1792	5.326338e+15	2.136491e+01	8.162573e+01	4.556041e+16
1793	5.326838e+15	3.626526e+01	1.384033e+02	9.122554e+16
1794	5.327228e+15	2.623215e+01	1.001072e+02	4.348951e+16
1795	5.327615e+15	2.116776e+01	7.783521e+01	4.561736e+16
1796	5.328071e+15	4.273931e+01	1.564270e+02	6.472082e+16
1797	5.328395e+15	2.850792e+01	1.045620e+02	4.125572e+16
1798	5.328706e+15	2.016101e+01	7.504556e+01	3.060831e+16
1799	5.329078e+15	2.273761e+01	8.722079e+01	4.486633e+16
1800	5.329481e+15	3.243600e+01	1.234352e+02	5.003336e+16
1801	5.329819e+15	1.989060e+01	7.293919e+01	2.612714e+16
1802	5.330224e+15	3.594526e+01	1.302785e+02	6.529956e+16
1803	5.330544e+15	2.475574e+01	8.862429e+01	3.612423e+16
1804	5.330877e+15	1.965029e+01	7.138836e+01	4.823085e+16
1805	5.331277e+15	1.875315e+01	7.109587e+01	4.323620e+16
1806	5.331757e+15	3.317275e+01	1.258445e+02	4.008559e+16
1807	5.332140e+15	3.037247e+01	1.170196e+02	2.899445e+16
1808	5.332463e+15	2.097435e+01	7.969660e+01	2.702855e+16
1809	5.332822e+15	1.897486e+01	7.132655e+01	3.768484e+16
1810	5.333253e+15	2.822670e+01	1.080623e+02	4.445420e+16
1811	5.333642e+15	2.733052e+01	1.044579e+02	2.832801e+16
1812	5.334005e+15	1.868107e+01	7.355549e+01	5.786406e+16
1813	5.334441e+15	2.182024e+01	8.536111e+01	6.370497e+16
1814	5.334916e+15	3.503184e+01	1.318092e+02	7.559160e+16
1815	5.335294e+15	2.753809e+01	1.059404e+02	5.445093e+16
1816	5.335648e+15	2.666990e+01	1.020958e+02	3.634684e+16
1817	5.335985e+15	2.383483e+01	8.987770e+01	4.265540e+16
1818	5.336338e+15	1.967814e+01	7.392075e+01	4.542011e+16
1819	5.336762e+15	2.774353e+01	1.023077e+02	4.543188e+16
1820	5.337166e+15	2.937586e+01	1.025754e+02	4.049279e+16
1821	5.337552e+15	2.200582e+01	7.774351e+01	4.684287e+16
1822	5.338001e+15	2.653624e+01	9.799097e+01	5.055608e+16
1823	5.338450e+15	3.642732e+01	1.387001e+02	6.043327e+16
1824	5.338798e+15	1.977531e+01	7.543770e+01	5.052060e+16
1825	5.339216e+15	2.609978e+01	9.556023e+01	4.357161e+16
1826	5.339646e+15	3.218790e+01	1.165862e+02	5.264601e+16
1827	5.340035e+15	3.191583e+01	1.209296e+02	5.992849e+16
1828	5.340379e+15	2.408245e+01	9.619602e+01	3.673043e+16
1829	5.340738e+15	1.954253e+01	7.972019e+01	4.207846e+16
1830	5.341166e+15	2.730858e+01	1.113399e+02	6.889576e+16
1831	5.341571e+15	2.538336e+01	9.760048e+01	6.096378e+16
1832	5.341992e+15	3.717676e+01	1.370272e+02	5.878275e+16
1833	5.342334e+15	2.270493e+01	7.897165e+01	4.237443e+16
1834	5.342745e+15	2.810441e+01	9.884368e+01	6.196715e+16
1835	5.343169e+15	2.605339e+01	9.099815e+01	5.651373e+16
1836	5.343628e+15	3.790819e+01	1.358081e+02	7.142207e+16
1837	5.343999e+15	2.152183e+01	7.617678e+01	5.129364e+16
1838	5.344445e+15	4.161392e+01	1.471370e+02	4.989152e+16
1839	5.344778e+15	2.194441e+01	7.438149e+01	3.430396e+16
1840	5.345179e+15	2.970859e+01	9.965721e+01	3.805368e+16
1841	5.345569e+15	2.938987e+01	9.814261e+01	3.938134e+16
1842	5.345952e+15	2.893604e+01	9.946371e+01	1.999534e+16
1843	5.346323e+15	2.122682e+01	7.231837e+01	2.737702e+16
1844	5.346769e+15	2.747448e+01	9.538252e+01	4.914836e+16
1845	5.347209e+15	3.403601e+01	1.168948e+02	5.509066e+16
1846	5.347581e+15	3.082752e+01	1.004276e+02	5.665705e+16
1847	5.347934e+15	2.417041e+01	7.937510e+01	4.580767e+16
1848	5.348325e+15	3.067509e+01	9.981836e+01	4.382407e+16
1849	5.348692e+15	2.618287e+01	8.659656e+01	5.072559e+16
1850	5.349067e+15	2.993630e+01	9.961181e+01	3.620158e+16
1851	5.349413e+15	2.056744e+01	6.788064e+01	3.787471e+16
1852	5.349829e+15	3.018289e+01	9.585202e+01	4.097931e+16
1853	5.350223e+15	1.983165e+01	6.628643e+01	4.590319e+16
1854	5.350695e+15	3.429859e+01	1.127111e+02	5.900096e+16
1855	5.351085e+15	3.355482e+01	1.063975e+02	2.932389e+16
1856	5.351419e+15	2.339983e+01	7.373941e+01	2.261896e+16
1857	5.351787e+15	2.387014e+01	7.141918e+01	3.030664e+16
1858	5.352200e+15	2.210324e+01	6.547832e+01	3.010333e+16
1859	5.352690e+15	3.977093e+01	1.155574e+02	5.469269e+16
1860	5.353080e+15	3.083193e+01	8.935430e+01	5.452125e+16
1861	5.353456e+15	2.790587e+01	7.716165e+01	5.771267e+16
1862	5.353859e+15	3.565639e+01	9.287569e+01	5.859466e+16
1863	5.354239e+15	3.739613e+01	1.025754e+02	5.293876e+16
1864	5.354573e+15	3.204708e+01	8.544360e+01	5.218296e+16
1865	5.354904e+15	2.500585e+01	6.472046e+01	3.599923e+16
1866	5.355302e+15	2.515156e+01	6.468581e+01	5.359369e+16
1867	5.355779e+15	4.798041e+01	1.262672e+02	4.774783e+16
1868	5.356134e+15	2.918003e+01	7.571553e+01	3.859695e+16
1869	5.356517e+15	2.742541e+01	7.251938e+01	3.064691e+16
1870	5.356944e+15	5.112684e+01	1.390781e+02	5.229069e+16
1871	5.357240e+15	2.381646e+01	6.527868e+01	3.648995e+16
1872	5.357592e+15	3.144933e+01	8.781615e+01	3.597541e+16
1873	5.357928e+15	2.203173e+01	6.211008e+01	3.137578e+16
1874	5.358331e+15	2.434979e+01	6.631144e+01	3.520598e+16
1875	5.358789e+15	4.270322e+01	1.157027e+02	3.718398e+16
1876	5.359142e+15	3.263718e+01	8.860984e+01	4.546499e+16
1877	5.359472e+15	2.223077e+01	6.174660e+01	2.850373e+16
1878	5.359869e+15	2.870799e+01	8.003116e+01	3.633659e+16
1879	5.360267e+15	2.520995e+01	6.788758e+01	4.356174e+16
1880	5.360709e+15	3.868411e+01	1.000435e+02	5.049965e+16
1881	5.361082e+15	3.178778e+01	8.070872e+01	5.067695e+16
1882	5.361446e+15	2.752768e+01	7.103656e+01	4.535182e+16
1883	5.361837e+15	3.197368e+01	8.316228e+01	3.329556e+16
1884	5.362213e+15	2.499695e+01	6.343805e+01	6.185167e+16
1885	5.362649e+15	4.043741e+01	1.024823e+02	5.782907e+16
1886	5.363010e+15	2.947479e+01	7.228418e+01	5.529900e+16
1887	5.363394e+15	2.948253e+01	7.190266e+01	4.875437e+16
1888	5.363803e+15	3.740236e+01	9.019746e+01	4.644854e+16
1889	5.364176e+15	2.870987e+01	7.131070e+01	5.253039e+16
1890	5.364573e+15	2.515742e+01	6.252526e+01	3.599761e+16
1891	5.365032e+15	3.560600e+01	9.402799e+01	5.534842e+16
1892	5.365432e+15	2.792579e+01	7.613451e+01	5.335824e+16
1893	5.365838e+15	3.178882e+01	8.789942e+01	6.068468e+16
1894	5.366208e+15	3.537113e+01	9.781849e+01	5.749580e+16
1895	5.366520e+15	1.889038e+01	5.818233e+01	5.753942e+16
1896	5.366894e+15	2.146124e+01	6.487717e+01	4.067444e+16
1897	5.367312e+15	2.567900e+01	7.259468e+01	5.405036e+16
1898	5.367741e+15	3.110105e+01	8.361557e+01	4.892181e+16
1899	5.368134e+15	2.035703e+01	5.734768e+01	4.630744e+16
1900	5.368598e+15	2.555884e+01	7.286962e+01	5.244296e+16
1901	5.369063e+15	3.257590e+01	9.344719e+01	5.123569e+16
1902	5.369455e+15	2.865495e+01	8.056134e+01	4.316351e+16
1903	5.369828e+15	3.288666e+01	8.693710e+01	4.563011e+16
1904	5.370168e+15	3.313913e+01	8.889128e+01	4.527342e+16
1905	5.370472e+15	2.234876e+01	5.784335e+01	3.538509e+16
1906	5.370838e+15	2.928904e+01	7.582261e+01	3.953785e+16
1907	5.371202e+15	3.103974e+01	7.545395e+01	2.957495e+16
1908	5.371564e+15	3.330632e+01	7.410990e+01	4.676555e+16
1909	5.371925e+15	3.419597e+01	7.094863e+01	3.526842e+16
1910	5.372292e+15	3.541294e+01	7.377191e+01	3.647986e+16
1911	5.372652e+15	3.498942e+01	7.442977e+01	4.508608e+16
1912	5.372998e+15	2.988300e+01	6.304378e+01	1.812396e+16
1913	5.373367e+15	3.226233e+01	6.631733e+01	4.133313e+16
1914	5.373743e+15	3.438257e+01	6.959817e+01	4.301176e+16
1915	5.374112e+15	4.753222e+01	9.426367e+01	3.370103e+16
1916	5.374400e+15	2.531015e+01	5.159914e+01	2.519737e+16
1917	5.374745e+15	2.654069e+01	5.651238e+01	3.846239e+16
1918	5.375136e+15	2.567091e+01	5.633112e+01	3.406577e+16
1919	5.375584e+15	3.365560e+01	7.927241e+01	8.049528e+16
1920	5.375990e+15	2.166292e+01	5.277532e+01	6.655678e+16
1921	5.376476e+15	4.593428e+01	1.140525e+02	7.703775e+16
1922	5.376810e+15	2.295825e+01	6.048790e+01	4.159407e+16
1923	5.377169e+15	2.034218e+01	5.542549e+01	3.050646e+16
1924	5.377578e+15	2.435774e+01	6.638556e+01	5.678154e+16
1925	5.377983e+15	1.729403e+01	5.070688e+01	3.184721e+16
1926	5.378465e+15	2.237965e+01	6.545655e+01	4.368159e+16
1927	5.378944e+15	3.145367e+01	9.098790e+01	5.399395e+16
1928	5.379324e+15	1.782989e+01	5.318219e+01	4.614535e+16
1929	5.379768e+15	2.482939e+01	7.232838e+01	5.866472e+16
1930	5.380193e+15	3.457172e+01	9.740413e+01	5.804721e+16
1931	5.380520e+15	1.923500e+01	5.217586e+01	3.598504e+16
1932	5.380913e+15	2.365889e+01	6.063140e+01	5.081467e+16
1933	5.381343e+15	3.214438e+01	8.228773e+01	5.020592e+16
1934	5.381729e+15	2.537741e+01	6.289037e+01	4.168903e+16
1935	5.382145e+15	3.127236e+01	7.715714e+01	4.791410e+16
1936	5.382532e+15	3.569304e+01	8.741391e+01	3.870961e+16
1937	5.382861e+15	2.322354e+01	5.364459e+01	3.308964e+16
1938	5.383256e+15	2.706237e+01	6.596396e+01	4.878107e+16
1939	5.383666e+15	2.718462e+01	6.661691e+01	3.982391e+16
1940	5.384089e+15	3.961201e+01	9.950721e+01	5.058643e+16
1941	5.384417e+15	2.261897e+01	5.335940e+01	6.265633e+16
1942	5.384810e+15	2.224409e+01	5.364873e+01	5.176782e+16
1943	5.385282e+15	4.472963e+01	1.181711e+02	5.654026e+16
1944	5.385604e+15	2.123625e+01	5.422204e+01	4.223581e+16
1945	5.385991e+15	3.192016e+01	8.558338e+01	6.556887e+16
1946	5.386327e+15	2.118348e+01	5.326550e+01	3.678579e+16
1947	5.386730e+15	2.814776e+01	7.164272e+01	5.151535e+16
1948	5.387124e+15	2.401364e+01	6.349704e+01	5.283530e+16
1949	5.387544e+15	2.576749e+01	7.311388e+01	5.536115e+16
1950	5.387953e+15	3.041198e+01	8.862603e+01	5.655878e+16
1951	5.388297e+15	1.801337e+01	5.365514e+01	5.164971e+16
1952	5.388709e+15	1.740847e+01	5.338687e+01	3.338769e+16
1953	5.389204e+15	3.161066e+01	9.991506e+01	6.195625e+16
1954	5.389586e+15	2.762236e+01	8.827823e+01	5.026277e+16
1955	5.389908e+15	2.039614e+01	6.494157e+01	5.152416e+16
1956	5.390247e+15	2.304820e+01	7.198674e+01	3.764128e+16
1957	5.390579e+15	1.758171e+01	5.332935e+01	3.272981e+16
1958	5.390976e+15	1.698163e+01	5.264734e+01	3.589397e+16
1959	5.391454e+15	2.987712e+01	9.313837e+01	3.939942e+16
1960	5.391835e+15	2.109307e+01	6.363635e+01	2.860345e+16
1961	5.392241e+15	1.875680e+01	5.650392e+01	4.635263e+16
1962	5.392708e+15	1.953892e+01	5.858066e+01	5.718062e+16
1963	5.393230e+15	3.624358e+01	1.031979e+02	6.109882e+16
1964	5.393615e+15	2.439171e+01	6.535158e+01	3.760291e+16
1965	5.394007e+15	2.257877e+01	5.836402e+01	3.466934e+16
1966	5.394434e+15	2.411067e+01	6.367016e+01	4.071284e+16
1967	5.394866e+15	2.565293e+01	6.500601e+01	4.820143e+16
1968	5.395300e+15	2.961827e+01	7.186971e+01	4.805523e+16
1969	5.395702e+15	2.138388e+01	4.880664e+01	4.146099e+16
1970	5.396181e+15	3.268955e+01	7.287234e+01	4.800639e+16
1971	5.396614e+15	3.148533e+01	6.813725e+01	3.505268e+16
1972	5.397027e+15	3.100892e+01	6.842279e+01	4.231111e+16
1973	5.397421e+15	2.867842e+01	6.516165e+01	3.994765e+16
1974	5.397812e+15	3.440924e+01	7.772369e+01	6.678945e+16
1975	5.398151e+15	2.346987e+01	4.851599e+01	4.733144e+16
1976	5.398558e+15	3.606654e+01	7.744234e+01	4.344490e+16
1977	5.398909e+15	2.326303e+01	4.774468e+01	2.193783e+16
1978	5.399330e+15	3.961439e+01	8.274362e+01	3.099357e+16
1979	5.399672e+15	2.373800e+01	4.701755e+01	2.431454e+16
1980	5.400082e+15	3.197585e+01	6.830145e+01	4.788394e+16
1981	5.400466e+15	2.812593e+01	5.889031e+01	2.741028e+16
1982	5.400865e+15	3.019498e+01	6.235523e+01	5.046776e+16
1983	5.401265e+15	3.454380e+01	7.090969e+01	4.942518e+16
1984	5.401629e+15	3.336093e+01	6.967798e+01	4.131254e+16
1985	5.401967e+15	2.744674e+01	5.886953e+01	3.166660e+16
1986	5.402321e+15	2.178513e+01	4.879145e+01	4.628484e+16
1987	5.402747e+15	2.140111e+01	4.934163e+01	5.829465e+16
1988	5.403257e+15	3.947321e+01	9.420152e+01	7.065053e+16
1989	5.403644e+15	3.316491e+01	7.712313e+01	3.995440e+16
1990	5.403980e+15	3.439403e+01	7.637325e+01	3.635360e+16
1991	5.404275e+15	2.380789e+01	4.915105e+01	1.838021e+16
1992	5.404629e+15	2.413136e+01	5.002310e+01	2.910264e+16
1993	5.405053e+15	4.115171e+01	8.868987e+01	6.000204e+16
1994	5.405394e+15	2.423219e+01	5.029046e+01	3.633896e+16
1995	5.405802e+15	3.817513e+01	8.041864e+01	3.288619e+16
1996	5.406158e+15	3.119673e+01	6.174294e+01	3.491258e+16
1997	5.406533e+15	2.961985e+01	5.701701e+01	5.603853e+16
1998	5.406950e+15	3.240079e+01	6.323526e+01	3.582515e+16
1999	5.407383e+15	4.245952e+01	8.425346e+01	5.448657e+16
2000	5.407749e+15	3.054960e+01	5.753876e+01	2.628662e+16
2001	5.408152e+15	4.181500e+01	8.065856e+01	5.756906e+16
2002	5.408500e+15	3.233091e+01	5.866655e+01	4.926427e+16
2003	5.408873e+15	3.451107e+01	6.267551e+01	4.970448e+16
2004	5.409254e+15	2.833120e+01	5.003542e+01	4.454284e+16
2005	5.409704e+15	3.563809e+01	6.238765e+01	4.610559e+16
2006	5.410154e+15	4.817646e+01	8.854674e+01	4.856216e+16
2007	5.410498e+15	3.185883e+01	5.699863e+01	1.887727e+16
2008	5.410853e+15	2.641132e+01	4.747863e+01	2.723556e+16
2009	5.411265e+15	3.276651e+01	6.130072e+01	3.790668e+16
2010	5.411663e+15	3.411274e+01	6.565557e+01	4.475833e+16
2011	5.412021e+15	2.246917e+01	4.542353e+01	2.989859e+16
2012	5.412434e+15	3.034889e+01	6.166893e+01	4.234657e+16
2013	5.412821e+15	2.029271e+01	4.162861e+01	5.243085e+16
2014	5.413285e+15	3.844473e+01	7.918199e+01	3.371951e+16
2015	5.413641e+15	2.913150e+01	5.864751e+01	3.967585e+16
2016	5.413979e+15	2.165258e+01	4.373986e+01	1.576986e+16
2017	5.414375e+15	2.434053e+01	4.911767e+01	2.925800e+16
2018	5.414806e+15	3.429786e+01	6.661166e+01	4.420758e+16
2019	5.415185e+15	2.333592e+01	4.189218e+01	2.249990e+16
2020	5.415640e+15	4.393588e+01	8.706205e+01	3.303602e+16
2021	5.415975e+15	2.894597e+01	5.554631e+01	2.002809e+16
2022	5.416316e+15	2.623808e+01	5.066296e+01	2.427672e+16
2023	5.416691e+15	2.383683e+01	4.456287e+01	2.830268e+16
2024	5.417142e+15	2.892747e+01	5.778725e+01	3.451825e+16
2025	5.417593e+15	2.617061e+01	5.088890e+01	4.838786e+16
2026	5.418085e+15	4.455624e+01	9.068814e+01	4.916578e+16
2027	5.418441e+15	3.214615e+01	6.192376e+01	2.205147e+16
2028	5.418782e+15	3.163538e+01	5.870266e+01	2.863202e+16
2029	5.419120e+15	2.530241e+01	4.354632e+01	2.936589e+16
2030	5.419526e+15	2.990617e+01	5.341938e+01	3.424345e+16
2031	5.419953e+15	5.735051e+01	1.112106e+02	6.505984e+16
2032	5.420215e+15	2.456756e+01	4.359809e+01	2.620731e+16
2033	5.420530e+15	2.442377e+01	4.346040e+01	3.614015e+16
2034	5.420908e+15	3.343436e+01	6.310120e+01	3.351413e+16
2035	5.421259e+15	2.904515e+01	5.313998e+01	5.181485e+16
2036	5.421624e+15	3.468055e+01	6.418924e+01	4.483581e+16
2037	5.421955e+15	2.382424e+01	4.178128e+01	3.436507e+16
2038	5.422353e+15	2.557690e+01	4.739173e+01	4.129714e+16
2039	5.422793e+15	3.718562e+01	7.413881e+01	3.410815e+16
2040	5.423148e+15	2.129525e+01	4.082412e+01	3.553234e+16
2041	5.423573e+15	3.761829e+01	7.563463e+01	3.880067e+16
2042	5.423904e+15	2.054542e+01	4.039836e+01	2.447570e+16
2043	5.424301e+15	3.333244e+01	6.738473e+01	3.492995e+16
2044	5.424637e+15	2.187005e+01	4.353875e+01	3.446861e+16
2045	5.425020e+15	1.959108e+01	3.886204e+01	2.660605e+16
2046	5.425480e+15	3.156283e+01	6.438941e+01	2.896867e+16
2047	5.425866e+15	2.081042e+01	4.103266e+01	2.745028e+16
2048	5.426305e+15	2.790893e+01	5.432994e+01	4.318933e+16
2049	5.426719e+15	1.989675e+01	3.830802e+01	3.390981e+16
2050	5.427215e+15	4.321349e+01	8.125190e+01	4.570381e+16
2051	5.427564e+15	2.136022e+01	3.825412e+01	2.839098e+16
2052	5.427982e+15	2.925347e+01	5.428445e+01	2.479585e+16
2053	5.428387e+15	3.657666e+01	7.301442e+01	3.018582e+16
2054	5.428707e+15	2.402041e+01	4.469088e+01	3.855235e+16
2055	5.429068e+15	2.423195e+01	4.479833e+01	3.164415e+16
2056	5.429479e+15	2.298991e+01	4.215480e+01	3.406193e+16
2057	5.429971e+15	2.684865e+01	4.910502e+01	3.794662e+16
2058	5.430510e+15	5.273523e+01	1.002547e+02	5.149450e+16
2059	5.430861e+15	3.215194e+01	5.701278e+01	1.781068e+16
2060	5.431204e+15	2.499604e+01	4.208770e+01	2.450106e+16
2061	5.431617e+15	2.996976e+01	5.182589e+01	3.405971e+16
2062	5.432045e+15	4.319666e+01	7.700426e+01	5.013886e+16
2063	5.432381e+15	2.516205e+01	4.151179e+01	3.310093e+16
2064	5.432783e+15	2.549156e+01	4.165346e+01	3.343573e+16
2065	5.433266e+15	4.977293e+01	8.910388e+01	4.254331e+16
2066	5.433609e+15	3.363736e+01	5.809284e+01	3.120562e+16
2067	5.433941e+15	2.509262e+01	4.262001e+01	2.769827e+16
2068	5.434340e+15	3.540281e+01	6.331145e+01	6.890657e+16
2069	5.434710e+15	2.494718e+01	4.400191e+01	2.957262e+16
2070	5.435154e+15	3.440774e+01	6.250363e+01	4.999294e+16
2071	5.435573e+15	3.648063e+01	6.882903e+01	3.553764e+16
2072	5.435939e+15	2.496089e+01	4.724370e+01	3.771481e+16
2073	5.436349e+15	3.049996e+01	5.976659e+01	4.052227e+16
2074	5.436741e+15	3.963078e+01	7.847447e+01	4.374147e+16
2075	5.437050e+15	2.076650e+01	4.215497e+01	1.778924e+16
2076	5.437420e+15	2.456195e+01	5.001872e+01	3.608331e+16
2077	5.437813e+15	2.407440e+01	4.920786e+01	3.334812e+16
2078	5.438233e+15	2.260246e+01	4.831320e+01	3.499572e+16
2079	5.438690e+15	2.882824e+01	6.346050e+01	4.356094e+16
2080	5.439106e+15	2.633157e+01	5.667580e+01	3.329782e+16
2081	5.439518e+15	2.332235e+01	5.017509e+01	3.974174e+16
2082	5.439962e+15	3.440642e+01	7.087872e+01	2.308090e+16
2083	5.440334e+15	3.025513e+01	5.735765e+01	2.484309e+16
2084	5.440698e+15	2.336915e+01	4.246918e+01	1.786661e+16
2085	5.441136e+15	3.439926e+01	6.641244e+01	2.888020e+16
2086	5.441524e+15	2.458137e+01	4.655410e+01	1.565406e+16
2087	5.441966e+15	3.946473e+01	7.890636e+01	2.903255e+16
2088	5.442310e+15	2.699650e+01	5.193731e+01	2.754047e+16
2089	5.442669e+15	2.532813e+01	4.712685e+01	3.806430e+16
2090	5.443073e+15	2.866360e+01	5.336949e+01	2.480741e+16
2091	5.443493e+15	2.342757e+01	4.299777e+01	4.861354e+16
2092	5.443998e+15	3.822756e+01	7.148914e+01	6.460482e+16
2093	5.444420e+15	4.116211e+01	7.777171e+01	3.167350e+16
2094	5.444754e+15	2.426505e+01	4.598713e+01	2.236482e+16
2095	5.445145e+15	2.619651e+01	5.115832e+01	3.525121e+16
2096	5.445572e+15	2.894216e+01	5.619046e+01	4.103031e+16
2097	5.446009e+15	4.355179e+01	8.411747e+01	4.031907e+16
2098	5.446341e+15	2.424200e+01	4.291094e+01	2.281305e+16
2099	5.446740e+15	2.442597e+01	4.327580e+01	2.573423e+16
2100	5.447218e+15	4.186422e+01	7.840744e+01	3.114158e+16
2101	5.447594e+15	3.301388e+01	6.179526e+01	2.428379e+16
2102	5.447937e+15	2.390449e+01	4.692299e+01	1.922809e+16
2103	5.448314e+15	2.656927e+01	5.406438e+01	3.438377e+16
2104	5.448693e+15	2.865994e+01	5.799573e+01	2.558128e+16
2105	5.449062e+15	2.309282e+01	4.568174e+01	2.335417e+16
2106	5.449487e+15	3.098598e+01	6.182652e+01	4.705721e+16
2107	5.449885e+15	3.445440e+01	6.881914e+01	3.707953e+16
2108	5.450229e+15	2.283948e+01	4.247331e+01	3.330378e+16
2109	5.450643e+15	2.302988e+01	4.225020e+01	3.313485e+16
2110	5.451139e+15	4.886458e+01	9.258916e+01	4.266860e+16
2111	5.451479e+15	3.131434e+01	5.442390e+01	2.509213e+16
2112	5.451821e+15	3.183995e+01	5.545116e+01	2.560896e+16
2113	5.452160e+15	2.495086e+01	4.183502e+01	2.413135e+16
2114	5.452567e+15	2.584030e+01	4.413024e+01	2.249758e+16
2115	5.453040e+15	4.677876e+01	8.462323e+01	5.058814e+16
2116	5.453390e+15	2.511077e+01	4.233174e+01	3.353564e+16
2117	5.453810e+15	3.965634e+01	6.768276e+01	3.899270e+16
2118	5.454175e+15	2.600789e+01	4.211826e+01	3.056820e+16
2119	5.454613e+15	3.461264e+01	5.781571e+01	3.623178e+16
2120	5.455039e+15	4.421006e+01	7.544186e+01	3.988654e+16
2121	5.455379e+15	2.595796e+01	4.334400e+01	2.152676e+16
2122	5.455777e+15	2.524104e+01	4.151509e+01	2.288271e+16
2123	5.456254e+15	3.397087e+01	5.620917e+01	3.316000e+16
2124	5.456720e+15	2.977733e+01	5.002907e+01	3.069827e+16
2125	5.457212e+15	3.637267e+01	6.398387e+01	4.213531e+16
2126	5.457647e+15	3.273797e+01	5.819560e+01	3.612239e+16
2127	5.458057e+15	3.599443e+01	6.128208e+01	2.601814e+16
2128	5.458432e+15	3.462344e+01	5.686555e+01	3.391100e+16
2129	5.458788e+15	3.006778e+01	4.781922e+01	3.440096e+16
2130	5.459169e+15	3.950132e+01	6.215006e+01	1.412745e+16
2131	5.459507e+15	2.672362e+01	3.958701e+01	2.572421e+16
2132	5.459912e+15	3.490003e+01	5.309515e+01	2.684339e+16
2133	5.460310e+15	2.814167e+01	4.137646e+01	3.036376e+16
2134	5.460768e+15	3.017216e+01	4.363914e+01	3.953773e+16
2135	5.461272e+15	4.875876e+01	7.250204e+01	5.787870e+16
2136	5.461658e+15	2.567800e+01	3.697828e+01	2.483389e+16
2137	5.462121e+15	4.456693e+01	6.550715e+01	5.787529e+16
2138	5.462493e+15	3.216038e+01	4.709238e+01	3.350944e+16
2139	5.462868e+15	3.099127e+01	4.534245e+01	2.320606e+16
2140	5.463257e+15	3.015381e+01	4.284804e+01	2.791384e+16
2141	5.463678e+15	2.688853e+01	3.672982e+01	4.487631e+16
2142	5.464182e+15	5.297014e+01	7.501138e+01	4.549983e+16
2143	5.464552e+15	3.245025e+01	4.304149e+01	1.589705e+16
2144	5.464954e+15	4.549285e+01	6.432635e+01	3.032610e+16
2145	5.465284e+15	3.080809e+01	4.232240e+01	2.150669e+16
2146	5.465643e+15	3.183041e+01	4.274284e+01	1.253359e+16
2147	5.466030e+15	3.862704e+01	5.255952e+01	2.577564e+16
2148	5.466395e+15	2.867169e+01	3.634418e+01	1.128544e+16
2149	5.466833e+15	2.839551e+01	3.541078e+01	2.874307e+16
2150	5.467359e+15	4.882882e+01	6.412413e+01	2.350591e+16
2151	5.467778e+15	3.249854e+01	4.148146e+01	2.583865e+16
2152	5.468230e+15	4.134095e+01	5.639834e+01	2.435094e+16
2153	5.468634e+15	4.309958e+01	5.947272e+01	5.641831e+16
2154	5.468977e+15	3.608851e+01	4.948659e+01	2.258383e+16
2155	5.469308e+15	2.958766e+01	4.095349e+01	3.020211e+16
2156	5.469674e+15	2.496948e+01	3.625396e+01	1.744867e+16
2157	5.470112e+15	3.607503e+01	5.612136e+01	3.522575e+16
2158	5.470508e+15	2.348989e+01	3.588054e+01	2.837707e+16
2159	5.470982e+15	3.645412e+01	5.604192e+01	3.218073e+16
2160	5.471405e+15	3.734539e+01	5.554819e+01	3.598361e+16
2161	5.471777e+15	2.917735e+01	4.384703e+01	2.460134e+16
2162	5.472162e+15	3.788428e+01	5.736457e+01	2.642585e+16
2163	5.472492e+15	2.535153e+01	3.762640e+01	1.267570e+16
2164	5.472872e+15	2.523757e+01	3.770395e+01	2.195024e+16
2165	5.473307e+15	2.446048e+01	3.769547e+01	2.261101e+16
2166	5.473808e+15	3.725349e+01	5.639144e+01	2.465649e+16
2167	5.474251e+15	2.771810e+01	3.989095e+01	3.655670e+16
2168	5.474746e+15	4.086002e+01	6.062350e+01	4.969672e+16
2169	5.475161e+15	2.548107e+01	3.768808e+01	3.656656e+16
2170	5.475653e+15	3.510760e+01	5.238861e+01	5.303757e+16
2171	5.476120e+15	4.561972e+01	6.829879e+01	2.108170e+16
2172	5.476483e+15	3.094739e+01	4.612140e+01	1.778865e+16
2173	5.476851e+15	2.800907e+01	4.134431e+01	2.200564e+16
2174	5.477254e+15	2.849166e+01	4.215451e+01	2.327231e+16
2175	5.477688e+15	3.322391e+01	4.943130e+01	3.640405e+16
2176	5.478101e+15	2.511326e+01	3.596422e+01	3.321916e+16
2177	5.478583e+15	3.953262e+01	5.946570e+01	2.668731e+16
2178	5.478982e+15	3.467868e+01	5.139442e+01	3.103525e+16
2179	5.479348e+15	2.287658e+01	3.382479e+01	2.542432e+16
2180	5.479787e+15	2.500260e+01	3.867291e+01	2.146132e+16
2181	5.480268e+15	2.432290e+01	3.973085e+01	2.136908e+16
2182	5.480792e+15	3.303341e+01	5.685841e+01	3.791478e+16
2183	5.481244e+15	3.088015e+01	5.391637e+01	3.943203e+16
2184	5.481655e+15	3.521643e+01	6.351290e+01	3.387009e+16
2185	5.481991e+15	2.035256e+01	3.696474e+01	2.936655e+16
2186	5.482395e+15	2.000708e+01	3.706809e+01	3.920044e+16
2187	5.482879e+15	3.446476e+01	6.650848e+01	3.520326e+16
2188	5.483268e+15	1.981949e+01	3.695201e+01	1.777852e+16
2189	5.483734e+15	2.827905e+01	5.333711e+01	2.102541e+16
2190	5.484171e+15	3.648977e+01	6.953820e+01	3.107227e+16
2191	5.484510e+15	1.983449e+01	3.763818e+01	1.779515e+16
2192	5.484918e+15	1.987713e+01	3.822301e+01	2.520597e+16
2193	5.485407e+15	2.191536e+01	4.260785e+01	2.795657e+16
2194	5.485954e+15	4.058737e+01	8.207902e+01	3.942408e+16
2195	5.486341e+15	2.412755e+01	4.751694e+01	2.823391e+16
2196	5.486747e+15	2.263579e+01	4.372320e+01	3.299423e+16
2197	5.487197e+15	2.749680e+01	5.297844e+01	3.310702e+16
2198	5.487636e+15	2.732240e+01	5.100063e+01	2.032450e+16
2199	5.488075e+15	2.850798e+01	5.438990e+01	2.438168e+16
2200	5.488491e+15	2.618677e+01	4.965069e+01	1.299017e+16
2201	5.488911e+15	2.473936e+01	4.697303e+01	1.652302e+16
2202	5.489352e+15	2.278698e+01	4.162047e+01	1.828547e+16
2203	5.489851e+15	3.913452e+01	7.379415e+01	2.986114e+16
2204	5.490224e+15	3.222818e+01	5.713553e+01	1.279116e+16
2205	5.490556e+15	2.243320e+01	3.616879e+01	1.692712e+16
2206	5.490955e+15	2.287633e+01	3.617076e+01	2.431300e+16
2207	5.491434e+15	2.537167e+01	4.064325e+01	2.859038e+16
2208	5.491963e+15	3.497591e+01	5.957312e+01	3.032067e+16
2209	5.492411e+15	2.949590e+01	4.979145e+01	2.911269e+16
2210	5.492841e+15	2.641189e+01	4.363255e+01	2.240061e+16
2211	5.493295e+15	2.838788e+01	4.778466e+01	3.343550e+16
2212	5.493742e+15	3.314233e+01	5.615809e+01	3.471165e+16
2213	5.494132e+15	2.677775e+01	4.469643e+01	2.590307e+16
2214	5.494526e+15	2.325079e+01	3.807470e+01	1.570746e+16
2215	5.494969e+15	3.152991e+01	5.084133e+01	2.180855e+16
2216	5.495376e+15	2.217866e+01	3.731887e+01	2.350374e+16
2217	5.495845e+15	1.927865e+01	3.463220e+01	2.100009e+16
2218	5.496409e+15	3.510339e+01	6.631171e+01	3.142217e+16
2219	5.496844e+15	2.372451e+01	4.329778e+01	1.839705e+16
2220	5.497295e+15	2.300558e+01	4.150139e+01	2.503371e+16
2221	5.497771e+15	2.661169e+01	4.730052e+01	2.595529e+16
2222	5.498238e+15	2.547109e+01	4.602245e+01	2.178596e+16
2223	5.498708e+15	2.924940e+01	5.499278e+01	3.249344e+16
2224	5.499129e+15	1.931608e+01	3.552842e+01	2.621833e+16
2225	5.499635e+15	3.722521e+01	7.320227e+01	4.266661e+16
2226	5.500009e+15	1.973846e+01	3.633153e+01	1.949238e+16
2227	5.500454e+15	2.053231e+01	3.602685e+01	2.996863e+16
2228	5.500982e+15	3.679256e+01	6.472996e+01	3.829788e+16
2229	5.501401e+15	3.037405e+01	5.232750e+01	2.672895e+16
2230	5.501789e+15	2.467963e+01	4.142380e+01	2.656426e+16
2231	5.502210e+15	2.144607e+01	3.543172e+01	1.455164e+16
2232	5.502716e+15	2.810692e+01	4.620081e+01	3.080416e+16
2233	5.503227e+15	2.745343e+01	4.546890e+01	2.406510e+16
2234	5.503750e+15	4.377572e+01	7.571812e+01	2.237077e+16
2235	5.504129e+15	2.207303e+01	3.666690e+01	1.641997e+16
2236	5.504584e+15	2.684924e+01	4.541610e+01	1.634919e+16
2237	5.505064e+15	3.457048e+01	5.999010e+01	3.639909e+16
2238	5.505486e+15	3.439423e+01	6.052189e+01	2.914727e+16
2239	5.505854e+15	2.171094e+01	3.785313e+01	1.803886e+16
2240	5.506296e+15	2.177426e+01	3.812307e+01	3.012819e+16
2241	5.506827e+15	4.286188e+01	8.073756e+01	3.919805e+16
2242	5.507208e+15	2.286913e+01	4.170865e+01	2.126202e+16
2243	5.507643e+15	2.624642e+01	5.002602e+01	2.606687e+16
2244	5.508080e+15	2.294151e+01	4.434398e+01	1.970617e+16
2245	5.508556e+15	2.340951e+01	4.827093e+01	2.976538e+16
2246	5.509047e+15	1.894067e+01	4.070375e+01	1.844676e+16
2247	5.509617e+15	2.558572e+01	5.588299e+01	3.014776e+16
2248	5.510152e+15	2.674172e+01	5.710987e+01	3.194535e+16
2249	5.510651e+15	2.939792e+01	6.180696e+01	2.593976e+16
2250	5.511091e+15	2.335074e+01	5.020311e+01	1.781244e+16
2251	5.511541e+15	1.949757e+01	4.272702e+01	2.497407e+16
2252	5.512055e+15	1.936497e+01	4.235134e+01	2.328006e+16
2253	5.512648e+15	3.432386e+01	7.884794e+01	4.243020e+16
2254	5.513093e+15	2.432348e+01	5.490764e+01	2.618687e+16
2255	5.513520e+15	1.723235e+01	3.937232e+01	2.412422e+16
2256	5.514032e+15	2.433950e+01	5.657169e+01	3.896664e+16
2257	5.514518e+15	2.438150e+01	5.617898e+01	3.104901e+16
2258	5.514980e+15	2.575190e+01	5.949055e+01	3.298063e+16
2259	5.515404e+15	1.941726e+01	4.270328e+01	3.226045e+16
2260	5.515890e+15	2.535433e+01	5.316776e+01	3.400913e+16
2261	5.516371e+15	2.886089e+01	5.933566e+01	3.012268e+16
2262	5.516818e+15	2.569276e+01	5.230682e+01	3.045788e+16
2263	5.517274e+15	2.503588e+01	5.163386e+01	2.067769e+16
2264	5.517746e+15	2.626178e+01	5.261937e+01	3.575747e+16
2265	5.518229e+15	3.015382e+01	6.421507e+01	2.838863e+16
2266	5.518665e+15	2.401313e+01	5.277395e+01	2.236732e+16
2267	5.519117e+15	1.942360e+01	4.212403e+01	1.990343e+16
2268	5.519659e+15	4.115583e+01	9.174623e+01	3.995122e+16
2269	5.520035e+15	1.944194e+01	4.228906e+01	1.470636e+16
2270	5.520487e+15	2.141689e+01	4.665985e+01	9.809291e+15
2271	5.520996e+15	3.268964e+01	7.436942e+01	2.081549e+16
2272	5.521409e+15	2.144652e+01	4.787695e+01	2.682662e+16
2273	5.521867e+15	2.808671e+01	6.360999e+01	2.550222e+16
2274	5.522284e+15	2.776832e+01	6.270367e+01	1.265001e+16
2275	5.522669e+15	1.978903e+01	4.416038e+01	1.659171e+16
2276	5.523119e+15	1.927767e+01	4.268678e+01	3.994111e+16
2277	5.523659e+15	2.505030e+01	5.678666e+01	3.972790e+16
2278	5.524193e+15	3.210261e+01	7.414590e+01	3.037202e+16
2279	5.524628e+15	2.051666e+01	4.633120e+01	2.408014e+16
2280	5.525117e+15	1.988720e+01	4.680101e+01	2.243041e+16
2281	5.525663e+15	3.706594e+01	9.021735e+01	2.983523e+16
2282	5.526043e+15	1.819679e+01	4.553070e+01	1.875507e+16
2283	5.526475e+15	2.174063e+01	5.625269e+01	2.165396e+16
2284	5.526903e+15	1.725133e+01	4.544671e+01	2.265202e+16
2285	5.527396e+15	2.272834e+01	6.193523e+01	3.429657e+16
2286	5.527862e+15	1.836134e+01	5.168767e+01	2.235548e+16
2287	5.528364e+15	2.131149e+01	5.638708e+01	2.750401e+16
2288	5.528869e+15	2.237823e+01	5.845094e+01	2.304350e+16
2289	5.529366e+15	2.504287e+01	6.601955e+01	2.126835e+16
2290	5.529817e+15	2.120127e+01	5.677242e+01	2.147635e+16
2291	5.530270e+15	1.892208e+01	4.881571e+01	2.339407e+16
2292	5.530775e+15	2.438168e+01	6.143912e+01	2.509910e+16
2293	5.531254e+15	2.334660e+01	5.732384e+01	1.848282e+16
2294	5.531728e+15	2.251321e+01	5.579568e+01	1.993848e+16
2295	5.532205e+15	2.480687e+01	6.147281e+01	2.681303e+16
2296	5.532651e+15	2.108472e+01	4.826839e+01	2.129900e+16
2297	5.533140e+15	2.451514e+01	5.499906e+01	2.165792e+16
2298	5.533626e+15	2.257552e+01	5.087014e+01	1.816991e+16
2299	5.534130e+15	2.338780e+01	5.340525e+01	1.632961e+16
2300	5.534640e+15	3.160769e+01	7.594925e+01	2.337851e+16
2301	5.535035e+15	1.672365e+01	4.052635e+01	2.751558e+16
2302	5.535510e+15	1.942575e+01	4.711325e+01	1.805699e+16
2303	5.536020e+15	2.283790e+01	5.628747e+01	1.917959e+16
2304	5.536501e+15	2.337760e+01	5.781167e+01	2.176683e+16
2305	5.536938e+15	1.892073e+01	4.398733e+01	9.638020e+15
2306	5.537416e+15	3.071480e+01	6.628780e+01	9.499780e+15
2307	5.537808e+15	2.084707e+01	4.587605e+01	1.610906e+16
2308	5.538224e+15	2.146946e+01	4.738990e+01	2.810196e+16
2309	5.538661e+15	2.331086e+01	4.992007e+01	1.831239e+16
2310	5.539101e+15	2.335588e+01	4.592288e+01	1.763380e+16
2311	5.539574e+15	2.689679e+01	5.338372e+01	2.424366e+16
2312	5.540032e+15	2.035495e+01	4.198954e+01	3.086527e+16
2313	5.540560e+15	2.868220e+01	6.132522e+01	3.281007e+16
2314	5.541032e+15	2.631012e+01	5.928931e+01	2.914267e+16
2315	5.541466e+15	1.934402e+01	4.879454e+01	1.733350e+16
2316	5.541925e+15	1.988634e+01	4.960634e+01	1.993249e+16
2317	5.542406e+15	2.235248e+01	5.512231e+01	2.662911e+16
2318	5.542871e+15	1.877528e+01	4.590050e+01	2.468457e+16
2319	5.543378e+15	2.140955e+01	5.523277e+01	2.178326e+16
2320	5.543861e+15	3.077605e+01	7.894378e+01	9.841212e+15
2321	5.544217e+15	1.541425e+01	4.068900e+01	8.637077e+15
2322	5.544633e+15	1.783434e+01	4.447755e+01	2.015643e+16
2323	5.545088e+15	2.175432e+01	5.118097e+01	2.451645e+16
2324	5.545541e+15	2.327189e+01	5.193399e+01	2.051711e+16
2325	5.545984e+15	2.225366e+01	4.692818e+01	9.947300e+15
2326	5.546451e+15	2.429387e+01	5.054436e+01	1.673879e+16
2327	5.546918e+15	2.431128e+01	5.137030e+01	2.253168e+16
2328	5.547376e+15	2.319291e+01	4.850002e+01	1.431601e+16
2329	5.547843e+15	2.589040e+01	5.273813e+01	1.666094e+16
2330	5.548290e+15	2.332659e+01	4.802995e+01	1.968816e+16
2331	5.548746e+15	2.523908e+01	5.372657e+01	1.397110e+16
2332	5.549179e+15	2.032798e+01	4.382826e+01	2.259836e+16
2333	5.549656e+15	2.470524e+01	5.135068e+01	2.053368e+16
2334	5.550121e+15	2.203703e+01	4.869633e+01	2.559462e+16
2335	5.550590e+15	2.742211e+01	6.071348e+01	3.251071e+16
2336	5.550995e+15	1.817577e+01	4.030828e+01	1.188769e+16
2337	5.551460e+15	2.224626e+01	5.059649e+01	2.256838e+16
2338	5.551912e+15	1.974464e+01	4.685675e+01	2.566048e+16
2339	5.552376e+15	2.329023e+01	5.286018e+01	2.374893e+16
2340	5.552815e+15	2.072329e+01	4.453056e+01	2.759249e+16
2341	5.553282e+15	2.388906e+01	4.877835e+01	3.204137e+16
2342	5.553748e+15	2.492261e+01	5.516415e+01	3.180311e+16
2343	5.554173e+15	1.844984e+01	4.045886e+01	1.568823e+16
2344	5.554647e+15	2.504678e+01	5.544443e+01	1.917466e+16
2345	5.555072e+15	1.873946e+01	4.369592e+01	1.562676e+16
2346	5.555519e+15	1.900433e+01	4.570440e+01	1.126781e+16
2347	5.555980e+15	2.009310e+01	4.976035e+01	2.069220e+16
2348	5.556427e+15	1.946517e+01	4.817236e+01	2.008322e+16
2349	5.556871e+15	2.058264e+01	4.993409e+01	1.881918e+16
2350	5.557300e+15	1.859729e+01	4.620997e+01	3.014474e+16
2351	5.557736e+15	1.882417e+01	4.754011e+01	2.236563e+16
2352	5.558175e+15	1.979889e+01	4.867439e+01	2.261970e+16
2353	5.558611e+15	2.005215e+01	4.759410e+01	2.413207e+16
2354	5.559053e+15	2.191973e+01	5.087307e+01	2.794609e+16
2355	5.559482e+15	2.138464e+01	4.886425e+01	2.495110e+16
2356	5.559908e+15	2.192098e+01	5.009334e+01	2.766883e+16
2357	5.560326e+15	2.372386e+01	5.396825e+01	2.848187e+16
2358	5.560715e+15	1.920343e+01	4.334157e+01	2.048772e+16
2359	5.561137e+15	2.131564e+01	4.776319e+01	2.099672e+16
2360	5.561564e+15	2.017069e+01	4.736375e+01	2.437749e+16
2361	5.562000e+15	2.086196e+01	4.844412e+01	2.244837e+16
2362	5.562437e+15	1.861446e+01	4.839096e+01	1.235920e+16
2363	5.562876e+15	1.724473e+01	4.616057e+01	1.727687e+16
2364	5.563336e+15	1.852016e+01	5.102523e+01	2.071647e+16
2365	5.563784e+15	1.731648e+01	4.899738e+01	1.644192e+16
2366	5.564232e+15	1.739559e+01	4.841317e+01	2.145668e+16
2367	5.564690e+15	1.764136e+01	4.970994e+01	2.196510e+16
2368	5.565155e+15	1.730147e+01	5.145760e+01	2.085135e+16
2369	5.565616e+15	1.848253e+01	5.266305e+01	3.029574e+16
2370	5.566067e+15	2.170646e+01	5.933596e+01	2.543400e+16
2371	5.566473e+15	1.882306e+01	4.770294e+01	2.638182e+16
2372	5.566899e+15	1.967762e+01	4.911851e+01	2.143108e+16
2373	5.567338e+15	2.278363e+01	5.493212e+01	3.126096e+16
2374	5.567757e+15	1.849709e+01	4.570657e+01	2.517526e+16
2375	5.568215e+15	2.015500e+01	5.585765e+01	2.389971e+16
2376	5.568657e+15	1.745751e+01	5.132528e+01	2.680975e+16
2377	5.569109e+15	1.886277e+01	5.741436e+01	2.102853e+16
2378	5.569538e+15	1.820689e+01	5.612339e+01	2.323261e+16
2379	5.569956e+15	1.935197e+01	5.169951e+01	1.776701e+16
2380	5.570372e+15	2.011352e+01	4.988814e+01	1.941304e+16
2381	5.570794e+15	2.105471e+01	5.073116e+01	2.527868e+16
2382	5.571217e+15	2.293296e+01	5.340040e+01	1.488870e+16
2383	5.571625e+15	1.956779e+01	4.548624e+01	1.976537e+16
2384	5.572067e+15	2.304187e+01	5.289331e+01	1.565579e+16
2385	5.572488e+15	1.842548e+01	4.390492e+01	2.119010e+16
2386	5.572944e+15	2.027679e+01	5.018398e+01	1.861266e+16
2387	5.573390e+15	1.653692e+01	4.508741e+01	2.482120e+16
2388	5.573865e+15	1.654654e+01	4.819172e+01	3.150462e+16
2389	5.574349e+15	1.906400e+01	5.355498e+01	2.670672e+16
2390	5.574801e+15	1.893508e+01	4.978392e+01	2.278827e+16
2391	5.575249e+15	1.914178e+01	5.130628e+01	2.818841e+16
2392	5.575684e+15	2.097350e+01	5.625552e+01	1.660246e+16
2393	5.576082e+15	1.717760e+01	4.476372e+01	2.538623e+16
2394	5.576510e+15	2.184925e+01	5.235347e+01	3.651219e+16
2395	5.576921e+15	2.134928e+01	4.570281e+01	2.749018e+16
2396	5.577354e+15	2.234569e+01	5.094898e+01	2.046230e+16
2397	5.577774e+15	2.032850e+01	4.591036e+01	2.222766e+16
2398	5.578211e+15	2.040638e+01	4.729106e+01	2.006558e+16
2399	5.578655e+15	2.194157e+01	5.123043e+01	2.238375e+16
2400	5.579083e+15	2.182179e+01	4.863998e+01	2.403224e+16
2401	5.579503e+15	1.968635e+01	4.666440e+01	1.649164e+16
2402	5.579929e+15	2.135372e+01	5.088968e+01	1.949260e+16
2403	5.580335e+15	1.933749e+01	4.397208e+01	1.918342e+16
2404	5.580761e+15	2.164545e+01	4.740013e+01	2.076693e+16
2405	5.581186e+15	2.364361e+01	5.022763e+01	2.067083e+16
2406	5.581593e+15	1.948961e+01	4.183215e+01	3.479291e+16
2407	5.582036e+15	2.265697e+01	4.803640e+01	2.195963e+16
2408	5.582476e+15	2.445755e+01	5.038374e+01	2.890680e+16
2409	5.582897e+15	2.268681e+01	4.735516e+01	2.696659e+16
2410	5.583321e+15	2.558969e+01	5.110698e+01	1.954490e+16
2411	5.583726e+15	2.516923e+01	4.667006e+01	1.451927e+16
2412	5.584140e+15	2.556046e+01	4.669795e+01	2.757507e+16
2413	5.584559e+15	2.428769e+01	4.656627e+01	2.945182e+16
2414	5.584989e+15	2.230318e+01	4.420316e+01	2.425601e+16
2415	5.585451e+15	2.451672e+01	4.973581e+01	4.344790e+16
2416	5.585911e+15	2.562196e+01	5.397289e+01	1.763977e+16
2417	5.586344e+15	2.221575e+01	5.040948e+01	1.627334e+16
2418	5.586769e+15	2.096276e+01	4.835158e+01	1.738594e+16
2419	5.587197e+15	2.171935e+01	4.974403e+01	1.638596e+16
2420	5.587618e+15	2.319015e+01	4.968118e+01	1.518300e+16
2421	5.588031e+15	2.543633e+01	5.024731e+01	2.311106e+16
2422	5.588433e+15	2.397379e+01	4.519083e+01	2.161240e+16
2423	5.588853e+15	2.684214e+01	4.931242e+01	2.055013e+16
2424	5.589267e+15	3.040155e+01	5.557033e+01	2.146141e+16
2425	5.589639e+15	2.065972e+01	3.833394e+01	1.675128e+16
2426	5.590073e+15	2.292913e+01	4.530498e+01	2.156931e+16
2427	5.590523e+15	2.129246e+01	4.384676e+01	2.530503e+16
2428	5.591000e+15	2.429466e+01	5.455911e+01	2.190192e+16
2429	5.591434e+15	2.224311e+01	4.680442e+01	1.645024e+16
2430	5.591875e+15	2.289836e+01	4.902997e+01	2.098168e+16
2431	5.592306e+15	2.147804e+01	4.860014e+01	1.941562e+16
2432	5.592732e+15	2.150619e+01	4.851457e+01	2.385578e+16
2433	5.593150e+15	2.259878e+01	4.652604e+01	2.375246e+16
2434	5.593570e+15	2.436346e+01	4.771008e+01	3.384386e+16
2435	5.593984e+15	2.391177e+01	4.753541e+01	2.468773e+16
2436	5.594393e+15	2.127091e+01	4.289833e+01	1.196858e+16
2437	5.594824e+15	2.195219e+01	4.696142e+01	2.115186e+16
2438	5.595249e+15	2.057462e+01	4.540156e+01	2.317298e+16
2439	5.595679e+15	1.907176e+01	4.416728e+01	3.240790e+16
2440	5.596122e+15	1.766752e+01	4.306937e+01	2.564149e+16
2441	5.596588e+15	1.820917e+01	4.604439e+01	1.806250e+16
2442	5.597058e+15	1.901144e+01	5.119909e+01	2.562835e+16
2443	5.597501e+15	1.763766e+01	4.817746e+01	1.707642e+16
2444	5.597942e+15	1.762376e+01	4.756937e+01	3.764660e+16
2445	5.598383e+15	1.732193e+01	4.638230e+01	3.526046e+16
2446	5.598831e+15	2.199999e+01	5.483898e+01	2.832816e+16
2447	5.599232e+15	1.832766e+01	4.234974e+01	2.238073e+16
2448	5.599662e+15	2.011437e+01	4.111991e+01	3.722408e+16
2449	5.600135e+15	2.478652e+01	4.934221e+01	4.423674e+16
2450	5.600590e+15	2.465402e+01	5.004549e+01	2.599404e+16
2451	5.601030e+15	2.194145e+01	4.620807e+01	2.274896e+16
2452	5.601482e+15	2.236801e+01	4.730826e+01	2.446396e+16
2453	5.601944e+15	2.354075e+01	4.912580e+01	4.766521e+16
2454	5.602405e+15	2.602086e+01	5.349316e+01	3.526807e+16
2455	5.602834e+15	2.167263e+01	4.475501e+01	2.291184e+16
2456	5.603287e+15	2.390169e+01	4.871188e+01	3.068796e+16
2457	5.603733e+15	2.382892e+01	4.961244e+01	2.496283e+16
2458	5.604170e+15	2.378910e+01	4.891098e+01	1.844703e+16
2459	5.604603e+15	2.478870e+01	4.975464e+01	2.320364e+16
2460	5.605023e+15	2.454598e+01	4.934279e+01	1.484116e+16
2461	5.605436e+15	2.496749e+01	4.887899e+01	2.548748e+16
2462	5.605844e+15	2.664732e+01	4.857090e+01	3.142233e+16
2463	5.606248e+15	2.762550e+01	4.727892e+01	2.612197e+16
2464	5.606653e+15	2.813202e+01	4.661018e+01	2.361499e+16
2465	5.607059e+15	2.956880e+01	4.612004e+01	2.222328e+16
2466	5.607469e+15	2.952823e+01	4.675060e+01	2.279925e+16
2467	5.607879e+15	2.767493e+01	4.566631e+01	1.860818e+16
2468	5.608296e+15	2.662359e+01	4.535667e+01	2.467279e+16
2469	5.608722e+15	2.665716e+01	4.783973e+01	2.676581e+16
2470	5.609138e+15	2.459036e+01	4.515636e+01	2.553465e+16
2471	5.609563e+15	2.421566e+01	4.618811e+01	3.479334e+16
2472	5.609991e+15	2.353822e+01	4.556091e+01	3.314135e+16
2473	5.610420e+15	2.285472e+01	4.485888e+01	2.079896e+16
2474	5.610857e+15	2.109133e+01	4.360521e+01	1.806268e+16
2475	5.611309e+15	2.075052e+01	4.454876e+01	1.987147e+16
2476	5.611768e+15	2.149004e+01	4.668827e+01	2.088906e+16
2477	5.612219e+15	1.988994e+01	4.262596e+01	1.964742e+16
2478	5.612690e+15	1.973735e+01	4.455079e+01	2.631615e+16
2479	5.613165e+15	1.999213e+01	4.919378e+01	2.276794e+16
2480	5.613618e+15	2.090485e+01	5.134266e+01	2.107803e+16
2481	5.614035e+15	1.771686e+01	4.090007e+01	3.282614e+16
2482	5.614487e+15	2.113579e+01	4.605513e+01	1.783483e+16
2483	5.614928e+15	1.971875e+01	4.377225e+01	2.105771e+16
2484	5.615376e+15	2.247024e+01	4.762097e+01	1.611025e+16
2485	5.615797e+15	2.167701e+01	4.344244e+01	1.556868e+16
2486	5.616223e+15	2.311730e+01	4.126438e+01	2.234777e+16
2487	5.616669e+15	2.772504e+01	4.708013e+01	2.112238e+16
2488	5.617089e+15	2.509328e+01	4.320320e+01	2.555651e+16
2489	5.617513e+15	2.266967e+01	4.024251e+01	1.874448e+16
2490	5.617967e+15	2.940210e+01	5.223467e+01	1.901302e+16
2491	5.618364e+15	2.127310e+01	3.954660e+01	1.726897e+16
2492	5.618791e+15	2.060567e+01	3.984378e+01	1.573114e+16
2493	5.619250e+15	2.145030e+01	4.243876e+01	1.923820e+16
2494	5.619722e+15	3.044459e+01	6.304381e+01	3.248508e+16
2495	5.620083e+15	1.621209e+01	3.398567e+01	1.560559e+16
2496	5.620516e+15	1.914966e+01	3.824067e+01	1.582693e+16
2497	5.620993e+15	2.157534e+01	4.465829e+01	2.234758e+16
2498	5.621460e+15	2.099019e+01	4.254851e+01	2.460654e+16
2499	5.621934e+15	2.064463e+01	4.354773e+01	3.381258e+16
2500	5.622409e+15	2.098767e+01	4.429997e+01	2.135982e+16
2501	5.622878e+15	2.050393e+01	4.358762e+01	2.248310e+16
2502	5.623349e+15	2.079365e+01	4.331440e+01	3.451174e+16
2503	5.623828e+15	2.040883e+01	4.425307e+01	2.049916e+16
2504	5.624303e+15	2.207824e+01	4.764532e+01	4.264053e+16
2505	5.624748e+15	1.942935e+01	4.210087e+01	1.955848e+16
2506	5.625202e+15	1.847604e+01	3.886399e+01	2.010432e+16
2507	5.625694e+15	2.599894e+01	5.505231e+01	2.247259e+16
2508	5.626107e+15	2.391214e+01	5.255858e+01	1.351146e+16
2509	5.626464e+15	1.526804e+01	3.386435e+01	1.113773e+16
2510	5.626892e+15	1.776611e+01	3.966169e+01	2.541312e+16
2511	5.627351e+15	2.148751e+01	4.563073e+01	2.445382e+16
2512	5.627791e+15	2.122794e+01	4.312031e+01	1.837319e+16
2513	5.628231e+15	2.226186e+01	4.422886e+01	3.656880e+16
2514	5.628662e+15	2.260033e+01	4.446838e+01	1.556500e+16
2515	5.629086e+15	2.230073e+01	4.447600e+01	2.480300e+16
2516	5.629508e+15	2.384054e+01	4.501868e+01	2.696353e+16
2517	5.629927e+15	2.382409e+01	4.589319e+01	2.424887e+16
2518	5.630342e+15	2.456016e+01	4.608316e+01	2.557107e+16
2519	5.630754e+15	2.297554e+01	4.536216e+01	4.544050e+16
2520	5.631164e+15	2.392956e+01	4.629662e+01	4.626134e+16
2521	5.631565e+15	2.304383e+01	4.408981e+01	2.109500e+16
2522	5.631966e+15	2.213927e+01	4.090868e+01	3.458563e+16
2523	5.632386e+15	2.151075e+01	4.313205e+01	1.445460e+16
2524	5.632809e+15	1.818174e+01	3.834285e+01	2.239300e+16
2525	5.633271e+15	2.132098e+01	4.595275e+01	1.792216e+16
2526	5.633712e+15	2.024468e+01	4.225505e+01	3.129803e+16
2527	5.634163e+15	2.197531e+01	4.380169e+01	2.255322e+16
2528	5.634608e+15	2.520387e+01	4.450687e+01	2.234844e+16
2529	5.635042e+15	2.528571e+01	4.007283e+01	1.998069e+16
2530	5.635492e+15	2.662083e+01	4.432204e+01	2.022156e+16
2531	5.635926e+15	2.558477e+01	4.323306e+01	2.705970e+16
2532	5.636352e+15	2.296854e+01	3.752011e+01	2.265129e+16
2533	5.636814e+15	2.621315e+01	4.324195e+01	2.053009e+16
2534	5.637265e+15	2.300614e+01	4.066853e+01	2.405887e+16
2535	5.637723e+15	2.052439e+01	3.861888e+01	3.195978e+16
2536	5.638208e+15	2.232862e+01	4.631423e+01	1.972299e+16
2537	5.638663e+15	1.660658e+01	3.435690e+01	1.860184e+16
2538	5.639196e+15	2.161042e+01	4.466396e+01	2.754655e+16
2539	5.639709e+15	2.192774e+01	4.353303e+01	1.991644e+16
2540	5.640209e+15	2.525697e+01	4.610833e+01	2.163863e+16
2541	5.640676e+15	2.623315e+01	4.358128e+01	2.376095e+16
2542	5.641132e+15	2.691415e+01	4.224186e+01	1.345592e+16
2543	5.641591e+15	2.770310e+01	4.223465e+01	2.681295e+16
2544	5.642047e+15	2.673726e+01	4.129646e+01	2.824183e+16
2545	5.642507e+15	2.732695e+01	4.369836e+01	3.097172e+16
2546	5.642953e+15	2.587341e+01	4.218391e+01	1.979528e+16
2547	5.643400e+15	2.533196e+01	4.248982e+01	2.268392e+16
2548	5.643844e+15	2.572503e+01	4.350533e+01	2.224748e+16
2549	5.644282e+15	2.498277e+01	4.325483e+01	1.570987e+16
2550	5.644710e+15	2.344708e+01	4.052498e+01	1.452425e+16
2551	5.645151e+15	2.507931e+01	4.328507e+01	2.161153e+16
2552	5.645582e+15	2.343561e+01	4.087939e+01	1.849758e+16
2553	5.646025e+15	2.389688e+01	4.120900e+01	2.245245e+16
2554	5.646477e+15	2.480188e+01	4.288956e+01	3.837301e+16
2555	5.646922e+15	2.286788e+01	3.905552e+01	2.241281e+16
2556	5.647384e+15	2.458167e+01	4.327072e+01	2.924402e+16
2557	5.647828e+15	2.305126e+01	4.079735e+01	1.795735e+16
2558	5.648275e+15	2.287911e+01	4.093417e+01	1.997267e+16
2559	5.648725e+15	2.349555e+01	4.294486e+01	2.443576e+16
2560	5.649168e+15	2.325769e+01	4.253390e+01	3.145854e+16
2561	5.649606e+15	2.271022e+01	4.253455e+01	2.371913e+16
2562	5.650036e+15	2.131260e+01	4.011785e+01	2.267920e+16
2563	5.650472e+15	2.203099e+01	4.121740e+01	2.671589e+16
2564	5.650905e+15	2.381161e+01	4.148587e+01	2.508283e+16
2565	5.651328e+15	2.548995e+01	4.111150e+01	2.436972e+16
2566	5.651744e+15	2.588622e+01	3.875456e+01	1.089119e+16
2567	5.652168e+15	2.708103e+01	4.014746e+01	3.534246e+16
2568	5.652590e+15	2.582616e+01	4.061725e+01	1.624001e+16
2569	5.653006e+15	2.303128e+01	3.781558e+01	4.010894e+16
2570	5.653440e+15	2.253209e+01	3.882878e+01	1.689304e+16
2571	5.653891e+15	2.307465e+01	4.192076e+01	2.233814e+16
2572	5.654341e+15	2.217896e+01	4.387386e+01	1.435531e+16
2573	5.654780e+15	2.119971e+01	4.279321e+01	2.158352e+16
2574	5.655216e+15	2.071168e+01	4.284404e+01	2.364654e+16
2575	5.655648e+15	2.048681e+01	4.203852e+01	2.855700e+16
2576	5.656080e+15	2.119965e+01	4.278186e+01	2.761246e+16
2577	5.656506e+15	2.212411e+01	4.344998e+01	2.842549e+16
2578	5.656923e+15	2.528611e+01	4.782839e+01	2.603889e+16
2579	5.657301e+15	2.050150e+01	3.727681e+01	2.612416e+16
2580	5.657717e+15	2.399991e+01	4.338785e+01	2.486649e+16
2581	5.658128e+15	2.367636e+01	4.378709e+01	2.444059e+16
2582	5.658531e+15	2.242829e+01	4.012599e+01	2.156583e+16
2583	5.658950e+15	2.515722e+01	4.521940e+01	1.868223e+16
2584	5.659351e+15	2.125969e+01	3.864217e+01	2.107706e+16
2585	5.659779e+15	2.368447e+01	4.848113e+01	2.245712e+16
2586	5.660169e+15	1.754157e+01	3.800477e+01	1.781135e+16
2587	5.660597e+15	1.972202e+01	4.362512e+01	1.998630e+16
2588	5.661024e+15	2.069258e+01	4.353834e+01	2.603082e+16
2589	5.661448e+15	2.202878e+01	4.222060e+01	2.324172e+16
2590	5.661879e+15	2.315138e+01	4.279390e+01	3.903914e+16
2591	5.662311e+15	2.485281e+01	4.485558e+01	2.868091e+16
2592	5.662728e+15	2.300593e+01	4.193666e+01	2.850221e+16
2593	5.663155e+15	2.377136e+01	4.460493e+01	3.286731e+16
2594	5.663574e+15	2.194172e+01	4.340534e+01	2.311620e+16
2595	5.663994e+15	2.104751e+01	4.282701e+01	2.836555e+16
2596	5.664424e+15	2.155791e+01	4.568129e+01	3.160334e+16
2597	5.664846e+15	2.055159e+01	4.454602e+01	2.392491e+16
2598	5.665270e+15	2.132526e+01	4.510812e+01	1.926819e+16
2599	5.665692e+15	2.159313e+01	4.454371e+01	3.650202e+16
2600	5.666118e+15	2.291954e+01	4.623176e+01	2.394941e+16
2601	5.666535e+15	2.098294e+01	4.374112e+01	2.644838e+16
2602	5.666961e+15	2.035470e+01	4.329886e+01	2.531386e+16
2603	5.667396e+15	2.264655e+01	4.669593e+01	1.735181e+16
2604	5.667823e+15	2.072579e+01	4.093030e+01	2.036357e+16
2605	5.668277e+15	2.399516e+01	4.683505e+01	3.678433e+16
2606	5.668713e+15	2.352010e+01	4.493241e+01	2.671015e+16
2607	5.669146e+15	2.406439e+01	4.646676e+01	2.135786e+16
2608	5.669569e+15	2.585685e+01	5.147249e+01	2.889048e+16
2609	5.669951e+15	2.089277e+01	4.210455e+01	1.827673e+16
2610	5.670354e+15	2.138805e+01	4.424136e+01	2.938120e+16
2611	5.670765e+15	2.051649e+01	4.313935e+01	2.183417e+16
2612	5.671190e+15	2.189023e+01	4.834977e+01	2.582392e+16
2613	5.671595e+15	1.903313e+01	4.261119e+01	2.836177e+16
2614	5.672020e+15	2.115495e+01	4.641703e+01	2.585001e+16
2615	5.672443e+15	2.117773e+01	4.768167e+01	2.399655e+16
2616	5.672854e+15	2.089152e+01	4.575155e+01	3.021417e+16
2617	5.673258e+15	2.035261e+01	4.506915e+01	3.186807e+16
2618	5.673663e+15	1.949747e+01	4.545110e+01	1.535265e+16
2619	5.674067e+15	2.002970e+01	4.579680e+01	2.392026e+16
2620	5.674468e+15	1.982571e+01	4.371725e+01	2.625149e+16
2621	5.674879e+15	2.205130e+01	4.746230e+01	3.136684e+16
2622	5.675277e+15	1.996735e+01	4.291380e+01	9.901428e+15
2623	5.675689e+15	2.047681e+01	4.389134e+01	2.314721e+16
2624	5.676107e+15	2.197592e+01	4.584187e+01	1.518272e+16
2625	5.676522e+15	1.925105e+01	4.167070e+01	2.148622e+16
2626	5.676962e+15	2.093931e+01	4.552501e+01	2.674395e+16
2627	5.677402e+15	2.202111e+01	4.725951e+01	2.639086e+16
2628	5.677833e+15	2.244245e+01	4.700616e+01	1.050398e+16
2629	5.678257e+15	2.358598e+01	4.732015e+01	2.846498e+16
2630	5.678676e+15	2.390282e+01	4.568889e+01	2.591215e+16
2631	5.679103e+15	2.490669e+01	4.729263e+01	4.079671e+16
2632	5.679526e+15	2.537313e+01	4.685827e+01	1.936230e+16
2633	5.679944e+15	2.535713e+01	4.714315e+01	2.818871e+16
2634	5.680356e+15	2.358755e+01	4.408431e+01	2.015059e+16
2635	5.680783e+15	2.536107e+01	4.730541e+01	2.005657e+16
2636	5.681203e+15	2.318585e+01	4.337421e+01	2.221217e+16
2637	5.681644e+15	2.618021e+01	4.957710e+01	2.035563e+16
2638	5.682060e+15	2.727057e+01	5.008608e+01	1.743267e+16
2639	5.682448e+15	2.227581e+01	3.904405e+01	2.589749e+16
2640	5.682879e+15	2.540307e+01	4.489628e+01	1.418262e+16
2641	5.683316e+15	2.444118e+01	4.500508e+01	2.403060e+16
2642	5.683759e+15	2.552187e+01	4.770285e+01	2.201265e+16
2643	5.684191e+15	3.167896e+01	5.905991e+01	3.718357e+16
2644	5.684539e+15	2.594031e+01	4.882227e+01	2.459455e+16
2645	5.684870e+15	2.567355e+01	4.953136e+01	2.136668e+16
2646	5.685180e+15	2.464424e+01	4.807626e+01	2.656480e+16
2647	5.685476e+15	2.556677e+01	4.728562e+01	1.215782e+16
2648	5.685757e+15	2.349918e+01	4.300197e+01	1.474209e+16
2649	5.686042e+15	2.494562e+01	4.246435e+01	1.333161e+16
2650	5.686336e+15	2.347530e+01	3.724608e+01	2.439868e+16
2651	5.686668e+15	2.832604e+01	4.662533e+01	1.477938e+16
2652	5.686991e+15	2.156331e+01	3.647785e+01	2.101001e+16
2653	5.687366e+15	2.385299e+01	4.172518e+01	1.684735e+16
2654	5.687760e+15	2.759198e+01	4.675289e+01	2.125934e+16
2655	5.688135e+15	2.172752e+01	3.693810e+01	2.066068e+16
2656	5.688555e+15	1.896515e+01	3.893937e+01	1.829222e+16
2657	5.689011e+15	2.516454e+01	5.478942e+01	3.611402e+16
2658	5.689396e+15	1.935891e+01	4.072587e+01	2.032507e+16
2659	5.689798e+15	1.843828e+01	3.788865e+01	1.942775e+16
2660	5.690237e+15	1.861213e+01	3.635232e+01	2.044038e+16
2661	5.690726e+15	2.285157e+01	4.329945e+01	2.314961e+16
2662	5.691209e+15	2.479641e+01	4.632831e+01	3.187803e+16
2663	5.691666e+15	2.760751e+01	4.842764e+01	3.244616e+16
2664	5.692084e+15	2.336006e+01	3.897226e+01	2.611075e+16
2665	5.692531e+15	2.484714e+01	4.329472e+01	2.275222e+16
2666	5.692973e+15	2.498856e+01	4.589119e+01	2.593904e+16
2667	5.693390e+15	2.239370e+01	4.285892e+01	2.307930e+16
2668	5.693805e+15	2.349472e+01	4.354810e+01	2.358606e+16
2669	5.694215e+15	2.356297e+01	4.173393e+01	2.501372e+16
2670	5.694627e+15	2.491732e+01	4.120700e+01	2.320413e+16
2671	5.695044e+15	2.609826e+01	4.277819e+01	2.554164e+16
2672	5.695456e+15	2.503425e+01	4.050979e+01	2.601771e+16
2673	5.695885e+15	2.511383e+01	4.268460e+01	2.437507e+16
2674	5.696316e+15	2.447955e+01	4.340583e+01	2.810053e+16
2675	5.696744e+15	2.810401e+01	5.037690e+01	2.194985e+16
2676	5.697125e+15	1.985655e+01	3.734452e+01	3.446694e+16
2677	5.697546e+15	1.862941e+01	3.758739e+01	3.560724e+16
2678	5.698011e+15	2.552521e+01	5.106344e+01	2.983596e+16
2679	5.698421e+15	2.070552e+01	3.791786e+01	2.538069e+16
2680	5.698874e+15	2.593905e+01	4.756660e+01	2.763264e+16
2681	5.699295e+15	2.441965e+01	4.421298e+01	1.793713e+16
2682	5.699707e+15	2.356228e+01	4.171950e+01	1.868357e+16
2683	5.700125e+15	2.666902e+01	4.492380e+01	2.445169e+16
2684	5.700528e+15	2.521501e+01	4.264564e+01	2.904015e+16
2685	5.700935e+15	2.405922e+01	4.280068e+01	2.787673e+16
2686	5.701347e+15	2.260627e+01	4.190878e+01	1.591824e+16
2687	5.701769e+15	2.278560e+01	4.249965e+01	2.216038e+16
2688	5.702199e+15	2.218216e+01	4.105178e+01	2.348350e+16
2689	5.702643e+15	2.176387e+01	4.144803e+01	2.787488e+16
2690	5.703097e+15	2.159894e+01	4.120148e+01	1.602658e+16
2691	5.703559e+15	2.077454e+01	3.996260e+01	2.230837e+16
2692	5.704039e+15	2.126932e+01	4.187952e+01	2.996180e+16
2693	5.704521e+15	2.290527e+01	4.459114e+01	3.038591e+16
2694	5.704989e+15	2.268742e+01	4.288546e+01	1.577105e+16
2695	5.705456e+15	2.384348e+01	4.369378e+01	2.123036e+16
2696	5.705912e+15	2.344318e+01	4.452790e+01	2.770798e+16
2697	5.706349e+15	2.146320e+01	3.985907e+01	2.836013e+16
2698	5.706800e+15	2.312894e+01	4.221035e+01	2.328424e+16
2699	5.707238e+15	2.348111e+01	4.121189e+01	1.615635e+16
2700	5.707671e+15	2.238814e+01	3.713497e+01	1.790801e+16
2701	5.708133e+15	2.407342e+01	4.080341e+01	1.870518e+16
2702	5.708588e+15	2.499289e+01	4.109902e+01	2.088179e+16
2703	5.709035e+15	2.605890e+01	4.091336e+01	2.746120e+16
2704	5.709480e+15	2.395907e+01	3.835731e+01	2.283556e+16
2705	5.709946e+15	2.373638e+01	3.952618e+01	1.557649e+16
2706	5.710423e+15	2.423178e+01	4.202851e+01	2.277953e+16
2707	5.710889e+15	2.264818e+01	3.941544e+01	2.531356e+16
2708	5.711363e+15	2.169922e+01	3.846798e+01	2.726578e+16
2709	5.711849e+15	2.531716e+01	4.468426e+01	4.409168e+16
2710	5.712297e+15	2.199841e+01	3.859604e+01	1.454155e+16
2711	5.712762e+15	2.409503e+01	3.969853e+01	2.730136e+16
2712	5.713236e+15	2.630275e+01	4.242847e+01	2.549166e+16
2713	5.713698e+15	2.670205e+01	4.345675e+01	2.939898e+16
2714	5.714142e+15	2.375895e+01	4.082268e+01	2.273455e+16
2715	5.714595e+15	2.432256e+01	4.289559e+01	4.556968e+16
2716	5.715040e+15	2.491025e+01	4.351844e+01	1.366585e+16
2717	5.715471e+15	2.349919e+01	4.015099e+01	2.592416e+16
2718	5.715916e+15	2.540972e+01	4.224168e+01	2.509433e+16
2719	5.716357e+15	2.678981e+01	4.412946e+01	2.603763e+16
2720	5.716786e+15	2.518308e+01	4.091627e+01	2.121537e+16
2721	5.717228e+15	2.615088e+01	4.345722e+01	3.429163e+16
2722	5.717669e+15	2.528328e+01	4.410809e+01	2.759049e+16
2723	5.718106e+15	2.383337e+01	4.205437e+01	3.083949e+16
2724	5.718554e+15	2.486728e+01	4.572947e+01	2.568455e+16
2725	5.718992e+15	2.265385e+01	4.389877e+01	2.911098e+16
2726	5.719433e+15	2.304697e+01	4.496819e+01	2.594063e+16
2727	5.719873e+15	2.312014e+01	4.550332e+01	2.677521e+16
2728	5.720314e+15	2.388770e+01	4.716796e+01	2.815661e+16
2729	5.720745e+15	2.389629e+01	4.748953e+01	1.989753e+16
2730	5.721169e+15	2.319150e+01	4.676994e+01	1.865071e+16
2731	5.721592e+15	2.542623e+01	5.039153e+01	3.494901e+16
2732	5.721991e+15	2.201171e+01	4.392793e+01	1.668685e+16
2733	5.722407e+15	2.452799e+01	4.736370e+01	2.043983e+16
2734	5.722815e+15	2.258942e+01	4.203310e+01	2.190869e+16
2735	5.723253e+15	2.512995e+01	4.786671e+01	1.199824e+16
2736	5.723673e+15	2.530739e+01	4.943648e+01	2.009126e+16
2737	5.724066e+15	1.835470e+01	3.615475e+01	1.706722e+16
2738	5.724525e+15	2.410108e+01	4.828453e+01	2.630369e+16
2739	5.724958e+15	1.840008e+01	3.856050e+01	2.773033e+16
2740	5.725441e+15	2.169892e+01	4.713947e+01	2.859405e+16
2741	5.725911e+15	1.843509e+01	4.196147e+01	1.812514e+16
2742	5.726412e+15	2.129100e+01	4.942951e+01	1.828801e+16
2743	5.726885e+15	1.924150e+01	4.629997e+01	1.596755e+16
2744	5.727358e+15	1.902814e+01	4.488649e+01	2.752873e+16
2745	5.727843e+15	2.191687e+01	4.941576e+01	2.437918e+16
2746	5.728305e+15	2.010791e+01	4.468826e+01	1.454440e+16
2747	5.728779e+15	2.159834e+01	4.537644e+01	3.635098e+16
2748	5.729256e+15	2.298772e+01	4.592427e+01	2.449849e+16
2749	5.729728e+15	2.454835e+01	4.722149e+01	2.565787e+16
2750	5.730190e+15	2.417052e+01	4.645696e+01	2.126283e+16
2751	5.730646e+15	2.348159e+01	4.583942e+01	2.878076e+16
2752	5.731100e+15	2.213507e+01	4.446849e+01	3.101422e+16
2753	5.731561e+15	2.185764e+01	4.502764e+01	3.307882e+16
2754	5.732025e+15	2.285098e+01	4.748206e+01	2.263487e+16
2755	5.732477e+15	2.180499e+01	4.617244e+01	2.334086e+16
2756	5.732928e+15	2.281999e+01	4.672284e+01	2.497619e+16
2757	5.733374e+15	2.288891e+01	4.774103e+01	2.525764e+16
2758	5.733806e+15	2.178076e+01	4.505329e+01	1.575499e+16
2759	5.734241e+15	2.168673e+01	4.500843e+01	3.347050e+16
2760	5.734678e+15	2.234718e+01	4.476866e+01	1.901901e+16
2761	5.735114e+15	2.313448e+01	4.473800e+01	2.122899e+16
2762	5.735551e+15	2.307046e+01	4.367851e+01	1.619088e+16
2763	5.735996e+15	2.411613e+01	4.533908e+01	2.126026e+16
2764	5.736437e+15	2.205550e+01	4.269706e+01	1.953240e+16
2765	5.736896e+15	2.116129e+01	4.333047e+01	2.603558e+16
2766	5.737374e+15	2.197324e+01	4.531427e+01	3.277896e+16
2767	5.737853e+15	2.141663e+01	4.319282e+01	2.359441e+16
2768	5.738349e+15	2.249836e+01	4.558634e+01	2.510963e+16
2769	5.738842e+15	2.218005e+01	4.535884e+01	2.456497e+16
2770	5.739331e+15	2.162919e+01	4.394160e+01	1.814257e+16
2771	5.739830e+15	2.321687e+01	4.613730e+01	2.993691e+16
2772	5.740321e+15	2.313634e+01	4.560859e+01	2.673077e+16
2773	5.740812e+15	2.412383e+01	4.816505e+01	2.628664e+16
2774	5.741288e+15	2.292493e+01	4.583328e+01	2.066332e+16
2775	5.741769e+15	2.314446e+01	4.710316e+01	1.892649e+16
2776	5.742245e+15	2.574390e+01	5.222479e+01	2.748181e+16
2777	5.742682e+15	2.779486e+01	5.521040e+01	3.745565e+16
2778	5.743065e+15	2.079687e+01	4.105375e+01	2.479003e+16
2779	5.743483e+15	2.788199e+01	5.634101e+01	2.062696e+16
2780	5.743848e+15	1.914713e+01	3.840813e+01	1.879057e+16
2781	5.744271e+15	2.444984e+01	4.768873e+01	2.599680e+16
2782	5.744688e+15	2.448755e+01	4.577414e+01	1.830706e+16
2783	5.745110e+15	2.400231e+01	4.437764e+01	2.907869e+16
2784	5.745543e+15	2.498581e+01	4.685324e+01	3.005603e+16
2785	5.745969e+15	2.135939e+01	4.012482e+01	2.582793e+16
2786	5.746435e+15	2.257609e+01	4.465973e+01	2.137830e+16
2787	5.746908e+15	2.444465e+01	4.921408e+01	2.209231e+16
2788	5.747356e+15	2.024850e+01	4.288271e+01	4.015481e+16
2789	5.747832e+15	2.110690e+01	4.702189e+01	1.926527e+16
2790	5.748305e+15	1.967959e+01	4.363582e+01	2.777573e+16
2791	5.748800e+15	2.059709e+01	4.539801e+01	2.411668e+16
2792	5.749303e+15	2.038438e+01	4.486498e+01	2.579917e+16
2793	5.749817e+15	2.979308e+01	6.543377e+01	1.686769e+16
2794	5.750209e+15	1.601409e+01	3.572824e+01	1.875147e+16
2795	5.750679e+15	2.006825e+01	4.387069e+01	1.992643e+16
2796	5.751171e+15	2.174802e+01	4.869049e+01	1.997537e+16
2797	5.751654e+15	2.469002e+01	5.560380e+01	4.068752e+16
2798	5.752086e+15	1.822042e+01	4.147983e+01	4.029506e+16
2799	5.752557e+15	2.247801e+01	4.943516e+01	4.006826e+16
2800	5.753010e+15	2.330651e+01	4.891106e+01	2.927361e+16
2801	5.753448e+15	2.375733e+01	4.856411e+01	1.461158e+16
2802	5.753874e+15	2.325624e+01	4.515958e+01	2.887297e+16
2803	5.754308e+15	2.467989e+01	4.625334e+01	2.172566e+16
2804	5.754737e+15	2.408103e+01	4.493642e+01	2.653854e+16
2805	5.755169e+15	2.434532e+01	4.359466e+01	1.122758e+16
2806	5.755612e+15	2.657188e+01	4.516797e+01	1.757985e+16
2807	5.756054e+15	2.690145e+01	4.514325e+01	1.225133e+16
2808	5.756496e+15	2.593838e+01	4.534033e+01	2.072569e+16
2809	5.756941e+15	2.792987e+01	4.876975e+01	2.146992e+16
2810	5.757368e+15	2.482103e+01	4.200245e+01	2.956393e+16
2811	5.757824e+15	2.817721e+01	5.352951e+01	1.979167e+16
2812	5.758235e+15	2.190213e+01	4.207239e+01	4.406599e+16
2813	5.758679e+15	2.381484e+01	4.437964e+01	4.049349e+16
2814	5.759140e+15	2.647236e+01	4.995949e+01	3.989243e+16
2815	5.759580e+15	2.266508e+01	4.525107e+01	4.376155e+16
2816	5.760034e+15	2.022904e+01	4.449849e+01	2.908967e+16
2817	5.760509e+15	1.929029e+01	4.756613e+01	2.958506e+16
2818	5.760987e+15	1.878162e+01	4.741402e+01	2.876370e+16
2819	5.761474e+15	1.953451e+01	4.926566e+01	2.189679e+16
2820	5.761956e+15	2.089069e+01	5.122993e+01	2.034296e+16
2821	5.762418e+15	2.219773e+01	5.155049e+01	2.775828e+16
2822	5.762854e+15	2.325096e+01	4.928366e+01	2.118494e+16
2823	5.763285e+15	2.545510e+01	5.060945e+01	1.723211e+16
2824	5.763703e+15	2.575636e+01	4.870869e+01	2.625868e+16
2825	5.764123e+15	2.685272e+01	5.048233e+01	1.599012e+16
2826	5.764531e+15	2.547349e+01	4.893556e+01	2.439253e+16
2827	5.764939e+15	2.500759e+01	4.727055e+01	1.999711e+16
2828	5.765357e+15	2.686253e+01	4.963489e+01	1.976661e+16
2829	5.765771e+15	2.616773e+01	4.817488e+01	2.138202e+16
2830	5.766187e+15	2.596620e+01	4.808981e+01	1.944625e+16
2831	5.766600e+15	2.482540e+01	4.679925e+01	2.485658e+16
2832	5.767019e+15	2.444246e+01	4.544349e+01	1.811520e+16
2833	5.767453e+15	2.782406e+01	5.060985e+01	2.330208e+16
2834	5.767866e+15	2.622249e+01	4.571756e+01	2.449792e+16
2835	5.768288e+15	2.671425e+01	4.553744e+01	1.398383e+16
2836	5.768717e+15	2.400706e+01	4.458389e+01	2.489118e+16
2837	5.769157e+15	2.295727e+01	4.595956e+01	1.807658e+16
2838	5.769609e+15	2.411686e+01	4.830920e+01	1.672563e+16
2839	5.770060e+15	2.359752e+01	4.823192e+01	3.164767e+16
2840	5.770513e+15	2.386021e+01	5.002756e+01	1.932265e+16
2841	5.770954e+15	2.302976e+01	4.713783e+01	2.224370e+16
2842	5.771399e+15	2.411146e+01	4.913081e+01	2.474732e+16
2843	5.771833e+15	2.417964e+01	4.885508e+01	2.785176e+16
2844	5.772257e+15	2.670893e+01	5.097180e+01	2.122798e+16
2845	5.772659e+15	2.538334e+01	4.651617e+01	2.766940e+16
2846	5.773071e+15	2.753691e+01	4.902425e+01	1.941872e+16
2847	5.773478e+15	2.689795e+01	4.783170e+01	3.074515e+16
2848	5.773890e+15	2.773652e+01	4.892053e+01	2.103922e+16
2849	5.774300e+15	2.752014e+01	4.797620e+01	3.785775e+16
2850	5.774709e+15	2.802230e+01	4.802700e+01	3.003885e+16
2851	5.775115e+15	2.656035e+01	4.555769e+01	2.062382e+16
2852	5.775529e+15	2.839455e+01	4.762882e+01	3.032864e+16
2853	5.775929e+15	2.653290e+01	4.260964e+01	2.006180e+16
2854	5.776344e+15	2.782239e+01	4.643457e+01	1.377498e+16
2855	5.776755e+15	2.547854e+01	4.444149e+01	2.023479e+16
2856	5.777176e+15	2.458293e+01	4.391425e+01	2.330140e+16
2857	5.777610e+15	2.699385e+01	5.212528e+01	1.829635e+16
2858	5.778009e+15	1.986964e+01	4.035282e+01	1.466560e+16
2859	5.778452e+15	2.054431e+01	4.378207e+01	2.743940e+16
2860	5.778914e+15	2.129925e+01	4.533697e+01	3.181605e+16
2861	5.779385e+15	2.144454e+01	4.601545e+01	2.714781e+16
2862	5.779857e+15	2.258752e+01	4.948188e+01	3.457294e+16
2863	5.780307e+15	2.259934e+01	4.552907e+01	2.009163e+16
2864	5.780759e+15	2.461986e+01	4.860623e+01	2.356704e+16
2865	5.781194e+15	2.246247e+01	4.585449e+01	1.533602e+16
2866	5.781632e+15	2.367999e+01	4.806301e+01	1.901542e+16
2867	5.782055e+15	2.291865e+01	4.465581e+01	2.634279e+16
2868	5.782482e+15	2.404894e+01	4.626606e+01	1.804912e+16
2869	5.782901e+15	2.301825e+01	4.455257e+01	2.424535e+16
2870	5.783323e+15	2.283085e+01	4.253614e+01	1.574772e+16
2871	5.783761e+15	2.463739e+01	4.271950e+01	1.709664e+16
2872	5.784208e+15	2.681369e+01	4.571749e+01	2.662666e+16
2873	5.784640e+15	2.775402e+01	4.717006e+01	2.496506e+16
2874	5.785050e+15	2.170752e+01	3.773029e+01	2.214597e+16
2875	5.785507e+15	2.623341e+01	4.563122e+01	2.660839e+16
2876	5.785950e+15	2.396633e+01	4.209230e+01	1.563187e+16
2877	5.786406e+15	2.375244e+01	4.277385e+01	2.118918e+16
2878	5.786872e+15	2.599218e+01	4.749772e+01	2.624967e+16
2879	5.787310e+15	2.101937e+01	3.847628e+01	2.506051e+16
2880	5.787790e+15	2.326318e+01	4.447069e+01	3.085038e+16
2881	5.788265e+15	2.455728e+01	4.645018e+01	1.436414e+16
2882	5.788718e+15	2.079959e+01	4.125501e+01	1.650475e+16
2883	5.789189e+15	2.583655e+01	4.909523e+01	2.467410e+16
2884	5.789615e+15	2.138726e+01	3.917499e+01	2.295271e+16
2885	5.790068e+15	2.422993e+01	4.515905e+01	2.753483e+16
2886	5.790501e+15	2.638446e+01	4.773149e+01	2.170552e+16
2887	5.790895e+15	1.960429e+01	3.429978e+01	1.562408e+16
2888	5.791349e+15	2.458965e+01	4.081870e+01	2.453001e+16
2889	5.791806e+15	2.609536e+01	4.107925e+01	2.163735e+16
2890	5.792264e+15	2.546411e+01	3.850091e+01	2.149827e+16
2891	5.792741e+15	2.849766e+01	4.162629e+01	3.156969e+16
2892	5.793212e+15	2.757613e+01	4.149934e+01	3.447584e+16
2893	5.793673e+15	2.495738e+01	4.036203e+01	1.866184e+16
2894	5.794131e+15	2.368959e+01	3.880056e+01	3.104102e+16
2895	5.794598e+15	2.462330e+01	4.056394e+01	2.139018e+16
2896	5.795057e+15	2.506386e+01	3.912244e+01	2.469189e+16
2897	5.795521e+15	2.993205e+01	4.704964e+01	4.507283e+16
2898	5.795925e+15	2.308505e+01	3.648943e+01	1.917676e+16
2899	5.796349e+15	2.374510e+01	3.594379e+01	1.794917e+16
2900	5.796797e+15	2.613140e+01	3.943860e+01	1.548928e+16
2901	5.797238e+15	2.416439e+01	3.867530e+01	3.569921e+16
2902	5.797682e+15	2.431948e+01	3.815640e+01	2.568685e+16
2903	5.798135e+15	2.586724e+01	3.915125e+01	3.640034e+16
2904	5.798581e+15	2.607894e+01	3.809521e+01	1.075741e+16
2905	5.799021e+15	2.575367e+01	3.689845e+01	2.142328e+16
2906	5.799462e+15	2.632134e+01	3.757211e+01	1.895012e+16
2907	5.799893e+15	2.421847e+01	3.591514e+01	3.786331e+16
2908	5.800335e+15	2.476695e+01	3.660509e+01	1.962383e+16
2909	5.800782e+15	2.547117e+01	3.726503e+01	1.763097e+16
2910	5.801223e+15	2.663308e+01	3.769866e+01	3.070675e+16
2911	5.801649e+15	2.387706e+01	3.350052e+01	1.404937e+16
2912	5.802091e+15	2.820609e+01	4.046992e+01	1.422208e+16
2913	5.802486e+15	2.088845e+01	2.948879e+01	2.073947e+16
2914	5.802927e+15	2.434980e+01	3.472018e+01	1.723454e+16
2915	5.803361e+15	2.332061e+01	3.484759e+01	1.837716e+16
2916	5.803790e+15	2.297118e+01	3.405783e+01	1.282698e+16
2917	5.804221e+15	2.523258e+01	3.447318e+01	2.434199e+16
2918	5.804652e+15	2.547063e+01	3.335391e+01	1.404774e+16
2919	5.805092e+15	2.758291e+01	3.532807e+01	2.784244e+16
2920	5.805527e+15	2.584586e+01	3.341361e+01	2.063768e+16
2921	5.805973e+15	2.549335e+01	3.306092e+01	2.712146e+16
2922	5.806432e+15	2.601716e+01	3.469961e+01	3.156733e+16
2923	5.806883e+15	2.362659e+01	3.088995e+01	2.446997e+16
2924	5.807367e+15	2.697099e+01	3.465386e+01	2.961464e+16
2925	5.807841e+15	2.893598e+01	3.773820e+01	2.294164e+16
2926	5.808281e+15	2.280768e+01	3.197449e+01	1.818012e+16
2927	5.808747e+15	2.792871e+01	4.236038e+01	2.497784e+16
2928	5.809151e+15	1.924394e+01	3.039814e+01	2.368277e+16
2929	5.809603e+15	2.207249e+01	3.551787e+01	2.642139e+16
2930	5.810057e+15	2.199905e+01	3.528187e+01	1.992594e+16
2931	5.810513e+15	2.428341e+01	3.688771e+01	3.539184e+16
2932	5.810953e+15	2.360474e+01	3.637950e+01	1.987937e+16
2933	5.811378e+15	2.195996e+01	3.283568e+01	2.977184e+16
2934	5.811819e+15	2.520650e+01	3.567894e+01	1.294623e+16
2935	5.812249e+15	2.535041e+01	3.728494e+01	2.667815e+16
2936	5.812662e+15	2.541707e+01	3.634560e+01	2.119981e+16
2937	5.813065e+15	2.477003e+01	3.526786e+01	2.546560e+16
2938	5.813469e+15	2.592590e+01	3.642923e+01	1.908563e+16
2939	5.813861e+15	2.434437e+01	3.364668e+01	1.771269e+16
2940	5.814265e+15	2.550420e+01	3.415625e+01	1.566481e+16
2941	5.814676e+15	2.658323e+01	3.416449e+01	2.067603e+16
2942	5.815096e+15	2.857006e+01	3.591552e+01	3.531660e+16
2943	5.815511e+15	2.826887e+01	3.554935e+01	2.813073e+16
2944	5.815928e+15	2.613448e+01	3.414447e+01	3.613702e+16
2945	5.816363e+15	2.658751e+01	3.638836e+01	4.234562e+16
2946	5.816796e+15	3.069559e+01	4.254133e+01	2.217436e+16
2947	5.817173e+15	2.270843e+01	3.257536e+01	2.227458e+16
2948	5.817579e+15	2.527034e+01	3.622947e+01	1.917091e+16
2949	5.817984e+15	2.635121e+01	3.778856e+01	2.928550e+16
2950	5.818373e+15	2.200748e+01	3.331883e+01	2.626381e+16
2951	5.818790e+15	2.348375e+01	3.475587e+01	2.361112e+16
2952	5.819223e+15	2.587453e+01	3.888654e+01	2.522487e+16
2953	5.819631e+15	2.254364e+01	3.527368e+01	2.368378e+16
2954	5.820049e+15	2.331401e+01	3.738910e+01	1.804262e+16
2955	5.820456e+15	2.264487e+01	3.471785e+01	1.157422e+16
2956	5.820871e+15	2.477697e+01	3.702078e+01	1.423934e+16
2957	5.821272e+15	2.433307e+01	3.549891e+01	3.155726e+16
2958	5.821673e+15	2.430332e+01	3.485196e+01	1.435866e+16
2959	5.822081e+15	2.373798e+01	3.358505e+01	1.588874e+16
2960	5.822506e+15	2.450076e+01	3.584695e+01	2.180382e+16
2961	5.822931e+15	2.419970e+01	3.539018e+01	2.279621e+16
2962	5.823360e+15	2.224667e+01	3.489552e+01	2.238739e+16
2963	5.823803e+15	2.384460e+01	3.864354e+01	3.006586e+16
2964	5.824225e+15	2.343670e+01	3.863500e+01	1.892284e+16
2965	5.824627e+15	2.207465e+01	3.593302e+01	1.212193e+16
2966	5.825030e+15	2.458863e+01	3.876850e+01	9.265240e+15
2967	5.825409e+15	2.206505e+01	3.414417e+01	1.026517e+16
2968	5.825806e+15	2.434362e+01	3.868685e+01	1.969500e+16
2969	5.826182e+15	2.114944e+01	3.263783e+01	1.821483e+16
2970	5.826587e+15	2.472183e+01	3.659719e+01	3.222376e+16
2971	5.826985e+15	2.604481e+01	3.635788e+01	1.046186e+16
2972	5.827378e+15	2.397772e+01	3.569342e+01	2.351596e+16
2973	5.827774e+15	2.155406e+01	3.437973e+01	2.580888e+16
2974	5.828188e+15	2.240892e+01	3.724686e+01	2.839173e+16
2975	5.828595e+15	2.227739e+01	3.627644e+01	1.121636e+16
2976	5.829002e+15	2.191579e+01	3.464780e+01	2.836755e+16
2977	5.829420e+15	2.644021e+01	4.048478e+01	3.180222e+16
2978	5.829797e+15	2.036983e+01	3.185302e+01	2.705089e+16
2979	5.830208e+15	2.192720e+01	3.533218e+01	1.786872e+16
2980	5.830629e+15	2.368046e+01	3.957166e+01	2.040584e+16
2981	5.831022e+15	1.952325e+01	3.328620e+01	1.341651e+16
2982	5.831448e+15	2.140796e+01	3.843197e+01	2.414454e+16
2983	5.831852e+15	2.018108e+01	3.588236e+01	1.775831e+16
2984	5.832253e+15	2.151049e+01	3.469832e+01	2.018446e+16
2985	5.832662e+15	2.438987e+01	3.591624e+01	2.112397e+16
2986	5.833069e+15	2.435524e+01	3.532842e+01	1.592142e+16
2987	5.833479e+15	2.517333e+01	3.687370e+01	1.822239e+16
2988	5.833883e+15	2.485255e+01	3.453962e+01	1.939584e+16
2989	5.834303e+15	2.503067e+01	3.585968e+01	2.458380e+16
2990	5.834727e+15	2.452182e+01	3.743187e+01	1.734825e+16
2991	5.835142e+15	2.289583e+01	3.675988e+01	2.307751e+16
2992	5.835554e+15	2.224705e+01	3.688841e+01	2.864187e+16
2993	5.835967e+15	2.205240e+01	3.763396e+01	3.342933e+16
2994	5.836379e+15	2.141207e+01	3.670360e+01	1.879656e+16
2995	5.836803e+15	1.959117e+01	3.428069e+01	2.254844e+16
2996	5.837263e+15	2.186194e+01	4.099465e+01	2.825897e+16
2997	5.837711e+15	2.290070e+01	4.427970e+01	1.909335e+16
2998	5.838129e+15	2.258076e+01	4.321663e+01	2.631506e+16
2999	5.838527e+15	2.234185e+01	4.216683e+01	3.119845e+16
3000	5.838912e+15	2.254781e+01	3.858002e+01	2.444390e+16
3001	5.839302e+15	2.479647e+01	3.984524e+01	1.837804e+16
3002	5.839686e+15	2.430448e+01	3.807141e+01	1.846241e+16
3003	5.840074e+15	2.432484e+01	3.659344e+01	1.702123e+16
3004	5.840478e+15	2.547765e+01	3.836297e+01	1.495420e+16
3005	5.840882e+15	2.306423e+01	3.727852e+01	3.416561e+16
3006	5.841299e+15	2.240407e+01	3.867552e+01	2.450286e+16
3007	5.841721e+15	2.145423e+01	3.920135e+01	1.449668e+16
3008	5.842145e+15	2.073446e+01	3.871486e+01	2.536251e+16
3009	5.842574e+15	2.309573e+01	4.143463e+01	2.667996e+16
3010	5.842987e+15	2.311438e+01	3.979541e+01	1.536433e+16
3011	5.843391e+15	2.393873e+01	3.836689e+01	2.338115e+16
3012	5.843795e+15	2.258380e+01	3.460895e+01	1.534848e+16
3013	5.844226e+15	2.514591e+01	3.891979e+01	1.628378e+16
3014	5.844642e+15	2.721435e+01	4.157112e+01	1.332389e+16
3015	5.845020e+15	1.994919e+01	3.153503e+01	8.177784e+15
3016	5.845444e+15	2.186329e+01	3.561955e+01	1.808952e+16
3017	5.845883e+15	2.241366e+01	3.835162e+01	1.573889e+16
3018	5.846312e+15	1.979755e+01	3.613146e+01	2.089202e+16
3019	5.846746e+15	2.181561e+01	3.887243e+01	9.870365e+15
3020	5.847163e+15	2.134089e+01	3.749757e+01	1.655509e+16
3021	5.847573e+15	2.325327e+01	3.761515e+01	3.123993e+16
3022	5.847977e+15	2.646071e+01	3.901129e+01	1.653037e+16
3023	5.848363e+15	2.457443e+01	3.579256e+01	2.847677e+16
3024	5.848756e+15	2.555111e+01	3.690471e+01	2.213031e+16
3025	5.849154e+15	2.426839e+01	3.652516e+01	2.395546e+16
3026	5.849562e+15	2.185990e+01	3.531950e+01	1.854186e+16
3027	5.849989e+15	2.533197e+01	4.138854e+01	1.219187e+16
3028	5.850382e+15	2.124004e+01	3.259393e+01	2.094612e+16
3029	5.850813e+15	2.149031e+01	3.208481e+01	3.670529e+16
3030	5.851282e+15	2.925174e+01	4.231046e+01	4.729741e+16
3031	5.851703e+15	2.460218e+01	3.311069e+01	4.351954e+16
3032	5.852165e+15	2.661391e+01	4.070448e+01	3.645798e+16
3033	5.852601e+15	2.641313e+01	4.246682e+01	1.209435e+16
3034	5.853002e+15	2.078394e+01	3.635002e+01	1.744468e+16
3035	5.853414e+15	1.989053e+01	3.759373e+01	2.141271e+16
3036	5.853823e+15	2.064278e+01	3.708514e+01	1.451550e+16
3037	5.854230e+15	2.441035e+01	3.693845e+01	2.950572e+16
3038	5.854631e+15	2.505510e+01	3.452038e+01	2.527039e+16
3039	5.855047e+15	2.463504e+01	3.623836e+01	1.324837e+16
3040	5.855462e+15	2.365583e+01	3.774807e+01	1.306868e+16
3041	5.855865e+15	2.153608e+01	3.604336e+01	1.873315e+16
3042	5.856273e+15	2.029574e+01	3.588124e+01	1.801334e+16
3043	5.856686e+15	2.049632e+01	3.637930e+01	2.061299e+16
3044	5.857101e+15	2.294826e+01	3.788041e+01	1.361654e+16
3045	5.857503e+15	2.323493e+01	3.561514e+01	1.624119e+16
3046	5.857911e+15	2.566018e+01	3.774493e+01	2.163875e+16
3047	5.858305e+15	2.390914e+01	3.541480e+01	1.892403e+16
3048	5.858701e+15	2.394609e+01	3.645366e+01	1.952616e+16
3049	5.859092e+15	2.439684e+01	3.710890e+01	2.644135e+16
3050	5.859476e+15	2.283129e+01	3.659093e+01	2.104866e+16
3051	5.859859e+15	2.253953e+01	3.678214e+01	2.774260e+16
3052	5.860239e+15	2.050309e+01	3.435195e+01	1.715328e+16
3053	5.860632e+15	1.924868e+01	3.391451e+01	1.891436e+16
3054	5.861049e+15	2.078413e+01	3.738817e+01	1.766823e+16
3055	5.861462e+15	2.010408e+01	3.569199e+01	2.096961e+16
3056	5.861887e+15	2.072262e+01	3.726997e+01	1.811072e+16
3057	5.862309e+15	1.883707e+01	3.547738e+01	1.593701e+16
3058	5.862743e+15	2.141426e+01	3.818710e+01	2.487638e+16
3059	5.863167e+15	2.885614e+01	4.622982e+01	1.619630e+16
3060	5.863515e+15	2.720701e+01	4.070364e+01	1.776222e+16
3061	5.863838e+15	2.811921e+01	3.981604e+01	1.881220e+16
3062	5.864139e+15	2.868859e+01	3.908076e+01	2.527142e+16
3063	5.864423e+15	2.886180e+01	3.780853e+01	1.480625e+16
3064	5.864693e+15	2.660973e+01	3.339854e+01	9.791653e+15
3065	5.864974e+15	3.068845e+01	3.639823e+01	2.297260e+16
3066	5.865244e+15	2.829429e+01	3.220190e+01	1.089038e+16
3067	5.865529e+15	2.801674e+01	3.355576e+01	1.124647e+16
3068	5.865818e+15	2.503157e+01	3.055237e+01	1.192040e+16
3069	5.866137e+15	2.531823e+01	3.022318e+01	1.324979e+16
3070	5.866490e+15	2.759987e+01	3.446054e+01	1.242182e+16
3071	5.866847e+15	1.906817e+01	2.965343e+01	1.516066e+16
3072	5.867256e+15	1.700798e+01	3.122036e+01	1.545426e+16
3073	5.867709e+15	1.872773e+01	3.405288e+01	2.496486e+16
3074	5.868179e+15	1.996834e+01	3.514461e+01	2.823161e+16
3075	5.868655e+15	2.142073e+01	3.582516e+01	2.071956e+16
3076	5.869127e+15	1.897025e+01	3.235856e+01	2.000416e+16
3077	5.869632e+15	1.896946e+01	3.605876e+01	2.362151e+16
3078	5.870136e+15	2.040703e+01	4.079327e+01	2.360463e+16
3079	5.870593e+15	2.224328e+01	4.538517e+01	2.692265e+16
3080	5.870980e+15	1.526024e+01	3.150733e+01	1.686881e+16
3081	5.871407e+15	1.689612e+01	3.313148e+01	2.489448e+16
3082	5.871859e+15	2.046336e+01	3.722187e+01	2.447780e+16
3083	5.872293e+15	2.218942e+01	3.729715e+01	2.448789e+16
3084	5.872708e+15	2.304093e+01	3.325281e+01	3.271413e+16
3085	5.873141e+15	2.610561e+01	3.609840e+01	2.118146e+16
3086	5.873561e+15	2.660009e+01	3.653194e+01	1.449784e+16
3087	5.873964e+15	2.508470e+01	3.528320e+01	1.269631e+16
3088	5.874361e+15	2.276739e+01	3.376178e+01	1.765284e+16
3089	5.874761e+15	2.276804e+01	3.402064e+01	3.276683e+16
3090	5.875161e+15	2.315498e+01	3.387071e+01	2.863237e+16
3091	5.875563e+15	2.474602e+01	3.386044e+01	1.871340e+16
3092	5.875967e+15	2.557976e+01	3.512266e+01	2.139775e+16
3093	5.876363e+15	2.708359e+01	3.499986e+01	1.746564e+16
3094	5.876749e+15	2.575278e+01	3.152293e+01	2.028718e+16
3095	5.877149e+15	2.690588e+01	3.440515e+01	2.549529e+16
3096	5.877533e+15	2.409502e+01	3.055126e+01	1.742766e+16
3097	5.877937e+15	2.587057e+01	3.231692e+01	2.024210e+16
3098	5.878343e+15	2.686011e+01	3.420846e+01	1.716538e+16
3099	5.878735e+15	2.417908e+01	3.166626e+01	2.897585e+16
3100	5.879133e+15	2.388172e+01	3.256791e+01	2.087571e+16
3101	5.879528e+15	2.217617e+01	3.093783e+01	1.046797e+16
3102	5.879929e+15	2.323701e+01	3.165456e+01	1.619848e+16
3103	5.880327e+15	2.419635e+01	3.114143e+01	1.092427e+16
3104	5.880721e+15	2.468939e+01	3.138173e+01	1.786583e+16
3105	5.881106e+15	2.538412e+01	3.164183e+01	2.182427e+16
3106	5.881483e+15	2.485470e+01	3.148814e+01	1.268461e+16
3107	5.881856e+15	2.434990e+01	3.166221e+01	1.560390e+16
3108	5.882227e+15	2.408090e+01	3.117785e+01	9.001493e+15
3109	5.882598e+15	2.523482e+01	3.145601e+01	3.493158e+16
3110	5.882964e+15	2.475025e+01	3.008903e+01	1.749029e+16
3111	5.883338e+15	2.607348e+01	3.068418e+01	1.446772e+16
3112	5.883710e+15	2.607368e+01	3.093205e+01	1.896363e+16
3113	5.884074e+15	2.255726e+01	2.667424e+01	1.723777e+16
3114	5.884473e+15	2.417212e+01	3.065663e+01	3.099074e+16
3115	5.884875e+15	2.382642e+01	3.214193e+01	1.709515e+16
3116	5.885269e+15	2.151404e+01	3.009504e+01	2.093435e+16
3117	5.885672e+15	2.473962e+01	3.399035e+01	2.097513e+16
3118	5.886049e+15	2.347289e+01	2.981585e+01	1.749499e+16
3119	5.886436e+15	2.276686e+01	3.081619e+01	2.168824e+16
3120	5.886818e+15	2.194509e+01	2.917162e+01	1.443184e+16
3121	5.887207e+15	2.138875e+01	2.577637e+01	1.688483e+16
3122	5.887635e+15	2.391486e+01	3.043973e+01	1.935209e+16
3123	5.888054e+15	2.180358e+01	3.015873e+01	1.529162e+16
3124	5.888469e+15	1.812151e+01	2.819667e+01	1.928816e+16
3125	5.888902e+15	1.876413e+01	2.978531e+01	2.390298e+16
3126	5.889331e+15	1.856636e+01	2.969943e+01	2.482599e+16
3127	5.889761e+15	1.937313e+01	3.118512e+01	2.047535e+16
3128	5.890183e+15	2.159992e+01	3.255315e+01	1.743469e+16
3129	5.890580e+15	2.233535e+01	3.156302e+01	1.235640e+16
3130	5.890966e+15	2.347122e+01	3.171329e+01	2.239366e+16
3131	5.891338e+15	2.400171e+01	3.077678e+01	2.345297e+16
3132	5.891704e+15	2.354406e+01	2.950207e+01	2.432092e+16
3133	5.892067e+15	2.229836e+01	2.814464e+01	1.731584e+16
3134	5.892436e+15	2.241688e+01	2.879132e+01	1.388701e+16
3135	5.892803e+15	2.244406e+01	2.752994e+01	2.357074e+16
3136	5.893180e+15	2.372697e+01	2.848340e+01	1.925846e+16
3137	5.893559e+15	2.297886e+01	2.822241e+01	1.601402e+16
3138	5.893945e+15	2.168504e+01	2.845417e+01	2.118663e+16
3139	5.894334e+15	1.916064e+01	2.731310e+01	1.696235e+16
3140	5.894743e+15	1.790517e+01	2.755524e+01	2.072913e+16
3141	5.895170e+15	1.881777e+01	2.896668e+01	1.632574e+16
3142	5.895602e+15	2.216065e+01	3.391225e+01	2.500207e+16
3143	5.895988e+15	1.907177e+01	2.784674e+01	1.917745e+16
3144	5.896397e+15	2.195756e+01	3.247207e+01	2.713004e+16
3145	5.896782e+15	2.106396e+01	2.962400e+01	2.425503e+16
3146	5.897169e+15	2.024658e+01	2.714614e+01	2.326311e+16
3147	5.897592e+15	2.380229e+01	3.325497e+01	1.662992e+16
3148	5.897989e+15	2.172050e+01	3.206373e+01	2.082866e+16
3149	5.898374e+15	1.976397e+01	3.024819e+01	1.990056e+16
3150	5.898763e+15	1.909492e+01	3.106799e+01	1.782883e+16
3151	5.899148e+15	2.088063e+01	3.151112e+01	1.417622e+16
3152	5.899524e+15	2.428975e+01	3.054832e+01	1.752893e+16
3153	5.899900e+15	2.750133e+01	3.119255e+01	2.573750e+16
3154	5.900265e+15	2.714490e+01	3.031985e+01	2.851562e+16
3155	5.900626e+15	2.480886e+01	2.873347e+01	1.798329e+16
3156	5.901002e+15	2.398454e+01	3.004816e+01	2.900976e+16
3157	5.901382e+15	2.314189e+01	3.003175e+01	2.116354e+16
3158	5.901765e+15	2.207947e+01	2.972965e+01	1.747755e+16
3159	5.902153e+15	2.109465e+01	2.909307e+01	3.045094e+16
3160	5.902556e+15	2.185590e+01	3.118593e+01	2.289729e+16
3161	5.902952e+15	2.138658e+01	2.909441e+01	1.361683e+16
3162	5.903360e+15	2.277313e+01	3.031839e+01	2.106632e+16
3163	5.903769e+15	2.284577e+01	3.061979e+01	2.073985e+16
3164	5.904180e+15	2.241480e+01	3.155529e+01	1.918166e+16
3165	5.904588e+15	2.273559e+01	3.213383e+01	1.797215e+16
3166	5.904991e+15	2.250084e+01	3.189578e+01	3.028681e+16
3167	5.905388e+15	1.963897e+01	2.909171e+01	1.743907e+16
3168	5.905812e+15	2.311585e+01	3.265381e+01	1.987050e+16
3169	5.906225e+15	2.490893e+01	3.433850e+01	2.819100e+16
3170	5.906607e+15	2.202403e+01	2.930101e+01	2.143843e+16
3171	5.907009e+15	2.693858e+01	3.452055e+01	1.661446e+16
3172	5.907377e+15	3.469437e+01	4.220955e+01	1.446123e+16
3173	5.907655e+15	2.591342e+01	3.075079e+01	2.510364e+16
3174	5.907932e+15	2.848967e+01	3.129726e+01	1.602567e+16
3175	5.908204e+15	2.826371e+01	2.770464e+01	1.589298e+16
3176	5.908500e+15	3.187724e+01	3.121527e+01	1.570667e+16
3177	5.908794e+15	2.562398e+01	2.574285e+01	9.843636e+15
3178	5.909131e+15	2.692367e+01	2.884334e+01	2.813180e+16
3179	5.909487e+15	2.569319e+01	3.003242e+01	1.525474e+16
3180	5.909855e+15	2.027588e+01	2.803783e+01	1.239570e+16
3181	5.910256e+15	1.878721e+01	2.840282e+01	4.244258e+16
3182	5.910692e+15	2.110418e+01	3.239925e+01	1.536845e+16
3183	5.911116e+15	2.158181e+01	3.212302e+01	2.668978e+16
3184	5.911530e+15	2.353138e+01	3.289398e+01	2.063309e+16
3185	5.911929e+15	2.424137e+01	3.204740e+01	1.432802e+16
3186	5.912315e+15	2.178859e+01	2.915100e+01	2.265846e+16
3187	5.912717e+15	2.394262e+01	3.248402e+01	1.384727e+16
3188	5.913102e+15	2.153230e+01	2.815639e+01	1.327272e+16
3189	5.913507e+15	2.316862e+01	3.092262e+01	1.826081e+16
3190	5.913909e+15	2.219183e+01	2.957561e+01	1.890658e+16
3191	5.914317e+15	2.165327e+01	2.889871e+01	1.871105e+16
3192	5.914736e+15	2.504670e+01	3.226321e+01	1.856292e+16
3193	5.915134e+15	2.238605e+01	2.940113e+01	1.792349e+16
3194	5.915544e+15	2.244302e+01	3.150505e+01	3.146137e+16
3195	5.915950e+15	2.265745e+01	3.179218e+01	1.518835e+16
3196	5.916350e+15	2.083282e+01	2.974280e+01	3.282068e+16
3197	5.916761e+15	2.143032e+01	3.174334e+01	1.295787e+16
3198	5.917167e+15	1.940783e+01	2.920940e+01	2.235232e+16
3199	5.917597e+15	2.134839e+01	3.252264e+01	2.311132e+16
3200	5.918016e+15	2.175433e+01	3.202574e+01	2.024964e+16
3201	5.918425e+15	2.138497e+01	3.104164e+01	2.408070e+16
3202	5.918833e+15	2.219894e+01	3.122981e+01	2.125633e+16
3203	5.919235e+15	2.264301e+01	3.152351e+01	1.855139e+16
3204	5.919625e+15	2.306907e+01	3.099117e+01	2.483991e+16
3205	5.920009e+15	2.395787e+01	3.065181e+01	1.248886e+16
3206	5.920390e+15	2.511784e+01	3.102247e+01	2.233010e+16
3207	5.920760e+15	2.396229e+01	2.866069e+01	1.005800e+16
3208	5.921140e+15	2.305578e+01	2.851944e+01	2.466293e+16
3209	5.921534e+15	2.229259e+01	2.822408e+01	1.717337e+16
3210	5.921950e+15	2.413407e+01	3.047569e+01	1.710736e+16
3211	5.922364e+15	2.104716e+01	2.832676e+01	2.174889e+16
3212	5.922800e+15	2.329034e+01	3.252543e+01	3.140917e+16
3213	5.923220e+15	2.282192e+01	3.079873e+01	2.784395e+16
3214	5.923646e+15	2.406766e+01	3.238088e+01	3.109019e+16
3215	5.924060e+15	2.493033e+01	3.031535e+01	1.059189e+16
3216	5.924472e+15	2.612573e+01	3.078683e+01	2.124057e+16
3217	5.924874e+15	2.419290e+01	2.978187e+01	6.390776e+15
3218	5.925281e+15	2.506262e+01	3.038867e+01	2.798971e+16
3219	5.925694e+15	2.620871e+01	3.251502e+01	2.273868e+16
3220	5.926096e+15	2.455043e+01	3.158453e+01	2.938027e+16
3221	5.926494e+15	2.339428e+01	3.141952e+01	1.193248e+16
3222	5.926885e+15	2.237786e+01	3.150442e+01	2.046012e+16
3223	5.927270e+15	2.335566e+01	3.147036e+01	2.146890e+16
3224	5.927646e+15	2.473409e+01	3.081364e+01	1.957395e+16
3225	5.928022e+15	2.658029e+01	3.115780e+01	2.057184e+16
3226	5.928394e+15	2.653207e+01	3.022457e+01	1.967168e+16
3227	5.928765e+15	2.512635e+01	2.867636e+01	1.946945e+16
3228	5.929152e+15	2.541862e+01	3.037898e+01	9.928026e+15
3229	5.929544e+15	2.400333e+01	2.919325e+01	1.835513e+16
3230	5.929955e+15	2.389278e+01	3.072293e+01	2.055973e+16
3231	5.930375e+15	2.267442e+01	3.109821e+01	2.471351e+16
3232	5.930803e+15	2.165046e+01	3.212789e+01	3.308088e+16
3233	5.931230e+15	2.116789e+01	3.288002e+01	1.883523e+16
3234	5.931654e+15	2.145923e+01	3.255681e+01	1.918583e+16
3235	5.932072e+15	2.279477e+01	3.271342e+01	2.375977e+16
3236	5.932478e+15	2.294245e+01	3.155282e+01	2.385876e+16
3237	5.932881e+15	2.325239e+01	3.096590e+01	1.732941e+16
3238	5.933292e+15	2.491291e+01	3.243489e+01	1.366254e+16
3239	5.933693e+15	2.220504e+01	2.992613e+01	1.608826e+16
3240	5.934105e+15	2.362549e+01	3.156455e+01	1.689394e+16
3241	5.934514e+15	2.604724e+01	3.419507e+01	1.856782e+16
3242	5.934898e+15	2.121356e+01	2.781643e+01	1.362854e+16
3243	5.935319e+15	2.439132e+01	3.205410e+01	2.758190e+16
3244	5.935734e+15	2.374372e+01	3.267115e+01	2.813336e+16
3245	5.936140e+15	2.205052e+01	3.184142e+01	2.212125e+16
3246	5.936549e+15	2.129576e+01	3.121980e+01	1.716996e+16
3247	5.936968e+15	2.171340e+01	3.174600e+01	2.000384e+16
3248	5.937392e+15	2.116841e+01	3.136464e+01	1.702384e+16
3249	5.937825e+15	2.274044e+01	3.260723e+01	1.803440e+16
3250	5.938256e+15	2.407655e+01	3.317416e+01	2.295319e+16
3251	5.938680e+15	2.396032e+01	3.284852e+01	3.086080e+16
3252	5.939106e+15	2.625216e+01	3.389537e+01	1.976270e+16
3253	5.939523e+15	2.600607e+01	3.309086e+01	2.814525e+16
3254	5.939938e+15	2.691375e+01	3.343363e+01	2.477108e+16
3255	5.940350e+15	2.600482e+01	3.272728e+01	2.107605e+16
3256	5.940760e+15	2.653200e+01	3.447297e+01	2.707506e+16
3257	5.941158e+15	2.319269e+01	3.151935e+01	2.724379e+16
3258	5.941568e+15	2.419262e+01	3.261515e+01	3.092481e+16
3259	5.941981e+15	2.409800e+01	3.262099e+01	2.641072e+16
3260	5.942393e+15	2.398747e+01	3.240265e+01	1.921033e+16
3261	5.942806e+15	2.468733e+01	3.167576e+01	2.504297e+16
3262	5.943228e+15	2.565346e+01	3.283842e+01	2.112738e+16
3263	5.943644e+15	2.398629e+01	3.163307e+01	2.400291e+16
3264	5.944067e+15	2.342732e+01	3.237828e+01	2.017432e+16
3265	5.944497e+15	2.115423e+01	3.110191e+01	3.045722e+16
3266	5.944950e+15	2.271902e+01	3.389094e+01	3.711126e+16
3267	5.945398e+15	2.379920e+01	3.506107e+01	2.342467e+16
3268	5.945826e+15	2.405893e+01	3.369978e+01	3.469338e+16
3269	5.946244e+15	2.670187e+01	3.592797e+01	2.001785e+16
3270	5.946626e+15	2.221550e+01	2.954631e+01	1.686925e+16
3271	5.947031e+15	2.636938e+01	3.416194e+01	1.275886e+16
3272	5.947417e+15	2.570746e+01	3.093582e+01	1.669524e+16
3273	5.947806e+15	2.564320e+01	3.119131e+01	2.467674e+16
3274	5.948193e+15	2.635032e+01	3.225784e+01	1.742300e+16
3275	5.948567e+15	2.469337e+01	2.795718e+01	1.869491e+16
3276	5.948968e+15	2.910603e+01	3.276635e+01	1.669726e+16
3277	5.949351e+15	2.959600e+01	3.165684e+01	7.297896e+15
3278	5.949723e+15	2.675914e+01	3.115037e+01	1.444789e+16
3279	5.950094e+15	2.498660e+01	2.970125e+01	1.441006e+16
3280	5.950468e+15	2.186162e+01	2.683378e+01	1.758400e+16
3281	5.950869e+15	2.507470e+01	3.110880e+01	2.456048e+16
3282	5.951256e+15	2.308408e+01	2.837812e+01	1.544890e+16
3283	5.951655e+15	2.366852e+01	2.945263e+01	2.245423e+16
3284	5.952058e+15	2.486869e+01	3.258000e+01	1.333316e+16
3285	5.952437e+15	1.922277e+01	2.706513e+01	1.962163e+16
3286	5.952850e+15	2.298366e+01	3.170761e+01	1.800775e+16
3287	5.953246e+15	2.361757e+01	2.880908e+01	1.742437e+16
3288	5.953646e+15	2.476814e+01	2.841750e+01	1.419659e+16
3289	5.954047e+15	2.689388e+01	3.169304e+01	1.044940e+16
3290	5.954420e+15	2.452028e+01	2.751950e+01	1.646799e+16
3291	5.954809e+15	2.687409e+01	3.103502e+01	1.384183e+16
3292	5.955183e+15	2.278754e+01	2.751728e+01	9.995277e+15
3293	5.955577e+15	2.090193e+01	2.807008e+01	3.058517e+16
3294	5.955995e+15	2.217892e+01	3.383231e+01	3.543576e+16
3295	5.956382e+15	2.010888e+01	3.026660e+01	2.810560e+16
3296	5.956780e+15	2.287139e+01	3.341202e+01	3.353824e+16
3297	5.957159e+15	2.265518e+01	3.110166e+01	2.831670e+16
3298	5.957538e+15	2.303593e+01	3.247251e+01	3.604172e+16
3299	5.957905e+15	2.181248e+01	2.986202e+01	3.364460e+16
3300	5.958282e+15	2.464103e+01	3.059186e+01	1.802222e+16
3301	5.958661e+15	2.519985e+01	3.046324e+01	2.227166e+16
3302	5.959042e+15	2.392651e+01	3.010812e+01	2.191831e+16
3303	5.959429e+15	2.167316e+01	2.913739e+01	2.128441e+16
3304	5.959832e+15	2.273446e+01	3.177573e+01	2.527029e+16
3305	5.960228e+15	2.490089e+01	3.172231e+01	2.788032e+16
3306	5.960611e+15	2.544688e+01	2.909040e+01	2.764662e+16
3307	5.960998e+15	2.994522e+01	3.225791e+01	1.550647e+16
3308	5.961359e+15	2.654484e+01	2.658894e+01	2.424319e+16
3309	5.961750e+15	2.832502e+01	2.908208e+01	2.077072e+16
3310	5.962143e+15	2.910210e+01	3.061208e+01	2.094460e+16
3311	5.962523e+15	2.465998e+01	2.844669e+01	1.927625e+16
3312	5.962913e+15	2.189593e+01	2.779332e+01	2.097836e+16
3313	5.963321e+15	2.351601e+01	3.042254e+01	1.780300e+16
3314	5.963717e+15	2.213481e+01	2.889578e+01	9.530042e+15
3315	5.964123e+15	2.301046e+01	2.972870e+01	2.015300e+16
3316	5.964530e+15	2.595091e+01	3.252270e+01	2.524224e+16
3317	5.964910e+15	2.534020e+01	2.827430e+01	1.598475e+16
3318	5.965302e+15	2.746634e+01	2.902016e+01	1.610363e+16
3319	5.965694e+15	2.505888e+01	2.778960e+01	2.042646e+16
3320	5.966102e+15	2.504507e+01	2.988607e+01	1.009280e+16
3321	5.966501e+15	2.355211e+01	2.832735e+01	1.830456e+16
3322	5.966907e+15	2.401352e+01	3.014913e+01	3.274648e+16
3323	5.967304e+15	2.271664e+01	2.938543e+01	1.492672e+16
3324	5.967702e+15	2.246663e+01	2.966212e+01	1.157869e+16
3325	5.968101e+15	2.445586e+01	3.041085e+01	2.143414e+16
3326	5.968491e+15	2.422395e+01	2.987078e+01	2.528920e+16
3327	5.968873e+15	2.334788e+01	2.773170e+01	1.125984e+16
3328	5.969269e+15	2.555165e+01	2.854834e+01	2.207831e+16
3329	5.969671e+15	2.653056e+01	2.942394e+01	1.223434e+16
3330	5.970068e+15	2.617423e+01	2.927248e+01	2.231033e+16
3331	5.970463e+15	2.660580e+01	3.026842e+01	1.841909e+16
3332	5.970848e+15	2.572457e+01	2.882104e+01	1.116282e+16
3333	5.971235e+15	2.601545e+01	2.842822e+01	1.455692e+16
3334	5.971630e+15	2.812736e+01	2.988044e+01	1.955127e+16
3335	5.972014e+15	2.696017e+01	2.825383e+01	3.215731e+16
3336	5.972405e+15	2.689016e+01	2.738499e+01	1.501060e+16
3337	5.972808e+15	2.781686e+01	2.815489e+01	1.870707e+16
3338	5.973211e+15	2.714406e+01	2.772176e+01	1.916414e+16
3339	5.973625e+15	2.562985e+01	2.790989e+01	2.277815e+16
3340	5.974050e+15	2.948225e+01	3.308757e+01	2.517523e+16
3341	5.974428e+15	2.210132e+01	2.479617e+01	2.472927e+16
3342	5.974851e+15	2.675420e+01	3.064351e+01	1.596585e+16
3343	5.975258e+15	2.579343e+01	3.071018e+01	1.145597e+16
3344	5.975649e+15	2.284850e+01	2.911551e+01	1.942638e+16
3345	5.976043e+15	2.443570e+01	2.979699e+01	2.088834e+16
3346	5.976435e+15	2.711299e+01	3.007426e+01	1.797724e+16
3347	5.976817e+15	2.647613e+01	2.824869e+01	2.036997e+16
3348	5.977204e+15	2.822824e+01	2.962073e+01	2.554004e+16
3349	5.977581e+15	2.422168e+01	2.578666e+01	1.085705e+16
3350	5.977995e+15	2.555438e+01	3.229296e+01	1.628611e+16
3351	5.978389e+15	2.426973e+01	3.294726e+01	2.544172e+16
3352	5.978766e+15	2.129660e+01	3.044192e+01	1.296468e+16
3353	5.979145e+15	2.032605e+01	2.972332e+01	2.440480e+16
3354	5.979527e+15	2.231003e+01	3.055168e+01	1.817430e+16
3355	5.979899e+15	2.494845e+01	3.022434e+01	2.471936e+16
3356	5.980261e+15	2.769849e+01	2.907163e+01	2.306653e+16
3357	5.980623e+15	2.554370e+01	2.488869e+01	9.027351e+15
3358	5.981029e+15	2.841680e+01	2.896524e+01	1.563888e+16
3359	5.981432e+15	2.503043e+01	2.836495e+01	2.866697e+16
3360	5.981841e+15	2.334154e+01	2.907491e+01	9.784233e+15
3361	5.982251e+15	2.400886e+01	3.021670e+01	2.803823e+16
3362	5.982647e+15	2.098437e+01	2.633026e+01	1.744286e+16
3363	5.983073e+15	2.268119e+01	3.113292e+01	1.068890e+16
3364	5.983477e+15	2.095489e+01	2.812508e+01	1.376939e+16
3365	5.983891e+15	2.231524e+01	2.896685e+01	2.107160e+16
3366	5.984304e+15	2.153539e+01	2.829246e+01	1.810354e+16
3367	5.984724e+15	2.219700e+01	2.939267e+01	1.808285e+16
3368	5.985137e+15	2.231325e+01	2.911186e+01	1.997518e+16
3369	5.985543e+15	2.241911e+01	2.754306e+01	1.763939e+16
3370	5.985961e+15	2.527661e+01	2.952392e+01	2.484429e+16
3371	5.986360e+15	2.495610e+01	2.864675e+01	1.394060e+16
3372	5.986750e+15	2.390529e+01	2.769811e+01	2.333653e+16
3373	5.987140e+15	2.325423e+01	2.727158e+01	1.494012e+16
3374	5.987530e+15	2.089135e+01	2.515908e+01	2.383315e+16
3375	5.987947e+15	2.236970e+01	2.772336e+01	2.154417e+16
3376	5.988364e+15	2.317787e+01	3.009220e+01	2.566259e+16
3377	5.988767e+15	2.246257e+01	2.966465e+01	2.497078e+16
3378	5.989163e+15	2.387002e+01	3.062875e+01	2.263805e+16
3379	5.989546e+15	2.304408e+01	2.895026e+01	2.072186e+16
3380	5.989929e+15	2.203231e+01	2.908070e+01	1.432170e+16
3381	5.990311e+15	2.267531e+01	2.983008e+01	1.854237e+16
3382	5.990687e+15	2.115392e+01	2.680145e+01	1.755217e+16
3383	5.991087e+15	2.406524e+01	3.056265e+01	1.628914e+16
3384	5.991477e+15	2.305495e+01	2.954142e+01	2.186613e+16
3385	5.991866e+15	2.025057e+01	2.756433e+01	2.822344e+16
3386	5.992265e+15	1.953544e+01	2.769284e+01	1.698243e+16
3387	5.992671e+15	2.240269e+01	2.816567e+01	1.737213e+16
3388	5.993067e+15	2.462218e+01	2.847964e+01	1.992090e+16
3389	5.993453e+15	2.459798e+01	2.743825e+01	2.090230e+16
3390	5.993845e+15	2.384922e+01	2.721507e+01	1.948225e+16
3391	5.994244e+15	2.438546e+01	2.790757e+01	1.670401e+16
3392	5.994646e+15	2.374119e+01	2.759386e+01	2.083691e+16
3393	5.995059e+15	2.412264e+01	2.890898e+01	2.489509e+16
3394	5.995467e+15	2.511794e+01	2.908074e+01	2.910584e+16
3395	5.995867e+15	2.463395e+01	2.774035e+01	2.837129e+16
3396	5.996274e+15	2.594214e+01	2.794199e+01	2.431816e+16
3397	5.996679e+15	2.697073e+01	2.921715e+01	2.293673e+16
3398	5.997066e+15	2.461673e+01	2.573315e+01	1.892592e+16
3399	5.997469e+15	2.747809e+01	2.778256e+01	1.574439e+16
3400	5.997864e+15	2.532676e+01	2.776074e+01	1.642341e+16
3401	5.998258e+15	2.643694e+01	3.022486e+01	1.697038e+16
3402	5.998633e+15	2.303014e+01	2.581890e+01	1.624501e+16
3403	5.999031e+15	2.599660e+01	2.856476e+01	3.062691e+16
3404	5.999420e+15	2.660760e+01	2.667978e+01	2.415679e+16
3405	5.999819e+15	2.888046e+01	2.729770e+01	1.560289e+16
3406	6.000218e+15	2.913264e+01	2.764702e+01	1.621155e+16
3407	6.000615e+15	2.704830e+01	2.730662e+01	1.363550e+16
3408	6.001014e+15	2.628942e+01	2.789335e+01	2.163878e+16
3409	6.001411e+15	2.427288e+01	2.692144e+01	1.986393e+16
3410	6.001812e+15	2.471664e+01	2.754090e+01	2.858913e+16
3411	6.002206e+15	2.421416e+01	2.676372e+01	1.760455e+16
3412	6.002609e+15	2.522597e+01	2.780192e+01	1.052083e+16
3413	6.003008e+15	2.495781e+01	2.760868e+01	1.193753e+16
3414	6.003405e+15	2.435330e+01	2.677576e+01	3.782405e+16
3415	6.003806e+15	2.446567e+01	2.653311e+01	1.406855e+16
3416	6.004211e+15	2.372221e+01	2.637836e+01	2.601224e+16
3417	6.004623e+15	2.366924e+01	2.641853e+01	1.115537e+16
3418	6.005036e+15	2.419917e+01	2.681112e+01	2.121516e+16
3419	6.005441e+15	2.552731e+01	2.715069e+01	2.203329e+16
3420	6.005836e+15	2.534367e+01	2.679941e+01	1.447483e+16
3421	6.006223e+15	2.484063e+01	2.660867e+01	9.109096e+15
3422	6.006609e+15	2.516855e+01	2.703913e+01	1.061720e+16
3423	6.006990e+15	2.408126e+01	2.591247e+01	2.181029e+16
3424	6.007374e+15	2.434880e+01	2.626247e+01	1.229015e+16
3425	6.007754e+15	2.487789e+01	2.617169e+01	2.328577e+16
3426	6.008130e+15	2.361396e+01	2.509124e+01	1.334932e+16
3427	6.008512e+15	2.487267e+01	2.491672e+01	1.759706e+16
3428	6.008898e+15	2.563128e+01	2.606659e+01	1.497534e+16
3429	6.009271e+15	2.075718e+01	2.184045e+01	7.132023e+15
3430	6.009685e+15	2.309886e+01	2.498809e+01	1.504111e+16
3431	6.010102e+15	2.428559e+01	2.655178e+01	2.792629e+16
3432	6.010504e+15	2.158969e+01	2.460644e+01	1.996115e+16
3433	6.010922e+15	2.373655e+01	2.730756e+01	2.031316e+16
3434	6.011328e+15	2.174279e+01	2.620088e+01	2.204041e+16
3435	6.011742e+15	2.376288e+01	2.894097e+01	1.878462e+16
3436	6.012132e+15	2.022481e+01	2.562492e+01	1.311754e+16
3437	6.012533e+15	2.472081e+01	2.790621e+01	2.237788e+16
3438	6.012919e+15	2.580456e+01	2.634214e+01	2.238680e+16
3439	6.013309e+15	2.844669e+01	2.754883e+01	1.928542e+16
3440	6.013690e+15	2.754156e+01	2.664087e+01	2.216224e+16
3441	6.014070e+15	2.696006e+01	2.673049e+01	3.109441e+16
3442	6.014446e+15	2.501671e+01	2.566386e+01	1.637311e+16
3443	6.014824e+15	2.479796e+01	2.508280e+01	1.472615e+16
3444	6.015210e+15	2.718413e+01	2.591320e+01	1.295339e+16
3445	6.015587e+15	2.643084e+01	2.573134e+01	1.693005e+16
3446	6.015965e+15	2.636455e+01	2.594015e+01	1.166233e+16
3447	6.016345e+15	2.604517e+01	2.733508e+01	1.728356e+16
3448	6.016718e+15	2.496220e+01	2.564183e+01	2.052627e+16
3449	6.017095e+15	2.490100e+01	2.602056e+01	2.244759e+16
3450	6.017469e+15	2.437479e+01	2.573165e+01	1.630580e+16
3451	6.017849e+15	2.378764e+01	2.537021e+01	2.149265e+16
3452	6.018235e+15	2.562825e+01	2.631704e+01	1.433989e+16
3453	6.018613e+15	2.484205e+01	2.523710e+01	1.394020e+16
3454	6.018996e+15	2.349838e+01	2.376008e+01	2.052130e+16
3455	6.019394e+15	2.469005e+01	2.537925e+01	1.467317e+16
3456	6.019787e+15	2.236977e+01	2.397418e+01	1.722073e+16
3457	6.020203e+15	2.425724e+01	2.778712e+01	1.724858e+16
3458	6.020600e+15	2.253391e+01	2.707222e+01	1.364486e+16
3459	6.020990e+15	2.166884e+01	2.781713e+01	2.193703e+16
3460	6.021369e+15	2.081566e+01	2.638882e+01	2.048498e+16
3461	6.021751e+15	2.256267e+01	2.732397e+01	1.882554e+16
3462	6.022124e+15	2.472829e+01	2.735211e+01	1.719917e+16
3463	6.022486e+15	2.537438e+01	2.453863e+01	2.264466e+16
3464	6.022866e+15	2.733837e+01	2.560514e+01	2.653622e+16
3465	6.023253e+15	2.561732e+01	2.585384e+01	1.183747e+16
3466	6.023646e+15	2.484351e+01	2.704857e+01	2.618358e+16
3467	6.024030e+15	2.184149e+01	2.565554e+01	1.768021e+16
3468	6.024421e+15	2.278903e+01	2.775856e+01	1.910464e+16
3469	6.024795e+15	2.218669e+01	2.729844e+01	8.066243e+15
3470	6.025157e+15	2.389945e+01	2.685660e+01	1.940617e+16
3471	6.025513e+15	2.590469e+01	2.600507e+01	1.588506e+16
3472	6.025867e+15	2.649625e+01	2.593801e+01	1.166752e+16
3473	6.026219e+15	2.621967e+01	2.603947e+01	2.471251e+16
3474	6.026570e+15	2.567508e+01	2.541100e+01	2.341150e+16
3475	6.026925e+15	2.622239e+01	2.571795e+01	1.938128e+16
3476	6.027285e+15	2.582759e+01	2.661201e+01	3.091787e+16
3477	6.027637e+15	2.466421e+01	2.604295e+01	1.630561e+16
3478	6.027988e+15	2.272014e+01	2.535714e+01	1.395317e+16
3479	6.028346e+15	2.086262e+01	2.477047e+01	2.158407e+16
3480	6.028716e+15	2.073552e+01	2.576752e+01	2.089604e+16
3481	6.029091e+15	2.241090e+01	2.651490e+01	1.336602e+16
3482	6.029459e+15	2.355949e+01	2.650049e+01	1.873404e+16
3483	6.029824e+15	2.539354e+01	2.612235e+01	2.051919e+16
3484	6.030187e+15	2.397897e+01	2.487321e+01	1.263452e+16
3485	6.030565e+15	2.472345e+01	2.713337e+01	1.947413e+16
3486	6.030935e+15	2.130698e+01	2.565157e+01	2.305200e+16
3487	6.031317e+15	2.266972e+01	2.723188e+01	1.397798e+16
3488	6.031692e+15	2.170863e+01	2.615686e+01	1.630513e+16
3489	6.032073e+15	2.149939e+01	2.750816e+01	2.636365e+16
3490	6.032450e+15	2.169148e+01	2.727045e+01	1.156710e+16
3491	6.032821e+15	2.182713e+01	2.682471e+01	2.247632e+16
3492	6.033187e+15	2.308183e+01	2.693995e+01	1.850028e+16
3493	6.033549e+15	2.349287e+01	2.693957e+01	1.037789e+16
3494	6.033904e+15	2.158198e+01	2.621920e+01	1.668448e+16
3495	6.034264e+15	2.137990e+01	2.597096e+01	8.195723e+15
3496	6.034633e+15	2.407000e+01	2.775836e+01	1.222684e+16
3497	6.034990e+15	2.497966e+01	2.707072e+01	1.758440e+16
3498	6.035343e+15	2.556032e+01	2.685037e+01	1.918581e+16
3499	6.035691e+15	2.535873e+01	2.667824e+01	1.600670e+16
3500	6.036032e+15	2.395932e+01	2.477702e+01	1.335112e+16
3501	6.036383e+15	2.536496e+01	2.612834e+01	9.553356e+15
3502	6.036731e+15	2.457158e+01	2.609946e+01	2.162287e+16
3503	6.037077e+15	2.188777e+01	2.378292e+01	1.706615e+16
3504	6.037447e+15	2.286630e+01	2.588290e+01	1.885106e+16
3505	6.037820e+15	2.236957e+01	2.756734e+01	1.944826e+16
3506	6.038187e+15	2.046535e+01	2.770295e+01	1.082931e+16
3507	6.038557e+15	2.112488e+01	2.775047e+01	1.090302e+16
3508	6.038933e+15	2.253716e+01	2.985117e+01	2.207211e+16
3509	6.039288e+15	2.114499e+01	2.870984e+01	2.232594e+16
3510	6.039636e+15	2.382598e+01	2.906810e+01	1.736157e+16
3511	6.039972e+15	2.617937e+01	2.678897e+01	2.072567e+16
3512	6.040316e+15	2.763368e+01	2.886354e+01	1.411073e+16
3513	6.040648e+15	2.557616e+01	2.690803e+01	1.691465e+16
3514	6.040988e+15	2.631519e+01	2.723287e+01	1.041821e+16
3515	6.041332e+15	2.517002e+01	2.615941e+01	2.376989e+16
3516	6.041688e+15	2.394604e+01	2.750192e+01	2.160168e+16
3517	6.042044e+15	2.056519e+01	2.644902e+01	2.493461e+16
3518	6.042409e+15	1.999452e+01	2.705731e+01	1.009669e+16
3519	6.042776e+15	2.246503e+01	2.878104e+01	2.483586e+16
3520	6.043130e+15	2.475182e+01	2.955435e+01	3.068367e+16
3521	6.043468e+15	2.567963e+01	2.742531e+01	3.036061e+16
3522	6.043809e+15	2.422980e+01	2.803603e+01	2.289158e+16
3523	6.044147e+15	2.181718e+01	2.729751e+01	1.495851e+16
3524	6.044493e+15	2.070191e+01	2.601049e+01	1.054394e+16
3525	6.044860e+15	2.360311e+01	2.890766e+01	1.954919e+16
3526	6.045223e+15	2.063027e+01	2.847958e+01	2.688392e+16
3527	6.045588e+15	1.800389e+01	2.690493e+01	1.676474e+16
3528	6.045972e+15	1.998028e+01	3.061063e+01	1.616978e+16
3529	6.046339e+15	2.074719e+01	2.967927e+01	2.193705e+16
3530	6.046704e+15	2.210672e+01	3.094288e+01	3.020538e+16
3531	6.047053e+15	2.234729e+01	2.897139e+01	1.989262e+16
3532	6.047399e+15	2.346742e+01	2.937150e+01	1.705288e+16
3533	6.047736e+15	2.196805e+01	2.641603e+01	1.706833e+16
3534	6.048091e+15	2.118542e+01	2.582760e+01	1.791286e+16
3535	6.048475e+15	2.147440e+01	2.810955e+01	2.270862e+16
3536	6.048870e+15	2.485883e+01	3.199592e+01	9.586333e+15
3537	6.049235e+15	2.041539e+01	2.620258e+01	1.441713e+16
3538	6.049631e+15	2.213043e+01	3.095648e+01	2.060909e+16
3539	6.050007e+15	2.086753e+01	2.720972e+01	2.006813e+16
3540	6.050404e+15	2.535436e+01	3.091901e+01	1.946691e+16
3541	6.050787e+15	2.418136e+01	3.116152e+01	2.725080e+16
3542	6.051161e+15	2.024337e+01	2.946104e+01	1.811704e+16
3543	6.051544e+15	2.060357e+01	3.023444e+01	3.510895e+16
3544	6.051928e+15	2.205885e+01	3.119981e+01	2.422165e+16
3545	6.052301e+15	2.374101e+01	3.129983e+01	1.865336e+16
3546	6.052662e+15	2.403459e+01	2.956582e+01	1.879857e+16
3547	6.053027e+15	2.527505e+01	2.958296e+01	1.705384e+16
3548	6.053384e+15	2.476953e+01	2.802910e+01	1.668934e+16
3549	6.053750e+15	2.467482e+01	2.846093e+01	2.126336e+16
3550	6.054121e+15	2.430542e+01	2.766551e+01	1.887730e+16
3551	6.054503e+15	2.659969e+01	2.871219e+01	1.098098e+16
3552	6.054888e+15	2.506494e+01	2.953758e+01	1.430364e+16
3553	6.055273e+15	2.402815e+01	3.155558e+01	2.790987e+16
3554	6.055642e+15	2.259802e+01	3.146293e+01	2.912724e+16
3555	6.056001e+15	2.123428e+01	2.984524e+01	1.746325e+16
3556	6.056368e+15	2.273304e+01	3.068636e+01	2.729146e+16
3557	6.056727e+15	2.495900e+01	2.937274e+01	2.530504e+16
3558	6.057085e+15	2.601108e+01	2.829212e+01	1.231478e+16
3559	6.057447e+15	2.707226e+01	2.730089e+01	1.291868e+16
3560	6.057821e+15	2.734750e+01	2.765860e+01	2.029606e+16
3561	6.058202e+15	2.626297e+01	2.849145e+01	2.393950e+16
3562	6.058580e+15	2.396902e+01	2.832469e+01	2.614399e+16
3563	6.058962e+15	2.259509e+01	2.853725e+01	1.456522e+16
3564	6.059352e+15	2.329374e+01	3.105432e+01	2.861298e+16
3565	6.059732e+15	2.292347e+01	3.065849e+01	2.610182e+16
3566	6.060106e+15	2.218105e+01	2.914654e+01	1.051333e+16
3567	6.060490e+15	2.329387e+01	3.052686e+01	2.255631e+16
3568	6.060867e+15	2.176228e+01	2.952790e+01	9.955811e+15
3569	6.061252e+15	2.204697e+01	2.996560e+01	1.449802e+16
3570	6.061644e+15	2.381940e+01	3.209997e+01	2.109393e+16
3571	6.062022e+15	2.203962e+01	3.029736e+01	2.644015e+16
3572	6.062406e+15	2.303771e+01	3.061621e+01	2.976454e+16
3573	6.062792e+15	2.436752e+01	3.135765e+01	2.184016e+16
3574	6.063170e+15	2.413035e+01	3.008843e+01	1.837737e+16
3575	6.063546e+15	2.356049e+01	2.932438e+01	2.577185e+16
3576	6.063928e+15	2.486475e+01	3.088423e+01	2.390139e+16
3577	6.064299e+15	2.420797e+01	3.058373e+01	1.888675e+16
3578	6.064668e+15	2.284465e+01	3.050933e+01	1.493127e+16
3579	6.065037e+15	2.479708e+01	3.108678e+01	2.192882e+16
3580	6.065400e+15	2.460460e+01	2.911043e+01	2.560434e+16
3581	6.065771e+15	2.772395e+01	3.101064e+01	2.273796e+16
3582	6.066130e+15	2.716572e+01	2.883547e+01	2.641778e+16
3583	6.066498e+15	2.965396e+01	3.033955e+01	1.618459e+16
3584	6.066860e+15	2.875786e+01	3.012886e+01	1.530478e+16
3585	6.067219e+15	2.612915e+01	2.931609e+01	1.904748e+16
3586	6.067584e+15	2.361068e+01	2.945654e+01	3.082792e+16
3587	6.067953e+15	2.310274e+01	2.884741e+01	3.111750e+16
3588	6.068333e+15	2.551267e+01	3.075673e+01	1.994153e+16
3589	6.068709e+15	2.467389e+01	2.930492e+01	2.254143e+16
3590	6.069086e+15	2.413340e+01	2.981413e+01	9.537840e+15
3591	6.069461e+15	2.478383e+01	3.003282e+01	2.981024e+16
3592	6.069833e+15	2.498136e+01	2.986723e+01	1.046610e+16
3593	6.070201e+15	2.443036e+01	3.018032e+01	2.345772e+16
3594	6.070564e+15	2.479318e+01	2.969785e+01	1.808022e+16
3595	6.070926e+15	2.695511e+01	2.966650e+01	1.953423e+16
3596	6.071283e+15	2.817030e+01	2.890454e+01	1.817538e+16
3597	6.071640e+15	2.874866e+01	2.892865e+01	2.532206e+16
3598	6.071993e+15	2.953631e+01	2.927869e+01	1.457582e+16
3599	6.072343e+15	2.994659e+01	2.897096e+01	1.390510e+16
3600	6.072691e+15	3.014578e+01	2.946757e+01	2.286973e+16
3601	6.073028e+15	2.698420e+01	2.666758e+01	1.727097e+16
3602	6.073380e+15	2.933874e+01	2.882150e+01	1.445610e+16
3603	6.073727e+15	2.829901e+01	2.799127e+01	2.349150e+16
3604	6.074075e+15	2.746321e+01	2.718862e+01	2.416731e+16
3605	6.074430e+15	2.869900e+01	2.837213e+01	2.374981e+16
3606	6.074775e+15	2.897958e+01	2.799575e+01	2.277925e+16
3607	6.075116e+15	2.899415e+01	2.765549e+01	1.721132e+16
3608	6.075464e+15	2.784570e+01	2.818270e+01	1.248759e+16
3609	6.075811e+15	2.574881e+01	2.764667e+01	1.544836e+16
3610	6.076171e+15	2.646774e+01	3.014389e+01	2.897058e+16
3611	6.076520e+15	2.319630e+01	2.665143e+01	1.375134e+16
3612	6.076894e+15	2.521744e+01	2.868347e+01	2.197310e+16
3613	6.077272e+15	2.536053e+01	2.940741e+01	1.356676e+16
3614	6.077645e+15	2.307940e+01	2.816786e+01	2.565299e+16
3615	6.078024e+15	2.132354e+01	2.740470e+01	2.065383e+16
3616	6.078415e+15	2.436444e+01	3.019711e+01	2.314858e+16
3617	6.078789e+15	2.356283e+01	2.738547e+01	2.711105e+16
3618	6.079171e+15	2.545631e+01	2.796630e+01	2.421812e+16
3619	6.079547e+15	2.575330e+01	2.899407e+01	2.303508e+16
3620	6.079907e+15	2.363232e+01	2.750163e+01	1.809368e+16
3621	6.080272e+15	2.525066e+01	2.876666e+01	1.559863e+16
3622	6.080628e+15	2.511281e+01	2.761104e+01	1.938746e+16
3623	6.080986e+15	2.258832e+01	2.623228e+01	2.252601e+16
3624	6.081362e+15	2.192499e+01	2.774963e+01	1.488691e+16
3625	6.081744e+15	2.362789e+01	2.984085e+01	3.376420e+16
3626	6.082110e+15	2.231097e+01	2.756293e+01	2.346906e+16
3627	6.082481e+15	2.319252e+01	2.879992e+01	2.551789e+16
3628	6.082847e+15	2.388926e+01	2.760852e+01	1.961923e+16
3629	6.083215e+15	2.597093e+01	2.715025e+01	1.955971e+16
3630	6.083590e+15	2.633812e+01	2.824942e+01	2.591113e+16
3631	6.083968e+15	2.539290e+01	2.944531e+01	2.909221e+16
3632	6.084341e+15	2.423580e+01	2.911906e+01	2.084496e+16
3633	6.084710e+15	2.302976e+01	2.851758e+01	2.629118e+16
3634	6.085085e+15	2.414872e+01	2.913021e+01	1.626416e+16
3635	6.085451e+15	2.395014e+01	2.780458e+01	2.953308e+16
3636	6.085820e+15	2.639720e+01	2.776860e+01	1.831713e+16
3637	6.086190e+15	2.592983e+01	2.727657e+01	1.976582e+16
3638	6.086566e+15	2.500738e+01	2.697318e+01	3.024338e+16
3639	6.086952e+15	2.340936e+01	2.805080e+01	2.589595e+16
3640	6.087338e+15	2.225181e+01	2.761177e+01	2.485087e+16
3641	6.087732e+15	2.426588e+01	2.958443e+01	3.021191e+16
3642	6.088119e+15	2.298606e+01	2.924509e+01	2.102511e+16
3643	6.088505e+15	2.187015e+01	2.919140e+01	2.154467e+16
3644	6.088885e+15	2.157961e+01	2.849706e+01	1.736634e+16
3645	6.089265e+15	2.197540e+01	2.832397e+01	2.295393e+16
3646	6.089641e+15	2.369403e+01	2.909520e+01	2.503959e+16
3647	6.090005e+15	2.387623e+01	2.717572e+01	1.291217e+16
3648	6.090378e+15	2.584422e+01	2.849281e+01	2.932734e+16
3649	6.090749e+15	2.514204e+01	2.801477e+01	2.981934e+16
3650	6.091122e+15	2.332861e+01	2.656585e+01	1.805510e+16
3651	6.091515e+15	2.461815e+01	2.850461e+01	2.616018e+16
3652	6.091906e+15	2.252798e+01	2.801034e+01	2.527892e+16
3653	6.092298e+15	2.395104e+01	2.881815e+01	1.506572e+16
3654	6.092685e+15	2.456837e+01	2.959230e+01	3.035141e+16
3655	6.093066e+15	2.349935e+01	2.945438e+01	2.277256e+16
3656	6.093445e+15	2.442051e+01	2.998418e+01	2.313560e+16
3657	6.093815e+15	2.449052e+01	2.861883e+01	2.058726e+16
3658	6.094192e+15	2.540041e+01	2.853370e+01	2.677631e+16
3659	6.094566e+15	2.843510e+01	3.001440e+01	3.021477e+16
3660	6.094927e+15	2.917122e+01	2.892707e+01	2.217385e+16
3661	6.095290e+15	2.828956e+01	2.803879e+01	1.969110e+16
3662	6.095663e+15	2.918307e+01	3.046091e+01	2.873458e+16
3663	6.096024e+15	2.560526e+01	2.743068e+01	2.776767e+16
3664	6.096399e+15	2.590689e+01	2.946081e+01	2.344681e+16
3665	6.096768e+15	2.422770e+01	2.928457e+01	2.707700e+16
3666	6.097144e+15	2.367776e+01	2.993538e+01	2.122163e+16
3667	6.097524e+15	2.455764e+01	3.060266e+01	2.436877e+16
3668	6.097899e+15	2.528590e+01	2.965198e+01	1.878814e+16
3669	6.098272e+15	2.663566e+01	2.932521e+01	3.581268e+16
3670	6.098647e+15	2.786846e+01	2.942725e+01	3.825606e+16
3671	6.099021e+15	2.572468e+01	2.832336e+01	2.286555e+16
3672	6.099400e+15	2.670666e+01	3.010316e+01	2.579237e+16
3673	6.099767e+15	2.484797e+01	2.906163e+01	2.153460e+16
3674	6.100138e+15	2.443661e+01	2.970745e+01	2.401591e+16
3675	6.100511e+15	2.392640e+01	2.966338e+01	2.637048e+16
3676	6.100887e+15	2.348951e+01	2.954791e+01	4.082808e+16
3677	6.101267e+15	2.458492e+01	3.016183e+01	1.645322e+16
3678	6.101647e+15	2.402880e+01	3.014177e+01	2.009472e+16
3679	6.102030e+15	2.278280e+01	2.853439e+01	1.654185e+16
3680	6.102434e+15	2.621612e+01	3.219206e+01	2.256678e+16
3681	6.102816e+15	2.232040e+01	2.725154e+01	2.147834e+16
3682	6.103224e+15	2.465818e+01	3.078068e+01	2.111507e+16
3683	6.103623e+15	2.480867e+01	3.097712e+01	2.859018e+16
3684	6.104012e+15	2.412887e+01	3.165683e+01	3.327632e+16
3685	6.104385e+15	2.355115e+01	3.042493e+01	2.256274e+16
3686	6.104753e+15	2.334902e+01	2.894201e+01	3.194160e+16
3687	6.105130e+15	2.648282e+01	3.167990e+01	2.886855e+16
3688	6.105488e+15	2.560449e+01	2.956997e+01	2.512539e+16
3689	6.105848e+15	2.841609e+01	3.002588e+01	1.804600e+16
3690	6.106205e+15	2.676981e+01	2.779559e+01	3.492753e+16
3691	6.106579e+15	3.038228e+01	3.075920e+01	1.459369e+16
3692	6.106946e+15	3.117433e+01	3.004015e+01	1.613903e+16
3693	6.107310e+15	3.062876e+01	2.970374e+01	1.971201e+16
3694	6.107677e+15	2.849862e+01	3.000463e+01	2.301648e+16
3695	6.108042e+15	2.779868e+01	3.007091e+01	1.197561e+16
3696	6.108403e+15	2.872143e+01	2.919736e+01	2.512153e+16
3697	6.108764e+15	3.001801e+01	3.022835e+01	1.903637e+16
3698	6.109120e+15	2.715940e+01	2.865996e+01	1.516452e+16
3699	6.109488e+15	2.482877e+01	2.927437e+01	2.213767e+16
3700	6.109858e+15	2.137505e+01	2.661296e+01	1.278077e+16
3701	6.110256e+15	2.437719e+01	3.116320e+01	2.261248e+16
3702	6.110634e+15	2.301371e+01	2.941761e+01	2.736908e+16
3703	6.111014e+15	2.274649e+01	2.969005e+01	1.235825e+16
3704	6.111394e+15	2.539539e+01	3.067472e+01	2.078247e+16
3705	6.111766e+15	2.540964e+01	3.054785e+01	3.014657e+16
3706	6.112133e+15	2.556941e+01	3.028656e+01	3.514591e+16
3707	6.112499e+15	2.356176e+01	2.824837e+01	2.007853e+16
3708	6.112881e+15	2.382626e+01	2.920180e+01	2.144091e+16
3709	6.113272e+15	2.447807e+01	3.065988e+01	1.840906e+16
3710	6.113660e+15	2.330780e+01	2.993822e+01	2.081731e+16
3711	6.114051e+15	2.510554e+01	3.184568e+01	1.034728e+16
3712	6.114425e+15	2.289140e+01	2.788134e+01	2.187494e+16
3713	6.114823e+15	2.565829e+01	2.977048e+01	2.264185e+16
3714	6.115224e+15	2.688167e+01	3.173020e+01	2.547324e+16
3715	6.115610e+15	2.483173e+01	3.122590e+01	1.924314e+16
3716	6.115984e+15	2.426273e+01	2.934256e+01	1.828365e+16
3717	6.116366e+15	2.718435e+01	3.138521e+01	3.132626e+16
3718	6.116730e+15	2.426653e+01	2.695302e+01	3.318277e+16
3719	6.117122e+15	2.989657e+01	3.124423e+01	1.841916e+16
3720	6.117499e+15	2.737994e+01	2.850009e+01	2.111496e+16
3721	6.117891e+15	2.690698e+01	2.974852e+01	3.387459e+16
3722	6.118285e+15	2.786903e+01	3.135909e+01	1.340111e+16
3723	6.118661e+15	2.246475e+01	2.635681e+01	2.711317e+16
3724	6.119073e+15	2.234893e+01	2.955778e+01	1.774901e+16
3725	6.119492e+15	2.460690e+01	3.105793e+01	2.227018e+16
3726	6.119899e+15	2.393231e+01	2.925187e+01	1.459648e+16
3727	6.120316e+15	2.558921e+01	3.228867e+01	3.793724e+16
3728	6.120714e+15	2.137584e+01	2.879676e+01	4.136292e+16
3729	6.121128e+15	2.108044e+01	2.973088e+01	4.664003e+16
3730	6.121545e+15	2.229853e+01	2.993199e+01	4.707384e+16
3731	6.121958e+15	2.490728e+01	2.989924e+01	3.227858e+16
3732	6.122365e+15	2.491659e+01	2.835573e+01	3.839176e+16
3733	6.122784e+15	2.508126e+01	2.958741e+01	2.232102e+16
3734	6.123199e+15	2.390516e+01	2.901694e+01	2.311984e+16
3735	6.123618e+15	2.284042e+01	2.933295e+01	1.369210e+16
3736	6.124038e+15	2.437520e+01	2.946544e+01	2.535500e+16
3737	6.124450e+15	2.575750e+01	2.983686e+01	1.101707e+16
3738	6.124849e+15	2.518191e+01	2.845063e+01	2.796855e+16
3739	6.125247e+15	2.452428e+01	2.752758e+01	2.086891e+16
3740	6.125656e+15	2.565344e+01	2.749974e+01	3.193156e+16
3741	6.126070e+15	2.612015e+01	2.844860e+01	1.807668e+16
3742	6.126475e+15	2.530095e+01	2.735652e+01	2.393954e+16
3743	6.126883e+15	2.418416e+01	2.667828e+01	9.761200e+15
3744	6.127302e+15	2.586413e+01	2.768466e+01	2.732443e+16
3745	6.127718e+15	2.641043e+01	2.770731e+01	2.113181e+16
3746	6.128130e+15	2.707755e+01	2.679497e+01	1.141675e+16
3747	6.128546e+15	2.860604e+01	2.805667e+01	2.301394e+16
3748	6.128954e+15	2.706211e+01	2.721703e+01	2.243534e+16
3749	6.129361e+15	2.826386e+01	2.908624e+01	1.225491e+16
3750	6.129748e+15	2.607991e+01	2.582895e+01	2.282063e+16
3751	6.130156e+15	2.868965e+01	2.819201e+01	2.334574e+16
3752	6.130562e+15	2.909108e+01	3.019014e+01	2.722593e+16
3753	6.130947e+15	2.627863e+01	2.843025e+01	2.705864e+16
3754	6.131333e+15	2.479932e+01	2.770639e+01	3.125780e+16
3755	6.131723e+15	2.664050e+01	2.896275e+01	2.093940e+16
3756	6.132105e+15	2.749273e+01	2.891211e+01	3.225406e+16
3757	6.132481e+15	2.697108e+01	2.792983e+01	3.396414e+16
3758	6.132862e+15	2.684590e+01	2.743008e+01	3.595611e+16
3759	6.133250e+15	2.692521e+01	2.761111e+01	2.499441e+16
3760	6.133640e+15	2.566136e+01	2.690389e+01	1.612361e+16
3761	6.134042e+15	2.601484e+01	2.794353e+01	2.893982e+16
3762	6.134444e+15	2.498651e+01	2.727213e+01	2.440599e+16
3763	6.134855e+15	2.485612e+01	2.789707e+01	2.572525e+16
3764	6.135267e+15	2.443669e+01	2.794427e+01	2.720400e+16
3765	6.135677e+15	2.295499e+01	2.611216e+01	1.843955e+16
3766	6.136109e+15	2.508204e+01	2.863337e+01	2.534675e+16
3767	6.136529e+15	2.500645e+01	2.698098e+01	1.280322e+16
3768	6.136955e+15	2.509723e+01	2.744979e+01	1.367189e+16
3769	6.137381e+15	2.554662e+01	2.758896e+01	1.985791e+16
3770	6.137805e+15	2.799577e+01	2.835904e+01	1.864753e+16
3771	6.138219e+15	2.772829e+01	2.825489e+01	3.270323e+16
3772	6.138632e+15	2.759629e+01	2.912119e+01	2.678630e+16
3773	6.139035e+15	2.670890e+01	2.754941e+01	1.782119e+16
3774	6.139440e+15	2.873481e+01	2.866909e+01	2.224199e+16
3775	6.139830e+15	2.638151e+01	2.705960e+01	2.721591e+16
3776	6.140225e+15	2.867991e+01	2.853420e+01	2.172166e+16
3777	6.140611e+15	3.910812e+01	3.693640e+01	9.198120e+15
3778	6.140907e+15	3.107922e+01	2.798294e+01	1.324372e+16
3779	6.141195e+15	3.264499e+01	2.898691e+01	1.651625e+16
3780	6.141464e+15	2.694732e+01	2.431887e+01	1.117966e+16
3781	6.141755e+15	2.904553e+01	2.618001e+01	1.495682e+16
3782	6.142053e+15	3.053569e+01	2.716364e+01	1.755462e+16
3783	6.142355e+15	2.998645e+01	2.683547e+01	1.084919e+16
3784	6.142667e+15	2.899702e+01	2.603224e+01	1.497165e+16
3785	6.143002e+15	3.334672e+01	2.939118e+01	1.696011e+16
3786	6.143329e+15	2.890952e+01	2.515218e+01	2.121306e+16
3787	6.143688e+15	2.968920e+01	2.833157e+01	1.658153e+16
3788	6.144048e+15	2.409591e+01	2.490489e+01	2.624984e+16
3789	6.144449e+15	2.794382e+01	2.981580e+01	1.271614e+16
3790	6.144835e+15	2.645169e+01	2.767071e+01	3.192172e+16
3791	6.145228e+15	2.110485e+01	2.257299e+01	2.124427e+16
3792	6.145696e+15	2.836224e+01	3.137147e+01	2.267380e+16
3793	6.146125e+15	2.521514e+01	2.946097e+01	1.584580e+16
3794	6.146550e+15	2.152940e+01	2.781051e+01	2.645866e+16
3795	6.146994e+15	2.459649e+01	3.099980e+01	2.110545e+16
3796	6.147411e+15	2.320567e+01	2.668250e+01	3.323054e+16
3797	6.147837e+15	2.199606e+01	2.344747e+01	1.048602e+16
3798	6.148309e+15	2.906784e+01	2.919864e+01	1.187606e+16
3799	6.148747e+15	2.501960e+01	2.447683e+01	2.460092e+16
3800	6.149216e+15	2.689189e+01	2.894338e+01	2.292630e+16
3801	6.149659e+15	2.681392e+01	2.997548e+01	1.719912e+16
3802	6.150070e+15	2.100119e+01	2.556441e+01	2.481680e+16
3803	6.150505e+15	2.220905e+01	2.835201e+01	2.781601e+16
3804	6.150930e+15	2.381830e+01	2.833368e+01	2.355464e+16
3805	6.151345e+15	2.644604e+01	2.855649e+01	2.526014e+16
3806	6.151748e+15	2.556230e+01	2.578529e+01	2.772394e+16
3807	6.152166e+15	2.415013e+01	2.606277e+01	1.511171e+16
3808	6.152594e+15	2.595276e+01	2.828920e+01	2.516260e+16
3809	6.152999e+15	2.324067e+01	2.657230e+01	2.509125e+16
3810	6.153404e+15	2.485831e+01	2.762163e+01	6.307443e+15
3811	6.153793e+15	2.292675e+01	2.453865e+01	1.599125e+16
3812	6.154200e+15	2.565560e+01	2.782707e+01	2.123022e+16
3813	6.154584e+15	2.076450e+01	2.287505e+01	1.168794e+16
3814	6.155006e+15	2.196956e+01	2.425859e+01	1.233090e+16
3815	6.155451e+15	2.366752e+01	2.702125e+01	2.891467e+16
3816	6.155884e+15	2.190031e+01	2.650432e+01	2.454223e+16
3817	6.156317e+15	1.915109e+01	2.471825e+01	1.784116e+16
3818	6.156768e+15	2.454349e+01	2.972163e+01	3.105725e+16
3819	6.157174e+15	2.272405e+01	2.380368e+01	1.066281e+16
3820	6.157613e+15	2.724728e+01	2.798338e+01	1.435771e+16
3821	6.158021e+15	2.269928e+01	2.400845e+01	1.857250e+16
3822	6.158448e+15	1.943429e+01	2.065214e+01	1.637143e+16
3823	6.158944e+15	2.628355e+01	2.838149e+01	2.948062e+16
3824	6.159391e+15	2.052932e+01	2.387334e+01	1.778126e+16
3825	6.159854e+15	2.006271e+01	2.415112e+01	2.882380e+16
3826	6.160330e+15	2.355598e+01	2.712292e+01	3.133279e+16
3827	6.160777e+15	2.151068e+01	2.459461e+01	2.182419e+16
3828	6.161228e+15	2.291712e+01	2.650008e+01	2.405398e+16
3829	6.161659e+15	2.239526e+01	2.467983e+01	1.922585e+16
3830	6.162100e+15	2.258365e+01	2.512631e+01	1.380174e+16
3831	6.162548e+15	2.439547e+01	2.752467e+01	2.210753e+16
3832	6.162972e+15	2.070412e+01	2.414613e+01	1.665466e+16
3833	6.163415e+15	2.067105e+01	2.637133e+01	2.036735e+16
3834	6.163842e+15	2.004654e+01	2.469637e+01	3.748899e+16
3835	6.164270e+15	2.166549e+01	2.454321e+01	1.587763e+16
3836	6.164696e+15	2.405935e+01	2.558566e+01	1.385930e+16
3837	6.165103e+15	2.251385e+01	2.462019e+01	8.308665e+15
3838	6.165503e+15	2.179265e+01	2.424170e+01	1.286707e+16
3839	6.165902e+15	2.331618e+01	2.498953e+01	4.777653e+15
3840	6.166291e+15	2.457802e+01	2.482799e+01	1.136486e+16
3841	6.166670e+15	2.280839e+01	2.302241e+01	1.966225e+16
3842	6.167067e+15	2.423006e+01	2.405145e+01	1.403815e+16
3843	6.167465e+15	2.391337e+01	2.261080e+01	1.316355e+16
3844	6.167882e+15	2.580441e+01	2.411269e+01	3.502794e+16
3845	6.168297e+15	2.198909e+01	2.122783e+01	1.665184e+16
3846	6.168745e+15	2.392560e+01	2.360523e+01	2.368595e+16
3847	6.169191e+15	2.545544e+01	2.432095e+01	1.789575e+16
3848	6.169627e+15	2.240192e+01	2.258052e+01	2.308533e+16
3849	6.170079e+15	2.461398e+01	2.514340e+01	2.290849e+16
3850	6.170506e+15	2.138191e+01	2.189130e+01	1.872424e+16
3851	6.170952e+15	2.512082e+01	2.577528e+01	3.336174e+16
3852	6.171361e+15	2.251442e+01	2.217549e+01	1.510231e+16
3853	6.171783e+15	2.523319e+01	2.390908e+01	2.042750e+16
3854	6.172191e+15	2.389246e+01	2.162415e+01	2.295780e+16
3855	6.172615e+15	2.418287e+01	2.199004e+01	2.534778e+16
3856	6.173040e+15	2.428541e+01	2.238177e+01	3.348981e+16
3857	6.173460e+15	2.358957e+01	2.190373e+01	1.230375e+16
3858	6.173887e+15	2.307032e+01	2.333961e+01	2.678190e+16
3859	6.174311e+15	2.274598e+01	2.329670e+01	1.602356e+16
3860	6.174729e+15	2.392369e+01	2.491485e+01	2.725706e+16
3861	6.175122e+15	2.074254e+01	2.139851e+01	1.875085e+16
3862	6.175537e+15	2.280939e+01	2.327126e+01	1.463832e+16
3863	6.175941e+15	2.072892e+01	2.142009e+01	1.591901e+16
3864	6.176356e+15	2.111965e+01	2.100146e+01	1.750870e+16
3865	6.176785e+15	2.464343e+01	2.307655e+01	2.100171e+16
3866	6.177194e+15	2.460136e+01	2.260397e+01	1.147921e+16
3867	6.177589e+15	2.256043e+01	2.059194e+01	1.254553e+16
3868	6.178003e+15	2.560854e+01	2.258227e+01	1.226668e+16
3869	6.178400e+15	2.251664e+01	1.966427e+01	1.331864e+16
3870	6.178819e+15	2.610124e+01	2.317522e+01	1.642357e+16
3871	6.179206e+15	2.248312e+01	1.914272e+01	1.639803e+16
3872	6.179623e+15	2.469739e+01	2.168172e+01	1.724474e+16
3873	6.180034e+15	2.451303e+01	2.277922e+01	1.919353e+16
3874	6.180432e+15	2.102322e+01	2.132750e+01	2.076660e+16
3875	6.180837e+15	2.047154e+01	2.145514e+01	7.757535e+15
3876	6.181244e+15	2.208993e+01	2.224173e+01	1.228510e+16
3877	6.181641e+15	2.329925e+01	2.258902e+01	2.568272e+16
3878	6.182030e+15	2.427071e+01	2.220799e+01	2.771129e+16
3879	6.182415e+15	2.346985e+01	2.160596e+01	1.589327e+16
3880	6.182803e+15	2.408289e+01	2.199392e+01	3.004955e+16
3881	6.183186e+15	2.214750e+01	2.117038e+01	2.080673e+16
3882	6.183578e+15	2.191652e+01	2.108794e+01	2.100142e+16
3883	6.183976e+15	2.342366e+01	2.288381e+01	2.254361e+16
3884	6.184361e+15	2.194169e+01	2.119284e+01	2.036232e+16
3885	6.184756e+15	2.302196e+01	2.223139e+01	2.357557e+16
3886	6.185144e+15	2.204467e+01	2.123229e+01	1.673976e+16
3887	6.185536e+15	2.203729e+01	2.123736e+01	1.155236e+16
3888	6.185937e+15	2.320124e+01	2.186108e+01	2.544642e+16
3889	6.186335e+15	2.349397e+01	2.249639e+01	2.457014e+16
3890	6.186726e+15	2.232001e+01	2.154543e+01	2.478644e+16
3891	6.187120e+15	2.239890e+01	2.202314e+01	1.613755e+16
3892	6.187512e+15	2.215862e+01	2.118354e+01	2.026722e+16
3893	6.187912e+15	2.215065e+01	2.234773e+01	2.287799e+16
3894	6.188306e+15	2.277003e+01	2.286970e+01	3.269715e+16
3895	6.188693e+15	2.188471e+01	2.259721e+01	2.456132e+16
3896	6.189074e+15	2.222650e+01	2.188374e+01	1.516603e+16
3897	6.189450e+15	2.285860e+01	2.087804e+01	1.551637e+16
3898	6.189825e+15	2.336175e+01	2.055235e+01	1.820549e+16
3899	6.190202e+15	2.529664e+01	2.096668e+01	1.342396e+16
3900	6.190574e+15	2.508534e+01	2.014622e+01	2.499958e+16
3901	6.190951e+15	2.312415e+01	1.911472e+01	1.703177e+16
3902	6.191348e+15	2.391156e+01	2.141956e+01	1.741818e+16
3903	6.191736e+15	2.236815e+01	2.088626e+01	7.582073e+15
3904	6.192120e+15	1.990326e+01	1.909386e+01	1.512012e+16
3905	6.192533e+15	2.349194e+01	2.321085e+01	2.324640e+16
3906	6.192920e+15	2.143279e+01	2.143330e+01	1.698379e+16
3907	6.193306e+15	2.074309e+01	2.145306e+01	1.858453e+16
3908	6.193695e+15	2.127639e+01	2.178588e+01	2.957055e+16
3909	6.194089e+15	2.249745e+01	2.227441e+01	1.939284e+16
3910	6.194481e+15	2.322082e+01	2.314780e+01	2.275158e+16
3911	6.194860e+15	2.147744e+01	2.244119e+01	2.158766e+16
3912	6.195232e+15	2.006335e+01	2.122798e+01	2.731368e+16
3913	6.195606e+15	2.005272e+01	2.125267e+01	1.484944e+16
3914	6.195979e+15	2.071808e+01	2.070360e+01	2.107985e+16
3915	6.196363e+15	2.079184e+01	2.095736e+01	1.703640e+16
3916	6.196758e+15	2.111063e+01	2.179780e+01	1.910398e+16
3917	6.197157e+15	1.974355e+01	2.190330e+01	3.165077e+16
3918	6.197565e+15	1.825328e+01	2.249390e+01	2.529221e+16
3919	6.197981e+15	1.871926e+01	2.404949e+01	2.216022e+16
3920	6.198387e+15	1.841551e+01	2.405714e+01	3.618539e+16
3921	6.198789e+15	1.737597e+01	2.368044e+01	2.807986e+16
3922	6.199192e+15	1.904577e+01	2.390383e+01	2.588125e+16
3923	6.199590e+15	2.105536e+01	2.396355e+01	3.779428e+16
3924	6.199978e+15	2.139061e+01	2.255207e+01	1.991957e+16
3925	6.200376e+15	2.337288e+01	2.395471e+01	2.603421e+16
3926	6.200767e+15	2.294258e+01	2.333549e+01	1.880331e+16
3927	6.201157e+15	2.174956e+01	2.245214e+01	2.658298e+16
3928	6.201556e+15	2.290124e+01	2.406846e+01	1.270016e+16
3929	6.201946e+15	2.133766e+01	2.265438e+01	2.529527e+16
3930	6.202344e+15	2.287071e+01	2.430032e+01	1.751465e+16
3931	6.202733e+15	2.317378e+01	2.396929e+01	1.415220e+16
3932	6.203117e+15	2.351291e+01	2.437805e+01	1.282765e+16
3933	6.203493e+15	2.323246e+01	2.396312e+01	1.578864e+16
3934	6.203867e+15	2.453364e+01	2.344033e+01	1.551281e+16
3935	6.204242e+15	2.604664e+01	2.388678e+01	3.049511e+16
3936	6.204609e+15	2.339664e+01	2.263331e+01	2.399709e+16
3937	6.204982e+15	2.307347e+01	2.278804e+01	2.990032e+16
3938	6.205359e+15	2.210262e+01	2.316291e+01	1.387332e+16
3939	6.205739e+15	1.981282e+01	2.272424e+01	9.055708e+15
3940	6.206134e+15	2.215087e+01	2.530131e+01	2.190271e+16
3941	6.206517e+15	2.097706e+01	2.372686e+01	2.254739e+16
3942	6.206905e+15	2.170248e+01	2.476421e+01	1.796104e+16
3943	6.207286e+15	2.184444e+01	2.396646e+01	2.684141e+16
3944	6.207668e+15	2.032909e+01	2.345407e+01	1.395681e+16
3945	6.208061e+15	2.235035e+01	2.542982e+01	2.408803e+16
3946	6.208446e+15	1.923582e+01	2.404010e+01	1.588763e+16
3947	6.208838e+15	1.856544e+01	2.357368e+01	2.397895e+16
3948	6.209242e+15	2.006588e+01	2.499916e+01	1.749995e+16
3949	6.209643e+15	1.993864e+01	2.428860e+01	2.238655e+16
3950	6.210050e+15	2.261250e+01	2.709488e+01	1.827221e+16
3951	6.210429e+15	1.942004e+01	2.284423e+01	3.980402e+16
3952	6.210831e+15	2.028815e+01	2.414614e+01	2.979039e+16
3953	6.211244e+15	2.089492e+01	2.493270e+01	2.426113e+16
3954	6.211659e+15	2.035514e+01	2.467861e+01	2.855969e+16
3955	6.212078e+15	1.980643e+01	2.485641e+01	2.641152e+16
3956	6.212503e+15	2.024675e+01	2.568658e+01	2.377023e+16
3957	6.212923e+15	1.949005e+01	2.415472e+01	1.807282e+16
3958	6.213351e+15	2.105689e+01	2.409786e+01	2.453178e+16
3959	6.213783e+15	2.421109e+01	2.565789e+01	1.068768e+16
3960	6.214194e+15	2.279197e+01	2.476383e+01	1.617601e+16
3961	6.214603e+15	2.311890e+01	2.565010e+01	2.216955e+16
3962	6.215006e+15	2.095722e+01	2.471273e+01	2.392722e+16
3963	6.215422e+15	2.197563e+01	2.634871e+01	1.687907e+16
3964	6.215823e+15	2.146585e+01	2.497302e+01	1.544104e+16
3965	6.216228e+15	2.255176e+01	2.489455e+01	1.479532e+16
3966	6.216639e+15	2.255412e+01	2.541899e+01	2.668107e+16
3967	6.217049e+15	2.123776e+01	2.440769e+01	1.477449e+16
3968	6.217479e+15	2.451631e+01	2.897362e+01	2.585126e+16
3969	6.217874e+15	1.774359e+01	2.181461e+01	3.002032e+16
3970	6.218316e+15	2.164598e+01	2.552431e+01	1.857046e+16
3971	6.218764e+15	2.344094e+01	2.634294e+01	1.623159e+16
3972	6.219212e+15	2.592373e+01	2.890108e+01	2.153558e+16
3973	6.219627e+15	2.275645e+01	2.617219e+01	2.807316e+16
3974	6.220047e+15	2.232362e+01	2.648781e+01	1.352332e+16
3975	6.220468e+15	2.284738e+01	2.689619e+01	1.992020e+16
3976	6.220880e+15	2.518599e+01	2.715482e+01	3.284596e+16
3977	6.221285e+15	2.643944e+01	2.585481e+01	2.578124e+16
3978	6.221690e+15	2.768169e+01	2.692960e+01	2.434114e+16
3979	6.222083e+15	2.598338e+01	2.591219e+01	2.224370e+16
3980	6.222473e+15	2.409632e+01	2.527627e+01	2.008667e+16
3981	6.222867e+15	2.622920e+01	2.724574e+01	2.696440e+16
3982	6.223246e+15	2.529224e+01	2.622730e+01	2.613526e+16
3983	6.223622e+15	2.503859e+01	2.578383e+01	2.054724e+16
3984	6.223997e+15	2.606266e+01	2.587107e+01	1.639237e+16
3985	6.224368e+15	2.534710e+01	2.574526e+01	2.117720e+16
3986	6.224734e+15	2.302473e+01	2.378711e+01	1.944818e+16
3987	6.225121e+15	2.415751e+01	2.541485e+01	2.367214e+16
3988	6.225514e+15	2.454829e+01	2.656069e+01	2.701920e+16
3989	6.225898e+15	2.122976e+01	2.434560e+01	3.033655e+16
3990	6.226303e+15	2.135101e+01	2.608612e+01	2.705404e+16
3991	6.226712e+15	2.304232e+01	2.852084e+01	1.672658e+16
3992	6.227099e+15	1.951572e+01	2.475489e+01	2.110640e+16
3993	6.227509e+15	2.302008e+01	2.816616e+01	2.666906e+16
3994	6.227902e+15	2.301818e+01	2.563813e+01	1.713735e+16
3995	6.228300e+15	2.174775e+01	2.544684e+01	1.716393e+16
3996	6.228706e+15	2.131450e+01	2.510276e+01	1.066733e+16
3997	6.229123e+15	2.100537e+01	2.533579e+01	1.936230e+16
3998	6.229551e+15	2.189727e+01	2.737954e+01	1.580069e+16
3999	6.229968e+15	2.159250e+01	2.725326e+01	2.861820e+16
4000	6.230374e+15	1.891637e+01	2.432267e+01	1.525112e+16
4001	6.230801e+15	2.251575e+01	2.811035e+01	2.363807e+16
4002	6.231204e+15	2.203176e+01	2.623716e+01	1.645474e+16
4003	6.231607e+15	2.329312e+01	2.682559e+01	1.548323e+16
4004	6.232004e+15	2.323859e+01	2.766006e+01	1.428436e+16
4005	6.232387e+15	2.078519e+01	2.556766e+01	2.146949e+16
4006	6.232779e+15	2.157247e+01	2.736830e+01	1.451557e+16
4007	6.233156e+15	2.108866e+01	2.548304e+01	2.153515e+16
4008	6.233539e+15	2.332902e+01	2.601423e+01	1.641561e+16
4009	6.233916e+15	2.335466e+01	2.544191e+01	1.669513e+16
4010	6.234295e+15	1.998597e+01	2.223446e+01	1.337504e+16
4011	6.234721e+15	2.325559e+01	2.675272e+01	1.022547e+16
4012	6.235135e+15	2.344926e+01	2.710269e+01	2.169075e+16
4013	6.235534e+15	2.184280e+01	2.667782e+01	1.083139e+16
4014	6.235923e+15	2.284260e+01	2.612561e+01	1.726763e+16
4015	6.236313e+15	2.391752e+01	2.593349e+01	1.300895e+16
4016	6.236703e+15	2.303104e+01	2.469869e+01	1.993518e+16
4017	6.237093e+15	2.310042e+01	2.393065e+01	1.271944e+16
4018	6.237489e+15	2.419691e+01	2.369892e+01	1.430375e+16
4019	6.237898e+15	2.369930e+01	2.478999e+01	1.589109e+16
4020	6.238306e+15	2.489935e+01	2.679127e+01	1.929301e+16
4021	6.238688e+15	2.147956e+01	2.301050e+01	1.571310e+16
4022	6.239092e+15	2.421425e+01	2.621352e+01	1.702842e+16
4023	6.239480e+15	2.280240e+01	2.586734e+01	2.815049e+16
4024	6.239861e+15	2.044694e+01	2.490092e+01	2.196382e+16
4025	6.240250e+15	2.047543e+01	2.473303e+01	2.703873e+16
4026	6.240653e+15	2.322651e+01	2.565929e+01	2.590903e+16
4027	6.241057e+15	2.640729e+01	2.792557e+01	1.961767e+16
4028	6.241437e+15	2.521606e+01	2.567398e+01	1.835686e+16
4029	6.241821e+15	2.585428e+01	2.588206e+01	1.921852e+16
4030	6.242200e+15	2.524996e+01	2.503107e+01	1.887668e+16
4031	6.242590e+15	2.662968e+01	2.698499e+01	2.204166e+16
4032	6.242970e+15	2.497323e+01	2.648461e+01	2.738580e+16
4033	6.243351e+15	2.282760e+01	2.584304e+01	2.022524e+16
4034	6.243738e+15	2.252612e+01	2.587178e+01	2.939044e+16
4035	6.244128e+15	2.373165e+01	2.666263e+01	2.473075e+16
4036	6.244512e+15	2.445939e+01	2.651839e+01	1.841079e+16
4037	6.244887e+15	2.378753e+01	2.542112e+01	2.035029e+16
4038	6.245266e+15	2.417650e+01	2.578666e+01	1.000215e+16
4039	6.245641e+15	2.359219e+01	2.489824e+01	2.186793e+16
4040	6.246026e+15	2.304522e+01	2.517762e+01	2.581948e+16
4041	6.246417e+15	2.306270e+01	2.619789e+01	1.887487e+16
4042	6.246809e+15	2.060760e+01	2.456877e+01	2.595762e+16
4043	6.247223e+15	2.366804e+01	2.761149e+01	2.165523e+16
4044	6.247618e+15	2.118926e+01	2.463738e+01	2.361757e+16
4045	6.248030e+15	2.197895e+01	2.617643e+01	1.466997e+16
4046	6.248441e+15	2.400085e+01	2.743735e+01	9.897971e+15
4047	6.248838e+15	2.246768e+01	2.635103e+01	2.020829e+16
4048	6.249236e+15	2.266991e+01	2.648610e+01	2.127652e+16
4049	6.249633e+15	2.303693e+01	2.660982e+01	1.041055e+16
4050	6.250028e+15	2.375246e+01	2.682887e+01	2.829728e+16
4051	6.250420e+15	2.455329e+01	2.657921e+01	1.868190e+16
4052	6.250811e+15	2.547783e+01	2.744561e+01	2.174930e+16
4053	6.251194e+15	2.367022e+01	2.662983e+01	3.421539e+16
4054	6.251578e+15	2.529560e+01	2.761312e+01	2.692946e+16
4055	6.251957e+15	2.561246e+01	2.796047e+01	1.873775e+16
4056	6.252324e+15	2.238004e+01	2.530041e+01	1.781117e+16
4057	6.252704e+15	2.314572e+01	2.594986e+01	1.584423e+16
4058	6.253091e+15	2.394510e+01	2.687042e+01	1.819507e+16
4059	6.253476e+15	2.283679e+01	2.620246e+01	1.577235e+16
4060	6.253872e+15	2.314786e+01	2.799720e+01	1.213450e+16
4061	6.254261e+15	2.150937e+01	2.653833e+01	2.788624e+16
4062	6.254658e+15	2.065774e+01	2.630208e+01	1.715017e+16
4063	6.255063e+15	2.163399e+01	2.679778e+01	2.007586e+16
4064	6.255475e+15	2.407143e+01	2.806148e+01	1.355466e+16
4065	6.255875e+15	2.331599e+01	2.684369e+01	1.556184e+16
4066	6.256275e+15	2.230517e+01	2.707648e+01	2.551663e+16
4067	6.256678e+15	2.160223e+01	2.736546e+01	2.444178e+16
4068	6.257080e+15	2.113960e+01	2.745548e+01	2.680238e+16
4069	6.257479e+15	2.062213e+01	2.771839e+01	1.844501e+16
4070	6.257875e+15	2.162922e+01	2.777669e+01	2.123280e+16
4071	6.258269e+15	2.372651e+01	2.813715e+01	1.897450e+16
4072	6.258652e+15	2.480864e+01	2.842591e+01	1.736281e+16
4073	6.259024e+15	2.328316e+01	2.624051e+01	1.828641e+16
4074	6.259412e+15	2.373035e+01	2.775728e+01	2.153695e+16
4075	6.259803e+15	2.443548e+01	2.681579e+01	3.233089e+16
4076	6.260199e+15	2.515615e+01	2.717888e+01	1.387087e+16
4077	6.260594e+15	2.388573e+01	2.646720e+01	1.121812e+16
4078	6.260997e+15	2.451567e+01	2.741701e+01	1.803949e+16
4079	6.261392e+15	2.270947e+01	2.496145e+01	1.791373e+16
4080	6.261810e+15	2.452337e+01	2.557820e+01	2.021234e+16
4081	6.262238e+15	2.440620e+01	2.653395e+01	2.603882e+16
4082	6.262672e+15	2.308517e+01	2.830445e+01	3.114643e+16
4083	6.263096e+15	2.326159e+01	2.988403e+01	2.088694e+16
4084	6.263500e+15	2.294047e+01	2.978368e+01	1.659676e+16
4085	6.263885e+15	1.941529e+01	2.647943e+01	1.149610e+16
4086	6.264287e+15	2.533083e+01	3.243286e+01	2.390940e+16
4087	6.264645e+15	2.039737e+01	2.508638e+01	2.575449e+16
4088	6.265028e+15	2.378772e+01	2.667185e+01	2.187507e+16
4089	6.265415e+15	2.567171e+01	2.699172e+01	2.125814e+16
4090	6.265800e+15	2.511117e+01	2.499375e+01	1.908792e+16
4091	6.266209e+15	2.722420e+01	2.876771e+01	1.264705e+16
4092	6.266591e+15	2.426148e+01	2.693776e+01	1.762863e+16
4093	6.266972e+15	2.142352e+01	2.551436e+01	1.247180e+16
4094	6.267371e+15	2.139494e+01	2.746597e+01	2.183718e+16
4095	6.267763e+15	2.187780e+01	2.702777e+01	2.223637e+16
4096	6.268155e+15	2.314880e+01	2.658452e+01	1.070328e+16
4097	6.268548e+15	2.404753e+01	2.661431e+01	2.497992e+16
4098	6.268937e+15	2.717886e+01	2.736174e+01	1.885343e+16
4099	6.269313e+15	2.161531e+01	2.261067e+01	1.856220e+16
4100	6.269732e+15	2.412624e+01	2.717980e+01	2.369878e+16
4101	6.270146e+15	2.104188e+01	2.614227e+01	1.983523e+16
4102	6.270574e+15	2.028006e+01	2.647743e+01	1.695502e+16
4103	6.271010e+15	2.158152e+01	2.921617e+01	3.038575e+16
4104	6.271424e+15	1.997684e+01	2.648126e+01	2.196963e+16
4105	6.271855e+15	2.124012e+01	2.739206e+01	1.475808e+16
4106	6.272285e+15	2.199046e+01	2.828978e+01	1.908823e+16
4107	6.272695e+15	2.247621e+01	2.765173e+01	2.178892e+16
4108	6.273095e+15	2.315567e+01	2.674506e+01	2.362021e+16
4109	6.273504e+15	2.361434e+01	2.719359e+01	7.775002e+15
4110	6.273911e+15	2.353965e+01	2.779141e+01	2.305270e+16
4111	6.274308e+15	2.352183e+01	2.790099e+01	2.755977e+16
4112	6.274700e+15	2.180537e+01	2.696528e+01	1.801458e+16
4113	6.275100e+15	2.377399e+01	2.954077e+01	1.810000e+16
4114	6.275482e+15	2.241615e+01	2.782922e+01	1.759439e+16
4115	6.275870e+15	2.459306e+01	3.074633e+01	1.855766e+16
4116	6.276234e+15	2.222505e+01	2.652224e+01	1.300239e+16
4117	6.276614e+15	2.528189e+01	3.004881e+01	2.469688e+16
4118	6.276971e+15	2.365302e+01	2.699909e+01	7.925178e+15
4119	6.277334e+15	2.509869e+01	2.655272e+01	1.920615e+16
4120	6.277711e+15	2.642878e+01	2.787843e+01	1.929635e+16
4121	6.278089e+15	2.423062e+01	2.653067e+01	2.614444e+16
4122	6.278481e+15	1.980607e+01	2.349472e+01	1.775761e+16
4123	6.278928e+15	2.122662e+01	3.023170e+01	1.356018e+16
4124	6.279362e+15	2.147019e+01	3.271941e+01	2.919945e+16
4125	6.279761e+15	1.954222e+01	2.874145e+01	4.087751e+16
4126	6.280166e+15	2.342711e+01	3.044065e+01	3.860128e+16
4127	6.280561e+15	2.308866e+01	2.932976e+01	3.723077e+16
4128	6.280959e+15	2.246123e+01	3.090741e+01	1.764788e+16
4129	6.281345e+15	2.012744e+01	2.848273e+01	3.619598e+16
4130	6.281742e+15	2.126109e+01	2.769386e+01	1.708852e+16
4131	6.282160e+15	2.404887e+01	3.003810e+01	3.311055e+16
4132	6.282568e+15	2.190823e+01	2.894494e+01	2.818794e+16
4133	6.282976e+15	2.028145e+01	2.949047e+01	2.282323e+16
4134	6.283382e+15	2.121004e+01	3.081694e+01	3.053593e+16
4135	6.283778e+15	2.074806e+01	3.108492e+01	2.375972e+16
4136	6.284167e+15	2.156189e+01	3.079018e+01	2.187824e+16
4137	6.284550e+15	2.291184e+01	3.012342e+01	2.281528e+16
4138	6.284926e+15	2.392874e+01	2.883099e+01	2.962876e+16
4139	6.285307e+15	2.305102e+01	2.878212e+01	1.291652e+16
4140	6.285694e+15	2.378622e+01	3.038763e+01	2.440878e+16
4141	6.286068e+15	2.286467e+01	2.854626e+01	2.579088e+16
4142	6.286443e+15	2.346849e+01	2.790082e+01	2.011930e+16
4143	6.286823e+15	2.357106e+01	2.922795e+01	2.161397e+16
4144	6.287196e+15	2.208864e+01	2.722788e+01	7.328769e+15
4145	6.287580e+15	2.270740e+01	2.809807e+01	2.320322e+16
4146	6.287966e+15	2.185123e+01	2.702857e+01	3.111806e+16
4147	6.288372e+15	2.172795e+01	3.009972e+01	3.400233e+16
4148	6.288773e+15	2.066205e+01	2.922185e+01	1.946710e+16
4149	6.289184e+15	1.999303e+01	3.056886e+01	2.475495e+16
4150	6.289588e+15	2.054911e+01	3.017684e+01	2.088723e+16
4151	6.289989e+15	2.381710e+01	3.016467e+01	1.861438e+16
4152	6.290382e+15	2.589861e+01	2.916420e+01	2.783121e+16
4153	6.290774e+15	2.513114e+01	2.791153e+01	2.116432e+16
4154	6.291176e+15	2.346068e+01	2.781227e+01	2.188434e+16
4155	6.291586e+15	2.334247e+01	3.005302e+01	1.932361e+16
4156	6.291987e+15	2.090944e+01	2.833041e+01	2.759110e+16
4157	6.292406e+15	2.317542e+01	3.076617e+01	2.701951e+16
4158	6.292818e+15	2.337517e+01	3.179644e+01	3.280367e+16
4159	6.293213e+15	2.131283e+01	3.108858e+01	1.588040e+16
4160	6.293605e+15	2.134553e+01	3.285365e+01	1.580910e+16
4161	6.293984e+15	2.105657e+01	3.168669e+01	3.905290e+16
4162	6.294362e+15	1.962712e+01	2.976694e+01	2.594133e+16
4163	6.294749e+15	2.295086e+01	3.190956e+01	2.321442e+16
4164	6.295119e+15	2.173960e+01	2.735682e+01	1.228185e+16
4165	6.295515e+15	2.494119e+01	3.004401e+01	2.349596e+16
4166	6.295910e+15	2.526099e+01	3.155138e+01	2.903474e+16
4167	6.296294e+15	1.970409e+01	2.689454e+01	2.224793e+16
4168	6.296712e+15	2.442077e+01	3.314046e+01	3.087023e+16
4169	6.297095e+15	2.264735e+01	2.742862e+01	1.891875e+16
4170	6.297506e+15	2.501529e+01	3.026964e+01	2.256527e+16
4171	6.297917e+15	2.378000e+01	3.361449e+01	2.915118e+16
4172	6.298308e+15	1.865164e+01	2.948163e+01	1.928214e+16
4173	6.298721e+15	1.816094e+01	3.123491e+01	2.506884e+16
4174	6.299134e+15	2.054947e+01	3.318699e+01	2.952937e+16
4175	6.299528e+15	2.205158e+01	3.196585e+01	2.206986e+16
4176	6.299914e+15	2.398357e+01	3.142318e+01	2.707818e+16
4177	6.300294e+15	2.458995e+01	3.160327e+01	1.884167e+16
