# W => 2.0e6
# method => lookup
# mantle temperature => 1573.0
# melting plot interval => 6.3e13
# max step => -1
# nx => 101
# lithosphere thickness => 180000.6
# marky => 12
# plot interval field => 1.26e14
# plot interval marker => 1.26e15
# H => 2.85e6
# g => 10.0
# ny => 143
# Tcmb => 3098.5489127396577
# max time => 9.45e15
# output directory => plume_150000.4_450.0_180000.6
# eclogite frac => 0.2
# markx => 6
1	0.000000e+00	0.000000e+00	0.000000e+00	0.000000e+00
2	1.000000e+10	0.000000e+00	0.000000e+00	0.000000e+00
3	2.200000e+10	0.000000e+00	0.000000e+00	0.000000e+00
4	3.640000e+10	0.000000e+00	0.000000e+00	0.000000e+00
5	5.368000e+10	0.000000e+00	0.000000e+00	0.000000e+00
6	7.441600e+10	0.000000e+00	0.000000e+00	0.000000e+00
7	9.929920e+10	0.000000e+00	0.000000e+00	0.000000e+00
8	1.291590e+11	0.000000e+00	0.000000e+00	0.000000e+00
9	1.649908e+11	0.000000e+00	0.000000e+00	0.000000e+00
10	2.079890e+11	0.000000e+00	0.000000e+00	0.000000e+00
11	2.595868e+11	0.000000e+00	0.000000e+00	0.000000e+00
12	3.215042e+11	0.000000e+00	0.000000e+00	0.000000e+00
13	3.958050e+11	0.000000e+00	0.000000e+00	0.000000e+00
14	4.849660e+11	0.000000e+00	0.000000e+00	0.000000e+00
15	5.919592e+11	0.000000e+00	0.000000e+00	0.000000e+00
16	7.203511e+11	0.000000e+00	0.000000e+00	0.000000e+00
17	8.744213e+11	0.000000e+00	0.000000e+00	0.000000e+00
18	1.059306e+12	0.000000e+00	0.000000e+00	0.000000e+00
19	1.281167e+12	0.000000e+00	0.000000e+00	0.000000e+00
20	1.547400e+12	0.000000e+00	0.000000e+00	0.000000e+00
21	1.866880e+12	0.000000e+00	0.000000e+00	0.000000e+00
22	2.250256e+12	0.000000e+00	0.000000e+00	0.000000e+00
23	2.710307e+12	0.000000e+00	0.000000e+00	0.000000e+00
24	3.262369e+12	0.000000e+00	0.000000e+00	0.000000e+00
25	3.924842e+12	0.000000e+00	0.000000e+00	0.000000e+00
26	4.719811e+12	0.000000e+00	0.000000e+00	0.000000e+00
27	5.673773e+12	0.000000e+00	0.000000e+00	0.000000e+00
28	6.818528e+12	0.000000e+00	0.000000e+00	0.000000e+00
29	8.192233e+12	0.000000e+00	0.000000e+00	0.000000e+00
30	9.840680e+12	0.000000e+00	0.000000e+00	0.000000e+00
31	1.181882e+13	0.000000e+00	0.000000e+00	0.000000e+00
32	1.419258e+13	0.000000e+00	0.000000e+00	0.000000e+00
33	1.704109e+13	0.000000e+00	0.000000e+00	0.000000e+00
34	2.045931e+13	0.000000e+00	0.000000e+00	0.000000e+00
35	2.456118e+13	0.000000e+00	0.000000e+00	0.000000e+00
36	2.948341e+13	0.000000e+00	0.000000e+00	0.000000e+00
37	3.539009e+13	0.000000e+00	0.000000e+00	0.000000e+00
38	4.247811e+13	0.000000e+00	0.000000e+00	0.000000e+00
39	5.098373e+13	0.000000e+00	0.000000e+00	0.000000e+00
40	6.119048e+13	0.000000e+00	0.000000e+00	0.000000e+00
41	7.343858e+13	0.000000e+00	0.000000e+00	0.000000e+00
42	8.813629e+13	0.000000e+00	0.000000e+00	0.000000e+00
43	1.057736e+14	0.000000e+00	0.000000e+00	0.000000e+00
44	1.269383e+14	0.000000e+00	0.000000e+00	0.000000e+00
45	1.523359e+14	0.000000e+00	0.000000e+00	0.000000e+00
46	1.828131e+14	0.000000e+00	0.000000e+00	0.000000e+00
47	2.193857e+14	0.000000e+00	0.000000e+00	0.000000e+00
48	2.632729e+14	0.000000e+00	0.000000e+00	0.000000e+00
49	3.159374e+14	0.000000e+00	0.000000e+00	0.000000e+00
50	3.791349e+14	0.000000e+00	0.000000e+00	0.000000e+00
51	4.549719e+14	0.000000e+00	0.000000e+00	0.000000e+00
52	5.459763e+14	0.000000e+00	0.000000e+00	0.000000e+00
53	6.551815e+14	0.000000e+00	0.000000e+00	0.000000e+00
54	7.811815e+14	0.000000e+00	0.000000e+00	0.000000e+00
55	9.071815e+14	0.000000e+00	0.000000e+00	0.000000e+00
56	1.033182e+15	0.000000e+00	0.000000e+00	0.000000e+00
57	1.159182e+15	0.000000e+00	0.000000e+00	0.000000e+00
58	1.285182e+15	0.000000e+00	0.000000e+00	0.000000e+00
59	1.411182e+15	0.000000e+00	0.000000e+00	0.000000e+00
60	1.531557e+15	0.000000e+00	0.000000e+00	0.000000e+00
61	1.645823e+15	0.000000e+00	0.000000e+00	0.000000e+00
62	1.754385e+15	0.000000e+00	0.000000e+00	0.000000e+00
63	1.857620e+15	0.000000e+00	0.000000e+00	0.000000e+00
64	1.955842e+15	0.000000e+00	0.000000e+00	0.000000e+00
65	2.048009e+15	0.000000e+00	0.000000e+00	0.000000e+00
66	2.134804e+15	0.000000e+00	0.000000e+00	0.000000e+00
67	2.216814e+15	0.000000e+00	0.000000e+00	0.000000e+00
68	2.294493e+15	0.000000e+00	0.000000e+00	0.000000e+00
69	2.368130e+15	0.000000e+00	0.000000e+00	0.000000e+00
70	2.438094e+15	0.000000e+00	0.000000e+00	0.000000e+00
71	2.504716e+15	0.000000e+00	0.000000e+00	0.000000e+00
72	2.568308e+15	0.000000e+00	0.000000e+00	0.000000e+00
73	2.629108e+15	0.000000e+00	0.000000e+00	0.000000e+00
74	2.687333e+15	0.000000e+00	0.000000e+00	0.000000e+00
75	2.738316e+15	0.000000e+00	0.000000e+00	0.000000e+00
76	2.789698e+15	0.000000e+00	0.000000e+00	0.000000e+00
77	2.836971e+15	0.000000e+00	0.000000e+00	0.000000e+00
78	2.886864e+15	0.000000e+00	0.000000e+00	0.000000e+00
79	2.934929e+15	0.000000e+00	0.000000e+00	0.000000e+00
80	2.981277e+15	0.000000e+00	0.000000e+00	0.000000e+00
81	3.026010e+15	0.000000e+00	0.000000e+00	0.000000e+00
82	3.069247e+15	0.000000e+00	0.000000e+00	0.000000e+00
83	3.111076e+15	0.000000e+00	0.000000e+00	0.000000e+00
84	3.151583e+15	0.000000e+00	0.000000e+00	0.000000e+00
85	3.190813e+15	0.000000e+00	0.000000e+00	0.000000e+00
86	3.228840e+15	0.000000e+00	0.000000e+00	0.000000e+00
87	3.265717e+15	0.000000e+00	0.000000e+00	0.000000e+00
88	3.301428e+15	0.000000e+00	0.000000e+00	0.000000e+00
89	3.335970e+15	0.000000e+00	0.000000e+00	0.000000e+00
90	3.369378e+15	0.000000e+00	0.000000e+00	0.000000e+00
91	3.401687e+15	0.000000e+00	0.000000e+00	0.000000e+00
92	3.432941e+15	0.000000e+00	0.000000e+00	0.000000e+00
93	3.463192e+15	0.000000e+00	0.000000e+00	0.000000e+00
94	3.492484e+15	0.000000e+00	0.000000e+00	0.000000e+00
95	3.520862e+15	0.000000e+00	0.000000e+00	0.000000e+00
96	3.548363e+15	0.000000e+00	0.000000e+00	0.000000e+00
97	3.575032e+15	0.000000e+00	0.000000e+00	0.000000e+00
98	3.600903e+15	0.000000e+00	0.000000e+00	0.000000e+00
99	3.626020e+15	0.000000e+00	0.000000e+00	0.000000e+00
100	3.650416e+15	0.000000e+00	0.000000e+00	0.000000e+00
101	3.674132e+15	0.000000e+00	0.000000e+00	0.000000e+00
102	3.697194e+15	0.000000e+00	0.000000e+00	0.000000e+00
103	3.719633e+15	0.000000e+00	0.000000e+00	0.000000e+00
104	3.741477e+15	0.000000e+00	0.000000e+00	0.000000e+00
105	3.762751e+15	0.000000e+00	0.000000e+00	0.000000e+00
106	3.783482e+15	0.000000e+00	0.000000e+00	0.000000e+00
107	3.803692e+15	0.000000e+00	0.000000e+00	0.000000e+00
108	3.823403e+15	0.000000e+00	0.000000e+00	0.000000e+00
109	3.842636e+15	0.000000e+00	0.000000e+00	0.000000e+00
110	3.861416e+15	0.000000e+00	0.000000e+00	0.000000e+00
111	3.879762e+15	0.000000e+00	0.000000e+00	0.000000e+00
112	3.897695e+15	0.000000e+00	0.000000e+00	0.000000e+00
113	3.915229e+15	0.000000e+00	0.000000e+00	0.000000e+00
114	3.932381e+15	0.000000e+00	0.000000e+00	0.000000e+00
115	3.949170e+15	0.000000e+00	0.000000e+00	0.000000e+00
116	3.965606e+15	0.000000e+00	0.000000e+00	0.000000e+00
117	3.981698e+15	0.000000e+00	0.000000e+00	0.000000e+00
118	3.997463e+15	0.000000e+00	0.000000e+00	0.000000e+00
119	4.012912e+15	0.000000e+00	0.000000e+00	0.000000e+00
120	4.028057e+15	0.000000e+00	0.000000e+00	0.000000e+00
121	4.042913e+15	0.000000e+00	0.000000e+00	0.000000e+00
122	4.057492e+15	0.000000e+00	0.000000e+00	0.000000e+00
123	4.071806e+15	0.000000e+00	0.000000e+00	0.000000e+00
124	4.085860e+15	0.000000e+00	0.000000e+00	0.000000e+00
125	4.099662e+15	0.000000e+00	0.000000e+00	0.000000e+00
126	4.113222e+15	0.000000e+00	0.000000e+00	0.000000e+00
127	4.126549e+15	0.000000e+00	0.000000e+00	0.000000e+00
128	4.139651e+15	0.000000e+00	0.000000e+00	0.000000e+00
129	4.152536e+15	0.000000e+00	0.000000e+00	0.000000e+00
130	4.165214e+15	0.000000e+00	0.000000e+00	0.000000e+00
131	4.177692e+15	0.000000e+00	0.000000e+00	0.000000e+00
132	4.189977e+15	0.000000e+00	0.000000e+00	0.000000e+00
133	4.202073e+15	0.000000e+00	0.000000e+00	0.000000e+00
134	4.213982e+15	0.000000e+00	0.000000e+00	0.000000e+00
135	4.225714e+15	0.000000e+00	0.000000e+00	0.000000e+00
136	4.237277e+15	0.000000e+00	0.000000e+00	0.000000e+00
137	4.248672e+15	0.000000e+00	0.000000e+00	0.000000e+00
138	4.259909e+15	0.000000e+00	0.000000e+00	0.000000e+00
139	4.270992e+15	0.000000e+00	0.000000e+00	0.000000e+00
140	4.281926e+15	0.000000e+00	0.000000e+00	0.000000e+00
141	4.292711e+15	0.000000e+00	0.000000e+00	0.000000e+00
142	4.303356e+15	0.000000e+00	0.000000e+00	0.000000e+00
143	4.313859e+15	0.000000e+00	0.000000e+00	0.000000e+00
144	4.324229e+15	0.000000e+00	0.000000e+00	0.000000e+00
145	4.334468e+15	0.000000e+00	0.000000e+00	0.000000e+00
146	4.344582e+15	0.000000e+00	0.000000e+00	0.000000e+00
147	4.354575e+15	0.000000e+00	0.000000e+00	0.000000e+00
148	4.364451e+15	0.000000e+00	0.000000e+00	0.000000e+00
149	4.374212e+15	0.000000e+00	0.000000e+00	0.000000e+00
150	4.383858e+15	0.000000e+00	0.000000e+00	0.000000e+00
151	4.393394e+15	0.000000e+00	0.000000e+00	0.000000e+00
152	4.402821e+15	0.000000e+00	0.000000e+00	0.000000e+00
153	4.412145e+15	0.000000e+00	0.000000e+00	0.000000e+00
154	4.421367e+15	0.000000e+00	0.000000e+00	0.000000e+00
155	4.430491e+15	0.000000e+00	0.000000e+00	0.000000e+00
156	4.439522e+15	0.000000e+00	0.000000e+00	0.000000e+00
157	4.448461e+15	0.000000e+00	0.000000e+00	0.000000e+00
158	4.457311e+15	0.000000e+00	0.000000e+00	0.000000e+00
159	4.466070e+15	0.000000e+00	0.000000e+00	0.000000e+00
160	4.474743e+15	0.000000e+00	0.000000e+00	0.000000e+00
161	4.483326e+15	0.000000e+00	0.000000e+00	0.000000e+00
162	4.491827e+15	0.000000e+00	0.000000e+00	0.000000e+00
163	4.500244e+15	0.000000e+00	0.000000e+00	0.000000e+00
164	4.508582e+15	0.000000e+00	0.000000e+00	0.000000e+00
165	4.516841e+15	0.000000e+00	0.000000e+00	0.000000e+00
166	4.525026e+15	0.000000e+00	0.000000e+00	0.000000e+00
167	4.533138e+15	0.000000e+00	0.000000e+00	0.000000e+00
168	4.541181e+15	0.000000e+00	0.000000e+00	0.000000e+00
169	4.549151e+15	0.000000e+00	0.000000e+00	0.000000e+00
170	4.557053e+15	0.000000e+00	0.000000e+00	0.000000e+00
171	4.564887e+15	0.000000e+00	0.000000e+00	0.000000e+00
172	4.572655e+15	0.000000e+00	0.000000e+00	0.000000e+00
173	4.580364e+15	0.000000e+00	0.000000e+00	0.000000e+00
174	4.588009e+15	0.000000e+00	0.000000e+00	0.000000e+00
175	4.595593e+15	0.000000e+00	0.000000e+00	0.000000e+00
176	4.603120e+15	0.000000e+00	0.000000e+00	0.000000e+00
177	4.610582e+15	0.000000e+00	0.000000e+00	0.000000e+00
178	4.617994e+15	0.000000e+00	0.000000e+00	0.000000e+00
179	4.625340e+15	0.000000e+00	0.000000e+00	0.000000e+00
180	4.632640e+15	0.000000e+00	0.000000e+00	0.000000e+00
181	4.639874e+15	0.000000e+00	0.000000e+00	0.000000e+00
182	4.647063e+15	0.000000e+00	0.000000e+00	0.000000e+00
183	4.654195e+15	0.000000e+00	0.000000e+00	0.000000e+00
184	4.661277e+15	0.000000e+00	0.000000e+00	0.000000e+00
185	4.668311e+15	0.000000e+00	0.000000e+00	0.000000e+00
186	4.675297e+15	0.000000e+00	0.000000e+00	0.000000e+00
187	4.682236e+15	0.000000e+00	0.000000e+00	0.000000e+00
188	4.689129e+15	0.000000e+00	0.000000e+00	0.000000e+00
189	4.695976e+15	0.000000e+00	0.000000e+00	0.000000e+00
190	4.702777e+15	0.000000e+00	0.000000e+00	0.000000e+00
191	4.709534e+15	0.000000e+00	0.000000e+00	0.000000e+00
192	4.716244e+15	0.000000e+00	0.000000e+00	0.000000e+00
193	4.722912e+15	0.000000e+00	0.000000e+00	0.000000e+00
194	4.729535e+15	0.000000e+00	0.000000e+00	0.000000e+00
195	4.736118e+15	0.000000e+00	0.000000e+00	0.000000e+00
196	4.742655e+15	0.000000e+00	0.000000e+00	0.000000e+00
197	4.749155e+15	0.000000e+00	0.000000e+00	0.000000e+00
198	4.755614e+15	0.000000e+00	0.000000e+00	0.000000e+00
199	4.762036e+15	0.000000e+00	0.000000e+00	0.000000e+00
200	4.768419e+15	0.000000e+00	0.000000e+00	0.000000e+00
201	4.774766e+15	0.000000e+00	0.000000e+00	0.000000e+00
202	4.781075e+15	0.000000e+00	0.000000e+00	0.000000e+00
203	4.787349e+15	0.000000e+00	0.000000e+00	0.000000e+00
204	4.793587e+15	0.000000e+00	0.000000e+00	0.000000e+00
205	4.799790e+15	0.000000e+00	0.000000e+00	0.000000e+00
206	4.805960e+15	0.000000e+00	0.000000e+00	0.000000e+00
207	4.812094e+15	0.000000e+00	0.000000e+00	0.000000e+00
208	4.818200e+15	0.000000e+00	0.000000e+00	0.000000e+00
209	4.824269e+15	0.000000e+00	0.000000e+00	0.000000e+00
210	4.830312e+15	0.000000e+00	0.000000e+00	0.000000e+00
211	4.836314e+15	0.000000e+00	0.000000e+00	0.000000e+00
212	4.842294e+15	0.000000e+00	0.000000e+00	0.000000e+00
213	4.848235e+15	0.000000e+00	0.000000e+00	0.000000e+00
214	4.854153e+15	0.000000e+00	0.000000e+00	0.000000e+00
215	4.860034e+15	0.000000e+00	0.000000e+00	0.000000e+00
216	4.865893e+15	0.000000e+00	0.000000e+00	0.000000e+00
217	4.871716e+15	0.000000e+00	0.000000e+00	0.000000e+00
218	4.877517e+15	0.000000e+00	0.000000e+00	0.000000e+00
219	4.883288e+15	0.000000e+00	0.000000e+00	0.000000e+00
220	4.889031e+15	0.000000e+00	0.000000e+00	0.000000e+00
221	4.894751e+15	0.000000e+00	0.000000e+00	0.000000e+00
222	4.900440e+15	0.000000e+00	0.000000e+00	0.000000e+00
223	4.906110e+15	0.000000e+00	0.000000e+00	0.000000e+00
224	4.911749e+15	0.000000e+00	0.000000e+00	0.000000e+00
225	4.917368e+15	0.000000e+00	0.000000e+00	0.000000e+00
226	4.922957e+15	0.000000e+00	0.000000e+00	0.000000e+00
227	4.928527e+15	0.000000e+00	0.000000e+00	0.000000e+00
228	4.934068e+15	0.000000e+00	0.000000e+00	0.000000e+00
229	4.939588e+15	0.000000e+00	0.000000e+00	0.000000e+00
230	4.945083e+15	0.000000e+00	0.000000e+00	0.000000e+00
231	4.950554e+15	0.000000e+00	0.000000e+00	0.000000e+00
232	4.956003e+15	0.000000e+00	0.000000e+00	0.000000e+00
233	4.961429e+15	0.000000e+00	0.000000e+00	0.000000e+00
234	4.966836e+15	0.000000e+00	0.000000e+00	0.000000e+00
235	4.972220e+15	0.000000e+00	0.000000e+00	0.000000e+00
236	4.977585e+15	0.000000e+00	0.000000e+00	0.000000e+00
237	4.982928e+15	0.000000e+00	0.000000e+00	0.000000e+00
238	4.988251e+15	0.000000e+00	0.000000e+00	0.000000e+00
239	4.993553e+15	0.000000e+00	0.000000e+00	0.000000e+00
240	4.998834e+15	0.000000e+00	0.000000e+00	0.000000e+00
241	5.004093e+15	0.000000e+00	0.000000e+00	0.000000e+00
242	5.009338e+15	0.000000e+00	0.000000e+00	0.000000e+00
243	5.014559e+15	0.000000e+00	0.000000e+00	0.000000e+00
244	5.019766e+15	0.000000e+00	0.000000e+00	0.000000e+00
245	5.024951e+15	0.000000e+00	0.000000e+00	0.000000e+00
246	5.030120e+15	0.000000e+00	0.000000e+00	0.000000e+00
247	5.035270e+15	0.000000e+00	0.000000e+00	0.000000e+00
248	5.040402e+15	0.000000e+00	0.000000e+00	0.000000e+00
249	5.045520e+15	0.000000e+00	0.000000e+00	0.000000e+00
250	5.050615e+15	0.000000e+00	0.000000e+00	0.000000e+00
251	5.055696e+15	0.000000e+00	0.000000e+00	0.000000e+00
252	5.060758e+15	0.000000e+00	0.000000e+00	0.000000e+00
253	5.065803e+15	0.000000e+00	0.000000e+00	0.000000e+00
254	5.070834e+15	0.000000e+00	0.000000e+00	0.000000e+00
255	5.075847e+15	0.000000e+00	0.000000e+00	0.000000e+00
256	5.080843e+15	0.000000e+00	0.000000e+00	0.000000e+00
257	5.085827e+15	0.000000e+00	0.000000e+00	0.000000e+00
258	5.090793e+15	0.000000e+00	0.000000e+00	0.000000e+00
259	5.095747e+15	0.000000e+00	0.000000e+00	0.000000e+00
260	5.100682e+15	0.000000e+00	0.000000e+00	0.000000e+00
261	5.105605e+15	0.000000e+00	0.000000e+00	0.000000e+00
262	5.110510e+15	0.000000e+00	0.000000e+00	0.000000e+00
263	5.115403e+15	0.000000e+00	0.000000e+00	0.000000e+00
264	5.120279e+15	0.000000e+00	0.000000e+00	0.000000e+00
265	5.125143e+15	0.000000e+00	0.000000e+00	0.000000e+00
266	5.129992e+15	0.000000e+00	0.000000e+00	0.000000e+00
267	5.134830e+15	0.000000e+00	0.000000e+00	0.000000e+00
268	5.139652e+15	0.000000e+00	0.000000e+00	0.000000e+00
269	5.144463e+15	0.000000e+00	0.000000e+00	0.000000e+00
270	5.149259e+15	0.000000e+00	0.000000e+00	0.000000e+00
271	5.154043e+15	0.000000e+00	0.000000e+00	0.000000e+00
272	5.158813e+15	0.000000e+00	0.000000e+00	0.000000e+00
273	5.163570e+15	0.000000e+00	0.000000e+00	0.000000e+00
274	5.168317e+15	0.000000e+00	0.000000e+00	0.000000e+00
275	5.173048e+15	0.000000e+00	0.000000e+00	0.000000e+00
276	5.177769e+15	0.000000e+00	0.000000e+00	0.000000e+00
277	5.182478e+15	0.000000e+00	0.000000e+00	0.000000e+00
278	5.187175e+15	0.000000e+00	0.000000e+00	0.000000e+00
279	5.191861e+15	0.000000e+00	0.000000e+00	0.000000e+00
280	5.196535e+15	0.000000e+00	0.000000e+00	0.000000e+00
281	5.201198e+15	0.000000e+00	0.000000e+00	0.000000e+00
282	5.205850e+15	0.000000e+00	0.000000e+00	0.000000e+00
283	5.210492e+15	0.000000e+00	0.000000e+00	0.000000e+00
284	5.215123e+15	0.000000e+00	0.000000e+00	0.000000e+00
285	5.219744e+15	0.000000e+00	0.000000e+00	0.000000e+00
286	5.224355e+15	0.000000e+00	0.000000e+00	0.000000e+00
287	5.228954e+15	0.000000e+00	0.000000e+00	0.000000e+00
288	5.233545e+15	0.000000e+00	0.000000e+00	0.000000e+00
289	5.238124e+15	0.000000e+00	0.000000e+00	0.000000e+00
290	5.242692e+15	0.000000e+00	0.000000e+00	0.000000e+00
291	5.247252e+15	0.000000e+00	0.000000e+00	0.000000e+00
292	5.251799e+15	0.000000e+00	0.000000e+00	0.000000e+00
293	5.256339e+15	0.000000e+00	0.000000e+00	0.000000e+00
294	5.260867e+15	0.000000e+00	0.000000e+00	0.000000e+00
295	5.265387e+15	0.000000e+00	0.000000e+00	0.000000e+00
296	5.269897e+15	0.000000e+00	0.000000e+00	0.000000e+00
297	5.274397e+15	0.000000e+00	0.000000e+00	0.000000e+00
298	5.278890e+15	0.000000e+00	0.000000e+00	0.000000e+00
299	5.283371e+15	0.000000e+00	0.000000e+00	0.000000e+00
300	5.287847e+15	0.000000e+00	0.000000e+00	0.000000e+00
301	5.292310e+15	0.000000e+00	0.000000e+00	0.000000e+00
302	5.296768e+15	0.000000e+00	0.000000e+00	0.000000e+00
303	5.301216e+15	0.000000e+00	0.000000e+00	0.000000e+00
304	5.305655e+15	0.000000e+00	0.000000e+00	0.000000e+00
305	5.310087e+15	0.000000e+00	0.000000e+00	0.000000e+00
306	5.314508e+15	0.000000e+00	0.000000e+00	0.000000e+00
307	5.318922e+15	0.000000e+00	0.000000e+00	0.000000e+00
308	5.323326e+15	0.000000e+00	0.000000e+00	0.000000e+00
309	5.327723e+15	0.000000e+00	0.000000e+00	0.000000e+00
310	5.332113e+15	0.000000e+00	0.000000e+00	0.000000e+00
311	5.336494e+15	0.000000e+00	0.000000e+00	0.000000e+00
312	5.340868e+15	0.000000e+00	0.000000e+00	0.000000e+00
313	5.345233e+15	0.000000e+00	0.000000e+00	0.000000e+00
314	5.349592e+15	0.000000e+00	0.000000e+00	0.000000e+00
315	5.353943e+15	0.000000e+00	0.000000e+00	0.000000e+00
316	5.358289e+15	0.000000e+00	0.000000e+00	0.000000e+00
317	5.362625e+15	0.000000e+00	0.000000e+00	0.000000e+00
318	5.366958e+15	0.000000e+00	0.000000e+00	0.000000e+00
319	5.371281e+15	0.000000e+00	0.000000e+00	0.000000e+00
320	5.375601e+15	0.000000e+00	0.000000e+00	0.000000e+00
321	5.379910e+15	0.000000e+00	0.000000e+00	0.000000e+00
322	5.384215e+15	0.000000e+00	0.000000e+00	0.000000e+00
323	5.388511e+15	0.000000e+00	0.000000e+00	0.000000e+00
324	5.392803e+15	0.000000e+00	0.000000e+00	0.000000e+00
325	5.397085e+15	0.000000e+00	0.000000e+00	0.000000e+00
326	5.401363e+15	0.000000e+00	0.000000e+00	0.000000e+00
327	5.405632e+15	0.000000e+00	0.000000e+00	0.000000e+00
328	5.409898e+15	0.000000e+00	0.000000e+00	0.000000e+00
329	5.414157e+15	0.000000e+00	0.000000e+00	0.000000e+00
330	5.418410e+15	0.000000e+00	0.000000e+00	0.000000e+00
331	5.422657e+15	0.000000e+00	0.000000e+00	0.000000e+00
332	5.426897e+15	0.000000e+00	0.000000e+00	0.000000e+00
333	5.431133e+15	0.000000e+00	0.000000e+00	0.000000e+00
334	5.435361e+15	0.000000e+00	0.000000e+00	0.000000e+00
335	5.439584e+15	0.000000e+00	0.000000e+00	0.000000e+00
336	5.443802e+15	0.000000e+00	0.000000e+00	0.000000e+00
337	5.448015e+15	0.000000e+00	0.000000e+00	0.000000e+00
338	5.452222e+15	0.000000e+00	0.000000e+00	0.000000e+00
339	5.456425e+15	0.000000e+00	0.000000e+00	0.000000e+00
340	5.460623e+15	0.000000e+00	0.000000e+00	0.000000e+00
341	5.464815e+15	0.000000e+00	0.000000e+00	0.000000e+00
342	5.469001e+15	0.000000e+00	0.000000e+00	0.000000e+00
343	5.473184e+15	0.000000e+00	0.000000e+00	0.000000e+00
344	5.477361e+15	0.000000e+00	0.000000e+00	0.000000e+00
345	5.481533e+15	0.000000e+00	0.000000e+00	0.000000e+00
346	5.485701e+15	0.000000e+00	0.000000e+00	0.000000e+00
347	5.489863e+15	0.000000e+00	0.000000e+00	0.000000e+00
348	5.494022e+15	0.000000e+00	0.000000e+00	0.000000e+00
349	5.498174e+15	0.000000e+00	0.000000e+00	0.000000e+00
350	5.502324e+15	0.000000e+00	0.000000e+00	0.000000e+00
351	5.506468e+15	0.000000e+00	0.000000e+00	0.000000e+00
352	5.510606e+15	0.000000e+00	0.000000e+00	0.000000e+00
353	5.514742e+15	0.000000e+00	0.000000e+00	0.000000e+00
354	5.518872e+15	0.000000e+00	0.000000e+00	0.000000e+00
355	5.522997e+15	0.000000e+00	0.000000e+00	0.000000e+00
356	5.527119e+15	0.000000e+00	0.000000e+00	0.000000e+00
357	5.531234e+15	0.000000e+00	0.000000e+00	0.000000e+00
358	5.535348e+15	0.000000e+00	0.000000e+00	0.000000e+00
359	5.539453e+15	0.000000e+00	0.000000e+00	0.000000e+00
360	5.543557e+15	0.000000e+00	0.000000e+00	0.000000e+00
361	5.547656e+15	0.000000e+00	0.000000e+00	0.000000e+00
362	5.551751e+15	0.000000e+00	0.000000e+00	0.000000e+00
363	5.555840e+15	0.000000e+00	0.000000e+00	0.000000e+00
364	5.559927e+15	0.000000e+00	0.000000e+00	0.000000e+00
365	5.564008e+15	0.000000e+00	0.000000e+00	0.000000e+00
366	5.568085e+15	0.000000e+00	0.000000e+00	0.000000e+00
367	5.572158e+15	0.000000e+00	0.000000e+00	0.000000e+00
368	5.576227e+15	0.000000e+00	0.000000e+00	0.000000e+00
369	5.580292e+15	0.000000e+00	0.000000e+00	0.000000e+00
370	5.584351e+15	0.000000e+00	0.000000e+00	0.000000e+00
371	5.588408e+15	0.000000e+00	0.000000e+00	0.000000e+00
372	5.592459e+15	0.000000e+00	0.000000e+00	0.000000e+00
373	5.596506e+15	0.000000e+00	0.000000e+00	0.000000e+00
374	5.600550e+15	0.000000e+00	0.000000e+00	0.000000e+00
375	5.604589e+15	0.000000e+00	0.000000e+00	0.000000e+00
376	5.608626e+15	0.000000e+00	0.000000e+00	0.000000e+00
377	5.612658e+15	0.000000e+00	0.000000e+00	0.000000e+00
378	5.616688e+15	0.000000e+00	0.000000e+00	0.000000e+00
379	5.620716e+15	0.000000e+00	0.000000e+00	0.000000e+00
380	5.624736e+15	0.000000e+00	0.000000e+00	0.000000e+00
381	5.628756e+15	0.000000e+00	0.000000e+00	0.000000e+00
382	5.632768e+15	0.000000e+00	0.000000e+00	0.000000e+00
383	5.636778e+15	0.000000e+00	0.000000e+00	0.000000e+00
384	5.640783e+15	0.000000e+00	0.000000e+00	0.000000e+00
385	5.644785e+15	0.000000e+00	0.000000e+00	0.000000e+00
386	5.648782e+15	0.000000e+00	0.000000e+00	0.000000e+00
387	5.652777e+15	0.000000e+00	0.000000e+00	0.000000e+00
388	5.656767e+15	0.000000e+00	0.000000e+00	0.000000e+00
389	5.660755e+15	0.000000e+00	0.000000e+00	0.000000e+00
390	5.664736e+15	0.000000e+00	0.000000e+00	0.000000e+00
391	5.668715e+15	0.000000e+00	0.000000e+00	0.000000e+00
392	5.672688e+15	0.000000e+00	0.000000e+00	0.000000e+00
393	5.676656e+15	0.000000e+00	0.000000e+00	0.000000e+00
394	5.680620e+15	0.000000e+00	0.000000e+00	0.000000e+00
395	5.684578e+15	0.000000e+00	0.000000e+00	0.000000e+00
396	5.688533e+15	0.000000e+00	0.000000e+00	0.000000e+00
397	5.692482e+15	0.000000e+00	0.000000e+00	0.000000e+00
398	5.696426e+15	0.000000e+00	0.000000e+00	0.000000e+00
399	5.700366e+15	0.000000e+00	0.000000e+00	0.000000e+00
400	5.704300e+15	0.000000e+00	0.000000e+00	0.000000e+00
401	5.708230e+15	0.000000e+00	0.000000e+00	0.000000e+00
402	5.712152e+15	0.000000e+00	0.000000e+00	0.000000e+00
403	5.716073e+15	0.000000e+00	0.000000e+00	0.000000e+00
404	5.719986e+15	0.000000e+00	0.000000e+00	0.000000e+00
405	5.723103e+15	0.000000e+00	0.000000e+00	0.000000e+00
406	5.726382e+15	0.000000e+00	0.000000e+00	0.000000e+00
407	5.730184e+15	0.000000e+00	0.000000e+00	0.000000e+00
408	5.734077e+15	0.000000e+00	0.000000e+00	0.000000e+00
409	5.737963e+15	0.000000e+00	0.000000e+00	0.000000e+00
410	5.741842e+15	0.000000e+00	0.000000e+00	0.000000e+00
411	5.745696e+15	0.000000e+00	0.000000e+00	0.000000e+00
412	5.749559e+15	0.000000e+00	0.000000e+00	0.000000e+00
413	5.753415e+15	0.000000e+00	0.000000e+00	0.000000e+00
414	5.757262e+15	0.000000e+00	0.000000e+00	0.000000e+00
415	5.761099e+15	0.000000e+00	0.000000e+00	0.000000e+00
416	5.764927e+15	0.000000e+00	0.000000e+00	0.000000e+00
417	5.768738e+15	0.000000e+00	0.000000e+00	0.000000e+00
418	5.772536e+15	0.000000e+00	0.000000e+00	0.000000e+00
419	5.776319e+15	0.000000e+00	0.000000e+00	0.000000e+00
420	5.780083e+15	0.000000e+00	0.000000e+00	0.000000e+00
421	5.783823e+15	0.000000e+00	0.000000e+00	0.000000e+00
422	5.787531e+15	0.000000e+00	0.000000e+00	0.000000e+00
423	5.791206e+15	0.000000e+00	0.000000e+00	0.000000e+00
424	5.794661e+15	0.000000e+00	0.000000e+00	0.000000e+00
425	5.797863e+15	0.000000e+00	0.000000e+00	0.000000e+00
426	5.800760e+15	0.000000e+00	0.000000e+00	0.000000e+00
427	5.803384e+15	0.000000e+00	0.000000e+00	0.000000e+00
428	5.805794e+15	0.000000e+00	0.000000e+00	0.000000e+00
429	5.807020e+15	0.000000e+00	0.000000e+00	0.000000e+00
430	5.808490e+15	0.000000e+00	0.000000e+00	0.000000e+00
431	5.810255e+15	0.000000e+00	0.000000e+00	0.000000e+00
432	5.812032e+15	0.000000e+00	0.000000e+00	0.000000e+00
433	5.813374e+15	0.000000e+00	0.000000e+00	0.000000e+00
434	5.814984e+15	0.000000e+00	0.000000e+00	0.000000e+00
435	5.816801e+15	0.000000e+00	0.000000e+00	0.000000e+00
436	5.818460e+15	0.000000e+00	0.000000e+00	0.000000e+00
437	5.820132e+15	0.000000e+00	0.000000e+00	0.000000e+00
438	5.821842e+15	0.000000e+00	0.000000e+00	0.000000e+00
439	5.823215e+15	0.000000e+00	0.000000e+00	0.000000e+00
440	5.824764e+15	0.000000e+00	0.000000e+00	0.000000e+00
441	5.826401e+15	0.000000e+00	0.000000e+00	0.000000e+00
442	5.827734e+15	0.000000e+00	0.000000e+00	0.000000e+00
443	5.829302e+15	0.000000e+00	0.000000e+00	0.000000e+00
444	5.830749e+15	0.000000e+00	0.000000e+00	0.000000e+00
445	5.832199e+15	0.000000e+00	0.000000e+00	0.000000e+00
446	5.833468e+15	0.000000e+00	0.000000e+00	0.000000e+00
447	5.834830e+15	0.000000e+00	0.000000e+00	0.000000e+00
448	5.836268e+15	0.000000e+00	0.000000e+00	0.000000e+00
449	5.837616e+15	0.000000e+00	0.000000e+00	0.000000e+00
450	5.838851e+15	0.000000e+00	0.000000e+00	0.000000e+00
451	5.840187e+15	0.000000e+00	0.000000e+00	0.000000e+00
452	5.841566e+15	0.000000e+00	0.000000e+00	0.000000e+00
453	5.842823e+15	0.000000e+00	0.000000e+00	0.000000e+00
454	5.844077e+15	0.000000e+00	0.000000e+00	0.000000e+00
455	5.845344e+15	0.000000e+00	0.000000e+00	0.000000e+00
456	5.846556e+15	0.000000e+00	0.000000e+00	0.000000e+00
457	5.847796e+15	0.000000e+00	0.000000e+00	0.000000e+00
458	5.849011e+15	0.000000e+00	0.000000e+00	0.000000e+00
459	5.850243e+15	0.000000e+00	0.000000e+00	0.000000e+00
460	5.851450e+15	0.000000e+00	0.000000e+00	0.000000e+00
461	5.852660e+15	0.000000e+00	0.000000e+00	0.000000e+00
462	5.853833e+15	0.000000e+00	0.000000e+00	0.000000e+00
463	5.854990e+15	0.000000e+00	0.000000e+00	0.000000e+00
464	5.856185e+15	0.000000e+00	0.000000e+00	0.000000e+00
465	5.857395e+15	0.000000e+00	0.000000e+00	0.000000e+00
466	5.858548e+15	0.000000e+00	0.000000e+00	0.000000e+00
467	5.859687e+15	0.000000e+00	0.000000e+00	0.000000e+00
468	5.860869e+15	0.000000e+00	0.000000e+00	0.000000e+00
469	5.862047e+15	0.000000e+00	0.000000e+00	0.000000e+00
470	5.863235e+15	0.000000e+00	0.000000e+00	0.000000e+00
471	5.864432e+15	0.000000e+00	0.000000e+00	0.000000e+00
472	5.865564e+15	0.000000e+00	0.000000e+00	0.000000e+00
473	5.866634e+15	0.000000e+00	0.000000e+00	0.000000e+00
474	5.867786e+15	0.000000e+00	0.000000e+00	0.000000e+00
475	5.868900e+15	0.000000e+00	0.000000e+00	0.000000e+00
476	5.870071e+15	0.000000e+00	0.000000e+00	0.000000e+00
477	5.871226e+15	0.000000e+00	0.000000e+00	0.000000e+00
478	5.872376e+15	0.000000e+00	0.000000e+00	0.000000e+00
479	5.873517e+15	0.000000e+00	0.000000e+00	0.000000e+00
480	5.874617e+15	0.000000e+00	0.000000e+00	0.000000e+00
481	5.875721e+15	0.000000e+00	0.000000e+00	0.000000e+00
482	5.876824e+15	0.000000e+00	0.000000e+00	0.000000e+00
483	5.877799e+15	0.000000e+00	0.000000e+00	0.000000e+00
484	5.878874e+15	0.000000e+00	0.000000e+00	0.000000e+00
485	5.880025e+15	0.000000e+00	0.000000e+00	0.000000e+00
486	5.881103e+15	0.000000e+00	0.000000e+00	0.000000e+00
487	5.882143e+15	0.000000e+00	0.000000e+00	0.000000e+00
488	5.883198e+15	0.000000e+00	0.000000e+00	0.000000e+00
489	5.884326e+15	0.000000e+00	0.000000e+00	0.000000e+00
490	5.885376e+15	0.000000e+00	0.000000e+00	0.000000e+00
491	5.886442e+15	0.000000e+00	0.000000e+00	0.000000e+00
492	5.887540e+15	0.000000e+00	0.000000e+00	0.000000e+00
493	5.888593e+15	0.000000e+00	0.000000e+00	0.000000e+00
494	5.889725e+15	0.000000e+00	0.000000e+00	0.000000e+00
495	5.890824e+15	0.000000e+00	0.000000e+00	0.000000e+00
496	5.891834e+15	0.000000e+00	0.000000e+00	0.000000e+00
497	5.892922e+15	0.000000e+00	0.000000e+00	0.000000e+00
498	5.894029e+15	0.000000e+00	0.000000e+00	0.000000e+00
499	5.895165e+15	0.000000e+00	0.000000e+00	0.000000e+00
500	5.896206e+15	0.000000e+00	0.000000e+00	0.000000e+00
501	5.897281e+15	0.000000e+00	0.000000e+00	0.000000e+00
502	5.898333e+15	0.000000e+00	0.000000e+00	0.000000e+00
503	5.899436e+15	0.000000e+00	0.000000e+00	0.000000e+00
504	5.900569e+15	0.000000e+00	0.000000e+00	0.000000e+00
505	5.901589e+15	0.000000e+00	0.000000e+00	0.000000e+00
506	5.902736e+15	0.000000e+00	0.000000e+00	0.000000e+00
507	5.903845e+15	0.000000e+00	0.000000e+00	0.000000e+00
508	5.904979e+15	0.000000e+00	0.000000e+00	0.000000e+00
509	5.906134e+15	0.000000e+00	0.000000e+00	0.000000e+00
510	5.907218e+15	0.000000e+00	0.000000e+00	0.000000e+00
511	5.908308e+15	0.000000e+00	0.000000e+00	0.000000e+00
512	5.909430e+15	0.000000e+00	0.000000e+00	0.000000e+00
513	5.910614e+15	0.000000e+00	0.000000e+00	0.000000e+00
514	5.911706e+15	0.000000e+00	0.000000e+00	0.000000e+00
515	5.912901e+15	0.000000e+00	0.000000e+00	0.000000e+00
516	5.914017e+15	0.000000e+00	0.000000e+00	0.000000e+00
517	5.915117e+15	0.000000e+00	0.000000e+00	0.000000e+00
518	5.916249e+15	0.000000e+00	0.000000e+00	0.000000e+00
519	5.917449e+15	0.000000e+00	0.000000e+00	0.000000e+00
520	5.918600e+15	0.000000e+00	0.000000e+00	0.000000e+00
521	5.919728e+15	0.000000e+00	0.000000e+00	0.000000e+00
522	5.920816e+15	0.000000e+00	0.000000e+00	0.000000e+00
523	5.921921e+15	0.000000e+00	0.000000e+00	0.000000e+00
524	5.923118e+15	0.000000e+00	0.000000e+00	0.000000e+00
525	5.924303e+15	0.000000e+00	0.000000e+00	0.000000e+00
526	5.925455e+15	0.000000e+00	0.000000e+00	0.000000e+00
527	5.926610e+15	0.000000e+00	0.000000e+00	0.000000e+00
528	5.927801e+15	0.000000e+00	0.000000e+00	0.000000e+00
529	5.929050e+15	0.000000e+00	0.000000e+00	0.000000e+00
530	5.930254e+15	0.000000e+00	0.000000e+00	0.000000e+00
531	5.931356e+15	0.000000e+00	0.000000e+00	0.000000e+00
532	5.932543e+15	0.000000e+00	0.000000e+00	0.000000e+00
533	5.933538e+15	0.000000e+00	0.000000e+00	0.000000e+00
534	5.934557e+15	0.000000e+00	0.000000e+00	0.000000e+00
535	5.935480e+15	0.000000e+00	0.000000e+00	0.000000e+00
536	5.936588e+15	0.000000e+00	0.000000e+00	0.000000e+00
537	5.937770e+15	0.000000e+00	0.000000e+00	0.000000e+00
538	5.939022e+15	0.000000e+00	0.000000e+00	0.000000e+00
539	5.940169e+15	0.000000e+00	0.000000e+00	0.000000e+00
540	5.941325e+15	0.000000e+00	0.000000e+00	0.000000e+00
541	5.942500e+15	0.000000e+00	0.000000e+00	0.000000e+00
542	5.943348e+15	0.000000e+00	0.000000e+00	0.000000e+00
543	5.944365e+15	0.000000e+00	0.000000e+00	0.000000e+00
544	5.945585e+15	0.000000e+00	1.738714e-02	0.000000e+00
545	5.946723e+15	0.000000e+00	2.550990e-01	0.000000e+00
546	5.947949e+15	0.000000e+00	7.410535e-01	0.000000e+00
547	5.949074e+15	0.000000e+00	1.819326e+00	0.000000e+00
548	5.949907e+15	0.000000e+00	1.359166e+00	0.000000e+00
549	5.950792e+15	0.000000e+00	1.311464e+00	0.000000e+00
550	5.951854e+15	0.000000e+00	1.900523e+00	0.000000e+00
551	5.953004e+15	0.000000e+00	2.531845e+00	4.612627e+16
552	5.954158e+15	0.000000e+00	2.889461e+00	7.091746e+16
553	5.955290e+15	0.000000e+00	2.830540e+00	5.481051e+16
554	5.956470e+15	0.000000e+00	3.709328e+00	8.713459e+16
555	5.957595e+15	0.000000e+00	3.236000e+00	8.322924e+16
556	5.958844e+15	0.000000e+00	4.720689e+00	7.889499e+16
557	5.960000e+15	0.000000e+00	5.751922e+00	9.656495e+16
558	5.960993e+15	0.000000e+00	5.102428e+00	5.792368e+16
559	5.961957e+15	0.000000e+00	3.638993e+00	5.464480e+16
560	5.963113e+15	0.000000e+00	4.769421e+00	7.774438e+16
561	5.964329e+15	0.000000e+00	8.138040e+00	1.084796e+17
562	5.965265e+15	0.000000e+00	4.181394e+00	8.960802e+16
563	5.966388e+15	0.000000e+00	7.848633e+00	1.042638e+17
564	5.967362e+15	0.000000e+00	4.937762e+00	8.617875e+16
565	5.968532e+15	0.000000e+00	7.332941e+00	9.458737e+16
566	5.969656e+15	0.000000e+00	7.538252e+00	6.900733e+16
567	5.970735e+15	0.000000e+00	7.785129e+00	8.678747e+16
568	5.971753e+15	0.000000e+00	6.759796e+00	7.171095e+16
569	5.972794e+15	0.000000e+00	5.260888e+00	6.646222e+16
570	5.974027e+15	0.000000e+00	1.101165e+01	9.052452e+16
571	5.975006e+15	0.000000e+00	6.722483e+00	6.386693e+16
572	5.976082e+15	0.000000e+00	9.872221e+00	6.016607e+16
573	5.977039e+15	0.000000e+00	6.144612e+00	6.237356e+16
574	5.978158e+15	0.000000e+00	7.130856e+00	7.883700e+16
575	5.979365e+15	0.000000e+00	1.039642e+01	9.693681e+16
576	5.980401e+15	0.000000e+00	1.083353e+01	1.115135e+17
577	5.981275e+15	0.000000e+00	5.844379e+00	6.918576e+16
578	5.982315e+15	0.000000e+00	9.614662e+00	9.078804e+16
579	5.983249e+15	0.000000e+00	6.143075e+00	5.646738e+16
580	5.984330e+15	0.000000e+00	1.024437e+01	5.423067e+16
581	5.985247e+15	0.000000e+00	6.170504e+00	6.371742e+16
582	5.986284e+15	0.000000e+00	6.105609e+00	4.470186e+16
583	5.987449e+15	0.000000e+00	1.198904e+01	7.819490e+16
584	5.988347e+15	0.000000e+00	6.369019e+00	4.617717e+16
585	5.989352e+15	0.000000e+00	7.099491e+00	6.193931e+16
586	5.990412e+15	0.000000e+00	9.350310e+00	5.058408e+16
587	5.991370e+15	0.000000e+00	7.595736e+00	7.881698e+16
588	5.992337e+15	0.000000e+00	6.862568e+00	8.741524e+16
589	5.993376e+15	0.000000e+00	9.210678e+00	7.139753e+16
590	5.994322e+15	0.000000e+00	6.264889e+00	3.667835e+16
591	5.995394e+15	0.000000e+00	1.090852e+01	5.381730e+16
592	5.996287e+15	0.000000e+00	7.794611e+00	4.175680e+16
593	5.997200e+15	0.000000e+00	6.400063e+00	4.174336e+16
594	5.998240e+15	0.000000e+00	5.832684e+00	3.323190e+16
595	5.999487e+15	0.000000e+00	2.090333e+01	7.796708e+16
596	6.000177e+15	0.000000e+00	7.732918e+00	4.056954e+16
597	6.000895e+15	0.000000e+00	5.956175e+00	4.317765e+16
598	6.001758e+15	0.000000e+00	6.162109e+00	3.801778e+16
599	6.002793e+15	0.000000e+00	7.325324e+00	6.500049e+16
600	6.003945e+15	0.000000e+00	1.716634e+01	9.175051e+16
601	6.004719e+15	0.000000e+00	6.464873e+00	4.790821e+16
602	6.005647e+15	0.000000e+00	7.401869e+00	5.566233e+16
603	6.006685e+15	0.000000e+00	1.097264e+01	8.391984e+16
604	6.007615e+15	0.000000e+00	1.312984e+01	8.832834e+16
605	6.008364e+15	0.000000e+00	6.349763e+00	4.769924e+16
606	6.009262e+15	0.000000e+00	8.670858e+00	7.805722e+16
607	6.010174e+15	0.000000e+00	1.070656e+01	7.071143e+16
608	6.010985e+15	0.000000e+00	6.139253e+00	6.461430e+16
609	6.011959e+15	0.000000e+00	1.212303e+01	7.238006e+16
610	6.012755e+15	0.000000e+00	1.053357e+01	5.282768e+16
611	6.013476e+15	0.000000e+00	1.385158e+01	7.184875e+16
612	6.014034e+15	0.000000e+00	6.433094e+00	3.508963e+16
613	6.014702e+15	0.000000e+00	8.837407e+00	4.745317e+16
614	6.015376e+15	0.000000e+00	6.529443e+00	4.253651e+16
615	6.016184e+15	0.000000e+00	6.539230e+00	4.248907e+16
616	6.017154e+15	0.000000e+00	1.166664e+01	6.929945e+16
617	6.017990e+15	0.000000e+00	8.215531e+00	5.961255e+16
618	6.018876e+15	0.000000e+00	8.169577e+00	6.082506e+16
619	6.019833e+15	0.000000e+00	1.206870e+01	9.093700e+16
620	6.020653e+15	0.000000e+00	8.321848e+00	4.439312e+16
621	6.021531e+15	0.000000e+00	7.153286e+00	7.219347e+16
622	6.022552e+15	0.000000e+00	1.060474e+01	5.471798e+16
623	6.023484e+15	0.000000e+00	1.226406e+01	5.902548e+16
624	6.024260e+15	0.000000e+00	6.411917e+00	4.537904e+16
625	6.025191e+15	0.000000e+00	6.203952e+00	4.713996e+16
626	6.026306e+15	0.000000e+00	1.712205e+01	7.274571e+16
627	6.027044e+15	0.000000e+00	6.304291e+00	3.113351e+16
628	6.027930e+15	0.000000e+00	6.330551e+00	6.311594e+16
629	6.028994e+15	0.000000e+00	1.048713e+01	7.259526e+16
630	6.029964e+15	0.000000e+00	8.546889e+00	9.995697e+16
631	6.030954e+15	0.000000e+00	1.308178e+01	8.891833e+16
632	6.031742e+15	0.000000e+00	6.274624e+00	5.797712e+16
633	6.032687e+15	0.000000e+00	9.035221e+00	6.824024e+16
634	6.033626e+15	0.000000e+00	6.702845e+00	6.951509e+16
635	6.034728e+15	0.000000e+00	1.492134e+01	1.040307e+17
636	6.035545e+15	0.000000e+00	6.860576e+00	4.393640e+16
637	6.036493e+15	0.000000e+00	7.977254e+00	7.692676e+16
638	6.037495e+15	0.000000e+00	6.303394e+00	4.493155e+16
639	6.038697e+15	0.000000e+00	1.204662e+01	8.899577e+16
640	6.039695e+15	0.000000e+00	8.306163e+00	5.787292e+16
641	6.040742e+15	0.000000e+00	1.026354e+01	5.210930e+16
642	6.041736e+15	0.000000e+00	1.105677e+01	5.159619e+16
643	6.042632e+15	0.000000e+00	6.654312e+00	8.288022e+16
644	6.043702e+15	0.000000e+00	1.151909e+01	7.047442e+16
645	6.044631e+15	0.000000e+00	6.434938e+00	3.353235e+16
646	6.045726e+15	0.000000e+00	6.200084e+00	6.480485e+16
647	6.047039e+15	0.000000e+00	1.009742e+01	8.304495e+16
648	6.048237e+15	0.000000e+00	9.836997e+00	9.552572e+16
649	6.049351e+15	0.000000e+00	6.790538e+00	6.639279e+16
650	6.050603e+15	0.000000e+00	1.445516e+01	1.251384e+17
651	6.051528e+15	0.000000e+00	9.356205e+00	6.095994e+16
652	6.052411e+15	0.000000e+00	7.095181e+00	4.922358e+16
653	6.053387e+15	0.000000e+00	9.866442e+00	9.096334e+16
654	6.054289e+15	0.000000e+00	8.180491e+00	5.749965e+16
655	6.055204e+15	0.000000e+00	5.739487e+00	7.239661e+16
656	6.056303e+15	0.000000e+00	9.387478e+00	6.930594e+16
657	6.057329e+15	0.000000e+00	6.866978e+00	7.562938e+16
658	6.058455e+15	0.000000e+00	9.915495e+00	8.905785e+16
659	6.059467e+15	0.000000e+00	5.879958e+00	3.944057e+16
660	6.060657e+15	0.000000e+00	9.496464e+00	7.650413e+16
661	6.061745e+15	0.000000e+00	1.097686e+01	5.983505e+16
662	6.062654e+15	0.000000e+00	8.283405e+00	5.734025e+16
663	6.063538e+15	0.000000e+00	5.299121e+00	5.121021e+16
664	6.064599e+15	0.000000e+00	1.133768e+01	7.694120e+16
665	6.065458e+15	0.000000e+00	5.344591e+00	4.474709e+16
666	6.066489e+15	0.000000e+00	9.809706e+00	6.688975e+16
667	6.067410e+15	0.000000e+00	5.336812e+00	5.185021e+16
668	6.068514e+15	0.000000e+00	8.872715e+00	5.284741e+16
669	6.069538e+15	0.000000e+00	5.993532e+00	6.470674e+16
670	6.070691e+15	0.000000e+00	1.085067e+01	7.260150e+16
671	6.071642e+15	0.000000e+00	8.997050e+00	4.176634e+16
672	6.072513e+15	0.000000e+00	6.596204e+00	5.209809e+16
673	6.073449e+15	0.000000e+00	5.670479e+00	3.907198e+16
674	6.074532e+15	0.000000e+00	1.221023e+01	4.514262e+16
675	6.075359e+15	0.000000e+00	5.251391e+00	3.423659e+16
676	6.076352e+15	0.000000e+00	5.754293e+00	3.829055e+16
677	6.077493e+15	0.000000e+00	8.279650e+00	4.701911e+16
678	6.078582e+15	0.000000e+00	7.697434e+00	6.108118e+16
679	6.079668e+15	0.000000e+00	9.925358e+00	5.575348e+16
680	6.080630e+15	0.000000e+00	5.793016e+00	5.157926e+16
681	6.081771e+15	0.000000e+00	6.477579e+00	7.099665e+16
682	6.083071e+15	0.000000e+00	1.237928e+01	7.239962e+16
683	6.084108e+15	0.000000e+00	7.927236e+00	4.878522e+16
684	6.085164e+15	0.000000e+00	9.392540e+00	5.745638e+16
685	6.086134e+15	0.000000e+00	8.312024e+00	5.940687e+16
686	6.087086e+15	0.000000e+00	6.270540e+00	6.458996e+16
687	6.088167e+15	0.000000e+00	7.450382e+00	7.862809e+16
688	6.089290e+15	0.000000e+00	1.142036e+01	7.029399e+16
689	6.090201e+15	0.000000e+00	6.676083e+00	5.375162e+16
690	6.091201e+15	0.000000e+00	8.971909e+00	8.718721e+16
691	6.092136e+15	0.000000e+00	5.562589e+00	5.377390e+16
692	6.093249e+15	0.000000e+00	1.248049e+01	9.130699e+16
693	6.094094e+15	0.000000e+00	5.570355e+00	2.869060e+16
694	6.095108e+15	0.000000e+00	5.989434e+00	5.257159e+16
695	6.096281e+15	0.000000e+00	1.479145e+01	7.545158e+16
696	6.097092e+15	0.000000e+00	5.618175e+00	3.774837e+16
697	6.098065e+15	0.000000e+00	6.347275e+00	3.771452e+16
698	6.099157e+15	0.000000e+00	5.606131e+00	5.773281e+16
699	6.100467e+15	0.000000e+00	9.795109e+00	6.883385e+16
700	6.101636e+15	0.000000e+00	6.230558e+00	6.942719e+16
701	6.102986e+15	0.000000e+00	1.185926e+01	7.304544e+16
702	6.104069e+15	0.000000e+00	1.233133e+01	8.344896e+16
703	6.104913e+15	0.000000e+00	5.724590e+00	4.872061e+16
704	6.105927e+15	0.000000e+00	7.929550e+00	7.585795e+16
705	6.106947e+15	0.000000e+00	1.164113e+01	8.579106e+16
706	6.107765e+15	0.000000e+00	6.065258e+00	5.060510e+16
707	6.108709e+15	0.000000e+00	7.574158e+00	6.863527e+16
708	6.109667e+15	0.000000e+00	9.864779e+00	4.794604e+16
709	6.110503e+15	0.000000e+00	6.989039e+00	5.045234e+16
710	6.111390e+15	0.000000e+00	5.547027e+00	4.794020e+16
711	6.112454e+15	0.000000e+00	1.112827e+01	6.034940e+16
712	6.113331e+15	0.000000e+00	8.515778e+00	6.003625e+16
713	6.114178e+15	0.000000e+00	5.674432e+00	6.565301e+16
714	6.115194e+15	0.000000e+00	7.394451e+00	9.817826e+16
715	6.116240e+15	0.000000e+00	9.149131e+00	8.084553e+16
716	6.117188e+15	0.000000e+00	6.340074e+00	3.183947e+16
717	6.118235e+15	0.000000e+00	1.016058e+01	6.368212e+16
718	6.119125e+15	0.000000e+00	7.067651e+00	3.396608e+16
719	6.120055e+15	0.000000e+00	7.651843e+00	4.306332e+16
720	6.120985e+15	0.000000e+00	5.511596e+00	6.303926e+16
721	6.122101e+15	0.000000e+00	1.381149e+01	8.500114e+16
722	6.122896e+15	0.000000e+00	7.349132e+00	3.074619e+16
723	6.123728e+15	0.000000e+00	5.765311e+00	4.475490e+16
724	6.124727e+15	0.000000e+00	5.853141e+00	1.001226e+17
725	6.125922e+15	0.000000e+00	9.109504e+00	6.798858e+16
726	6.127022e+15	0.000000e+00	1.787278e+01	1.001269e+17
727	6.127669e+15	0.000000e+00	1.324574e+01	4.825669e+16
728	6.128138e+15	0.000000e+00	5.453708e+00	1.975199e+16
729	6.128702e+15	0.000000e+00	5.383875e+00	3.760867e+16
730	6.129378e+15	0.000000e+00	5.288322e+00	3.380900e+16
731	6.130189e+15	0.000000e+00	5.233933e+00	3.474176e+16
732	6.131163e+15	0.000000e+00	8.227714e+00	6.613905e+16
733	6.132074e+15	0.000000e+00	5.181220e+00	4.605850e+16
734	6.133168e+15	0.000000e+00	3.082181e+01	9.065095e+16
735	6.133604e+15	0.000000e+00	5.249415e+00	2.883012e+16
736	6.134126e+15	0.000000e+00	5.273404e+00	4.491281e+16
737	6.134753e+15	0.000000e+00	5.384064e+00	3.385427e+16
738	6.135505e+15	0.000000e+00	5.316673e+00	6.657736e+16
739	6.136408e+15	0.000000e+00	6.448329e+00	4.079869e+16
740	6.137390e+15	0.000000e+00	6.925805e+00	5.854785e+16
741	6.138418e+15	0.000000e+00	7.708659e+00	9.899346e+16
742	6.139434e+15	0.000000e+00	7.223019e+00	6.791938e+16
743	6.140480e+15	0.000000e+00	6.482563e+00	4.408932e+16
744	6.141627e+15	0.000000e+00	1.219194e+01	7.907394e+16
745	6.142520e+15	0.000000e+00	1.145690e+01	6.876130e+16
746	6.143239e+15	0.000000e+00	7.375806e+00	3.455408e+16
747	6.143991e+15	0.000000e+00	6.129280e+00	5.579458e+16
748	6.144859e+15	0.000000e+00	5.761229e+00	4.664515e+16
749	6.145902e+15	0.000000e+00	2.328568e+01	7.243196e+16
750	6.146445e+15	0.000000e+00	6.049682e+00	4.132934e+16
751	6.147096e+15	0.000000e+00	6.108241e+00	4.874362e+16
752	6.147878e+15	0.000000e+00	6.193597e+00	5.238008e+16
753	6.148816e+15	0.000000e+00	7.529519e+00	6.623255e+16
754	6.149830e+15	0.000000e+00	1.993859e+01	6.657479e+16
755	6.150435e+15	0.000000e+00	9.868871e+00	5.277064e+16
756	6.151002e+15	0.000000e+00	6.425965e+00	2.492780e+16
757	6.151684e+15	0.000000e+00	6.407612e+00	5.424532e+16
758	6.152501e+15	0.000000e+00	1.228779e+01	7.275629e+16
759	6.153173e+15	0.000000e+00	6.364654e+00	6.280384e+16
760	6.153980e+15	0.000000e+00	6.461290e+00	6.189849e+16
761	6.154947e+15	0.000000e+00	1.401881e+01	6.741022e+16
762	6.155693e+15	0.000000e+00	7.908771e+00	4.403748e+16
763	6.156513e+15	0.000000e+00	1.226458e+01	6.468314e+16
764	6.157214e+15	0.000000e+00	6.893438e+00	3.597097e+16
765	6.158055e+15	0.000000e+00	8.521624e+00	6.181664e+16
766	6.158951e+15	0.000000e+00	9.102633e+00	5.529072e+16
767	6.159869e+15	0.000000e+00	7.337397e+00	9.318798e+16
768	6.160927e+15	0.000000e+00	1.789746e+01	5.677641e+16
769	6.161633e+15	0.000000e+00	7.962305e+00	5.356844e+16
770	6.162400e+15	0.000000e+00	6.630576e+00	6.711115e+16
771	6.163321e+15	0.000000e+00	1.332392e+01	3.623662e+16
772	6.164061e+15	0.000000e+00	6.671538e+00	4.700820e+16
773	6.164949e+15	0.000000e+00	1.770583e+01	7.359425e+16
774	6.165547e+15	0.000000e+00	6.762956e+00	3.269901e+16
775	6.166265e+15	0.000000e+00	1.080348e+01	3.411558e+16
776	6.166931e+15	0.000000e+00	6.938313e+00	2.870801e+16
777	6.167731e+15	0.000000e+00	6.878494e+00	6.854993e+16
778	6.168690e+15	0.000000e+00	1.447757e+01	6.422081e+16
779	6.169431e+15	0.000000e+00	6.761386e+00	2.545072e+16
780	6.170321e+15	0.000000e+00	1.920743e+01	3.655543e+16
781	6.170886e+15	0.000000e+00	1.053990e+01	3.649144e+16
782	6.171413e+15	0.000000e+00	6.687755e+00	3.204862e+16
783	6.172046e+15	0.000000e+00	6.687011e+00	4.278080e+16
784	6.172805e+15	0.000000e+00	6.689770e+00	3.008495e+16
785	6.173715e+15	0.000000e+00	1.072564e+01	4.321390e+16
786	6.174559e+15	0.000000e+00	6.881366e+00	5.369107e+16
787	6.175572e+15	0.000000e+00	9.035961e+00	4.452077e+16
788	6.176618e+15	0.000000e+00	1.882824e+01	8.506677e+16
789	6.177304e+15	0.000000e+00	6.852146e+00	6.741806e+16
790	6.178128e+15	0.000000e+00	6.806505e+00	4.498111e+16
791	6.179116e+15	0.000000e+00	6.792643e+00	4.745812e+16
792	6.180301e+15	0.000000e+00	7.822802e+00	8.286878e+16
793	6.181615e+15	0.000000e+00	3.854866e+01	9.486797e+16
794	6.182118e+15	0.000000e+00	6.503073e+00	1.523302e+16
795	6.182721e+15	0.000000e+00	6.509090e+00	6.645101e+15
796	6.183445e+15	0.000000e+00	8.132938e+00	3.339291e+16
797	6.184219e+15	0.000000e+00	6.564474e+00	4.411011e+16
798	6.185148e+15	0.000000e+00	2.391939e+01	4.916762e+16
799	6.185658e+15	0.000000e+00	6.718778e+00	5.069352e+16
800	6.186270e+15	0.000000e+00	6.828638e+00	2.528742e+16
801	6.187004e+15	0.000000e+00	7.013855e+00	4.244211e+16
802	6.187886e+15	0.000000e+00	8.640065e+00	4.343452e+16
803	6.188839e+15	0.000000e+00	1.374813e+01	5.095826e+16
804	6.189627e+15	0.000000e+00	7.700794e+00	5.462340e+16
805	6.190544e+15	0.000000e+00	7.481506e+00	5.151868e+16
806	6.191622e+15	0.000000e+00	2.696491e+01	5.876943e+16
807	6.192177e+15	0.000000e+00	6.981543e+00	4.259447e+16
808	6.192843e+15	0.000000e+00	6.964161e+00	2.396115e+16
809	6.193642e+15	0.000000e+00	6.926825e+00	3.386873e+16
810	6.194601e+15	0.000000e+00	1.562824e+01	6.517769e+16
811	6.195305e+15	0.000000e+00	6.659096e+00	2.316124e+16
812	6.196149e+15	0.000000e+00	9.236239e+00	4.833304e+16
813	6.196986e+15	0.000000e+00	7.980716e+00	4.610569e+16
814	6.197872e+15	0.000000e+00	1.120440e+01	4.844661e+16
815	6.198647e+15	0.000000e+00	6.222405e+00	3.974198e+16
816	6.199576e+15	0.000000e+00	1.120591e+01	5.468595e+16
817	6.200384e+15	0.000000e+00	6.381112e+00	3.024698e+16
818	6.201354e+15	0.000000e+00	8.630679e+00	6.477948e+16
819	6.202354e+15	0.000000e+00	2.592482e+01	6.263074e+16
820	6.202875e+15	0.000000e+00	6.904429e+00	1.181724e+16
821	6.203500e+15	0.000000e+00	6.905049e+00	2.701542e+16
822	6.204250e+15	0.000000e+00	6.996915e+00	2.280741e+16
823	6.205151e+15	0.000000e+00	1.274624e+01	3.360429e+16
824	6.205929e+15	0.000000e+00	7.364396e+00	4.911664e+16
825	6.206863e+15	0.000000e+00	1.495966e+01	5.160674e+16
826	6.207601e+15	0.000000e+00	8.119297e+00	3.301814e+16
827	6.208446e+15	0.000000e+00	8.813200e+00	4.660107e+16
828	6.209373e+15	0.000000e+00	1.160560e+01	6.291842e+16
829	6.210238e+15	0.000000e+00	7.537026e+00	4.658615e+16
830	6.211275e+15	0.000000e+00	9.669218e+00	5.162092e+16
831	6.212351e+15	0.000000e+00	2.809646e+01	1.100023e+17
832	6.212904e+15	0.000000e+00	7.496071e+00	2.072839e+16
833	6.213568e+15	0.000000e+00	7.592342e+00	3.950190e+16
834	6.214365e+15	0.000000e+00	7.642955e+00	5.298783e+16
835	6.215320e+15	0.000000e+00	1.703303e+01	5.977244e+16
836	6.216037e+15	0.000000e+00	8.176535e+00	3.241983e+16
837	6.216897e+15	0.000000e+00	1.046645e+01	6.370519e+16
838	6.217801e+15	0.000000e+00	3.245081e+01	6.476858e+16
839	6.218250e+15	0.000000e+00	8.583554e+00	3.346048e+16
840	6.218789e+15	0.000000e+00	8.623888e+00	4.237150e+16
841	6.219435e+15	0.000000e+00	8.658230e+00	3.923220e+16
842	6.220211e+15	0.000000e+00	1.664632e+01	6.849618e+16
843	6.220839e+15	0.000000e+00	8.848552e+00	4.975089e+16
844	6.221593e+15	0.000000e+00	8.924943e+00	5.287115e+16
845	6.222498e+15	0.000000e+00	8.995565e+00	6.972552e+16
846	6.223583e+15	0.000000e+00	2.475833e+01	1.006645e+17
847	6.224262e+15	0.000000e+00	8.737333e+00	3.986383e+16
848	6.225076e+15	0.000000e+00	2.755217e+01	6.294500e+16
849	6.225544e+15	0.000000e+00	8.699016e+00	1.883939e+16
850	6.226105e+15	0.000000e+00	8.560619e+00	5.184343e+16
851	6.226778e+15	0.000000e+00	8.544783e+00	3.689864e+16
852	6.227585e+15	0.000000e+00	1.291615e+01	9.089675e+16
853	6.228350e+15	0.000000e+00	1.169481e+01	6.038096e+16
854	6.229116e+15	0.000000e+00	1.049442e+01	6.209875e+16
855	6.229940e+15	0.000000e+00	8.729231e+00	6.948647e+16
856	6.230928e+15	0.000000e+00	9.115326e+00	6.368631e+16
857	6.232090e+15	0.000000e+00	1.480039e+01	1.044440e+17
858	6.233113e+15	0.000000e+00	1.665357e+01	6.600976e+16
859	6.233955e+15	0.000000e+00	1.438647e+01	6.796074e+16
860	6.234714e+15	0.000000e+00	9.071515e+00	5.819489e+16
861	6.235626e+15	0.000000e+00	2.281130e+01	6.353460e+16
862	6.236242e+15	0.000000e+00	1.163421e+01	4.487863e+16
863	6.236887e+15	0.000000e+00	9.149374e+00	7.285388e+16
864	6.237662e+15	0.000000e+00	1.143877e+01	4.374734e+16
865	6.238479e+15	0.000000e+00	1.364130e+01	7.083014e+16
866	6.239261e+15	0.000000e+00	9.428565e+00	4.289465e+16
867	6.240199e+15	0.000000e+00	2.155076e+01	8.256314e+16
868	6.240873e+15	0.000000e+00	9.631776e+00	4.221638e+16
869	6.241683e+15	0.000000e+00	9.365324e+00	6.432173e+16
870	6.242654e+15	0.000000e+00	1.432543e+01	4.415195e+16
871	6.243556e+15	0.000000e+00	9.143744e+00	8.294302e+16
872	6.244637e+15	0.000000e+00	1.754998e+01	8.860887e+16
873	6.245496e+15	0.000000e+00	1.926772e+01	8.109205e+16
874	6.246129e+15	0.000000e+00	1.006199e+01	5.230101e+16
875	6.246821e+15	0.000000e+00	8.523571e+00	1.614531e+16
876	6.247653e+15	0.000000e+00	8.405262e+00	6.634720e+16
877	6.248650e+15	0.000000e+00	1.400947e+01	5.978836e+16
878	6.249536e+15	0.000000e+00	8.386917e+00	5.648120e+16
879	6.250599e+15	0.000000e+00	2.571644e+01	6.206350e+16
880	6.251231e+15	0.000000e+00	8.253925e+00	5.427446e+16
881	6.251990e+15	0.000000e+00	9.748237e+00	6.697037e+16
882	6.252819e+15	0.000000e+00	8.217983e+00	5.307903e+16
883	6.253814e+15	0.000000e+00	1.847585e+01	5.939717e+16
884	6.254548e+15	0.000000e+00	8.174607e+00	3.857339e+16
885	6.255428e+15	0.000000e+00	1.518622e+01	5.377962e+16
886	6.256158e+15	0.000000e+00	1.070125e+01	6.813548e+16
887	6.256905e+15	0.000000e+00	8.115808e+00	5.889976e+16
888	6.257801e+15	0.000000e+00	8.218256e+00	2.568805e+16
889	6.258876e+15	0.000000e+00	8.216488e+00	7.564990e+16
890	6.260167e+15	0.000000e+00	2.383429e+01	7.838584e+16
891	6.260974e+15	0.000000e+00	9.222651e+00	4.292010e+16
892	6.261888e+15	0.000000e+00	8.817038e+00	4.019748e+16
893	6.262985e+15	0.000000e+00	9.000906e+00	4.355057e+16
894	6.264301e+15	0.000000e+00	2.454560e+01	7.128981e+16
895	6.265145e+15	0.000000e+00	1.159679e+01	3.809933e+16
896	6.266015e+15	0.000000e+00	8.858754e+00	5.196808e+16
897	6.267053e+15	0.000000e+00	1.200124e+01	6.739384e+16
898	6.268086e+15	0.000000e+00	1.218827e+01	6.640437e+16
899	6.269097e+15	0.000000e+00	8.401923e+00	4.699309e+16
900	6.270312e+15	0.000000e+00	2.508874e+01	7.897907e+16
901	6.271042e+15	0.000000e+00	8.166311e+00	2.309267e+16
902	6.271919e+15	0.000000e+00	8.059144e+00	3.416390e+16
903	6.272971e+15	0.000000e+00	2.865433e+01	7.526648e+16
904	6.273537e+15	0.000000e+00	7.969332e+00	2.099058e+16
905	6.274215e+15	0.000000e+00	8.009264e+00	3.868342e+16
906	6.275029e+15	0.000000e+00	8.049812e+00	4.039920e+16
907	6.276006e+15	0.000000e+00	8.024308e+00	6.215417e+16
908	6.277179e+15	0.000000e+00	1.104684e+01	4.815221e+16
909	6.278353e+15	0.000000e+00	1.676295e+01	7.705674e+16
910	6.279260e+15	0.000000e+00	8.102597e+00	3.707262e+16
911	6.280349e+15	0.000000e+00	1.838576e+01	6.950078e+16
912	6.281130e+15	0.000000e+00	8.045677e+00	4.405947e+16
913	6.282068e+15	0.000000e+00	1.156786e+01	5.686825e+16
914	6.282983e+15	0.000000e+00	8.178734e+00	3.419792e+16
915	6.284081e+15	0.000000e+00	1.565884e+01	7.778939e+16
916	6.284979e+15	0.000000e+00	8.296332e+00	4.236432e+16
917	6.286057e+15	0.000000e+00	8.333077e+00	7.463278e+16
918	6.287350e+15	0.000000e+00	3.826209e+01	1.013639e+17
919	6.287915e+15	0.000000e+00	9.658891e+00	2.723681e+16
920	6.288535e+15	0.000000e+00	8.265258e+00	5.170153e+16
921	6.289280e+15	0.000000e+00	8.302188e+00	3.231318e+16
922	6.290173e+15	0.000000e+00	8.466812e+00	3.817481e+16
923	6.291245e+15	0.000000e+00	8.800633e+00	7.508287e+16
924	6.292531e+15	0.000000e+00	1.511175e+01	1.005637e+17
925	6.293659e+15	0.000000e+00	1.061442e+01	5.878093e+16
926	6.294897e+15	0.000000e+00	9.394192e+00	6.791572e+16
927	6.296382e+15	0.000000e+00	1.727830e+01	1.434392e+17
928	6.297626e+15	0.000000e+00	1.195824e+01	9.825103e+16
929	6.298940e+15	0.000000e+00	1.530155e+01	1.602586e+17
930	6.300121e+15	0.000000e+00	9.429372e+00	6.761641e+16
931	6.301540e+15	0.000000e+00	3.832215e+01	8.508199e+16
932	6.302212e+15	0.000000e+00	9.138874e+00	5.296955e+16
933	6.303019e+15	0.000000e+00	9.092839e+00	4.696520e+16
934	6.303988e+15	0.000000e+00	9.048381e+00	4.388834e+16
935	6.305150e+15	0.000000e+00	1.455508e+01	9.681292e+16
936	6.306204e+15	0.000000e+00	9.961325e+00	5.994743e+16
937	6.307399e+15	0.000000e+00	1.985780e+01	6.840391e+16
938	6.308302e+15	0.000000e+00	9.405748e+00	9.051521e+16
939	6.309385e+15	0.000000e+00	1.035315e+01	7.781402e+16
940	6.310596e+15	0.000000e+00	1.408236e+01	6.628688e+16
941	6.311725e+15	0.000000e+00	1.038044e+01	7.958375e+16
942	6.312979e+15	0.000000e+00	9.149729e+00	8.145431e+16
943	6.314483e+15	0.000000e+00	2.741111e+01	1.101658e+17
944	6.315390e+15	0.000000e+00	9.246132e+00	3.226842e+16
945	6.316478e+15	0.000000e+00	1.021371e+01	4.303038e+16
946	6.317695e+15	0.000000e+00	2.088966e+01	8.597580e+16
947	6.318560e+15	0.000000e+00	9.055609e+00	3.051715e+16
948	6.319596e+15	0.000000e+00	9.637449e+00	3.056780e+16
949	6.320789e+15	0.000000e+00	1.295394e+01	6.009585e+16
950	6.321948e+15	0.000000e+00	1.144342e+01	6.177463e+16
951	6.323161e+15	0.000000e+00	1.364096e+01	8.843358e+16
952	6.324289e+15	0.000000e+00	1.219953e+01	6.352341e+16
953	6.325399e+15	0.000000e+00	8.662198e+00	7.781282e+16
954	6.326731e+15	0.000000e+00	4.115691e+01	9.292124e+16
955	6.327294e+15	0.000000e+00	8.956744e+00	2.601650e+16
956	6.327970e+15	0.000000e+00	8.876869e+00	2.255098e+16
957	6.328781e+15	0.000000e+00	8.718132e+00	4.538310e+16
958	6.329754e+15	0.000000e+00	8.573239e+00	4.546316e+16
959	6.330921e+15	0.000000e+00	9.052284e+00	7.361268e+16
960	6.332265e+15	0.000000e+00	1.483823e+01	1.204360e+17
961	6.333401e+15	0.000000e+00	8.928928e+00	5.670303e+16
962	6.334720e+15	0.000000e+00	1.879274e+01	1.002363e+17
963	6.335683e+15	0.000000e+00	8.516322e+00	6.193916e+16
964	6.336838e+15	0.000000e+00	9.563857e+00	6.366035e+16
965	6.338143e+15	0.000000e+00	1.503318e+01	7.886866e+16
966	6.339259e+15	0.000000e+00	9.716755e+00	9.181548e+16
967	6.340506e+15	0.000000e+00	1.425727e+01	7.162842e+16
968	6.341598e+15	0.000000e+00	1.152041e+01	6.159122e+16
969	6.342690e+15	0.000000e+00	2.029901e+01	8.400046e+16
970	6.343441e+15	0.000000e+00	8.317341e+00	4.813124e+16
971	6.344342e+15	0.000000e+00	8.233119e+00	5.331553e+16
972	6.345423e+15	0.000000e+00	1.273501e+01	5.770442e+16
973	6.346418e+15	0.000000e+00	9.850933e+00	5.487594e+16
974	6.347485e+15	0.000000e+00	8.079671e+00	5.325548e+16
975	6.348765e+15	0.000000e+00	1.079134e+01	6.683410e+16
976	6.350038e+15	0.000000e+00	1.092785e+01	6.578424e+16
977	6.351272e+15	0.000000e+00	1.643869e+01	9.101076e+16
978	6.352192e+15	0.000000e+00	7.660949e+00	4.092064e+16
979	6.353296e+15	0.000000e+00	8.884150e+00	6.613776e+16
980	6.354508e+15	0.000000e+00	1.102936e+01	8.660193e+16
981	6.355677e+15	0.000000e+00	1.194023e+01	6.482299e+16
982	6.356733e+15	0.000000e+00	7.530309e+00	5.137026e+16
983	6.358001e+15	0.000000e+00	2.250933e+01	9.502342e+16
984	6.358767e+15	0.000000e+00	7.590996e+00	2.276578e+16
985	6.359687e+15	0.000000e+00	7.615393e+00	5.814347e+16
986	6.360790e+15	0.000000e+00	1.054029e+01	1.165971e+17
987	6.361885e+15	0.000000e+00	8.956655e+00	6.843240e+16
988	6.363074e+15	0.000000e+00	7.636813e+00	8.391393e+16
989	6.364488e+15	0.000000e+00	1.520408e+01	1.252523e+17
990	6.365612e+15	0.000000e+00	1.199557e+01	9.374007e+16
991	6.366663e+15	0.000000e+00	7.946902e+00	5.439195e+16
992	6.367924e+15	0.000000e+00	1.260955e+01	9.721070e+16
993	6.369081e+15	0.000000e+00	1.611752e+01	8.171464e+16
994	6.369979e+15	0.000000e+00	7.662621e+00	4.524767e+16
995	6.371056e+15	0.000000e+00	2.209881e+01	5.436016e+16
996	6.371724e+15	0.000000e+00	7.654222e+00	5.331692e+16
997	6.372526e+15	0.000000e+00	7.623762e+00	6.877072e+16
998	6.373488e+15	0.000000e+00	7.647138e+00	6.027640e+16
999	6.374642e+15	0.000000e+00	1.053497e+01	6.618143e+16
1000	6.375785e+15	0.000000e+00	9.979139e+00	5.312982e+16
1001	6.376948e+15	0.000000e+00	1.098864e+01	6.210239e+16
1002	6.378073e+15	0.000000e+00	9.722137e+00	5.566479e+16
1003	6.379289e+15	0.000000e+00	9.845032e+00	6.083441e+16
1004	6.380605e+15	0.000000e+00	1.511984e+01	7.462661e+16
1005	6.381699e+15	0.000000e+00	8.596672e+00	5.602215e+16
1006	6.382971e+15	0.000000e+00	1.476732e+01	7.323920e+16
1007	6.384031e+15	0.000000e+00	1.397557e+01	8.058728e+16
1008	6.384953e+15	0.000000e+00	1.199506e+01	5.870407e+16
1009	6.385835e+15	0.000000e+00	1.038371e+01	4.724074e+16
1010	6.386760e+15	0.000000e+00	8.317785e+00	5.009713e+16
1011	6.387871e+15	0.000000e+00	8.854657e+00	6.670498e+16
1012	6.389147e+15	0.000000e+00	1.675320e+01	8.712181e+16
1013	6.390128e+15	0.000000e+00	7.887970e+00	3.807199e+16
1014	6.391304e+15	0.000000e+00	2.516632e+01	6.724807e+16
1015	6.391974e+15	0.000000e+00	7.871139e+00	4.859277e+16
1016	6.392778e+15	0.000000e+00	7.822475e+00	4.370374e+16
1017	6.393743e+15	0.000000e+00	1.417417e+01	6.901901e+16
1018	6.394549e+15	0.000000e+00	1.421398e+01	6.927288e+16
1019	6.395222e+15	0.000000e+00	7.982667e+00	3.997151e+16
1020	6.396029e+15	0.000000e+00	8.040885e+00	2.151605e+16
1021	6.396998e+15	0.000000e+00	8.912445e+00	5.246462e+16
1022	6.398094e+15	0.000000e+00	1.001856e+01	7.248497e+16
1023	6.399260e+15	0.000000e+00	2.860607e+01	1.137697e+17
1024	6.399877e+15	0.000000e+00	7.860816e+00	3.453443e+16
1025	6.400618e+15	0.000000e+00	8.741003e+00	3.460300e+16
1026	6.401445e+15	0.000000e+00	7.583525e+00	5.061794e+16
1027	6.402438e+15	0.000000e+00	7.649235e+00	5.601099e+16
1028	6.403629e+15	0.000000e+00	1.164924e+01	6.843373e+16
1029	6.404751e+15	0.000000e+00	1.784227e+01	7.905883e+16
1030	6.405546e+15	0.000000e+00	7.613837e+00	4.632555e+16
1031	6.406501e+15	0.000000e+00	7.618246e+00	6.085551e+16
1032	6.407647e+15	0.000000e+00	1.707411e+01	5.549317e+16
1033	6.408476e+15	0.000000e+00	1.071133e+01	6.763645e+16
1034	6.409287e+15	0.000000e+00	1.212014e+01	5.649434e+16
1035	6.410022e+15	0.000000e+00	7.532233e+00	4.258441e+16
1036	6.410904e+15	0.000000e+00	7.504865e+00	6.438083e+16
1037	6.411963e+15	0.000000e+00	9.325655e+00	6.806955e+16
1038	6.413079e+15	0.000000e+00	1.461573e+01	5.988746e+16
1039	6.413975e+15	0.000000e+00	9.168851e+00	2.603505e+16
1040	6.414938e+15	0.000000e+00	8.006708e+00	5.087071e+16
1041	6.416057e+15	0.000000e+00	2.651488e+01	9.143669e+16
1042	6.416654e+15	0.000000e+00	7.545619e+00	4.032759e+16
1043	6.417371e+15	0.000000e+00	7.569105e+00	4.108340e+16
1044	6.418232e+15	0.000000e+00	7.636985e+00	3.372724e+16
1045	6.419255e+15	0.000000e+00	1.352817e+01	7.108688e+16
1046	6.420113e+15	0.000000e+00	7.888436e+00	4.845271e+16
1047	6.421130e+15	0.000000e+00	1.219496e+01	7.291033e+16
1048	6.422059e+15	0.000000e+00	7.737538e+00	4.624201e+16
1049	6.423174e+15	0.000000e+00	1.443322e+01	7.089669e+16
1050	6.424078e+15	0.000000e+00	9.789169e+00	5.659778e+16
1051	6.425020e+15	0.000000e+00	1.261689e+01	5.404545e+16
1052	6.425845e+15	0.000000e+00	9.177877e+00	3.820901e+16
1053	6.426732e+15	0.000000e+00	1.546873e+01	8.856708e+16
1054	6.427420e+15	0.000000e+00	9.827973e+00	5.017066e+16
1055	6.428141e+15	0.000000e+00	7.960954e+00	3.957387e+16
1056	6.429007e+15	0.000000e+00	1.022604e+01	4.577991e+16
1057	6.429900e+15	0.000000e+00	1.165811e+01	5.031940e+16
1058	6.430745e+15	0.000000e+00	1.335351e+01	4.099753e+16
1059	6.431476e+15	0.000000e+00	7.927828e+00	3.466400e+16
1060	6.432354e+15	0.000000e+00	1.048186e+01	3.983385e+16
1061	6.433246e+15	0.000000e+00	7.900330e+00	2.680408e+16
1062	6.434316e+15	0.000000e+00	2.394582e+01	9.383476e+16
1063	6.434936e+15	0.000000e+00	7.861211e+00	4.058176e+16
1064	6.435681e+15	0.000000e+00	7.891997e+00	4.578801e+16
1065	6.436574e+15	0.000000e+00	8.612738e+00	7.716675e+16
1066	6.437593e+15	0.000000e+00	1.360377e+01	5.689500e+16
1067	6.438475e+15	0.000000e+00	1.291875e+01	7.115314e+16
1068	6.439262e+15	0.000000e+00	8.102656e+00	5.144039e+16
1069	6.440205e+15	0.000000e+00	1.269211e+01	7.044724e+16
1070	6.441060e+15	0.000000e+00	8.320557e+00	5.228867e+16
1071	6.442085e+15	0.000000e+00	1.541671e+01	8.257137e+16
1072	6.442926e+15	0.000000e+00	9.112629e+00	4.975392e+16
1073	6.443903e+15	0.000000e+00	1.394952e+01	8.896745e+16
1074	6.444777e+15	0.000000e+00	1.402737e+01	6.936539e+16
1075	6.445556e+15	0.000000e+00	8.745956e+00	4.494001e+16
1076	6.446490e+15	0.000000e+00	1.063683e+01	8.744778e+16
1077	6.447489e+15	0.000000e+00	8.445851e+00	4.839972e+16
1078	6.448689e+15	0.000000e+00	1.703190e+01	9.448319e+16
1079	6.449619e+15	0.000000e+00	1.189986e+01	7.160906e+16
1080	6.450535e+15	0.000000e+00	9.474103e+00	5.550113e+16
1081	6.451569e+15	0.000000e+00	1.607356e+01	5.769876e+16
1082	6.452398e+15	0.000000e+00	1.311096e+01	5.858863e+16
1083	6.453157e+15	0.000000e+00	8.759050e+00	3.857664e+16
1084	6.454069e+15	0.000000e+00	1.217885e+01	6.306793e+16
1085	6.454974e+15	0.000000e+00	1.349914e+01	4.526449e+16
1086	6.455827e+15	0.000000e+00	9.868105e+00	5.269943e+16
1087	6.456812e+15	0.000000e+00	1.410865e+01	7.322732e+16
1088	6.457723e+15	0.000000e+00	1.229195e+01	5.984334e+16
1089	6.458654e+15	0.000000e+00	1.399734e+01	6.448381e+16
1090	6.459530e+15	0.000000e+00	1.216817e+01	6.137824e+16
1091	6.460434e+15	0.000000e+00	1.143997e+01	5.550008e+16
1092	6.461404e+15	0.000000e+00	1.487107e+01	7.722671e+16
1093	6.462273e+15	0.000000e+00	9.328990e+00	4.031029e+16
1094	6.463310e+15	0.000000e+00	1.234484e+01	7.521912e+16
1095	6.464339e+15	0.000000e+00	1.266808e+01	9.162563e+16
1096	6.465336e+15	0.000000e+00	1.178654e+01	4.373434e+16
1097	6.466349e+15	0.000000e+00	1.321930e+01	6.099078e+16
1098	6.467290e+15	0.000000e+00	9.397795e+00	4.867273e+16
1099	6.468355e+15	0.000000e+00	1.045532e+01	6.893550e+16
1100	6.469441e+15	0.000000e+00	9.439918e+00	6.133927e+16
1101	6.470581e+15	0.000000e+00	1.264101e+01	5.590368e+16
1102	6.471539e+15	0.000000e+00	1.031672e+01	5.993262e+16
1103	6.472438e+15	0.000000e+00	9.718641e+00	4.665613e+16
1104	6.473317e+15	0.000000e+00	7.070643e+00	5.067008e+16
1105	6.474360e+15	0.000000e+00	1.114236e+01	4.653035e+16
1106	6.475303e+15	0.000000e+00	8.941853e+00	5.519871e+16
1107	6.476282e+15	0.000000e+00	1.092435e+01	6.048352e+16
1108	6.477180e+15	0.000000e+00	1.015037e+01	5.423772e+16
1109	6.478048e+15	0.000000e+00	7.192842e+00	3.876407e+16
1110	6.479078e+15	0.000000e+00	1.126352e+01	6.045602e+16
1111	6.480005e+15	0.000000e+00	8.702610e+00	5.792160e+16
1112	6.480983e+15	0.000000e+00	9.674867e+00	6.436264e+16
1113	6.481946e+15	0.000000e+00	1.197059e+01	5.629157e+16
1114	6.482779e+15	0.000000e+00	1.075147e+01	5.382251e+16
1115	6.483542e+15	0.000000e+00	6.953088e+00	3.256368e+16
1116	6.484458e+15	0.000000e+00	7.897749e+00	5.567413e+16
1117	6.485479e+15	0.000000e+00	1.349858e+01	1.079208e+17
1118	6.486292e+15	0.000000e+00	8.298744e+00	4.048434e+16
1119	6.487179e+15	0.000000e+00	7.157546e+00	3.064522e+16
1120	6.488243e+15	0.000000e+00	1.041872e+01	7.496666e+16
1121	6.489268e+15	0.000000e+00	1.271102e+01	5.815089e+16
1122	6.490143e+15	0.000000e+00	7.457947e+00	3.014304e+16
1123	6.491192e+15	0.000000e+00	8.434774e+00	4.344841e+16
1124	6.492362e+15	0.000000e+00	1.320917e+01	7.530846e+16
1125	6.493349e+15	0.000000e+00	1.202623e+01	3.830964e+16
1126	6.494245e+15	0.000000e+00	7.657445e+00	4.751264e+16
1127	6.495319e+15	0.000000e+00	1.474100e+01	6.139211e+16
1128	6.496175e+15	0.000000e+00	1.072080e+01	4.616562e+16
1129	6.497021e+15	0.000000e+00	9.729620e+00	5.496443e+16
1130	6.497911e+15	0.000000e+00	7.844779e+00	1.812696e+16
1131	6.498979e+15	0.000000e+00	1.134378e+01	7.422035e+16
1132	6.499998e+15	0.000000e+00	8.794501e+00	4.847434e+16
1133	6.501138e+15	0.000000e+00	1.550925e+01	8.878935e+16
1134	6.502030e+15	0.000000e+00	1.449341e+01	2.261107e+16
1135	6.502766e+15	0.000000e+00	8.357427e+00	3.598107e+16
1136	6.503627e+15	0.000000e+00	8.094077e+00	3.631261e+16
1137	6.504659e+15	0.000000e+00	1.079413e+01	5.492725e+16
1138	6.505713e+15	0.000000e+00	8.556488e+00	4.393796e+16
1139	6.506978e+15	0.000000e+00	2.155701e+01	6.792136e+16
1140	6.507822e+15	0.000000e+00	1.124778e+01	4.195619e+16
1141	6.508691e+15	0.000000e+00	8.794598e+00	6.059277e+16
1142	6.509734e+15	0.000000e+00	1.720094e+01	6.784650e+16
1143	6.510552e+15	0.000000e+00	8.665059e+00	3.890895e+16
1144	6.511534e+15	0.000000e+00	1.315579e+01	3.408576e+16
1145	6.512431e+15	0.000000e+00	8.523524e+00	4.371554e+16
1146	6.513507e+15	0.000000e+00	1.362772e+01	5.381847e+16
1147	6.514480e+15	0.000000e+00	1.953352e+01	4.506678e+16
1148	6.515182e+15	0.000000e+00	8.785402e+00	3.372315e+16
1149	6.516025e+15	0.000000e+00	1.114155e+01	2.850300e+16
1150	6.516907e+15	0.000000e+00	8.549165e+00	2.088293e+16
1151	6.517965e+15	0.000000e+00	2.185946e+01	6.490237e+16
1152	6.518663e+15	0.000000e+00	8.540367e+00	4.372114e+16
1153	6.519502e+15	0.000000e+00	9.878031e+00	4.659777e+16
1154	6.520424e+15	0.000000e+00	9.004319e+00	7.058953e+16
1155	6.521495e+15	0.000000e+00	9.815509e+00	5.859389e+16
1156	6.522681e+15	0.000000e+00	2.490717e+01	5.281966e+16
1157	6.523386e+15	0.000000e+00	8.567996e+00	1.523756e+16
1158	6.524233e+15	0.000000e+00	1.313230e+01	5.474514e+16
1159	6.525005e+15	0.000000e+00	8.368302e+00	3.688073e+16
1160	6.525932e+15	0.000000e+00	1.153358e+01	3.150940e+16
1161	6.526853e+15	0.000000e+00	8.437090e+00	3.630841e+16
1162	6.527958e+15	0.000000e+00	1.238334e+01	8.627137e+16
1163	6.529015e+15	0.000000e+00	9.948851e+00	4.904632e+16
1164	6.530173e+15	0.000000e+00	2.634969e+01	9.044582e+16
1165	6.530848e+15	0.000000e+00	8.528335e+00	2.580547e+16
1166	6.531658e+15	0.000000e+00	8.534667e+00	4.624984e+16
1167	6.532630e+15	0.000000e+00	1.227495e+01	3.122145e+16
1168	6.533574e+15	0.000000e+00	8.567893e+00	4.269300e+16
1169	6.534707e+15	0.000000e+00	1.789616e+01	6.822454e+16
1170	6.535583e+15	0.000000e+00	8.745173e+00	3.869278e+16
1171	6.536633e+15	0.000000e+00	1.427195e+01	1.117766e+17
1172	6.537579e+15	0.000000e+00	9.745780e+00	7.795517e+16
1173	6.538658e+15	0.000000e+00	1.324575e+01	6.504055e+16
1174	6.539689e+15	0.000000e+00	1.719300e+01	9.574187e+16
1175	6.540527e+15	0.000000e+00	9.020014e+00	2.752755e+16
1176	6.541534e+15	0.000000e+00	1.347896e+01	5.095640e+16
1177	6.542484e+15	0.000000e+00	9.018633e+00	3.865811e+16
1178	6.543624e+15	0.000000e+00	1.572729e+01	7.407009e+16
1179	6.544599e+15	0.000000e+00	1.109589e+01	9.511188e+16
1180	6.545636e+15	0.000000e+00	1.966018e+01	6.627591e+16
1181	6.546400e+15	0.000000e+00	1.240577e+01	2.572444e+16
1182	6.547153e+15	0.000000e+00	9.366488e+00	5.224484e+16
1183	6.548033e+15	0.000000e+00	1.284737e+01	6.183881e+16
1184	6.548895e+15	0.000000e+00	9.262745e+00	3.320091e+16
1185	6.549928e+15	0.000000e+00	9.154337e+00	4.903578e+16
1186	6.551168e+15	0.000000e+00	1.656970e+01	6.030668e+16
1187	6.552207e+15	0.000000e+00	1.283568e+01	5.123823e+16
1188	6.553230e+15	0.000000e+00	9.068153e+00	5.787389e+16
1189	6.554457e+15	0.000000e+00	1.435288e+01	8.706273e+16
1190	6.555570e+15	0.000000e+00	1.269264e+01	4.798149e+16
1191	6.556660e+15	0.000000e+00	1.352424e+01	7.061352e+16
1192	6.557694e+15	0.000000e+00	1.144176e+01	9.835151e+16
1193	6.558777e+15	0.000000e+00	9.119700e+00	7.605254e+16
1194	6.560074e+15	0.000000e+00	1.118115e+01	8.748509e+16
1195	6.561488e+15	0.000000e+00	2.438745e+01	1.001876e+17
1196	6.562444e+15	0.000000e+00	1.426510e+01	6.116194e+16
1197	6.563374e+15	0.000000e+00	1.004424e+01	6.923872e+16
1198	6.564490e+15	0.000000e+00	1.004735e+01	1.018180e+17
1199	6.565827e+15	0.000000e+00	1.646665e+01	1.129642e+17
1200	6.567015e+15	0.000000e+00	3.976751e+01	9.852026e+16
1201	6.567584e+15	0.000000e+00	9.902711e+00	4.497961e+16
1202	6.568261e+15	0.000000e+00	9.734285e+00	5.190328e+16
1203	6.569075e+15	0.000000e+00	9.691617e+00	4.591764e+16
1204	6.570051e+15	0.000000e+00	9.622775e+00	6.217180e+16
1205	6.571222e+15	0.000000e+00	2.112845e+01	8.613342e+16
1206	6.572094e+15	0.000000e+00	9.714412e+00	4.610426e+16
1207	6.573140e+15	0.000000e+00	2.887215e+01	8.748552e+16
1208	6.573778e+15	0.000000e+00	1.016691e+01	5.567380e+16
1209	6.574543e+15	0.000000e+00	1.014212e+01	3.239241e+16
1210	6.575462e+15	0.000000e+00	1.030469e+01	6.938656e+16
1211	6.576564e+15	0.000000e+00	3.180945e+01	1.828824e+17
1212	6.577207e+15	0.000000e+00	1.074278e+01	6.111600e+16
1213	6.577977e+15	0.000000e+00	1.100353e+01	5.520386e+16
1214	6.578902e+15	0.000000e+00	1.249967e+01	1.534077e+17
1215	6.579930e+15	0.000000e+00	1.678757e+01	1.994054e+17
1216	6.580884e+15	0.000000e+00	1.374864e+01	1.104872e+17
1217	6.581897e+15	0.000000e+00	1.719472e+01	1.066972e+17
1218	6.582856e+15	0.000000e+00	1.201795e+01	1.095597e+17
1219	6.584007e+15	0.000000e+00	1.640809e+01	1.569833e+17
1220	6.585160e+15	0.000000e+00	1.645262e+01	1.274314e+17
1221	6.586340e+15	0.000000e+00	3.090472e+01	2.297843e+17
1222	6.587161e+15	0.000000e+00	1.498829e+01	1.411975e+17
1223	6.588145e+15	0.000000e+00	1.540415e+01	1.550850e+17
1224	6.589326e+15	0.000000e+00	2.735335e+01	2.409438e+17
1225	6.590339e+15	0.000000e+00	2.120710e+01	1.938310e+17
1226	6.591465e+15	0.000000e+00	4.593077e+01	2.454170e+17
1227	6.592212e+15	0.000000e+00	2.124695e+01	1.375093e+17
1228	6.593110e+15	0.000000e+00	2.132013e+01	8.456784e+16
1229	6.594186e+15	0.000000e+00	2.848149e+01	1.185307e+17
1230	6.595244e+15	0.000000e+00	4.261872e+01	1.093705e+17
1231	6.596000e+15	0.000000e+00	2.004773e+01	4.334297e+16
1232	6.596908e+15	0.000000e+00	3.863623e+01	7.546055e+16
1233	6.597579e+15	0.000000e+00	1.791837e+01	7.267512e+16
1234	6.598385e+15	0.000000e+00	1.787347e+01	8.262723e+16
1235	6.599347e+15	0.000000e+00	3.853558e+01	1.448291e+17
1236	6.599979e+15	0.000000e+00	1.409262e+01	4.880839e+16
1237	6.600737e+15	0.000000e+00	1.237472e+01	7.191508e+16
1238	6.601646e+15	0.000000e+00	1.951749e+01	4.037743e+16
1239	6.602401e+15	0.000000e+00	8.991253e+00	6.338402e+16
1240	6.603306e+15	0.000000e+00	7.788452e+00	3.325838e+16
1241	6.604392e+15	0.000000e+00	2.156496e+01	1.118375e+17
1242	6.605055e+15	0.000000e+00	6.010165e+00	0.000000e+00
1243	6.605850e+15	0.000000e+00	5.695773e+00	4.439035e+15
1244	6.606802e+15	0.000000e+00	5.240264e+00	5.338613e+16
1245	6.607943e+15	0.000000e+00	7.363640e+00	4.100890e+16
1246	6.609107e+15	0.000000e+00	5.928957e+00	4.706739e+16
1247	6.610420e+15	0.000000e+00	1.287626e+01	8.233642e+16
1248	6.611412e+15	0.000000e+00	1.194110e+01	8.053283e+16
1249	6.612193e+15	0.000000e+00	5.015787e+00	2.246163e+16
1250	6.613129e+15	0.000000e+00	8.630790e+00	6.597749e+16
1251	6.613993e+15	0.000000e+00	5.732600e+00	5.732395e+16
1252	6.614984e+15	0.000000e+00	5.143496e+00	5.651510e+16
1253	6.616174e+15	0.000000e+00	1.709573e+01	9.142183e+16
1254	6.616915e+15	0.000000e+00	5.277237e+00	6.997137e+16
1255	6.617803e+15	0.000000e+00	5.011586e+00	4.246475e+16
1256	6.618870e+15	0.000000e+00	7.084464e+00	6.812919e+16
1257	6.619929e+15	0.000000e+00	5.401357e+00	8.612617e+16
1258	6.621200e+15	0.000000e+00	2.195138e+01	1.595327e+17
1259	6.621884e+15	0.000000e+00	6.229940e+00	4.233314e+16
1260	6.622704e+15	0.000000e+00	6.361699e+00	5.611220e+16
1261	6.623689e+15	0.000000e+00	6.941421e+00	8.897338e+16
1262	6.624821e+15	0.000000e+00	7.621091e+00	5.163761e+16
1263	6.626056e+15	0.000000e+00	1.415421e+01	1.242825e+17
1264	6.626965e+15	0.000000e+00	8.589955e+00	6.772966e+16
1265	6.627863e+15	0.000000e+00	6.090768e+00	2.782121e+16
1266	6.628941e+15	0.000000e+00	1.021909e+01	6.078013e+16
1267	6.629922e+15	0.000000e+00	6.845694e+00	7.537428e+16
1268	6.631100e+15	0.000000e+00	1.343317e+01	1.212766e+17
1269	6.632073e+15	0.000000e+00	7.588754e+00	6.339688e+16
1270	6.633241e+15	0.000000e+00	1.149749e+01	1.102318e+17
1271	6.634300e+15	0.000000e+00	8.244831e+00	8.134810e+16
1272	6.635445e+15	0.000000e+00	1.033780e+01	5.305809e+16
1273	6.636496e+15	0.000000e+00	1.696023e+01	6.662425e+16
1274	6.637185e+15	0.000000e+00	6.558550e+00	3.584994e+16
1275	6.638011e+15	0.000000e+00	6.728281e+00	7.446246e+16
1276	6.639003e+15	0.000000e+00	1.396121e+01	8.101403e+16
1277	6.639773e+15	0.000000e+00	7.213127e+00	3.871908e+16
1278	6.640697e+15	0.000000e+00	7.611080e+00	3.785660e+16
1279	6.641772e+15	0.000000e+00	6.983644e+00	6.367270e+16
1280	6.643061e+15	0.000000e+00	2.346153e+01	1.050053e+17
1281	6.643751e+15	0.000000e+00	7.189115e+00	2.971151e+16
1282	6.644578e+15	0.000000e+00	7.269174e+00	4.455607e+16
1283	6.645570e+15	0.000000e+00	9.684593e+00	8.292933e+16
1284	6.646567e+15	0.000000e+00	9.048102e+00	9.016570e+16
1285	6.647651e+15	0.000000e+00	1.250840e+01	6.853028e+16
1286	6.648619e+15	0.000000e+00	8.043937e+00	6.954185e+16
1287	6.649772e+15	0.000000e+00	1.448599e+01	9.213941e+16
1288	6.650702e+15	0.000000e+00	1.028498e+01	5.998771e+16
1289	6.651631e+15	0.000000e+00	9.804140e+00	8.576979e+16
1290	6.652578e+15	0.000000e+00	7.504007e+00	6.495052e+16
1291	6.653715e+15	0.000000e+00	1.379912e+01	1.154175e+17
1292	6.654629e+15	0.000000e+00	7.803176e+00	6.298636e+16
1293	6.655666e+15	0.000000e+00	6.931793e+00	6.516326e+16
1294	6.656911e+15	0.000000e+00	1.358338e+01	6.895410e+16
1295	6.657888e+15	0.000000e+00	1.165747e+01	1.135916e+17
1296	6.658742e+15	0.000000e+00	6.929347e+00	4.903551e+16
1297	6.659766e+15	0.000000e+00	1.552156e+01	9.731988e+16
1298	6.660518e+15	0.000000e+00	1.017543e+01	5.837508e+16
1299	6.661261e+15	0.000000e+00	7.412582e+00	2.544222e+16
1300	6.662152e+15	0.000000e+00	7.551637e+00	9.861846e+16
1301	6.663221e+15	0.000000e+00	1.202890e+01	1.381045e+17
1302	6.664252e+15	0.000000e+00	8.996359e+00	9.701576e+16
1303	6.665488e+15	0.000000e+00	2.895922e+01	2.124093e+17
1304	6.666157e+15	0.000000e+00	8.994589e+00	7.708301e+16
1305	6.666960e+15	0.000000e+00	8.665180e+00	7.703448e+16
1306	6.667924e+15	0.000000e+00	8.115123e+00	3.822571e+16
1307	6.669080e+15	0.000000e+00	1.698640e+01	5.512653e+16
1308	6.669898e+15	0.000000e+00	6.493589e+00	1.568551e+16
1309	6.670879e+15	0.000000e+00	5.866920e+00	2.778386e+16
1310	6.672057e+15	0.000000e+00	9.325062e+00	3.408678e+16
1311	6.673115e+15	0.000000e+00	9.587351e+00	8.379196e+16
1312	6.674060e+15	0.000000e+00	5.388677e+00	2.791542e+16
1313	6.675194e+15	0.000000e+00	5.147107e+00	5.787769e+16
1314	6.676554e+15	0.000000e+00	1.211786e+01	4.345893e+16
1315	6.677590e+15	0.000000e+00	7.642666e+00	3.155105e+16
1316	6.678589e+15	0.000000e+00	8.759753e+00	3.631837e+16
1317	6.679490e+15	0.000000e+00	5.105735e+00	2.028474e+16
1318	6.680571e+15	0.000000e+00	5.805471e+00	3.193496e+16
1319	6.681828e+15	0.000000e+00	5.773308e+00	4.218396e+16
1320	6.683337e+15	0.000000e+00	7.488395e+00	5.401076e+16
1321	6.685006e+15	0.000000e+00	1.996085e+01	7.360320e+16
1322	6.686043e+15	0.000000e+00	9.696604e+00	5.596531e+16
1323	6.687116e+15	0.000000e+00	2.273822e+01	7.256937e+16
1324	6.687774e+15	0.000000e+00	7.930683e+00	1.566120e+16
1325	6.688563e+15	0.000000e+00	7.840735e+00	4.862028e+16
1326	6.689510e+15	0.000000e+00	7.703222e+00	1.001256e+17
1327	6.690646e+15	0.000000e+00	2.188141e+01	1.047712e+17
1328	6.691339e+15	0.000000e+00	7.449052e+00	4.874196e+16
1329	6.692172e+15	0.000000e+00	7.275694e+00	2.568987e+16
1330	6.693170e+15	0.000000e+00	7.465071e+00	4.323359e+16
1331	6.694368e+15	0.000000e+00	1.324165e+01	4.214021e+16
1332	6.695392e+15	0.000000e+00	7.845228e+00	1.892869e+16
1333	6.696620e+15	0.000000e+00	7.804874e+00	5.005583e+16
1334	6.698094e+15	0.000000e+00	1.542241e+01	4.432410e+16
1335	6.699190e+15	0.000000e+00	6.801952e+00	3.455930e+16
1336	6.700506e+15	0.000000e+00	7.473157e+00	8.100591e+16
1337	6.701922e+15	0.000000e+00	9.924738e+00	6.776255e+16
1338	6.703211e+15	0.000000e+00	8.042344e+00	6.466809e+16
1339	6.704758e+15	0.000000e+00	1.472684e+01	2.160969e+17
1340	6.705971e+15	0.000000e+00	7.118361e+00	3.722373e+16
1341	6.707373e+15	0.000000e+00	1.020999e+01	3.728351e+16
1342	6.708520e+15	0.000000e+00	4.448639e+00	1.062589e+16
1343	6.709896e+15	0.000000e+00	3.707531e+00	1.453372e+16
1344	6.711506e+15	0.000000e+00	3.585906e+00	2.021415e+16
1345	6.713263e+15	0.000000e+00	4.384411e+00	5.685265e+16
1346	6.714943e+15	0.000000e+00	3.526955e+00	1.241012e+16
1347	6.716932e+15	0.000000e+00	2.380297e+01	1.068710e+17
1348	6.717619e+15	0.000000e+00	4.268520e+00	4.172524e+16
1349	6.718443e+15	0.000000e+00	4.500433e+00	6.943124e+15
1350	6.719431e+15	0.000000e+00	4.628347e+00	4.479813e+16
1351	6.720618e+15	0.000000e+00	4.647854e+00	3.153097e+16
1352	6.722042e+15	0.000000e+00	4.591223e+00	2.554732e+16
1353	6.723750e+15	0.000000e+00	4.667518e+00	2.357915e+16
1354	6.725800e+15	0.000000e+00	6.430890e+00	1.108742e+16
1355	6.727790e+15	0.000000e+00	7.864815e+00	4.047379e+16
1356	6.729641e+15	0.000000e+00	8.789444e+00	1.023667e+17
1357	6.731396e+15	0.000000e+00	1.493540e+01	1.133339e+17
1358	6.732640e+15	0.000000e+00	8.560635e+00	8.989518e+16
1359	6.733961e+15	0.000000e+00	6.632944e+00	3.628531e+16
1360	6.735546e+15	0.000000e+00	6.552158e+00	1.394497e+16
1361	6.737286e+15	0.000000e+00	5.884420e+00	7.292973e+15
1362	6.739010e+15	0.000000e+00	4.775887e+00	0.000000e+00
1363	6.740822e+15	0.000000e+00	4.113826e+00	7.777311e+15
1364	6.742682e+15	0.000000e+00	3.339323e+00	7.948628e+15
1365	6.744635e+15	0.000000e+00	4.620471e+00	0.000000e+00
1366	6.746226e+15	0.000000e+00	5.355379e+00	4.219734e+16
1367	6.747502e+15	0.000000e+00	2.907867e+00	1.386220e+16
1368	6.749033e+15	0.000000e+00	3.124919e+00	1.333823e+16
1369	6.750864e+15	0.000000e+00	4.129017e+00	2.593550e+16
1370	6.752816e+15	0.000000e+00	5.521690e+00	1.184882e+17
1371	6.754660e+15	0.000000e+00	6.352196e+00	9.071132e+16
1372	6.756457e+15	0.000000e+00	1.898045e+01	1.314597e+17
1373	6.757299e+15	0.000000e+00	5.528523e+00	2.529786e+16
1374	6.758309e+15	0.000000e+00	5.865944e+00	1.861048e+16
1375	6.759521e+15	0.000000e+00	6.066029e+00	4.379681e+16
1376	6.760976e+15	0.000000e+00	6.693737e+00	5.126267e+16
1377	6.762644e+15	0.000000e+00	9.376254e+00	1.044040e+17
1378	6.764264e+15	0.000000e+00	1.388346e+01	7.533161e+16
1379	6.765574e+15	0.000000e+00	9.385258e+00	5.326895e+16
1380	6.767064e+15	0.000000e+00	1.293895e+01	2.124431e+17
1381	6.768514e+15	0.000000e+00	2.802769e+01	1.920131e+17
1382	6.769367e+15	0.000000e+00	1.121500e+01	1.014272e+17
1383	6.770392e+15	0.000000e+00	1.150724e+01	7.850468e+16
1384	6.771621e+15	0.000000e+00	1.240946e+01	5.314601e+16
1385	6.773085e+15	0.000000e+00	1.576090e+01	1.561718e+17
1386	6.774573e+15	0.000000e+00	1.660835e+01	1.192644e+17
1387	6.776045e+15	0.000000e+00	1.819465e+01	1.628511e+17
1388	6.777489e+15	0.000000e+00	2.521982e+01	1.643403e+17
1389	6.778569e+15	0.000000e+00	1.193567e+01	8.464805e+16
1390	6.779865e+15	0.000000e+00	1.067948e+01	6.208450e+16
1391	6.781336e+15	0.000000e+00	1.008801e+01	7.950349e+16
1392	6.782850e+15	0.000000e+00	7.833845e+00	5.363903e+16
1393	6.784426e+15	0.000000e+00	7.224625e+00	2.397420e+16
1394	6.785914e+15	0.000000e+00	4.586611e+00	1.857578e+16
1395	6.787540e+15	0.000000e+00	5.472829e+00	3.413739e+16
1396	6.789216e+15	0.000000e+00	1.222249e+01	8.091448e+16
1397	6.790594e+15	0.000000e+00	7.677539e+00	2.424192e+17
1398	6.792247e+15	0.000000e+00	9.390635e+00	2.214409e+17
1399	6.793913e+15	0.000000e+00	1.258410e+01	1.401296e+17
1400	6.795207e+15	0.000000e+00	6.670425e+00	7.231640e+16
1401	6.796761e+15	0.000000e+00	7.906648e+00	1.574102e+17
1402	6.798584e+15	0.000000e+00	1.686600e+01	1.944224e+17
1403	6.799893e+15	0.000000e+00	7.672173e+00	7.087574e+16
1404	6.801465e+15	0.000000e+00	7.845568e+00	1.025915e+17
1405	6.803183e+15	0.000000e+00	9.834601e+00	8.457018e+16
1406	6.804678e+15	0.000000e+00	5.347003e+00	5.844365e+16
1407	6.806473e+15	0.000000e+00	6.265154e+00	4.690839e+16
1408	6.808367e+15	0.000000e+00	7.603156e+00	1.037294e+17
1409	6.809973e+15	0.000000e+00	1.234734e+01	3.170381e+16
1410	6.810853e+15	0.000000e+00	3.656316e+00	3.354795e+16
1411	6.811910e+15	0.000000e+00	3.453342e+00	3.841534e+16
1412	6.813177e+15	0.000000e+00	8.002397e+00	7.560845e+16
1413	6.813983e+15	0.000000e+00	3.114161e+00	6.931723e+15
1414	6.814949e+15	0.000000e+00	2.972023e+00	2.350632e+16
1415	6.816110e+15	0.000000e+00	2.724221e+00	3.451408e+16
1416	6.817502e+15	0.000000e+00	2.798043e+00	4.622662e+16
1417	6.819172e+15	0.000000e+00	3.959951e+00	4.741369e+16
1418	6.820821e+15	0.000000e+00	3.019349e+00	3.202255e+16
1419	6.822799e+15	0.000000e+00	8.431234e+00	8.826009e+16
1420	6.823911e+15	0.000000e+00	2.694433e+00	2.224705e+16
1421	6.825244e+15	0.000000e+00	2.819287e+00	5.859451e+16
1422	6.826845e+15	0.000000e+00	8.352564e+00	6.531653e+16
1423	6.827817e+15	0.000000e+00	3.223791e+00	4.003128e+16
1424	6.828983e+15	0.000000e+00	3.390101e+00	5.925915e+16
1425	6.830382e+15	0.000000e+00	3.513349e+00	5.074324e+16
1426	6.832061e+15	0.000000e+00	3.706662e+00	7.030174e+16
1427	6.833953e+15	0.000000e+00	4.367990e+00	9.341911e+16
1428	6.835893e+15	0.000000e+00	6.125120e+00	1.137817e+17
1429	6.837641e+15	0.000000e+00	5.562393e+00	5.930669e+16
1430	6.839356e+15	0.000000e+00	4.193762e+00	6.913883e+16
1431	6.841384e+15	0.000000e+00	6.384423e+00	7.365699e+16
1432	6.843301e+15	0.000000e+00	6.694848e+00	7.706607e+16
1433	6.845231e+15	0.000000e+00	7.313987e+00	3.523587e+16
1434	6.847108e+15	0.000000e+00	8.354114e+00	4.298565e+16
1435	6.848712e+15	0.000000e+00	5.324108e+00	3.109460e+16
1436	6.850598e+15	0.000000e+00	1.371204e+01	5.634373e+16
1437	6.851827e+15	0.000000e+00	5.534965e+00	3.898840e+16
1438	6.853303e+15	0.000000e+00	5.924576e+00	7.159357e+16
1439	6.855009e+15	0.000000e+00	5.567385e+00	1.079387e+17
1440	6.857056e+15	0.000000e+00	6.417611e+00	9.748591e+16
1441	6.859172e+15	0.000000e+00	7.125424e+00	9.435514e+16
1442	6.861055e+15	0.000000e+00	5.075426e+00	5.435643e+16
1443	6.862939e+15	0.000000e+00	7.172194e+00	7.668850e+16
1444	6.864284e+15	0.000000e+00	2.948954e+00	8.803936e+15
1445	6.865852e+15	0.000000e+00	2.746055e+00	2.307865e+16
1446	6.867638e+15	0.000000e+00	4.718469e+00	3.388210e+16
1447	6.869021e+15	0.000000e+00	3.834044e+00	2.700826e+16
1448	6.870204e+15	0.000000e+00	2.741870e+00	1.212502e+16
1449	6.871396e+15	0.000000e+00	1.871220e+00	4.971171e+15
1450	6.872827e+15	0.000000e+00	2.567899e+00	4.080009e+16
1451	6.874259e+15	0.000000e+00	2.241248e+00	2.104136e+16
1452	6.875734e+15	0.000000e+00	1.429990e+00	4.117560e+16
1453	6.877505e+15	0.000000e+00	1.584598e+00	1.082261e+16
1454	6.879334e+15	0.000000e+00	1.497140e+00	3.723923e+16
1455	6.881225e+15	0.000000e+00	4.347529e+00	3.319515e+16
1456	6.882211e+15	0.000000e+00	1.061749e+00	1.432369e+16
1457	6.883394e+15	0.000000e+00	1.165617e+00	1.568213e+16
1458	6.884813e+15	0.000000e+00	2.127296e+00	2.254561e+16
1459	6.886019e+15	0.000000e+00	1.781886e+00	1.271310e+16
1460	6.887071e+15	0.000000e+00	1.088059e+00	6.895658e+15
1461	6.888213e+15	0.000000e+00	9.959544e-01	2.610245e+16
1462	6.889583e+15	0.000000e+00	1.106062e+00	2.004006e+16
1463	6.891227e+15	0.000000e+00	3.448103e+00	8.218408e+15
1464	6.892285e+15	0.000000e+00	1.202174e+00	4.067304e+16
1465	6.893554e+15	0.000000e+00	1.375766e+00	2.070909e+16
1466	6.894984e+15	0.000000e+00	2.526843e+00	3.965291e+16
1467	6.896099e+15	0.000000e+00	1.198804e+00	1.221555e+16
1468	6.897297e+15	0.000000e+00	8.725273e-01	1.237553e+16
1469	6.898734e+15	0.000000e+00	1.289116e+00	5.982344e+15
1470	6.900102e+15	0.000000e+00	6.885163e-01	1.830595e+16
1471	6.901743e+15	0.000000e+00	1.030414e+00	0.000000e+00
1472	6.903286e+15	0.000000e+00	2.238537e+00	1.034488e+16
1473	6.904293e+15	0.000000e+00	8.534220e-01	0.000000e+00
1474	6.905501e+15	0.000000e+00	2.357993e+00	2.962050e+16
1475	6.906421e+15	0.000000e+00	1.047915e+00	5.897982e+15
1476	6.907524e+15	0.000000e+00	1.110246e+00	1.950552e+16
1477	6.908848e+15	0.000000e+00	1.223004e+00	2.056230e+16
1478	6.910437e+15	0.000000e+00	1.215982e+00	3.461134e+16
1479	6.912344e+15	0.000000e+00	1.246626e+00	2.992940e+16
1480	6.914625e+15	0.000000e+00	3.625850e+00	7.999149e+16
1481	6.916235e+15	0.000000e+00	1.735483e+00	6.358888e+16
1482	6.918166e+15	0.000000e+00	2.047627e+00	8.419592e+16
1483	6.920345e+15	0.000000e+00	5.431105e+00	1.159087e+17
1484	6.921754e+15	0.000000e+00	2.246897e+00	6.090608e+16
1485	6.923444e+15	0.000000e+00	2.609732e+00	3.626853e+16
1486	6.925289e+15	0.000000e+00	2.187753e+00	4.692949e+16
1487	6.927402e+15	0.000000e+00	7.421986e+00	5.465345e+16
1488	6.928527e+15	0.000000e+00	2.125680e+00	7.242383e+15
1489	6.929878e+15	0.000000e+00	2.011685e+00	3.567635e+15
1490	6.931498e+15	0.000000e+00	2.869872e+00	3.551243e+15
1491	6.933055e+15	0.000000e+00	1.792606e+00	6.001468e+15
1492	6.934922e+15	0.000000e+00	4.527419e+00	1.983878e+16
1493	6.936224e+15	0.000000e+00	2.296210e+00	1.855685e+16
1494	6.937589e+15	0.000000e+00	1.698943e+00	2.572874e+16
1495	6.939228e+15	0.000000e+00	3.423782e+00	3.762373e+16
1496	6.940492e+15	0.000000e+00	1.377751e+00	1.237316e+16
1497	6.942008e+15	0.000000e+00	2.175462e+00	3.157780e+16
1498	6.943373e+15	0.000000e+00	1.128508e+00	1.959690e+16
1499	6.945011e+15	0.000000e+00	1.227576e+00	1.235107e+16
1500	6.946825e+15	0.000000e+00	9.288176e-01	0.000000e+00
1501	6.949001e+15	0.000000e+00	3.695849e+00	1.275557e+16
1502	6.950134e+15	0.000000e+00	7.456617e-01	6.390882e+15
1503	6.951493e+15	0.000000e+00	8.528513e-01	0.000000e+00
1504	6.953124e+15	0.000000e+00	1.721251e+00	7.111495e+15
1505	6.954616e+15	0.000000e+00	1.022746e+00	0.000000e+00
1506	6.956406e+15	0.000000e+00	2.663207e+00	1.311951e+16
1507	6.957757e+15	0.000000e+00	1.060541e+00	0.000000e+00
1508	6.959378e+15	0.000000e+00	1.456631e+00	6.620931e+15
1509	6.961080e+15	0.000000e+00	1.351281e+00	5.105562e+16
1510	6.962895e+15	0.000000e+00	2.799499e+00	3.305777e+16
1511	6.964165e+15	0.000000e+00	8.694666e-01	1.535229e+16
1512	6.965689e+15	0.000000e+00	8.454377e-01	1.450572e+16
1513	6.967517e+15	0.000000e+00	2.208123e+00	2.727355e+16
1514	6.968922e+15	0.000000e+00	8.899033e-01	2.058965e+16
1515	6.970607e+15	0.000000e+00	1.419875e+00	1.696467e+16
1516	6.972272e+15	0.000000e+00	1.070182e+00	2.551151e+16
1517	6.974199e+15	0.000000e+00	1.961215e+00	5.068452e+16
1518	6.975981e+15	0.000000e+00	1.443162e+00	4.901905e+16
1519	6.978119e+15	0.000000e+00	5.879847e+00	5.494376e+16
1520	6.979388e+15	0.000000e+00	2.317995e+00	3.829728e+16
1521	6.980911e+15	0.000000e+00	7.905971e+00	5.845135e+16
1522	6.981829e+15	0.000000e+00	3.216127e+00	1.726819e+16
1523	6.982930e+15	0.000000e+00	3.480826e+00	5.842524e+16
1524	6.984252e+15	0.000000e+00	3.831961e+00	8.139615e+16
1525	6.985838e+15	0.000000e+00	3.270190e+00	6.252913e+16
1526	6.987741e+15	0.000000e+00	1.193517e+01	1.302673e+17
1527	6.988838e+15	0.000000e+00	4.336406e+00	5.217915e+16
1528	6.990154e+15	0.000000e+00	4.429161e+00	4.280519e+16
1529	6.991733e+15	0.000000e+00	4.536676e+00	6.079033e+16
1530	6.993629e+15	0.000000e+00	8.451184e+00	7.988290e+16
1531	6.995168e+15	0.000000e+00	6.735631e+00	5.963611e+16
1532	6.996580e+15	0.000000e+00	4.653320e+00	2.774562e+16
1533	6.998179e+15	0.000000e+00	4.442372e+00	4.891237e+16
1534	6.999989e+15	0.000000e+00	3.774248e+00	4.381380e+16
1535	7.002125e+15	0.000000e+00	7.049287e+00	4.723142e+16
1536	7.003724e+15	0.000000e+00	2.703811e+00	1.551563e+16
1537	7.005644e+15	0.000000e+00	3.062295e+00	2.063523e+16
1538	7.007622e+15	0.000000e+00	5.178886e+00	2.591338e+16
1539	7.009028e+15	0.000000e+00	2.256974e+00	6.882013e+15
1540	7.010564e+15	0.000000e+00	2.933838e+00	2.158602e+16
1541	7.011941e+15	0.000000e+00	1.429474e+00	0.000000e+00
1542	7.013594e+15	0.000000e+00	1.202672e+00	2.048748e+16
1543	7.015578e+15	0.000000e+00	3.128178e+00	6.713630e+15
1544	7.016967e+15	0.000000e+00	8.713695e-01	2.160897e+16
1545	7.018634e+15	0.000000e+00	7.477470e-01	1.390822e+16
1546	7.020634e+15	0.000000e+00	1.827872e+00	0.000000e+00
1547	7.022172e+15	0.000000e+00	5.606856e-01	6.990625e+15
1548	7.024018e+15	0.000000e+00	1.870906e+00	0.000000e+00
1549	7.025282e+15	0.000000e+00	4.022539e-01	0.000000e+00
1550	7.026799e+15	0.000000e+00	3.420866e-01	0.000000e+00
1551	7.028619e+15	0.000000e+00	2.777435e-01	0.000000e+00
1552	7.030804e+15	0.000000e+00	8.068131e-01	6.666660e+15
1553	7.032495e+15	0.000000e+00	1.661152e-01	0.000000e+00
1554	7.034524e+15	0.000000e+00	1.232639e+00	6.492075e+15
1555	7.035620e+15	0.000000e+00	1.392797e-01	0.000000e+00
1556	7.036904e+15	0.000000e+00	1.219160e-01	0.000000e+00
1557	7.038445e+15	0.000000e+00	1.085047e-01	0.000000e+00
1558	7.040295e+15	0.000000e+00	9.504747e-02	0.000000e+00
1559	7.042514e+15	0.000000e+00	8.028425e-02	0.000000e+00
1560	7.045177e+15	0.000000e+00	1.148177e+00	0.000000e+00
1561	7.046239e+15	0.000000e+00	8.136251e-02	8.973760e+15
1562	7.047514e+15	0.000000e+00	7.912819e-02	0.000000e+00
1563	7.049044e+15	0.000000e+00	1.007872e-01	0.000000e+00
1564	7.050688e+15	0.000000e+00	4.072927e-01	0.000000e+00
1565	7.051644e+15	0.000000e+00	8.666332e-02	0.000000e+00
1566	7.052791e+15	0.000000e+00	8.903085e-02	0.000000e+00
1567	7.054168e+15	0.000000e+00	1.238661e-01	0.000000e+00
1568	7.055820e+15	0.000000e+00	1.744299e-01	0.000000e+00
1569	7.057711e+15	0.000000e+00	4.896469e-01	0.000000e+00
1570	7.059266e+15	0.000000e+00	5.265530e-01	0.000000e+00
1571	7.060505e+15	0.000000e+00	1.946399e-01	0.000000e+00
1572	7.061992e+15	0.000000e+00	3.375333e-01	0.000000e+00
1573	7.063426e+15	0.000000e+00	1.682068e-01	0.000000e+00
1574	7.065147e+15	0.000000e+00	1.531203e-01	8.514103e+15
1575	7.067212e+15	0.000000e+00	6.785982e-01	0.000000e+00
1576	7.068372e+15	0.000000e+00	1.483854e-01	0.000000e+00
1577	7.069763e+15	0.000000e+00	1.980949e-01	0.000000e+00
1578	7.071432e+15	0.000000e+00	1.001369e+00	0.000000e+00
1579	7.073077e+15	0.000000e+00	3.671461e+00	0.000000e+00
1580	7.074317e+15	0.000000e+00	2.502791e+00	0.000000e+00
1581	7.075805e+15	0.000000e+00	2.921775e+00	0.000000e+00
1582	7.077591e+15	0.000000e+00	3.208018e+00	1.496893e+17
1583	7.079734e+15	0.000000e+00	9.537077e+00	4.084306e+17
1584	7.081029e+15	0.000000e+00	4.448655e+00	9.176203e+16
1585	7.082514e+15	0.000000e+00	4.437649e+00	4.699269e+16
1586	7.084296e+15	0.000000e+00	4.507072e+00	7.105036e+16
1587	7.086434e+15	0.000000e+00	4.533904e+00	1.084082e+17
1588	7.089000e+15	0.000000e+00	1.416854e+01	7.413554e+16
1589	7.090369e+15	0.000000e+00	6.484365e+00	4.665468e+16
1590	7.091683e+15	0.000000e+00	4.488531e+00	3.047494e+16
1591	7.093260e+15	0.000000e+00	5.683593e+00	1.448471e+16
1592	7.094861e+15	0.000000e+00	4.213880e+00	3.587811e+16
1593	7.096782e+15	0.000000e+00	5.497184e+00	1.164007e+17
1594	7.098656e+15	0.000000e+00	3.781179e+00	7.042421e+16
1595	7.100837e+15	0.000000e+00	1.145937e+01	5.672443e+16
1596	7.101935e+15	0.000000e+00	4.184374e+00	2.006414e+16
1597	7.103027e+15	0.000000e+00	2.843711e+00	2.466588e+16
1598	7.104337e+15	0.000000e+00	2.568094e+00	1.715396e+16
1599	7.105910e+15	0.000000e+00	2.219778e+00	8.809366e+15
1600	7.107796e+15	0.000000e+00	2.445868e+00	3.332305e+16
1601	7.109816e+15	0.000000e+00	1.761370e+00	0.000000e+00
1602	7.112169e+15	0.000000e+00	3.432592e+00	1.456110e+16
1603	7.114029e+15	0.000000e+00	2.893411e+00	0.000000e+00
1604	7.115746e+15	0.000000e+00	1.887564e+00	0.000000e+00
1605	7.117783e+15	0.000000e+00	6.495482e+00	9.484077e+16
1606	7.119034e+15	0.000000e+00	2.940815e+00	6.878986e+16
1607	7.120536e+15	0.000000e+00	3.972850e+00	7.613950e+16
1608	7.122210e+15	0.000000e+00	4.107411e+00	7.005418e+16
1609	7.124147e+15	0.000000e+00	6.311591e+00	1.792550e+17
1610	7.125930e+15	0.000000e+00	1.338207e+01	1.538475e+17
1611	7.126872e+15	0.000000e+00	3.970728e+00	6.002926e+16
1612	7.128002e+15	0.000000e+00	3.830334e+00	3.423121e+16
1613	7.129358e+15	0.000000e+00	3.664935e+00	3.723360e+16
1614	7.130985e+15	0.000000e+00	8.864525e+00	7.615888e+16
1615	7.132045e+15	0.000000e+00	3.232385e+00	2.216002e+16
1616	7.133317e+15	0.000000e+00	3.000745e+00	5.519652e+15
1617	7.134843e+15	0.000000e+00	2.739122e+00	3.545030e+16
1618	7.136674e+15	0.000000e+00	6.972588e+00	3.122401e+16
1619	7.137850e+15	0.000000e+00	2.132378e+00	7.135237e+15
1620	7.139261e+15	0.000000e+00	3.893310e+00	0.000000e+00
1621	7.140414e+15	0.000000e+00	1.590313e+00	5.924007e+15
1622	7.141799e+15	0.000000e+00	1.410971e+00	7.218193e+15
1623	7.143460e+15	0.000000e+00	1.989934e+00	1.335363e+16
1624	7.145058e+15	0.000000e+00	1.201089e+00	0.000000e+00
1625	7.146857e+15	0.000000e+00	8.355235e-01	0.000000e+00
1626	7.149016e+15	0.000000e+00	1.621515e+00	0.000000e+00
1627	7.150749e+15	0.000000e+00	1.185957e+00	2.027137e+16
1628	7.152201e+15	0.000000e+00	3.634722e-01	0.000000e+00
1629	7.153945e+15	0.000000e+00	6.595888e-01	6.820300e+15
1630	7.155535e+15	0.000000e+00	2.629720e-01	9.649007e+15
1631	7.157350e+15	0.000000e+00	2.415542e-01	0.000000e+00
1632	7.159357e+15	0.000000e+00	6.385363e-01	6.838085e+15
1633	7.160961e+15	0.000000e+00	4.501804e-01	0.000000e+00
1634	7.162707e+15	0.000000e+00	8.646512e-01	6.892921e+15
1635	7.164196e+15	0.000000e+00	4.387002e-01	0.000000e+00
1636	7.165984e+15	0.000000e+00	1.340222e+00	0.000000e+00
1637	7.167340e+15	0.000000e+00	6.238102e-01	6.617699e+15
1638	7.168968e+15	0.000000e+00	9.505098e-01	0.000000e+00
1639	7.170756e+15	0.000000e+00	1.112682e+00	9.893383e+15
1640	7.172718e+15	0.000000e+00	3.220419e+00	6.893557e+16
1641	7.173955e+15	0.000000e+00	1.109034e+00	2.922619e+16
1642	7.175439e+15	0.000000e+00	1.140665e+00	5.165608e+16
1643	7.177220e+15	0.000000e+00	1.868793e+00	7.861738e+16
1644	7.178874e+15	0.000000e+00	1.138061e+00	4.524127e+16
1645	7.180858e+15	0.000000e+00	2.951140e+00	6.467608e+16
1646	7.182322e+15	0.000000e+00	1.320420e+00	4.145189e+16
1647	7.184079e+15	0.000000e+00	1.407120e+00	2.892983e+16
1648	7.186188e+15	0.000000e+00	3.173759e+00	5.004525e+16
1649	7.187831e+15	0.000000e+00	1.457976e+00	2.481067e+16
1650	7.189735e+15	0.000000e+00	2.906098e+00	4.814746e+16
1651	7.191175e+15	0.000000e+00	1.135798e+00	1.577285e+16
1652	7.192903e+15	0.000000e+00	1.092010e+00	2.767887e+16
1653	7.194977e+15	0.000000e+00	2.371797e+00	5.300688e+16
1654	7.196669e+15	0.000000e+00	1.188824e+00	3.062514e+16
1655	7.198699e+15	0.000000e+00	2.487456e+00	6.851014e+16
1656	7.200432e+15	0.000000e+00	2.769006e+00	4.493053e+16
1657	7.201821e+15	0.000000e+00	1.406852e+00	2.099929e+16
1658	7.203488e+15	0.000000e+00	1.378362e+00	4.531949e+16
1659	7.205489e+15	0.000000e+00	2.928374e+00	5.041672e+16
1660	7.207001e+15	0.000000e+00	1.215215e+00	3.267492e+16
1661	7.208816e+15	0.000000e+00	1.605120e+00	3.118090e+16
1662	7.210596e+15	0.000000e+00	1.678394e+00	3.792502e+16
1663	7.212209e+15	0.000000e+00	1.037351e+00	6.272472e+15
1664	7.214000e+15	0.000000e+00	9.113607e-01	2.080229e+16
1665	7.216037e+15	0.000000e+00	1.081855e+00	6.924936e+15
1666	7.218035e+15	0.000000e+00	1.607890e+00	0.000000e+00
1667	7.219493e+15	0.000000e+00	5.190560e-01	7.031863e+15
1668	7.221243e+15	0.000000e+00	4.719684e-01	0.000000e+00
1669	7.223272e+15	0.000000e+00	5.124393e-01	1.281021e+16
1670	7.225344e+15	0.000000e+00	7.940805e-01	0.000000e+00
1671	7.226836e+15	0.000000e+00	1.814850e-01	1.088782e+16
1672	7.228626e+15	0.000000e+00	2.442726e-01	0.000000e+00
1673	7.230416e+15	0.000000e+00	1.898736e-01	5.498878e+15
1674	7.232262e+15	0.000000e+00	1.199882e-01	0.000000e+00
1675	7.234468e+15	0.000000e+00	1.912906e-01	0.000000e+00
1676	7.236494e+15	0.000000e+00	2.592287e-01	0.000000e+00
1677	7.238054e+15	0.000000e+00	1.090980e-01	0.000000e+00
1678	7.239927e+15	0.000000e+00	2.200278e-01	0.000000e+00
1679	7.241631e+15	0.000000e+00	2.032295e-01	0.000000e+00
1680	7.243332e+15	0.000000e+00	4.000371e-01	0.000000e+00
1681	7.244672e+15	0.000000e+00	2.229847e-01	0.000000e+00
1682	7.246280e+15	0.000000e+00	3.775877e-01	0.000000e+00
1683	7.248061e+15	0.000000e+00	1.078825e+00	0.000000e+00
1684	7.249465e+15	0.000000e+00	6.228281e-01	0.000000e+00
1685	7.251151e+15	0.000000e+00	7.159355e-01	0.000000e+00
1686	7.253099e+15	0.000000e+00	6.384467e-01	8.108426e+15
1687	7.255438e+15	0.000000e+00	1.614306e+00	3.671752e+16
1688	7.257018e+15	0.000000e+00	4.495359e-01	1.502222e+16
1689	7.258914e+15	0.000000e+00	4.645972e-01	0.000000e+00
1690	7.261055e+15	0.000000e+00	6.892080e-01	2.235015e+16
1691	7.263038e+15	0.000000e+00	4.122065e-01	0.000000e+00
1692	7.265418e+15	0.000000e+00	7.383437e-01	3.747203e+16
1693	7.267761e+15	0.000000e+00	9.954446e-01	3.575129e+16
1694	7.269805e+15	0.000000e+00	9.993354e-01	3.097429e+16
1695	7.271552e+15	0.000000e+00	1.780997e+00	2.123260e+16
1696	7.272631e+15	0.000000e+00	4.571018e-01	1.011708e+16
1697	7.273925e+15	0.000000e+00	4.475628e-01	1.367951e+16
1698	7.275478e+15	0.000000e+00	4.398369e-01	2.856636e+16
1699	7.277341e+15	0.000000e+00	5.497112e-01	7.597157e+15
1700	7.279313e+15	0.000000e+00	1.492701e+00	3.664026e+16
1701	7.280530e+15	0.000000e+00	6.787460e-01	1.119842e+16
1702	7.281991e+15	0.000000e+00	9.611769e-01	1.846439e+16
1703	7.283744e+15	0.000000e+00	2.460236e+00	2.740538e+16
1704	7.285251e+15	0.000000e+00	2.068581e+00	2.276739e+16
1705	7.286829e+15	0.000000e+00	2.735284e+00	2.957324e+16
1706	7.288285e+15	0.000000e+00	1.758160e+00	6.145199e+16
1707	7.290031e+15	0.000000e+00	2.194399e+00	8.626264e+16
1708	7.291952e+15	0.000000e+00	3.677044e+00	1.334258e+17
1709	7.293550e+15	0.000000e+00	2.505987e+00	1.380541e+17
1710	7.295245e+15	0.000000e+00	2.248535e+00	7.939409e+16
1711	7.297136e+15	0.000000e+00	3.615038e+00	7.954247e+16
1712	7.298753e+15	0.000000e+00	2.828501e+00	5.414439e+16
1713	7.300332e+15	0.000000e+00	2.150656e+00	4.104240e+16
1714	7.302101e+15	0.000000e+00	2.155805e+00	6.268741e+16
1715	7.303939e+15	0.000000e+00	2.805590e+00	4.058714e+16
1716	7.305786e+15	0.000000e+00	2.087898e+00	4.305825e+16
1717	7.307841e+15	0.000000e+00	2.351308e+00	3.310862e+16
1718	7.309936e+15	0.000000e+00	3.318412e+00	4.096026e+16
1719	7.311610e+15	0.000000e+00	2.101042e+00	1.878871e+16
1720	7.313235e+15	0.000000e+00	1.216292e+00	2.687370e+16
1721	7.315107e+15	0.000000e+00	1.898562e+00	1.357679e+16
1722	7.316760e+15	0.000000e+00	6.746469e-01	1.416145e+16
1723	7.318743e+15	0.000000e+00	1.301990e+00	2.163918e+16
1724	7.320462e+15	0.000000e+00	3.432168e-01	1.344590e+15
1725	7.322526e+15	0.000000e+00	6.607185e-01	1.413761e+16
1726	7.324457e+15	0.000000e+00	3.821675e-01	1.400318e+16
1727	7.326416e+15	0.000000e+00	1.284601e-01	5.807830e+15
1728	7.328766e+15	0.000000e+00	1.109653e+00	1.588788e+15
1729	7.330243e+15	0.000000e+00	1.075475e-01	1.570835e+15
1730	7.331974e+15	0.000000e+00	1.006913e-01	4.227767e+15
1731	7.334004e+15	0.000000e+00	3.195673e-01	5.682544e+15
1732	7.335781e+15	0.000000e+00	2.643715e-01	2.983424e+15
1733	7.337339e+15	0.000000e+00	1.051210e-01	1.601748e+15
1734	7.338997e+15	0.000000e+00	6.601545e-02	3.042196e+15
1735	7.340923e+15	0.000000e+00	6.028587e-02	0.000000e+00
1736	7.343111e+15	0.000000e+00	3.931012e-01	1.419358e+15
1737	7.344566e+15	0.000000e+00	3.439235e-02	0.000000e+00
1738	7.346294e+15	0.000000e+00	8.058535e-02	1.330053e+15
1739	7.347928e+15	0.000000e+00	2.151761e-02	0.000000e+00
1740	7.349798e+15	0.000000e+00	2.783122e-02	0.000000e+00
1741	7.351731e+15	0.000000e+00	5.832494e-02	0.000000e+00
1742	7.353426e+15	0.000000e+00	7.111952e-03	1.368261e+15
1743	7.355200e+15	0.000000e+00	6.070892e-04	0.000000e+00
1744	7.357328e+15	0.000000e+00	1.313309e-04	0.000000e+00
1745	7.359797e+15	0.000000e+00	4.027740e-02	0.000000e+00
1746	7.361603e+15	0.000000e+00	0.000000e+00	0.000000e+00
1747	7.363658e+15	0.000000e+00	6.390323e-02	0.000000e+00
1748	7.365355e+15	0.000000e+00	1.674735e-05	0.000000e+00
1749	7.367385e+15	0.000000e+00	2.188415e-05	0.000000e+00
1750	7.369577e+15	0.000000e+00	0.000000e+00	0.000000e+00
1751	7.372136e+15	0.000000e+00	7.602882e-02	0.000000e+00
1752	7.373674e+15	0.000000e+00	2.266925e-03	0.000000e+00
1753	7.375398e+15	0.000000e+00	1.588910e-03	0.000000e+00
1754	7.377388e+15	0.000000e+00	3.737197e-02	0.000000e+00
1755	7.378737e+15	0.000000e+00	1.055565e-02	0.000000e+00
1756	7.379835e+15	0.000000e+00	5.336681e-04	0.000000e+00
1757	7.381153e+15	0.000000e+00	9.401226e-05	0.000000e+00
1758	7.382734e+15	0.000000e+00	1.437923e-02	0.000000e+00
1759	7.384281e+15	0.000000e+00	8.749188e-02	0.000000e+00
1760	7.385505e+15	0.000000e+00	2.203892e-02	0.000000e+00
1761	7.386973e+15	0.000000e+00	1.834569e-02	0.000000e+00
1762	7.388736e+15	0.000000e+00	2.825291e-02	0.000000e+00
1763	7.390685e+15	0.000000e+00	1.642423e-02	0.000000e+00
1764	7.393024e+15	0.000000e+00	2.564073e-02	0.000000e+00
1765	7.395727e+15	0.000000e+00	4.518963e-01	0.000000e+00
1766	7.397762e+15	0.000000e+00	5.503148e-01	0.000000e+00
1767	7.399932e+15	0.000000e+00	9.409302e-01	0.000000e+00
1768	7.402135e+15	0.000000e+00	1.539940e+00	9.598044e+15
1769	7.404168e+15	0.000000e+00	1.079559e+00	2.910399e+16
1770	7.406510e+15	0.000000e+00	2.075823e+00	7.868129e+16
1771	7.408410e+15	0.000000e+00	3.377286e+00	3.988114e+16
1772	7.409564e+15	0.000000e+00	9.040951e-01	9.852118e+15
1773	7.410950e+15	0.000000e+00	8.307122e-01	1.555112e+16
1774	7.412613e+15	0.000000e+00	7.535350e-01	3.530212e+16
1775	7.414608e+15	0.000000e+00	1.709033e+00	3.207211e+16
1776	7.416216e+15	0.000000e+00	6.155743e-01	2.560264e+16
1777	7.418145e+15	0.000000e+00	5.880155e-01	1.593545e+16
1778	7.420443e+15	0.000000e+00	1.070076e+00	1.002038e+16
1779	7.422666e+15	0.000000e+00	2.504688e+00	3.081186e+16
1780	7.424094e+15	0.000000e+00	7.990326e-01	0.000000e+00
1781	7.425808e+15	0.000000e+00	9.677433e-01	0.000000e+00
1782	7.427865e+15	0.000000e+00	1.659583e+00	0.000000e+00
1783	7.429868e+15	0.000000e+00	2.751408e+00	4.820766e+15
1784	7.431480e+15	0.000000e+00	1.798526e+00	3.381203e+16
1785	7.433415e+15	0.000000e+00	2.833622e+00	7.158395e+16
1786	7.435373e+15	0.000000e+00	2.962437e+00	7.139808e+16
1787	7.437588e+15	0.000000e+00	5.694567e+00	1.338465e+17
1788	7.439491e+15	0.000000e+00	4.108254e+00	5.092211e+16
1789	7.441658e+15	0.000000e+00	5.545254e+00	1.667625e+17
1790	7.443895e+15	0.000000e+00	7.708334e+00	1.159514e+17
1791	7.445909e+15	0.000000e+00	5.295897e+00	7.890592e+16
1792	7.448327e+15	0.000000e+00	2.736146e+01	1.166262e+17
1793	7.449202e+15	0.000000e+00	5.261222e+00	4.070318e+16
1794	7.450253e+15	0.000000e+00	5.173780e+00	5.053556e+16
1795	7.451514e+15	0.000000e+00	4.997781e+00	1.758913e+16
1796	7.453028e+15	0.000000e+00	5.852605e+00	2.942799e+16
1797	7.454638e+15	0.000000e+00	4.457668e+00	4.896865e+16
1798	7.456571e+15	0.000000e+00	7.761360e+00	6.403826e+16
1799	7.458216e+15	0.000000e+00	4.143905e+00	2.902091e+16
1800	7.460187e+15	0.000000e+00	3.979905e+00	6.171967e+16
1801	7.462553e+15	0.000000e+00	3.628941e+00	4.733593e+16
1802	7.465352e+15	0.000000e+00	1.170558e+01	7.104687e+16
1803	7.466958e+15	0.000000e+00	3.127393e+00	3.906254e+16
1804	7.468877e+15	0.000000e+00	8.244693e+00	4.354655e+16
1805	7.470233e+15	0.000000e+00	2.731807e+00	1.134071e+16
1806	7.471859e+15	0.000000e+00	3.321697e+00	2.708757e+16
1807	7.473594e+15	0.000000e+00	4.313698e+00	4.286675e+16
1808	7.475167e+15	0.000000e+00	2.850052e+00	3.040740e+16
1809	7.476793e+15	0.000000e+00	1.652591e+00	1.913119e+16
1810	7.478743e+15	0.000000e+00	2.150888e+00	2.100839e+16
1811	7.480781e+15	0.000000e+00	6.330802e+00	6.900156e+16
1812	7.481995e+15	0.000000e+00	1.095950e+00	2.264698e+16
1813	7.483451e+15	0.000000e+00	9.377031e-01	1.632531e+16
1814	7.485199e+15	0.000000e+00	7.681906e-01	1.610890e+16
1815	7.487297e+15	0.000000e+00	2.789117e+00	2.129447e+16
1816	7.488781e+15	0.000000e+00	5.272129e-01	0.000000e+00
1817	7.490561e+15	0.000000e+00	8.601506e-01	1.584598e+16
1818	7.492359e+15	0.000000e+00	7.724349e-01	1.088857e+16
1819	7.494150e+15	0.000000e+00	8.619700e-01	1.131766e+16
1820	7.495810e+15	0.000000e+00	3.401325e-01	0.000000e+00
1821	7.497692e+15	0.000000e+00	3.873689e-01	1.083618e+16
1822	7.499730e+15	0.000000e+00	3.094462e-01	0.000000e+00
1823	7.501975e+15	0.000000e+00	3.282155e+00	1.069648e+16
1824	7.502972e+15	0.000000e+00	1.493399e-01	0.000000e+00
1825	7.504167e+15	0.000000e+00	1.763541e-01	0.000000e+00
1826	7.505538e+15	0.000000e+00	1.327197e-01	0.000000e+00
1827	7.507182e+15	0.000000e+00	1.149337e-01	0.000000e+00
1828	7.509155e+15	0.000000e+00	3.184401e-01	0.000000e+00
1829	7.511071e+15	0.000000e+00	1.118639e+00	5.561133e+15
1830	7.512469e+15	0.000000e+00	3.556080e-01	0.000000e+00
1831	7.514146e+15	0.000000e+00	4.276481e-01	0.000000e+00
1832	7.516084e+15	0.000000e+00	4.744804e-01	0.000000e+00
1833	7.518410e+15	0.000000e+00	1.154035e+00	0.000000e+00
1834	7.520588e+15	0.000000e+00	1.165874e+00	1.896362e+16
1835	7.522858e+15	0.000000e+00	1.599071e+00	3.725803e+16
1836	7.525072e+15	0.000000e+00	2.069970e+00	3.809480e+16
1837	7.527086e+15	0.000000e+00	2.053930e+00	6.356650e+16
1838	7.528963e+15	0.000000e+00	1.702527e+00	5.039033e+16
1839	7.530900e+15	0.000000e+00	1.450204e+00	3.180904e+16
1840	7.533042e+15	0.000000e+00	1.445131e+00	2.490419e+16
1841	7.535353e+15	0.000000e+00	6.353356e+00	8.960867e+16
1842	7.536443e+15	0.000000e+00	1.043294e+00	6.221414e+15
1843	7.537751e+15	0.000000e+00	1.007372e+00	0.000000e+00
1844	7.539320e+15	0.000000e+00	9.541166e-01	1.249106e+16
1845	7.541203e+15	0.000000e+00	8.792357e-01	0.000000e+00
1846	7.543463e+15	0.000000e+00	2.397022e+00	2.477207e+16
1847	7.545242e+15	0.000000e+00	3.135889e+00	3.073736e+16
1848	7.546435e+15	0.000000e+00	6.535512e-01	0.000000e+00
1849	7.547866e+15	0.000000e+00	6.154205e-01	1.210600e+16
1850	7.549584e+15	0.000000e+00	5.822966e-01	5.853430e+15
1851	7.551645e+15	0.000000e+00	9.690089e-01	6.682278e+15
1852	7.553759e+15	0.000000e+00	2.262834e+00	2.501162e+16
1853	7.555288e+15	0.000000e+00	6.036858e-01	0.000000e+00
1854	7.557124e+15	0.000000e+00	1.399479e+00	6.780269e+15
1855	7.558791e+15	0.000000e+00	7.604530e-01	1.335027e+16
1856	7.560702e+15	0.000000e+00	1.213366e+00	1.204894e+16
1857	7.562590e+15	0.000000e+00	9.666476e-01	1.155298e+16
1858	7.564615e+15	0.000000e+00	1.190989e+00	6.793844e+15
1859	7.566636e+15	0.000000e+00	1.243816e+00	1.075810e+16
1860	7.568617e+15	0.000000e+00	6.634213e-01	6.397478e+15
1861	7.570994e+15	0.000000e+00	1.120029e+00	1.567485e+16
1862	7.573405e+15	0.000000e+00	1.765877e+00	1.799521e+16
1863	7.575436e+15	0.000000e+00	8.862188e-01	1.057351e+16
1864	7.577627e+15	0.000000e+00	1.222635e+00	1.000141e+16
1865	7.579741e+15	0.000000e+00	2.396791e+00	3.124904e+16
1866	7.581289e+15	0.000000e+00	5.958475e-01	2.683416e+16
1867	7.583147e+15	0.000000e+00	5.639014e-01	2.182001e+16
1868	7.585377e+15	0.000000e+00	1.674832e+00	2.699628e+16
1869	7.587213e+15	0.000000e+00	5.031815e-01	1.656430e+16
1870	7.589417e+15	0.000000e+00	6.037030e-01	1.641722e+16
1871	7.591897e+15	0.000000e+00	1.344662e+00	3.339005e+16
1872	7.594034e+15	0.000000e+00	8.918289e-01	3.757646e+16
1873	7.596138e+15	0.000000e+00	1.223930e+00	5.306754e+16
1874	7.597981e+15	0.000000e+00	7.778841e-01	2.611302e+16
1875	7.599811e+15	0.000000e+00	8.584944e-01	4.164831e+16
1876	7.601543e+15	0.000000e+00	2.476688e-01	2.138897e+16
1877	7.603621e+15	0.000000e+00	2.725691e+00	4.280817e+16
1878	7.604816e+15	0.000000e+00	1.776105e-01	1.045914e+16
1879	7.606249e+15	0.000000e+00	1.602157e-01	0.000000e+00
1880	7.607968e+15	0.000000e+00	2.026486e-01	5.399882e+15
1881	7.609931e+15	0.000000e+00	7.084665e-01	1.137290e+16
1882	7.611701e+15	0.000000e+00	1.159097e+00	1.091822e+16
1883	7.613074e+15	0.000000e+00	1.084235e-01	0.000000e+00
1884	7.614720e+15	0.000000e+00	7.132250e-01	0.000000e+00
1885	7.616134e+15	0.000000e+00	1.194103e-01	0.000000e+00
1886	7.617830e+15	0.000000e+00	1.257625e-01	0.000000e+00
1887	7.619866e+15	0.000000e+00	9.295671e-01	1.112176e+16
1888	7.621441e+15	0.000000e+00	3.368757e-01	1.148741e+16
1889	7.623037e+15	0.000000e+00	1.386556e-01	0.000000e+00
1890	7.624917e+15	0.000000e+00	1.110140e+00	6.107005e+15
1891	7.626216e+15	0.000000e+00	1.121040e-01	0.000000e+00
1892	7.627775e+15	0.000000e+00	1.066449e-01	0.000000e+00
1893	7.629646e+15	0.000000e+00	1.110792e-01	0.000000e+00
1894	7.631891e+15	0.000000e+00	1.569979e-01	0.000000e+00
1895	7.634447e+15	0.000000e+00	1.142961e+00	5.950429e+15
1896	7.636101e+15	0.000000e+00	1.105087e-01	0.000000e+00
1897	7.638085e+15	0.000000e+00	7.927803e-01	0.000000e+00
1898	7.639533e+15	0.000000e+00	8.627868e-02	0.000000e+00
1899	7.641271e+15	0.000000e+00	8.576060e-02	0.000000e+00
1900	7.643292e+15	0.000000e+00	6.980364e-01	5.652117e+15
1901	7.644667e+15	0.000000e+00	3.770462e-02	0.000000e+00
1902	7.646317e+15	0.000000e+00	2.947623e-02	0.000000e+00
1903	7.648297e+15	0.000000e+00	5.573383e-02	0.000000e+00
1904	7.650406e+15	0.000000e+00	7.874972e-02	0.000000e+00
1905	7.652434e+15	0.000000e+00	5.086869e-02	0.000000e+00
1906	7.654392e+15	0.000000e+00	3.218794e-02	5.582914e+15
1907	7.656344e+15	0.000000e+00	6.648743e-02	0.000000e+00
1908	7.658066e+15	0.000000e+00	4.792863e-03	0.000000e+00
1909	7.660004e+15	0.000000e+00	5.414154e-03	0.000000e+00
1910	7.662065e+15	0.000000e+00	2.617082e-03	0.000000e+00
1911	7.664234e+15	0.000000e+00	4.045193e-02	0.000000e+00
1912	7.665970e+15	0.000000e+00	1.408474e-03	0.000000e+00
1913	7.667669e+15	0.000000e+00	0.000000e+00	0.000000e+00
1914	7.669708e+15	0.000000e+00	3.566431e-03	0.000000e+00
1915	7.671515e+15	0.000000e+00	0.000000e+00	0.000000e+00
1916	7.673559e+15	0.000000e+00	0.000000e+00	0.000000e+00
1917	7.675590e+15	0.000000e+00	0.000000e+00	0.000000e+00
1918	7.677862e+15	0.000000e+00	7.967152e-04	0.000000e+00
1919	7.679809e+15	0.000000e+00	0.000000e+00	0.000000e+00
1920	7.681698e+15	0.000000e+00	0.000000e+00	0.000000e+00
1921	7.683381e+15	0.000000e+00	0.000000e+00	0.000000e+00
1922	7.684916e+15	0.000000e+00	0.000000e+00	0.000000e+00
1923	7.686758e+15	0.000000e+00	0.000000e+00	0.000000e+00
1924	7.688355e+15	0.000000e+00	0.000000e+00	0.000000e+00
1925	7.690271e+15	0.000000e+00	0.000000e+00	0.000000e+00
1926	7.692276e+15	0.000000e+00	0.000000e+00	0.000000e+00
1927	7.694288e+15	0.000000e+00	0.000000e+00	0.000000e+00
1928	7.696583e+15	0.000000e+00	0.000000e+00	0.000000e+00
1929	7.698537e+15	0.000000e+00	0.000000e+00	0.000000e+00
1930	7.700054e+15	0.000000e+00	0.000000e+00	0.000000e+00
1931	7.701488e+15	0.000000e+00	0.000000e+00	0.000000e+00
1932	7.703208e+15	0.000000e+00	0.000000e+00	0.000000e+00
1933	7.704561e+15	0.000000e+00	0.000000e+00	0.000000e+00
1934	7.706184e+15	0.000000e+00	0.000000e+00	0.000000e+00
1935	7.707705e+15	0.000000e+00	0.000000e+00	0.000000e+00
1936	7.709530e+15	0.000000e+00	0.000000e+00	0.000000e+00
1937	7.711720e+15	0.000000e+00	0.000000e+00	0.000000e+00
1938	7.714014e+15	0.000000e+00	0.000000e+00	0.000000e+00
1939	7.715535e+15	0.000000e+00	0.000000e+00	0.000000e+00
1940	7.717079e+15	0.000000e+00	0.000000e+00	0.000000e+00
1941	7.718931e+15	0.000000e+00	0.000000e+00	0.000000e+00
1942	7.720994e+15	0.000000e+00	0.000000e+00	0.000000e+00
1943	7.722609e+15	0.000000e+00	0.000000e+00	0.000000e+00
1944	7.724280e+15	0.000000e+00	0.000000e+00	0.000000e+00
1945	7.726220e+15	0.000000e+00	0.000000e+00	0.000000e+00
1946	7.728466e+15	0.000000e+00	0.000000e+00	0.000000e+00
1947	7.730185e+15	0.000000e+00	0.000000e+00	0.000000e+00
1948	7.732248e+15	0.000000e+00	0.000000e+00	0.000000e+00
1949	7.734645e+15	0.000000e+00	0.000000e+00	0.000000e+00
1950	7.736384e+15	0.000000e+00	0.000000e+00	0.000000e+00
1951	7.738470e+15	0.000000e+00	0.000000e+00	0.000000e+00
1952	7.740367e+15	0.000000e+00	0.000000e+00	0.000000e+00
1953	7.742133e+15	0.000000e+00	0.000000e+00	0.000000e+00
1954	7.744126e+15	0.000000e+00	0.000000e+00	0.000000e+00
1955	7.745960e+15	0.000000e+00	0.000000e+00	0.000000e+00
1956	7.748111e+15	0.000000e+00	0.000000e+00	0.000000e+00
1957	7.749649e+15	0.000000e+00	0.000000e+00	0.000000e+00
1958	7.751494e+15	0.000000e+00	0.000000e+00	0.000000e+00
1959	7.753709e+15	0.000000e+00	0.000000e+00	0.000000e+00
1960	7.755678e+15	0.000000e+00	0.000000e+00	0.000000e+00
1961	7.757511e+15	0.000000e+00	0.000000e+00	0.000000e+00
1962	7.759601e+15	0.000000e+00	0.000000e+00	0.000000e+00
1963	7.761790e+15	0.000000e+00	0.000000e+00	0.000000e+00
1964	7.763614e+15	0.000000e+00	0.000000e+00	0.000000e+00
1965	7.765660e+15	0.000000e+00	0.000000e+00	0.000000e+00
1966	7.768116e+15	0.000000e+00	0.000000e+00	0.000000e+00
1967	7.769252e+15	0.000000e+00	0.000000e+00	0.000000e+00
1968	7.770614e+15	0.000000e+00	0.000000e+00	0.000000e+00
1969	7.772249e+15	0.000000e+00	0.000000e+00	0.000000e+00
1970	7.774212e+15	0.000000e+00	0.000000e+00	0.000000e+00
1971	7.776038e+15	0.000000e+00	0.000000e+00	0.000000e+00
1972	7.777928e+15	0.000000e+00	2.976534e-02	0.000000e+00
1973	7.779754e+15	0.000000e+00	1.465150e-01	0.000000e+00
1974	7.781445e+15	0.000000e+00	2.049752e-01	0.000000e+00
1975	7.783327e+15	0.000000e+00	2.726716e-01	0.000000e+00
1976	7.785585e+15	0.000000e+00	4.281520e-01	0.000000e+00
1977	7.788007e+15	0.000000e+00	6.872262e-01	7.415639e+15
1978	7.790084e+15	0.000000e+00	4.145189e-01	3.041203e+16
1979	7.792442e+15	0.000000e+00	9.466371e-01	2.894151e+16
1980	7.794089e+15	0.000000e+00	4.109816e-01	2.516368e+16
1981	7.795989e+15	0.000000e+00	5.573846e-01	8.811522e+15
1982	7.797949e+15	0.000000e+00	1.005221e+00	2.291666e+16
1983	7.799576e+15	0.000000e+00	5.994904e-01	0.000000e+00
1984	7.801485e+15	0.000000e+00	1.068018e+00	9.531398e+15
1985	7.803292e+15	0.000000e+00	8.365490e-01	4.444216e+16
1986	7.805201e+15	0.000000e+00	7.344454e-01	4.369593e+16
1987	7.807290e+15	0.000000e+00	6.435563e-01	5.744054e+15
1988	7.809687e+15	0.000000e+00	1.867583e+00	5.188473e+16
1989	7.811483e+15	0.000000e+00	6.618735e-01	1.021848e+16
1990	7.813639e+15	0.000000e+00	1.209357e+00	2.447493e+16
1991	7.815605e+15	0.000000e+00	6.971350e-01	1.432192e+16
1992	7.817837e+15	0.000000e+00	5.514584e-01	1.652098e+16
1993	7.820515e+15	0.000000e+00	2.130033e+00	9.517996e+15
1994	7.822094e+15	0.000000e+00	5.898626e-01	9.059337e+15
1995	7.823988e+15	0.000000e+00	5.640015e-01	2.378248e+16
1996	7.826261e+15	0.000000e+00	1.379254e+00	5.310625e+15
1997	7.828125e+15	0.000000e+00	1.029392e+00	0.000000e+00
1998	7.829911e+15	0.000000e+00	6.351129e-01	1.189797e+16
1999	7.831943e+15	0.000000e+00	8.694424e-01	1.897641e+16
2000	7.833903e+15	0.000000e+00	1.280917e+00	3.107027e+16
2001	7.835368e+15	0.000000e+00	4.053506e-01	1.321435e+16
2002	7.837082e+15	0.000000e+00	3.234159e-01	6.220521e+15
2003	7.839139e+15	0.000000e+00	3.714767e-01	6.006449e+15
2004	7.841345e+15	0.000000e+00	6.854262e-01	0.000000e+00
2005	7.843069e+15	0.000000e+00	1.266853e-01	6.298942e+15
2006	7.845137e+15	0.000000e+00	1.353146e-01	0.000000e+00
2007	7.847409e+15	0.000000e+00	1.828670e-01	0.000000e+00
2008	7.849544e+15	0.000000e+00	2.667180e-01	0.000000e+00
2009	7.851185e+15	0.000000e+00	4.549019e-02	0.000000e+00
2010	7.852791e+15	0.000000e+00	1.670303e-04	0.000000e+00
2011	7.854717e+15	0.000000e+00	0.000000e+00	0.000000e+00
2012	7.857029e+15	0.000000e+00	0.000000e+00	0.000000e+00
2013	7.859399e+15	0.000000e+00	0.000000e+00	0.000000e+00
2014	7.861649e+15	0.000000e+00	0.000000e+00	0.000000e+00
2015	7.863744e+15	0.000000e+00	0.000000e+00	0.000000e+00
2016	7.865500e+15	0.000000e+00	0.000000e+00	0.000000e+00
2017	7.867528e+15	0.000000e+00	0.000000e+00	0.000000e+00
2018	7.869056e+15	0.000000e+00	0.000000e+00	0.000000e+00
2019	7.870889e+15	0.000000e+00	0.000000e+00	0.000000e+00
2020	7.872661e+15	0.000000e+00	0.000000e+00	0.000000e+00
2021	7.874770e+15	0.000000e+00	0.000000e+00	0.000000e+00
2022	7.876572e+15	0.000000e+00	0.000000e+00	0.000000e+00
2023	7.877933e+15	0.000000e+00	0.000000e+00	0.000000e+00
2024	7.879566e+15	0.000000e+00	0.000000e+00	0.000000e+00
2025	7.881526e+15	0.000000e+00	0.000000e+00	0.000000e+00
2026	7.883299e+15	0.000000e+00	0.000000e+00	0.000000e+00
2027	7.885172e+15	0.000000e+00	0.000000e+00	0.000000e+00
2028	7.887123e+15	0.000000e+00	0.000000e+00	0.000000e+00
2029	7.889465e+15	0.000000e+00	0.000000e+00	0.000000e+00
2030	7.891895e+15	0.000000e+00	0.000000e+00	0.000000e+00
2031	7.893885e+15	0.000000e+00	0.000000e+00	0.000000e+00
2032	7.895660e+15	0.000000e+00	0.000000e+00	0.000000e+00
2033	7.897397e+15	0.000000e+00	0.000000e+00	0.000000e+00
2034	7.899483e+15	0.000000e+00	0.000000e+00	0.000000e+00
2035	7.901827e+15	0.000000e+00	0.000000e+00	0.000000e+00
2036	7.903739e+15	0.000000e+00	0.000000e+00	0.000000e+00
2037	7.905525e+15	0.000000e+00	0.000000e+00	0.000000e+00
2038	7.907669e+15	0.000000e+00	0.000000e+00	0.000000e+00
2039	7.909997e+15	0.000000e+00	0.000000e+00	0.000000e+00
2040	7.912009e+15	0.000000e+00	0.000000e+00	0.000000e+00
2041	7.914058e+15	0.000000e+00	0.000000e+00	0.000000e+00
2042	7.915546e+15	0.000000e+00	0.000000e+00	0.000000e+00
2043	7.917332e+15	0.000000e+00	0.000000e+00	0.000000e+00
2044	7.919475e+15	0.000000e+00	0.000000e+00	0.000000e+00
2045	7.922047e+15	0.000000e+00	0.000000e+00	0.000000e+00
2046	7.923166e+15	0.000000e+00	0.000000e+00	0.000000e+00
2047	7.924509e+15	0.000000e+00	0.000000e+00	0.000000e+00
2048	7.926120e+15	0.000000e+00	0.000000e+00	0.000000e+00
2049	7.928053e+15	0.000000e+00	0.000000e+00	0.000000e+00
2050	7.930169e+15	0.000000e+00	0.000000e+00	0.000000e+00
2051	7.931709e+15	0.000000e+00	0.000000e+00	0.000000e+00
2052	7.933201e+15	0.000000e+00	0.000000e+00	0.000000e+00
2053	7.934946e+15	0.000000e+00	0.000000e+00	0.000000e+00
2054	7.936809e+15	0.000000e+00	0.000000e+00	0.000000e+00
2055	7.938321e+15	0.000000e+00	0.000000e+00	0.000000e+00
2056	7.940136e+15	0.000000e+00	0.000000e+00	0.000000e+00
2057	7.942224e+15	0.000000e+00	0.000000e+00	0.000000e+00
2058	7.944141e+15	0.000000e+00	0.000000e+00	0.000000e+00
2059	7.946342e+15	0.000000e+00	0.000000e+00	0.000000e+00
2060	7.947866e+15	0.000000e+00	0.000000e+00	0.000000e+00
2061	7.949651e+15	0.000000e+00	0.000000e+00	0.000000e+00
2062	7.951793e+15	0.000000e+00	0.000000e+00	0.000000e+00
2063	7.953592e+15	0.000000e+00	0.000000e+00	0.000000e+00
2064	7.955501e+15	0.000000e+00	0.000000e+00	0.000000e+00
2065	7.956912e+15	0.000000e+00	0.000000e+00	0.000000e+00
2066	7.958605e+15	0.000000e+00	0.000000e+00	0.000000e+00
2067	7.960466e+15	0.000000e+00	0.000000e+00	0.000000e+00
2068	7.961825e+15	0.000000e+00	0.000000e+00	0.000000e+00
2069	7.962977e+15	0.000000e+00	0.000000e+00	0.000000e+00
2070	7.963871e+15	0.000000e+00	0.000000e+00	0.000000e+00
2071	7.964781e+15	0.000000e+00	0.000000e+00	0.000000e+00
2072	7.965873e+15	0.000000e+00	0.000000e+00	0.000000e+00
2073	7.967184e+15	0.000000e+00	0.000000e+00	0.000000e+00
2074	7.968757e+15	0.000000e+00	0.000000e+00	0.000000e+00
2075	7.970072e+15	0.000000e+00	0.000000e+00	0.000000e+00
2076	7.971650e+15	0.000000e+00	0.000000e+00	0.000000e+00
2077	7.973156e+15	0.000000e+00	0.000000e+00	0.000000e+00
2078	7.974765e+15	0.000000e+00	0.000000e+00	0.000000e+00
2079	7.976696e+15	0.000000e+00	0.000000e+00	0.000000e+00
2080	7.978404e+15	0.000000e+00	0.000000e+00	0.000000e+00
2081	7.980278e+15	0.000000e+00	0.000000e+00	0.000000e+00
2082	7.981984e+15	0.000000e+00	0.000000e+00	0.000000e+00
2083	7.983833e+15	0.000000e+00	0.000000e+00	0.000000e+00
2084	7.985521e+15	0.000000e+00	0.000000e+00	0.000000e+00
2085	7.987275e+15	0.000000e+00	0.000000e+00	0.000000e+00
2086	7.989004e+15	0.000000e+00	0.000000e+00	0.000000e+00
2087	7.991078e+15	0.000000e+00	0.000000e+00	0.000000e+00
2088	7.992689e+15	0.000000e+00	0.000000e+00	0.000000e+00
2089	7.994449e+15	0.000000e+00	0.000000e+00	0.000000e+00
2090	7.996487e+15	0.000000e+00	0.000000e+00	0.000000e+00
2091	7.998933e+15	0.000000e+00	0.000000e+00	0.000000e+00
2092	8.001282e+15	0.000000e+00	1.243597e-02	0.000000e+00
2093	8.002783e+15	0.000000e+00	2.642846e-03	0.000000e+00
2094	8.004584e+15	0.000000e+00	3.446594e-03	0.000000e+00
2095	8.006507e+15	0.000000e+00	5.007821e-03	0.000000e+00
2096	8.008228e+15	0.000000e+00	2.371602e-03	0.000000e+00
2097	8.010124e+15	0.000000e+00	2.474479e-03	0.000000e+00
2098	8.012115e+15	0.000000e+00	3.988666e-03	0.000000e+00
2099	8.013871e+15	0.000000e+00	2.286432e-03	0.000000e+00
2100	8.015605e+15	0.000000e+00	1.135689e-03	0.000000e+00
2101	8.017485e+15	0.000000e+00	1.873003e-03	0.000000e+00
2102	8.019244e+15	0.000000e+00	0.000000e+00	0.000000e+00
2103	8.021273e+15	0.000000e+00	3.594659e-03	0.000000e+00
2104	8.022689e+15	0.000000e+00	0.000000e+00	0.000000e+00
2105	8.024388e+15	0.000000e+00	0.000000e+00	0.000000e+00
2106	8.026427e+15	0.000000e+00	0.000000e+00	0.000000e+00
2107	8.028874e+15	0.000000e+00	3.746342e-04	0.000000e+00
2108	8.031054e+15	0.000000e+00	6.056665e-04	0.000000e+00
2109	8.032888e+15	0.000000e+00	0.000000e+00	0.000000e+00
2110	8.035089e+15	0.000000e+00	1.518528e-03	0.000000e+00
2111	8.036617e+15	0.000000e+00	0.000000e+00	0.000000e+00
2112	8.038451e+15	0.000000e+00	2.285898e-02	0.000000e+00
2113	8.040189e+15	0.000000e+00	7.688904e-02	0.000000e+00
2114	8.041881e+15	0.000000e+00	7.948214e-02	0.000000e+00
2115	8.043785e+15	0.000000e+00	1.377917e-01	0.000000e+00
2116	8.045631e+15	0.000000e+00	2.544537e-01	0.000000e+00
2117	8.047410e+15	0.000000e+00	4.054581e-01	2.014183e+16
2118	8.048981e+15	0.000000e+00	2.798354e-01	5.199357e+15
2119	8.050867e+15	0.000000e+00	3.187854e-01	1.059348e+16
2120	8.053130e+15	0.000000e+00	6.860615e-01	1.602832e+16
2121	8.054827e+15	0.000000e+00	3.924887e-01	1.056174e+16
2122	8.056590e+15	0.000000e+00	2.964094e-01	5.419778e+15
2123	8.058539e+15	0.000000e+00	3.628263e-01	5.318670e+15
2124	8.060419e+15	0.000000e+00	2.575748e-01	1.067328e+16
2125	8.062533e+15	0.000000e+00	4.483311e-01	5.596082e+15
2126	8.064278e+15	0.000000e+00	3.316186e-01	1.067577e+16
2127	8.065897e+15	0.000000e+00	2.888472e-01	5.028274e+15
2128	8.067608e+15	0.000000e+00	6.710299e-01	5.322935e+15
2129	8.069612e+15	0.000000e+00	2.006601e+00	2.656376e+16
2130	8.071422e+15	0.000000e+00	3.178111e+00	8.817331e+16
2131	8.073050e+15	0.000000e+00	2.313812e+00	6.605043e+16
2132	8.075004e+15	0.000000e+00	3.138094e+00	1.189075e+17
2133	8.077063e+15	0.000000e+00	4.761477e+00	8.377919e+16
2134	8.078811e+15	0.000000e+00	3.309756e+00	3.384092e+16
2135	8.080753e+15	0.000000e+00	4.090731e+00	4.925729e+16
2136	8.082653e+15	0.000000e+00	2.970266e+00	5.597630e+16
2137	8.084896e+15	0.000000e+00	4.003429e+00	6.361155e+16
2138	8.087048e+15	0.000000e+00	3.796892e+00	4.182474e+16
2139	8.089089e+15	0.000000e+00	4.010365e+00	5.414507e+16
2140	8.090888e+15	0.000000e+00	2.139622e+00	2.702971e+16
2141	8.093047e+15	0.000000e+00	4.201284e+00	5.897009e+16
2142	8.094803e+15	0.000000e+00	3.342030e+00	6.657842e+16
2143	8.096481e+15	0.000000e+00	3.351587e+00	1.154547e+16
2144	8.098081e+15	0.000000e+00	1.921523e+00	3.192809e+16
2145	8.100001e+15	0.000000e+00	2.520740e+00	5.591347e+16
2146	8.101959e+15	0.000000e+00	3.355211e+00	4.034230e+16
2147	8.103605e+15	0.000000e+00	1.821091e+00	3.401476e+16
2148	8.105384e+15	0.000000e+00	2.146097e+00	4.086935e+16
2149	8.107123e+15	0.000000e+00	1.515388e+00	1.659216e+16
2150	8.109075e+15	0.000000e+00	2.667350e+00	2.758368e+16
2151	8.110769e+15	0.000000e+00	2.074167e+00	1.735979e+16
2152	8.112459e+15	0.000000e+00	1.286647e+00	1.078396e+16
2153	8.114486e+15	0.000000e+00	2.216498e+00	3.555303e+16
2154	8.116368e+15	0.000000e+00	1.313147e+00	1.234346e+16
2155	8.118534e+15	0.000000e+00	3.078860e+00	4.387764e+16
2156	8.120205e+15	0.000000e+00	1.123058e+00	6.533583e+15
2157	8.122209e+15	0.000000e+00	1.436394e+00	0.000000e+00
2158	8.124363e+15	0.000000e+00	1.931131e+00	2.838675e+16
2159	8.126375e+15	0.000000e+00	1.955185e+00	1.326514e+16
2160	8.128185e+15	0.000000e+00	1.523739e+00	1.423606e+16
2161	8.129966e+15	0.000000e+00	1.071435e+00	2.112711e+16
2162	8.131898e+15	0.000000e+00	1.171708e+00	2.850303e+16
2163	8.133824e+15	0.000000e+00	1.013134e+00	6.700572e+15
2164	8.135752e+15	0.000000e+00	7.787946e-01	7.000179e+15
2165	8.137764e+15	0.000000e+00	1.984183e+00	1.468633e+16
2166	8.139096e+15	0.000000e+00	3.035601e-01	0.000000e+00
2167	8.140694e+15	0.000000e+00	2.243703e-01	0.000000e+00
2168	8.142611e+15	0.000000e+00	5.041491e-01	0.000000e+00
2169	8.144408e+15	0.000000e+00	2.531866e-01	0.000000e+00
2170	8.146206e+15	0.000000e+00	3.579947e-02	0.000000e+00
2171	8.148364e+15	0.000000e+00	4.815253e-01	6.532863e+15
2172	8.149969e+15	0.000000e+00	2.682497e-02	0.000000e+00
2173	8.151622e+15	0.000000e+00	4.303360e-03	0.000000e+00
2174	8.153467e+15	0.000000e+00	2.473392e-02	0.000000e+00
2175	8.155143e+15	0.000000e+00	8.940402e-03	0.000000e+00
2176	8.156805e+15	0.000000e+00	1.875427e-02	0.000000e+00
2177	8.158261e+15	0.000000e+00	1.879183e-03	0.000000e+00
2178	8.160008e+15	0.000000e+00	2.104022e-02	0.000000e+00
2179	8.161739e+15	0.000000e+00	5.173095e-02	0.000000e+00
2180	8.163302e+15	0.000000e+00	5.593500e-02	0.000000e+00
2181	8.164663e+15	0.000000e+00	2.711933e-02	0.000000e+00
2182	8.166297e+15	0.000000e+00	3.868597e-02	0.000000e+00
2183	8.167851e+15	0.000000e+00	2.405796e-02	0.000000e+00
2184	8.169644e+15	0.000000e+00	2.081741e-02	0.000000e+00
2185	8.171797e+15	0.000000e+00	3.443146e-02	5.745048e+15
2186	8.173697e+15	0.000000e+00	2.860131e-02	5.859424e+15
2187	8.175976e+15	0.000000e+00	9.544938e-02	0.000000e+00
2188	8.177454e+15	0.000000e+00	3.926832e-02	0.000000e+00
2189	8.178983e+15	0.000000e+00	2.770979e-02	0.000000e+00
2190	8.180818e+15	0.000000e+00	2.477156e-02	0.000000e+00
2191	8.183019e+15	0.000000e+00	4.337816e-02	0.000000e+00
2192	8.184841e+15	0.000000e+00	3.762424e-02	0.000000e+00
2193	8.186391e+15	0.000000e+00	1.933984e-02	0.000000e+00
2194	8.188148e+15	0.000000e+00	2.384244e-02	0.000000e+00
2195	8.189883e+15	0.000000e+00	1.347680e-02	0.000000e+00
2196	8.191922e+15	0.000000e+00	1.409624e-02	0.000000e+00
2197	8.194185e+15	0.000000e+00	4.507852e-02	6.372122e+15
2198	8.195784e+15	0.000000e+00	1.327420e-02	0.000000e+00
2199	8.197605e+15	0.000000e+00	1.734663e-02	0.000000e+00
2200	8.199478e+15	0.000000e+00	1.839736e-02	0.000000e+00
2201	8.201452e+15	0.000000e+00	2.691564e-02	0.000000e+00
2202	8.203236e+15	0.000000e+00	2.252508e-02	0.000000e+00
2203	8.204927e+15	0.000000e+00	2.102867e-02	0.000000e+00
2204	8.206536e+15	0.000000e+00	1.767420e-02	0.000000e+00
2205	8.208124e+15	0.000000e+00	8.841302e-03	0.000000e+00
2206	8.209974e+15	0.000000e+00	2.900910e-02	5.201621e+15
2207	8.211457e+15	0.000000e+00	7.027796e-03	0.000000e+00
2208	8.213236e+15	0.000000e+00	6.585873e-03	0.000000e+00
2209	8.215372e+15	0.000000e+00	6.541988e-03	0.000000e+00
2210	8.217894e+15	0.000000e+00	2.426331e-02	0.000000e+00
2211	8.219814e+15	0.000000e+00	1.626750e-02	0.000000e+00
2212	8.221432e+15	0.000000e+00	4.072292e-03	0.000000e+00
2213	8.223375e+15	0.000000e+00	8.885541e-03	0.000000e+00
2214	8.225245e+15	0.000000e+00	1.195708e-02	0.000000e+00
2215	8.226841e+15	0.000000e+00	3.823031e-03	0.000000e+00
2216	8.228628e+15	0.000000e+00	7.083732e-03	0.000000e+00
2217	8.230305e+15	0.000000e+00	2.128487e-03	0.000000e+00
2218	8.232273e+15	0.000000e+00	2.687299e-03	0.000000e+00
2219	8.234341e+15	0.000000e+00	4.844917e-03	0.000000e+00
2220	8.236176e+15	0.000000e+00	4.429703e-04	0.000000e+00
2221	8.238377e+15	0.000000e+00	2.058188e-04	0.000000e+00
2222	8.240928e+15	0.000000e+00	4.071801e-03	5.802681e+15
2223	8.242986e+15	0.000000e+00	5.735992e-03	0.000000e+00
2224	8.244432e+15	0.000000e+00	0.000000e+00	0.000000e+00
2225	8.246168e+15	0.000000e+00	0.000000e+00	0.000000e+00
2226	8.248086e+15	0.000000e+00	6.041590e-04	0.000000e+00
2227	8.249622e+15	0.000000e+00	0.000000e+00	0.000000e+00
2228	8.251090e+15	0.000000e+00	0.000000e+00	0.000000e+00
2229	8.252851e+15	0.000000e+00	0.000000e+00	0.000000e+00
2230	8.254933e+15	0.000000e+00	0.000000e+00	0.000000e+00
2231	8.256944e+15	0.000000e+00	0.000000e+00	0.000000e+00
2232	8.259027e+15	0.000000e+00	0.000000e+00	0.000000e+00
2233	8.260963e+15	0.000000e+00	0.000000e+00	0.000000e+00
2234	8.262522e+15	0.000000e+00	0.000000e+00	0.000000e+00
2235	8.264154e+15	0.000000e+00	0.000000e+00	0.000000e+00
2236	8.265580e+15	0.000000e+00	0.000000e+00	0.000000e+00
2237	8.267170e+15	0.000000e+00	0.000000e+00	0.000000e+00
2238	8.268789e+15	0.000000e+00	0.000000e+00	0.000000e+00
2239	8.270577e+15	0.000000e+00	0.000000e+00	0.000000e+00
2240	8.272718e+15	0.000000e+00	3.183801e-04	0.000000e+00
2241	8.274623e+15	0.000000e+00	3.736564e-03	0.000000e+00
2242	8.276380e+15	0.000000e+00	2.532121e-03	0.000000e+00
2243	8.278220e+15	0.000000e+00	6.959055e-03	0.000000e+00
2244	8.279407e+15	0.000000e+00	1.382927e-03	0.000000e+00
2245	8.280832e+15	0.000000e+00	1.394676e-03	0.000000e+00
2246	8.282521e+15	0.000000e+00	4.033199e-03	0.000000e+00
2247	8.283907e+15	0.000000e+00	9.742496e-04	0.000000e+00
2248	8.285570e+15	0.000000e+00	7.630209e-04	0.000000e+00
2249	8.287565e+15	0.000000e+00	1.227195e-03	0.000000e+00
2250	8.289685e+15	0.000000e+00	2.214144e-03	0.000000e+00
2251	8.291550e+15	0.000000e+00	1.299123e-03	0.000000e+00
2252	8.293327e+15	0.000000e+00	0.000000e+00	0.000000e+00
2253	8.295458e+15	0.000000e+00	1.969911e-04	0.000000e+00
2254	8.297662e+15	0.000000e+00	2.169192e-04	0.000000e+00
2255	8.299798e+15	0.000000e+00	3.550261e-05	0.000000e+00
2256	8.301811e+15	0.000000e+00	0.000000e+00	0.000000e+00
2257	8.303669e+15	0.000000e+00	0.000000e+00	0.000000e+00
2258	8.305499e+15	0.000000e+00	0.000000e+00	0.000000e+00
2259	8.307261e+15	0.000000e+00	0.000000e+00	0.000000e+00
2260	8.309375e+15	0.000000e+00	3.006787e-03	0.000000e+00
2261	8.310441e+15	0.000000e+00	0.000000e+00	0.000000e+00
2262	8.311720e+15	0.000000e+00	0.000000e+00	0.000000e+00
2263	8.313255e+15	0.000000e+00	0.000000e+00	0.000000e+00
2264	8.314716e+15	0.000000e+00	0.000000e+00	0.000000e+00
2265	8.316316e+15	0.000000e+00	0.000000e+00	0.000000e+00
2266	8.318236e+15	0.000000e+00	0.000000e+00	0.000000e+00
2267	8.320146e+15	0.000000e+00	0.000000e+00	0.000000e+00
2268	8.321825e+15	0.000000e+00	0.000000e+00	0.000000e+00
2269	8.323695e+15	0.000000e+00	0.000000e+00	0.000000e+00
2270	8.325721e+15	0.000000e+00	0.000000e+00	0.000000e+00
2271	8.327733e+15	0.000000e+00	0.000000e+00	0.000000e+00
2272	8.329535e+15	0.000000e+00	0.000000e+00	0.000000e+00
2273	8.331697e+15	0.000000e+00	0.000000e+00	0.000000e+00
2274	8.333666e+15	0.000000e+00	0.000000e+00	0.000000e+00
2275	8.335570e+15	0.000000e+00	0.000000e+00	0.000000e+00
2276	8.337613e+15	0.000000e+00	0.000000e+00	0.000000e+00
2277	8.339759e+15	0.000000e+00	0.000000e+00	0.000000e+00
2278	8.341740e+15	0.000000e+00	0.000000e+00	0.000000e+00
2279	8.343627e+15	0.000000e+00	0.000000e+00	0.000000e+00
2280	8.345519e+15	0.000000e+00	0.000000e+00	0.000000e+00
2281	8.347241e+15	0.000000e+00	0.000000e+00	0.000000e+00
2282	8.349046e+15	0.000000e+00	0.000000e+00	0.000000e+00
2283	8.351179e+15	0.000000e+00	0.000000e+00	0.000000e+00
2284	8.353088e+15	0.000000e+00	0.000000e+00	0.000000e+00
2285	8.354832e+15	0.000000e+00	0.000000e+00	0.000000e+00
2286	8.356677e+15	0.000000e+00	0.000000e+00	0.000000e+00
2287	8.358472e+15	0.000000e+00	0.000000e+00	0.000000e+00
2288	8.360254e+15	0.000000e+00	0.000000e+00	0.000000e+00
2289	8.361790e+15	0.000000e+00	0.000000e+00	0.000000e+00
2290	8.363287e+15	0.000000e+00	0.000000e+00	0.000000e+00
2291	8.364891e+15	0.000000e+00	0.000000e+00	0.000000e+00
2292	8.366613e+15	0.000000e+00	0.000000e+00	0.000000e+00
2293	8.368565e+15	0.000000e+00	0.000000e+00	0.000000e+00
2294	8.370577e+15	0.000000e+00	0.000000e+00	0.000000e+00
2295	8.371989e+15	0.000000e+00	0.000000e+00	0.000000e+00
2296	8.373684e+15	0.000000e+00	0.000000e+00	0.000000e+00
2297	8.375709e+15	0.000000e+00	0.000000e+00	0.000000e+00
2298	8.377427e+15	0.000000e+00	0.000000e+00	0.000000e+00
2299	8.379254e+15	0.000000e+00	0.000000e+00	0.000000e+00
2300	8.381189e+15	0.000000e+00	0.000000e+00	0.000000e+00
2301	8.382823e+15	0.000000e+00	0.000000e+00	0.000000e+00
2302	8.384430e+15	0.000000e+00	0.000000e+00	0.000000e+00
2303	8.386200e+15	0.000000e+00	0.000000e+00	0.000000e+00
2304	8.388325e+15	0.000000e+00	0.000000e+00	0.000000e+00
2305	8.390381e+15	0.000000e+00	0.000000e+00	0.000000e+00
2306	8.392151e+15	0.000000e+00	0.000000e+00	0.000000e+00
2307	8.394077e+15	0.000000e+00	0.000000e+00	0.000000e+00
2308	8.396388e+15	0.000000e+00	0.000000e+00	0.000000e+00
2309	8.398434e+15	0.000000e+00	0.000000e+00	0.000000e+00
2310	8.400782e+15	0.000000e+00	0.000000e+00	0.000000e+00
2311	8.402623e+15	0.000000e+00	0.000000e+00	0.000000e+00
2312	8.404605e+15	0.000000e+00	0.000000e+00	0.000000e+00
2313	8.406735e+15	0.000000e+00	0.000000e+00	0.000000e+00
2314	8.408458e+15	0.000000e+00	0.000000e+00	0.000000e+00
2315	8.410058e+15	0.000000e+00	0.000000e+00	0.000000e+00
2316	8.411849e+15	0.000000e+00	0.000000e+00	0.000000e+00
2317	8.413716e+15	0.000000e+00	0.000000e+00	0.000000e+00
2318	8.415233e+15	0.000000e+00	0.000000e+00	0.000000e+00
2319	8.416777e+15	0.000000e+00	0.000000e+00	0.000000e+00
2320	8.418629e+15	0.000000e+00	0.000000e+00	0.000000e+00
2321	8.420321e+15	0.000000e+00	0.000000e+00	0.000000e+00
2322	8.422169e+15	0.000000e+00	0.000000e+00	0.000000e+00
2323	8.423937e+15	0.000000e+00	0.000000e+00	0.000000e+00
2324	8.425881e+15	0.000000e+00	0.000000e+00	0.000000e+00
2325	8.427847e+15	0.000000e+00	0.000000e+00	0.000000e+00
2326	8.429497e+15	0.000000e+00	0.000000e+00	0.000000e+00
2327	8.431262e+15	0.000000e+00	0.000000e+00	0.000000e+00
2328	8.432983e+15	0.000000e+00	0.000000e+00	0.000000e+00
2329	8.434712e+15	0.000000e+00	0.000000e+00	0.000000e+00
2330	8.436516e+15	0.000000e+00	0.000000e+00	0.000000e+00
2331	8.438377e+15	0.000000e+00	0.000000e+00	0.000000e+00
2332	8.440000e+15	0.000000e+00	0.000000e+00	0.000000e+00
2333	8.441676e+15	0.000000e+00	0.000000e+00	0.000000e+00
2334	8.443378e+15	0.000000e+00	0.000000e+00	0.000000e+00
2335	8.445381e+15	0.000000e+00	0.000000e+00	0.000000e+00
2336	8.447441e+15	0.000000e+00	0.000000e+00	0.000000e+00
2337	8.448911e+15	0.000000e+00	0.000000e+00	0.000000e+00
2338	8.450672e+15	0.000000e+00	0.000000e+00	0.000000e+00
2339	8.452349e+15	0.000000e+00	0.000000e+00	0.000000e+00
2340	8.453657e+15	0.000000e+00	0.000000e+00	0.000000e+00
2341	8.455228e+15	0.000000e+00	0.000000e+00	0.000000e+00
2342	8.456729e+15	0.000000e+00	0.000000e+00	0.000000e+00
2343	8.458369e+15	0.000000e+00	0.000000e+00	0.000000e+00
2344	8.460338e+15	0.000000e+00	0.000000e+00	0.000000e+00
2345	8.462055e+15	0.000000e+00	0.000000e+00	0.000000e+00
2346	8.463778e+15	0.000000e+00	0.000000e+00	0.000000e+00
2347	8.465313e+15	0.000000e+00	0.000000e+00	0.000000e+00
2348	8.467031e+15	0.000000e+00	0.000000e+00	0.000000e+00
2349	8.468633e+15	0.000000e+00	0.000000e+00	0.000000e+00
2350	8.470554e+15	0.000000e+00	0.000000e+00	0.000000e+00
2351	8.472860e+15	0.000000e+00	0.000000e+00	0.000000e+00
2352	8.474872e+15	0.000000e+00	0.000000e+00	0.000000e+00
2353	8.476536e+15	0.000000e+00	0.000000e+00	0.000000e+00
2354	8.478303e+15	0.000000e+00	0.000000e+00	0.000000e+00
2355	8.479904e+15	0.000000e+00	0.000000e+00	0.000000e+00
2356	8.481825e+15	0.000000e+00	0.000000e+00	0.000000e+00
2357	8.483682e+15	0.000000e+00	0.000000e+00	0.000000e+00
2358	8.485799e+15	0.000000e+00	0.000000e+00	0.000000e+00
2359	8.487606e+15	0.000000e+00	0.000000e+00	0.000000e+00
2360	8.489293e+15	0.000000e+00	0.000000e+00	0.000000e+00
2361	8.491316e+15	0.000000e+00	0.000000e+00	0.000000e+00
2362	8.493375e+15	0.000000e+00	0.000000e+00	0.000000e+00
2363	8.495124e+15	0.000000e+00	0.000000e+00	0.000000e+00
2364	8.496858e+15	0.000000e+00	0.000000e+00	0.000000e+00
2365	8.498733e+15	0.000000e+00	0.000000e+00	0.000000e+00
2366	8.500485e+15	0.000000e+00	0.000000e+00	0.000000e+00
2367	8.502214e+15	0.000000e+00	0.000000e+00	0.000000e+00
2368	8.504289e+15	0.000000e+00	0.000000e+00	0.000000e+00
2369	8.506778e+15	0.000000e+00	0.000000e+00	0.000000e+00
2370	8.508608e+15	0.000000e+00	0.000000e+00	0.000000e+00
2371	8.510395e+15	0.000000e+00	0.000000e+00	0.000000e+00
2372	8.512217e+15	0.000000e+00	0.000000e+00	0.000000e+00
2373	8.514094e+15	0.000000e+00	0.000000e+00	0.000000e+00
2374	8.515880e+15	0.000000e+00	0.000000e+00	0.000000e+00
2375	8.517887e+15	0.000000e+00	0.000000e+00	0.000000e+00
2376	8.519788e+15	0.000000e+00	0.000000e+00	0.000000e+00
2377	8.521338e+15	0.000000e+00	0.000000e+00	0.000000e+00
2378	8.523199e+15	0.000000e+00	0.000000e+00	0.000000e+00
2379	8.525341e+15	0.000000e+00	0.000000e+00	0.000000e+00
2380	8.527431e+15	0.000000e+00	0.000000e+00	0.000000e+00
2381	8.529085e+15	0.000000e+00	0.000000e+00	0.000000e+00
2382	8.530779e+15	0.000000e+00	0.000000e+00	0.000000e+00
2383	8.532333e+15	0.000000e+00	0.000000e+00	0.000000e+00
2384	8.534198e+15	0.000000e+00	0.000000e+00	0.000000e+00
2385	8.535980e+15	0.000000e+00	0.000000e+00	0.000000e+00
2386	8.538117e+15	0.000000e+00	0.000000e+00	0.000000e+00
2387	8.540019e+15	0.000000e+00	0.000000e+00	0.000000e+00
2388	8.542022e+15	0.000000e+00	0.000000e+00	0.000000e+00
2389	8.543762e+15	0.000000e+00	0.000000e+00	0.000000e+00
2390	8.545084e+15	0.000000e+00	0.000000e+00	0.000000e+00
2391	8.546408e+15	0.000000e+00	0.000000e+00	0.000000e+00
2392	8.547997e+15	0.000000e+00	0.000000e+00	0.000000e+00
2393	8.549789e+15	0.000000e+00	0.000000e+00	0.000000e+00
2394	8.551537e+15	0.000000e+00	0.000000e+00	0.000000e+00
2395	8.553505e+15	0.000000e+00	0.000000e+00	0.000000e+00
2396	8.555504e+15	0.000000e+00	0.000000e+00	0.000000e+00
2397	8.557195e+15	0.000000e+00	0.000000e+00	0.000000e+00
2398	8.558866e+15	0.000000e+00	0.000000e+00	0.000000e+00
2399	8.560872e+15	0.000000e+00	0.000000e+00	0.000000e+00
2400	8.562623e+15	0.000000e+00	0.000000e+00	0.000000e+00
2401	8.564476e+15	0.000000e+00	0.000000e+00	0.000000e+00
2402	8.565938e+15	0.000000e+00	0.000000e+00	0.000000e+00
2403	8.567567e+15	0.000000e+00	0.000000e+00	0.000000e+00
2404	8.569349e+15	0.000000e+00	0.000000e+00	0.000000e+00
2405	8.571063e+15	0.000000e+00	0.000000e+00	0.000000e+00
2406	8.572566e+15	0.000000e+00	0.000000e+00	0.000000e+00
2407	8.574370e+15	0.000000e+00	0.000000e+00	0.000000e+00
2408	8.576468e+15	0.000000e+00	0.000000e+00	0.000000e+00
2409	8.578865e+15	0.000000e+00	0.000000e+00	0.000000e+00
2410	8.581065e+15	0.000000e+00	0.000000e+00	0.000000e+00
2411	8.582789e+15	0.000000e+00	0.000000e+00	0.000000e+00
2412	8.584768e+15	0.000000e+00	0.000000e+00	0.000000e+00
2413	8.586571e+15	0.000000e+00	0.000000e+00	0.000000e+00
2414	8.588200e+15	0.000000e+00	0.000000e+00	0.000000e+00
2415	8.590154e+15	0.000000e+00	0.000000e+00	0.000000e+00
2416	8.592033e+15	0.000000e+00	0.000000e+00	0.000000e+00
2417	8.593999e+15	0.000000e+00	0.000000e+00	0.000000e+00
2418	8.595680e+15	0.000000e+00	0.000000e+00	0.000000e+00
2419	8.597278e+15	0.000000e+00	0.000000e+00	0.000000e+00
2420	8.599157e+15	0.000000e+00	0.000000e+00	0.000000e+00
2421	8.600970e+15	0.000000e+00	0.000000e+00	0.000000e+00
2422	8.602455e+15	0.000000e+00	0.000000e+00	0.000000e+00
2423	8.604236e+15	0.000000e+00	0.000000e+00	0.000000e+00
2424	8.606374e+15	0.000000e+00	0.000000e+00	0.000000e+00
2425	8.607964e+15	0.000000e+00	0.000000e+00	0.000000e+00
2426	8.609664e+15	0.000000e+00	0.000000e+00	0.000000e+00
2427	8.611704e+15	0.000000e+00	0.000000e+00	0.000000e+00
2428	8.613442e+15	0.000000e+00	0.000000e+00	0.000000e+00
2429	8.614977e+15	0.000000e+00	0.000000e+00	0.000000e+00
2430	8.616537e+15	0.000000e+00	0.000000e+00	0.000000e+00
2431	8.618166e+15	0.000000e+00	0.000000e+00	0.000000e+00
2432	8.620120e+15	0.000000e+00	0.000000e+00	0.000000e+00
2433	8.622466e+15	0.000000e+00	0.000000e+00	0.000000e+00
2434	8.624691e+15	0.000000e+00	0.000000e+00	0.000000e+00
2435	8.626304e+15	0.000000e+00	0.000000e+00	0.000000e+00
2436	8.627972e+15	0.000000e+00	0.000000e+00	0.000000e+00
2437	8.629429e+15	0.000000e+00	0.000000e+00	0.000000e+00
2438	8.630683e+15	0.000000e+00	0.000000e+00	0.000000e+00
2439	8.632188e+15	0.000000e+00	0.000000e+00	0.000000e+00
2440	8.633253e+15	0.000000e+00	0.000000e+00	0.000000e+00
2441	8.634141e+15	0.000000e+00	0.000000e+00	0.000000e+00
2442	8.635109e+15	0.000000e+00	0.000000e+00	0.000000e+00
2443	8.636271e+15	0.000000e+00	0.000000e+00	0.000000e+00
2444	8.637666e+15	0.000000e+00	0.000000e+00	0.000000e+00
2445	8.639339e+15	0.000000e+00	0.000000e+00	0.000000e+00
2446	8.641347e+15	0.000000e+00	0.000000e+00	0.000000e+00
2447	8.643465e+15	0.000000e+00	0.000000e+00	0.000000e+00
2448	8.645200e+15	0.000000e+00	0.000000e+00	0.000000e+00
2449	8.646591e+15	0.000000e+00	0.000000e+00	0.000000e+00
2450	8.648260e+15	0.000000e+00	0.000000e+00	0.000000e+00
2451	8.649799e+15	0.000000e+00	0.000000e+00	0.000000e+00
2452	8.651647e+15	0.000000e+00	0.000000e+00	0.000000e+00
2453	8.653864e+15	0.000000e+00	0.000000e+00	0.000000e+00
2454	8.655405e+15	0.000000e+00	0.000000e+00	0.000000e+00
2455	8.657255e+15	0.000000e+00	0.000000e+00	0.000000e+00
2456	8.658773e+15	0.000000e+00	0.000000e+00	0.000000e+00
2457	8.660458e+15	0.000000e+00	0.000000e+00	0.000000e+00
2458	8.662480e+15	0.000000e+00	0.000000e+00	0.000000e+00
2459	8.664681e+15	0.000000e+00	0.000000e+00	0.000000e+00
2460	8.666526e+15	0.000000e+00	0.000000e+00	0.000000e+00
2461	8.668411e+15	0.000000e+00	0.000000e+00	0.000000e+00
2462	8.670501e+15	0.000000e+00	0.000000e+00	0.000000e+00
2463	8.672857e+15	0.000000e+00	0.000000e+00	0.000000e+00
2464	8.675179e+15	0.000000e+00	0.000000e+00	0.000000e+00
2465	8.677966e+15	0.000000e+00	0.000000e+00	0.000000e+00
2466	8.680685e+15	0.000000e+00	0.000000e+00	0.000000e+00
2467	8.682912e+15	0.000000e+00	0.000000e+00	0.000000e+00
2468	8.685010e+15	0.000000e+00	0.000000e+00	0.000000e+00
2469	8.687149e+15	0.000000e+00	0.000000e+00	0.000000e+00
2470	8.689278e+15	0.000000e+00	0.000000e+00	0.000000e+00
2471	8.691750e+15	0.000000e+00	0.000000e+00	0.000000e+00
2472	8.694260e+15	0.000000e+00	0.000000e+00	0.000000e+00
2473	8.697273e+15	0.000000e+00	3.644224e-02	0.000000e+00
2474	8.699365e+15	0.000000e+00	1.590063e-01	0.000000e+00
2475	8.701019e+15	0.000000e+00	2.043539e-01	0.000000e+00
2476	8.703003e+15	0.000000e+00	2.980540e-01	1.168278e+16
2477	8.705263e+15	0.000000e+00	4.400087e-01	0.000000e+00
2478	8.707436e+15	0.000000e+00	3.967326e-01	4.123201e+16
2479	8.709684e+15	0.000000e+00	6.142561e-01	2.336282e+16
2480	8.711538e+15	0.000000e+00	5.722049e-01	1.247896e+16
2481	8.713279e+15	0.000000e+00	3.756919e-01	0.000000e+00
2482	8.715298e+15	0.000000e+00	3.342219e-01	6.745736e+15
2483	8.717661e+15	0.000000e+00	3.843174e-01	0.000000e+00
2484	8.720172e+15	0.000000e+00	6.271618e-01	2.553415e+16
2485	8.722202e+15	0.000000e+00	2.626847e-01	1.430827e+16
2486	8.724637e+15	0.000000e+00	5.386986e-01	0.000000e+00
2487	8.726706e+15	0.000000e+00	2.841874e-01	0.000000e+00
2488	8.728990e+15	0.000000e+00	3.652996e-01	0.000000e+00
2489	8.731111e+15	0.000000e+00	2.295547e-01	0.000000e+00
2490	8.733312e+15	0.000000e+00	2.033556e-01	0.000000e+00
2491	8.735548e+15	0.000000e+00	5.208039e-01	1.002193e+16
2492	8.736925e+15	0.000000e+00	4.828387e-02	0.000000e+00
2493	8.738578e+15	0.000000e+00	2.909453e-02	0.000000e+00
2494	8.740561e+15	0.000000e+00	1.573819e-02	0.000000e+00
2495	8.742940e+15	0.000000e+00	2.462078e-02	0.000000e+00
2496	8.745455e+15	0.000000e+00	2.729345e-02	5.942271e+15
2497	8.747982e+15	0.000000e+00	6.533845e-02	0.000000e+00
2498	8.750084e+15	0.000000e+00	4.701711e-02	0.000000e+00
2499	8.751907e+15	0.000000e+00	3.448120e-02	0.000000e+00
2500	8.753546e+15	0.000000e+00	4.891255e-03	0.000000e+00
2501	8.755514e+15	0.000000e+00	5.076311e-03	0.000000e+00
2502	8.757815e+15	0.000000e+00	3.361640e-02	0.000000e+00
2503	8.759713e+15	0.000000e+00	8.363930e-03	4.726540e+15
2504	8.761670e+15	0.000000e+00	1.794472e-02	0.000000e+00
2505	8.763405e+15	0.000000e+00	1.233409e-03	0.000000e+00
2506	8.765486e+15	0.000000e+00	1.225378e-02	0.000000e+00
2507	8.767435e+15	0.000000e+00	2.673378e-03	0.000000e+00
2508	8.769775e+15	0.000000e+00	7.328644e-03	0.000000e+00
2509	8.772222e+15	0.000000e+00	1.299771e-02	0.000000e+00
2510	8.774464e+15	0.000000e+00	2.435645e-02	0.000000e+00
2511	8.776194e+15	0.000000e+00	1.836220e-02	0.000000e+00
2512	8.777580e+15	0.000000e+00	6.126214e-03	0.000000e+00
2513	8.778916e+15	0.000000e+00	6.540060e-04	0.000000e+00
2514	8.780520e+15	0.000000e+00	5.337145e-04	0.000000e+00
2515	8.782445e+15	0.000000e+00	1.500277e-03	0.000000e+00
2516	8.784482e+15	0.000000e+00	6.146746e-03	0.000000e+00
2517	8.786288e+15	0.000000e+00	4.997389e-03	0.000000e+00
2518	8.787867e+15	0.000000e+00	0.000000e+00	0.000000e+00
2519	8.789762e+15	0.000000e+00	1.769449e-03	0.000000e+00
2520	8.791513e+15	0.000000e+00	0.000000e+00	0.000000e+00
2521	8.793461e+15	0.000000e+00	0.000000e+00	0.000000e+00
2522	8.795740e+15	0.000000e+00	0.000000e+00	0.000000e+00
2523	8.798470e+15	0.000000e+00	3.658103e-04	0.000000e+00
2524	8.800826e+15	0.000000e+00	0.000000e+00	0.000000e+00
2525	8.803349e+15	0.000000e+00	0.000000e+00	0.000000e+00
2526	8.806025e+15	0.000000e+00	5.539756e-04	0.000000e+00
2527	8.808057e+15	0.000000e+00	0.000000e+00	0.000000e+00
2528	8.810201e+15	0.000000e+00	0.000000e+00	0.000000e+00
2529	8.812481e+15	0.000000e+00	0.000000e+00	0.000000e+00
2530	8.814750e+15	0.000000e+00	0.000000e+00	0.000000e+00
2531	8.816844e+15	0.000000e+00	0.000000e+00	0.000000e+00
2532	8.818533e+15	0.000000e+00	0.000000e+00	0.000000e+00
2533	8.820430e+15	0.000000e+00	0.000000e+00	0.000000e+00
2534	8.822700e+15	0.000000e+00	0.000000e+00	0.000000e+00
2535	8.824256e+15	0.000000e+00	0.000000e+00	0.000000e+00
2536	8.826110e+15	0.000000e+00	0.000000e+00	0.000000e+00
2537	8.828334e+15	0.000000e+00	0.000000e+00	0.000000e+00
2538	8.830660e+15	0.000000e+00	0.000000e+00	0.000000e+00
2539	8.832860e+15	0.000000e+00	0.000000e+00	0.000000e+00
2540	8.835441e+15	0.000000e+00	0.000000e+00	0.000000e+00
2541	8.837194e+15	0.000000e+00	0.000000e+00	0.000000e+00
2542	8.839014e+15	0.000000e+00	0.000000e+00	0.000000e+00
2543	8.841198e+15	0.000000e+00	0.000000e+00	0.000000e+00
2544	8.843012e+15	0.000000e+00	0.000000e+00	0.000000e+00
2545	8.845019e+15	0.000000e+00	0.000000e+00	0.000000e+00
2546	8.846973e+15	0.000000e+00	0.000000e+00	0.000000e+00
2547	8.849177e+15	0.000000e+00	0.000000e+00	0.000000e+00
2548	8.851290e+15	0.000000e+00	0.000000e+00	0.000000e+00
2549	8.853827e+15	0.000000e+00	0.000000e+00	0.000000e+00
2550	8.855858e+15	0.000000e+00	0.000000e+00	0.000000e+00
2551	8.857897e+15	0.000000e+00	0.000000e+00	0.000000e+00
2552	8.860177e+15	0.000000e+00	0.000000e+00	0.000000e+00
2553	8.862687e+15	0.000000e+00	0.000000e+00	0.000000e+00
2554	8.864801e+15	0.000000e+00	2.526015e-03	0.000000e+00
2555	8.867338e+15	0.000000e+00	7.130622e-03	0.000000e+00
2556	8.869451e+15	0.000000e+00	4.924510e-03	0.000000e+00
2557	8.871484e+15	0.000000e+00	3.203113e-03	0.000000e+00
2558	8.873754e+15	0.000000e+00	1.191318e-02	0.000000e+00
2559	8.875225e+15	0.000000e+00	3.010824e-03	0.000000e+00
2560	8.876990e+15	0.000000e+00	2.785999e-03	0.000000e+00
2561	8.879108e+15	0.000000e+00	4.129777e-03	0.000000e+00
2562	8.881248e+15	0.000000e+00	2.203426e-03	0.000000e+00
2563	8.883787e+15	0.000000e+00	5.531594e-03	0.000000e+00
2564	8.885884e+15	0.000000e+00	2.530755e-03	0.000000e+00
2565	8.888094e+15	0.000000e+00	2.521457e-03	0.000000e+00
2566	8.890342e+15	0.000000e+00	8.313795e-04	0.000000e+00
2567	8.893034e+15	0.000000e+00	3.761238e-03	0.000000e+00
2568	8.895225e+15	0.000000e+00	6.853700e-04	0.000000e+00
2569	8.897698e+15	0.000000e+00	2.069294e-03	0.000000e+00
2570	8.899937e+15	0.000000e+00	9.018708e-04	0.000000e+00
2571	8.902221e+15	0.000000e+00	3.085315e-04	0.000000e+00
2572	8.904699e+15	0.000000e+00	2.060818e-03	0.000000e+00
2573	8.906714e+15	0.000000e+00	3.067352e-04	0.000000e+00
2574	8.908776e+15	0.000000e+00	1.599856e-03	0.000000e+00
2575	8.910675e+15	0.000000e+00	5.588275e-05	0.000000e+00
2576	8.912953e+15	0.000000e+00	2.233765e-03	0.000000e+00
2577	8.915073e+15	0.000000e+00	0.000000e+00	0.000000e+00
2578	8.917618e+15	0.000000e+00	5.373274e-03	0.000000e+00
2579	8.919501e+15	0.000000e+00	0.000000e+00	0.000000e+00
2580	8.921760e+15	0.000000e+00	1.391785e-03	0.000000e+00
2581	8.923904e+15	0.000000e+00	5.289766e-04	0.000000e+00
2582	8.926157e+15	0.000000e+00	2.302189e-04	0.000000e+00
2583	8.928591e+15	0.000000e+00	9.194960e-04	0.000000e+00
2584	8.930948e+15	0.000000e+00	3.077275e-03	0.000000e+00
2585	8.932677e+15	0.000000e+00	8.582584e-03	0.000000e+00
2586	8.934681e+15	0.000000e+00	1.229724e-01	0.000000e+00
2587	8.936471e+15	0.000000e+00	2.059589e-01	0.000000e+00
2588	8.938127e+15	0.000000e+00	1.810870e-01	3.534929e+15
2589	8.939952e+15	0.000000e+00	1.815047e-01	1.781521e+16
2590	8.942092e+15	0.000000e+00	4.510361e-01	1.826947e+16
2591	8.943778e+15	0.000000e+00	2.383291e-01	0.000000e+00
2592	8.945801e+15	0.000000e+00	3.046292e-01	7.369497e+15
2593	8.948106e+15	0.000000e+00	6.786809e-01	1.111670e+16
2594	8.949887e+15	0.000000e+00	6.647157e-01	7.884642e+15
2595	8.951389e+15	0.000000e+00	4.065045e-01	7.838386e+15
2596	8.953119e+15	0.000000e+00	3.842657e-01	3.296528e+15
2597	8.955196e+15	0.000000e+00	5.285044e-01	1.157937e+16
2598	8.957357e+15	0.000000e+00	7.350341e-01	1.138043e+16
2599	8.959227e+15	0.000000e+00	3.826475e-01	3.798095e+15
2600	8.961471e+15	0.000000e+00	5.941822e-01	1.631259e+16
2601	8.963672e+15	0.000000e+00	1.069653e+00	3.694654e+15
2602	8.965168e+15	0.000000e+00	3.198422e-01	4.074578e+15
2603	8.966962e+15	0.000000e+00	2.885787e-01	0.000000e+00
2604	8.969116e+15	0.000000e+00	2.490524e-01	0.000000e+00
2605	8.971701e+15	0.000000e+00	6.100655e-01	8.535955e+15
2606	8.973681e+15	0.000000e+00	2.044190e-01	0.000000e+00
2607	8.975978e+15	0.000000e+00	2.389608e-01	0.000000e+00
2608	8.978327e+15	0.000000e+00	4.145598e-01	4.509762e+15
2609	8.980053e+15	0.000000e+00	1.018567e-01	4.320838e+15
2610	8.982059e+15	0.000000e+00	1.113361e-01	0.000000e+00
2611	8.984246e+15	0.000000e+00	2.692270e-01	0.000000e+00
2612	8.986478e+15	0.000000e+00	3.536228e-01	3.654630e+15
2613	8.988795e+15	0.000000e+00	3.908195e-01	3.292555e+16
2614	8.991202e+15	0.000000e+00	7.438808e-01	1.110693e+16
2615	8.993040e+15	0.000000e+00	5.995963e-01	1.525495e+16
2616	8.994658e+15	0.000000e+00	4.357589e-01	1.120222e+16
2617	8.996519e+15	0.000000e+00	5.348943e-01	3.814067e+15
2618	8.998418e+15	0.000000e+00	4.592372e-01	7.846906e+15
2619	9.000483e+15	0.000000e+00	5.184141e-01	1.121910e+16
2620	9.002577e+15	0.000000e+00	6.060358e-01	1.146884e+16
2621	9.004404e+15	0.000000e+00	3.623698e-01	8.077702e+15
2622	9.006597e+15	0.000000e+00	3.766758e-01	0.000000e+00
2623	9.008973e+15	0.000000e+00	6.245136e-01	8.300053e+15
2624	9.010780e+15	0.000000e+00	2.704960e-01	4.284073e+15
2625	9.012948e+15	0.000000e+00	2.612850e-01	4.348814e+15
2626	9.015550e+15	0.000000e+00	4.157875e-01	4.423323e+15
2627	9.017852e+15	0.000000e+00	4.407517e-01	4.536862e+15
2628	9.019833e+15	0.000000e+00	4.467322e-01	4.651183e+15
2629	9.021531e+15	0.000000e+00	4.128777e-01	4.520496e+15
2630	9.023097e+15	0.000000e+00	2.680478e-01	9.303952e+15
2631	9.024976e+15	0.000000e+00	2.653531e-01	4.829670e+15
2632	9.027231e+15	0.000000e+00	3.501386e-01	4.655379e+15
2633	9.029476e+15	0.000000e+00	5.949105e-01	4.480630e+15
2634	9.030961e+15	0.000000e+00	2.613155e-01	4.624616e+15
2635	9.032648e+15	0.000000e+00	2.502687e-01	0.000000e+00
2636	9.034672e+15	0.000000e+00	2.725413e-01	0.000000e+00
2637	9.036961e+15	0.000000e+00	5.420495e-01	0.000000e+00
2638	9.038587e+15	0.000000e+00	2.320129e-01	0.000000e+00
2639	9.040539e+15	0.000000e+00	2.260795e-01	4.510803e+15
2640	9.042881e+15	0.000000e+00	6.033130e-01	0.000000e+00
2641	9.044402e+15	0.000000e+00	2.116317e-01	8.128097e+15
2642	9.046228e+15	0.000000e+00	2.483430e-01	4.111775e+15
2643	9.048168e+15	0.000000e+00	2.808050e-01	0.000000e+00
2644	9.050040e+15	0.000000e+00	1.649673e-01	3.934897e+15
2645	9.052286e+15	0.000000e+00	2.019362e-01	8.083594e+15
2646	9.054602e+15	0.000000e+00	1.913588e-01	1.624635e+16
2647	9.056906e+15	0.000000e+00	1.058406e-01	0.000000e+00
2648	9.059670e+15	0.000000e+00	2.557023e-01	0.000000e+00
2649	9.061771e+15	0.000000e+00	6.342744e-02	7.973532e+15
2650	9.064293e+15	0.000000e+00	1.617564e-01	0.000000e+00
2651	9.066388e+15	0.000000e+00	3.488203e-02	3.900888e+15
2652	9.068903e+15	0.000000e+00	8.959394e-02	3.938776e+15
2653	9.071209e+15	0.000000e+00	9.841527e-02	0.000000e+00
2654	9.073151e+15	0.000000e+00	3.505409e-02	0.000000e+00
2655	9.075138e+15	0.000000e+00	4.020209e-02	0.000000e+00
2656	9.077080e+15	0.000000e+00	8.206751e-03	0.000000e+00
2657	9.079362e+15	0.000000e+00	7.341059e-02	0.000000e+00
2658	9.081232e+15	0.000000e+00	1.540899e-02	0.000000e+00
2659	9.083176e+15	0.000000e+00	9.561002e-03	0.000000e+00
2660	9.085278e+15	0.000000e+00	2.904986e-02	0.000000e+00
2661	9.087214e+15	0.000000e+00	9.863794e-03	0.000000e+00
2662	9.089212e+15	0.000000e+00	3.170171e-02	0.000000e+00
2663	9.090926e+15	0.000000e+00	7.134678e-03	0.000000e+00
2664	9.092701e+15	0.000000e+00	2.874912e-03	0.000000e+00
2665	9.094790e+15	0.000000e+00	2.839415e-03	0.000000e+00
2666	9.097233e+15	0.000000e+00	2.455233e-02	0.000000e+00
2667	9.099295e+15	0.000000e+00	2.193103e-03	0.000000e+00
2668	9.101769e+15	0.000000e+00	2.100903e-02	0.000000e+00
2669	9.103831e+15	0.000000e+00	8.795437e-03	0.000000e+00
2670	9.105808e+15	0.000000e+00	2.348267e-03	0.000000e+00
2671	9.108180e+15	0.000000e+00	5.039712e-03	0.000000e+00
2672	9.110706e+15	0.000000e+00	1.749779e-02	0.000000e+00
2673	9.112802e+15	0.000000e+00	5.757478e-03	0.000000e+00
2674	9.115090e+15	0.000000e+00	2.713881e-02	0.000000e+00
2675	9.116837e+15	0.000000e+00	6.403210e-03	0.000000e+00
2676	9.118934e+15	0.000000e+00	7.795374e-03	0.000000e+00
2677	9.121380e+15	0.000000e+00	1.840160e-02	0.000000e+00
2678	9.123524e+15	0.000000e+00	1.211987e-02	0.000000e+00
2679	9.125729e+15	0.000000e+00	2.084706e-02	0.000000e+00
2680	9.127514e+15	0.000000e+00	4.479015e-03	0.000000e+00
2681	9.129657e+15	0.000000e+00	1.062810e-02	0.000000e+00
2682	9.131771e+15	0.000000e+00	7.560999e-03	0.000000e+00
2683	9.134063e+15	0.000000e+00	1.519711e-02	0.000000e+00
2684	9.136076e+15	0.000000e+00	7.641506e-03	0.000000e+00
2685	9.138137e+15	0.000000e+00	3.771332e-03	0.000000e+00
2686	9.140480e+15	0.000000e+00	7.360605e-03	0.000000e+00
2687	9.142733e+15	0.000000e+00	1.817664e-02	0.000000e+00
2688	9.144432e+15	0.000000e+00	1.245987e-03	0.000000e+00
2689	9.146472e+15	0.000000e+00	9.604611e-03	0.000000e+00
2690	9.148180e+15	0.000000e+00	6.096466e-04	0.000000e+00
2691	9.150207e+15	0.000000e+00	6.336547e-04	0.000000e+00
2692	9.152506e+15	0.000000e+00	1.496984e-02	0.000000e+00
2693	9.154328e+15	0.000000e+00	9.201962e-03	0.000000e+00
2694	9.156326e+15	0.000000e+00	1.422743e-02	0.000000e+00
2695	9.158221e+15	0.000000e+00	1.101728e-02	0.000000e+00
2696	9.160108e+15	0.000000e+00	1.370588e-02	0.000000e+00
2697	9.161821e+15	0.000000e+00	9.830109e-03	0.000000e+00
2698	9.163503e+15	0.000000e+00	4.996442e-03	0.000000e+00
2699	9.165521e+15	0.000000e+00	6.873569e-03	0.000000e+00
2700	9.167716e+15	0.000000e+00	2.415787e-02	0.000000e+00
2701	9.169235e+15	0.000000e+00	5.230157e-03	0.000000e+00
2702	9.171057e+15	0.000000e+00	7.152024e-03	0.000000e+00
2703	9.173095e+15	0.000000e+00	1.047045e-02	0.000000e+00
2704	9.175260e+15	0.000000e+00	1.805066e-02	0.000000e+00
2705	9.177119e+15	0.000000e+00	9.925107e-03	0.000000e+00
2706	9.179351e+15	0.000000e+00	1.774667e-02	7.050372e+15
2707	9.181531e+15	0.000000e+00	1.208120e-02	0.000000e+00
2708	9.184010e+15	0.000000e+00	1.478126e-02	0.000000e+00
2709	9.186643e+15	0.000000e+00	3.338764e-02	0.000000e+00
2710	9.188800e+15	0.000000e+00	2.264215e-02	0.000000e+00
2711	9.190818e+15	0.000000e+00	1.821931e-02	0.000000e+00
2712	9.192859e+15	0.000000e+00	1.733401e-02	0.000000e+00
2713	9.194880e+15	0.000000e+00	1.034739e-02	0.000000e+00
2714	9.197043e+15	0.000000e+00	7.330618e-03	0.000000e+00
2715	9.199407e+15	0.000000e+00	2.809036e-02	0.000000e+00
2716	9.201216e+15	0.000000e+00	7.251245e-03	0.000000e+00
2717	9.203070e+15	0.000000e+00	4.505548e-04	0.000000e+00
2718	9.205294e+15	0.000000e+00	7.952299e-03	0.000000e+00
2719	9.207434e+15	0.000000e+00	7.651673e-03	0.000000e+00
2720	9.209440e+15	0.000000e+00	1.416641e-04	0.000000e+00
2721	9.211717e+15	0.000000e+00	9.807784e-03	0.000000e+00
2722	9.213684e+15	0.000000e+00	4.639806e-03	0.000000e+00
2723	9.215543e+15	0.000000e+00	5.190142e-03	0.000000e+00
2724	9.217248e+15	0.000000e+00	1.342675e-03	0.000000e+00
2725	9.218966e+15	0.000000e+00	0.000000e+00	0.000000e+00
2726	9.221028e+15	0.000000e+00	0.000000e+00	0.000000e+00
2727	9.223502e+15	0.000000e+00	8.204067e-03	0.000000e+00
2728	9.225415e+15	0.000000e+00	4.618525e-03	0.000000e+00
2729	9.226974e+15	0.000000e+00	8.921035e-04	0.000000e+00
2730	9.228399e+15	0.000000e+00	0.000000e+00	0.000000e+00
2731	9.230110e+15	0.000000e+00	0.000000e+00	0.000000e+00
2732	9.232163e+15	0.000000e+00	0.000000e+00	0.000000e+00
2733	9.234300e+15	0.000000e+00	0.000000e+00	0.000000e+00
2734	9.236195e+15	0.000000e+00	0.000000e+00	0.000000e+00
2735	9.238335e+15	0.000000e+00	0.000000e+00	0.000000e+00
2736	9.240336e+15	0.000000e+00	0.000000e+00	0.000000e+00
2737	9.242716e+15	0.000000e+00	0.000000e+00	0.000000e+00
2738	9.244485e+15	0.000000e+00	0.000000e+00	0.000000e+00
2739	9.246118e+15	0.000000e+00	0.000000e+00	0.000000e+00
2740	9.248077e+15	0.000000e+00	0.000000e+00	0.000000e+00
2741	9.250016e+15	0.000000e+00	0.000000e+00	0.000000e+00
2742	9.251848e+15	0.000000e+00	0.000000e+00	0.000000e+00
2743	9.253646e+15	0.000000e+00	0.000000e+00	0.000000e+00
2744	9.255304e+15	0.000000e+00	0.000000e+00	0.000000e+00
2745	9.257148e+15	0.000000e+00	0.000000e+00	0.000000e+00
2746	9.259221e+15	0.000000e+00	0.000000e+00	0.000000e+00
2747	9.261708e+15	0.000000e+00	0.000000e+00	0.000000e+00
2748	9.264251e+15	0.000000e+00	0.000000e+00	0.000000e+00
2749	9.266014e+15	0.000000e+00	0.000000e+00	0.000000e+00
2750	9.267867e+15	0.000000e+00	0.000000e+00	0.000000e+00
2751	9.269595e+15	0.000000e+00	0.000000e+00	0.000000e+00
2752	9.271139e+15	0.000000e+00	0.000000e+00	0.000000e+00
2753	9.272475e+15	0.000000e+00	0.000000e+00	0.000000e+00
2754	9.274077e+15	0.000000e+00	0.000000e+00	0.000000e+00
2755	9.275974e+15	0.000000e+00	0.000000e+00	0.000000e+00
2756	9.277699e+15	0.000000e+00	0.000000e+00	0.000000e+00
2757	9.279769e+15	0.000000e+00	0.000000e+00	0.000000e+00
2758	9.281629e+15	0.000000e+00	0.000000e+00	0.000000e+00
2759	9.283521e+15	0.000000e+00	0.000000e+00	0.000000e+00
2760	9.285119e+15	0.000000e+00	0.000000e+00	0.000000e+00
2761	9.286679e+15	0.000000e+00	0.000000e+00	0.000000e+00
2762	9.288055e+15	0.000000e+00	0.000000e+00	0.000000e+00
2763	9.289544e+15	0.000000e+00	0.000000e+00	0.000000e+00
2764	9.291332e+15	0.000000e+00	0.000000e+00	0.000000e+00
2765	9.293477e+15	0.000000e+00	0.000000e+00	0.000000e+00
2766	9.295302e+15	0.000000e+00	0.000000e+00	0.000000e+00
2767	9.296998e+15	0.000000e+00	0.000000e+00	0.000000e+00
2768	9.298813e+15	0.000000e+00	0.000000e+00	0.000000e+00
2769	9.300887e+15	0.000000e+00	0.000000e+00	0.000000e+00
2770	9.302550e+15	0.000000e+00	0.000000e+00	0.000000e+00
2771	9.304252e+15	0.000000e+00	0.000000e+00	0.000000e+00
2772	9.306016e+15	0.000000e+00	0.000000e+00	0.000000e+00
2773	9.307595e+15	0.000000e+00	0.000000e+00	0.000000e+00
2774	9.309489e+15	0.000000e+00	0.000000e+00	0.000000e+00
2775	9.311763e+15	0.000000e+00	0.000000e+00	0.000000e+00
2776	9.314066e+15	0.000000e+00	0.000000e+00	0.000000e+00
2777	9.316328e+15	0.000000e+00	0.000000e+00	0.000000e+00
2778	9.318456e+15	0.000000e+00	0.000000e+00	0.000000e+00
2779	9.320277e+15	0.000000e+00	0.000000e+00	0.000000e+00
2780	9.321807e+15	0.000000e+00	0.000000e+00	0.000000e+00
2781	9.323642e+15	0.000000e+00	0.000000e+00	0.000000e+00
2782	9.325844e+15	0.000000e+00	0.000000e+00	0.000000e+00
2783	9.327919e+15	0.000000e+00	0.000000e+00	0.000000e+00
2784	9.329805e+15	0.000000e+00	0.000000e+00	0.000000e+00
2785	9.331701e+15	0.000000e+00	0.000000e+00	0.000000e+00
2786	9.333465e+15	0.000000e+00	0.000000e+00	0.000000e+00
2787	9.335581e+15	0.000000e+00	0.000000e+00	0.000000e+00
2788	9.337556e+15	0.000000e+00	0.000000e+00	0.000000e+00
2789	9.339315e+15	0.000000e+00	0.000000e+00	0.000000e+00
2790	9.341088e+15	0.000000e+00	0.000000e+00	0.000000e+00
2791	9.342904e+15	0.000000e+00	0.000000e+00	0.000000e+00
2792	9.344931e+15	0.000000e+00	0.000000e+00	0.000000e+00
2793	9.346796e+15	0.000000e+00	0.000000e+00	0.000000e+00
2794	9.348916e+15	0.000000e+00	0.000000e+00	0.000000e+00
2795	9.350948e+15	0.000000e+00	0.000000e+00	0.000000e+00
2796	9.352898e+15	0.000000e+00	0.000000e+00	0.000000e+00
2797	9.354603e+15	0.000000e+00	0.000000e+00	0.000000e+00
2798	9.356414e+15	0.000000e+00	0.000000e+00	0.000000e+00
2799	9.358230e+15	0.000000e+00	0.000000e+00	0.000000e+00
2800	9.360208e+15	0.000000e+00	0.000000e+00	0.000000e+00
2801	9.361808e+15	0.000000e+00	0.000000e+00	0.000000e+00
2802	9.363726e+15	0.000000e+00	0.000000e+00	0.000000e+00
2803	9.365611e+15	0.000000e+00	0.000000e+00	0.000000e+00
2804	9.367757e+15	0.000000e+00	0.000000e+00	0.000000e+00
2805	9.369558e+15	0.000000e+00	0.000000e+00	0.000000e+00
2806	9.371425e+15	0.000000e+00	0.000000e+00	0.000000e+00
2807	9.373664e+15	0.000000e+00	0.000000e+00	0.000000e+00
2808	9.375319e+15	0.000000e+00	6.487227e-03	0.000000e+00
2809	9.377035e+15	0.000000e+00	7.398374e-03	0.000000e+00
2810	9.378731e+15	0.000000e+00	6.367165e-03	0.000000e+00
2811	9.380507e+15	0.000000e+00	9.024979e-03	0.000000e+00
2812	9.382043e+15	0.000000e+00	4.238112e-03	0.000000e+00
2813	9.383885e+15	0.000000e+00	6.790419e-03	0.000000e+00
2814	9.385688e+15	0.000000e+00	5.368514e-03	0.000000e+00
2815	9.387628e+15	0.000000e+00	7.557001e-03	0.000000e+00
2816	9.389403e+15	0.000000e+00	5.874776e-03	0.000000e+00
2817	9.391207e+15	0.000000e+00	9.219216e-03	0.000000e+00
2818	9.393104e+15	0.000000e+00	2.238765e-02	0.000000e+00
2819	9.394489e+15	0.000000e+00	7.396151e-03	0.000000e+00
2820	9.396151e+15	0.000000e+00	7.185709e-03	0.000000e+00
2821	9.398146e+15	0.000000e+00	6.895497e-03	0.000000e+00
2822	9.400540e+15	0.000000e+00	1.219875e-02	0.000000e+00
2823	9.402853e+15	0.000000e+00	1.258287e-02	0.000000e+00
2824	9.405018e+15	0.000000e+00	1.425422e-02	0.000000e+00
2825	9.406993e+15	0.000000e+00	3.057515e-02	0.000000e+00
2826	9.408362e+15	0.000000e+00	1.308935e-02	6.050433e+15
2827	9.409841e+15	0.000000e+00	9.638066e-03	0.000000e+00
2828	9.411581e+15	0.000000e+00	1.022937e-02	0.000000e+00
2829	9.413669e+15	0.000000e+00	3.705122e-02	0.000000e+00
2830	9.415208e+15	0.000000e+00	1.222330e-02	0.000000e+00
2831	9.416946e+15	0.000000e+00	9.198756e-03	0.000000e+00
2832	9.419031e+15	0.000000e+00	2.537986e-02	0.000000e+00
2833	9.420809e+15	0.000000e+00	1.696420e-02	0.000000e+00
2834	9.422571e+15	0.000000e+00	9.190720e-03	0.000000e+00
2835	9.424624e+15	0.000000e+00	7.467800e-03	0.000000e+00
2836	9.427087e+15	0.000000e+00	2.706253e-02	0.000000e+00
2837	9.429007e+15	0.000000e+00	1.130867e-02	0.000000e+00
2838	9.431017e+15	0.000000e+00	2.220071e-02	0.000000e+00
2839	9.432666e+15	0.000000e+00	9.854109e-03	0.000000e+00
2840	9.434407e+15	0.000000e+00	4.717402e-03	0.000000e+00
2841	9.436495e+15	0.000000e+00	7.104124e-03	0.000000e+00
2842	9.438739e+15	0.000000e+00	1.923986e-02	5.904706e+15
2843	9.440453e+15	0.000000e+00	3.717748e-03	0.000000e+00
2844	9.442365e+15	0.000000e+00	1.461738e-03	0.000000e+00
2845	9.444660e+15	0.000000e+00	7.445306e-03	0.000000e+00
2846	9.446733e+15	0.000000e+00	9.380769e-03	0.000000e+00
2847	9.448399e+15	0.000000e+00	4.854808e-03	0.000000e+00
2848	9.449867e+15	0.000000e+00	0.000000e+00	0.000000e+00
2849	9.451628e+15	0.000000e+00	3.596306e-03	0.000000e+00
